D_VAR,T,value
0,0,32823.96644929566
0,1,28284.9685474152
0,2,25568.217651947405
0,3,24162.329301795886
0,4,23542.330863707608
0,5,23723.364314278642
0,6,26367.391068630146
0,7,32263.682848487657
0,8,40965.901711935054
0,9,49022.83473171121
0,10,55989.36263604859
0,11,63838.81706302961
0,12,62569.876770824376
0,13,57913.94746818797
0,14,54760.63845874637
0,15,53838.105156273945
0,16,56616.65056706887
0,17,65287.5546081358
0,18,68301.23588178001
0,19,64506.835836780396
0,20,57601.17971093673
0,21,50724.01793733501
0,22,44761.449889676325
0,23,36054.05167809761
0,24,28146.34481801464
0,25,24194.959195024025
0,26,22906.79438122498
0,27,22704.98260462072
0,28,23699.56977962769
0,29,26972.734998181786
0,30,34885.65167314992
0,31,37924.56109874823
0,32,35654.42462967494
0,33,34431.012383325186
0,34,34754.44957159373
0,35,38117.43332177914
0,36,39814.39230762249
0,37,39469.03530658907
0,38,38543.005537941
0,39,39820.19874929642
0,40,45486.19924090307
0,41,56827.1332815178
0,42,63170.6615128119
0,43,62545.19806593672
0,44,57073.06506567022
0,45,50953.81758213065
0,46,45057.89140331775
0,47,36173.90951186332
0,48,31000.187519024938
0,49,26262.183225149263
0,50,24005.959648204505
0,51,23076.97244441282
0,52,23047.26329884259
0,53,23444.754365107434
0,54,27540.95487146714
0,55,35251.465250608264
0,56,43449.14073756359
0,57,48491.74800905757
0,58,52356.74778016783
0,59,57588.73177466613
0,60,57411.25929660296
0,61,55025.674784825045
0,62,53602.67316648261
0,63,53563.670124266755
0,64,56869.712327004076
0,65,64514.211621330025
0,66,67036.98779339142
0,67,63192.12035883479
0,68,56468.11422917065
0,69,50954.095677890844
0,70,46838.11525844975
0,71,39059.73394891778
0,72,32995.041459379936
0,73,28432.61766344996
0,74,25701.68962961596
0,75,24288.452898709977
0,76,23665.22711953397
0,77,23847.199532155977
0,78,26505.027536987975
0,79,32432.076697019966
0,80,41179.98796911995
0,81,49278.629480079944
0,82,56281.532967659914
0,83,64171.88361583989
0,84,62896.5214077199
0,85,58216.53373535987
0,86,55046.426094659764
0,87,54084.65556144458
0,88,56880.37277474513
0,89,65568.41467139678
0,90,68594.067982775
0,91,64782.981760639246
0,92,57846.920610016285
0,93,50940.107542959166
0,94,44951.25776531726
0,95,36206.994781743975
0,96,28256.3602656774
0,97,24289.558465307287
0,98,22996.336170391645
0,99,22793.762724944518
0,100,23792.219177673218
0,101,27078.180432787365
0,102,35022.142729790496
0,103,38065.52043432572
0,104,35786.99237465815
0,105,34558.94463550837
0,106,34883.31736422726
0,107,38258.31661956426
0,108,39961.197301505425
0,109,39613.98142287749
0,110,38684.41750921472
0,111,39965.76593148732
0,112,45655.23313568329
0,113,57038.12702339288
0,114,63406.734032781176
0,115,62778.74809847899
0,116,57286.33244242689
0,117,51153.07015142279
0,118,45233.98923978697
0,119,36314.237754818685
0,120,28287.070753421503
0,121,24315.942674023947
0,122,23021.31890843745
0,123,22818.501728960615
0,124,23818.05498482303
0,125,27107.58085012177
0,126,35060.226171933355
0,127,38111.322867113166
0,128,35830.382399787806
0,129,34600.6606227322
0,130,34925.37784203893
0,131,38305.19008933721
0,132,40010.58037559653
0,133,39663.149359557414
0,134,38732.95567169523
0,135,40014.23887931692
0,136,45710.49779210855
0,137,57106.975583781
0,138,63482.039475760816
0,139,62853.31766385135
0,140,57354.198785052096
0,141,51208.51964318301
0,142,45283.34538080431
0,143,36353.539867110274
0,144,28314.856432809054
0,145,24339.798142182335
0,146,23043.925239693548
0,147,22840.925259694435
0,148,23841.45345167572
0,149,27134.20879286818
0,150,35094.653603630795
0,151,38155.648349317715
0,152,35867.973430643855
0,153,34637.249955730265
0,154,34962.29499229782
0,155,38344.956741169226
0,156,40052.9277128255
0,157,39705.13603725281
0,158,38773.929675581756
0,159,40058.74156353536
0,160,45761.68925304081
0,161,57171.9158364962
0,162,63549.05117651047
0,163,62920.24443853991
0,164,57414.59737480877
0,165,51259.28473171174
0,166,45328.697861146466
0,167,36390.22966745649
0,168,28342.115242426713
0,169,24363.251379664292
0,170,23066.112387999627
0,171,22862.91263380881
0,172,23864.408018498885
0,173,27160.33301629909
0,174,35125.425024889606
0,175,38189.161778403584
0,176,35903.545914748414
0,177,34671.4703945376
0,178,34996.85532420753
0,179,38382.93033202723
0,180,40091.201212794294
0,181,39742.96621783856
0,182,38810.378886640414
0,183,40095.14819468956
0,184,45803.00580973079
0,185,57222.98631905597
0,186,63605.06271723504
0,187,62974.715377735716
0,188,57464.84297244843
0,189,51303.88058230921
0,190,45367.433621056116
0,191,36421.17606035627
0,192,28361.805700282963
0,193,24380.16659085393
0,194,23082.161015605136
0,195,22878.795434561434
0,196,23880.99929799701
0,197,27179.208188104356
0,198,35152.84510322531
0,199,38219.019197043606
0,200,35930.712339872494
0,201,34698.0823540377
0,202,35023.97073501334
0,203,38412.78775066736
0,204,40122.58196912015
0,205,39773.73763909013
0,206,38840.540972817704
0,207,40127.1519821773
0,208,45839.36363609235
0,209,57268.35695697957
0,210,63655.71187320599
0,211,63024.440736243385
0,212,57509.95831393489
0,213,51343.79202967515
0,214,45402.77505536505
0,215,36451.06173948458
0,216,31214.852465725937
0,217,26444.038838517976
0,218,24172.20346280129
0,219,23236.782609066315
0,220,23205.241752624093
0,221,23607.09583749519
0,222,27731.654520144886
0,223,35495.40137506351
0,224,43745.07898576371
0,225,48821.44948965897
0,226,52712.35860652649
0,227,57979.14632113683
0,228,57800.30647683326
0,229,55398.61228152619
0,230,53965.76085433739
0,231,53926.45874204579
0,232,57260.13093347672
0,233,64957.251591885666
0,234,67497.26484905617
0,235,63616.71442845156
0,236,56847.001753109296
0,237,51295.65455880634
0,238,47151.87138610922
0,239,39321.00167889399
0,240,33167.32676365713
0,241,28580.92259299702
0,242,25835.746216313673
0,243,24415.142424118083
0,244,23788.654567488644
0,245,23971.60742354368
0,246,26643.267523514154
0,247,32601.254479643347
0,248,41394.56893669684
0,249,49535.59019672478
0,250,56575.23830997673
0,251,64506.64830444953
0,252,63224.60730814712
0,253,58519.9311995677
0,254,55333.718096114484
0,255,54401.43543245347
0,256,57213.212132756504
0,257,65974.84116594703
0,258,69019.07919709105
0,259,65184.53357459529
0,260,58207.72921815509
0,261,51258.47385204087
0,262,45232.280259854946
0,263,36433.6205533356
0,264,28414.176358867873
0,265,24425.20184823395
0,266,23124.753987667977
0,267,22921.03340669928
0,268,23925.07178302005
0,269,27229.391574185425
0,270,35217.82218083336
0,271,38285.74138767827
0,272,35994.33684081736
0,273,34758.909977697986
0,274,35085.20890997933
0,275,38479.81460883907
0,276,40192.65550266331
0,277,39843.50650509615
0,278,38908.481833600854
0,279,40197.22551572046
0,280,45919.49119836127
0,281,57368.28790916289
0,282,63766.915524263684
0,283,63136.54118703837
0,284,57612.690875750464
0,285,51436.103433437005
0,286,45484.86392326656
0,287,36515.8861859356
0,288,28424.646884534253
0,289,24434.427661834045
0,290,23133.71469858157
0,291,22930.021975556316
0,292,23932.12251072981
0,293,27237.399687698886
0,294,35228.09798489991
0,295,38297.170745433184
0,296,36005.061634293976
0,297,34769.44300659853
0,298,35095.71212648557
0,299,38491.53087474037
0,300,40205.66958626001
0,301,39856.653138873684
0,302,38921.77887804505
0,303,40209.394149290245
0,304,45933.26949341492
0,305,57385.58977718094
0,306,63791.276140531314
0,307,63159.40845519823
0,308,57633.043998941124
0,309,51454.76574681553
0,310,45501.269009510754
0,311,36529.19970520973
0,312,28458.753134811952
0,313,24463.53311001597
0,314,23161.059543621985
0,315,22957.007689615984
0,316,23962.628655965982
0,317,27272.105146285972
0,318,35272.82250491991
0,319,38316.781052926905
0,320,36023.2771365733
0,321,34787.38978052587
0,322,35114.329726453194
0,323,38512.152364171874
0,324,40226.484444602705
0,325,39877.302816793475
0,326,38939.89989296195
0,327,40229.710186295815
0,328,45956.614146421474
0,329,57414.99262051168
0,330,63818.64325238194
0,331,63191.386694771594
0,332,57662.487344924804
0,333,51480.45231446915
0,334,45558.06062807993
0,335,36574.411673799994
0,336,28464.669449215995
0,337,24468.595523371998
0,338,23165.877985249997
0,339,22961.795634778
0,340,23967.599579923997
0,341,27277.777488961983
0,342,35255.8772999674
0,343,38320.16881937558
0,344,36026.63159975468
0,345,34790.62666230145
0,346,35117.569140392654
0,347,38515.65136522845
0,348,40230.44178587178
0,349,39881.04018396216
0,350,38943.51860037266
0,351,40233.480952640624
0,352,45960.92598341286
0,353,57420.08139047739
0,354,63824.19302124672
0,355,63191.70321413624
0,356,57664.48632798233
0,357,51482.41509102224
0,358,45525.69168068169
0,359,36548.48775144745
0,360,28443.09212783853
0,361,24450.034674061626
0,362,23148.157273745062
0,363,22944.37321600543
0,364,23949.417093249212
0,365,27254.430603025256
0,366,35250.03404757429
0,367,38324.73883243266
0,368,36030.54555887151
0,369,34793.912085820266
0,370,35120.512500481746
0,371,38518.74106870399
0,372,40233.480952640595
0,373,39884.0272875363
0,374,38947.70877751306
0,375,40237.65854959943
0,376,45965.961717943734
0,377,57426.22402942336
0,378,63831.80970967518
0,379,63199.01523502697
0,380,57668.99476832417
0,381,51487.54847020758
0,382,45530.33526571316
0,383,36552.38979502298
0,384,31281.37461415358
0,385,26500.38057317622
0,386,24223.66882089952
0,387,23286.283541663255
0,388,23254.678882967684
0,389,23657.151404770506
0,390,27790.22640609259
0,391,35566.888286204194
0,392,43837.697917055506
0,393,48924.731784750824
0,394,52824.171592658386
0,395,58101.92733860593
0,396,57922.47815922803
0,397,55515.90928332665
0,398,54080.011180766414
0,399,54040.70906847482
0,400,57381.388613260046
0,401,65094.65665113755
0,402,67640.15392397676
0,403,63751.37747986926
0,404,56967.34543028123
0,405,51406.37698179983
0,406,47254.038880659806
0,407,39406.403024482606
0,408,33218.55775628717
0,409,28625.793365392994
0,410,25876.310970819606
0,411,24453.473560673057
0,412,23826.013749825528
0,413,24009.22726134042
0,414,26685.095179975015
0,415,32652.40769662811
0,416,41455.8071116631
0,417,49608.7104056394
0,418,56658.71721515426
0,419,64602.009243575674
0,420,63318.14024205034
0,421,58606.45678011658
0,422,55415.36899606909
0,423,54481.86766225951
0,424,57297.60504054542
0,425,66069.71841206345
0,426,69119.10024826556
0,427,65279.52886556694
0,428,58290.86206749191
0,429,51331.605328189326
0,430,45296.750752438675
0,431,36485.15624315655
0,432,28435.504777518123
0,433,24443.5374385799
0,434,23142.1195869151
0,435,22938.26653781197
0,436,23943.060075313268
0,437,27249.830123214364
0,438,35244.24536436855
0,439,38306.74409737296
0,440,36013.90099709525
0,441,34777.93429931008
0,442,35104.43905535387
0,443,38501.06315927212
0,444,40214.60397783778
0,445,39865.25607188424
0,446,38929.60065157964
0,447,40219.17260781979
0,448,45944.57970120709
0,449,57399.657942631544
0,450,63801.83142401267
0,451,63173.14745879002
0,452,57646.06552377894
0,453,51466.0831824727
0,454,45511.66052477767
0,455,36539.27455057405
0,456,28425.196576918956
0,457,24434.65743697821
0,458,23133.721815744993
0,459,22929.927049059974
0,460,23934.37022423262
0,461,27239.95789497867
0,462,35231.2106818961
0,463,38297.911412741254
0,464,36005.67746312783
0,465,34770.01534067477
0,466,35096.52009671858
0,467,38494.15036874601
0,468,40207.96105273166
0,469,39859.07141398381
0,470,38924.11531373119
0,471,40210.03534785605
0,472,45934.224139914746
0,473,57386.86577868219
0,474,63787.211808070584
0,475,63163.99949529121
0,476,57637.63687879686
0,477,51465.65904453182
0,478,45510.62736351381
0,479,36536.035721859604
0,480,28420.301867414626
0,481,24430.436734482704
0,482,23129.750084907053
0,483,22925.98843606506
0,484,23930.2335719995
0,485,27235.267014938876
0,486,35225.355977065614
0,487,38296.734078824906
0,488,36004.54555101073
0,489,34769.196441174165
0,490,35095.83467064267
0,491,38492.001310324806
0,492,40205.14687168621
0,493,39855.99787411904
0,494,38920.6685350866
0,495,40206.043112577936
0,496,45928.833203539005
0,497,57380.044941658234
0,498,63783.19657163163
0,499,63151.39203517567
0,500,57626.19198438951
0,501,51448.29595777872
0,502,45496.612656805184
0,503,36524.76302298527
0,504,28409.21196906258
0,505,24420.900640570107
0,506,23120.701459053867
0,507,22917.03121047303
0,508,23920.880278609176
0,509,27224.63411789255
0,510,35211.64593789413
0,511,38271.4133588459
0,512,35977.28144765365
0,513,34742.639992778306
0,514,35068.8119212863
0,515,38462.096353999914
0,516,40173.9660179995
0,517,39824.95291802769
0,518,38890.29218171447
0,519,40178.5342522923
0,520,45898.26813586748
0,521,57341.695039404854
0,522,63737.223049365915
0,523,63108.305545909
0,524,57587.01502052037
0,525,51413.48630680132
0,526,45464.873553101716
0,527,36499.85601595579
0,528,28387.958293553645
0,529,24403.244485466617
0,530,23103.983148127463
0,531,22900.455760278153
0,532,23903.594190602795
0,533,27204.92903936597
0,534,35184.237792372085
0,535,38248.862360678264
0,536,35959.62554101809
0,537,34725.62426480909
0,538,35051.48343695709
0,539,38442.85515755515
0,540,40156.250808214834
0,541,39807.75408463655
0,542,38874.17202231705
0,543,40162.397033822715
0,544,45875.48969535294
0,545,57313.14663774709
0,546,63705.46815493042
0,547,63081.20618819211
0,548,57563.95802132106
0,549,51392.70012548693
0,550,45446.68729172834
0,551,36485.2906727803
0,552,31212.5798453403
0,553,26441.8518147081
0,554,24169.97645697815
0,555,23234.433850669717
0,556,23202.687493299298
0,557,23604.300240762674
0,558,27728.09722302313
0,559,35486.87564175344
0,560,43739.12024866782
0,561,48814.6360445924
0,562,52705.68906142571
0,563,57972.57843899551
0,564,57794.0573967636
0,565,55397.08894384019
0,566,53961.2280385044
0,567,53922.47858180881
0,568,57253.07150719866
0,569,64948.38504333078
0,570,67488.12306569653
0,571,63611.06974080454
0,572,56842.65053165694
0,573,51292.1000501386
0,574,47148.95472562559
0,575,39319.783008745355
0,576,33126.196646142635
0,577,28545.520225180866
0,578,25803.756124913525
0,579,24384.919404433374
0,580,23759.193216646792
0,581,23941.902338672116
0,582,26610.27202924143
0,583,32560.73369720317
0,584,41343.384790456614
0,585,49474.35202175878
0,586,56505.16477643355
0,587,64426.82540971767
0,588,63146.30775110098
0,589,58447.72499326445
0,590,55265.16790025699
0,591,54328.21628530212
0,592,57136.032688339925
0,593,65886.05010664268
0,594,68926.30265110743
0,595,65096.74205627113
0,596,58129.4667590748
0,597,51189.517366976914
0,598,45171.606953162656
0,599,36384.849290284175
0,600,28342.489778427996
0,601,24363.562210079563
0,602,23066.409703934773
0,603,22863.196456659654
0,604,23864.699584759794
0,605,27160.684401845985
0,606,35118.14494533217
0,607,38181.25906053524
0,608,35896.03034356083
0,609,34664.327700425485
0,610,34989.61415514075
0,611,38374.96897177019
0,612,40083.02743435758
0,613,39737.536853665086
0,614,38802.2881627492
0,615,40087.59606433946
0,616,45794.42406246682
0,617,57212.039538039244
0,618,63592.89274617123
0,619,62971.48019167981
0,620,57462.1742772314
0,621,51301.753157932406
0,622,45372.00363411325
0,623,36424.832070802004
0,624,28320.401381985077
0,625,24344.5814225155
0,626,23048.434319243286
0,627,22845.403872490446
0,628,23846.114864994015
0,629,27139.540474768197
0,630,35101.35628944796
0,631,38163.265037746314
0,632,35878.10676720909
0,633,34647.31319385812
0,634,34972.73138678959
0,635,38356.72892383285
0,636,40063.78113445134
0,637,39715.85080703275
0,638,38783.8728109089
0,639,40068.351147508474
0,640,45772.336777920624
0,641,57184.57338426493
0,642,63562.78827437704
0,643,62932.43114002586
0,644,57425.87007368313
0,645,51268.84381553767
0,646,45336.662199804756
0,647,36400.75440519512
0,648,28299.790830514772
0,649,24327.089489681533
0,650,23032.435680704577
0,651,22829.52539078837
0,652,23829.57236552337
0,653,27120.686462638707
0,654,35077.06129060744
0,655,38130.66561127198
0,656,35848.40109052535
0,657,34618.153575537406
0,658,34942.92917013303
0,659,38324.12949735844
0,660,40029.65837029122
0,661,39682.0327104103
0,662,38759.80719810725
0,663,40043.967424699724
0,664,45744.46478508291
0,665,57145.07904186775
0,666,63525.374198177844
0,667,62895.90193901367
0,668,57392.81488163936
0,669,51274.92814443968
0,670,45342.1456487998
0,671,36400.88678225987
0,672,28297.60980846791
0,673,24324.987664977918
0,674,23029.894243355924
0,675,22827.031751523926
0,676,23826.94987873192
0,677,27117.701538927908
0,678,35051.50280468029
0,679,38108.6955619993
0,680,35827.763392148285
0,681,34598.3031605637
0,682,34922.887976289436
0,683,38301.922579060476
0,684,40008.04265212687
0,685,39660.51758195761
0,686,38729.9280860301
0,687,40011.4026085515
0,688,45707.02799472994
0,689,57103.15515868901
0,690,63472.027359835076
0,691,62847.081751796235
0,692,57348.26889673306
0,693,51199.86581975145
0,694,45275.72698866954
0,695,36367.03570499986
0,696,28269.370080951972
0,697,24300.742974507986
0,698,23006.930404457988
0,699,22804.250891421987
0,700,23803.162635251985
0,701,27090.65117358598
0,702,35038.30468137988
0,703,38075.645498818834
0,704,35795.90520608342
0,705,34568.475414311644
0,706,34893.272818488585
0,707,38269.63189534172
0,708,39973.15697178749
0,709,39625.84315293673
0,710,38696.30865395875
0,711,39957.452163988084
0,712,45645.595082468724
0,713,57026.146264950075
0,714,63386.38577037066
0,715,62757.85664124241
0,716,57297.6395889505
0,717,51154.55778091882
0,718,45254.925756039964
0,719,36330.744910459995
0,720,31057.296009739995
0,721,26310.429587442
0,722,24049.848548725997
0,723,23118.974420542
0,724,23087.380081765998
0,725,23486.975275763998
0,726,27590.305272529993
0,727,35314.297698679984
0,728,43511.14413198935
0,729,48560.200149211196
0,730,52430.37078914789
0,731,57669.0484005439
0,732,57493.0253125116
0,733,55104.38024204648
0,734,53677.23947109688
0,735,53637.91280606709
0,736,56953.85184116683
0,737,64609.74749148038
0,738,67136.64235516386
0,739,63276.73592585773
0,740,56543.48595396018
0,741,51022.015109385036
0,742,46900.43670608019
0,743,39124.221196059945
0,744,32539.42425733999
0,745,27997.21961836799
0,746,25841.058479235995
0,747,24953.062382247997
0,748,24719.64243148399
0,749,25260.588745391986
0,750,28522.94819574199
0,751,36279.20588291998
0,752,46925.82712817995
0,753,54522.80177343993
0,754,60533.35025737991
0,755,67141.3245102599
0,756,63399.40813205991
0,757,56896.951651539915
0,758,53056.226723499916
0,759,51262.42459337992
0,760,52347.79381831991
0,761,60387.5771498999
0,762,69017.16213391989
0,763,66274.91991119989
0,764,58861.83895591994
0,765,51451.80764723998
0,766,44920.989453339986
0,767,36195.950530739996
0,768,28513.951738271993
0,769,24779.049547251998
0,770,23688.221454897997
0,771,23589.504394455995
0,772,24743.734639623995
0,773,28184.77288426799
0,774,36407.920290693895
0,775,38711.9712721429
0,776,36037.59963109183
0,777,34495.67722560545
0,778,34207.15706792994
0,779,37272.053664984756
0,780,38301.21056864769
0,781,37470.390297395796
0,782,36237.10813456937
0,783,37148.96918035482
0,784,41149.824259958696
0,785,51066.04655138018
0,786,62589.06976344064
0,787,63553.942443695465
0,788,57913.03346557654
0,789,51360.54874421804
0,790,45110.29421970651
0,791,36387.40464250235
0,792,28450.431778513284
0,793,24724.08367631619
0,794,23635.87965278716
0,795,23537.625753935583
0,796,24689.519900151106
0,797,28121.42301347639
0,798,36334.65047980736
0,799,38662.615131125545
0,800,35991.59483298307
0,801,34451.500432719564
0,802,34163.58961011837
0,803,37224.88902334245
0,804,38252.837293666715
0,805,37423.227590023285
0,806,36191.15206981248
0,807,37101.803338336234
0,808,41097.822755518464
0,809,51001.34571792512
0,810,62509.85726600698
0,811,63473.52068599382
0,812,57839.30392158767
0,813,51295.04522373204
0,814,45052.712055186246
0,815,36340.74383055026
0,816,28412.015047860645
0,817,24690.701191019714
0,818,23603.971817129193
0,819,23505.84259977215
0,820,24656.204625598028
0,821,28085.32292044106
0,822,36286.208341401485
0,823,38610.82164981105
0,824,35943.4573621143
0,825,34405.4956346108
0,826,34117.88947954676
0,827,37175.228214787974
0,828,38201.34847988938
0,829,37373.31831239919
0,830,36142.709931406636
0,831,37052.14252978175
0,832,41042.677931295395
0,833,50933.10018960484
0,834,62426.07369329236
0,835,63388.51844313072
0,836,57763.81172461563
0,837,51228.615020177225
0,838,44994.930834285355
0,839,36295.34922942753
0,840,28374.419430585665
0,841,24657.772013144142
0,842,23572.29365829328
0,843,23474.059771527267
0,844,24622.64060140679
0,845,28044.250726317958
0,846,36235.02419516121
0,847,38555.064044792576
0,848,35891.821893421664
0,849,34356.38002063344
0,850,34069.72441263907
0,851,37122.82539839917
0,852,38147.726993351986
0,853,37320.55463000571
0,854,36091.830452703485
0,855,37000.04438093009
0,856,40983.472818199276
0,857,50859.48927881272
0,858,62336.48730527888
0,859,63298.01004697135
0,860,57680.009612831185
0,861,51154.28882157146
0,862,44929.01703510573
0,863,36241.117545904126
0,864,28330.33289245291
0,865,24619.71229076798
0,866,23536.120410579017
0,867,23438.264768566074
0,868,24585.33560221422
0,869,28002.998741788353
0,870,36181.70737616101
0,871,38499.92266629054
0,872,35838.45119414896
0,873,34305.46490675644
0,874,34019.11966820655
0,875,37067.928405814186
0,876,38091.66816651746
0,877,37265.40980578262
0,878,36038.81830124041
0,879,36945.508891781275
0,880,40923.15103459181
0,881,50784.54403251255
0,882,62244.15964055695
0,883,63203.82437976579
0,884,57593.86790612016
0,885,51078.03467583562
0,886,44862.466660197744
0,887,36187.80072690388
0,888,31037.700679019734
0,889,26664.380983838233
0,890,24708.41539537301
0,891,24099.354521868197
0,892,24257.56837390714
0,893,24728.37111905594
0,894,29066.65404746587
0,895,37377.52745945165
0,896,45815.904235732254
0,897,49734.84276601703
0,898,52679.14984497777
0,899,56792.77093149765
0,900,55526.572647126726
0,901,52685.50609613765
0,902,50787.469106850105
0,903,50608.32459500922
0,904,52139.88830423268
0,905,59157.295687273116
0,906,66354.15224969141
0,907,63471.69268077095
0,908,56775.100214343285
0,909,51111.63536637132
0,910,46802.11305346798
0,911,39043.924952338944
0,912,32196.3174705649
0,913,27702.11658770451
0,914,25568.90399018097
0,915,24690.444813803126
0,916,24459.664726066083
0,917,24995.09230361642
0,918,28223.367661173903
0,919,35898.51646730053
0,920,46433.6240437333
0,921,53951.235586311326
0,922,59899.16663827363
0,923,66438.4003825588
0,924,62735.932898876206
0,925,56301.33758646578
0,926,52501.043774504134
0,927,50711.30222256399
0,928,51784.9506234598
0,929,59738.29668060697
0,930,68275.0810713851
0,931,65562.32132065391
0,932,58228.973701595016
0,933,50898.67275790758
0,934,44437.892965229505
0,935,35820.01031244971
0,936,28205.076106778804
0,937,24510.76668124383
0,938,23431.88518359708
0,939,23334.399814661418
0,940,24477.818568105216
0,941,27880.26695707836
0,942,36023.253862183556
0,943,38331.65264116422
0,944,35683.507547226654
0,945,34156.98089427549
0,946,33890.11273647989
0,947,36926.95082075992
0,948,37946.44767913992
0,949,37123.653026459935
0,950,35901.35466917993
0,951,36804.96495675992
0,952,40768.8956074399
0,953,50593.02716467988
0,954,62009.379211779866
0,955,62965.44342087985
0,956,57376.356097059885
0,957,50884.268414979946
0,958,44691.96099367998
0,959,36049.8724586
0,960,28173.641674177998
0,961,24483.294819983996
0,962,23405.488718612007
0,963,23307.961020344
0,964,24448.406862879998
0,965,27848.366367821996
0,966,35981.86533941998
0,967,38287.398169019936
0,968,35642.13470817994
0,969,34117.006443519946
0,970,33831.864486419945
0,971,36863.51817147995
0,972,37881.490206559945
0,973,37059.915412519964
0,974,35839.75180785996
0,975,36741.53230747996
0,976,40698.75373563993
0,977,50506.1122365799
0,978,61902.94654543988
0,979,62857.18096657988
0,980,57277.547547219896
0,981,50797.04852221992
0,982,44615.109899359944
0,983,35987.96463261999
0,984,28123.535980540004
0,985,24439.776363002
0,986,23363.891538988002
0,987,23266.516323050004
0,988,24404.949398830006
0,989,27798.870603504
0,990,35918.127725479986
0,991,38219.08608517998
0,992,35578.70205889997
0,993,34056.31847617998
0,994,33771.78644839999
0,995,36797.95076957999
0,996,37814.0930167
0,997,36993.7380813
0,998,35776.01419392
0,999,36676.26987023999
0,1000,40626.47711121997
0,1001,50416.452626539955
0,1002,61792.85430317995
0,1003,62745.56390101994
0,1004,57175.68935077996
0,1005,50706.474018199966
0,1006,44535.819087759985
0,1007,35923.92205401999
0,1008,28071.874967136
0,1009,24394.88556505
0,1010,23320.983011326
0,1011,23223.790774183995
0,1012,24360.119593810003
0,1013,27747.819519419994
0,1014,35851.950394259984
0,1015,38148.94421337997
0,1016,35513.43962165996
0,1017,33993.80072087996
0,1018,33709.878622419965
0,1019,36730.553579719955
0,1020,37744.56107421996
0,1021,36926.03592677996
0,1022,35710.44679201995
0,1023,36608.87268037995
0,1024,40551.76076951994
0,1025,50323.74336989992
0,1026,61679.40744965991
0,1027,62630.2872595399
0,1028,57070.78150773993
0,1029,50613.45979689994
0,1030,44454.08855887994
0,1031,35858.049687459956
0,1032,28018.719626897968
0,1033,24348.652922593978
0,1034,23276.79363209197
0,1035,23179.78437374597
0,1036,24313.97844075196
0,1037,27668.260518728217
0,1038,35749.3841409535
0,1039,38039.57001766582
0,1040,35411.50784226066
0,1041,33896.39618004298
0,1042,33613.05537049895
0,1043,36624.99864270569
0,1044,37636.19019848702
0,1045,36819.98586647879
0,1046,35608.0184037187
0,1047,36504.045630459506
0,1048,40435.475529767165
0,1049,50179.65737024745
0,1050,61502.32172067139
0,1051,62450.751763801025
0,1052,56907.02125792668
0,1053,50468.48219546006
0,1054,44326.689314171825
0,1055,35755.17282415926
0,1056,30653.819582218173
0,1057,26334.608841633537
0,1058,24405.213708671254
0,1059,23803.64992912221
0,1060,23959.898678629757
0,1061,24422.54584527192
0,1062,28707.207287143272
0,1063,36915.34680560404
0,1064,45249.52728418136
0,1065,49119.719008523054
0,1066,52027.46598302649
0,1067,56090.51225838044
0,1068,54839.85201840386
0,1069,52028.98932071224
0,1070,50159.24464525878
0,1071,49982.23280617805
0,1072,51495.211795635725
0,1073,58425.78893059007
0,1074,65533.682572162295
0,1075,62686.56443755055
0,1076,56072.84154122607
0,1077,50479.75489433439
0,1078,46223.24473289395
0,1079,38553.54415282812
0,1080,31787.461592354823
0,1081,27350.446850439625
0,1082,25244.289204953315
0,1083,24376.955403991808
0,1084,24149.09287322958
0,1085,24677.68320597428
0,1086,27864.94485759189
0,1087,35442.5046535094
0,1088,45843.95342166225
0,1089,53266.07115050311
0,1090,59175.037661739836
0,1091,65634.79908985992
0,1092,61977.05295781993
0,1093,55620.36958477995
0,1094,51865.94965551995
0,1095,50112.402860519935
0,1096,51143.95117803835
0,1097,58998.98130157993
0,1098,67430.06322294452
0,1099,64751.02921988173
0,1100,57508.90869047529
0,1101,50297.516409139855
0,1102,43913.08125203998
0,1103,35383.829641159995
0,1104,27850.379134578
0,1105,24202.361375192002
0,1106,23136.936839015994
0,1107,23040.507013523995
0,1108,24167.900368611998
0,1109,27528.85489353999
0,1110,35551.80654971743
0,1111,37829.385116340076
0,1112,35215.90028895461
0,1113,33709.19915742133
0,1114,33427.54998778008
0,1115,36422.84026297775
0,1116,37428.61022769568
0,1117,36619.259141440285
0,1118,35413.93019253408
0,1119,36303.29353320592
0,1120,40213.26822715396
0,1121,49903.84470834763
0,1122,61164.9736136803
0,1123,62108.08075501011
0,1124,56595.21418720111
0,1125,50213.95609229993
0,1126,44103.379199879986
0,1127,35575.04248297999
0,1128,27791.429465800004
0,1129,24151.157808778
0,1130,23087.990011086
0,1131,22991.773660855997
0,1132,24116.757795129997
0,1133,27470.57614701399
0,1134,35493.92188341977
0,1135,37752.85977323067
0,1136,35144.610068202834
0,1137,33641.1169002275
0,1138,33360.00446218031
0,1139,36349.47206988373
0,1140,37353.173322992225
0,1141,36543.32600703707
0,1142,35340.517729986444
0,1143,36229.90267614977
0,1144,40130.64702185356
0,1145,49801.53454432934
0,1146,61039.018050224746
0,1147,61982.60554964945
0,1148,56480.744400018244
0,1149,50090.48359233406
0,1150,43994.97678719869
0,1151,35499.71621195998
0,1152,27731.13795251799
0,1153,24098.764880189996
0,1154,23037.884317447995
0,1155,22941.881442479997
0,1156,24064.425859474
0,1157,27410.98605244999
0,1158,35416.76582443996
0,1159,37686.00785949996
0,1160,35082.219592419955
0,1161,33581.18353589995
0,1162,33300.61604869996
0,1163,36284.69524679995
0,1164,37286.50415489996
0,1165,36477.73787657996
0,1166,35276.78704549995
0,1167,36154.38141518736
0,1168,40048.29603777999
0,1169,49698.93598951407
0,1170,60913.60522514267
0,1171,61852.80461099644
0,1172,56362.37860983462
0,1173,49985.630393214866
0,1174,43914.60607533914
0,1175,35422.86511763997
0,1176,27669.535091197988
0,1177,24045.213085893993
0,1178,22986.711247499992
0,1179,22890.921847793994
0,1180,24010.96555457599
0,1181,27350.084609847974
0,1182,35329.450016558105
0,1183,37592.954425779375
0,1184,34995.90020194493
0,1185,33498.58471788166
0,1186,33218.55065355453
0,1187,36195.293301578204
0,1188,37194.81772924319
0,1189,36388.61305509976
0,1190,35190.67041143476
0,1191,36076.10943565404
0,1192,39961.47859231192
0,1193,49590.381487048035
0,1194,60780.4594540793
0,1195,61717.386858381185
0,1196,56239.12079899472
0,1197,49877.23778790037
0,1198,43807.70289225504
0,1199,35336.745262995246
0,1200,27600.86798137046
0,1201,23985.61356147475
0,1202,22929.73884239557
0,1203,22834.182637671518
0,1204,23951.43407663249
0,1205,27282.302624454824
0,1206,35223.52797184369
0,1207,37480.20041946931
0,1208,34890.831021281454
0,1209,33397.96008927528
0,1210,33118.884625251274
0,1211,36086.34643703499
0,1212,37112.21397118714
0,1213,36307.322652529976
0,1214,35112.08007805728
0,1215,35995.70583847107
0,1216,39872.31657618485
0,1217,49479.59645570213
0,1218,60644.82533548623
0,1219,61581.56343276513
0,1220,56115.19594091954
0,1221,49766.08551422252
0,1222,43717.29394031994
0,1223,35263.67356511999
0,1224,30221.174401417993
0,1225,25962.922357371994
0,1226,24058.418055672
0,1227,23465.383777836007
0,1228,23619.421427602
0,1229,24077.844304513994
0,1230,28302.001299572003
0,1231,36394.17755973999
0,1232,44610.840394119994
0,1233,48426.25325537999
0,1234,51293.22602404001
0,1235,55298.63186847999
0,1236,54065.6597481
0,1237,51294.75084734
0,1238,49451.5444423
0,1239,49276.79969211999
0,1240,50761.41607255989
0,1241,57593.21178180824
0,1242,64599.72826505347
0,1243,61793.607539551995
0,1244,55274.11829228007
0,1245,49760.555287415315
0,1246,45564.86048246164
0,1247,38009.27039909998
0,1248,31318.34575869999
0,1249,26946.585868201993
0,1250,24871.362349834
0,1251,24016.668393718002
0,1252,23792.031425162
0,1253,24312.667092714
0,1254,27452.583232073994
0,1255,34917.84364068
0,1256,45164.96118134
0,1257,52476.7938695
0,1258,58261.66850503999
0,1259,64621.706489339995
0,1260,61020.37881940001
0,1261,54761.89406688
0,1262,51065.41742302
0,1263,49338.7075181
0,1264,50383.211478599995
0,1265,58121.689726100005
0,1266,66427.40224119999
0,1267,63787.9331089
0,1268,56652.979923539984
0,1269,49521.07638478
0,1270,43235.144812859995
0,1271,34837.63793510001
0,1272,27410.559101926
0,1273,23820.149166814
0,1274,22771.55867987
0,1275,22676.653677677998
0,1276,23786.206600156
0,1277,27094.097274243995
0,1278,35004.146125103085
0,1279,37213.92099200528
0,1280,34642.83164604607
0,1281,33160.624077839944
0,1282,32883.68128657595
0,1283,35830.12103829669
0,1284,36819.37653140365
0,1285,36020.842916548936
0,1286,34835.076861984075
0,1287,35714.27023571226
0,1288,39561.032965035425
0,1289,49095.005294150025
0,1290,60173.65671632354
0,1291,61101.68722897995
0,1292,55726.19232179984
0,1293,49421.04797629997
0,1294,43406.839916439996
0,1295,35013.29757926
0,1296,27342.82645094
0,1297,23761.321483899996
0,1298,22715.292700099995
0,1299,22620.631669635994
0,1300,23727.470406639964
0,1301,27006.002352815573
0,1302,34886.870343298666
0,1303,37121.91139578775
0,1304,34557.22006810857
0,1305,33078.66851034817
0,1306,32802.33505415845
0,1307,35741.76745252489
0,1308,36728.58560533468
0,1309,35931.879995702824
0,1310,34749.16061650937
0,1311,35623.556448112984
0,1312,39459.9300758317
0,1313,48969.213245173865
0,1314,60018.895482316715
0,1315,60962.06517935341
0,1316,55551.17478884902
0,1317,49266.15324011283
0,1318,43299.49235611997
0,1319,34926.68761581999
0,1320,27273.995927178003
0,1321,23701.487417608005
0,1322,22658.11182635
0,1323,22563.694767614
0,1324,23667.727829746
0,1325,26959.119915727995
0,1326,34833.06346519987
0,1327,37042.61794745385
0,1328,34483.36188840425
0,1329,33008.106958265744
0,1330,32732.469541478004
0,1331,35667.13765751613
0,1332,36651.947872794444
0,1333,35857.02833040949
0,1334,34676.53623391528
0,1335,35549.1798879981
0,1336,39377.22460797952
0,1337,48845.82289263051
0,1338,59867.78038389321
0,1339,60790.61835390273
0,1340,55394.65160354328
0,1341,49127.03102941453
0,1342,43148.53994803557
0,1343,34805.25084529127
0,1344,27178.054760353876
0,1345,23618.352537331975
0,1346,22577.99718771922
0,1347,22483.885372915272
0,1348,23584.039849542653
0,1349,26863.785886899062
0,1350,34709.858504217766
0,1351,36933.626857832656
0,1352,34382.036234250656
0,1353,32910.79669738175
0,1354,32635.98657887777
0,1355,35560.185600387
0,1356,36542.12907260249
0,1357,35749.3841409535
0,1358,34572.75811250293
0,1359,35442.583931049376
0,1360,39259.763503928
0,1361,48720.604534864186
0,1362,59714.22794517242
0,1363,60634.933242422056
0,1364,55252.676531234116
0,1365,49000.898669036855
0,1366,43037.94563205223
0,1367,34716.9682353563
0,1368,27107.88893540802
0,1369,23557.37228072458
0,1370,22520.552080508944
0,1371,22426.91028675284
0,1372,23524.462050961396
0,1373,26796.15675480807
0,1374,34619.37224568598
0,1375,36837.35191609514
0,1376,34292.159310793184
0,1377,32824.88045190712
0,1378,32550.67966847742
0,1379,35467.566669095184
0,1380,36446.768133476384
0,1381,35656.15587458739
0,1382,34482.57652150825
0,1383,35350.26966729467
0,1384,39157.39521144749
0,1385,48593.25350433789
0,1386,59558.54283369177
0,1387,60476.50612310703
0,1388,55108.26411862779
0,1389,48873.24297097347
0,1390,42925.52331084603
0,1391,34624.8562613546
0,1392,29671.23660122571
0,1393,25490.634837399637
0,1394,23620.954439665766
0,1395,23038.869336907657
0,1396,23191.820923801282
0,1397,23640.529502912545
0,1398,27788.16281975017
0,1399,35733.671749817375
0,1400,43801.49439336025
0,1401,47548.215002418154
0,1402,50363.32147054799
0,1403,54297.69046642266
0,1404,53086.83541995809
0,1405,50366.14500974163
0,1406,48556.11024484014
0,1407,48384.82896215372
0,1408,49845.73331518943
0,1409,56554.48757623905
0,1410,63434.51102484083
0,1411,60678.661802405266
0,1412,54282.62258960457
0,1413,48868.15185011494
0,1414,44748.03960278143
0,1415,37323.369932159134
0,1416,30321.812739217985
0,1417,26297.31610706199
0,1418,24566.641661561996
0,1419,23754.124317924
0,1420,23580.538433452002
0,1421,24367.926689106
0,1422,26940.944021992
0,1423,34038.63052589999
0,1424,43540.10947286
0,1425,50604.61582176
0,1426,55960.710145339996
0,1427,61774.25145891999
0,1428,58531.56222914
0,1429,52626.2265529
0,1430,48579.04055004
0,1431,46626.35183205998
0,1432,46836.47248279998
0,1433,51945.453184746526
0,1434,59056.92603482329
0,1435,60212.807091295275
0,1436,55401.81797887514
0,1437,48534.123615952456
0,1438,42361.05661832497
0,1439,33462.940614422434
0,1440,26149.34513676895
0,1441,22953.493925249888
0,1442,21931.42757684575
0,1443,21937.1587330333
0,1444,23236.485004446826
0,1445,26803.489548856396
0,1446,33543.52755332639
0,1447,35034.47970861201
0,1448,32762.370328052253
0,1449,31612.96046485361
0,1450,31705.792515218378
0,1451,34734.159832618294
0,1452,36021.231184949946
0,1453,35557.556261478494
0,1454,34641.311767243926
0,1455,35450.50528701513
0,1456,38431.6771379703
0,1457,45225.153881209764
0,1458,55026.308551134505
0,1459,59189.285778673206
0,1460,54210.71355420124
0,1461,47893.12750398084
0,1462,41967.95324160206
0,1463,33107.00259130259
0,1464,26061.047860031755
0,1465,22875.992493219732
0,1466,21857.367049532102
0,1467,21863.094799230395
0,1468,23158.053699107746
0,1469,26712.97545601272
0,1470,33431.473518361054
0,1471,34917.641764550026
0,1472,32652.4078877299
0,1473,31506.88608415742
0,1474,31598.593614902053
0,1475,34616.93490538882
0,1476,35899.58523676555
0,1477,35437.40458291792
0,1478,34524.92530917129
0,1479,35351.79300498043
0,1480,38324.7388324327
0,1481,45097.54032241379
0,1482,54870.88788870555
0,1483,59022.71643069484
0,1484,54058.5387659832
0,1485,47759.52201748875
0,1486,41850.96090733871
0,1487,33014.99299508505
0,1488,25987.44018305772
0,1489,22811.37250859145
0,1490,21795.641406506675
0,1491,21801.338689451273
0,1492,23092.611112129183
0,1493,26637.50930706212
0,1494,33337.02658184639
0,1495,34818.92948251535
0,1496,32560.73369720316
0,1497,31418.230432912726
0,1498,31509.326026518822
0,1499,34519.13662596557
0,1500,35798.4356144337
0,1501,35337.16896319752
0,1502,34427.12702974803
0,1503,35251.86205279714
0,1504,38214.763881713625
0,1505,44970.194334798085
0,1506,54715.81825306824
0,1507,58855.476816995826
0,1508,53905.90332193079
0,1509,47624.555614788114
0,1510,41732.74990292678
0,1511,32921.76472871895
0,1512,25912.94897022598
0,1513,22745.99085512032
0,1514,21733.15409463842
0,1515,21738.85137758301
0,1516,23026.437323061473
0,1517,26561.190089007516
0,1518,33241.66564272027
0,1519,34717.97256182552
0,1520,32466.564333095357
0,1521,31327.74331939911
0,1522,31419.14443552417
0,1523,34420.11967639372
0,1524,35695.76265441613
0,1525,35236.01934086566
0,1526,34328.71941525048
0,1527,35150.7124304653
0,1528,38105.39256699159
0,1529,44841.325069818704
0,1530,54559.46890723648
0,1531,58687.87124577394
0,1532,53751.969364481825
0,1533,47488.52901465344
0,1534,41613.320228366305
0,1535,32827.31779220428
0,1536,25837.66562179767
0,1537,22679.908466313762
0,1538,21670.026980942162
0,1539,21675.693797133044
0,1540,22959.532331904633
0,1541,26484.017801848917
0,1542,33145.08603344559
0,1543,34618.15357553724
0,1544,32371.776569559388
0,1545,31236.020967092594
0,1546,31326.50364250373
0,1547,34319.174540787404
0,1548,35591.17334347594
0,1549,35133.30841225026
0,1550,34228.78846306716
0,1551,35048.64880552201
0,1552,37996.30722739136
0,1553,44712.7030837334
0,1554,54402.654102602035
0,1555,58518.71252941906
0,1556,53596.199131781585
0,1557,47352.75583503316
0,1558,41494.71234782958
0,1559,32734.1045865644
0,1560,28660.903721464303
0,1561,24780.040918961982
0,1562,23157.694248483804
0,1563,22583.99733089206
0,1564,22975.611646519545
0,1565,23744.57565947963
0,1566,27384.64469218211
0,1567,35444.93870217497
0,1568,42684.86845872888
0,1569,46172.36435860823
0,1570,48378.277042403424
0,1571,51841.07262272582
0,1572,50737.085612209485
0,1573,48143.036089569214
0,1574,46656.325456306935
0,1575,46052.37782869351
0,1576,46805.46439637639
0,1577,50821.28720347296
0,1578,57273.84097264819
0,1579,58636.61886629382
0,1580,53097.76304101379
0,1581,47528.135794482194
0,1582,43335.605815842006
0,1583,36044.60698444617
0,1584,29690.12569547793
0,1585,25749.713001612174
0,1586,24055.304832758487
0,1587,23259.93136685359
0,1588,23090.168861655184
0,1589,23861.38080229154
0,1590,26381.16013854343
0,1591,33331.5968292626
0,1592,42636.22383563506
0,1593,49554.35360973603
0,1594,54800.12717940729
0,1595,60493.285276806346
0,1596,57318.02385756241
0,1597,51535.15402973102
0,1598,47571.9426987545
0,1599,45659.65590601146
0,1600,45860.9950312296
0,1601,50887.40005903322
0,1602,57853.927963370574
0,1603,58986.07253139812
0,1604,54273.1703993158
0,1605,47545.1971765623
0,1606,41498.34398147115
0,1607,32779.20645042776
0,1608,25608.12860212375
0,1609,22478.612205022586
0,1610,21477.89881536449
0,1611,21483.730890974704
0,1612,22756.402346923544
0,1613,26249.940835242323
0,1614,32852.28806175989
0,1615,34309.52536041042
0,1616,32084.23366910979
0,1617,30958.487119362297
0,1618,31052.30149818769
0,1619,34018.59712120386
0,1620,35279.177151214
0,1621,34824.85642973827
0,1622,33928.098627388776
0,1623,34740.75681932423
0,1624,37657.21225855
0,1625,44313.89327761178
0,1626,53917.31871593147
0,1627,57996.51237075405
0,1628,53118.17576600247
0,1629,46927.94074630832
0,1630,41122.196158490115
0,1631,32447.234109186364
0,1632,25534.93906398206
0,1633,22414.159854762813
0,1634,21416.137052814414
0,1635,21421.713790913847
0,1636,22690.52836746113
0,1637,26173.70413120775
0,1638,32749.018235158284
0,1639,34204.41506009569
0,1640,31986.13072214937
0,1641,30863.735515310447
0,1642,30953.307771230822
0,1643,33910.106219214475
0,1644,35166.55514239681
0,1645,34713.819182200656
0,1646,33819.924628219815
0,1647,34629.73094194888
0,1648,37542.047929509485
0,1649,44178.31622358263
0,1650,53752.493578336485
0,1651,57819.195864136185
0,1652,52955.787968704804
0,1653,46802.35327231825
0,1654,41012.039523649146
0,1655,32372.303623659896
0,1656,25474.734929643986
0,1657,22361.320219237994
0,1658,21365.641100803994
0,1659,21371.22195408199
0,1660,22637.03876834399
0,1661,26112.01957964598
0,1662,32679.403036279884
0,1663,34115.21289547502
0,1664,31902.559949126666
0,1665,30783.278833409473
0,1666,30872.589663176677
0,1667,33821.67593620606
0,1668,35076.49164626722
0,1669,34624.733478387374
0,1670,33733.105515466574
0,1671,34539.51554064888
0,1672,37444.09880635397
0,1673,44063.15910804219
0,1674,53612.10233028554
0,1675,57668.834576006884
0,1676,52818.21138622839
0,1677,46685.5149760996
0,1678,40909.48431569997
0,1679,32272.275215179994
0,1680,25395.078160451998
0,1681,22291.391822699996
0,1682,21298.823343798
0,1683,21304.373700610002
0,1684,22566.225974292
0,1685,26030.350043697996
0,1686,32577.239875179974
0,1687,34025.21208085998
0,1688,31818.487801099975
0,1689,30702.01218083998
0,1690,30791.061861559996
0,1691,33732.1410426
0,1692,34982.191183940005
0,1693,34531.758381119995
0,1694,33642.481432559995
0,1695,34448.198064279975
0,1696,37330.94000319506
0,1697,43929.96055104954
0,1698,53450.02396348299
0,1699,57494.12275721137
0,1700,52657.72690597526
0,1701,46522.16523072507
0,1702,40766.719104630996
0,1703,32171.331912719972
0,1704,25314.78096547399
0,1705,22220.914489774
0,1706,21231.456650403998
0,1707,21237.007007216
0,1708,22494.894740318003
0,1709,25948.040081964005
0,1710,32474.161820099995
0,1711,33917.55955588
0,1712,31717.849463299997
0,1713,30605.033418960003
0,1714,30693.778135020006
0,1715,33625.708376259994
0,1716,34871.79397702001
0,1717,34422.581032840004
0,1718,33536.048766219996
0,1719,34339.32568066
0,1720,37227.341010859964
0,1721,43794.806880192235
0,1722,53285.83106405195
0,1723,57317.17643629109
0,1724,52496.0582377262
0,1725,46378.5794407363
0,1726,40640.93970989923
0,1727,32060.28511507355
0,1728,28063.758961446725
0,1729,24270.42948730384
0,1730,22681.25864404386
0,1731,22119.147782731874
0,1732,22502.518856817875
0,1733,23255.446105891864
0,1734,26820.30000249585
0,1735,34714.432212459826
0,1736,41804.55559279999
0,1737,45219.85482013999
0,1738,47379.614542259995
0,1739,50770.821561460005
0,1740,49690.02680642
0,1741,47149.36622396
0,1742,45693.46493712
0,1743,45101.83349671999
0,1744,45835.770315050235
0,1745,49731.79609064572
0,1746,56046.03079795743
0,1747,57379.560608037245
0,1748,51959.5251222434
0,1749,46509.02288273515
0,1750,42406.67449508963
0,1751,35271.66544271159
0,1752,29046.485056507765
0,1753,25210.241979072627
0,1754,23551.164972474304
0,1755,22772.291783662306
0,1756,22605.926712810535
0,1757,23360.81529102219
0,1758,25827.539789227503
0,1759,32632.041179202835
0,1760,41749.66195399957
0,1761,48523.23201725999
0,1762,53659.446820979996
0,1763,59233.59087646
0,1764,56124.47616776
0,1765,50461.892360879996
0,1766,46581.21706237999
0,1767,44708.73404997999
0,1768,44901.92718451052
0,1769,49823.442332035906
0,1770,56644.227528129304
0,1771,57752.87191672994
0,1772,53138.594426374206
0,1773,46551.428687183274
0,1774,40630.1616079761
0,1775,32093.045795151058
0,1776,25066.031922249254
0,1777,22003.11698927848
0,1778,21023.38268554142
0,1779,21028.871222302576
0,1780,22274.030193771592
0,1781,25693.300849606294
0,1782,32155.327171009794
0,1783,33584.81964137578
0,1784,31406.56071483309
0,1785,30309.55315988596
0,1786,30397.47447136399
0,1787,33301.22597801999
0,1788,34535.11299237999
0,1789,34090.47451809999
0,1790,33212.48126195999
0,1791,34002.67480870963
0,1792,36831.86790042654
0,1793,43342.917836733446
0,1794,52735.30370802222
0,1795,56725.744073324895
0,1796,51954.04110657477
0,1797,45899.68780844689
0,1798,40220.9895836177
0,1799,31728.991320799738
0,1800,24963.60492448492
0,1801,21912.664207523732
0,1802,20936.935953065986
0,1803,20942.419968734586
0,1804,22182.84337946314
0,1805,25588.081975369205
0,1806,32023.604829218097
0,1807,33447.011562755346
0,1808,31277.778698289232
0,1809,30180.396696249893
0,1810,30267.927679671404
0,1811,33159.10074015422
0,1812,34387.82491745645
0,1813,33945.142985986065
0,1814,33071.05182191958
0,1815,33862.88275095713
0,1816,36710.91488818032
0,1817,43199.60745943059
0,1818,52561.644905449764
0,1819,56538.43148434554
0,1820,51782.617610403686
0,1821,45748.12655331431
0,1822,40088.76387249712
0,1823,31624.4903555593
0,1824,24880.704887628
0,1825,21839.879132899998
0,1826,20867.410821089692
0,1827,20872.864370004576
0,1828,22109.17476898173
0,1829,25503.11019925975
0,1830,31917.275858754805
0,1831,33336.11257923497
0,1832,31173.887068123186
0,1833,30081.584843512992
0,1834,30196.838221549777
0,1835,33081.34645815977
0,1836,34307.30439135977
0,1837,33865.410599019764
0,1838,32993.21167141976
0,1839,33753.8729009697
0,1840,36588.74320578555
0,1841,43056.53035181795
0,1842,52387.072109180124
0,1843,56350.758111741576
0,1844,51611.290127287604
0,1845,45596.84827652563
0,1846,39955.624158765175
0,1847,31519.684722781727
0,1848,24797.347849465386
0,1849,21766.93863252616
0,1850,20797.889266058522
0,1851,20803.539831023867
0,1852,22035.110090702143
0,1853,25417.79572043803
0,1854,31810.33755321726
0,1855,33224.29959310307
0,1856,31069.690770419886
0,1857,29980.68195608824
0,1858,30067.945681622426
0,1859,32941.13992742702
0,1860,34162.051090751665
0,1861,33722.072123983795
0,1862,32853.692584310294
0,1863,33637.42877347051
0,1864,36466.26685585361
0,1865,42911.15451734526
0,1866,52210.55160990783
0,1867,56160.754162068966
0,1868,51437.230660940586
0,1869,45443.46198739853
0,1870,39821.570442421624
0,1871,31413.965087392713
0,1872,24713.564276750734
0,1873,21693.18171376511
0,1874,20727.233287249685
0,1875,20732.656369410844
0,1876,21960.649344623922
0,1877,25331.795643123576
0,1878,31702.15773351733
0,1879,33111.203453380396
0,1880,30963.973494639948
0,1881,29877.81418375027
0,1882,29964.783480212955
0,1883,32827.01312466713
0,1884,34043.550600483584
0,1885,33605.13401453321
0,1886,32739.573541506772
0,1887,33523.787782115716
0,1888,36343.18117084669
0,1889,42766.13705514956
0,1890,52034.154318707646
0,1891,55970.95189537176
0,1892,51263.57356890512
0,1893,45289.911046177214
0,1894,39687.21205854118
0,1895,31307.940784466566
0,1896,27399.208616676126
0,1897,23688.997816088806
0,1898,22137.874450980697
0,1899,21589.25961684543
0,1900,21964.288069699815
0,1901,22698.340852311103
0,1902,26177.765993511668
0,1903,33882.68614087153
0,1904,40803.209247100276
0,1905,44139.95919982275
0,1906,46248.84296077125
0,1907,49559.79468024799
0,1908,48504.73937369401
0,1909,46025.17245400477
0,1910,44604.413298258514
0,1911,44026.99509830497
0,1912,44754.02402975044
0,1913,48589.04624614327
0,1914,54758.460001344036
0,1915,56061.565469811314
0,1916,50765.96665114646
0,1917,45447.691460529444
0,1918,41439.07284552681
0,1919,34467.2103733729
0,1920,28378.316607184486
0,1921,24611.971875268842
0,1922,22992.367308505538
0,1923,22232.096620010914
0,1924,22069.803895617246
0,1925,22806.892276963095
0,1926,25215.267962246387
0,1927,31881.310521059902
0,1928,40780.789229179994
0,1929,47397.30249254001
0,1930,52414.27611420001
0,1931,57859.115153840015
0,1932,54821.97210489999
0,1933,49290.82806648
0,1934,45500.42230734
0,1935,43671.24427666
0,1936,43868.25144702
0,1937,48645.098976383
0,1938,55304.60702229997
0,1939,56387.14661220878
0,1940,51881.74606107656
0,1941,45451.06326626638
0,1942,39670.03512299675
0,1943,31334.889560305422
0,1944,24468.9564626016
0,1945,21478.58009619358
0,1946,20522.32570570515
0,1947,20527.810378228143
0,1948,21743.788184066092
0,1949,25081.78294010944
0,1950,31388.244564829194
0,1951,32783.17606665685
0,1952,30659.58033109889
0,1953,29600.266353657993
0,1954,29686.144401913996
0,1955,32521.736307059997
0,1956,33726.95664338001
0,1957,33292.68696754
0,1958,32435.126343620006
0,1959,33212.17629729999
0,1960,35986.48675657908
0,1961,42328.37493804362
0,1962,51501.60981391583
0,1963,55398.30761398908
0,1964,50738.41763336985
0,1965,44827.44051101401
0,1966,39281.730772974246
0,1967,30988.267878083898
0,1968,24376.251470693573
0,1969,21397.300919517387
0,1970,20444.71672867247
0,1971,20450.229387983134
0,1972,21661.675450453324
0,1973,24986.939863334508
0,1974,31268.458565322555
0,1975,32658.052737808823
0,1976,30544.00343442478
0,1977,29497.12730564599
0,1978,29582.669892776
0,1979,32408.5944182
0,1980,33609.545249279996
0,1981,33176.49543208001
0,1982,32322.28941942
0,1983,33096.289726499985
0,1984,35851.895841568024
0,1985,42180.915850065816
0,1986,51322.16063453789
0,1987,55205.14839543968
0,1988,50561.405794289065
0,1989,44680.03332924224
0,1990,39152.33964547556
0,1991,30886.43595677186
0,1992,24295.419172899277
0,1993,21326.273846817578
0,1994,20376.820391108846
0,1995,20382.295210384305
0,1996,21589.69161684329
0,1997,24904.04056143606
0,1998,31165.442666743886
0,1999,32553.36008472297
0,2000,30442.32900087654
0,2001,29393.59180357599
0,2002,29478.859922512
0,2003,32294.842600020005
0,2004,33491.523925860005
0,2005,33059.99893196
0,2006,32208.8425659
0,2007,32980.098191039986
0,2008,35731.92931915198
0,2009,42048.159440614145
0,2010,51160.732515387266
0,2011,55031.419764111924
0,2012,50402.44354886549
0,2013,44530.07172989968
0,2014,39021.261121629934
0,2015,30782.676597555524
0,2016,24213.255485505077
0,2017,21254.141199057787
0,2018,20307.866648190924
0,2019,20313.281290966414
0,2020,21516.55682079909
0,2021,24819.516313501437
0,2022,31059.93908181516
0,2023,32440.597552025087
0,2024,30339.04001664145
0,2025,29274.656295459245
0,2026,29374.714491121984
0,2027,32180.480852519984
0,2028,33373.19763777999
0,2029,32943.19746717999
0,2030,32095.090747719987
0,2031,32863.60169091823
0,2032,35610.370468690366
0,2033,41905.16833343613
0,2034,50986.61295037333
0,2035,54844.08556566354
0,2036,50230.96896670649
0,2037,44378.27866882537
0,2038,38887.9437033294
0,2039,30677.577885934545
0,2040,24130.04211355818
0,2041,21181.064358675074
0,2042,20238.037003029724
0,2043,20243.39785360018
0,2044,21442.520523787083
0,2045,24734.228665671195
0,2046,30955.166328519586
0,2047,32329.372608384117
0,2048,30234.483322932694
0,2049,29173.759833494172
0,2050,29270.264095071998
0,2051,32066.11910502
0,2052,33254.566385039994
0,2053,32826.09103774
0,2054,31980.72900022
0,2055,32746.80022613999
0,2056,35487.19132748027
0,2057,41753.49314493017
0,2058,50802.05943949491
0,2059,54645.57414204018
0,2060,50049.206044151004
0,2061,44216.57342338143
0,2062,38753.58660572358
0,2063,30571.36229200881
0,2064,26750.22609554839
0,2065,23127.952451461177
0,2066,21613.66947504012
0,2067,21078.10175423345
0,2068,21443.488969969534
0,2069,22161.055902299155
0,2070,25558.230918331927
0,2071,33080.92443014092
0,2072,39837.780841817475
0,2073,43106.14476167999
0,2074,45164.961181340004
0,2075,48397.891542
0,2076,47367.41595586001
0,2077,44945.691590799994
0,2078,43557.49245848
0,2079,42993.61280213999
0,2080,43703.87549527991
0,2081,47439.4075693854
0,2082,53462.51082536876
0,2083,54734.752670237074
0,2084,49564.68863829916
0,2085,44365.356641561986
0,2086,40451.985848192795
0,2087,33646.540334339756
0,2088,27697.861946274545
0,2089,24021.70657312542
0,2090,22440.83451743968
0,2091,21698.68694064605
0,2092,21540.204707471006
0,2093,22259.484315806385
0,2094,24609.935315480117
0,2095,31093.528511524317
0,2096,39773.13400052117
0,2097,46226.49109594493
0,2098,51119.45930157345
0,2099,56430.148995468364
0,2100,53468.27919460238
0,2101,48075.24124572302
0,2102,44378.318460853116
0,2103,42594.34359782019
0,2104,42785.436172106034
0,2105,47474.702170773286
0,2106,53974.12241092978
0,2107,55030.526542101754
0,2108,50633.74779383366
0,2109,44357.26108995493
0,2110,38715.23656238282
0,2111,30580.341381258255
0,2112,23875.90249728528
0,2113,20957.946627451143
0,2114,20024.784274483114
0,2115,20030.070718214112
0,2116,21216.482682051777
0,2117,24473.42585227875
0,2118,30628.966684323248
0,2119,31990.420443473035
0,2120,29915.554618172886
0,2121,28871.67528445199
0,2122,28955.418580087997
0,2123,31721.20407455999
0,2124,32896.84283886
0,2125,32473.24692612
0,2126,31636.72886374
0,2127,32394.566043839983
0,2128,35112.320683229605
0,2129,41286.716628547816
0,2130,50233.88819185908
0,2131,54034.615717731926
0,2132,49489.28073107886
0,2133,43722.22892047789
0,2134,38312.85679848409
0,2135,30223.811820292947
0,2136,23771.014317087986
0,2137,20865.826549896545
0,2138,19936.712428621853
0,2139,19941.922243507015
0,2140,21123.087818261047
0,2141,24365.664416085903
0,2142,30493.86912521749
0,2143,31849.334997971666
0,2144,29783.628162627312
0,2145,28739.94831054686
0,2146,28823.5740862385
0,2147,31577.206042187026
0,2148,32747.50105697984
0,2149,32326.54998099507
0,2150,31493.95472676345
0,2151,32248.54748514105
0,2152,34956.94387684165
0,2153,41136.21086519861
0,2154,50051.08766957256
0,2155,53837.80048873678
0,2156,49309.22221662667
0,2157,43563.19246608866
0,2158,38173.623734009234
0,2159,30113.826839383924
0,2160,25542.93024636446
0,2161,21881.984186533326
0,2162,20609.418350636068
0,2163,20656.01866511409
0,2164,22164.04475416413
0,2165,26358.647110314127
0,2166,32695.09208108373
0,2167,34563.31341885146
0,2168,32538.199236074583
0,2169,31659.471674786928
0,2170,31511.53109041353
0,2171,34011.92874387412
0,2172,35382.79019195104
0,2173,34483.00049286878
0,2174,32981.42120499967
0,2175,33418.36615199684
0,2176,36019.624246400344
0,2177,41966.73457145348
0,2178,48857.40025904196
0,2179,52250.787287753126
0,2180,53368.91714907204
0,2181,50057.790355389785
0,2182,42752.47214974817
0,2183,33291.32645127477
0,2184,25449.062178170345
0,2185,21801.582423480995
0,2186,20533.876270101227
0,2187,20580.32199708971
0,2188,22082.8145765234
0,2189,26261.76283350231
0,2190,32575.053071448965
0,2191,34436.26705586239
0,2192,32419.057682459556
0,2193,31543.365101926836
0,2194,31422.64367241999
0,2195,33916.034732579996
0,2196,35282.88633869999
0,2197,34385.98527364
0,2198,32888.303828380005
0,2199,33324.09832751998
0,2200,35892.25112278289
0,2201,41812.57279765858
0,2202,48677.95107966409
0,2203,52058.542071815195
0,2204,53172.711255151225
0,2205,49873.77116295476
0,2206,42595.56836811901
0,2207,33169.487474258014
0,2208,25355.829933530917
0,2209,21721.91582116791
0,2210,20458.845038586376
0,2211,20505.101323759816
0,2212,22002.095782612654
0,2213,26166.770092701
0,2214,32454.709394277128
0,2215,34309.22069287335
0,2216,32300.46181088292
0,2217,31428.07773174044
0,2218,31279.956362576202
0,2219,33763.171056922794
0,2220,35124.033874743945
0,2221,34230.91051625006
0,2222,32740.238571605845
0,2223,33174.15452605667
0,2224,35760.5861421932
0,2225,41660.99457027064
0,2226,48501.55967962352
0,2227,51870.19750640207
0,2228,52980.178295381294
0,2229,49692.89234086667
0,2230,42447.47473734131
0,2231,33053.72019530293
0,2232,28338.793093965618
0,2233,23950.50549018956
0,2234,22071.427902013515
0,2235,21577.292439664154
0,2236,22058.58059440053
0,2237,23302.172093894314
0,2238,26983.907012220534
0,2239,35344.62247964221
0,2240,42781.19045945158
0,2241,46204.89067194
0,2242,47979.78499314
0,2243,50918.729421560005
0,2244,49954.43116664001
0,2245,46965.472533980006
0,2246,44950.2660607
0,2247,43936.86849552
0,2248,44028.1280084129
0,2249,46965.41485337704
0,2250,50639.40068379792
0,2251,51148.80480590288
0,2252,51586.61205677897
0,2253,49215.38461518631
0,2254,43789.56044618673
0,2255,36099.142473594955
0,2256,29438.744510580014
0,2257,24961.47225172523
0,2258,22914.36519160217
0,2259,22112.072325660734
0,2260,22397.818332872153
0,2261,23606.544903120925
0,2262,26123.37724884919
0,2263,33618.59011136615
0,2264,43523.03145189997
0,2265,50382.60154928
0,2266,54820.14231693999
0,2267,59650.47756668
0,2268,56229.07904613999
0,2269,49553.40263874001
0,2270,45133.854786020005
0,2271,42573.066536000006
0,2272,42160.14438635995
0,2273,46272.29620637497
0,2274,51017.797764931034
0,2275,52203.259151958795
0,2276,52367.779622016606
0,2277,48926.255122436676
0,2278,41856.18443786728
0,2279,32888.20067262459
0,2280,25085.839199195474
0,2281,21490.480021642576
0,2282,20240.78848233005
0,2283,20286.451048777155
0,2284,21767.371313275093
0,2285,25887.527238592487
0,2286,32110.997576458605
0,2287,33945.92740311889
0,2288,31955.19773487273
0,2289,31105.48042602
0,2290,30958.487459899996
0,2291,33414.672831539996
0,2292,34761.39677010001
0,2293,33877.60918542
0,2294,32402.190160340004
0,2295,32831.58040162
0,2296,35391.45375765986
0,2297,41218.95719113488
0,2298,47986.86291400255
0,2299,51319.44907509394
0,2300,52417.81240645256
0,2301,49166.264449998074
0,2302,41991.46250829572
0,2303,32698.490130286624
0,2304,24994.193700484506
0,2305,21411.965372540326
0,2306,20166.827362448577
0,2307,20212.291801899108
0,2308,21687.78395232822
0,2309,25792.817272957884
0,2310,31993.547583932774
0,2311,33821.603799774486
0,2312,31838.28398722695
0,2313,30978.370799130385
0,2314,30842.29592443998
0,2315,33289.33235627999
0,2316,34630.871895619995
0,2317,33750.74388685999
0,2318,32280.814225659993
0,2319,32708.37467897984
0,2320,35224.137306917066
0,2321,41039.93592346109
0,2322,47778.57251001464
0,2323,51097.011324588355
0,2324,52190.463115398605
0,2325,48952.45653063092
0,2326,41808.61211967568
0,2327,32556.16368414602
0,2328,24884.90929964059
0,2329,21318.25784255556
0,2330,20078.504700408725
0,2331,20123.686896167226
0,2332,21592.64142650761
0,2333,25679.604103527305
0,2334,31852.991008417393
0,2335,33673.07487531637
0,2336,31699.720253180356
0,2337,30843.542618589952
0,2338,30726.104388979635
0,2339,33163.99188101962
0,2340,34500.65198579961
0,2341,33623.57362363961
0,2342,32159.13332631962
0,2343,32557.299558253213
0,2344,35091.60692825935
0,2345,40885.774149666155
0,2346,47598.818663099606
0,2347,50904.76610865043
0,2348,51993.95255394063
0,2349,48768.13267065874
0,2350,41651.09900297219
0,2351,32433.687334214083
0,2352,24790.949831185353
0,2353,21237.795145995817
0,2354,20002.896559378947
0,2355,20048.11851657586
0,2356,21511.75983338468
0,2357,25583.632400009043
0,2358,31732.647331245535
0,2359,33545.723844790205
0,2360,31580.557604996244
0,2361,30727.709243708596
0,2362,30583.751320173207
0,2363,33010.38991335923
0,2364,34340.714385716106
0,2365,33467.74608216538
0,2366,32010.05660077389
0,2367,32434.20036291785
0,2368,34959.07654960167
0,2369,40731.307708334076
0,2370,47419.06481618457
0,2371,50712.520892712455
0,2372,51797.746660019795
0,2373,48583.80881068653
0,2374,41493.89055380581
0,2375,32311.210984282145
0,2376,28889.03287331086
0,2377,24495.36138664812
0,2378,22477.51782138893
0,2379,21690.37877242339
0,2380,21970.55103958112
0,2381,23156.103826870018
0,2382,25624.763946841394
0,2383,32979.37035399277
0,2384,42672.2530730614
0,2385,49441.78557317999
0,2386,53796.37595332
0,2387,58536.441663699996
0,2388,55179.085721760006
0,2389,48628.139860300005
0,2390,44290.93246578
0,2391,41778.32863204
0,2392,41338.68972754851
0,2393,45408.25907103345
0,2394,50065.102376281255
0,2395,51228.62770063463
0,2396,51389.796827783866
0,2397,48012.55717854133
0,2398,41053.95063016971
0,2399,32257.894165281923
0,2400,27594.561441492937
0,2401,23321.32503226328
0,2402,21491.461337422006
0,2403,21010.178028995444
0,2404,21478.665300861947
0,2405,22689.414093472667
0,2406,26274.132335510356
0,2407,34416.89380452499
0,2408,41658.472752698275
0,2409,45001.80508823999
0,2410,46730.344781119995
0,2411,49592.743079880005
0,2412,48653.756891739984
0,2413,45742.56424738
0,2414,43779.811695619996
0,2415,42792.64109119999
0,2416,42873.48473319445
0,2417,45742.47935928053
0,2418,49320.79958303816
0,2419,49817.10300104593
0,2420,50243.33288551054
0,2421,47933.95295395814
0,2422,42649.49452219345
0,2423,35158.93845396819
0,2424,28669.855047089382
0,2425,24309.514188990222
0,2426,22306.964934095664
0,2427,21525.827835611857
0,2428,21803.836963255868
0,2429,22980.402058199023
0,2430,25432.024224478526
0,2431,32729.219640658117
0,2432,42348.36442603065
0,2433,49066.67904138
0,2434,53388.33323824
0,2435,58092.41311874
0,2436,54760.36924357999
0,2437,48259.13262169999
0,2438,43954.86141046
0,2439,41461.16538563994
0,2440,41025.1392518906
0,2441,45063.984754060584
0,2442,49685.486624999685
0,2443,50839.871923238745
0,2444,50999.8223802394
0,2445,47648.17480411698
0,2446,40742.27573967129
0,2447,32012.941465418095
0,2448,28560.509868008467
0,2449,24222.187425150965
0,2450,22227.00750312423
0,2451,21448.805157965173
0,2452,21726.0028299139
0,2453,22898.541470114298
0,2454,25339.937460066012
0,2455,32610.534050495233
0,2456,42194.86779699886
0,2457,48879.430740139935
0,2458,53184.61684535998
0,2459,57871.00877558
0,2460,54551.468451479996
0,2461,48075.23893171999
0,2462,43787.43581211999
0,2463,41303.19369175999
0,2464,40902.470128519286
0,2465,44906.80207046478
0,2466,49495.98341689609
0,2467,50646.10336961512
0,2468,50805.44449154149
0,2469,47466.59295197912
0,2470,40587.19996326501
0,2471,31902.88485889227
0,2472,24332.10336079424
0,2473,20844.817653743376
0,2474,19632.715480426457
0,2475,19677.023756471375
0,2476,21113.487068524566
0,2477,25109.87514896978
0,2478,31146.467973473307
0,2479,32926.336789652654
0,2480,31012.77116937993
0,2481,30174.880766029964
0,2482,30032.309787479968
0,2483,32415.30364071997
0,2484,33721.46727949997
0,2485,32864.21162023996
0,2486,31433.01247085996
0,2487,31849.594196419963
0,2488,34332.616458139935
0,2489,39981.4885203029
0,2490,46546.25952415114
0,2491,49779.1128122978
0,2492,50844.13161191919
0,2493,47689.61542494675
0,2494,40730.70432816433
0,2495,31717.080346265313
0,2496,24242.075145583854
0,2497,20767.670442996117
0,2498,19559.993619411507
0,2499,19604.13035968129
0,2500,21035.25794847506
0,2501,25016.801324432883
0,2502,31029.417219192463
0,2503,32804.042615056715
0,2504,30880.695827658623
0,2505,30059.39064928799
0,2506,29917.368607126
0,2507,32291.1830241
0,2508,33592.467228320005
0,2509,32738.56618032
0,2510,31312.55143016
0,2511,31727.608332419986
0,2512,34187.432304198795
0,2513,39809.383740936006
0,2514,46345.721082825876
0,2515,49564.838280290605
0,2516,50625.38597708928
0,2517,47484.263669133434
0,2518,40554.90520432767
0,2519,31579.704227599275
0,2520,24137.70371652089
0,2521,20678.35933034839
0,2522,19475.971510927004
0,2523,19519.994567979214
0,2524,20945.073809962112
0,2525,24909.678968369535
0,2526,30895.4209391746
0,2527,32663.98613241317
0,2528,30748.633156415093
0,2529,29944.20549720599
0,2530,29802.701894965994
0,2531,32167.36737214
0,2532,33463.7721418
0,2533,32612.9207404
0,2534,31192.70031878
0,2535,31606.232397739837
0,2536,34042.87062968732
0,2537,39656.7453048268
0,2538,46168.09990867085
0,2539,49374.72573711268
0,2540,50431.31275592848
0,2541,47302.3771494584
0,2542,40399.524760384156
0,2543,31458.75121535291
0,2544,24044.392498167414
0,2545,20598.237052022887
0,2546,19400.314762725935
0,2547,19444.004087552396
0,2548,20863.328276091972
0,2549,24812.246092031717
0,2550,30776.905267224378
0,2551,32535.750959157383
0,2552,30636.40227176251
0,2553,29808.98246778052
0,2554,29688.34014746598
0,2555,32043.856684839986
0,2556,33335.382019939985
0,2557,32487.885229799984
0,2558,31072.849207399988
0,2559,31464.659291039905
0,2560,33917.96076542974
0,2561,39504.71620379188
0,2562,45991.08806959013
0,2563,49185.222529009035
0,2564,50237.84886984197
0,2565,47120.79529732052
0,2566,40244.44898397781
0,2567,31338.10287064384
0,2568,26864.090554436214
0,2569,22703.977201748177
0,2570,20922.5556453128
0,2571,20454.007439938858
0,2572,20910.094743043603
0,2573,22088.762043993047
0,2574,25578.60681496409
0,2575,33518.00683028447
0,2576,40570.333897120225
0,2577,43786.81289235396
0,2578,45470.424187057164
0,2579,48255.78333478421
0,2580,47341.96119373742
0,2581,44509.051594374854
0,2582,42599.41326426872
0,2583,41638.9551033486
0,2584,41752.039831276554
0,2585,44531.73056666982
0,2586,48015.29918637564
0,2587,48498.19723274907
0,2588,48913.45908587649
0,2589,46665.01266175293
0,2590,41520.39662953738
0,2591,34228.483795530134
0,2592,27924.175393568836
0,2593,23677.356828656226
0,2594,21726.97038087978
0,2595,20966.217329102237
0,2596,21237.120776931457
0,2597,22383.194401761833
0,2598,24769.57731698796
0,2599,31876.414376423512
0,2600,41262.63339197993
0,2601,47766.00476647998
0,2602,51972.99225118
0,2603,56552.64655039999
0,2604,53308.73746198
0,2605,46979.80587300001
0,2606,42789.89640926
0,2607,40362.072751
0,2608,39970.498127559986
0,2609,43895.208006010675
0,2610,48396.8819760835
0,2611,49521.157292778094
0,2612,49677.2388985665
0,2613,46412.63359312144
0,2614,39686.48045444788
0,2615,31183.372696504048
0,2616,23782.766020326162
0,2617,20374.178627151177
0,2618,19189.367896790438
0,2619,19232.63391331237
0,2620,20636.633426923243
0,2621,24542.712061258342
0,2622,30442.754528477995
0,2623,32182.36525287679
0,2624,30305.405640509944
0,2625,29486.697514274
0,2626,29347.389657586
0,2627,31676.06930488001
0,2628,32952.65137164001
0,2629,32114.913450620006
0,2630,30716.0405552
0,2631,31123.168376300004
0,2632,33549.77217592
0,2633,39077.49560856991
0,2634,45493.563320796464
0,2635,48653.2746902199
0,2636,49694.41848861692
0,2637,46611.36806527274
0,2638,39809.42651047893
0,2639,30999.528208388754
0,2640,23694.17479679916
0,2641,20298.18159924725
0,2642,19117.736754119927
0,2643,19160.7873035251
0,2644,20559.442334270505
0,2645,24450.16161233686
0,2646,30327.896877398925
0,2647,32060.903342037254
0,2648,30188.848147457993
0,2649,29373.311653686007
0,2650,29234.522236920006
0,2651,31554.083440880007
0,2652,32825.78607308
0,2653,31991.402763320006
0,2654,30598.019231780003
0,2655,31003.622229580003
0,2656,33420.772124740004
0,2657,38938.80268277998
0,2658,45332.08181501944
0,2659,48480.5369648594
0,2660,49518.02673817939
0,2661,46445.812753339436
0,2662,39667.97318483954
0,2663,30889.26048207992
0,2664,23608.77816096797
0,2665,20225.042775937978
0,2666,19048.855075249983
0,2667,19091.73310644599
0,2668,20485.360609713985
0,2669,24362.711793419985
0,2670,30219.40560638998
0,2671,31946.26799363998
0,2672,30072.748101396
0,2673,29260.322247155997
0,2674,29122.081766778003
0,2675,31432.7075062
0,2676,32699.530703840006
0,2677,31868.197040680003
0,2678,30480.30287302
0,2679,30884.381047520004
0,2680,33292.07703822
0,2681,38789.06503471997
0,2682,45149.67843306759
0,2683,48285.36073813841
0,2684,49318.6967291813
0,2685,46258.63181147552
0,2686,39508.02217343212
0,2687,30764.801137096914
0,2688,23513.84110051722
0,2689,20144.117801329987
0,2690,18972.296703924632
0,2691,19015.047614286923
0,2692,20403.103127676717
0,2693,24264.953426870437
0,2694,30098.174236687213
0,2695,31818.09216668448
0,2696,29957.135998789952
0,2697,29147.820784081996
0,2698,29010.098743626004
0,2699,31311.94150084
0,2700,32573.885263919998
0,2701,31745.601247360002
0,2702,30363.135450648
0,2703,30765.444830119992
0,2704,33164.296845679855
0,2705,38602.29095877103
0,2706,44940.28973398007
0,2707,48061.60865202153
0,2708,49090.16625742008
0,2709,46044.40488859035
0,2710,39324.962356876866
0,2711,30622.134158355166
0,2712,23404.803937440767
0,2713,20050.292486469272
0,2714,18884.451231137053
0,2715,18927.164174060974
0,2716,20308.958833031855
0,2717,24152.244806316474
0,2718,29958.32452842561
0,2719,31670.19048613099
0,2720,29814.893379379977
0,2721,29009.713144881625
0,2722,28898.634160395977
0,2723,31191.480460139985
0,2724,32448.54478865999
0,2725,31623.615383359982
0,2726,30246.45597173198
0,2727,30647.42350669988
0,2728,33004.63429882225
0,2729,38453.91786818184
0,2730,44767.8479079565
0,2731,47876.98012451221
0,2732,48901.57705192787
0,2733,45867.39304950962
0,2734,39173.84725845339
0,2735,30504.532489017565
0,2736,26149.523312818565
0,2737,22101.111259311318
0,2738,20367.17053434316
0,2739,19911.238558203637
0,2740,20355.412534319035
0,2741,21503.03735576254
0,2742,24900.523060248408
0,2743,32615.824594580987
0,2744,39512.4412082399
0,2745,42645.038195760004
0,2746,44283.30834928
0,2747,46995.968999979996
0,2748,46105.77715744
0,2749,43347.06684308
0,2750,41487.08738174
0,2751,40551.76076952
0,2752,40662.15797644
0,2753,43355.15473589114
0,2754,46737.82820313039
0,2755,47208.23488048089
0,2756,47612.224034734005
0,2757,45423.79711542781
0,2758,40415.97680739
0,2759,33317.83252700675
0,2760,27168.695109956363
0,2761,23036.880956295165
0,2762,21139.363582051417
0,2763,20399.28704079085
0,2764,20662.966894903504
0,2765,21778.14465529543
0,2766,24100.117982253258
0,2767,31014.939507093455
0,2768,40165.370545299986
0,2769,46495.82695757999
0,2770,50590.89241206
0,2771,55048.560847279994
0,2772,51891.26172230001
0,2773,45730.67062564
0,2774,41652.073262800004
0,2775,39288.90211246
0,2776,38907.69628745989
0,2777,42702.81134119369
0,2778,47082.1025201032
0,2779,48176.16364598771
0,2780,48327.58341194834
0,2781,45151.72900475807
0,2782,38607.77497443959
0,2783,30335.685739932254
0,2784,23136.513704231642
0,2785,19820.481763201366
0,2786,18667.802603170312
0,2787,18709.846723296203
0,2788,20075.57989205214
0,2789,23875.393415313556
0,2790,29614.93374731043
0,2791,31307.331449392288
0,2792,29472.474384538786
0,2793,28676.547045301435
0,2794,28542.332021977953
0,2795,30807.02479808918
0,2796,32048.666089515227
0,2797,31233.905644540195
0,2798,29873.523835011387
0,2799,30269.447440920332
0,2800,32626.237217689162
0,2801,38013.06394193428
0,2802,44254.48310786835
0,2803,47328.27389011531
0,2804,48340.98878358235
0,2805,45341.8415479357
0,2806,38724.767308702925
0,2807,30154.804623129796
0,2808,23048.038251444992
0,2809,19744.6500132062
0,2810,18596.388532463738
0,2811,18638.28031882105
0,2812,19998.80367269182
0,2813,23784.05408767775
0,2814,29501.627890246535
0,2815,31187.2924397575
0,2816,29358.464614542507
0,2817,28565.35408184895
0,2818,28430.386362894118
0,2819,30686.114341155437
0,2820,31922.759874423406
0,2821,31111.430223008618
0,2822,29756.360418052733
0,2823,30150.722078132065
0,2824,32501.32352746006
0,2825,37867.73752671649
0,2826,44085.39262475336
0,2827,47146.99670551457
0,2828,48156.055588535884
0,2829,45168.18105176382
0,2830,38576.69888565089
0,2831,30039.457493567035
0,2832,22960.019799964062
0,2833,19669.275264516746
0,2834,18525.400996309152
0,2835,18567.109982144186
0,2836,19922.42352112979
0,2837,23693.232694855087
0,2838,29388.99230176434
0,2839,31068.47210027128
0,2840,29246.377427627176
0,2841,28456.283103551348
0,2842,28321.833319409656
0,2843,30569.122006892085
0,2844,31800.892859565756
0,2845,30992.60988352241
0,2846,29642.71942669798
0,2847,30035.588215845317
0,2848,32377.323839842415
0,2849,37723.020446573086
0,2850,43916.911476712965
0,2851,46967.24285859984
0,2852,47972.0363961011
0,2853,44995.73922574028
0,2854,38429.544465210296
0,2855,29924.750165832273
0,2856,22872.519283296268
0,2857,19594.32705037929
0,2858,18454.809527952864
0,2859,18496.36618001932
0,2860,19846.500370873473
0,2861,23602.959703599292
0,2862,29276.996515110175
0,2863,30949.956428322235
0,2864,29134.93004253988
0,2865,28347.8519270818
0,2866,28214.69882927389
0,2867,30453.71503006582
0,2868,31681.43933571248
0,2869,30876.143887570663
0,2870,29531.716790719256
0,2871,29923.387863610602
0,2872,32253.93348729908
0,2873,37579.217369041064
0,2874,43749.64899882085
0,2875,46788.09834675912
0,2876,47789.235873814694
0,2877,44824.211402328154
0,2878,38282.999379844
0,2879,29815.022430327448
0,2880,27326.70097371135
0,2881,23246.620656937866
0,2882,21374.951661090472
0,2883,20552.984796473153
0,2884,20294.345686840214
0,2885,20768.688718921796
0,2886,23600.48312221519
0,2887,30370.119141361894
0,2888,38795.77425723997
0,2889,44747.76952645998
0,2890,48633.01929486
0,2891,53392.90770813999
0,2892,51110.5521927
0,2893,45873.39408652
0,2894,42312.32175169998
0,2895,40225.75354797967
0,2896,40139.64335120061
0,2897,44009.83507554195
0,2898,48104.262107221744
0,2899,48525.00797601775
0,2900,46878.8892728281
0,2901,44445.509653658046
0,2902,38918.23119478959
0,2903,30416.948274460683
0,2904,26162.2136722856
0,2905,22005.14265789407
0,2906,20238.259124724398
0,2907,19695.14150707268
0,2908,19868.626276757972
0,2909,20511.286861224235
0,2910,24355.480497988858
0,2911,31686.73565423708
0,2912,38192.176570120006
0,2913,41648.88835166858
0,2914,43486.92184940249
0,2915,46675.751516807235
0,2916,46246.40980621258
0,2917,43537.199622467204
0,2918,42044.71154688686
0,2919,41188.77054968284
0,2920,41402.18562512558
0,2921,44063.76122961653
0,2922,47040.36306751449
0,2923,47119.57662717196
0,2924,45876.837743161115
0,2925,44331.259327228996
0,2926,40801.076574340135
0,2927,33962.50903560444
0,2928,27117.799380215172
0,2929,23068.923158942314
0,2930,21211.598512032648
0,2931,20395.93261806472
0,2932,20139.280655797334
0,2933,20610.00465933747
0,2934,23402.027884434585
0,2935,30115.025306601096
0,2936,38502.70321897996
0,2937,44409.56371851999
0,2938,48265.536879559986
0,2939,52989.439462959985
0,2940,50724.161968479966
0,2941,45526.64926809999
0,2942,41992.41382335998
0,2943,39921.70378195997
0,2944,39844.141510323265
0,2945,43677.138124980585
0,2946,47740.79373540879
0,2947,48158.18826129621
0,2948,46524.56092712947
0,2949,44109.461360188056
0,2950,38624.22702144538
0,2951,30185.60651113507
0,2952,23601.832433711857
0,2953,20299.14493080849
0,2954,19121.26976545562
0,2955,19026.822828940945
0,2956,20007.51716425414
0,2957,23001.424118261944
0,2958,28977.234125314073
0,2959,31109.90688532289
0,2960,29377.87193665859
0,2961,28478.432433501726
0,2962,28479.011301822302
0,2963,31019.115959253937
0,2964,32558.905691980315
0,2965,31934.032573297725
0,2966,30750.703859029978
0,2967,31141.28764164873
0,2968,33469.25229296692
0,2969,38906.65382837796
0,2970,44832.13275829384
0,2971,47095.203224200326
0,2972,46248.227470939695
0,2973,44259.66245600007
0,2974,39018.16214697272
0,2975,30491.127117383192
0,2976,23513.1437136492
0,2977,20222.88664626131
0,2978,19049.429160197033
0,2979,18955.34782472693
0,2980,19932.355682840684
0,2981,22915.020404727893
0,2982,28868.376414292496
0,2983,30993.219218596718
0,2984,29268.492114740908
0,2985,28372.668106947243
0,2986,28373.508727985845
0,2987,30904.340688651613
0,2988,32439.034684259404
0,2989,31817.09617994863
0,2990,30638.222521905107
0,2991,31027.32090942684
0,2992,33346.67637208574
0,2993,38760.71807808597
0,2994,44663.651610253204
0,2995,46918.19138511966
0,2996,46074.26230723046
0,2997,44093.31398071942
0,2998,38871.61706160641
0,2999,30376.511189909692
0,3000,23425.605866920443
0,3001,20147.75461567354
0,3002,18978.85913888212
0,3003,18885.284599344774
0,3004,19858.895423000497
0,3005,22830.754452916364
0,3006,28762.456989131093
0,3007,30879.720329850425
0,3008,29160.65615952782
0,3009,28292.821863305962
0,3010,28293.401296159984
0,3011,30816.98385765999
0,3012,32346.68659221999
0,3013,31725.778544459987
0,3014,30550.13978015999
0,3015,30938.359792339972
0,3016,33224.127992721216
0,3017,38615.39166286822
0,3018,44496.69379989823
0,3019,46742.70288372466
0,3020,45901.82048120688
0,3021,43928.18417558731
0,3022,38725.985978851524
0,3023,30262.809265047395
0,3024,23337.80754602277
0,3025,20072.076215374982
0,3026,18907.393154380457
0,3027,18814.01255424585
0,3028,19783.73885822181
0,3029,22744.13238314376
0,3030,28653.098332546477
0,3031,30761.97655790437
0,3032,29050.89938330884
0,3033,28161.71978915523
0,3034,28187.914020265907
0,3035,30702.01218083995
0,3036,32226.225551519958
0,3037,31607.45225637996
0,3038,30436.296472581955
0,3039,30822.77818619994
0,3040,33099.012869737955
0,3041,38471.58858533618
0,3042,44330.649992154686
0,3043,46568.43305247821
0,3044,45730.90199286904
0,3045,43764.577708140925
0,3046,38581.573566245206
0,3047,30149.99087604292
0,3048,23251.160098458975
0,3049,19997.554535789535
0,3050,18837.19775382245
0,3051,18744.15228797863
0,3052,19710.28351501636
0,3053,22659.709008601116
0,3054,28546.708428575756
0,3055,30647.726231475364
0,3056,28942.775089852734
0,3057,28056.926301104537
0,3058,28058.625138508334
0,3059,30561.13411779946
0,3060,32078.221722709965
0,3061,31462.428581612534
0,3062,30296.717844744366
0,3063,30681.48953132411
0,3064,32972.03487234774
0,3065,38328.69951041558
0,3066,44166.12952209682
0,3067,46395.3818913803
0,3068,45560.89750714257
0,3069,43601.8852433059
0,3070,38438.37982378746
0,3071,30038.056022896173
0,3072,25483.306809345344
0,3073,21433.94010640918
0,3074,19712.720855313495
0,3075,19183.543810047875
0,3076,19352.360092379433
0,3077,19978.147213673452
0,3078,23722.23704439126
0,3079,30863.691268437426
0,3080,37200.14363730078
0,3081,40566.642578527455
0,3082,42357.05078805798
0,3083,45463.74956005066
0,3084,45046.44135568728
0,3085,42407.45847837681
0,3086,40953.74790134772
0,3087,40116.18395084043
0,3088,40330.06056191531
0,3089,42922.47663547458
0,3090,45822.30225401227
0,3091,45899.38314090968
0,3092,44688.634348299
0,3093,43183.27204726993
0,3094,39744.48955552429
0,3095,33082.93385586819
0,3096,26416.62534263263
0,3097,22472.216606242615
0,3098,20662.76563638999
0,3099,19868.009898995857
0,3100,19617.816917493103
0,3101,20076.41354595091
0,3102,22796.181107135082
0,3103,29335.389573384287
0,3104,37474.31436887562
0,3105,43224.010624917595
0,3106,46977.51454697339
0,3107,51575.676639699384
0,3108,49371.40229880446
0,3109,44313.64447080812
0,3110,40873.09710403196
0,3111,38854.251011989436
0,3112,38808.55088141757
0,3113,42550.782240158755
0,3114,46509.32755027225
0,3115,46916.058712359634
0,3116,45324.47549831878
0,3117,42971.832776491916
0,3118,37627.96417498412
0,3119,29407.028619963286
0,3120,22995.604968302498
0,3121,19777.73690774005
0,3122,18630.11522882559
0,3123,18538.105632608072
0,3124,19493.63442935316
0,3125,22410.64329698579
0,3126,28232.931332070995
0,3127,30310.97720266987
0,3128,28623.27138066003
0,3129,27746.956143572406
0,3130,27747.504545139276
0,3131,30222.318949360946
0,3132,31722.593302519723
0,3133,31114.746872196585
0,3134,29962.179984252158
0,3135,30343.067437022168
0,3136,32611.620200249123
0,3137,37910.173026215176
0,3138,43684.138488667646
0,3139,45885.67310174145
0,3140,45064.88474294012
0,3141,43127.3765042131
0,3142,38020.3044605779
0,3143,29711.655273303746
0,3144,22915.010876686476
0,3145,19708.602885169617
0,3146,18565.143882573804
0,3147,18473.60610123106
0,3148,19425.940258960694
0,3149,22333.013421106803
0,3150,28135.37058617089
0,3151,30206.447615447214
0,3152,28546.918418017984
0,3153,27672.920198924
0,3154,27673.499631777995
0,3155,30141.700611022
0,3156,31637.94872238
0,3157,31030.764084319995
0,3158,29880.864337323994
0,3159,30260.423353159993
0,3160,32522.651201039942
0,3161,37779.37439916476
0,3162,43521.75768103708
0,3163,45718.41062384614
0,3164,44896.11294109416
0,3165,42965.739425749045
0,3166,37877.486887905165
0,3167,29599.761303960648
0,3168,22829.012758992092
0,3169,19634.45176502118
0,3170,18495.14750987075
0,3171,18403.80818223494
0,3172,19352.42102588686
0,3173,22248.28596644169
0,3174,28028.408014386154
0,3175,30091.3728418964
0,3176,28415.91465487978
0,3177,27546.20248076747
0,3178,27546.484904131743
0,3179,30003.35439041548
0,3180,31492.87397951306
0,3181,30888.413585819133
0,3182,29743.716715261253
0,3183,30121.565394827383
0,3184,32373.363161859535
0,3185,37632.83885557842
0,3186,43364.244564333516
0,3187,45552.97615117683
0,3188,44733.72514379631
0,3189,42810.358981805526
0,3190,37740.386496190295
0,3191,29492.67066465449
0,3192,22746.904857731748
0,3193,19563.860296664876
0,3194,18428.63858651218
0,3195,18337.634393167235
0,3196,19282.80449364943
0,3197,22168.24980443393
0,3198,27927.593526345165
0,3199,29983.154932702804
0,3200,28313.729162921616
0,3201,27446.858619485465
0,3202,27447.40702105233
0,3203,29895.44114875902
0,3204,31379.537655695447
0,3205,30777.20993476154
0,3206,29636.747942969963
0,3207,30013.225618618933
0,3208,32256.980162670494
0,3209,37497.566469086436
0,3210,43208.25478531575
0,3211,45389.369683730474
0,3212,44572.86068418425
0,3213,42656.19720801062
0,3214,37604.80944216117
0,3215,29386.58542822091
0,3216,22665.6195588217
0,3217,19493.93909689031
0,3218,18362.769464981637
0,3219,18272.100405927544
0,3220,19213.888696747435
0,3221,22089.03624477646
0,3222,27827.78444117675
0,3223,29876.00335988922
0,3224,28212.51860708236
0,3225,27348.78613927884
0,3226,27349.334540845728
0,3227,29788.912343399967
0,3228,31268.02083704401
0,3229,30668.10453760354
0,3230,29531.96925573031
0,3231,29905.95217879053
0,3232,32141.51116609287
0,3233,37363.51275274303
0,3234,43053.788343983695
0,3235,45226.98188643269
0,3236,44413.51956225789
0,3237,42503.86343943856
0,3238,37470.451058280625
0,3239,29281.566528167386
0,3240,24846.584892296756
0,3241,20898.548024414078
0,3242,19220.50220907085
0,3243,18704.706477874035
0,3244,18869.468207641803
0,3245,19479.822034775447
0,3246,23130.704444602503
0,3247,30119.133226181846
0,3248,36302.07823242
0,3249,39587.15754993999
0,3250,41333.99512242
0,3251,44365.03887816
0,3252,43956.99616308
0,3253,41381.87457404
0,3254,39963.17897572001
0,3255,39149.53326284
0,3256,39358.434054939986
0,3257,41856.26258129429
0,3258,44674.92430912761
0,3259,44749.872523265025
0,3260,43569.590484368724
0,3261,42102.006957945516
0,3262,38749.14071167451
0,3263,32254.54282237339
0,3264,25765.544596226515
0,3265,21918.519148804222
0,3266,20153.784231967584
0,3267,19378.73137053247
0,3268,19134.85049504249
0,3269,19582.088127213967
0,3270,22234.826434541505
0,3271,28632.21703341999
0,3272,36575.63153244
0,3273,42187.2862411
0,3274,45850.21677236
0,3275,50337.4667796
0,3276,48185.636138639995
0,3277,43248.25829324
0,3278,39890.9023513
0,3279,37923.880294300005
0,3280,37879.35545393998
0,3281,41506.56800431621
0,3282,45351.590909124636
0,3283,45747.96337494911
0,3284,44196.29160827414
0,3285,41902.14505357894
0,3286,36691.41616580313
0,3287,28675.003928467217
0,3288,22427.433911722634
0,3289,19289.266237316282
0,3290,18170.16557619796
0,3291,18080.572371290415
0,3292,19012.68456894282
0,3293,21857.931672768624
0,3294,27536.8726117842
0,3295,29563.9513596627
0,3296,27918.07697117852
0,3297,27063.57138506385
0,3298,27087.540534053976
0,3299,29503.470570573987
0,3300,30968.246329019978
0,3301,30373.65673141798
0,3302,29248.184653687982
0,3303,29619.692602499974
0,3304,31808.36825920877
0,3305,36969.577627215716
0,3306,42600.138381176104
0,3307,44750.48185833928
0,3308,43945.55022520452
0,3309,42056.00215983671
0,3310,37075.601930141835
0,3311,28973.029713301497
0,3312,22348.91765396048
0,3313,19221.935680470797
0,3314,18106.728246210492
0,3315,18017.47460963274
0,3316,18946.342863687365
0,3317,21781.639049447607
0,3318,27440.76816005174
0,3319,29460.776623591064
0,3320,27820.66366149676
0,3321,26969.132491523604
0,3322,26993.48943290994
0,3323,29401.032941279944
0,3324,30860.59380403993
0,3325,30268.19995198994
0,3326,29146.631421907943
0,3327,29516.858519147903
0,3328,31697.24113640145
0,3329,36841.312594078016
0,3330,42452.37462566121
0,3331,44595.101414395765
0,3332,43792.91178909531
0,3333,41910.06640954468
0,3334,36946.72756192987
0,3335,28872.4284925365
0,3336,22271.928167324073
0,3337,19155.36206286205
0,3338,18043.843487099162
0,3339,17954.72823248451
0,3340,18880.18634331348
0,3341,21705.398882004585
0,3342,27344.45986025133
0,3343,29357.093610625358
0,3344,27722.521807093457
0,3345,26873.778982117386
0,3346,26874.327383684256
0,3347,29271.238298658223
0,3348,30724.494450173745
0,3349,30135.153764915794
0,3350,29017.937708276564
0,3351,29386.55496146721
0,3352,31583.360238044854
0,3353,36714.57089862606
0,3354,42306.13420783203
0,3355,44441.54897567511
0,3356,43642.10135820896
0,3357,41765.653996938345
0,3358,36819.37653140364
0,3359,28773.01547516638
0,3360,25404.641651254744
0,3361,21611.348013288203
0,3362,19871.208908135868
0,3363,19106.889457702422
0,3364,18866.293503619712
0,3365,19307.116963113553
0,3366,21924.07993082581
0,3367,28213.138700293024
0,3368,36072.43984343997
0,3369,41606.63352845999
0,3370,45219.24489081999
0,3371,49644.892036739984
0,3372,47522.6429678
0,3373,42653.272241579994
0,3374,39341.9659633
0,3375,37402.08576103998
0,3376,37327.741868134835
0,3377,40920.506248900594
0,3378,44727.631793053464
0,3379,45118.52024320934
0,3380,43588.17520413445
0,3381,41325.71407330225
0,3382,36186.5820567553
0,3383,28280.459467865487
0,3384,22120.752135393162
0,3385,19025.299491255224
0,3386,17921.36713716723
0,3387,17832.83075087315
0,3388,18752.01271043695
0,3389,21558.031194287978
0,3390,27158.825929869417
0,3391,29157.81057457939
0,3392,27534.328669399543
0,3393,26691.344060875483
0,3394,26691.86199568863
0,3395,29072.503664179043
0,3396,30515.805187891867
0,3397,29929.99044747116
0,3398,28820.939678759143
0,3399,29187.02819139151
0,3400,31368.87429189539
0,3401,36465.35285324215
0,3402,42018.8327203051
0,3403,44139.92811390245
0,3404,43345.964512104896
0,3405,41482.00851985719
0,3406,36569.54915094547
0,3407,28577.66265034957
0,3408,24252.66322655913
0,3409,20398.832148962058
0,3410,18760.75666875504
0,3411,18257.31751725884
0,3412,18418.146338652932
0,3413,19013.90185646422
0,3414,22577.48528830122
0,3415,29373.62584637738
0,3416,35402.06314860928
0,3417,38605.337634142525
0,3418,40309.03850185246
0,3419,43268.53725203016
0,3420,42870.98666831888
0,3421,40359.73294983728
0,3422,38976.09778000829
0,3423,38182.663298124404
0,3424,38386.50648874664
0,3425,40853.95366013516
0,3426,43609.50193173475
0,3427,43682.62214064932
0,3428,42530.67418270741
0,3429,41097.822755518624
0,3430,37825.08407151653
0,3431,31485.25729108462
0,3432,25154.70077283697
0,3433,21398.906066136242
0,3434,19676.001368589717
0,3435,18919.346627048308
0,3436,18681.24701408603
0,3437,19117.89229667195
0,3438,21707.77302883592
0,3439,27955.10399882196
0,3440,35710.751756679994
0,3441,41189.44187358
0,3442,44765.7624414
0,3443,49147.18971162
0,3444,47046.28816888
0,3445,42225.71178825999
0,3446,38947.64665792001
0,3447,37027.2841939
0,3448,36983.67424751999
0,3449,40523.91866887119
0,3450,44293.91155377134
0,3451,44680.96822020834
0,3452,43165.351840530195
0,3453,40925.25480729411
0,3454,35836.10994884763
0,3455,28006.730013679087
0,3456,21908.870359146124
0,3457,18843.206517396993
0,3458,17749.920893873787
0,3459,17662.37180264159
0,3460,18572.835820783435
0,3461,21352.194973562568
0,3462,26899.665943472246
0,3463,28879.73206576853
0,3464,27271.87996279683
0,3465,26437.084465417043
0,3466,26437.780716421974
0,3467,28796.694017325743
0,3468,30225.58076287871
0,3469,29646.000806456403
0,3470,28547.485995939012
0,3471,28910.111709055713
0,3472,31071.44874287869
0,3473,36119.313275891705
0,3474,41617.68455836204
0,3475,43718.578021131434
0,3476,42932.228806864005
0,3477,41086.13687243852
0,3478,36223.746172928666
0,3479,28307.53995814779
0,3480,21840.414154059512
0,3481,18784.321823428378
0,3482,17694.407158001653
0,3483,17607.098410349015
0,3484,18514.72825794927
0,3485,21285.35720892572
0,3486,26815.41012762927
0,3487,28789.253113314775
0,3488,27186.414104799172
0,3489,26354.65518074555
0,3490,26355.173399505333
0,3491,28705.783210370646
0,3492,30130.8238328283
0,3493,29552.46121346728
0,3494,28457.373523701553
0,3495,28818.876833826584
0,3496,30973.32560239026
0,3497,35985.50148224019
0,3498,41466.1658079257
0,3499,43559.23178810577
0,3500,42775.6268825711
0,3501,40936.34896083207
0,3502,36088.47910979489
0,3503,28201.733376267443
0,3504,21759.44690309395
0,3505,18714.56907012194
0,3506,17628.64256747916
0,3507,17541.599052117086
0,3508,18445.730435345973
0,3509,21205.92692161053
0,3510,26715.26046254134
0,3511,28682.67617869231
0,3512,27085.89089805412
0,3513,26256.879226231562
0,3514,26257.636019499918
0,3515,28599.81332192177
0,3516,30020.266030324532
0,3517,29443.870792743364
0,3518,28352.962681457368
0,3519,28710.345362775886
0,3520,30856.728161956133
0,3521,35869.72781812542
0,3522,41332.41675911942
0,3523,43418.780053482325
0,3524,42637.91715578195
0,3525,40804.73258478581
0,3526,35972.40077814299
0,3527,28110.91198344478
0,3528,21690.165505147383
0,3529,18654.976099856547
0,3530,17572.52280713722
0,3531,17485.72302580486
0,3532,18386.99053418459
0,3533,21138.412595379406
0,3534,26630.197286170707
0,3535,28590.24541963377
0,3536,26999.384916984403
0,3537,26173.03328429771
0,3538,26173.791693045216
0,3539,28509.49645249053
0,3540,29924.789780025934
0,3541,29350.372466182864
0,3542,28262.782205185904
0,3543,28621.80826125491
0,3544,30761.430486768088
0,3545,35755.47749169644
0,3546,41200.80038307319
0,3547,43280.76565915606
0,3548,42502.34010175286
0,3549,40674.63954642529
0,3550,35857.84578417682
0,3551,28021.67123022377
0,3552,21622.33546383147
0,3553,18596.83050295305
0,3554,17517.89223890002
0,3555,17431.52510590918
0,3556,18330.170124085005
0,3557,21073.286321806736
0,3558,26548.36418938833
0,3559,28502.657978193936
0,3560,26915.902156480148
0,3561,26092.9706115161
0,3562,26093.48861636286
0,3563,28420.762509330794
0,3564,29831.655357519314
0,3565,29259.016234870527
0,3566,28174.801619743128
0,3567,28532.712497976125
0,3568,30661.436270647333
0,3569,35643.05517049022
0,3570,41071.316679786934
0,3571,43144.57927005264
0,3572,42368.59105294658
0,3573,40546.679180824765
0,3574,35744.81412789636
0,3575,27933.229875782366
0,3576,23711.604147344984
0,3577,19944.69423480285
0,3578,18343.241100152973
0,3579,17851.002430373494
0,3580,18008.231023754604
0,3581,18590.720830786213
0,3582,22074.988624307785
0,3583,28719.829717791763
0,3584,34645.81516395994
0,3585,37780.851868759964
0,3586,39448.09366497996
0,3587,42340.98842973996
0,3588,41951.54855891995
0,3589,39493.53339931996
0,3590,38139.795273579955
0,3591,37363.35524921933
0,3592,37532.80933403104
0,3593,39945.907484507225
0,3594,42644.20198139935
0,3595,42715.81145273187
0,3596,41589.257344151825
0,3597,40188.149475271384
0,3598,36987.66318843988
0,3599,30788.416019126347
0,3600,24600.85066931573
0,3601,20927.731126018865
0,3602,19242.768885215868
0,3603,18502.76912058854
0,3604,18269.889575555328
0,3605,18696.91262736861
0,3606,21229.751850362452
0,3607,27338.34347043795
0,3608,34923.0280399
0,3609,40280.95215144
0,3610,43778.28687232001
0,3611,48062.73538066001
0,3612,46008.18846624001
0,3613,41294.044751960006
0,3614,38088.25624604
0,3615,36210.283869759995
0,3616,36167.588817359996
0,3617,39630.96097056413
0,3618,43317.86676960517
0,3619,43696.70647434256
0,3620,42214.5685144569
0,3621,40023.21093033641
0,3622,35045.872862704746
0,3623,27389.81853271151
0,3624,26763.63925654588
0,3625,22951.884755788455
0,3626,20806.621791629816
0,3627,19783.915570926107
0,3628,19210.4942910837
0,3629,19285.702269240814
0,3630,21640.736762987854
0,3631,26790.10850115599
0,3632,33908.41061608001
0,3633,39757.02286556001
0,3634,43884.71953865999
0,3635,48852.59385006001
0,3636,47446.706767460004
0,3637,43021.97451552001
0,3638,40013.80310928
0,3639,38494.469173159996
0,3640,38675.008251880005
0,3641,41795.71161765979
0,3642,45067.33609696936
0,3643,45550.23414334278
0,3644,43933.363523718945
0,3645,41042.67793129558
0,3646,37450.038333292156
0,3647,29801.42747898841
0,3648,23693.135425195556
0,3649,20444.773741907666
0,3650,19077.46113742712
0,3651,18817.61026236873
0,3652,19440.14394479613
0,3653,21814.07771476153
0,3654,27004.49993314779
0,3655,28882.54481672361
0,3656,27728.54575290798
0,3657,27127.399415115997
0,3658,27098.610751212003
0,3659,29539.822358046004
0,3660,31203.67904654
0,3661,30644.373860099993
0,3662,29774.675642712
0,3663,30197.99708725799
0,3664,32312.27744389077
0,3665,36966.226284307115
0,3666,42046.55746618525
0,3667,43761.22636523233
0,3668,42783.852906074004
0,3669,40423.59349581853
0,3670,37599.020758955434
0,3671,30128.17668038341
0,3672,23622.184225193087
0,3673,20383.385504828842
0,3674,19019.998276108927
0,3675,18760.756668753085
0,3676,19381.242574900858
0,3677,21748.432364180408
0,3678,26923.215134290458
0,3679,28795.64417243226
0,3680,27621.47084664405
0,3681,27023.72093082036
0,3682,26995.07938937398
0,3683,29426.92907652235
0,3684,31084.603992319717
0,3685,30527.312723112787
0,3686,29660.906094359416
0,3687,30079.673608470108
0,3688,32211.280032098875
0,3689,36857.45997354665
0,3690,41922.862446104715
0,3691,43632.04732948321
0,3692,42657.72054569632
0,3693,40304.46848879518
0,3694,37488.12177543497
0,3695,30039.396560059606
0,3696,23553.60356258194
0,3697,20324.188602361737
0,3698,18964.762051624686
0,3699,18706.2516463579
0,3700,19324.97048079018
0,3701,21684.651022725073
0,3702,26844.0129637384
0,3703,28710.65003031297
0,3704,27539.690818053274
0,3705,26942.633845511948
0,3706,26914.056030527827
0,3707,29338.630757874424
0,3708,30991.391213373834
0,3709,30435.677625622964
0,3710,29571.88422431197
0,3711,29992.32542557084
0,3712,32117.747098195636
0,3713,36750.217000471916
0,3714,41800.99543124708
0,3715,43505.610301568406
0,3716,42533.720858078676
0,3717,40187.47615453184
0,3718,37379.355464674525
0,3719,29952.170244175264
0,3720,23486.241570119397
0,3721,20266.058036274673
0,3722,18910.53123001316
0,3723,18652.75202683546
0,3724,19269.673322798586
0,3725,21622.620712162607
0,3726,26767.23674437812
0,3727,28628.542129052687
0,3728,27460.934259701666
0,3729,26868.299774391136
0,3730,26840.01227709978
0,3731,29258.15663676495
0,3732,30906.65194695946
0,3733,30352.737762479494
0,3734,29491.295702329244
0,3735,29910.5749194658
0,3736,32027.07878957461
0,3737,36646.6414541058
0,3738,41683.31144535799
0,3739,43382.81814254539
0,3740,42413.9347977882
0,3741,40080.610683588784
0,3742,37280.13900633159
0,3743,29872.912393977003
0,3744,25690.462888149057
0,3745,21765.90913419032
0,3746,19917.518203000152
0,3747,19229.617205188817
0,3748,19035.390445041205
0,3749,19475.458681195098
0,3750,22800.738811086685
0,3751,28871.492305655887
0,3752,34693.99958023997
0,3753,37924.49022361998
0,3754,39834.17892453999
0,3755,42658.151676140005
0,3756,42305.91749384
0,3757,40026.91658966001
0,3758,38954.35588044
0,3759,38153.213718620005
0,3760,38333.44783267999
0,3761,40418.26182859189
0,3762,42698.90559151146
0,3763,42338.35480017992
0,3764,40607.52813579121
0,3765,38735.216889934025
0,3766,37609.89722080065
0,3767,32195.05719728312
0,3768,26304.047664962825
0,3769,22557.77515207336
0,3770,20449.32494849056
0,3771,19444.18649101315
0,3772,18880.616685609657
0,3773,18954.54397513188
0,3774,21280.982911187188
0,3775,26330.374276205974
0,3776,33326.538044799985
0,3777,39074.81692113999
0,3778,43131.45682845997
0,3779,48014.24599971997
0,3780,46632.45112525998
0,3781,42283.65507365996
0,3782,39327.32765961993
0,3783,37814.610331279204
0,3784,37992.201235608794
0,3785,41038.41258577538
0,3786,44293.78522016025
0,3787,44768.45724303078
0,3788,43179.31136928707
0,3789,40338.28658541819
0,3790,36807.494497455016
0,3791,29288.909015812515
0,3792,23291.650414145446
0,3793,20098.349820435647
0,3794,18754.201089627877
0,3795,18498.75520987495
0,3796,19110.754734594848
0,3797,21444.491172061666
0,3798,26547.000051685398
0,3799,28393.22137304196
0,3800,27235.471221837943
0,3801,26645.59164427869
0,3802,26617.346209256557
0,3803,29015.16121364368
0,3804,30649.496320134775
0,3805,30100.127179413004
0,3806,29245.877970911857
0,3807,29661.667837483597
0,3808,31760.67674466274
0,3809,36341.65783316166
0,3810,41336.07276956516
0,3811,43021.79825258355
0,3812,42060.87684043098
0,3813,39740.528877541394
0,3814,36963.484276472795
0,3815,29619.046759061865
0,3816,23229.345902799458
0,3817,20044.38193624857
0,3818,18703.692439045888
0,3819,18448.746643963696
0,3820,19058.904320602218
0,3821,21386.107303077548
0,3822,26474.481707936302
0,3823,28315.40483437591
0,3824,27160.562534831137
0,3825,26571.731585792706
0,3826,26543.549838606872
0,3827,28934.733003882477
0,3828,30564.551993834928
0,3829,30016.698828542376
0,3830,29164.78746117999
0,3831,29579.439979233135
0,3832,31675.674501799516
0,3833,36244.46888881268
0,3834,41225.47845358183
0,3835,42906.63392354306
0,3836,41948.149851687675
0,3837,39634.19990707812
0,3838,36864.77199443811
0,3839,29539.8331994044
0,3840,23168.32099510949
0,3841,19991.735385830074
0,3842,18654.549565304547
0,3843,18400.274038804066
0,3844,19008.847444249444
0,3845,21329.926609228176
0,3846,26404.926109206302
0,3847,28241.035488559028
0,3848,27089.239864385694
0,3849,26501.93225303298
0,3850,26473.81143935458
0,3851,28858.718453365018
0,3852,30484.424431566025
0,3853,29937.85086992948
0,3854,29088.16357558825
0,3855,29501.74975726139
0,3856,31592.500264159167
0,3857,36149.10794968657
0,3858,41117.32147789567
0,3859,42793.90693479975
0,3860,41838.16487077866
0,3861,39530.003609374835
0,3862,36767.887717626276
0,3863,29462.234377693796
0,3864,26016.322665578984
0,3865,22310.8951453248
0,3866,20225.415386819608
0,3867,19231.163346103498
0,3868,18673.652219883486
0,3869,18746.65056178321
0,3870,21035.739635361817
0,3871,26026.9250958716
0,3872,32942.48212124476
0,3873,38624.531688983014
0,3874,42634.97748394527
0,3875,47462.020949397665
0,3876,46096.301775530315
0,3877,41798.01591371268
0,3878,38875.8944051882
0,3879,37400.05390080069
0,3880,37573.42868583545
0,3881,40605.175347956436
0,3882,43826.12055064404
0,3883,44295.61322538311
0,3884,42723.52873371946
0,3885,39912.3613684907
0,3886,36418.738720059126
0,3887,28979.6105321038
0,3888,23050.20139095874
0,3889,19889.824094655407
0,3890,18559.4628269619
0,3891,18306.466904117424
0,3892,18911.963167437665
0,3893,21221.19076522168
0,3894,26272.047739582216
0,3895,28099.146266927055
0,3896,26953.38553834676
0,3897,26392.526073913974
0,3898,26364.530318125995
0,3899,28739.595090205996
0,3900,30358.530484281997
0,3901,29814.260055579998
0,3902,28968.105109943994
0,3903,29379.95988327399
0,3904,31461.98411355809
0,3905,35964.78408971442
0,3906,40907.71021234054
0,3907,42575.764978204585
0,3908,41624.8975947778
0,3909,39328.6183673226
0,3910,36580.51718228268
0,3911,29312.033281881784
0,3912,25216.509447068376
0,3913,21364.20170715701
0,3914,19549.78465644887
0,3915,18874.428126861523
0,3916,18683.645315102858
0,3917,19117.047499536002
0,3918,22381.17731168735
0,3919,28320.400661608437
0,3920,34061.50287539998
0,3921,37233.135339399996
0,3922,39108.05806908
0,3923,41880.491793140005
0,3924,41534.66186870001
0,3925,39297.13615828001
0,3926,38244.39815195999
0,3927,37457.58932916
0,3928,37634.46883195998
0,3929,39674.703511166925
0,3930,41905.49639648754
0,3931,41551.7773858632
0,3932,39852.951198747614
0,3933,38015.1966146943
0,3934,36910.77679254689
0,3935,31596.156274604935
0,3936,25823.589981581692
0,3937,22145.613006424213
0,3938,20075.579892052167
0,3939,19088.700805734927
0,3940,18535.33315802006
0,3941,18607.783098352942
0,3942,20879.90219011262
0,3943,25834.131478366802
0,3944,32698.443423992325
0,3945,38338.44887160422
0,3946,42318.62557685495
0,3947,47109.522598446194
0,3948,45753.44739061782
0,3949,41487.28378972296
0,3950,38586.88505097671
0,3951,37121.75740489204
0,3952,37294.96255688569
0,3953,40304.46848879521
0,3954,43501.3449560484
0,3955,43967.486287878906
0,3956,42406.97916262673
0,3957,39616.52918992377
0,3958,36149.107949686586
0,3959,28764.911318678347
0,3960,22883.03031332774
0,3961,19745.564015817636
0,3962,18424.83024229789
0,3963,18173.692791429996
0,3964,18774.77137546162
0,3965,21067.303192209954
0,3966,26079.784913566094
0,3967,27893.287961662732
0,3968,26755.659377966604
0,3969,26175.602853997927
0,3970,26147.817174610384
0,3971,28503.354238040116
0,3972,30108.98262554334
0,3973,29569.20314998511
0,3974,28729.99641892163
0,3975,29138.464185970744
0,3976,31203.439819226136
0,3977,35703.98867791902
0,3978,40610.964031162155
0,3979,42266.83209554044
0,3980,41322.972065467955
0,3981,39043.449552555685
0,3982,36315.15175743013
0,3983,29099.43627446258
0,3984,22830.018161864664
0,3985,19699.802951738584
0,3986,18382.146320343993
0,3987,18131.58773779667
0,3988,18731.29531791115
0,3989,21018.464986005747
0,3990,26019.369340950423
0,3991,27828.637510280754
0,3992,26693.659534157774
0,3993,26114.943547352537
0,3994,26087.24926822614
0,3995,28437.302315987294
0,3996,30039.503812340143
0,3997,29501.25030627335
0,3998,28664.24867374916
0,3999,29070.949859739623
0,4000,31130.92894538584
0,4001,35621.42377535297
0,4002,40516.82176218463
0,4003,42169.0338161171
0,4004,41227.00179126748
0,4005,38952.963294023844
0,4006,36231.063517178336
0,4007,29032.013348492583
0,4008,22778.34654756502
0,4009,19655.230091054396
0,4010,18340.559201523818
0,4011,18090.579487297073
0,4012,18688.88559674069
0,4013,20970.90638345755
0,4014,25960.477106020473
0,4015,27765.693197106833
0,4016,26633.786213531406
0,4017,26056.585367142645
0,4018,26029.19516085565
0,4019,28374.329961189742
0,4020,29972.966862901478
0,4021,29435.862094363947
0,4022,28600.696923711625
0,4023,29005.172138470203
0,4024,31060.55074430554
0,4025,35540.68687800977
0,4026,40425.11683350424
0,4027,42073.67287699101
0,4028,41133.77352490145
0,4029,38864.91437578922
0,4030,36149.10794968658
0,4031,28966.327027484316
0,4032,22728.07640393624
0,4033,19611.84543376507
0,4034,18300.06888583737
0,4035,18050.63757317748
0,4036,18647.63361221138
0,4037,20924.62738456536
0,4038,25903.169142283656
0,4039,27704.39408863339
0,4040,26574.473593627
0,4041,25998.347280887483
0,4042,25970.74440202222
0,4043,28310.34735325933
0,4044,29905.09910968653
0,4045,29369.259225687918
0,4046,28535.43572970151
0,4047,28941.131022162506
0,4048,30992.000548448126
0,4049,35462.38732096374
0,4050,40335.849245121026
0,4051,41980.749278162104
0,4052,41042.98259883252
0,4053,38778.99813031459
0,4054,36069.28505495481
0,4055,28902.377311437765
0,4056,22679.177264224618
0,4057,19569.679446624334
0,4058,18260.70584003835
0,4059,18011.82292894532
0,4060,18607.53936432321
0,4061,20879.627989329176
0,4062,25847.47591649371
0,4063,27644.801118368
0,4064,26517.317963658767
0,4065,25942.410321067837
0,4066,25914.89884246372
0,4067,28249.444312584234
0,4068,29840.78379259542
0,4069,29305.787597370472
0,4070,28474.045220966877
0,4071,28878.887444323966
0,4072,30925.27835781355
0,4073,35385.91576914057
0,4074,40249.32366457208
0,4075,41890.26301963029
0,4076,40954.629013060716
0,4077,38695.519225137105
0,4078,35991.59483298308
0,4079,28840.22513386037
0,4080,24820.106514490042
0,4081,21028.36668096299
0,4082,19243.37730434425
0,4083,18578.762417182046
0,4084,18391.15248027401
0,4085,18816.361032253353
0,4086,22029.150739420213
0,4087,27874.962274298694
0,4088,33496.70750054342
0,4089,36647.908156859965
0,4090,38493.249314519984
0,4091,41222.07309219999
0,4092,40881.73253163998
0,4093,38679.58272177999
0,4094,37643.00784243999
0,4095,36868.70257069997
0,4096,37012.96398916596
0,4097,39043.75422009302
0,4098,41246.80518118197
0,4099,40898.570186226236
0,4100,39226.554742379325
0,4101,37417.74357435471
0,4102,36330.38513428736
0,4103,31099.548189060028
0,4104,25427.522183294324
0,4105,21807.369983373323
0,4106,19769.12751288356
0,4107,18797.48549294528
0,4108,18252.703215111393
0,4109,18324.2231039026
0,4110,20561.92284492192
0,4111,25462.68882557398
0,4112,32228.360304140002
0,4113,37787.25612662001
0,4114,41710.32151286
0,4115,46432.08934364
0,4116,45095.734203520005
0,4117,40890.27154212
0,4118,38031.22785461999
0,4119,36587.22018952
0,4120,36758.915293099984
0,4121,39694.21517881958
0,4122,42834.123049702794
0,4123,43293.25702817897
0,4124,41756.513970824046
0,4125,39009.0221208584
0,4126,35594.61303208428
0,4127,28323.722258139944
0,4128,22540.91913586861
0,4129,19450.37163907869
0,4130,18149.38032196589
0,4131,17902.02074855859
0,4132,18494.111640244468
0,4133,20752.337892310436
0,4134,25690.879454042384
0,4135,27477.559554803964
0,4136,26357.150979705064
0,4137,25785.949257175365
0,4138,25759.725427742418
0,4139,28080.328080392446
0,4140,29662.122270348096
0,4141,29130.327652481752
0,4142,28303.58248737733
0,4143,28706.0010697506
0,4144,30740.367623149094
0,4145,35170.21115284254
0,4146,40003.76162963395
0,4147,41634.95162350353
0,4148,40705.10630013969
0,4149,38459.70655138756
0,4150,35772.234206239315
0,4151,28664.40149817451
0,4152,22497.686812347878
0,4153,19413.04986577856
0,4154,18114.55682247037
0,4155,17867.654250368905
0,4156,18459.66114573729
0,4157,20713.876913603563
0,4158,25642.520010650405
0,4159,27425.842486687365
0,4160,26330.740233797955
0,4161,25759.876886743998
0,4162,25732.552053207997
0,4163,28050.679923266
0,4164,29630.82381259
0,4165,29099.605871336
0,4166,28273.700579124
0,4167,28675.704993936
0,4168,30707.806509379952
0,4169,35102.87962713371
0,4170,39926.98541027363
0,4171,41555.128728771786
0,4172,40627.1114106308
0,4173,38385.97700739868
0,4174,35703.684010381876
0,4175,28609.409007719983
0,4176,22455.855959497978
0,4177,19376.946762626972
0,4178,18080.891059615897
0,4179,17834.445488820027
0,4180,18424.312307484754
0,4181,20674.00786851065
0,4182,25594.60548949832
0,4183,27374.62326907271
0,4184,26258.380831032988
0,4185,25711.99743512399
0,4186,25684.733594519996
0,4187,27998.530966405993
0,4188,29575.747194994
0,4189,29045.505140651996
0,4190,28221.155168205998
0,4191,28622.397171367968
0,4192,30625.562785683593
0,4193,35037.680774184846
0,4194,39852.95119874761
0,4195,41477.74317433717
0,4196,40551.55386141906
0,4197,38314.38013616982
0,4198,35637.26648728446
0,4199,28556.21405573462
0,4200,22415.457044072667
0,4201,19342.12326313139
0,4202,18048.383033402628
0,4203,17802.36399715879
0,4204,18391.164479443498
0,4205,20636.838428979103
0,4206,25546.89092434761
0,4207,27324.63968018535
0,4208,26210.445269291766
0,4209,25642.441431417563
0,4210,25616.58310081092
0,4211,27924.25573406521
0,4212,29497.257543256634
0,4213,28968.444464097392
0,4214,28146.293239558356
0,4215,28546.460463332398
0,4216,30569.387592423856
0,4217,34974.614593996026
0,4218,39781.049659981596
0,4219,41403.40429527403
0,4220,40478.43365250448
0,4221,38245.52527277526
0,4222,35572.98163694709
0,4223,28504.847108972263
0,4224,22377.1623262679
0,4225,19309.253188295177
0,4226,18017.885533690718
0,4227,17772.444676708925
0,4228,18360.409508683904
0,4229,20602.516344933414
0,4230,25504.66178478389
0,4231,27278.398605256607
0,4232,26188.962163363947
0,4233,25621.178959375997
0,4234,25593.976111704
0,4235,27899.630927167997
0,4236,29471.266302478
0,4237,28942.884532562
0,4238,28121.462220851998
0,4239,28521.270890111995
0,4240,30517.884481903897
0,4241,34913.6810865672
0,4242,39712.19479658702
0,4243,41331.198088970865
0,4244,40408.360118961325
0,4245,38179.10774967783
0,4246,35511.43879444396
0,4247,28455.338634186224
0,4248,24499.13926410874
0,4249,20756.450904061952
0,4250,18993.644534146446
0,4251,18337.482059399077
0,4252,18153.507345457314
0,4253,18573.231453232518
0,4254,21744.48522177957
0,4255,27514.747776220913
0,4256,33092.32518591998
0,4257,36173.99307522
0,4258,37995.5469894
0,4259,40688.994866520006
0,4260,40353.22877586001
0,4261,38179.135714719996
0,4262,37156.284245079994
0,4263,36392.04280711999
0,4264,36563.73791069983
0,4265,38538.920111045074
0,4266,40713.33232364261
0,4267,40369.66734174405
0,4268,38719.28329303436
0,4269,36933.93152536984
0,4270,35860.58779201111
0,4271,30697.387040029786
0,4272,25109.357874254732
0,4273,21533.10938975365
0,4274,19521.60414720813
0,4275,18560.742430619972
0,4276,18024.17468752263
0,4277,18094.8099144844
0,4278,20304.45762685304
0,4279,25122.351920807952
0,4280,31797.647760727494
0,4281,37314.25593895975
0,4282,41188.526979599956
0,4283,45851.13166633998
0,4284,44531.54958251998
0,4285,40378.54084263999
0,4286,37555.48298501999
0,4287,36129.163270199984
0,4288,36270.33183683183
0,4289,39197.20401206697
0,4290,42298.212851866316
0,4291,42751.55814713674
0,4292,41234.009144621894
0,4293,38520.94472635354
0,4294,35149.18909277959
0,4295,27969.332978933922
0,4296,22268.454957400652
0,4297,19215.259700664617
0,4298,17929.989228469192
0,4299,17685.615396925237
0,4300,18270.546601488186
0,4301,20503.474020548547
0,4302,25379.354245672082
0,4303,27144.140954579452
0,4304,26044.891228062013
0,4305,25480.40386544623
0,4306,25453.539897556846
0,4307,27764.89754037999
0,4308,29328.908799189994
0,4309,28803.088732417997
0,4310,27985.630961287996
0,4311,28383.518353189993
0,4312,30375.98821537569
0,4313,34757.64488235277
0,4314,39520.254248186255
0,4315,41131.64085214148
0,4316,40213.06822765195
0,4317,37994.78388970565
0,4318,35339.91097103183
0,4319,28317.903108180515
0,4320,22235.368062866957
0,4321,19194.46002685588
0,4322,17910.72018912014
0,4323,17666.6798311912
0,4324,18251.1022072453
0,4325,20479.761861047715
0,4326,25352.610592349425
0,4327,27130.23558645398
0,4328,26023.732310575997
0,4329,25459.51719311
0,4330,25432.5278207
0,4331,27723.635821882002
0,4332,29285.329349276002
0,4333,28760.302190619997
0,4334,27944.064278130005
0,4335,28341.341740711996
0,4336,30349.747502073988
0,4337,34710.71281926617
0,4338,39481.1382548085
0,4339,41091.19494174363
0,4340,40173.3833771163
0,4341,37957.3454910848
0,4342,35305.3004601576
0,4343,28290.4591740915
0,4344,23553.125343003005
0,4345,20426.915758182484
0,4346,19041.374491567534
0,4347,18694.43903828865
0,4348,19336.83182707528
0,4349,21169.176475204873
0,4350,25008.870915027972
0,4351,27319.06970392599
0,4352,27286.25550650999
0,4353,27580.973353934005
0,4354,28069.282767526
0,4355,30692.25331172
0,4356,31898.99847134
0,4357,30809.0547765
0,4358,29805.385583974003
0,4359,29963.326781387987
0,4360,32033.487886399973
0,4361,36349.60973383584
0,4362,40737.60921813473
0,4363,42162.16956203697
0,4364,41017.46079008044
0,4365,39190.49949305367
0,4366,36571.23510726125
0,4367,29438.396217769216
0,4368,23523.44322703683
0,4369,20401.150697800655
0,4370,19017.31897048652
0,4371,18670.821000792646
0,4372,19312.371722437965
0,4373,21142.396976390923
0,4374,24966.537540019737
0,4375,27272.910844025497
0,4376,27240.258279829948
0,4377,27534.572554989634
0,4378,28022.14253451485
0,4379,30641.057632006195
0,4380,31845.907736595
0,4381,30757.823216535
0,4382,29755.803773531017
0,4383,29913.48304329148
0,4384,31980.050966862982
0,4385,36302.81656224845
0,4386,40683.947761258634
0,4387,42106.73203564992
0,4388,40963.50490280925
0,4389,39138.60953822678
0,4390,36522.905858287355
0,4391,29398.985059675608
0,4392,23494.86009782285
0,4393,20376.339948398563
0,4394,18994.188970146726
0,4395,18648.07828559121
0,4396,19288.838881617914
0,4397,21116.604011524007
0,4398,24936.093796624315
0,4399,27239.624524362003
0,4400,27206.98097795189
0,4401,27501.30974359044
0,4402,27988.220477572206
0,4403,30603.421993369222
0,4404,31806.826293322694
0,4405,30720.19520007868
0,4406,29719.32991113589
0,4407,29876.77556112219
0,4408,31940.97828014294
0,4409,36231.67285225274
0,4410,40605.78468303073
0,4411,42025.53540612232
0,4412,40884.5554795176
0,4413,39063.55761000721
0,4414,36452.86148421928
0,4415,29342.439102088738
0,4416,25558.529224266258
0,4417,21975.45618692928
0,4418,20152.024319908174
0,4419,19462.995442155032
0,4420,19385.34834782971
0,4421,19744.4704447979
0,4422,22567.92635710621
0,4423,27978.128830651924
0,4424,33453.70830801999
0,4425,36893.09974349999
0,4426,38944.292046660004
0,4427,41967.711685899994
0,4428,41893.60527352001
0,4429,39771.966133899994
0,4430,38667.384135379994
0,4431,38198.3484883
0,4432,38196.213735679994
0,4433,39989.09665425393
0,4434,41891.11787352968
0,4435,41245.93081037042
0,4436,39549.418135787164
0,4437,38017.86113283396
0,4438,36360.37678721324
0,4439,31305.517165535995
0,4440,26033.19399046213
0,4441,22518.63959618569
0,4442,20481.740081295662
0,4443,19462.722615335806
0,4444,19082.004733791902
0,4445,19244.21543644599
0,4446,21272.291418377994
0,4447,26180.118188224
0,4448,33169.78620956
0,4449,39002.23533206001
0,4450,43186.045502600005
0,4451,47915.74241454001
0,4452,46537.912080660004
0,4453,42061.64080118001
0,4454,39200.76732572001
0,4455,37782.0717274
0,4456,37447.22053072
0,4457,40350.789058580005
0,4458,43039.05253647989
0,4459,43070.83891144404
0,4460,41480.97573014913
0,4461,39227.29740775735
0,4462,35931.0908504505
0,4463,28787.02230348838
0,4464,23416.60869675826
0,4465,20308.466541272417
0,4466,18930.879341861448
0,4467,18588.388935115923
0,4468,19227.045926087972
0,4469,21048.904804927995
0,4470,24856.053123901995
0,4471,27152.132049041993
0,4472,27119.531326888
0,4473,27412.419386352
0,4474,27897.770642742005
0,4475,30504.700045820005
0,4476,31703.82108894
0,4477,30620.89158128
0,4478,29623.291185488
0,4479,29780.225999523995
0,4480,31837.700574680002
0,4481,36141.05689193999
0,4482,40499.676797290034
0,4483,41915.775001170674
0,4484,40777.77360218646
0,4485,38961.301379852885
0,4486,36357.53815360208
0,4487,29265.849810267347
0,4488,23393.293198216237
0,4489,20288.225841139196
0,4490,18912.26251750193
0,4491,18567.5931776792
0,4492,19205.35065970167
0,4493,21027.313306999866
0,4494,24830.588574791997
0,4495,27124.288775584
0,4496,27091.749046361998
0,4497,27384.332141166004
0,4498,27869.164957634
0,4499,30473.349678772003
0,4500,31671.494834980003
0,4501,30589.480221300004
0,4502,29592.916705352003
0,4503,29749.699037058
0,4504,31805.069356059994
0,4505,36100.861916337606
0,4506,40423.288828281446
0,4507,41836.64153309297
0,4508,40700.840954619685
0,4509,38887.76444107505
0,4510,36288.95034923573
0,4511,29210.548525259055
0,4512,23350.634049336546
0,4513,20251.22072721574
0,4514,18877.505268986628
0,4515,18533.474686043483
0,4516,19170.260305428397
0,4517,20986.921272306063
0,4518,24782.632407421435
0,4519,27072.711213506125
0,4520,27040.455663812194
0,4521,27332.744220262044
0,4522,27816.92611814935
0,4523,30416.498903707015
0,4524,31613.25372007938
0,4525,30532.979708666608
0,4526,29538.509270502647
0,4527,29695.15406519471
0,4528,31743.615362582663
0,4529,36034.248288183255
0,4530,40384.59605106407
0,4531,41796.73008572707
0,4532,40661.84350986522
0,4533,38850.59500154346
0,4534,36254.21825000129
0,4535,29182.580045349205
0,4536,23329.886190057012
0,4537,20233.2148757705
0,4538,18860.718087689973
0,4539,18516.992172283975
0,4540,19153.19892334832
0,4541,20968.04250860839
0,4542,24760.604944485785
0,4543,27047.866012841547
0,4544,27015.38845338198
0,4545,27307.921298180216
0,4546,27791.672528653155
0,4547,30388.887066147505
0,4548,31583.926577685077
0,4549,30505.010630634733
0,4550,29512.39665498716
0,4551,29668.32194521714
0,4552,31715.585949166376
0,4553,36002.25819678312
0,4554,40348.645281681085
0,4555,41759.56064619549
0,4556,40625.588072945066
0,4557,38816.16756984617
0,4558,36221.923491064015
0,4559,29156.622371184527
0,4560,23310.72260197065
0,4561,20216.610494996145
0,4562,18845.24097680306
0,4563,18501.789262180493
0,4564,19137.478078431708
0,4565,20950.828792759854
0,4566,24741.65146204456
0,4567,27027.429059366394
0,4568,26995.222942343953
0,4569,27287.024361017247
0,4570,27771.811498500127
0,4571,30366.8850065544
0,4572,31560.774223005694
0,4573,30482.401047992014
0,4574,29489.499383459068
0,4575,29645.755321336143
0,4576,31693.933046820588
0,4577,35972.70544568018
0,4578,40315.43652013238
0,4579,41725.13321449821
0,4580,40592.37931139638
0,4581,38784.17747844604
0,4582,36192.066072423906
0,4583,29132.70596951873
0,4584,25387.854469958114
0,4585,21828.697834286835
0,4586,20002.307349369046
0,4587,19319.770299697295
0,4588,19242.855234586812
0,4589,19599.458114322864
0,4590,22402.305709714037
0,4591,27767.278295028515
0,4592,33230.47417689998
0,4593,36646.99326288
0,4594,38684.157191679995
0,4595,41687.449163360005
0,4596,41613.9526803
0,4597,39506.34191504
0,4598,38409.07906836
0,4599,37943.39803254
0,4600,37941.263279919986
0,4601,39698.4782041346
0,4602,41578.283461594765
0,4603,40938.17696605497
0,4604,39254.27948825944
0,4605,37734.29314544744
0,4606,36089.088444869216
0,4607,31071.823443179914
0,4608,25850.97959317096
0,4609,22360.98248843144
0,4610,20339.44422146829
0,4611,19324.41037899082
0,4612,18946.555185490757
0,4613,19107.784832678324
0,4614,21121.687254813958
0,4615,26017.69401030799
0,4616,32963.93506406
0,4617,38760.398356679994
0,4618,42918.28653112
0,4619,47618.40187104
0,4620,46249.11054764001
0,4621,41800.59105222
0,4622,38957.710491699996
0,4623,37547.553903859996
0,4624,37214.83745979999
0,4625,40069.01580498985
0,4626,42730.23141953664
0,4627,42768.01019414251
0,4628,41189.223016661694
0,4629,38951.43995633816
0,4630,35678.39660479891
0,4631,28584.51766993531
0,4632,23262.98119890018
0,4633,20175.20617669827
0,4634,18806.63959984691
0,4635,18463.888620559777
0,4636,19098.297833154968
0,4637,20907.931603529898
0,4638,24691.42932651626
0,4639,26972.550727338526
0,4640,26964.18232908398
0,4641,27255.423579383998
0,4642,27737.969160902005
0,4643,30329.894302708006
0,4644,31522.36711624
0,4645,30445.353922984
0,4646,29453.578352197997
0,4647,29609.628768719987
0,4648,31629.547803366495
0,4649,35898.97590169128
0,4650,40232.87161756632
0,4651,41639.826304097835
0,4652,40509.20507375602
0,4653,38704.65925125142
0,4654,36118.03186089788
0,4655,29073.0520657459
0,4656,23250.337496108685
0,4657,20164.20767860736
0,4658,18796.40277059885
0,4659,18453.834591834016
0,4660,19087.87820338464
0,4661,20896.567504394425
0,4662,24677.09011429965
0,4663,26956.888557123602
0,4664,26924.778681678097
0,4665,27216.68569888425
0,4666,27698.56439885733
0,4667,30286.784714413032
0,4668,31477.663444084093
0,4669,30402.11262332218
0,4670,29411.7551535008
0,4671,29564.694070435387
0,4672,31607.428973479233
0,4673,35879.47717931404
0,4674,40210.935554891934
0,4675,41617.280906349144
0,4676,40487.26901108164
0,4677,38683.63719118848
0,4678,36098.533138520645
0,4679,29057.209353814404
0,4680,23239.308531264072
0,4681,20154.641117941035
0,4682,18787.476011760526
0,4683,18445.090633517968
0,4684,19078.829577531444
0,4685,20886.63534268349
0,4686,24664.4518697631
0,4687,26942.847112787946
0,4688,26910.491420343238
0,4689,27201.11378402502
0,4690,27682.73222674243
0,4691,30269.481484110845
0,4692,31459.665217964342
0,4693,30384.737213412474
0,4694,29394.933318738676
0,4695,29550.679363726744
0,4696,31592.195596622027
0,4697,35862.41579723397
0,4698,40192.046167589004
0,4699,41597.47751643477
0,4700,40468.07495624152
0,4701,38665.3571389598
0,4702,36081.16708890343
0,4703,29043.438381135493
0,4704,23229.894304366313
0,4705,20146.506494699286
0,4706,18779.889790085632
0,4707,18437.626278857933
0,4708,19071.121488841698
0,4709,20878.196051904593
0,4710,24654.489241298492
0,4711,26931.940014958185
0,4712,26899.614789267198
0,4713,27190.11528593412
0,4714,27671.52046137553
0,4715,30257.233849117645
0,4716,31446.86918140429
0,4717,30372.428644911848
0,4718,29383.05128479004
0,4719,29538.70592951696
0,4720,31579.399560061975
0,4721,35848.096422988194
0,4722,40175.594120583206
0,4723,41580.72080189184
0,4724,40451.622909235746
0,4725,38649.81909456546
0,4726,36066.54304712052
0,4727,29031.678214201725
0,4728,23222.125282169145
0,4729,20139.773342128392
0,4730,18773.61363882046
0,4731,18431.471994607622
0,4732,19064.75393731538
0,4733,20871.219165304
0,4734,24646.232751041898
0,4735,26922.952322612506
0,4736,26891.398361967003
0,4737,27182.070523797407
0,4738,27663.59835823519
0,4739,30248.82844173471
0,4740,31438.268529351586
0,4741,30364.548908479286
0,4742,29375.664329530864
0,4743,29528.834701313503
0,4744,31569.040863799077
0,4745,35835.90972150242
0,4746,40162.18874894887
0,4747,41566.70609518321
0,4748,40437.91287006425
0,4749,38636.71839046826
0,4750,36054.66101317189
0,4751,29021.98978652055
0,4752,25303.7357629526
0,4753,21756.3697609688
0,4754,19936.04216004013
0,4755,19254.31807892645
0,4756,19177.48092605871
0,4757,19532.692807615043
0,4758,22327.288781404837
0,4759,27674.286151611832
0,4760,33120.38193463994
0,4761,36525.312363539946
0,4762,38556.07203447995
0,4763,41549.300172379946
0,4764,41476.108653979936
0,4765,39375.51207589994
0,4766,38281.90880513993
0,4767,37786.02541416974
0,4768,37778.469938333365
0,4769,39559.251692940685
0,4770,41440.57373480559
0,4771,40802.599912025806
0,4772,39124.18644989887
0,4773,37609.07478768117
0,4774,35969.354102771555
0,4775,30968.84581562516
0,4776,25777.95078451742
0,4777,22297.82490798133
0,4778,20280.864878579847
0,4779,19268.546052911093
0,4780,18891.64184271011
0,4781,19052.20163478507
0,4782,21061.65411585176
0,4783,25921.08569249507
0,4784,32870.6158781
0,4785,38650.91604374
0,4786,42796.91059643999
0,4787,47483.91245598
0,4788,46118.58567315999
0,4789,41682.5697288
0,4790,38847.61824943999
0,4791,37441.73116683996
0,4792,37079.70283237433
0,4793,39948.31213787373
0,4794,42609.58307482757
0,4795,42647.05718189629
0,4796,41072.840017472634
0,4797,38841.150307891985
0,4798,35577.551650004214
0,4799,28503.750305838406
0,4800,23208.689443781084
0,4801,20128.10457545578
0,4802,18762.73700774443
0,4803,18420.778164053878
0,4804,19053.694505717067
0,4805,20859.1238640794
0,4806,24631.94384354994
0,4807,26908.596466812676
0,4808,26876.54708467202
0,4809,27167.06735351658
0,4810,27649.53497798895
0,4811,30233.177652035305
0,4812,31421.948235170938
0,4813,30348.29466805741
0,4814,29359.683872706115
0,4815,29515.235055022906
0,4816,31554.49429649865
0,4817,35815.192328976635
0,4818,40139.03401612594
0,4819,41542.63735974887
0,4820,40414.453469704196
0,4821,38614.47766025676
0,4822,36033.63895310896
0,4823,29005.172138470192
0,4824,23207.47077363252
0,4825,20127.03823907579
0,4826,18761.76207162558
0,4827,18419.833694688736
0,4828,19052.71956959822
0,4829,20858.02706094572
0,4830,24632.502227906112
0,4831,26908.169098817714
0,4832,26899.834785823074
0,4833,27190.374617405985
0,4834,27671.76133321599
0,4835,30257.495692423996
0,4836,31447.04084521999
0,4837,30372.711340971997
0,4838,29383.283998067993
0,4839,29538.968456997987
0,4840,31553.978170849783
0,4841,35813.36432375378
0,4842,40136.90134336592
0,4843,41540.50468698886
0,4844,40412.62546448134
0,4845,38612.34498749676
0,4846,36031.8109478861
0,4847,29003.648800784475
0,4848,23207.897308184525
0,4849,20127.434306874078
0,4850,18762.09720591644
0,4851,18420.1688289796
0,4852,19053.054703889084
0,4853,20858.42312874399
0,4854,24632.76790064118
0,4855,26908.447152870518
0,4856,26876.38962009215
0,4857,27190.86256086199
0,4858,27672.27977313799
0,4859,30258.075125278
0,4860,31447.65077454
0,4861,30373.260277359997
0,4862,29383.863430921996
0,4863,29539.51739338599
0,4864,31554.330375387384
0,4865,35813.97365882806
0,4866,40137.51067844021
0,4867,41541.11402206314
0,4868,40413.23479955563
0,4869,38613.258990108196
0,4870,36032.420282960375
0,4871,29004.197202351326
0,4872,23209.96904743709
0,4873,20129.231845343216
0,4874,18763.772877370724
0,4875,18421.814033680166
0,4876,19054.76084209707
0,4877,20860.281600720537
0,4878,24633.34531422072
0,4879,26910.36709268006
0,4880,26878.314983090862
0,4881,27193.30227814197
0,4882,27674.78048334999
0,4883,30260.78931075199
0,4884,31450.395456479997
0,4885,30376.0049593
0,4886,29386.48612699799
0,4887,29517.130851746733
0,4888,31552.58881679336
0,4889,35817.325001736644
0,4890,40141.16668888594
0,4891,41545.07470004602
0,4892,40416.89081000135
0,4893,38616.610333016775
0,4894,36035.77162586896
0,4895,29006.786876417053
0,4896,23213.685991390248
0,4897,20132.46132123694
0,4898,18766.78908598844
0,4899,18424.76930879046
0,4900,19057.837984222224
0,4901,20863.632943629123
0,4902,24637.275525449888
0,4903,26913.172494670194
0,4904,26881.870176244218
0,4905,27172.451042265446
0,4906,27653.797899343663
0,4907,30239.099594877127
0,4908,31427.99779242692
0,4909,30354.2142157117
0,4910,29365.41070186243
0,4911,29520.989117421228
0,4912,31557.463497387715
0,4913,35823.11368494238
0,4914,40147.56470716596
0,4915,41551.47271832606
0,4916,40423.288828281395
0,4917,38622.70368375967
0,4918,36041.56030907472
0,4919,29011.44828973537
0,4920,25307.056639107486
0,4921,21759.233635817993
0,4922,19938.631834106138
0,4923,19257.935208630286
0,4924,19181.26817826696
0,4925,19536.709773380924
0,4926,22330.61398247972
0,4927,27678.403092063087
0,4928,33124.65143987995
0,4929,36530.19179809999
0,4930,38560.951469039996
0,4931,41554.789536259996
0,4932,41481.293053199995
0,4933,39380.69647511999
0,4934,38287.093204360004
0,4935,37822.632027179985
0,4936,37820.49727455991
0,4937,39564.43104107217
0,4938,41446.05775047419
0,4939,40807.779260157266
0,4940,39129.365798030325
0,4941,37613.94946827549
0,4942,35974.228783365856
0,4943,30972.80649360804
0,4944,25794.09816398607
0,4945,22311.77868118253
0,4946,20293.569514878774
0,4947,19280.610887382034
0,4948,18904.357689902732
0,4949,19065.222099935745
0,4950,21074.65741568339
0,4951,25937.064096619382
0,4952,32862.05291459396
0,4953,38640.896562940754
0,4954,42823.747486519984
0,4955,47513.79899266
0,4956,46147.55731586
0,4957,41708.796689560004
0,4958,38871.710457580004
0,4959,37465.21344565999
0,4960,37133.10693091981
0,4961,39973.29487591958
0,4962,42636.08915055913
0,4963,42673.867925165
0,4964,41098.7367581299
0,4965,38865.523710863534
0,4966,35599.79238021574
0,4967,28521.60382351507
0,4968,23234.708051453374
0,4969,20151.8193482162
0,4970,18784.99157915793
0,4971,18442.810758747553
0,4972,19076.67567852792
0,4973,20884.45119949129
0,4974,24662.070491374216
0,4975,26940.472189728305
0,4976,26908.34349711629
0,4977,27222.273920841984
0,4978,27704.24006950599
0,4979,30293.02407531399
0,4980,31483.94156907999
0,4981,30408.361709725992
0,4982,29417.775501113978
0,4983,29573.64293883967
0,4984,31591.910934928215
0,4985,35862.28318654228
0,4986,40183.82014408614
0,4987,41589.25149293193
0,4988,40459.84893273869
0,4989,38657.740450531244
0,4990,36074.15973554914
0,4991,29037.680164683494
0,4992,23244.975347455238
0,4993,20164.65061831271
0,4994,18796.940820837157
0,4995,18454.506254007323
0,4996,19088.730603538854
0,4997,20897.601752580442
0,4998,24677.55985990171
0,4999,26957.34080462295
0,5000,26925.15726671766
0,5001,27234.32002491197
0,5002,27716.499648838
0,5003,30306.412023888
0,5004,31497.96994344
0,5005,30421.810651232005
0,5006,29430.797492095993
0,5007,29586.725922752525
0,5008,31611.4353989077
0,5009,35884.09942568448
0,5010,40216.194901581825
0,5011,41622.434420773505
0,5012,40492.32255749595
0,5013,38688.65427085288
0,5014,36104.00991177299
0,5015,29061.981270350163
0,5016,23266.213972240752
0,5017,20178.1121733101
0,5018,18809.432139198743
0,5019,18466.765309704526
0,5020,19101.361555861462
0,5021,20911.416535798995
0,5022,24693.847490648906
0,5023,26989.555388795867
0,5024,26957.137645438
0,5025,27248.287406340005
0,5026,27730.711001994005
0,5027,30321.965221548
0,5028,31514.13307042
0,5029,30437.394345358
0,5030,29445.893242766007
0,5031,29601.913162822002
0,5032,31647.09766218
0,5033,35907.73906114318
0,5034,40242.27258787873
0,5035,41649.62429624288
0,5036,40518.74388947853
0,5037,38713.9075314053
0,5038,36126.59947409645
0,5039,29080.474593335028
0,5040,23282.62225269984
0,5041,20192.32018448822
0,5042,18822.659481606854
0,5043,18479.71634776466
0,5044,19114.73126855801
0,5045,20926.041464143953
0,5046,24711.07865894563
0,5047,27005.29156525195
0,5048,26972.873821894
0,5049,27264.176065126005
0,5050,27746.90462544
0,5051,30339.622675361992
0,5052,31532.430950019996
0,5053,30455.14328857
0,5054,29463.062753124002
0,5055,29619.174162577998
0,5056,31665.70050643999
0,5057,35910.55326810285
0,5058,40245.66765412637
0,5059,41653.23167573219
0,5060,40522.30577785323
0,5061,38717.15062027435
0,5062,36129.60922730936
0,5063,29082.374892382515
0,5064,23285.648463663736
0,5065,20194.85723284421
0,5066,18825.490047703228
0,5067,18482.59777067474
0,5068,19116.913019674706
0,5069,20928.31386176502
0,5070,24715.27728326364
0,5071,26998.60500436349
0,5072,26990.470282775885
0,5073,27281.986001269994
0,5074,27765.019526244
0,5075,30359.445378261997
0,5076,31553.1685469
0,5077,30475.026984402008
0,5078,29482.30602317
0,5079,29638.508922021985
0,5080,31660.066055711275
0,5081,35934.01266846283
0,5082,40272.17372985791
0,5083,41680.34708653801
0,5084,40548.81185358475
0,5085,38742.4380258573
0,5086,36153.3732952066
0,5087,29101.386146700308
0,5088,24087.86855571787
0,5089,20951.83419563234
0,5090,19322.929208291323
0,5091,18632.918170167326
0,5092,18621.37127050957
0,5093,19388.98113034418
0,5094,21656.196243659106
0,5095,26727.851788081232
0,5096,31977.374388959986
0,5097,35177.06360167999
0,5098,37431.97229772001
0,5099,40334.320966939995
0,5100,40294.06563182
0,5101,38136.74562697999
0,5102,36907.12811785999
0,5103,36093.95621246286
0,5104,36270.06096193285
0,5105,38041.70269042583
0,5106,39997.668278891055
0,5107,39749.668903655736
0,5108,39210.10269537352
0,5109,38362.21293950144
0,5110,34777.19002992663
0,5111,29754.50194607616
0,5112,24862.912303458794
0,5113,21590.84499023025
0,5114,19728.286436081136
0,5115,18781.574217654394
0,5116,18477.834688148643
0,5117,19081.549035378004
0,5118,20612.455502748446
0,5119,25456.944101150904
0,5120,32381.75312469442
0,5121,37905.497336215725
0,5122,41686.48362837795
0,5123,45955.353250736305
0,5124,44256.05669066689
0,5125,39863.23644563884
0,5126,37053.3184113981
0,5127,35473.46317310499
0,5128,35427.35055419218
0,5129,38574.26154535375
0,5130,41685.22176713232
0,5131,41903.3637237275
0,5132,41156.92825772441
0,5133,39594.89779478652
0,5134,33905.84087369444
0,5135,27076.93129588508
0,5136,22407.0786868012
0,5137,19650.62961124352
0,5138,18422.60616927673
0,5139,18102.76618878284
0,5140,18725.32383418312
0,5141,21160.25725779262
0,5142,24502.88667481558
0,5143,25927.54254525518
0,5144,25347.089953488212
0,5145,25652.00122466205
0,5146,26170.60630638879
0,5147,28768.235771854317
0,5148,30101.761561192252
0,5149,29192.587803065235
0,5150,28228.178518491593
0,5151,28534.06472578425
0,5152,30598.979425532212
0,5153,34884.737670538496
0,5154,39348.1170896998
0,5155,40854.39339334031
0,5156,40907.71021234052
0,5157,39515.37956759192
0,5158,34237.0144865701
0,5159,27524.274640673782
0,5160,22427.917946341862
0,5161,19668.909663472168
0,5162,18439.728484864227
0,5163,18119.61430358691
0,5164,18742.75081730777
0,5165,21179.938780692126
0,5166,24525.675806593965
0,5167,25951.672214197
0,5168,25370.671220863165
0,5169,25675.856692820435
0,5170,26194.9492426066
0,5171,28794.738270564783
0,5172,30129.182083256077
0,5173,29218.89641577689
0,5174,28254.440860193383
0,5175,28560.6012682695
0,5176,30627.313506486607
0,5177,34917.33709701291
0,5178,39384.677194157084
0,5179,40892.47683548329
0,5180,40945.79365448352
0,5181,39552.244339586345
0,5182,34269.004577970234
0,5183,27549.866713793886
0,5184,22450.311010321948
0,5185,19688.560719617974
0,5186,18458.160870861462
0,5187,18137.71155529328
0,5188,18761.487870842146
0,5189,21201.082707769943
0,5190,24550.171076580395
0,5191,25979.303962537793
0,5192,25397.914660266597
0,5193,25726.57474587199
0,5194,26246.691973502002
0,5195,28851.608609824
0,5196,30188.665168662
0,5197,29276.607359999998
0,5198,28310.235345392
0,5199,28616.999296885984
0,5200,30662.180695705494
0,5201,34952.06919624735
0,5202,39424.283973985825
0,5203,40933.30228546064
0,5204,40986.61910446087
0,5205,39591.8511194151
0,5206,34303.127342130385
0,5207,27577.40865915173
0,5208,22474.257878741566
0,5209,19710.696757278693
0,5210,18479.05483214467
0,5211,18158.412858837008
0,5212,18783.07351457789
0,5213,21225.67988990462
0,5214,24578.857374245774
0,5215,26008.178605653557
0,5216,25447.89803956399
0,5217,25754.021565272003
0,5218,26274.687729290003
0,5219,28882.379544018
0,5220,30220.89993322401
0,5221,29307.866237650007
0,5222,28340.457343197995
0,5223,28647.526259351995
0,5224,30696.32837577399
0,5225,34989.54330331608
0,5226,39466.32809411171
0,5227,40976.86974327224
0,5228,41030.186562272465
0,5229,39633.89523954098
0,5230,34339.68744658767
0,5231,27606.809076486123
0,5232,22499.758551600462
0,5233,19732.135904731967
0,5234,18499.158993487566
0,5235,18178.17483281137
0,5236,18802.800788878965
0,5237,21247.78824121419
0,5238,24605.67065507164
0,5239,26036.524280323996
0,5240,25453.855794210896
0,5241,25783.267676165982
0,5242,26304.513273037996
0,5243,28915.163244968
0,5244,30255.177961007998
0,5245,29341.107385589996
0,5246,28372.600618361994
0,5247,28680.03549210795
0,5248,30725.41645344709
0,5249,35029.1500831448
0,5250,39511.114222071905
0,5251,41023.48387645529
0,5252,41076.80069545552
0,5253,39678.98603503832
0,5254,34378.68489134212
0,5255,27638.159366058262
0,5256,24256.68483804943
0,5257,21098.653481782094
0,5258,19458.323461798173
0,5259,18763.468209833587
0,5260,18751.860376668392
0,5261,19524.862851910446
0,5262,21807.96246815609
0,5263,26915.14656825987
0,5264,32201.21844939997
0,5265,35423.47504696
0,5266,37694.24190532
0,5267,40617.02320676001
0,5268,40576.46290698001
0,5269,38403.89466914
0,5270,37165.73814954
0,5271,36376.79457411999
0,5272,36529.994699067254
0,5273,38308.28678542695
0,5274,40277.96241306365
0,5275,40028.43970014261
0,5276,39484.912813877505
0,5277,38631.234374799686
0,5278,35020.92405964191
0,5279,29963.016408497588
0,5280,25049.064168653847
0,5281,21752.378616232218
0,5282,19875.68752093189
0,5283,18921.742995379947
0,5284,18615.552120550114
0,5285,19223.577124428633
0,5286,20767.26237501869
0,5287,25648.111243882726
0,5288,32653.78600483997
0,5289,38223.35559042
0,5290,42035.718805079996
0,5291,46339.99001631999
0,5292,44626.39359178001
0,5293,40197.08686994
0,5294,37363.355249219996
0,5295,35770.52483003999
0,5296,35698.42402512324
0,5297,38863.08637056638
0,5298,41997.50599270503
0,5299,42217.17128698594
0,5300,41464.94713777712
0,5301,39891.33930842776
0,5302,34159.62893213549
0,5303,27279.65707510077
0,5304,22585.55293006023
0,5305,19807.167791828168
0,5306,18569.33405516534
0,5307,18246.96533411314
0,5308,18874.489060368895
0,5309,21328.79933934075
0,5310,24698.05669911012
0,5311,26134.076668685215
0,5312,25550.10519157807
0,5313,25857.70570173765
0,5314,26380.692302865
0,5315,28999.92635117148
0,5316,30343.884978956037
0,5317,29427.142364596883
0,5318,28455.798003139927
0,5319,28764.151619562785
0,5320,30842.71345524754
0,5321,35162.59446441394
0,5322,39661.6199854211
0,5323,41179.77832301023
0,5324,41233.39980954759
0,5325,39830.101133461794
0,5326,34509.69193231409
0,5327,27743.513400402695
0,5328,22617.207887169512
0,5329,19834.923004462216
0,5330,18595.74045863685
0,5331,18273.081492624424
0,5332,18901.68391505662
0,5333,21358.687224735124
0,5334,24734.09528007521
0,5335,26172.445386630738
0,5336,25586.731221842107
0,5337,25917.848580623973
0,5338,26441.808362969998
0,5339,29066.090255201994
0,5340,30413.119158422
0,5341,29494.260637842
0,5342,28520.72195372399
0,5343,28805.548697848306
0,5344,30885.671577984893
0,5345,35211.95060543129
0,5346,39717.37414471848
0,5347,41237.66515506762
0,5348,41291.28664160499
0,5349,39886.15996029633
0,5350,34558.134070720065
0,5351,27782.953312112437
0,5352,22651.066297927533
0,5353,19864.805115351486
0,5354,18623.532329400914
0,5355,18300.40242334286
0,5356,18929.93143629795
0,5357,21391.633680457722
0,5358,24771.052475794266
0,5359,26211.537156365528
0,5360,25624.94772109823
0,5361,25955.87767372597
0,5362,26480.630364187997
0,5363,29108.754811135997
0,5364,30457.73548818
0,5365,29537.535123096
0,5366,28562.563105076
0,5367,28872.071738509974
0,5368,30936.26328384959
0,5369,35263.744086745784
0,5370,39775.565644313
0,5371,41297.98932742215
0,5372,41351.91548149667
0,5373,39944.65612742798
0,5374,34608.70888188594
0,5375,27823.18396136589
0,5376,22685.118281198957
0,5377,19894.485507973714
0,5378,18651.198222395993
0,5379,18327.39756391921
0,5380,18957.69376476295
0,5381,21422.81974130342
0,5382,24806.97534363913
0,5383,26249.301931233098
0,5384,25661.876502529285
0,5385,25970.816913326693
0,5386,26496.141829782464
0,5387,29126.07571771114
0,5388,30476.11751066507
0,5389,29555.670619948003
0,5390,28578.4852526999
0,5391,28888.149337453146
0,5392,30978.59517681378
0,5393,35317.670240820284
0,5394,39836.49915174182
0,5395,41361.36017514812
0,5396,41415.28632922263
0,5397,40005.89430239394
0,5398,34661.721033349
0,5399,27865.83741656605
0,5400,22721.34325136536
0,5401,19926.26233209781
0,5402,18680.994707528662
0,5403,18356.676114238748
0,5404,18987.97771795507
0,5405,21457.064372478417
0,5406,24846.582123467862
0,5407,26291.22418434411
0,5408,25702.636969335395
0,5409,26011.813586029246
0,5410,26537.700221893705
0,5411,29171.49014699718
0,5412,30523.716604542642
0,5413,29601.762058174794
0,5414,28624.124449764342
0,5415,28934.276002576767
0,5416,31027.951317831128
0,5417,35374.03373519195
0,5418,39900.174667004925
0,5419,41427.473030708374
0,5420,41481.399184782895
0,5421,40069.569817657066
0,5422,34717.17052510923
0,5423,27910.349343742804
0,5424,25275.279814983343
0,5425,21948.79777742902
0,5426,20055.197633817195
0,5427,19092.60055021037
0,5428,18783.63720079252
0,5429,19397.17668709335
0,5430,20953.235666303284
0,5431,25878.80191765251
0,5432,32918.445812597645
0,5433,38533.52699733065
0,5434,42379.08930492982
0,5435,46718.37311956934
0,5436,44991.008472059235
0,5437,40525.27266787719
0,5438,37668.67651857268
0,5439,36062.58389958772
0,5440,36015.05423334322
0,5441,39214.063373356395
0,5442,42376.817076449464
0,5443,42598.31037595323
0,5444,41839.383540927236
0,5445,40251.76100486925
0,5446,34468.257147262484
0,5447,27526.011245635505
0,5448,25318.877739548676
0,5449,21986.66795229604
0,5450,20089.77739928306
0,5451,19125.535110975645
0,5452,18816.05382674465
0,5453,19430.629182671775
0,5454,20990.935503714125
0,5455,25924.37637677343
0,5456,33005.410257819945
0,5457,38635.05788141998
0,5458,42488.59132518
0,5459,46839.21716474
0,5460,45107.01789594
0,5461,40630.13668714
0,5462,37765.90860041999
0,5463,36155.69519561999
0,5464,36082.671229169915
0,5465,39281.69956660239
0,5466,42449.937285364045
0,5467,42672.03991994211
0,5468,41911.58974723039
0,5469,40321.2252033381
0,5470,34527.66731700559
0,5471,27573.50891467627
0,5472,22839.097254471562
0,5473,20029.544627189658
0,5474,18777.81805083305
0,5475,18451.82378608885
0,5476,19086.385332452617
0,5477,21568.237556782307
0,5478,24975.365091418676
0,5479,26427.471506954967
0,5480,25835.8376165748
0,5481,26146.62897121552
0,5482,26675.227148160568
0,5483,29322.949312886798
0,5484,30682.13390492373
0,5485,29755.477222020647
0,5486,28772.46707359953
0,5487,29084.233364359094
0,5488,31188.815777443222
0,5489,35557.44359255271
0,5490,40107.04392472579
0,5491,41642.26364439499
0,5492,41696.49446600665
0,5493,40277.35307798935
0,5494,34897.229039561396
0,5495,28054.97502362512
0,5496,22881.354641873448
0,5497,20066.59219970638
0,5498,18812.550150067487
0,5499,18485.94655024899
0,5500,19121.69630000762
0,5501,21608.149004148185
0,5502,25021.552690049724
0,5503,26476.370646666594
0,5504,25883.63995315276
0,5505,26195.48307232071
0,5506,26725.319324201057
0,5507,29378.014890949496
0,5508,30739.66740416003
0,5509,29811.33159940352
0,5510,28827.58391316956
0,5511,29138.0376514188
0,5512,31246.397941963456
0,5513,35623.251780575825
0,5514,40181.078136251774
0,5515,41719.344531292394
0,5516,41773.57535290406
0,5517,40351.99662458965
0,5518,34961.818557435945
0,5519,28106.890371954476
0,5520,22925.074433453625
0,5521,20104.949842632825
0,5522,18848.5009194505
0,5523,18521.28798455772
0,5524,19158.256404464923
0,5525,21649.43145543122
0,5526,25069.385493381356
0,5527,26526.975924586364
0,5528,25934.78911467539
0,5529,26270.631699311907
0,5530,26801.758151167927
0,5531,29461.751405085928
0,5532,30827.04769143992
0,5533,29895.74661273192
0,5534,28908.94196590392
0,5535,29197.433133862127
0,5536,31306.112779243715
0,5537,35691.19264135897
0,5538,40257.85435561211
0,5539,41798.86275848705
0,5540,41853.39824763586
0,5541,40429.077511487114
0,5542,35028.54074807051
0,5543,28160.60325875298
0,5544,22970.287095965818
0,5545,20144.587089215278
0,5546,18885.67035898207
0,5547,18557.817622261293
0,5548,19196.035179070786
0,5549,21692.145844138824
0,5550,25118.802567906132
0,5551,26579.287340713887
0,5552,25984.24117391773
0,5553,26298.04429158204
0,5554,26831.060860005164
0,5555,29493.962471396797
0,5556,30860.95621123823
0,5557,29928.460749083555
0,5558,28940.571326982557
0,5559,29254.16573609561
0,5560,31367.960289283965
0,5561,35761.87550997641
0,5562,40337.37258280673
0,5563,41881.427661053116
0,5564,41935.96315020192
0,5565,40508.59573868174
0,5566,35097.70027900223
0,5567,28216.14415077436
0,5568,23016.992629410015
0,5569,20185.534406207462
0,5570,18924.058468662257
0,5571,18595.715018231665
0,5572,19235.402244381195
0,5573,21736.854665711995
0,5574,25170.822645721462
0,5575,26634.56551396944
0,5576,26038.511661012893
0,5577,26351.997746968227
0,5578,26885.6016676542
0,5579,29553.89642036005
0,5580,30923.419147371776
0,5581,29989.278320070174
0,5582,28999.377896122925
0,5583,29313.612169459433
0,5584,31431.635804547153
0,5585,35834.38638381671
0,5586,40419.32815029851
0,5587,41966.429903916345
0,5588,42021.27006060229
0,5589,40591.16064124781
0,5590,35168.992482693975
0,5591,28273.482581265227
0,5592,24838.16816152501
0,5593,21604.652467507614
0,5594,19925.1473251301
0,5595,19213.789912604723
0,5596,19202.072847743573
0,5597,19993.79635713545
0,5598,22330.27008776575
0,5599,27559.747041407543
0,5600,32943.55395406341
0,5601,36240.21882501506
0,5602,38563.67101929568
0,5603,41553.88234793769
0,5604,41514.06674222735
0,5605,39291.361336611895
0,5606,38024.59599919162
0,5607,37217.3644911747
0,5608,37404.77384467807
0,5609,39231.93885867178
0,5610,41240.40716290194
0,5611,40984.79109923803
0,5612,40428.46817641286
0,5613,39554.37701234639
0,5614,35857.84578417683
0,5615,30679.106987801144
0,5616,25670.250810137033
0,5617,22297.877384485542
0,5618,20374.280211236193
0,5619,19396.522858400607
0,5620,19082.785802966988
0,5621,19706.20775693674
0,5622,21287.196093149123
0,5623,26307.562919637858
0,5624,33463.467177139995
0,5625,39171.49071835999
0,5626,43078.08801295999
0,5627,47489.0968552
0,5628,45733.11034292001
0,5629,41193.71137882
0,5630,38289.83788630001
0,5631,36657.66702598
0,5632,36613.44715027999
0,5633,39842.20758323159
0,5634,43055.564130331244
0,5635,43280.800826556886
0,5636,42509.692786704574
0,5637,40896.461618744775
0,5638,35020.79610812057
0,5639,27967.63181958864
0,5640,23175.443607574733
0,5641,20324.599956994818
0,5642,19054.557727684234
0,5643,18723.862126392716
0,5644,19367.88541856638
0,5645,21886.481816370833
0,5646,25343.961992047833
0,5647,26817.678197310084
0,5648,26217.437165262043
0,5649,26546.47223428193
0,5650,27083.179539415938
0,5651,29771.07705972393
0,5652,31150.920160359925
0,5653,30209.646737269926
0,5654,29212.473292001923
0,5655,29529.026609081906
0,5656,31650.629691636277
0,5657,36066.23837958345
0,5658,40680.732897168215
0,5659,42237.88867951178
0,5660,42292.728836197726
0,5661,40853.479390728906
0,5662,35396.274465403505
0,5663,28456.283103551395
0,5664,23218.286471201638
0,5665,20363.57823360941
0,5666,19091.148595493098
0,5667,18759.899641633452
0,5668,19405.162315254784
0,5669,21926.343779941577
0,5670,25389.987142718204
0,5671,26869.630316687973
0,5672,26268.330487578718
0,5673,26585.184687359153
0,5674,27122.64756490589
0,5675,29814.502261560847
0,5676,31196.188351627825
0,5677,30253.693352051894
0,5678,29255.069164334393
0,5679,29572.068048284847
0,5680,31706.750590588257
0,5681,36147.889279538016
0,5682,40772.7424933857
0,5683,42333.55428617501
0,5684,42388.69911039809
0,5685,40946.09832202071
0,5686,35476.40202767241
0,5687,28527.959506808846
0,5688,23278.236637843023
0,5689,20414.801374744216
0,5690,19139.1363694707
0,5691,18806.997412012894
0,5692,19453.908209225843
0,5693,21983.706671960925
0,5694,25456.61483475879
0,5695,26936.918044192014
0,5696,26334.030972269487
0,5697,26650.97625280001
0,5698,27207.574624229906
0,5699,29907.853709733976
0,5700,31293.948585899983
0,5701,30348.436154035982
0,5702,29346.688238867984
0,5703,29664.674889849986
0,5704,31811.16864925998
0,5705,36267.00729651997
0,5706,40907.34956307997
0,5707,42473.34309217997
0,5708,42528.54169563998
0,5709,41081.17941927997
0,5710,35593.64532723999
0,5711,28614.895040732
0,5712,23350.320611617997
0,5713,20477.858479077997
0,5714,19198.104779854
0,5715,18864.839399406006
0,5716,19513.590720624
0,5717,22051.018677688
0,5718,25534.38601714
0,5719,27019.014974952006
0,5720,26414.117571842
0,5721,26731.860251096005
0,5722,27272.288125082006
0,5723,29978.971468446
0,5724,31368.359962940005
0,5725,30420.621289058
0,5726,29416.494649541997
0,5727,29735.213215708
0,5728,31886.79988494
0,5729,36336.35139610752
0,5730,40985.50228317957
0,5731,42554.423055259314
0,5732,42610.0976509091
0,5733,41159.93441741761
0,5734,35661.9642074107
0,5735,28670.072597891172
0,5736,23396.7447923577
0,5737,20518.667415874737
0,5738,19236.450666054538
0,5739,18902.588743581084
0,5740,19552.729124184225
0,5741,22095.32565649586
0,5742,25585.322894983172
0,5743,27073.047811623288
0,5744,26467.06232310664
0,5745,26785.54463088742
0,5746,27327.168896431427
0,5747,30039.30017014631
0,5748,31431.397493701843
0,5749,30481.8314694665
0,5750,29459.340036090936
0,5751,29778.54021475682
0,5752,31933.42323822343
0,5753,36406.2473510362
0,5754,41064.30932643259
0,5755,42636.393818096236
0,5756,42691.84330985647
0,5757,41238.88382521618
0,5758,35730.19008611342
0,5759,28724.725670529035
0,5760,25242.649921755226
0,5761,21956.5046045317
0,5762,20249.659965144787
0,5763,19526.732963355807
0,5764,19514.850665742546
0,5765,20319.483511089733
0,5766,22693.987085297398
0,5767,28008.70571251939
0,5768,33479.97647093407
0,5769,36830.67909293476
0,5770,39191.98840514591
0,5771,42230.73407370841
0,5772,42188.68585328711
0,5773,39929.96514326467
0,5774,38642.61926442414
0,5775,37818.38138569923
0,5776,38008.79859641427
0,5777,39865.442567770515
0,5778,41915.245757676115
0,5779,41655.364348492185
0,5780,41089.901399552706
0,5781,40201.49086124047
0,5782,36444.63546071637
0,5783,31180.894421477467
0,5784,26100.38043907704
0,5785,22665.314891284557
0,5786,20709.867237632472
0,5787,19715.889397699793
0,5788,19396.841552802474
0,5789,20030.397696293665
0,5790,21637.244753945855
0,5791,26722.58677501013
0,5792,33991.80095829011
0,5793,39790.112225576
0,5794,43758.93079938474
0,5795,48240.294378098566
0,5796,46456.80829755292
0,5797,41846.08980335478
0,5798,38893.553124281054
0,5799,37235.55238714252
0,5800,37190.46159164517
0,5801,40494.27636443597
0,5802,43760.00769508375
0,5803,43989.11768301612
0,5804,43205.20810994432
0,5805,41565.79209257182
0,5806,35593.3943619357
0,5807,28424.597679688362
0,5808,23562.98732272598
0,5809,20664.38037433685
0,5810,19372.986084644086
0,5811,19036.663590390697
0,5812,19691.333194205974
0,5813,22251.850576626275
0,5814,25766.952286426513
0,5815,27265.093966825276
0,5816,26654.72302291076
0,5817,26975.35513900123
0,5818,27520.710030489194
0,5819,30252.054500986207
0,5820,31654.043106662295
0,5821,30697.69170756692
0,5822,29684.428412533
0,5823,30006.065931496043
0,5824,32177.461935475872
0,5825,36684.40881244879
0,5826,41378.11688969104
0,5827,42962.0834153033
0,5828,43017.83757460068
0,5829,41553.91005862321
0,5830,36003.172199394554
0,5831,28944.208164287655
0,5832,20226.786390736765
0,5833,17632.085310648894
0,5834,16575.772492616525
0,5835,16388.523824287753
0,5836,17138.828568012566
0,5837,20472.896827241773
0,5838,26880.999602747692
0,5839,27746.986610326127
0,5840,25886.351494233302
0,5841,25490.527429975667
0,5842,25660.531915702082
0,5843,27939.079492495508
0,5844,29084.9340996947
0,5845,28333.89753705517
0,5846,27347.628402637638
0,5847,27904.834861320498
0,5848,30281.05885052232
0,5849,35275.62612069437
0,5850,40810.521267991324
0,5851,44574.38402186972
0,5852,44844.319459779406
0,5853,39284.136906899505
0,5854,32578.099746820382
0,5855,25581.866757611464
0,5856,20281.32187988556
0,5857,17679.613446443378
0,5858,16620.467220315568
0,5859,16432.700617173647
0,5860,17185.016166643607
0,5861,20528.102584972297
0,5862,26953.44954308057
0,5863,27821.782490695015
0,5864,25956.12036023931
0,5865,25560.202574852763
0,5866,25730.90929533756
0,5867,28017.125373135805
0,5868,29166.199640185136
0,5869,28412.774751520312
0,5870,27423.618227869505
0,5871,27980.057276241423
0,5872,30362.679283723235
0,5873,35370.68239228335
0,5874,40920.50624890041
0,5875,44694.7276990417
0,5876,44964.96780448865
0,5877,39389.856542288544
0,5878,32665.843997517895
0,5879,25650.843488020895
0,5880,20336.984638921786
0,5881,17728.14698511043
0,5882,16666.106417379753
0,5883,16477.821879424693
0,5884,17232.209168147238
0,5885,20584.466079343947
0,5886,27027.45328785287
0,5887,27898.162642257055
0,5888,26027.88223958047
0,5889,25630.16045197608
0,5890,25801.32563894852
0,5891,28092.621023009997
0,5892,29245.07497883614
0,5893,28489.868256970414
0,5894,27496.610828301116
0,5895,28056.86396235542
0,5896,30446.036321885855
0,5897,35467.87133663231
0,5898,41032.928570106655
0,5899,44817.20404897376
0,5900,45088.66282456922
0,5901,39498.01351797471
0,5902,32755.720920975404
0,5903,25721.252155854905
0,5904,20393.805134599166
0,5905,17777.68592665007
0,5906,16712.659617055382
0,5907,16523.857144287176
0,5908,17280.513494680617
0,5909,20641.987310356923
0,5910,27102.980370310914
0,5911,27976.12706501224
0,5912,26100.136705047353
0,5913,25702.474842705873
0,5914,25874.125827821168
0,5915,28186.040243861942
0,5916,29342.03590049426
0,5917,28584.073926746056
0,5918,27589.34028914237
0,5919,28151.47103222139
0,5920,30534.651383248285
0,5921,35566.88828620419
0,5922,41147.48356407296
0,5923,44942.72707427722
0,5924,45214.490517409766
0,5925,39608.607833958034
0,5926,32847.12118211865
0,5927,25793.12322786721
0,5928,22509.111844990774
0,5929,19194.389974370213
0,5930,17644.272012134672
0,5931,17149.98567620183
0,5932,17120.90177417648
0,5933,18157.843367938753
0,5934,21937.75759820729
0,5935,28041.99803656189
0,5936,34215.35990137243
0,5937,37564.48052019296
0,5938,39388.08005126769
0,5939,42167.52727640346
0,5940,41375.14419730907
0,5941,38821.78124708815
0,5942,37322.97547714343
0,5943,36613.030885972206
0,5944,36771.84839560917
0,5945,39371.57649005991
0,5946,42813.71032471413
0,5947,45099.93552344358
0,5948,44338.876015657566
0,5949,39323.43901919114
0,5950,34285.456624976025
0,5951,28827.368163792904
0,5952,23992.142015547226
0,5953,20529.412655382137
0,5954,18769.840605535202
0,5955,17896.45137273844
0,5956,17577.78912388332
0,5957,18429.160634560703
0,5958,21047.30805250386
0,5959,26471.35116146894
0,5960,34612.57401601999
0,5961,40834.15804468
0,5962,45214.365456260006
0,5963,49877.58007232
0,5964,47671.46572188
0,5965,42659.981464100005
0,5966,39592.03698449999
0,5967,37812.56819339993
0,5968,37884.45952708569
0,5969,41812.57279765857
0,5970,46107.47106877916
0,5971,47917.80557448951
0,5972,46176.93526724803
0,5973,39916.32204647357
0,5974,32795.937035878436
0,5975,25642.465130749435
0,5976,20571.09117446333
0,5977,17932.213301489566
0,5978,16857.95556551941
0,5979,16667.507888050623
0,5980,17430.5782015831
0,5981,20821.406022980947
0,5982,27338.579776784456
0,5983,28219.31269316068
0,5984,26328.168546174194
0,5985,25925.802488305177
0,5986,26099.878870549455
0,5987,28417.43661943674
0,5988,29582.93406823031
0,5989,28818.753366660603
0,5990,27815.842370162725
0,5991,28382.609723826885
0,5992,30796.4039896016
0,5993,35876.125836405445
0,5994,41505.163252680126
0,5995,45333.31085689595
0,5996,45607.511640325654
0,5997,39952.88215093086
0,5998,33132.59466442267
0,5999,26017.32806845156
0,6000,20632.420749690442
0,6001,17985.682454258353
0,6002,16908.195242394482
0,6003,16717.360581380988
0,6004,17482.85996100005
0,6005,20883.46680029723
0,6006,27420.07834297052
0,6007,28303.461866919894
0,6008,26406.997405922328
0,6009,26003.435214767123
0,6010,26200.67280630798
0,6011,28527.156708049984
0,6012,29697.15362613998
0,6013,28930.04552037598
0,6014,27923.26568831798
0,6015,28467.8164669446
0,6016,30888.41358581914
0,6017,35983.06414194304
0,6018,41628.85827276066
0,6019,45468.27857585082
0,6020,45743.39336189196
0,6021,40072.00715795423
0,6022,33231.30694645745
0,6023,26096.13155814954
0,6024,20696.01679238906
0,6025,18041.279791701832
0,6026,16960.614461442197
0,6027,16769.17473620083
0,6028,17537.034005322286
0,6029,20948.772740290628
0,6030,27506.058146116018
0,6031,28392.43279896186
0,6032,26488.747599040475
0,6033,26105.828797047983
0,6034,26279.933121441994
0,6035,28613.492203296002
0,6036,29786.996214975996
0,6037,29017.570377795993
0,6038,28007.740899137985
0,6039,28555.797689561397
0,6040,30981.641852185247
0,6041,36091.83045270349
0,6042,41754.99063313833
0,6043,45605.98830263996
0,6044,45882.017091292524
0,6045,40193.26483773759
0,6046,33331.84723371494
0,6047,26173.8357822825
0,6048,20758.33984279218
0,6049,18095.628894075744
0,6050,17011.713028170816
0,6051,16819.71472331379
0,6052,17589.91838541543
0,6053,21011.934196576447
0,6054,27587.432221123807
0,6055,28476.208360480647
0,6056,26568.62609247824
0,6057,26162.615824669483
0,6058,26338.443967130246
0,6059,28677.20537934697
0,6060,29853.350619336376
0,6061,29082.19375688782
0,6062,28070.10369895244
0,6063,28642.041991514427
0,6064,31076.698123774226
0,6065,36202.72943622394
0,6066,41882.95099873885
0,6067,45745.8307021891
0,6068,46022.773493453096
0,6069,40316.35052274381
0,6070,33434.21552619536
0,6071,26254.17661182739
0,6072,20822.929360666658
0,6073,18151.756728755616
0,6074,17064.337355180833
0,6075,16871.54373767604
0,6076,17643.96734459752
0,6077,21076.321351309427
0,6078,27673.257066337257
0,6079,28564.805680282087
0,6080,26649.299940749614
0,6081,26243.049198199566
0,6082,26418.331678876428
0,6083,28765.339938835536
0,6084,29945.097218902414
0,6085,29171.562311775215
0,6086,28156.40248585018
0,6087,28727.254411087386
0,6088,31173.58240058601
0,6089,36315.1517574301
0,6090,42013.34870463649
0,6091,45888.11044203536
0,6092,46165.96723591079
0,6093,40441.87354804715
0,6094,33538.41182389864
0,6095,26335.857978535725
0,6096,22989.877218604182
0,6097,19604.350612351336
0,6098,18021.11528882822
0,6099,17516.159312765572
0,6100,17486.301894125445
0,6101,18545.173919469824
0,6102,22405.524882361813
0,6103,28641.541708482473
0,6104,34946.75544047482
0,6105,38401.75991651997
0,6106,40265.70391843999
0,6107,43106.754690999995
0,6108,42295.853660060005
0,6109,39685.66113512001
0,6110,38153.82364794
0,6111,37428.00775713999
0,6112,37562.67205523019
0,6113,40212.45889257767
0,6114,43728.01760368363
0,6115,46063.29427589327
0,6116,45285.78272110149
0,6117,40163.407419097464
0,6118,35017.57271673334
0,6119,29443.07078960744
0,6120,24511.965767422498
0,6121,20974.227259612482
0,6122,19175.62245408334
0,6123,18284.359501658164
0,6124,17958.810261631723
0,6125,18828.625116394527
0,6126,21503.53187917856
0,6127,27045.146691935446
0,6128,35362.78707961999
0,6129,41718.860523339994
0,6130,46193.91194418
0,6131,50958.069862699995
0,6132,48704.3810253
0,6133,43584.02438390001
0,6134,40449.902573080006
0,6135,38631.70327016
0,6136,38736.61111319915
0,6137,42718.65405312517
0,6138,47106.47592307473
0,6139,48956.112541076654
0,6140,47177.46345922931
0,6141,40781.27318442573
0,6142,33506.421732498515
0,6143,26198.056851485457
0,6144,21023.034999062933
0,6145,18326.178893772783
0,6146,17228.640483017163
0,6147,17034.176353626488
0,6148,17814.192693579305
0,6149,21279.841042067837
0,6150,27939.201359510513
0,6151,28841.172976924972
0,6152,26907.411205945657
0,6153,26519.81832299799
0,6154,26696.697825798
0,6155,29067.249120909997
0,6156,30259.386473315997
0,6157,29477.73155327
0,6158,28451.891429961997
0,6159,29007.23540847527
0,6160,31473.070589598687
0,6161,36664.300754997275
0,6162,42417.03319135247
0,6163,46329.26903582007
0,6164,46609.56316999267
0,6165,40830.62932544307
0,6166,33860.44541065997
0,6167,26588.91483488763
0,6168,21091.798462196337
0,6169,18386.13746508058
0,6170,17284.672918043456
0,6171,17089.41149348779
0,6172,17871.767262120182
0,6173,21348.450395486547
0,6174,28030.60162065359
0,6175,28933.636200748762
0,6176,26994.59685627636
0,6177,26582.06051330615
0,6178,26760.523446762905
0,6179,29136.76588589036
0,6180,30331.758028428725
0,6181,29548.229051520226
0,6182,28519.93677414485
0,6183,29098.18713756044
0,6184,31576.048217153395
0,6185,36784.035097094864
0,6186,42555.96158829012
0,6187,46480.68880178063
0,6188,46761.89693856466
0,6189,40964.073706712195
0,6190,33971.34439418043
0,6191,26675.89741674228
0,6192,21161.597794956055
0,6193,18446.979572248267
0,6194,17341.859014765403
0,6195,17145.95778838174
0,6196,17930.903231079843
0,6197,21419.102797350257
0,6198,28123.34241896026
0,6199,29029.362740919427
0,6200,27082.719979090816
0,6201,26668.87336956994
0,6202,26846.996652999802
0,6203,29231.159819541463
0,6204,30430.315672822253
0,6205,29644.518575052232
0,6206,28611.511213726317
0,6207,29194.49254605155
0,6208,31680.549182393817
0,6209,36905.9021119525
0,6210,42696.7179904507
0,6211,46634.54590803841
0,6212,46916.668047433894
0,6213,41099.65076074132
0,6214,34083.76671538661
0,6215,26764.159602252927
0,6216,21232.372063834628
0,6217,18508.674748519945
0,6218,17399.867713837648
0,6219,17203.296218872263
0,6220,17990.892269143522
0,6221,21490.760602086564
0,6222,28217.42375443037
0,6223,29126.490751760986
0,6224,27173.328104637516
0,6225,26759.08903012139
0,6226,26937.788720794724
0,6227,29331.08506115084
0,6228,30534.12552383206
0,6229,29745.291986908484
0,6230,28710.140310524504
0,6231,29295.10018699168
0,6232,31786.573485320012
0,6233,37029.292464495935
0,6234,42839.60706537139
0,6235,46790.535687056275
0,6236,47073.57182906318
0,6237,41237.055819993344
0,6238,34197.7123742789
0,6239,26854.217412381622
0,6240,21304.793239449118
0,6241,18571.96015973129
0,6242,17459.52537783079
0,6243,17262.432862252303
0,6244,18052.91885527709
0,6245,21565.002445241316
0,6246,28312.815160310547
0,6247,29227.658739241935
0,6248,27267.972589247915
0,6249,26874.49222257795
0,6250,27053.71995325999
0,6251,29455.957076545994
0,6252,30664.196563
0,6253,29871.928872785993
0,6254,28832.395836243988
0,6255,29395.886201603334
0,6256,31894.121125931866
0,6257,37154.51082226216
0,6258,42984.32414551484
0,6259,46948.658138834086
0,6260,47232.91295098955
0,6261,41376.59355200536
0,6262,34313.486038393385
0,6263,26945.265127472467
0,6264,23528.236515884113
0,6265,20063.611602931287
0,6266,18443.45191667414
0,6267,17926.839156129503
0,6268,17896.4401629477
0,6269,18980.33175548827
0,6270,22931.45770715698
0,6271,29312.193763963158
0,6272,35765.19146044588
0,6273,39299.57587555998
0,6274,41207.12982386
0,6275,44114.662892299995
0,6276,43284.549087780004
0,6277,40613.6685955
0,6278,39045.540313779995
0,6279,38302.951366679976
0,6280,38435.333148416095
0,6281,41152.66291220442
0,6282,44750.48185833929
0,6283,47140.294019697765
0,6284,46344.502412677335
0,6285,41102.39276857572
0,6286,35837.57807834901
0,6287,30132.832348814423
0,6288,25092.86158124172
0,6289,21471.45198359031
0,6290,19630.402032029397
0,6291,18716.955136021243
0,6292,18383.691887322002
0,6293,19274.089714434293
0,6294,22012.238562632454
0,6295,27684.97200541995
0,6296,36198.69521267998
0,6297,42705.11623377999
0,6298,47285.99039164
0,6299,52162.6802697
0,6300,49855.927581460004
0,6301,44614.49997004001
0,6302,41406.27174684
0,6303,39545.072426859995
0,6304,39613.48251455253
0,6305,43728.62693875791
0,6306,48220.03577133648
0,6307,50113.54451468717
0,6308,48292.85131271392
0,6309,41745.24127194972
0,6310,34298.55732907322
0,6311,26817.385020992013
0,6312,21525.340367552417
0,6313,18764.077544907865
0,6314,17639.945733107215
0,6315,17440.69316381496
0,6316,18239.135378408566
0,6317,21787.29351598893
0,6318,28606.788866900548
0,6319,29528.37770000779
0,6320,27549.48152612411
0,6321,27128.4800973336
0,6322,27310.62386088332
0,6323,29735.678799369398
0,6324,30955.107661312028
0,6325,30155.612548533416
0,6326,29106.20475177254
0,6327,29696.340913235377
0,6328,32224.990071270357
0,6329,37540.21992428659
0,6330,43430.6620874309
0,6331,47436.12619826463
0,6332,47723.12301825442
0,6333,41806.17477937854
0,6334,34669.64238931475
0,6335,27224.23805009426
0,6336,21600.9893170253
0,6337,18830.007599945846
0,6338,17701.945576916038
0,6339,17501.961805534636
0,6340,18303.237428223667
0,6341,21863.826001319532
0,6342,28707.268220650676
0,6343,29632.11699640535
0,6344,27645.044852397732
0,6345,27223.637611175393
0,6346,27405.44935405205
0,6347,29840.159486198758
0,6348,31063.884579358335
0,6349,30261.55578216003
0,6350,29208.310563653682
0,6351,29800.659077953478
0,6352,32338.326395087966
0,6353,37670.80537175752
0,6354,43581.75535819374
0,6355,47601.09167254551
0,6356,47889.77618142281
0,6357,41952.372642049544
0,6358,34791.31008630624
0,6359,27319.903656757513
0,6360,21677.5218023559
0,6361,18896.7297905804
0,6362,17764.67662281401
0,6363,17563.961649343466
0,6364,18368.07068012793
0,6365,21941.30295601527
0,6366,28808.996711303087
0,6367,29737.135896458905
0,6368,27743.025932343244
0,6369,27318.806853623784
0,6370,27500.998040835977
0,6371,29942.969284553503
0,6372,31171.145060288894
0,6373,30365.847826109555
0,6374,29309.108473525168
0,6375,29906.25684632763
0,6376,32452.881389054142
0,6377,37804.245022002804
0,6378,43736.2163232037
0,6379,47769.871504134404
0,6380,48059.47168137559
0,6381,42101.04808993545
0,6382,34914.699731955974
0,6383,27416.696533308197
0,6384,21754.99875705165
0,6385,18964.244116811547
0,6386,17828.13887080114
0,6387,17626.723161995164
0,6388,18433.7265343825
0,6389,22019.693913322462
0,6390,28911.9438721041
0,6391,29843.373466661094
0,6392,27842.164748929983
0,6393,27417.2086781962
0,6394,27600.334034526164
0,6395,30051.940276278845
0,6396,31284.401327636944
0,6397,30476.370002988846
0,6398,29415.75271750617
0,6399,30013.134218357794
0,6400,32568.959720706058
0,6401,37940.114009431076
0,6402,43893.63334058623
0,6403,47942.17897746101
0,6404,48232.222472822235
0,6405,42252.208053757524
0,6406,35039.50877940774
0,6407,27515.46677703955
0,6408,21834.15961294562
0,6409,19033.45143542174
0,6410,17893.536809302845
0,6411,17691.376634376837
0,6412,18501.327490452277
0,6413,22100.479385451577
0,6414,29016.079236300033
0,6415,29950.860173765537
0,6416,27942.430835404088
0,6417,27515.16508131318
0,6418,27698.66633893509
0,6419,30158.216899545834
0,6420,31395.075700089812
0,6421,30584.050716212158
0,6422,29519.75560870661
0,6423,30121.230260536526
0,6424,32686.256722506547
0,6425,38077.34879227159
0,6426,44052.18386320472
0,6427,48114.92547102174
0,6428,48406.187636531526
0,6429,42404.23715479245
0,6430,35165.641139785366
0,6431,27613.785963086728
0,6432,24116.87290525399
0,6433,20565.39389151874
0,6434,18904.529279531333
0,6435,18374.834299452723
0,6436,18343.514476634147
0,6437,19454.30185030786
0,6438,23503.881820520026
0,6439,30043.63143882592
0,6440,36657.29340164297
0,6441,40245.05831905208
0,6442,42198.28189968302
0,6443,45175.797740192465
0,6444,44326.079979097536
0,6445,41590.77483061766
0,6446,39985.17690986817
0,6447,39224.42206961929
0,6448,39398.38723332859
0,6449,42183.962525437244
0,6450,45871.65839502962
0,6451,48321.49006120546
0,6452,47505.89506427068
0,6453,42132.16904412273
0,6454,36734.37428854042
0,6455,30886.280913059116
0,6456,25725.45656786749
0,6457,22012.56469295329
0,6458,20124.936033069487
0,6459,19188.296623627324
0,6460,18846.459646951625
0,6461,19759.091254466828
0,6462,22565.993274175573
0,6463,28381.152088891617
0,6464,37077.12526782756
0,6465,43741.42297531798
0,6466,48433.60771487455
0,6467,53428.63198635234
0,6468,51065.630568262575
0,6469,45697.38856378358
0,6470,42411.24450814681
0,6471,40504.635060698885
0,6472,40614.6200416079
0,6473,44833.35142844248
0,6474,49438.70591991294
0,6475,51379.742799058105
0,6476,49513.04479897612
0,6477,42800.3049530798
0,6478,35165.67602189433
0,6479,27495.524434440726
0,6480,22074.28364080978
0,6481,19242.772201959822
0,6482,18089.26941688739
0,6483,17884.928899724804
0,6484,18703.72290579961
0,6485,22342.245434896933
0,6486,29335.431748734405
0,6487,30280.51044895545
0,6488,28249.992714151063
0,6489,27818.004613234425
0,6490,28003.547143355197
0,6491,30490.213114771766
0,6492,31740.568687211224
0,6493,30920.708344756396
0,6494,29844.683537070803
0,6495,30452.739007703025
0,6496,33044.42514587012
0,6497,38494.65624003415
0,6498,44534.69434360593
0,6499,48642.51140350386
0,6500,48937.30032034908
0,6501,42870.14745385181
0,6502,35552.52685495009
0,6503,27917.691831387972
0,6504,22155.453767873878
0,6505,19313.33218087127
0,6506,18156.32674181277
0,6507,17951.194089053635
0,6508,18773.03477049989
0,6509,22425.02360473899
0,6510,29444.167592741134
0,6511,30392.719502885622
0,6512,28354.67647991378
0,6513,27921.10410780399
0,6514,28107.31690650648
0,6515,30603.244771052225
0,6516,31858.170356548842
0,6517,31035.26333872258
0,6518,29955.277853054118
0,6519,30565.465996446346
0,6520,33166.89540298866
0,6521,38637.23355429173
0,6522,44699.81593404957
0,6523,48822.86744338052
0,6524,49118.876806627624
0,6525,43029.18079076857
0,6526,35684.14194742558
0,6527,28021.1569270021
0,6528,22238.079603947364
0,6529,19385.35558665214
0,6530,18224.02386856619
0,6531,18018.1295469642
0,6532,18843.047370535616
0,6533,22508.654843685046
0,6534,29553.93930637415
0,6535,30505.457839353214
0,6536,28460.11855917558
0,6537,28025.20900524614
0,6538,28212.122539284053
0,6539,30717.190429944127
0,6540,31976.990696035056
0,6541,31151.03700283735
0,6542,30066.96897217115
0,6543,30679.716322875403
0,6544,33292.24045388617
0,6545,38781.33413045393
0,6546,44866.91612953088
0,6547,49005.239173436545
0,6548,49302.46707516294
0,6549,43189.85819332131
0,6550,35817.629669273774
0,6551,28125.657892242554
0,6552,21317.0696391607
0,6553,18390.098143063457
0,6554,17329.154378466505
0,6555,17341.462946967124
0,6556,18511.630023630245
0,6557,21976.79672409257
0,6558,28445.92440728845
0,6559,30454.445145911042
0,6560,28531.048517166524
0,6561,27891.203768161347
0,6562,28095.021988264016
0,6563,30700.68793347252
0,6564,31982.546786388648
0,6565,31159.25481842959
0,6566,30172.779349942302
0,6567,30668.748291538213
0,6568,33343.424600126404
0,6569,40013.20632328541
0,6570,48347.691469399855
0,6571,51975.97716924915
0,6572,46956.579494799844
0,6573,41036.58458055251
0,6574,35123.59701965949
0,6575,27680.386286706434
0,6576,21397.501868966756
0,6577,18459.501408024895
0,6578,17394.536031937634
0,6579,17406.90553394568
0,6580,18581.490289897392
0,6581,22059.696760949482
0,6582,28553.258780624325
0,6583,30569.426674429225
0,6584,28638.687558039535
0,6585,27995.89998817292
0,6586,28204.750340684706
0,6587,30820.470170419598
0,6588,32109.192146129586
0,6589,31282.699144921335
0,6590,30293.22367430076
0,6591,30790.89968461782
0,6592,33476.18622619766
0,6593,40172.94782706887
0,6594,48540.97592991076
0,6595,52184.17024079995
0,6596,47145.07346510814
0,6597,41201.72968506108
0,6598,35290.51045519989
0,6599,27811.892594485977
0,6600,24611.227494853985
0,6601,20959.367180751993
0,6602,18955.108938765992
0,6603,18371.65055125399
0,6604,18358.659056737994
0,6605,19363.761583165997
0,6606,22863.109070801995
0,6607,29086.85834854799
0,6608,37351.15666282
0,6609,43667.27973607999
0,6610,48269.19645547999
0,6611,53219.687781259985
0,6612,50809.85703793998
0,6613,45811.48626053998
0,6614,42554.15872707991
0,6615,40939.070393518974
0,6616,41744.54767215713
0,6617,47341.98392928757
0,6618,52879.62108441907
0,6619,53971.244870006456
0,6620,47785.27519583226
0,6621,41400.96695497726
0,6622,35000.816002190775
0,6623,27512.72861620643
0,6624,24691.27793530427
0,6625,21027.642763675987
0,6626,19016.976156298162
0,6627,18431.711831209203
0,6628,18418.765245755356
0,6629,19427.272445058246
0,6630,22938.20236484149
0,6631,29197.773995389976
0,6632,37493.575159039996
0,6633,43833.485475780006
0,6634,48453.39511012
0,6635,53422.48928015999
0,6636,51003.50959704001
0,6637,45986.231010719996
0,6638,42716.3999262
0,6639,41120.51986042
0,6640,41888.435014408074
0,6641,47522.651778813604
0,6642,53081.310994007996
0,6643,54177.20012511539
0,6644,47967.466383044004
0,6645,41559.49069323495
0,6646,35134.93552371593
0,6647,27607.052465449848
0,6648,21643.978899515485
0,6649,18672.311910844204
0,6650,17595.209553661276
0,6651,17607.892251664318
0,6652,18796.221005272313
0,6653,22312.966884577447
0,6654,28881.05058383768
0,6655,30920.40367721925
0,6656,28967.48476412546
0,6657,28317.29377310621
0,6658,28523.980230304776
0,6659,31169.012387528874
0,6660,32468.724100985684
0,6661,31632.716379062233
0,6662,30632.188187080923
0,6663,31137.936298740147
0,6664,33853.438057305655
0,6665,40625.28340540793
0,6666,49087.42424958579
0,6667,52771.15944119528
0,6668,47674.98554738568
0,6669,41664.50437460679
0,6670,35662.58275918059
0,6671,28105.2652787956
0,6672,21727.795949808988
0,6673,18745.096663815202
0,6674,17663.665186139307
0,6675,17676.218712815808
0,6676,18868.986565433333
0,6677,22401.00661109753
0,6678,28995.020725455634
0,6679,31039.224016705473
0,6680,29079.243396771104
0,6681,28426.81959066128
0,6682,28634.57320451747
0,6683,31290.242051523262
0,6684,32595.180527147444
0,6685,31754.583393919904
0,6686,30750.094523955704
0,6687,31257.67064083779
0,6688,33983.53109566621
0,6689,40781.577851962866
0,6690,49276.318122615136
0,6691,52974.06802093328
0,6692,47858.39540474642
0,6693,41825.16335088343
0,6694,35798.81884409555
0,6695,28212.748901110765
0,6696,21811.247742311294
0,6697,18816.609286057163
0,6698,17731.190360634206
0,6699,17743.965701735146
0,6700,18941.466857947835
0,6701,22485.408710600976
0,6702,29104.25002154946
0,6703,31159.263026340235
0,6704,29191.35447041896
0,6705,28536.136465036827
0,6706,28744.40719342854
0,6707,31410.004409409852
0,6708,32719.78141684718
0,6709,31877.672293712065
0,6710,30868.914863442944
0,6711,31378.31898554687
0,6712,34115.14747171246
0,6713,40939.39563620353
0,6714,49466.7353333302
0,6715,53178.804605894125
0,6716,48043.32859979298
0,6717,41988.52528604821
0,6718,35938.48112228993
0,6719,28322.838554039805
0,6720,21896.68827537053
0,6721,18890.29497731555
0,6722,17800.6262368399
0,6723,17813.426803814265
0,6724,19015.626318967563
0,6725,22575.306106056563
0,6726,29220.617154568183
0,6727,31280.939272240583
0,6728,29305.27694915845
0,6729,28651.20034450043
0,6730,28860.560675775247
0,6731,31537.16859880701
0,6732,32855.014167100664
0,6733,32009.0381597557
0,6734,30996.97536422517
0,6735,31506.470054494563
0,6736,34254.46832188467
0,6737,41106.95438923191
0,6738,49669.71535852396
0,6739,53397.33038006755
0,6740,48241.22247842353
0,6741,42159.533832929716
0,6742,36085.06756726366
0,6743,28438.233163046945
0,6744,21986.0204764795
0,6745,18967.172160067294
0,6746,17872.919260364957
0,6747,17885.627185259116
0,6748,19087.573535847496
0,6749,22660.562077705104
0,6750,29330.95313593839
0,6751,31402.08305344409
0,6752,29418.7278533896
0,6753,28758.421900137168
0,6754,28968.30736647575
0,6755,31654.652441736573
0,6756,32974.47221264488
0,6757,32125.66845416138
0,6758,31109.60221778574
0,6759,31622.967017873572
0,6760,34380.81756410209
0,6761,41258.07788005621
0,6762,49852.139767817454
0,6763,53593.15245641008
0,6764,48417.765002943
0,6765,42313.446228723486
0,6766,36216.439475395426
0,6767,28541.590013951714
0,6768,24630.237705341824
0,6769,20870.274695938857
0,6770,19191.434699259917
0,6771,18795.626283967544
0,6772,19209.429684594386
0,6773,20365.00114177382
0,6774,23959.78334538013
0,6775,30299.34760302115
0,6776,36663.492698105445
0,6777,40396.84521546756
0,6778,42708.887060300985
0,6779,45627.91289484145
0,6780,45086.66139261224
0,6781,42487.5938549769
0,6782,40836.43946031732
0,6783,40262.38984239172
0,6784,40943.3563141864
0,6785,44867.47419260261
0,6786,51610.98545975049
0,6787,53302.499625974626
0,6788,47615.88004517969
0,6789,42267.74609815187
0,6790,37900.64162072811
0,6791,31820.39158194298
0,6792,25358.964083944
0,6793,21596.384011971328
0,6794,19531.379620717216
0,6795,18930.372861652508
0,6796,18917.14327662008
0,6797,19953.02876821585
0,6798,23559.052568570674
0,6799,29972.545573439464
0,6800,38488.677583965145
0,6801,44997.99449302671
0,6802,49740.302483152125
0,6803,54841.54383310424
0,6804,52358.56594750157
0,6805,47207.65894589242
0,6806,43851.11404617474
0,6807,42208.64059594592
0,6808,43038.85963466363
0,6809,48827.542840401824
0,6810,54539.1451592425
0,6811,55665.19637652712
0,6812,49284.84881365515
0,6813,42700.37400089652
0,6814,36099.14247359494
0,6815,28364.45630785611
0,6816,22239.816208909084
0,6817,19186.1334841136
0,6818,18079.24585491531
0,6819,18092.102824982794
0,6820,19312.936113072985
0,6821,22928.060175317638
0,6822,29677.238258656387
0,6823,31771.300632740087
0,6824,29765.16924004324
0,6825,29097.342552196485
0,6826,29310.010832253553
0,6827,32028.17484227525
0,6828,33363.53265757791
0,6829,32504.674870368654
0,6830,31476.7266000444
0,6831,31996.18475087511
0,6832,34784.904197908036
0,6833,41743.16457748939
0,6834,50437.94352815716
0,6835,54222.94470836378
0,6836,48987.3813986738
0,6837,42811.835835253536
0,6838,36643.16972733387
0,6839,28878.521843279337
0,6840,22327.469059345443
0,6841,19261.782433586483
0,6842,18150.50759185332
0,6843,18163.42549542823
0,6844,19389.04206385158
0,6845,23018.455033588303
0,6846,29794.200126165964
0,6847,31896.8186875191
0,6848,29882.493241496006
0,6849,29212.047631409427
0,6850,29425.57010210529
0,6851,32154.611870190063
0,6852,33495.14903362418
0,6853,32632.93990350633
0,6854,31600.72628766206
0,6855,32122.31711125278
0,6856,34921.9977693097
0,6857,41908.10217804013
0,6858,50637.9042572737
0,6859,54438.451737506715
0,6860,49182.00087574859
0,6861,42981.886805217684
0,6862,36788.60511015213
0,6863,28992.819536821073
0,6864,22416.256670689483
0,6865,19338.549924228068
0,6866,18223.01948195341
0,6867,18236.136632610476
0,6868,19466.692791844518
0,6869,23110.61734804719
0,6870,29911.95412927227
0,6871,32023.909496755252
0,6872,30001.46545168517
0,6873,29328.058794335535
0,6874,29542.40345887785
0,6875,32282.278557807575
0,6876,33628.33923019985
0,6877,32763.060969692502
0,6878,31725.63997789124
0,6879,32249.363474241894
0,6880,35061.74950961923
0,6881,42075.50088221394
0,6882,50839.567255701586
0,6883,54654.614155820214
0,6884,49376.85840987272
0,6885,43152.00328673069
0,6886,36934.64124812277
0,6887,29107.765927970708
0,6888,22505.306802218136
0,6889,19415.37026952108
0,6890,18295.367126161804
0,6891,18308.377116257696
0,6892,19543.7777448717
0,6893,23200.920421583985
0,6894,30030.378400960148
0,6895,32150.65119220718
0,6896,30120.255324417652
0,6897,29444.19805949486
0,6898,29659.11054019632
0,6899,32409.313931242545
0,6900,33760.81912601385
0,6901,32891.60264254168
0,6902,31851.467670731665
0,6903,32377.019172305263
0,6904,35200.677906556906
0,6905,42240.905742491566
0,6906,51039.95198021382
0,6907,54870.392985957944
0,6908,49572.15030118206
0,6909,43322.5051117448
0,6910,37080.171943199
0,6911,29222.18682517795
0,6912,22593.748486809407
0,6913,19491.47128983944
0,6914,18366.97387699422
0,6915,18380.01364758399
0,6916,19620.28472454397
0,6917,23292.960484555155
0,6918,30149.5338747372
0,6919,32278.306890269905
0,6920,30238.548483713887
0,6921,29560.134046645067
0,6922,29776.189451273436
0,6923,32537.566310650094
0,6924,33894.56817482011
0,6925,33022.00034843936
0,6926,31977.600031109305
0,6927,32503.667169786146
0,6928,35338.457573989486
0,6929,42407.61142021567
0,6930,51240.70255180858
0,6931,55086.58396342266
0,6932,49767.4948255657
0,6933,43493.48501579005
0,6934,37226.963309221974
0,6935,29338.112823061267
0,6936,25319.304274100665
0,6937,21454.139564121833
0,6938,19728.350299968984
0,6939,19321.314470344445
0,6940,19746.50848518277
0,6941,20934.193945231684
0,6942,24629.232302469238
0,6943,31145.552987168743
0,6944,37687.06967719007
0,6945,41524.66197505737
0,6946,43900.459429707196
0,6947,46900.52066796531
0,6948,46343.588410065866
0,6949,43671.9587768491
0,6950,41974.655927419226
0,6951,41384.81957550821
0,6952,42086.81246313619
0,6953,46120.40998615094
0,6954,53052.70402724574
0,6955,54791.923368697135
0,6956,48946.927028837454
0,6957,43449.737068047274
0,6958,38960.88464998963
0,6959,32710.6301254781
0,6960,26070.29277569655
0,6961,22202.156273630233
0,6962,20079.23828759125
0,6963,19461.346776952723
0,6964,19447.784280610664
0,6965,20512.6917387675
0,6966,24219.89066152639
0,6967,30813.29725830503
0,6968,39568.39020846103
0,6969,46259.60694089179
0,6970,51135.965756648344
0,6971,56380.523934976794
0,6972,53827.41256057443
0,6973,48532.273586428986
0,6974,45081.50543806913
0,6975,43391.96931021368
0,6976,44245.34308175432
0,6977,50196.71875232749
0,6978,56068.27152816888
0,6979,57225.70350177933
0,6980,50666.516094603714
0,6981,43897.412754335746
0,6982,37111.24803198769
0,6983,29159.69951330968
0,6984,22864.53699382309
0,6985,19725.090357321544
0,6986,18587.09617258084
0,6987,18600.318743692897
0,6988,19855.4271297118
0,6989,23572.127348840302
0,6990,30510.930507297548
0,6991,32665.23466244255
0,6992,30602.02610090265
0,6993,29915.275005427
0,6994,30133.630229298284
0,6995,32927.85807946184
0,6996,34300.69000183322
0,6997,33417.763479189576
0,6998,32360.87179283663
0,6999,32894.9539854502
0,7000,35763.70351519808
0,7001,42917.90662241598
0,7002,51857.46149729837
0,7003,55748.97994924005
0,7004,50365.50456790534
0,7005,44015.62375874767
0,7006,37673.35963801868
0,7007,29690.300145784862
0,7008,22956.351925961742
0,7009,19804.47864745782
0,7010,18662.105065258
0,7011,18675.53029595105
0,7012,19935.91824798362
0,7013,23667.883295694017
0,7014,30632.49285461807
0,7015,32795.32770080415
0,7016,30724.197783298438
0,7017,30034.582812972738
0,7018,30253.791105947937
0,7019,33059.169787971
0,7020,34437.485726010964
0,7021,33551.20786045872
0,7022,32490.050828585736
0,7023,33026.26569395939
0,7024,35906.28792258271
0,7025,43089.1297782924
0,7026,52064.33075502092
0,7027,55971.38725135709
0,7028,50566.280474883315
0,7029,44191.11226014268
0,7030,37823.56073383065
0,7031,29808.123432613556
0,7032,23047.52958966804
0,7033,19883.137875004053
0,7034,18736.219898986696
0,7035,18749.70996462577
0,7036,20015.106235249907
0,7037,23761.907157984184
0,7038,30754.664537012864
0,7039,32926.33474177611
0,7040,30846.67413323037
0,7041,30154.408555331513
0,7042,30374.500384164432
0,7043,33191.090831554386
0,7044,34578.98212348493
0,7045,33689.228729004724
0,7046,32623.945248504755
0,7047,33162.64135525971
0,7048,36055.257562891944
0,7049,43267.88064346072
0,7050,52280.89543234445
0,7051,56204.59808254126
0,7052,50777.30662201561
0,7053,44410.78357715996
0,7054,38011.40515171999
0,7055,29956.251601276
0,7056,23161.882948203995
0,7057,19981.58948786
0,7058,18828.823073060004
0,7059,18842.211021634
0,7060,20113.639185639997
0,7061,23878.671885067968
0,7062,30885.438181700636
0,7063,33066.437898240576
0,7064,30978.518249713095
0,7065,30283.287656297343
0,7066,30504.44339280671
0,7067,33334.63428871236
0,7068,34724.68216889568
0,7069,33830.49219291269
0,7070,32760.204764514605
0,7071,33290.41244866335
0,7072,36193.589410109606
0,7073,43433.70876280241
0,7074,52480.811278296955
0,7075,56418.943863421824
0,7076,50971.066458620764
0,7077,44545.382571244714
0,7078,38127.18911398711
0,7079,30047.66915248117
0,7080,23232.791455159055
0,7081,20042.955484601083
0,7082,18886.818151064937
0,7083,18900.425078305747
0,7084,20174.26170733314
0,7085,23950.64629698816
0,7086,31000.8359070253
0,7087,33189.872161405765
0,7088,31093.454838317077
0,7089,30395.674777995904
0,7090,30617.564145297976
0,7091,33456.760923944006
0,7092,34851.52890898978
0,7093,33954.58767963749
0,7094,32880.63461120447
0,7095,33423.24749485815
0,7096,36338.00182271591
0,7097,43607.06459143739
0,7098,52690.11787631495
0,7099,56644.0931733713
0,7100,51174.09221148585
0,7101,44722.45244492203
0,7102,38278.4293667869
0,7103,30168.754939674363
0,7104,26036.86902821631
0,7105,22062.374223215607
0,7106,20287.821097394164
0,7107,19869.428930967384
0,7108,20306.84882474008
0,7109,21528.435790574087
0,7110,25328.547812075336
0,7111,32030.33428593195
0,7112,38757.764043562005
0,7113,42704.76499470712
0,7114,45148.34436377873
0,7115,48235.44514977882
0,7116,47662.55591557848
0,7117,44914.82068962891
0,7118,43169.33689521402
0,7119,42562.622817930496
0,7120,43282.927001776334
0,7121,47431.14078707857
0,7122,54559.950080521434
0,7123,56348.24644499467
0,7124,50336.77958953532
0,7125,44689.21581104269
0,7126,40072.01841996249
0,7127,33643.63167339425
0,7128,26832.864546487748
0,7129,22851.36793139197
0,7130,20666.174156627985
0,7131,20030.04837233399
0,7132,20015.898012109992
0,7133,21111.727524887996
0,7134,24926.957407351987
0,7135,31712.665064079993
0,7136,40722.84594377999
0,7137,47608.94796657999
0,7138,52626.53151755998
0,7139,58023.79607023998
0,7140,55396.52552433999
0,7141,49946.80705013996
0,7142,46367.17589743904
0,7143,44618.5608147559
0,7144,45496.00332173093
0,7145,51615.55547280765
0,7146,57653.15205639261
0,7147,58843.488124014686
0,7148,52098.75818671822
0,7149,45138.32363312375
0,7150,38160.52302991204
0,7151,29983.977535053098
0,7152,23510.980574135487
0,7153,20282.78428406385
0,7154,19112.617207400734
0,7155,19126.20537955736
0,7156,20416.80753365355
0,7157,24238.58758634306
0,7158,31373.44430495255
0,7159,33588.681967527344
0,7160,31467.28190639284
0,7161,30761.062555292778
0,7162,30985.60253016799
0,7163,33858.92207297415
0,7164,35270.75144010003
0,7165,34362.53751187346
0,7166,33275.788406880376
0,7167,33825.10397635117
0,7168,36774.895070980485
0,7169,44131.39742286231
0,7170,53323.52168603747
0,7171,57325.329786425544
0,7172,51789.52063651695
0,7173,45260.19064798152
0,7174,38739.58842770863
0,7175,30530.372299368937
0,7176,23605.844044286452
0,7177,20364.7939932399
0,7178,19190.073647830497
0,7179,19203.896589245225
0,7180,20499.927098232136
0,7181,24337.47591584725
0,7182,31498.662662718798
0,7183,33722.73568387084
0,7184,31592.804931696315
0,7185,30883.843572761954
0,7186,31109.597935572143
0,7187,33994.54301881407
0,7188,35412.21882315476
0,7189,34500.95073163641
0,7190,33410.204764256014
0,7191,33959.767027768976
0,7192,36921.440156346915
0,7193,44307.1905917946
0,7194,53536.179626964185
0,7195,57553.83043928384
0,7196,52001.03779424669
0,7197,45445.54154903439
0,7198,38930.87360161992
0,7199,30680.66465463999
0,7200,23721.859056895995
0,7201,20464.684005765994
0,7202,19284.043821041996
0,7203,19297.736734275994
0,7204,20599.93583247599
0,7205,24436.442607124045
0,7206,31624.185688022215
0,7207,33857.094067751415
0,7208,31718.63262453685
0,7209,31006.62459023106
0,7210,31232.992570329166
0,7211,34130.44573219648
0,7212,35553.61712846629
0,7213,34638.68241809623
0,7214,33543.658933611456
0,7215,34097.27658749786
0,7216,37068.594576787546
0,7217,44483.593095801065
0,7218,53749.446902965086
0,7219,57782.940427216105
0,7220,52208.68446896896
0,7221,45626.92486284311
0,7222,39052.97151200334
0,7223,30802.955483299018
0,7224,23816.2151226997
0,7225,20546.10956998575
0,7226,19360.742433031766
0,7227,19374.526835663764
0,7228,20681.879836617743
0,7229,24553.28420945369
0,7230,31756.100974924615
0,7231,33998.53822326641
0,7232,31851.362367856236
0,7233,31136.700979491856
0,7234,31364.267875585887
0,7235,34274.298384079266
0,7236,35703.270305824735
0,7237,34783.25340048865
0,7238,33675.20754807641
0,7239,34230.92113582722
0,7240,37216.05366476528
0,7241,44660.60493488177
0,7242,53963.32351404021
0,7243,58012.96441775981
0,7244,52410.737744753824
0,7245,45803.10819917227
0,7246,39204.43646105959
0,7247,30896.765712310436
0,7248,23888.80975329101
0,7249,20608.89611434673
0,7250,19420.094013905986
0,7251,19434.44372092488
0,7252,20745.830212745015
0,7253,24629.196656727054
0,7254,31879.254418831144
0,7255,34126.72483812394
0,7256,31971.50668036646
0,7257,31253.70996285492
0,7258,31481.905948175863
0,7259,34401.23028909079
0,7260,35835.6050539653
0,7261,34913.07175149291
0,7262,33808.95659688263
0,7263,34366.80285739351
0,7264,37363.817420280175
0,7265,44838.22610903678
0,7266,54177.809460189674
0,7267,58243.29307584076
0,7268,52618.825672623236
0,7269,45984.99471884723
0,7270,39359.085121037
0,7271,31018.201956642522
0,7272,27453.195704258073
0,7273,23379.668865626376
0,7274,21143.95754455542
0,7275,20493.096284954434
0,7276,20478.62457694009
0,7277,21599.77064687672
0,7278,25503.201599520853
0,7279,32445.5693681627
0,7280,41664.199707069376
0,7281,48709.63650352707
0,7282,53843.28450440544
0,7283,59365.07894760541
0,7284,56676.99726738289
0,7285,51101.58133764557
0,7286,47468.116289664824
0,7287,45694.6465559489
0,7288,46593.415790524035
0,7289,52860.42702957851
0,7290,59043.654695918376
0,7291,60262.32484449484
0,7292,53355.20710990072
0,7293,46228.22660281404
0,7294,39082.10614197848
0,7295,30708.589844464655
0,7296,26386.217905506583
0,7297,22499.89426610061
0,7298,20689.322603434066
0,7299,19973.417613689126
0,7300,19805.00581907581
0,7301,20325.48181243282
0,7302,23576.430299764277
0,7303,29999.86745142969
0,7304,39163.03523654871
0,7305,45977.2565173703
0,7306,51317.79505047957
0,7307,57583.0032423798
0,7308,55487.307391657254
0,7309,50149.69270779415
0,7310,46927.362530547885
0,7311,46395.38174939287
0,7312,49840.976811294866
0,7313,58874.72957683923
0,7314,60526.51710715067
0,7315,56566.05810816693
0,7316,50177.70904845338
0,7317,43641.158097059175
0,7318,37390.04814810952
0,7319,29277.705232775956
0,7320,22861.67573689999
0,7321,19606.818417185987
0,7322,18736.90672453599
0,7323,18878.654298503992
0,7324,20118.51862019999
0,7325,23439.187313541985
0,7326,31341.828037519965
0,7327,33428.159609736176
0,7328,30393.369731796338
0,7329,28787.806250408616
0,7330,28791.61581411489
0,7331,31715.890154031116
0,7332,33414.963238149096
0,7333,33302.49496761793
0,7334,32676.83423951872
0,7335,34354.21344715046
0,7336,40436.96139665451
0,7337,51078.71616633909
0,7338,55898.54789042258
0,7339,55100.657990639476
0,7340,50129.348032878675
0,7341,44267.69720325294
0,7342,38407.19448672737
0,7343,30307.695117786054
0,7344,22938.984059296214
0,7345,19673.111334621797
0,7346,18800.27141659566
0,7347,18942.488515366837
0,7348,20186.53761597636
0,7349,23518.428822420672
0,7350,31434.987147455675
0,7351,33549.379855235835
0,7352,30503.313818868948
0,7353,28892.018615174868
0,7354,28895.857426142877
0,7355,31830.44561066873
0,7356,33532.92780823005
0,7357,33420.20081948673
0,7358,32793.444602393036
0,7359,34476.37834434401
0,7360,40581.12604912613
0,7361,51261.44093795024
0,7362,56097.58185746565
0,7363,55296.85332411998
0,7364,50307.61773584801
0,7365,44425.950601722434
0,7366,38544.59561139922
0,7367,30415.6301387188
0,7368,23020.6718761403
0,7369,19743.328494735095
0,7370,18867.561899286036
0,7371,19010.408987357987
0,7372,20258.903234556346
0,7373,23602.744743074083
0,7374,31558.377499999035
0,7375,33680.99623128209
0,7376,30623.352828503725
0,7377,29005.598673022192
0,7378,29009.43748399021
0,7379,31955.663968434957
0,7380,33664.848851813455
0,7381,33551.512527995845
0,7382,32923.28806640466
0,7383,34610.17733049218
0,7384,40737.25165416391
0,7385,51458.25443946943
0,7386,56315.90656509396
0,7387,55512.18765887524
0,7388,50503.85450230291
0,7389,44599.67142745293
0,7390,38694.90989006281
0,7391,30534.085240120516
0,7392,23109.824827977835
0,7393,19819.628694097377
0,7394,18940.297248392024
0,7395,19083.5823911109
0,7396,20336.862771906934
0,7397,23693.59829589967
0,7398,31682.072520079546
0,7399,33813.221942402626
0,7400,30743.391838138497
0,7401,29119.33106463809
0,7402,29123.169875606105
0,7403,32080.8823262012
0,7404,33796.76989539688
0,7405,33683.12890404212
0,7406,33052.46710215378
0,7407,34748.85594897222
0,7408,40899.162900096264
0,7409,51662.95075172483
0,7410,56537.04866925569
0,7411,55730.27165349249
0,7412,50702.38696622176
0,7413,44774.55059377361
0,7414,38846.63432356059
0,7415,30653.81958221815
0,7416,23200.158752741056
0,7417,19897.0751820394
0,7418,19014.30099316432
0,7419,19158.165004203773
0,7420,20416.38099910155
0,7421,23786.18676043776
0,7422,31806.072207697183
0,7423,33943.758974264165
0,7424,30862.208702010215
0,7425,29232.290998181088
0,7426,29236.451022763984
0,7427,32206.405351504345
0,7428,33928.99560651739
0,7429,33814.745280088355
0,7430,33181.646137902855
0,7431,34880.652940001084
0,7432,41056.813269307466
0,7433,51861.89518309696
0,7434,56754.32563040193
0,7435,55943.69316338597
0,7436,50898.665498754446
0,7437,44947.19366733408
0,7438,38996.81448030059
0,7439,30773.55392431577
0,7440,25811.250946327273
0,7441,21946.177636609576
0,7442,20320.410724901147
0,7443,19830.200657636262
0,7444,20042.279730242284
0,7445,20695.029928573553
0,7446,25310.68218279949
0,7447,33133.20399949697
0,7448,40650.875478528054
0,7449,44079.90860908509
0,7450,46490.74283050649
0,7451,49994.724175200994
0,7452,49567.2756205878
0,7453,47199.704189440854
0,7454,45992.30673973869
0,7455,46479.16546409497
0,7456,50571.76797610287
0,7457,58926.06514838759
0,7458,60013.61039725927
0,7459,56044.18092379445
0,7460,50251.58950526132
0,7461,45204.04808103488
0,7462,40944.232815887415
0,7463,33845.53539805939
0,7464,27117.056010526925
0,7465,23122.895065321296
0,7466,21261.98574844503
0,7467,20526.091779227136
0,7468,20352.827350853284
0,7469,20887.54934529492
0,7470,24228.38122384873
0,7471,30829.30808361315
0,7472,40249.932999646386
0,7473,47253.02100844106
0,7474,52741.91135762947
0,7475,59181.05975517038
0,7476,57018.224908984295
0,7477,51532.9905702416
0,7478,48221.55910902219
0,7479,47674.37621231132
0,7480,51210.169960816515
0,7481,60492.66294930772
0,7482,62189.88095176201
0,7483,58120.66726950026
0,7484,51556.845655971054
0,7485,44840.861671856204
0,7486,38417.82334331139
0,7487,30061.027955196827
0,7488,23471.434727814172
0,7489,20129.719313402646
0,7490,19236.64736177209
0,7491,19382.15657751212
0,7492,20655.088014453955
0,7493,24064.317755096617
0,7494,32177.76660301287
0,7495,34331.73143773908
0,7496,31215.012064048653
0,7497,29566.01075836144
0,7498,29569.909322612722
0,7499,32573.525718120523
0,7500,34316.14866416389
0,7501,34201.13601350402
0,7502,33561.002249010235
0,7503,35281.701898653824
0,7504,41528.84653598052
0,7505,52458.22775414791
0,7506,57406.663175270594
0,7507,56587.050956507774
0,7508,51487.3828257664
0,7509,45467.24342999917
0,7510,39448.18009124591
0,7511,31130.797344577262
0,7512,23559.915867611024
0,7513,20205.62028258927
0,7514,19309.179562875088
0,7515,19455.2555926117
0,7516,20732.956273150423
0,7517,24155.034791678743
0,7518,32299.10094007212
0,7519,34456.102286980364
0,7520,31327.93703759545
0,7521,29672.92964472755
0,7522,29676.857740874453
0,7523,32690.895049495284
0,7524,34439.870911574304
0,7525,34324.362796440226
0,7526,33682.336078705404
0,7527,35409.502987440384
0,7528,41679.231643610314
0,7529,52647.755000769255
0,7530,57614.208346186206
0,7531,56798.019681967104
0,7532,51673.95511716541
0,7533,45632.44597272093
0,7534,39591.374929379774
0,7535,31243.946720601045
0,7536,23645.096759279615
0,7537,20278.6865283087
0,7538,19379.001454728696
0,7539,19525.59356208306
0,7540,20807.947082951698
0,7541,24242.399443120554
0,7542,32415.95259863883
0,7543,34589.79714891252
0,7544,31449.616425430588
0,7545,29788.11001896609
0,7546,29792.068741755582
0,7547,32817.811924907335
0,7548,34573.048706342044
0,7549,34459.65787594956
0,7550,33811.45134507042
0,7551,35546.89451255713
0,7552,41840.959230715336
0,7553,52852.298928262426
0,7554,57837.85350592397
0,7555,57021.43316068948
0,7556,51877.04403673364
0,7557,45811.78485639826
0,7558,39746.97472708931
0,7559,31373.13963741533
0,7560,23742.619302626135
0,7561,20362.332978012168
0,7562,19458.902330118715
0,7563,19606.117684066754
0,7564,20893.734096298936
0,7565,24342.357349494334
0,7566,32549.765665865776
0,7567,34733.97954564268
0,7568,31580.526678620296
0,7569,29912.26116217438
0,7570,29916.221255612498
0,7571,32954.74088901594
0,7572,34717.9935034099
0,7573,34601.39297699903
0,7574,33953.80577018353
0,7575,35697.00926691254
0,7576,42018.10735652098
0,7577,53072.563012375766
0,7578,58084.025572693725
0,7579,57255.05486766242
0,7580,52089.60251623689
0,7581,46000.532763241405
0,7582,39910.228695730686
0,7583,31493.17864705019
0,7584,23832.92276063567
0,7585,20439.748999200503
0,7586,19532.906074891034
0,7587,19680.669830405935
0,7588,20973.191389986132
0,7589,24434.945814032442
0,7590,32673.460685946488
0,7591,34869.29290741505
0,7592,31703.971773259018
0,7593,30029.551915869604
0,7594,30033.841736772203
0,7595,33084.43920646815
0,7596,34854.27091682407
0,7597,34736.9739150236
0,7598,34086.50872322079
0,7599,35833.38870047096
0,7600,42176.649777672676
0,7601,53276.31327568117
0,7602,58306.182999600256
0,7603,57474.13710224843
0,7604,52289.784732507396
0,7605,46175.411929562295
0,7606,40062.2577967656
0,7607,31612.91298914783
0,7608,26512.260482542173
0,7609,22542.19873952462
0,7610,20872.315968437713
0,7611,20368.76146304592
0,7612,20586.598752103964
0,7613,21257.111067850736
0,7614,25998.07308010405
0,7615,34032.88723668355
0,7616,41754.99063313834
0,7617,45276.94736252431
0,7618,47753.285104431714
0,7619,51352.62738825236
0,7620,50913.60146722846
0,7621,48481.74518574358
0,7622,47241.4436420296
0,7623,47741.40307048306
0,7624,51950.994431203326
0,7625,60532.86961747879
0,7626,61650.08547618628
0,7627,57570.587153826564
0,7628,51619.820818327695
0,7629,46440.65805507453
0,7630,42064.171607216434
0,7631,34771.1937101979
0,7632,27854.722772652614
0,7633,23752.09286419161
0,7634,21843.094622087214
0,7635,21087.06075874015
0,7636,20909.084389748437
0,7637,21456.75590365718
0,7638,24888.63255268953
0,7639,31669.678949222147
0,7640,41347.39521936903
0,7641,48541.947185153585
0,7642,54186.68438511662
0,7643,60802.41367675211
0,7644,58580.30641801929
0,7645,52944.73032129336
0,7646,49539.094545328684
0,7647,48977.13034649389
0,7648,52614.05049231618
0,7649,62150.49870378571
0,7650,63893.827456082035
0,7651,59713.269128248125
0,7652,52969.30518728813
0,7653,46069.20937934308
0,7654,39470.127647872876
0,7655,30884.84783632574
0,7656,24111.704640215634
0,7657,20678.852706012043
0,7658,19761.41399758752
0,7659,19910.906950375454
0,7660,21218.551219359386
0,7661,24720.77032186988
0,7662,33055.772000868994
0,7663,35266.48609458009
0,7664,32064.734946732555
0,7665,30370.87484047241
0,7666,30374.896451962722
0,7667,33459.8075993155
0,7668,35249.42471250005
0,7669,35130.909040550956
0,7670,34473.1318278568
0,7671,36242.33621605268
0,7672,42659.5485509192
0,7673,53886.24262714273
0,7674,58969.315816855174
0,7675,58127.51941172601
0,7676,52882.66775979004
0,7677,46698.83075838012
0,7678,40516.990987004545
0,7679,31972.118996672347
0,7680,24193.747141237254
0,7681,20749.420221737953
0,7682,19829.005848355515
0,7683,19979.21434573342
0,7684,21291.512457069337
0,7685,24803.959135021425
0,7686,33167.02209611997
0,7687,35397.79780308918
0,7688,32184.164621293043
0,7689,30483.815096491733
0,7690,30488.080442011753
0,7691,33584.416622007404
0,7692,35380.736421009125
0,7693,35261.61141398578
0,7694,34601.396860994464
0,7695,36377.30393500752
0,7696,42818.28033777128
0,7697,54086.71386658356
0,7698,59188.98111113611
0,7699,58343.83336309833
0,7700,53079.482988785145
0,7701,46872.795922085206
0,7702,40667.022857996715
0,7703,32090.63687780602
0,7704,24282.86538897281
0,7705,20825.842134389288
0,7706,19902.03690513217
0,7707,20052.79539342946
0,7708,21368.74125346042
0,7709,24895.75546396293
0,7710,33289.80311358904
0,7711,35528.80484406114
0,7712,32303.289628316368
0,7713,30596.846752772195
0,7714,30600.807430755067
0,7715,33708.72097716225
0,7716,35512.0863564659
0,7717,35392.68921304194
0,7718,34729.357226595006
0,7719,36511.96698642522
0,7720,42976.70745708623
0,7721,54287.185106024415
0,7722,59408.03707034274
0,7723,58559.842646933605
0,7724,53280.44416903936
0,7725,47050.80198672714
0,7726,40829.70189336144
0,7727,32240.55889053998
0,7728,24395.495494369996
0,7729,20922.25298163
0,7730,19994.001549522
0,7731,20145.264020881998
0,7732,21468.292205359994
0,7733,25011.73758283199
0,7734,33444.86433287931
0,7735,35659.50721749615
0,7736,32422.109967802615
0,7737,30709.269073978394
0,7738,30713.53441949843
0,7739,33832.7206647799
0,7740,35642.48532145801
0,7741,35523.08942466261
0,7742,34857.31759219557
0,7743,36646.32537030578
0,7744,43134.829908864034
0,7745,54486.74234285382
0,7746,59626.78836201221
0,7747,58775.24259569441
0,7748,53471.89477662679
0,7749,47220.414949827966
0,7750,40968.90473542036
0,7751,32328.893208337315
0,7752,24462.00034569781
0,7753,20979.465021667413
0,7754,20048.835445915218
0,7755,20200.72128321064
0,7756,21525.766902104646
0,7757,25078.708320017966
0,7758,33534.451145915766
0,7759,35789.90492339359
0,7760,32540.62563975156
0,7761,30821.691395184553
0,7762,30825.652073167428
0,7763,33956.41568486037
0,7764,35772.53887377645
0,7765,35652.19519660452
0,7766,34984.66862272176
0,7767,36780.07441911192
0,7768,43292.647693104525
0,7769,54685.99491214588
0,7770,59844.625651070055
0,7771,58990.03320938098
0,7772,53667.49133547328
0,7773,47391.94940537877
0,7774,41117.62614543286
0,7775,32449.988718866953
0,7776,27210.307065962363
0,7777,23135.934277630375
0,7778,21422.23166188447
0,7779,20905.577045098507
0,7780,21129.348373131135
0,7781,21817.669004436295
0,7782,26683.911298738545
0,7783,34931.04067532125
0,7784,42856.99037124843
0,7785,46472.3392476793
0,7786,49020.44536024825
0,7787,52715.150567761135
0,7788,52264.39836105405
0,7789,49768.04181937853
0,7790,48495.02493809677
0,7791,49004.44016034049
0,7792,53325.439370767286
0,7793,62134.87942043033
0,7794,63282.09254701752
0,7795,59094.923948075615
0,7796,52986.82311181501
0,7797,47664.60328533133
0,7798,43172.776474184844
0,7799,35687.523085690045
0,7800,28586.117848250065
0,7801,24375.55739748604
0,7802,22413.84567425261
0,7803,21638.07896473393
0,7804,21455.42191487161
0,7805,22019.119918743374
0,7806,25540.929491351464
0,7807,32498.945039108432
0,7808,42429.742152063176
0,7809,49812.3887526418
0,7810,55598.67209097141
0,7811,62387.150855108834
0,7812,60107.06176780703
0,7813,54324.69976215406
0,7814,50814.27985011868
0,7815,50237.84886984197
0,7816,53968.19819463452
0,7817,63749.85414218349
0,7818,65537.94791768232
0,7819,61249.14299730461
0,7820,54331.36189891031
0,7821,47253.32567597822
0,7822,40485.30495427417
0,7823,31678.411067106397
0,7824,24727.362170877637
0,7825,21207.082990545765
0,7826,20266.350348308337
0,7827,20419.883917693667
0,7828,21761.13157334545
0,7829,25351.020164717534
0,7830,33898.52885280299
0,7831,36178.66070078955
0,7832,32894.039982838825
0,7833,31156.21635096879
0,7834,31160.48169648881
0,7835,34325.06340480475
0,7836,36160.98998363519
0,7837,36039.4276363147
0,7838,35364.58904154047
0,7839,37176.87801947389
0,7840,43759.67103648396
0,7841,55275.903063002566
0,7842,60492.08601668704
0,7843,59628.98691340348
0,7844,54249.25690565757
0,7845,47906.53287561518
0,7846,41563.96408734897
0,7847,32798.06970863845
0,7848,24814.557433508697
0,7849,21281.862948675764
0,7850,20337.84214394755
0,7851,20491.81693718603
0,7852,21837.609952862287
0,7853,25441.14082220462
0,7854,34018.87252997492
0,7855,36307.230401464374
0,7856,33011.032317088364
0,7857,31266.810406215667
0,7858,31271.07601247175
0,7859,34446.930419662356
0,7860,36289.559684309985
0,7861,36167.3880019152
0,7862,35486.26637270659
0,7863,37307.91230822938
0,7864,43913.675830629734
0,7865,55470.29111387775
0,7866,60702.99832392503
0,7867,59838.90262699442
0,7868,54440.46650832061
0,7869,48074.93825774322
0,7870,41711.727842863824
0,7871,32914.757375364636
0,7872,24901.848814705798
0,7873,21356.493618467146
0,7874,20408.977577948946
0,7875,20563.38308577358
0,7876,21913.85241091859
0,7877,25530.86541189354
0,7878,34138.9115396097
0,7879,36430.28390925636
0,7880,33122.95392846534
0,7881,31373.17927527721
0,7882,31377.139419861378
0,7883,34563.83730408857
0,7884,36412.61557188087
0,7885,36290.15571627824
0,7886,35610.9253645817
0,7887,37438.29301917967
0,7888,44067.27042656596
0,7889,55664.40152804093
0,7890,60918.83513122963
0,7891,60049.40286786815
0,7892,54631.837507527576
0,7893,48244.14173335124
0,7894,41858.88226330441
0,7895,33030.83570701653
0,7896,24988.9532635753
0,7897,21431.228565328594
0,7898,20480.39164865552
0,7899,20635.31509129331
0,7900,21990.537230017766
0,7901,25620.1939337842
0,7902,34258.34121417018
0,7903,36551.47645830546
0,7904,33226.2901357179
0,7905,31471.079149471727
0,7906,31475.342326745747
0,7907,34671.8117442728
0,7908,36526.29385847115
0,7909,36403.57525551189
0,7910,35722.29638384555
0,7911,37555.242144821925
0,7912,44204.88515430447
0,7913,55838.48690977785
0,7914,61105.64243182851
0,7915,60238.395159016865
0,7916,54803.74428563907
0,7917,48396.21224675498
0,7918,41989.412500391256
0,7919,33136.27325912722
0,7920,25068.07271099286
0,7921,21499.089426622006
0,7922,20545.220401456012
0,7923,20700.645193442153
0,7924,22060.178103472637
0,7925,25701.315284025182
0,7926,34366.75760093404
0,7927,36671.02532902637
0,7928,33341.780405445345
0,7929,31580.474941437962
0,7930,31584.4336155445
0,7931,34794.18953060726
0,7932,36655.69528810006
0,7933,36532.86846485957
0,7934,35849.36811317137
0,7935,37685.663953866024
0,7936,44358.4659304901
0,7937,56032.29135721674
0,7938,61318.03482959574
0,7939,60452.33561107474
0,7940,54998.61166938329
0,7941,48567.97667683949
0,7942,42138.38881379787
0,7943,33251.89156924692
0,7944,27883.679376201897
0,7945,23708.2532590024
0,7946,21951.970132175156
0,7947,21422.39512491332
0,7948,21651.523217280363
0,7949,22356.668653515913
0,7950,27339.766266954513
0,7951,35789.36439730127
0,7952,43909.82465862783
0,7953,47613.65376499252
0,7954,50218.38684390347
0,7955,54003.89221231069
0,7956,53542.98253695415
0,7957,50985.89875251315
0,7958,49682.318969922795
0,7959,50208.656757174176
0,7960,54636.21647467788
0,7961,63656.878334854024
0,7962,64838.1349779375
0,7963,60548.126099854235
0,7964,54289.96823215984
0,7965,48836.88159512776
0,7966,44234.89584768155
0,7967,36566.19780803658
0,7968,29282.11492973416
0,7969,24969.028006646073
0,7970,22959.562798658342
0,7971,22164.898461525343
0,7972,21977.832593718853
0,7973,22555.20804336067
0,7974,26162.77635068415
0,7975,33291.02178373761
0,7976,43463.5661814425
0,7977,51025.719120896625
0,7978,56952.72138849827
0,7979,63906.148588738455
0,7980,61570.56724899166
0,7981,55647.525659372885
0,7982,52071.338108375225
0,7983,51475.0093382609
0,7984,55297.56333905685
0,7985,65319.734527468296
0,7986,67151.80655175798
0,7987,62757.45355036479
0,7988,55671.63835220553
0,7989,48419.429836326235
0,7990,41483.9054013498
0,7991,32459.822001188273
0,7992,25333.01431327208
0,7993,21726.29907505266
0,7994,20762.361454282385
0,7995,20919.448036433903
0,7996,22293.315828431583
0,7997,25972.93800828965
0,7998,34726.203236590336
0,7999,37062.140762738185
0,8000,33697.14781622939
0,8001,31917.84983662696
0,8002,31922.45057391436
0,8003,35164.8406996866
0,8004,37048.1818517988
0,8005,36923.57282910673
0,8006,36230.69298200996
0,8007,38088.9884550963
0,8008,44833.70806847417
0,8009,56633.04969360289
0,8010,61976.062824523986
0,8011,61091.65253525498
0,8012,55581.108136275434
0,8013,49081.94023391719
0,8014,42583.686334170314
0,8015,33602.69667423605
0,8016,25909.323426533967
0,8017,22115.26811972457
0,8018,20902.5085213687
0,8019,20737.134982206873
0,8020,21743.512790901314
0,8021,24865.501977524502
0,8022,32763.642276941137
0,8023,36470.605305685414
0,8024,34349.43774848957
0,8025,33012.87670357413
0,8026,33276.989376180456
0,8027,36251.65267736379
0,8028,37587.30819311582
0,8029,37252.262402723805
0,8030,36794.66833224243
0,8031,38835.42922308976
0,8032,46059.439044218205
0,8033,55178.72140396971
0,8034,59154.59811662188
0,8035,59107.30392783292
0,8036,54361.15044457608
0,8037,48575.495125205794
0,8038,42574.088852904104
0,8039,34035.07506424401
0,8040,25987.311520895608
0,8041,22181.825491125506
0,8042,20965.442987196315
0,8043,20799.571261318095
0,8044,21808.964369531466
0,8045,24940.33381669734
0,8046,32851.4382677504
0,8047,36607.12249058853
0,8048,34763.85203817293
0,8049,33411.36963597313
0,8050,33678.39508998692
0,8051,36689.05380069191
0,8052,38040.622774884905
0,8053,37705.81208297761
0,8054,37238.632984836586
0,8055,39304.19818441412
0,8056,46614.97147554859
0,8057,55844.55253315385
0,8058,59868.50737950069
0,8059,59325.911700016426
0,8060,54561.91412126569
0,8061,48754.40972890109
0,8062,42734.66027588477
0,8063,34158.410261986835
0,8064,26080.4551821478
0,8065,22261.325737031442
0,8066,21040.55338244868
0,8067,20874.11350690685
0,8068,21887.13306791104
0,8069,25029.71778004517
0,8070,32979.9562283127
0,8071,36740.39105774047
0,8072,34891.21831884092
0,8073,33533.35106962098
0,8074,33802.10627256941
0,8075,36824.12963089325
0,8076,38181.26574187672
0,8077,37841.471116528315
0,8078,37377.07891036633
0,8079,39450.70524355937
0,8080,46789.362165204366
0,8081,56053.98662048818
0,8082,60093.91772609112
0,8083,59546.356132206114
0,8084,54763.98980165495
0,8085,48934.48114593943
0,8086,42887.744536240156
0,8087,34270.22324811883
0,8088,26165.091823966548
0,8089,22333.56241008843
0,8090,21108.85984427651
0,8091,20941.841100414098
0,8092,21958.15107081945
0,8093,25110.942145447916
0,8094,33086.894533851075
0,8095,36868.73267242098
0,8096,35013.30737121331
0,8097,33650.83414510482
0,8098,33919.85558040307
0,8099,36951.90691006132
0,8100,38313.46613355837
0,8101,37971.93382441982
0,8102,37505.487825052165
0,8103,39583.27759561997
0,8104,46946.450673406616
0,8105,56242.18068891804
0,8106,60295.2785812811
0,8107,59737.75001005025
0,8108,54940.533996585
0,8109,49092.73415793526
0,8110,43026.977600715
0,8111,34381.73156671356
0,8112,28367.716250503556
0,8113,23801.81620509326
0,8114,21764.10831641227
0,8115,21132.227844375368
0,8116,21323.04112288872
0,8117,22068.044651467233
0,8118,26286.31903699609
0,8119,33608.18068990464
0,8120,41061.5673185983
0,8121,45440.85849750784
0,8122,48868.368290379156
0,8123,53105.68439697949
0,8124,52942.077929533065
0,8125,51105.54201562759
0,8126,50302.471057334944
0,8127,51008.93671531483
0,8128,55602.22896689148
0,8129,61326.751999130815
0,8130,61576.89843373555
0,8131,57452.58498828621
0,8132,51931.65415167126
0,8133,47426.93606717192
0,8134,43750.79343711596
0,8135,36979.32698840408
0,8136,30230.81917364725
0,8137,25524.711127643222
0,8138,23131.45622311506
0,8139,22082.424959220432
0,8140,21762.798246002538
0,8141,22276.71144765724
0,8142,25535.13075741356
0,8143,32246.316798870448
0,8144,41694.97112832093
0,8145,49923.43197150924
0,8146,56568.840291696695
0,8147,63433.91390616505
0,8148,61067.561145166714
0,8149,55706.3264940417
0,8150,52733.685334126545
0,8151,52072.86144606087
0,8152,55434.58830262437
0,8153,61412.74089742302
0,8154,62541.80803744799
0,8155,59538.80798733227
0,8156,54047.57094964409
0,8157,48253.68794340379
0,8158,42775.931550108246
0,8159,34675.12640498335
0,8160,26415.041071439482
0,8161,22546.92108635035
0,8162,21310.488820358387
0,8163,21141.916272056547
0,8164,22167.914670143076
0,8165,25350.837364195086
0,8166,33403.13943740666
0,8167,37220.92834535956
0,8168,35344.002050235125
0,8169,33968.577176662366
0,8170,34240.37392672796
0,8171,37301.77073307591
0,8172,38676.41321418794
0,8173,38331.9551252503
0,8174,37859.67394524437
0,8175,39959.82435020805
0,8176,47392.90203578008
0,8177,56775.95468157072
0,8178,60868.56904967303
0,8179,60305.914887505314
0,8180,55463.225332885835
0,8181,49559.630714044266
0,8182,43436.25402942783
0,8183,34709.13746433878
0,8184,26496.93570542381
0,8185,22616.8118193712
0,8186,21376.571209164937
0,8187,21207.45025929624
0,8188,22236.647666522786
0,8189,25429.411122024543
0,8190,33506.726400035586
0,8191,37325.09780191666
0,8192,35446.47715333632
0,8193,34067.36004944986
0,8194,34339.65039637444
0,8195,37409.46516891679
0,8196,38787.66854680689
0,8197,38441.97554483888
0,8198,37969.57920470461
0,8199,40075.717626386344
0,8200,47530.19888027797
0,8201,56940.96749244318
0,8202,61043.90179157192
0,8203,60482.666643830235
0,8204,55625.66768269206
0,8205,49705.18175565563
0,8206,43563.710768024896
0,8207,34810.98479040117
0,8208,26574.44156197908
0,8209,22682.966783960557
0,8210,21439.118067475876
0,8211,21269.47187081386
0,8212,22301.696933462856
0,8213,25503.803165878708
0,8214,33604.50805992621
0,8215,37404.44829617742
0,8216,34211.28976146332
0,8217,32879.90477310203
0,8218,33142.78224053765
0,8219,36105.648679527796
0,8220,37435.861416083324
0,8221,37102.06271440086
0,8222,36646.349824922145
0,8223,38679.034456063164
0,8224,45873.729913749456
0,8225,54956.336904568714
0,8226,58916.49656728626
0,8227,60622.68916841555
0,8228,55754.8063863154
0,8229,49820.78864972277
0,8230,43665.550727944836
0,8231,34913.774897440206
0,8232,26650.341561410278
0,8233,22747.756915757003
0,8234,21500.338185483724
0,8235,21330.232862488894
0,8236,22365.393043800486
0,8237,25576.65260058417
0,8238,33684.49952374275
0,8239,37535.27107202395
0,8240,33279.12326250425
0,8241,31983.94037150388
0,8242,32239.73686083902
0,8243,35121.71064068182
0,8244,36415.756658396254
0,8245,36091.17933526209
0,8246,35647.79875374781
0,8247,37625.10561630857
0,8248,44623.69756451853
0,8249,53458.90830615494
0,8250,57310.91921722101
0,8251,60276.018961570575
0,8252,55946.5086030459
0,8253,49991.8747997437
0,8254,43815.3721095978
0,8255,35019.1579623574
0,8256,26732.351177034066
0,8257,22817.767860319327
0,8258,21566.486536359876
0,8259,21395.847572976614
0,8260,22434.210947266496
0,8261,25655.333599864287
0,8262,33801.16120916794
0,8263,37663.24044189067
0,8264,35767.63699938703
0,8265,34375.781643949755
0,8266,34650.49795261592
0,8267,37748.213668185555
0,8268,39139.361143322
0,8269,38791.132166470044
0,8270,38314.967631340514
0,8271,40440.80611476046
0,8272,47963.9038817438
0,8273,57460.90563662369
0,8274,61602.21502988936
0,8275,61032.76381940118
0,8276,56131.60478717661
0,8277,50168.080003835916
0,8278,43969.009625564606
0,8279,35134.26038345952
0,8280,28981.072936282086
0,8281,24316.43014208338
0,8282,22234.667327531348
0,8283,21589.137749830392
0,8284,21784.0640400952
0,8285,22545.184481388627
0,8286,26854.676327538436
0,8287,34334.81276599332
0,8288,41945.463388621785
0,8289,46419.580719679645
0,8290,49919.323575742856
0,8291,54247.856280239364
0,8292,54080.61267021974
0,8293,52204.681612841356
0,8294,51389.78788460375
0,8295,52111.46386299435
0,8296,56803.42393862639
0,8297,62650.85762592391
0,8298,62905.530955571296
0,8299,58693.723254336604
0,8300,53053.50973372231
0,8301,48451.41800842684
0,8302,44695.55080071695
0,8303,37777.2786228234
0,8304,30875.00981364112
0,8305,26069.48715081059
0,8306,23625.13950030336
0,8307,22553.745639182365
0,8308,22227.294373132456
0,8309,22752.175606124336
0,8310,26080.150514610665
0,8311,32934.56076527899
0,8312,42584.90500431884
0,8313,50983.63385186596
0,8314,57769.97713172981
0,8315,64780.53142088486
0,8316,62364.17038053471
0,8317,56888.974089786716
0,8318,53853.595697697856
0,8319,53178.52559363642
0,8320,56615.71512395014
0,8321,62719.98350397511
0,8322,63872.11127182745
0,8323,60807.317451716604
0,8324,55199.023208697574
0,8325,49281.99408635088
0,8326,43689.02015892909
0,8327,35415.163852706384
0,8328,26971.333527510928
0,8329,23021.74544298946
0,8330,21759.294569325408
0,8331,21587.157410838983
0,8332,22634.787204062748
0,8333,25884.706289532747
0,8334,34106.616780672426
0,8335,38004.837918431396
0,8336,36092.135120240615
0,8337,34687.617774006234
0,8338,34965.16990034455
0,8339,38090.75416390603
0,8340,39494.05283999183
0,8341,39141.85716705324
0,8342,38661.09179343982
0,8343,40802.775950261304
0,8344,48392.92535087143
0,8345,57975.04343143368
0,8346,62153.067654200226
0,8347,61578.49687262599
0,8348,56633.53831314945
0,8349,50605.39372770601
0,8350,44352.890722366195
0,8351,35441.060593363654
0,8352,27047.28714452096
0,8353,23086.578694893728
0,8354,21820.56321104507
0,8355,21647.938584499203
0,8356,22698.523652833268
0,8357,25957.613231171305
0,8358,34202.58705487282
0,8359,38112.0808915055
0,8360,36182.94030642767
0,8361,34774.888545988804
0,8362,35052.96582422386
0,8363,38186.43684118144
0,8364,39593.27030029178
0,8365,39240.26749035266
0,8366,38758.429314922374
0,8367,40908.12200909875
0,8368,48517.632107044745
0,8369,58123.633507105544
0,8370,62311.848899230776
0,8371,61738.81323965212
0,8372,56781.007500458196
0,8373,50737.47633020731
0,8374,44468.69258621296
0,8375,35535.73869406237
0,8376,27118.520166184102
0,8377,23147.36618292132
0,8378,21878.023772337132
0,8379,21704.93577941819
0,8380,22758.298980253127
0,8381,26025.951712465205
0,8382,34288.31657136464
0,8383,38207.44255471534
0,8384,36284.58234387415
0,8385,34872.51519078375
0,8386,35151.517242602305
0,8387,38295.49153449557
0,8388,39706.876443037865
0,8389,39353.38377137807
0,8390,38867.1788475536
0,8391,41023.353001290154
0,8392,48653.87636609187
0,8393,58287.061838652335
0,8394,62495.04168271295
0,8395,61917.23645243045
0,8396,56945.07836241351
0,8397,50889.22806425608
0,8398,44601.194765138665
0,8399,35639.39916004448
0,8400,27196.269570184428
0,8401,23213.746924897685
0,8402,21940.785021202133
0,8403,21767.185458537413
0,8404,22823.559210077216
0,8405,26100.593706353044
0,8406,34390.87159282788
0,8407,38321.99682459837
0,8408,36393.146646938956
0,8409,34977.05193429314
0,8410,35256.73673339145
0,8411,38408.21773761019
0,8412,39823.39844764461
0,8413,39468.46076687172
0,8414,38983.73471527541
0,8415,41143.913344273984
0,8416,48797.5810391411
0,8417,58459.70745981762
0,8418,62672.8445156432
0,8419,62093.38051468391
0,8420,57106.88316229322
0,8421,51027.85179365666
0,8422,44722.75711245916
0,8423,35736.58810439345
0,8424,27269.23744533047
0,8425,23276.051436243684
0,8426,21999.6467893784
0,8427,21825.59022540796
0,8428,22884.79738504319
0,8429,26170.606306388763
0,8430,34483.18585658255
0,8431,38424.66978461597
0,8432,36489.9249601514
0,8433,35070.547511671706
0,8434,35351.183669906124
0,8435,38511.50003270206
0,8436,39930.336753182215
0,8437,39574.18040226074
0,8438,39088.235680515834
0,8439,41254.50215853786
0,8440,48928.58289242991
0,8441,58616.606604840206
0,8442,62841.01769950923
0,8443,62259.727367673826
0,8444,57260.1309334767
0,8445,51164.95218537152
0,8446,44842.796122093954
0,8447,35832.558378593894
0,8448,29548.22266502593
0,8449,24792.55350584435
0,8450,22670.230435655343
0,8451,22012.24456488398
0,8452,22211.223318859393
0,8453,22987.248265369624
0,8454,27379.923161574927
0,8455,35006.300017859015
0,8456,42769.83819936538
0,8457,47331.62523302424
0,8458,50901.41476574185
0,8459,55315.13337634868
0,8460,55144.82422308512
0,8461,53231.81675735721
0,8462,52400.988383565185
0,8463,53136.76048576824
0,8464,57920.95482154229
0,8465,63883.29852345266
0,8466,64143.17993263659
0,8467,59846.4536562931
0,8468,54094.93989008648
0,8469,49402.14581545565
0,8470,45572.17020601696
0,8471,38517.89805098209
0,8472,31470.328581764392
0,8473,26571.152717472152
0,8474,24079.76439922986
0,8475,22987.7445458442
0,8476,22655.017128529104
0,8477,23189.98285700045
0,8478,26581.99888179447
0,8479,33568.26924253878
0,8480,43404.46067923658
0,8481,51970.188486043415
0,8482,58888.274251974864
0,8483,66034.55600322726
0,8484,63571.01429787992
0,8485,57990.11435247399
0,8486,54895.60617770121
0,8487,54207.66687882977
0,8488,57710.734220912425
0,8489,63931.67938943092
0,8490,65107.0904197911
0,8491,61980.95928986099
0,8492,56264.47742208966
0,8493,50232.66952171049
0,8494,44529.902561446936
0,8495,36096.70513329779
0,8496,27481.651652227327
0,8497,23457.359087598146
0,8498,22170.991812268283
0,8499,21995.594711134378
0,8500,23063.05836102621
0,8501,26374.489822245607
0,8502,34751.90262434367
0,8503,38724.157973628615
0,8504,36772.84420826219
0,8505,35342.26138059174
0,8506,35625.34004813868
0,8507,38810.30528450086
0,8508,40240.47235174633
0,8509,39882.27546607499
0,8510,39392.598550122835
0,8511,41577.67412652044
0,8512,49311.65955692384
0,8513,59075.035452244214
0,8514,63331.54561368466
0,8515,62745.36527221941
0,8516,57709.642292772725
0,8517,51567.032289544084
0,8518,45195.48368217297
0,8519,36146.85122047986
0,8520,27577.069806285926
0,8521,23538.788771497933
0,8522,22247.96485511594
0,8523,22071.969749829947
0,8524,23143.127621613934
0,8525,26466.05305343993
0,8526,34872.40390633986
0,8527,38826.75993697783
0,8528,36866.59999966098
0,8529,35432.225234786485
0,8530,35715.5660443305
0,8531,38908.17716606371
0,8532,40341.63792832679
0,8533,39982.130234496726
0,8534,39491.0061646204
0,8535,41681.5657566866
0,8536,49434.4405743929
0,8537,59218.63673750046
0,8538,63486.50965415744
0,8539,62899.47356247393
0,8540,57848.25778203068
0,8541,51691.01374456482
0,8542,45304.23028077539
0,8543,36201.81543361251
0,8544,27617.563840547315
0,8545,23573.34601898888
0,8546,22280.641658886394
0,8547,22104.36102189481
0,8548,23177.09542017924
0,8549,26504.88752814328
0,8550,34913.16574677672
0,8551,38903.7117483486
0,8552,36945.59693808221
0,8553,35508.00137042671
0,8554,35791.86557997224
0,8555,38991.429444002126
0,8556,40428.111285661245
0,8557,40067.49409241886
0,8558,39575.60493102826
0,8559,41770.67934969208
0,8560,49540.3960723387
0,8561,59349.244643598424
0,8562,63634.03211534445
0,8563,63045.92281467047
0,8564,57991.63769015969
0,8565,51818.46405254563
0,8566,45415.57109192489
0,8567,36290.16901938432
0,8568,27683.6766961076
0,8569,23629.800913621704
0,8570,22333.988944640354
0,8571,22157.281773096787
0,8572,23232.60584544692
0,8573,26568.34977613041
0,8574,35007.214020470434
0,8575,39008.71745332122
0,8576,37044.71366997033
0,8577,35603.405837458005
0,8578,35888.61720542834
0,8579,39096.766371555896
0,8580,40536.92981963614
0,8581,40175.59412058321
0,8582,39682.33737794683
0,8583,41879.28689973006
0,8584,49668.831248469054
0,8585,59502.738301361336
0,8586,63792.58954872687
0,8587,63202.839734948764
0,8588,58127.36962187992
0,8589,51940.40689618185
0,8590,45524.33740268532
0,8591,36376.999267470375
0,8592,31856.64701886312
0,8593,26897.45164975348
0,8594,24375.474710781913
0,8595,23270.019019008203
0,8596,22933.20905669538
0,8597,23474.755603969046
0,8598,26908.419681090665
0,8599,33980.48442029476
0,8600,43937.324201701624
0,8601,52608.466976360316
0,8602,59611.250317617836
0,8603,66845.27631956774
0,8604,64351.57252804316
0,8605,58702.1223867798
0,8606,55569.83543740112
0,8607,54870.073227362715
0,8608,58416.48473134674
0,8609,64716.13414656967
0,8610,65905.86668990941
0,8611,62741.39336776249
0,8612,56954.60328138619
0,8613,50849.316616890195
0,8614,45076.47612308349
0,8615,36539.99639984249
0,8616,31929.767227777713
0,8617,26959.08589251775
0,8618,24431.320270340453
0,8619,23323.335838008734
0,8620,22987.27243612586
0,8621,23530.315637873573
0,8622,26972.337442246393
0,8623,34058.479309803704
0,8624,44038.169156496355
0,8625,52729.11532106944
0,8626,59747.741374258476
0,8627,66998.52409075141
0,8628,64507.75298361945
0,8629,58845.23052056861
0,8630,55705.63955922218
0,8631,55007.98871444438
0,8632,58563.28127335856
0,8633,64872.14914016742
0,8634,66071.07765345155
0,8635,62898.48388126299
0,8636,57097.24930923768
0,8637,50976.56307553809
0,8638,45223.81936071988
0,8639,36659.49681393998
0,8640,32032.26802775999
0,8641,27045.821368565998
0,8642,24509.918234801997
0,8643,23398.383042034
0,8644,23059.689290638005
0,8645,23604.234187534003
0,8646,27056.861089258
0,8647,34167.93554173999
0,8648,44179.92532954
0,8649,52898.559994279996
0,8650,59940.19399368
0,8651,67213.90609933999
0,8652,64706.79162947998
0,8653,59025.909942999984
0,8654,55876.23493451997
0,8655,55176.03607515994
0,8656,58705.82964374205
0,8657,65036.07957723338
0,8658,66231.11616796166
0,8659,63050.14271796643
0,8660,57234.66371065022
0,8661,51099.17145982357
0,8662,45300.474511811815
0,8663,36721.34949190291
0,8664,27947.276223060362
0,8665,23854.76506228594
0,8666,22546.636708981994
0,8667,22367.82249332098
0,8668,23453.468078208036
0,8669,26809.920666331993
0,8670,35325.591596786035
0,8671,39363.35046655696
0,8672,37370.784101736244
0,8673,35916.7414661457
0,8674,36203.95600434466
0,8675,39440.0689082302
0,8676,40893.19781782436
0,8677,40528.62114526435
0,8678,40030.9450525632
0,8679,42251.603799125965
0,8680,50110.561094086755
0,8681,60032.102538234656
0,8682,64357.68140515069
0,8683,63767.720446516345
0,8684,58646.842606199985
0,8685,52404.57304675124
0,8686,45929.73311710561
0,8687,36707.86821280867
0,8688,27994.955518807703
0,8689,23895.471006011336
0,8690,22585.095928754494
0,8691,22406.408418219467
0,8692,23493.797325040534
0,8693,26867.076296300187
0,8694,35397.5489577302
0,8695,39442.859563839556
0,8696,37457.86100875615
0,8697,36000.18481383994
0,8698,36288.06443854125
0,8699,39531.812844699656
0,8700,40988.529915487365
0,8701,40623.704142797564
0,8702,40125.128084516036
0,8703,42351.29209731153
0,8704,50227.22633003184
0,8705,60171.71571495272
0,8706,64512.01497981732
0,8707,63915.532487127624
0,8708,58784.077954271124
0,8709,52526.51140886856
0,8710,46036.178865087444
0,8711,36786.16776985494
0,8712,28053.086084894905
0,8713,23945.101347812208
0,8714,22632.01472947478
0,8715,22452.96161789518
0,8716,23542.605064491116
0,8717,26922.891389105087
0,8718,35474.269354912365
0,8719,39529.08960676341
0,8720,37539.61058921229
0,8721,36079.03441614341
0,8722,36367.24990628176
0,8723,39618.35719514662
0,8724,41078.01936560409
0,8725,40711.80898595687
0,8726,40211.84955750337
0,8727,42440.20922497071
0,8728,50334.872554711554
0,8729,60301.67295652921
0,8730,64647.356118243995
0,8731,64049.63169242739
0,8732,58905.94496912919
0,8733,52635.58238716616
0,8734,46131.8444717507
0,8735,36862.33465414097
0,8736,28109.784713557416
0,8737,23993.48255271068
0,8738,22677.74532680009
0,8739,22498.326614175916
0,8740,23590.16366703925
0,8741,26977.305011238954
0,8742,35546.170893678376
0,8743,39609.21716903219
0,8744,37614.36124479592
0,8745,36151.14129989941
0,8746,36440.62406459388
0,8747,39698.48475741546
0,8748,41160.88893570729
0,8749,40794.06922098577
0,8750,40288.52500105749
0,8751,42523.628499929015
0,8752,50433.159267913295
0,8753,60418.77431350551
0,8754,64772.00165422713
0,8755,64174.92040935039
0,8756,59021.52866750881
0,8757,52739.287613417815
0,8758,46223.242294279415
0,8759,36935.88668952363
1,0,17595.586139699008
1,1,17192.571921564777
1,2,16975.10023355131
1,3,16839.3403789999
1,4,16952.00643423579
1,5,17901.13721270086
1,6,18895.206452894683
1,7,19791.1727461281
1,8,19926.93260067951
1,9,20314.774375463974
1,10,21810.90525011759
1,11,22210.903259634106
1,12,22236.099264955923
1,13,21650.52825856493
1,14,21180.669982781266
1,15,21530.245514900416
1,16,23305.36603307427
1,17,25070.410002150857
1,18,24735.366574649946
1,19,23586.3962358962
1,20,21937.51659364594
1,21,20402.14915703566
1,22,18530.428010671974
1,23,17410.317810361685
1,24,17819.730046775952
1,25,17445.872511946407
1,26,17315.870873847012
1,27,17572.522807137215
1,28,18966.8947243847
1,29,23271.176755649347
1,30,33682.21490143066
1,31,54354.71948884467
1,32,72490.52657598101
1,33,78921.66600145152
1,34,82638.7302036747
1,35,81975.19253154282
1,36,75302.24588637974
1,37,69881.55123101985
1,38,69244.64382161327
1,39,66534.86137736571
1,40,61436.55825649737
1,41,54915.5516465963
1,42,42796.724016692926
1,43,32756.620133543045
1,44,27151.788109761386
1,45,23448.8588633118
1,46,20555.644530330144
1,47,19007.80833095255
1,48,18064.913150294542
1,49,17687.854037004327
1,50,17282.81627248419
1,51,17464.932863457496
1,52,18194.401184520688
1,53,20759.038015857128
1,54,23550.934491226428
1,55,26398.790099608224
1,56,31603.58549538624
1,57,38237.25341613026
1,58,42325.515822030255
1,59,42369.13995959584
1,60,39359.2496872965
1,61,35047.58525484566
1,62,31743.60098339231
1,63,30678.330392872984
1,64,29819.031543897534
1,65,30585.614255118093
1,66,28366.576677975605
1,67,26243.72061757356
1,68,23976.208022185838
1,69,21650.942523481983
1,70,19666.4561319859
1,71,18641.313260799794
1,72,17612.745994843965
1,73,17209.338742595974
1,74,16991.654968287978
1,75,16855.762715791985
1,76,16968.53864705998
1,77,17918.595052357985
1,78,18913.633745005984
1,79,19810.473817133978
1,80,19946.366069629974
1,81,20334.586081809975
1,82,21832.17603767197
1,83,22232.56413978597
1,84,22257.784717167957
1,85,21671.64264064795
1,86,21201.326141995905
1,87,21537.55459943743
1,88,23315.064625538216
1,89,25071.914233939657
1,90,24736.59714255883
1,91,23587.330258943795
1,92,21938.164880382697
1,93,20402.549092915204
1,94,18530.428010672036
1,95,17410.317810361696
1,96,17819.730046775963
1,97,17445.87251194642
1,98,17315.870873847016
1,99,17572.522807137222
1,100,18966.894724384703
1,101,23271.176755649343
1,102,33682.21490143066
1,103,54344.15821069939
1,104,72476.4414584187
1,105,78906.33129502367
1,106,82622.15034701458
1,107,81957.8715476382
1,108,75285.53974665757
1,109,69865.31713606618
1,110,69227.84096591588
1,111,66518.03423595168
1,112,61424.62095673495
1,113,54904.88139715152
1,114,42789.295389977175
1,115,32750.990612556245
1,116,27147.168075622372
1,117,23448.858863311747
1,118,20555.6445303301
1,119,19007.263173056286
1,120,17819.73004677595
1,121,17445.872511946407
1,122,17315.87087384701
1,123,17572.522807137215
1,124,18966.894724384696
1,125,23271.17675564934
1,126,33682.214901430525
1,127,54350.83918576285
1,128,72485.35158443803
1,129,78916.03190037092
1,130,82632.3077686093
1,131,81968.88480981688
1,132,75296.50905547715
1,133,69876.2801372572
1,134,69239.47253605314
1,135,66526.211845885
1,136,61432.172391413565
1,137,54911.631306535564
1,138,42793.65273379218
1,139,32754.292670849394
1,140,27149.87800815113
1,141,23448.858863311747
1,142,20555.644530330108
1,143,19007.263173056286
1,144,17819.730046775952
1,145,17445.872511946407
1,146,17315.870873847012
1,147,17572.522807137222
1,148,18966.89472438471
1,149,23271.176755649358
1,150,33682.21490143067
1,151,54360.60998247612
1,152,72490.52657598104
1,153,78921.66600145154
1,154,82638.20718807184
1,155,81973.7992923326
1,156,75302.24588637863
1,157,69881.55123101978
1,158,69244.64382161324
1,159,66534.8613773661
1,160,61440.78315887636
1,161,54919.879952987394
1,162,42796.724016692904
1,163,32756.939591123883
1,164,27151.788109761383
1,165,23449.08528093012
1,166,20556.039527776127
1,167,19007.808330952546
1,168,17821.218687722892
1,169,17447.329921239834
1,170,17317.3174229444
1,171,17573.990796659124
1,172,18968.47919822628
1,173,23273.1208045497
1,174,33682.214901437634
1,175,54360.60998247615
1,176,72498.38247127684
1,177,78930.2188479263
1,178,82647.16280108447
1,179,81982.68290257319
1,180,75308.33116635699
1,181,69886.4676753403
1,182,69248.79852009765
1,183,66537.13753373672
1,184,61442.26147842117
1,185,54920.649516447644
1,186,42796.897932089356
1,187,32756.430594950296
1,188,27151.63255926761
1,189,23448.858863311787
1,190,20555.644530330115
1,191,19007.26317305629
1,192,17819.730046775952
1,193,17445.87251194641
1,194,17315.870873847012
1,195,17572.522807137215
1,196,18966.894724384696
1,197,23271.176755649347
1,198,33682.21490143066
1,199,54360.60998247602
1,200,72497.25594969916
1,201,78929.76666280808
1,202,82647.16280108447
1,203,81982.68290257319
1,204,75308.331166357
1,205,69886.46767534033
1,206,69248.7985200977
1,207,66538.17144212649
1,208,61443.21621846543
1,209,54921.50291835844
1,210,42797.56294524549
1,211,32756.939591123988
1,212,27151.78810976139
1,213,23448.85886331181
1,214,20555.644530330206
1,215,19007.9134023893
1,216,18065.012019959166
1,217,17687.949883651487
1,218,17282.90899622177
1,219,17465.02563569092
1,220,18193.24323259822
1,221,20759.146111399317
1,222,23551.05590934467
1,223,26398.695463064752
1,224,31600.116952587785
1,225,38232.7292362152
1,226,42320.14891454066
1,227,42363.411704815124
1,228,39353.60110536843
1,229,35042.555454779176
1,230,31739.045349525502
1,231,30673.927639669666
1,232,29817.50719275755
1,233,30584.05071621215
1,234,28365.126576437833
1,235,26238.486233664473
1,236,23971.241822499098
1,237,21646.293379798633
1,238,19662.085110640142
1,239,18637.031181918763
1,240,17595.586139699037
1,241,17192.571921564795
1,242,16975.100233551326
1,243,16839.34037899991
1,244,16952.006434235802
1,245,17901.13721270087
1,246,18895.20645289469
1,247,19791.172746128108
1,248,19926.932600679516
1,249,20314.77437546398
1,250,21810.905250117597
1,251,22210.903259634106
1,252,22236.099264955938
1,253,21650.52825856495
1,254,21180.669982781277
1,255,21530.245514900438
1,256,23307.00565801749
1,257,25071.91423393965
1,258,24736.597142558836
1,259,23587.330258943828
1,260,21938.99970184548
1,261,20403.514795050287
1,262,18531.475342922116
1,263,17411.460202267393
1,264,17821.46789161899
1,265,17447.57389684381
1,266,17317.559580512156
1,267,17574.236543431747
1,268,18968.744444896678
1,269,23273.446245389674
1,270,33685.49971345138
1,271,54360.60998247615
1,272,72498.38247127684
1,273,78930.2188479263
1,274,82647.16280108452
1,275,81982.6829025732
1,276,75308.33116635702
1,277,69886.46767534035
1,278,69248.79852009771
1,279,66538.17144212649
1,280,61443.216218465444
1,281,54921.502918358485
1,282,42797.56294524555
1,283,32757.879111143953
1,284,27152.821327242982
1,285,23449.968754677215
1,286,20556.80632699376
1,287,19008.510349807217
1,288,17821.05978964815
1,289,17447.32992123986
1,290,17317.47029935584
1,291,17574.23654343087
1,292,18966.89472438471
1,293,23271.17675564935
1,294,33682.21490143067
1,295,54355.64330995729
1,296,72491.75863604023
1,297,78923.00736613847
1,298,82639.61171966023
1,299,81975.19253154317
1,300,75303.03329926818
1,301,69882.2747188192
1,302,69245.35361016527
1,303,66532.09216325778
1,304,61437.60244162296
1,305,54916.484999697816
1,306,42797.14556785614
1,307,32756.939591123988
1,308,27151.788109761394
1,309,23449.309456789862
1,310,20556.234098214052
1,311,19007.986463784247
1,312,17837.108495205972
1,313,17462.88636091998
1,314,17332.757940497988
1,315,17589.660170081985
1,316,18985.39192950399
1,317,23293.871653051978
1,318,33715.063021639915
1,319,54367.042617152416
1,320,72506.96139651716
1,321,78940.22852874156
1,322,82658.3381051116
1,323,81994.45020945373
1,324,75319.76061619057
1,325,69897.64405031817
1,326,69256.9929134793
1,327,66546.0450798405
1,328,61450.4869566598
1,329,54928.00192497852
1,330,42802.62729400009
1,331,32763.725952228688
1,332,27157.619711595802
1,333,23454.07171139222
1,334,20575.691142005966
1,335,19025.799746953995
1,336,17837.108495206
1,337,17462.886360919998
1,338,17332.757940498
1,339,17589.660170081996
1,340,18985.391929504003
1,341,23293.871653051992
1,342,33691.875067169705
1,343,54360.609982476184
1,344,72498.38247127691
1,345,78930.98098276081
1,346,82648.75094969169
1,347,81985.03429354081
1,348,75311.19690337437
1,349,69889.77557136571
1,350,69248.79852009813
1,351,66538.1714421265
1,352,61443.21621846546
1,353,54921.50291835848
1,354,42797.56294524552
1,355,32756.939591124366
1,356,27152.82132724298
1,357,23449.968754677215
1,358,20556.80632699376
1,359,19008.510349807235
1,360,17821.467891618853
1,361,17447.5738968432
1,362,17317.470299355846
1,363,17574.236543431616
1,364,18968.74444489647
1,365,23271.176755649354
1,366,33682.21490143067
1,367,54360.60998247607
1,368,72497.67544070003
1,369,78929.44909174334
1,370,82646.35679591312
1,371,81981.8833776516
1,372,75308.33116635696
1,373,69886.46767534032
1,374,69248.12318064485
1,375,66537.52253769398
1,376,61442.61700188811
1,377,54920.96730389973
1,378,42797.56294524541
1,379,32756.93959112399
1,380,27151.78810976141
1,381,23449.531413086588
1,382,20556.42674221195
1,383,19008.1628329245
1,384,18065.246728021863
1,385,17688.17741533126
1,386,17283.129114383373
1,387,17465.245868977738
1,388,18193.47037520034
1,389,20759.2212756053
1,390,23550.93449122635
1,391,26396.121217382846
1,392,31600.116952587785
1,393,38232.72923621519
1,394,42320.14891454067
1,395,42363.41170481514
1,396,39353.60110536841
1,397,35042.555454779154
1,398,31739.04534952549
1,399,30673.927639669662
1,400,29817.507192757534
1,401,30584.050716212092
1,402,28365.12657643783
1,403,26238.48623366447
1,404,23971.241822499105
1,405,21647.117094540747
1,406,19663.015764799424
1,407,18638.084539318377
1,408,17596.740688117
1,409,17194.159958244763
1,410,16976.668182892474
1,411,16840.895788528534
1,412,16953.57225045804
1,413,17902.790697859273
1,414,18896.951757847313
1,415,19793.000809340752
1,416,19926.93260067966
1,417,20314.774375463996
1,418,21810.905250117612
1,419,22210.90325963412
1,420,22236.09926495593
1,421,21650.528258564937
1,422,21180.669982781274
1,423,21530.24551490043
1,424,23307.005658017486
1,425,25070.921423584103
1,426,24735.866160367437
1,427,23586.86789418584
1,428,21937.950931425006
1,429,20402.549092915193
1,430,18530.42801067203
1,431,17410.31781036169
1,432,17819.730046775956
1,433,17445.872511946407
1,434,17315.870873847016
1,435,17572.52280713722
1,436,18966.894724384696
1,437,23271.176755649347
1,438,33682.21490143066
1,439,54344.15821069935
1,440,72476.44145841859
1,441,78906.33129502354
1,442,82622.15034701444
1,443,81957.87154763805
1,444,75285.53974665729
1,445,69865.31713606471
1,446,69227.84096591578
1,447,66518.03423595164
1,448,61424.62095673485
1,449,54904.88139715141
1,450,42784.61063035418
1,451,32749.057600140444
1,452,27145.58169138595
1,453,23443.778355916034
1,454,20551.433453218462
1,455,19004.66925216934
1,456,17817.298188514964
1,457,17443.491674016936
1,458,17313.507777238912
1,459,17570.12468524408
1,460,18964.306312579378
1,461,23268.00093854732
1,462,33677.61829012694
1,463,54344.15821069944
1,464,72476.44145841879
1,465,78906.33129502375
1,466,82622.15034701469
1,467,81961.95939686261
1,468,75290.21043851606
1,469,69870.49286530507
1,470,69233.79484614165
1,471,66518.03423595191
1,472,61424.620956734965
1,473,54904.88139715153
1,474,42784.61063035429
1,475,32751.737288575223
1,476,27147.780857545844
1,477,23448.858863311365
1,478,20555.6445303301
1,479,19007.263173056286
1,480,17819.730046775952
1,481,17445.872511946407
1,482,17315.870873847016
1,483,17572.522807137215
1,484,18966.894724384696
1,485,23271.176755649347
1,486,33682.214901430656
1,487,54358.91518765045
1,488,72496.24009792657
1,489,78928.67163799897
1,490,82646.3567959133
1,491,81982.68290257314
1,492,75308.33116635699
1,493,69886.4676753403
1,494,69248.79852009767
1,495,66532.09216325759
1,496,61436.55825649726
1,497,54915.55164659612
1,498,42794.995233260466
1,499,32755.31003640303
1,500,27150.712939506862
1,501,23448.165934606222
1,502,20555.644530330093
1,503,19007.263173056286
1,504,17819.730046775952
1,505,17445.872511946414
1,506,17315.870873847012
1,507,17572.52280713722
1,508,18966.8947243847
1,509,23271.17675564935
1,510,33682.21490143066
1,511,54344.15821069944
1,512,72470.1642724913
1,513,78899.49721621926
1,514,82614.99444105371
1,515,81950.77317487635
1,516,75279.01926467557
1,517,69859.26609966351
1,518,69221.84514133679
1,519,66512.27310778327
1,520,61419.30096918435
1,521,54900.12608436402
1,522,42780.90505444075
1,523,32745.757604059178
1,524,27142.873451272822
1,525,23441.462619797203
1,526,20549.423541039403
1,527,19001.751272827532
1,528,17814.785745772268
1,529,17441.462560651504
1,530,17311.493784244292
1,531,17568.08084129946
1,532,18962.100290521175
1,533,23265.294289410005
1,534,33672.021268344644
1,535,54338.082850164246
1,536,72468.33901416966
1,537,78897.5100265211
1,538,82612.91367157284
1,539,81948.70913469927
1,540,75281.20672028394
1,541,69862.22010220298
1,542,69225.678727875
1,543,66516.81906328202
1,544,61417.75404168214
1,545,54898.74335102821
1,546,42779.82755994714
1,547,32747.025984664582
1,548,27144.78303226812
1,549,23443.095446096937
1,550,20550.84073077853
1,551,19003.04873622425
1,552,18064.225745334013
1,553,17687.016867595932
1,554,17281.839509947975
1,555,17463.786963130446
1,556,18191.79004313631
1,557,20757.30397316577
1,558,23548.759348741296
1,559,26393.26094440244
1,560,31596.69277674192
1,561,38228.58635319459
1,562,42316.01715940836
1,563,42359.72572904311
1,564,39350.59090128384
1,565,35042.55545477899
1,566,31737.275326121293
1,567,30672.53013410762
1,568,29814.782907772416
1,569,30580.736640891744
1,570,28362.052942836777
1,571,26236.91201142067
1,572,23970.04932861031
1,573,21645.436218912295
1,574,19661.504083509426
1,575,18637.03118191873
1,576,17595.58613969902
1,577,17192.571921564784
1,578,16975.100233551315
1,579,16839.3403789999
1,580,16952.00643423579
1,581,17901.13721270086
1,582,18895.206452894683
1,583,19791.1727461281
1,584,19926.932600679505
1,585,20314.77437546397
1,586,21810.90525011758
1,587,22210.903259634077
1,588,22236.0992649559
1,589,21650.52825856492
1,590,21180.66998278126
1,591,21527.91250623661
1,592,23304.480120345215
1,593,25069.1974514905
1,594,24733.91669493359
1,595,23584.77434541155
1,596,21936.715249144556
1,597,20401.41128334967
1,598,18529.583763514813
1,599,17409.70055973069
1,600,17819.730046775934
1,601,17445.8725119464
1,602,17315.870873847005
1,603,17572.52280713721
1,604,18966.894724384692
1,605,23271.17675564934
1,606,33672.02126837569
1,607,54344.15821069936
1,608,72476.44145841869
1,609,78906.33129502363
1,610,82622.15034701453
1,611,81957.87154763815
1,612,75285.53974665755
1,613,69870.49286530494
1,614,69227.84096591591
1,615,66518.03423595162
1,616,61424.62095673487
1,617,54904.88139715144
1,618,42784.6106303542
1,619,32751.737288575183
1,620,27147.780857545808
1,621,23445.658797935568
1,622,20555.644530330108
1,623,19007.263173056286
1,624,17819.730046775952
1,625,17445.872511946407
1,626,17315.870873847012
1,627,17572.52280713722
1,628,18966.894724384703
1,629,23271.17675564935
1,630,33682.21490143066
1,631,54360.6099824761
1,632,72496.84460631694
1,633,78929.3232603152
1,634,82647.03234858793
1,635,81982.68290257321
1,636,75308.33116635702
1,637,69886.46767534033
1,638,69248.7985200977
1,639,66538.17144212648
1,640,61443.2162184654
1,641,54921.50291835843
1,642,42797.56294524549
1,643,32756.939591123984
1,644,27151.788109761386
1,645,23448.858863311805
1,646,20555.644530330206
1,647,19009.485991490812
1,648,17821.965419033393
1,649,17448.207772033173
1,650,17318.61721050489
1,651,17575.309849377736
1,652,18969.90291719506
1,653,23274.86761741783
1,654,33687.556977620574
1,655,54360.60998247623
1,656,72498.38247127687
1,657,78930.21884792633
1,658,82647.16280108452
1,659,81982.68290257324
1,660,75308.33116635706
1,661,69886.46767534126
1,662,69265.13764823801
1,663,66554.35804117654
1,664,61458.16337862505
1,665,54930.39679867956
1,666,42808.89552386467
1,667,32765.843878077052
1,668,27159.35785055049
1,669,23471.727042763854
1,670,20575.69114200591
1,671,19025.799746953937
1,672,17837.108495205946
1,673,17462.886360919943
1,674,17332.757940497944
1,675,17589.66017008194
1,676,18985.391929503938
1,677,23293.871653051923
1,678,33694.03729365457
1,679,54379.69045134148
1,680,72523.82926317224
1,681,78957.9232019383
1,682,82676.17179522834
1,683,82011.45866555907
1,684,75337.04585949263
1,685,69913.52601367081
1,686,69276.01316149932
1,687,66561.52621149294
1,688,61464.78266840817
1,689,54940.78025955844
1,690,42812.584806986066
1,691,32770.73866702172
1,692,27163.3749049466
1,693,23458.992807216964
1,694,20564.638632650996
1,695,19025.79974695393
1,696,17837.108495205986
1,697,17462.886360919987
1,698,17332.75794049799
1,699,17589.660170081985
1,700,18985.391929503992
1,701,23293.87165305199
1,702,33715.06302163989
1,703,54386.89917681164
1,704,72532.14750831857
1,705,78969.1546869745
1,706,82688.32655558913
1,707,82023.90302581967
1,708,75346.5477565304
1,709,69922.25651158147
1,710,69284.57834736226
1,711,66538.17144212656
1,712,61443.21621846548
1,713,54921.5029183585
1,714,42797.56294524553
1,715,32756.939591124054
1,716,27166.53860092101
1,717,23461.697990188546
1,718,20575.691142005984
1,719,19025.799746954
1,720,18081.842634856
1,721,17704.26588931
1,722,17298.693387976
1,723,17480.818282928
1,724,18209.531337998
1,725,20777.54725046
1,726,23571.724954777997
1,727,26421.863674205983
1,728,31619.85811533943
1,729,38256.61391143409
1,730,42346.58707452119
1,731,42389.876891840686
1,732,39379.56542526002
1,733,35065.675476685465
1,734,31758.873303351385
1,735,30693.090195260054
1,736,29836.13472705508
1,737,30603.157124068144
1,738,28382.945222939714
1,739,26255.059107660156
1,740,23986.464201568895
1,741,21660.11226812212
1,742,19674.702864327017
1,743,18655.206692121974
1,744,17843.817717725993
1,745,17331.538081857998
1,746,17086.803942208
1,747,17043.651442817998
1,748,17182.257880788
1,749,18176.68664411599
1,750,19373.91690634399
1,751,20016.29446616799
1,752,20276.215845885974
1,753,21348.166625785972
1,754,22398.86136888397
1,755,23009.30912880597
1,756,22830.843809773967
1,757,22245.311662573968
1,758,21464.29716831397
1,759,21729.40294725197
1,760,22335.306733739963
1,761,24213.523081747964
1,762,25202.46248119596
1,763,24018.925132201966
1,764,22393.98193432397
1,765,20696.975587287994
1,766,18841.875560508
1,767,17673.250983388
1,768,17963.882304368
1,769,17637.692104032
1,770,17569.898460114
1,771,17824.970901737997
1,772,19088.134523458
1,773,23629.79022604199
1,774,34632.23650607244
1,775,55349.56080804596
1,776,71907.32744921725
1,777,77810.2609813845
1,778,81702.08410086336
1,779,80642.57794590242
1,780,73989.61782000307
1,781,68447.16003686613
1,782,67335.43903584004
1,783,64075.22351597702
1,784,58110.805309046984
1,785,52449.8330097689
1,786,42936.9866036197
1,787,32962.26871554245
1,788,27256.258608248096
1,789,23457.663755135258
1,790,20539.222950078067
1,791,18993.188125075863
1,792,17946.725199769215
1,793,17621.013327834975
1,794,17553.44829346155
1,795,17808.447155900634
1,796,19070.615020131652
1,797,23606.768047813708
1,798,34606.880876663075
1,799,55349.56080804595
1,800,71907.32744921725
1,801,77810.2609813845
1,802,81702.08410086345
1,803,80643.36440928766
1,804,73990.3394006716
1,805,68447.82756494584
1,806,67336.09572190695
1,807,64075.848406927755
1,808,58111.37203225737
1,809,52450.34452458254
1,810,42937.405344794635
1,811,32962.590178696264
1,812,27256.258608248107
1,813,23457.663755135254
1,814,20539.222950078056
1,815,18993.004732317957
1,816,17946.55362872323
1,817,17620.846540073017
1,818,17553.28379179504
1,819,17808.28191844227
1,820,19070.43982509841
1,821,23608.102292736785
1,822,34606.88087666312
1,823,55349.56080804595
1,824,71907.32744921726
1,825,77810.2609813845
1,826,81702.08410086346
1,827,80643.36440928766
1,828,73990.33940067163
1,829,68448.4884838495
1,830,67336.09572190711
1,831,64075.848406927755
1,832,58111.37203225738
1,833,52450.344524582535
1,834,42937.40534479465
1,835,32962.59017869632
1,836,27257.295801186152
1,837,23458.774063257748
1,838,20540.38381860083
1,839,18994.759070663487
1,840,17948.038006124778
1,841,17622.135508342744
1,842,17554.401659000057
1,843,17809.24912454315
1,844,19071.298625116422
1,845,23606.76804781385
1,846,34606.88087666306
1,847,55347.369048110726
1,848,71905.2025419191
1,849,77808.7357251519
1,850,81701.28731244328
1,851,80643.36440928763
1,852,73990.3394006716
1,853,68447.82756494582
1,854,67336.09572190694
1,855,64075.848406927726
1,856,58109.07090872168
1,857,52448.26756928065
1,858,42936.13651713527
1,859,32961.94403774421
1,860,27255.992795307426
1,861,23457.663755135254
1,862,20539.222950078052
1,863,18993.004732317953
1,864,17946.553628723213
1,865,17620.846540072995
1,866,17553.283791795013
1,867,17808.281918442237
1,868,19070.439825098343
1,869,23606.768047813606
1,870,34606.88087666307
1,871,55349.56080804589
1,872,71904.48002645317
1,873,77807.9616386433
1,874,81700.48255613916
1,875,80642.57794588695
1,876,73990.33940067158
1,877,68447.82756494581
1,878,67336.09572190692
1,879,64075.848406927704
1,880,58109.07090872161
1,881,52448.2675692806
1,882,42935.70508767545
1,883,32961.28490935902
1,884,27255.45316845652
1,885,23457.203932132594
1,886,20539.02264411053
1,887,18993.00473231794
1,888,17704.321983705762
1,889,17373.270237844965
1,890,17218.986597035182
1,891,17292.1677394572
1,892,17843.43318116577
1,893,20674.06880201804
1,894,23276.934972101364
1,895,26127.343516114295
1,896,31138.54563381443
1,897,38670.84115462842
1,898,42274.44878396905
1,899,42321.976919763525
1,900,39081.22832716158
1,901,34467.352855486875
1,902,31070.90944056854
1,903,29454.252088220626
1,904,28207.18692518232
1,905,28911.517337552083
1,906,28356.626352151503
1,907,26230.29067691529
1,908,23704.261659699707
1,909,21500.205295738037
1,910,19413.35453331578
1,911,18484.91107094029
1,912,17830.125892309592
1,913,17318.371006936944
1,914,17073.951322324716
1,915,17030.958214342518
1,916,17169.58812299734
1,917,18163.41632318174
1,918,19359.91256251662
1,919,20001.969037063252
1,920,20261.8480718141
1,921,21333.18904072959
1,922,22383.302222070408
1,923,22993.484189901726
1,924,22815.14161261545
1,925,22230.01217244173
1,926,21449.534830626664
1,927,21708.23229010005
1,928,22313.545752897964
1,929,24189.932180661144
1,930,25177.908070112084
1,931,23995.523825209486
1,932,22372.16378704449
1,933,20676.810809852348
1,934,18823.518181404714
1,935,17662.46403942059
1,936,17953.026530079587
1,937,17627.138981344
1,938,17559.48998500344
1,939,17814.515871043488
1,940,19078.256734762588
1,941,23616.203538082143
1,942,34620.91025426489
1,943,55372.31140021777
1,944,71937.28554409085
1,945,77843.10871826703
1,946,81781.76294287972
1,947,80722.01074937981
1,948,74062.49746895986
1,949,68514.58037423987
1,950,67401.76432989987
1,951,64138.33750323986
1,952,58168.044354419864
1,953,52501.49600695988
1,954,42979.2794631199
1,955,32994.73649471993
1,956,27282.83990231794
1,957,23480.540521437968
1,958,20559.253546831995
1,959,19011.527400865998
1,960,17963.882304368
1,961,17637.692104032
1,962,17569.898460114
1,963,17824.970901737997
1,964,19088.134523458
1,965,23629.790226042
1,966,34640.63076473998
1,967,55403.539711519916
1,968,71977.45408853987
1,969,77886.14437603987
1,970,81781.76294287987
1,971,80722.01074937989
1,972,74062.49746895992
1,973,68514.58037423993
1,974,67401.76432989993
1,975,64138.33750323993
1,976,58168.0443544199
1,977,52501.496006959904
1,978,42979.279463119914
1,979,32994.73649471994
1,980,27282.839902317948
1,981,23480.540521437957
1,982,20559.253546831973
1,983,19011.52740086599
1,984,17963.882304368
1,985,17637.692104032
1,986,17569.898460114
1,987,17824.970901737997
1,988,19088.134523458
1,989,23629.790226042005
1,990,34640.630764739995
1,991,55403.53971151998
1,992,71977.45408853996
1,993,77886.14437603996
1,994,81781.76294287996
1,995,80722.01074937997
1,996,74062.49746895998
1,997,68514.58037423997
1,998,67401.76432989999
1,999,64138.33750323997
1,1000,58168.04435441995
1,1001,52501.496006959955
1,1002,42979.27946311996
1,1003,32994.73649471997
1,1004,27282.839902317977
1,1005,23480.540521437986
1,1006,20559.253546831995
1,1007,19011.527400865998
1,1008,17963.882304368
1,1009,17637.692104032
1,1010,17569.898460114
1,1011,17824.970901737997
1,1012,19088.134523458004
1,1013,23629.790226042
1,1014,34640.63076473999
1,1015,55403.539711519945
1,1016,71977.45408853992
1,1017,77886.14437603991
1,1018,81781.7629428799
1,1019,80722.0107493799
1,1020,74062.49746895993
1,1021,68514.58037423993
1,1022,67401.76432989993
1,1023,64138.33750323992
1,1024,58168.04435441992
1,1025,52501.496006959926
1,1026,42979.279463119936
1,1027,32994.73649471996
1,1028,27282.839902317963
1,1029,23480.540521437968
1,1030,20559.253546831973
1,1031,19011.527400865976
1,1032,17963.882304367977
1,1033,17637.69210403198
1,1034,17569.898460113975
1,1035,17824.970901737976
1,1036,19088.134523457968
1,1037,23606.768047813694
1,1038,34606.88087666306
1,1039,55349.560808045935
1,1040,71907.32744921725
1,1041,77810.26098138452
1,1042,81702.08410086346
1,1043,80643.36440928765
1,1044,73990.3394006716
1,1045,68447.82756494742
1,1046,67336.09572190708
1,1047,64075.8484069278
1,1048,58111.37203225739
1,1049,52450.34452458254
1,1050,42937.40534479464
1,1051,32962.59017869627
1,1052,27256.258608248107
1,1053,23457.663755135258
1,1054,20539.222950078056
1,1055,18993.004732317946
1,1056,17704.321983705777
1,1057,17373.27023784503
1,1058,17220.665855193423
1,1059,17293.85413450646
1,1060,17845.17333762456
1,1061,20674.068802019094
1,1062,23276.934972101382
1,1063,26127.343516114295
1,1064,31138.54563381444
1,1065,38670.841154628426
1,1066,42274.44878396905
1,1067,42321.97691976352
1,1068,39081.22832716156
1,1069,34463.99180174248
1,1070,31070.90944056845
1,1071,29454.25208822062
1,1072,28207.18692518232
1,1073,28911.51733755207
1,1074,28356.62635215149
1,1075,26230.290676915283
1,1076,23704.261659699703
1,1077,21500.205295738026
1,1078,19413.35453331569
1,1079,18481.224203423342
1,1080,17831.545409869446
1,1081,17319.7361203162
1,1082,17075.28383417464
1,1083,17032.274201083823
1,1084,17170.90167638529
1,1085,18164.79214072383
1,1086,19361.364480823544
1,1087,20003.454244298096
1,1088,20263.337669217726
1,1089,21334.741861069124
1,1090,22398.86136888394
1,1091,23009.30912880597
1,1092,22830.843809773978
1,1093,22245.311662573982
1,1094,21464.29716831398
1,1095,21729.402947251976
1,1096,22322.464349606682
1,1097,24199.60075830092
1,1098,25187.971536068293
1,1099,24005.25143590367
1,1100,22381.35952350392
1,1101,20696.975587287943
1,1102,18841.875560507997
1,1103,17673.250983388
1,1104,17963.882304368
1,1105,17637.692104031998
1,1106,17569.898460114
1,1107,17824.970901737997
1,1108,19088.134523458
1,1109,23629.790226041994
1,1110,34623.644513399646
1,1111,55376.372237085496
1,1112,71942.15949086641
1,1113,77847.95241489174
1,1114,81741.66074064658
1,1115,80682.82010970172
1,1116,74026.89604574688
1,1117,68486.09584650029
1,1118,67373.7424487869
1,1119,64108.70958002509
1,1120,58141.17433535219
1,1121,52477.483703861595
1,1122,42959.816906248
1,1123,32979.94322911663
1,1124,27270.728690737156
1,1125,23480.540521437968
1,1126,20559.25354683199
1,1127,19011.527400865994
1,1128,17963.882304368002
1,1129,17637.692104032
1,1130,17569.898460114
1,1131,17824.970901737997
1,1132,19088.134523458
1,1133,23629.790226041994
1,1134,34640.63076473977
1,1135,55381.713465616645
1,1136,71949.09854265588
1,1137,77855.46109933125
1,1138,81750.17980676555
1,1139,80691.14552905729
1,1140,74034.45899394923
1,1141,68488.89903518702
1,1142,67376.75024880272
1,1143,64114.770215002565
1,1144,58145.12903084314
1,1145,52480.8130222968
1,1146,42962.34775934812
1,1147,32983.08581981672
1,1148,27273.30152231486
1,1149,23472.412744759775
1,1150,20552.207433230473
1,1151,19011.527400865987
1,1152,17963.882304367995
1,1153,17637.692104031998
1,1154,17569.898460113996
1,1155,17824.970901737997
1,1156,19088.134523458
1,1157,23629.790226041998
1,1158,34640.630764739966
1,1159,55403.53971151992
1,1160,71977.45408853989
1,1161,77886.14437603987
1,1162,81781.76294287988
1,1163,80722.01074937989
1,1164,74062.4974689599
1,1165,68514.58037423991
1,1166,67401.76432989992
1,1167,64120.32257563046
1,1168,58151.70633960657
1,1169,52486.749590280386
1,1170,42967.20760971094
1,1171,32985.56081780461
1,1172,27275.327797317037
1,1173,23474.139359834968
1,1174,20559.253546831595
1,1175,19011.527400865984
1,1176,17963.88230436799
1,1177,17637.692104031994
1,1178,17569.898460113996
1,1179,17824.970901737994
1,1180,19088.134523457993
1,1181,23629.79022604198
1,1182,34632.16626334028
1,1183,55390.001755394915
1,1184,71959.86626616406
1,1185,77867.11275439987
1,1186,81762.1731740804
1,1187,80702.86627532022
1,1188,74045.10631309243
1,1189,68499.51287766709
1,1190,67386.9415600968
1,1191,64123.71964749158
1,1192,58154.91845529581
1,1193,52488.66717051486
1,1194,42968.77739768
1,1195,32986.67417059147
1,1196,27276.173290555016
1,1197,23475.499183383276
1,1198,20554.883121555355
1,1199,19007.526000635484
1,1200,17960.138839081686
1,1201,17634.053004010646
1,1202,17566.273347628532
1,1203,17821.293161384765
1,1204,19084.196160641484
1,1205,23624.914805289176
1,1206,34606.88087666397
1,1207,55349.56080804608
1,1208,71907.32744921742
1,1209,77810.26098138468
1,1210,81702.08410086365
1,1211,80643.36440928787
1,1212,74048.80078368189
1,1213,68502.03514064962
1,1214,67389.422856402
1,1215,64126.59357338339
1,1216,58157.39360387686
1,1217,52490.81468713247
1,1218,42970.535418381914
1,1219,32989.04518563972
1,1220,27278.180441027213
1,1221,23476.570134349397
1,1222,20559.253546831977
1,1223,19011.527400865998
1,1224,17721.587881998
1,1225,17390.213282442
1,1226,17235.779178618002
1,1227,17309.031689950003
1,1228,17860.834745754
1,1229,20694.230905348
1,1230,23299.635485125997
1,1231,26152.823851154
1,1232,31168.9130753
1,1233,38708.55436447999
1,1234,42315.67636296
1,1235,42363.25084992
1,1236,39119.341761499985
1,1237,34497.6023392
1,1238,31101.210920780002
1,1239,29482.976945421997
1,1240,28230.821604427438
1,1241,28935.74217218643
1,1242,28380.386246042533
1,1243,26252.304591573873
1,1244,23724.18750483842
1,1245,21518.30706722058
1,1246,19429.724934553706
1,1247,18499.24776499799
1,1248,17843.817717726
1,1249,17331.538081858
1,1250,17086.803942208
1,1251,17043.651442818
1,1252,17182.257880788005
1,1253,18176.686644115995
1,1254,19373.916906344
1,1255,20016.294466168
1,1256,20276.215845885996
1,1257,21348.166625786
1,1258,22398.861368883998
1,1259,23009.309128806002
1,1260,22830.843809774
1,1261,22245.311662574
1,1262,21464.297168314002
1,1263,21729.402947252
1,1264,22335.306733740003
1,1265,24213.523081748
1,1266,25202.462481195995
1,1267,24018.925132202
1,1268,22393.98193432399
1,1269,20696.975587287998
1,1270,18841.875560508
1,1271,17673.250983388003
1,1272,17963.882304368002
1,1273,17637.692104032
1,1274,17569.898460114
1,1275,17824.970901737997
1,1276,19088.134523458
1,1277,23629.790226041998
1,1278,34637.30882120997
1,1279,55349.56080804597
1,1280,71907.3274492173
1,1281,77810.26098138453
1,1282,81702.08410086347
1,1283,80643.36440928766
1,1284,73990.3394006716
1,1285,68447.82756494584
1,1286,67336.09572190706
1,1287,64080.62987120751
1,1288,58116.22659333453
1,1289,52455.18923725045
1,1290,42941.74669771482
1,1291,32966.2082714696
1,1292,27282.839902317915
1,1293,23480.540521437983
1,1294,20559.253546831995
1,1295,19011.527400865994
1,1296,17963.882304368
1,1297,17637.692104031998
1,1298,17569.898460113996
1,1299,17824.97090173799
1,1300,19088.134523457968
1,1301,23611.294295385964
1,1302,34606.88087666322
1,1303,55349.56080804595
1,1304,71907.32744921725
1,1305,77810.2609813845
1,1306,81702.08410086345
1,1307,80643.36440928763
1,1308,73990.33940067158
1,1309,68447.82756494582
1,1310,67336.09572190695
1,1311,64075.848406927755
1,1312,58111.37203225738
1,1313,52450.34452458255
1,1314,42937.40534479467
1,1315,32972.26863241236
1,1316,27264.44551655675
1,1317,23464.86642798069
1,1318,20559.253546831987
1,1319,19011.527400865998
1,1320,17963.882304368002
1,1321,17637.692104032
1,1322,17569.898460114
1,1323,17824.970901737997
1,1324,19088.134523458
1,1325,23629.790226041994
1,1326,34640.630764739864
1,1327,55370.39022980332
1,1328,71934.3879719932
1,1329,77840.00432594017
1,1330,81733.79479490731
1,1331,80678.54234374982
1,1332,74022.61517846608
1,1333,68477.68560980543
1,1334,67365.46881143017
1,1335,64103.79932405993
1,1336,58135.90384893948
1,1337,52450.34452458255
1,1338,42937.40534479464
1,1339,32962.59017869627
1,1340,27256.258608248107
1,1341,23457.66375513526
1,1342,20539.22295007808
1,1343,18993.188125075867
1,1344,17946.72519976921
1,1345,17621.01332783496
1,1346,17552.780360510464
1,1347,17807.60427879765
1,1348,19069.53721764856
1,1349,23606.768047813595
1,1350,34606.88087666307
1,1351,55349.56080804592
1,1352,71907.32744921718
1,1353,77810.26098138449
1,1354,81702.08410086345
1,1355,80643.36440928765
1,1356,73990.33940067158
1,1357,68447.82756494582
1,1358,67336.09572190695
1,1359,64075.84840692775
1,1360,58111.37203225736
1,1361,52450.34452458245
1,1362,42937.40534479454
1,1363,32962.59017869626
1,1364,27256.258608248103
1,1365,23457.66375513526
1,1366,20539.222950078067
1,1367,18993.72748046386
1,1368,17947.229787677366
1,1369,17621.503848175595
1,1370,17553.932090429284
1,1371,17808.93311682131
1,1372,19071.13026613278
1,1373,23608.948548423115
1,1374,34606.880876663075
1,1375,55349.56080804595
1,1376,71907.32744921725
1,1377,77810.2609813845
1,1378,81702.08410086346
1,1379,80643.36440928765
1,1380,73990.3394006716
1,1381,68447.82756494581
1,1382,67336.09572190692
1,1383,64075.84840692767
1,1384,58111.372032257226
1,1385,52450.3445245824
1,1386,42937.405344794526
1,1387,32962.5901786962
1,1388,27256.258608248096
1,1389,23457.663755135254
1,1390,20539.222950078056
1,1391,18993.00473231796
1,1392,17708.649816702356
1,1393,17377.64284935831
1,1394,17223.443731959433
1,1395,17296.766469525453
1,1396,17849.490667199905
1,1397,20679.855863172903
1,1398,23283.610870654462
1,1399,26135.015009269817
1,1400,31147.89865697258
1,1401,38682.715031771535
1,1402,42287.70882379463
1,1403,42336.34437817738
1,1404,39094.4956167265
1,1405,34475.69163254027
1,1406,31081.457388272232
1,1407,29464.251213327494
1,1408,28214.770152093322
1,1409,28919.289916818776
1,1410,28364.249754392375
1,1411,26237.342434562404
1,1412,23713.18216523482
1,1413,21508.42385208343
1,1414,19420.889358806908
1,1415,18488.504675892375
1,1416,17233.94939065799
1,1417,16830.237173749993
1,1418,16760.918706532
1,1419,16566.351253451998
1,1420,16894.066277087997
1,1421,17642.236077466
1,1422,18542.735725513998
1,1423,18795.673414518
1,1424,19574.858120818
1,1425,20684.197568034
1,1426,21740.961107866
1,1427,22428.351451506005
1,1428,22830.233880454
1,1429,22466.655012802
1,1430,21942.207287
1,1431,21773.195872428
1,1432,22282.700329889998
1,1433,23213.914068716807
1,1434,23746.588685326715
1,1435,23456.39913739388
1,1436,21923.36311489533
1,1437,20085.660857713214
1,1438,18259.15811567543
1,1439,17118.292864997482
1,1440,17615.165815534052
1,1441,17193.986805495828
1,1442,17058.72542249499
1,1443,17471.73448647862
1,1444,18798.862962376432
1,1445,23282.882981667295
1,1446,33636.197652530405
1,1447,51990.6691761253
1,1448,68762.72062935011
1,1449,75520.35806335697
1,1450,79696.90921634588
1,1451,79098.186303987
1,1452,72597.89676211879
1,1453,67268.53120516433
1,1454,65972.62174659729
1,1455,62269.4745792003
1,1456,56148.39909043783
1,1457,49398.794472547
1,1458,40154.57206051915
1,1459,32138.464490721402
1,1460,27018.4351287534
1,1461,23221.36361332628
1,1462,20226.08565540133
1,1463,18560.194029051014
1,1464,17604.695699059648
1,1465,17183.76702974134
1,1466,17048.586043510502
1,1467,17461.34962283334
1,1468,18787.689279036535
1,1469,23269.04408288934
1,1470,33617.62538355611
1,1471,51961.96246254047
1,1472,68723.11853447609
1,1473,75477.2948953544
1,1474,79649.53890312354
1,1475,79051.17186017249
1,1476,72554.7459656485
1,1477,67228.54808129506
1,1478,65934.32038350686
1,1479,62269.474579200265
1,1480,56148.39909043781
1,1481,49396.83835406931
1,1482,40152.98199944263
1,1483,32137.51477863827
1,1484,27017.90550661804
1,1485,23221.13715014813
1,1486,20226.085655401323
1,1487,18560.19402905101
1,1488,17604.69569905964
1,1489,17183.767029741324
1,1490,17048.586043510484
1,1491,17461.34962283333
1,1492,18787.68927903653
1,1493,23269.04408288934
1,1494,33617.625383556115
1,1495,51961.9624625405
1,1496,68724.46568867263
1,1497,75478.03098454629
1,1498,79649.53890312354
1,1499,79051.17186017252
1,1500,72554.7459656485
1,1501,67228.54808129507
1,1502,65934.32038350686
1,1503,62269.474579200265
1,1504,56146.17569769868
1,1505,49396.83835406924
1,1506,40152.98199944258
1,1507,32137.191855530855
1,1508,27017.905506618
1,1509,23221.137150148097
1,1510,20226.085655401315
1,1511,18560.19402905101
1,1512,17604.695699059637
1,1513,17183.767029741324
1,1514,17048.58604351048
1,1515,17461.349622833324
1,1516,18787.689279036524
1,1517,23269.044082889337
1,1518,33617.62538355611
1,1519,51960.42695347392
1,1520,68723.11853447616
1,1521,75477.2948953545
1,1522,79649.53890312355
1,1523,79051.1718601725
1,1524,72554.7459656485
1,1525,67228.54808129506
1,1526,65934.32038350686
1,1527,62269.474579200265
1,1528,56146.175697699415
1,1529,49396.83835406933
1,1530,40153.38546735583
1,1531,32137.83450448758
1,1532,27018.17163515371
1,1533,23221.363613326273
1,1534,20226.085655401326
1,1535,18560.194029051014
1,1536,17604.69569905964
1,1537,17183.767029741324
1,1538,17048.586043510484
1,1539,17461.349622833328
1,1540,18787.689279036527
1,1541,23269.04408288934
1,1542,33617.62538355611
1,1543,51961.96246254029
1,1544,68721.7443024803
1,1545,75475.04216725564
1,1546,79646.38490035005
1,1547,79048.83584772465
1,1548,72553.32372933808
1,1549,67227.89244405874
1,1550,65934.32038350674
1,1551,62269.47457920024
1,1552,56148.39909043783
1,1553,49398.79447254706
1,1554,40154.57206052029
1,1555,32138.464490721428
1,1556,27018.43512875342
1,1557,23222.462736789683
1,1558,20227.22882553144
1,1559,18561.411871003023
1,1560,17689.86015851299
1,1561,17352.844625431502
1,1562,16970.300043210693
1,1563,17164.541215250694
1,1564,17693.498302933745
1,1565,20239.7226240263
1,1566,22618.308834159234
1,1567,24913.717342446187
1,1568,30242.197155970716
1,1569,37145.523453954884
1,1570,40672.61225577981
1,1571,40973.976637066284
1,1572,38370.7856266216
1,1573,34002.98275365959
1,1574,30884.516547304553
1,1575,29362.062696726895
1,1576,27735.83577846669
1,1577,27508.03586094401
1,1578,27085.553387186257
1,1579,25883.761820167572
1,1580,23531.14956509442
1,1581,21362.008100889456
1,1582,19172.789045986694
1,1583,17896.567199643705
1,1584,17217.15859181251
1,1585,16814.002057305563
1,1586,16744.910539113374
1,1587,16550.6855720621
1,1588,16878.248871749893
1,1589,17625.881726788444
1,1590,18525.71680101821
1,1591,18778.593141066965
1,1592,19557.24589771575
1,1593,20665.771492003572
1,1594,21721.785393727416
1,1595,22408.76531455902
1,1596,22810.296789300388
1,1597,22447.035426281225
1,1598,21923.045687995666
1,1599,21754.181867004867
1,1600,22260.990602740603
1,1601,23202.230491993625
1,1602,23734.63701315297
1,1603,23444.59351779177
1,1604,21912.32907323287
1,1605,20075.458025037296
1,1606,18250.149430501664
1,1607,17108.60876772705
1,1608,17605.3656173457
1,1609,17184.580379114206
1,1610,17049.549622655646
1,1611,17462.495363232178
1,1612,18789.091252906885
1,1613,23270.987953628523
1,1614,33620.73056307466
1,1615,51961.96246254054
1,1616,68724.4656886727
1,1617,75478.03098454638
1,1618,79659.6398058337
1,1619,79061.86092497873
1,1620,72564.55660302906
1,1621,67237.6385260078
1,1622,65943.23582659203
1,1623,62277.89447271438
1,1624,56148.399090437895
1,1625,49398.79447254707
1,1626,40154.57206052029
1,1627,32138.464490721435
1,1628,27018.435128753415
1,1629,23221.3636133263
1,1630,20226.085655401388
1,1631,18564.458453685136
1,1632,17608.870525748032
1,1633,17187.84203622992
1,1634,17052.628992802587
1,1635,17465.490456033025
1,1636,18792.14464412529
1,1637,23274.562168967725
1,1638,33617.625383556166
1,1639,51961.96246254054
1,1640,68724.46568867267
1,1641,75478.03098454632
1,1642,79649.53890312357
1,1643,79051.17186017253
1,1644,72554.74596564853
1,1645,67228.5480812951
1,1646,65934.32038350689
1,1647,62269.4745792003
1,1648,56148.39909043784
1,1649,49398.79447254706
1,1650,40154.57206052029
1,1651,32138.464490721442
1,1652,27018.435128753503
1,1653,23230.102392269106
1,1654,20233.817173418043
1,1655,18578.294604869945
1,1656,17621.864438177992
1,1657,17200.525263921994
1,1658,17065.212444279994
1,1659,17478.378565647992
1,1660,18806.011716491994
1,1661,23291.73690043199
1,1662,33650.410513719886
1,1663,51987.13293271103
1,1664,68757.75594623073
1,1665,75514.59268155292
1,1666,79688.121286237
1,1667,79089.46439319004
1,1668,72593.45285531864
1,1669,67264.41352274393
1,1670,65969.4953735174
1,1671,62299.63802719478
1,1672,56175.59747820941
1,1673,49422.72333942985
1,1674,40174.023009068325
1,1675,32154.343245287768
1,1676,27031.91292952954
1,1677,23244.009931141805
1,1678,20245.810869283985
1,1679,18578.294604869996
1,1680,17621.864438178003
1,1681,17200.525263922
1,1682,17065.21244428
1,1683,17478.378565648
1,1684,18806.011716491998
1,1685,23291.736900431995
1,1686,33650.41051371998
1,1687,52012.63765697996
1,1688,68791.48828551995
1,1689,75551.63990373995
1,1690,79727.21602845998
1,1691,79128.26543621998
1,1692,72625.50399104
1,1693,67294.11180492
1,1694,65998.62192924
1,1695,62330.202034099966
1,1696,56181.45206478002
1,1697,49427.87414556865
1,1698,40178.20992128813
1,1699,32157.38349570496
1,1700,27034.34011727574
1,1701,23235.38363544726
1,1702,20238.371654627972
1,1703,18578.294604869985
1,1704,17621.864438177996
1,1705,17200.525263922
1,1706,17065.21244428
1,1707,17478.378565648
1,1708,18806.011716492
1,1709,23291.736900432003
1,1710,33650.410513719995
1,1711,52012.63765697998
1,1712,68791.48828552
1,1713,75551.63990374
1,1714,79727.21602846001
1,1715,79128.26543622
1,1716,72625.50399104001
1,1717,67294.11180492
1,1718,65998.62192924
1,1719,62330.20203409999
1,1720,56203.15705003997
1,1721,49432.22707818619
1,1722,40181.74826971002
1,1723,32160.21547919469
1,1724,27036.800770203463
1,1725,23237.216152847686
1,1726,20239.951995806277
1,1727,18572.971519691542
1,1728,17700.767847411378
1,1729,17368.31681985388
1,1730,16985.2812068939
1,1731,17179.5436953139
1,1732,17708.8098627439
1,1733,20257.06406523788
1,1734,22637.49621533387
1,1735,24934.64251678387
1,1736,30267.346050941993
1,1737,37176.10694798
1,1738,40705.76792282
1,1739,41007.37797156
1,1740,38402.064881180006
1,1741,34030.70144474
1,1742,30909.693114299997
1,1743,29385.998183541993
1,1744,27756.168029461136
1,1745,27508.03586094408
1,1746,27085.55338718627
1,1747,25883.76182016759
1,1748,23531.149565094434
1,1749,21362.00810088947
1,1750,19172.78904598671
1,1751,17896.56719964373
1,1752,17217.158591812808
1,1753,16826.514181877967
1,1754,16757.2477579811
1,1755,16562.758842847263
1,1756,16890.439073568297
1,1757,17638.48574313037
1,1758,18538.832992953696
1,1759,18791.756613585458
1,1760,19574.858120817797
1,1761,20684.197568033997
1,1762,21740.961107866002
1,1763,22428.351451506
1,1764,22830.233880454
1,1765,22466.655012802
1,1766,21942.207287
1,1767,21773.195872428
1,1768,22278.53828924271
1,1769,23220.520130316043
1,1770,23753.346331933088
1,1771,23463.074203784643
1,1772,21929.68264425672
1,1773,20091.393307818456
1,1774,18264.31766212313
1,1775,17121.759151703835
1,1776,17618.763721316922
1,1777,17197.93354675804
1,1778,17062.64111559559
1,1779,17475.744982485197
1,1780,18802.863242658248
1,1781,23287.837433321038
1,1782,33644.83259246482
1,1783,52004.10135998516
1,1784,68780.31003161454
1,1785,75551.6399037399
1,1786,79727.21602845997
1,1787,79128.26543621998
1,1788,72625.50399103998
1,1789,67294.11180491999
1,1790,65998.62192923998
1,1791,62320.75515879724
1,1792,56148.39909043784
1,1793,49398.79447254704
1,1794,40154.18045853912
1,1795,32138.464490720846
1,1796,27018.435128753397
1,1797,23221.36361332628
1,1798,20226.08565540133
1,1799,18560.194029051014
1,1800,17604.695699059637
1,1801,17183.767029741324
1,1802,17048.586043510484
1,1803,17461.34962283333
1,1804,18787.689279036527
1,1805,23269.04408288934
1,1806,33617.625383556115
1,1807,51961.96246254041
1,1808,68724.46568867251
1,1809,75478.03098454629
1,1810,79649.53890312354
1,1811,79051.1718601725
1,1812,72554.74596564853
1,1813,67228.5480812951
1,1814,65934.32038350687
1,1815,62269.47457920027
1,1816,56148.399090437815
1,1817,49398.31271754851
1,1818,40154.18045853867
1,1819,32138.151064734433
1,1820,27018.17163515371
1,1821,23221.137150148163
1,1822,20226.085655401315
1,1823,18560.19402905101
1,1824,17604.695699059637
1,1825,17183.76702974132
1,1826,17048.58604351048
1,1827,17461.349622833324
1,1828,18787.689279036564
1,1829,23269.044082889373
1,1830,33617.62538355612
1,1831,51961.962462540534
1,1832,68724.46568867273
1,1833,75481.60354282556
1,1834,79727.21602845941
1,1835,79128.26543621947
1,1836,72625.50399103951
1,1837,67294.11180491954
1,1838,65998.62192923954
1,1839,62275.77057596897
1,1840,56148.39909043783
1,1841,49398.794472547015
1,1842,40154.180458538656
1,1843,32138.151064734448
1,1844,27018.43512875339
1,1845,23221.36361332628
1,1846,20226.085655401326
1,1847,18560.194029051014
1,1848,17604.69569905965
1,1849,17183.932952852025
1,1850,17048.913649289774
1,1851,17461.850441522427
1,1852,18787.689279036687
1,1853,23269.176610920847
1,1854,33617.625383556166
1,1855,51961.962462540534
1,1856,68724.46568867272
1,1857,75481.31628785019
1,1858,79653.74053300712
1,1859,79058.18737558929
1,1860,72561.18494595888
1,1861,67234.51438014468
1,1862,65940.17182416812
1,1863,62269.47457920031
1,1864,56148.39909043784
1,1865,49397.334706726026
1,1866,40153.38546735579
1,1867,32137.51477863822
1,1868,27017.905506617946
1,1869,23221.13715014805
1,1870,20226.08565540126
1,1871,18560.19402905101
1,1872,17604.695699059637
1,1873,17183.76702974132
1,1874,17048.586043510477
1,1875,17461.34962283332
1,1876,18787.689279036524
1,1877,23269.044082889333
1,1878,33616.631961327046
1,1879,51960.42695347373
1,1880,68723.1185344759
1,1881,75477.29489535422
1,1882,79649.5389031234
1,1883,79051.1718601725
1,1884,72554.7459656485
1,1885,67228.54808129506
1,1886,65934.32038350686
1,1887,62269.474579200265
1,1888,56148.39909043677
1,1889,49397.33470672594
1,1890,40153.38546735578
1,1891,32137.514778638237
1,1892,27017.905506618015
1,1893,23221.137150148108
1,1894,20226.08565540131
1,1895,18560.19402905101
1,1896,17688.540205281697
1,1897,17351.39510867803
1,1898,16968.73268202504
1,1899,17162.80590318595
1,1900,17692.229637529763
1,1901,20237.327887522053
1,1902,22615.440815454087
1,1903,24910.349038992135
1,1904,30237.856993755413
1,1905,37142.98940639341
1,1906,40669.86508643602
1,1907,40971.567220041725
1,1908,38368.86132217046
1,1909,34001.56882183887
1,1910,30883.49427772649
1,1911,29361.09081998089
1,1912,27739.35314947284
1,1913,27508.93119261182
1,1914,27086.43496789273
1,1915,25884.60428495703
1,1916,23531.915457050225
1,1917,21365.93657745662
1,1918,19176.465143862486
1,1919,17900.137432413354
1,1920,17220.72552623475
1,1921,16817.450945963436
1,1922,16748.311216110822
1,1923,16554.01349342617
1,1924,16881.609024419846
1,1925,17629.355944836218
1,1926,18529.332197055814
1,1927,18795.67341451795
1,1928,19574.858120818
1,1929,20684.197568033997
1,1930,21740.961107866005
1,1931,22428.35145150601
1,1932,22830.233880454005
1,1933,22466.655012802
1,1934,21942.207287
1,1935,21773.19587242801
1,1936,22282.70032989
1,1937,23209.959672053817
1,1938,23742.54354969054
1,1939,23452.40343437715
1,1940,21919.628558383833
1,1941,20082.52472208201
1,1942,18256.33540685836
1,1943,17114.350342719274
1,1944,17611.215349097976
1,1945,17190.23371033676
1,1946,17055.10294709729
1,1947,17468.126824682913
1,1948,18795.09048000943
1,1949,23278.344586819243
1,1950,33628.91233879389
1,1951,51979.40844028863
1,1952,68753.09773684165
1,1953,75551.63990374
1,1954,79727.21602846001
1,1955,79128.26543622001
1,1956,72625.50399104001
1,1957,67294.11180492
1,1958,65998.62192924
1,1959,62330.20203409998
1,1960,56174.1916630696
1,1961,49398.794472547146
1,1962,40154.57206052034
1,1963,32138.464490721475
1,1964,27018.435128753456
1,1965,23222.247264846214
1,1966,20227.043005093972
1,1967,18561.243043664406
1,1968,17605.850845225785
1,1969,17185.049315817752
1,1970,17050.01026392269
1,1971,17462.962485865697
1,1972,18789.58888123795
1,1973,23271.39678985124
1,1974,33617.75930288919
1,1975,51962.16945846246
1,1976,68733.75840692403
1,1977,75551.63990373998
1,1978,79727.21602846001
1,1979,79128.26543622001
1,1980,72625.50399104001
1,1981,67294.11180492
1,1982,65998.62192924
1,1983,62330.20203409996
1,1984,56159.60028070868
1,1985,49398.794472547095
1,1986,40154.572060520295
1,1987,32138.464490721442
1,1988,27018.43512875343
1,1989,23226.870392325007
1,1990,20231.02993516384
1,1991,18564.86537284477
1,1992,17609.252674790478
1,1993,17188.33693140532
1,1994,17053.239721967588
1,1995,17466.23738339379
1,1996,18793.077647729646
1,1997,23275.876324074114
1,1998,33624.95012988878
1,1999,51977.91737688882
1,2000,68746.0221885975
1,2001,75551.63990373997
1,2002,79727.21602846
1,2003,79128.26543622
1,2004,72625.50399104
1,2005,67294.11180492
1,2006,65998.62192924
1,2007,62330.20203409997
1,2008,56168.853213894654
1,2009,49416.789803796506
1,2010,40169.19984310332
1,2011,32150.172110725813
1,2012,27028.277589387842
1,2013,23230.511410930067
1,2014,20234.16990623927
1,2015,18567.718196609607
1,2016,17611.9318405269
1,2017,17190.926146082078
1,2018,17055.783133733687
1,2019,17468.816581757696
1,2020,18795.825282044992
1,2021,23279.12073520411
1,2022,33630.158260464224
1,2023,51981.334231724584
1,2024,68755.6807276376
1,2025,75512.70290089321
1,2026,79727.21602845995
1,2027,79128.26543621997
1,2028,72625.50399103998
1,2029,67294.11180491997
1,2030,65998.62192923998
1,2031,62330.20203409662
1,2032,56176.140510651174
1,2033,49423.201093887896
1,2034,40174.41135914787
1,2035,32154.343245287728
1,2036,27031.784213937583
1,2037,23233.37895385271
1,2038,20236.64284109936
1,2039,18569.964983974296
1,2040,17614.04186071065
1,2041,17192.965323858116
1,2042,17057.786238688754
1,2043,17470.847871025013
1,2044,18797.989225762303
1,2045,23281.89921291567
1,2046,33636.19765253044
1,2047,51988.228233808564
1,2048,68763.28746582604
1,2049,75520.97443919446
1,2050,79727.21602846
1,2051,79128.26543622
1,2052,72625.50399104
1,2053,67294.11180492
1,2054,65998.62192924
1,2055,62330.202034099966
1,2056,56181.87973873712
1,2057,49420.101020673326
1,2058,40171.89141681696
1,2059,32152.32636220406
1,2060,27030.08864367242
1,2061,23231.379386113287
1,2062,20238.590440830496
1,2063,18571.734477598256
1,2064,17699.60057402171
1,2065,17362.304786176013
1,2066,16979.459973128443
1,2067,17173.714178638373
1,2068,17702.860246889377
1,2069,20250.325697961667
1,2070,22630.040570797417
1,2071,24926.511617610857
1,2072,30257.57393979851
1,2073,37176.10694797999
1,2074,40705.76792282
1,2075,41007.377971559996
1,2076,38402.064881180006
1,2077,34030.70144474001
1,2078,30909.6931143
1,2079,29385.998183541997
1,2080,27762.884773623948
1,2081,27526.7343059579
1,2082,27103.964651925096
1,2083,25901.356173308373
1,2084,23547.144742230335
1,2085,21376.528815341066
1,2086,19185.821650115635
1,2087,17909.038779825583
1,2088,17229.204164799132
1,2089,16825.648988572946
1,2090,16756.394659124435
1,2091,16561.923995576297
1,2092,16889.596140704307
1,2093,17637.614195657156
1,2094,18537.926029361337
1,2095,18790.846380616764
1,2096,19569.880753316567
1,2097,20678.990198613326
1,2098,21735.54188419299
1,2099,22422.816238776053
1,2100,22824.65527110495
1,2101,22461.954019343844
1,2102,21937.616030631278
1,2103,21768.639980538523
1,2104,22277.519771887393
1,2105,23219.458547978556
1,2106,23752.260390155272
1,2107,23462.109037353257
1,2108,21928.749328308615
1,2109,20090.546696180314
1,2110,18263.555661235212
1,2111,17121.05189306108
1,2112,17618.043139708923
1,2113,17196.832262796346
1,2114,17061.584771920687
1,2115,17474.699850805737
1,2116,18802.092761176886
1,2117,23286.93122859272
1,2118,33643.53632852119
1,2119,52002.117593363095
1,2120,68777.7122954997
1,2121,75551.63990373997
1,2122,79727.21602846
1,2123,79128.26543622
1,2124,72625.50399104001
1,2125,67294.11180492
1,2126,65998.62192924
1,2127,62330.20203409996
1,2128,56192.76316676467
1,2129,49398.794472547066
1,2130,40154.57206052028
1,2131,32138.46449072142
1,2132,27018.4351287534
1,2133,23221.363613326284
1,2134,20226.085655401326
1,2135,18560.194029051014
1,2136,17604.695699059637
1,2137,17183.767029741324
1,2138,17048.586043510484
1,2139,17461.349622833328
1,2140,18787.68927903653
1,2141,23269.044082889366
1,2142,33617.62538355613
1,2143,51961.962462540534
1,2144,68724.46568867311
1,2145,75481.60354282537
1,2146,79654.0406626486
1,2147,79056.35886593857
1,2148,72560.16014173512
1,2149,67235.10445365745
1,2150,65940.41057872125
1,2151,62275.54732469013
1,2152,56148.399090437844
1,2153,49398.794472547044
1,2154,40154.57206052024
1,2155,32138.464490721388
1,2156,27018.43512875339
1,2157,23221.36361332628
1,2158,20226.08565540133
1,2159,18560.194029051014
1,2160,16702.9711893742
1,2161,16302.363844783398
1,2162,16165.994655157696
1,2163,16595.00491703283
1,2164,18051.22817310106
1,2165,22126.144750800624
1,2166,31275.950693066443
1,2167,47606.74001906539
1,2168,63361.6326607137
1,2169,69805.13144878532
1,2170,73656.30333520361
1,2171,73756.24611248063
1,2172,67965.963805789
1,2173,63204.056112847014
1,2174,62247.28684257327
1,2175,58873.3039987059
1,2176,52836.6629616813
1,2177,46100.15904788771
1,2178,35953.51139084004
1,2179,28341.72810958515
1,2180,25103.812925078622
1,2181,22258.279061660007
1,2182,19452.839446129557
1,2183,17741.369556222486
1,2184,16702.971189374195
1,2185,16302.363844783406
1,2186,16166.150750856388
1,2187,16595.163567123036
1,2188,18051.39903458274
1,2189,22126.14475080064
1,2190,31275.95069306645
1,2191,47606.74001906541
1,2192,63362.20897857092
1,2193,69805.76008260579
1,2194,73719.41222645999
1,2195,73819.44063493998
1,2196,68024.19720095997
1,2197,63258.20949448
1,2198,62300.62046208
1,2199,58923.746781899965
1,2200,52843.80737840856
1,2201,46100.15904788773
1,2202,35953.51139084006
1,2203,28341.72810958516
1,2204,25103.812925078633
1,2205,22258.27906166002
1,2206,19452.83944612959
1,2207,17741.710474535867
1,2208,16703.450256589294
1,2209,16302.984204932327
1,2210,16166.759830895475
1,2211,16595.782614309734
1,2212,18052.06573019828
1,2213,22127.795846703455
1,2214,31275.95069306654
1,2215,47606.7400190655
1,2216,63364.457750996065
1,2217,69808.21299011732
1,2218,73656.30333520273
1,2219,73759.3132151737
1,2220,67968.79012358056
1,2221,63206.684409987065
1,2222,62249.8753531222
1,2223,58875.75220450303
1,2224,52845.11269991321
1,2225,46103.35523546886
1,2226,35956.00409735081
1,2227,28343.69308066731
1,2228,25105.55340703721
1,2229,22259.822258832955
1,2230,19457.01748456071
1,2231,17745.313588841404
1,2232,16552.185068197392
1,2233,16167.999865542692
1,2234,15909.91008307364
1,2235,16175.823077842022
1,2236,16868.59702340306
1,2237,19290.004909741787
1,2238,21058.547709062255
1,2239,23411.964888418996
1,2240,28691.639245968443
1,2241,36072.43984343999
1,2242,39511.83127892
1,2243,39477.98020165999
1,2244,36925.730962120004
1,2245,32979.488261720006
1,2246,29887.329588115994
1,2247,28339.603442149993
1,2248,26637.195736104706
1,2249,25969.708532395947
1,2250,23968.499814664807
1,2251,23156.37802765344
1,2252,22097.29273503306
1,2253,20307.79748886338
1,2254,18226.126074572487
1,2255,17107.508745194154
1,2256,16333.348533310966
1,2257,16020.515906171582
1,2258,15829.11095196635
1,2259,15773.302439061063
1,2260,15988.209337761538
1,2261,16507.27215434664
1,2262,17212.26547872201
1,2263,17977.46318620967
1,2264,19025.189817633996
1,2265,20462.579749612
1,2266,21434.807085691995
1,2267,22473.333738856003
1,2268,22204.293915804003
1,2269,21609.612828803998
1,2270,21090.989928008
1,2271,20963.911154185997
1,2272,21159.393501245977
1,2273,21572.472435548993
1,2274,21358.961425518068
1,2275,20862.688474264007
1,2276,20514.636279830567
1,2277,19270.282657872864
1,2278,17767.342785713925
1,2279,16474.125340402028
1,2280,16711.537275366456
1,2281,16310.79911397095
1,2282,16174.432640167512
1,2283,16603.580983471624
1,2284,18060.464344456115
1,2285,22137.98864898288
1,2286,31292.828623589656
1,2287,47632.6361062559
1,2288,63392.786379103505
1,2289,69868.62346463998
1,2290,73719.41222645999
1,2291,73819.44063494
1,2292,68024.19720095998
1,2293,63258.20949448
1,2294,62300.62046208001
1,2295,58923.74678189999
1,2296,52888.19119583979
1,2297,46127.2969075392
1,2298,35974.67620602192
1,2299,28358.412083254752
1,2300,25118.590829666144
1,2301,22271.634931065106
1,2302,19464.58420168702
1,2303,17752.146255993266
1,2304,16713.177957101783
1,2305,16312.384590507636
1,2306,16175.989287725542
1,2307,16605.16310442396
1,2308,18062.168242195763
1,2309,22140.056548785316
1,2310,31295.72271929299
1,2311,47636.99774245015
1,2312,63398.53364691668
1,2313,69845.38216745692
1,2314,73719.41222645996
1,2315,73819.44063493998
1,2316,68024.19720095998
1,2317,63258.20949447999
1,2318,62300.62046207999
1,2319,58923.7467818997
1,2320,52836.66296168133
1,2321,46100.15904788772
1,2322,35953.511390840045
1,2323,28341.728109585154
1,2324,25103.812925078626
1,2325,22258.279061660014
1,2326,19452.839446129557
1,2327,17741.369556222486
1,2328,16702.971189374195
1,2329,16302.363844783393
1,2330,16165.99465515769
1,2331,16594.844680441776
1,2332,18050.88130720724
1,2333,22126.144750800617
1,2334,31275.95069306644
1,2335,47606.7400190654
1,2336,63361.05057967821
1,2337,69804.49652862693
1,2338,73719.41222645913
1,2339,73819.44063493915
1,2340,68024.19720095921
1,2341,63258.20949447927
1,2342,62300.62046207928
1,2343,58872.79957087408
1,2344,52836.66296168129
1,2345,46100.15904788772
1,2346,35953.51139084004
1,2347,28341.728109585154
1,2348,25103.812925078626
1,2349,22258.279061660014
1,2350,19452.83944612956
1,2351,17741.369556222486
1,2352,16702.971189374202
1,2353,16302.36384478341
1,2354,16166.150750856184
1,2355,16595.16356712282
1,2356,18051.399034582515
1,2357,22126.986725533763
1,2358,31275.95069306651
1,2359,47606.74001906552
1,2360,63362.208978570074
1,2361,69805.76008260483
1,2362,73655.67224628924
1,2363,73755.61416725423
1,2364,67965.38147183562
1,2365,63203.51457902912
1,2366,62246.753506376685
1,2367,58872.79957087324
1,2368,52836.6629616813
1,2369,46100.15904788771
1,2370,35953.51139084003
1,2371,28341.728109585143
1,2372,25103.812925078608
1,2373,22258.279061660003
1,2374,19452.839446129554
1,2375,17741.369556222486
1,2376,16333.348533310951
1,2377,16020.515906171378
1,2378,15822.786674564843
1,2379,15766.910648252615
1,2380,15981.64032843179
1,2381,16500.397743927075
1,2382,17205.002357080295
1,2383,17971.119748621655
1,2384,19008.2416332569
1,2385,20462.579749611996
1,2386,21434.807085692
1,2387,22473.333738856
1,2388,22204.293915804
1,2389,21609.612828803998
1,2390,21090.989928008
1,2391,20963.911154186
1,2392,21141.986401959774
1,2393,21572.472435548614
1,2394,21358.961425518013
1,2395,20862.688474263952
1,2396,20514.636279830513
1,2397,19270.282657872805
1,2398,17758.400471548845
1,2399,16465.75704495378
1,2400,16548.382881027268
1,2401,16164.166649934834
1,2402,15906.021845712628
1,2403,16171.752871609724
1,2404,16864.231716784583
1,2405,19284.876232902017
1,2406,21052.801017441907
1,2407,23406.949037396764
1,2408,28685.553164471366
1,2409,36072.43984343998
1,2410,39511.83127891999
1,2411,39477.98020165999
1,2412,36925.73096212
1,2413,32979.48826172
1,2414,29887.329588115997
1,2415,28339.60344214999
1,2416,26631.978060869842
1,2417,25969.70853239593
1,2418,23968.499814664796
1,2419,23156.378027653434
1,2420,22097.292735033054
1,2421,20307.797488863376
1,2422,18226.126074572487
1,2423,17107.50874519415
1,2424,16333.348533310957
1,2425,16020.51590617138
1,2426,15822.786674564852
1,2427,15766.91064825262
1,2428,15981.640328431797
1,2429,16500.397743927086
1,2430,17206.131277048502
1,2431,17971.11974862166
1,2432,19008.241633256923
1,2433,20462.579749611996
1,2434,21434.807085692
1,2435,22473.333738856003
1,2436,22204.293915804
1,2437,21609.612828803994
1,2438,21090.989928008
1,2439,20963.911154185975
1,2440,21141.986401959748
1,2441,21572.472435548618
1,2442,21358.961425518013
1,2443,20862.688474263956
1,2444,20514.63627983052
1,2445,19270.28265787281
1,2446,17758.400471548848
1,2447,16465.7570449538
1,2448,16333.348533311015
1,2449,16024.077380786155
1,2450,15826.422147403635
1,2451,15770.649657463162
1,2452,15985.54705078
1,2453,16504.550665522303
1,2454,17209.455872183844
1,2455,17974.55774477319
1,2456,19011.842001697238
1,2457,20462.579749611978
1,2458,21434.80708569199
1,2459,22473.333738856
1,2460,22204.293915804
1,2461,21609.61282880399
1,2462,21090.989928008
1,2463,20963.911154185993
1,2464,21159.39350124563
1,2465,21579.65870687949
1,2466,21358.96142551803
1,2467,20862.68847426397
1,2468,20514.636279830534
1,2469,19270.282657872824
1,2470,17758.40047154888
1,2471,16471.854905171556
1,2472,16709.256934489887
1,2473,16308.595501364314
1,2474,16172.269096208574
1,2475,16601.382034704446
1,2476,18058.09614129913
1,2477,22135.114528825008
1,2478,31288.80619523506
1,2479,47626.57398153761
1,2480,63419.84076427985
1,2481,69868.62346463991
1,2482,73719.41222645991
1,2483,73819.44063493992
1,2484,68024.19720095991
1,2485,63258.209494479925
1,2486,62300.620462079925
1,2487,58923.74678189992
1,2488,52888.19119583992
1,2489,46122.263774216015
1,2490,35970.75086563254
1,2491,28355.31778381779
1,2492,25115.850040046702
1,2493,22268.951761654087
1,2494,19462.450573110134
1,2495,17750.219611498935
1,2496,16711.38203786839
1,2497,16310.649099860653
1,2498,16174.28535378826
1,2499,16603.431286858933
1,2500,18060.303125606424
1,2501,22137.792989102785
1,2502,31290.947307937495
1,2503,47632.22341836129
1,2504,63392.24258596139
1,2505,69868.62346463998
1,2506,73719.41222645999
1,2507,73819.44063494
1,2508,68024.19720095998
1,2509,63258.20949448
1,2510,62300.620462080005
1,2511,58923.74678189999
1,2512,52866.937082456854
1,2513,46100.159047887726
1,2514,35953.51139084005
1,2515,28341.72810958516
1,2516,25103.81292507863
1,2517,22258.279061660014
1,2518,19452.83944612957
1,2519,17741.36955622257
1,2520,16703.45025658928
1,2521,16302.984204932312
1,2522,16166.759830895462
1,2523,16595.782614309723
1,2524,18052.065730198265
1,2525,22127.795846703375
1,2526,31275.950693067607
1,2527,47611.13733958897
1,2528,63364.45775099609
1,2529,69868.62346463998
1,2530,73719.41222645999
1,2531,73819.44063494
1,2532,68024.19720095998
1,2533,63258.209494480005
1,2534,62300.62046208
1,2535,58923.74678189969
1,2536,52845.539219675215
1,2537,46100.159047887726
1,2538,35953.51139084006
1,2539,28341.728109585165
1,2540,25103.812925078633
1,2541,22258.279061660018
1,2542,19452.83944612956
1,2543,17741.36955622249
1,2544,16702.971189374202
1,2545,16302.36384478341
1,2546,16165.994655157705
1,2547,16594.84468044176
1,2548,18050.8813072072
1,2549,22126.144750800613
1,2550,31275.95069306644
1,2551,47606.7400190654
1,2552,63376.22297898286
1,2553,69821.0462211643
1,2554,73719.41222645994
1,2555,73819.44063493997
1,2556,68024.19720095996
1,2557,63258.20949447998
1,2558,62300.62046207997
1,2559,58885.947878442435
1,2560,52854.59994414491
1,2561,46100.15904788773
1,2562,35953.51139084006
1,2563,28341.728109585165
1,2564,25103.812925078633
1,2565,22258.279061660018
1,2566,19452.83944612956
1,2567,17741.369556222493
1,2568,16548.38288102728
1,2569,16164.166649934847
1,2570,15906.02184571263
1,2571,16171.752871609726
1,2572,16864.23171678459
1,2573,19284.87623290203
1,2574,21052.801017441943
1,2575,23415.42207843716
1,2576,28695.834095478152
1,2577,36053.09435780502
1,2578,39491.86932565225
1,2579,39458.03535045006
1,2580,36907.075544439176
1,2581,32962.82654338994
1,2582,29872.230073433322
1,2583,28325.28586128301
1,2584,26640.658706800798
1,2585,25969.708532395936
1,2586,23968.499814664807
1,2587,23156.378027653445
1,2588,22097.292735033065
1,2589,20307.797488863387
1,2590,18226.126074572494
1,2591,17107.508745194176
1,2592,16341.7250590495
1,2593,16028.805339868162
1,2594,15831.045519109934
1,2595,15775.211088053094
1,2596,15990.124825779028
1,2597,16509.230237479263
1,2598,17214.286961640653
1,2599,17979.55362134896
1,2600,19025.18981763397
1,2601,20462.579749611996
1,2602,21434.807085692
1,2603,22473.333738856003
1,2604,22204.293915804003
1,2605,21609.612828803998
1,2606,21090.989928008003
1,2607,20963.911154186
1,2608,21159.39350124599
1,2609,21585.171539876766
1,2610,21371.53484195389
1,2611,20874.969748850915
1,2612,20526.712665935556
1,2613,19281.62652819822
1,2614,17769.122200538997
1,2615,16475.7588951272
1,2616,16713.17795710181
1,2617,16312.384590507658
1,2618,16175.989287725566
1,2619,16605.163104423984
1,2620,18062.16824219579
1,2621,22140.056548785356
1,2622,31295.72271929305
1,2623,47636.99774245028
1,2624,63419.840764279885
1,2625,69868.62346464
1,2626,73719.41222646
1,2627,73819.44063494001
1,2628,68024.19720096
1,2629,63258.20949448001
1,2630,62300.620462080005
1,2631,58923.746781899994
1,2632,52888.191195839994
1,2633,46131.3591703559
1,2634,35977.844364559074
1,2635,28360.909505186428
1,2636,25120.802932355607
1,2637,22273.409011658747
1,2638,19466.11932543632
1,2639,17753.532456830544
1,2640,16715.199011111275
1,2641,16314.298392040913
1,2642,16177.829369988853
1,2643,16606.993345503808
1,2644,18064.095899768836
1,2645,22141.744936968833
1,2646,31298.00201103869
1,2647,47640.432819377114
1,2648,63419.840764279994
1,2649,69868.62346464001
1,2650,73719.41222646
1,2651,73819.44063494
1,2652,68024.19720095998
1,2653,63258.209494480005
1,2654,62300.62046208001
1,2655,58923.7467819
1,2656,52888.19119584
1,2657,46145.117598579985
1,2658,35988.57456193956
1,2659,28369.367992965654
1,2660,25128.295075883692
1,2661,22279.986144415732
1,2662,19471.810562203773
1,2663,17758.671584653956
1,2664,16719.26053397598
1,2665,16318.262502541987
1,2666,16181.760320725987
1,2667,16611.02857614199
1,2668,18068.48518274799
1,2669,22147.722971373983
1,2670,31306.45213695998
1,2671,47653.16784227999
1,2672,63419.84076428
1,2673,69868.62346464
1,2674,73719.41222645999
1,2675,73819.44063494
1,2676,68024.19720096
1,2677,63258.209494480005
1,2678,62300.62046208
1,2679,58923.746781899994
1,2680,52888.19119584
1,2681,46145.11759857997
1,2682,35981.98494156969
1,2683,28364.173473108105
1,2684,25123.694006596903
1,2685,22275.90660938782
1,2686,19468.280513381163
1,2687,17755.483987148546
1,2688,16716.289218985075
1,2689,16315.70388539689
1,2690,16178.941193697687
1,2691,16608.16331616985
1,2692,18065.399382017746
1,2693,22143.977953951886
1,2694,31301.210858433118
1,2695,47645.26881181573
1,2696,63419.8407642799
1,2697,69868.62346464
1,2698,73719.41222646
1,2699,73819.44063494
1,2700,68024.19720095998
1,2701,63258.20949448
1,2702,62300.620462080005
1,2703,58923.746781899994
1,2704,52888.191195839776
1,2705,46100.15904788775
1,2706,35953.51139084006
1,2707,28341.72810958516
1,2708,25103.812925078633
1,2709,22258.279061660018
1,2710,19452.839446129557
1,2711,17741.36955622249
1,2712,16702.971189374202
1,2713,16302.363844783475
1,2714,16166.15075085646
1,2715,16595.16356712311
1,2716,18051.399034582824
1,2717,22126.144750800668
1,2718,31275.950693066487
1,2719,47606.74001906547
1,2720,63362.20897857115
1,2721,69805.76008260601
1,2722,73719.41222645994
1,2723,73819.44063493997
1,2724,68024.19720095996
1,2725,63258.20949447997
1,2726,62300.62046207997
1,2727,58923.74678189976
1,2728,52836.66296168145
1,2729,46100.159047887726
1,2730,35953.51139084006
1,2731,28341.72810958516
1,2732,25103.812925078633
1,2733,22258.27906166002
1,2734,19452.839446129565
1,2735,17741.369556222504
1,2736,16548.38288102738
1,2737,16164.931739148675
1,2738,15906.920847594287
1,2739,16172.813994087945
1,2740,16865.49015851519
1,2741,19286.4872705744
1,2742,21054.745614235464
1,2743,23407.779767612803
1,2744,28711.385859155922
1,2745,36072.43984343999
1,2746,39511.83127892
1,2747,39477.98020165999
1,2748,36925.73096212
1,2749,32979.48826172
1,2750,29887.329588116
1,2751,28339.603442149993
1,2752,26654.124759262
1,2753,25974.48436577937
1,2754,23968.499814664818
1,2755,23156.378027653453
1,2756,22097.292735033072
1,2757,20307.797488863394
1,2758,18226.126074572512
1,2759,17107.508745194376
1,2760,16333.97007253219
1,2761,16021.2741960471
1,2762,15823.680972028513
1,2763,15767.945206685068
1,2764,15982.832909478377
1,2765,16501.776169281984
1,2766,17206.5915419298
1,2767,17971.595713010083
1,2768,19025.189817633993
1,2769,20462.579749612
1,2770,21434.807085692
1,2771,22473.333738856003
1,2772,22204.293915804
1,2773,21609.612828803998
1,2774,21090.989928008003
1,2775,20963.911154185997
1,2776,21159.393501245944
1,2777,21572.472435548614
1,2778,21358.96142551801
1,2779,20862.68847426395
1,2780,20514.636279830513
1,2781,19270.2826578728
1,2782,17758.400471548845
1,2783,16465.75704495378
1,2784,16702.971189374195
1,2785,16302.363844783393
1,2786,16165.994655157689
1,2787,16594.844680441747
1,2788,18050.881307207197
1,2789,22126.144750800613
1,2790,31275.95069306644
1,2791,47606.74001906539
1,2792,63360.809451030495
1,2793,69804.23351122926
1,2794,73654.77080189198
1,2795,73754.71149970495
1,2796,67964.54966879226
1,2797,63202.74105470485
1,2798,62245.991691495554
1,2799,58872.079048560416
1,2800,52836.662961681286
1,2801,46100.15904788771
1,2802,35953.511390839805
1,2803,28341.72810958496
1,2804,25103.812925078448
1,2805,22258.27906165986
1,2806,19452.83944612955
1,2807,17741.369556222482
1,2808,16702.971189374195
1,2809,16302.363844783391
1,2810,16165.994655157685
1,2811,16594.844680441747
1,2812,18050.881307207193
1,2813,22126.14475080061
1,2814,31275.950693066436
1,2815,47606.74001906538
1,2816,63358.051689416214
1,2817,69800.5514298657
1,2818,73647.58842138447
1,2819,73747.51937356775
1,2820,67957.92216521809
1,2821,63196.57789472984
1,2822,62239.92182809731
1,2823,58866.33818930049
1,2824,52836.66296168127
1,2825,46100.159047887646
1,2826,35953.511390839805
1,2827,28341.72810958496
1,2828,25103.81292507846
1,2829,22258.279061659996
1,2830,19452.839446129554
1,2831,17741.369556222482
1,2832,16702.971189374195
1,2833,16302.363844783391
1,2834,16165.994655157687
1,2835,16594.844680441747
1,2836,18050.881307207193
1,2837,22126.144750800606
1,2838,31275.950693066432
1,2839,47606.74001906535
1,2840,63358.05168941618
1,2841,69800.55142986568
1,2842,73647.58842138444
1,2843,73747.51937356772
1,2844,67957.92216521807
1,2845,63196.577894729824
1,2846,62239.921828097315
1,2847,58866.338189300506
1,2848,52836.66296168129
1,2849,46100.15904788771
1,2850,35953.511390840045
1,2851,28341.72810958514
1,2852,25103.8129250786
1,2853,22258.279061660007
1,2854,19452.839446129554
1,2855,17741.369556222482
1,2856,16702.971189374195
1,2857,16302.363844783395
1,2858,16165.994655157687
1,2859,16594.84468044175
1,2860,18050.881307207197
1,2861,22126.144750800613
1,2862,31275.950693066436
1,2863,47606.74001906538
1,2864,63358.05168941622
1,2865,69800.55142986578
1,2866,73649.70074886702
1,2867,73750.32571641088
1,2868,67961.13877850668
1,2869,63200.149739594286
1,2870,62244.00575026831
1,2871,58870.730909808066
1,2872,52836.66296168134
1,2873,46100.15904788772
1,2874,35953.51139084005
1,2875,28341.728109585158
1,2876,25103.81292507863
1,2877,22258.279061660014
1,2878,19452.83944612957
1,2879,17743.916046928312
1,2880,15664.207790875078
1,2881,15266.711236181001
1,2882,14963.06036426646
1,2883,14872.952002493463
1,2884,15209.332131421997
1,2885,15108.617457084943
1,2886,15648.529612715465
1,2887,16805.900993881944
1,2888,18174.88735262199
1,2889,19416.459476413987
1,2890,20854.154373052
1,2891,21765.602252393997
1,2892,21696.28378517599
1,2893,20980.013288233997
1,2894,20384.142839059998
1,2895,20414.852780321835
1,2896,20417.447335481753
1,2897,20592.082767772565
1,2898,20222.764779246463
1,2899,19514.77835643097
1,2900,18750.337038982663
1,2901,18183.594486387185
1,2902,16837.207706239944
1,2903,15738.498871015088
1,2904,16008.959772656395
1,2905,15638.84910100881
1,2906,15227.414318040506
1,2907,15296.80680671166
1,2908,15961.23936454129
1,2909,17706.112047854378
1,2910,19443.426492854167
1,2911,21957.763341705035
1,2912,27622.102213672224
1,2913,34386.34021092094
1,2914,38187.0351408339
1,2915,37978.9156317238
1,2916,35041.17011586629
1,2917,31248.09303035708
1,2918,28196.597861862945
1,2919,27004.3137985451
1,2920,25497.108248778055
1,2921,24791.89430055054
1,2922,23148.152004150557
1,2923,21794.179002328394
1,2924,20130.724716275232
1,2925,19509.93414259038
1,2926,17810.62048741536
1,2927,16741.846767114363
1,2928,15662.858478226952
1,2929,15265.409194962436
1,2930,14961.796865591925
1,2931,14871.708557165743
1,2932,15208.073162955756
1,2933,15107.379217573758
1,2934,15635.133394218923
1,2935,16791.65643144073
1,2936,18174.88735262198
1,2937,19416.459476413984
1,2938,20854.15437305199
1,2939,21765.602252393986
1,2940,21696.283785175987
1,2941,20980.01328823399
1,2942,20384.14283905999
1,2943,20414.85278032199
1,2944,20421.52046519062
1,2945,20592.082767772572
1,2946,20222.764779246452
1,2947,19514.778356430954
1,2948,18750.337038982652
1,2949,18183.59448638717
1,2950,16837.20770623989
1,2951,15737.753964947917
1,2952,15737.449297410772
1,2953,15309.208607201004
1,2954,15166.776533586128
1,2955,15534.266516889364
1,2956,16846.012598063357
1,2957,20377.96242266767
1,2958,28072.036405705185
1,2959,43299.0457113847
1,2960,58928.490366877886
1,2961,65787.47063060339
1,2962,69774.04535413417
1,2963,69944.96384247199
1,2964,64506.03896937523
1,2965,60163.307894923
1,2966,59174.66173689033
1,2967,56410.71783991891
1,2968,51045.52251081101
1,2969,44464.09437342379
1,2970,34656.23701768036
1,2971,27007.80223170704
1,2972,23300.028771416863
1,2973,21237.18581092149
1,2974,18804.994395146306
1,2975,17070.461172677424
1,2976,15737.449297410772
1,2977,15309.208607201004
1,2978,15166.77653358613
1,2979,15534.266516889362
1,2980,16846.012598063357
1,2981,20377.96242266769
1,2982,28072.036405705203
1,2983,43299.04571138474
1,2984,58930.50628219684
1,2985,65790.33413660414
1,2986,69777.72603726339
1,2987,69949.29238508588
1,2988,64510.61425769266
1,2989,60169.17523938266
1,2990,59180.43266498328
1,2991,56416.219218156984
1,2992,51050.500655699885
1,2993,44464.094373423824
1,2994,34656.23701768041
1,2995,27007.802231707075
1,2996,23300.02877141689
1,2997,21237.185810921506
1,2998,18804.994395146317
1,2999,17070.461172677493
1,3000,15737.751708374846
1,3001,15309.647699135594
1,3002,15167.353680792441
1,3003,15535.001791402108
1,3004,16846.964727839833
1,3005,20379.299538944382
1,3006,28074.1311955936
1,3007,43302.662866764804
1,3008,58933.933450357574
1,3009,65851.62896311992
1,3010,69842.09153921998
1,3011,70013.17671347997
1,3012,64568.94760315998
1,3013,60221.98133951998
1,3014,59232.371017819976
1,3015,56465.73162229996
1,3016,51053.685806503316
1,3017,44464.094373423824
1,3018,34656.2370176804
1,3019,27007.80223170708
1,3020,23300.02877141689
1,3021,21237.185810921506
1,3022,18804.994395146314
1,3023,17070.46117267743
1,3024,15737.449297410778
1,3025,15309.208607201006
1,3026,15166.776533586131
1,3027,15534.266516889424
1,3028,16846.012598063375
1,3029,20377.962422667686
1,3030,28072.036405705217
1,3031,43299.04571138479
1,3032,58931.82098117214
1,3033,65791.78732802183
1,3034,69842.0915392198
1,3035,70013.17671347989
1,3036,64568.947603159904
1,3037,60221.981339519916
1,3038,59232.37101781992
1,3039,56465.731622299885
1,3040,51051.995942594265
1,3041,44464.09437342381
1,3042,34656.2370176804
1,3043,27007.80223170707
1,3044,23300.02877141689
1,3045,21237.185810921506
1,3046,18804.99439514631
1,3047,17070.461172677427
1,3048,15737.449297410772
1,3049,15309.208607201006
1,3050,15166.77653358613
1,3051,15534.266516889365
1,3052,16846.01259806337
1,3053,20377.962422667682
1,3054,28072.036405705214
1,3055,43299.04571138485
1,3056,58931.27959525847
1,3057,65791.18891167089
1,3058,69780.84997264286
1,3059,69951.78512957292
1,3060,64512.329832753814
1,3061,60169.17523938281
1,3062,59180.432664983404
1,3063,56416.21921815697
1,3064,51045.522510811024
1,3065,44464.0943734238
1,3066,34656.23701768037
1,3067,27007.80223170704
1,3068,23300.028771416863
1,3069,21237.18581092148
1,3070,18804.994395146303
1,3071,17070.461172677424
1,3072,16008.055003902175
1,3073,15637.823012764646
1,3074,15226.27810359037
1,3075,15295.529034783234
1,3076,15959.765199264835
1,3077,17704.321983705766
1,3078,19441.29254647184
1,3079,21956.00079734277
1,3080,27619.906965487004
1,3081,34383.0654386762
1,3082,38183.74571501688
1,3083,37975.98612497298
1,3084,35039.26959266755
1,3085,31246.398231766747
1,3086,28195.068566802875
1,3087,27000.216010032396
1,3088,25497.10824877797
1,3089,24791.89430055048
1,3090,23148.15200415054
1,3091,21794.179002328354
1,3092,20130.724716275203
1,3093,19509.93414259036
1,3094,17810.62048741534
1,3095,16741.84676711378
1,3096,15661.830814691606
1,3097,15264.270145472248
1,3098,14960.547077693274
1,3099,14870.335019944905
1,3100,15206.535647183437
1,3101,15105.867017046565
1,3102,15633.583875773737
1,3103,16790.008786454102
1,3104,18157.87075309416
1,3105,19398.460420863285
1,3106,20835.013978454597
1,3107,21745.823102687482
1,3108,21676.76283702109
1,3109,20961.616804791127
1,3110,20366.163850269862
1,3111,20394.96287124044
1,3112,20417.447335481556
1,3113,20592.082767772554
1,3114,20222.76477924645
1,3115,19514.77835643095
1,3116,18750.33703898265
1,3117,18183.594486387166
1,3118,16837.20770623989
1,3119,15737.753964947917
1,3120,15737.449297410776
1,3121,15309.208607201004
1,3122,15166.776533586131
1,3123,15534.266516889367
1,3124,16846.012598063357
1,3125,20377.96242266767
1,3126,28072.036405705185
1,3127,43299.0457113847
1,3128,58928.49036687786
1,3129,65787.47063060338
1,3130,69774.04535413416
1,3131,69944.963842472
1,3132,64506.038969375244
1,3133,60165.597312519254
1,3134,59177.462617159224
1,3135,56413.90615073483
1,3136,51048.87190353198
1,3137,44467.41237052065
1,3138,34659.132162183654
1,3139,27007.802231708953
1,3140,23302.384611205933
1,3141,21239.51688102536
1,3142,18807.219639842362
1,3143,17072.625994594913
1,3144,15739.577268590368
1,3145,15311.405999984534
1,3146,15169.078376009775
1,3147,15536.750785924247
1,3148,16848.842632089203
1,3149,20381.548674891626
1,3150,28077.198857507214
1,3151,43307.3476610692
1,3152,58985.95957253997
1,3153,65851.62896311999
1,3154,69842.09153922
1,3155,70013.17671347999
1,3156,64568.94760315999
1,3157,60221.98133952
1,3158,59232.37101781999
1,3159,56465.73162229999
1,3160,51095.30395969991
1,3161,44475.91928576742
1,3162,34656.23701768042
1,3163,27007.80223170708
1,3164,23300.028771416895
1,3165,21237.18581092151
1,3166,18804.994395146314
1,3167,17070.461172677427
1,3168,15737.449297410778
1,3169,15309.208607201008
1,3170,15166.776533586133
1,3171,15534.266516889365
1,3172,16846.012598063357
1,3173,20377.962422667675
1,3174,28072.03640570519
1,3175,43299.045711384715
1,3176,58928.49036687793
1,3177,65788.1058616183
1,3178,69774.04535413455
1,3179,69944.96384247205
1,3180,64506.03896937526
1,3181,60163.30789492302
1,3182,59174.661736890346
1,3183,56410.717839918914
1,3184,51045.52251081101
1,3185,44464.094373423795
1,3186,34656.23701768038
1,3187,27007.80223170705
1,3188,23300.028771416873
1,3189,21237.185810921503
1,3190,18804.994395146306
1,3191,17070.461172677427
1,3192,15737.44929741077
1,3193,15309.208607201006
1,3194,15166.776533586126
1,3195,15534.266516889362
1,3196,16846.01259806336
1,3197,20377.96242266767
1,3198,28072.036405705185
1,3199,43299.045711384715
1,3200,58928.490366877886
1,3201,65787.4706306034
1,3202,69774.04535413417
1,3203,69944.963842472
1,3204,64506.03896937525
1,3205,60163.30789492304
1,3206,59174.66173689037
1,3207,56410.717839918914
1,3208,51045.52251081102
1,3209,44464.0943734238
1,3210,34656.23701768039
1,3211,27007.802231707068
1,3212,23300.02877141689
1,3213,21237.185810921506
1,3214,18804.99439514631
1,3215,17070.461172677427
1,3216,15737.449297410778
1,3217,15309.20860720101
1,3218,15166.776533586137
1,3219,15534.266516889367
1,3220,16846.01259806336
1,3221,20377.962422667675
1,3222,28072.03640570519
1,3223,43299.045711384715
1,3224,58928.490366877915
1,3225,65787.47063060355
1,3226,69774.0453541344
1,3227,69945.63921743237
1,3228,64507.27851798709
1,3229,60165.033472249066
1,3230,59176.91353315221
1,3231,56410.71783991899
1,3232,51045.522510811024
1,3233,44464.09437342381
1,3234,34656.23701768041
1,3235,27007.80223170708
1,3236,23300.02877141689
1,3237,21237.18581092151
1,3238,18804.99439514632
1,3239,17070.461172677456
1,3240,16008.95977265653
1,3241,15638.849101008944
1,3242,15227.414318040637
1,3243,15296.806806711791
1,3244,15961.239364541423
1,3245,17706.112047854527
1,3246,19443.426492854334
1,3247,21976.576804181892
1,3248,27645.53437245599
1,3249,34414.651951679996
1,3250,38218.47615585999
1,3251,38010.18529308
1,3252,35070.02100601999
1,3253,31273.82091834
1,3254,28219.813323702005
1,3255,27026.547602054
1,3256,25521.973955477984
1,3257,24796.84010006996
1,3258,23148.152004150583
1,3259,21794.179002328397
1,3260,20130.724716275236
1,3261,19509.934142590384
1,3262,17810.62048741536
1,3263,16741.84676711381
1,3264,15665.772680604287
1,3265,15268.221302015465
1,3266,14964.525729688912
1,3267,14874.394110684543
1,3268,15210.792242853522
1,3269,15110.053527736209
1,3270,15637.873700712926
1,3271,16805.90099388199
1,3272,18174.887352622
1,3273,19416.459476413995
1,3274,20854.154373052002
1,3275,21765.602252394
1,3276,21696.283785175998
1,3277,20980.013288234
1,3278,20384.14283906
1,3279,20414.852780322002
1,3280,20437.359172229993
1,3281,20599.584192746144
1,3282,20222.76477924646
1,3283,19514.77835643096
1,3284,18750.33703898266
1,3285,18183.594486387174
1,3286,16837.2077062399
1,3287,15737.753964947975
1,3288,15737.900671954983
1,3289,15309.791174430024
1,3290,15167.494413906605
1,3291,15535.144507311143
1,3292,16847.117962631964
1,3293,20379.48306580922
1,3294,28074.381513220742
1,3295,43303.04514050512
1,3296,58934.448560478144
1,3297,65794.69170063542
1,3298,69842.09153921995
1,3299,70013.17671347996
1,3300,64568.94760315996
1,3301,60221.98133951997
1,3302,59232.371017819954
1,3303,56465.73162229996
1,3304,51054.097867426026
1,3305,44464.09437342383
1,3306,34656.2370176804
1,3307,27007.80223170708
1,3308,23300.02877141689
1,3309,21237.185810921506
1,3310,18804.994395146314
1,3311,17070.461172677427
1,3312,15737.449297410842
1,3313,15309.502789088163
1,3314,15167.211540347085
1,3315,15534.85764833393
1,3316,16846.809960699728
1,3317,20379.114176810843
1,3318,28073.87837479015
1,3319,43302.27677028694
1,3320,58933.4131891356
1,3321,65793.54726165778
1,3322,69842.09153921984
1,3323,70013.17671347984
1,3324,64568.94760315986
1,3325,60221.98133951988
1,3326,59232.37101781988
1,3327,56465.73162229983
1,3328,51053.26962497122
1,3329,44464.09437342381
1,3330,34656.237017680396
1,3331,27007.80223170707
1,3332,23300.02877141689
1,3333,21237.185810921506
1,3334,18804.99439514631
1,3335,17070.461172677427
1,3336,15737.449297410772
1,3337,15309.208607201004
1,3338,15166.776533586128
1,3339,15534.266516889365
1,3340,16846.012598063357
1,3341,20377.96242266767
1,3342,28072.036405705185
1,3343,43299.04571138471
1,3344,58928.49036687788
1,3345,65787.4706306034
1,3346,69774.0453541342
1,3347,69944.96384247218
1,3348,64506.661827135584
1,3349,60164.46399357648
1,3350,59174.661736890404
1,3351,56410.717839918936
1,3352,51045.522510811024
1,3353,44464.0943734238
1,3354,34656.237017680396
1,3355,27007.802231707057
1,3356,23300.02877141688
1,3357,21237.185810921503
1,3358,18804.994395146314
1,3359,17070.461172677427
1,3360,15661.830814691608
1,3361,15264.270145472252
1,3362,14960.54707769328
1,3363,14870.335019944907
1,3364,15206.53564718344
1,3365,15105.721159142466
1,3366,15634.450052442176
1,3367,16790.929815596886
1,3368,18174.887352621987
1,3369,19416.45947641399
1,3370,20854.154373052
1,3371,21765.602252394
1,3372,21696.283785175998
1,3373,20980.013288234
1,3374,20384.142839059998
1,3375,20414.852780322
1,3376,20420.712531950947
1,3377,20592.08276777256
1,3378,20222.76477924645
1,3379,19514.77835643095
1,3380,18750.33703898265
1,3381,18183.594486387163
1,3382,16837.20770623989
1,3383,15737.753964947919
1,3384,15737.449297410774
1,3385,15309.208607201004
1,3386,15166.776533586128
1,3387,15534.266516889362
1,3388,16846.012598063357
1,3389,20377.96242266767
1,3390,28072.03640570519
1,3391,43299.045711384715
1,3392,58928.4903668779
1,3393,65787.47063060339
1,3394,69774.04535413417
1,3395,69944.963842472
1,3396,64506.03896937524
1,3397,60163.307894923
1,3398,59174.66173689034
1,3399,56410.7178399189
1,3400,51045.522510811
1,3401,44464.09437342378
1,3402,34656.23701768038
1,3403,27007.80223170707
1,3404,23300.02877141689
1,3405,21237.18581092151
1,3406,18804.994395146314
1,3407,17070.46117267743
1,3408,16008.055003902184
1,3409,15637.82301276466
1,3410,15226.278103592036
1,3411,15295.676725436933
1,3412,15960.071882254924
1,3413,17704.829771222303
1,3414,19442.032353489194
1,3415,21956.204520185038
1,3416,27618.599710173658
1,3417,34381.12223163934
1,3418,38181.24042243795
1,3419,37976.324730601555
1,3420,35039.08894674996
1,3421,31246.510246816822
1,3422,28195.169643157158
1,3423,27002.945971607507
1,3424,25499.686232812426
1,3425,24794.40098119312
1,3426,23148.15200415064
1,3427,21794.179002328467
1,3428,20130.724716275294
1,3429,19509.934142590442
1,3430,17810.620487415417
1,3431,16741.84676711387
1,3432,15664.833738412153
1,3433,15267.31525445287
1,3434,14963.646502612164
1,3435,14873.528838070788
1,3436,15209.916168199385
1,3437,15109.191877678575
1,3438,15636.9907869501
1,3439,16805.90099388198
1,3440,18174.887352621998
1,3441,19416.459476413995
1,3442,20854.154373052006
1,3443,21765.602252394
1,3444,21696.283785175994
1,3445,20980.013288234
1,3446,20384.14283906
1,3447,20414.852780322002
1,3448,20437.359172229997
1,3449,20598.94244945877
1,3450,20229.501432879006
1,3451,19521.279164007883
1,3452,18756.583194120394
1,3453,18189.767450333315
1,3454,16843.029582806237
1,3455,15743.293760817995
1,3456,15743.086095381703
1,3457,15314.785550586888
1,3458,15172.393334746295
1,3459,15540.112449256416
1,3460,16852.452066982518
1,3461,20385.871637455086
1,3462,28083.095071840537
1,3463,43316.35209249046
1,3464,58952.37954793226
1,3465,65814.5115662984
1,3466,69803.11467912399
1,3467,69976.36880381904
1,3468,64533.62354638947
1,3469,60190.32093853902
1,3470,59201.23088300938
1,3471,56436.04598816646
1,3472,51068.44171147068
1,3473,44484.05854365791
1,3474,34669.77111323017
1,3475,27018.349429194328
1,3476,23309.12799403421
1,3477,21245.479443661396
1,3478,18814.011267611437
1,3479,17078.730135461545
1,3480,15745.149026822617
1,3481,15316.772477160457
1,3482,15174.342286065234
1,3483,15542.08885943398
1,3484,16854.574148569372
1,3485,20388.41322070225
1,3486,28086.561611129586
1,3487,43321.646034252655
1,3488,58959.513082600875
1,3489,65823.53719699764
1,3490,69812.2974744124
1,3491,69983.30966513683
1,3492,64541.40301841101
1,3493,60196.291135012536
1,3494,59207.10297297884
1,3495,56441.64380318853
1,3496,51073.50712108886
1,3497,44464.094373423824
1,3498,34656.2370176804
1,3499,27007.80223170707
1,3500,23300.028771416888
1,3501,21237.185810921503
1,3502,18804.994395146306
1,3503,17070.461172677424
1,3504,15737.44929741077
1,3505,15309.208607201002
1,3506,15166.776533586126
1,3507,15534.266516889362
1,3508,16846.01259806336
1,3509,20377.96242266768
1,3510,28072.03640570523
1,3511,43300.69338669577
1,3512,58931.27959525629
1,3513,65791.18891166845
1,3514,69778.62363383397
1,3515,69950.18327154426
1,3516,64512.329832727475
1,3517,60168.86503553746
1,3518,59180.432664983244
1,3519,56410.717839919016
1,3520,51045.522510811024
1,3521,44464.0943734238
1,3522,34656.23701768039
1,3523,27007.80223170706
1,3524,23300.02877141688
1,3525,21237.185810921503
1,3526,18804.99439514631
1,3527,17070.461172677427
1,3528,15737.449297410774
1,3529,15309.208607201002
1,3530,15166.77653358613
1,3531,15534.266516889364
1,3532,16846.012598063364
1,3533,20377.962422667693
1,3534,28072.036405705232
1,3535,43299.04571138494
1,3536,58930.73279548574
1,3537,65790.58451115648
1,3538,69777.98895478278
1,3539,69952.03589935553
1,3540,64512.56110266212
1,3541,60169.3909395393
1,3542,59180.6448206019
1,3543,56416.42146436152
1,3544,51050.683666368444
1,3545,44464.094373423875
1,3546,34656.23701768042
1,3547,27007.802231707083
1,3548,23300.0287714169
1,3549,21237.185810921514
1,3550,18804.994395146317
1,3551,17070.626001728662
1,3552,15737.751708374835
1,3553,15309.647699135581
1,3554,15167.353680792427
1,3555,15535.001791402097
1,3556,16846.964727839822
1,3557,20379.299538944375
1,3558,28074.131195593614
1,3559,43302.662866764775
1,3560,58933.93345035753
1,3561,65796.3662171009
1,3562,69783.47999343224
1,3563,69954.4215928607
1,3564,64514.76128448731
1,3565,60171.44299882999
1,3566,59182.663158998505
1,3567,56418.345529737715
1,3568,51045.522510811985
1,3569,44464.09437342382
1,3570,34656.23701768041
1,3571,27007.802231707083
1,3572,23300.0287714169
1,3573,21237.185810921514
1,3574,18804.99439514632
1,3575,17070.461172677446
1,3576,16008.055003902247
1,3577,15638.56318885749
1,3578,15227.138686632363
1,3579,15296.532663134729
1,3580,15960.956147946916
1,3581,17705.800983588124
1,3582,19443.088292088618
1,3583,21957.385191109297
1,3584,27645.534372455957
1,3585,34414.65195167996
1,3586,38218.476155859964
1,3587,38010.18529307997
1,3588,35070.02100601996
1,3589,31273.820918339974
1,3590,28219.81332370197
1,3591,27026.547602053517
1,3592,25501.595403050953
1,3593,24796.453533716
1,3594,23152.22577315054
1,3595,21798.014489964025
1,3596,20134.26745792828
1,3597,19513.367633302183
1,3598,17813.754921369266
1,3599,16744.793111009873
1,3600,15665.544904977058
1,3601,15268.001506213766
1,3602,14964.312440201484
1,3603,14874.184206375228
1,3604,15210.579718104376
1,3605,15109.844502213688
1,3606,15637.659516881586
1,3607,16805.90099388197
1,3608,18174.887352622
1,3609,19416.459476413995
1,3610,20854.154373052002
1,3611,21765.602252394
1,3612,21696.283785175998
1,3613,20980.013288234
1,3614,20384.14283906
1,3615,20414.852780322006
1,3616,20437.35917223
1,3617,20599.58419274615
1,3618,20230.1316665332
1,3619,19521.88733357365
1,3620,18757.16754020554
1,3621,18190.218530750615
1,3622,16843.34127960385
1,3623,15743.862194700092
1,3624,15914.086092479622
1,3625,15457.207034662893
1,3626,15221.23441536557
1,3627,15124.67047288917
1,3628,15182.818273077388
1,3629,15238.80182641163
1,3630,16353.683272165083
1,3631,18529.957706259996
1,3632,21105.872203416002
1,3633,22579.12597941
1,3634,24220.811737122007
1,3635,24791.126147788003
1,3636,24733.670805844
1,3637,23857.202373004
1,3638,23499.387337426
1,3639,23524.607914808
1,3640,23316.652513154
1,3641,23039.714105407882
1,3642,21951.204650972562
1,3643,20948.02585141812
1,3644,19679.08555921287
1,3645,18572.65493132029
1,3646,17715.564215826467
1,3647,16295.70237370683
1,3648,16484.451708291108
1,3649,16026.875236358052
1,3650,15807.432710333103
1,3651,16080.029106255353
1,3652,17037.274096993366
1,3653,20024.142951092363
1,3654,27395.702134104253
1,3655,41894.25164401422
1,3656,56631.632397339956
1,3657,63643.684824719996
1,3658,68277.0129041
1,3659,68649.67971862
1,3660,63664.4224216
1,3661,59765.4492435
1,3662,58907.88861958
1,3663,56311.11453967999
1,3664,51286.80442361681
1,3665,44709.96107589913
1,3666,34949.32718841305
1,3667,27330.04908574441
1,3668,23318.857225212396
1,3669,21186.153998449867
1,3670,19550.33305801568
1,3671,17862.56630249842
1,3672,16483.671496137864
1,3673,16025.969455086253
1,3674,15806.395561066493
1,3675,16078.829272780838
1,3676,17035.850940457996
1,3677,20022.867810352884
1,3678,27393.974859251834
1,3679,41891.636423468604
1,3680,56579.65465844973
1,3681,63587.87837798411
1,3682,68217.14368856966
1,3683,68589.48372737278
1,3684,63608.59779094536
1,3685,59713.04345698658
1,3686,58856.23479159023
1,3687,56256.25139858694
1,3688,51277.37450657769
1,3689,44709.961075899104
1,3690,34949.32718841304
1,3691,27330.049085744395
1,3692,23318.857225212385
1,3693,21186.15399844986
1,3694,19550.333058015676
1,3695,17862.566302498417
1,3696,16483.67149613786
1,3697,16025.96945508625
1,3698,15806.395561066489
1,3699,16078.829272780757
1,3700,17035.850940457854
1,3701,20022.29353980563
1,3702,27392.93246541095
1,3703,41889.65368455603
1,3704,56576.4569801253
1,3705,63581.677661679976
1,3706,68210.49155351054
1,3707,68582.79528390066
1,3708,63602.39505420579
1,3709,59707.22059181825
1,3710,58850.495477369004
1,3711,56256.25139858685
1,3712,51277.37450657769
1,3713,44709.9610758991
1,3714,34949.32718841304
1,3715,27330.049085744402
1,3716,23318.85722521239
1,3717,21186.153998449867
1,3718,19550.333058015683
1,3719,17862.56630249842
1,3720,16483.671496137875
1,3721,16025.969455086277
1,3722,15806.395561066589
1,3723,16078.829272780813
1,3724,17035.850940457913
1,3725,20022.2935398057
1,3726,27392.932465410995
1,3727,41889.65368455611
1,3728,56576.4569801256
1,3729,63588.1063338312
1,3730,68217.97858305577
1,3731,68590.91086735862
1,3732,63610.460908866684
1,3733,59715.29402495394
1,3734,58858.453066677794
1,3735,56263.85820191196
1,3736,51279.52208261409
1,3737,44711.83359846711
1,3738,34950.79092048352
1,3739,27331.19371062142
1,3740,23319.8338551482
1,3741,21190.38047945174
1,3742,19554.383363737306
1,3743,17866.402785532096
1,3744,16326.039556761603
1,3745,15926.071322369879
1,3746,15572.873535794624
1,3747,15622.812632323714
1,3748,16002.362669102271
1,3749,17292.712588756855
1,3750,19144.182723146787
1,3751,21808.754751783916
1,3752,27133.864665907982
1,3753,33545.50267067999
1,3754,37088.58209055999
1,3755,37451.79500062
1,3756,35642.74463749999
1,3757,31767.86366754
1,3758,28465.767321992003
1,3759,27393.511577432004
1,3760,26094.14865057
1,3761,25635.069830674223
1,3762,23481.853190202295
1,3763,21855.473487934738
1,3764,20088.40887841558
1,3765,18966.79420868372
1,3766,18239.855332952302
1,3767,17044.090649682446
1,3768,15913.900224254865
1,3769,15457.02829102224
1,3770,15221.060144173358
1,3771,15124.499022756267
1,3772,15182.6478687969
1,3773,15238.632488128409
1,3774,16362.634860571374
1,3775,18529.957706259986
1,3776,21105.87220341599
1,3777,22579.125979409986
1,3778,24220.811737121992
1,3779,24791.126147787985
1,3780,24733.670805843987
1,3781,23857.202373003984
1,3782,23499.387337425957
1,3783,23512.60409013768
1,3784,23304.872600333896
1,3785,23017.266830193446
1,3786,21951.20465097246
1,3787,20948.025851418024
1,3788,19679.08555921278
1,3789,18572.654931320205
1,3790,17715.564215826376
1,3791,16295.08229064565
1,3792,16483.67149613787
1,3793,16026.124198728854
1,3794,15806.69929690255
1,3795,16079.290438634076
1,3796,17036.499212274564
1,3797,20023.24124352309
1,3798,27394.48070280618
1,3799,41892.402307632525
1,3800,56580.67882524923
1,3801,63587.87837798554
1,3802,68217.14368857116
1,3803,68589.48372737429
1,3804,63608.59779094677
1,3805,59713.04345698789
1,3806,58856.23479159154
1,3807,56261.737712697446
1,3808,51277.37450657772
1,3809,44709.961075899104
1,3810,34949.327188413044
1,3811,27330.0490857444
1,3812,23318.85722521238
1,3813,21186.153998449856
1,3814,19550.33305801567
1,3815,17862.566302498413
1,3816,16483.67149613786
1,3817,16025.96945508625
1,3818,15806.395561066485
1,3819,16078.829272780755
1,3820,17035.850940457854
1,3821,20022.29353980563
1,3822,27392.93246541095
1,3823,41889.65368455603
1,3824,56576.45698012531
1,3825,63581.67766167997
1,3826,68210.49155351055
1,3827,68582.79528390066
1,3828,63602.39505420579
1,3829,59707.22059181826
1,3830,58850.495477369
1,3831,56256.25139858684
1,3832,51277.3745065777
1,3833,44709.9610758991
1,3834,34949.32718841303
1,3835,27330.049085744395
1,3836,23318.85722521239
1,3837,21186.15399844986
1,3838,19550.333058015676
1,3839,17862.566302498413
1,3840,16483.67149613786
1,3841,16025.969455086251
1,3842,15806.395561066487
1,3843,16078.829272780758
1,3844,17035.850940457854
1,3845,20022.293539805632
1,3846,27392.93246541095
1,3847,41889.653684556026
1,3848,56576.456980125295
1,3849,63581.67766167997
1,3850,68210.49155351054
1,3851,68582.79528390068
1,3852,63602.395054205794
1,3853,59707.22059181826
1,3854,58850.495477369004
1,3855,56256.25139858684
1,3856,51277.37450657769
1,3857,44709.9610758991
1,3858,34949.32718841303
1,3859,27330.0490857444
1,3860,23318.85722521239
1,3861,21186.153998449863
1,3862,19550.333058015676
1,3863,17862.566302498417
1,3864,15907.81938418176
1,3865,15451.031345741585
1,3866,15215.066338223472
1,3867,15118.456262195072
1,3868,15176.49542802103
1,3869,15232.371454333259
1,3870,16346.692971437864
1,3871,18511.904224413676
1,3872,21085.30904365517
1,3873,22557.127448844964
1,3874,24197.447378386554
1,3875,24767.44841837364
1,3876,24710.281841037075
1,3877,23834.86559309697
1,3878,23477.603408249717
1,3879,23503.01652010659
1,3880,23293.935420674086
1,3881,23017.266830193443
1,3882,21951.20465097246
1,3883,20948.025851418024
1,3884,19679.085559212777
1,3885,18572.6549313202
1,3886,17715.564215826376
1,3887,16295.082290645647
1,3888,16483.671496137875
1,3889,16025.969455086286
1,3890,15806.395561066514
1,3891,16078.829272780786
1,3892,17035.850940457905
1,3893,20022.293539805854
1,3894,27394.729874548604
1,3895,41892.77957188742
1,3896,56581.183316061506
1,3897,63643.68482471993
1,3898,68277.01290409999
1,3899,68649.67971862001
1,3900,63664.4224216
1,3901,59765.4492435
1,3902,58907.88861958
1,3903,56311.11453967999
1,3904,51327.38206595689
1,3905,44709.96107589914
1,3906,34949.32718841305
1,3907,27330.049085744417
1,3908,23318.8572252124
1,3909,21186.153998449878
1,3910,19550.333058015694
1,3911,17862.566302498442
1,3912,16322.410968727565
1,3913,15922.412959211058
1,3914,15569.181416646115
1,3915,15618.9945589692
1,3916,15998.336109468175
1,3917,17289.68176886568
1,3918,19140.8606485303
1,3919,21789.709693651323
1,3920,27133.864665907993
1,3921,33545.50267068
1,3922,37088.582090560005
1,3923,37451.79500062
1,3924,35642.7446375
1,3925,31767.86366754
1,3926,28465.767321992
1,3927,27393.511577432
1,3928,26094.148650569994
1,3929,25630.603822055164
1,3930,23473.44553355933
1,3931,21847.648155097173
1,3932,20081.216241489306
1,3933,18959.887371030385
1,3934,18233.102961173103
1,3935,17037.678945680735
1,3936,15907.81938418181
1,3937,15451.03134574165
1,3938,15215.066338223494
1,3939,15118.456262195083
1,3940,15176.495428021035
1,3941,15232.371454333272
1,3942,16346.692971437875
1,3943,18511.904224413676
1,3944,21085.309043655172
1,3945,22557.12744884468
1,3946,24197.213734798897
1,3947,24766.972496012113
1,3948,24709.573132014208
1,3949,23834.18876632876
1,3950,23476.943333411495
1,3951,23502.36227925546
1,3952,23293.935420674075
1,3953,23017.26683019345
1,3954,21951.204650972464
1,3955,20948.02585141803
1,3956,19679.08555921278
1,3957,18572.654931320205
1,3958,17715.564215826376
1,3959,16295.08229064565
1,3960,16483.671496137864
1,3961,16025.969455086257
1,3962,15806.395561066493
1,3963,16078.829272780762
1,3964,17035.850940457854
1,3965,20022.293539805632
1,3966,27392.932465410955
1,3967,41889.65368455603
1,3968,56576.4569801253
1,3969,63581.677661679976
1,3970,68210.49155351055
1,3971,68582.79528390068
1,3972,63602.3950542058
1,3973,59707.22059181829
1,3974,58850.49547736902
1,3975,56256.25139858684
1,3976,51277.37450657769
1,3977,44709.961075899104
1,3978,34949.32718841304
1,3979,27330.049085744406
1,3980,23318.85722521239
1,3981,21186.153998449863
1,3982,19550.33305801568
1,3983,17862.566302498417
1,3984,16483.67149613786
1,3985,16025.969455086251
1,3986,15806.395561066487
1,3987,16078.829272780757
1,3988,17035.850940457854
1,3989,20022.29353980563
1,3990,27392.932465410955
1,3991,41889.653684556026
1,3992,56576.45698012531
1,3993,63581.67766168
1,3994,68210.49155351055
1,3995,68582.79528390072
1,3996,63603.00918655623
1,3997,59708.36792629406
1,3998,58852.18340119057
1,3999,56256.25139858688
1,4000,51277.3745065777
1,4001,44709.9610758991
1,4002,34949.32718841304
1,4003,27330.049085744366
1,4004,23318.857225212345
1,4005,21186.153998449845
1,4006,19550.333058015673
1,4007,17862.566302498413
1,4008,16483.671496137857
1,4009,16025.96945508625
1,4010,15806.395561066485
1,4011,16078.829272780757
1,4012,17035.850940457854
1,4013,20022.29353980563
1,4014,27392.93246541096
1,4015,41889.65368455611
1,4016,56577.54415382009
1,4017,63583.50128317247
1,4018,68213.08719369514
1,4019,68586.04147394963
1,4020,63605.989835690976
1,4021,59711.13832877522
1,4022,58854.88701566249
1,4023,56256.251398586886
1,4024,51277.3745065777
1,4025,44709.961075899104
1,4026,34949.32718841303
1,4027,27330.049085744373
1,4028,23318.85722521238
1,4029,21186.15399844986
1,4030,19550.333058015676
1,4031,17862.566302498417
1,4032,16483.67149613786
1,4033,16025.969455086248
1,4034,15806.395561066487
1,4035,16078.829272780755
1,4036,17035.85094045785
1,4037,20022.29353980563
1,4038,27392.93246541095
1,4039,41889.65368455603
1,4040,56576.4569801253
1,4041,63581.67766167999
1,4042,68210.49155351055
1,4043,68582.79528390069
1,4044,63602.39505420589
1,4045,59707.79711312191
1,4046,58850.495477369215
1,4047,56256.25139858687
1,4048,51277.374506577704
1,4049,44709.961075899104
1,4050,34949.327188413044
1,4051,27330.049085744406
1,4052,23318.857225212392
1,4053,21186.153998449867
1,4054,19550.333058015676
1,4055,17862.566302498417
1,4056,16483.671496137864
1,4057,16025.969455086253
1,4058,15806.395561066489
1,4059,16078.829272780758
1,4060,17035.850940457858
1,4061,20022.293539805632
1,4062,27392.93246541096
1,4063,41889.65368455604
1,4064,56576.456980125324
1,4065,63581.67766168003
1,4066,68210.4915535106
1,4067,68582.79528390072
1,4068,63602.3950542059
1,4069,59707.22059181862
1,4070,58850.49547736906
1,4071,56256.25139858686
1,4072,51277.37450657768
1,4073,44709.961075899104
1,4074,34949.32718841304
1,4075,27330.049085744395
1,4076,23318.85722521238
1,4077,21186.153998449863
1,4078,19550.33305801568
1,4079,17862.56630249842
1,4080,16322.410968727481
1,4081,15922.412959211011
1,4082,15569.918343765656
1,4083,15619.877338185373
1,4084,15999.385853066193
1,4085,17289.52761009597
1,4086,19140.69167546223
1,4087,21789.51924306996
1,4088,27110.16931806221
1,4089,33545.50267067997
1,4090,37088.58209055998
1,4091,37451.79500061999
1,4092,35642.744637499985
1,4093,31767.86366753999
1,4094,28465.767321991996
1,4095,27393.511577431986
1,4096,26073.104879151302
1,4097,25625.891216728916
1,4098,23473.44553355934
1,4099,21847.64815509719
1,4100,20081.216241489314
1,4101,18959.887371030392
1,4102,18233.102961173106
1,4103,17037.678945680735
1,4104,15907.819384181801
1,4105,15452.045177501373
1,4106,15216.201716029913
1,4107,15119.71924165589
1,4108,15177.897244545224
1,4109,15233.911582335017
1,4110,16348.487243410636
1,4111,18529.957706259986
1,4112,21105.872203416
1,4113,22579.12597941
1,4114,24220.811737122003
1,4115,24791.126147788003
1,4116,24733.670805844
1,4117,23857.202373004002
1,4118,23499.387337426
1,4119,23524.607914808
1,4120,23316.65251315399
1,4121,23021.858604659912
1,4122,21951.204650972464
1,4123,20948.025851418028
1,4124,19679.085559212777
1,4125,18572.654931320205
1,4126,17715.564215826373
1,4127,16295.082290645647
1,4128,16483.671496137857
1,4129,16025.96945508625
1,4130,15806.39556106649
1,4131,16078.829272780764
1,4132,17035.85094045787
1,4133,20022.293539805705
1,4134,27393.97485925183
1,4135,41891.636423468604
1,4136,56579.654658449734
1,4137,63585.84962423185
1,4138,68217.97858305568
1,4139,68590.32317884592
1,4140,63609.37628246069
1,4141,59713.77427167673
1,4142,58856.95511998926
1,4143,56262.42628762121
1,4144,51283.00289612866
1,4145,44709.961075899126
1,4146,34949.327188413044
1,4147,27330.04908574441
1,4148,23318.857225212392
1,4149,21186.153998449867
1,4150,19550.333058015683
1,4151,17862.566302498424
1,4152,16483.67149613787
1,4153,16025.96945508627
1,4154,15806.395561066538
1,4155,16078.829272780922
1,4156,17036.81379982001
1,4157,20023.607318584607
1,4158,27394.976579244216
1,4159,41893.15310085284
1,4160,56631.63239733991
1,4161,63643.684824719974
1,4162,68277.0129041
1,4163,68649.67971862001
1,4164,63664.4224216
1,4165,59765.4492435
1,4166,58907.88861958
1,4167,56311.114539680006
1,4168,51327.38206595991
1,4169,44709.96107589913
1,4170,34949.327188413044
1,4171,27330.049085744406
1,4172,23318.857225212392
1,4173,21186.153998449863
1,4174,19550.333058015676
1,4175,17862.566302498417
1,4176,16483.671496137868
1,4177,16025.969455086259
1,4178,15806.395561066496
1,4179,16078.829272780767
1,4180,17035.85094045787
1,4181,20022.293539805672
1,4182,27394.72987454864
1,4183,41892.77957188746
1,4184,56581.18331606703
1,4185,63643.68482471998
1,4186,68277.01290409999
1,4187,68649.67971862001
1,4188,63664.4224216
1,4189,59765.44924349999
1,4190,58907.88861957999
1,4191,56311.11453967993
1,4192,51285.15680862101
1,4193,44709.96107589911
1,4194,34949.32718841305
1,4195,27330.04908574441
1,4196,23318.857225212396
1,4197,21186.153998449863
1,4198,19550.333058015676
1,4199,17862.566302498417
1,4200,16483.67149613786
1,4201,16025.969455086255
1,4202,15806.395561066502
1,4203,16078.8292727808
1,4204,17035.85094045789
1,4205,20022.2935398057
1,4206,27392.932465411253
1,4207,41891.63642346863
1,4208,56579.65465844978
1,4209,63585.84962423146
1,4210,68218.56308128359
1,4211,68590.91086735867
1,4212,63609.92129373941
1,4213,59714.28590506124
1,4214,58857.45941206451
1,4215,56262.90834952288
1,4216,51283.44229384988
1,4217,44709.961075899126
1,4218,34949.32718841305
1,4219,27330.049085744413
1,4220,23318.8572252124
1,4221,21186.15399844987
1,4222,19550.333058015694
1,4223,17862.566302498504
1,4224,16484.144273496382
1,4225,16026.57929749271
1,4226,15807.143716106944
1,4227,16079.738041667899
1,4228,17036.968761420892
1,4229,20023.787642244242
1,4230,27395.220841318922
1,4231,41893.52293151146
1,4232,56631.63239733988
1,4233,63643.68482471999
1,4234,68277.01290409999
1,4235,68649.67971862001
1,4236,63664.4224216
1,4237,59765.4492435
1,4238,58907.88861958
1,4239,56311.11453967998
1,4240,51285.98881300553
1,4241,44709.961075899126
1,4242,34949.32718841305
1,4243,27330.049085744413
1,4244,23318.8572252124
1,4245,21186.15399844987
1,4246,19550.333058015683
1,4247,17862.566302498428
1,4248,16322.410968727498
1,4249,15922.412959211078
1,4250,15569.181416646488
1,4251,15618.994558969493
1,4252,15999.529936385572
1,4253,17289.681768865663
1,4254,19140.860648530277
1,4255,21789.709693651283
1,4256,27133.86466590799
1,4257,33545.50267068
1,4258,37088.582090560005
1,4259,37451.795000620004
1,4260,35642.7446375
1,4261,31767.86366754
1,4262,28465.767321992003
1,4263,27393.511577431997
1,4264,26094.148650569874
1,4265,25625.89121672883
1,4266,23473.44553355933
1,4267,21847.64815509718
1,4268,20081.216241489303
1,4269,18959.887371030385
1,4270,18233.1029611731
1,4271,17037.678945680727
1,4272,15907.819384181808
1,4273,15451.031345744499
1,4274,15216.064686950853
1,4275,15118.456262196782
1,4276,15177.763256010818
1,4277,15233.778431992157
1,4278,16348.34576723904
1,4279,18513.93615778215
1,4280,21087.80412401131
1,4281,22579.125979409848
1,4282,24220.81173712198
1,4283,24791.126147787993
1,4284,24733.670805843994
1,4285,23857.20237300399
1,4286,23499.387337425993
1,4287,23524.607914807988
1,4288,23298.21917897172
1,4289,23021.68004965246
1,4290,21951.204650972475
1,4291,20948.02585141803
1,4292,19679.08555921279
1,4293,18572.65493132021
1,4294,17715.56421582638
1,4295,16295.082290645656
1,4296,16483.671496137882
1,4297,16025.969455086286
1,4298,15806.395561067176
1,4299,16078.82927278087
1,4300,17035.850940457934
1,4301,20024.24618664552
1,4302,27392.932465411286
1,4303,41889.65368455662
1,4304,56593.45073823361
1,4305,63601.20040818802
1,4306,68231.88683743615
1,4307,68649.67971861998
1,4308,63664.42242159998
1,4309,59765.44924349999
1,4310,58907.888619579986
1,4311,56311.114539679984
1,4312,51295.42448931965
1,4313,44725.97517151659
1,4314,34949.32718841306
1,4315,27330.04908574442
1,4316,23318.8572252124
1,4317,21186.153998449874
1,4318,19550.33305801569
1,4319,17862.56630249843
1,4320,16483.671496137995
1,4321,16032.466266449328
1,4322,15812.892538709408
1,4323,16085.528048968052
1,4324,17043.042654535173
1,4325,20030.855629601818
1,4326,27404.79496630924
1,4327,41930.50599737998
1,4328,56631.632397339985
1,4329,63643.684824719996
1,4330,68277.01290409999
1,4331,68649.67971862001
1,4332,63664.42242159999
1,4333,59765.44924350001
1,4334,58907.88861958001
1,4335,56311.11453968
1,4336,51327.38206595999
1,4337,44732.2640681049
1,4338,34966.761213250524
1,4339,27343.682331157168
1,4340,23330.489538871956
1,4341,21196.72244038378
1,4342,19560.359407953903
1,4343,17871.808861220405
1,4344,15935.296202999602
1,4345,15505.377405836183
1,4346,15346.508279394466
1,4347,15593.031318344081
1,4348,16586.48556133009
1,4349,19487.71619309382
1,4350,26360.74875634197
1,4351,39391.980167539994
1,4352,52771.38973105999
1,4353,59161.924181359995
1,4354,63349.69889248
1,4355,63907.479255620005
1,4356,59316.23629931999
1,4357,56037.256275
1,4358,55743.88027208
1,4359,53576.49643345998
1,4360,48509.50860755996
1,4361,42244.78369711028
1,4362,33172.77614860039
1,4363,25959.373244794817
1,4364,22377.30360881055
1,4365,20546.928000666365
1,4366,18791.91111647095
1,4367,17211.950164884707
1,4368,15936.829835768847
1,4369,15506.854881236935
1,4370,15347.956131469018
1,4371,15594.487856555104
1,4372,16588.019551023826
1,4373,19489.500648778787
1,4374,26351.892354926207
1,4375,39378.87670747018
1,4376,52754.00950845087
1,4377,59142.63216062687
1,4378,63329.24581749136
1,4379,63887.8475119678
1,4380,59298.01493995807
1,4381,56020.042185773396
1,4382,55726.75630505113
1,4383,53560.03826524548
1,4384,48494.60696774004
1,4385,42247.80063094277
1,4386,33174.01251048609
1,4387,25960.34076043211
1,4388,22378.137619360725
1,4389,20547.693792426882
1,4390,18792.61149808989
1,4391,17212.275281764716
1,4392,15938.037672989805
1,4393,15508.018490816668
1,4394,15349.09641072046
1,4395,15595.634976713409
1,4396,16589.227669346426
1,4397,19490.906025632197
1,4398,26353.773754576054
1,4399,39381.66032623697
1,4400,52757.70165644597
1,4401,59147.610989047396
1,4402,63334.37254135592
1,4403,63892.017959297365
1,4404,59301.88577389093
1,4405,56023.699041410684
1,4406,55730.394015680955
1,4407,53563.53453765479
1,4408,48497.77258079473
1,4409,42219.608627283225
1,4410,33153.007389411345
1,4411,25943.903191999827
1,4412,22363.96823029531
1,4413,20534.683403774612
1,4414,18780.71239243593
1,4415,17201.37681338826
1,4416,16426.57679967707
1,4417,15969.179426162698
1,4418,15660.929975360796
1,4419,15553.059786165553
1,4420,16192.894661951092
1,4421,17492.018197693807
1,4422,19042.202384429624
1,4423,21401.077994295934
1,4424,26708.255986411994
1,4425,32957.83577086
1,4426,36811.97914394
1,4427,37319.135373519995
1,4428,34954.134435219996
1,4429,31267.72162514
1,4430,28112.496259848
1,4431,27335.415809702
1,4432,26271.973543815995
1,4433,25551.359117555185
1,4434,23567.1039895204
1,4435,21922.395323458295
1,4436,20174.3225674099
1,4437,19312.314842335443
1,4438,18243.8838461085
1,4439,17027.876696596155
1,4440,15978.919229903746
1,4441,15421.811487861956
1,4442,15105.09464529851
1,4443,15143.23366756185
1,4444,15200.414541311924
1,4445,15029.847806973992
1,4446,15431.760732387998
1,4447,16336.194424549998
1,4448,17549.221856166005
1,4449,18691.101032604005
1,4450,20147.307284104
1,4451,20938.660080338002
1,4452,20936.250859524003
1,4453,20724.025952630007
1,4454,20437.359172230004
1,4455,20440.683287024003
1,4456,21098.888512702
1,4457,20851.714655771997
1,4458,20525.219490775948
1,4459,19741.74642586986
1,4460,18850.79490507476
1,4461,18077.787204480068
1,4462,17271.05513337307
1,4463,16183.786782856443
1,4464,15940.328122030454
1,4465,15510.225069980926
1,4466,15351.258748055505
1,4467,15599.887749445932
1,4468,16593.706583453983
1,4469,19496.116245605994
1,4470,26360.748756342
1,4471,39391.98016754
1,4472,52771.38973106
1,4473,59161.924181359995
1,4474,63349.698892479995
1,4475,63907.47925562001
1,4476,59316.23629931999
1,4477,56037.256275
1,4478,55743.88027208
1,4479,53576.49643345999
1,4480,48509.50860755999
1,4481,42260.78272415999
1,4482,33181.644757037626
1,4483,25966.313378944342
1,4484,22383.286091033264
1,4485,20552.42113932347
1,4486,18796.95578086369
1,4487,17216.273030561944
1,4488,15940.792804753488
1,4489,15510.672737314477
1,4490,15351.888919430183
1,4491,15598.42980348434
1,4492,16591.98344231579
1,4493,19496.116245605877
1,4494,26360.748756341993
1,4495,39391.98016754
1,4496,52771.38973106
1,4497,59161.92418136
1,4498,63349.698892479995
1,4499,63907.47925562001
1,4500,59316.23629931999
1,4501,56037.256275
1,4502,55743.88027208
1,4503,53576.49643345999
1,4504,48509.50860755998
1,4505,42256.92672330304
1,4506,33153.007389411374
1,4507,25943.90319199983
1,4508,22363.96823029531
1,4509,20534.68340377461
1,4510,18780.712392435926
1,4511,17201.37681338826
1,4512,15926.98297226814
1,4513,15497.21894437265
1,4514,15338.365290505704
1,4515,15584.68899428672
1,4516,16577.539564331964
1,4517,19477.3095161341
1,4518,26335.065842939293
1,4519,39354.729827908035
1,4520,52721.98146853909
1,4521,59107.081084906145
1,4522,63291.555166641396
1,4523,63849.40433607768
1,4524,59264.22440857497
1,4525,55987.33668101158
1,4526,55694.71369164188
1,4527,53529.51747705903
1,4528,48462.24646336606
1,4529,42219.60862728311
1,4530,33153.00738941133
1,4531,25943.90319199982
1,4532,22363.9682302953
1,4533,20534.6834037746
1,4534,18780.712392435922
1,4535,17201.37681338825
1,4536,15926.982972268126
1,4537,15497.218944372637
1,4538,15338.365290505693
1,4539,15584.688994286715
1,4540,16577.53956433196
1,4541,19477.121448839946
1,4542,26335.06584293915
1,4543,39353.60110536842
1,4544,52719.97529495511
1,4545,59105.97873866881
1,4546,63290.38647775353
1,4547,63848.23703019633
1,4548,59261.79457281816
1,4549,55986.333297167694
1,4550,55695.000828756645
1,4551,53528.768954862324
1,4552,48462.24646336755
1,4553,42219.60862728311
1,4554,33153.00738941133
1,4555,25943.903191999816
1,4556,22363.9682302953
1,4557,20534.6834037746
1,4558,18780.712392435922
1,4559,17201.37681338825
1,4560,15926.982972268128
1,4561,15497.21894437264
1,4562,15338.365290505702
1,4563,15584.688994286724
1,4564,16577.539564331975
1,4565,19477.12144884004
1,4566,26336.55429014337
1,4567,39356.18332332979
1,4568,52723.90936192368
1,4569,59109.22104363874
1,4570,63297.06213598249
1,4571,63854.379043894376
1,4572,59266.95091452705
1,4573,55990.69536839901
1,4574,55697.56312924581
1,4575,53531.98015246639
1,4576,48469.20244609388
1,4577,42219.60862728315
1,4578,33153.00738941134
1,4579,25943.903191999827
1,4580,22363.968230295308
1,4581,20534.68340377461
1,4582,18780.71239243593
1,4583,17201.37681338826
1,4584,16426.576799677063
1,4585,15969.17942616261
1,4586,15649.065244885318
1,4587,15542.40312126263
1,4588,16181.909469703025
1,4589,17480.269200407572
1,4590,19029.538825356016
1,4591,21382.573990455385
1,4592,26708.255986411983
1,4593,32957.83577086
1,4594,36811.97914394
1,4595,37319.13537352
1,4596,34954.134435219996
1,4597,31267.721625139995
1,4598,28112.496259848
1,4599,27335.415809701997
1,4600,26271.97354381599
1,4601,25536.03482994933
1,4602,23548.454681204224
1,4603,21905.047519095133
1,4604,20158.3580618942
1,4605,19297.032467634068
1,4606,18229.446950727375
1,4607,17014.28047882807
1,4608,15966.132750791203
1,4609,15409.444226921518
1,4610,15093.808637041328
1,4611,15129.472491451215
1,4612,15186.738166724874
1,4613,15016.458787771884
1,4614,15418.149787085586
1,4615,16336.194424549993
1,4616,17549.221856166
1,4617,18691.101032604
1,4618,20147.307284104
1,4619,20938.660080338
1,4620,20936.250859524003
1,4621,20724.025952630003
1,4622,20437.359172230004
1,4623,20440.683287024003
1,4624,21098.88851270199
1,4625,20835.230015693134
1,4626,20505.22205293277
1,4627,19725.27315784383
1,4628,18835.065081062432
1,4629,18062.702407648383
1,4630,17256.643504626198
1,4631,16170.260000677708
1,4632,15926.982972268135
1,4633,15497.218944372644
1,4634,15338.365290505706
1,4635,15584.68899428673
1,4636,16577.539564331975
1,4637,19477.121448839982
1,4638,26337.03101670999
1,4639,39356.88866257951
1,4640,52771.38973105995
1,4641,59161.924181359995
1,4642,63349.698892479995
1,4643,63907.479255620005
1,4644,59316.23629931999
1,4645,56037.256275
1,4646,55743.88027208
1,4647,53576.49643345998
1,4648,48469.996636708034
1,4649,42219.608627283116
1,4650,33153.00738941133
1,4651,25943.903191999816
1,4652,22363.968230295304
1,4653,20534.683403774605
1,4654,18780.712392435922
1,4655,17201.37681338825
1,4656,15926.982972268126
1,4657,15497.218944372635
1,4658,15338.365290505697
1,4659,15584.688994286727
1,4660,16577.539564331975
1,4661,19477.121448839982
1,4662,26336.067981372787
1,4663,39355.46380676118
1,4664,52722.95500650406
1,4665,59110.04760036527
1,4666,63294.15022953402
1,4667,63851.441498740955
1,4668,59264.22440857673
1,4669,55988.11958270853
1,4670,55695.00082875713
1,4671,53524.29759301559
1,4672,48462.24646336605
1,4673,42219.6086272831
1,4674,33153.00738941132
1,4675,25943.9031919998
1,4676,22363.968230295293
1,4677,20534.6834037746
1,4678,18780.712392435922
1,4679,17201.37681338825
1,4680,15926.982972268128
1,4681,15497.218944372635
1,4682,15338.365290505695
1,4683,15584.688994286715
1,4684,16577.539564331964
1,4685,19477.12144883995
1,4686,26335.06584293915
1,4687,39353.60110536839
1,4688,52719.97529495507
1,4689,59104.283535810035
1,4690,63287.978155873054
1,4691,63845.21508130965
1,4692,59258.445309604984
1,4693,55982.65995023146
1,4694,55689.569779498815
1,4695,53524.29759301556
1,4696,48462.24646336605
1,4697,42219.60862728311
1,4698,33153.00738941132
1,4699,25943.90319199979
1,4700,22363.96823029528
1,4701,20534.68340377459
1,4702,18780.71239243592
1,4703,17201.376813388248
1,4704,15926.982972268128
1,4705,15497.218944372637
1,4706,15338.365290505693
1,4707,15584.688994286715
1,4708,16577.53956433196
1,4709,19477.121448839946
1,4710,26335.06584293915
1,4711,39353.6011053684
1,4712,52719.975294955075
1,4713,59104.283535810035
1,4714,63287.978155873054
1,4715,63845.215081309645
1,4716,59258.44530960498
1,4717,55982.65995023143
1,4718,55689.56977949879
1,4719,53524.29759301553
1,4720,48462.24646336604
1,4721,42219.608627283094
1,4722,33153.00738941132
1,4723,25943.903191999794
1,4724,22363.96823029528
1,4725,20534.683403774594
1,4726,18780.71239243592
1,4727,17201.376813388248
1,4728,15926.982972268128
1,4729,15497.218944372635
1,4730,15338.365290505695
1,4731,15584.688994286715
1,4732,16577.53956433196
1,4733,19477.121448839946
1,4734,26335.06584293917
1,4735,39353.6011053685
1,4736,52721.48738591527
1,4737,59106.53265394315
1,4738,63290.97372938464
1,4739,63848.82358688386
1,4740,59262.33359981336
1,4741,55986.83748506697
1,4742,55694.222025836214
1,4743,53524.29759301556
1,4744,48462.24646336605
1,4745,42219.60862728311
1,4746,33153.00738941132
1,4747,25943.903191999787
1,4748,22363.968230295275
1,4749,20534.68340377459
1,4750,18780.71239243592
1,4751,17201.37681338825
1,4752,16426.576799677052
1,4753,15969.17942616259
1,4754,15649.065244885265
1,4755,15541.243403489962
1,4756,16180.55776343318
1,4757,17478.65473894312
1,4758,19028.86347668746
1,4759,21381.822653698335
1,4760,26708.255986411954
1,4761,32957.83577085996
1,4762,36811.97914393995
1,4763,37319.135373519945
1,4764,34954.134435219945
1,4765,31267.721625139948
1,4766,28112.496259847947
1,4767,27312.703032042642
1,4768,26246.377122876544
1,4769,25531.139612676976
1,4770,23548.454681204206
1,4771,21905.047519095115
1,4772,20158.358061894185
1,4773,19297.032467634053
1,4774,18229.446950727357
1,4775,17014.28047882805
1,4776,15966.132750791146
1,4777,15409.444226921421
1,4778,15092.955589336112
1,4779,15128.479824167118
1,4780,15185.604987381643
1,4781,15015.204433856949
1,4782,15417.876207084973
1,4783,16321.641674339262
1,4784,17549.221856165997
1,4785,18691.101032604
1,4786,20147.307284103998
1,4787,20938.660080338
1,4788,20936.250859524003
1,4789,20724.025952630003
1,4790,20437.35917223
1,4791,20440.683287023985
1,4792,21081.703043464066
1,4793,20831.39911819926
1,4794,20505.222052932768
1,4795,19725.27315784383
1,4796,18835.065081062436
1,4797,18062.702407648383
1,4798,17256.643504626194
1,4799,16170.260000677705
1,4800,15926.982972268126
1,4801,15497.218944372638
1,4802,15338.365290505697
1,4803,15584.688994286724
1,4804,16577.53956433197
1,4805,19477.12144883997
1,4806,26335.06584293927
1,4807,39355.463806761174
1,4808,52722.955006504075
1,4809,59108.16171057059
1,4810,63295.46718962346
1,4811,63852.7700543789
1,4812,59265.45751808247
1,4813,55989.28452636814
1,4814,55696.159673500835
1,4815,53530.63126463606
1,4816,48467.98112909533
1,4817,42219.60862728312
1,4818,33153.00738941133
1,4819,25943.90319199982
1,4820,22363.968230295304
1,4821,20534.683403774605
1,4822,18780.712392435926
1,4823,17201.376813388255
1,4824,15926.982972268135
1,4825,15497.218944372646
1,4826,15338.36529050571
1,4827,15584.688994286733
1,4828,16577.539564331983
1,4829,19477.121448840004
1,4830,26337.031016709974
1,4831,39356.88866257949
1,4832,52771.38973105816
1,4833,59161.924181359966
1,4834,63349.69889247999
1,4835,63907.47925562
1,4836,59316.23629931998
1,4837,56037.25627499999
1,4838,55743.88027207999
1,4839,53576.49643345997
1,4840,48469.996636708034
1,4841,42219.60862728313
1,4842,33153.00738941133
1,4843,25943.903191999823
1,4844,22363.968230295304
1,4845,20534.683403774605
1,4846,18780.712392435922
1,4847,17201.376813388255
1,4848,15926.982972268137
1,4849,15497.21894437265
1,4850,15338.365290505715
1,4851,15584.688994286736
1,4852,16577.539564331986
1,4853,19477.12144883999
1,4854,26336.793839313665
1,4855,39356.537747529925
1,4856,52724.37946458847
1,4857,59161.92418135997
1,4858,63349.69889247999
1,4859,63907.479255620005
1,4860,59316.23629931999
1,4861,56037.256275
1,4862,55743.88027207999
1,4863,53576.49643345997
1,4864,48469.60151699953
1,4865,42219.60862728312
1,4866,33153.00738941133
1,4867,25943.90319199982
1,4868,22363.968230295304
1,4869,20534.6834037746
1,4870,18780.712392435922
1,4871,17201.376813388248
1,4872,15926.982972268128
1,4873,15497.218944372638
1,4874,15338.365290505704
1,4875,15584.688994286722
1,4876,16577.53956433197
1,4877,19477.12144883996
1,4878,26335.065842939188
1,4879,39355.8253548877
1,4880,52723.43455823236
1,4881,59161.92418135992
1,4882,63349.69889247998
1,4883,63907.47925561999
1,4884,59316.23629931998
1,4885,56037.25627499998
1,4886,55743.88027207997
1,4887,53531.08537521851
1,4888,48462.24646336615
1,4889,42219.60862728311
1,4890,33153.00738941134
1,4891,25943.903191999816
1,4892,22363.9682302953
1,4893,20534.683403774605
1,4894,18780.71239243592
1,4895,17201.376813388248
1,4896,15926.982972268128
1,4897,15497.218944372635
1,4898,15338.365290505695
1,4899,15584.688994286718
1,4900,16577.539564331968
1,4901,19477.121448839967
1,4902,26335.065842939195
1,4903,39353.601105368514
1,4904,52721.98146854049
1,4905,59107.08108490773
1,4906,63291.55516664309
1,4907,63851.441498740634
1,4908,59264.22440857649
1,4909,55988.1195827083
1,4910,55695.00082875693
1,4911,53529.51747706
1,4912,48462.246463366224
1,4913,42219.608627283116
1,4914,33153.00738941133
1,4915,25943.903191999823
1,4916,22363.968230295308
1,4917,20534.68340377461
1,4918,18780.71239243593
1,4919,17201.37681338826
1,4920,16426.57679967706
1,4921,15969.179426162618
1,4922,15649.065244885485
1,4923,15542.121788242515
1,4924,16181.619463651376
1,4925,17479.959030113187
1,4926,19029.20451088219
1,4927,21382.202059978117
1,4928,26708.255986411958
1,4929,32957.83577086
1,4930,36811.97914393999
1,4931,37319.135373519995
1,4932,34954.134435219996
1,4933,31267.721625139995
1,4934,28112.496259848
1,4935,27335.41580970199
1,4936,26271.97354381593
1,4937,25531.139612677005
1,4938,23548.454681204206
1,4939,21905.04751909512
1,4940,20158.35806189419
1,4941,19297.032467634057
1,4942,18229.44695072736
1,4943,17014.28047882805
1,4944,15966.132750791152
1,4945,15409.444226921425
1,4946,15092.955589336123
1,4947,15128.479824167145
1,4948,15186.323758898367
1,4949,15016.053087101
1,4950,15417.737361831934
1,4951,16321.49614683714
1,4952,17533.58850635217
1,4953,18674.61532120599
1,4954,20147.307284103994
1,4955,20938.660080338
1,4956,20936.250859524003
1,4957,20724.025952630003
1,4958,20437.35917223
1,4959,20440.683287023996
1,4960,21098.888512701888
1,4961,20831.399118199275
1,4962,20505.22205293277
1,4963,19725.273157843832
1,4964,18835.065081062436
1,4965,18062.70240764839
1,4966,17256.6435046262
1,4967,16170.260000677717
1,4968,15926.982972268246
1,4969,15498.094840880696
1,4970,15339.371729592327
1,4971,15585.851954053785
1,4972,16578.924434031473
1,4973,19478.92050388665
1,4974,26337.72855192408
1,4975,39357.92069854943
1,4976,52726.213788991954
1,4977,59161.92418135995
1,4978,63349.69889247998
1,4979,63907.47925562
1,4980,59316.23629931997
1,4981,56037.25627499998
1,4982,55743.88027207997
1,4983,53576.49643345938
1,4984,48471.15867792591
1,4985,42227.7036109195
1,4986,33153.00738941135
1,4987,25943.903191999827
1,4988,22363.96823029531
1,4989,20534.683403774612
1,4990,18780.712392435933
1,4991,17201.376813388266
1,4992,15926.982972268323
1,4993,15501.119379757234
1,4994,15342.335626578186
1,4995,15588.833632423639
1,4996,16582.0646632783
1,4997,19482.57346189191
1,4998,26342.61882309607
1,4999,39365.15608344497
1,5000,52735.810689312726
1,5001,59161.924181359944
1,5002,63349.69889247999
1,5003,63907.47925562
1,5004,59316.23629931998
1,5005,56037.25627499999
1,5006,55743.880272079994
1,5007,53576.49643345731
1,5008,48479.6045426403
1,5009,42234.73073504661
1,5010,33164.88204592113
1,5011,25953.195710633492
1,5012,22371.97849729195
1,5013,20542.03846237044
1,5014,18788.00167313368
1,5015,17208.153104230394
1,5016,15933.34889633435
1,5017,15503.501404127474
1,5018,15344.669891449428
1,5019,15591.181901310609
1,5020,16584.537801465445
1,5021,19485.450407881748
1,5022,26346.470235025048
1,5023,39391.98016753981
1,5024,52771.38973106
1,5025,59161.92418136
1,5026,63349.69889248001
1,5027,63907.47925562
1,5028,59316.23629931999
1,5029,56037.25627500001
1,5030,55743.88027208
1,5031,53576.496433459986
1,5032,48509.50860755999
1,5033,42240.669339023574
1,5034,33169.545343093465
1,5035,25956.84497626341
1,5036,22375.12420979355
1,5037,20544.926867935188
1,5038,18790.080910592227
1,5039,17210.277255385445
1,5040,15935.29620299959
1,5041,15505.377405836169
1,5042,15346.508279394448
1,5043,15593.031318344065
1,5044,16586.485561330075
1,5045,19487.716193093776
1,5046,26349.503476603066
1,5047,39391.980167539936
1,5048,52771.38973105999
1,5049,59161.924181359995
1,5050,63349.69889248001
1,5051,63907.479255620005
1,5052,59316.236299319986
1,5053,56037.25627500001
1,5054,55743.88027208001
1,5055,53576.496433459986
1,5056,48509.508607559976
1,5057,42219.60862728323
1,5058,33153.007389411345
1,5059,25943.90319199982
1,5060,22363.968230295304
1,5061,20534.68340377461
1,5062,18780.712392435926
1,5063,17201.37681338826
1,5064,15926.982972268157
1,5065,15497.218944372757
1,5066,15338.80521869927
1,5067,15585.28204447727
1,5068,16577.53956433218
1,5069,19477.121448840146
1,5070,26336.793839313686
1,5071,39356.53774752995
1,5072,52771.389731059775
1,5073,59161.92418135999
1,5074,63349.69889248
1,5075,63907.47925562001
1,5076,59316.23629931999
1,5077,56037.256275
1,5078,55743.88027208
1,5079,53576.496433459964
1,5080,48469.601516999544
1,5081,42219.60862728311
1,5082,33153.00738941133
1,5083,25943.90319199982
1,5084,22363.968230295304
1,5085,20534.683403774605
1,5086,18780.712392435926
1,5087,17201.376813388255
1,5088,16451.80327175259
1,5089,15908.124051718918
1,5090,15561.899862508346
1,5091,15675.784587892818
1,5092,16242.527140488302
1,5093,18219.118721218198
1,5094,19490.732011331933
1,5095,21718.851399687155
1,5096,26791.54183505799
1,5097,33478.71541013999
1,5098,36624.730842699995
1,5099,37372.19922436
1,5100,34845.262051599995
1,5101,31504.98413062
1,5102,28588.881555233987
1,5103,27644.63932774568
1,5104,25865.23803390925
1,5105,25363.176399449418
1,5106,23316.41988491524
1,5107,21642.02803427861
1,5108,20267.398573438066
1,5109,19550.637725552824
1,5110,17979.497703254325
1,5111,16801.988138946035
1,5112,15955.530320498538
1,5113,15447.493782212314
1,5114,15149.67265960259
1,5115,15164.715257540793
1,5116,15362.868164033
1,5117,15584.757981470333
1,5118,15752.538663812575
1,5119,16392.066924788705
1,5120,17544.001062495576
1,5121,18630.628418410524
1,5122,20223.340700692304
1,5123,20912.71289625811
1,5124,20890.835633749073
1,5125,20538.788431757996
1,5126,20132.992634967508
1,5127,20399.38944014385
1,5128,20730.889297695423
1,5129,20741.491727988032
1,5130,20482.432921154385
1,5131,19932.081482057245
1,5132,19689.10912118481
1,5133,18764.90014725814
1,5134,17212.619045508865
1,5135,15973.749439219748
1,5136,15785.43443451097
1,5137,15451.640680815877
1,5138,15277.005248524867
1,5139,15531.829176592211
1,5140,16743.065437262354
1,5141,20095.200481444215
1,5142,27148.741434389947
1,5143,40598.472662139255
1,5144,54847.773374369586
1,5145,61197.04484845299
1,5146,65294.213887967126
1,5147,65569.96179868697
1,5148,60772.28740989468
1,5149,57213.329715366395
1,5150,57033.45828584159
1,5151,54494.66369881957
1,5152,49116.36766561449
1,5153,42792.992932188325
1,5154,33525.61578733858
1,5155,26427.71524098467
1,5156,22998.13370886078
1,5157,21140.301534109673
1,5158,18695.953883602426
1,5159,17071.375175288857
1,5160,15785.434434510973
1,5161,15451.640680815875
1,5162,15277.005248524867
1,5163,15531.82917659221
1,5164,16743.065437262358
1,5165,20095.200481444215
1,5166,27148.741434389947
1,5167,40598.472662139255
1,5168,54847.77337436959
1,5169,61197.04484845299
1,5170,65294.21388796712
1,5171,65569.32867400828
1,5172,60771.11963152569
1,5173,57211.688795070986
1,5174,57033.45828584152
1,5175,54494.66369881957
1,5176,49116.36766561448
1,5177,42792.99293218832
1,5178,33525.615787338575
1,5179,26427.715240984653
1,5180,22998.133708860772
1,5181,21140.30153410967
1,5182,18695.953883602426
1,5183,17071.37517528886
1,5184,15785.434434510973
1,5185,15451.640680815884
1,5186,15277.005248524876
1,5187,15531.82917659222
1,5188,16743.065437262365
1,5189,20095.20048144423
1,5190,27148.741434389998
1,5191,40601.13656334191
1,5192,54851.866221764285
1,5193,61256.726430899966
1,5194,65357.89117857999
1,5195,65633.27426656001
1,5196,60830.38583622
1,5197,57267.48371344001
1,5198,57089.07938734
1,5199,54547.808875559975
1,5200,49123.41753701065
1,5201,42792.992932188325
1,5202,33525.61578733859
1,5203,26427.715240984675
1,5204,22998.13370886079
1,5205,21140.301534109676
1,5206,18695.953883602433
1,5207,17071.375175288867
1,5208,15785.434434511033
1,5209,15452.514001259025
1,5210,15278.007661423342
1,5211,15532.988191857
1,5212,16744.464134814007
1,5213,20097.05662697042
1,5214,27151.48641320176
1,5215,40602.92889691182
1,5216,54901.262916499974
1,5217,61256.726430899995
1,5218,65357.89117858
1,5219,65633.27426656001
1,5220,60830.385836220004
1,5221,57267.48371344001
1,5222,57089.07938734
1,5223,54547.80887555998
1,5224,49125.400173163776
1,5225,42792.99293218833
1,5226,33525.61578733858
1,5227,26427.71524098467
1,5228,22998.13370886078
1,5229,21140.301534109673
1,5230,18695.95388360243
1,5231,17071.375175288857
1,5232,15785.434434510984
1,5233,15451.789878851368
1,5234,15277.29881159204
1,5235,15532.27465363127
1,5236,16743.065437262438
1,5237,20095.200481444277
1,5238,27150.27587020747
1,5239,40601.13656334197
1,5240,54851.86622176435
1,5241,61256.72643089996
1,5242,65357.89117857998
1,5243,65633.27426656001
1,5244,60830.38583621999
1,5245,57267.48371344
1,5246,57089.079387339996
1,5247,54547.8088755599
1,5248,49116.367665614605
1,5249,42792.992932188325
1,5250,33525.61578733858
1,5251,26427.715240984675
1,5252,22998.133708860783
1,5253,21140.301534109673
1,5254,18695.95388360243
1,5255,17071.375175288864
1,5256,16451.803271752597
1,5257,15908.124051718918
1,5258,15561.899862508346
1,5259,15675.784587892818
1,5260,16242.5271404883
1,5261,18219.11872121819
1,5262,19490.73201133197
1,5263,21718.851399687203
1,5264,26791.541835057975
1,5265,33478.715410139994
1,5266,36624.730842699995
1,5267,37372.19922436
1,5268,34845.2620516
1,5269,31504.984130620003
1,5270,28588.881555234
1,5271,27667.400338577994
1,5272,25869.37445128404
1,5273,25363.176399449425
1,5274,23316.419884915245
1,5275,21642.02803427861
1,5276,20267.398573438066
1,5277,19550.637725552824
1,5278,17979.497703254325
1,5279,16801.98813894604
1,5280,15955.530320498538
1,5281,15447.405802049581
1,5282,15149.44095072264
1,5283,15164.339193288984
1,5284,15362.34262567895
1,5285,15584.079659212442
1,5286,15752.88316117928
1,5287,16392.421855623597
1,5288,17559.865122799984
1,5289,18647.308107427998
1,5290,20241.266895850003
1,5291,20931.066460304
1,5292,20909.169997716
1,5293,20556.813829552
1,5294,20150.661895363995
1,5295,20417.292497601993
1,5296,20734.204620391225
1,5297,20741.491727988036
1,5298,20482.43292115439
1,5299,19932.08148205725
1,5300,19689.10912118482
1,5301,18764.900147258148
1,5302,17212.61904550887
1,5303,15973.749439219748
1,5304,15785.434434510973
1,5305,15451.640680815877
1,5306,15277.005248524867
1,5307,15531.829176592211
1,5308,16743.065437262365
1,5309,20095.200481444223
1,5310,27148.741434389965
1,5311,40598.472662139306
1,5312,54850.16071236394
1,5313,61200.27308223808
1,5314,65298.2546190181
1,5315,65575.72323326339
1,5316,60777.04625199497
1,5317,57217.26828690773
1,5318,57039.020395991356
1,5319,54499.97821649361
1,5320,49116.36766561455
1,5321,42792.99293218833
1,5322,33525.61578733859
1,5323,26427.71524098467
1,5324,22998.133708860783
1,5325,21140.301534109673
1,5326,18695.95388360243
1,5327,17071.375175288864
1,5328,15785.43443451098
1,5329,15451.640680816046
1,5330,15277.298811592025
1,5331,15532.274653631259
1,5332,16743.702567599204
1,5333,20095.200481444717
1,5334,27150.27587020748
1,5335,40601.13656334194
1,5336,54851.86622176433
1,5337,61256.72643089992
1,5338,65357.89117857999
1,5339,65633.27426656
1,5340,60830.38583622
1,5341,57267.48371344
1,5342,57089.079387339996
1,5343,54502.032305485016
1,5344,49116.36766561459
1,5345,42792.99293218833
1,5346,33525.6157873386
1,5347,26427.71524098468
1,5348,22998.13370886079
1,5349,21140.301534109687
1,5350,18695.953883602462
1,5351,17071.703218984396
1,5352,15785.887185343692
1,5353,15452.228668067688
1,5354,15277.728346237853
1,5355,15532.707029256584
1,5356,16744.16404687088
1,5357,20096.70002434052
1,5358,27151.009410843773
1,5359,40602.22264579709
1,5360,54853.3189712496
1,5361,61256.72643089992
1,5362,65357.89117857999
1,5363,65633.27426656
1,5364,60830.38583622
1,5365,57267.48371344001
1,5366,57089.07938734
1,5367,54547.80887555994
1,5368,49124.618935219696
1,5369,42792.99293218834
1,5370,33525.61578733859
1,5371,26427.71524098468
1,5372,22998.133708860787
1,5373,21140.30153410968
1,5374,18695.953883602433
1,5375,17071.37517528887
1,5376,15785.434434510995
1,5377,15451.640680815914
1,5378,15277.005248524894
1,5379,15531.829176592226
1,5380,16743.065437262365
1,5381,20095.20048144422
1,5382,27148.741434389955
1,5383,40598.47266213927
1,5384,54848.30297379663
1,5385,61198.22081140485
1,5386,65296.08662766436
1,5387,65571.82380900143
1,5388,60773.99607601853
1,5389,57214.922376438895
1,5390,57033.458285841574
1,5391,54494.66369881957
1,5392,49116.36766561449
1,5393,42792.99293218832
1,5394,33525.61578733858
1,5395,26427.715240984675
1,5396,22998.133708860787
1,5397,21140.301534109676
1,5398,18695.95388360243
1,5399,17071.37517528886
1,5400,15785.434434510973
1,5401,15451.64068081588
1,5402,15277.00524852487
1,5403,15531.829176592213
1,5404,16743.06543726236
1,5405,20095.20048144422
1,5406,27148.74143438995
1,5407,40598.47266213925
1,5408,54847.77337436959
1,5409,61197.044848452984
1,5410,65294.21388796706
1,5411,65569.32867400824
1,5412,60771.706425631404
1,5413,57212.78817538567
1,5414,57033.458285842076
1,5415,54494.66369881958
1,5416,49116.36766561449
1,5417,42792.992932188325
1,5418,33525.61578733858
1,5419,26427.71524098466
1,5420,22998.13370886078
1,5421,21140.301534109676
1,5422,18695.953883602426
1,5423,17071.375175288857
1,5424,15955.530320498532
1,5425,15447.40580204957
1,5426,15149.440950722634
1,5427,15164.339193288983
1,5428,15362.34262567895
1,5429,15584.079659212439
1,5430,15751.707738149185
1,5431,16391.828393120573
1,5432,17543.748298232826
1,5433,18630.362658622907
1,5434,20223.93897810268
1,5435,20913.14802664794
1,5436,20891.27030893914
1,5437,20539.215781909123
1,5438,20133.411541733785
1,5439,20399.813889823054
1,5440,20730.889297695445
1,5441,20741.491727988032
1,5442,20482.432921154388
1,5443,19932.08148205725
1,5444,19689.109121184814
1,5445,18764.900147258148
1,5446,17212.61904550887
1,5447,15973.749439219751
1,5448,15955.530320498534
1,5449,15447.405802049578
1,5450,15149.440950722636
1,5451,15164.33919328898
1,5452,15362.34262567895
1,5453,15584.079659212444
1,5454,15752.883161179268
1,5455,16392.42185562359
1,5456,17559.865122799973
1,5457,18647.308107427998
1,5458,20241.266895850003
1,5459,20931.066460304002
1,5460,20909.169997716
1,5461,20556.813829552
1,5462,20150.661895363995
1,5463,20417.292497601997
1,5464,20734.204620391225
1,5465,20741.491727988032
1,5466,20482.432921154385
1,5467,19932.081482057245
1,5468,19689.109121184814
1,5469,18764.900147258144
1,5470,17212.61904550887
1,5471,15973.749439219748
1,5472,15785.434434510971
1,5473,15451.640680815877
1,5474,15277.005248524867
1,5475,15531.82917659221
1,5476,16743.065437262358
1,5477,20095.200481444215
1,5478,27148.741434389947
1,5479,40598.472662139255
1,5480,54847.7733743696
1,5481,61197.044848452984
1,5482,65294.21388796706
1,5483,65569.96179868674
1,5484,60772.28740989445
1,5485,57213.32971536621
1,5486,57033.45828584153
1,5487,54494.66369881957
1,5488,49116.36766561448
1,5489,42792.99293218832
1,5490,33525.61578733858
1,5491,26427.715240984668
1,5492,22998.133708860783
1,5493,21140.301534109673
1,5494,18695.95388360243
1,5495,17071.37517528886
1,5496,15785.434434510973
1,5497,15451.640680815875
1,5498,15277.005248524867
1,5499,15531.82917659221
1,5500,16743.065437262358
1,5501,20095.200481444215
1,5502,27148.741434389947
1,5503,40598.47266213926
1,5504,54847.77337436967
1,5505,61198.22081140487
1,5506,65296.086627664394
1,5507,65571.82380900146
1,5508,60773.99607601856
1,5509,57214.92237643893
1,5510,57037.20058174967
1,5511,54494.663698819655
1,5512,49116.36766561449
1,5513,42792.99293218831
1,5514,33525.615787338545
1,5515,26427.71524098463
1,5516,22998.133708860758
1,5517,21140.30153410966
1,5518,18695.953883602422
1,5519,17071.375175288857
1,5520,15785.43443451097
1,5521,15451.640680815875
1,5522,15277.005248524873
1,5523,15531.829176592219
1,5524,16743.06543726236
1,5525,20095.20048144422
1,5526,27148.741434389958
1,5527,40598.47266213946
1,5528,54851.37225481691
1,5529,61256.72643089977
1,5530,65357.89117857982
1,5531,65633.27426655983
1,5532,60830.38583621984
1,5533,57267.483713439855
1,5534,57089.07938733985
1,5535,54501.57453978416
1,5536,49116.367665614496
1,5537,42792.99293218832
1,5538,33525.615787338575
1,5539,26427.71524098466
1,5540,22998.133708860776
1,5541,21140.30153410967
1,5542,18695.953883602426
1,5543,17071.37517528886
1,5544,15785.434434510971
1,5545,15451.640680815877
1,5546,15277.005248524865
1,5547,15531.829176592211
1,5548,16743.06543726236
1,5549,20095.200481444223
1,5550,27148.741434389955
1,5551,40598.47266213926
1,5552,54847.773374369644
1,5553,61199.94145301958
1,5554,65300.58161702655
1,5555,65575.72323326336
1,5556,60777.046251994936
1,5557,57217.268286907696
1,5558,57039.0203959913
1,5559,54499.97821649356
1,5560,49116.36766561449
1,5561,42792.992932188325
1,5562,33525.615787338575
1,5563,26427.715240984664
1,5564,22998.13370886078
1,5565,21140.301534109673
1,5566,18695.953883602426
1,5567,17071.37517528886
1,5568,15785.434434510975
1,5569,15451.640680815886
1,5570,15277.005248524887
1,5571,15531.979148912409
1,5572,16743.387172154962
1,5573,20095.776843076004
1,5574,27149.77453593513
1,5575,40600.39428632218
1,5576,54850.87334819998
1,5577,61201.06034141809
1,5578,65300.58161702926
1,5579,65575.72323326433
1,5580,60777.04625199583
1,5581,57217.268286908555
1,5582,57039.02039599217
1,5583,54499.97821649373
1,5584,49116.3676656146
1,5585,42792.992932188325
1,5586,33525.61578733859
1,5587,26427.715240984682
1,5588,22998.133708860787
1,5589,21140.30153410968
1,5590,18695.953883602437
1,5591,17071.375175289068
1,5592,16453.030937271637
1,5593,15909.45299917172
1,5594,15563.337277916997
1,5595,15677.369548899584
1,5596,16244.309978843969
1,5597,18221.274637697123
1,5598,19491.749252152396
1,5599,21719.97369522739
1,5600,26769.280957920444
1,5601,33451.17363191847
1,5602,36594.89926247917
1,5603,37342.0602062828
1,5604,34818.52476633168
1,5605,31480.809890035252
1,5606,28566.944883312513
1,5607,27646.17073283161
1,5608,25870.59661891611
1,5609,25368.430970723915
1,5610,23316.419884915264
1,5611,21642.02803427863
1,5612,20267.39857343808
1,5613,19550.637725552835
1,5614,17979.49770325434
1,5615,16801.988138946046
1,5616,15955.530320498565
1,5617,15451.622413293291
1,5618,15153.681564512117
1,5619,15168.688373720335
1,5620,15366.853306461968
1,5621,15588.760618293496
1,5622,15756.544298122955
1,5623,16407.037715067912
1,5624,17559.865122799998
1,5625,18647.308107428
1,5626,20241.266895850003
1,5627,20931.066460304
1,5628,20909.169997716002
1,5629,20556.813829552
1,5630,20150.661895364
1,5631,20417.292497601997
1,5632,20751.106814438
1,5633,20749.542037909312
1,5634,20490.382683645727
1,5635,19939.817638906898
1,5636,19696.750974170845
1,5637,18772.183290814326
1,5638,17219.596915978298
1,5639,15980.315205120061
1,5640,15792.010976279253
1,5641,15458.163617779332
1,5642,15283.53812102004
1,5643,15538.555230394384
1,5644,16750.405896419245
1,5645,20104.117383202713
1,5646,27160.931092207382
1,5647,40616.912716832776
1,5648,54872.96848592015
1,5649,61256.72643089983
1,5650,65357.89117857984
1,5651,65633.27426655985
1,5652,60830.38583621986
1,5653,57267.48371343987
1,5654,57089.079387339865
1,5655,54547.80887555983
1,5656,49140.868737386205
1,5657,42792.992932188405
1,5658,33525.61578733862
1,5659,26427.715240984697
1,5660,22998.1337088608
1,5661,21140.30153410969
1,5662,18695.953883602444
1,5663,17071.375175288886
1,5664,15785.434434511322
1,5665,15452.793712259356
1,5666,15278.281472996305
1,5667,15533.263814443515
1,5668,16744.698281859317
1,5669,20095.20048144428
1,5670,27148.741434390053
1,5671,40603.62123208968
1,5672,54855.18972747725
1,5673,61207.32560291588
1,5674,65305.182943458116
1,5675,65580.34394721406
1,5676,60781.32883298149
1,5677,57221.30003244948
1,5678,57043.03958151125
1,5679,54503.81849148009
1,5680,49116.36766561454
1,5681,42792.99293218834
1,5682,33525.6157873386
1,5683,26427.715240984686
1,5684,22998.13370886079
1,5685,21140.301534109687
1,5686,18695.95388360245
1,5687,17075.671803996025
1,5688,15789.520494437733
1,5689,15455.74993569209
1,5690,15281.175346269789
1,5691,15536.176828046475
1,5692,16747.867401372423
1,5693,20101.100820790183
1,5694,27156.89604797846
1,5695,40610.93841830593
1,5696,54864.97723344328
1,5697,61216.64110871737
1,5698,65357.89117857977
1,5699,65633.27426655995
1,5700,60830.38583621996
1,5701,57267.48371343997
1,5702,57089.079387339974
1,5703,54547.80887555996
1,5704,49164.26773257997
1,5705,42834.72621427997
1,5706,33558.31118639998
1,5707,26453.488509447983
1,5708,23020.562324759987
1,5709,21160.91832454599
1,5710,18714.186857365992
1,5711,17088.023800848
1,5712,15800.82896392
1,5713,15466.709682423998
1,5714,15291.903939311998
1,5715,15546.976380936001
1,5716,16759.393883232
1,5717,20114.798051348003
1,5718,27175.217873804006
1,5719,40638.065768299995
1,5720,54901.2629165
1,5721,61256.726430899995
1,5722,65357.89117858
1,5723,65633.27426656001
1,5724,60830.38583622
1,5725,57267.48371344001
1,5726,57089.07938734
1,5727,54547.80887556
1,5728,49164.267732579996
1,5729,42814.74136482925
1,5730,33542.65431506787
1,5731,26441.146444211827
1,5732,23009.928256595973
1,5733,21151.240078718598
1,5734,18705.712403382982
1,5735,17080.362346277238
1,5736,15793.814768058268
1,5737,15459.911785476668
1,5738,15285.249417845873
1,5739,15540.277845886223
1,5740,16752.244462924802
1,5741,20106.302201573926
1,5742,27163.343631006912
1,5743,40620.48472897894
1,5744,54877.74642776257
1,5745,61230.74742352757
1,5746,65330.44730399596
1,5747,65605.71475821255
1,5748,60804.84306778482
1,5749,57243.43701284374
1,5750,57033.458285841516
1,5751,54494.66369881957
1,5752,49116.36766561447
1,5753,42792.99293218831
1,5754,33525.615787338575
1,5755,26427.715240984668
1,5756,22998.13370886078
1,5757,21140.301534109673
1,5758,18695.95388360243
1,5759,17071.37517528886
1,5760,16451.8032717526
1,5761,15908.277657469242
1,5762,15562.198900112919
1,5763,15676.23419379716
1,5764,16243.145223647996
1,5765,18219.98107629787
1,5766,19490.379209615403
1,5767,21718.462162659813
1,5768,26767.43649497616
1,5769,33448.89161090757
1,5770,36592.61617026104
1,5771,37339.42912861327
1,5772,34814.70771983869
1,5773,31477.358746835078
1,5774,28563.813178063232
1,5775,27640.444372586866
1,5776,25865.238033909212
1,5777,25363.176399449414
1,5778,23316.419884915234
1,5779,21642.028034278606
1,5780,20267.39857343806
1,5781,19550.637725552817
1,5782,17979.49770325432
1,5783,16801.988138946028
1,5784,15955.53032049853
1,5785,15447.405802049572
1,5786,15149.440950722628
1,5787,15164.339193288975
1,5788,15362.342625678939
1,5789,15584.079659212428
1,5790,15751.707738149415
1,5791,16391.210833660436
1,5792,17543.093890527256
1,5793,18629.674605450506
1,5794,20222.315607403856
1,5795,20911.66336426557
1,5796,20889.97910858699
1,5797,20538.133147368204
1,5798,20131.029383812504
1,5799,20397.40021153747
1,5800,20730.889297695416
1,5801,20741.49172798803
1,5802,20482.43292115438
1,5803,19932.081482057245
1,5804,19689.109121184814
1,5805,18764.90014725814
1,5806,17212.619045508865
1,5807,15973.749439219746
1,5808,15785.434434510973
1,5809,15451.640680815877
1,5810,15277.005248524867
1,5811,15531.82917659221
1,5812,16743.065437262358
1,5813,20095.200481444215
1,5814,27148.74143438994
1,5815,40598.47266213924
1,5816,54847.77337436958
1,5817,61197.04484845297
1,5818,65294.21388796705
1,5819,65569.32867400821
1,5820,60771.11963152553
1,5821,57211.68879507083
1,5822,57033.4582858415
1,5823,54494.66369881955
1,5824,49116.367665614474
1,5825,42792.99293218832
1,5826,33525.615787338575
1,5827,26427.71524098467
1,5828,22998.133708860783
1,5829,21140.301534109676
1,5830,18695.95388360243
1,5831,17071.37517528886
1,5832,15548.829625164853
1,5833,15130.917164464267
1,5834,15052.861341447944
1,5835,15380.592211153871
1,5836,16815.332577072943
1,5837,20701.123279316434
1,5838,29509.853913749415
1,5839,44877.528221328364
1,5840,59437.58982144571
1,5841,65041.64449967459
1,5842,68711.97431964977
1,5843,68533.74381042048
1,5844,63372.980398736654
1,5845,59213.62159625461
1,5846,58370.948773904194
1,5847,55259.07454951416
1,5848,49824.71968947455
1,5849,43391.0553076022
1,5850,34293.377980941565
1,5851,28195.944693061534
1,5852,24714.752480145457
1,5853,21241.116022150647
1,5854,18492.771103081017
1,5855,16813.535038603794
1,5856,15548.829625164852
1,5857,15130.917164464263
1,5858,15052.861341447944
1,5859,15380.59221115387
1,5860,16815.332577072943
1,5861,20701.123279316438
1,5862,29509.85391374942
1,5863,44877.52822132837
1,5864,59437.58982144572
1,5865,65044.1195544981
1,5866,68715.22662405581
1,5867,68540.42747021401
1,5868,63379.16076212433
1,5869,59218.82451841117
1,5870,58375.82501974122
1,5871,55259.07454951423
1,5872,49824.71968947455
1,5873,43391.05530760222
1,5874,34293.377980941616
1,5875,28195.944693061578
1,5876,24714.752480145547
1,5877,21241.116022150665
1,5878,18492.771103081017
1,5879,16813.535038603794
1,5880,15548.829625164848
1,5881,15130.917164464265
1,5882,15052.861341447942
1,5883,15380.592211153871
1,5884,16815.332577072943
1,5885,20701.123279316434
1,5886,29509.853913749415
1,5887,44877.52822132839
1,5888,59438.73197469418
1,5889,65043.50999528856
1,5890,68714.58904295163
1,5891,68536.98767874406
1,5892,63376.56221379833
1,5893,59216.93515811926
1,5894,58370.94877390419
1,5895,55259.07454951416
1,5896,49824.719689474536
1,5897,43391.0553076022
1,5898,34293.37798094167
1,5899,28195.944693061654
1,5900,24714.752480145587
1,5901,21241.11602215066
1,5902,18492.771103081017
1,5903,16813.535038603794
1,5904,15548.829625164852
1,5905,15130.917164464265
1,5906,15052.861341447946
1,5907,15380.592211153878
1,5908,16815.494942652254
1,5909,20701.123279316595
1,5910,29509.853913749434
1,5911,44877.52822132839
1,5912,59437.589821445756
1,5913,65045.320626952656
1,5914,68716.48291071308
1,5915,68573.24410664594
1,5916,63409.50622323181
1,5917,59247.178042103274
1,5918,58404.59161375704
1,5919,55290.923821018834
1,5920,49830.61558026222
1,5921,43391.05530760225
1,5922,34293.37798094176
1,5923,28195.944693061705
1,5924,24714.7524801456
1,5925,21241.116022150673
1,5926,18492.771103081024
1,5927,16813.5350386038
1,5928,15861.357584767296
1,5929,15224.175897584086
1,5930,14992.110634541414
1,5931,15099.104469260117
1,5932,15905.351109815521
1,5933,18067.415800434064
1,5934,19983.492229265932
1,5935,21557.019585333946
1,5936,26375.332684733265
1,5937,32676.09205515573
1,5938,36251.91466508729
1,5939,36439.624728105795
1,5940,34644.381957406884
1,5941,30985.577386254998
1,5942,28105.45710574565
1,5943,26900.806060400362
1,5944,25719.14994984862
1,5945,25403.575314874728
1,5946,23346.79523836851
1,5947,22324.787985018575
1,5948,21153.0366371623
1,5949,19309.767570686687
1,5950,17482.310749388846
1,5951,16308.731396309717
1,5952,15401.5228709557
1,5953,14914.054811525177
1,5954,14579.45823535716
1,5955,14596.898267130897
1,5956,14823.322463168297
1,5957,15233.203433209059
1,5958,15994.523281627813
1,5959,16367.947156276043
1,5960,17455.26224442
1,5961,18700.829405258
1,5962,19975.856152252003
1,5963,20936.555824184
1,5964,21038.993453478004
1,5965,20976.048747654
1,5966,20337.33076375
1,5967,20501.188275567958
1,5968,20891.088806312902
1,5969,21188.286671209877
1,5970,20696.248598722126
1,5971,20717.81906035193
1,5972,20316.907048223988
1,5973,18198.4622621998
1,5974,16567.82066989706
1,5975,15394.850651892213
1,5976,15548.829625164852
1,5977,15130.917164464265
1,5978,15052.861341447948
1,5979,15380.592211153873
1,5980,16815.332577074227
1,5981,20701.123279316453
1,5982,29509.853913749434
1,5983,44877.5282213284
1,5984,59440.176938620134
1,5985,65045.0755417247
1,5986,68718.67536113082
1,5987,68540.42747021446
1,5988,63379.16076212468
1,5989,59218.8245184115
1,5990,58376.64132098778
1,5991,55264.46361531271
1,5992,49824.71968947455
1,5993,43391.055307602226
1,5994,34293.37798094174
1,5995,28195.944693061687
1,5996,24714.752480145584
1,5997,21241.116022150658
1,5998,18492.77110308102
1,5999,16813.535038603794
1,6000,15548.829625164852
1,6001,15130.917164464267
1,6002,15052.861341447951
1,6003,15380.740723159393
1,6004,16815.65570065158
1,6005,20701.123279316475
1,6006,29509.85391374944
1,6007,44877.52822132842
1,6008,59440.94920983393
1,6009,65045.91225911592
1,6010,68778.98473445994
1,6011,68600.58040835997
1,6012,63434.78403261996
1,6013,59270.79656497997
1,6014,58427.87424473996
1,6015,55265.61350187767
1,6016,49824.71968947457
1,6017,43391.05530760223
1,6018,34293.37798094176
1,6019,28195.944693061705
1,6020,24714.7524801456
1,6021,21241.116022150676
1,6022,18492.77110308106
1,6023,16814.33086399853
1,6024,15549.708438687581
1,6025,15131.90999167644
1,6026,15053.984615202442
1,6027,15381.877089167945
1,6028,16816.885769058426
1,6029,20703.216346684574
1,6030,29513.093021738456
1,6031,44882.83869787222
1,6032,59445.12750867409
1,6033,65105.07547543995
1,6034,68778.98473445998
1,6035,68600.58040836
1,6036,63434.78403261998
1,6037,59270.796564979995
1,6038,58427.874244739985
1,6039,55269.23670180181
1,6040,49824.71968947459
1,6041,43391.05530760224
1,6042,34293.37798094176
1,6043,28195.9446930617
1,6044,24714.752480145595
1,6045,21241.116022150665
1,6046,18492.771103081024
1,6047,16813.535038603797
1,6048,15548.82962516491
1,6049,15131.063265656176
1,6050,15053.150597363878
1,6051,15381.033350481384
1,6052,16815.97245741925
1,6053,20702.103113692043
1,6054,29509.853913749474
1,6055,44877.52822132849
1,6056,59442.02516985991
1,6057,65047.078008207485
1,6058,68721.26534885487
1,6059,68543.01073982568
1,6060,63381.54950503197
1,6061,59221.056459405125
1,6062,58378.84152033139
1,6063,55266.546517545896
1,6064,49824.719689474616
1,6065,43391.055307602226
1,6066,34293.37798094176
1,6067,28195.9446930617
1,6068,24714.75248014559
1,6069,21241.116022150665
1,6070,18492.77110308102
1,6071,16813.535038603797
1,6072,15548.829625164853
1,6073,15130.91716446427
1,6074,15052.861341447948
1,6075,15380.592211153875
1,6076,16815.332577072946
1,6077,20701.12327931645
1,6078,29509.853913749423
1,6079,44877.52822132838
1,6080,59437.58982144575
1,6081,65044.723078467796
1,6082,68715.85789247569
1,6083,68540.42747021436
1,6084,63379.16076212461
1,6085,59218.82451841141
1,6086,58376.64132098752
1,6087,55259.07454951426
1,6088,49824.71968947454
1,6089,43391.05530760219
1,6090,34293.37798094172
1,6091,28195.944693061665
1,6092,24714.75248014557
1,6093,21241.116022150654
1,6094,18492.771103081017
1,6095,16813.535038603794
1,6096,15861.357584767286
1,6097,15224.175897584082
1,6098,14992.110634541414
1,6099,15099.018473325292
1,6100,15905.107843101194
1,6101,18066.96775316842
1,6102,19982.8086269918
1,6103,21557.495741539296
1,6104,26375.90949542073
1,6105,32705.934961699983
1,6106,36284.695246799994
1,6107,36472.2485127
1,6108,34674.78680666
1,6109,31012.77116938
1,6110,28130.123217196
1,6111,26924.414937419988
1,6112,25722.841523720297
1,6113,25403.57531487473
1,6114,23346.79523836851
1,6115,22324.78798501857
1,6116,21153.0366371623
1,6117,19309.767570686687
1,6118,17482.31074938885
1,6119,16308.731396309715
1,6120,15401.522870955685
1,6121,14914.05481152513
1,6122,14578.768186898904
1,6123,14597.031036012875
1,6124,14823.455955386366
1,6125,15233.339257157098
1,6126,15994.664480478757
1,6127,16368.0902197836
1,6128,17455.26224442
1,6129,18700.829405258
1,6130,19975.856152252
1,6131,20936.555824183997
1,6132,21038.993453478008
1,6133,20976.048747654
1,6134,20337.330763750004
1,6135,20501.188275567998
1,6136,20907.950139075543
1,6137,21188.28667120988
1,6138,20696.248598722126
1,6139,20717.819060351932
1,6140,20316.907048223988
1,6141,18198.4622621998
1,6142,16567.820669897064
1,6143,15394.850651892215
1,6144,15548.829625164866
1,6145,15130.917164466053
1,6146,15053.150597363834
1,6147,15381.033350481346
1,6148,16815.97245741921
1,6149,20702.103113691985
1,6150,29509.853913749583
1,6151,44880.47289617855
1,6152,59442.02516985981
1,6153,65105.07547543998
1,6154,68778.98473446
1,6155,68600.58040836
1,6156,63434.78403262
1,6157,59270.79656498001
1,6158,58427.87424474
1,6159,55266.546517545816
1,6160,49824.71968947456
1,6161,43391.055307602226
1,6162,34293.37798094175
1,6163,28195.944693061694
1,6164,24714.75248014559
1,6165,21241.116022150665
1,6166,18492.77110308102
1,6167,16813.535038603794
1,6168,15548.829625164853
1,6169,15130.917164464265
1,6170,15052.861341447944
1,6171,15380.592211153871
1,6172,16815.332577072957
1,6173,20701.12327931644
1,6174,29509.85391374942
1,6175,44877.52822132839
1,6176,59440.17693861998
1,6177,65045.07554172455
1,6178,68718.67536113074
1,6179,68540.42747021439
1,6180,63379.16076212462
1,6181,59218.824518411435
1,6182,58376.641320987714
1,6183,55259.07454951445
1,6184,49824.71968947454
1,6185,43391.05530760217
1,6186,34293.377980941696
1,6187,28195.944693061647
1,6188,24714.75248014556
1,6189,21241.11602215066
1,6190,18492.771103081017
1,6191,16813.535038603794
1,6192,15548.82962516485
1,6193,15130.917164464267
1,6194,15052.861341447944
1,6195,15380.59221115387
1,6196,16815.332577072943
1,6197,20701.123279316434
1,6198,29509.853913749415
1,6199,44877.52822132837
1,6200,59437.58982144572
1,6201,65042.272529137634
1,6202,68713.29468955244
1,6203,68535.7094648789
1,6204,63375.391955240135
1,6205,59215.85254384148
1,6206,58370.94877390423
1,6207,55259.07454951415
1,6208,49824.71968947454
1,6209,43391.055307602146
1,6210,34293.37798094169
1,6211,28195.944693061647
1,6212,24714.75248014557
1,6213,21241.11602215066
1,6214,18492.77110308102
1,6215,16813.535038603794
1,6216,15548.82962516485
1,6217,15130.917164464263
1,6218,15052.861341447944
1,6219,15380.592211153871
1,6220,16815.332577072946
1,6221,20701.123279316445
1,6222,29509.853913749426
1,6223,44877.528221328386
1,6224,59437.5898214458
1,6225,65044.72307846779
1,6226,68715.85789247563
1,6227,68540.67318042852
1,6228,63379.3879697412
1,6229,59219.03681166072
1,6230,58376.85059509894
1,6231,55264.66173259461
1,6232,49824.719689474594
1,6233,43391.05530760223
1,6234,34293.37798094177
1,6235,28195.944693061705
1,6236,24714.752480145602
1,6237,21241.116022150676
1,6238,18492.771103081228
1,6239,16813.858127640924
1,6240,15549.275589803246
1,6241,15131.492947100141
1,6242,15053.573829886076
1,6243,15381.461515966432
1,6244,16816.435928547475
1,6245,20702.66803734887
1,6246,29509.853913749797
1,6247,44881.673451096605
1,6248,59443.599489521104
1,6249,65105.07547543988
1,6250,68778.98473445998
1,6251,68600.58040836
1,6252,63434.78403261999
1,6253,59270.796564979995
1,6254,58427.87424473998
1,6255,55267.911684350685
1,6256,49824.719689474565
1,6257,43391.055307602226
1,6258,34293.37798094176
1,6259,28195.9446930617
1,6260,24714.752480145602
1,6261,21241.11602215068
1,6262,18492.77110308108
1,6263,16814.017276962193
1,6264,15861.96116313464
1,6265,15224.89649475567
1,6266,14992.95798253335
1,6267,15100.00920747937
1,6268,15906.29471314518
1,6269,18068.477048085555
1,6270,19984.654391151613
1,6271,21558.26083326766
1,6272,26376.836319603302
1,6273,32705.934961699986
1,6274,36284.6952468
1,6275,36472.2485127
1,6276,34674.78680666
1,6277,31012.77116938
1,6278,28130.123217196004
1,6279,26924.41493741998
1,6280,25719.14994984864
1,6281,25403.575314874743
1,6282,23346.795238368522
1,6283,22324.78798501859
1,6284,21153.03663716232
1,6285,19309.767570686734
1,6286,17482.97601051309
1,6287,16309.503328123626
1,6288,15402.393358760577
1,6289,14915.033409140788
1,6290,14579.85608290031
1,6291,14597.292643161974
1,6292,14823.718987793307
1,6293,15233.606883993258
1,6294,15994.942697997038
1,6295,16368.372111412054
1,6296,17455.26224441999
1,6297,18700.829405258
1,6298,19975.856152252
1,6299,20936.555824184
1,6300,21038.993453478004
1,6301,20976.048747653997
1,6302,20337.330763750004
1,6303,20501.188275567994
1,6304,20887.57981204874
1,6305,21188.286671209877
1,6306,20696.248598722126
1,6307,20717.819060351936
1,6308,20316.907048223988
1,6309,18198.4622621998
1,6310,16567.820669897064
1,6311,15394.850651892217
1,6312,15548.829625164855
1,6313,15130.917164464267
1,6314,15052.861341447946
1,6315,15380.592211153873
1,6316,16815.332577072964
1,6317,20701.12327931644
1,6318,29509.853913749423
1,6319,44877.528221328386
1,6320,59440.17693861979
1,6321,65045.075541724415
1,6322,68718.67536113078
1,6323,68540.42747021442
1,6324,63379.16076212465
1,6325,59218.82451841146
1,6326,58376.6413209877
1,6327,55259.074549514226
1,6328,49824.71968947455
1,6329,43391.05530760218
1,6330,34293.37798094171
1,6331,28195.94469306168
1,6332,24714.75248014559
1,6333,21241.116022150665
1,6334,18492.77110308102
1,6335,16813.535038603794
1,6336,15548.82962516485
1,6337,15130.917164464263
1,6338,15052.861341447944
1,6339,15380.592211153871
1,6340,16815.332577072943
1,6341,20701.123279316438
1,6342,29509.85391374942
1,6343,44877.52822132837
1,6344,59437.589821445756
1,6345,65044.72307846769
1,6346,68715.8578924756
1,6347,68540.42747021423
1,6348,63379.16076212446
1,6349,59218.824518411275
1,6350,58376.34035860245
1,6351,55259.07454951416
1,6352,49824.719689474536
1,6353,43389.516957954525
1,6354,34292.16217262455
1,6355,28194.94505796922
1,6356,24714.12358053254
1,6357,21240.78596546904
1,6358,18492.66515942584
1,6359,16813.535038603794
1,6360,15548.829625164848
1,6361,15130.917164464265
1,6362,15052.861341447944
1,6363,15380.59221115387
1,6364,16815.33257707294
1,6365,20701.12327931643
1,6366,29509.85391374941
1,6367,44877.528221328335
1,6368,59437.589821445676
1,6369,65041.64449967457
1,6370,68711.97431964976
1,6371,68533.74381042048
1,6372,63372.98039873633
1,6373,59213.04984657055
1,6374,58370.948773904165
1,6375,55259.07454951416
1,6376,49824.71968947452
1,6377,43389.51695795452
1,6378,34292.16217262455
1,6379,28194.945057969286
1,6380,24714.123580532625
1,6381,21240.785965469106
1,6382,18492.66515942592
1,6383,16813.535038603794
1,6384,15548.829625164852
1,6385,15130.917164464267
1,6386,15052.861341447948
1,6387,15380.592211153878
1,6388,16815.33257707295
1,6389,20701.12327931644
1,6390,29509.85391374943
1,6391,44877.52822132839
1,6392,59437.58982144577
1,6393,65043.50999528866
1,6394,68714.58904295175
1,6395,68538.24070674651
1,6396,63377.138667450134
1,6397,59216.93515811938
1,6398,58374.778830318704
1,6399,55259.074549514175
1,6400,49824.71968947454
1,6401,43390.20474526373
1,6402,34293.043539455175
1,6403,28195.944693061683
1,6404,24714.75248014559
1,6405,21241.11602215067
1,6406,18492.771103081035
1,6407,16814.017276962186
1,6408,15549.421310785021
1,6409,15131.633347473817
1,6410,15053.849046964888
1,6411,15381.60142099361
1,6412,16816.435928547475
1,6413,20702.481600050796
1,6414,29509.853913749503
1,6415,44877.52822132838
1,6416,59437.58982144571
1,6417,65041.6444996746
1,6418,68711.97431964979
1,6419,68533.74381042049
1,6420,63372.98039873631
1,6421,59213.049846570524
1,6422,58370.94877390417
1,6423,55259.07454951416
1,6424,49824.71968947454
1,6425,43391.0553076021
1,6426,34293.37798094157
1,6427,28195.944693061694
1,6428,24714.752480145595
1,6429,21241.116022150665
1,6430,18492.771103081024
1,6431,16813.535038603797
1,6432,15861.357584767291
1,6433,15224.175897584088
1,6434,14992.11063454144
1,6435,15099.018473325434
1,6436,15905.107843101207
1,6437,18066.967753168414
1,6438,19982.80862699176
1,6439,21556.081322050257
1,6440,26373.941420678744
1,6441,32674.07002102079
1,6442,36249.343569407
1,6443,36436.71410475064
1,6444,34641.00364082321
1,6445,30982.55585479667
1,6446,28102.716426695617
1,6447,26898.18285184263
1,6448,25719.149949848605
1,6449,25403.575314874728
1,6450,23346.795238368515
1,6451,22324.78798501857
1,6452,21153.036637162302
1,6453,19309.767570686687
1,6454,17482.310749388842
1,6455,16308.73139630971
1,6456,15401.52287095567
1,6457,14914.054811525088
1,6458,14578.768186897985
1,6459,14596.07330300777
1,6460,14822.349882844705
1,6461,15232.066786796113
1,6462,15993.187228089546
1,6463,16366.4354278448
1,6464,17438.255823517808
1,6465,18682.609445475526
1,6466,19956.39395152138
1,6467,20916.157627032768
1,6468,21018.495452759485
1,6469,20955.612073093096
1,6470,20317.516383298305
1,6471,20481.21425100581
1,6472,20887.579812048636
1,6473,21188.286671209877
1,6474,20696.248598722126
1,6475,20717.819060351932
1,6476,20316.90704822399
1,6477,18198.46226219981
1,6478,16567.980645549498
1,6479,15395.146479477626
1,6480,15549.27558980317
1,6481,15131.49294710006
1,6482,15052.861341447975
1,6483,15380.592211153877
1,6484,16815.332577072946
1,6485,20701.123279316434
1,6486,29509.853913749415
1,6487,44877.52822132836
1,6488,59437.5898214457
1,6489,65041.644499674585
1,6490,68711.97431964977
1,6491,68533.74381042046
1,6492,63372.98039873628
1,6493,59213.04984657051
1,6494,58370.94877390416
1,6495,55259.074549514145
1,6496,49822.24106637388
1,6497,43388.8967390698
1,6498,34291.67199324324
1,6499,28194.828175766048
1,6500,24714.02214347784
1,6501,21240.699648472037
1,6502,18492.590754855708
1,6503,16813.535038603786
1,6504,15548.82962516485
1,6505,15130.917164464263
1,6506,15052.861341447942
1,6507,15380.592211153871
1,6508,16815.332577072943
1,6509,20701.123279316434
1,6510,29509.853913749408
1,6511,44877.52822132834
1,6512,59437.5898214457
1,6513,65041.64449967458
1,6514,68711.97431964976
1,6515,68533.74381042046
1,6516,63372.98039873627
1,6517,59213.049846570495
1,6518,58370.94877390415
1,6519,55259.07454951413
1,6520,49822.241066373594
1,6521,43388.896739069765
1,6522,34291.671993243224
1,6523,28194.828175766026
1,6524,24714.022143477818
1,6525,21240.699648472022
1,6526,18492.590754855693
1,6527,16813.53503860378
1,6528,15548.82962516485
1,6529,15130.917164464263
1,6530,15052.861341447942
1,6531,15380.59221115387
1,6532,16815.332577072943
1,6533,20701.12327931643
1,6534,29509.8539137494
1,6535,44876.648520775474
1,6536,59437.010164466396
1,6537,65041.644499674585
1,6538,68711.97431964976
1,6539,68533.74381042046
1,6540,63372.98039873627
1,6541,59213.049846570524
1,6542,58370.948773904165
1,6543,55259.07454951415
1,6544,49824.71968947449
1,6545,43388.896739069874
1,6546,34292.0200143952
1,6547,28195.111484948142
1,6548,24714.268015374742
1,6549,21240.90887106678
1,6550,18492.771103081017
1,6551,16813.535038603794
1,6552,15685.808149864846
1,6553,15253.637248425917
1,6554,15144.596736882042
1,6555,15568.876749108938
1,6556,17014.280478828055
1,6557,20991.471442214777
1,6558,30748.266518732824
1,6559,48558.21673756646
1,6560,62771.56668041379
1,6561,68303.20430440738
1,6562,71580.03480950858
1,6563,70618.52893116848
1,6564,64674.733466699065
1,6565,60128.04111070904
1,6566,59005.48201358471
1,6567,56153.88310610643
1,6568,51197.856279383064
1,6569,45074.34345032347
1,6570,36887.01272464963
1,6571,29926.85237183857
1,6572,24929.177492787625
1,6573,21508.4008524872
1,6574,18684.742118235532
1,6575,16950.20889576665
1,6576,15685.808149864853
1,6577,15253.637248425923
1,6578,15144.596736882046
1,6579,15568.876749108937
1,6580,17014.280478828055
1,6581,20991.471442214777
1,6582,30748.266518732824
1,6583,48558.21673756646
1,6584,62771.56668041378
1,6585,68301.8918146539
1,6586,71589.42872666026
1,6587,70627.70481788197
1,6588,64686.79127708849
1,6589,60139.25124610411
1,6590,59018.365826323876
1,6591,56165.5166876605
1,6592,51208.46310483259
1,6593,45084.02441950642
1,6594,36895.21296989801
1,6595,29933.728420993986
1,6596,24935.08926753778
1,6597,21513.658595031706
1,6598,18702.96415787794
1,6599,16966.73935556599
1,6600,15780.457324631992
1,6601,15244.786899341996
1,6602,15009.781132346
1,6603,14987.579705098
1,6604,15164.215236169997
1,6605,15917.874400428
1,6606,17169.815322659997
1,6607,18048.113543459996
1,6608,18631.510938039995
1,6609,19552.351728909995
1,6610,20709.448641881994
1,6611,21461.278018179994
1,6612,21380.401390347994
1,6613,20993.401236807993
1,6614,20636.47059874396
1,6615,20920.119765933858
1,6616,21146.3018635601
1,6617,21841.88993864535
1,6618,22013.478695564914
1,6619,21815.749463958382
1,6620,20435.66645420295
1,6621,18694.156345133455
1,6622,17001.210241484743
1,6623,15716.273231860432
1,6624,15771.65070581643
1,6625,15236.36345718706
1,6626,15001.569656387564
1,6627,14979.46155647156
1,6628,15156.082736419758
1,6629,15909.422238312496
1,6630,17160.788664522068
1,6631,18048.113543459986
1,6632,18631.510938039995
1,6633,19552.351728910002
1,6634,20709.448641881998
1,6635,21461.278018179997
1,6636,21380.401390347997
1,6637,20993.401236808
1,6638,20636.470598744
1,6639,20932.896248263998
1,6640,21138.473528887123
1,6641,21841.889938645145
1,6642,22013.478695564714
1,6643,21815.749463958186
1,6644,20435.666454202765
1,6645,18694.336852269233
1,6646,17001.53693689003
1,6647,15710.266533768636
1,6648,15686.405047981727
1,6649,15254.359240074693
1,6650,15145.452703326418
1,6651,15569.89831338897
1,6652,17015.550117488754
1,6653,20991.47144221484
1,6654,30748.266518732824
1,6655,48558.21673756645
1,6656,62771.56668041377
1,6657,68301.89181465379
1,6658,71577.98184156448
1,6659,70615.84175926339
1,6660,64668.4267666731
1,6661,60122.177777408615
1,6662,59001.61057579249
1,6663,56153.88310610642
1,6664,51197.85627938306
1,6665,45074.34345032347
1,6666,36887.01272464963
1,6667,29926.852371838577
1,6668,24929.177492787632
1,6669,21508.40085248734
1,6670,18685.555401839014
1,6671,16951.103044122287
1,6672,15686.778865771761
1,6673,15255.124838572307
1,6674,15146.073693001428
1,6675,15570.395082557228
1,6676,17015.939773301638
1,6677,20993.518606806894
1,6678,30751.26520144351
1,6679,48558.21673756648
1,6680,62772.17279044707
1,6681,68303.20430440738
1,6682,71580.0348095085
1,6683,70618.52893116837
1,6684,64671.487680165534
1,6685,60122.17777740865
1,6686,59001.610575792496
1,6687,56153.88310610643
1,6688,51197.85627938307
1,6689,45074.343450323475
1,6690,36887.012724649634
1,6691,29926.85237183857
1,6692,24929.177492787625
1,6693,21508.608533420538
1,6694,18685.101164404332
1,6695,16950.69505414402
1,6696,15686.40504798173
1,6697,15254.359240074695
1,6698,15145.45270332642
1,6699,15569.898313388967
1,6700,17015.550117488732
1,6701,20991.47144221479
1,6702,30748.266518732824
1,6703,48558.21673756645
1,6704,62771.566680413765
1,6705,68301.89181465379
1,6706,71577.98184156445
1,6707,70615.84175926338
1,6708,64669.05119241826
1,6709,60123.33308570528
1,6710,59001.61057579447
1,6711,56153.88310610644
1,6712,51197.85627938308
1,6713,45074.34345032348
1,6714,36887.012724649634
1,6715,29926.852371838577
1,6716,24929.17749278766
1,6717,21509.418897268322
1,6718,18685.798172256185
1,6719,16951.32109725852
1,6720,15686.978655339724
1,6721,15254.911520759915
1,6722,15145.99560700056
1,6723,15570.450900783813
1,6724,17016.148027613202
1,6725,20993.95541851944
1,6726,30751.90504239001
1,6727,48559.33945796216
1,6728,62773.01802939073
1,6729,68312.25790608009
1,6730,71589.42872666007
1,6731,70627.70481788175
1,6732,64685.1661898565
1,6733,60137.74040397687
1,6734,59016.88314352481
1,6735,56165.085390397726
1,6736,51208.46310483242
1,6737,45084.02441950631
1,6738,36895.212969897926
1,6739,29933.72842099391
1,6740,24935.089267537714
1,6741,21513.658595031666
1,6742,18689.44480905842
1,6743,16954.596457579144
1,6744,15689.86842152638
1,6745,15257.585652643496
1,6746,15148.516915961662
1,6747,15572.906753075695
1,6748,17014.280478828063
1,6749,20991.471442214777
1,6750,30748.26651873282
1,6751,48558.21673756643
1,6752,62771.566680413736
1,6753,68301.89181465378
1,6754,71577.98184156445
1,6755,70615.84175926335
1,6756,64668.426766673045
1,6757,60122.17777740854
1,6758,59001.610575792474
1,6759,56153.883106106405
1,6760,51197.856279383006
1,6761,45074.34345032341
1,6762,36887.01272464958
1,6763,29926.852371838548
1,6764,24929.17749278762
1,6765,21508.400852487193
1,6766,18684.74211823553
1,6767,16950.208895766646
1,6768,16209.714446737875
1,6769,15812.458445055661
1,6770,15374.498860410993
1,6771,15516.745107821449
1,6772,16458.727221222085
1,6773,18703.120381291665
1,6774,21227.279064043327
1,6775,24286.350176426033
1,6776,29056.09141678747
1,6777,35247.340512924915
1,6778,38609.59928164841
1,6779,38749.49382851772
1,6780,35688.57943120244
1,6781,31893.87988680491
1,6782,29343.228742103915
1,6783,28156.49389502507
1,6784,26725.95429309506
1,6785,26388.230328170805
1,6786,25430.294657882263
1,6787,24354.23938344296
1,6788,22127.363420949187
1,6789,20155.341853276466
1,6790,18262.25964447778
1,6791,17027.65538370868
1,6792,15765.172432509864
1,6793,15230.167054049309
1,6794,14995.529178580686
1,6795,14973.489731569534
1,6796,15150.100354628168
1,6797,15903.204708365702
1,6798,17154.148527179063
1,6799,18031.808386237408
1,6800,18614.845379312592
1,6801,19535.207101310712
1,6802,20691.28940509755
1,6803,21442.459534116602
1,6804,21361.653823567845
1,6805,20974.993014041545
1,6806,20618.375353309002
1,6807,20912.501616587022
1,6808,21138.47352888681
1,6809,21841.889938645138
1,6810,22013.478695564674
1,6811,21815.749463958135
1,6812,20435.666454202757
1,6813,18694.15634513328
1,6814,17001.210241484565
1,6815,15709.815951791805
1,6816,15685.808149864844
1,6817,15253.637248425915
1,6818,15144.596736882038
1,6819,15568.876749108931
1,6820,17014.280478828052
1,6821,20991.471442214777
1,6822,30748.266518732802
1,6823,48556.29390471154
1,6824,62769.71174066176
1,6825,68300.55294385622
1,6826,71577.2837870694
1,6827,70615.84175926335
1,6828,64668.42676667304
1,6829,60122.177777408535
1,6830,59001.61057579246
1,6831,56153.88310610639
1,6832,51195.30934705555
1,6833,45072.101143500135
1,6834,36885.17771177992
1,6835,29925.36360505603
1,6836,24928.190334593924
1,6837,21507.76526555114
1,6838,18684.375855238824
1,6839,16950.208895766613
1,6840,15685.808149864843
1,6841,15253.637248425914
1,6842,15144.596736882037
1,6843,15568.87674910893
1,6844,17014.28047882805
1,6845,20991.471442214774
1,6846,30748.266518732766
1,6847,48556.29390471146
1,6848,62769.71174066165
1,6849,68300.5529438561
1,6850,71577.28378706933
1,6851,70615.84175926335
1,6852,64668.426766673045
1,6853,60122.177777408535
1,6854,59001.610575792474
1,6855,56153.883106106405
1,6856,51195.30934705571
1,6857,45072.558573647126
1,6858,36885.92268994355
1,6859,29926.26573817969
1,6860,24928.93437438783
1,6861,21508.4008524872
1,6862,18684.742118235554
1,6863,16950.468147176238
1,6864,15686.197146156306
1,6865,15254.159068021456
1,6866,15145.25592993552
1,6867,15569.698030169975
1,6868,17015.178007053735
1,6869,20992.578773091416
1,6870,30748.26651873287
1,6871,48558.216737566465
1,6872,62771.56668041378
1,6873,68301.8918146538
1,6874,71578.67298462894
1,6875,70617.1987138994
1,6876,64670.281557821494
1,6877,60124.46562986441
1,6878,59001.610575792634
1,6879,56153.88310610644
1,6880,51197.85627938307
1,6881,45074.34345032348
1,6882,36887.01272464963
1,6883,29926.852371838573
1,6884,24929.177492787643
1,6885,21508.608533420585
1,6886,18685.101164404365
1,6887,16950.695054144042
1,6888,15686.405047981749
1,6889,15254.359240074715
1,6890,15145.395636550751
1,6891,15569.698030169971
1,6892,17015.17800705373
1,6893,20991.471442214846
1,6894,30748.266518732828
1,6895,48558.21673756645
1,6896,62771.566680413765
1,6897,68301.89181465378
1,6898,71577.98184156445
1,6899,70615.84175926333
1,6900,64668.426766673045
1,6901,60122.17777740854
1,6902,59001.61057579247
1,6903,56153.883106106405
1,6904,51197.856279383006
1,6905,45073.01147478296
1,6906,36886.28965618354
1,6907,29926.560514296856
1,6908,24929.177492787618
1,6909,21508.400852487193
1,6910,18684.74211823553
1,6911,16950.208895766642
1,6912,15685.808149864846
1,6913,15253.637248425921
1,6914,15144.596736882042
1,6915,15568.876749108938
1,6916,17014.280478828052
1,6917,20991.471442214777
1,6918,30748.26651873282
1,6919,48558.21673756544
1,6920,62769.08102013122
1,6921,68299.87345027446
1,6922,71576.57875203001
1,6923,70615.15308790874
1,6924,64668.42676667303
1,6925,60122.17777740853
1,6926,59001.61057579242
1,6927,56151.089627031564
1,6928,51195.30934705561
1,6929,45072.1011435002
1,6930,36885.17771177997
1,6931,29925.66731318404
1,6932,24928.440819724234
1,6933,21507.979239424338
1,6934,18684.559897839088
1,6935,16950.208895766635
1,6936,16209.714446737868
1,6937,15812.458445055654
1,6938,15374.498860410986
1,6939,15516.65673324243
1,6940,16458.47549081604
1,6941,18702.656569419596
1,6942,21226.552913875174
1,6943,24285.293119787246
1,6944,29054.558746241244
1,6945,35245.15936697998
1,6946,38606.860971828166
1,6947,38746.398703840176
1,6948,35685.09929061608
1,6949,31890.769783023254
1,6950,29340.36736283614
1,6951,28153.748239167224
1,6952,26724.62476092491
1,6953,26386.917596705727
1,6954,25429.287656197157
1,6955,24353.519700166697
1,6956,22126.929674826988
1,6957,20155.145291056917
1,6958,18262.259644477777
1,6959,17027.655383708687
1,6960,15765.385584996415
1,6961,15230.370932254807
1,6962,14995.72792642653
1,6963,14973.686220551532
1,6964,15150.297190960016
1,6965,15903.409281699618
1,6966,17154.367005424534
1,6967,18032.03576663223
1,6968,18615.077785616417
1,6969,19535.277132971496
1,6970,20691.719928333277
1,6971,21442.905686933875
1,6972,21362.098295062347
1,6973,20975.429440292493
1,6974,20618.804359423582
1,6975,20912.501616587026
1,6976,21138.473528886807
1,6977,21841.88993864514
1,6978,22013.4786955647
1,6979,21815.74946395815
1,6980,20435.666454202757
1,6981,18694.15634513328
1,6982,17001.21024148457
1,6983,15709.815951791805
1,6984,15685.808149864846
1,6985,15253.637248425917
1,6986,15144.59673688204
1,6987,15568.876749108933
1,6988,17014.28047882805
1,6989,20991.471442214777
1,6990,30748.266518732817
1,6991,48558.21673756488
1,6992,62771.56668041172
1,6993,68301.89181465357
1,6994,71577.98184156444
1,6995,70615.84175926335
1,6996,64668.42676667305
1,6997,60122.17777740854
1,6998,59001.61057579246
1,6999,56153.8831061063
1,7000,51197.85627938136
1,7001,45074.34345032197
1,7002,36887.012724648404
1,7003,29926.852371837584
1,7004,24929.177492787614
1,7005,21508.400852487197
1,7006,18684.74211823557
1,7007,16950.534611129813
1,7008,15686.258043260557
1,7009,15254.217700976553
1,7010,15145.31356737894
1,7011,15569.756695686956
1,7012,17015.396884428017
1,7013,20993.037866591134
1,7014,30748.26651873283
1,7015,48558.21673756646
1,7016,62771.56668041378
1,7017,68301.89181465379
1,7018,71577.98184156448
1,7019,70615.84175926347
1,7020,64668.42676667312
1,7021,60122.17777740858
1,7022,59001.61057579248
1,7023,56153.88310610642
1,7024,51197.85627938306
1,7025,45074.34345032347
1,7026,36887.01272464961
1,7027,29926.852371838573
1,7028,24929.17749278762
1,7029,21508.400852487197
1,7030,18684.742118235532
1,7031,16950.208895766667
1,7032,15685.959608976103
1,7033,15253.930362453404
1,7034,15145.031107491934
1,7035,15569.469197590064
1,7036,17015.085805991388
1,7037,20992.65787163809
1,7038,30748.26651873283
1,7039,48558.21673756645
1,7040,62771.566680413765
1,7041,68301.89181465379
1,7042,71577.98184156448
1,7043,70615.8417592634
1,7044,64676.079152557075
1,7045,60129.80228191716
1,7046,59009.58859843631
1,7047,56161.94310062781
1,7048,51205.62651304606
1,7049,45081.551823861846
1,7050,36893.209532381574
1,7051,29932.119102566903
1,7052,24933.761972353353
1,7053,21529.376626757978
1,7054,18702.964157877996
1,7055,16966.739355566
1,7056,15701.105520099998
1,7057,15268.513149890001
1,7058,15159.366298076
1,7059,15584.060083592
1,7060,17030.873423563993
1,7061,21011.94308813597
1,7062,30756.22570795629
1,7063,48571.130452881756
1,7064,62788.70116223132
1,7065,68321.01080031217
1,7066,71598.51063309079
1,7067,70639.17949329155
1,7068,64689.798947564705
1,7069,60142.04747462084
1,7070,59020.11735065337
1,7071,56153.88310610643
1,7072,51197.856279383064
1,7073,45074.343450323475
1,7074,36887.012724649634
1,7075,29926.852371838584
1,7076,24929.418204074605
1,7077,21508.81415810709
1,7078,18685.278025725875
1,7079,16950.853908613557
1,7080,15686.550597210637
1,7081,15254.499377795648
1,7082,15145.590461690286
1,7083,15570.038528935533
1,7084,17014.28047882807
1,7085,20991.471442214784
1,7086,30748.266518732817
1,7087,48558.21673756642
1,7088,62771.56668041369
1,7089,68301.8918146537
1,7090,71577.98184156441
1,7091,70615.84175926332
1,7092,64668.42676667302
1,7093,60122.177777408506
1,7094,59001.61057579241
1,7095,56153.88310610638
1,7096,51197.85627938304
1,7097,45074.34345032346
1,7098,36887.01272464962
1,7099,29926.852371838573
1,7100,24929.177492787625
1,7101,21508.4008524872
1,7102,18684.74211823557
1,7103,16951.47375328136
1,7104,16211.068588725446
1,7105,15813.91900396015
1,7106,15376.053358755438
1,7107,15518.359897444281
1,7108,16460.423065727253
1,7109,18705.028381197008
1,7110,21229.423105352056
1,7111,24288.778886374843
1,7112,29058.968319743715
1,7113,35250.79583896579
1,7114,38613.3467042555
1,7115,38754.1283237619
1,7116,35692.21820395035
1,7117,31897.131755688642
1,7118,29346.220549084865
1,7119,28159.364703678584
1,7120,26728.982313070916
1,7121,26391.22008440869
1,7122,25433.17588110713
1,7123,24356.998690839104
1,7124,22129.870425852376
1,7125,20160.41467368606
1,7126,18266.98683064516
1,7127,17032.183768581257
1,7128,15780.457324631854
1,7129,15244.78689934198
1,7130,15009.781132345988
1,7131,14987.57970509799
1,7132,15164.215236169994
1,7133,15917.874400427998
1,7134,17169.815322659997
1,7135,18048.113543459996
1,7136,18631.510938039995
1,7137,19552.351728909995
1,7138,20709.448641881994
1,7139,21461.27801817999
1,7140,21380.40139034799
1,7141,20993.401236807986
1,7142,20623.875041070794
1,7143,20912.50161658703
1,7144,21138.473528886814
1,7145,21841.889938645145
1,7146,22013.478695564714
1,7147,21815.749463958186
1,7148,20435.66645420276
1,7149,18694.15634513328
1,7150,17001.21024148457
1,7151,15709.815951791805
1,7152,15685.808149864846
1,7153,15253.637248425917
1,7154,15144.59673688204
1,7155,15568.876749108937
1,7156,17014.280478828052
1,7157,20991.471442214774
1,7158,30748.266518732817
1,7159,48558.21673756634
1,7160,62771.56668041356
1,7161,68301.89181465356
1,7162,71577.98184156422
1,7163,70615.84175926313
1,7164,64668.42676667294
1,7165,60122.177777408506
1,7166,59001.61057579241
1,7167,56153.88310610628
1,7168,51197.85627938292
1,7169,45074.343450323344
1,7170,36887.012724649554
1,7171,29926.852371838573
1,7172,24929.17749278763
1,7173,21508.400852487266
1,7174,18685.278025725864
1,7175,16950.85390861355
1,7176,15686.550597210633
1,7177,15254.499377795648
1,7178,15145.590461690292
1,7179,15570.038528935545
1,7180,17015.701833390503
1,7181,20993.410374142364
1,7182,30748.266518732828
1,7183,48558.21673756644
1,7184,62771.566680413765
1,7185,68301.89181465379
1,7186,71578.67298462868
1,7187,70617.19871389914
1,7188,64670.281557821254
1,7189,60124.46562986421
1,7190,59004.40326512964
1,7191,56153.883106106456
1,7192,51197.85627938307
1,7193,45074.34345032348
1,7194,36887.01272464965
1,7195,29926.852371838682
1,7196,24931.698053977398
1,7197,21510.761692131953
1,7198,18702.96415787796
1,7199,16966.739355565995
1,7200,15701.105520099993
1,7201,15268.513149889997
1,7202,15159.366298075996
1,7203,15584.060083591996
1,7204,17030.873423563993
1,7205,20995.16566392249
1,7206,30748.26651873288
1,7207,48558.21673756648
1,7208,62771.5666804138
1,7209,68301.89181465383
1,7210,71577.98184156459
1,7211,70617.86713153218
1,7212,64670.88761929804
1,7213,60125.02350590964
1,7214,59004.945322811254
1,7215,56157.567687986724
1,7216,51197.8562793831
1,7217,45074.34345032351
1,7218,36887.012724649656
1,7219,29926.852371838617
1,7220,24931.913809213107
1,7221,21510.945998415482
1,7222,18687.11165815891
1,7223,16966.73935556546
1,7224,15701.105520099803
1,7225,15268.513149889815
1,7226,15159.366298075814
1,7227,15584.060083591812
1,7228,17030.87342356379
1,7229,21011.943088135733
1,7230,30754.16204269462
1,7231,48567.90374260486
1,7232,62784.57126887406
1,7233,68316.56154601704
1,7234,71593.89413595015
1,7235,70634.9140588963
1,7236,64685.89275704234
1,7237,60136.87468277755
1,7238,59001.61057579256
1,7239,56153.883106106434
1,7240,51197.856279383064
1,7241,45074.343450323475
1,7242,36887.01272464963
1,7243,29926.852371838573
1,7244,24929.17749278763
1,7245,21508.40085248723
1,7246,18685.381314278613
1,7247,16950.94668100784
1,7248,15686.635599228466
1,7249,15254.58121944569
1,7250,15145.670913775071
1,7251,15570.395082557154
1,7252,17015.939773301252
1,7253,20993.51860680688
1,7254,30751.26520144242
1,7255,48558.216737566465
1,7256,62771.56668041378
1,7257,68301.8918146538
1,7258,71577.98184156447
1,7259,70615.84175926336
1,7260,64668.426766673074
1,7261,60122.17777740858
1,7262,59001.610575792496
1,7263,56153.88310610643
1,7264,51197.856279383064
1,7265,45074.343450323475
1,7266,36887.01272464963
1,7267,29926.852371838573
1,7268,24929.17749278762
1,7269,21508.400852487197
1,7270,18684.742118235532
1,7271,16950.20889576665
1,7272,15765.082643029753
1,7273,15229.93411403611
1,7274,14995.157309912853
1,7275,14972.977513208756
1,7276,15149.440950722632
1,7277,15902.365835266883
1,7278,17153.087008750914
1,7279,18030.529515725968
1,7280,18613.358514282663
1,7281,19533.302142689317
1,7282,20689.271712121525
1,7283,21440.368591442922
1,7284,21359.570760592305
1,7285,20972.947655956425
1,7286,20616.364770482953
1,7287,20912.501616587022
1,7288,21138.473528886814
1,7289,21841.889938645145
1,7290,22013.47869556472
1,7291,21815.749463958193
1,7292,20435.666454202823
1,7293,18694.692522638306
1,7294,17001.857195105393
1,7295,15710.55953548509
1,7296,16911.984454947204
1,7297,16489.323398327946
1,7298,16215.799091470795
1,7299,16268.19852411424
1,7300,16727.884161352627
1,7301,17869.82646686977
1,7302,19741.527440493366
1,7303,21783.646196650505
1,7304,23502.695841942343
1,7305,24513.1602209092
1,7306,26152.339034066514
1,7307,26663.81693296712
1,7308,26091.116473793776
1,7309,25603.777107296337
1,7310,25081.476347195046
1,7311,25011.527426281857
1,7312,26089.813303654162
1,7313,26806.94996415471
1,7314,25375.10457209236
1,7315,23778.313881105812
1,7316,22004.08036440837
1,7317,19926.0562477726
1,7318,17883.502021661294
1,7319,16580.928564199974
1,7320,17106.870616835993
1,7321,16770.952043845995
1,7322,16614.383187401996
1,7323,17007.757102335996
1,7324,18465.823638261994
1,7325,22896.53319753799
1,7326,33914.81487393997
1,7327,54087.57597136079
1,7328,71572.8638529252
1,7329,77897.95866571147
1,7330,81614.26425244738
1,7331,80628.56713403194
1,7332,73956.26965594615
1,7333,69193.28411775887
1,7334,68625.40538233853
1,7335,65855.12538354663
1,7336,61635.13452867168
1,7337,55134.32892574548
1,7338,42793.60169350213
1,7339,33020.10258871424
1,7340,27217.45482787349
1,7341,23511.72418524875
1,7342,20280.86886544504
1,7343,18509.893726926643
1,7344,17097.323764957677
1,7345,16761.59265845009
1,7346,16605.111178576284
1,7347,16998.26556285604
1,7348,18455.518393835115
1,7349,22883.755301693694
1,7350,33881.77213826008
1,7351,54070.261819577805
1,7352,71549.95242814718
1,7353,77873.02249403618
1,7354,81588.13844197158
1,7355,80602.23429177322
1,7356,73926.05455033419
1,7357,69165.01494738307
1,7358,68599.65744775398
1,7359,65830.00671493729
1,7360,61612.00931136864
1,7361,55114.19108862046
1,7362,42777.34237107157
1,7363,33007.680974193565
1,7364,27207.05480099935
1,7365,23503.053843074802
1,7366,20273.464046937916
1,7367,18502.88940078442
1,7368,17091.012549874533
1,7369,16755.559300791003
1,7370,16599.285127236533
1,7371,16992.391831451067
1,7372,18449.141110365577
1,7373,22875.84784597795
1,7374,33881.772138260065
1,7375,54070.2618195778
1,7376,71549.95242814718
1,7377,77873.02249403618
1,7378,81588.13844197158
1,7379,80602.23429177322
1,7380,73926.05455033419
1,7381,69165.01494738307
1,7382,68601.68467120359
1,7383,65826.6325486369
1,7384,61607.15358965437
1,7385,55109.29920353863
1,7386,42775.631496333364
1,7387,33006.37391932816
1,7388,27206.25081521156
1,7389,23502.60221686401
1,7390,20272.88258910666
1,7391,18502.185329978776
1,7392,17090.203629084375
1,7393,16754.612336920134
1,7394,16598.196023350345
1,7395,16991.18667951254
1,7396,18447.83264135227
1,7397,22874.225421504278
1,7398,33881.772138260065
1,7399,54070.261819577776
1,7400,71549.95242814717
1,7401,77873.02249403618
1,7402,81588.13844197158
1,7403,80602.23429177325
1,7404,73926.05455033423
1,7405,69165.01494738311
1,7406,68601.6846712036
1,7407,65831.95209102643
1,7408,61610.1334135953
1,7409,55112.52966056891
1,7410,42776.06561994672
1,7411,33006.70557621006
1,7412,27206.52148149389
1,7413,23502.60221686399
1,7414,20272.882589106663
1,7415,18502.185329978773
1,7416,17090.20362908437
1,7417,16754.612336920123
1,7418,16598.196023350338
1,7419,16991.186679512535
1,7420,18447.83264135227
1,7421,22874.22542150427
1,7422,33881.77213826005
1,7423,54067.57199410854
1,7424,71547.11915690008
1,7425,77870.7212966523
1,7426,81586.53913083862
1,7427,80602.23429177268
1,7428,73926.05455033416
1,7429,69165.01494738307
1,7430,68601.68467120353
1,7431,65824.81856741967
1,7432,61607.153589652735
1,7433,55109.29920353724
1,7434,42773.12417466961
1,7435,33004.10427528145
1,7436,27205.422467850403
1,7437,23501.43303632167
1,7438,20272.07981323627
1,7439,18502.18532997876
1,7440,17658.774186902712
1,7441,17065.921626373973
1,7442,16699.010511391323
1,7443,16890.981526545827
1,7444,17706.759324002916
1,7445,20285.61769215929
1,7446,22847.47561174302
1,7447,25621.0470028882
1,7448,30476.198408063134
1,7449,37129.528084216356
1,7450,40649.65680837948
1,7451,41145.04622377583
1,7452,38151.38300379774
1,7453,34225.1324526215
1,7454,31456.313875055755
1,7455,30422.21132048118
1,7456,29660.313891608166
1,7457,30137.097384327782
1,7458,28289.763170411083
1,7459,25947.067199303918
1,7460,23216.47806935498
1,7461,21124.83447093042
1,7462,19222.64036663445
1,7463,17859.191107611758
1,7464,16911.028650489887
1,7465,16488.241509195013
1,7466,16214.589127332169
1,7467,16266.839609952385
1,7468,16726.339189473147
1,7469,17868.019851413297
1,7470,19739.53159858217
1,7471,21781.44389927575
1,7472,23502.602216864016
1,7473,24513.062570556194
1,7474,26152.234853898975
1,7475,26663.710715256522
1,7476,26086.944600688992
1,7477,25599.476541258402
1,7478,25077.06311531738
1,7479,25006.928648266778
1,7480,26082.704148068788
1,7481,26799.717776118894
1,7482,25368.326511648083
1,7483,23772.02528103024
1,7484,21998.318653015616
1,7485,19920.890359377823
1,7486,17878.91160975858
1,7487,16564.77399452561
1,7488,17090.203629084368
1,7489,16754.61233692012
1,7490,16598.196023350334
1,7491,16991.186679512528
1,7492,18447.832641352266
1,7493,22874.22542150427
1,7494,33881.77213825991
1,7495,54053.897919179086
1,7496,71528.29844949672
1,7497,77849.45489253111
1,7498,81563.44649252931
1,7499,80578.8605177803
1,7500,73905.54286666827
1,7501,69146.68212271818
1,7502,68584.34360167886
1,7503,65812.02861607335
1,7504,61595.183142727874
1,7505,55098.59130838637
1,7506,42764.81323376569
1,7507,32997.69148300798
1,7508,27202.113735444254
1,7509,23498.603112858083
1,7510,20269.662945572156
1,7511,18500.658639160833
1,7512,17088.793446638818
1,7513,16753.229845481615
1,7514,16596.826438460186
1,7515,16989.78466735957
1,7516,18446.310435396506
1,7517,22872.33797581638
1,7518,33878.97641497109
1,7519,54041.16337039695
1,7520,71511.44710961239
1,7521,77831.11435245616
1,7522,81544.23097379363
1,7523,80558.85739771956
1,7524,73887.37822580854
1,7525,69129.85559951977
1,7526,68567.81936827941
1,7527,65796.52397124456
1,7528,61580.67194381955
1,7529,55085.610640463165
1,7530,42754.738278559
1,7531,32993.73985868645
1,7532,27195.940116379745
1,7533,23493.322882455228
1,7534,20265.153417917514
1,7535,18496.58580248048
1,7536,17085.03142572214
1,7537,16749.541697380497
1,7538,16593.17272186475
1,7539,16986.04444277976
1,7540,18442.24956322843
1,7541,22867.302733618206
1,7542,33871.51811089003
1,7543,54043.56997076259
1,7544,71514.6317093513
1,7545,77834.58038421001
1,7546,81547.86236075565
1,7547,80562.44490330924
1,7548,73889.56086591122
1,7549,69136.759506525
1,7550,68567.81936827934
1,7551,65799.4540698722
1,7552,61583.41429906081
1,7553,55088.0637529137
1,7554,42756.64226363913
1,7555,32996.843669401926
1,7556,27198.473146608572
1,7557,23495.48935613717
1,7558,20267.003672970084
1,7559,18502.18532997873
1,7560,17090.203629084357
1,7561,16754.612336920112
1,7562,16598.196023350327
1,7563,16991.186679512524
1,7564,18447.83264135226
1,7565,22874.22542150426
1,7566,33881.77213825985
1,7567,54062.28174932989
1,7568,71539.39258198784
1,7569,77861.52944464069
1,7570,81576.09708958578
1,7571,80591.2345062098
1,7572,73916.77956650023
1,7573,69157.09105906084
1,7574,68594.56554066998
1,7575,65825.8236902484
1,7576,61608.7460307071
1,7577,55107.13717184667
1,7578,42775.12135598518
1,7579,33005.984188035
1,7580,27205.932754209392
1,7581,23502.602216863925
1,7582,20272.88258910666
1,7583,18502.185329978773
1,7584,17090.203629084368
1,7585,16754.612336920123
1,7586,16598.196023350338
1,7587,16991.18667951253
1,7588,18447.832641352266
1,7589,22874.22542150427
1,7590,33881.77213826006
1,7591,54067.5719941084
1,7592,71547.11915689989
1,7593,77870.72129665205
1,7594,81586.53913083837
1,7595,80601.44822948813
1,7596,73926.05455033414
1,7597,69165.01494738307
1,7598,68601.68467120336
1,7599,65827.32087789263
1,7600,61607.15358965748
1,7601,55109.29920354145
1,7602,42776.06561994666
1,7603,33006.70557621001
1,7604,27207.05480099923
1,7605,23502.602216864012
1,7606,20272.882589106663
1,7607,18502.185329978776
1,7608,17658.774186902716
1,7609,17065.921626373976
1,7610,16699.010511391323
1,7611,16890.98152654583
1,7612,17706.759324002913
1,7613,20285.617692159292
1,7614,22847.475611743022
1,7615,25621.0470028882
1,7616,30476.198408063134
1,7617,37129.52808421635
1,7618,40649.65680837949
1,7619,41145.046223775855
1,7620,38151.383003798335
1,7621,34225.13245262169
1,7622,31456.31387505577
1,7623,30422.21132048119
1,7624,29663.52821948491
1,7625,30140.363381869167
1,7626,28292.82896987353
1,7627,25949.05207337756
1,7628,23218.012270417705
1,7629,21128.869223335307
1,7630,19226.275420142945
1,7631,17862.534857528182
1,7632,16913.733093907176
1,7633,16491.011439718644
1,7634,16219.193738976275
1,7635,16271.459059664827
1,7636,16731.089127667172
1,7637,17871.721626867577
1,7638,19743.621101177305
1,7639,21786.122070292942
1,7640,23507.8270124741
1,7641,24518.694737316997
1,7642,26161.373767585177
1,7643,26673.02836448013
1,7644,26096.060698658282
1,7645,25608.4222932307
1,7646,25084.082657489376
1,7647,25013.92855848082
1,7648,26092.1135579703
1,7649,26809.290027126302
1,7650,25377.297696522495
1,7651,23780.348634641934
1,7652,22005.944636661286
1,7653,19927.727734200827
1,7654,17884.987305625782
1,7655,16570.7071214675
1,7656,17096.32495302322
1,7657,16760.61345965746
1,7658,16604.14112130614
1,7659,16997.272537822253
1,7660,18454.440237260333
1,7661,22882.418451072237
1,7662,33893.907821800305
1,7663,54070.26181957783
1,7664,71549.95242814721
1,7665,77873.0224940362
1,7666,81588.1384419716
1,7667,80602.2342917733
1,7668,73926.05455033426
1,7669,69165.0149473831
1,7670,68601.68467120359
1,7671,65831.95209102643
1,7672,61613.83003926611
1,7673,55115.27147198209
1,7674,42777.759555331104
1,7675,33007.68097419359
1,7676,27207.05480099933
1,7677,23502.60221686614
1,7678,20273.272152996724
1,7679,18502.716001456232
1,7680,17090.85396920494
1,7681,16755.40537336047
1,7682,16599.13414663484
1,7683,16992.301569794407
1,7684,18449.209254460104
1,7685,22874.225421504303
1,7686,33881.77213826007
1,7687,54070.261819577805
1,7688,71549.9524281472
1,7689,77873.0224940362
1,7690,81588.13844197159
1,7691,80602.23429177323
1,7692,73926.05455033419
1,7693,69165.01494738308
1,7694,68601.68467120359
1,7695,65831.95209102643
1,7696,61613.83003926612
1,7697,55115.271471982094
1,7698,42777.75955533111
1,7699,33007.68097419359
1,7700,27207.054800999333
1,7701,23502.602216864023
1,7702,20272.88258910668
1,7703,18502.363983480045
1,7704,17090.532034587573
1,7705,16755.092885283724
1,7706,16598.827640915428
1,7707,16991.99091359032
1,7708,18447.832641352335
1,7709,22874.22542150428
1,7710,33881.772138260065
1,7711,54070.26181957779
1,7712,71549.95242814715
1,7713,77873.02249403618
1,7714,81588.13844197158
1,7715,80602.23429177332
1,7716,73926.76836593202
1,7717,69166.34402291854
1,7718,68601.68467120362
1,7719,65831.95209102644
1,7720,61613.83003926613
1,7721,55115.271471982116
1,7722,42777.75955533113
1,7723,33007.680974193645
1,7724,27209.32764888857
1,7725,23504.773095925422
1,7726,20278.928700241562
1,7727,18520.229333605992
1,7728,17106.870616836
1,7729,16770.952043845995
1,7730,16614.383187402
1,7731,17007.757102336
1,7732,18465.823638261998
1,7733,22896.533197537992
1,7734,33914.81487393931
1,7735,54070.26181957806
1,7736,71549.95242814723
1,7737,77873.02249403624
1,7738,81588.13844197166
1,7739,80602.23429177332
1,7740,73926.76836593107
1,7741,69166.34402291762
1,7742,68601.68467120366
1,7743,65831.95209102644
1,7744,61613.83003926614
1,7745,55115.27147198212
1,7746,42777.75955533112
1,7747,33007.680974193594
1,7748,27207.054800999347
1,7749,23503.053843074827
1,7750,20273.464046937956
1,7751,18502.889400784465
1,7752,17091.01254987458
1,7753,16755.559300791043
1,7754,16599.285127236508
1,7755,16992.454594869083
1,7756,18447.832641352466
1,7757,22874.22542150428
1,7758,33881.772138260065
1,7759,54070.261819577696
1,7760,71549.95242814698
1,7761,77873.02249403618
1,7762,81588.13844197158
1,7763,80602.2342917732
1,7764,73926.05455033416
1,7765,69165.01494738307
1,7766,68601.68467120358
1,7767,65831.9520910262
1,7768,61613.830039265915
1,7769,55115.27147198193
1,7770,42777.75955533098
1,7771,33007.68097419359
1,7772,27207.05480099932
1,7773,23502.602216864023
1,7774,20272.882589106677
1,7775,18504.531718627393
1,7776,17661.161953930612
1,7777,17068.37116729978
1,7778,16701.544899020882
1,7779,16893.682763989418
1,7780,17709.733958568904
1,7781,20289.18769293034
1,7782,22851.677266013365
1,7783,25625.959458568872
1,7784,30482.2781842033
1,7785,37137.220328619296
1,7786,40663.09105847495
1,7787,41158.64419444968
1,7788,38163.991602763264
1,7789,34236.44347035301
1,7790,31466.709829680658
1,7791,30430.086110311975
1,7792,29671.20662418428
1,7793,30148.37899896476
1,7794,28300.55194046657
1,7795,25956.31570167919
1,7796,23224.67126975369
1,7797,21132.21563233728
1,7798,19229.29032033078
1,7799,17865.308151573965
1,7800,16917.492972105036
1,7801,16494.544218402505
1,7802,16220.787231607359
1,7803,16273.057687224562
1,7804,16732.73291265814
1,7805,17874.849987493864
1,7806,19747.077128982637
1,7807,21789.245519248063
1,7808,23511.163905800586
1,7809,24522.140636548367
1,7810,26162.076592870664
1,7811,26673.903046254163
1,7812,26096.91646007971
1,7813,25609.262063651036
1,7814,25077.063115317396
1,7815,25006.928648266807
1,7816,26084.81192792897
1,7817,26801.603242567915
1,7818,25369.84861851286
1,7819,23773.207923355414
1,7820,21999.189788072654
1,7821,19921.479051764658
1,7822,17879.60565159129
1,7823,16565.249098030035
1,7824,17090.85396920494
1,7825,16755.405373360467
1,7826,16599.134146634846
1,7827,16992.301569794414
1,7828,18449.20925446012
1,7829,22874.22542150442
1,7830,33881.772138260065
1,7831,54070.261819577805
1,7832,71549.95242814717
1,7833,77873.02249403617
1,7834,81588.13844197156
1,7835,80602.23429177322
1,7836,73926.05455033416
1,7837,69165.01494738307
1,7838,68601.68467120356
1,7839,65827.3208778927
1,7840,61609.49556687339
1,7841,55111.394166798134
1,7842,42776.06561994668
1,7843,33006.70557621003
1,7844,27206.521481493986
1,7845,23502.602216864012
1,7846,20272.882589106663
1,7847,18502.18532997878
1,7848,17090.368648765056
1,7849,16754.93429369807
1,7850,16598.672085450533
1,7851,16991.767939838355
1,7852,18448.46373283597
1,7853,22874.225421504296
1,7854,33881.772138260065
1,7855,54070.2618195778
1,7856,71549.95242811726
1,7857,77872.26304801586
1,7858,81588.13844197059
1,7859,80602.23429177311
1,7860,73926.05455033411
1,7861,69165.01494738301
1,7862,68594.2510204997
1,7863,65825.23517141426
1,7864,61607.15358965358
1,7865,55109.299203537994
1,7866,42773.12417467023
1,7867,33005.70062269218
1,7868,27205.701335591744
1,7869,23501.671548920323
1,7870,20272.882589106644
1,7871,18502.18532997877
1,7872,17090.203629084368
1,7873,16754.61233692012
1,7874,16598.196023350334
1,7875,16991.186679512528
1,7876,18447.832641352266
1,7877,22874.22542150427
1,7878,33881.77213826006
1,7879,54062.97998350576
1,7880,71540.31653945326
1,7881,77862.53505481995
1,7882,81577.15067476708
1,7883,80591.37929981638
1,7884,73916.09866344607
1,7885,69155.70024677289
1,7886,68593.19971443294
1,7887,65823.08626594442
1,7888,61605.53228380834
1,7889,55107.84890071246
1,7890,42774.30290399308
1,7891,33005.35891627519
1,7892,27205.422467850454
1,7893,23501.433036321723
1,7894,20272.882589106634
1,7895,18502.18532997877
1,7896,17090.203629084368
1,7897,16754.612336920116
1,7898,16598.196023350334
1,7899,16991.18667951253
1,7900,18447.832641352266
1,7901,22874.22542150427
1,7902,33881.77213826006
1,7903,54053.89791917909
1,7904,71513.58072102138
1,7905,77833.4365170923
1,7906,81546.663922763
1,7907,80561.26094713972
1,7908,73888.47497531248
1,7909,69129.85559951984
1,7910,68567.81936827938
1,7911,65798.48707253631
1,7912,61582.50926119377
1,7913,55087.254171563174
1,7914,42756.013906462824
1,7915,32993.73985868641
1,7916,27195.94011637973
1,7917,23493.322882455217
1,7918,20265.153417917463
1,7919,18496.585802480473
1,7920,17085.031425722136
1,7921,16749.541697380493
1,7922,16593.172721864747
1,7923,16986.044442779752
1,7924,18442.249563228426
1,7925,22867.302733618202
1,7926,33871.51811089001
1,7927,54042.9053619954
1,7928,71513.75224762737
1,7929,77833.62320198579
1,7930,81546.85951389906
1,7931,80566.11258884423
1,7932,73893.9665950604
1,7933,69135.95862951703
1,7934,68573.81275686772
1,7935,65798.64489138767
1,7936,61582.65696794676
1,7937,55087.38629933034
1,7938,42756.11645752904
1,7939,32996.48361666116
1,7940,27198.17930637153
1,7941,23495.238037722964
1,7942,20266.789037006776
1,7943,18496.857723960624
1,7944,17657.821481276074
1,7945,17065.0009056385
1,7946,16698.10958581716
1,7947,16890.070243974955
1,7948,17705.804029538038
1,7949,20284.523266130032
1,7950,22843.630268110497
1,7951,25616.734853412974
1,7952,30471.069112489953
1,7953,37123.27900021031
1,7954,40643.27551241163
1,7955,41139.04839988687
1,7956,38146.245020225804
1,7957,34220.899338366
1,7958,31452.765477785688
1,7959,30419.107302730452
1,7960,29660.81800283221
1,7961,30135.290609000513
1,7962,28290.838597160076
1,7963,25947.49521622442
1,7964,23216.85724733011
1,7965,21125.17606807197
1,7966,19222.94812378118
1,7967,17859.824294663973
1,7968,16911.028650489894
1,7969,16488.241509195017
1,7970,16214.58912733217
1,7971,16266.839609952387
1,7972,16726.339189473143
1,7973,17868.019851413297
1,7974,19739.531598582173
1,7975,21781.44389927575
1,7976,23502.602216864
1,7977,24513.06257055618
1,7978,26152.234853898957
1,7979,26663.710715256504
1,7980,26086.944600688978
1,7981,25599.476541258395
1,7982,25077.063115317367
1,7983,25004.218907629336
1,7984,26081.98538829685
1,7985,26798.699031719923
1,7986,25367.099552014744
1,7987,23770.631868194912
1,7988,21997.642166690606
1,7989,19920.283829022974
1,7990,17878.372646477237
1,7991,16564.118054217022
1,7992,17090.20362908432
1,7993,16754.612336920105
1,7994,16598.19602335032
1,7995,16991.18667951252
1,7996,18447.832641352263
1,7997,22874.225421504267
1,7998,33878.100723184536
1,7999,54064.40278795534
1,8000,71542.19930434579
1,8001,77866.24688124545
1,8002,81581.89766753979
1,8003,80596.90825300354
1,8004,73926.05455033405
1,8005,69165.0149473827
1,8006,68599.25252529958
1,8007,65827.32087789277
1,8008,61610.133413595184
1,8009,55112.529660569155
1,8010,42776.06561994673
1,8011,33006.705576210064
1,8012,27207.054800999307
1,8013,23502.602216864016
1,8014,20272.882589106663
1,8015,18502.185329978773
1,8016,18587.827374669992
1,8017,18146.242246333302
1,8018,17969.778808819432
1,8019,18412.277939767548
1,8020,19716.77293355751
1,8021,23979.13271171112
1,8022,33613.96937311036
1,8023,51977.25500671996
1,8024,68183.62940310595
1,8025,74838.96690973084
1,8026,77758.39293195761
1,8027,76637.95151399793
1,8028,71236.77189843483
1,8029,66729.65141002595
1,8030,65657.80672382585
1,8031,63496.00676816119
1,8032,60132.87145595572
1,8033,53523.715936654815
1,8034,42160.53231043992
1,8035,33344.58774919748
1,8036,27956.219368660535
1,8037,24512.47795267965
1,8038,21457.71097544836
1,8039,19747.23303127432
1,8040,18582.201928342332
1,8041,18140.75044195253
1,8042,17964.340409582597
1,8043,18406.7056219688
1,8044,19710.80582155154
1,8045,23971.875633122298
1,8046,33592.8373333417
1,8047,51999.54241994544
1,8048,68778.38863469487
1,8049,75491.78000932418
1,8050,78436.67190353318
1,8051,77306.45698300963
1,8052,71858.16339792128
1,8053,67318.99616743138
1,8054,66230.53344748013
1,8055,64049.87631903459
1,8056,60657.404701450156
1,8057,53990.59815517218
1,8058,42528.2945727288
1,8059,33357.273510642786
1,8060,27966.749664029096
1,8061,24521.61951304475
1,8062,21467.5658797465
1,8063,19753.2111709999
1,8064,18587.827374669974
1,8065,18146.242246333288
1,8066,17969.778808819417
1,8067,18412.277939767537
1,8068,19716.772933557495
1,8069,23979.132711711107
1,8070,33613.96937310958
1,8071,52018.37745379761
1,8072,68804.39452524458
1,8073,75520.32430946405
1,8074,78467.2824363288
1,8075,77337.55615070884
1,8076,71887.92643422598
1,8077,67340.40123331036
1,8078,66259.51946391437
1,8079,64078.648190040956
1,8080,60685.34671772872
1,8081,54016.08076334187
1,8082,42548.84422210455
1,8083,33371.7586810808
1,8084,27978.503471801945
1,8085,24531.586356814554
1,8086,21474.06482105106
1,8087,19753.211170999955
1,8088,18587.827374670054
1,8089,18146.242246333382
1,8090,17969.778808819516
1,8091,18412.277939767635
1,8092,19716.772933557604
1,8093,23979.132711711234
1,8094,33613.96937311038
1,8095,52031.42666100936
1,8096,68821.65463302164
1,8097,75539.26915951226
1,8098,78486.01357877014
1,8099,77355.08768089119
1,8100,71903.36677123437
1,8101,67354.07110659842
1,8102,66272.19668219965
1,8103,64085.659100854384
1,8104,60691.92054967808
1,8105,54021.874136974584
1,8106,42553.36246935573
1,8107,33370.77252436929
1,8108,27977.95503016637
1,8109,24531.347115867997
1,8110,21474.06482105105
1,8111,19753.211170999948
1,8112,18795.580168248558
1,8113,18310.854116652274
1,8114,17995.279481678393
1,8115,18238.556510087976
1,8116,19061.34166089937
1,8117,21618.629567425945
1,8118,24022.882970045022
1,8119,26849.893047205278
1,8120,31477.33593511869
1,8121,37646.85356228705
1,8122,40793.764553448615
1,8123,41182.824998381635
1,8124,39023.646162641264
1,8125,35750.29814356436
1,8126,33182.01083700221
1,8127,32459.92781874882
1,8128,32165.382841523777
1,8129,32265.950072456202
1,8130,29311.585833497687
1,8131,27218.796570280578
1,8132,24655.82183799854
1,8133,22555.929564816484
1,8134,20483.960261961485
1,8135,19204.078402051276
1,8136,17879.871418608192
1,8137,17416.715828641707
1,8138,17124.539660520506
1,8139,17064.39828868826
1,8140,17340.762211631685
1,8141,18227.923613041643
1,8142,19461.94900549017
1,8143,20567.465630771312
1,8144,20992.994779900502
1,8145,21425.470348876574
1,8146,22283.77973451898
1,8147,23157.870898585435
1,8148,23136.330903709346
1,8149,22495.15807178956
1,8150,22066.308046505495
1,8151,22680.42640112686
1,8152,24441.461608800786
1,8153,25313.322606440826
1,8154,24555.23110483522
1,8155,23598.789113827905
1,8156,22351.37384974385
1,8157,20847.00805379455
1,8158,19200.757525896508
1,8159,18135.000014212685
1,8160,18587.82737466999
1,8161,18146.2422463333
1,8162,17969.778808819432
1,8163,18412.27793976755
1,8164,19716.77293355751
1,8165,23979.13271171113
1,8166,33613.96937311038
1,8167,52031.42666100934
1,8168,68814.19714646196
1,8169,75531.08375496985
1,8170,78478.35091694834
1,8171,77348.3571328186
1,8172,71897.8667965881
1,8173,67349.62048066813
1,8174,66265.01545386904
1,8175,64083.22299660842
1,8176,60689.369235248436
1,8177,54018.707609431396
1,8178,42551.60893055251
1,8179,33369.41101065346
1,8180,27976.824854288636
1,8181,24530.365987547484
1,8182,21473.214480158364
1,8183,19752.627451036136
1,8184,18587.827374669978
1,8185,18146.242246333295
1,8186,17969.778808819425
1,8187,18412.277939767544
1,8188,19716.77293355751
1,8189,23979.13271171112
1,8190,33613.96937311031
1,8191,52015.67979656239
1,8192,68800.82635026891
1,8193,75516.40784841216
1,8194,78462.26046077743
1,8195,77331.6768279094
1,8196,71881.60583476804
1,8197,67333.68697539683
1,8198,66252.13997100176
1,8199,64070.77144228379
1,8200,60677.19309168682
1,8201,54008.211619359536
1,8202,42542.16866597841
1,8203,33363.728752024224
1,8204,27972.108080921542
1,8205,24526.271262095383
1,8206,21469.66559422417
1,8207,19749.395281639972
1,8208,18585.290694179563
1,8209,18143.76582895795
1,8210,17967.32647340644
1,8211,18409.765216505566
1,8212,19714.082185885585
1,8213,23975.860279871682
1,8214,33609.38207527294
1,8215,51967.2403412663
1,8216,66200.2831622083
1,8217,72662.02817835995
1,8218,75496.53304462234
1,8219,74408.6833689021
1,8220,69164.61491595554
1,8221,64788.59892515426
1,8222,63747.93238461478
1,8223,61649.01552644984
1,8224,58383.708121580574
1,8225,51966.80173699814
1,8226,40934.15386734204
1,8227,33338.887506840176
1,8228,27951.487667220936
1,8229,24508.37026786875
1,8230,21454.15085767783
1,8231,19747.23303127431
1,8232,18582.20192834233
1,8233,18140.75044195252
1,8234,17964.340409582594
1,8235,18406.70562196879
1,8236,19710.805821551538
1,8237,23971.87563312229
1,8238,33587.690988129354
1,8239,51991.65520865665
1,8240,64202.360858231674
1,8241,70469.09062862156
1,8242,73218.05023401005
1,8243,72163.03182466325
1,8244,67077.22918003735
1,8245,62833.28120364557
1,8246,61824.021944057626
1,8247,59788.45032559271
1,8248,56621.689787623436
1,8249,50398.445420420496
1,8250,39698.76248985231
1,8251,33048.35235589321
1,8252,27963.02313625018
1,8253,24518.384439625544
1,8254,21462.830109487502
1,8255,19747.233031274354
1,8256,18583.929460559222
1,8257,18142.436933733647
1,8258,17966.01050104607
1,8259,18408.416838814446
1,8260,19712.638276726084
1,8261,23974.104227323125
1,8262,33603.796393947436
1,8263,52013.66508904467
1,8264,68798.1615087708
1,8265,75513.4828943368
1,8266,78459.22140588808
1,8267,77328.68156357258
1,8268,71879.7589721329
1,8269,67332.82627270243
1,8270,66252.13997100177
1,8271,64071.5823274321
1,8272,60678.72135982523
1,8273,54010.24198101807
1,8274,42544.29056065315
1,8275,33363.72875202426
1,8276,27972.10808092159
1,8277,24531.586356814536
1,8278,21474.064821051044
1,8279,19753.211170999944
1,8280,18795.580168248554
1,8281,18310.85411665227
1,8282,17995.27948167839
1,8283,18238.556510087972
1,8284,19061.34166089937
1,8285,21618.629567425938
1,8286,24022.882970045015
1,8287,26849.893047205245
1,8288,31474.40566001814
1,8289,37643.74716676503
1,8290,40789.16285461787
1,8291,41178.17941198586
1,8292,39019.24414020271
1,8293,35746.26536779716
1,8294,33181.863347496525
1,8295,32459.578102767035
1,8296,32164.693194754327
1,8297,32264.91750749832
1,8298,29310.34132378585
1,8299,27218.23016257177
1,8300,24655.313849483664
1,8301,22555.469446673178
1,8302,20483.546551201995
1,8303,19203.317949230368
1,8304,17879.34305702663
1,8305,17416.715828641685
1,8306,17124.53966052049
1,8307,17064.398288688248
1,8308,17340.76221163168
1,8309,18227.923613041632
1,8310,19461.94900549016
1,8311,20567.4656307713
1,8312,20992.994779900477
1,8313,21423.148693606643
1,8314,22281.365073192417
1,8315,23155.361521095158
1,8316,23133.823860284167
1,8317,22492.72050559218
1,8318,22063.916950322782
1,8319,22677.96875932859
1,8320,24440.541717913206
1,8321,25311.838849453045
1,8322,24553.54259357313
1,8323,23597.927085538893
1,8324,22350.565479484372
1,8325,20846.261563463155
1,8326,19200.757525896475
1,8327,18135.00001421268
1,8328,18587.827374669985
1,8329,18146.242246333302
1,8330,17969.77880881945
1,8331,18412.27793976757
1,8332,19716.772933557535
1,8333,23979.13271171115
1,8334,33613.96937311039
1,8335,52031.42666100937
1,8336,68821.65463302162
1,8337,75539.26915951225
1,8338,78486.01357877016
1,8339,77355.08768089119
1,8340,71903.36677123439
1,8341,67354.07110659844
1,8342,66272.19668219966
1,8343,64085.6591008543
1,8344,60691.92054967801
1,8345,54021.874136974526
1,8346,42553.3624693557
1,8347,33370.77252436927
1,8348,27977.955030166355
1,8349,24531.347115867997
1,8350,21474.064821051048
1,8351,19753.21117099995
1,8352,18587.82737466999
1,8353,18146.242246333306
1,8354,17969.77880881944
1,8355,18412.27793976755
1,8356,19716.772933557513
1,8357,23979.132711711125
1,8358,33613.969373110376
1,8359,52031.426661008525
1,8360,68800.82635026897
1,8361,75516.4078484122
1,8362,78462.26046077746
1,8363,77331.6768279094
1,8364,71881.60583476798
1,8365,67333.68697539678
1,8366,66252.13997100174
1,8367,64070.771442283796
1,8368,60677.193091686844
1,8369,54008.211619359536
1,8370,42542.16866597841
1,8371,33363.728752024224
1,8372,27972.108080921545
1,8373,24526.271262095386
1,8374,21469.665594224178
1,8375,19750.461012491152
1,8376,18585.239467763528
1,8377,18143.715819511654
1,8378,17967.276950277846
1,8379,18409.71447388832
1,8380,19714.027848194964
1,8381,23975.79419549271
1,8382,33605.127049280556
1,8383,52017.73953234088
1,8384,68803.55075037628
1,8385,75519.39817455453
1,8386,78465.36743786135
1,8387,77338.47665588972
1,8388,71888.77359376775
1,8389,67341.18693639466
1,8390,66254.76344730187
1,8391,64073.30853995914
1,8392,60679.59580921426
1,8393,54010.35025613673
1,8394,42549.3165448046
1,8395,33367.63111583029
1,8396,27975.347385372515
1,8397,24531.58635681455
1,8398,21474.06482105105
1,8399,19753.21117099995
1,8400,18587.82737466999
1,8401,18146.242246333302
1,8402,17969.778808819432
1,8403,18412.277939767548
1,8404,19716.77293355751
1,8405,23979.132711711125
1,8406,33613.969373110376
1,8407,52031.42666100932
1,8408,68821.65463302154
1,8409,75539.26915951222
1,8410,78486.01357877011
1,8411,77355.08768089117
1,8412,71903.36677123437
1,8413,67354.07110659842
1,8414,66272.19668219965
1,8415,64086.97949689615
1,8416,60693.15862871178
1,8417,54022.965228819405
1,8418,42554.21341097303
1,8419,33371.43322756063
1,8420,27978.503471801945
1,8421,24531.586356814558
1,8422,21474.064821051055
1,8423,19753.211170999955
1,8424,18587.827374670003
1,8425,18146.242246333328
1,8426,17969.77880881945
1,8427,18412.277939767562
1,8428,19716.77293355752
1,8429,23979.132711711132
1,8430,33613.96937311038
1,8431,52031.42666100935
1,8432,68820.30557370304
1,8433,75538.53247310343
1,8434,78486.01357877013
1,8435,77355.0876808912
1,8436,71903.3667712344
1,8437,67354.07110659842
1,8438,66272.19668219963
1,8439,64086.97949689608
1,8440,60693.15862871177
1,8441,54022.96522881939
1,8442,42554.213410973025
1,8443,33371.43322756063
1,8444,27978.50347180194
1,8445,24531.586356814558
1,8446,21474.064821051055
1,8447,19753.211170999977
1,8448,18795.761654713308
1,8449,18311.205978185986
1,8450,17995.79561430705
1,8451,18239.25054892435
1,8452,19062.243880433613
1,8453,21619.65282959923
1,8454,24022.882970045048
1,8455,26849.893047205285
1,8456,31477.335935118695
1,8457,37646.853562287055
1,8458,40793.76455344864
1,8459,41182.82499838168
1,8460,39023.64616264132
1,8461,35750.29814356494
1,8462,33185.60681588577
1,8463,32463.240085317055
1,8464,32168.32190936155
1,8465,32268.557529081965
1,8466,29313.648019828608
1,8467,27220.429705879953
1,8468,24657.0484486105
1,8469,22556.82278130754
1,8470,20484.565593914398
1,8471,19204.078402051393
1,8472,17879.871418608207
1,8473,17416.715828641725
1,8474,17124.539660520528
1,8475,17064.398288688277
1,8476,17340.762211631703
1,8477,18227.92361304165
1,8478,19461.949005490173
1,8479,20567.465630771316
1,8480,20992.994779900502
1,8481,21425.47034887657
1,8482,22283.77973451898
1,8483,23157.870898585443
1,8484,23136.33090370935
1,8485,22495.15807178956
1,8486,22066.308046505495
1,8487,22680.426401126886
1,8488,24442.928103505437
1,8489,25313.833865265187
1,8490,24555.722136961864
1,8491,23599.256342905897
1,8492,22351.81199556323
1,8493,20847.21136337704
1,8494,19200.75752589651
1,8495,18135.00001421269
1,8496,18587.827374669992
1,8497,18146.242246333328
1,8498,17969.778808819476
1,8499,18412.277939767566
1,8500,19716.77293355752
1,8501,23979.13271171113
1,8502,33613.96937311038
1,8503,52031.426661009325
1,8504,68817.81658629347
1,8505,75535.82758692432
1,8506,78483.23100226704
1,8507,77353.11927823255
1,8508,71902.2494953608
1,8509,67353.6852403427
1,8510,66272.19668219966
1,8511,64090.16778117349
1,8512,60695.56208231376
1,8513,54024.5616890062
1,8514,42555.04758567878
1,8515,33371.75868108083
1,8516,27980.18980136938
1,8517,24533.28716551897
1,8518,21475.746256106617
1,8519,19772.475220497927
1,8520,18605.95489953195
1,8521,18163.93912132795
1,8522,17987.30359025595
1,8523,18430.23426243995
1,8524,19736.001447161947
1,8525,24002.518033493932
1,8526,33646.750937799865
1,8527,52039.49842094657
1,8528,68821.65463302165
1,8529,75539.26915951229
1,8530,78486.01357877017
1,8531,77355.08768089121
1,8532,71903.36677123443
1,8533,67354.07110659847
1,8534,66272.19668219969
1,8535,64090.167781173506
1,8536,60695.56208231375
1,8537,54021.320394292685
1,8538,42552.93060590119
1,8539,33370.437209282056
1,8540,27977.67668921495
1,8541,24531.105482512005
1,8542,21473.85539816586
1,8543,19753.211170999948
1,8544,18587.82737466999
1,8545,18146.242246333302
1,8546,17969.77880881943
1,8547,18412.277939767548
1,8548,19716.77293355751
1,8549,23979.13271171112
1,8550,33603.79639394808
1,8551,52015.67979656248
1,8552,68800.82635026898
1,8553,75516.40784841224
1,8554,78462.26046077751
1,8555,77331.67682790944
1,8556,71881.60583476804
1,8557,67333.68697539685
1,8558,66252.1399710018
1,8559,64070.771442283854
1,8560,60677.19309168691
1,8561,54008.21161935966
1,8562,42547.88535979095
1,8563,33366.51988976416
1,8564,27978.50347180193
1,8565,24531.586356814554
1,8566,21474.06482105105
1,8567,19753.21117099995
1,8568,18587.827374669992
1,8569,18146.242246333313
1,8570,17969.77880881945
1,8571,18412.277939767584
1,8572,19716.772933557528
1,8573,23979.132711711136
1,8574,33613.96937311038
1,8575,52031.42666100931
1,8576,68820.305573703
1,8577,75538.5324731034
1,8578,78486.01357877011
1,8579,77355.08768089119
1,8580,71903.36677123437
1,8581,67354.0711065984
1,8582,66272.19668219956
1,8583,64083.62857807798
1,8584,60688.98513584528
1,8585,54018.70760943197
1,8586,42552.05387990164
1,8587,33369.756486123246
1,8588,27977.111629249302
1,8589,24530.61494263586
1,8590,21474.064821051044
1,8591,19753.211170999948
1,8592,17879.8714186082
1,8593,17416.715828641714
1,8594,17124.539660520506
1,8595,17064.398288688262
1,8596,17340.76221163169
1,8597,18227.923613041643
1,8598,19461.94900549017
1,8599,20567.465630771312
1,8600,20992.994779900495
1,8601,21425.470348876563
1,8602,22283.779734518972
1,8603,23157.870898585435
1,8604,23136.33090370935
1,8605,22495.15807178956
1,8606,22066.308046505495
1,8607,22679.065650684908
1,8608,24441.71214470781
1,8609,25313.579507641116
1,8610,24555.477842371496
1,8611,23599.023890628294
1,8612,22351.594012568527
1,8613,20847.21136337704
1,8614,19200.757525896515
1,8615,18135.000014212685
1,8616,17879.871418608203
1,8617,17416.715828641725
1,8618,17124.539660520524
1,8619,17064.398288688488
1,8620,17341.900039591223
1,8621,18229.283816110616
1,8622,19463.574835630174
1,8623,20567.46563077134
1,8624,20992.994779900513
1,8625,21425.47034887658
1,8626,22283.779734519005
1,8627,23157.870898585497
1,8628,23139.45932969711
1,8629,22498.386893035527
1,8630,22069.657022069354
1,8631,22684.053497452536
1,8632,24447.034376002997
1,8633,25316.564077653096
1,8634,24560.719383405787
1,8635,23604.011345118237
1,8636,22356.271016712824
1,8637,20851.530347571064
1,8638,19219.482802519942
1,8639,18152.68592537399
1,8640,17897.30851909
1,8641,17433.701242958
1,8642,17141.240134018
1,8643,17081.040110134003
1,8644,17357.67355322
1,8645,18245.700146674
1,8646,19480.929005538004
1,8647,20587.523770814
1,8648,21013.467911436
1,8649,21446.365246306
1,8650,22305.511686458
1,8651,23180.455295998
1,8652,23158.894294535992
1,8653,22517.096167565993
1,8654,22087.827912149987
1,8655,22702.545177311975
1,8656,24451.832340819998
1,8657,25323.80369659334
1,8658,24565.14899584329
1,8659,23608.083476280673
1,8660,22359.9544667549
1,8661,20854.931833227172
1,8662,19208.925178694055
1,8663,18142.714313161563
1,8664,18595.734298136544
1,8665,18153.961327523117
1,8666,17977.422825674534
1,8667,18419.742143220228
1,8668,19724.877212135427
1,8669,23979.13271171114
1,8670,33613.96937311038
1,8671,52031.42666100931
1,8672,68800.82635026898
1,8673,75516.40784841223
1,8674,78462.26046077748
1,8675,77331.67682790942
1,8676,71881.60583476802
1,8677,67333.68697539695
1,8678,66252.13997100177
1,8679,64070.7714422838
1,8680,60677.193091686844
1,8681,54008.21161935954
1,8682,42542.168665978395
1,8683,33364.52824535782
1,8684,27972.77173055618
1,8685,24526.847389638242
1,8686,21470.164922190623
1,8687,19753.211170999835
1,8688,18587.82737466997
1,8689,18146.242246333284
1,8690,17969.778808819417
1,8691,18412.277939767537
1,8692,19716.7729335575
1,8693,23979.132711711107
1,8694,33610.840195416095
1,8695,52025.78855673703
1,8696,68814.19714646174
1,8697,75531.08375496909
1,8698,78477.50886619787
1,8699,77346.70551499014
1,8700,71896.03037729386
1,8701,67347.91728282586
1,8702,66266.84156590274
1,8703,64085.65910085424
1,8704,60688.98513584439
1,8705,54018.707609431716
1,8706,42553.362469355685
1,8707,33370.77252436926
1,8708,27978.503471801727
1,8709,24531.58635681455
1,8710,21474.06482105105
1,8711,19753.21117099996
1,8712,18587.827374670036
1,8713,18146.242246333357
1,8714,17969.77880881949
1,8715,18412.27793976761
1,8716,19716.77293355758
1,8717,23979.132711711194
1,8718,33613.96937311039
1,8719,52031.42666100936
1,8720,68821.65463302155
1,8721,75539.26915951223
1,8722,78486.01357877014
1,8723,77355.08768089119
1,8724,71903.36677123439
1,8725,67354.07110659844
1,8726,66272.19668219966
1,8727,64086.979496895794
1,8728,60693.15862871147
1,8729,54022.965228819136
1,8730,42554.21341097283
1,8731,33371.43322756046
1,8732,27978.50347180193
1,8733,24531.586356814558
1,8734,21474.06482105106
1,8735,19753.211170999955
1,8736,18587.827374670032
1,8737,18146.24224633335
1,8738,17969.778808819476
1,8739,18412.27793976759
1,8740,19716.772933557524
1,8741,23979.132711711132
1,8742,33613.96937311038
1,8743,52031.42666100921
1,8744,68819.62090931927
1,8745,75537.78841983028
1,8746,78485.24815463851
1,8747,77355.08768089104
1,8748,71903.36677123439
1,8749,67354.0711065984
1,8750,66265.01545386859
1,8751,64083.222996608376
1,8752,60688.985135844225
1,8753,54018.70760943136
1,8754,42550.436337996456
1,8755,33369.411010653464
1,8756,27976.82485428867
1,8757,24530.36598754751
1,8758,21473.21448015839
1,8759,19752.627451036165
