D,T,value
0,0,0.0
0,1,0.0
0,2,0.0
0,3,0.0
0,4,0.0
0,5,0.0
0,6,0.0
0,7,0.0
0,8,0.0
0,9,0.0
0,10,0.0
0,11,0.0
0,12,0.0
0,13,0.0
0,14,0.0
0,15,0.0
0,16,0.0
0,17,0.0
0,18,0.0
0,19,0.0
0,20,0.0
0,21,0.0
0,22,0.0
0,23,0.0
0,24,0.0
0,25,0.0
0,26,0.0
0,27,0.0
0,28,0.0
0,29,0.0
0,30,0.0
0,31,0.0
0,32,0.0
0,33,0.0
0,34,0.0
0,35,0.0
0,36,0.0
0,37,0.0
0,38,0.0
0,39,0.0
0,40,0.0
0,41,0.0
0,42,0.0
0,43,0.0
0,44,0.0
0,45,0.0
0,46,0.0
0,47,0.0
0,48,0.0
0,49,0.0
0,50,0.0
0,51,0.0
0,52,0.0
0,53,0.0
0,54,0.0
0,55,0.0
0,56,0.0
0,57,0.0
0,58,0.0
0,59,0.0
0,60,0.0
0,61,0.0
0,62,0.0
0,63,0.0
0,64,0.0
0,65,0.0
0,66,0.0
0,67,0.0
0,68,0.0
0,69,0.0
0,70,0.0
0,71,0.0
0,72,0.0
0,73,0.0
0,74,0.0
0,75,0.0
0,76,0.0
0,77,0.0
0,78,0.0
0,79,0.0
0,80,0.0
0,81,0.0
0,82,0.0
0,83,0.0
0,84,0.0
0,85,0.0
0,86,0.0
0,87,0.0
0,88,0.0
0,89,0.0
0,90,0.0
0,91,0.0
0,92,0.0
0,93,0.0
0,94,0.0
0,95,0.0
0,96,0.0
0,97,0.0
0,98,0.0
0,99,0.0
0,100,0.0
0,101,0.0
0,102,0.0
0,103,0.0
0,104,0.0
0,105,0.0
0,106,0.0
0,107,0.0
0,108,0.0
0,109,0.0
0,110,0.0
0,111,0.0
0,112,0.0
0,113,0.0
0,114,0.0
0,115,0.0
0,116,0.0
0,117,0.0
0,118,0.0
0,119,0.0
0,120,0.0
0,121,0.0
0,122,0.0
0,123,0.0
0,124,0.0
0,125,0.0
0,126,0.0
0,127,0.0
0,128,0.0
0,129,0.0
0,130,0.0
0,131,0.0
0,132,0.0
0,133,0.0
0,134,0.0
0,135,0.0
0,136,0.0
0,137,0.0
0,138,0.0
0,139,0.0
0,140,0.0
0,141,0.0
0,142,0.0
0,143,0.0
0,144,0.0
0,145,0.0
0,146,0.0
0,147,0.0
0,148,0.0
0,149,0.0
0,150,0.0
0,151,0.0
0,152,0.0
0,153,0.0
0,154,0.0
0,155,0.0
0,156,0.0
0,157,0.0
0,158,0.0
0,159,0.0
0,160,0.0
0,161,0.0
0,162,0.0
0,163,0.0
0,164,0.0
0,165,0.0
0,166,0.0
0,167,0.0
0,168,0.0
0,169,0.0
0,170,0.0
0,171,0.0
0,172,0.0
0,173,0.0
0,174,0.0
0,175,0.0
0,176,0.0
0,177,0.0
0,178,0.0
0,179,0.0
0,180,0.0
0,181,0.0
0,182,0.0
0,183,0.0
0,184,0.0
0,185,0.0
0,186,0.0
0,187,0.0
0,188,0.0
0,189,0.0
0,190,0.0
0,191,0.0
0,192,0.0
0,193,0.0
0,194,0.0
0,195,0.0
0,196,0.0
0,197,0.0
0,198,0.0
0,199,0.0
0,200,0.0
0,201,0.0
0,202,0.0
0,203,0.0
0,204,0.0
0,205,0.0
0,206,0.0
0,207,0.0
0,208,0.0
0,209,0.0
0,210,0.0
0,211,0.0
0,212,0.0
0,213,0.0
0,214,0.0
0,215,0.0
0,216,0.0
0,217,0.0
0,218,0.0
0,219,0.0
0,220,0.0
0,221,0.0
0,222,0.0
0,223,0.0
0,224,0.0
0,225,0.0
0,226,0.0
0,227,0.0
0,228,0.0
0,229,0.0
0,230,0.0
0,231,0.0
0,232,0.0
0,233,0.0
0,234,0.0
0,235,0.0
0,236,0.0
0,237,0.0
0,238,0.0
0,239,0.0
0,240,0.0
0,241,0.0
0,242,0.0
0,243,0.0
0,244,0.0
0,245,0.0
0,246,0.0
0,247,0.0
0,248,0.0
0,249,0.0
0,250,0.0
0,251,0.0
0,252,0.0
0,253,0.0
0,254,0.0
0,255,0.0
0,256,0.0
0,257,0.0
0,258,0.0
0,259,0.0
0,260,0.0
0,261,0.0
0,262,0.0
0,263,0.0
0,264,0.0
0,265,0.0
0,266,0.0
0,267,0.0
0,268,0.0
0,269,0.0
0,270,0.0
0,271,0.0
0,272,0.0
0,273,0.0
0,274,0.0
0,275,0.0
0,276,0.0
0,277,0.0
0,278,0.0
0,279,0.0
0,280,0.0
0,281,0.0
0,282,0.0
0,283,0.0
0,284,0.0
0,285,0.0
0,286,0.0
0,287,0.0
0,288,0.0
0,289,0.0
0,290,0.0
0,291,0.0
0,292,0.0
0,293,0.0
0,294,0.0
0,295,0.0
0,296,0.0
0,297,0.0
0,298,0.0
0,299,0.0
0,300,0.0
0,301,0.0
0,302,0.0
0,303,0.0
0,304,0.0
0,305,0.0
0,306,0.0
0,307,0.0
0,308,0.0
0,309,0.0
0,310,0.0
0,311,0.0
0,312,0.0
0,313,0.0
0,314,0.0
0,315,0.0
0,316,0.0
0,317,0.0
0,318,0.0
0,319,0.0
0,320,0.0
0,321,0.0
0,322,0.0
0,323,0.0
0,324,0.0
0,325,0.0
0,326,0.0
0,327,0.0
0,328,0.0
0,329,0.0
0,330,0.0
0,331,0.0
0,332,0.0
0,333,0.0
0,334,0.0
0,335,0.0
0,336,0.0
0,337,0.0
0,338,0.0
0,339,0.0
0,340,0.0
0,341,0.0
0,342,0.0
0,343,0.0
0,344,0.0
0,345,0.0
0,346,0.0
0,347,0.0
0,348,0.0
0,349,0.0
0,350,0.0
0,351,0.0
0,352,0.0
0,353,0.0
0,354,0.0
0,355,0.0
0,356,0.0
0,357,0.0
0,358,0.0
0,359,0.0
0,360,0.0
0,361,0.0
0,362,0.0
0,363,0.0
0,364,0.0
0,365,0.0
0,366,0.0
0,367,0.0
0,368,0.0
0,369,0.0
0,370,0.0
0,371,0.0
0,372,0.0
0,373,0.0
0,374,0.0
0,375,0.0
0,376,0.0
0,377,0.0
0,378,0.0
0,379,0.0
0,380,0.0
0,381,0.0
0,382,0.0
0,383,0.0
0,384,0.0
0,385,0.0
0,386,0.0
0,387,0.0
0,388,0.0
0,389,0.0
0,390,0.0
0,391,0.0
0,392,0.0
0,393,0.0
0,394,0.0
0,395,0.0
0,396,0.0
0,397,0.0
0,398,0.0
0,399,0.0
0,400,0.0
0,401,0.0
0,402,0.0
0,403,0.0
0,404,0.0
0,405,0.0
0,406,0.0
0,407,0.0
0,408,0.0
0,409,0.0
0,410,0.0
0,411,0.0
0,412,0.0
0,413,0.0
0,414,0.0
0,415,0.0
0,416,0.0
0,417,0.0
0,418,0.0
0,419,0.0
0,420,0.0
0,421,0.0
0,422,0.0
0,423,0.0
0,424,0.0
0,425,0.0
0,426,0.0
0,427,0.0
0,428,0.0
0,429,0.0
0,430,0.0
0,431,0.0
0,432,0.0
0,433,0.0
0,434,0.0
0,435,0.0
0,436,0.0
0,437,0.0
0,438,0.0
0,439,0.0
0,440,0.0
0,441,0.0
0,442,0.0
0,443,0.0
0,444,0.0
0,445,0.0
0,446,0.0
0,447,0.0
0,448,0.0
0,449,0.0
0,450,0.0
0,451,0.0
0,452,0.0
0,453,0.0
0,454,0.0
0,455,0.0
0,456,0.0
0,457,0.0
0,458,0.0
0,459,0.0
0,460,0.0
0,461,0.0
0,462,0.0
0,463,0.0
0,464,0.0
0,465,0.0
0,466,0.0
0,467,0.0
0,468,0.0
0,469,0.0
0,470,0.0
0,471,0.0
0,472,0.0
0,473,0.0
0,474,0.0
0,475,0.0
0,476,0.0
0,477,0.0
0,478,0.0
0,479,0.0
0,480,0.0
0,481,0.0
0,482,0.0
0,483,0.0
0,484,0.0
0,485,0.0
0,486,0.0
0,487,0.0
0,488,0.0
0,489,0.0
0,490,0.0
0,491,0.0
0,492,0.0
0,493,0.0
0,494,0.0
0,495,0.0
0,496,0.0
0,497,0.0
0,498,0.0
0,499,0.0
0,500,0.0
0,501,0.0
0,502,0.0
0,503,0.0
0,504,0.0
0,505,0.0
0,506,0.0
0,507,0.0
0,508,0.0
0,509,0.0
0,510,0.0
0,511,0.0
0,512,0.0
0,513,0.0
0,514,0.0
0,515,0.0
0,516,0.0
0,517,0.0
0,518,0.0
0,519,0.0
0,520,0.0
0,521,0.0
0,522,0.0
0,523,0.0
0,524,0.0
0,525,0.0
0,526,0.0
0,527,0.0
0,528,0.0
0,529,0.0
0,530,0.0
0,531,0.0
0,532,0.0
0,533,0.0
0,534,0.0
0,535,0.0
0,536,0.0
0,537,0.0
0,538,0.0
0,539,0.0
0,540,0.0
0,541,0.0
0,542,0.0
0,543,0.0
0,544,0.0
0,545,0.0
0,546,0.0
0,547,0.0
0,548,0.0
0,549,0.0
0,550,0.0
0,551,0.0
0,552,0.0
0,553,0.0
0,554,0.0
0,555,0.0
0,556,0.0
0,557,0.0
0,558,0.0
0,559,0.0
0,560,0.0
0,561,0.0
0,562,0.0
0,563,0.0
0,564,0.0
0,565,0.0
0,566,0.0
0,567,0.0
0,568,0.0
0,569,0.0
0,570,0.0
0,571,0.0
0,572,0.0
0,573,0.0
0,574,0.0
0,575,0.0
0,576,0.0
0,577,0.0
0,578,0.0
0,579,0.0
0,580,0.0
0,581,0.0
0,582,0.0
0,583,0.0
0,584,0.0
0,585,0.0
0,586,0.0
0,587,0.0
0,588,0.0
0,589,0.0
0,590,0.0
0,591,0.0
0,592,0.0
0,593,0.0
0,594,0.0
0,595,0.0
0,596,0.0
0,597,0.0
0,598,0.0
0,599,0.0
0,600,0.0
0,601,0.0
0,602,0.0
0,603,0.0
0,604,0.0
0,605,0.0
0,606,0.0
0,607,0.0
0,608,0.0
0,609,0.0
0,610,0.0
0,611,0.0
0,612,0.0
0,613,0.0
0,614,0.0
0,615,0.0
0,616,0.0
0,617,0.0
0,618,0.0
0,619,0.0
0,620,0.0
0,621,0.0
0,622,0.0
0,623,0.0
0,624,0.0
0,625,0.0
0,626,0.0
0,627,0.0
0,628,0.0
0,629,0.0
0,630,0.0
0,631,0.0
0,632,0.0
0,633,0.0
0,634,0.0
0,635,0.0
0,636,0.0
0,637,0.0
0,638,0.0
0,639,0.0
0,640,0.0
0,641,0.0
0,642,0.0
0,643,0.0
0,644,0.0
0,645,0.0
0,646,0.0
0,647,0.0
0,648,0.0
0,649,0.0
0,650,0.0
0,651,0.0
0,652,0.0
0,653,0.0
0,654,0.0
0,655,0.0
0,656,0.0
0,657,0.0
0,658,0.0
0,659,0.0
0,660,0.0
0,661,0.0
0,662,0.0
0,663,0.0
0,664,0.0
0,665,0.0
0,666,0.0
0,667,0.0
0,668,0.0
0,669,0.0
0,670,0.0
0,671,0.0
0,672,0.0
0,673,0.0
0,674,0.0
0,675,0.0
0,676,0.0
0,677,0.0
0,678,0.0
0,679,0.0
0,680,0.0
0,681,0.0
0,682,0.0
0,683,0.0
0,684,0.0
0,685,0.0
0,686,0.0
0,687,0.0
0,688,0.0
0,689,0.0
0,690,0.0
0,691,0.0
0,692,0.0
0,693,0.0
0,694,0.0
0,695,0.0
0,696,0.0
0,697,0.0
0,698,0.0
0,699,0.0
0,700,0.0
0,701,0.0
0,702,0.0
0,703,0.0
0,704,0.0
0,705,0.0
0,706,0.0
0,707,0.0
0,708,0.0
0,709,0.0
0,710,0.0
0,711,0.0
0,712,0.0
0,713,0.0
0,714,0.0
0,715,0.0
0,716,0.0
0,717,0.0
0,718,0.0
0,719,0.0
0,720,0.0
0,721,0.0
0,722,0.0
0,723,0.0
0,724,0.0
0,725,0.0
0,726,0.0
0,727,0.0
0,728,0.0
0,729,0.0
0,730,0.0
0,731,0.0
0,732,0.0
0,733,0.0
0,734,0.0
0,735,0.0
0,736,0.0
0,737,0.0
0,738,0.0
0,739,0.0
0,740,0.0
0,741,0.0
0,742,0.0
0,743,0.0
0,744,0.0
0,745,0.0
0,746,0.0
0,747,0.0
0,748,0.0
0,749,0.0
0,750,0.0
0,751,0.0
0,752,0.0
0,753,0.0
0,754,0.0
0,755,0.0
0,756,0.0
0,757,0.0
0,758,0.0
0,759,0.0
0,760,0.0
0,761,0.0
0,762,0.0
0,763,0.0
0,764,0.0
0,765,0.0
0,766,0.0
0,767,0.0
0,768,0.0
0,769,0.0
0,770,0.0
0,771,0.0
0,772,0.0
0,773,0.0
0,774,0.0
0,775,0.0
0,776,0.0
0,777,0.0
0,778,0.0
0,779,0.0
0,780,0.0
0,781,0.0
0,782,0.0
0,783,0.0
0,784,0.0
0,785,0.0
0,786,0.0
0,787,0.0
0,788,0.0
0,789,0.0
0,790,0.0
0,791,0.0
0,792,0.0
0,793,0.0
0,794,0.0
0,795,0.0
0,796,0.0
0,797,0.0
0,798,0.0
0,799,0.0
0,800,0.0
0,801,0.0
0,802,0.0
0,803,0.0
0,804,0.0
0,805,0.0
0,806,0.0
0,807,0.0
0,808,0.0
0,809,0.0
0,810,0.0
0,811,0.0
0,812,0.0
0,813,0.0
0,814,0.0
0,815,0.0
0,816,0.0
0,817,0.0
0,818,0.0
0,819,0.0
0,820,0.0
0,821,0.0
0,822,0.0
0,823,0.0
0,824,0.0
0,825,0.0
0,826,0.0
0,827,0.0
0,828,0.0
0,829,0.0
0,830,0.0
0,831,0.0
0,832,0.0
0,833,0.0
0,834,0.0
0,835,0.0
0,836,0.0
0,837,0.0
0,838,0.0
0,839,0.0
0,840,0.0
0,841,0.0
0,842,0.0
0,843,0.0
0,844,0.0
0,845,0.0
0,846,0.0
0,847,0.0
0,848,0.0
0,849,0.0
0,850,0.0
0,851,0.0
0,852,0.0
0,853,0.0
0,854,0.0
0,855,0.0
0,856,0.0
0,857,0.0
0,858,0.0
0,859,0.0
0,860,0.0
0,861,0.0
0,862,0.0
0,863,0.0
0,864,0.0
0,865,0.0
0,866,0.0
0,867,0.0
0,868,0.0
0,869,0.0
0,870,0.0
0,871,0.0
0,872,0.0
0,873,0.0
0,874,0.0
0,875,0.0
0,876,0.0
0,877,0.0
0,878,0.0
0,879,0.0
0,880,0.0
0,881,0.0
0,882,0.0
0,883,0.0
0,884,0.0
0,885,0.0
0,886,0.0
0,887,0.0
0,888,0.0
0,889,0.0
0,890,0.0
0,891,0.0
0,892,0.0
0,893,0.0
0,894,0.0
0,895,0.0
0,896,0.0
0,897,0.0
0,898,0.0
0,899,0.0
0,900,0.0
0,901,0.0
0,902,0.0
0,903,0.0
0,904,0.0
0,905,0.0
0,906,0.0
0,907,0.0
0,908,0.0
0,909,0.0
0,910,0.0
0,911,0.0
0,912,0.0
0,913,0.0
0,914,0.0
0,915,0.0
0,916,0.0
0,917,0.0
0,918,0.0
0,919,0.0
0,920,0.0
0,921,0.0
0,922,0.0
0,923,0.0
0,924,0.0
0,925,0.0
0,926,0.0
0,927,0.0
0,928,0.0
0,929,0.0
0,930,0.0
0,931,0.0
0,932,0.0
0,933,0.0
0,934,0.0
0,935,0.0
0,936,0.0
0,937,0.0
0,938,0.0
0,939,0.0
0,940,0.0
0,941,0.0
0,942,0.0
0,943,0.0
0,944,0.0
0,945,0.0
0,946,0.0
0,947,0.0
0,948,0.0
0,949,0.0
0,950,0.0
0,951,0.0
0,952,0.0
0,953,0.0
0,954,0.0
0,955,0.0
0,956,0.0
0,957,0.0
0,958,0.0
0,959,0.0
0,960,0.0
0,961,0.0
0,962,0.0
0,963,0.0
0,964,0.0
0,965,0.0
0,966,0.0
0,967,0.0
0,968,0.0
0,969,0.0
0,970,0.0
0,971,0.0
0,972,0.0
0,973,0.0
0,974,0.0
0,975,0.0
0,976,0.0
0,977,0.0
0,978,0.0
0,979,0.0
0,980,0.0
0,981,0.0
0,982,0.0
0,983,0.0
0,984,0.0
0,985,0.0
0,986,0.0
0,987,0.0
0,988,0.0
0,989,0.0
0,990,0.0
0,991,0.0
0,992,0.0
0,993,0.0
0,994,0.0
0,995,0.0
0,996,0.0
0,997,0.0
0,998,0.0
0,999,0.0
0,1000,0.0
0,1001,0.0
0,1002,0.0
0,1003,0.0
0,1004,0.0
0,1005,0.0
0,1006,0.0
0,1007,0.0
0,1008,0.0
0,1009,0.0
0,1010,0.0
0,1011,0.0
0,1012,0.0
0,1013,0.0
0,1014,0.0
0,1015,0.0
0,1016,0.0
0,1017,0.0
0,1018,0.0
0,1019,0.0
0,1020,0.0
0,1021,0.0
0,1022,0.0
0,1023,0.0
0,1024,0.0
0,1025,0.0
0,1026,0.0
0,1027,0.0
0,1028,0.0
0,1029,0.0
0,1030,0.0
0,1031,0.0
0,1032,0.0
0,1033,0.0
0,1034,0.0
0,1035,0.0
0,1036,0.0
0,1037,0.0
0,1038,0.0
0,1039,0.0
0,1040,0.0
0,1041,0.0
0,1042,0.0
0,1043,0.0
0,1044,0.0
0,1045,0.0
0,1046,0.0
0,1047,0.0
0,1048,0.0
0,1049,0.0
0,1050,0.0
0,1051,0.0
0,1052,0.0
0,1053,0.0
0,1054,0.0
0,1055,0.0
0,1056,0.0
0,1057,0.0
0,1058,0.0
0,1059,0.0
0,1060,0.0
0,1061,0.0
0,1062,0.0
0,1063,0.0
0,1064,0.0
0,1065,0.0
0,1066,0.0
0,1067,0.0
0,1068,0.0
0,1069,0.0
0,1070,0.0
0,1071,0.0
0,1072,0.0
0,1073,0.0
0,1074,0.0
0,1075,0.0
0,1076,0.0
0,1077,0.0
0,1078,0.0
0,1079,0.0
0,1080,0.0
0,1081,0.0
0,1082,0.0
0,1083,0.0
0,1084,0.0
0,1085,0.0
0,1086,0.0
0,1087,0.0
0,1088,0.0
0,1089,0.0
0,1090,0.0
0,1091,0.0
0,1092,0.0
0,1093,0.0
0,1094,0.0
0,1095,0.0
0,1096,0.0
0,1097,0.0
0,1098,0.0
0,1099,0.0
0,1100,0.0
0,1101,0.0
0,1102,0.0
0,1103,0.0
0,1104,0.0
0,1105,0.0
0,1106,0.0
0,1107,0.0
0,1108,0.0
0,1109,0.0
0,1110,0.0
0,1111,0.0
0,1112,0.0
0,1113,0.0
0,1114,0.0
0,1115,0.0
0,1116,0.0
0,1117,0.0
0,1118,0.0
0,1119,0.0
0,1120,0.0
0,1121,0.0
0,1122,0.0
0,1123,0.0
0,1124,0.0
0,1125,0.0
0,1126,0.0
0,1127,0.0
0,1128,0.0
0,1129,0.0
0,1130,0.0
0,1131,0.0
0,1132,0.0
0,1133,0.0
0,1134,0.0
0,1135,0.0
0,1136,0.0
0,1137,0.0
0,1138,0.0
0,1139,0.0
0,1140,0.0
0,1141,0.0
0,1142,0.0
0,1143,0.0
0,1144,0.0
0,1145,0.0
0,1146,0.0
0,1147,0.0
0,1148,0.0
0,1149,0.0
0,1150,0.0
0,1151,0.0
0,1152,0.0
0,1153,0.0
0,1154,0.0
0,1155,0.0
0,1156,0.0
0,1157,0.0
0,1158,0.0
0,1159,0.0
0,1160,0.0
0,1161,0.0
0,1162,0.0
0,1163,0.0
0,1164,0.0
0,1165,0.0
0,1166,0.0
0,1167,0.0
0,1168,0.0
0,1169,0.0
0,1170,0.0
0,1171,0.0
0,1172,0.0
0,1173,0.0
0,1174,0.0
0,1175,0.0
0,1176,0.0
0,1177,0.0
0,1178,0.0
0,1179,0.0
0,1180,0.0
0,1181,0.0
0,1182,0.0
0,1183,0.0
0,1184,0.0
0,1185,0.0
0,1186,0.0
0,1187,0.0
0,1188,0.0
0,1189,0.0
0,1190,0.0
0,1191,0.0
0,1192,0.0
0,1193,0.0
0,1194,0.0
0,1195,0.0
0,1196,0.0
0,1197,0.0
0,1198,0.0
0,1199,0.0
0,1200,0.0
0,1201,0.0
0,1202,0.0
0,1203,0.0
0,1204,0.0
0,1205,0.0
0,1206,0.0
0,1207,0.0
0,1208,0.0
0,1209,0.0
0,1210,0.0
0,1211,0.0
0,1212,0.0
0,1213,0.0
0,1214,0.0
0,1215,0.0
0,1216,0.0
0,1217,0.0
0,1218,0.0
0,1219,0.0
0,1220,0.0
0,1221,0.0
0,1222,0.0
0,1223,0.0
0,1224,0.0
0,1225,0.0
0,1226,0.0
0,1227,0.0
0,1228,0.0
0,1229,0.0
0,1230,0.0
0,1231,0.0
0,1232,0.0
0,1233,0.0
0,1234,0.0
0,1235,0.0
0,1236,0.0
0,1237,0.0
0,1238,0.0
0,1239,0.0
0,1240,0.0
0,1241,0.0
0,1242,0.0
0,1243,0.0
0,1244,0.0
0,1245,0.0
0,1246,0.0
0,1247,0.0
0,1248,0.0
0,1249,0.0
0,1250,0.0
0,1251,0.0
0,1252,0.0
0,1253,0.0
0,1254,0.0
0,1255,0.0
0,1256,0.0
0,1257,0.0
0,1258,0.0
0,1259,0.0
0,1260,0.0
0,1261,0.0
0,1262,0.0
0,1263,0.0
0,1264,0.0
0,1265,0.0
0,1266,0.0
0,1267,0.0
0,1268,0.0
0,1269,0.0
0,1270,0.0
0,1271,0.0
0,1272,0.0
0,1273,0.0
0,1274,0.0
0,1275,0.0
0,1276,0.0
0,1277,0.0
0,1278,0.0
0,1279,0.0
0,1280,0.0
0,1281,0.0
0,1282,0.0
0,1283,0.0
0,1284,0.0
0,1285,0.0
0,1286,0.0
0,1287,0.0
0,1288,0.0
0,1289,0.0
0,1290,0.0
0,1291,0.0
0,1292,0.0
0,1293,0.0
0,1294,0.0
0,1295,0.0
0,1296,0.0
0,1297,0.0
0,1298,0.0
0,1299,0.0
0,1300,0.0
0,1301,0.0
0,1302,0.0
0,1303,0.0
0,1304,0.0
0,1305,0.0
0,1306,0.0
0,1307,0.0
0,1308,0.0
0,1309,0.0
0,1310,0.0
0,1311,0.0
0,1312,0.0
0,1313,0.0
0,1314,0.0
0,1315,0.0
0,1316,0.0
0,1317,0.0
0,1318,0.0
0,1319,0.0
0,1320,0.0
0,1321,0.0
0,1322,0.0
0,1323,0.0
0,1324,0.0
0,1325,0.0
0,1326,0.0
0,1327,0.0
0,1328,0.0
0,1329,0.0
0,1330,0.0
0,1331,0.0
0,1332,0.0
0,1333,0.0
0,1334,0.0
0,1335,0.0
0,1336,0.0
0,1337,0.0
0,1338,0.0
0,1339,0.0
0,1340,0.0
0,1341,0.0
0,1342,0.0
0,1343,0.0
0,1344,0.0
0,1345,0.0
0,1346,0.0
0,1347,0.0
0,1348,0.0
0,1349,0.0
0,1350,0.0
0,1351,0.0
0,1352,0.0
0,1353,0.0
0,1354,0.0
0,1355,0.0
0,1356,0.0
0,1357,0.0
0,1358,0.0
0,1359,0.0
0,1360,0.0
0,1361,0.0
0,1362,0.0
0,1363,0.0
0,1364,0.0
0,1365,0.0
0,1366,0.0
0,1367,0.0
0,1368,0.0
0,1369,0.0
0,1370,0.0
0,1371,0.0
0,1372,0.0
0,1373,0.0
0,1374,0.0
0,1375,0.0
0,1376,0.0
0,1377,0.0
0,1378,0.0
0,1379,0.0
0,1380,0.0
0,1381,0.0
0,1382,0.0
0,1383,0.0
0,1384,0.0
0,1385,0.0
0,1386,0.0
0,1387,0.0
0,1388,0.0
0,1389,0.0
0,1390,0.0
0,1391,0.0
0,1392,0.0
0,1393,0.0
0,1394,0.0
0,1395,0.0
0,1396,0.0
0,1397,0.0
0,1398,0.0
0,1399,0.0
0,1400,0.0
0,1401,0.0
0,1402,0.0
0,1403,0.0
0,1404,0.0
0,1405,0.0
0,1406,0.0
0,1407,0.0
0,1408,0.0
0,1409,0.0
0,1410,0.0
0,1411,0.0
0,1412,0.0
0,1413,0.0
0,1414,0.0
0,1415,0.0
0,1416,0.0
0,1417,0.0
0,1418,0.0
0,1419,0.0
0,1420,0.0
0,1421,0.0
0,1422,0.0
0,1423,0.0
0,1424,0.0
0,1425,0.0
0,1426,0.0
0,1427,0.0
0,1428,0.0
0,1429,0.0
0,1430,0.0
0,1431,0.0
0,1432,0.0
0,1433,0.0
0,1434,0.0
0,1435,0.0
0,1436,0.0
0,1437,0.0
0,1438,0.0
0,1439,0.0
0,1440,0.0
0,1441,0.0
0,1442,0.0
0,1443,0.0
0,1444,0.0
0,1445,0.0
0,1446,0.0
0,1447,0.0
0,1448,0.0
0,1449,0.0
0,1450,0.0
0,1451,0.0
0,1452,0.0
0,1453,0.0
0,1454,0.0
0,1455,0.0
0,1456,0.0
0,1457,0.0
0,1458,0.0
0,1459,0.0
0,1460,0.0
0,1461,0.0
0,1462,0.0
0,1463,0.0
0,1464,0.0
0,1465,0.0
0,1466,0.0
0,1467,0.0
0,1468,0.0
0,1469,0.0
0,1470,0.0
0,1471,0.0
0,1472,0.0
0,1473,0.0
0,1474,0.0
0,1475,0.0
0,1476,0.0
0,1477,0.0
0,1478,0.0
0,1479,0.0
0,1480,0.0
0,1481,0.0
0,1482,0.0
0,1483,0.0
0,1484,0.0
0,1485,0.0
0,1486,0.0
0,1487,0.0
0,1488,0.0
0,1489,0.0
0,1490,0.0
0,1491,0.0
0,1492,0.0
0,1493,0.0
0,1494,0.0
0,1495,0.0
0,1496,0.0
0,1497,0.0
0,1498,0.0
0,1499,0.0
0,1500,0.0
0,1501,0.0
0,1502,0.0
0,1503,0.0
0,1504,0.0
0,1505,0.0
0,1506,0.0
0,1507,0.0
0,1508,0.0
0,1509,0.0
0,1510,0.0
0,1511,0.0
0,1512,0.0
0,1513,0.0
0,1514,0.0
0,1515,0.0
0,1516,0.0
0,1517,0.0
0,1518,0.0
0,1519,0.0
0,1520,0.0
0,1521,0.0
0,1522,0.0
0,1523,0.0
0,1524,0.0
0,1525,0.0
0,1526,0.0
0,1527,0.0
0,1528,0.0
0,1529,0.0
0,1530,0.0
0,1531,0.0
0,1532,0.0
0,1533,0.0
0,1534,0.0
0,1535,0.0
0,1536,0.0
0,1537,0.0
0,1538,0.0
0,1539,0.0
0,1540,0.0
0,1541,0.0
0,1542,0.0
0,1543,0.0
0,1544,0.0
0,1545,0.0
0,1546,0.0
0,1547,0.0
0,1548,0.0
0,1549,0.0
0,1550,0.0
0,1551,0.0
0,1552,0.0
0,1553,0.0
0,1554,0.0
0,1555,0.0
0,1556,0.0
0,1557,0.0
0,1558,0.0
0,1559,0.0
0,1560,0.0
0,1561,0.0
0,1562,0.0
0,1563,0.0
0,1564,0.0
0,1565,0.0
0,1566,0.0
0,1567,0.0
0,1568,0.0
0,1569,0.0
0,1570,0.0
0,1571,0.0
0,1572,0.0
0,1573,0.0
0,1574,0.0
0,1575,0.0
0,1576,0.0
0,1577,0.0
0,1578,0.0
0,1579,0.0
0,1580,0.0
0,1581,0.0
0,1582,0.0
0,1583,0.0
0,1584,0.0
0,1585,0.0
0,1586,0.0
0,1587,0.0
0,1588,0.0
0,1589,0.0
0,1590,0.0
0,1591,0.0
0,1592,0.0
0,1593,0.0
0,1594,0.0
0,1595,0.0
0,1596,0.0
0,1597,0.0
0,1598,0.0
0,1599,0.0
0,1600,0.0
0,1601,0.0
0,1602,0.0
0,1603,0.0
0,1604,0.0
0,1605,0.0
0,1606,0.0
0,1607,0.0
0,1608,0.0
0,1609,0.0
0,1610,0.0
0,1611,0.0
0,1612,0.0
0,1613,0.0
0,1614,0.0
0,1615,0.0
0,1616,0.0
0,1617,0.0
0,1618,0.0
0,1619,0.0
0,1620,0.0
0,1621,0.0
0,1622,0.0
0,1623,0.0
0,1624,0.0
0,1625,0.0
0,1626,0.0
0,1627,0.0
0,1628,0.0
0,1629,0.0
0,1630,0.0
0,1631,0.0
0,1632,0.0
0,1633,0.0
0,1634,0.0
0,1635,0.0
0,1636,0.0
0,1637,0.0
0,1638,0.0
0,1639,0.0
0,1640,0.0
0,1641,0.0
0,1642,0.0
0,1643,0.0
0,1644,0.0
0,1645,0.0
0,1646,0.0
0,1647,0.0
0,1648,0.0
0,1649,0.0
0,1650,0.0
0,1651,0.0
0,1652,0.0
0,1653,0.0
0,1654,0.0
0,1655,0.0
0,1656,0.0
0,1657,0.0
0,1658,0.0
0,1659,0.0
0,1660,0.0
0,1661,0.0
0,1662,0.0
0,1663,0.0
0,1664,0.0
0,1665,0.0
0,1666,0.0
0,1667,0.0
0,1668,0.0
0,1669,0.0
0,1670,0.0
0,1671,0.0
0,1672,0.0
0,1673,0.0
0,1674,0.0
0,1675,0.0
0,1676,0.0
0,1677,0.0
0,1678,0.0
0,1679,0.0
0,1680,0.0
0,1681,0.0
0,1682,0.0
0,1683,0.0
0,1684,0.0
0,1685,0.0
0,1686,0.0
0,1687,0.0
0,1688,0.0
0,1689,0.0
0,1690,0.0
0,1691,0.0
0,1692,0.0
0,1693,0.0
0,1694,0.0
0,1695,0.0
0,1696,0.0
0,1697,0.0
0,1698,0.0
0,1699,0.0
0,1700,0.0
0,1701,0.0
0,1702,0.0
0,1703,0.0
0,1704,0.0
0,1705,0.0
0,1706,0.0
0,1707,0.0
0,1708,0.0
0,1709,0.0
0,1710,0.0
0,1711,0.0
0,1712,0.0
0,1713,0.0
0,1714,0.0
0,1715,0.0
0,1716,0.0
0,1717,0.0
0,1718,0.0
0,1719,0.0
0,1720,0.0
0,1721,0.0
0,1722,0.0
0,1723,0.0
0,1724,0.0
0,1725,0.0
0,1726,0.0
0,1727,0.0
0,1728,0.0
0,1729,0.0
0,1730,0.0
0,1731,0.0
0,1732,0.0
0,1733,0.0
0,1734,0.0
0,1735,0.0
0,1736,0.0
0,1737,0.0
0,1738,0.0
0,1739,0.0
0,1740,0.0
0,1741,0.0
0,1742,0.0
0,1743,0.0
0,1744,0.0
0,1745,0.0
0,1746,0.0
0,1747,0.0
0,1748,0.0
0,1749,0.0
0,1750,0.0
0,1751,0.0
0,1752,0.0
0,1753,0.0
0,1754,0.0
0,1755,0.0
0,1756,0.0
0,1757,0.0
0,1758,0.0
0,1759,0.0
0,1760,0.0
0,1761,0.0
0,1762,0.0
0,1763,0.0
0,1764,0.0
0,1765,0.0
0,1766,0.0
0,1767,0.0
0,1768,0.0
0,1769,0.0
0,1770,0.0
0,1771,0.0
0,1772,0.0
0,1773,0.0
0,1774,0.0
0,1775,0.0
0,1776,0.0
0,1777,0.0
0,1778,0.0
0,1779,0.0
0,1780,0.0
0,1781,0.0
0,1782,0.0
0,1783,0.0
0,1784,0.0
0,1785,0.0
0,1786,0.0
0,1787,0.0
0,1788,0.0
0,1789,0.0
0,1790,0.0
0,1791,0.0
0,1792,0.0
0,1793,0.0
0,1794,0.0
0,1795,0.0
0,1796,0.0
0,1797,0.0
0,1798,0.0
0,1799,0.0
0,1800,0.0
0,1801,0.0
0,1802,0.0
0,1803,0.0
0,1804,0.0
0,1805,0.0
0,1806,0.0
0,1807,0.0
0,1808,0.0
0,1809,0.0
0,1810,0.0
0,1811,0.0
0,1812,0.0
0,1813,0.0
0,1814,0.0
0,1815,0.0
0,1816,0.0
0,1817,0.0
0,1818,0.0
0,1819,0.0
0,1820,0.0
0,1821,0.0
0,1822,0.0
0,1823,0.0
0,1824,0.0
0,1825,0.0
0,1826,0.0
0,1827,0.0
0,1828,0.0
0,1829,0.0
0,1830,0.0
0,1831,0.0
0,1832,0.0
0,1833,0.0
0,1834,0.0
0,1835,0.0
0,1836,0.0
0,1837,0.0
0,1838,0.0
0,1839,0.0
0,1840,0.0
0,1841,0.0
0,1842,0.0
0,1843,0.0
0,1844,0.0
0,1845,0.0
0,1846,0.0
0,1847,0.0
0,1848,0.0
0,1849,0.0
0,1850,0.0
0,1851,0.0
0,1852,0.0
0,1853,0.0
0,1854,0.0
0,1855,0.0
0,1856,0.0
0,1857,0.0
0,1858,0.0
0,1859,0.0
0,1860,0.0
0,1861,0.0
0,1862,0.0
0,1863,0.0
0,1864,0.0
0,1865,0.0
0,1866,0.0
0,1867,0.0
0,1868,0.0
0,1869,0.0
0,1870,0.0
0,1871,0.0
0,1872,0.0
0,1873,0.0
0,1874,0.0
0,1875,0.0
0,1876,0.0
0,1877,0.0
0,1878,0.0
0,1879,0.0
0,1880,0.0
0,1881,0.0
0,1882,0.0
0,1883,0.0
0,1884,0.0
0,1885,0.0
0,1886,0.0
0,1887,0.0
0,1888,0.0
0,1889,0.0
0,1890,0.0
0,1891,0.0
0,1892,0.0
0,1893,0.0
0,1894,0.0
0,1895,0.0
0,1896,0.0
0,1897,0.0
0,1898,0.0
0,1899,0.0
0,1900,0.0
0,1901,0.0
0,1902,0.0
0,1903,0.0
0,1904,0.0
0,1905,0.0
0,1906,0.0
0,1907,0.0
0,1908,0.0
0,1909,0.0
0,1910,0.0
0,1911,0.0
0,1912,0.0
0,1913,0.0
0,1914,0.0
0,1915,0.0
0,1916,0.0
0,1917,0.0
0,1918,0.0
0,1919,0.0
0,1920,0.0
0,1921,0.0
0,1922,0.0
0,1923,0.0
0,1924,0.0
0,1925,0.0
0,1926,0.0
0,1927,0.0
0,1928,0.0
0,1929,0.0
0,1930,0.0
0,1931,0.0
0,1932,0.0
0,1933,0.0
0,1934,0.0
0,1935,0.0
0,1936,0.0
0,1937,0.0
0,1938,0.0
0,1939,0.0
0,1940,0.0
0,1941,0.0
0,1942,0.0
0,1943,0.0
0,1944,0.0
0,1945,0.0
0,1946,0.0
0,1947,0.0
0,1948,0.0
0,1949,0.0
0,1950,0.0
0,1951,0.0
0,1952,0.0
0,1953,0.0
0,1954,0.0
0,1955,0.0
0,1956,0.0
0,1957,0.0
0,1958,0.0
0,1959,0.0
0,1960,0.0
0,1961,0.0
0,1962,0.0
0,1963,0.0
0,1964,0.0
0,1965,0.0
0,1966,0.0
0,1967,0.0
0,1968,0.0
0,1969,0.0
0,1970,0.0
0,1971,0.0
0,1972,0.0
0,1973,0.0
0,1974,0.0
0,1975,0.0
0,1976,0.0
0,1977,0.0
0,1978,0.0
0,1979,0.0
0,1980,0.0
0,1981,0.0
0,1982,0.0
0,1983,0.0
0,1984,0.0
0,1985,0.0
0,1986,0.0
0,1987,0.0
0,1988,0.0
0,1989,0.0
0,1990,0.0
0,1991,0.0
0,1992,0.0
0,1993,0.0
0,1994,0.0
0,1995,0.0
0,1996,0.0
0,1997,0.0
0,1998,0.0
0,1999,0.0
0,2000,0.0
0,2001,0.0
0,2002,0.0
0,2003,0.0
0,2004,0.0
0,2005,0.0
0,2006,0.0
0,2007,0.0
0,2008,0.0
0,2009,0.0
0,2010,0.0
0,2011,0.0
0,2012,0.0
0,2013,0.0
0,2014,0.0
0,2015,0.0
0,2016,0.0
0,2017,0.0
0,2018,0.0
0,2019,0.0
0,2020,0.0
0,2021,0.0
0,2022,0.0
0,2023,0.0
0,2024,0.0
0,2025,0.0
0,2026,0.0
0,2027,0.0
0,2028,0.0
0,2029,0.0
0,2030,0.0
0,2031,0.0
0,2032,0.0
0,2033,0.0
0,2034,0.0
0,2035,0.0
0,2036,0.0
0,2037,0.0
0,2038,0.0
0,2039,0.0
0,2040,0.0
0,2041,0.0
0,2042,0.0
0,2043,0.0
0,2044,0.0
0,2045,0.0
0,2046,0.0
0,2047,0.0
0,2048,0.0
0,2049,0.0
0,2050,0.0
0,2051,0.0
0,2052,0.0
0,2053,0.0
0,2054,0.0
0,2055,0.0
0,2056,0.0
0,2057,0.0
0,2058,0.0
0,2059,0.0
0,2060,0.0
0,2061,0.0
0,2062,0.0
0,2063,0.0
0,2064,0.0
0,2065,0.0
0,2066,0.0
0,2067,0.0
0,2068,0.0
0,2069,0.0
0,2070,0.0
0,2071,0.0
0,2072,0.0
0,2073,0.0
0,2074,0.0
0,2075,0.0
0,2076,0.0
0,2077,0.0
0,2078,0.0
0,2079,0.0
0,2080,0.0
0,2081,0.0
0,2082,0.0
0,2083,0.0
0,2084,0.0
0,2085,0.0
0,2086,0.0
0,2087,0.0
0,2088,0.0
0,2089,0.0
0,2090,0.0
0,2091,0.0
0,2092,0.0
0,2093,0.0
0,2094,0.0
0,2095,0.0
0,2096,0.0
0,2097,0.0
0,2098,0.0
0,2099,0.0
0,2100,0.0
0,2101,0.0
0,2102,0.0
0,2103,0.0
0,2104,0.0
0,2105,0.0
0,2106,0.0
0,2107,0.0
0,2108,0.0
0,2109,0.0
0,2110,0.0
0,2111,0.0
0,2112,0.0
0,2113,0.0
0,2114,0.0
0,2115,0.0
0,2116,0.0
0,2117,0.0
0,2118,0.0
0,2119,0.0
0,2120,0.0
0,2121,0.0
0,2122,0.0
0,2123,0.0
0,2124,0.0
0,2125,0.0
0,2126,0.0
0,2127,0.0
0,2128,0.0
0,2129,0.0
0,2130,0.0
0,2131,0.0
0,2132,0.0
0,2133,0.0
0,2134,0.0
0,2135,0.0
0,2136,0.0
0,2137,0.0
0,2138,0.0
0,2139,0.0
0,2140,0.0
0,2141,0.0
0,2142,0.0
0,2143,0.0
0,2144,0.0
0,2145,0.0
0,2146,0.0
0,2147,0.0
0,2148,0.0
0,2149,0.0
0,2150,0.0
0,2151,0.0
0,2152,0.0
0,2153,0.0
0,2154,0.0
0,2155,0.0
0,2156,0.0
0,2157,0.0
0,2158,0.0
0,2159,0.0
0,2160,0.0
0,2161,0.0
0,2162,0.0
0,2163,0.0
0,2164,0.0
0,2165,0.0
0,2166,0.0
0,2167,0.0
0,2168,0.0
0,2169,0.0
0,2170,0.0
0,2171,0.0
0,2172,0.0
0,2173,0.0
0,2174,0.0
0,2175,0.0
0,2176,0.0
0,2177,0.0
0,2178,0.0
0,2179,0.0
0,2180,0.0
0,2181,0.0
0,2182,0.0
0,2183,0.0
0,2184,0.0
0,2185,0.0
0,2186,0.0
0,2187,0.0
0,2188,0.0
0,2189,0.0
0,2190,0.0
0,2191,0.0
0,2192,0.0
0,2193,0.0
0,2194,0.0
0,2195,0.0
0,2196,0.0
0,2197,0.0
0,2198,0.0
0,2199,0.0
0,2200,0.0
0,2201,0.0
0,2202,0.0
0,2203,0.0
0,2204,0.0
0,2205,0.0
0,2206,0.0
0,2207,0.0
0,2208,0.0
0,2209,0.0
0,2210,0.0
0,2211,0.0
0,2212,0.0
0,2213,0.0
0,2214,0.0
0,2215,0.0
0,2216,0.0
0,2217,0.0
0,2218,0.0
0,2219,0.0
0,2220,0.0
0,2221,0.0
0,2222,0.0
0,2223,0.0
0,2224,0.0
0,2225,0.0
0,2226,0.0
0,2227,0.0
0,2228,0.0
0,2229,0.0
0,2230,0.0
0,2231,0.0
0,2232,0.0
0,2233,0.0
0,2234,0.0
0,2235,0.0
0,2236,0.0
0,2237,0.0
0,2238,0.0
0,2239,0.0
0,2240,0.0
0,2241,0.0
0,2242,0.0
0,2243,0.0
0,2244,0.0
0,2245,0.0
0,2246,0.0
0,2247,0.0
0,2248,0.0
0,2249,0.0
0,2250,0.0
0,2251,0.0
0,2252,0.0
0,2253,0.0
0,2254,0.0
0,2255,0.0
0,2256,0.0
0,2257,0.0
0,2258,0.0
0,2259,0.0
0,2260,0.0
0,2261,0.0
0,2262,0.0
0,2263,0.0
0,2264,0.0
0,2265,0.0
0,2266,0.0
0,2267,0.0
0,2268,0.0
0,2269,0.0
0,2270,0.0
0,2271,0.0
0,2272,0.0
0,2273,0.0
0,2274,0.0
0,2275,0.0
0,2276,0.0
0,2277,0.0
0,2278,0.0
0,2279,0.0
0,2280,0.0
0,2281,0.0
0,2282,0.0
0,2283,0.0
0,2284,0.0
0,2285,0.0
0,2286,0.0
0,2287,0.0
0,2288,0.0
0,2289,0.0
0,2290,0.0
0,2291,0.0
0,2292,0.0
0,2293,0.0
0,2294,0.0
0,2295,0.0
0,2296,0.0
0,2297,0.0
0,2298,0.0
0,2299,0.0
0,2300,0.0
0,2301,0.0
0,2302,0.0
0,2303,0.0
0,2304,0.0
0,2305,0.0
0,2306,0.0
0,2307,0.0
0,2308,0.0
0,2309,0.0
0,2310,0.0
0,2311,0.0
0,2312,0.0
0,2313,0.0
0,2314,0.0
0,2315,0.0
0,2316,0.0
0,2317,0.0
0,2318,0.0
0,2319,0.0
0,2320,0.0
0,2321,0.0
0,2322,0.0
0,2323,0.0
0,2324,0.0
0,2325,0.0
0,2326,0.0
0,2327,0.0
0,2328,0.0
0,2329,0.0
0,2330,0.0
0,2331,0.0
0,2332,0.0
0,2333,0.0
0,2334,0.0
0,2335,0.0
0,2336,0.0
0,2337,0.0
0,2338,0.0
0,2339,0.0
0,2340,0.0
0,2341,0.0
0,2342,0.0
0,2343,0.0
0,2344,0.0
0,2345,0.0
0,2346,0.0
0,2347,0.0
0,2348,0.0
0,2349,0.0
0,2350,0.0
0,2351,0.0
0,2352,0.0
0,2353,0.0
0,2354,0.0
0,2355,0.0
0,2356,0.0
0,2357,0.0
0,2358,0.0
0,2359,0.0
0,2360,0.0
0,2361,0.0
0,2362,0.0
0,2363,0.0
0,2364,0.0
0,2365,0.0
0,2366,0.0
0,2367,0.0
0,2368,0.0
0,2369,0.0
0,2370,0.0
0,2371,0.0
0,2372,0.0
0,2373,0.0
0,2374,0.0
0,2375,0.0
0,2376,0.0
0,2377,0.0
0,2378,0.0
0,2379,0.0
0,2380,0.0
0,2381,0.0
0,2382,0.0
0,2383,0.0
0,2384,0.0
0,2385,0.0
0,2386,0.0
0,2387,0.0
0,2388,0.0
0,2389,0.0
0,2390,0.0
0,2391,0.0
0,2392,0.0
0,2393,0.0
0,2394,0.0
0,2395,0.0
0,2396,0.0
0,2397,0.0
0,2398,0.0
0,2399,0.0
0,2400,0.0
0,2401,0.0
0,2402,0.0
0,2403,0.0
0,2404,0.0
0,2405,0.0
0,2406,0.0
0,2407,0.0
0,2408,0.0
0,2409,0.0
0,2410,0.0
0,2411,0.0
0,2412,0.0
0,2413,0.0
0,2414,0.0
0,2415,0.0
0,2416,0.0
0,2417,0.0
0,2418,0.0
0,2419,0.0
0,2420,0.0
0,2421,0.0
0,2422,0.0
0,2423,0.0
0,2424,0.0
0,2425,0.0
0,2426,0.0
0,2427,0.0
0,2428,0.0
0,2429,0.0
0,2430,0.0
0,2431,0.0
0,2432,0.0
0,2433,0.0
0,2434,0.0
0,2435,0.0
0,2436,0.0
0,2437,0.0
0,2438,0.0
0,2439,0.0
0,2440,0.0
0,2441,0.0
0,2442,0.0
0,2443,0.0
0,2444,0.0
0,2445,0.0
0,2446,0.0
0,2447,0.0
0,2448,0.0
0,2449,0.0
0,2450,0.0
0,2451,0.0
0,2452,0.0
0,2453,0.0
0,2454,0.0
0,2455,0.0
0,2456,0.0
0,2457,0.0
0,2458,0.0
0,2459,0.0
0,2460,0.0
0,2461,0.0
0,2462,0.0
0,2463,0.0
0,2464,0.0
0,2465,0.0
0,2466,0.0
0,2467,0.0
0,2468,0.0
0,2469,0.0
0,2470,0.0
0,2471,0.0
0,2472,0.0
0,2473,0.0
0,2474,0.0
0,2475,0.0
0,2476,0.0
0,2477,0.0
0,2478,0.0
0,2479,0.0
0,2480,0.0
0,2481,0.0
0,2482,0.0
0,2483,0.0
0,2484,0.0
0,2485,0.0
0,2486,0.0
0,2487,0.0
0,2488,0.0
0,2489,0.0
0,2490,0.0
0,2491,0.0
0,2492,0.0
0,2493,0.0
0,2494,0.0
0,2495,0.0
0,2496,0.0
0,2497,0.0
0,2498,0.0
0,2499,0.0
0,2500,0.0
0,2501,0.0
0,2502,0.0
0,2503,0.0
0,2504,0.0
0,2505,0.0
0,2506,0.0
0,2507,0.0
0,2508,0.0
0,2509,0.0
0,2510,0.0
0,2511,0.0
0,2512,0.0
0,2513,0.0
0,2514,0.0
0,2515,0.0
0,2516,0.0
0,2517,0.0
0,2518,0.0
0,2519,0.0
0,2520,0.0
0,2521,0.0
0,2522,0.0
0,2523,0.0
0,2524,0.0
0,2525,0.0
0,2526,0.0
0,2527,0.0
0,2528,0.0
0,2529,0.0
0,2530,0.0
0,2531,0.0
0,2532,0.0
0,2533,0.0
0,2534,0.0
0,2535,0.0
0,2536,0.0
0,2537,0.0
0,2538,0.0
0,2539,0.0
0,2540,0.0
0,2541,0.0
0,2542,0.0
0,2543,0.0
0,2544,0.0
0,2545,0.0
0,2546,0.0
0,2547,0.0
0,2548,0.0
0,2549,0.0
0,2550,0.0
0,2551,0.0
0,2552,0.0
0,2553,0.0
0,2554,0.0
0,2555,0.0
0,2556,0.0
0,2557,0.0
0,2558,0.0
0,2559,0.0
0,2560,0.0
0,2561,0.0
0,2562,0.0
0,2563,0.0
0,2564,0.0
0,2565,0.0
0,2566,0.0
0,2567,0.0
0,2568,0.0
0,2569,0.0
0,2570,0.0
0,2571,0.0
0,2572,0.0
0,2573,0.0
0,2574,0.0
0,2575,0.0
0,2576,0.0
0,2577,0.0
0,2578,0.0
0,2579,0.0
0,2580,0.0
0,2581,0.0
0,2582,0.0
0,2583,0.0
0,2584,0.0
0,2585,0.0
0,2586,0.0
0,2587,0.0
0,2588,0.0
0,2589,0.0
0,2590,0.0
0,2591,0.0
0,2592,0.0
0,2593,0.0
0,2594,0.0
0,2595,0.0
0,2596,0.0
0,2597,0.0
0,2598,0.0
0,2599,0.0
0,2600,0.0
0,2601,0.0
0,2602,0.0
0,2603,0.0
0,2604,0.0
0,2605,0.0
0,2606,0.0
0,2607,0.0
0,2608,0.0
0,2609,0.0
0,2610,0.0
0,2611,0.0
0,2612,0.0
0,2613,0.0
0,2614,0.0
0,2615,0.0
0,2616,0.0
0,2617,0.0
0,2618,0.0
0,2619,0.0
0,2620,0.0
0,2621,0.0
0,2622,0.0
0,2623,0.0
0,2624,0.0
0,2625,0.0
0,2626,0.0
0,2627,0.0
0,2628,0.0
0,2629,0.0
0,2630,0.0
0,2631,0.0
0,2632,0.0
0,2633,0.0
0,2634,0.0
0,2635,0.0
0,2636,0.0
0,2637,0.0
0,2638,0.0
0,2639,0.0
0,2640,0.0
0,2641,0.0
0,2642,0.0
0,2643,0.0
0,2644,0.0
0,2645,0.0
0,2646,0.0
0,2647,0.0
0,2648,0.0
0,2649,0.0
0,2650,0.0
0,2651,0.0
0,2652,0.0
0,2653,0.0
0,2654,0.0
0,2655,0.0
0,2656,0.0
0,2657,0.0
0,2658,0.0
0,2659,0.0
0,2660,0.0
0,2661,0.0
0,2662,0.0
0,2663,0.0
0,2664,0.0
0,2665,0.0
0,2666,0.0
0,2667,0.0
0,2668,0.0
0,2669,0.0
0,2670,0.0
0,2671,0.0
0,2672,0.0
0,2673,0.0
0,2674,0.0
0,2675,0.0
0,2676,0.0
0,2677,0.0
0,2678,0.0
0,2679,0.0
0,2680,0.0
0,2681,0.0
0,2682,0.0
0,2683,0.0
0,2684,0.0
0,2685,0.0
0,2686,0.0
0,2687,0.0
0,2688,0.0
0,2689,0.0
0,2690,0.0
0,2691,0.0
0,2692,0.0
0,2693,0.0
0,2694,0.0
0,2695,0.0
0,2696,0.0
0,2697,0.0
0,2698,0.0
0,2699,0.0
0,2700,0.0
0,2701,0.0
0,2702,0.0
0,2703,0.0
0,2704,0.0
0,2705,0.0
0,2706,0.0
0,2707,0.0
0,2708,0.0
0,2709,0.0
0,2710,0.0
0,2711,0.0
0,2712,0.0
0,2713,0.0
0,2714,0.0
0,2715,0.0
0,2716,0.0
0,2717,0.0
0,2718,0.0
0,2719,0.0
0,2720,0.0
0,2721,0.0
0,2722,0.0
0,2723,0.0
0,2724,0.0
0,2725,0.0
0,2726,0.0
0,2727,0.0
0,2728,0.0
0,2729,0.0
0,2730,0.0
0,2731,0.0
0,2732,0.0
0,2733,0.0
0,2734,0.0
0,2735,0.0
0,2736,0.0
0,2737,0.0
0,2738,0.0
0,2739,0.0
0,2740,0.0
0,2741,0.0
0,2742,0.0
0,2743,0.0
0,2744,0.0
0,2745,0.0
0,2746,0.0
0,2747,0.0
0,2748,0.0
0,2749,0.0
0,2750,0.0
0,2751,0.0
0,2752,0.0
0,2753,0.0
0,2754,0.0
0,2755,0.0
0,2756,0.0
0,2757,0.0
0,2758,0.0
0,2759,0.0
0,2760,0.0
0,2761,0.0
0,2762,0.0
0,2763,0.0
0,2764,0.0
0,2765,0.0
0,2766,0.0
0,2767,0.0
0,2768,0.0
0,2769,0.0
0,2770,0.0
0,2771,0.0
0,2772,0.0
0,2773,0.0
0,2774,0.0
0,2775,0.0
0,2776,0.0
0,2777,0.0
0,2778,0.0
0,2779,0.0
0,2780,0.0
0,2781,0.0
0,2782,0.0
0,2783,0.0
0,2784,0.0
0,2785,0.0
0,2786,0.0
0,2787,0.0
0,2788,0.0
0,2789,0.0
0,2790,0.0
0,2791,0.0
0,2792,0.0
0,2793,0.0
0,2794,0.0
0,2795,0.0
0,2796,0.0
0,2797,0.0
0,2798,0.0
0,2799,0.0
0,2800,0.0
0,2801,0.0
0,2802,0.0
0,2803,0.0
0,2804,0.0
0,2805,0.0
0,2806,0.0
0,2807,0.0
0,2808,0.0
0,2809,0.0
0,2810,0.0
0,2811,0.0
0,2812,0.0
0,2813,0.0
0,2814,0.0
0,2815,0.0
0,2816,0.0
0,2817,0.0
0,2818,0.0
0,2819,0.0
0,2820,0.0
0,2821,0.0
0,2822,0.0
0,2823,0.0
0,2824,0.0
0,2825,0.0
0,2826,0.0
0,2827,0.0
0,2828,0.0
0,2829,0.0
0,2830,0.0
0,2831,0.0
0,2832,0.0
0,2833,0.0
0,2834,0.0
0,2835,0.0
0,2836,0.0
0,2837,0.0
0,2838,0.0
0,2839,0.0
0,2840,0.0
0,2841,0.0
0,2842,0.0
0,2843,0.0
0,2844,0.0
0,2845,0.0
0,2846,0.0
0,2847,0.0
0,2848,0.0
0,2849,0.0
0,2850,0.0
0,2851,0.0
0,2852,0.0
0,2853,0.0
0,2854,0.0
0,2855,0.0
0,2856,0.0
0,2857,0.0
0,2858,0.0
0,2859,0.0
0,2860,0.0
0,2861,0.0
0,2862,0.0
0,2863,0.0
0,2864,0.0
0,2865,0.0
0,2866,0.0
0,2867,0.0
0,2868,0.0
0,2869,0.0
0,2870,0.0
0,2871,0.0
0,2872,0.0
0,2873,0.0
0,2874,0.0
0,2875,0.0
0,2876,0.0
0,2877,0.0
0,2878,0.0
0,2879,0.0
0,2880,0.0
0,2881,0.0
0,2882,0.0
0,2883,0.0
0,2884,0.0
0,2885,0.0
0,2886,0.0
0,2887,0.0
0,2888,0.0
0,2889,0.0
0,2890,0.0
0,2891,0.0
0,2892,0.0
0,2893,0.0
0,2894,0.0
0,2895,0.0
0,2896,0.0
0,2897,0.0
0,2898,0.0
0,2899,0.0
0,2900,0.0
0,2901,0.0
0,2902,0.0
0,2903,0.0
0,2904,0.0
0,2905,0.0
0,2906,0.0
0,2907,0.0
0,2908,0.0
0,2909,0.0
0,2910,0.0
0,2911,0.0
0,2912,0.0
0,2913,0.0
0,2914,0.0
0,2915,0.0
0,2916,0.0
0,2917,0.0
0,2918,0.0
0,2919,0.0
0,2920,0.0
0,2921,0.0
0,2922,0.0
0,2923,0.0
0,2924,0.0
0,2925,0.0
0,2926,0.0
0,2927,0.0
0,2928,0.0
0,2929,0.0
0,2930,0.0
0,2931,0.0
0,2932,0.0
0,2933,0.0
0,2934,0.0
0,2935,0.0
0,2936,0.0
0,2937,0.0
0,2938,0.0
0,2939,0.0
0,2940,0.0
0,2941,0.0
0,2942,0.0
0,2943,0.0
0,2944,0.0
0,2945,0.0
0,2946,0.0
0,2947,0.0
0,2948,0.0
0,2949,0.0
0,2950,0.0
0,2951,0.0
0,2952,0.0
0,2953,0.0
0,2954,0.0
0,2955,0.0
0,2956,0.0
0,2957,0.0
0,2958,0.0
0,2959,0.0
0,2960,0.0
0,2961,0.0
0,2962,0.0
0,2963,0.0
0,2964,0.0
0,2965,0.0
0,2966,0.0
0,2967,0.0
0,2968,0.0
0,2969,0.0
0,2970,0.0
0,2971,0.0
0,2972,0.0
0,2973,0.0
0,2974,0.0
0,2975,0.0
0,2976,0.0
0,2977,0.0
0,2978,0.0
0,2979,0.0
0,2980,0.0
0,2981,0.0
0,2982,0.0
0,2983,0.0
0,2984,0.0
0,2985,0.0
0,2986,0.0
0,2987,0.0
0,2988,0.0
0,2989,0.0
0,2990,0.0
0,2991,0.0
0,2992,0.0
0,2993,0.0
0,2994,0.0
0,2995,0.0
0,2996,0.0
0,2997,0.0
0,2998,0.0
0,2999,0.0
0,3000,0.0
0,3001,0.0
0,3002,0.0
0,3003,0.0
0,3004,0.0
0,3005,0.0
0,3006,0.0
0,3007,0.0
0,3008,0.0
0,3009,0.0
0,3010,0.0
0,3011,0.0
0,3012,0.0
0,3013,0.0
0,3014,0.0
0,3015,0.0
0,3016,0.0
0,3017,0.0
0,3018,0.0
0,3019,0.0
0,3020,0.0
0,3021,0.0
0,3022,0.0
0,3023,0.0
0,3024,0.0
0,3025,0.0
0,3026,0.0
0,3027,0.0
0,3028,0.0
0,3029,0.0
0,3030,0.0
0,3031,0.0
0,3032,0.0
0,3033,0.0
0,3034,0.0
0,3035,0.0
0,3036,0.0
0,3037,0.0
0,3038,0.0
0,3039,0.0
0,3040,0.0
0,3041,0.0
0,3042,0.0
0,3043,0.0
0,3044,0.0
0,3045,0.0
0,3046,0.0
0,3047,0.0
0,3048,0.0
0,3049,0.0
0,3050,0.0
0,3051,0.0
0,3052,0.0
0,3053,0.0
0,3054,0.0
0,3055,0.0
0,3056,0.0
0,3057,0.0
0,3058,0.0
0,3059,0.0
0,3060,0.0
0,3061,0.0
0,3062,0.0
0,3063,0.0
0,3064,0.0
0,3065,0.0
0,3066,0.0
0,3067,0.0
0,3068,0.0
0,3069,0.0
0,3070,0.0
0,3071,0.0
0,3072,0.0
0,3073,0.0
0,3074,0.0
0,3075,0.0
0,3076,0.0
0,3077,0.0
0,3078,0.0
0,3079,0.0
0,3080,0.0
0,3081,0.0
0,3082,0.0
0,3083,0.0
0,3084,0.0
0,3085,0.0
0,3086,0.0
0,3087,0.0
0,3088,0.0
0,3089,0.0
0,3090,0.0
0,3091,0.0
0,3092,0.0
0,3093,0.0
0,3094,0.0
0,3095,0.0
0,3096,0.0
0,3097,0.0
0,3098,0.0
0,3099,0.0
0,3100,0.0
0,3101,0.0
0,3102,0.0
0,3103,0.0
0,3104,0.0
0,3105,0.0
0,3106,0.0
0,3107,0.0
0,3108,0.0
0,3109,0.0
0,3110,0.0
0,3111,0.0
0,3112,0.0
0,3113,0.0
0,3114,0.0
0,3115,0.0
0,3116,0.0
0,3117,0.0
0,3118,0.0
0,3119,0.0
0,3120,0.0
0,3121,0.0
0,3122,0.0
0,3123,0.0
0,3124,0.0
0,3125,0.0
0,3126,0.0
0,3127,0.0
0,3128,0.0
0,3129,0.0
0,3130,0.0
0,3131,0.0
0,3132,0.0
0,3133,0.0
0,3134,0.0
0,3135,0.0
0,3136,0.0
0,3137,0.0
0,3138,0.0
0,3139,0.0
0,3140,0.0
0,3141,0.0
0,3142,0.0
0,3143,0.0
0,3144,0.0
0,3145,0.0
0,3146,0.0
0,3147,0.0
0,3148,0.0
0,3149,0.0
0,3150,0.0
0,3151,0.0
0,3152,0.0
0,3153,0.0
0,3154,0.0
0,3155,0.0
0,3156,0.0
0,3157,0.0
0,3158,0.0
0,3159,0.0
0,3160,0.0
0,3161,0.0
0,3162,0.0
0,3163,0.0
0,3164,0.0
0,3165,0.0
0,3166,0.0
0,3167,0.0
0,3168,0.0
0,3169,0.0
0,3170,0.0
0,3171,0.0
0,3172,0.0
0,3173,0.0
0,3174,0.0
0,3175,0.0
0,3176,0.0
0,3177,0.0
0,3178,0.0
0,3179,0.0
0,3180,0.0
0,3181,0.0
0,3182,0.0
0,3183,0.0
0,3184,0.0
0,3185,0.0
0,3186,0.0
0,3187,0.0
0,3188,0.0
0,3189,0.0
0,3190,0.0
0,3191,0.0
0,3192,0.0
0,3193,0.0
0,3194,0.0
0,3195,0.0
0,3196,0.0
0,3197,0.0
0,3198,0.0
0,3199,0.0
0,3200,0.0
0,3201,0.0
0,3202,0.0
0,3203,0.0
0,3204,0.0
0,3205,0.0
0,3206,0.0
0,3207,0.0
0,3208,0.0
0,3209,0.0
0,3210,0.0
0,3211,0.0
0,3212,0.0
0,3213,0.0
0,3214,0.0
0,3215,0.0
0,3216,0.0
0,3217,0.0
0,3218,0.0
0,3219,0.0
0,3220,0.0
0,3221,0.0
0,3222,0.0
0,3223,0.0
0,3224,0.0
0,3225,0.0
0,3226,0.0
0,3227,0.0
0,3228,0.0
0,3229,0.0
0,3230,0.0
0,3231,0.0
0,3232,0.0
0,3233,0.0
0,3234,0.0
0,3235,0.0
0,3236,0.0
0,3237,0.0
0,3238,0.0
0,3239,0.0
0,3240,0.0
0,3241,0.0
0,3242,0.0
0,3243,0.0
0,3244,0.0
0,3245,0.0
0,3246,0.0
0,3247,0.0
0,3248,0.0
0,3249,0.0
0,3250,0.0
0,3251,0.0
0,3252,0.0
0,3253,0.0
0,3254,0.0
0,3255,0.0
0,3256,0.0
0,3257,0.0
0,3258,0.0
0,3259,0.0
0,3260,0.0
0,3261,0.0
0,3262,0.0
0,3263,0.0
0,3264,0.0
0,3265,0.0
0,3266,0.0
0,3267,0.0
0,3268,0.0
0,3269,0.0
0,3270,0.0
0,3271,0.0
0,3272,0.0
0,3273,0.0
0,3274,0.0
0,3275,0.0
0,3276,0.0
0,3277,0.0
0,3278,0.0
0,3279,0.0
0,3280,0.0
0,3281,0.0
0,3282,0.0
0,3283,0.0
0,3284,0.0
0,3285,0.0
0,3286,0.0
0,3287,0.0
0,3288,0.0
0,3289,0.0
0,3290,0.0
0,3291,0.0
0,3292,0.0
0,3293,0.0
0,3294,0.0
0,3295,0.0
0,3296,0.0
0,3297,0.0
0,3298,0.0
0,3299,0.0
0,3300,0.0
0,3301,0.0
0,3302,0.0
0,3303,0.0
0,3304,0.0
0,3305,0.0
0,3306,0.0
0,3307,0.0
0,3308,0.0
0,3309,0.0
0,3310,0.0
0,3311,0.0
0,3312,0.0
0,3313,0.0
0,3314,0.0
0,3315,0.0
0,3316,0.0
0,3317,0.0
0,3318,0.0
0,3319,0.0
0,3320,0.0
0,3321,0.0
0,3322,0.0
0,3323,0.0
0,3324,0.0
0,3325,0.0
0,3326,0.0
0,3327,0.0
0,3328,0.0
0,3329,0.0
0,3330,0.0
0,3331,0.0
0,3332,0.0
0,3333,0.0
0,3334,0.0
0,3335,0.0
0,3336,0.0
0,3337,0.0
0,3338,0.0
0,3339,0.0
0,3340,0.0
0,3341,0.0
0,3342,0.0
0,3343,0.0
0,3344,0.0
0,3345,0.0
0,3346,0.0
0,3347,0.0
0,3348,0.0
0,3349,0.0
0,3350,0.0
0,3351,0.0
0,3352,0.0
0,3353,0.0
0,3354,0.0
0,3355,0.0
0,3356,0.0
0,3357,0.0
0,3358,0.0
0,3359,0.0
0,3360,0.0
0,3361,0.0
0,3362,0.0
0,3363,0.0
0,3364,0.0
0,3365,0.0
0,3366,0.0
0,3367,0.0
0,3368,0.0
0,3369,0.0
0,3370,0.0
0,3371,0.0
0,3372,0.0
0,3373,0.0
0,3374,0.0
0,3375,0.0
0,3376,0.0
0,3377,0.0
0,3378,0.0
0,3379,0.0
0,3380,0.0
0,3381,0.0
0,3382,0.0
0,3383,0.0
0,3384,0.0
0,3385,0.0
0,3386,0.0
0,3387,0.0
0,3388,0.0
0,3389,0.0
0,3390,0.0
0,3391,0.0
0,3392,0.0
0,3393,0.0
0,3394,0.0
0,3395,0.0
0,3396,0.0
0,3397,0.0
0,3398,0.0
0,3399,0.0
0,3400,0.0
0,3401,0.0
0,3402,0.0
0,3403,0.0
0,3404,0.0
0,3405,0.0
0,3406,0.0
0,3407,0.0
0,3408,0.0
0,3409,0.0
0,3410,0.0
0,3411,0.0
0,3412,0.0
0,3413,0.0
0,3414,0.0
0,3415,0.0
0,3416,0.0
0,3417,0.0
0,3418,0.0
0,3419,0.0
0,3420,0.0
0,3421,0.0
0,3422,0.0
0,3423,0.0
0,3424,0.0
0,3425,0.0
0,3426,0.0
0,3427,0.0
0,3428,0.0
0,3429,0.0
0,3430,0.0
0,3431,0.0
0,3432,0.0
0,3433,0.0
0,3434,0.0
0,3435,0.0
0,3436,0.0
0,3437,0.0
0,3438,0.0
0,3439,0.0
0,3440,0.0
0,3441,0.0
0,3442,0.0
0,3443,0.0
0,3444,0.0
0,3445,0.0
0,3446,0.0
0,3447,0.0
0,3448,0.0
0,3449,0.0
0,3450,0.0
0,3451,0.0
0,3452,0.0
0,3453,0.0
0,3454,0.0
0,3455,0.0
0,3456,0.0
0,3457,0.0
0,3458,0.0
0,3459,0.0
0,3460,0.0
0,3461,0.0
0,3462,0.0
0,3463,0.0
0,3464,0.0
0,3465,0.0
0,3466,0.0
0,3467,0.0
0,3468,0.0
0,3469,0.0
0,3470,0.0
0,3471,0.0
0,3472,0.0
0,3473,0.0
0,3474,0.0
0,3475,0.0
0,3476,0.0
0,3477,0.0
0,3478,0.0
0,3479,0.0
0,3480,0.0
0,3481,0.0
0,3482,0.0
0,3483,0.0
0,3484,0.0
0,3485,0.0
0,3486,0.0
0,3487,0.0
0,3488,0.0
0,3489,0.0
0,3490,0.0
0,3491,0.0
0,3492,0.0
0,3493,0.0
0,3494,0.0
0,3495,0.0
0,3496,0.0
0,3497,0.0
0,3498,0.0
0,3499,0.0
0,3500,0.0
0,3501,0.0
0,3502,0.0
0,3503,0.0
0,3504,0.0
0,3505,0.0
0,3506,0.0
0,3507,0.0
0,3508,0.0
0,3509,0.0
0,3510,0.0
0,3511,0.0
0,3512,0.0
0,3513,0.0
0,3514,0.0
0,3515,0.0
0,3516,0.0
0,3517,0.0
0,3518,0.0
0,3519,0.0
0,3520,0.0
0,3521,0.0
0,3522,0.0
0,3523,0.0
0,3524,0.0
0,3525,0.0
0,3526,0.0
0,3527,0.0
0,3528,0.0
0,3529,0.0
0,3530,0.0
0,3531,0.0
0,3532,0.0
0,3533,0.0
0,3534,0.0
0,3535,0.0
0,3536,0.0
0,3537,0.0
0,3538,0.0
0,3539,0.0
0,3540,0.0
0,3541,0.0
0,3542,0.0
0,3543,0.0
0,3544,0.0
0,3545,0.0
0,3546,0.0
0,3547,0.0
0,3548,0.0
0,3549,0.0
0,3550,0.0
0,3551,0.0
0,3552,0.0
0,3553,0.0
0,3554,0.0
0,3555,0.0
0,3556,0.0
0,3557,0.0
0,3558,0.0
0,3559,0.0
0,3560,0.0
0,3561,0.0
0,3562,0.0
0,3563,0.0
0,3564,0.0
0,3565,0.0
0,3566,0.0
0,3567,0.0
0,3568,0.0
0,3569,0.0
0,3570,0.0
0,3571,0.0
0,3572,0.0
0,3573,0.0
0,3574,0.0
0,3575,0.0
0,3576,0.0
0,3577,0.0
0,3578,0.0
0,3579,0.0
0,3580,0.0
0,3581,0.0
0,3582,0.0
0,3583,0.0
0,3584,0.0
0,3585,0.0
0,3586,0.0
0,3587,0.0
0,3588,0.0
0,3589,0.0
0,3590,0.0
0,3591,0.0
0,3592,0.0
0,3593,0.0
0,3594,0.0
0,3595,0.0
0,3596,0.0
0,3597,0.0
0,3598,0.0
0,3599,0.0
0,3600,0.0
0,3601,0.0
0,3602,0.0
0,3603,0.0
0,3604,0.0
0,3605,0.0
0,3606,0.0
0,3607,0.0
0,3608,0.0
0,3609,0.0
0,3610,0.0
0,3611,0.0
0,3612,0.0
0,3613,0.0
0,3614,0.0
0,3615,0.0
0,3616,0.0
0,3617,0.0
0,3618,0.0
0,3619,0.0
0,3620,0.0
0,3621,0.0
0,3622,0.0
0,3623,0.0
0,3624,0.0
0,3625,0.0
0,3626,0.0
0,3627,0.0
0,3628,0.0
0,3629,0.0
0,3630,0.0
0,3631,0.0
0,3632,0.0
0,3633,0.0
0,3634,0.0
0,3635,0.0
0,3636,0.0
0,3637,0.0
0,3638,0.0
0,3639,0.0
0,3640,0.0
0,3641,0.0
0,3642,0.0
0,3643,0.0
0,3644,0.0
0,3645,0.0
0,3646,0.0
0,3647,0.0
0,3648,0.0
0,3649,0.0
0,3650,0.0
0,3651,0.0
0,3652,0.0
0,3653,0.0
0,3654,0.0
0,3655,0.0
0,3656,0.0
0,3657,0.0
0,3658,0.0
0,3659,0.0
0,3660,0.0
0,3661,0.0
0,3662,0.0
0,3663,0.0
0,3664,0.0
0,3665,0.0
0,3666,0.0
0,3667,0.0
0,3668,0.0
0,3669,0.0
0,3670,0.0
0,3671,0.0
0,3672,0.0
0,3673,0.0
0,3674,0.0
0,3675,0.0
0,3676,0.0
0,3677,0.0
0,3678,0.0
0,3679,0.0
0,3680,0.0
0,3681,0.0
0,3682,0.0
0,3683,0.0
0,3684,0.0
0,3685,0.0
0,3686,0.0
0,3687,0.0
0,3688,0.0
0,3689,0.0
0,3690,0.0
0,3691,0.0
0,3692,0.0
0,3693,0.0
0,3694,0.0
0,3695,0.0
0,3696,0.0
0,3697,0.0
0,3698,0.0
0,3699,0.0
0,3700,0.0
0,3701,0.0
0,3702,0.0
0,3703,0.0
0,3704,0.0
0,3705,0.0
0,3706,0.0
0,3707,0.0
0,3708,0.0
0,3709,0.0
0,3710,0.0
0,3711,0.0
0,3712,0.0
0,3713,0.0
0,3714,0.0
0,3715,0.0
0,3716,0.0
0,3717,0.0
0,3718,0.0
0,3719,0.0
0,3720,0.0
0,3721,0.0
0,3722,0.0
0,3723,0.0
0,3724,0.0
0,3725,0.0
0,3726,0.0
0,3727,0.0
0,3728,0.0
0,3729,0.0
0,3730,0.0
0,3731,0.0
0,3732,0.0
0,3733,0.0
0,3734,0.0
0,3735,0.0
0,3736,0.0
0,3737,0.0
0,3738,0.0
0,3739,0.0
0,3740,0.0
0,3741,0.0
0,3742,0.0
0,3743,0.0
0,3744,0.0
0,3745,0.0
0,3746,0.0
0,3747,0.0
0,3748,0.0
0,3749,0.0
0,3750,0.0
0,3751,0.0
0,3752,0.0
0,3753,0.0
0,3754,0.0
0,3755,0.0
0,3756,0.0
0,3757,0.0
0,3758,0.0
0,3759,0.0
0,3760,0.0
0,3761,0.0
0,3762,0.0
0,3763,0.0
0,3764,0.0
0,3765,0.0
0,3766,0.0
0,3767,0.0
0,3768,0.0
0,3769,0.0
0,3770,0.0
0,3771,0.0
0,3772,0.0
0,3773,0.0
0,3774,0.0
0,3775,0.0
0,3776,0.0
0,3777,0.0
0,3778,0.0
0,3779,0.0
0,3780,0.0
0,3781,0.0
0,3782,0.0
0,3783,0.0
0,3784,0.0
0,3785,0.0
0,3786,0.0
0,3787,0.0
0,3788,0.0
0,3789,0.0
0,3790,0.0
0,3791,0.0
0,3792,0.0
0,3793,0.0
0,3794,0.0
0,3795,0.0
0,3796,0.0
0,3797,0.0
0,3798,0.0
0,3799,0.0
0,3800,0.0
0,3801,0.0
0,3802,0.0
0,3803,0.0
0,3804,0.0
0,3805,0.0
0,3806,0.0
0,3807,0.0
0,3808,0.0
0,3809,0.0
0,3810,0.0
0,3811,0.0
0,3812,0.0
0,3813,0.0
0,3814,0.0
0,3815,0.0
0,3816,0.0
0,3817,0.0
0,3818,0.0
0,3819,0.0
0,3820,0.0
0,3821,0.0
0,3822,0.0
0,3823,0.0
0,3824,0.0
0,3825,0.0
0,3826,0.0
0,3827,0.0
0,3828,0.0
0,3829,0.0
0,3830,0.0
0,3831,0.0
0,3832,0.0
0,3833,0.0
0,3834,0.0
0,3835,0.0
0,3836,0.0
0,3837,0.0
0,3838,0.0
0,3839,0.0
0,3840,0.0
0,3841,0.0
0,3842,0.0
0,3843,0.0
0,3844,0.0
0,3845,0.0
0,3846,0.0
0,3847,0.0
0,3848,0.0
0,3849,0.0
0,3850,0.0
0,3851,0.0
0,3852,0.0
0,3853,0.0
0,3854,0.0
0,3855,0.0
0,3856,0.0
0,3857,0.0
0,3858,0.0
0,3859,0.0
0,3860,0.0
0,3861,0.0
0,3862,0.0
0,3863,0.0
0,3864,0.0
0,3865,0.0
0,3866,0.0
0,3867,0.0
0,3868,0.0
0,3869,0.0
0,3870,0.0
0,3871,0.0
0,3872,0.0
0,3873,0.0
0,3874,0.0
0,3875,0.0
0,3876,0.0
0,3877,0.0
0,3878,0.0
0,3879,0.0
0,3880,0.0
0,3881,0.0
0,3882,0.0
0,3883,0.0
0,3884,0.0
0,3885,0.0
0,3886,0.0
0,3887,0.0
0,3888,0.0
0,3889,0.0
0,3890,0.0
0,3891,0.0
0,3892,0.0
0,3893,0.0
0,3894,0.0
0,3895,0.0
0,3896,0.0
0,3897,0.0
0,3898,0.0
0,3899,0.0
0,3900,0.0
0,3901,0.0
0,3902,0.0
0,3903,0.0
0,3904,0.0
0,3905,0.0
0,3906,0.0
0,3907,0.0
0,3908,0.0
0,3909,0.0
0,3910,0.0
0,3911,0.0
0,3912,0.0
0,3913,0.0
0,3914,0.0
0,3915,0.0
0,3916,0.0
0,3917,0.0
0,3918,0.0
0,3919,0.0
0,3920,0.0
0,3921,0.0
0,3922,0.0
0,3923,0.0
0,3924,0.0
0,3925,0.0
0,3926,0.0
0,3927,0.0
0,3928,0.0
0,3929,0.0
0,3930,0.0
0,3931,0.0
0,3932,0.0
0,3933,0.0
0,3934,0.0
0,3935,0.0
0,3936,0.0
0,3937,0.0
0,3938,0.0
0,3939,0.0
0,3940,0.0
0,3941,0.0
0,3942,0.0
0,3943,0.0
0,3944,0.0
0,3945,0.0
0,3946,0.0
0,3947,0.0
0,3948,0.0
0,3949,0.0
0,3950,0.0
0,3951,0.0
0,3952,0.0
0,3953,0.0
0,3954,0.0
0,3955,0.0
0,3956,0.0
0,3957,0.0
0,3958,0.0
0,3959,0.0
0,3960,0.0
0,3961,0.0
0,3962,0.0
0,3963,0.0
0,3964,0.0
0,3965,0.0
0,3966,0.0
0,3967,0.0
0,3968,0.0
0,3969,0.0
0,3970,0.0
0,3971,0.0
0,3972,0.0
0,3973,0.0
0,3974,0.0
0,3975,0.0
0,3976,0.0
0,3977,0.0
0,3978,0.0
0,3979,0.0
0,3980,0.0
0,3981,0.0
0,3982,0.0
0,3983,0.0
0,3984,0.0
0,3985,0.0
0,3986,0.0
0,3987,0.0
0,3988,0.0
0,3989,0.0
0,3990,0.0
0,3991,0.0
0,3992,0.0
0,3993,0.0
0,3994,0.0
0,3995,0.0
0,3996,0.0
0,3997,0.0
0,3998,0.0
0,3999,0.0
0,4000,0.0
0,4001,0.0
0,4002,0.0
0,4003,0.0
0,4004,0.0
0,4005,0.0
0,4006,0.0
0,4007,0.0
0,4008,0.0
0,4009,0.0
0,4010,0.0
0,4011,0.0
0,4012,0.0
0,4013,0.0
0,4014,0.0
0,4015,0.0
0,4016,0.0
0,4017,0.0
0,4018,0.0
0,4019,0.0
0,4020,0.0
0,4021,0.0
0,4022,0.0
0,4023,0.0
0,4024,0.0
0,4025,0.0
0,4026,0.0
0,4027,0.0
0,4028,0.0
0,4029,0.0
0,4030,0.0
0,4031,0.0
0,4032,0.0
0,4033,0.0
0,4034,0.0
0,4035,0.0
0,4036,0.0
0,4037,0.0
0,4038,0.0
0,4039,0.0
0,4040,0.0
0,4041,0.0
0,4042,0.0
0,4043,0.0
0,4044,0.0
0,4045,0.0
0,4046,0.0
0,4047,0.0
0,4048,0.0
0,4049,0.0
0,4050,0.0
0,4051,0.0
0,4052,0.0
0,4053,0.0
0,4054,0.0
0,4055,0.0
0,4056,0.0
0,4057,0.0
0,4058,0.0
0,4059,0.0
0,4060,0.0
0,4061,0.0
0,4062,0.0
0,4063,0.0
0,4064,0.0
0,4065,0.0
0,4066,0.0
0,4067,0.0
0,4068,0.0
0,4069,0.0
0,4070,0.0
0,4071,0.0
0,4072,0.0
0,4073,0.0
0,4074,0.0
0,4075,0.0
0,4076,0.0
0,4077,0.0
0,4078,0.0
0,4079,0.0
0,4080,0.0
0,4081,0.0
0,4082,0.0
0,4083,0.0
0,4084,0.0
0,4085,0.0
0,4086,0.0
0,4087,0.0
0,4088,0.0
0,4089,0.0
0,4090,0.0
0,4091,0.0
0,4092,0.0
0,4093,0.0
0,4094,0.0
0,4095,0.0
0,4096,0.0
0,4097,0.0
0,4098,0.0
0,4099,0.0
0,4100,0.0
0,4101,0.0
0,4102,0.0
0,4103,0.0
0,4104,0.0
0,4105,0.0
0,4106,0.0
0,4107,0.0
0,4108,0.0
0,4109,0.0
0,4110,0.0
0,4111,0.0
0,4112,0.0
0,4113,0.0
0,4114,0.0
0,4115,0.0
0,4116,0.0
0,4117,0.0
0,4118,0.0
0,4119,0.0
0,4120,0.0
0,4121,0.0
0,4122,0.0
0,4123,0.0
0,4124,0.0
0,4125,0.0
0,4126,0.0
0,4127,0.0
0,4128,0.0
0,4129,0.0
0,4130,0.0
0,4131,0.0
0,4132,0.0
0,4133,0.0
0,4134,0.0
0,4135,0.0
0,4136,0.0
0,4137,0.0
0,4138,0.0
0,4139,0.0
0,4140,0.0
0,4141,0.0
0,4142,0.0
0,4143,0.0
0,4144,0.0
0,4145,0.0
0,4146,0.0
0,4147,0.0
0,4148,0.0
0,4149,0.0
0,4150,0.0
0,4151,0.0
0,4152,0.0
0,4153,0.0
0,4154,0.0
0,4155,0.0
0,4156,0.0
0,4157,0.0
0,4158,0.0
0,4159,0.0
0,4160,0.0
0,4161,0.0
0,4162,0.0
0,4163,0.0
0,4164,0.0
0,4165,0.0
0,4166,0.0
0,4167,0.0
0,4168,0.0
0,4169,0.0
0,4170,0.0
0,4171,0.0
0,4172,0.0
0,4173,0.0
0,4174,0.0
0,4175,0.0
0,4176,0.0
0,4177,0.0
0,4178,0.0
0,4179,0.0
0,4180,0.0
0,4181,0.0
0,4182,0.0
0,4183,0.0
0,4184,0.0
0,4185,0.0
0,4186,0.0
0,4187,0.0
0,4188,0.0
0,4189,0.0
0,4190,0.0
0,4191,0.0
0,4192,0.0
0,4193,0.0
0,4194,0.0
0,4195,0.0
0,4196,0.0
0,4197,0.0
0,4198,0.0
0,4199,0.0
0,4200,0.0
0,4201,0.0
0,4202,0.0
0,4203,0.0
0,4204,0.0
0,4205,0.0
0,4206,0.0
0,4207,0.0
0,4208,0.0
0,4209,0.0
0,4210,0.0
0,4211,0.0
0,4212,0.0
0,4213,0.0
0,4214,0.0
0,4215,0.0
0,4216,0.0
0,4217,0.0
0,4218,0.0
0,4219,0.0
0,4220,0.0
0,4221,0.0
0,4222,0.0
0,4223,0.0
0,4224,0.0
0,4225,0.0
0,4226,0.0
0,4227,0.0
0,4228,0.0
0,4229,0.0
0,4230,0.0
0,4231,0.0
0,4232,0.0
0,4233,0.0
0,4234,0.0
0,4235,0.0
0,4236,0.0
0,4237,0.0
0,4238,0.0
0,4239,0.0
0,4240,0.0
0,4241,0.0
0,4242,0.0
0,4243,0.0
0,4244,0.0
0,4245,0.0
0,4246,0.0
0,4247,0.0
0,4248,0.0
0,4249,0.0
0,4250,0.0
0,4251,0.0
0,4252,0.0
0,4253,0.0
0,4254,0.0
0,4255,0.0
0,4256,0.0
0,4257,0.0
0,4258,0.0
0,4259,0.0
0,4260,0.0
0,4261,0.0
0,4262,0.0
0,4263,0.0
0,4264,0.0
0,4265,0.0
0,4266,0.0
0,4267,0.0
0,4268,0.0
0,4269,0.0
0,4270,0.0
0,4271,0.0
0,4272,0.0
0,4273,0.0
0,4274,0.0
0,4275,0.0
0,4276,0.0
0,4277,0.0
0,4278,0.0
0,4279,0.0
0,4280,0.0
0,4281,0.0
0,4282,0.0
0,4283,0.0
0,4284,0.0
0,4285,0.0
0,4286,0.0
0,4287,0.0
0,4288,0.0
0,4289,0.0
0,4290,0.0
0,4291,0.0
0,4292,0.0
0,4293,0.0
0,4294,0.0
0,4295,0.0
0,4296,0.0
0,4297,0.0
0,4298,0.0
0,4299,0.0
0,4300,0.0
0,4301,0.0
0,4302,0.0
0,4303,0.0
0,4304,0.0
0,4305,0.0
0,4306,0.0
0,4307,0.0
0,4308,0.0
0,4309,0.0
0,4310,0.0
0,4311,0.0
0,4312,0.0
0,4313,0.0
0,4314,0.0
0,4315,0.0
0,4316,0.0
0,4317,0.0
0,4318,0.0
0,4319,0.0
0,4320,0.0
0,4321,0.0
0,4322,0.0
0,4323,0.0
0,4324,0.0
0,4325,0.0
0,4326,0.0
0,4327,0.0
0,4328,0.0
0,4329,0.0
0,4330,0.0
0,4331,0.0
0,4332,0.0
0,4333,0.0
0,4334,0.0
0,4335,0.0
0,4336,0.0
0,4337,0.0
0,4338,0.0
0,4339,0.0
0,4340,0.0
0,4341,0.0
0,4342,0.0
0,4343,0.0
0,4344,0.0
0,4345,0.0
0,4346,0.0
0,4347,0.0
0,4348,0.0
0,4349,0.0
0,4350,0.0
0,4351,0.0
0,4352,0.0
0,4353,0.0
0,4354,0.0
0,4355,0.0
0,4356,0.0
0,4357,0.0
0,4358,0.0
0,4359,0.0
0,4360,0.0
0,4361,0.0
0,4362,0.0
0,4363,0.0
0,4364,0.0
0,4365,0.0
0,4366,0.0
0,4367,0.0
0,4368,0.0
0,4369,0.0
0,4370,0.0
0,4371,0.0
0,4372,0.0
0,4373,0.0
0,4374,0.0
0,4375,0.0
0,4376,0.0
0,4377,0.0
0,4378,0.0
0,4379,0.0
0,4380,0.0
0,4381,0.0
0,4382,0.0
0,4383,0.0
0,4384,0.0
0,4385,0.0
0,4386,0.0
0,4387,0.0
0,4388,0.0
0,4389,0.0
0,4390,0.0
0,4391,0.0
0,4392,0.0
0,4393,0.0
0,4394,0.0
0,4395,0.0
0,4396,0.0
0,4397,0.0
0,4398,0.0
0,4399,0.0
0,4400,0.0
0,4401,0.0
0,4402,0.0
0,4403,0.0
0,4404,0.0
0,4405,0.0
0,4406,0.0
0,4407,0.0
0,4408,0.0
0,4409,0.0
0,4410,0.0
0,4411,0.0
0,4412,0.0
0,4413,0.0
0,4414,0.0
0,4415,0.0
0,4416,0.0
0,4417,0.0
0,4418,0.0
0,4419,0.0
0,4420,0.0
0,4421,0.0
0,4422,0.0
0,4423,0.0
0,4424,0.0
0,4425,0.0
0,4426,0.0
0,4427,0.0
0,4428,0.0
0,4429,0.0
0,4430,0.0
0,4431,0.0
0,4432,0.0
0,4433,0.0
0,4434,0.0
0,4435,0.0
0,4436,0.0
0,4437,0.0
0,4438,0.0
0,4439,0.0
0,4440,0.0
0,4441,0.0
0,4442,0.0
0,4443,0.0
0,4444,0.0
0,4445,0.0
0,4446,0.0
0,4447,0.0
0,4448,0.0
0,4449,0.0
0,4450,0.0
0,4451,0.0
0,4452,0.0
0,4453,0.0
0,4454,0.0
0,4455,0.0
0,4456,0.0
0,4457,0.0
0,4458,0.0
0,4459,0.0
0,4460,0.0
0,4461,0.0
0,4462,0.0
0,4463,0.0
0,4464,0.0
0,4465,0.0
0,4466,0.0
0,4467,0.0
0,4468,0.0
0,4469,0.0
0,4470,0.0
0,4471,0.0
0,4472,0.0
0,4473,0.0
0,4474,0.0
0,4475,0.0
0,4476,0.0
0,4477,0.0
0,4478,0.0
0,4479,0.0
0,4480,0.0
0,4481,0.0
0,4482,0.0
0,4483,0.0
0,4484,0.0
0,4485,0.0
0,4486,0.0
0,4487,0.0
0,4488,0.0
0,4489,0.0
0,4490,0.0
0,4491,0.0
0,4492,0.0
0,4493,0.0
0,4494,0.0
0,4495,0.0
0,4496,0.0
0,4497,0.0
0,4498,0.0
0,4499,0.0
0,4500,0.0
0,4501,0.0
0,4502,0.0
0,4503,0.0
0,4504,0.0
0,4505,0.0
0,4506,0.0
0,4507,0.0
0,4508,0.0
0,4509,0.0
0,4510,0.0
0,4511,0.0
0,4512,0.0
0,4513,0.0
0,4514,0.0
0,4515,0.0
0,4516,0.0
0,4517,0.0
0,4518,0.0
0,4519,0.0
0,4520,0.0
0,4521,0.0
0,4522,0.0
0,4523,0.0
0,4524,0.0
0,4525,0.0
0,4526,0.0
0,4527,0.0
0,4528,0.0
0,4529,0.0
0,4530,0.0
0,4531,0.0
0,4532,0.0
0,4533,0.0
0,4534,0.0
0,4535,0.0
0,4536,0.0
0,4537,0.0
0,4538,0.0
0,4539,0.0
0,4540,0.0
0,4541,0.0
0,4542,0.0
0,4543,0.0
0,4544,0.0
0,4545,0.0
0,4546,0.0
0,4547,0.0
0,4548,0.0
0,4549,0.0
0,4550,0.0
0,4551,0.0
0,4552,0.0
0,4553,0.0
0,4554,0.0
0,4555,0.0
0,4556,0.0
0,4557,0.0
0,4558,0.0
0,4559,0.0
0,4560,0.0
0,4561,0.0
0,4562,0.0
0,4563,0.0
0,4564,0.0
0,4565,0.0
0,4566,0.0
0,4567,0.0
0,4568,0.0
0,4569,0.0
0,4570,0.0
0,4571,0.0
0,4572,0.0
0,4573,0.0
0,4574,0.0
0,4575,0.0
0,4576,0.0
0,4577,0.0
0,4578,0.0
0,4579,0.0
0,4580,0.0
0,4581,0.0
0,4582,0.0
0,4583,0.0
0,4584,0.0
0,4585,0.0
0,4586,0.0
0,4587,0.0
0,4588,0.0
0,4589,0.0
0,4590,0.0
0,4591,0.0
0,4592,0.0
0,4593,0.0
0,4594,0.0
0,4595,0.0
0,4596,0.0
0,4597,0.0
0,4598,0.0
0,4599,0.0
0,4600,0.0
0,4601,0.0
0,4602,0.0
0,4603,0.0
0,4604,0.0
0,4605,0.0
0,4606,0.0
0,4607,0.0
0,4608,0.0
0,4609,0.0
0,4610,0.0
0,4611,0.0
0,4612,0.0
0,4613,0.0
0,4614,0.0
0,4615,0.0
0,4616,0.0
0,4617,0.0
0,4618,0.0
0,4619,0.0
0,4620,0.0
0,4621,0.0
0,4622,0.0
0,4623,0.0
0,4624,0.0
0,4625,0.0
0,4626,0.0
0,4627,0.0
0,4628,0.0
0,4629,0.0
0,4630,0.0
0,4631,0.0
0,4632,0.0
0,4633,0.0
0,4634,0.0
0,4635,0.0
0,4636,0.0
0,4637,0.0
0,4638,0.0
0,4639,0.0
0,4640,0.0
0,4641,0.0
0,4642,0.0
0,4643,0.0
0,4644,0.0
0,4645,0.0
0,4646,0.0
0,4647,0.0
0,4648,0.0
0,4649,0.0
0,4650,0.0
0,4651,0.0
0,4652,0.0
0,4653,0.0
0,4654,0.0
0,4655,0.0
0,4656,0.0
0,4657,0.0
0,4658,0.0
0,4659,0.0
0,4660,0.0
0,4661,0.0
0,4662,0.0
0,4663,0.0
0,4664,0.0
0,4665,0.0
0,4666,0.0
0,4667,0.0
0,4668,0.0
0,4669,0.0
0,4670,0.0
0,4671,0.0
0,4672,0.0
0,4673,0.0
0,4674,0.0
0,4675,0.0
0,4676,0.0
0,4677,0.0
0,4678,0.0
0,4679,0.0
0,4680,0.0
0,4681,0.0
0,4682,0.0
0,4683,0.0
0,4684,0.0
0,4685,0.0
0,4686,0.0
0,4687,0.0
0,4688,0.0
0,4689,0.0
0,4690,0.0
0,4691,0.0
0,4692,0.0
0,4693,0.0
0,4694,0.0
0,4695,0.0
0,4696,0.0
0,4697,0.0
0,4698,0.0
0,4699,0.0
0,4700,0.0
0,4701,0.0
0,4702,0.0
0,4703,0.0
0,4704,0.0
0,4705,0.0
0,4706,0.0
0,4707,0.0
0,4708,0.0
0,4709,0.0
0,4710,0.0
0,4711,0.0
0,4712,0.0
0,4713,0.0
0,4714,0.0
0,4715,0.0
0,4716,0.0
0,4717,0.0
0,4718,0.0
0,4719,0.0
0,4720,0.0
0,4721,0.0
0,4722,0.0
0,4723,0.0
0,4724,0.0
0,4725,0.0
0,4726,0.0
0,4727,0.0
0,4728,0.0
0,4729,0.0
0,4730,0.0
0,4731,0.0
0,4732,0.0
0,4733,0.0
0,4734,0.0
0,4735,0.0
0,4736,0.0
0,4737,0.0
0,4738,0.0
0,4739,0.0
0,4740,0.0
0,4741,0.0
0,4742,0.0
0,4743,0.0
0,4744,0.0
0,4745,0.0
0,4746,0.0
0,4747,0.0
0,4748,0.0
0,4749,0.0
0,4750,0.0
0,4751,0.0
0,4752,0.0
0,4753,0.0
0,4754,0.0
0,4755,0.0
0,4756,0.0
0,4757,0.0
0,4758,0.0
0,4759,0.0
0,4760,0.0
0,4761,0.0
0,4762,0.0
0,4763,0.0
0,4764,0.0
0,4765,0.0
0,4766,0.0
0,4767,0.0
0,4768,0.0
0,4769,0.0
0,4770,0.0
0,4771,0.0
0,4772,0.0
0,4773,0.0
0,4774,0.0
0,4775,0.0
0,4776,0.0
0,4777,0.0
0,4778,0.0
0,4779,0.0
0,4780,0.0
0,4781,0.0
0,4782,0.0
0,4783,0.0
0,4784,0.0
0,4785,0.0
0,4786,0.0
0,4787,0.0
0,4788,0.0
0,4789,0.0
0,4790,0.0
0,4791,0.0
0,4792,0.0
0,4793,0.0
0,4794,0.0
0,4795,0.0
0,4796,0.0
0,4797,0.0
0,4798,0.0
0,4799,0.0
0,4800,0.0
0,4801,0.0
0,4802,0.0
0,4803,0.0
0,4804,0.0
0,4805,0.0
0,4806,0.0
0,4807,0.0
0,4808,0.0
0,4809,0.0
0,4810,0.0
0,4811,0.0
0,4812,0.0
0,4813,0.0
0,4814,0.0
0,4815,0.0
0,4816,0.0
0,4817,0.0
0,4818,0.0
0,4819,0.0
0,4820,0.0
0,4821,0.0
0,4822,0.0
0,4823,0.0
0,4824,0.0
0,4825,0.0
0,4826,0.0
0,4827,0.0
0,4828,0.0
0,4829,0.0
0,4830,0.0
0,4831,0.0
0,4832,0.0
0,4833,0.0
0,4834,0.0
0,4835,0.0
0,4836,0.0
0,4837,0.0
0,4838,0.0
0,4839,0.0
0,4840,0.0
0,4841,0.0
0,4842,0.0
0,4843,0.0
0,4844,0.0
0,4845,0.0
0,4846,0.0
0,4847,0.0
0,4848,0.0
0,4849,0.0
0,4850,0.0
0,4851,0.0
0,4852,0.0
0,4853,0.0
0,4854,0.0
0,4855,0.0
0,4856,0.0
0,4857,0.0
0,4858,0.0
0,4859,0.0
0,4860,0.0
0,4861,0.0
0,4862,0.0
0,4863,0.0
0,4864,0.0
0,4865,0.0
0,4866,0.0
0,4867,0.0
0,4868,0.0
0,4869,0.0
0,4870,0.0
0,4871,0.0
0,4872,0.0
0,4873,0.0
0,4874,0.0
0,4875,0.0
0,4876,0.0
0,4877,0.0
0,4878,0.0
0,4879,0.0
0,4880,0.0
0,4881,0.0
0,4882,0.0
0,4883,0.0
0,4884,0.0
0,4885,0.0
0,4886,0.0
0,4887,0.0
0,4888,0.0
0,4889,0.0
0,4890,0.0
0,4891,0.0
0,4892,0.0
0,4893,0.0
0,4894,0.0
0,4895,0.0
0,4896,0.0
0,4897,0.0
0,4898,0.0
0,4899,0.0
0,4900,0.0
0,4901,0.0
0,4902,0.0
0,4903,0.0
0,4904,0.0
0,4905,0.0
0,4906,0.0
0,4907,0.0
0,4908,0.0
0,4909,0.0
0,4910,0.0
0,4911,0.0
0,4912,0.0
0,4913,0.0
0,4914,0.0
0,4915,0.0
0,4916,0.0
0,4917,0.0
0,4918,0.0
0,4919,0.0
0,4920,0.0
0,4921,0.0
0,4922,0.0
0,4923,0.0
0,4924,0.0
0,4925,0.0
0,4926,0.0
0,4927,0.0
0,4928,0.0
0,4929,0.0
0,4930,0.0
0,4931,0.0
0,4932,0.0
0,4933,0.0
0,4934,0.0
0,4935,0.0
0,4936,0.0
0,4937,0.0
0,4938,0.0
0,4939,0.0
0,4940,0.0
0,4941,0.0
0,4942,0.0
0,4943,0.0
0,4944,0.0
0,4945,0.0
0,4946,0.0
0,4947,0.0
0,4948,0.0
0,4949,0.0
0,4950,0.0
0,4951,0.0
0,4952,0.0
0,4953,0.0
0,4954,0.0
0,4955,0.0
0,4956,0.0
0,4957,0.0
0,4958,0.0
0,4959,0.0
0,4960,0.0
0,4961,0.0
0,4962,0.0
0,4963,0.0
0,4964,0.0
0,4965,0.0
0,4966,0.0
0,4967,0.0
0,4968,0.0
0,4969,0.0
0,4970,0.0
0,4971,0.0
0,4972,0.0
0,4973,0.0
0,4974,0.0
0,4975,0.0
0,4976,0.0
0,4977,0.0
0,4978,0.0
0,4979,0.0
0,4980,0.0
0,4981,0.0
0,4982,0.0
0,4983,0.0
0,4984,0.0
0,4985,0.0
0,4986,0.0
0,4987,0.0
0,4988,0.0
0,4989,0.0
0,4990,0.0
0,4991,0.0
0,4992,0.0
0,4993,0.0
0,4994,0.0
0,4995,0.0
0,4996,0.0
0,4997,0.0
0,4998,0.0
0,4999,0.0
0,5000,0.0
0,5001,0.0
0,5002,0.0
0,5003,0.0
0,5004,0.0
0,5005,0.0
0,5006,0.0
0,5007,0.0
0,5008,0.0
0,5009,0.0
0,5010,0.0
0,5011,0.0
0,5012,0.0
0,5013,0.0
0,5014,0.0
0,5015,0.0
0,5016,0.0
0,5017,0.0
0,5018,0.0
0,5019,0.0
0,5020,0.0
0,5021,0.0
0,5022,0.0
0,5023,0.0
0,5024,0.0
0,5025,0.0
0,5026,0.0
0,5027,0.0
0,5028,0.0
0,5029,0.0
0,5030,0.0
0,5031,0.0
0,5032,0.0
0,5033,0.0
0,5034,0.0
0,5035,0.0
0,5036,0.0
0,5037,0.0
0,5038,0.0
0,5039,0.0
0,5040,0.0
0,5041,0.0
0,5042,0.0
0,5043,0.0
0,5044,0.0
0,5045,0.0
0,5046,0.0
0,5047,0.0
0,5048,0.0
0,5049,0.0
0,5050,0.0
0,5051,0.0
0,5052,0.0
0,5053,0.0
0,5054,0.0
0,5055,0.0
0,5056,0.0
0,5057,0.0
0,5058,0.0
0,5059,0.0
0,5060,0.0
0,5061,0.0
0,5062,0.0
0,5063,0.0
0,5064,0.0
0,5065,0.0
0,5066,0.0
0,5067,0.0
0,5068,0.0
0,5069,0.0
0,5070,0.0
0,5071,0.0
0,5072,0.0
0,5073,0.0
0,5074,0.0
0,5075,0.0
0,5076,0.0
0,5077,0.0
0,5078,0.0
0,5079,0.0
0,5080,0.0
0,5081,0.0
0,5082,0.0
0,5083,0.0
0,5084,0.0
0,5085,0.0
0,5086,0.0
0,5087,0.0
0,5088,0.0
0,5089,0.0
0,5090,0.0
0,5091,0.0
0,5092,0.0
0,5093,0.0
0,5094,0.0
0,5095,0.0
0,5096,0.0
0,5097,0.0
0,5098,0.0
0,5099,0.0
0,5100,0.0
0,5101,0.0
0,5102,0.0
0,5103,0.0
0,5104,0.0
0,5105,0.0
0,5106,0.0
0,5107,0.0
0,5108,0.0
0,5109,0.0
0,5110,0.0
0,5111,0.0
0,5112,0.0
0,5113,0.0
0,5114,0.0
0,5115,0.0
0,5116,0.0
0,5117,0.0
0,5118,0.0
0,5119,0.0
0,5120,0.0
0,5121,0.0
0,5122,0.0
0,5123,0.0
0,5124,0.0
0,5125,0.0
0,5126,0.0
0,5127,0.0
0,5128,0.0
0,5129,0.0
0,5130,0.0
0,5131,0.0
0,5132,0.0
0,5133,0.0
0,5134,0.0
0,5135,0.0
0,5136,0.0
0,5137,0.0
0,5138,0.0
0,5139,0.0
0,5140,0.0
0,5141,0.0
0,5142,0.0
0,5143,0.0
0,5144,0.0
0,5145,0.0
0,5146,0.0
0,5147,0.0
0,5148,0.0
0,5149,0.0
0,5150,0.0
0,5151,0.0
0,5152,0.0
0,5153,0.0
0,5154,0.0
0,5155,0.0
0,5156,0.0
0,5157,0.0
0,5158,0.0
0,5159,0.0
0,5160,0.0
0,5161,0.0
0,5162,0.0
0,5163,0.0
0,5164,0.0
0,5165,0.0
0,5166,0.0
0,5167,0.0
0,5168,0.0
0,5169,0.0
0,5170,0.0
0,5171,0.0
0,5172,0.0
0,5173,0.0
0,5174,0.0
0,5175,0.0
0,5176,0.0
0,5177,0.0
0,5178,0.0
0,5179,0.0
0,5180,0.0
0,5181,0.0
0,5182,0.0
0,5183,0.0
0,5184,0.0
0,5185,0.0
0,5186,0.0
0,5187,0.0
0,5188,0.0
0,5189,0.0
0,5190,0.0
0,5191,0.0
0,5192,0.0
0,5193,0.0
0,5194,0.0
0,5195,0.0
0,5196,0.0
0,5197,0.0
0,5198,0.0
0,5199,0.0
0,5200,0.0
0,5201,0.0
0,5202,0.0
0,5203,0.0
0,5204,0.0
0,5205,0.0
0,5206,0.0
0,5207,0.0
0,5208,0.0
0,5209,0.0
0,5210,0.0
0,5211,0.0
0,5212,0.0
0,5213,0.0
0,5214,0.0
0,5215,0.0
0,5216,0.0
0,5217,0.0
0,5218,0.0
0,5219,0.0
0,5220,0.0
0,5221,0.0
0,5222,0.0
0,5223,0.0
0,5224,0.0
0,5225,0.0
0,5226,0.0
0,5227,0.0
0,5228,0.0
0,5229,0.0
0,5230,0.0
0,5231,0.0
0,5232,0.0
0,5233,0.0
0,5234,0.0
0,5235,0.0
0,5236,0.0
0,5237,0.0
0,5238,0.0
0,5239,0.0
0,5240,0.0
0,5241,0.0
0,5242,0.0
0,5243,0.0
0,5244,0.0
0,5245,0.0
0,5246,0.0
0,5247,0.0
0,5248,0.0
0,5249,0.0
0,5250,0.0
0,5251,0.0
0,5252,0.0
0,5253,0.0
0,5254,0.0
0,5255,0.0
0,5256,0.0
0,5257,0.0
0,5258,0.0
0,5259,0.0
0,5260,0.0
0,5261,0.0
0,5262,0.0
0,5263,0.0
0,5264,0.0
0,5265,0.0
0,5266,0.0
0,5267,0.0
0,5268,0.0
0,5269,0.0
0,5270,0.0
0,5271,0.0
0,5272,0.0
0,5273,0.0
0,5274,0.0
0,5275,0.0
0,5276,0.0
0,5277,0.0
0,5278,0.0
0,5279,0.0
0,5280,0.0
0,5281,0.0
0,5282,0.0
0,5283,0.0
0,5284,0.0
0,5285,0.0
0,5286,0.0
0,5287,0.0
0,5288,0.0
0,5289,0.0
0,5290,0.0
0,5291,0.0
0,5292,0.0
0,5293,0.0
0,5294,0.0
0,5295,0.0
0,5296,0.0
0,5297,0.0
0,5298,0.0
0,5299,0.0
0,5300,0.0
0,5301,0.0
0,5302,0.0
0,5303,0.0
0,5304,0.0
0,5305,0.0
0,5306,0.0
0,5307,0.0
0,5308,0.0
0,5309,0.0
0,5310,0.0
0,5311,0.0
0,5312,0.0
0,5313,0.0
0,5314,0.0
0,5315,0.0
0,5316,0.0
0,5317,0.0
0,5318,0.0
0,5319,0.0
0,5320,0.0
0,5321,0.0
0,5322,0.0
0,5323,0.0
0,5324,0.0
0,5325,0.0
0,5326,0.0
0,5327,0.0
0,5328,0.0
0,5329,0.0
0,5330,0.0
0,5331,0.0
0,5332,0.0
0,5333,0.0
0,5334,0.0
0,5335,0.0
0,5336,0.0
0,5337,0.0
0,5338,0.0
0,5339,0.0
0,5340,0.0
0,5341,0.0
0,5342,0.0
0,5343,0.0
0,5344,0.0
0,5345,0.0
0,5346,0.0
0,5347,0.0
0,5348,0.0
0,5349,0.0
0,5350,0.0
0,5351,0.0
0,5352,0.0
0,5353,0.0
0,5354,0.0
0,5355,0.0
0,5356,0.0
0,5357,0.0
0,5358,0.0
0,5359,0.0
0,5360,0.0
0,5361,0.0
0,5362,0.0
0,5363,0.0
0,5364,0.0
0,5365,0.0
0,5366,0.0
0,5367,0.0
0,5368,0.0
0,5369,0.0
0,5370,0.0
0,5371,0.0
0,5372,0.0
0,5373,0.0
0,5374,0.0
0,5375,0.0
0,5376,0.0
0,5377,0.0
0,5378,0.0
0,5379,0.0
0,5380,0.0
0,5381,0.0
0,5382,0.0
0,5383,0.0
0,5384,0.0
0,5385,0.0
0,5386,0.0
0,5387,0.0
0,5388,0.0
0,5389,0.0
0,5390,0.0
0,5391,0.0
0,5392,0.0
0,5393,0.0
0,5394,0.0
0,5395,0.0
0,5396,0.0
0,5397,0.0
0,5398,0.0
0,5399,0.0
0,5400,0.0
0,5401,0.0
0,5402,0.0
0,5403,0.0
0,5404,0.0
0,5405,0.0
0,5406,0.0
0,5407,0.0
0,5408,0.0
0,5409,0.0
0,5410,0.0
0,5411,0.0
0,5412,0.0
0,5413,0.0
0,5414,0.0
0,5415,0.0
0,5416,0.0
0,5417,0.0
0,5418,0.0
0,5419,0.0
0,5420,0.0
0,5421,0.0
0,5422,0.0
0,5423,0.0
0,5424,0.0
0,5425,0.0
0,5426,0.0
0,5427,0.0
0,5428,0.0
0,5429,0.0
0,5430,0.0
0,5431,0.0
0,5432,0.0
0,5433,0.0
0,5434,0.0
0,5435,0.0
0,5436,0.0
0,5437,0.0
0,5438,0.0
0,5439,0.0
0,5440,0.0
0,5441,0.0
0,5442,0.0
0,5443,0.0
0,5444,0.0
0,5445,0.0
0,5446,0.0
0,5447,0.0
0,5448,0.0
0,5449,0.0
0,5450,0.0
0,5451,0.0
0,5452,0.0
0,5453,0.0
0,5454,0.0
0,5455,0.0
0,5456,0.0
0,5457,0.0
0,5458,0.0
0,5459,0.0
0,5460,0.0
0,5461,0.0
0,5462,0.0
0,5463,0.0
0,5464,0.0
0,5465,0.0
0,5466,0.0
0,5467,0.0
0,5468,0.0
0,5469,0.0
0,5470,0.0
0,5471,0.0
0,5472,0.0
0,5473,0.0
0,5474,0.0
0,5475,0.0
0,5476,0.0
0,5477,0.0
0,5478,0.0
0,5479,0.0
0,5480,0.0
0,5481,0.0
0,5482,0.0
0,5483,0.0
0,5484,0.0
0,5485,0.0
0,5486,0.0
0,5487,0.0
0,5488,0.0
0,5489,0.0
0,5490,0.0
0,5491,0.0
0,5492,0.0
0,5493,0.0
0,5494,0.0
0,5495,0.0
0,5496,0.0
0,5497,0.0
0,5498,0.0
0,5499,0.0
0,5500,0.0
0,5501,0.0
0,5502,0.0
0,5503,0.0
0,5504,0.0
0,5505,0.0
0,5506,0.0
0,5507,0.0
0,5508,0.0
0,5509,0.0
0,5510,0.0
0,5511,0.0
0,5512,0.0
0,5513,0.0
0,5514,0.0
0,5515,0.0
0,5516,0.0
0,5517,0.0
0,5518,0.0
0,5519,0.0
0,5520,0.0
0,5521,0.0
0,5522,0.0
0,5523,0.0
0,5524,0.0
0,5525,0.0
0,5526,0.0
0,5527,0.0
0,5528,0.0
0,5529,0.0
0,5530,0.0
0,5531,0.0
0,5532,0.0
0,5533,0.0
0,5534,0.0
0,5535,0.0
0,5536,0.0
0,5537,0.0
0,5538,0.0
0,5539,0.0
0,5540,0.0
0,5541,0.0
0,5542,0.0
0,5543,0.0
0,5544,0.0
0,5545,0.0
0,5546,0.0
0,5547,0.0
0,5548,0.0
0,5549,0.0
0,5550,0.0
0,5551,0.0
0,5552,0.0
0,5553,0.0
0,5554,0.0
0,5555,0.0
0,5556,0.0
0,5557,0.0
0,5558,0.0
0,5559,0.0
0,5560,0.0
0,5561,0.0
0,5562,0.0
0,5563,0.0
0,5564,0.0
0,5565,0.0
0,5566,0.0
0,5567,0.0
0,5568,0.0
0,5569,0.0
0,5570,0.0
0,5571,0.0
0,5572,0.0
0,5573,0.0
0,5574,0.0
0,5575,0.0
0,5576,0.0
0,5577,0.0
0,5578,0.0
0,5579,0.0
0,5580,0.0
0,5581,0.0
0,5582,0.0
0,5583,0.0
0,5584,0.0
0,5585,0.0
0,5586,0.0
0,5587,0.0
0,5588,0.0
0,5589,0.0
0,5590,0.0
0,5591,0.0
0,5592,0.0
0,5593,0.0
0,5594,0.0
0,5595,0.0
0,5596,0.0
0,5597,0.0
0,5598,0.0
0,5599,0.0
0,5600,0.0
0,5601,0.0
0,5602,0.0
0,5603,0.0
0,5604,0.0
0,5605,0.0
0,5606,0.0
0,5607,0.0
0,5608,0.0
0,5609,0.0
0,5610,0.0
0,5611,0.0
0,5612,0.0
0,5613,0.0
0,5614,0.0
0,5615,0.0
0,5616,0.0
0,5617,0.0
0,5618,0.0
0,5619,0.0
0,5620,0.0
0,5621,0.0
0,5622,0.0
0,5623,0.0
0,5624,0.0
0,5625,0.0
0,5626,0.0
0,5627,0.0
0,5628,0.0
0,5629,0.0
0,5630,0.0
0,5631,0.0
0,5632,0.0
0,5633,0.0
0,5634,0.0
0,5635,0.0
0,5636,0.0
0,5637,0.0
0,5638,0.0
0,5639,0.0
0,5640,0.0
0,5641,0.0
0,5642,0.0
0,5643,0.0
0,5644,0.0
0,5645,0.0
0,5646,0.0
0,5647,0.0
0,5648,0.0
0,5649,0.0
0,5650,0.0
0,5651,0.0
0,5652,0.0
0,5653,0.0
0,5654,0.0
0,5655,0.0
0,5656,0.0
0,5657,0.0
0,5658,0.0
0,5659,0.0
0,5660,0.0
0,5661,0.0
0,5662,0.0
0,5663,0.0
0,5664,0.0
0,5665,0.0
0,5666,0.0
0,5667,0.0
0,5668,0.0
0,5669,0.0
0,5670,0.0
0,5671,0.0
0,5672,0.0
0,5673,0.0
0,5674,0.0
0,5675,0.0
0,5676,0.0
0,5677,0.0
0,5678,0.0
0,5679,0.0
0,5680,0.0
0,5681,0.0
0,5682,0.0
0,5683,0.0
0,5684,0.0
0,5685,0.0
0,5686,0.0
0,5687,0.0
0,5688,0.0
0,5689,0.0
0,5690,0.0
0,5691,0.0
0,5692,0.0
0,5693,0.0
0,5694,0.0
0,5695,0.0
0,5696,0.0
0,5697,0.0
0,5698,0.0
0,5699,0.0
0,5700,0.0
0,5701,0.0
0,5702,0.0
0,5703,0.0
0,5704,0.0
0,5705,0.0
0,5706,0.0
0,5707,0.0
0,5708,0.0
0,5709,0.0
0,5710,0.0
0,5711,0.0
0,5712,0.0
0,5713,0.0
0,5714,0.0
0,5715,0.0
0,5716,0.0
0,5717,0.0
0,5718,0.0
0,5719,0.0
0,5720,0.0
0,5721,0.0
0,5722,0.0
0,5723,0.0
0,5724,0.0
0,5725,0.0
0,5726,0.0
0,5727,0.0
0,5728,0.0
0,5729,0.0
0,5730,0.0
0,5731,0.0
0,5732,0.0
0,5733,0.0
0,5734,0.0
0,5735,0.0
0,5736,0.0
0,5737,0.0
0,5738,0.0
0,5739,0.0
0,5740,0.0
0,5741,0.0
0,5742,0.0
0,5743,0.0
0,5744,0.0
0,5745,0.0
0,5746,0.0
0,5747,0.0
0,5748,0.0
0,5749,0.0
0,5750,0.0
0,5751,0.0
0,5752,0.0
0,5753,0.0
0,5754,0.0
0,5755,0.0
0,5756,0.0
0,5757,0.0
0,5758,0.0
0,5759,0.0
0,5760,0.0
0,5761,0.0
0,5762,0.0
0,5763,0.0
0,5764,0.0
0,5765,0.0
0,5766,0.0
0,5767,0.0
0,5768,0.0
0,5769,0.0
0,5770,0.0
0,5771,0.0
0,5772,0.0
0,5773,0.0
0,5774,0.0
0,5775,0.0
0,5776,0.0
0,5777,0.0
0,5778,0.0
0,5779,0.0
0,5780,0.0
0,5781,0.0
0,5782,0.0
0,5783,0.0
0,5784,0.0
0,5785,0.0
0,5786,0.0
0,5787,0.0
0,5788,0.0
0,5789,0.0
0,5790,0.0
0,5791,0.0
0,5792,0.0
0,5793,0.0
0,5794,0.0
0,5795,0.0
0,5796,0.0
0,5797,0.0
0,5798,0.0
0,5799,0.0
0,5800,0.0
0,5801,0.0
0,5802,0.0
0,5803,0.0
0,5804,0.0
0,5805,0.0
0,5806,0.0
0,5807,0.0
0,5808,0.0
0,5809,0.0
0,5810,0.0
0,5811,0.0
0,5812,0.0
0,5813,0.0
0,5814,0.0
0,5815,0.0
0,5816,0.0
0,5817,0.0
0,5818,0.0
0,5819,0.0
0,5820,0.0
0,5821,0.0
0,5822,0.0
0,5823,0.0
0,5824,0.0
0,5825,0.0
0,5826,0.0
0,5827,0.0
0,5828,0.0
0,5829,0.0
0,5830,0.0
0,5831,0.0
0,5832,0.0
0,5833,0.0
0,5834,0.0
0,5835,0.0
0,5836,0.0
0,5837,0.0
0,5838,0.0
0,5839,0.0
0,5840,0.0
0,5841,0.0
0,5842,0.0
0,5843,0.0
0,5844,0.0
0,5845,0.0
0,5846,0.0
0,5847,0.0
0,5848,0.0
0,5849,0.0
0,5850,0.0
0,5851,0.0
0,5852,0.0
0,5853,0.0
0,5854,0.0
0,5855,0.0
0,5856,0.0
0,5857,0.0
0,5858,0.0
0,5859,0.0
0,5860,0.0
0,5861,0.0
0,5862,0.0
0,5863,0.0
0,5864,0.0
0,5865,0.0
0,5866,0.0
0,5867,0.0
0,5868,0.0
0,5869,0.0
0,5870,0.0
0,5871,0.0
0,5872,0.0
0,5873,0.0
0,5874,0.0
0,5875,0.0
0,5876,0.0
0,5877,0.0
0,5878,0.0
0,5879,0.0
0,5880,0.0
0,5881,0.0
0,5882,0.0
0,5883,0.0
0,5884,0.0
0,5885,0.0
0,5886,0.0
0,5887,0.0
0,5888,0.0
0,5889,0.0
0,5890,0.0
0,5891,0.0
0,5892,0.0
0,5893,0.0
0,5894,0.0
0,5895,0.0
0,5896,0.0
0,5897,0.0
0,5898,0.0
0,5899,0.0
0,5900,0.0
0,5901,0.0
0,5902,0.0
0,5903,0.0
0,5904,0.0
0,5905,0.0
0,5906,0.0
0,5907,0.0
0,5908,0.0
0,5909,0.0
0,5910,0.0
0,5911,0.0
0,5912,0.0
0,5913,0.0
0,5914,0.0
0,5915,0.0
0,5916,0.0
0,5917,0.0
0,5918,0.0
0,5919,0.0
0,5920,0.0
0,5921,0.0
0,5922,0.0
0,5923,0.0
0,5924,0.0
0,5925,0.0
0,5926,0.0
0,5927,0.0
0,5928,0.0
0,5929,0.0
0,5930,0.0
0,5931,0.0
0,5932,0.0
0,5933,0.0
0,5934,0.0
0,5935,0.0
0,5936,0.0
0,5937,0.0
0,5938,0.0
0,5939,0.0
0,5940,0.0
0,5941,0.0
0,5942,0.0
0,5943,0.0
0,5944,0.0
0,5945,0.0
0,5946,0.0
0,5947,0.0
0,5948,0.0
0,5949,0.0
0,5950,0.0
0,5951,0.0
0,5952,0.0
0,5953,0.0
0,5954,0.0
0,5955,0.0
0,5956,0.0
0,5957,0.0
0,5958,0.0
0,5959,0.0
0,5960,0.0
0,5961,0.0
0,5962,0.0
0,5963,0.0
0,5964,0.0
0,5965,0.0
0,5966,0.0
0,5967,0.0
0,5968,0.0
0,5969,0.0
0,5970,0.0
0,5971,0.0
0,5972,0.0
0,5973,0.0
0,5974,0.0
0,5975,0.0
0,5976,0.0
0,5977,0.0
0,5978,0.0
0,5979,0.0
0,5980,0.0
0,5981,0.0
0,5982,0.0
0,5983,0.0
0,5984,0.0
0,5985,0.0
0,5986,0.0
0,5987,0.0
0,5988,0.0
0,5989,0.0
0,5990,0.0
0,5991,0.0
0,5992,0.0
0,5993,0.0
0,5994,0.0
0,5995,0.0
0,5996,0.0
0,5997,0.0
0,5998,0.0
0,5999,0.0
0,6000,0.0
0,6001,0.0
0,6002,0.0
0,6003,0.0
0,6004,0.0
0,6005,0.0
0,6006,0.0
0,6007,0.0
0,6008,0.0
0,6009,0.0
0,6010,0.0
0,6011,0.0
0,6012,0.0
0,6013,0.0
0,6014,0.0
0,6015,0.0
0,6016,0.0
0,6017,0.0
0,6018,0.0
0,6019,0.0
0,6020,0.0
0,6021,0.0
0,6022,0.0
0,6023,0.0
0,6024,0.0
0,6025,0.0
0,6026,0.0
0,6027,0.0
0,6028,0.0
0,6029,0.0
0,6030,0.0
0,6031,0.0
0,6032,0.0
0,6033,0.0
0,6034,0.0
0,6035,0.0
0,6036,0.0
0,6037,0.0
0,6038,0.0
0,6039,0.0
0,6040,0.0
0,6041,0.0
0,6042,0.0
0,6043,0.0
0,6044,0.0
0,6045,0.0
0,6046,0.0
0,6047,0.0
0,6048,0.0
0,6049,0.0
0,6050,0.0
0,6051,0.0
0,6052,0.0
0,6053,0.0
0,6054,0.0
0,6055,0.0
0,6056,0.0
0,6057,0.0
0,6058,0.0
0,6059,0.0
0,6060,0.0
0,6061,0.0
0,6062,0.0
0,6063,0.0
0,6064,0.0
0,6065,0.0
0,6066,0.0
0,6067,0.0
0,6068,0.0
0,6069,0.0
0,6070,0.0
0,6071,0.0
0,6072,0.0
0,6073,0.0
0,6074,0.0
0,6075,0.0
0,6076,0.0
0,6077,0.0
0,6078,0.0
0,6079,0.0
0,6080,0.0
0,6081,0.0
0,6082,0.0
0,6083,0.0
0,6084,0.0
0,6085,0.0
0,6086,0.0
0,6087,0.0
0,6088,0.0
0,6089,0.0
0,6090,0.0
0,6091,0.0
0,6092,0.0
0,6093,0.0
0,6094,0.0
0,6095,0.0
0,6096,0.0
0,6097,0.0
0,6098,0.0
0,6099,0.0
0,6100,0.0
0,6101,0.0
0,6102,0.0
0,6103,0.0
0,6104,0.0
0,6105,0.0
0,6106,0.0
0,6107,0.0
0,6108,0.0
0,6109,0.0
0,6110,0.0
0,6111,0.0
0,6112,0.0
0,6113,0.0
0,6114,0.0
0,6115,0.0
0,6116,0.0
0,6117,0.0
0,6118,0.0
0,6119,0.0
0,6120,0.0
0,6121,0.0
0,6122,0.0
0,6123,0.0
0,6124,0.0
0,6125,0.0
0,6126,0.0
0,6127,0.0
0,6128,0.0
0,6129,0.0
0,6130,0.0
0,6131,0.0
0,6132,0.0
0,6133,0.0
0,6134,0.0
0,6135,0.0
0,6136,0.0
0,6137,0.0
0,6138,0.0
0,6139,0.0
0,6140,0.0
0,6141,0.0
0,6142,0.0
0,6143,0.0
0,6144,0.0
0,6145,0.0
0,6146,0.0
0,6147,0.0
0,6148,0.0
0,6149,0.0
0,6150,0.0
0,6151,0.0
0,6152,0.0
0,6153,0.0
0,6154,0.0
0,6155,0.0
0,6156,0.0
0,6157,0.0
0,6158,0.0
0,6159,0.0
0,6160,0.0
0,6161,0.0
0,6162,0.0
0,6163,0.0
0,6164,0.0
0,6165,0.0
0,6166,0.0
0,6167,0.0
0,6168,0.0
0,6169,0.0
0,6170,0.0
0,6171,0.0
0,6172,0.0
0,6173,0.0
0,6174,0.0
0,6175,0.0
0,6176,0.0
0,6177,0.0
0,6178,0.0
0,6179,0.0
0,6180,0.0
0,6181,0.0
0,6182,0.0
0,6183,0.0
0,6184,0.0
0,6185,0.0
0,6186,0.0
0,6187,0.0
0,6188,0.0
0,6189,0.0
0,6190,0.0
0,6191,0.0
0,6192,0.0
0,6193,0.0
0,6194,0.0
0,6195,0.0
0,6196,0.0
0,6197,0.0
0,6198,0.0
0,6199,0.0
0,6200,0.0
0,6201,0.0
0,6202,0.0
0,6203,0.0
0,6204,0.0
0,6205,0.0
0,6206,0.0
0,6207,0.0
0,6208,0.0
0,6209,0.0
0,6210,0.0
0,6211,0.0
0,6212,0.0
0,6213,0.0
0,6214,0.0
0,6215,0.0
0,6216,0.0
0,6217,0.0
0,6218,0.0
0,6219,0.0
0,6220,0.0
0,6221,0.0
0,6222,0.0
0,6223,0.0
0,6224,0.0
0,6225,0.0
0,6226,0.0
0,6227,0.0
0,6228,0.0
0,6229,0.0
0,6230,0.0
0,6231,0.0
0,6232,0.0
0,6233,0.0
0,6234,0.0
0,6235,0.0
0,6236,0.0
0,6237,0.0
0,6238,0.0
0,6239,0.0
0,6240,0.0
0,6241,0.0
0,6242,0.0
0,6243,0.0
0,6244,0.0
0,6245,0.0
0,6246,0.0
0,6247,0.0
0,6248,0.0
0,6249,0.0
0,6250,0.0
0,6251,0.0
0,6252,0.0
0,6253,0.0
0,6254,0.0
0,6255,0.0
0,6256,0.0
0,6257,0.0
0,6258,0.0
0,6259,0.0
0,6260,0.0
0,6261,0.0
0,6262,0.0
0,6263,0.0
0,6264,0.0
0,6265,0.0
0,6266,0.0
0,6267,0.0
0,6268,0.0
0,6269,0.0
0,6270,0.0
0,6271,0.0
0,6272,0.0
0,6273,0.0
0,6274,0.0
0,6275,0.0
0,6276,0.0
0,6277,0.0
0,6278,0.0
0,6279,0.0
0,6280,0.0
0,6281,0.0
0,6282,0.0
0,6283,0.0
0,6284,0.0
0,6285,0.0
0,6286,0.0
0,6287,0.0
0,6288,0.0
0,6289,0.0
0,6290,0.0
0,6291,0.0
0,6292,0.0
0,6293,0.0
0,6294,0.0
0,6295,0.0
0,6296,0.0
0,6297,0.0
0,6298,0.0
0,6299,0.0
0,6300,0.0
0,6301,0.0
0,6302,0.0
0,6303,0.0
0,6304,0.0
0,6305,0.0
0,6306,0.0
0,6307,0.0
0,6308,0.0
0,6309,0.0
0,6310,0.0
0,6311,0.0
0,6312,0.0
0,6313,0.0
0,6314,0.0
0,6315,0.0
0,6316,0.0
0,6317,0.0
0,6318,0.0
0,6319,0.0
0,6320,0.0
0,6321,0.0
0,6322,0.0
0,6323,0.0
0,6324,0.0
0,6325,0.0
0,6326,0.0
0,6327,0.0
0,6328,0.0
0,6329,0.0
0,6330,0.0
0,6331,0.0
0,6332,0.0
0,6333,0.0
0,6334,0.0
0,6335,0.0
0,6336,0.0
0,6337,0.0
0,6338,0.0
0,6339,0.0
0,6340,0.0
0,6341,0.0
0,6342,0.0
0,6343,0.0
0,6344,0.0
0,6345,0.0
0,6346,0.0
0,6347,0.0
0,6348,0.0
0,6349,0.0
0,6350,0.0
0,6351,0.0
0,6352,0.0
0,6353,0.0
0,6354,0.0
0,6355,0.0
0,6356,0.0
0,6357,0.0
0,6358,0.0
0,6359,0.0
0,6360,0.0
0,6361,0.0
0,6362,0.0
0,6363,0.0
0,6364,0.0
0,6365,0.0
0,6366,0.0
0,6367,0.0
0,6368,0.0
0,6369,0.0
0,6370,0.0
0,6371,0.0
0,6372,0.0
0,6373,0.0
0,6374,0.0
0,6375,0.0
0,6376,0.0
0,6377,0.0
0,6378,0.0
0,6379,0.0
0,6380,0.0
0,6381,0.0
0,6382,0.0
0,6383,0.0
0,6384,0.0
0,6385,0.0
0,6386,0.0
0,6387,0.0
0,6388,0.0
0,6389,0.0
0,6390,0.0
0,6391,0.0
0,6392,0.0
0,6393,0.0
0,6394,0.0
0,6395,0.0
0,6396,0.0
0,6397,0.0
0,6398,0.0
0,6399,0.0
0,6400,0.0
0,6401,0.0
0,6402,0.0
0,6403,0.0
0,6404,0.0
0,6405,0.0
0,6406,0.0
0,6407,0.0
0,6408,0.0
0,6409,0.0
0,6410,0.0
0,6411,0.0
0,6412,0.0
0,6413,0.0
0,6414,0.0
0,6415,0.0
0,6416,0.0
0,6417,0.0
0,6418,0.0
0,6419,0.0
0,6420,0.0
0,6421,0.0
0,6422,0.0
0,6423,0.0
0,6424,0.0
0,6425,0.0
0,6426,0.0
0,6427,0.0
0,6428,0.0
0,6429,0.0
0,6430,0.0
0,6431,0.0
0,6432,0.0
0,6433,0.0
0,6434,0.0
0,6435,0.0
0,6436,0.0
0,6437,0.0
0,6438,0.0
0,6439,0.0
0,6440,0.0
0,6441,0.0
0,6442,0.0
0,6443,0.0
0,6444,0.0
0,6445,0.0
0,6446,0.0
0,6447,0.0
0,6448,0.0
0,6449,0.0
0,6450,0.0
0,6451,0.0
0,6452,0.0
0,6453,0.0
0,6454,0.0
0,6455,0.0
0,6456,0.0
0,6457,0.0
0,6458,0.0
0,6459,0.0
0,6460,0.0
0,6461,0.0
0,6462,0.0
0,6463,0.0
0,6464,0.0
0,6465,0.0
0,6466,0.0
0,6467,0.0
0,6468,0.0
0,6469,0.0
0,6470,0.0
0,6471,0.0
0,6472,0.0
0,6473,0.0
0,6474,0.0
0,6475,0.0
0,6476,0.0
0,6477,0.0
0,6478,0.0
0,6479,0.0
0,6480,0.0
0,6481,0.0
0,6482,0.0
0,6483,0.0
0,6484,0.0
0,6485,0.0
0,6486,0.0
0,6487,0.0
0,6488,0.0
0,6489,0.0
0,6490,0.0
0,6491,0.0
0,6492,0.0
0,6493,0.0
0,6494,0.0
0,6495,0.0
0,6496,0.0
0,6497,0.0
0,6498,0.0
0,6499,0.0
0,6500,0.0
0,6501,0.0
0,6502,0.0
0,6503,0.0
0,6504,0.0
0,6505,0.0
0,6506,0.0
0,6507,0.0
0,6508,0.0
0,6509,0.0
0,6510,0.0
0,6511,0.0
0,6512,0.0
0,6513,0.0
0,6514,0.0
0,6515,0.0
0,6516,0.0
0,6517,0.0
0,6518,0.0
0,6519,0.0
0,6520,0.0
0,6521,0.0
0,6522,0.0
0,6523,0.0
0,6524,0.0
0,6525,0.0
0,6526,0.0
0,6527,0.0
0,6528,0.0
0,6529,0.0
0,6530,0.0
0,6531,0.0
0,6532,0.0
0,6533,0.0
0,6534,0.0
0,6535,0.0
0,6536,0.0
0,6537,0.0
0,6538,0.0
0,6539,0.0
0,6540,0.0
0,6541,0.0
0,6542,0.0
0,6543,0.0
0,6544,0.0
0,6545,0.0
0,6546,0.0
0,6547,0.0
0,6548,0.0
0,6549,0.0
0,6550,0.0
0,6551,0.0
0,6552,0.0
0,6553,0.0
0,6554,0.0
0,6555,0.0
0,6556,0.0
0,6557,0.0
0,6558,0.0
0,6559,0.0
0,6560,0.0
0,6561,0.0
0,6562,0.0
0,6563,0.0
0,6564,0.0
0,6565,0.0
0,6566,0.0
0,6567,0.0
0,6568,0.0
0,6569,0.0
0,6570,0.0
0,6571,0.0
0,6572,0.0
0,6573,0.0
0,6574,0.0
0,6575,0.0
0,6576,0.0
0,6577,0.0
0,6578,0.0
0,6579,0.0
0,6580,0.0
0,6581,0.0
0,6582,0.0
0,6583,0.0
0,6584,0.0
0,6585,0.0
0,6586,0.0
0,6587,0.0
0,6588,0.0
0,6589,0.0
0,6590,0.0
0,6591,0.0
0,6592,0.0
0,6593,0.0
0,6594,0.0
0,6595,0.0
0,6596,0.0
0,6597,0.0
0,6598,0.0
0,6599,0.0
0,6600,0.0
0,6601,0.0
0,6602,0.0
0,6603,0.0
0,6604,0.0
0,6605,0.0
0,6606,0.0
0,6607,0.0
0,6608,0.0
0,6609,0.0
0,6610,0.0
0,6611,0.0
0,6612,0.0
0,6613,0.0
0,6614,0.0
0,6615,0.0
0,6616,0.0
0,6617,0.0
0,6618,0.0
0,6619,0.0
0,6620,0.0
0,6621,0.0
0,6622,0.0
0,6623,0.0
0,6624,0.0
0,6625,0.0
0,6626,0.0
0,6627,0.0
0,6628,0.0
0,6629,0.0
0,6630,0.0
0,6631,0.0
0,6632,0.0
0,6633,0.0
0,6634,0.0
0,6635,0.0
0,6636,0.0
0,6637,0.0
0,6638,0.0
0,6639,0.0
0,6640,0.0
0,6641,0.0
0,6642,0.0
0,6643,0.0
0,6644,0.0
0,6645,0.0
0,6646,0.0
0,6647,0.0
0,6648,0.0
0,6649,0.0
0,6650,0.0
0,6651,0.0
0,6652,0.0
0,6653,0.0
0,6654,0.0
0,6655,0.0
0,6656,0.0
0,6657,0.0
0,6658,0.0
0,6659,0.0
0,6660,0.0
0,6661,0.0
0,6662,0.0
0,6663,0.0
0,6664,0.0
0,6665,0.0
0,6666,0.0
0,6667,0.0
0,6668,0.0
0,6669,0.0
0,6670,0.0
0,6671,0.0
0,6672,0.0
0,6673,0.0
0,6674,0.0
0,6675,0.0
0,6676,0.0
0,6677,0.0
0,6678,0.0
0,6679,0.0
0,6680,0.0
0,6681,0.0
0,6682,0.0
0,6683,0.0
0,6684,0.0
0,6685,0.0
0,6686,0.0
0,6687,0.0
0,6688,0.0
0,6689,0.0
0,6690,0.0
0,6691,0.0
0,6692,0.0
0,6693,0.0
0,6694,0.0
0,6695,0.0
0,6696,0.0
0,6697,0.0
0,6698,0.0
0,6699,0.0
0,6700,0.0
0,6701,0.0
0,6702,0.0
0,6703,0.0
0,6704,0.0
0,6705,0.0
0,6706,0.0
0,6707,0.0
0,6708,0.0
0,6709,0.0
0,6710,0.0
0,6711,0.0
0,6712,0.0
0,6713,0.0
0,6714,0.0
0,6715,0.0
0,6716,0.0
0,6717,0.0
0,6718,0.0
0,6719,0.0
0,6720,0.0
0,6721,0.0
0,6722,0.0
0,6723,0.0
0,6724,0.0
0,6725,0.0
0,6726,0.0
0,6727,0.0
0,6728,0.0
0,6729,0.0
0,6730,0.0
0,6731,0.0
0,6732,0.0
0,6733,0.0
0,6734,0.0
0,6735,0.0
0,6736,0.0
0,6737,0.0
0,6738,0.0
0,6739,0.0
0,6740,0.0
0,6741,0.0
0,6742,0.0
0,6743,0.0
0,6744,0.0
0,6745,0.0
0,6746,0.0
0,6747,0.0
0,6748,0.0
0,6749,0.0
0,6750,0.0
0,6751,0.0
0,6752,0.0
0,6753,0.0
0,6754,0.0
0,6755,0.0
0,6756,0.0
0,6757,0.0
0,6758,0.0
0,6759,0.0
0,6760,0.0
0,6761,0.0
0,6762,0.0
0,6763,0.0
0,6764,0.0
0,6765,0.0
0,6766,0.0
0,6767,0.0
0,6768,0.0
0,6769,0.0
0,6770,0.0
0,6771,0.0
0,6772,0.0
0,6773,0.0
0,6774,0.0
0,6775,0.0
0,6776,0.0
0,6777,0.0
0,6778,0.0
0,6779,0.0
0,6780,0.0
0,6781,0.0
0,6782,0.0
0,6783,0.0
0,6784,0.0
0,6785,0.0
0,6786,0.0
0,6787,0.0
0,6788,0.0
0,6789,0.0
0,6790,0.0
0,6791,0.0
0,6792,0.0
0,6793,0.0
0,6794,0.0
0,6795,0.0
0,6796,0.0
0,6797,0.0
0,6798,0.0
0,6799,0.0
0,6800,0.0
0,6801,0.0
0,6802,0.0
0,6803,0.0
0,6804,0.0
0,6805,0.0
0,6806,0.0
0,6807,0.0
0,6808,0.0
0,6809,0.0
0,6810,0.0
0,6811,0.0
0,6812,0.0
0,6813,0.0
0,6814,0.0
0,6815,0.0
0,6816,0.0
0,6817,0.0
0,6818,0.0
0,6819,0.0
0,6820,0.0
0,6821,0.0
0,6822,0.0
0,6823,0.0
0,6824,0.0
0,6825,0.0
0,6826,0.0
0,6827,0.0
0,6828,0.0
0,6829,0.0
0,6830,0.0
0,6831,0.0
0,6832,0.0
0,6833,0.0
0,6834,0.0
0,6835,0.0
0,6836,0.0
0,6837,0.0
0,6838,0.0
0,6839,0.0
0,6840,0.0
0,6841,0.0
0,6842,0.0
0,6843,0.0
0,6844,0.0
0,6845,0.0
0,6846,0.0
0,6847,0.0
0,6848,0.0
0,6849,0.0
0,6850,0.0
0,6851,0.0
0,6852,0.0
0,6853,0.0
0,6854,0.0
0,6855,0.0
0,6856,0.0
0,6857,0.0
0,6858,0.0
0,6859,0.0
0,6860,0.0
0,6861,0.0
0,6862,0.0
0,6863,0.0
0,6864,0.0
0,6865,0.0
0,6866,0.0
0,6867,0.0
0,6868,0.0
0,6869,0.0
0,6870,0.0
0,6871,0.0
0,6872,0.0
0,6873,0.0
0,6874,0.0
0,6875,0.0
0,6876,0.0
0,6877,0.0
0,6878,0.0
0,6879,0.0
0,6880,0.0
0,6881,0.0
0,6882,0.0
0,6883,0.0
0,6884,0.0
0,6885,0.0
0,6886,0.0
0,6887,0.0
0,6888,0.0
0,6889,0.0
0,6890,0.0
0,6891,0.0
0,6892,0.0
0,6893,0.0
0,6894,0.0
0,6895,0.0
0,6896,0.0
0,6897,0.0
0,6898,0.0
0,6899,0.0
0,6900,0.0
0,6901,0.0
0,6902,0.0
0,6903,0.0
0,6904,0.0
0,6905,0.0
0,6906,0.0
0,6907,0.0
0,6908,0.0
0,6909,0.0
0,6910,0.0
0,6911,0.0
0,6912,0.0
0,6913,0.0
0,6914,0.0
0,6915,0.0
0,6916,0.0
0,6917,0.0
0,6918,0.0
0,6919,0.0
0,6920,0.0
0,6921,0.0
0,6922,0.0
0,6923,0.0
0,6924,0.0
0,6925,0.0
0,6926,0.0
0,6927,0.0
0,6928,0.0
0,6929,0.0
0,6930,0.0
0,6931,0.0
0,6932,0.0
0,6933,0.0
0,6934,0.0
0,6935,0.0
0,6936,0.0
0,6937,0.0
0,6938,0.0
0,6939,0.0
0,6940,0.0
0,6941,0.0
0,6942,0.0
0,6943,0.0
0,6944,0.0
0,6945,0.0
0,6946,0.0
0,6947,0.0
0,6948,0.0
0,6949,0.0
0,6950,0.0
0,6951,0.0
0,6952,0.0
0,6953,0.0
0,6954,0.0
0,6955,0.0
0,6956,0.0
0,6957,0.0
0,6958,0.0
0,6959,0.0
0,6960,0.0
0,6961,0.0
0,6962,0.0
0,6963,0.0
0,6964,0.0
0,6965,0.0
0,6966,0.0
0,6967,0.0
0,6968,0.0
0,6969,0.0
0,6970,0.0
0,6971,0.0
0,6972,0.0
0,6973,0.0
0,6974,0.0
0,6975,0.0
0,6976,0.0
0,6977,0.0
0,6978,0.0
0,6979,0.0
0,6980,0.0
0,6981,0.0
0,6982,0.0
0,6983,0.0
0,6984,0.0
0,6985,0.0
0,6986,0.0
0,6987,0.0
0,6988,0.0
0,6989,0.0
0,6990,0.0
0,6991,0.0
0,6992,0.0
0,6993,0.0
0,6994,0.0
0,6995,0.0
0,6996,0.0
0,6997,0.0
0,6998,0.0
0,6999,0.0
0,7000,0.0
0,7001,0.0
0,7002,0.0
0,7003,0.0
0,7004,0.0
0,7005,0.0
0,7006,0.0
0,7007,0.0
0,7008,0.0
0,7009,0.0
0,7010,0.0
0,7011,0.0
0,7012,0.0
0,7013,0.0
0,7014,0.0
0,7015,0.0
0,7016,0.0
0,7017,0.0
0,7018,0.0
0,7019,0.0
0,7020,0.0
0,7021,0.0
0,7022,0.0
0,7023,0.0
0,7024,0.0
0,7025,0.0
0,7026,0.0
0,7027,0.0
0,7028,0.0
0,7029,0.0
0,7030,0.0
0,7031,0.0
0,7032,0.0
0,7033,0.0
0,7034,0.0
0,7035,0.0
0,7036,0.0
0,7037,0.0
0,7038,0.0
0,7039,0.0
0,7040,0.0
0,7041,0.0
0,7042,0.0
0,7043,0.0
0,7044,0.0
0,7045,0.0
0,7046,0.0
0,7047,0.0
0,7048,0.0
0,7049,0.0
0,7050,0.0
0,7051,0.0
0,7052,0.0
0,7053,0.0
0,7054,0.0
0,7055,0.0
0,7056,0.0
0,7057,0.0
0,7058,0.0
0,7059,0.0
0,7060,0.0
0,7061,0.0
0,7062,0.0
0,7063,0.0
0,7064,0.0
0,7065,0.0
0,7066,0.0
0,7067,0.0
0,7068,0.0
0,7069,0.0
0,7070,0.0
0,7071,0.0
0,7072,0.0
0,7073,0.0
0,7074,0.0
0,7075,0.0
0,7076,0.0
0,7077,0.0
0,7078,0.0
0,7079,0.0
0,7080,0.0
0,7081,0.0
0,7082,0.0
0,7083,0.0
0,7084,0.0
0,7085,0.0
0,7086,0.0
0,7087,0.0
0,7088,0.0
0,7089,0.0
0,7090,0.0
0,7091,0.0
0,7092,0.0
0,7093,0.0
0,7094,0.0
0,7095,0.0
0,7096,0.0
0,7097,0.0
0,7098,0.0
0,7099,0.0
0,7100,0.0
0,7101,0.0
0,7102,0.0
0,7103,0.0
0,7104,0.0
0,7105,0.0
0,7106,0.0
0,7107,0.0
0,7108,0.0
0,7109,0.0
0,7110,0.0
0,7111,0.0
0,7112,0.0
0,7113,0.0
0,7114,0.0
0,7115,0.0
0,7116,0.0
0,7117,0.0
0,7118,0.0
0,7119,0.0
0,7120,0.0
0,7121,0.0
0,7122,0.0
0,7123,0.0
0,7124,0.0
0,7125,0.0
0,7126,0.0
0,7127,0.0
0,7128,0.0
0,7129,0.0
0,7130,0.0
0,7131,0.0
0,7132,0.0
0,7133,0.0
0,7134,0.0
0,7135,0.0
0,7136,0.0
0,7137,0.0
0,7138,0.0
0,7139,0.0
0,7140,0.0
0,7141,0.0
0,7142,0.0
0,7143,0.0
0,7144,0.0
0,7145,0.0
0,7146,0.0
0,7147,0.0
0,7148,0.0
0,7149,0.0
0,7150,0.0
0,7151,0.0
0,7152,0.0
0,7153,0.0
0,7154,0.0
0,7155,0.0
0,7156,0.0
0,7157,0.0
0,7158,0.0
0,7159,0.0
0,7160,0.0
0,7161,0.0
0,7162,0.0
0,7163,0.0
0,7164,0.0
0,7165,0.0
0,7166,0.0
0,7167,0.0
0,7168,0.0
0,7169,0.0
0,7170,0.0
0,7171,0.0
0,7172,0.0
0,7173,0.0
0,7174,0.0
0,7175,0.0
0,7176,0.0
0,7177,0.0
0,7178,0.0
0,7179,0.0
0,7180,0.0
0,7181,0.0
0,7182,0.0
0,7183,0.0
0,7184,0.0
0,7185,0.0
0,7186,0.0
0,7187,0.0
0,7188,0.0
0,7189,0.0
0,7190,0.0
0,7191,0.0
0,7192,0.0
0,7193,0.0
0,7194,0.0
0,7195,0.0
0,7196,0.0
0,7197,0.0
0,7198,0.0
0,7199,0.0
0,7200,0.0
0,7201,0.0
0,7202,0.0
0,7203,0.0
0,7204,0.0
0,7205,0.0
0,7206,0.0
0,7207,0.0
0,7208,0.0
0,7209,0.0
0,7210,0.0
0,7211,0.0
0,7212,0.0
0,7213,0.0
0,7214,0.0
0,7215,0.0
0,7216,0.0
0,7217,0.0
0,7218,0.0
0,7219,0.0
0,7220,0.0
0,7221,0.0
0,7222,0.0
0,7223,0.0
0,7224,0.0
0,7225,0.0
0,7226,0.0
0,7227,0.0
0,7228,0.0
0,7229,0.0
0,7230,0.0
0,7231,0.0
0,7232,0.0
0,7233,0.0
0,7234,0.0
0,7235,0.0
0,7236,0.0
0,7237,0.0
0,7238,0.0
0,7239,0.0
0,7240,0.0
0,7241,0.0
0,7242,0.0
0,7243,0.0
0,7244,0.0
0,7245,0.0
0,7246,0.0
0,7247,0.0
0,7248,0.0
0,7249,0.0
0,7250,0.0
0,7251,0.0
0,7252,0.0
0,7253,0.0
0,7254,0.0
0,7255,0.0
0,7256,0.0
0,7257,0.0
0,7258,0.0
0,7259,0.0
0,7260,0.0
0,7261,0.0
0,7262,0.0
0,7263,0.0
0,7264,0.0
0,7265,0.0
0,7266,0.0
0,7267,0.0
0,7268,0.0
0,7269,0.0
0,7270,0.0
0,7271,0.0
0,7272,0.0
0,7273,0.0
0,7274,0.0
0,7275,0.0
0,7276,0.0
0,7277,0.0
0,7278,0.0
0,7279,0.0
0,7280,0.0
0,7281,0.0
0,7282,0.0
0,7283,0.0
0,7284,0.0
0,7285,0.0
0,7286,0.0
0,7287,0.0
0,7288,0.0
0,7289,0.0
0,7290,0.0
0,7291,0.0
0,7292,0.0
0,7293,0.0
0,7294,0.0
0,7295,0.0
0,7296,0.0
0,7297,0.0
0,7298,0.0
0,7299,0.0
0,7300,0.0
0,7301,0.0
0,7302,0.0
0,7303,0.0
0,7304,0.0
0,7305,0.0
0,7306,0.0
0,7307,0.0
0,7308,0.0
0,7309,0.0
0,7310,0.0
0,7311,0.0
0,7312,0.0
0,7313,0.0
0,7314,0.0
0,7315,0.0
0,7316,0.0
0,7317,0.0
0,7318,0.0
0,7319,0.0
0,7320,0.0
0,7321,0.0
0,7322,0.0
0,7323,0.0
0,7324,0.0
0,7325,0.0
0,7326,0.0
0,7327,0.0
0,7328,0.0
0,7329,0.0
0,7330,0.0
0,7331,0.0
0,7332,0.0
0,7333,0.0
0,7334,0.0
0,7335,0.0
0,7336,0.0
0,7337,0.0
0,7338,0.0
0,7339,0.0
0,7340,0.0
0,7341,0.0
0,7342,0.0
0,7343,0.0
0,7344,0.0
0,7345,0.0
0,7346,0.0
0,7347,0.0
0,7348,0.0
0,7349,0.0
0,7350,0.0
0,7351,0.0
0,7352,0.0
0,7353,0.0
0,7354,0.0
0,7355,0.0
0,7356,0.0
0,7357,0.0
0,7358,0.0
0,7359,0.0
0,7360,0.0
0,7361,0.0
0,7362,0.0
0,7363,0.0
0,7364,0.0
0,7365,0.0
0,7366,0.0
0,7367,0.0
0,7368,0.0
0,7369,0.0
0,7370,0.0
0,7371,0.0
0,7372,0.0
0,7373,0.0
0,7374,0.0
0,7375,0.0
0,7376,0.0
0,7377,0.0
0,7378,0.0
0,7379,0.0
0,7380,0.0
0,7381,0.0
0,7382,0.0
0,7383,0.0
0,7384,0.0
0,7385,0.0
0,7386,0.0
0,7387,0.0
0,7388,0.0
0,7389,0.0
0,7390,0.0
0,7391,0.0
0,7392,0.0
0,7393,0.0
0,7394,0.0
0,7395,0.0
0,7396,0.0
0,7397,0.0
0,7398,0.0
0,7399,0.0
0,7400,0.0
0,7401,0.0
0,7402,0.0
0,7403,0.0
0,7404,0.0
0,7405,0.0
0,7406,0.0
0,7407,0.0
0,7408,0.0
0,7409,0.0
0,7410,0.0
0,7411,0.0
0,7412,0.0
0,7413,0.0
0,7414,0.0
0,7415,0.0
0,7416,0.0
0,7417,0.0
0,7418,0.0
0,7419,0.0
0,7420,0.0
0,7421,0.0
0,7422,0.0
0,7423,0.0
0,7424,0.0
0,7425,0.0
0,7426,0.0
0,7427,0.0
0,7428,0.0
0,7429,0.0
0,7430,0.0
0,7431,0.0
0,7432,0.0
0,7433,0.0
0,7434,0.0
0,7435,0.0
0,7436,0.0
0,7437,0.0
0,7438,0.0
0,7439,0.0
0,7440,0.0
0,7441,0.0
0,7442,0.0
0,7443,0.0
0,7444,0.0
0,7445,0.0
0,7446,0.0
0,7447,0.0
0,7448,0.0
0,7449,0.0
0,7450,0.0
0,7451,0.0
0,7452,0.0
0,7453,0.0
0,7454,0.0
0,7455,0.0
0,7456,0.0
0,7457,0.0
0,7458,0.0
0,7459,0.0
0,7460,0.0
0,7461,0.0
0,7462,0.0
0,7463,0.0
0,7464,0.0
0,7465,0.0
0,7466,0.0
0,7467,0.0
0,7468,0.0
0,7469,0.0
0,7470,0.0
0,7471,0.0
0,7472,0.0
0,7473,0.0
0,7474,0.0
0,7475,0.0
0,7476,0.0
0,7477,0.0
0,7478,0.0
0,7479,0.0
0,7480,0.0
0,7481,0.0
0,7482,0.0
0,7483,0.0
0,7484,0.0
0,7485,0.0
0,7486,0.0
0,7487,0.0
0,7488,0.0
0,7489,0.0
0,7490,0.0
0,7491,0.0
0,7492,0.0
0,7493,0.0
0,7494,0.0
0,7495,0.0
0,7496,0.0
0,7497,0.0
0,7498,0.0
0,7499,0.0
0,7500,0.0
0,7501,0.0
0,7502,0.0
0,7503,0.0
0,7504,0.0
0,7505,0.0
0,7506,0.0
0,7507,0.0
0,7508,0.0
0,7509,0.0
0,7510,0.0
0,7511,0.0
0,7512,0.0
0,7513,0.0
0,7514,0.0
0,7515,0.0
0,7516,0.0
0,7517,0.0
0,7518,0.0
0,7519,0.0
0,7520,0.0
0,7521,0.0
0,7522,0.0
0,7523,0.0
0,7524,0.0
0,7525,0.0
0,7526,0.0
0,7527,0.0
0,7528,0.0
0,7529,0.0
0,7530,0.0
0,7531,0.0
0,7532,0.0
0,7533,0.0
0,7534,0.0
0,7535,0.0
0,7536,0.0
0,7537,0.0
0,7538,0.0
0,7539,0.0
0,7540,0.0
0,7541,0.0
0,7542,0.0
0,7543,0.0
0,7544,0.0
0,7545,0.0
0,7546,0.0
0,7547,0.0
0,7548,0.0
0,7549,0.0
0,7550,0.0
0,7551,0.0
0,7552,0.0
0,7553,0.0
0,7554,0.0
0,7555,0.0
0,7556,0.0
0,7557,0.0
0,7558,0.0
0,7559,0.0
0,7560,0.0
0,7561,0.0
0,7562,0.0
0,7563,0.0
0,7564,0.0
0,7565,0.0
0,7566,0.0
0,7567,0.0
0,7568,0.0
0,7569,0.0
0,7570,0.0
0,7571,0.0
0,7572,0.0
0,7573,0.0
0,7574,0.0
0,7575,0.0
0,7576,0.0
0,7577,0.0
0,7578,0.0
0,7579,0.0
0,7580,0.0
0,7581,0.0
0,7582,0.0
0,7583,0.0
0,7584,0.0
0,7585,0.0
0,7586,0.0
0,7587,0.0
0,7588,0.0
0,7589,0.0
0,7590,0.0
0,7591,0.0
0,7592,0.0
0,7593,0.0
0,7594,0.0
0,7595,0.0
0,7596,0.0
0,7597,0.0
0,7598,0.0
0,7599,0.0
0,7600,0.0
0,7601,0.0
0,7602,0.0
0,7603,0.0
0,7604,0.0
0,7605,0.0
0,7606,0.0
0,7607,0.0
0,7608,0.0
0,7609,0.0
0,7610,0.0
0,7611,0.0
0,7612,0.0
0,7613,0.0
0,7614,0.0
0,7615,0.0
0,7616,0.0
0,7617,0.0
0,7618,0.0
0,7619,0.0
0,7620,0.0
0,7621,0.0
0,7622,0.0
0,7623,0.0
0,7624,0.0
0,7625,0.0
0,7626,0.0
0,7627,0.0
0,7628,0.0
0,7629,0.0
0,7630,0.0
0,7631,0.0
0,7632,0.0
0,7633,0.0
0,7634,0.0
0,7635,0.0
0,7636,0.0
0,7637,0.0
0,7638,0.0
0,7639,0.0
0,7640,0.0
0,7641,0.0
0,7642,0.0
0,7643,0.0
0,7644,0.0
0,7645,0.0
0,7646,0.0
0,7647,0.0
0,7648,0.0
0,7649,0.0
0,7650,0.0
0,7651,0.0
0,7652,0.0
0,7653,0.0
0,7654,0.0
0,7655,0.0
0,7656,0.0
0,7657,0.0
0,7658,0.0
0,7659,0.0
0,7660,0.0
0,7661,0.0
0,7662,0.0
0,7663,0.0
0,7664,0.0
0,7665,0.0
0,7666,0.0
0,7667,0.0
0,7668,0.0
0,7669,0.0
0,7670,0.0
0,7671,0.0
0,7672,0.0
0,7673,0.0
0,7674,0.0
0,7675,0.0
0,7676,0.0
0,7677,0.0
0,7678,0.0
0,7679,0.0
0,7680,0.0
0,7681,0.0
0,7682,0.0
0,7683,0.0
0,7684,0.0
0,7685,0.0
0,7686,0.0
0,7687,0.0
0,7688,0.0
0,7689,0.0
0,7690,0.0
0,7691,0.0
0,7692,0.0
0,7693,0.0
0,7694,0.0
0,7695,0.0
0,7696,0.0
0,7697,0.0
0,7698,0.0
0,7699,0.0
0,7700,0.0
0,7701,0.0
0,7702,0.0
0,7703,0.0
0,7704,0.0
0,7705,0.0
0,7706,0.0
0,7707,0.0
0,7708,0.0
0,7709,0.0
0,7710,0.0
0,7711,0.0
0,7712,0.0
0,7713,0.0
0,7714,0.0
0,7715,0.0
0,7716,0.0
0,7717,0.0
0,7718,0.0
0,7719,0.0
0,7720,0.0
0,7721,0.0
0,7722,0.0
0,7723,0.0
0,7724,0.0
0,7725,0.0
0,7726,0.0
0,7727,0.0
0,7728,0.0
0,7729,0.0
0,7730,0.0
0,7731,0.0
0,7732,0.0
0,7733,0.0
0,7734,0.0
0,7735,0.0
0,7736,0.0
0,7737,0.0
0,7738,0.0
0,7739,0.0
0,7740,0.0
0,7741,0.0
0,7742,0.0
0,7743,0.0
0,7744,0.0
0,7745,0.0
0,7746,0.0
0,7747,0.0
0,7748,0.0
0,7749,0.0
0,7750,0.0
0,7751,0.0
0,7752,0.0
0,7753,0.0
0,7754,0.0
0,7755,0.0
0,7756,0.0
0,7757,0.0
0,7758,0.0
0,7759,0.0
0,7760,0.0
0,7761,0.0
0,7762,0.0
0,7763,0.0
0,7764,0.0
0,7765,0.0
0,7766,0.0
0,7767,0.0
0,7768,0.0
0,7769,0.0
0,7770,0.0
0,7771,0.0
0,7772,0.0
0,7773,0.0
0,7774,0.0
0,7775,0.0
0,7776,0.0
0,7777,0.0
0,7778,0.0
0,7779,0.0
0,7780,0.0
0,7781,0.0
0,7782,0.0
0,7783,0.0
0,7784,0.0
0,7785,0.0
0,7786,0.0
0,7787,0.0
0,7788,0.0
0,7789,0.0
0,7790,0.0
0,7791,0.0
0,7792,0.0
0,7793,0.0
0,7794,0.0
0,7795,0.0
0,7796,0.0
0,7797,0.0
0,7798,0.0
0,7799,0.0
0,7800,0.0
0,7801,0.0
0,7802,0.0
0,7803,0.0
0,7804,0.0
0,7805,0.0
0,7806,0.0
0,7807,0.0
0,7808,0.0
0,7809,0.0
0,7810,0.0
0,7811,0.0
0,7812,0.0
0,7813,0.0
0,7814,0.0
0,7815,0.0
0,7816,0.0
0,7817,0.0
0,7818,0.0
0,7819,0.0
0,7820,0.0
0,7821,0.0
0,7822,0.0
0,7823,0.0
0,7824,0.0
0,7825,0.0
0,7826,0.0
0,7827,0.0
0,7828,0.0
0,7829,0.0
0,7830,0.0
0,7831,0.0
0,7832,0.0
0,7833,0.0
0,7834,0.0
0,7835,0.0
0,7836,0.0
0,7837,0.0
0,7838,0.0
0,7839,0.0
0,7840,0.0
0,7841,0.0
0,7842,0.0
0,7843,0.0
0,7844,0.0
0,7845,0.0
0,7846,0.0
0,7847,0.0
0,7848,0.0
0,7849,0.0
0,7850,0.0
0,7851,0.0
0,7852,0.0
0,7853,0.0
0,7854,0.0
0,7855,0.0
0,7856,0.0
0,7857,0.0
0,7858,0.0
0,7859,0.0
0,7860,0.0
0,7861,0.0
0,7862,0.0
0,7863,0.0
0,7864,0.0
0,7865,0.0
0,7866,0.0
0,7867,0.0
0,7868,0.0
0,7869,0.0
0,7870,0.0
0,7871,0.0
0,7872,0.0
0,7873,0.0
0,7874,0.0
0,7875,0.0
0,7876,0.0
0,7877,0.0
0,7878,0.0
0,7879,0.0
0,7880,0.0
0,7881,0.0
0,7882,0.0
0,7883,0.0
0,7884,0.0
0,7885,0.0
0,7886,0.0
0,7887,0.0
0,7888,0.0
0,7889,0.0
0,7890,0.0
0,7891,0.0
0,7892,0.0
0,7893,0.0
0,7894,0.0
0,7895,0.0
0,7896,0.0
0,7897,0.0
0,7898,0.0
0,7899,0.0
0,7900,0.0
0,7901,0.0
0,7902,0.0
0,7903,0.0
0,7904,0.0
0,7905,0.0
0,7906,0.0
0,7907,0.0
0,7908,0.0
0,7909,0.0
0,7910,0.0
0,7911,0.0
0,7912,0.0
0,7913,0.0
0,7914,0.0
0,7915,0.0
0,7916,0.0
0,7917,0.0
0,7918,0.0
0,7919,0.0
0,7920,0.0
0,7921,0.0
0,7922,0.0
0,7923,0.0
0,7924,0.0
0,7925,0.0
0,7926,0.0
0,7927,0.0
0,7928,0.0
0,7929,0.0
0,7930,0.0
0,7931,0.0
0,7932,0.0
0,7933,0.0
0,7934,0.0
0,7935,0.0
0,7936,0.0
0,7937,0.0
0,7938,0.0
0,7939,0.0
0,7940,0.0
0,7941,0.0
0,7942,0.0
0,7943,0.0
0,7944,0.0
0,7945,0.0
0,7946,0.0
0,7947,0.0
0,7948,0.0
0,7949,0.0
0,7950,0.0
0,7951,0.0
0,7952,0.0
0,7953,0.0
0,7954,0.0
0,7955,0.0
0,7956,0.0
0,7957,0.0
0,7958,0.0
0,7959,0.0
0,7960,0.0
0,7961,0.0
0,7962,0.0
0,7963,0.0
0,7964,0.0
0,7965,0.0
0,7966,0.0
0,7967,0.0
0,7968,0.0
0,7969,0.0
0,7970,0.0
0,7971,0.0
0,7972,0.0
0,7973,0.0
0,7974,0.0
0,7975,0.0
0,7976,0.0
0,7977,0.0
0,7978,0.0
0,7979,0.0
0,7980,0.0
0,7981,0.0
0,7982,0.0
0,7983,0.0
0,7984,0.0
0,7985,0.0
0,7986,0.0
0,7987,0.0
0,7988,0.0
0,7989,0.0
0,7990,0.0
0,7991,0.0
0,7992,0.0
0,7993,0.0
0,7994,0.0
0,7995,0.0
0,7996,0.0
0,7997,0.0
0,7998,0.0
0,7999,0.0
0,8000,0.0
0,8001,0.0
0,8002,0.0
0,8003,0.0
0,8004,0.0
0,8005,0.0
0,8006,0.0
0,8007,0.0
0,8008,0.0
0,8009,0.0
0,8010,0.0
0,8011,0.0
0,8012,0.0
0,8013,0.0
0,8014,0.0
0,8015,0.0
0,8016,0.0
0,8017,0.0
0,8018,0.0
0,8019,0.0
0,8020,0.0
0,8021,0.0
0,8022,0.0
0,8023,0.0
0,8024,0.0
0,8025,0.0
0,8026,0.0
0,8027,0.0
0,8028,0.0
0,8029,0.0
0,8030,0.0
0,8031,0.0
0,8032,0.0
0,8033,0.0
0,8034,0.0
0,8035,0.0
0,8036,0.0
0,8037,0.0
0,8038,0.0
0,8039,0.0
0,8040,0.0
0,8041,0.0
0,8042,0.0
0,8043,0.0
0,8044,0.0
0,8045,0.0
0,8046,0.0
0,8047,0.0
0,8048,0.0
0,8049,0.0
0,8050,0.0
0,8051,0.0
0,8052,0.0
0,8053,0.0
0,8054,0.0
0,8055,0.0
0,8056,0.0
0,8057,0.0
0,8058,0.0
0,8059,0.0
0,8060,0.0
0,8061,0.0
0,8062,0.0
0,8063,0.0
0,8064,0.0
0,8065,0.0
0,8066,0.0
0,8067,0.0
0,8068,0.0
0,8069,0.0
0,8070,0.0
0,8071,0.0
0,8072,0.0
0,8073,0.0
0,8074,0.0
0,8075,0.0
0,8076,0.0
0,8077,0.0
0,8078,0.0
0,8079,0.0
0,8080,0.0
0,8081,0.0
0,8082,0.0
0,8083,0.0
0,8084,0.0
0,8085,0.0
0,8086,0.0
0,8087,0.0
0,8088,0.0
0,8089,0.0
0,8090,0.0
0,8091,0.0
0,8092,0.0
0,8093,0.0
0,8094,0.0
0,8095,0.0
0,8096,0.0
0,8097,0.0
0,8098,0.0
0,8099,0.0
0,8100,0.0
0,8101,0.0
0,8102,0.0
0,8103,0.0
0,8104,0.0
0,8105,0.0
0,8106,0.0
0,8107,0.0
0,8108,0.0
0,8109,0.0
0,8110,0.0
0,8111,0.0
0,8112,0.0
0,8113,0.0
0,8114,0.0
0,8115,0.0
0,8116,0.0
0,8117,0.0
0,8118,0.0
0,8119,0.0
0,8120,0.0
0,8121,0.0
0,8122,0.0
0,8123,0.0
0,8124,0.0
0,8125,0.0
0,8126,0.0
0,8127,0.0
0,8128,0.0
0,8129,0.0
0,8130,0.0
0,8131,0.0
0,8132,0.0
0,8133,0.0
0,8134,0.0
0,8135,0.0
0,8136,0.0
0,8137,0.0
0,8138,0.0
0,8139,0.0
0,8140,0.0
0,8141,0.0
0,8142,0.0
0,8143,0.0
0,8144,0.0
0,8145,0.0
0,8146,0.0
0,8147,0.0
0,8148,0.0
0,8149,0.0
0,8150,0.0
0,8151,0.0
0,8152,0.0
0,8153,0.0
0,8154,0.0
0,8155,0.0
0,8156,0.0
0,8157,0.0
0,8158,0.0
0,8159,0.0
0,8160,0.0
0,8161,0.0
0,8162,0.0
0,8163,0.0
0,8164,0.0
0,8165,0.0
0,8166,0.0
0,8167,0.0
0,8168,0.0
0,8169,0.0
0,8170,0.0
0,8171,0.0
0,8172,0.0
0,8173,0.0
0,8174,0.0
0,8175,0.0
0,8176,0.0
0,8177,0.0
0,8178,0.0
0,8179,0.0
0,8180,0.0
0,8181,0.0
0,8182,0.0
0,8183,0.0
0,8184,0.0
0,8185,0.0
0,8186,0.0
0,8187,0.0
0,8188,0.0
0,8189,0.0
0,8190,0.0
0,8191,0.0
0,8192,0.0
0,8193,0.0
0,8194,0.0
0,8195,0.0
0,8196,0.0
0,8197,0.0
0,8198,0.0
0,8199,0.0
0,8200,0.0
0,8201,0.0
0,8202,0.0
0,8203,0.0
0,8204,0.0
0,8205,0.0
0,8206,0.0
0,8207,0.0
0,8208,0.0
0,8209,0.0
0,8210,0.0
0,8211,0.0
0,8212,0.0
0,8213,0.0
0,8214,0.0
0,8215,0.0
0,8216,0.0
0,8217,0.0
0,8218,0.0
0,8219,0.0
0,8220,0.0
0,8221,0.0
0,8222,0.0
0,8223,0.0
0,8224,0.0
0,8225,0.0
0,8226,0.0
0,8227,0.0
0,8228,0.0
0,8229,0.0
0,8230,0.0
0,8231,0.0
0,8232,0.0
0,8233,0.0
0,8234,0.0
0,8235,0.0
0,8236,0.0
0,8237,0.0
0,8238,0.0
0,8239,0.0
0,8240,0.0
0,8241,0.0
0,8242,0.0
0,8243,0.0
0,8244,0.0
0,8245,0.0
0,8246,0.0
0,8247,0.0
0,8248,0.0
0,8249,0.0
0,8250,0.0
0,8251,0.0
0,8252,0.0
0,8253,0.0
0,8254,0.0
0,8255,0.0
0,8256,0.0
0,8257,0.0
0,8258,0.0
0,8259,0.0
0,8260,0.0
0,8261,0.0
0,8262,0.0
0,8263,0.0
0,8264,0.0
0,8265,0.0
0,8266,0.0
0,8267,0.0
0,8268,0.0
0,8269,0.0
0,8270,0.0
0,8271,0.0
0,8272,0.0
0,8273,0.0
0,8274,0.0
0,8275,0.0
0,8276,0.0
0,8277,0.0
0,8278,0.0
0,8279,0.0
0,8280,0.0
0,8281,0.0
0,8282,0.0
0,8283,0.0
0,8284,0.0
0,8285,0.0
0,8286,0.0
0,8287,0.0
0,8288,0.0
0,8289,0.0
0,8290,0.0
0,8291,0.0
0,8292,0.0
0,8293,0.0
0,8294,0.0
0,8295,0.0
0,8296,0.0
0,8297,0.0
0,8298,0.0
0,8299,0.0
0,8300,0.0
0,8301,0.0
0,8302,0.0
0,8303,0.0
0,8304,0.0
0,8305,0.0
0,8306,0.0
0,8307,0.0
0,8308,0.0
0,8309,0.0
0,8310,0.0
0,8311,0.0
0,8312,0.0
0,8313,0.0
0,8314,0.0
0,8315,0.0
0,8316,0.0
0,8317,0.0
0,8318,0.0
0,8319,0.0
0,8320,0.0
0,8321,0.0
0,8322,0.0
0,8323,0.0
0,8324,0.0
0,8325,0.0
0,8326,0.0
0,8327,0.0
0,8328,0.0
0,8329,0.0
0,8330,0.0
0,8331,0.0
0,8332,0.0
0,8333,0.0
0,8334,0.0
0,8335,0.0
0,8336,0.0
0,8337,0.0
0,8338,0.0
0,8339,0.0
0,8340,0.0
0,8341,0.0
0,8342,0.0
0,8343,0.0
0,8344,0.0
0,8345,0.0
0,8346,0.0
0,8347,0.0
0,8348,0.0
0,8349,0.0
0,8350,0.0
0,8351,0.0
0,8352,0.0
0,8353,0.0
0,8354,0.0
0,8355,0.0
0,8356,0.0
0,8357,0.0
0,8358,0.0
0,8359,0.0
0,8360,0.0
0,8361,0.0
0,8362,0.0
0,8363,0.0
0,8364,0.0
0,8365,0.0
0,8366,0.0
0,8367,0.0
0,8368,0.0
0,8369,0.0
0,8370,0.0
0,8371,0.0
0,8372,0.0
0,8373,0.0
0,8374,0.0
0,8375,0.0
0,8376,0.0
0,8377,0.0
0,8378,0.0
0,8379,0.0
0,8380,0.0
0,8381,0.0
0,8382,0.0
0,8383,0.0
0,8384,0.0
0,8385,0.0
0,8386,0.0
0,8387,0.0
0,8388,0.0
0,8389,0.0
0,8390,0.0
0,8391,0.0
0,8392,0.0
0,8393,0.0
0,8394,0.0
0,8395,0.0
0,8396,0.0
0,8397,0.0
0,8398,0.0
0,8399,0.0
0,8400,0.0
0,8401,0.0
0,8402,0.0
0,8403,0.0
0,8404,0.0
0,8405,0.0
0,8406,0.0
0,8407,0.0
0,8408,0.0
0,8409,0.0
0,8410,0.0
0,8411,0.0
0,8412,0.0
0,8413,0.0
0,8414,0.0
0,8415,0.0
0,8416,0.0
0,8417,0.0
0,8418,0.0
0,8419,0.0
0,8420,0.0
0,8421,0.0
0,8422,0.0
0,8423,0.0
0,8424,0.0
0,8425,0.0
0,8426,0.0
0,8427,0.0
0,8428,0.0
0,8429,0.0
0,8430,0.0
0,8431,0.0
0,8432,0.0
0,8433,0.0
0,8434,0.0
0,8435,0.0
0,8436,0.0
0,8437,0.0
0,8438,0.0
0,8439,0.0
0,8440,0.0
0,8441,0.0
0,8442,0.0
0,8443,0.0
0,8444,0.0
0,8445,0.0
0,8446,0.0
0,8447,0.0
0,8448,0.0
0,8449,0.0
0,8450,0.0
0,8451,0.0
0,8452,0.0
0,8453,0.0
0,8454,0.0
0,8455,0.0
0,8456,0.0
0,8457,0.0
0,8458,0.0
0,8459,0.0
0,8460,0.0
0,8461,0.0
0,8462,0.0
0,8463,0.0
0,8464,0.0
0,8465,0.0
0,8466,0.0
0,8467,0.0
0,8468,0.0
0,8469,0.0
0,8470,0.0
0,8471,0.0
0,8472,0.0
0,8473,0.0
0,8474,0.0
0,8475,0.0
0,8476,0.0
0,8477,0.0
0,8478,0.0
0,8479,0.0
0,8480,0.0
0,8481,0.0
0,8482,0.0
0,8483,0.0
0,8484,0.0
0,8485,0.0
0,8486,0.0
0,8487,0.0
0,8488,0.0
0,8489,0.0
0,8490,0.0
0,8491,0.0
0,8492,0.0
0,8493,0.0
0,8494,0.0
0,8495,0.0
0,8496,0.0
0,8497,0.0
0,8498,0.0
0,8499,0.0
0,8500,0.0
0,8501,0.0
0,8502,0.0
0,8503,0.0
0,8504,0.0
0,8505,0.0
0,8506,0.0
0,8507,0.0
0,8508,0.0
0,8509,0.0
0,8510,0.0
0,8511,0.0
0,8512,0.0
0,8513,0.0
0,8514,0.0
0,8515,0.0
0,8516,0.0
0,8517,0.0
0,8518,0.0
0,8519,0.0
0,8520,0.0
0,8521,0.0
0,8522,0.0
0,8523,0.0
0,8524,0.0
0,8525,0.0
0,8526,0.0
0,8527,0.0
0,8528,0.0
0,8529,0.0
0,8530,0.0
0,8531,0.0
0,8532,0.0
0,8533,0.0
0,8534,0.0
0,8535,0.0
0,8536,0.0
0,8537,0.0
0,8538,0.0
0,8539,0.0
0,8540,0.0
0,8541,0.0
0,8542,0.0
0,8543,0.0
0,8544,0.0
0,8545,0.0
0,8546,0.0
0,8547,0.0
0,8548,0.0
0,8549,0.0
0,8550,0.0
0,8551,0.0
0,8552,0.0
0,8553,0.0
0,8554,0.0
0,8555,0.0
0,8556,0.0
0,8557,0.0
0,8558,0.0
0,8559,0.0
0,8560,0.0
0,8561,0.0
0,8562,0.0
0,8563,0.0
0,8564,0.0
0,8565,0.0
0,8566,0.0
0,8567,0.0
0,8568,0.0
0,8569,0.0
0,8570,0.0
0,8571,0.0
0,8572,0.0
0,8573,0.0
0,8574,0.0
0,8575,0.0
0,8576,0.0
0,8577,0.0
0,8578,0.0
0,8579,0.0
0,8580,0.0
0,8581,0.0
0,8582,0.0
0,8583,0.0
0,8584,0.0
0,8585,0.0
0,8586,0.0
0,8587,0.0
0,8588,0.0
0,8589,0.0
0,8590,0.0
0,8591,0.0
0,8592,0.0
0,8593,0.0
0,8594,0.0
0,8595,0.0
0,8596,0.0
0,8597,0.0
0,8598,0.0
0,8599,0.0
0,8600,0.0
0,8601,0.0
0,8602,0.0
0,8603,0.0
0,8604,0.0
0,8605,0.0
0,8606,0.0
0,8607,0.0
0,8608,0.0
0,8609,0.0
0,8610,0.0
0,8611,0.0
0,8612,0.0
0,8613,0.0
0,8614,0.0
0,8615,0.0
0,8616,0.0
0,8617,0.0
0,8618,0.0
0,8619,0.0
0,8620,0.0
0,8621,0.0
0,8622,0.0
0,8623,0.0
0,8624,0.0
0,8625,0.0
0,8626,0.0
0,8627,0.0
0,8628,0.0
0,8629,0.0
0,8630,0.0
0,8631,0.0
0,8632,0.0
0,8633,0.0
0,8634,0.0
0,8635,0.0
0,8636,0.0
0,8637,0.0
0,8638,0.0
0,8639,0.0
0,8640,0.0
0,8641,0.0
0,8642,0.0
0,8643,0.0
0,8644,0.0
0,8645,0.0
0,8646,0.0
0,8647,0.0
0,8648,0.0
0,8649,0.0
0,8650,0.0
0,8651,0.0
0,8652,0.0
0,8653,0.0
0,8654,0.0
0,8655,0.0
0,8656,0.0
0,8657,0.0
0,8658,0.0
0,8659,0.0
0,8660,0.0
0,8661,0.0
0,8662,0.0
0,8663,0.0
0,8664,0.0
0,8665,0.0
0,8666,0.0
0,8667,0.0
0,8668,0.0
0,8669,0.0
0,8670,0.0
0,8671,0.0
0,8672,0.0
0,8673,0.0
0,8674,0.0
0,8675,0.0
0,8676,0.0
0,8677,0.0
0,8678,0.0
0,8679,0.0
0,8680,0.0
0,8681,0.0
0,8682,0.0
0,8683,0.0
0,8684,0.0
0,8685,0.0
0,8686,0.0
0,8687,0.0
0,8688,0.0
0,8689,0.0
0,8690,0.0
0,8691,0.0
0,8692,0.0
0,8693,0.0
0,8694,0.0
0,8695,0.0
0,8696,0.0
0,8697,0.0
0,8698,0.0
0,8699,0.0
0,8700,0.0
0,8701,0.0
0,8702,0.0
0,8703,0.0
0,8704,0.0
0,8705,0.0
0,8706,0.0
0,8707,0.0
0,8708,0.0
0,8709,0.0
0,8710,0.0
0,8711,0.0
0,8712,0.0
0,8713,0.0
0,8714,0.0
0,8715,0.0
0,8716,0.0
0,8717,0.0
0,8718,0.0
0,8719,0.0
0,8720,0.0
0,8721,0.0
0,8722,0.0
0,8723,0.0
0,8724,0.0
0,8725,0.0
0,8726,0.0
0,8727,0.0
0,8728,0.0
0,8729,0.0
0,8730,0.0
0,8731,0.0
0,8732,0.0
0,8733,0.0
0,8734,0.0
0,8735,0.0
0,8736,0.0
0,8737,0.0
0,8738,0.0
0,8739,0.0
0,8740,0.0
0,8741,0.0
0,8742,0.0
0,8743,0.0
0,8744,0.0
0,8745,0.0
0,8746,0.0
0,8747,0.0
0,8748,0.0
0,8749,0.0
0,8750,0.0
0,8751,0.0
0,8752,0.0
0,8753,0.0
0,8754,0.0
0,8755,0.0
0,8756,0.0
0,8757,0.0
0,8758,0.0
0,8759,0.0
1,0,5.659967428073287e-08
1,1,8.532879292033613e-08
1,2,1.71519786817953e-07
1,3,15599.058926560892
1,4,17389.269406390977
1,5,17389.26940639098
1,6,17389.269406390973
1,7,0.0
1,8,0.0
1,9,0.0
1,10,17389.269406390977
1,11,0.0
1,12,17389.26940639098
1,13,17389.269406390977
1,14,0.0
1,15,17389.269406240208
1,16,17389.269406392694
1,17,13325.22269925616
1,18,17389.269406392694
1,19,5242.810161725021
1,20,0.0
1,21,2910.35458999589
1,22,1.7159618437290192e-07
1,23,0.0
1,24,17389.269406390977
1,25,17389.269406390977
1,26,17389.26940639098
1,27,0.0
1,28,0.0
1,29,17389.269406390973
1,30,17389.269406233532
1,31,1.4016404747962952e-07
1,32,17389.26940639116
1,33,2.2039239411242306e-07
1,34,17389.269406392694
1,35,17389.269406392694
1,36,17389.269406392694
1,37,2911.2446265427498
1,38,10139.317448523867
1,39,17156.378215667213
1,40,17389.269406392694
1,41,17389.26940637147
1,42,17389.269406392694
1,43,13511.425695182395
1,44,17389.269406392694
1,45,17389.269406392694
1,46,17389.269406392694
1,47,17389.269406392694
1,48,16889.710075589628
1,49,0.0
1,50,3799.58532697991
1,51,226.25471415332504
1,52,2.4276232579723e-08
1,53,0.0
1,54,1942.9787690247067
1,55,11373.064756580628
1,56,5775.51623295599
1,57,10904.361425239025
1,58,17389.269406392694
1,59,17389.269406392694
1,60,17389.269406392694
1,61,17389.269406189607
1,62,17389.26940629065
1,63,17389.269406392694
1,64,17389.269406392694
1,65,17389.269406392694
1,66,17389.269406380798
1,67,17389.269406392694
1,68,17389.269406392694
1,69,14746.587607773587
1,70,0.0
1,71,1537.5766159744016
1,72,2.266460796818137e-09
1,73,0.0
1,74,2.3101165425032377e-09
1,75,0.0
1,76,0.0
1,77,2.382876118645072e-09
1,78,0.0
1,79,0.0
1,80,2.4519977159798145e-09
1,81,0.0
1,82,2.5029294192790985e-09
1,83,2.5283952709287405e-09
1,84,0.0
1,85,0.0
1,86,2.6047928258776665e-09
1,87,5446.819567182452
1,88,14751.246806831012
1,89,1.667322067078203e-07
1,90,17389.269406390984
1,91,0.0
1,92,17389.26940639098
1,93,17389.269406390977
1,94,17389.269406390988
1,95,17389.269406390977
1,96,17389.269406390977
1,97,0.0
1,98,17389.26940639098
1,99,17389.26940639098
1,100,17389.269406390977
1,101,0.0
1,102,0.0
1,103,17389.269406392694
1,104,17389.269406391388
1,105,17389.269406392694
1,106,17389.269406392694
1,107,17389.26940632627
1,108,17389.269406348187
1,109,17389.269406392694
1,110,17389.269406392694
1,111,17389.26940637011
1,112,17389.269406373245
1,113,17389.269406392694
1,114,15465.647511715124
1,115,4283.296799964122
1,116,8265.928013322005
1,117,0.0
1,118,1.1332303984090686e-08
1,119,1.2256350601091981e-08
1,120,1.3329554349184036e-08
1,121,1.4599208952859044e-08
1,122,1.611624611541629e-08
1,123,1.796433934941888e-08
1,124,2.0267179934307933e-08
1,125,2.321394276805222e-08
1,126,0.0
1,127,17389.269406392694
1,128,17389.269406391257
1,129,17389.26940639125
1,130,6963.69438216147
1,131,13400.85298783382
1,132,5842.947519905287
1,133,3138.9875857022525
1,134,17389.269406392694
1,135,17389.269406362855
1,136,17389.269406392694
1,137,17389.269406392694
1,138,16199.85029854166
1,139,17389.269406392694
1,140,0.0
1,141,2.7877831598743796e-08
1,142,3.361856215633452e-08
1,143,0.0
1,144,5.659603630192578e-08
1,145,8.532151696272194e-08
1,146,0.0
1,147,11826.011576064306
1,148,0.0
1,149,0.0
1,150,17389.269406390977
1,151,0.0
1,152,1.4016404747962952e-07
1,153,2.2022868506610394e-07
1,154,17389.269406392694
1,155,17389.269406392694
1,156,17269.741688067395
1,157,17389.269406392694
1,158,9168.851586123823
1,159,12466.281029856062
1,160,11542.310500899814
1,161,10523.573878503492
1,162,0.0
1,163,0.0
1,164,0.0
1,165,12126.890012125194
1,166,3381.457388669056
1,167,0.0
1,168,0.0
1,169,0.0
1,170,6.18965714238584e-08
1,171,9.331051842309535e-08
1,172,1.8755599739961326e-07
1,173,9099.139763839788
1,174,17389.269406392694
1,175,1.1350493878126144e-09
1,176,0.0
1,177,0.0
1,178,17389.269406390977
1,179,0.0
1,180,0.0
1,181,0.0
1,182,0.0
1,183,17389.269406392694
1,184,0.0
1,185,17389.269406391013
1,186,0.0
1,187,17389.269406392694
1,188,15467.903027318873
1,189,17389.26940614414
1,190,17389.269406390977
1,191,0.0
1,192,17389.26940639098
1,193,0.0
1,194,17389.269406390977
1,195,17389.26940639098
1,196,0.0
1,197,17389.269406390977
1,198,17389.269406390915
1,199,0.0
1,200,371.59692505940984
1,201,17013.956512431607
1,202,17389.269406144045
1,203,17389.269406390977
1,204,0.0
1,205,17389.269406390973
1,206,0.0
1,207,17389.269406390977
1,208,17389.269406390977
1,209,0.0
1,210,17389.269406390973
1,211,17389.269406392694
1,212,17389.26940609747
1,213,17389.269406283147
1,214,17389.26940632516
1,215,17389.269406392694
1,216,17389.269406392694
1,217,12677.778128496402
1,218,8302.721865392861
1,219,3012.5976511784193
1,220,0.0
1,221,0.0
1,222,11436.269255378927
1,223,0.0
1,224,1.5573095879517496e-07
1,225,17389.269406390984
1,226,17389.26940639098
1,227,17389.26940639099
1,228,17389.269406390973
1,229,17389.269406390955
1,230,17389.26940639099
1,231,17389.269406390984
1,232,17389.26940639098
1,233,0.0
1,234,0.0
1,235,0.0
1,236,0.0
1,237,17389.269406390977
1,238,0.0
1,239,17389.269406390984
1,240,17389.269406390966
1,241,0.0
1,242,0.0
1,243,0.0
1,244,17389.269406390973
1,245,17389.269406390984
1,246,17389.269406390966
1,247,0.0
1,248,0.0
1,249,17389.269406390984
1,250,0.0
1,251,17389.269406390988
1,252,17389.269406390984
1,253,0.0
1,254,0.0
1,255,0.0
1,256,17389.269406392694
1,257,17389.269406219446
1,258,17389.26940630565
1,259,17389.269406334377
1,260,17389.269406392694
1,261,978.7086469866445
1,262,15006.56500910942
1,263,0.0
1,264,0.0
1,265,0.0
1,266,0.0
1,267,17389.269406115633
1,268,0.0
1,269,17389.269406390464
1,270,17389.269406216164
1,271,1.5573459677398205e-07
1,272,0.0
1,273,0.0
1,274,0.0
1,275,0.0
1,276,17389.26940639098
1,277,17389.269406390973
1,278,17389.26940639098
1,279,0.0
1,280,15416.245044552485
1,281,17389.26940621951
1,282,17389.26940630566
1,283,10485.820297944196
1,284,17389.269406392694
1,285,0.0
1,286,0.0
1,287,2957.3059421198013
1,288,0.0
1,289,0.0
1,290,8764.254404915831
1,291,0.0
1,292,1.557091309223324e-07
1,293,17389.26940639099
1,294,17389.26940623589
1,295,1.4022225514054298e-07
1,296,0.0
1,297,17389.269406391126
1,298,17389.269406392694
1,299,17389.269406392694
1,300,11906.380974382373
1,301,17389.269406392694
1,302,16566.650577176322
1,303,17389.26940636038
1,304,17389.269406392694
1,305,17389.26940636939
1,306,17389.269406392694
1,307,17389.269406392694
1,308,17389.269406219482
1,309,17389.269406392694
1,310,3587.5631075147103
1,311,5838.915575135741
1,312,0.0
1,313,1.8189894035458565e-09
1,314,1.837179297581315e-09
1,315,1.8553691916167736e-09
1,316,0.0
1,317,0.0
1,318,1.913576852530241e-09
1,319,1.9516301108524203e-07
1,320,0.0
1,321,17389.269406392694
1,322,17389.269406392694
1,323,17389.269406392694
1,324,4934.275060738488
1,325,17389.269406392694
1,326,17389.269406359013
1,327,17389.269406363685
1,328,17389.269406367184
1,329,17389.269406392694
1,330,17389.269406392694
1,331,6814.232647055742
1,332,10740.136462906014
1,333,590.4334321397982
1,334,2.244632923975587e-09
1,335,2.266460796818137e-09
1,336,2.2882886696606874e-09
1,337,2.3101165425032377e-09
1,338,0.0
1,339,2.35741026699543e-09
1,340,2.382876118645072e-09
1,341,0.0
1,342,2980.4817735446195
1,343,17389.269406392694
1,344,15926.323691620917
1,345,13916.967644238339
1,346,819.29008969606
1,347,9749.265064923555
1,348,0.0
1,349,0.0
1,350,17389.269406392694
1,351,17389.26940639119
1,352,17389.269406392694
1,353,17389.269406392694
1,354,17389.269406305666
1,355,17389.269406334348
1,356,5935.387655066828
1,357,0.0
1,358,0.0
1,359,1022.4875076314092
1,360,7.306152838282287e-08
1,361,1.2009695637971163e-07
1,362,0.0
1,363,0.0
1,364,0.0
1,365,1.5572732081636786e-07
1,366,0.0
1,367,17389.269406304837
1,368,8.36298568174243e-08
1,369,0.0
1,370,0.0
1,371,17389.269406392694
1,372,16146.647520063181
1,373,17389.26940630479
1,374,8.356437319889665e-08
1,375,17389.269406391064
1,376,0.0
1,377,17389.269406392694
1,378,0.0
1,379,17389.269406392694
1,380,17389.26940630563
1,381,17389.269406392694
1,382,6089.402007789493
1,383,12952.462034255877
1,384,7929.63074852978
1,385,0.0
1,386,1277.707341769903
1,387,2070.618817337052
1,388,10002.858046167243
1,389,0.0
1,390,17389.269406217758
1,391,17389.269406392694
1,392,0.0
1,393,17389.269406390988
1,394,0.0
1,395,17389.26940639098
1,396,17389.269406390973
1,397,17389.269406390977
1,398,0.0
1,399,0.0
1,400,17389.269406390948
1,401,17389.269406392694
1,402,17389.269406177704
1,403,17389.26940631514
1,404,17389.269406343254
1,405,17389.269406392694
1,406,17389.269406392694
1,407,10995.736970205737
1,408,0.0
1,409,1.9659637473523617e-07
1,410,8.18567059468478e-07
1,411,2.021410182631371
1,412,0.0
1,413,0.0
1,414,17389.269406390787
1,415,0.0
1,416,17389.269406392694
1,417,0.0
1,418,17389.269406390977
1,419,17389.26940639098
1,420,17389.26940639098
1,421,0.0
1,422,0.0
1,423,0.0
1,424,0.0
1,425,2916.1779244769896
1,426,17389.269406392694
1,427,209.85484882431774
1,428,0.0
1,429,16197.548962940858
1,430,17389.269406390973
1,431,17389.26940639098
1,432,17389.269406390977
1,433,0.0
1,434,17389.26940639098
1,435,0.0
1,436,17389.269406390977
1,437,17389.269406390977
1,438,0.0
1,439,17389.269406392694
1,440,17389.2694063914
1,441,0.0
1,442,0.0
1,443,17389.269406391388
1,444,17389.2694063914
1,445,0.0
1,446,1784.5090773071934
1,447,17389.269406392694
1,448,17389.26940632627
1,449,17389.269406348194
1,450,17389.26940635915
1,451,14841.803147833245
1,452,17389.269406392694
1,453,15914.529033706716
1,454,8355.02147332333
1,455,2.949673216789961e-08
1,456,3.7052814150229096e-08
1,457,0.0
1,458,7.4851413955912e-08
1,459,1.5046316548250616e-07
1,460,0.0
1,461,0.0
1,462,0.0
1,463,2475.4396550940255
1,464,17389.269406392694
1,465,17389.269406392694
1,466,17389.269406348194
1,467,17389.269406392694
1,468,7173.859580163418
1,469,3281.712368229957
1,470,17389.269406392694
1,471,17389.269406375588
1,472,17389.269406392694
1,473,17389.269406378877
1,474,17389.269406392694
1,475,17389.269406392694
1,476,10404.485231649709
1,477,0.0
1,478,0.0
1,479,1.4599208952859044e-08
1,480,1.611624611541629e-08
1,481,0.0
1,482,0.0
1,483,2.321394276805222e-08
1,484,2.7117494028061628e-08
1,485,3.253444447182119e-08
1,486,4.0552549762651324e-08
1,487,10301.136761967808
1,488,8636.133738049848
1,489,3173.286168405699
1,490,0.0
1,491,0.0
1,492,17389.26940639096
1,493,0.0
1,494,17389.269406235893
1,495,7425.363364637535
1,496,17389.269406331998
1,497,17389.269406392694
1,498,15640.729893861662
1,499,4612.160160583808
1,500,0.0
1,501,3142.6093878902157
1,502,8.532515494152904e-08
1,503,0.0
1,504,6744.493569900458
1,505,17389.26940639097
1,506,0.0
1,507,0.0
1,508,0.0
1,509,0.0
1,510,17389.2694062248
1,511,1.1332303984090686e-08
1,512,1.05712388176471e-07
1,513,17389.269406391475
1,514,17389.26940639147
1,515,0.0
1,516,17389.26940639161
1,517,17389.26940639119
1,518,17389.2694063916
1,519,1.7506317817606032e-07
1,520,17389.269406392694
1,521,17389.269406314543
1,522,17389.269406392694
1,523,13816.001238920177
1,524,3039.9265607890375
1,525,0.0
1,526,0.0
1,527,8292.254784042985
1,528,0.0
1,529,1.361804606858641e-07
1,530,0.0
1,531,0.0
1,532,17389.26940639133
1,533,0.0
1,534,17389.269406379037
1,535,17389.269406392694
1,536,17069.487180840977
1,537,17389.26940627123
1,538,17389.26940633164
1,539,17389.269406392694
1,540,12487.575617445924
1,541,5459.882275815169
1,542,17389.269406392694
1,543,15936.554186175777
1,544,17389.26940637697
1,545,17389.269406378644
1,546,17389.269406392694
1,547,17389.269406340933
1,548,17389.269406392694
1,549,17389.269406392694
1,550,0.0
1,551,5374.326904251993
1,552,0.0
1,553,8.440110832452774e-09
1,554,0.0
1,555,9.55697032622993e-09
1,556,0.0
1,557,1.0975782060995698e-08
1,558,0.0
1,559,7.67795427236706e-08
1,560,1.5431942301802337e-07
1,561,2285.692373978234
1,562,17389.269406392694
1,563,0.0
1,564,0.0
1,565,0.0
1,566,0.0
1,567,13445.446211330584
1,568,17389.269406392694
1,569,17389.269406392694
1,570,17389.269406348645
1,571,10669.59984119477
1,572,17389.269406392694
1,573,10134.263764492063
1,574,0.0
1,575,0.0
1,576,1.7153797671198845e-07
1,577,16198.73906308326
1,578,0.0
1,579,17389.26940639098
1,580,17389.269406390977
1,581,17389.26940639098
1,582,17389.269406390977
1,583,0.0
1,584,17389.269406390977
1,585,0.0
1,586,17389.269406390962
1,587,0.0
1,588,0.0
1,589,17389.269406390966
1,590,0.0
1,591,1.3957833289168775e-07
1,592,17389.269406392694
1,593,17389.269406392694
1,594,17389.26940631436
1,595,17389.269406340212
1,596,17389.269406392694
1,597,17389.269406392694
1,598,11453.718212091644
1,599,0.0
1,600,0.0
1,601,0.0
1,602,2.9190414352342486e-07
1,603,0.0
1,604,17389.269406390973
1,605,17389.269406224827
1,606,17389.269406392694
1,607,2988.0185849519185
1,608,17389.269406392694
1,609,17389.269406392694
1,610,17389.269406348194
1,611,17389.26940635915
1,612,17389.26940636573
1,613,14859.637807911116
1,614,17389.269406373238
1,615,17389.269406375588
1,616,17389.269406377414
1,617,17389.269406392694
1,618,17389.26940638007
1,619,11720.195569247051
1,620,15601.822630118719
1,621,0.0
1,622,1.3329554349184036e-08
1,623,0.0
1,624,0.0
1,625,0.0
1,626,2.0267179934307933e-08
1,627,0.0
1,628,0.0
1,629,3.25308064930141e-08
1,630,4.054891178384423e-08
1,631,0.0
1,632,0.0
1,633,0.0
1,634,0.0
1,635,17389.26940618599
1,636,17389.269406392694
1,637,17389.26940633109
1,638,17389.269406392694
1,639,17389.269406356205
1,640,17389.269406362302
1,641,17389.269406366624
1,642,17389.269406369833
1,643,17389.269406392694
1,644,17389.2694063743
1,645,17389.269406392694
1,646,17389.269406392694
1,647,4850.6203968437585
1,648,9374.905656048413
1,649,587.786668217901
1,650,1.0188523447141051e-07
1,651,0.0
1,652,2346.0029367670613
1,653,17389.269406392694
1,654,17389.269406392694
1,655,17389.269406392694
1,656,17389.26940638391
1,657,17389.269406384254
1,658,17389.269406384574
1,659,17389.269406392694
1,660,17389.269406392694
1,661,17389.269406385374
1,662,11285.934847233457
1,663,15112.776927242128
1,664,17389.269406392694
1,665,17389.269406375224
1,666,13785.469722139642
1,667,16313.495223495269
1,668,0.0
1,669,2.4265318643301725e-09
1,670,0.0
1,671,0.0
1,672,2.499291440472007e-09
1,673,0.0
1,674,0.0
1,675,0.0
1,676,2.6011548470705748e-09
1,677,0.0
1,678,2.6785346562974155e-07
1,679,0.0
1,680,17389.26940612208
1,681,17389.269406392694
1,682,17389.26940630159
1,683,17389.269406392694
1,684,13898.768511637238
1,685,17389.269406392694
1,686,17389.269406392694
1,687,17389.269406392694
1,688,17389.269406392694
1,689,17389.269406364405
1,690,17389.26940636685
1,691,17389.269406392694
1,692,17389.269406392694
1,693,0.0
1,694,0.0
1,695,0.0
1,696,0.0
1,697,3.205059329047799e-09
1,698,3.2378011383116245e-09
1,699,0.0
1,700,3.3032847568392754e-09
1,701,0.0
1,702,3.368768375366926e-09
1,703,17389.269406392694
1,704,17389.269406318996
1,705,17389.269406392694
1,706,17389.269406392694
1,707,17389.269406392694
1,708,9364.094135023644
1,709,0.0
1,710,17389.269406392694
1,711,17389.269406392694
1,712,17389.269406392694
1,713,17389.269406392694
1,714,17389.269406392694
1,715,17389.269406389594
1,716,292.8581900645295
1,717,0.0
1,718,0.0
1,719,0.0
1,720,4.027242539450526e-09
1,721,0.0
1,722,0.0
1,723,4.1509338188916445e-09
1,724,4.190951585769653e-09
1,725,0.0
1,726,4.2782630771398544e-09
1,727,4.318280844017863e-09
1,728,5.092806532047689e-08
1,729,5.7585566537454724e-08
1,730,6.614573067054152e-08
1,731,0.0
1,732,3.159584593959153e-08
1,733,3.39350663125515e-08
1,734,0.0
1,735,2.3739994503557682e-07
1,736,4.772482498083264e-07
1,737,12067.744021658069
1,738,16739.64757690892
1,739,6704.155032912815
1,740,0.0
1,741,0.0
1,742,0.0
1,743,0.0
1,744,5.114998202770948e-09
1,745,5.165929906070232e-09
1,746,5.216861609369516e-09
1,747,5.271431291475892e-09
1,748,5.322362994775176e-09
1,749,0.0
1,750,5.4315023589879274e-09
1,751,5.486072041094303e-09
1,752,5.540641723200679e-09
1,753,5.5952114053070545e-09
1,754,5.64978108741343e-09
1,755,5.707988748326898e-09
1,756,0.0
1,757,5.820766091346741e-09
1,758,0.0
1,759,5.9371814131736755e-09
1,760,0.0
1,761,6.057234713807702e-09
1,762,0.0
1,763,6.18092599324882e-09
1,764,6.2427716329693794e-09
1,765,6.3046172726899385e-09
1,766,6.366462912410498e-09
1,767,6.4319465309381485e-09
1,768,6.493792170658708e-09
1,769,6.5592757891863585e-09
1,770,0.0
1,771,0.0
1,772,0.0
1,773,6.8248482421040535e-09
1,774,12770.126203235097
1,775,1.6920603229664266e-07
1,776,17389.269406390984
1,777,17389.26940639096
1,778,0.0
1,779,17389.269406392694
1,780,17389.269406391006
1,781,17389.269406390995
1,782,0.0
1,783,17389.269406390995
1,784,17389.269406391
1,785,0.0
1,786,17389.269406391137
1,787,88.0337149408042
1,788,0.0
1,789,0.0
1,790,13781.099983806489
1,791,17389.269406392694
1,792,16683.446384351646
1,793,15718.766410342429
1,794,13452.677352510644
1,795,8913.62231615046
1,796,0.0
1,797,17389.269406392694
1,798,17389.269406391115
1,799,17389.269406390984
1,800,17389.269406390984
1,801,17389.26940639098
1,802,17389.269406390977
1,803,17389.269406390984
1,804,0.0
1,805,17389.269406390973
1,806,17389.269406390977
1,807,17389.269406390977
1,808,17389.269406390977
1,809,0.0
1,810,17389.26940639098
1,811,0.0
1,812,17389.269406390977
1,813,0.0
1,814,17389.269406391035
1,815,17389.269406392694
1,816,12155.128675919372
1,817,4627.7677307590675
1,818,0.0
1,819,0.0
1,820,5866.933857004815
1,821,7043.534619533131
1,822,17389.269406392694
1,823,0.0
1,824,17389.269406390984
1,825,0.0
1,826,0.0
1,827,17389.26940639099
1,828,448.98337063625877
1,829,0.0
1,830,17389.269406392694
1,831,17389.269406392694
1,832,16759.899165127474
1,833,17389.269406221396
1,834,17389.269406392694
1,835,17389.269406392694
1,836,7804.02752566144
1,837,0.0
1,838,5011.30405923625
1,839,0.0
1,840,9.42527549341321e-08
1,841,0.0
1,842,4752.392058561221
1,843,0.0
1,844,0.0
1,845,17389.269406392694
1,846,17389.269406253465
1,847,75.54148715156771
1,848,14422.732524085237
1,849,5833.533834758633
1,850,0.0
1,851,0.0
1,852,0.0
1,853,17389.269406390973
1,854,0.0
1,855,0.0
1,856,1.308253558818251e-07
1,857,17389.269406392694
1,858,14440.301911159844
1,859,17389.269406392694
1,860,0.0
1,861,0.0
1,862,0.0
1,863,6126.458921554702
1,864,2202.306520656275
1,865,15555.24823699814
1,866,14404.093608648069
1,867,0.0
1,868,16022.324833796165
1,869,17389.269406392694
1,870,0.0
1,871,17389.269406253152
1,872,8302.247297164373
1,873,17389.269406392694
1,874,0.0
1,875,0.0
1,876,16806.62422720822
1,877,17389.269406390973
1,878,17389.269406390973
1,879,17389.269406253123
1,880,17389.269406392694
1,881,17389.269406391053
1,882,17389.269406391057
1,883,7645.668464795708
1,884,5706.819163279346
1,885,0.0
1,886,0.0
1,887,0.0
1,888,15849.867998200974
1,889,17389.26940621952
1,890,17389.269406392694
1,891,17389.269406392694
1,892,17389.269406348747
1,893,17389.269406392694
1,894,17389.269406363102
1,895,17389.269406367206
1,896,17389.269406392694
1,897,17389.269406372678
1,898,17389.26940637459
1,899,17389.269406392694
1,900,17389.269406377458
1,901,17389.269406312556
1,902,17389.269406379502
1,903,17389.269406392694
1,904,17389.269406392694
1,905,17389.269406381678
1,906,17389.26940638224
1,907,17389.269406392694
1,908,17389.269406392694
1,909,17389.269406392694
1,910,17389.269406392694
1,911,10340.63602347174
1,912,3681.2433629759253
1,913,17246.677001114636
1,914,0.0
1,915,0.0
1,916,15193.342255540156
1,917,0.0
1,918,2713.8002238082336
1,919,17389.269406392694
1,920,10023.662115749528
1,921,0.0
1,922,0.0
1,923,17389.269406392694
1,924,17389.26940614734
1,925,17389.269406269403
1,926,17389.269406392694
1,927,17389.269406392694
1,928,17389.269406392694
1,929,17389.26940638757
1,930,17389.269406387673
1,931,17389.269406387768
1,932,17389.269406392694
1,933,17389.269406392694
1,934,17389.269406388023
1,935,8526.43435209875
1,936,15605.892043345373
1,937,0.0
1,938,5755.544574993473
1,939,1907.7050920200163
1,940,0.0
1,941,0.0
1,942,0.0
1,943,11731.504040992815
1,944,17389.269406392694
1,945,0.0
1,946,0.0
1,947,1289.8375355542885
1,948,1276.9035376958782
1,949,1367.0835680788769
1,950,0.0
1,951,1872.3025198520772
1,952,2333.435075098283
1,953,0.0
1,954,3026.044426536675
1,955,2833.7344736624273
1,956,2286.4938985173067
1,957,1067.5693648852412
1,958,0.0
1,959,0.0
1,960,667.2336902901588
1,961,0.0
1,962,676.2413784814671
1,963,688.1407326174485
1,964,0.0
1,965,0.0
1,966,891.8008384982932
1,967,0.0
1,968,0.0
1,969,0.0
1,970,2398.30041660236
1,971,1856.651937067918
1,972,0.0
1,973,1548.9261889727131
1,974,0.0
1,975,0.0
1,976,4957.2878809391295
1,977,9780.262852157495
1,978,0.0
1,979,0.0
1,980,0.0
1,981,6202.641633519466
1,982,2640.1277133460026
1,983,0.0
1,984,913.4397313007139
1,985,894.0527399877756
1,986,892.4633460800105
1,987,0.0
1,988,0.0
1,989,945.243275430501
1,990,1024.0960453144035
1,991,0.0
1,992,1276.493518080848
1,993,1283.7567842407698
1,994,1265.7027932379497
1,995,1232.1113001671965
1,996,0.0
1,997,1212.0627872176447
1,998,0.0
1,999,1429.1749163790755
1,1000,0.0
1,1001,0.0
1,1002,0.0
1,1003,2645.521913415796
1,1004,2192.2795106889644
1,1005,0.0
1,1006,1333.1799415177265
1,1007,1178.1288522513842
1,1008,0.0
1,1009,1112.8659880461237
1,1010,0.0
1,1011,0.0
1,1012,1147.2570119809097
1,1013,1208.6736185251848
1,1014,0.0
1,1015,4058.75011732402
1,1016,5281.370986734433
1,1017,5113.86912046601
1,1018,0.0
1,1019,4383.322481982963
1,1020,0.0
1,1021,0.0
1,1022,4870.438426536453
1,1023,7403.45461909685
1,1024,0.0
1,1025,17389.269406392694
1,1026,4318.7174823408095
1,1027,1532.9075527829482
1,1028,0.0
1,1029,0.0
1,1030,0.0
1,1031,6707.7214375278345
1,1032,5874.1181309698695
1,1033,5664.259426819555
1,1034,6057.576356470567
1,1035,7468.678800672544
1,1036,0.0
1,1037,1.6964258975349367e-07
1,1038,0.0
1,1039,17389.269406390984
1,1040,17389.269406390988
1,1041,0.0
1,1042,17389.26940639098
1,1043,17389.26940639098
1,1044,0.0
1,1045,13365.594343443394
1,1046,17389.26940621997
1,1047,17389.269406305797
1,1048,17389.26940633445
1,1049,17389.269406348783
1,1050,17389.269406392694
1,1051,17389.269406363117
1,1052,17389.269406392694
1,1053,17389.26940637029
1,1054,17389.269406372685
1,1055,17389.269406392694
1,1056,17389.269406392694
1,1057,17389.269406392694
1,1058,17389.269406312447
1,1059,17389.269406335665
1,1060,17389.269406392694
1,1061,17389.269406392694
1,1062,17389.269406381678
1,1063,17389.269406392694
1,1064,17389.269406392694
1,1065,17389.269406392694
1,1066,17389.2694063836
1,1067,17389.26940638397
1,1068,17389.269406392694
1,1069,17389.269406392694
1,1070,17389.26940638491
1,1071,17389.26940638517
1,1072,17389.269406385418
1,1073,17389.269406392694
1,1074,17389.269406385854
1,1075,17389.269406392694
1,1076,17389.269406386233
1,1077,17389.269406392694
1,1078,17389.269406392694
1,1079,17389.26940638672
1,1080,17389.269406392694
1,1081,17389.269406392694
1,1082,0.0
1,1083,11972.499011521122
1,1084,9638.883956045707
1,1085,0.0
1,1086,12700.778744817231
1,1087,1836.428897795773
1,1088,1781.381090831852
1,1089,10093.99241779185
1,1090,0.0
1,1091,2.710294211283326e-09
1,1092,0.0
1,1093,2.764863893389702e-09
1,1094,0.0
1,1095,0.0
1,1096,1.4456963981501758e-07
1,1097,2.9058719519525766e-07
1,1098,0.0
1,1099,7065.240654939273
1,1100,0.0
1,1101,2.9940565582364798e-09
1,1102,3.0231603886932135e-09
1,1103,3.055902197957039e-09
1,1104,3.0850060284137726e-09
1,1105,0.0
1,1106,3.1468516681343317e-09
1,1107,0.0
1,1108,3.208697307854891e-09
1,1109,3.2414391171187162e-09
1,1110,8.385177352465689e-08
1,1111,0.0
1,1112,1.6942431102506816e-07
1,1113,0.0
1,1114,0.0
1,1115,12620.339778095355
1,1116,2002.915679132635
1,1117,2.776141627691686e-08
1,1118,0.0
1,1119,0.0
1,1120,0.0
1,1121,17389.269406392694
1,1122,6987.870519441727
1,1123,0.0
1,1124,0.0
1,1125,0.0
1,1126,3.838067641481757e-09
1,1127,0.0
1,1128,3.918103175237775e-09
1,1129,0.0
1,1130,3.994500730186701e-09
1,1131,0.0
1,1132,4.0745362639427185e-09
1,1133,0.0
1,1134,4.158209776505828e-09
1,1135,4.241155693307519e-07
1,1136,1173.1950683471405
1,1137,17389.269405964227
1,1138,17389.269406392694
1,1139,17389.269406392694
1,1140,1749.3423168976624
1,1141,0.0
1,1142,17389.269406392694
1,1143,11612.342891320397
1,1144,17389.269406337266
1,1145,17389.26940634318
1,1146,17389.26940634791
1,1147,17389.269406392694
1,1148,17389.269406392694
1,1149,8691.845743465745
1,1150,795.4336265680031
1,1151,4.922185325995088e-09
1,1152,0.0
1,1153,0.0
1,1154,5.071342457085848e-09
1,1155,5.122274160385132e-09
1,1156,5.1768438424915075e-09
1,1157,0.0
1,1158,0.0
1,1159,0.0
1,1160,5.384208634495735e-09
1,1161,5.438778316602111e-09
1,1162,0.0
1,1163,5.547917680814862e-09
1,1164,0.0
1,1165,0.0
1,1166,0.0
1,1167,0.0
1,1168,0.0
1,1169,5.95242454437539e-07
1,1170,15108.507013117527
1,1171,17389.269406392694
1,1172,317.70640622594146
1,1173,0.0
1,1174,6.1918399296700954e-09
1,1175,6.2536855693906546e-09
1,1176,6.315531209111214e-09
1,1177,6.377376848831773e-09
1,1178,6.442860467359424e-09
1,1179,0.0
1,1180,6.570189725607634e-09
1,1181,6.6356733441352844e-09
1,1182,3.4019467420876026e-07
1,1183,6.839181878603995e-07
1,1184,17389.269406392694
1,1185,17389.269406392694
1,1186,17389.269406392694
1,1187,17389.269406392694
1,1188,0.0
1,1189,0.0
1,1190,0.0
1,1191,0.0
1,1192,17389.269406392694
1,1193,17389.269406312862
1,1194,17389.269406320494
1,1195,17389.269406326737
1,1196,17389.269406392694
1,1197,10562.21697231695
1,1198,4419.686014736602
1,1199,16516.580671209667
1,1200,0.0
1,1201,0.0
1,1202,17389.269405574316
1,1203,17389.269406392694
1,1204,17389.269406392694
1,1205,17389.269406185133
1,1206,17389.269406392694
1,1207,17389.269406392694
1,1208,17389.269406392694
1,1209,17389.269406390562
1,1210,17389.269406392694
1,1211,17389.269406392694
1,1212,15329.664758476192
1,1213,8510.111081367762
1,1214,17389.269406392694
1,1215,17389.26940592928
1,1216,17389.26940608581
1,1217,17389.269406331903
1,1218,17389.269406335527
1,1219,17389.269406392694
1,1220,10624.405788398653
1,1221,0.0
1,1222,9.978975867852569e-09
1,1223,0.0
1,1224,0.0
1,1225,0.0
1,1226,1.038642949424684e-08
1,1227,1.0488292900845408e-08
1,1228,1.0593794286251068e-08
1,1229,0.0
1,1230,0.0
1,1231,0.0
1,1232,1.102307578548789e-08
1,1233,1.1135853128507733e-08
1,1234,1.1244992492720485e-08
1,1235,0.0
1,1236,0.0
1,1237,0.0
1,1238,1.170337782241404e-08
1,1239,1.1819793144240975e-08
1,1240,0.0
1,1241,1.2173768482171e-06
1,1242,5948.458376249469
1,1243,14320.772127953944
1,1244,295.2857954220999
1,1245,0.0
1,1246,0.0
1,1247,0.0
1,1248,1.2925738701596856e-08
1,1249,0.0
1,1250,1.318767317570746e-08
1,1251,0.0
1,1252,0.0
1,1253,1.3587850844487548e-08
1,1254,0.0
1,1255,0.0
1,1256,0.0
1,1257,0.0
1,1258,1.4279066817834973e-08
1,1259,1.442094799131155e-08
1,1260,1.4566467143595219e-08
1,1261,1.4711986295878887e-08
1,1262,0.0
1,1263,1.5006662579253316e-08
1,1264,0.0
1,1265,0.0
1,1266,0.0
1,1267,1.5617843018844724e-08
1,1268,1.5774276107549667e-08
1,1269,1.593070919625461e-08
1,1270,0.0
1,1271,0.0
1,1272,1.641456037759781e-08
1,1273,0.0
1,1274,1.6741978470236063e-08
1,1275,0.0
1,1276,0.0
1,1277,1.7251295503228903e-08
1,1278,0.0
1,1279,17389.269406392694
1,1280,17389.269406219482
1,1281,17389.269406392694
1,1282,17389.269406334384
1,1283,17389.269406348747
1,1284,17389.269406392694
1,1285,17389.269406392694
1,1286,17389.269406367206
1,1287,17389.269406392694
1,1288,17389.269406392694
1,1289,8907.564531342468
1,1290,4457.903413956261
1,1291,0.0
1,1292,1.949956640601158e-09
1,1293,1.9717845134437084e-09
1,1294,1.989974407479167e-09
1,1295,2.0118022803217173e-09
1,1296,0.0
1,1297,0.0
1,1298,0.0
1,1299,2.091837814077735e-09
1,1300,0.0
1,1301,0.0
1,1302,17389.269406384312
1,1303,17389.269406384625
1,1304,17389.26940638491
1,1305,17389.269406392694
1,1306,17389.269406385418
1,1307,17389.269406392694
1,1308,17389.269406392694
1,1309,17389.269406392694
1,1310,17389.269406386233
1,1311,17389.269406392694
1,1312,17389.269406386567
1,1313,17389.26940638672
1,1314,17389.269406392694
1,1315,17389.269406392694
1,1316,17389.269406392694
1,1317,3464.829074385685
1,1318,2.5283952709287405e-09
1,1319,2.5538611225783825e-09
1,1320,0.0
1,1321,0.0
1,1322,2.6302586775273085e-09
1,1323,2.6557245291769505e-09
1,1324,0.0
1,1325,0.0
1,1326,0.0
1,1327,2.7922942535951734e-07
1,1328,0.0
1,1329,4578.10128372789
1,1330,0.0
1,1331,0.0
1,1332,0.0
1,1333,0.0
1,1334,0.0
1,1335,8.535425877198577e-08
1,1336,0.0
1,1337,17389.269406392694
1,1338,17389.269406390984
1,1339,17389.26940639098
1,1340,17389.26940639098
1,1341,17389.269406391017
1,1342,17389.269406392694
1,1343,1426.5189695438603
1,1344,0.0
1,1345,0.0
1,1346,17389.269406392694
1,1347,17389.269358023066
1,1348,0.0
1,1349,17389.269406390984
1,1350,17389.269406390973
1,1351,0.0
1,1352,0.0
1,1353,17389.269406390955
1,1354,17389.269406390977
1,1355,17389.26940639098
1,1356,17389.26940639098
1,1357,17389.269406390977
1,1358,17389.269406390977
1,1359,17389.269406390977
1,1360,0.0
1,1361,17389.269406391006
1,1362,0.0
1,1363,17389.269406392694
1,1364,17389.26940621936
1,1365,17389.269406392694
1,1366,17389.269406392694
1,1367,17389.269406392694
1,1368,6809.098722980951
1,1369,2425.776128839938
1,1370,0.0
1,1371,17245.63281000827
1,1372,937.8323172417258
1,1373,8240.265303805343
1,1374,17389.269406392694
1,1375,17389.269406377458
1,1376,17389.269406378557
1,1377,17389.269406379502
1,1378,17389.269406392694
1,1379,17389.269406381045
1,1380,17389.269406392694
1,1381,17389.26940638224
1,1382,17389.269406392694
1,1383,17389.26940638319
1,1384,17389.269406392694
1,1385,17389.269406392694
1,1386,17389.269406392694
1,1387,17389.269406384625
1,1388,17389.26940638491
1,1389,17389.269406392694
1,1390,17389.269406392694
1,1391,17389.269406385643
1,1392,17389.269406392694
1,1393,17389.269406392694
1,1394,9279.307578028167
1,1395,3030.4452127800832
1,1396,2.5203917175531387e-08
1,1397,0.0
1,1398,0.0
1,1399,16092.116165433661
1,1400,3722.6130503287677
1,1401,1590.8000342225096
1,1402,8851.019700808189
1,1403,0.0
1,1404,1.308690116275102e-07
1,1405,0.0
1,1406,5599.553272510497
1,1407,17389.269406392694
1,1408,17389.269406392694
1,1409,17389.269406373973
1,1410,17389.269406392694
1,1411,17389.269406376214
1,1412,17389.269406392694
1,1413,0.0
1,1414,0.0
1,1415,1766.5240143055598
1,1416,2.9067450668662786e-09
1,1417,0.0
1,1418,0.0
1,1419,2.9940565582364798e-09
1,1420,0.0
1,1421,3.052264219149947e-09
1,1422,0.0
1,1423,0.0
1,1424,0.0
1,1425,0.0
1,1426,0.0
1,1427,0.0
1,1428,0.0
1,1429,3.306922735646367e-09
1,1430,3.3396645449101925e-09
1,1431,0.0
1,1432,3.408786142244935e-09
1,1433,1.1700103641487658e-07
1,1434,1.7637648852542043e-07
1,1435,0.0
1,1436,2188.310931330172
1,1437,10809.47387903374
1,1438,4859.384139623322
1,1439,2.1631421986967325e-08
1,1440,0.0
1,1441,0.0
1,1442,0.0
1,1443,0.0
1,1444,0.0
1,1445,0.0
1,1446,3.953646228183061e-07
1,1447,0.0
1,1448,7538.190956723782
1,1449,0.0
1,1450,5.6035787565633655e-08
1,1451,6.486516213044524e-08
1,1452,7.685594027861953e-08
1,1453,0.0
1,1454,8525.242920712051
1,1455,1.686130417510867e-07
1,1456,0.0
1,1457,0.0
1,1458,0.0
1,1459,17389.269406390125
1,1460,0.0
1,1461,17389.26940639098
1,1462,0.0
1,1463,17389.269406390984
1,1464,17389.269406390977
1,1465,17389.26940639097
1,1466,17389.269406390955
1,1467,0.0
1,1468,0.0
1,1469,17389.269406390988
1,1470,17389.26940639096
1,1471,0.0
1,1472,4577.10451106113
1,1473,15037.65847507237
1,1474,15095.292135405938
1,1475,17389.269406390977
1,1476,17389.269406390977
1,1477,17389.269406390977
1,1478,0.0
1,1479,17389.26940639097
1,1480,0.0
1,1481,1.3083990779705346e-07
1,1482,5073.573828725232
1,1483,9401.549298078822
1,1484,16340.971767967521
1,1485,0.0
1,1486,12499.470283373528
1,1487,0.0
1,1488,0.0
1,1489,0.0
1,1490,17389.269406390984
1,1491,0.0
1,1492,0.0
1,1493,17389.26940639098
1,1494,17389.269406390973
1,1495,0.0
1,1496,0.0
1,1497,0.0
1,1498,17389.26940639098
1,1499,0.0
1,1500,17389.269406390977
1,1501,0.0
1,1502,0.0
1,1503,0.0
1,1504,17389.269406392694
1,1505,0.0
1,1506,3497.565206867457
1,1507,17389.269406225878
1,1508,3380.786917522444
1,1509,7781.500260536086
1,1510,0.0
1,1511,0.0
1,1512,17389.26940639098
1,1513,0.0
1,1514,0.0
1,1515,0.0
1,1516,17389.269406390977
1,1517,0.0
1,1518,0.0
1,1519,4388.857604045628
1,1520,5416.760956545248
1,1521,8412.245710353665
1,1522,0.0
1,1523,0.0
1,1524,17389.269406390977
1,1525,17389.26940639098
1,1526,17389.269406390973
1,1527,0.0
1,1528,1.304688339587301e-07
1,1529,17389.269406392694
1,1530,9355.172463338244
1,1531,17389.269406392694
1,1532,11757.428495235437
1,1533,8128.253812429182
1,1534,17389.269406390962
1,1535,0.0
1,1536,0.0
1,1537,0.0
1,1538,17389.26940639098
1,1539,0.0
1,1540,0.0
1,1541,0.0
1,1542,17389.269406390853
1,1543,0.0
1,1544,1.30861735669896e-07
1,1545,0.0
1,1546,289.2644463584038
1,1547,5590.588477190133
1,1548,0.0
1,1549,0.0
1,1550,15407.36356348464
1,1551,0.0
1,1552,4247.377998253414
1,1553,17389.269406219475
1,1554,17389.269406392694
1,1555,17389.269406334384
1,1556,17389.269406392694
1,1557,13638.95857172749
1,1558,5292.761173289098
1,1559,16180.205863906882
1,1560,13536.873286332911
1,1561,5892.494950764132
1,1562,1652.2036980801822
1,1563,321.4079525445486
1,1564,893.8793558735924
1,1565,3512.8676899492184
1,1566,7473.06293281589
1,1567,12512.51545114378
1,1568,17152.39502131249
1,1569,0.0
1,1570,0.0
1,1571,17389.269406390576
1,1572,17389.26940639064
1,1573,0.0
1,1574,17389.26940639063
1,1575,0.0
1,1576,17389.269406392694
1,1577,0.0
1,1578,17389.269406390984
1,1579,0.0
1,1580,0.0
1,1581,0.0
1,1582,0.0
1,1583,0.0
1,1584,5651.7573765476445
1,1585,17389.269406392694
1,1586,0.0
1,1587,14839.526345065022
1,1588,15336.447139634774
1,1589,16498.211935363368
1,1590,4913.956939495281
1,1591,8177.80997030453
1,1592,3178.4197333752127
1,1593,0.0
1,1594,6896.991979840641
1,1595,10954.614017491718
1,1596,17389.269406390762
1,1597,17389.269406390777
1,1598,0.0
1,1599,17389.26940621455
1,1600,17389.269406392694
1,1601,17389.269406390988
1,1602,17389.269406390984
1,1603,0.0
1,1604,10583.529717090449
1,1605,17389.269406219468
1,1606,12788.493411584477
1,1607,1145.6552179164064
1,1608,13231.843625703661
1,1609,0.0
1,1610,9334.95784435251
1,1611,0.0
1,1612,0.0
1,1613,17389.269406392694
1,1614,16137.198625401306
1,1615,17389.269406392694
1,1616,17389.269406377458
1,1617,17389.269406378564
1,1618,17031.501304723355
1,1619,15376.272644660185
1,1620,17389.26940619163
1,1621,17389.26940629166
1,1622,17389.269406392694
1,1623,17389.269406392694
1,1624,17389.269406392694
1,1625,17389.2694063836
1,1626,17389.26940638397
1,1627,17389.269406384312
1,1628,17389.269406384625
1,1629,17389.26940638491
1,1630,17389.269406392694
1,1631,17389.269406392694
1,1632,4667.531821389337
1,1633,17389.269406392694
1,1634,17389.269406277683
1,1635,17389.269406392694
1,1636,17389.269406334617
1,1637,17389.269406392694
1,1638,17389.269406392694
1,1639,17389.269406392694
1,1640,17389.269406386997
1,1641,17389.269406387128
1,1642,17389.269406392694
1,1643,17389.269406392694
1,1644,17389.26940638747
1,1645,17389.26940638757
1,1646,17389.269406392694
1,1647,17389.269406387768
1,1648,17389.269406387855
1,1649,17389.269406387943
1,1650,17389.269406392694
1,1651,17389.269406392694
1,1652,17389.269406388175
1,1653,17389.269406392694
1,1654,0.0
1,1655,2.8485374059528112e-09
1,1656,2.877641236409545e-09
1,1657,0.0
1,1658,2.9358488973230124e-09
1,1659,0.0
1,1660,2.9940565582364798e-09
1,1661,0.0
1,1662,3.052264219149947e-09
1,1663,0.0
1,1664,0.0
1,1665,4.1127350414171815e-08
1,1666,4.723915481008589e-08
1,1667,5.538822733797133e-08
1,1668,0.0
1,1669,2.42325768340379e-08
1,1670,0.0
1,1671,0.0
1,1672,3.409149940125644e-07
1,1673,17389.269406392694
1,1674,17389.269406045412
1,1675,9276.49782088034
1,1676,0.0
1,1677,3.54702933691442e-09
1,1678,3.5797711461782455e-09
1,1679,0.0
1,1680,3.65253072232008e-09
1,1681,0.0
1,1682,0.0
1,1683,0.0
1,1684,3.80168785341084e-09
1,1685,3.838067641481757e-09
1,1686,3.878085408359766e-09
1,1687,0.0
1,1688,3.954482963308692e-09
1,1689,0.0
1,1690,4.03451849706471e-09
1,1691,0.0
1,1692,4.114554030820727e-09
1,1693,4.158209776505828e-09
1,1694,0.0
1,1695,4.241883289068937e-09
1,1696,4.3260297388769686e-07
1,1697,17389.269406392694
1,1698,17389.269406392694
1,1699,17389.269406173127
1,1700,17389.269406245523
1,1701,17389.269406392694
1,1702,5534.620165260349
1,1703,0.0
1,1704,0.0
1,1705,4.685716703534126e-09
1,1706,0.0
1,1707,4.780304152518511e-09
1,1708,0.0
1,1709,0.0
1,1710,0.0
1,1711,0.0
1,1712,0.0
1,1713,5.071342457085848e-09
1,1714,5.122274160385132e-09
1,1715,5.173205863684416e-09
1,1716,5.2277755457907915e-09
1,1717,0.0
1,1718,5.333276931196451e-09
1,1719,5.384208634495735e-09
1,1720,5.438778316602111e-09
1,1721,0.0
1,1722,5.60336047783494e-07
1,1723,0.0
1,1724,17389.269406392694
1,1725,0.0
1,1726,0.0
1,1727,0.0
1,1728,1145.456214531745
1,1729,5.948095349594951e-09
1,1730,0.0
1,1731,0.0
1,1732,0.0
1,1733,0.0
1,1734,0.0
1,1735,6.315531209111214e-09
1,1736,0.0
1,1737,6.442860467359424e-09
1,1738,0.0
1,1739,6.570189725607634e-09
1,1740,0.0
1,1741,0.0
1,1742,6.770278559997678e-09
1,1743,0.0
1,1744,6814.977750980241
1,1745,17389.269406390416
1,1746,17389.269406390424
1,1747,17389.269406392694
1,1748,17389.269406392694
1,1749,17389.269406392694
1,1750,17389.269406392694
1,1751,17389.26940639046
1,1752,17389.269406390467
1,1753,16547.89616162384
1,1754,17389.269406392694
1,1755,17389.269406392694
1,1756,14937.685786458722
1,1757,14976.42103414746
1,1758,17389.269406392694
1,1759,17389.269406392694
1,1760,0.0
1,1761,0.0
1,1762,8.26184987090528e-09
1,1763,8.341885404661298e-09
1,1764,8.425558917224407e-09
1,1765,0.0
1,1766,8.596543921157718e-09
1,1767,8.680217433720827e-09
1,1768,4.4485204853117466e-07
1,1769,8.945571607910097e-07
1,1770,17389.269406392694
1,1771,17389.269406392694
1,1772,14926.65706972298
1,1773,3599.7419943485984
1,1774,0.0
1,1775,0.0
1,1776,217.10504911196767
1,1777,0.0
1,1778,0.0
1,1779,0.0
1,1780,9.910691005643457e-07
1,1781,805.275422264931
1,1782,5206.5697607619
1,1783,17389.269406392694
1,1784,13139.960151070367
1,1785,1.038642949424684e-08
1,1786,0.0
1,1787,0.0
1,1788,1.0699295671656728e-08
1,1789,1.0804797057062387e-08
1,1790,0.0
1,1791,0.0
1,1792,1.6944613889791071e-07
1,1793,0.0
1,1794,59.62310276271455
1,1795,0.0
1,1796,0.0
1,1797,0.0
1,1798,0.0
1,1799,0.0
1,1800,0.0
1,1801,0.0
1,1802,0.0
1,1803,0.0
1,1804,0.0
1,1805,17389.269406390977
1,1806,0.0
1,1807,17389.269406391028
1,1808,17389.269406391042
1,1809,0.0
1,1810,0.0
1,1811,0.0
1,1812,0.0
1,1813,0.0
1,1814,17389.269406390984
1,1815,17389.269406390977
1,1816,0.0
1,1817,8.364077075384557e-08
1,1818,17389.269406391002
1,1819,17389.269406391
1,1820,17389.269406391086
1,1821,17389.269406392694
1,1822,16610.9687976418
1,1823,0.0
1,1824,0.0
1,1825,0.0
1,1826,17389.26940639098
1,1827,17389.269406391064
1,1828,17389.269406392694
1,1829,17389.269406392694
1,1830,17389.269406392694
1,1831,17389.269406392694
1,1832,17389.269406392694
1,1833,16492.38779251846
1,1834,0.0
1,1835,1.837179297581315e-09
1,1836,1.8553691916167736e-09
1,1837,0.0
1,1838,0.0
1,1839,15380.632883252947
1,1840,1.5622208593413234e-07
1,1841,0.0
1,1842,17389.269406392694
1,1843,2173.499476360954
1,1844,15194.034935266396
1,1845,17389.269406390966
1,1846,17389.26940639098
1,1847,0.0
1,1848,17389.269406392694
1,1849,17389.269406392694
1,1850,16262.512321416569
1,1851,15909.899678737207
1,1852,17389.269406392694
1,1853,6640.792330302949
1,1854,17389.26940628324
1,1855,17389.269406392694
1,1856,17389.269406392694
1,1857,17389.269406392694
1,1858,0.0
1,1859,0.0
1,1860,0.0
1,1861,1.885455276351422e-07
1,1862,7625.653488966376
1,1863,1.5432306099683046e-07
1,1864,0.0
1,1865,17389.269406392694
1,1866,0.0
1,1867,17389.269406392694
1,1868,7714.474256359095
1,1869,0.0
1,1870,9125.098547104153
1,1871,17389.26940639087
1,1872,17389.269406390977
1,1873,17389.26940639098
1,1874,17389.26940639098
1,1875,0.0
1,1876,0.0
1,1877,0.0
1,1878,1.2372765922918916e-07
1,1879,3131.1654070931872
1,1880,17389.269406392694
1,1881,14722.326574642186
1,1882,6917.902386078866
1,1883,17389.269406390915
1,1884,17389.269406390977
1,1885,17389.269406390977
1,1886,17389.269406390977
1,1887,0.0
1,1888,0.0
1,1889,1.237531250808388e-07
1,1890,17389.26940639106
1,1891,10587.589882219221
1,1892,5129.09716427949
1,1893,11724.79569183808
1,1894,6969.791397569286
1,1895,17389.26940639096
1,1896,4938.290778980107
1,1897,17389.269406392694
1,1898,17389.269406392694
1,1899,17389.269406392694
1,1900,17389.269406392694
1,1901,17389.269406392694
1,1902,17389.269406363102
1,1903,17389.269406367206
1,1904,17389.269406392694
1,1905,8939.358606289774
1,1906,16257.187453691698
1,1907,17389.269406392694
1,1908,0.0
1,1909,0.0
1,1910,8892.262575999659
1,1911,17389.26940619361
1,1912,17389.269406292657
1,1913,17389.269406392694
1,1914,17389.269406392694
1,1915,17389.269406380346
1,1916,17389.269406392694
1,1917,17389.269406392694
1,1918,17389.269406392694
1,1919,0.0
1,1920,0.0
1,1921,5480.712227642081
1,1922,5595.287931015737
1,1923,0.0
1,1924,0.0
1,1925,6215.85762813912
1,1926,7981.869565534242
1,1927,2.3355823941528797e-09
1,1928,0.0
1,1929,0.0
1,1930,0.0
1,1931,0.0
1,1932,2.4519977159798145e-09
1,1933,2.4774635676294565e-09
1,1934,0.0
1,1935,0.0
1,1936,0.0
1,1937,0.0
1,1938,0.0
1,1939,17389.269406392694
1,1940,17389.26940626049
1,1941,13671.987988263507
1,1942,17389.269406392694
1,1943,0.0
1,1944,0.0
1,1945,8478.163213016242
1,1946,0.0
1,1947,9869.526609567365
1,1948,0.0
1,1949,10102.988177863936
1,1950,17389.269406392694
1,1951,17389.26940637048
1,1952,10813.697474316426
1,1953,0.0
1,1954,3.052264219149947e-09
1,1955,0.0
1,1956,0.0
1,1957,0.0
1,1958,0.0
1,1959,0.0
1,1960,10050.077826081357
1,1961,15253.375183197728
1,1962,17389.269406219526
1,1963,17389.269406392694
1,1964,17389.269406392694
1,1965,17389.269406392694
1,1966,17389.269406392694
1,1967,15922.760328076414
1,1968,0.0
1,1969,6560.819641754211
1,1970,0.0
1,1971,13167.761280559916
1,1972,12461.47295872037
1,1973,17389.269406199473
1,1974,17389.26940637807
1,1975,17389.269406392694
1,1976,3144.4318412989996
1,1977,2.0118022803217173e-09
1,1978,0.0
1,1979,0.0
1,1980,0.0
1,1981,2.091837814077735e-09
1,1982,2.1136656869202852e-09
1,1983,0.0
1,1984,17389.269406392694
1,1985,17389.269406384625
1,1986,17389.26940638491
1,1987,17389.269406392694
1,1988,17389.269406385418
1,1989,17389.269406392694
1,1990,17389.269406392694
1,1991,0.0
1,1992,0.0
1,1993,8962.460184784184
1,1994,8817.069519686958
1,1995,12917.182000491155
1,1996,888.6092652006337
1,1997,17389.269406392694
1,1998,17389.269406372416
1,1999,17389.269406392694
1,2000,2573.051189394533
1,2001,0.0
1,2002,0.0
1,2003,2.6047928258776665e-09
1,2004,0.0
1,2005,2.6557245291769505e-09
1,2006,2.684828359633684e-09
1,2007,0.0
1,2008,3323.4329417422414
1,2009,17389.2694061162
1,2010,17389.269406253767
1,2011,17389.269406299612
1,2012,17389.26940632253
1,2013,17389.269406392694
1,2014,0.0
1,2015,0.0
1,2016,0.0
1,2017,0.0
1,2018,7469.799188639079
1,2019,0.0
1,2020,17389.269406392694
1,2021,17389.269406392694
1,2022,17389.269406369112
1,2023,17389.269406392694
1,2024,14448.710744384214
1,2025,0.0
1,2026,0.0
1,2027,0.0
1,2028,3.3396645449101925e-09
1,2029,0.0
1,2030,0.0
1,2031,3.4415279515087605e-09
1,2032,285.79309374854347
1,2033,17389.269406392694
1,2034,17389.269406392694
1,2035,17389.269406392694
1,2036,17389.269406303614
1,2037,17389.269406392694
1,2038,8492.546544473727
1,2039,17389.269406392694
1,2040,0.0
1,2041,13514.479089113242
1,2042,0.0
1,2043,0.0
1,2044,0.0
1,2045,17389.269406392694
1,2046,17389.269406392694
1,2047,17389.269406362448
1,2048,17389.269406392694
1,2049,2668.2836789611174
1,2050,4.158209776505828e-09
1,2051,4.198227543383837e-09
1,2052,0.0
1,2053,4.281901055946946e-09
1,2054,0.0
1,2055,4.369212547317147e-09
1,2056,14417.060472646708
1,2057,17389.269406382777
1,2058,17389.269406392694
1,2059,17389.2694063832
1,2060,17389.269406392694
1,2061,17389.26940638357
1,2062,17389.269406392694
1,2063,17389.269406392694
1,2064,17389.269406392694
1,2065,2720.597237749549
1,2066,17389.269406392694
1,2067,17172.025339326465
1,2068,16431.198623289532
1,2069,17389.269406392694
1,2070,3771.2814890988047
1,2071,11984.245454043046
1,2072,761.9841876630126
1,2073,0.0
1,2074,5.2787072490900755e-09
1,2075,5.333276931196451e-09
1,2076,0.0
1,2077,0.0
1,2078,5.4933479987084866e-09
1,2079,0.0
1,2080,0.0
1,2081,0.0
1,2082,17389.26940582092
1,2083,17389.26940610541
1,2084,17389.269406200216
1,2085,17389.26940624762
1,2086,17389.269406392694
1,2087,14680.17911419877
1,2088,10340.906111113589
1,2089,8043.355561742643
1,2090,7839.469176610775
1,2091,5963.690936269413
1,2092,4245.580848220652
1,2093,4764.738511504715
1,2094,17389.269406392694
1,2095,17389.269406392694
1,2096,17389.269406392694
1,2097,0.0
1,2098,7853.490592098173
1,2099,6576.714640499591
1,2100,0.0
1,2101,0.0
1,2102,0.0
1,2103,5.98374754190445e-08
1,2104,0.0
1,2105,10488.042273088524
1,2106,17389.26940565767
1,2107,17389.269406392694
1,2108,15251.197121709069
1,2109,17389.269406392694
1,2110,17389.269406392694
1,2111,0.0
1,2112,13535.49504326908
1,2113,10544.42829655094
1,2114,9127.918452725082
1,2115,7064.759975348479
1,2116,0.0
1,2117,12525.186487175839
1,2118,3537.873012711316
1,2119,3403.038036602007
1,2120,0.0
1,2121,8.425558917224407e-09
1,2122,8.509232429787517e-09
1,2123,8.596543921157718e-09
1,2124,8.680217433720827e-09
1,2125,8.767528925091028e-09
1,2126,8.85484041646123e-09
1,2127,0.0
1,2128,0.0
1,2129,17389.269406392694
1,2130,0.0
1,2131,17389.269406390988
1,2132,0.0
1,2133,17389.269406390977
1,2134,0.0
1,2135,0.0
1,2136,0.0
1,2137,17389.26940639098
1,2138,0.0
1,2139,17389.269406390988
1,2140,4516.684345407288
1,2141,17389.269406392694
1,2142,17389.269406392694
1,2143,17389.269406392694
1,2144,17389.269406348732
1,2145,14814.201259660442
1,2146,4070.344155219449
1,2147,0.0
1,2148,0.0
1,2149,1.1960582924075425e-07
1,2150,0.0
1,2151,17389.26940594216
1,2152,1.5572732081636786e-07
1,2153,17389.269406390962
1,2154,0.0
1,2155,17389.269406391
1,2156,0.0
1,2157,0.0
1,2158,0.0
1,2159,0.0
1,2160,0.0
1,2161,17389.269406390977
1,2162,17389.269406392694
1,2163,17389.269406392694
1,2164,16358.612926876795
1,2165,17389.269406334384
1,2166,17389.269406392694
1,2167,17389.26940635736
1,2168,15752.391896706966
1,2169,7351.452529901566
1,2170,3.8238795241340995e-08
1,2171,4.8028596211224794e-08
1,2172,0.0
1,2173,0.0
1,2174,1.9461731426417828e-07
1,2175,9703.76228944768
1,2176,17389.269406392694
1,2177,0.0
1,2178,17389.269406390984
1,2179,0.0
1,2180,0.0
1,2181,0.0
1,2182,17389.269406390977
1,2183,17389.26940639098
1,2184,17389.269406391002
1,2185,17389.269406392694
1,2186,13812.047020133698
1,2187,17389.269406392694
1,2188,17389.269406392694
1,2189,17389.269406348747
1,2190,17389.269406392694
1,2191,17389.269406392694
1,2192,17389.269406392694
1,2193,1798.7945907582034
1,2194,1.877197064459324e-09
1,2195,0.0
1,2196,0.0
1,2197,1.9317667465656996e-09
1,2198,0.0
1,2199,0.0
1,2200,13659.477907535655
1,2201,1.5983096091076732e-07
1,2202,0.0
1,2203,0.0
1,2204,17389.269406391
1,2205,17389.269406392694
1,2206,17389.269406219468
1,2207,9954.717948405538
1,2208,0.0
1,2209,0.0
1,2210,10303.734275770046
1,2211,13527.273344401909
1,2212,387.5215127949232
1,2213,8829.22593944563
1,2214,17389.26940637267
1,2215,17389.269406374584
1,2216,14507.659561941822
1,2217,13285.73012828047
1,2218,0.0
1,2219,5.0538801588118076e-08
1,2220,6.772825145162642e-08
1,2221,1.0212897905148566e-07
1,2222,2.0546212908811867e-07
1,2223,17078.29584565263
1,2224,17389.269406185722
1,2225,17389.269406392694
1,2226,17389.2694063781
1,2227,17389.269406392694
1,2228,17389.269406379844
1,2229,17389.269406380565
1,2230,17389.269406392694
1,2231,5674.453784226
1,2232,17389.269406392694
1,2233,14513.454762165216
1,2234,0.0
1,2235,17359.92492391901
1,2236,17389.269406392694
1,2237,7028.137003634325
1,2238,10214.30472126346
1,2239,17389.269406392694
1,2240,2758.9591116474385
1,2241,2.4519977159798145e-09
1,2242,2.4774635676294565e-09
1,2243,2.5029294192790985e-09
1,2244,2.5283952709287405e-09
1,2245,0.0
1,2246,2.5793269742280245e-09
1,2247,2.6047928258776665e-09
1,2248,0.0
1,2249,17389.269406392694
1,2250,17389.269406392694
1,2251,17389.269406392694
1,2252,17389.269406388103
1,2253,17389.269406388175
1,2254,17389.269406392694
1,2255,17389.269406392694
1,2256,17389.269406388386
1,2257,17389.269406392694
1,2258,13231.576143821476
1,2259,17389.269406392694
1,2260,17389.269406392694
1,2261,17389.269406392694
1,2262,17389.269406392694
1,2263,5204.542703794923
1,2264,3.0850060284137726e-09
1,2265,0.0
1,2266,3.1468516681343317e-09
1,2267,3.179593477398157e-09
1,2268,3.208697307854891e-09
1,2269,0.0
1,2270,0.0
1,2271,3.306922735646367e-09
1,2272,3.3396645449101925e-09
1,2273,17389.269406392694
1,2274,17389.269406392694
1,2275,17389.269406389274
1,2276,17389.26940638931
1,2277,17389.269406392694
1,2278,12024.327223926415
1,2279,0.0
1,2280,8112.885881072463
1,2281,3858.4485420960245
1,2282,0.0
1,2283,5185.18143869314
1,2284,0.0
1,2285,0.0
1,2286,1832.8262000300856
1,2287,0.0
1,2288,4815.033520112349
1,2289,3.954482963308692e-09
1,2290,0.0
1,2291,4.03451849706471e-09
1,2292,0.0
1,2293,0.0
1,2294,0.0
1,2295,4.198227543383837e-09
1,2296,4.241883289068937e-09
1,2297,0.0
1,2298,17389.269406392694
1,2299,17389.269405955845
1,2300,17389.269406173134
1,2301,17389.269406392694
1,2302,8223.886709845563
1,2303,16486.065792576203
1,2304,10053.201063911565
1,2305,0.0
1,2306,6725.946056534531
1,2307,0.0
1,2308,12518.481600895644
1,2309,17389.269406392694
1,2310,13297.620303187636
1,2311,17389.269406392694
1,2312,6244.287634016302
1,2313,0.0
1,2314,0.0
1,2315,0.0
1,2316,5.173205863684416e-09
1,2317,0.0
1,2318,0.0
1,2319,0.0
1,2320,17389.269406392694
1,2321,17389.269406391
1,2322,17389.269406390988
1,2323,17389.26940639098
1,2324,0.0
1,2325,0.0
1,2326,17389.26940639098
1,2327,17389.26940639098
1,2328,17389.269406390977
1,2329,17389.26940639098
1,2330,0.0
1,2331,12514.061600542711
1,2332,17389.269406219468
1,2333,17389.269406305673
1,2334,17389.269406392694
1,2335,17389.269406392694
1,2336,17389.269406392694
1,2337,0.0
1,2338,0.0
1,2339,0.0
1,2340,0.0
1,2341,1.8953869584947824e-09
1,2342,1.913576852530241e-09
1,2343,10865.118535449192
1,2344,17389.269406392694
1,2345,17389.26940639098
1,2346,17389.269406390988
1,2347,0.0
1,2348,0.0
1,2349,17389.26940639098
1,2350,17389.26940639098
1,2351,0.0
1,2352,0.0
1,2353,123.27246805672621
1,2354,17389.269406392694
1,2355,3358.522083310254
1,2356,5414.238867728724
1,2357,17389.269406392694
1,2358,17389.269406392694
1,2359,17389.269406363102
1,2360,12033.796583533938
1,2361,7527.518732701781
1,2362,6.377013050951064e-08
1,2363,9.612995199859142e-08
1,2364,1.9320941646583378e-07
1,2365,2156.5695994713533
1,2366,17389.269406390675
1,2367,0.0
1,2368,1.5734258340671659e-07
1,2369,0.0
1,2370,17389.269406390995
1,2371,0.0
1,2372,0.0
1,2373,0.0
1,2374,17389.269406390984
1,2375,17389.269406392694
1,2376,17389.26940621949
1,2377,17389.269406392694
1,2378,17389.269406334384
1,2379,17389.269406348747
1,2380,17389.26940635736
1,2381,17389.269406392694
1,2382,17389.269406367206
1,2383,17389.269406392694
1,2384,1326.3641125621107
1,2385,1.8953869584947824e-09
1,2386,0.0
1,2387,0.0
1,2388,1.949956640601158e-09
1,2389,1.9717845134437084e-09
1,2390,0.0
1,2391,2.0118022803217173e-09
1,2392,0.0
1,2393,1.6101694200187922e-07
1,2394,0.0
1,2395,0.0
1,2396,0.0
1,2397,0.0
1,2398,0.0
1,2399,17389.26940639099
1,2400,11602.719362445041
1,2401,17389.269406219482
1,2402,17389.269406392694
1,2403,17389.269406334384
1,2404,17389.269406348747
1,2405,17389.26940635736
1,2406,17389.269406392694
1,2407,17389.269406392694
1,2408,0.0
1,2409,1.877197064459324e-09
1,2410,1.8953869584947824e-09
1,2411,0.0
1,2412,1.9317667465656996e-09
1,2413,1.949956640601158e-09
1,2414,0.0
1,2415,1.989974407479167e-09
1,2416,0.0
1,2417,17389.269406392694
1,2418,0.0
1,2419,0.0
1,2420,17389.26940639098
1,2421,0.0
1,2422,17389.269406390988
1,2423,17389.269406392694
1,2424,17389.269406392694
1,2425,17389.269406392694
1,2426,17389.269406334384
1,2427,17389.269406392694
1,2428,17389.269406392694
1,2429,17389.269406363102
1,2430,17389.269406392694
1,2431,17389.269406392694
1,2432,0.0
1,2433,0.0
1,2434,0.0
1,2435,1.9317667465656996e-09
1,2436,0.0
1,2437,0.0
1,2438,1.989974407479167e-09
1,2439,0.0
1,2440,3898.8756538129855
1,2441,17389.269406392694
1,2442,17389.269406392694
1,2443,17389.26940638319
1,2444,17389.269406392694
1,2445,17389.26940638397
1,2446,17389.269406392694
1,2447,17389.269406392694
1,2448,17389.26940638491
1,2449,17389.269406392694
1,2450,14136.529650606502
1,2451,13632.694815475854
1,2452,10764.309880721597
1,2453,17389.269406392694
1,2454,2577.733332239066
1,2455,0.0
1,2456,0.0
1,2457,0.0
1,2458,0.0
1,2459,2.4519977159798145e-09
1,2460,0.0
1,2461,2.5029294192790985e-09
1,2462,2.5283952709287405e-09
1,2463,0.0
1,2464,0.0
1,2465,17389.269406392694
1,2466,17389.269406387768
1,2467,17389.269406392694
1,2468,17389.269406387943
1,2469,17389.269406392694
1,2470,17389.269406388103
1,2471,17389.269406392694
1,2472,1912.6002954078504
1,2473,0.0
1,2474,2612.233983087075
1,2475,784.2351976081954
1,2476,6578.872616235976
1,2477,15047.839084181742
1,2478,3777.694168660346
1,2479,0.0
1,2480,3.0231603886932135e-09
1,2481,0.0
1,2482,3.0850060284137726e-09
1,2483,3.1141098588705063e-09
1,2484,3.1468516681343317e-09
1,2485,0.0
1,2486,0.0
1,2487,3.2414391171187162e-09
1,2488,0.0
1,2489,1.678672560956329e-07
1,2490,3.375062078703195e-07
1,2491,17389.269406392694
1,2492,17389.269406051888
1,2493,17389.269406392694
1,2494,17389.269406392694
1,2495,17389.269406392694
1,2496,17389.269406392694
1,2497,2455.619542931774
1,2498,3254.0189733368206
1,2499,17389.269406392694
1,2500,17389.269406392694
1,2501,17389.269406392694
1,2502,17389.26940636015
1,2503,17389.269406392694
1,2504,12163.417819893975
1,2505,3.878085408359766e-09
1,2506,0.0
1,2507,0.0
1,2508,3.994500730186701e-09
1,2509,4.03451849706471e-09
1,2510,0.0
1,2511,4.114554030820727e-09
1,2512,7011.948793100433
1,2513,17389.269406392694
1,2514,17389.269406390988
1,2515,17389.26940639098
1,2516,17389.269406390984
1,2517,17389.269406392694
1,2518,17389.269406219475
1,2519,17389.269406305622
1,2520,17389.269406392694
1,2521,6550.563535122146
1,2522,17389.269406392694
1,2523,17389.269406392694
1,2524,8920.239540144205
1,2525,17389.269406392694
1,2526,17389.269406392694
1,2527,17389.269406392694
1,2528,8156.700313679841
1,2529,0.0
1,2530,0.0
1,2531,1.9717845134437084e-09
1,2532,1.989974407479167e-09
1,2533,2.0118022803217173e-09
1,2534,2.029992174357176e-09
1,2535,0.0
1,2536,17389.269406392694
1,2537,17389.26940638319
1,2538,17389.269406392694
1,2539,17389.269406392694
1,2540,17389.269406392694
1,2541,17389.269406392694
1,2542,17389.26940638491
1,2543,17389.269406392694
1,2544,17389.269406385418
1,2545,17389.269406392694
1,2546,17389.269406385854
1,2547,17389.269406392694
1,2548,17389.269406392694
1,2549,17389.269406392694
1,2550,17389.269406392694
1,2551,17389.26940638672
1,2552,11759.755250851595
1,2553,4183.978095273904
1,2554,0.0
1,2555,0.0
1,2556,2.5283952709287405e-09
1,2557,2.5538611225783825e-09
1,2558,2.5793269742280245e-09
1,2559,0.0
1,2560,17389.269406392694
1,2561,17389.269406387855
1,2562,17389.269406387943
1,2563,17389.269406388023
1,2564,17389.269406388103
1,2565,17389.269406388175
1,2566,17389.269406388248
1,2567,17389.26940638832
1,2568,17389.269406392694
1,2569,17389.269406392694
1,2570,17389.269406392694
1,2571,17389.26940638857
1,2572,17389.269406388627
1,2573,17389.269406388677
1,2574,17389.269406392694
1,2575,11198.688909000764
1,2576,13472.82739911892
1,2577,560.8466566316638
1,2578,6.482878234237432e-08
1,2579,0.0
1,2580,1.091357262339443e-07
1,2581,1.6451667761430144e-07
1,2582,0.0
1,2583,16219.44471433418
1,2584,17389.269406392694
1,2585,17389.26940638921
1,2586,17389.269406392694
1,2587,17389.269406389274
1,2588,17389.269406392694
1,2589,17389.269406392694
1,2590,17389.269406392694
1,2591,17389.269406389405
1,2592,17389.269406392694
1,2593,17389.269406392694
1,2594,17389.269406392694
1,2595,17389.269406392694
1,2596,7234.325602745626
1,2597,8875.984639240138
1,2598,3357.4842785708424
1,2599,12364.72740392422
1,2600,3.918103175237775e-09
1,2601,0.0
1,2602,3.994500730186701e-09
1,2603,0.0
1,2604,4.0745362639427185e-09
1,2605,4.114554030820727e-09
1,2606,0.0
1,2607,0.0
1,2608,4.241883289068937e-09
1,2609,0.0
1,2610,0.0
1,2611,17389.269406392694
1,2612,17389.269406173105
1,2613,17389.269406392694
1,2614,17389.269406392694
1,2615,17389.269406392694
1,2616,0.0
1,2617,13018.732624013468
1,2618,12720.666590876453
1,2619,0.0
1,2620,0.0
1,2621,3382.988609973636
1,2622,17389.269406392694
1,2623,17389.269406392694
1,2624,0.0
1,2625,0.0
1,2626,0.0
1,2627,5.122274160385132e-09
1,2628,0.0
1,2629,5.2277755457907915e-09
1,2630,0.0
1,2631,5.333276931196451e-09
1,2632,5.384208634495735e-09
1,2633,0.0
1,2634,2.7988426154479384e-07
1,2635,0.0
1,2636,13182.74031078646
1,2637,17389.269406392694
1,2638,15477.595241453802
1,2639,6251.35007071152
1,2640,0.0
1,2641,0.0
1,2642,4.401954356580973e-08
1,2643,0.0
1,2644,5.15392457600683e-08
1,2645,6.178597686812282e-07
1,2646,0.0
1,2647,4958.815565419343
1,2648,6.315531209111214e-09
1,2649,6.377376848831773e-09
1,2650,0.0
1,2651,6.504706107079983e-09
1,2652,6.570189725607634e-09
1,2653,6.6356733441352844e-09
1,2654,6.701156962662935e-09
1,2655,0.0
1,2656,0.0
1,2657,0.0
1,2658,0.0
1,2659,7.046764949336648e-09
1,2660,7.1158865466713905e-09
1,2661,7.188646122813225e-09
1,2662,7.257767720147967e-09
1,2663,0.0
1,2664,7.403286872431636e-09
1,2665,0.0
1,2666,0.0
1,2667,7.628841558471322e-09
1,2668,0.0
1,2669,7.781636668369174e-09
1,2670,0.0
1,2671,7.938069757074118e-09
1,2672,8.018105290830135e-09
1,2673,0.0
1,2674,8.17817635834217e-09
1,2675,8.26184987090528e-09
1,2676,0.0
1,2677,8.425558917224407e-09
1,2678,0.0
1,2679,0.0
1,2680,0.0
1,2681,8.767528925091028e-09
1,2682,0.0
1,2683,4.5661727199330926e-07
1,2684,9.255309123545885e-07
1,2685,5615.258974382785
1,2686,0.0
1,2687,5135.874529272422
1,2688,0.0
1,2689,8.74460965860635e-08
1,2690,0.0
1,2691,6202.5203344604015
1,2692,0.0
1,2693,598.741379935298
1,2694,17389.269406392694
1,2695,14022.620383644398
1,2696,1.0179064702242613e-08
1,2697,1.028092810884118e-08
1,2698,0.0
1,2699,0.0
1,2700,1.0593794286251068e-08
1,2701,0.0
1,2702,1.0804797057062387e-08
1,2703,1.0913936421275139e-08
1,2704,0.0
1,2705,17389.269406392694
1,2706,0.0
1,2707,17389.26940639098
1,2708,0.0
1,2709,0.0
1,2710,0.0
1,2711,17389.26940639098
1,2712,17389.269406391133
1,2713,17389.269406392694
1,2714,8811.161981170233
1,2715,10561.167740795936
1,2716,17389.269406392694
1,2717,17389.269406392694
1,2718,17389.26940635736
1,2719,17389.26940636311
1,2720,17389.269406392694
1,2721,6929.852633713237
1,2722,1.877197064459324e-09
1,2723,0.0
1,2724,1.913576852530241e-09
1,2725,0.0
1,2726,0.0
1,2727,1.9717845134437084e-09
1,2728,1.5903060557320714e-07
1,2729,17389.269406391064
1,2730,17389.26940639098
1,2731,17389.269406390984
1,2732,9455.173745223521
1,2733,17389.269406392694
1,2734,17389.269406392694
1,2735,17389.269406334377
1,2736,17389.269406392694
1,2737,17389.269406392694
1,2738,11760.311381829444
1,2739,13043.452552195631
1,2740,12914.202692743693
1,2741,17389.269406392694
1,2742,17389.269406392694
1,2743,0.0
1,2744,1.9317667465656996e-09
1,2745,1.949956640601158e-09
1,2746,0.0
1,2747,0.0
1,2748,2.0118022803217173e-09
1,2749,0.0
1,2750,0.0
1,2751,0.0
1,2752,2.091837814077735e-09
1,2753,0.0
1,2754,17389.269406392694
1,2755,17389.269406390984
1,2756,17389.269406392694
1,2757,17389.269406219475
1,2758,17389.26940630565
1,2759,17389.26940633434
1,2760,17389.269406392694
1,2761,9437.735152197365
1,2762,12038.424553958423
1,2763,17389.269406392694
1,2764,17389.269406392694
1,2765,17330.890824477723
1,2766,17389.269406392694
1,2767,7923.89462629632
1,2768,0.0
1,2769,0.0
1,2770,0.0
1,2771,0.0
1,2772,0.0
1,2773,0.0
1,2774,0.0
1,2775,0.0
1,2776,0.0
1,2777,1.623811840545386e-07
1,2778,0.0
1,2779,17389.269406390984
1,2780,0.0
1,2781,0.0
1,2782,0.0
1,2783,17389.26940639098
1,2784,0.0
1,2785,0.0
1,2786,0.0
1,2787,17389.269406392694
1,2788,17389.269406099014
1,2789,17389.269406392694
1,2790,17389.269406392694
1,2791,17389.269406392694
1,2792,17389.269406392694
1,2793,0.0
1,2794,4.6926288632676005e-08
1,2795,6.287882570177317e-08
1,2796,9.479117579758167e-08
1,2797,0.0
1,2798,0.0
1,2799,17389.269406215837
1,2800,1.5573095879517496e-07
1,2801,17389.26940639079
1,2802,17389.269406391173
1,2803,0.0
1,2804,17389.269406390984
1,2805,17389.26940639118
1,2806,0.0
1,2807,17389.26940639097
1,2808,17389.269406390977
1,2809,17389.269406390977
1,2810,17389.26940639098
1,2811,0.0
1,2812,0.0
1,2813,17389.26940639098
1,2814,0.0
1,2815,0.0
1,2816,17389.26940639098
1,2817,0.0
1,2818,0.0
1,2819,0.0
1,2820,17389.269406390966
1,2821,0.0
1,2822,17389.269406390984
1,2823,0.0
1,2824,17389.269406390944
1,2825,17389.269406390857
1,2826,17389.269406391137
1,2827,17389.269406390984
1,2828,0.0
1,2829,17389.26940639081
1,2830,0.0
1,2831,0.0
1,2832,0.0
1,2833,0.0
1,2834,0.0
1,2835,0.0
1,2836,17389.269406390977
1,2837,0.0
1,2838,17389.269406390973
1,2839,0.0
1,2840,0.0
1,2841,17389.269406390973
1,2842,17389.269406390973
1,2843,17389.269406390984
1,2844,17389.26940639098
1,2845,0.0
1,2846,17389.269406390977
1,2847,17389.26940639098
1,2848,17389.26940639098
1,2849,17389.269406390973
1,2850,0.0
1,2851,17389.26940639098
1,2852,17389.26940639102
1,2853,0.0
1,2854,0.0
1,2855,17389.26940639098
1,2856,17389.26940639098
1,2857,17389.269406390977
1,2858,17389.26940639098
1,2859,0.0
1,2860,17389.269406390977
1,2861,17389.269406390977
1,2862,17389.269406391013
1,2863,17389.269406392694
1,2864,17389.26940621951
1,2865,17389.269406392694
1,2866,17389.269406392694
1,2867,2696.180746318365
1,2868,13442.697520507474
1,2869,12502.593033497438
1,2870,927.3125409717395
1,2871,7229.778773460141
1,2872,17389.269406392694
1,2873,17389.269406392694
1,2874,17389.269406392694
1,2875,17389.269406377458
1,2876,17389.269406378564
1,2877,17389.269406392694
1,2878,17389.269406392694
1,2879,17389.269406392694
1,2880,17389.269406392694
1,2881,0.0
1,2882,0.0
1,2883,0.0
1,2884,6437.447224600375
1,2885,3699.045582246212
1,2886,2.1573214326053858e-09
1,2887,2.179149305447936e-09
1,2888,0.0
1,2889,0.0
1,2890,2.244632923975587e-09
1,2891,2.266460796818137e-09
1,2892,2.2882886696606874e-09
1,2893,0.0
1,2894,0.0
1,2895,2.35741026699543e-09
1,2896,1.6508420230820775e-07
1,2897,0.0
1,2898,657.8071693549027
1,2899,17389.269406219424
1,2900,17389.269406305644
1,2901,17389.269406392694
1,2902,17389.269406392694
1,2903,10261.527145355652
1,2904,17389.269406392694
1,2905,17389.269406392694
1,2906,14302.522849107809
1,2907,12976.817720144976
1,2908,15789.215047677151
1,2909,14545.848315474532
1,2910,0.0
1,2911,5123.918402382937
1,2912,0.0
1,2913,1.0104486136697233e-07
1,2914,2.0309380488470197e-07
1,2915,2845.1550198644563
1,2916,0.0
1,2917,17389.26940639066
1,2918,17389.269406390657
1,2919,0.0
1,2920,1.6105332178995013e-07
1,2921,16567.70061300571
1,2922,17389.2694062196
1,2923,17389.269406305688
1,2924,17389.2694063344
1,2925,17389.269406348754
1,2926,17389.269406392694
1,2927,17389.269406363073
1,2928,17389.269406392694
1,2929,17389.269406392694
1,2930,17389.269406392694
1,2931,17389.269406392694
1,2932,3665.233818698758
1,2933,2448.083876847162
1,2934,0.0
1,2935,6693.581144258635
1,2936,1.989974407479167e-09
1,2937,2.0118022803217173e-09
1,2938,2.029992174357176e-09
1,2939,0.0
1,2940,2.0700099412351847e-09
1,2941,0.0
1,2942,0.0
1,2943,2.1354935597628355e-09
1,2944,0.0
1,2945,1.633925421629101e-07
1,2946,17389.269406390995
1,2947,17389.269406390984
1,2948,17389.26940639098
1,2949,17389.26940639098
1,2950,0.0
1,2951,17389.269406390977
1,2952,0.0
1,2953,0.0
1,2954,0.0
1,2955,17389.269406390977
1,2956,0.0
1,2957,0.0
1,2958,17389.26940639098
1,2959,0.0
1,2960,17389.269406390984
1,2961,17389.269406390977
1,2962,0.0
1,2963,0.0
1,2964,17389.26940639098
1,2965,0.0
1,2966,0.0
1,2967,17389.269406390977
1,2968,0.0
1,2969,17389.269406390955
1,2970,17389.269406391006
1,2971,17389.269406390984
1,2972,17389.269406390995
1,2973,0.0
1,2974,17389.26940639097
1,2975,17389.269406390977
1,2976,0.0
1,2977,17389.26940639098
1,2978,0.0
1,2979,0.0
1,2980,17389.269406392694
1,2981,17389.26940609894
1,2982,17389.269406392694
1,2983,17389.269406392694
1,2984,17389.269406392694
1,2985,3643.4922434265463
1,2986,14061.95417156397
1,2987,0.0
1,2988,0.0
1,2989,9.479481377638876e-08
1,2990,0.0
1,2991,0.0
1,2992,17389.269406215823
1,2993,1.5573459677398205e-07
1,2994,17389.269406390988
1,2995,17389.269406390984
1,2996,0.0
1,2997,17389.269406391017
1,2998,15447.45686644522
1,2999,17389.269406392694
1,3000,11193.637574865134
1,3001,17389.269406392694
1,3002,17389.269406392694
1,3003,6840.326390575236
1,3004,9448.040150696277
1,3005,17389.269406392694
1,3006,16361.568184602616
1,3007,17389.269406392694
1,3008,14518.669016062147
1,3009,1.913576852530241e-09
1,3010,1.9317667465656996e-09
1,3011,0.0
1,3012,0.0
1,3013,0.0
1,3014,0.0
1,3015,2.029992174357176e-09
1,3016,8860.053205584716
1,3017,1.6152262105606496e-07
1,3018,0.0
1,3019,0.0
1,3020,0.0
1,3021,0.0
1,3022,17389.269406390977
1,3023,17389.26940639098
1,3024,0.0
1,3025,17389.269406390984
1,3026,17389.269406392694
1,3027,17389.269406392694
1,3028,17389.26940630565
1,3029,17389.269406392694
1,3030,17389.26940634874
1,3031,17389.269406357354
1,3032,17389.269406392694
1,3033,11551.746523378633
1,3034,0.0
1,3035,1.877197064459324e-09
1,3036,0.0
1,3037,1.913576852530241e-09
1,3038,0.0
1,3039,1.949956640601158e-09
1,3040,17188.50821866993
1,3041,17389.269406392694
1,3042,17389.269406390984
1,3043,17389.269406390984
1,3044,0.0
1,3045,0.0
1,3046,17389.26940639098
1,3047,17389.269406390977
1,3048,17389.269406390977
1,3049,0.0
1,3050,0.0
1,3051,4268.729972605219
1,3052,17389.26940621946
1,3053,17389.269406392694
1,3054,17389.269406392694
1,3055,17389.269406392694
1,3056,17389.269406392694
1,3057,0.0
1,3058,0.0
1,3059,0.0
1,3060,1.1955853551626205e-07
1,3061,0.0
1,3062,0.0
1,3063,17389.26940621594
1,3064,1.5573095879517496e-07
1,3065,17389.26940639096
1,3066,17389.269406391
1,3067,0.0
1,3068,17389.269406390984
1,3069,0.0
1,3070,17389.26940639096
1,3071,0.0
1,3072,0.0
1,3073,0.0
1,3074,17389.26940639098
1,3075,3002.250118499229
1,3076,17389.269406219468
1,3077,17389.26940630565
1,3078,17389.269406392694
1,3079,9813.002065621717
1,3080,17389.269406392694
1,3081,9791.847423536017
1,3082,4763.3159094515395
1,3083,0.0
1,3084,0.0
1,3085,3.245077095925808e-07
1,3086,0.0
1,3087,17389.269406392694
1,3088,17389.269406391195
1,3089,0.0
1,3090,0.0
1,3091,0.0
1,3092,0.0
1,3093,17389.26940639097
1,3094,17389.269406390977
1,3095,17389.269406390977
1,3096,17389.269406390977
1,3097,17389.26940639098
1,3098,0.0
1,3099,17389.269406390984
1,3100,4130.261067464322
1,3101,15587.650562173734
1,3102,8764.254982520608
1,3103,17389.269406392694
1,3104,9039.30512181135
1,3105,4051.101045676427
1,3106,0.0
1,3107,0.0
1,3108,488.1945422595818
1,3109,1.199332473333925e-07
1,3110,0.0
1,3111,17389.269406392694
1,3112,0.0
1,3113,0.0
1,3114,0.0
1,3115,17389.26940639099
1,3116,17389.269406390977
1,3117,17389.269406390977
1,3118,17389.269406390977
1,3119,0.0
1,3120,17389.269406390977
1,3121,17389.269406390977
1,3122,17389.269406390977
1,3123,0.0
1,3124,17389.26940639098
1,3125,17389.269406390977
1,3126,0.0
1,3127,0.0
1,3128,0.0
1,3129,17389.269406392694
1,3130,17389.269406219657
1,3131,17389.269406392694
1,3132,17389.269406392694
1,3133,17389.269406392694
1,3134,17389.269406392694
1,3135,4568.2935876965785
1,3136,17389.269406392694
1,3137,17389.269406392694
1,3138,17389.269406392694
1,3139,17389.269406374562
1,3140,17389.269406392694
1,3141,15294.593385260105
1,3142,8430.264100428238
1,3143,17389.269406392694
1,3144,10632.03755166472
1,3145,9718.778291537652
1,3146,0.0
1,3147,10752.206293528607
1,3148,0.0
1,3149,0.0
1,3150,0.0
1,3151,334.81468274345025
1,3152,2.1573214326053858e-09
1,3153,0.0
1,3154,0.0
1,3155,2.2228050511330366e-09
1,3156,0.0
1,3157,0.0
1,3158,0.0
1,3159,2.3101165425032377e-09
1,3160,0.0
1,3161,17203.24309133469
1,3162,17389.269406392694
1,3163,17389.269406390984
1,3164,0.0
1,3165,17389.269406390977
1,3166,17389.269406390984
1,3167,17389.26940639098
1,3168,0.0
1,3169,0.0
1,3170,0.0
1,3171,0.0
1,3172,17389.269406390984
1,3173,0.0
1,3174,17389.269406390984
1,3175,0.0
1,3176,705.6848102461117
1,3177,0.0
1,3178,8.425195119343698e-08
1,3179,17389.269406391115
1,3180,17389.269406390984
1,3181,17389.269406390973
1,3182,17389.26940639098
1,3183,0.0
1,3184,17389.269406390977
1,3185,17389.269406390973
1,3186,17389.269406390984
1,3187,0.0
1,3188,0.0
1,3189,0.0
1,3190,17389.269406390977
1,3191,0.0
1,3192,17389.26940639098
1,3193,17389.269406390977
1,3194,17389.269406390977
1,3195,0.0
1,3196,0.0
1,3197,17389.26940639098
1,3198,17389.26940639098
1,3199,17389.26940639098
1,3200,0.0
1,3201,0.0
1,3202,0.0
1,3203,17389.269406390984
1,3204,0.0
1,3205,0.0
1,3206,17389.26940639097
1,3207,0.0
1,3208,17389.26940639098
1,3209,0.0
1,3210,17389.269406390984
1,3211,17389.269406390988
1,3212,0.0
1,3213,0.0
1,3214,17389.269406390977
1,3215,0.0
1,3216,17389.26940639098
1,3217,0.0
1,3218,0.0
1,3219,0.0
1,3220,0.0
1,3221,0.0
1,3222,0.0
1,3223,0.0
1,3224,0.0
1,3225,0.0
1,3226,17389.269406392694
1,3227,17389.269406392694
1,3228,17389.269406392694
1,3229,0.0
1,3230,0.0
1,3231,17389.269406392694
1,3232,0.0
1,3233,17389.269406391268
1,3234,17389.269406392694
1,3235,17389.269406392694
1,3236,17389.269406305724
1,3237,17389.269406392694
1,3238,17389.269406392694
1,3239,17389.269406392694
1,3240,17389.269406392694
1,3241,17389.269406392694
1,3242,8991.816527038907
1,3243,8377.45328451358
1,3244,9537.767572104778
1,3245,17389.269406392694
1,3246,0.0
1,3247,0.0
1,3248,1.9717845134437084e-09
1,3249,0.0
1,3250,0.0
1,3251,0.0
1,3252,0.0
1,3253,2.0700099412351847e-09
1,3254,0.0
1,3255,2.1136656869202852e-09
1,3256,0.0
1,3257,0.0
1,3258,17389.269406392694
1,3259,17389.269406392694
1,3260,17389.269406392694
1,3261,17389.269406385418
1,3262,17389.269406385643
1,3263,17389.269406392694
1,3264,17389.269406392694
1,3265,10308.140450902527
1,3266,17389.269406392694
1,3267,7365.545481240602
1,3268,7441.082737894831
1,3269,1331.8716549123528
1,3270,0.0
1,3271,2.4774635676294565e-09
1,3272,0.0
1,3273,2.5283952709287405e-09
1,3274,2.5538611225783825e-09
1,3275,2.5793269742280245e-09
1,3276,2.6047928258776665e-09
1,3277,2.6302586775273085e-09
1,3278,0.0
1,3279,2.684828359633684e-09
1,3280,2.710294211283326e-09
1,3281,16843.521603483492
1,3282,17389.269406392694
1,3283,17389.269406390984
1,3284,0.0
1,3285,11777.878912682423
1,3286,17389.269406392694
1,3287,17389.269406305637
1,3288,17389.269406392694
1,3289,17389.269406392694
1,3290,17389.269406392694
1,3291,6953.13687847296
1,3292,9537.32253146496
1,3293,11881.484738480067
1,3294,12511.41412491292
1,3295,9066.19650007382
1,3296,15968.724937938667
1,3297,70.15249189497627
1,3298,1.949956640601158e-09
1,3299,1.9717845134437084e-09
1,3300,0.0
1,3301,0.0
1,3302,0.0
1,3303,2.051820047199726e-09
1,3304,7334.395532999415
1,3305,1.6197009244933724e-07
1,3306,17389.269406390988
1,3307,17389.26940639098
1,3308,0.0
1,3309,0.0
1,3310,17389.26940639098
1,3311,17389.269406392694
1,3312,17389.269406219315
1,3313,14659.03846912867
1,3314,11862.339786269047
1,3315,11792.632257751218
1,3316,17389.269406392694
1,3317,17389.269406392694
1,3318,13858.71653471417
1,3319,12100.353393755948
1,3320,2973.1668504992813
1,3321,0.0
1,3322,1.913576852530241e-09
1,3323,0.0
1,3324,1.949956640601158e-09
1,3325,0.0
1,3326,0.0
1,3327,2.0118022803217173e-09
1,3328,13500.930167727995
1,3329,17389.269406392694
1,3330,17389.269406390984
1,3331,0.0
1,3332,17389.26940639098
1,3333,0.0
1,3334,17389.26940639098
1,3335,17389.26940639098
1,3336,0.0
1,3337,0.0
1,3338,0.0
1,3339,17389.269406390977
1,3340,0.0
1,3341,0.0
1,3342,17389.26940639098
1,3343,17389.26940639098
1,3344,0.0
1,3345,0.0
1,3346,17389.26940639104
1,3347,17389.269406392694
1,3348,0.0
1,3349,16249.547164496886
1,3350,1.1314114090055227e-07
1,3351,0.0
1,3352,0.0
1,3353,17389.269406390977
1,3354,0.0
1,3355,17389.26940639099
1,3356,0.0
1,3357,17389.26940639099
1,3358,12343.587241691694
1,3359,17389.26940621949
1,3360,17389.269406392694
1,3361,17389.269406392694
1,3362,17389.269406392694
1,3363,17389.269406392694
1,3364,17389.269406363102
1,3365,17389.269406392694
1,3366,17389.269406392694
1,3367,0.0
1,3368,1.8953869584947824e-09
1,3369,0.0
1,3370,1.9317667465656996e-09
1,3371,1.949956640601158e-09
1,3372,1.9717845134437084e-09
1,3373,0.0
1,3374,0.0
1,3375,2.029992174357176e-09
1,3376,7549.043806445949
1,3377,1.6152625903487206e-07
1,3378,0.0
1,3379,0.0
1,3380,0.0
1,3381,0.0
1,3382,17389.26940639098
1,3383,0.0
1,3384,17389.269406390977
1,3385,17389.26940639098
1,3386,17389.269406390977
1,3387,17389.269406390977
1,3388,0.0
1,3389,17389.26940639098
1,3390,0.0
1,3391,17389.269406390984
1,3392,17389.26940639098
1,3393,0.0
1,3394,0.0
1,3395,0.0
1,3396,0.0
1,3397,17389.269406390977
1,3398,0.0
1,3399,0.0
1,3400,17389.269406390973
1,3401,17389.26940639099
1,3402,17389.269406390984
1,3403,0.0
1,3404,17389.26940639098
1,3405,17389.26940639098
1,3406,0.0
1,3407,17389.26940639098
1,3408,17389.26940639098
1,3409,1.7724232748150826e-08
1,3410,17389.269406392694
1,3411,7028.894241896138
1,3412,9301.338220527141
1,3413,17389.269406392694
1,3414,17389.269406392694
1,3415,15389.150366459824
1,3416,17389.269406392694
1,3417,17389.269406367344
1,3418,17389.269406370386
1,3419,14521.73198276118
1,3420,17372.04502181892
1,3421,0.0
1,3422,17389.269406199335
1,3423,17389.269406392694
1,3424,17389.26940632761
1,3425,17389.26940634364
1,3426,17389.269406381067
1,3427,17389.269406392694
1,3428,17389.26940638226
1,3429,17389.269406392694
1,3430,17389.269406392694
1,3431,17389.269406392694
1,3432,11808.71451140113
1,3433,17389.269406392694
1,3434,2517.087871233409
1,3435,17389.269406392694
1,3436,15523.052588666531
1,3437,11030.353580698706
1,3438,0.0
1,3439,2.2882886696606874e-09
1,3440,0.0
1,3441,0.0
1,3442,0.0
1,3443,2.382876118645072e-09
1,3444,2.4047039914876223e-09
1,3445,2.4301698431372643e-09
1,3446,0.0
1,3447,2.4774635676294565e-09
1,3448,2.5029294192790985e-09
1,3449,8.564165909774601e-08
1,3450,1.2962846085429192e-07
1,3451,0.0
1,3452,0.0
1,3453,12691.582257024093
1,3454,17389.269406392694
1,3455,0.0
1,3456,0.0
1,3457,0.0
1,3458,0.0
1,3459,0.0
1,3460,0.0
1,3461,0.0
1,3462,17389.269406392694
1,3463,17389.269406392694
1,3464,4080.6895107549535
1,3465,11394.225438140944
1,3466,0.0
1,3467,6.23804226052016e-08
1,3468,0.0
1,3469,0.0
1,3470,0.0
1,3471,3.1799208954907954e-07
1,3472,13805.887500461266
1,3473,17389.269406392694
1,3474,17389.269406368385
1,3475,17389.269406392694
1,3476,17389.269406371513
1,3477,17389.269406392694
1,3478,16658.457440830334
1,3479,6499.890093773556
1,3480,0.0
1,3481,0.0
1,3482,0.0
1,3483,11061.016676264322
1,3484,0.0
1,3485,0.0
1,3486,0.0
1,3487,0.0
1,3488,3193.146593894973
1,3489,9.650102583691478e-08
1,3490,0.0
1,3491,1.9493381842039526e-07
1,3492,0.0
1,3493,0.0
1,3494,0.0
1,3495,0.0
1,3496,17389.269406000178
1,3497,1.6845297068357468e-07
1,3498,0.0
1,3499,17389.26940639098
1,3500,17389.26940639098
1,3501,17389.26940639098
1,3502,0.0
1,3503,0.0
1,3504,0.0
1,3505,17389.269406390977
1,3506,17389.26940639098
1,3507,17389.269406392694
1,3508,17389.269406218726
1,3509,17389.269406392694
1,3510,17389.269406334304
1,3511,13436.51956522938
1,3512,17389.269406392694
1,3513,7448.0175442322525
1,3514,3403.3690597104323
1,3515,0.0
1,3516,0.0
1,3517,0.0
1,3518,0.0
1,3519,1.5568730304948986e-07
1,3520,0.0
1,3521,0.0
1,3522,17389.26940639098
1,3523,17389.269406390984
1,3524,0.0
1,3525,0.0
1,3526,0.0
1,3527,17389.269406390977
1,3528,17389.269406390977
1,3529,17389.26940639098
1,3530,0.0
1,3531,17389.269406391035
1,3532,15772.514862356828
1,3533,17389.26940621952
1,3534,17389.269406305666
1,3535,17389.26940633437
1,3536,13552.10771230848
1,3537,17389.269406392694
1,3538,0.0
1,3539,4.712273948825896e-08
1,3540,6.314076017588377e-08
1,3541,0.0
1,3542,1.9132858142256737e-07
1,3543,0.0
1,3544,0.0
1,3545,1.5621844795532525e-07
1,3546,17389.26940639101
1,3547,17389.269406390984
1,3548,0.0
1,3549,17389.269406390988
1,3550,6938.410115447146
1,3551,17389.269406392694
1,3552,17389.269406392694
1,3553,17389.269406392694
1,3554,4639.905919488265
1,3555,17389.269406392694
1,3556,17389.269406392694
1,3557,17389.269406392694
1,3558,17389.269406392694
1,3559,2206.7008449171954
1,3560,0.0
1,3561,4.903267836198211e-08
1,3562,0.0
1,3563,9.905124898068607e-08
1,3564,1.9909202819690108e-07
1,3565,0.0
1,3566,17389.269406390686
1,3567,17389.26940620316
1,3568,1.5932164387777448e-07
1,3569,17389.26940639149
1,3570,0.0
1,3571,0.0
1,3572,11235.588626384444
1,3573,17389.269406392694
1,3574,17389.269406392694
1,3575,17389.269406392694
1,3576,17389.269406392694
1,3577,17389.269406392694
1,3578,14593.519786677341
1,3579,17389.269406392694
1,3580,17389.269406392694
1,3581,11940.901814281464
1,3582,17389.269406392694
1,3583,10193.414315099208
1,3584,1.9317667465656996e-09
1,3585,0.0
1,3586,1.9717845134437084e-09
1,3587,0.0
1,3588,2.0118022803217173e-09
1,3589,2.029992174357176e-09
1,3590,2.051820047199726e-09
1,3591,0.0
1,3592,11465.104562127213
1,3593,17389.269406392694
1,3594,17389.269406286574
1,3595,17389.26940632158
1,3596,17389.269406339085
1,3597,17389.26940634959
1,3598,17389.269406356598
1,3599,17389.269406361596
1,3600,17389.269406392694
1,3601,17389.269406392694
1,3602,17389.269406392694
1,3603,13499.393326967009
1,3604,17389.269406392694
1,3605,3697.6571295339127
1,3606,10486.570773475773
1,3607,2.4301698431372643e-09
1,3608,0.0
1,3609,0.0
1,3610,0.0
1,3611,2.5283952709287405e-09
1,3612,0.0
1,3613,0.0
1,3614,0.0
1,3615,2.6302586775273085e-09
1,3616,0.0
1,3617,0.0
1,3618,0.0
1,3619,12208.261668383646
1,3620,17389.269406116236
1,3621,17389.269406392694
1,3622,17389.269406392694
1,3623,14860.72072735022
1,3624,15952.945348979523
1,3625,17389.269406392694
1,3626,12495.59620696243
1,3627,17389.269406392694
1,3628,17389.269406392694
1,3629,17389.269406392694
1,3630,0.0
1,3631,3.0850060284137726e-09
1,3632,3.1141098588705063e-09
1,3633,0.0
1,3634,3.179593477398157e-09
1,3635,0.0
1,3636,0.0
1,3637,3.2741809263825417e-09
1,3638,3.306922735646367e-09
1,3639,3.3396645449101925e-09
1,3640,0.0
1,3641,0.0
1,3642,17389.269406392694
1,3643,17389.269406392694
1,3644,17389.269406392694
1,3645,17389.269406392694
1,3646,17389.269406392694
1,3647,14706.689852515432
1,3648,17389.269406392694
1,3649,17389.269406392694
1,3650,11043.653847658185
1,3651,12943.699368532434
1,3652,17389.269406392694
1,3653,17389.269406392694
1,3654,6296.782067144555
1,3655,0.0
1,3656,1.949956640601158e-09
1,3657,1.9717845134437084e-09
1,3658,0.0
1,3659,2.0118022803217173e-09
1,3660,2.029992174357176e-09
1,3661,0.0
1,3662,0.0
1,3663,2.091837814077735e-09
1,3664,1182.5812738802942
1,3665,1.6274861991405487e-07
1,3666,0.0
1,3667,17389.269406390984
1,3668,0.0
1,3669,17389.26940639098
1,3670,17389.26940639098
1,3671,0.0
1,3672,0.0
1,3673,0.0
1,3674,17389.269406392694
1,3675,17389.269406392694
1,3676,17389.269406392694
1,3677,17389.269406392694
1,3678,10855.719993383802
1,3679,17389.269406392694
1,3680,0.0
1,3681,5.240872269496322e-08
1,3682,0.0
1,3683,0.0
1,3684,3.2404568628408015e-07
1,3685,17389.269406116062
1,3686,0.0
1,3687,17389.269406392694
1,3688,0.0
1,3689,0.0
1,3690,0.0
1,3691,0.0
1,3692,17389.26940639098
1,3693,17389.269406390977
1,3694,17389.269406390977
1,3695,17389.269406390977
1,3696,0.0
1,3697,17389.269406390977
1,3698,17389.26940639098
1,3699,17389.26940639098
1,3700,0.0
1,3701,0.0
1,3702,0.0
1,3703,0.0
1,3704,0.0
1,3705,0.0
1,3706,17389.269406390977
1,3707,0.0
1,3708,0.0
1,3709,0.0
1,3710,0.0
1,3711,17389.26940639098
1,3712,17389.269406390977
1,3713,17389.269406390977
1,3714,17389.26940639098
1,3715,0.0
1,3716,17389.26940639098
1,3717,0.0
1,3718,17389.269406392694
1,3719,17389.269406392694
1,3720,17389.26940630565
1,3721,17389.269406334377
1,3722,17389.269406348732
1,3723,17389.269406357354
1,3724,17389.269406363102
1,3725,17389.269406392694
1,3726,17389.269406392694
1,3727,17389.26940637267
1,3728,17389.269406392694
1,3729,17389.269406392694
1,3730,2040.2108603254674
1,3731,17389.269406392694
1,3732,0.0
1,3733,17389.269406392694
1,3734,17389.269406191608
1,3735,17389.269406392694
1,3736,17389.269406378527
1,3737,17389.26940637943
1,3738,17389.269406380223
1,3739,17389.269406392694
1,3740,17389.269406381532
1,3741,15353.291163199832
1,3742,17389.269406392694
1,3743,0.0
1,3744,0.0
1,3745,0.0
1,3746,0.0
1,3747,0.0
1,3748,0.0
1,3749,0.0
1,3750,5020.920940464737
1,3751,2.382876118645072e-09
1,3752,2.4047039914876223e-09
1,3753,2.4301698431372643e-09
1,3754,0.0
1,3755,2.4774635676294565e-09
1,3756,0.0
1,3757,2.5283952709287405e-09
1,3758,2.5538611225783825e-09
1,3759,2.5793269742280245e-09
1,3760,2.6047928258776665e-09
1,3761,0.0
1,3762,1.3483440852724016e-07
1,3763,2.7101850719191134e-07
1,3764,7626.007378949829
1,3765,17389.269406392694
1,3766,5162.632553446656
1,3767,17303.55725316555
1,3768,0.0
1,3769,8359.472849382119
1,3770,8745.354498965307
1,3771,0.0
1,3772,12070.613960682687
1,3773,0.0
1,3774,2.9940565582364798e-09
1,3775,3.0231603886932135e-09
1,3776,0.0
1,3777,0.0
1,3778,0.0
1,3779,3.1468516681343317e-09
1,3780,3.179593477398157e-09
1,3781,0.0
1,3782,3.2414391171187162e-09
1,3783,0.0
1,3784,0.0
1,3785,1.6795092960819602e-07
1,3786,0.0
1,3787,17389.26940639098
1,3788,0.0
1,3789,17389.269406390977
1,3790,17389.269406390984
1,3791,0.0
1,3792,17389.269406392694
1,3793,17389.269406392694
1,3794,17389.269406392694
1,3795,10309.885648270501
1,3796,9896.353946710835
1,3797,17389.269406392694
1,3798,17389.269406392694
1,3799,0.0
1,3800,188.8094535208802
1,3801,0.0
1,3802,0.0
1,3803,17389.26940610735
1,3804,17389.269406390787
1,3805,0.0
1,3806,17389.269406390733
1,3807,0.0
1,3808,17389.269406392694
1,3809,0.0
1,3810,0.0
1,3811,0.0
1,3812,0.0
1,3813,0.0
1,3814,17389.269406390977
1,3815,17389.269406390977
1,3816,17389.269406390977
1,3817,17389.26940639098
1,3818,17389.26940639098
1,3819,17389.269406390984
1,3820,0.0
1,3821,0.0
1,3822,0.0
1,3823,0.0
1,3824,17389.269406390977
1,3825,0.0
1,3826,0.0
1,3827,17389.26940639098
1,3828,0.0
1,3829,17389.26940639098
1,3830,0.0
1,3831,17389.269406390977
1,3832,17389.269406390977
1,3833,17389.269406390977
1,3834,0.0
1,3835,17389.269406390988
1,3836,17389.26940639098
1,3837,17389.269406390977
1,3838,0.0
1,3839,17389.26940639098
1,3840,17389.269406390977
1,3841,17389.26940639098
1,3842,17389.269406390977
1,3843,17389.26940639098
1,3844,17389.269406390977
1,3845,0.0
1,3846,17389.269406390977
1,3847,0.0
1,3848,17389.269406390977
1,3849,17389.269406390984
1,3850,0.0
1,3851,0.0
1,3852,17389.269406390977
1,3853,17389.269406390977
1,3854,0.0
1,3855,0.0
1,3856,17389.26940639098
1,3857,17389.269406390977
1,3858,17389.269406390984
1,3859,17389.269406390988
1,3860,17389.269406390977
1,3861,17389.269406390973
1,3862,0.0
1,3863,17389.26940639098
1,3864,0.0
1,3865,0.0
1,3866,17389.26940639098
1,3867,17389.269406390977
1,3868,0.0
1,3869,17389.269406390977
1,3870,0.0
1,3871,0.0
1,3872,17389.269406391482
1,3873,10711.045821257823
1,3874,17389.269406392694
1,3875,8448.509367383922
1,3876,16406.173022722152
1,3877,8497.580913044201
1,3878,0.0
1,3879,9454.509827239903
1,3880,1.4591205399483442e-07
1,3881,17389.269406391068
1,3882,0.0
1,3883,17389.26940639098
1,3884,0.0
1,3885,17389.26940639098
1,3886,0.0
1,3887,2268.878378032754
1,3888,17389.269406392694
1,3889,17389.269406392694
1,3890,17389.269406392694
1,3891,17389.269406392694
1,3892,17389.269406392694
1,3893,17389.269406363095
1,3894,17389.269406392694
1,3895,17389.269406392694
1,3896,0.0
1,3897,1.8953869584947824e-09
1,3898,1.913576852530241e-09
1,3899,1.9317667465656996e-09
1,3900,1.949956640601158e-09
1,3901,1.9717845134437084e-09
1,3902,0.0
1,3903,0.0
1,3904,0.0
1,3905,17389.269406392694
1,3906,17389.26940639099
1,3907,0.0
1,3908,17389.269406392694
1,3909,17389.269406392694
1,3910,17389.269406305666
1,3911,17389.269406392694
1,3912,17389.269406348732
1,3913,17389.269406357354
1,3914,17389.269406392694
1,3915,17389.269406392694
1,3916,17389.269406392694
1,3917,9788.109268376185
1,3918,15660.357366548064
1,3919,1316.8797615033764
1,3920,0.0
1,3921,1.949956640601158e-09
1,3922,1.9717845134437084e-09
1,3923,0.0
1,3924,0.0
1,3925,2.029992174357176e-09
1,3926,0.0
1,3927,2.0700099412351847e-09
1,3928,2.091837814077735e-09
1,3929,8161.326739594779
1,3930,17389.269406392694
1,3931,0.0
1,3932,17389.26940639098
1,3933,0.0
1,3934,0.0
1,3935,0.0
1,3936,17389.269406390937
1,3937,17389.26940639088
1,3938,17389.269406391028
1,3939,17389.269406391
1,3940,17389.26940639099
1,3941,0.0
1,3942,17389.269406390966
1,3943,0.0
1,3944,0.0
1,3945,0.0
1,3946,17389.269406390973
1,3947,0.0
1,3948,5559.728697269526
1,3949,0.0
1,3950,0.0
1,3951,16347.999090302148
1,3952,17389.269406392694
1,3953,0.0
1,3954,0.0
1,3955,0.0
1,3956,0.0
1,3957,0.0
1,3958,0.0
1,3959,17389.269406390977
1,3960,17389.26940639098
1,3961,17389.269406390973
1,3962,17389.26940639098
1,3963,17389.269406390977
1,3964,0.0
1,3965,0.0
1,3966,17389.269406390984
1,3967,17389.26940639098
1,3968,0.0
1,3969,0.0
1,3970,17389.269406390977
1,3971,0.0
1,3972,0.0
1,3973,0.0
1,3974,17389.26940639098
1,3975,0.0
1,3976,0.0
1,3977,17389.26940639098
1,3978,17389.269406390984
1,3979,17389.269406390977
1,3980,0.0
1,3981,0.0
1,3982,17389.26940639098
1,3983,0.0
1,3984,17389.269406390977
1,3985,17389.26940639098
1,3986,0.0
1,3987,17389.269406390977
1,3988,17389.269406390984
1,3989,0.0
1,3990,17389.26940639098
1,3991,17389.269406390984
1,3992,17389.26940639098
1,3993,0.0
1,3994,0.0
1,3995,17389.269406392694
1,3996,17288.04240446633
1,3997,15090.527638572528
1,3998,0.0
1,3999,1.2750024325214326e-07
1,4000,17389.269406390988
1,4001,0.0
1,4002,17389.269406390944
1,4003,17389.269406391006
1,4004,0.0
1,4005,0.0
1,4006,17389.269406390973
1,4007,0.0
1,4008,17389.26940639098
1,4009,17389.26940639098
1,4010,0.0
1,4011,0.0
1,4012,0.0
1,4013,0.0
1,4014,15026.951019286538
1,4015,17389.269406392694
1,4016,17389.269406392694
1,4017,0.0
1,4018,7726.6017607853955
1,4019,0.0
1,4020,4600.796104925244
1,4021,0.0
1,4022,0.0
1,4023,17389.269406392694
1,4024,0.0
1,4025,17389.26940639097
1,4026,0.0
1,4027,0.0
1,4028,17389.269406390966
1,4029,17389.269406390977
1,4030,0.0
1,4031,17389.269406390977
1,4032,17389.269406390973
1,4033,17389.26940639098
1,4034,0.0
1,4035,17389.269406390977
1,4036,0.0
1,4037,0.0
1,4038,0.0
1,4039,0.0
1,4040,0.0
1,4041,0.0
1,4042,17389.269406390977
1,4043,17389.269406391017
1,4044,449.49867517251914
1,4045,16935.275744379687
1,4046,8.431379683315754e-08
1,4047,0.0
1,4048,0.0
1,4049,17389.269406390984
1,4050,0.0
1,4051,0.0
1,4052,17389.269406390984
1,4053,17389.26940639098
1,4054,0.0
1,4055,0.0
1,4056,0.0
1,4057,17389.269406390977
1,4058,17389.26940639098
1,4059,0.0
1,4060,0.0
1,4061,17389.269406390977
1,4062,17389.269406390984
1,4063,17389.26940639098
1,4064,17389.26940639099
1,4065,17389.269406390966
1,4066,17389.269406390977
1,4067,0.0
1,4068,0.0
1,4069,0.0
1,4070,17389.269406391108
1,4071,17389.26940639099
1,4072,0.0
1,4073,17389.26940639098
1,4074,17389.26940639098
1,4075,0.0
1,4076,17389.269406391017
1,4077,14510.000604749443
1,4078,17389.269406219504
1,4079,17389.269406305666
1,4080,17389.269406392694
1,4081,17389.26940634874
1,4082,17389.269406392694
1,4083,14701.859755259451
1,4084,13763.488333244288
1,4085,17389.269406392694
1,4086,17389.269406392694
1,4087,0.0
1,4088,3023.026224803787
1,4089,0.0
1,4090,0.0
1,4091,1.9717845134437084e-09
1,4092,0.0
1,4093,0.0
1,4094,0.0
1,4095,2.051820047199726e-09
1,4096,0.0
1,4097,17389.269406392694
1,4098,1412.804353001855
1,4099,17389.26940621946
1,4100,17389.269406392694
1,4101,17389.269406334377
1,4102,17389.26940634874
1,4103,17389.26940635736
1,4104,17389.269406392694
1,4105,17389.269406392694
1,4106,17389.269406392694
1,4107,13246.664734540296
1,4108,10433.770459586827
1,4109,4642.514686146478
1,4110,0.0
1,4111,1.949956640601158e-09
1,4112,0.0
1,4113,1.989974407479167e-09
1,4114,2.0118022803217173e-09
1,4115,2.029992174357176e-09
1,4116,0.0
1,4117,2.0700099412351847e-09
1,4118,2.091837814077735e-09
1,4119,0.0
1,4120,0.0
1,4121,0.0
1,4122,1.6340709407813847e-07
1,4123,17389.269406390984
1,4124,0.0
1,4125,17389.26940639098
1,4126,17389.26940639098
1,4127,17389.26940639098
1,4128,0.0
1,4129,17389.269406390984
1,4130,6362.330027825941
1,4131,17389.269406392694
1,4132,17389.269406392694
1,4133,17389.269406392694
1,4134,14151.704313127095
1,4135,17389.269406392694
1,4136,237.61563807229322
1,4137,0.0
1,4138,0.0
1,4139,0.0
1,4140,9.614450391381979e-08
1,4141,1.9326034816913307e-07
1,4142,0.0
1,4143,0.0
1,4144,0.0
1,4145,1.5734258340671659e-07
1,4146,0.0
1,4147,17389.26940639098
1,4148,17389.26940639098
1,4149,0.0
1,4150,17389.269406392694
1,4151,17389.269406392694
1,4152,17389.269406392694
1,4153,17389.26940633439
1,4154,17389.269406348747
1,4155,17389.269406357354
1,4156,17389.269406392694
1,4157,17389.269406392694
1,4158,9319.766589782539
1,4159,0.0
1,4160,0.0
1,4161,1.913576852530241e-09
1,4162,0.0
1,4163,0.0
1,4164,0.0
1,4165,0.0
1,4166,0.0
1,4167,2.029992174357176e-09
1,4168,2.051820047199726e-09
1,4169,1.615117071196437e-07
1,4170,0.0
1,4171,17389.26940639098
1,4172,17389.269406390984
1,4173,17389.26940639098
1,4174,17389.26940639099
1,4175,10574.36365090124
1,4176,17389.269406392694
1,4177,17389.269406392694
1,4178,17389.269406334384
1,4179,17389.269406348747
1,4180,17389.269406392694
1,4181,17389.269406392694
1,4182,13155.755363974571
1,4183,99.1228408662464
1,4184,17.64355331866318
1,4185,0.0
1,4186,1.913576852530241e-09
1,4187,0.0
1,4188,1.949956640601158e-09
1,4189,1.9717845134437084e-09
1,4190,1.989974407479167e-09
1,4191,2.0118022803217173e-09
1,4192,0.0
1,4193,17389.269406392694
1,4194,0.0
1,4195,17389.26940639098
1,4196,17389.26940639098
1,4197,17389.26940639098
1,4198,0.0
1,4199,17389.26940639098
1,4200,17389.269406390977
1,4201,17389.269406391006
1,4202,11809.326245374235
1,4203,17389.269406392694
1,4204,17389.26940630565
1,4205,17389.269406334377
1,4206,17389.269406392694
1,4207,14037.816103534169
1,4208,17389.269406392694
1,4209,8075.020461973458
1,4210,3.826789907179773e-08
1,4211,4.80686139781028e-08
1,4212,6.441041477955878e-08
1,4213,9.709765436127782e-08
1,4214,0.0
1,4215,0.0
1,4216,0.0
1,4217,17389.269406392694
1,4218,0.0
1,4219,17389.26940639098
1,4220,0.0
1,4221,15757.579312648497
1,4222,17389.269406392694
1,4223,17389.26940630563
1,4224,12268.606599498748
1,4225,10111.172485587245
1,4226,10307.529249636424
1,4227,17389.269406392694
1,4228,17389.269406392694
1,4229,14713.183987060209
1,4230,9956.32262597348
1,4231,16466.120942948477
1,4232,0.0
1,4233,1.9317667465656996e-09
1,4234,0.0
1,4235,0.0
1,4236,0.0
1,4237,2.0118022803217173e-09
1,4238,2.029992174357176e-09
1,4239,2.051820047199726e-09
1,4240,5923.23270127409
1,4241,1.6197373042814434e-07
1,4242,17389.269406390988
1,4243,17389.26940639098
1,4244,4934.853863701221
1,4245,17389.269406219482
1,4246,17389.269406392694
1,4247,17389.269406334384
1,4248,17389.269406392694
1,4249,17389.269406357354
1,4250,17389.269406392694
1,4251,17389.269406392694
1,4252,16708.827281804613
1,4253,17389.269406392694
1,4254,0.0
1,4255,0.0
1,4256,1.9317667465656996e-09
1,4257,0.0
1,4258,1.9717845134437084e-09
1,4259,1.989974407479167e-09
1,4260,2.0118022803217173e-09
1,4261,2.029992174357176e-09
1,4262,2.051820047199726e-09
1,4263,2.0700099412351847e-09
1,4264,0.0
1,4265,1.6236299416050315e-07
1,4266,0.0
1,4267,14650.904467559423
1,4268,17389.269406219504
1,4269,17389.269406305666
1,4270,17389.269406334384
1,4271,17389.269406392694
1,4272,17389.269406392694
1,4273,17389.269406362913
1,4274,16812.808834142637
1,4275,17389.26940637022
1,4276,17389.269406392694
1,4277,17389.269406392694
1,4278,3264.7333940453427
1,4279,0.0
1,4280,3669.411290969634
1,4281,1.9717845134437084e-09
1,4282,0.0
1,4283,2.0118022803217173e-09
1,4284,2.029992174357176e-09
1,4285,0.0
1,4286,2.0700099412351847e-09
1,4287,0.0
1,4288,0.0
1,4289,17389.269406392694
1,4290,17389.269406392694
1,4291,17389.269406392694
1,4292,17389.269406392694
1,4293,17389.26940638517
1,4294,17389.269406392694
1,4295,17389.269406392694
1,4296,17389.269406392694
1,4297,17389.26940638605
1,4298,17389.269406386233
1,4299,17389.269406386407
1,4300,17389.269406386567
1,4301,17389.269406383526
1,4302,17389.269406392694
1,4303,17389.269406386997
1,4304,10982.501966448184
1,4305,0.0
1,4306,0.0
1,4307,2.5538611225783825e-09
1,4308,0.0
1,4309,2.6047928258776665e-09
1,4310,0.0
1,4311,0.0
1,4312,4483.442110994754
1,4313,15387.190054028379
1,4314,17389.269406388103
1,4315,17389.269406392694
1,4316,17389.269406392694
1,4317,17389.269406392694
1,4318,17389.269406388386
1,4319,17389.269406388452
1,4320,17389.26940638851
1,4321,11493.366293561026
1,4322,17389.269406392694
1,4323,17389.269406392694
1,4324,16560.83426819434
1,4325,13697.836897012881
1,4326,8122.97496487607
1,4327,3.1141098588705063e-09
1,4328,3.1468516681343317e-09
1,4329,3.179593477398157e-09
1,4330,3.208697307854891e-09
1,4331,0.0
1,4332,0.0
1,4333,3.306922735646367e-09
1,4334,0.0
1,4335,3.372406354174018e-09
1,4336,3.408786142244935e-09
1,4337,0.0
1,4338,3.5103948903270066e-07
1,4339,0.0
1,4340,17389.269406392694
1,4341,17389.269406392694
1,4342,14616.979867948008
1,4343,2156.9480351922284
1,4344,9358.69095230253
1,4345,5370.482570333461
1,4346,0.0
1,4347,2513.399762940102
1,4348,5090.026794672645
1,4349,1077.502074383283
1,4350,0.0
1,4351,0.0
1,4352,0.0
1,4353,4.03451849706471e-09
1,4354,0.0
1,4355,4.114554030820727e-09
1,4356,0.0
1,4357,4.198227543383837e-09
1,4358,4.241883289068937e-09
1,4359,0.0
1,4360,0.0
1,4361,0.0
1,4362,10119.50491836431
1,4363,17389.269406392694
1,4364,17389.269406392694
1,4365,17389.269406242627
1,4366,17389.269406392694
1,4367,17389.269406392694
1,4368,17389.269406392694
1,4369,17389.269406392694
1,4370,17389.269406392694
1,4371,9103.468857386822
1,4372,12421.371273512028
1,4373,17389.269406392694
1,4374,17389.269406392694
1,4375,17389.269406392694
1,4376,5633.817788376444
1,4377,12294.504122119528
1,4378,0.0
1,4379,1.3400494935922325e-07
1,4380,1.795051502995193e-07
1,4381,2.706037776079029e-07
1,4382,0.0
1,4383,17389.269406392694
1,4384,17389.269405843374
1,4385,17389.269406392694
1,4386,17389.269406392694
1,4387,17389.269406392694
1,4388,17389.269406358628
1,4389,17389.269406392694
1,4390,17389.269406362208
1,4391,17389.269406392694
1,4392,15249.337771320363
1,4393,17389.269406392694
1,4394,12595.765381054203
1,4395,17389.269406392694
1,4396,14540.846551079609
1,4397,17389.269406392694
1,4398,10911.617551270268
1,4399,3230.3048506461855
1,4400,9496.552040811059
1,4401,1.1231168173253536e-07
1,4402,0.0
1,4403,1.7010097508318722e-07
1,4404,0.0
1,4405,0.0
1,4406,0.0
1,4407,17389.269406392694
1,4408,17389.269406392694
1,4409,17389.269406392694
1,4410,17389.269406392694
1,4411,17389.26940639044
1,4412,17389.269406390446
1,4413,17389.269406392694
1,4414,17389.26940639046
1,4415,17389.269406390467
1,4416,17389.269406392694
1,4417,17389.269406390482
1,4418,17389.269406392694
1,4419,17389.269406392694
1,4420,17389.269406392694
1,4421,17389.269406392694
1,4422,0.0
1,4423,8.098140824586153e-09
1,4424,8.17817635834217e-09
1,4425,0.0
1,4426,0.0
1,4427,8.425558917224407e-09
1,4428,0.0
1,4429,8.596543921157718e-09
1,4430,0.0
1,4431,0.0
1,4432,8.85484041646123e-09
1,4433,0.0
1,4434,9.12343239178881e-07
1,4435,0.0
1,4436,17389.26940547083
1,4437,17389.269406392694
1,4438,17389.26940608193
1,4439,7167.333861842326
1,4440,0.0
1,4441,0.0
1,4442,0.0
1,4443,0.0
1,4444,0.0
1,4445,1.0080839274451137e-08
1,4446,0.0
1,4447,1.028092810884118e-08
1,4448,1.038642949424684e-08
1,4449,1.0488292900845408e-08
1,4450,0.0
1,4451,1.0699295671656728e-08
1,4452,1.0804797057062387e-08
1,4453,0.0
1,4454,1.102307578548789e-08
1,4455,0.0
1,4456,0.0
1,4457,0.0
1,4458,0.0
1,4459,0.0
1,4460,0.0
1,4461,1.194370270241052e-06
1,4462,15067.678208698022
1,4463,0.0
1,4464,0.0
1,4465,0.0
1,4466,0.0
1,4467,1.2547388905659318e-08
1,4468,1.2671080185100436e-08
1,4469,1.2798409443348646e-08
1,4470,1.2925738701596856e-08
1,4471,1.3056705938652158e-08
1,4472,1.318767317570746e-08
1,4473,0.0
1,4474,0.0
1,4475,0.0
1,4476,1.3722456060349941e-08
1,4477,0.0
1,4478,1.3998942449688911e-08
1,4479,0.0
1,4480,1.4279066817834973e-08
1,4481,0.0
1,4482,0.0
1,4483,7.46535079088062e-07
1,4484,1.5005061868578196e-06
1,4485,0.0
1,4486,11242.09393058204
1,4487,1723.5228387692914
1,4488,0.0
1,4489,1543.267983001264
1,4490,1.3400131138041615e-07
1,4491,0.0
1,4492,866.7654155024902
1,4493,0.0
1,4494,1.641456037759781e-08
1,4495,1.6578269423916936e-08
1,4496,1.6741978470236063e-08
1,4497,1.6909325495362282e-08
1,4498,0.0
1,4499,0.0
1,4500,0.0
1,4501,0.0
1,4502,0.0
1,4503,1.7949787434190512e-08
1,4504,1.8131686374545097e-08
1,4505,0.0
1,4506,1.6956619219854474e-07
1,4507,17389.269406391006
1,4508,0.0
1,4509,0.0
1,4510,17389.269406390984
1,4511,0.0
1,4512,17389.26940639097
1,4513,0.0
1,4514,17389.269406390973
1,4515,17389.269406390984
1,4516,59.6597824985256
1,4517,16232.18078761503
1,4518,17389.269406392694
1,4519,17389.269406392694
1,4520,17389.269406392694
1,4521,478.8753050636624
1,4522,0.0
1,4523,3429.3826461613753
1,4524,0.0
1,4525,15.24579622019155
1,4526,0.0
1,4527,17389.26940594433
1,4528,17389.269406392694
1,4529,0.0
1,4530,0.0
1,4531,0.0
1,4532,0.0
1,4533,17389.26940639098
1,4534,17389.26940639098
1,4535,0.0
1,4536,17389.269406390977
1,4537,17389.269406390977
1,4538,17389.269406390977
1,4539,17389.269406390977
1,4540,17389.269406390977
1,4541,17389.26940639098
1,4542,17389.269406392694
1,4543,17389.269406219388
1,4544,17389.269406392694
1,4545,13805.660036610607
1,4546,17389.269406392694
1,4547,17389.269406392694
1,4548,0.0
1,4549,516.9033341791364
1,4550,0.0
1,4551,0.0
1,4552,1.5256591723300517e-07
1,4553,0.0
1,4554,17389.26940639098
1,4555,0.0
1,4556,0.0
1,4557,17389.269406390977
1,4558,0.0
1,4559,17389.26940639098
1,4560,2333.438263345375
1,4561,17389.269406392694
1,4562,17389.26940630565
1,4563,17389.269406392694
1,4564,17389.26940634874
1,4565,17389.269406357354
1,4566,13870.08575210152
1,4567,17389.269406392694
1,4568,17389.269406392694
1,4569,0.0
1,4570,0.0
1,4571,3.94211383536458e-08
1,4572,0.0
1,4573,0.0
1,4574,0.0
1,4575,0.0
1,4576,0.0
1,4577,1.6044577932916582e-07
1,4578,17389.269406391017
1,4579,17389.269406392694
1,4580,17389.269406219504
1,4581,17389.269406305666
1,4582,17389.269406334384
1,4583,17389.269406392694
1,4584,17389.269406392694
1,4585,17389.269406363102
1,4586,17389.269406392694
1,4587,16153.933420927151
1,4588,10793.104704245485
1,4589,3859.42731467243
1,4590,13334.283941380654
1,4591,650.6816917077231
1,4592,0.0
1,4593,1.9717845134437084e-09
1,4594,1.989974407479167e-09
1,4595,0.0
1,4596,0.0
1,4597,2.051820047199726e-09
1,4598,2.0700099412351847e-09
1,4599,2.091837814077735e-09
1,4600,0.0
1,4601,0.0
1,4602,1.6309786587953568e-07
1,4603,17389.269406391046
1,4604,17389.269406392694
1,4605,17389.269406219548
1,4606,17389.269406305673
1,4607,17389.269406392694
1,4608,17389.26940634874
1,4609,17389.269406392694
1,4610,17389.269406392694
1,4611,17389.269406392694
1,4612,17389.269406392694
1,4613,9515.623620342962
1,4614,12022.6164481019
1,4615,0.0
1,4616,1.9317667465656996e-09
1,4617,1.949956640601158e-09
1,4618,1.9717845134437084e-09
1,4619,0.0
1,4620,0.0
1,4621,2.029992174357176e-09
1,4622,0.0
1,4623,0.0
1,4624,2.091837814077735e-09
1,4625,14403.155227055697
1,4626,1.6275953385047615e-07
1,4627,17389.269406390984
1,4628,0.0
1,4629,17389.26940639098
1,4630,17389.269406392694
1,4631,17389.269406219475
1,4632,17389.269406392694
1,4633,17389.269406392694
1,4634,17389.26940634874
1,4635,17389.26940635736
1,4636,17389.269406392694
1,4637,17389.269406367206
1,4638,12308.450343161854
1,4639,0.0
1,4640,0.0
1,4641,0.0
1,4642,0.0
1,4643,1.949956640601158e-09
1,4644,1.9717845134437084e-09
1,4645,1.989974407479167e-09
1,4646,2.0118022803217173e-09
1,4647,0.0
1,4648,7282.253846434673
1,4649,17389.269406392694
1,4650,17389.269406390988
1,4651,0.0
1,4652,17389.26940639098
1,4653,17389.26940639098
1,4654,17389.26940639098
1,4655,0.0
1,4656,0.0
1,4657,0.0
1,4658,3248.6306874703296
1,4659,17389.269406392694
1,4660,17389.269406392694
1,4661,17389.269406334377
1,4662,13879.79809551394
1,4663,5280.312363780249
1,4664,8013.3930945144875
1,4665,5.2401446737349033e-08
1,4666,0.0
1,4667,1.1951487977057695e-07
1,4668,3.238383214920759e-07
1,4669,17389.26940611552
1,4670,17389.269406215844
1,4671,17389.269406392694
1,4672,0.0
1,4673,0.0
1,4674,0.0
1,4675,0.0
1,4676,0.0
1,4677,17389.269406390977
1,4678,0.0
1,4679,17389.26940639098
1,4680,17389.26940639098
1,4681,17389.269406390977
1,4682,0.0
1,4683,0.0
1,4684,17389.26940639098
1,4685,0.0
1,4686,0.0
1,4687,0.0
1,4688,17389.26940639098
1,4689,0.0
1,4690,0.0
1,4691,0.0
1,4692,17389.269406390984
1,4693,0.0
1,4694,0.0
1,4695,0.0
1,4696,0.0
1,4697,17389.269406390977
1,4698,0.0
1,4699,17389.269406391002
1,4700,0.0
1,4701,17389.269406390973
1,4702,17389.269406390977
1,4703,17389.269406390977
1,4704,0.0
1,4705,0.0
1,4706,17389.26940639098
1,4707,0.0
1,4708,17389.269406390977
1,4709,0.0
1,4710,0.0
1,4711,17389.26940639098
1,4712,17389.26940639098
1,4713,0.0
1,4714,0.0
1,4715,0.0
1,4716,17389.269406390977
1,4717,17389.26940639098
1,4718,0.0
1,4719,17389.26940639098
1,4720,0.0
1,4721,0.0
1,4722,17389.26940639097
1,4723,0.0
1,4724,17389.269406391002
1,4725,17389.26940639097
1,4726,17389.269406390977
1,4727,0.0
1,4728,17389.269406390977
1,4729,17389.26940639098
1,4730,17389.26940639098
1,4731,0.0
1,4732,0.0
1,4733,2863.5453360664324
1,4734,17389.269406392694
1,4735,17389.269406305637
1,4736,17389.269406392694
1,4737,0.0
1,4738,5823.501493908167
1,4739,0.0
1,4740,0.0
1,4741,9569.085799980583
1,4742,17353.87576190589
1,4743,1.5335172065533698e-07
1,4744,17389.26940639098
1,4745,17389.26940639098
1,4746,0.0
1,4747,17389.26940639101
1,4748,17389.269406391002
1,4749,17389.26940639097
1,4750,17389.26940639098
1,4751,17389.269406392694
1,4752,17389.26940621949
1,4753,17389.26940630566
1,4754,17389.269406392694
1,4755,17389.269406392694
1,4756,17389.269406392694
1,4757,17389.269406363102
1,4758,13731.852258004616
1,4759,0.0
1,4760,1.877197064459324e-09
1,4761,1.8953869584947824e-09
1,4762,0.0
1,4763,1.9317667465656996e-09
1,4764,1.949956640601158e-09
1,4765,0.0
1,4766,0.0
1,4767,0.0
1,4768,1.6042758943513036e-07
1,4769,17389.269406391017
1,4770,17389.269406390984
1,4771,17389.26940639098
1,4772,17389.26940639098
1,4773,17389.269406390988
1,4774,17389.269406392694
1,4775,17389.26940621949
1,4776,17389.26940630566
1,4777,17389.269406392694
1,4778,17389.269406392694
1,4779,17389.269406392694
1,4780,17389.269406392694
1,4781,17389.269406392694
1,4782,17389.269406392694
1,4783,7904.686773078123
1,4784,0.0
1,4785,0.0
1,4786,0.0
1,4787,1.949956640601158e-09
1,4788,1.9717845134437084e-09
1,4789,0.0
1,4790,0.0
1,4791,0.0
1,4792,10011.195282198565
1,4793,1.6152262105606496e-07
1,4794,0.0
1,4795,17389.269406390984
1,4796,0.0
1,4797,0.0
1,4798,0.0
1,4799,17389.269406390977
1,4800,17389.269406390977
1,4801,0.0
1,4802,9475.683814758399
1,4803,17389.269406219482
1,4804,17389.269406392694
1,4805,17389.269406392694
1,4806,17389.269406392694
1,4807,17389.269406392694
1,4808,5608.492091084878
1,4809,10220.238470411605
1,4810,0.0
1,4811,4.806497599929571e-08
1,4812,6.441041477955878e-08
1,4813,0.0
1,4814,1.9515573512762785e-07
1,4815,0.0
1,4816,17389.269406208645
1,4817,17389.269406392694
1,4818,0.0
1,4819,0.0
1,4820,17389.26940639098
1,4821,0.0
1,4822,2851.114221088119
1,4823,17389.269406392694
1,4824,17389.26940630565
1,4825,17389.269406334377
1,4826,17389.269406392694
1,4827,17389.269406392694
1,4828,17389.269406392694
1,4829,17389.269406392694
1,4830,17389.269406392694
1,4831,401.79776124829004
1,4832,1.8953869584947824e-09
1,4833,1.913576852530241e-09
1,4834,0.0
1,4835,1.949956640601158e-09
1,4836,0.0
1,4837,0.0
1,4838,2.0118022803217173e-09
1,4839,0.0
1,4840,0.0
1,4841,1.6151898307725787e-07
1,4842,0.0
1,4843,0.0
1,4844,0.0
1,4845,0.0
1,4846,17389.269406390988
1,4847,10583.03307155997
1,4848,17389.269406219482
1,4849,17389.269406392694
1,4850,17389.269406334377
1,4851,17389.26940634874
1,4852,17389.26940635736
1,4853,17389.269406363102
1,4854,17389.269406392694
1,4855,17389.269406392694
1,4856,2565.8684908984796
1,4857,0.0
1,4858,1.913576852530241e-09
1,4859,0.0
1,4860,0.0
1,4861,0.0
1,4862,1.989974407479167e-09
1,4863,2.0118022803217173e-09
1,4864,0.0
1,4865,1.610205799806863e-07
1,4866,0.0
1,4867,0.0
1,4868,0.0
1,4869,0.0
1,4870,17389.26940639098
1,4871,17389.26940639098
1,4872,17389.26940639099
1,4873,11026.140429220512
1,4874,17389.269406392694
1,4875,17389.269406392694
1,4876,17389.269406392694
1,4877,17389.269406348747
1,4878,17389.26940635736
1,4879,17389.269406392694
1,4880,15165.13894752477
1,4881,0.0
1,4882,1.877197064459324e-09
1,4883,0.0
1,4884,0.0
1,4885,0.0
1,4886,1.949956640601158e-09
1,4887,0.0
1,4888,1.5905607142485678e-07
1,4889,17389.269406391035
1,4890,17389.269406390984
1,4891,17389.26940639098
1,4892,17389.26940639098
1,4893,0.0
1,4894,17389.269406390977
1,4895,0.0
1,4896,0.0
1,4897,17389.26940639098
1,4898,0.0
1,4899,0.0
1,4900,17389.269406392694
1,4901,17389.269406392694
1,4902,17389.26940630565
1,4903,17389.269406334377
1,4904,17389.269406392694
1,4905,16419.94153346136
1,4906,4370.102472319111
1,4907,5.24159986525774e-08
1,4908,7.302514859475195e-08
1,4909,1.195876393467188e-07
1,4910,0.0
1,4911,0.0
1,4912,17389.269406392694
1,4913,17389.26940639108
1,4914,17389.269406390984
1,4915,0.0
1,4916,17389.26940639098
1,4917,5053.561872014896
1,4918,17389.269406219482
1,4919,17389.26940630566
1,4920,17389.269406392694
1,4921,17389.26940634874
1,4922,17389.26940635734
1,4923,15314.876996780658
1,4924,16808.867641831068
1,4925,17389.269406392694
1,4926,17389.269406392694
1,4927,11817.324558243527
1,4928,0.0
1,4929,0.0
1,4930,0.0
1,4931,0.0
1,4932,0.0
1,4933,2.0118022803217173e-09
1,4934,2.029992174357176e-09
1,4935,2.051820047199726e-09
1,4936,0.0
1,4937,1.619482645764947e-07
1,4938,17389.269406391013
1,4939,17389.269406390984
1,4940,0.0
1,4941,0.0
1,4942,0.0
1,4943,2812.483171778782
1,4944,17389.269406392694
1,4945,17389.269406392694
1,4946,17389.269406334377
1,4947,17389.26940634874
1,4948,17172.6014486718
1,4949,17389.269406392694
1,4950,7643.514777412984
1,4951,17389.269406392694
1,4952,17389.269406392694
1,4953,3138.131290339559
1,4954,1.913576852530241e-09
1,4955,0.0
1,4956,1.949956640601158e-09
1,4957,1.9717845134437084e-09
1,4958,1.989974407479167e-09
1,4959,0.0
1,4960,2.029992174357176e-09
1,4961,1.6100239008665085e-07
1,4962,0.0
1,4963,17389.269406392694
1,4964,17389.269406392694
1,4965,17389.269406305666
1,4966,17389.269406392694
1,4967,17389.269406348747
1,4968,17389.269406357354
1,4969,17389.269406392694
1,4970,17389.269406392694
1,4971,17389.269406392694
1,4972,17389.269406392694
1,4973,17389.269406392694
1,4974,4009.829043224854
1,4975,0.0
1,4976,0.0
1,4977,1.9717845134437084e-09
1,4978,0.0
1,4979,2.0118022803217173e-09
1,4980,0.0
1,4981,2.051820047199726e-09
1,4982,0.0
1,4983,0.0
1,4984,12712.749019143404
1,4985,17389.269406392694
1,4986,17389.269406384312
1,4987,17389.269406384625
1,4988,17389.269406392694
1,4989,17389.269406392694
1,4990,17389.269406392694
1,4991,17389.269406385643
1,4992,17389.269406392694
1,4993,12298.849998264006
1,4994,8381.176447503658
1,4995,5978.039886486062
1,4996,5899.315266851088
1,4997,5565.50521448741
1,4998,5990.6386829907715
1,4999,17389.269406392694
1,5000,0.0
1,5001,2.5029294192790985e-09
1,5002,2.5283952709287405e-09
1,5003,2.5538611225783825e-09
1,5004,0.0
1,5005,0.0
1,5006,0.0
1,5007,2.6557245291769505e-09
1,5008,0.0
1,5009,0.0
1,5010,17389.269406392694
1,5011,17389.269406392694
1,5012,17389.269406392694
1,5013,17389.269406323092
1,5014,14295.891584890953
1,5015,8500.474374571924
1,5016,6554.582868570396
1,5017,17389.269406392694
1,5018,17389.269406392694
1,5019,17389.269406392694
1,5020,751.9993572935418
1,5021,0.0
1,5022,0.0
1,5023,0.0
1,5024,3.1468516681343317e-09
1,5025,3.179593477398157e-09
1,5026,3.208697307854891e-09
1,5027,0.0
1,5028,0.0
1,5029,0.0
1,5030,0.0
1,5031,3.372406354174018e-09
1,5032,3.408786142244935e-09
1,5033,0.0
1,5034,3.510649548843503e-07
1,5035,17389.269406392694
1,5036,17389.269406038144
1,5037,17389.269406392694
1,5038,17389.269406273324
1,5039,15580.51184864173
1,5040,17389.269406392694
1,5041,17389.269406392694
1,5042,3891.0077609580767
1,5043,17389.269406392694
1,5044,17389.269406392694
1,5045,17389.269406392694
1,5046,0.0
1,5047,0.0
1,5048,0.0
1,5049,4.03451849706471e-09
1,5050,0.0
1,5051,4.114554030820727e-09
1,5052,4.158209776505828e-09
1,5053,4.198227543383837e-09
1,5054,0.0
1,5055,0.0
1,5056,0.0
1,5057,17389.269406392694
1,5058,0.0
1,5059,0.0
1,5060,0.0
1,5061,17389.269406390984
1,5062,17389.269406391002
1,5063,17389.269406392694
1,5064,17389.26940621946
1,5065,17389.269406392694
1,5066,17064.515266163962
1,5067,16968.099814993464
1,5068,17389.269406392694
1,5069,17389.269406363095
1,5070,14294.821122489615
1,5071,556.532751726314
1,5072,0.0
1,5073,1.8953869584947824e-09
1,5074,1.913576852530241e-09
1,5075,0.0
1,5076,0.0
1,5077,0.0
1,5078,1.989974407479167e-09
1,5079,0.0
1,5080,0.0
1,5081,17389.269406392694
1,5082,17389.269406390988
1,5083,0.0
1,5084,0.0
1,5085,17389.269406390984
1,5086,17389.269406392694
1,5087,17389.269406392694
1,5088,17389.269406305637
1,5089,17389.269406392694
1,5090,17389.269406392694
1,5091,17389.269406392694
1,5092,17389.269406363102
1,5093,17389.269406392694
1,5094,10007.318254926642
1,5095,7933.222594012168
1,5096,1.8953869584947824e-09
1,5097,0.0
1,5098,1.9317667465656996e-09
1,5099,0.0
1,5100,1.9717845134437084e-09
1,5101,0.0
1,5102,2.0118022803217173e-09
1,5103,4017.764946563868
1,5104,17389.269406392694
1,5105,17389.26940639102
1,5106,0.0
1,5107,17389.26940639098
1,5108,0.0
1,5109,0.0
1,5110,0.0
1,5111,0.0
1,5112,2.447741280775517e-07
1,5113,17389.269406392694
1,5114,5053.039095181601
1,5115,3641.849474908322
1,5116,17389.269406392694
1,5117,17389.269406392694
1,5118,1598.5941664830243
1,5119,0.0
1,5120,0.0
1,5121,0.0
1,5122,0.0
1,5123,13468.359945090551
1,5124,0.0
1,5125,17389.269406390784
1,5126,0.0
1,5127,0.0
1,5128,1.5572732081636786e-07
1,5129,17389.269406390988
1,5130,0.0
1,5131,0.0
1,5132,0.0
1,5133,0.0
1,5134,17389.26940639098
1,5135,0.0
1,5136,0.0
1,5137,17389.269406390977
1,5138,0.0
1,5139,0.0
1,5140,0.0
1,5141,17389.26940639098
1,5142,0.0
1,5143,17389.269406390984
1,5144,17389.269406390984
1,5145,17389.269406391006
1,5146,17389.269406392694
1,5147,2173.5775697184617
1,5148,13097.47837709169
1,5149,15653.686924586123
1,5150,1.27489329315722e-07
1,5151,0.0
1,5152,0.0
1,5153,0.0
1,5154,0.0
1,5155,17389.269406390984
1,5156,17389.26940639098
1,5157,17389.269406390984
1,5158,17389.26940639098
1,5159,17389.269406390977
1,5160,17389.269406390977
1,5161,0.0
1,5162,0.0
1,5163,17389.26940639098
1,5164,17389.26940639098
1,5165,17389.269406390977
1,5166,0.0
1,5167,17389.26940639098
1,5168,17389.26940639098
1,5169,0.0
1,5170,17389.26940639096
1,5171,0.0
1,5172,0.0
1,5173,17389.269406390886
1,5174,17389.269406391057
1,5175,0.0
1,5176,0.0
1,5177,0.0
1,5178,17389.269406390966
1,5179,17389.269406391006
1,5180,17389.269406390984
1,5181,17389.269406390977
1,5182,0.0
1,5183,17389.269406390977
1,5184,17389.269406392694
1,5185,17389.269406392694
1,5186,17389.26940630565
1,5187,17389.269406392694
1,5188,17389.269406392694
1,5189,17389.26940635736
1,5190,17389.269406392694
1,5191,12023.830525792018
1,5192,13009.430288256463
1,5193,1.877197064459324e-09
1,5194,1.8953869584947824e-09
1,5195,1.913576852530241e-09
1,5196,0.0
1,5197,0.0
1,5198,1.9717845134437084e-09
1,5199,1.989974407479167e-09
1,5200,0.0
1,5201,1.6046033124439418e-07
1,5202,0.0
1,5203,17389.269406392694
1,5204,17389.269406392694
1,5205,17389.269406392694
1,5206,17389.269406334384
1,5207,17389.269406392694
1,5208,17389.269406392694
1,5209,17389.269406392694
1,5210,9183.082493490154
1,5211,6476.881050621392
1,5212,6275.71764931962
1,5213,17389.269406392694
1,5214,0.0
1,5215,0.0
1,5216,0.0
1,5217,1.9717845134437084e-09
1,5218,1.989974407479167e-09
1,5219,2.0118022803217173e-09
1,5220,2.029992174357176e-09
1,5221,0.0
1,5222,0.0
1,5223,0.0
1,5224,10731.70795531047
1,5225,17389.269406392694
1,5226,0.0
1,5227,0.0
1,5228,17389.26940639098
1,5229,17389.269406390984
1,5230,17389.269406390977
1,5231,0.0
1,5232,13307.607685476036
1,5233,17389.269406392694
1,5234,17389.269406392694
1,5235,15587.529486204188
1,5236,17389.269406392694
1,5237,17389.269406357354
1,5238,16305.776525176541
1,5239,6594.820843549878
1,5240,0.0
1,5241,0.0
1,5242,1.8953869584947824e-09
1,5243,0.0
1,5244,1.9317667465656996e-09
1,5245,1.949956640601158e-09
1,5246,0.0
1,5247,0.0
1,5248,1.5975820133462548e-07
1,5249,17389.269406391053
1,5250,17389.269406390984
1,5251,0.0
1,5252,17389.26940639098
1,5253,17389.26940639098
1,5254,4652.113659542694
1,5255,17389.269406219475
1,5256,17389.269406392694
1,5257,17389.269406392694
1,5258,17389.269406392694
1,5259,17389.26940635736
1,5260,17389.269406363102
1,5261,17389.269406367206
1,5262,17389.269406392694
1,5263,0.0
1,5264,0.0
1,5265,1.913576852530241e-09
1,5266,1.9317667465656996e-09
1,5267,1.949956640601158e-09
1,5268,1.9717845134437084e-09
1,5269,0.0
1,5270,0.0
1,5271,2.029992174357176e-09
1,5272,0.0
1,5273,17389.269406392694
1,5274,17389.269406390988
1,5275,0.0
1,5276,17389.26940639098
1,5277,17389.26940639098
1,5278,17389.269406392694
1,5279,17389.269406392694
1,5280,17389.26940630565
1,5281,17389.269406392694
1,5282,17389.26940634874
1,5283,17389.26940635736
1,5284,17389.269406363102
1,5285,17389.269406392694
1,5286,13979.225536133581
1,5287,0.0
1,5288,0.0
1,5289,1.913576852530241e-09
1,5290,1.9317667465656996e-09
1,5291,0.0
1,5292,0.0
1,5293,1.989974407479167e-09
1,5294,2.0118022803217173e-09
1,5295,0.0
1,5296,0.0
1,5297,17389.269406392694
1,5298,0.0
1,5299,0.0
1,5300,17389.26940639098
1,5301,0.0
1,5302,0.0
1,5303,17389.269406390977
1,5304,0.0
1,5305,0.0
1,5306,17389.269406390977
1,5307,2.449596649967134e-07
1,5308,17389.269406099043
1,5309,17389.26940628335
1,5310,17389.269406392694
1,5311,17389.269406343807
1,5312,17389.269406392694
1,5313,0.0
1,5314,1201.9463282408815
1,5315,6.288246368058026e-08
1,5316,0.0
1,5317,0.0
1,5318,4268.2497510457815
1,5319,17389.269406215826
1,5320,17389.269406392694
1,5321,0.0
1,5322,17389.269406390984
1,5323,0.0
1,5324,17389.26940639098
1,5325,0.0
1,5326,0.0
1,5327,0.0
1,5328,17389.269406392694
1,5329,17389.269406392694
1,5330,16050.11926984035
1,5331,15634.336146017133
1,5332,17389.269406392694
1,5333,17389.269406392694
1,5334,17389.269406392694
1,5335,9548.551949856563
1,5336,0.0
1,5337,1.877197064459324e-09
1,5338,0.0
1,5339,1.913576852530241e-09
1,5340,1.9317667465656996e-09
1,5341,0.0
1,5342,0.0
1,5343,1470.0604096775241
1,5344,17389.269406392694
1,5345,0.0
1,5346,17389.26940639098
1,5347,0.0
1,5348,0.0
1,5349,17049.579548715297
1,5350,17389.269406392694
1,5351,14718.136530668042
1,5352,10091.573482984542
1,5353,7307.573783206164
1,5354,7007.90067547045
1,5355,5928.789452460242
1,5356,17389.269406392694
1,5357,17389.269406392694
1,5358,17389.269406392694
1,5359,7293.559802040738
1,5360,12000.876098533772
1,5361,1.9317667465656996e-09
1,5362,0.0
1,5363,1.9717845134437084e-09
1,5364,1.989974407479167e-09
1,5365,2.0118022803217173e-09
1,5366,2.029992174357176e-09
1,5367,0.0
1,5368,12607.081625433926
1,5369,1.6197736840695143e-07
1,5370,0.0
1,5371,0.0
1,5372,0.0
1,5373,17389.26940639098
1,5374,17389.269406390984
1,5375,0.0
1,5376,17389.269406390977
1,5377,17389.269406390933
1,5378,0.0
1,5379,0.0
1,5380,17389.26940639099
1,5381,0.0
1,5382,0.0
1,5383,17389.269406392694
1,5384,17389.269406392694
1,5385,4328.46772434354
1,5386,0.0
1,5387,11243.978932946919
1,5388,0.0
1,5389,0.0
1,5390,1.459629856981337e-07
1,5391,17389.26940639101
1,5392,0.0
1,5393,17389.269406390977
1,5394,17389.269406390984
1,5395,0.0
1,5396,0.0
1,5397,17389.269406390977
1,5398,17389.26940639098
1,5399,17389.26940639098
1,5400,0.0
1,5401,0.0
1,5402,0.0
1,5403,0.0
1,5404,17389.269406390977
1,5405,17389.269406390977
1,5406,0.0
1,5407,17389.26940639098
1,5408,17389.26940639098
1,5409,0.0
1,5410,17389.269406390995
1,5411,2966.445453449709
1,5412,17389.269406392694
1,5413,14188.89963956515
1,5414,17389.269406392694
1,5415,0.0
1,5416,17389.269406390988
1,5417,0.0
1,5418,0.0
1,5419,0.0
1,5420,17389.269406390973
1,5421,17389.269406390977
1,5422,0.0
1,5423,0.0
1,5424,17389.26940639098
1,5425,0.0
1,5426,13248.444955524916
1,5427,17389.269406392694
1,5428,17389.26940630566
1,5429,17389.269406334384
1,5430,17389.269406392694
1,5431,17389.269406392694
1,5432,17389.269406392694
1,5433,4698.549062277991
1,5434,0.0
1,5435,0.0
1,5436,0.0
1,5437,0.0
1,5438,0.0
1,5439,0.0
1,5440,1.582593540661037e-07
1,5441,17389.26940639101
1,5442,0.0
1,5443,17389.26940639098
1,5444,0.0
1,5445,0.0
1,5446,1540.9499515533753
1,5447,17389.269406219453
1,5448,17389.26940630565
1,5449,17389.269406334377
1,5450,17389.26940634874
1,5451,17389.269406392694
1,5452,17389.269406392694
1,5453,17389.269406367206
1,5454,14942.558664828997
1,5455,0.0
1,5456,0.0
1,5457,0.0
1,5458,1.9317667465656996e-09
1,5459,1.949956640601158e-09
1,5460,0.0
1,5461,0.0
1,5462,0.0
1,5463,2.029992174357176e-09
1,5464,0.0
1,5465,1.6152625903487206e-07
1,5466,17389.26940639098
1,5467,0.0
1,5468,0.0
1,5469,0.0
1,5470,17389.26940639098
1,5471,0.0
1,5472,17389.269406390977
1,5473,17389.26940639098
1,5474,17389.269406390977
1,5475,0.0
1,5476,17389.26940639098
1,5477,0.0
1,5478,0.0
1,5479,17389.26940639098
1,5480,0.0
1,5481,0.0
1,5482,17389.269406392694
1,5483,17389.269406392694
1,5484,0.0
1,5485,0.0
1,5486,17389.269406392694
1,5487,0.0
1,5488,0.0
1,5489,0.0
1,5490,17389.269406390988
1,5491,17389.26940639098
1,5492,17389.269406390977
1,5493,0.0
1,5494,17389.269406390977
1,5495,0.0
1,5496,17389.269406390977
1,5497,17389.269406390977
1,5498,0.0
1,5499,0.0
1,5500,0.0
1,5501,17389.26940639098
1,5502,0.0
1,5503,17389.269406392694
1,5504,17389.269406392694
1,5505,17389.269406392694
1,5506,13692.325358019933
1,5507,10595.038106185328
1,5508,0.0
1,5509,0.0
1,5510,0.0
1,5511,17389.269406392694
1,5512,17389.26940639103
1,5513,17389.269406390948
1,5514,0.0
1,5515,17389.26940639099
1,5516,17389.269406390995
1,5517,17389.269406390977
1,5518,17389.269406390966
1,5519,0.0
1,5520,0.0
1,5521,2714.9443686340055
1,5522,17389.26940621946
1,5523,17389.26940630565
1,5524,17389.269406392694
1,5525,17389.26940634874
1,5526,17389.26940635736
1,5527,17389.269406363102
1,5528,17284.070775738342
1,5529,1.8553691916167736e-09
1,5530,0.0
1,5531,0.0
1,5532,0.0
1,5533,0.0
1,5534,0.0
1,5535,6587.157079984019
1,5536,17389.269406392694
1,5537,17389.269406390984
1,5538,17389.269406390988
1,5539,0.0
1,5540,17389.26940639098
1,5541,0.0
1,5542,0.0
1,5543,0.0
1,5544,0.0
1,5545,17389.269406390977
1,5546,0.0
1,5547,0.0
1,5548,17389.269406392694
1,5549,17389.269406392694
1,5550,17389.26940630566
1,5551,17389.269406334384
1,5552,17389.269406392694
1,5553,17389.269406392694
1,5554,0.0
1,5555,0.0
1,5556,7.302514859475195e-08
1,5557,1.1959127732552588e-07
1,5558,0.0
1,5559,0.0
1,5560,17389.269406392694
1,5561,17389.26940639098
1,5562,0.0
1,5563,17389.269406390984
1,5564,17389.26940639098
1,5565,0.0
1,5566,0.0
1,5567,17389.269406390984
1,5568,0.0
1,5569,0.0
1,5570,480.4069670617682
1,5571,9683.214166319558
1,5572,13052.349416147637
1,5573,17389.269406392694
1,5574,13825.127181498032
1,5575,11301.18980018705
1,5576,17389.269406392694
1,5577,1649.7974947628845
1,5578,7.294147508218884e-08
1,5579,1.193657226394862e-07
1,5580,0.0
1,5581,0.0
1,5582,0.0
1,5583,0.0
1,5584,17201.861973367184
1,5585,17389.26940621984
1,5586,17389.269406305753
1,5587,17389.269406392694
1,5588,17389.26940634877
1,5589,17389.269406357376
1,5590,17389.269406392694
1,5591,17389.269406392694
1,5592,17389.269406392694
1,5593,17389.269406392694
1,5594,17389.269406392694
1,5595,13421.60886788203
1,5596,14412.112232968157
1,5597,361.1709948238422
1,5598,15672.478746305896
1,5599,9907.250143026999
1,5600,8225.734318380859
1,5601,8046.071863336267
1,5602,0.0
1,5603,0.0
1,5604,5.362744559533894e-08
1,5605,0.0
1,5606,1.0833173291757703e-07
1,5607,2.177475835196674e-07
1,5608,17389.269406392694
1,5609,17389.269406172807
1,5610,17389.269406392694
1,5611,17389.269406392694
1,5612,17389.269406385643
1,5613,17389.269406385854
1,5614,17389.269406392694
1,5615,17389.269406386233
1,5616,17389.269406392694
1,5617,17389.269406392694
1,5618,12595.741775829269
1,5619,8740.511232162582
1,5620,17389.269406392694
1,5621,0.0
1,5622,11292.979797517179
1,5623,0.0
1,5624,2.5538611225783825e-09
1,5625,0.0
1,5626,0.0
1,5627,0.0
1,5628,0.0
1,5629,2.684828359633684e-09
1,5630,0.0
1,5631,2.735760062932968e-09
1,5632,2.764863893389702e-09
1,5633,1.4154647942632437e-07
1,5634,2.8485010261647403e-07
1,5635,10663.066987015089
1,5636,17389.26940610496
1,5637,17389.269406248113
1,5638,15442.573023970308
1,5639,6886.007024619212
1,5640,1818.3345837904817
1,5641,15767.772981121178
1,5642,0.0
1,5643,16998.88676315269
1,5644,1549.4713149598902
1,5645,17389.269406392694
1,5646,17389.269406392694
1,5647,476.70091405876155
1,5648,6732.645057337981
1,5649,3.2741809263825417e-09
1,5650,3.306922735646367e-09
1,5651,0.0
1,5652,0.0
1,5653,3.408786142244935e-09
1,5654,3.4415279515087605e-09
1,5655,0.0
1,5656,0.0
1,5657,17389.269406392694
1,5658,17389.269406392694
1,5659,17389.269406392694
1,5660,17389.269406334384
1,5661,17389.269406392694
1,5662,17389.26940635736
1,5663,17389.269406363102
1,5664,17389.26940636719
1,5665,17389.269406392694
1,5666,13443.750068636295
1,5667,13874.563456643544
1,5668,17389.269406392694
1,5669,17389.269406377458
1,5670,17389.269406378557
1,5671,17389.269406392694
1,5672,9977.83962152384
1,5673,6.837217370048165e-08
1,5674,1.0306757758371532e-07
1,5675,2.071647031698376e-07
1,5676,4354.690036734481
1,5677,17389.269406392694
1,5678,17389.26940628755
1,5679,17389.269406392694
1,5680,17389.269406392694
1,5681,17389.269406384625
1,5682,17389.269406392694
1,5683,17389.26940638517
1,5684,17389.269406392694
1,5685,17389.269406385643
1,5686,17389.269406392694
1,5687,17389.269406392694
1,5688,17389.269406392694
1,5689,4310.151310503086
1,5690,5941.5117157903405
1,5691,17389.269406392694
1,5692,11425.775610625366
1,5693,17389.269406392694
1,5694,17389.269406392694
1,5695,17389.269406392694
1,5696,428.18820566257637
1,5697,0.0
1,5698,2.5793269742280245e-09
1,5699,0.0
1,5700,0.0
1,5701,2.6557245291769505e-09
1,5702,0.0
1,5703,2.710294211283326e-09
1,5704,0.0
1,5705,0.0
1,5706,0.0
1,5707,2.8194335754960775e-09
1,5708,0.0
1,5709,0.0
1,5710,2.9067450668662786e-09
1,5711,2.9358488973230124e-09
1,5712,0.0
1,5713,0.0
1,5714,0.0
1,5715,3.052264219149947e-09
1,5716,3.0850060284137726e-09
1,5717,0.0
1,5718,3.1468516681343317e-09
1,5719,3.179593477398157e-09
1,5720,0.0
1,5721,0.0
1,5722,3.2741809263825417e-09
1,5723,0.0
1,5724,3.3396645449101925e-09
1,5725,0.0
1,5726,0.0
1,5727,0.0
1,5728,0.0
1,5729,0.0
1,5730,3.5810080589726567e-07
1,5731,13346.211871566476
1,5732,17389.269406392694
1,5733,10819.554495893393
1,5734,17389.269406392694
1,5735,8009.384350526758
1,5736,0.0
1,5737,1622.3286078229776
1,5738,0.0
1,5739,4134.275996103768
1,5740,0.0
1,5741,14349.117265771829
1,5742,17389.269406392694
1,5743,17389.269406392694
1,5744,17389.269406392694
1,5745,0.0
1,5746,4712.120917455097
1,5747,0.0
1,5748,0.0
1,5749,17389.269405993862
1,5750,17389.269406392694
1,5751,17389.269406390984
1,5752,0.0
1,5753,0.0
1,5754,0.0
1,5755,0.0
1,5756,0.0
1,5757,17389.26940639098
1,5758,0.0
1,5759,0.0
1,5760,5329.901810030031
1,5761,7239.142261176788
1,5762,4150.89886486929
1,5763,17389.269406392694
1,5764,3254.0358892320073
1,5765,17389.269406392694
1,5766,5933.836294852415
1,5767,17389.269406392694
1,5768,0.0
1,5769,2621.520110381416
1,5770,3.2281241146847606e-07
1,5771,17389.26940611128
1,5772,17389.269406390787
1,5773,17389.26940639078
1,5774,17389.269406215837
1,5775,17389.269406392694
1,5776,17389.269406391006
1,5777,17389.26940639098
1,5778,0.0
1,5779,17389.269406390984
1,5780,17389.26940639098
1,5781,17389.26940639098
1,5782,0.0
1,5783,0.0
1,5784,17389.269406390977
1,5785,17389.26940639098
1,5786,0.0
1,5787,0.0
1,5788,0.0
1,5789,17389.269406391842
1,5790,14647.54345206662
1,5791,17389.269406392694
1,5792,17389.269406392694
1,5793,15224.82623718144
1,5794,0.0
1,5795,9041.19714865273
1,5796,0.0
1,5797,0.0
1,5798,1.4888428268022835e-07
1,5799,0.0
1,5800,17389.269406390984
1,5801,0.0
1,5802,0.0
1,5803,0.0
1,5804,17389.269406390977
1,5805,17389.26940639098
1,5806,0.0
1,5807,17389.269406390977
1,5808,17389.26940639098
1,5809,17389.26940639098
1,5810,17389.269406390977
1,5811,17389.269406390977
1,5812,17389.26940639098
1,5813,0.0
1,5814,17389.269406390977
1,5815,0.0
1,5816,17389.26940639098
1,5817,0.0
1,5818,17389.269406390984
1,5819,0.0
1,5820,17389.26940639097
1,5821,0.0
1,5822,0.0
1,5823,0.0
1,5824,0.0
1,5825,0.0
1,5826,17389.269406390988
1,5827,0.0
1,5828,17389.269406390977
1,5829,0.0
1,5830,0.0
1,5831,0.0
1,5832,17389.269406390973
1,5833,17389.26940639098
1,5834,17389.26940639098
1,5835,0.0
1,5836,17389.269406390977
1,5837,17389.269406390977
1,5838,17389.269406390984
1,5839,17389.269406390984
1,5840,0.0
1,5841,0.0
1,5842,17389.26940639098
1,5843,0.0
1,5844,28.37709645691575
1,5845,17360.608538882156
1,5846,17389.269406392694
1,5847,0.0
1,5848,17389.269406390962
1,5849,0.0
1,5850,17389.26940639113
1,5851,17389.269406390984
1,5852,17389.26940639113
1,5853,0.0
1,5854,0.0
1,5855,0.0
1,5856,17389.269406390977
1,5857,17389.26940639098
1,5858,17389.26940639098
1,5859,17389.26940639098
1,5860,0.0
1,5861,15202.993793779515
1,5862,17389.269406392694
1,5863,17389.269406392694
1,5864,17389.269406392694
1,5865,17389.269406392694
1,5866,0.0
1,5867,4.079629434272647e-08
1,5868,5.2426912588998675e-08
1,5869,0.0
1,5870,0.0
1,5871,17389.269406392694
1,5872,0.0
1,5873,17389.269406390864
1,5874,17389.269406391097
1,5875,0.0
1,5876,17389.269406390948
1,5877,17389.269406390933
1,5878,17389.269406390977
1,5879,17389.269406390977
1,5880,0.0
1,5881,0.0
1,5882,17389.269406390977
1,5883,0.0
1,5884,0.0
1,5885,0.0
1,5886,17389.269406392694
1,5887,17389.269406392694
1,5888,17389.269406392694
1,5889,15259.40985341905
1,5890,0.0
1,5891,7693.478108042313
1,5892,0.0
1,5893,0.0
1,5894,17389.269406392694
1,5895,17389.269406390984
1,5896,17389.269406390966
1,5897,0.0
1,5898,17389.26940639107
1,5899,17389.26940639098
1,5900,17389.26940639095
1,5901,17389.269406390973
1,5902,17389.26940639098
1,5903,0.0
1,5904,0.0
1,5905,17389.269406390977
1,5906,17389.269406390984
1,5907,17389.269406392694
1,5908,13386.96843650924
1,5909,17389.2694063056
1,5910,17389.269406392694
1,5911,17389.269406348747
1,5912,17389.269406392694
1,5913,17389.269406392694
1,5914,0.0
1,5915,3.346940502524376e-09
1,5916,0.0
1,5917,0.0
1,5918,3.5324774216860533e-09
1,5919,3.597961040213704e-09
1,5920,0.0
1,5921,1.5829209587536752e-07
1,5922,0.0
1,5923,0.0
1,5924,0.0
1,5925,17389.26940639098
1,5926,17389.269406390984
1,5927,17389.269406390973
1,5928,17389.269406390973
1,5929,0.0
1,5930,17389.269406392694
1,5931,7567.430144034803
1,5932,17389.269406392694
1,5933,8738.529168085974
1,5934,17389.269406392694
1,5935,17389.269406392694
1,5936,6457.11258602771
1,5937,15987.79198170648
1,5938,9277.584122762448
1,5939,2411.641410994369
1,5940,0.0
1,5941,5757.664030399626
1,5942,0.0
1,5943,0.0
1,5944,17389.269406392694
1,5945,17389.269406390988
1,5946,17389.269406390984
1,5947,17389.26940639098
1,5948,0.0
1,5949,8523.57116612605
1,5950,17389.269406219482
1,5951,17389.269406392694
1,5952,17389.269406392694
1,5953,17389.269406348732
1,5954,16528.3588407631
1,5955,14301.169639757838
1,5956,13269.77158694926
1,5957,10757.404067667674
1,5958,17389.269406392694
1,5959,0.0
1,5960,1.913576852530241e-09
1,5961,1.9317667465656996e-09
1,5962,1.949956640601158e-09
1,5963,0.0
1,5964,1.989974407479167e-09
1,5965,2.0118022803217173e-09
1,5966,0.0
1,5967,0.0
1,5968,17059.427739763232
1,5969,17389.269406392694
1,5970,0.0
1,5971,0.0
1,5972,0.0
1,5973,0.0
1,5974,17389.269406390977
1,5975,17389.26940639098
1,5976,17389.26940639098
1,5977,17389.269406390977
1,5978,17389.269406390977
1,5979,2.4510882212780416e-07
1,5980,17389.269406088282
1,5981,17389.269406392694
1,5982,17389.26940632526
1,5983,17389.269406343807
1,5984,17389.269406392694
1,5985,5599.977436344569
1,5986,4.6926288632676005e-08
1,5987,6.288246368058026e-08
1,5988,0.0
1,5989,0.0
1,5990,11230.599978785178
1,5991,0.0
1,5992,17389.269406392694
1,5993,17389.269406390977
1,5994,17389.269406390988
1,5995,0.0
1,5996,0.0
1,5997,0.0
1,5998,17389.269406390977
1,5999,0.0
1,6000,17389.26940639098
1,6001,17389.269406390988
1,6002,5062.103445027391
1,6003,17389.269406392694
1,6004,17389.269406392694
1,6005,17389.269406334377
1,6006,17389.269406348747
1,6007,17389.269406392694
1,6008,14736.896615639427
1,6009,10024.916880084595
1,6010,0.0
1,6011,0.0
1,6012,1.8953869584947824e-09
1,6013,1.913576852530241e-09
1,6014,0.0
1,6015,0.0
1,6016,17389.269406392694
1,6017,0.0
1,6018,17389.269406392694
1,6019,17389.269406392694
1,6020,17389.26940630566
1,6021,17389.269406392694
1,6022,17389.269406392694
1,6023,17389.269406392694
1,6024,2294.905230974
1,6025,16020.579189684293
1,6026,0.0
1,6027,0.0
1,6028,0.0
1,6029,4200.6490869095
1,6030,11576.76116778165
1,6031,7815.901496740607
1,6032,12171.414513924341
1,6033,0.0
1,6034,2.0118022803217173e-09
1,6035,2.029992174357176e-09
1,6036,2.051820047199726e-09
1,6037,2.0700099412351847e-09
1,6038,2.091837814077735e-09
1,6039,6411.593797735924
1,6040,1.627413439564407e-07
1,6041,0.0
1,6042,17389.269406390984
1,6043,17389.26940639098
1,6044,17389.269406390984
1,6045,0.0
1,6046,0.0
1,6047,0.0
1,6048,9077.24360716026
1,6049,17389.269406392694
1,6050,5636.26362514649
1,6051,6561.308073556811
1,6052,9207.510842676234
1,6053,15052.437310163998
1,6054,17389.269406363102
1,6055,17389.269406367206
1,6056,10325.211262312994
1,6057,0.0
1,6058,0.0
1,6059,0.0
1,6060,0.0
1,6061,9.904397302307189e-08
1,6062,0.0
1,6063,4438.77371020375
1,6064,1.597909431438893e-07
1,6065,0.0
1,6066,17389.26940639098
1,6067,0.0
1,6068,0.0
1,6069,0.0
1,6070,17389.26940639098
1,6071,17389.26940639098
1,6072,0.0
1,6073,0.0
1,6074,0.0
1,6075,0.0
1,6076,17389.269406392694
1,6077,17389.269406219482
1,6078,17389.269406392694
1,6079,17389.269406392694
1,6080,17389.269406348747
1,6081,17389.269406392694
1,6082,0.0
1,6083,0.0
1,6084,0.0
1,6085,0.0
1,6086,0.0
1,6087,17389.269406392694
1,6088,17389.269406391017
1,6089,17389.269406390995
1,6090,0.0
1,6091,17389.26940639098
1,6092,0.0
1,6093,0.0
1,6094,0.0
1,6095,17389.269406390988
1,6096,10137.97714500318
1,6097,17389.269406219482
1,6098,17389.269406392694
1,6099,17389.269406392694
1,6100,17389.269406392694
1,6101,17389.269406392694
1,6102,17389.269406392694
1,6103,17389.269406392694
1,6104,0.0
1,6105,1.877197064459324e-09
1,6106,1.8953869584947824e-09
1,6107,1.913576852530241e-09
1,6108,0.0
1,6109,1.949956640601158e-09
1,6110,0.0
1,6111,1.989974407479167e-09
1,6112,17279.422985300516
1,6113,17389.269406392694
1,6114,17389.269406390984
1,6115,0.0
1,6116,17389.269406392694
1,6117,17389.269406392694
1,6118,17389.269406392694
1,6119,17389.269406392694
1,6120,17389.269406392694
1,6121,17389.269406357354
1,6122,17389.269406363044
1,6123,17389.269406392694
1,6124,13866.986216954367
1,6125,17389.269406392694
1,6126,4069.756359564115
1,6127,0.0
1,6128,1.9317667465656996e-09
1,6129,1.949956640601158e-09
1,6130,1.9717845134437084e-09
1,6131,0.0
1,6132,0.0
1,6133,2.029992174357176e-09
1,6134,0.0
1,6135,0.0
1,6136,0.0
1,6137,1.623811840545386e-07
1,6138,17389.269406390988
1,6139,0.0
1,6140,17389.269406390977
1,6141,17389.26940639098
1,6142,17389.26940639098
1,6143,17389.269406391013
1,6144,17389.269406392694
1,6145,17389.269406213727
1,6146,17389.269406392694
1,6147,17389.269406392694
1,6148,17389.269406392694
1,6149,17389.269406392694
1,6150,17389.269406392694
1,6151,17389.269406392694
1,6152,10162.365782031047
1,6153,0.0
1,6154,1.8953869584947824e-09
1,6155,0.0
1,6156,0.0
1,6157,1.949956640601158e-09
1,6158,1.9717845134437084e-09
1,6159,0.0
1,6160,17389.269406392694
1,6161,0.0
1,6162,0.0
1,6163,0.0
1,6164,0.0
1,6165,0.0
1,6166,0.0
1,6167,17389.26940639098
1,6168,0.0
1,6169,0.0
1,6170,17389.26940639098
1,6171,2.447377482894808e-07
1,6172,17389.269406098905
1,6173,17389.269406392694
1,6174,17389.269406325253
1,6175,17389.269406392694
1,6176,15000.093794771448
1,6177,0.0
1,6178,0.0
1,6179,0.0
1,6180,9.478753781877458e-08
1,6181,0.0
1,6182,0.0
1,6183,17389.269406392694
1,6184,0.0
1,6185,0.0
1,6186,0.0
1,6187,17389.269406390988
1,6188,17389.269406391013
1,6189,0.0
1,6190,0.0
1,6191,17389.269406390977
1,6192,17389.269406390977
1,6193,17389.26940639098
1,6194,0.0
1,6195,0.0
1,6196,0.0
1,6197,0.0
1,6198,17389.26940639098
1,6199,0.0
1,6200,17389.269406392694
1,6201,11137.745897884386
1,6202,0.0
1,6203,10585.748690574808
1,6204,6574.3170342967205
1,6205,9397.030525181985
1,6206,17389.269406392694
1,6207,17389.26940639101
1,6208,17389.269406390933
1,6209,17389.269406391024
1,6210,0.0
1,6211,0.0
1,6212,17389.269406390984
1,6213,17389.269406390955
1,6214,17389.26940639098
1,6215,0.0
1,6216,0.0
1,6217,17389.269406390977
1,6218,0.0
1,6219,17389.269406390988
1,6220,17389.269406392694
1,6221,17389.269406219482
1,6222,17389.26940630566
1,6223,17389.269406334384
1,6224,17389.26940634874
1,6225,17389.269406392694
1,6226,0.0
1,6227,4.7119101509451866e-08
1,6228,6.314076017588377e-08
1,6229,0.0
1,6230,0.0
1,6231,0.0
1,6232,17389.269406392694
1,6233,0.0
1,6234,0.0
1,6235,17389.26940639098
1,6236,0.0
1,6237,17389.269406392694
1,6238,17389.269406392694
1,6239,9835.815539634154
1,6240,5002.0688290139005
1,6241,17389.269406392694
1,6242,17389.269406392694
1,6243,3387.574378158366
1,6244,17389.269406392694
1,6245,17389.269406392694
1,6246,17389.269406392694
1,6247,15901.802190309721
1,6248,2412.302078644978
1,6249,0.0
1,6250,1.949956640601158e-09
1,6251,0.0
1,6252,0.0
1,6253,2.0118022803217173e-09
1,6254,2.029992174357176e-09
1,6255,5913.427292314225
1,6256,1.6152262105606496e-07
1,6257,17389.269406390988
1,6258,0.0
1,6259,17389.269406390988
1,6260,10850.249177852842
1,6261,17389.269406392694
1,6262,17389.269406392694
1,6263,12507.322404170838
1,6264,10880.717678821318
1,6265,17389.269406392694
1,6266,6793.06989907891
1,6267,17389.269406392694
1,6268,17389.269406392694
1,6269,17389.269406392694
1,6270,17389.269406392694
1,6271,17384.044003512907
1,6272,3989.237186244689
1,6273,0.0
1,6274,0.0
1,6275,0.0
1,6276,2.0118022803217173e-09
1,6277,2.029992174357176e-09
1,6278,0.0
1,6279,0.0
1,6280,1.619482645764947e-07
1,6281,0.0
1,6282,876.5970123809238
1,6283,17389.26940621943
1,6284,17389.269406392694
1,6285,17389.269406392694
1,6286,15898.334088682848
1,6287,9536.175676796109
1,6288,17389.269406392694
1,6289,5067.225392632226
1,6290,17389.269406392694
1,6291,7563.927779103578
1,6292,17389.269406392694
1,6293,17389.269406392694
1,6294,8026.891260528264
1,6295,0.0
1,6296,1.9717845134437084e-09
1,6297,0.0
1,6298,2.0118022803217173e-09
1,6299,0.0
1,6300,2.051820047199726e-09
1,6301,0.0
1,6302,0.0
1,6303,2.1136656869202852e-09
1,6304,1.6262129065580666e-07
1,6305,17389.269406391122
1,6306,0.0
1,6307,17389.269406390984
1,6308,0.0
1,6309,0.0
1,6310,17389.269406390977
1,6311,17389.269406390977
1,6312,0.0
1,6313,0.0
1,6314,0.0
1,6315,2.443339326418936e-07
1,6316,17389.26940609865
1,6317,17389.269406392694
1,6318,17389.26940632524
1,6319,17389.269406392694
1,6320,16440.448464618985
1,6321,12494.585045372693
1,6322,4.691901267506182e-08
1,6323,6.286791176535189e-08
1,6324,0.0
1,6325,0.0
1,6326,694.5484432129524
1,6327,17389.269406392694
1,6328,0.0
1,6329,17389.269406391002
1,6330,17389.269406391013
1,6331,17389.269406390973
1,6332,17389.26940639097
1,6333,17389.269406390973
1,6334,17389.26940639098
1,6335,17389.269406390977
1,6336,0.0
1,6337,17389.269406390977
1,6338,17389.26940639098
1,6339,17389.26940639098
1,6340,17389.269406392694
1,6341,17389.26940621944
1,6342,17389.26940630565
1,6343,17389.269406392694
1,6344,17389.26940634874
1,6345,970.3706895385585
1,6346,1051.4266528600274
1,6347,5.24159986525774e-08
1,6348,0.0
1,6349,1.1960219126194715e-07
1,6350,0.0
1,6351,17389.269406392694
1,6352,0.0
1,6353,17389.269406392694
1,6354,0.0
1,6355,2228.7622491339134
1,6356,9184.197850718265
1,6357,16730.646102929084
1,6358,6389.382741572304
1,6359,17389.269406143845
1,6360,0.0
1,6361,0.0
1,6362,0.0
1,6363,17389.269406390977
1,6364,17389.26940639098
1,6365,17389.269406390973
1,6366,0.0
1,6367,0.0
1,6368,17389.269406390977
1,6369,0.0
1,6370,0.0
1,6371,17389.269406391
1,6372,0.0
1,6373,17389.26940639096
1,6374,17389.269406390995
1,6375,0.0
1,6376,17389.26940625621
1,6377,17389.269406392694
1,6378,17389.26940639111
1,6379,17389.269406392694
1,6380,17389.269406392694
1,6381,0.0
1,6382,0.0
1,6383,17389.26940614441
1,6384,0.0
1,6385,17389.269406390977
1,6386,0.0
1,6387,17389.269406390973
1,6388,17389.269406390966
1,6389,0.0
1,6390,9932.105533959715
1,6391,17389.269406392694
1,6392,17389.269406392694
1,6393,17389.269406392694
1,6394,0.0
1,6395,0.0
1,6396,0.0
1,6397,0.0
1,6398,17389.26940622918
1,6399,17389.269406392694
1,6400,0.0
1,6401,890.1468436227005
1,6402,1203.704969228118
1,6403,15265.488592405974
1,6404,17389.269406392694
1,6405,17389.269406392694
1,6406,17389.269406392694
1,6407,17389.269406392694
1,6408,11832.990330072282
1,6409,3750.734189330198
1,6410,0.0
1,6411,3793.1451094137865
1,6412,17389.269406390827
1,6413,0.0
1,6414,1.48989784065634e-07
1,6415,17389.26940639106
1,6416,17389.269406390984
1,6417,17389.269406390984
1,6418,0.0
1,6419,17389.26940639098
1,6420,17389.269406390966
1,6421,0.0
1,6422,17389.269406390984
1,6423,0.0
1,6424,0.0
1,6425,17389.26940639099
1,6426,0.0
1,6427,0.0
1,6428,0.0
1,6429,0.0
1,6430,17389.269406390977
1,6431,17389.26940639098
1,6432,17389.269406390988
1,6433,17389.269406391017
1,6434,17389.269406391188
1,6435,0.0
1,6436,17389.26940639119
1,6437,0.0
1,6438,17389.26940639098
1,6439,17389.26940639098
1,6440,0.0
1,6441,17389.26940639098
1,6442,0.0
1,6443,17389.269406390977
1,6444,0.0
1,6445,0.0
1,6446,0.0
1,6447,0.0
1,6448,0.0
1,6449,17389.269406390984
1,6450,17389.26940639098
1,6451,0.0
1,6452,0.0
1,6453,0.0
1,6454,17389.26940639098
1,6455,0.0
1,6456,17389.269406390977
1,6457,0.0
1,6458,0.0
1,6459,17389.26940639098
1,6460,0.0
1,6461,17389.26940639098
1,6462,0.0
1,6463,17389.269406390984
1,6464,17389.26940639098
1,6465,17389.269406390988
1,6466,0.0
1,6467,17389.26940639099
1,6468,17389.269406391217
1,6469,17389.269406390515
1,6470,17389.269406391166
1,6471,17389.269406391002
1,6472,0.0
1,6473,17389.269406390984
1,6474,0.0
1,6475,17389.269406390984
1,6476,0.0
1,6477,17389.269406392694
1,6478,5498.75666694115
1,6479,0.0
1,6480,0.0
1,6481,0.0
1,6482,1.360931491944939e-07
1,6483,17389.269406391024
1,6484,17389.269406390984
1,6485,0.0
1,6486,0.0
1,6487,17389.269406390984
1,6488,0.0
1,6489,0.0
1,6490,17389.26940639098
1,6491,0.0
1,6492,0.0
1,6493,0.0
1,6494,0.0
1,6495,17389.269406247375
1,6496,17389.269406392694
1,6497,0.0
1,6498,620.1634019647754
1,6499,12583.617667989434
1,6500,17389.269406392694
1,6501,16826.494597751596
1,6502,0.0
1,6503,0.0
1,6504,17389.269406390962
1,6505,0.0
1,6506,0.0
1,6507,17389.26940639098
1,6508,0.0
1,6509,17389.269406390973
1,6510,0.0
1,6511,0.0
1,6512,0.0
1,6513,17389.269406390973
1,6514,17389.269406390977
1,6515,0.0
1,6516,0.0
1,6517,17389.269406390973
1,6518,17389.26940639097
1,6519,17389.26940624738
1,6520,17389.269406392694
1,6521,17389.269406391068
1,6522,590.3363435327701
1,6523,13031.293707866178
1,6524,17389.269406392694
1,6525,16730.387934668328
1,6526,0.0
1,6527,0.0
1,6528,0.0
1,6529,17389.26940639098
1,6530,17389.26940639098
1,6531,0.0
1,6532,0.0
1,6533,0.0
1,6534,17389.26940627612
1,6535,17389.269406392694
1,6536,15401.226219277343
1,6537,16966.494206900352
1,6538,17389.269406390977
1,6539,17389.26940639098
1,6540,0.0
1,6541,17389.269406390973
1,6542,0.0
1,6543,17389.26940639096
1,6544,17389.269406247397
1,6545,401.9519970498077
1,6546,17389.269406392694
1,6547,17389.269406392694
1,6548,16230.462585941454
1,6549,0.0
1,6550,10515.047835627867
1,6551,0.0
1,6552,17389.26940639098
1,6553,17389.269406390977
1,6554,0.0
1,6555,0.0
1,6556,17389.269406390973
1,6557,0.0
1,6558,0.0
1,6559,17389.269406392694
1,6560,17389.269406392694
1,6561,17389.269406392694
1,6562,1277.6867975681125
1,6563,5166.076270888665
1,6564,3.3331161830574274e-08
1,6565,4.080357030034065e-08
1,6566,0.0
1,6567,17389.269406392694
1,6568,16800.15857033613
1,6569,17389.269406219577
1,6570,17389.26940630568
1,6571,17389.269406392694
1,6572,17389.269406348747
1,6573,17389.269406392694
1,6574,17389.269406363102
1,6575,17389.269406392694
1,6576,17389.269406392694
1,6577,17389.269406392694
1,6578,17389.26940637459
1,6579,17389.269406376156
1,6580,17389.269406377458
1,6581,17389.269406392694
1,6582,17389.269406392694
1,6583,17389.269406392694
1,6584,17389.269406392694
1,6585,17389.269406392694
1,6586,17389.269406392694
1,6587,4631.304394642528
1,6588,0.0
1,6589,0.0
1,6590,1.8131686374545097e-08
1,6591,2.1771120373159647e-07
1,6592,2973.054898068998
1,6593,14569.47224601407
1,6594,17389.269406392694
1,6595,3305.238661584921
1,6596,10317.652138847734
1,6597,4886.457686198222
1,6598,2.3101165425032377e-09
1,6599,2.3355823941528797e-09
1,6600,2.35741026699543e-09
1,6601,2.382876118645072e-09
1,6602,2.4047039914876223e-09
1,6603,2.4301698431372643e-09
1,6604,0.0
1,6605,0.0
1,6606,0.0
1,6607,0.0
1,6608,0.0
1,6609,2.5793269742280245e-09
1,6610,0.0
1,6611,0.0
1,6612,2.6557245291769505e-09
1,6613,2.684828359633684e-09
1,6614,2.710294211283326e-09
1,6615,15456.229565751106
1,6616,17389.269406392694
1,6617,17389.269406392694
1,6618,17389.26940638832
1,6619,17389.269406392694
1,6620,17389.269406388452
1,6621,17389.26940638851
1,6622,17389.26940638857
1,6623,13221.981848341886
1,6624,17389.269406392694
1,6625,17389.269406392694
1,6626,0.0
1,6627,0.0
1,6628,0.0
1,6629,0.0
1,6630,0.0
1,6631,3.208697307854891e-09
1,6632,0.0
1,6633,3.2741809263825417e-09
1,6634,3.306922735646367e-09
1,6635,0.0
1,6636,3.372406354174018e-09
1,6637,3.408786142244935e-09
1,6638,0.0
1,6639,0.0
1,6640,1.6771082300692797e-07
1,6641,17389.269406391402
1,6642,0.0
1,6643,0.0
1,6644,2236.4967076360153
1,6645,17389.269406392694
1,6646,17389.269406392694
1,6647,17389.269406392694
1,6648,13654.913353731446
1,6649,11022.400557207115
1,6650,0.0
1,6651,0.0
1,6652,11290.720529195052
1,6653,1.5137993614189327e-07
1,6654,17389.269406391057
1,6655,0.0
1,6656,17389.26940639098
1,6657,17389.269406390984
1,6658,0.0
1,6659,0.0
1,6660,0.0
1,6661,17389.269406390944
1,6662,17389.269406390995
1,6663,0.0
1,6664,0.0
1,6665,2.449596649967134e-07
1,6666,17389.269406392694
1,6667,17389.269406392694
1,6668,17389.269406325253
1,6669,17389.269406392694
1,6670,17389.269406392694
1,6671,12587.997729232598
1,6672,3662.144221938537
1,6673,6.288610165938735e-08
1,6674,9.479845175519586e-08
1,6675,1.9054641597904265e-07
1,6676,0.0
1,6677,17389.26940639075
1,6678,0.0
1,6679,1688.4714435320166
1,6680,17389.269406392694
1,6681,15106.93330107298
1,6682,12246.307420180248
1,6683,0.0
1,6684,0.0
1,6685,17389.269406392694
1,6686,0.0
1,6687,17389.269406390984
1,6688,0.0
1,6689,17389.26940639098
1,6690,17389.26940639098
1,6691,17389.269406390984
1,6692,2681.7526864183383
1,6693,17389.269406392694
1,6694,9843.920008111661
1,6695,619.6039550164351
1,6696,10607.202196527287
1,6697,0.0
1,6698,0.0
1,6699,0.0
1,6700,0.0
1,6701,17389.269406392694
1,6702,0.0
1,6703,17389.269406390984
1,6704,0.0
1,6705,0.0
1,6706,0.0
1,6707,17389.269406392694
1,6708,17389.269406392694
1,6709,0.0
1,6710,17389.269406392694
1,6711,0.0
1,6712,3058.152309273599
1,6713,17389.269406219475
1,6714,17389.269406392694
1,6715,17389.269406334384
1,6716,17389.26940634874
1,6717,14635.884183204253
1,6718,6353.27929446999
1,6719,14485.389057646793
1,6720,0.0
1,6721,3794.295904492503
1,6722,4558.01125030766
1,6723,6282.527111152678
1,6724,0.0
1,6725,14974.62753048295
1,6726,17389.269406392694
1,6727,17389.26940637777
1,6728,17389.269406392694
1,6729,6281.608250651298
1,6730,14910.78880882667
1,6731,9219.982823020388
1,6732,2.0183506421744823e-08
1,6733,2.2315362002700567e-08
1,6734,0.0
1,6735,4573.364851172055
1,6736,0.0
1,6737,17389.269406392694
1,6738,345.1383284377189
1,6739,15098.90820750669
1,6740,6234.621152455664
1,6741,0.0
1,6742,0.0
1,6743,0.0
1,6744,0.0
1,6745,17389.26940639035
1,6746,0.0
1,6747,0.0
1,6748,17389.269406392694
1,6749,0.0
1,6750,17389.269406390973
1,6751,0.0
1,6752,0.0
1,6753,0.0
1,6754,17389.269406390977
1,6755,0.0
1,6756,17389.269406390977
1,6757,0.0
1,6758,17389.269406390973
1,6759,0.0
1,6760,17389.26940639099
1,6761,17389.269406390988
1,6762,17389.26940639099
1,6763,17389.269406390984
1,6764,17389.269406390962
1,6765,0.0
1,6766,17389.26940639098
1,6767,17389.26940639098
1,6768,17389.269406390977
1,6769,0.0
1,6770,2.448359737172723e-07
1,6771,17389.269406392694
1,6772,17389.269406392694
1,6773,17389.269406392694
1,6774,8741.52240923668
1,6775,17389.269406392694
1,6776,7908.064114814955
1,6777,17389.269406392694
1,6778,12800.855748356873
1,6779,0.0
1,6780,1.905646058730781e-07
1,6781,7963.741632081161
1,6782,0.0
1,6783,17389.269406215873
1,6784,1.5573459677398205e-07
1,6785,17389.269406390984
1,6786,17389.26940639098
1,6787,17389.269406390984
1,6788,0.0
1,6789,0.0
1,6790,17389.269406390977
1,6791,17389.269406392694
1,6792,17389.269406392694
1,6793,17389.269406392694
1,6794,4378.208799011005
1,6795,2215.962593035216
1,6796,17389.269406392694
1,6797,17389.269406392694
1,6798,3235.5410957148197
1,6799,1785.6539596916264
1,6800,0.0
1,6801,0.0
1,6802,0.0
1,6803,0.0
1,6804,17389.269406390784
1,6805,17389.26940639075
1,6806,0.0
1,6807,1.5573095879517496e-07
1,6808,0.0
1,6809,17389.269406390944
1,6810,17389.269406391013
1,6811,17389.269406391053
1,6812,0.0
1,6813,17389.269406390977
1,6814,0.0
1,6815,17389.26940639098
1,6816,17389.269406390977
1,6817,0.0
1,6818,17389.269406390977
1,6819,17389.26940639098
1,6820,17389.269406390977
1,6821,17389.269406390966
1,6822,17389.269406253126
1,6823,8184.182625103451
1,6824,17389.269406392694
1,6825,13318.582991450152
1,6826,7414.962114942442
1,6827,0.0
1,6828,17389.269406390977
1,6829,17389.269406390977
1,6830,0.0
1,6831,17389.269406247382
1,6832,1.3500175555236638e-07
1,6833,17389.269406391068
1,6834,0.0
1,6835,17389.269406392694
1,6836,17389.269406392694
1,6837,16948.06859611434
1,6838,0.0
1,6839,0.0
1,6840,17087.766294514426
1,6841,0.0
1,6842,17389.26940639098
1,6843,17389.269406390977
1,6844,17389.26940639098
1,6845,0.0
1,6846,0.0
1,6847,11800.73068094983
1,6848,17389.269406392694
1,6849,17389.269406392694
1,6850,0.0
1,6851,0.0
1,6852,17389.269406390966
1,6853,0.0
1,6854,17389.269406390973
1,6855,17389.269406247375
1,6856,17389.269406392694
1,6857,11288.118840406434
1,6858,6458.145036134098
1,6859,15638.624971114112
1,6860,0.0
1,6861,0.0
1,6862,17389.269406099596
1,6863,8227.427683711252
1,6864,0.0
1,6865,0.0
1,6866,4171.8848184981725
1,6867,15417.575862244143
1,6868,0.0
1,6869,0.0
1,6870,1.444241206627339e-07
1,6871,0.0
1,6872,17389.269406390988
1,6873,17389.269406392694
1,6874,5616.426443011951
1,6875,17389.269406392694
1,6876,13757.620194339774
1,6877,12155.716006011811
1,6878,17389.269406392694
1,6879,17389.269406391042
1,6880,0.0
1,6881,0.0
1,6882,17389.26940639098
1,6883,0.0
1,6884,17389.269406392694
1,6885,17389.269406392694
1,6886,17389.269406392694
1,6887,0.0
1,6888,0.0
1,6889,5845.17891646866
1,6890,17389.269406128806
1,6891,17389.269406390882
1,6892,17389.269406236348
1,6893,17389.269406392694
1,6894,17389.269406391075
1,6895,0.0
1,6896,17389.269406390984
1,6897,17389.26940639098
1,6898,0.0
1,6899,17389.26940639098
1,6900,17389.269406390977
1,6901,0.0
1,6902,17389.269406390977
1,6903,17389.269406390962
1,6904,17389.26940626176
1,6905,1776.5253061913536
1,6906,856.9597254323744
1,6907,15729.160995889986
1,6908,0.0
1,6909,0.0
1,6910,17389.26940639098
1,6911,0.0
1,6912,17389.26940639098
1,6913,0.0
1,6914,17389.269406390977
1,6915,0.0
1,6916,0.0
1,6917,17389.269406390973
1,6918,0.0
1,6919,0.0
1,6920,17389.269406392694
1,6921,2705.2555858366322
1,6922,0.0
1,6923,11455.90689419464
1,6924,17237.15368333622
1,6925,17389.26940639096
1,6926,17389.26940624739
1,6927,17389.269406392694
1,6928,0.0
1,6929,17389.269406391064
1,6930,17389.269406392694
1,6931,17389.269406392694
1,6932,7270.853734206845
1,6933,0.0
1,6934,0.0
1,6935,0.0
1,6936,17389.26940639095
1,6937,17389.26940639098
1,6938,17389.26940639098
1,6939,0.0
1,6940,0.0
1,6941,0.0
1,6942,0.0
1,6943,0.0
1,6944,0.0
1,6945,0.0
1,6946,17389.269406390973
1,6947,0.0
1,6948,17389.269406390977
1,6949,0.0
1,6950,17389.26940639097
1,6951,17389.269406247382
1,6952,1.34987203637138e-07
1,6953,17389.269406392694
1,6954,14132.109772072643
1,6955,17389.269406392694
1,6956,17389.269406392694
1,6957,0.0
1,6958,17389.269406392694
1,6959,17389.269406392694
1,6960,17389.269406392694
1,6961,1705.2872057076165
1,6962,0.0
1,6963,0.0
1,6964,10493.070877909835
1,6965,0.0
1,6966,15183.84707334573
1,6967,17389.269406392694
1,6968,0.0
1,6969,0.0
1,6970,0.0
1,6971,14670.775566655448
1,6972,0.0
1,6973,17389.26940639073
1,6974,17389.269406208652
1,6975,17389.269406392694
1,6976,17389.269406390984
1,6977,0.0
1,6978,0.0
1,6979,17389.269406391046
1,6980,17389.269406390944
1,6981,17389.269406390977
1,6982,0.0
1,6983,0.0
1,6984,17389.26940639098
1,6985,17389.269406390977
1,6986,0.0
1,6987,0.0
1,6988,17389.269406390977
1,6989,17389.269406390973
1,6990,0.0
1,6991,0.0
1,6992,17389.269406392086
1,6993,17389.269406389983
1,6994,17389.269406390886
1,6995,17389.269406390977
1,6996,17389.269406390977
1,6997,0.0
1,6998,0.0
1,6999,0.0
1,7000,0.0
1,7001,0.0
1,7002,17389.269406390988
1,7003,17389.26940639223
1,7004,17389.269406389736
1,7005,17389.269406392694
1,7006,17389.269406392694
1,7007,7416.574756526999
1,7008,0.0
1,7009,0.0
1,7010,8782.488038925354
1,7011,6792.636397970626
1,7012,9204.40453878866
1,7013,14753.610568719614
1,7014,1.5145997167564929e-07
1,7015,17389.26940639099
1,7016,0.0
1,7017,17389.269406390988
1,7018,0.0
1,7019,17389.26940639094
1,7020,17389.26940639097
1,7021,17389.269406390984
1,7022,17389.26940639099
1,7023,0.0
1,7024,17389.26940639098
1,7025,17389.26940639098
1,7026,17389.269406390988
1,7027,17389.26940639098
1,7028,17389.26940639098
1,7029,17389.26940639098
1,7030,0.0
1,7031,4330.652058583393
1,7032,1314.4691978215524
1,7033,17261.937643462225
1,7034,0.0
1,7035,2898.599162057486
1,7036,17389.269406392694
1,7037,17389.269406392694
1,7038,17389.269406392694
1,7039,17389.269406370284
1,7040,17389.269406372678
1,7041,17389.26940637459
1,7042,17389.269406392694
1,7043,17389.269406377458
1,7044,17389.269406392694
1,7045,17389.269406392694
1,7046,17389.269406392694
1,7047,7046.76445588758
1,7048,17389.269406392694
1,7049,7941.682467301147
1,7050,17389.269406392694
1,7051,11456.086591436899
1,7052,0.0
1,7053,2.1354935597628355e-09
1,7054,2.1573214326053858e-09
1,7055,0.0
1,7056,2.2009771782904863e-09
1,7057,0.0
1,7058,2.244632923975587e-09
1,7059,2.266460796818137e-09
1,7060,2.2882886696606874e-09
1,7061,0.0
1,7062,0.0
1,7063,16630.818350713485
1,7064,14278.499411777851
1,7065,1448.6784565302005
1,7066,0.0
1,7067,4.536559572443366e-08
1,7068,5.553738446906209e-08
1,7069,0.0
1,7070,12350.811521946916
1,7071,17389.269406392694
1,7072,0.0
1,7073,17389.26940639098
1,7074,0.0
1,7075,17389.269406392694
1,7076,17389.269406392694
1,7077,4742.6367289635455
1,7078,1682.0671394746241
1,7079,0.0
1,7080,0.0
1,7081,0.0
1,7082,0.0
1,7083,0.0
1,7084,1.5143814380280674e-07
1,7085,17389.269406391002
1,7086,17389.26940639097
1,7087,0.0
1,7088,0.0
1,7089,17389.26940639099
1,7090,17389.26940639098
1,7091,17389.26940639097
1,7092,0.0
1,7093,17389.269406390977
1,7094,17389.269406391002
1,7095,8502.957351461337
1,7096,17389.269406219482
1,7097,17389.269406392694
1,7098,17389.269406334384
1,7099,17389.269406392694
1,7100,17389.26940635736
1,7101,17389.269406363102
1,7102,17389.269406392694
1,7103,8075.4886929374625
1,7104,17389.269406392694
1,7105,0.0
1,7106,0.0
1,7107,0.0
1,7108,0.0
1,7109,15679.07357816714
1,7110,3582.190917437598
1,7111,9171.393172325228
1,7112,17389.269406392694
1,7113,17389.269406392694
1,7114,0.0
1,7115,0.0
1,7116,0.0
1,7117,2.1561208995990455e-07
1,7118,12131.641890874886
1,7119,17389.269406392694
1,7120,17389.269406376214
1,7121,17389.269406392694
1,7122,17389.269406392694
1,7123,17389.269406392694
1,7124,17389.26940637994
1,7125,8431.350484841209
1,7126,0.0
1,7127,7725.404848265422
1,7128,2.382876118645072e-09
1,7129,2.4047039914876223e-09
1,7130,0.0
1,7131,2.4519977159798145e-09
1,7132,0.0
1,7133,0.0
1,7134,2.5283952709287405e-09
1,7135,2.5538611225783825e-09
1,7136,2.5793269742280245e-09
1,7137,0.0
1,7138,2.6302586775273085e-09
1,7139,0.0
1,7140,2.684828359633684e-09
1,7141,2.710294211283326e-09
1,7142,6409.570344931006
1,7143,17389.269406392694
1,7144,17389.26940639099
1,7145,0.0
1,7146,17389.26940639098
1,7147,17389.269406390984
1,7148,0.0
1,7149,0.0
1,7150,0.0
1,7151,17389.26940639098
1,7152,0.0
1,7153,0.0
1,7154,0.0
1,7155,17389.269406390977
1,7156,0.0
1,7157,17389.26940639098
1,7158,0.0
1,7159,17389.26940639102
1,7160,17389.269406391002
1,7161,0.0
1,7162,17389.26940639098
1,7163,17389.269406391024
1,7164,17389.269406390962
1,7165,17389.26940639093
1,7166,0.0
1,7167,0.0
1,7168,17389.269406390988
1,7169,0.0
1,7170,17389.269406391017
1,7171,17389.269406392694
1,7172,17389.269406392694
1,7173,17389.269406392694
1,7174,10047.546453196217
1,7175,16545.035614216802
1,7176,0.0
1,7177,0.0
1,7178,0.0
1,7179,0.0
1,7180,0.0
1,7181,0.0
1,7182,1.5493787941522896e-07
1,7183,0.0
1,7184,0.0
1,7185,385.0384165762007
1,7186,9949.870919376819
1,7187,6271.501732324887
1,7188,17389.269406392694
1,7189,17389.269406392694
1,7190,13815.858029281157
1,7191,17389.269406392694
1,7192,17389.269406367206
1,7193,17389.269406370284
1,7194,17389.269406392694
1,7195,17389.269406374584
1,7196,17389.269406392694
1,7197,0.0
1,7198,0.0
1,7199,1.9717845134437084e-09
1,7200,1.989974407479167e-09
1,7201,0.0
1,7202,2.029992174357176e-09
1,7203,2.051820047199726e-09
1,7204,0.0
1,7205,1590.7176774153304
1,7206,17389.269406392694
1,7207,17389.269406391042
1,7208,15091.051844711408
1,7209,17389.26940621951
1,7210,17389.26940630566
1,7211,10581.81286349026
1,7212,0.0
1,7213,9122.395330294059
1,7214,17389.269406392694
1,7215,17389.269406392694
1,7216,17389.269406370284
1,7217,17389.269406392694
1,7218,17389.26940637459
1,7219,17389.269406376156
1,7220,13798.138278206054
1,7221,17389.269406392694
1,7222,0.0
1,7223,1.989974407479167e-09
1,7224,2.0118022803217173e-09
1,7225,2.029992174357176e-09
1,7226,2.051820047199726e-09
1,7227,2.0700099412351847e-09
1,7228,2.091837814077735e-09
1,7229,0.0
1,7230,1652.5833112000964
1,7231,11809.281965483395
1,7232,17389.269406392694
1,7233,1201.6025254243214
1,7234,0.0
1,7235,4.147659637965262e-08
1,7236,0.0
1,7237,1760.5974898955228
1,7238,17389.269406392694
1,7239,17389.26940639102
1,7240,17389.269406390984
1,7241,17389.26940639098
1,7242,2.4485052563250065e-07
1,7243,17389.269406392694
1,7244,17389.269406283343
1,7245,17389.269406325246
1,7246,13057.497775151398
1,7247,17389.269406392694
1,7248,11826.614758834177
1,7249,5141.386740150216
1,7250,0.0
1,7251,0.0
1,7252,0.0
1,7253,0.0
1,7254,0.0
1,7255,1.5573095879517496e-07
1,7256,0.0
1,7257,0.0
1,7258,0.0
1,7259,17389.26940639098
1,7260,17389.269406390977
1,7261,0.0
1,7262,17389.269406390984
1,7263,0.0
1,7264,0.0
1,7265,17389.269406390984
1,7266,0.0
1,7267,17389.26940639098
1,7268,0.0
1,7269,0.0
1,7270,0.0
1,7271,0.0
1,7272,0.0
1,7273,17389.26940639097
1,7274,0.0
1,7275,0.0
1,7276,0.0
1,7277,17389.269406390977
1,7278,17389.26940639098
1,7279,17389.26940639098
1,7280,17389.269406390984
1,7281,0.0
1,7282,17389.269406390977
1,7283,0.0
1,7284,0.0
1,7285,17389.269406390966
1,7286,0.0
1,7287,0.0
1,7288,0.0
1,7289,0.0
1,7290,17389.269406392694
1,7291,17389.26940621949
1,7292,17389.269406392694
1,7293,17389.269406392694
1,7294,3714.0033369225566
1,7295,0.0
1,7296,12782.531766781143
1,7297,0.0
1,7298,11253.211101323102
1,7299,0.0
1,7300,16038.999387137312
1,7301,16975.091341923395
1,7302,17389.269406392694
1,7303,17389.269406295633
1,7304,17389.269406392694
1,7305,17389.269406392694
1,7306,17389.269406392694
1,7307,17389.26940638116
1,7308,17389.269406392694
1,7309,17389.269406392694
1,7310,6253.688877779819
1,7311,17389.269406392694
1,7312,17389.269406392694
1,7313,17389.269406392694
1,7314,12784.201679241625
1,7315,17389.269406392694
1,7316,507.40941283431675
1,7317,12963.743751167813
1,7318,5597.059576001462
1,7319,2.2882886696606874e-09
1,7320,0.0
1,7321,2.3355823941528797e-09
1,7322,2.35741026699543e-09
1,7323,0.0
1,7324,2.4047039914876223e-09
1,7325,0.0
1,7326,2.4519977159798145e-09
1,7327,0.0
1,7328,0.0
1,7329,2.553133526816964e-07
1,7330,4341.155783014836
1,7331,5369.806693545692
1,7332,2.2122549125924706e-08
1,7333,2.4152541300281882e-08
1,7334,1730.0599489157248
1,7335,17389.269406392694
1,7336,17389.269406392694
1,7337,17389.269406392694
1,7338,17389.269406392694
1,7339,17389.269406392694
1,7340,14552.172267174781
1,7341,0.0
1,7342,6758.212758664546
1,7343,0.0
1,7344,1.4896795619279146e-07
1,7345,0.0
1,7346,13926.892860952064
1,7347,0.0
1,7348,17389.26940638968
1,7349,17389.269406094263
1,7350,17389.269406392694
1,7351,17389.26940639099
1,7352,17389.269406390988
1,7353,17389.269406390977
1,7354,0.0
1,7355,0.0
1,7356,17389.269406390977
1,7357,0.0
1,7358,1.2365853763185441e-07
1,7359,17389.269406391155
1,7360,8380.554715553302
1,7361,17389.269406392694
1,7362,0.0
1,7363,0.0
1,7364,17389.269406392694
1,7365,17389.269406392694
1,7366,7323.819658188415
1,7367,0.0
1,7368,0.0
1,7369,0.0
1,7370,0.0
1,7371,0.0
1,7372,17389.26940639055
1,7373,0.0
1,7374,17389.269406392694
1,7375,0.0
1,7376,0.0
1,7377,0.0
1,7378,17389.26940639098
1,7379,17389.26940639098
1,7380,17389.269406390977
1,7381,0.0
1,7382,17389.2694062378
1,7383,4310.767967962613
1,7384,17389.269406348667
1,7385,17389.269406358097
1,7386,17389.269406392694
1,7387,16987.169073644516
1,7388,0.0
1,7389,0.0
1,7390,1.7149795894511044e-07
1,7391,0.0
1,7392,0.0
1,7393,0.0
1,7394,0.0
1,7395,0.0
1,7396,17389.269406390977
1,7397,0.0
1,7398,17389.269406390973
1,7399,17389.26940639099
1,7400,0.0
1,7401,17389.26940639097
1,7402,17389.26940639098
1,7403,0.0
1,7404,17389.26940639096
1,7405,0.0
1,7406,0.0
1,7407,0.0
1,7408,17389.269406392694
1,7409,17074.638501298727
1,7410,17389.269406392694
1,7411,15144.544725207676
1,7412,5942.855943340717
1,7413,1.7152706277556717e-07
1,7414,11534.194659554518
1,7415,17389.269406390977
1,7416,17389.26940639098
1,7417,0.0
1,7418,0.0
1,7419,0.0
1,7420,0.0
1,7421,17389.26940639097
1,7422,17389.26940624738
1,7423,13332.49905737778
1,7424,15040.545947958712
1,7425,17389.269406392694
1,7426,5946.847649227879
1,7427,0.0
1,7428,0.0
1,7429,0.0
1,7430,17389.26940623354
1,7431,17389.269406392694
1,7432,17389.26940612926
1,7433,17389.269406392694
1,7434,17389.269406392694
1,7435,17389.269406348718
1,7436,5857.566055574465
1,7437,11713.054199053591
1,7438,0.0
1,7439,0.0
1,7440,0.0
1,7441,0.0
1,7442,0.0
1,7443,0.0
1,7444,0.0
1,7445,0.0
1,7446,0.0
1,7447,0.0
1,7448,0.0
1,7449,17389.26940639098
1,7450,17389.269406390984
1,7451,17389.269406390966
1,7452,17389.26940639097
1,7453,0.0
1,7454,0.0
1,7455,0.0
1,7456,17389.269406392694
1,7457,17389.269406236814
1,7458,17389.269406392694
1,7459,17389.269406392694
1,7460,17389.269406392694
1,7461,17389.269406392694
1,7462,12861.360677936025
1,7463,0.0
1,7464,0.0
1,7465,1.0764779290184379e-07
1,7466,2.9203511076048017e-07
1,7467,0.0
1,7468,0.0
1,7469,17389.269406390977
1,7470,0.0
1,7471,17389.26940639098
1,7472,0.0
1,7473,17389.269406390977
1,7474,0.0
1,7475,17389.26940639098
1,7476,17389.269406390973
1,7477,17389.269406390973
1,7478,17389.269406390955
1,7479,17389.269406237825
1,7480,9279.742197772772
1,7481,17389.269406392694
1,7482,17389.269406392694
1,7483,7278.070639535588
1,7484,16761.891804427778
1,7485,0.0
1,7486,0.0
1,7487,0.0
1,7488,0.0
1,7489,17389.269406390977
1,7490,0.0
1,7491,0.0
1,7492,0.0
1,7493,17389.269406390846
1,7494,0.0
1,7495,1.255139068234712e-07
1,7496,0.0
1,7497,0.0
1,7498,4211.462693110301
1,7499,17389.269406392694
1,7500,15067.50902600183
1,7501,14799.535631462742
1,7502,6933.673939576365
1,7503,17389.26940636573
1,7504,17389.269406392694
1,7505,17389.269406392694
1,7506,17389.269406375588
1,7507,17389.269406392694
1,7508,17389.269406392694
1,7509,0.0
1,7510,0.0
1,7511,0.0
1,7512,0.0
1,7513,0.0
1,7514,5.218316800892353e-08
1,7515,0.0
1,7516,1.5813566278666258e-07
1,7517,0.0
1,7518,17389.269406236806
1,7519,17389.269406392694
1,7520,0.0
1,7521,17389.269406391588
1,7522,17389.2694063916
1,7523,9003.32695939263
1,7524,4553.537226128534
1,7525,3629.2164848204047
1,7526,9155.723535886904
1,7527,17389.26940636437
1,7528,17389.269406369927
1,7529,17389.269406373623
1,7530,17389.269406392694
1,7531,11348.157629631041
1,7532,17389.269406392694
1,7533,9442.676350540734
1,7534,605.5158426618473
1,7535,2.565866452641785e-08
1,7536,0.0
1,7537,0.0
1,7538,0.0
1,7539,1.3087628758512437e-07
1,7540,0.0
1,7541,17389.26940639137
1,7542,0.0
1,7543,11664.843360081177
1,7544,17389.269406277712
1,7545,17389.269406334915
1,7546,17389.26940635398
1,7547,17389.269406392694
1,7548,17389.269406392694
1,7549,17389.269406392694
1,7550,17389.26940637577
1,7551,17389.269406377814
1,7552,17389.2694063794
1,7553,17389.269406380674
1,7554,17389.269406381714
1,7555,17389.269406392694
1,7556,17389.269406392694
1,7557,14977.810927760238
1,7558,0.0
1,7559,0.0
1,7560,6.30825525149703e-09
1,7561,0.0
1,7562,0.0
1,7563,7.315975381061435e-09
1,7564,7.719791028648615e-09
1,7565,0.0
1,7566,0.0
1,7567,4.9156369641423225e-08
1,7568,0.0
1,7569,1.48949766298756e-07
1,7570,7434.742364564732
1,7571,14020.432890298034
1,7572,0.0
1,7573,0.0
1,7574,17389.269406392694
1,7575,10163.451046118917
1,7576,17389.269406392694
1,7577,17389.269406392694
1,7578,10060.16501770615
1,7579,53.11714473854954
1,7580,0.0
1,7581,5.365291144698858e-08
1,7582,7.883863872848451e-08
1,7583,0.0
1,7584,1.0587064025457948e-06
1,7585,17389.26940635749
1,7586,0.0
1,7587,0.0
1,7588,17389.26940639098
1,7589,0.0
1,7590,17389.269406247375
1,7591,6456.932990528425
1,7592,17389.269406392694
1,7593,17389.269406392694
1,7594,0.0
1,7595,7437.74493192843
1,7596,6733.119816614269
1,7597,17389.269406390864
1,7598,17389.269406240288
1,7599,17389.269406392694
1,7600,17389.269406358024
1,7601,17389.269406364107
1,7602,6265.706708580154
1,7603,11337.430173925404
1,7604,0.0
1,7605,1.7146157915703952e-07
1,7606,1528.5479319719834
1,7607,17389.26940639094
1,7608,0.0
1,7609,0.0
1,7610,0.0
1,7611,17389.26940639098
1,7612,17389.26940639098
1,7613,17389.269406391013
1,7614,17389.269406392694
1,7615,17389.269406219526
1,7616,17389.269406392694
1,7617,17389.269406334384
1,7618,17389.269406392694
1,7619,17389.269406392694
1,7620,17389.269406392694
1,7621,17389.269406392694
1,7622,17389.269406392694
1,7623,17389.269406372678
1,7624,17389.26940637459
1,7625,17389.269406376156
1,7626,17389.269406377458
1,7627,17389.269406392694
1,7628,17389.269406392694
1,7629,15796.407278502815
1,7630,8053.12702738199
1,7631,14559.25797411011
1,7632,6685.005272912687
1,7633,0.0
1,7634,1.5490513760596514e-08
1,7635,0.0
1,7636,1.8131686374545097e-08
1,7637,2.1798041416332126e-07
1,7638,6278.410922752941
1,7639,14755.58042531043
1,7640,15419.221637890545
1,7641,0.0
1,7642,1.4897523215040565e-08
1,7643,0.0
1,7644,0.0
1,7645,1.8470018403604627e-08
1,7646,0.0
1,7647,0.0
1,7648,17389.269406392694
1,7649,6873.208730409337
1,7650,17389.269406392694
1,7651,12636.307169164002
1,7652,0.0
1,7653,0.0
1,7654,4525.1843598973755
1,7655,5.313631845638156e-08
1,7656,0.0
1,7657,8.944334695115685e-08
1,7658,0.0
1,7659,2.7100395527668297e-07
1,7660,0.0
1,7661,17389.26940638992
1,7662,17389.269406123523
1,7663,1.6688500181771815e-07
1,7664,0.0
1,7665,0.0
1,7666,17389.269406390995
1,7667,17389.269406390955
1,7668,0.0
1,7669,17389.269406390995
1,7670,0.0
1,7671,17389.269406390977
1,7672,17389.26940639098
1,7673,0.0
1,7674,17389.269406390973
1,7675,0.0
1,7676,17389.269406392694
1,7677,17389.269406392694
1,7678,17389.269406392694
1,7679,17389.269406392694
1,7680,0.0
1,7681,6625.675001386735
1,7682,8618.409401322844
1,7683,11385.005321904675
1,7684,14670.27111796362
1,7685,17389.269406392694
1,7686,17389.26940639101
1,7687,0.0
1,7688,0.0
1,7689,17389.269406390977
1,7690,17389.269406390977
1,7691,0.0
1,7692,17389.269406390977
1,7693,17389.269406390977
1,7694,17389.26940639098
1,7695,17389.269406390977
1,7696,0.0
1,7697,17389.269406390995
1,7698,17389.269406390973
1,7699,0.0
1,7700,17389.269406390977
1,7701,0.0
1,7702,6764.3331886017695
1,7703,17389.269406392694
1,7704,0.0
1,7705,0.0
1,7706,0.0
1,7707,14950.175713308074
1,7708,1.417902240063995e-07
1,7709,17389.26940639107
1,7710,0.0
1,7711,17389.269406390977
1,7712,0.0
1,7713,17389.269406390966
1,7714,17389.269406391053
1,7715,15897.249892288452
1,7716,9824.984721574841
1,7717,17389.269406392694
1,7718,17389.26940633439
1,7719,17389.269406392694
1,7720,17389.269406392694
1,7721,17389.269406392694
1,7722,17389.269406392694
1,7723,17389.269406392694
1,7724,17389.269406392694
1,7725,0.0
1,7726,0.0
1,7727,1.9317667465656996e-09
1,7728,0.0
1,7729,1.9717845134437084e-09
1,7730,0.0
1,7731,0.0
1,7732,2.029992174357176e-09
1,7733,2.051820047199726e-09
1,7734,2.0736479200422764e-09
1,7735,17389.269406392694
1,7736,0.0
1,7737,17389.26940639099
1,7738,0.0
1,7739,17389.269406392694
1,7740,17389.269406392694
1,7741,0.0
1,7742,1.1312295100651681e-07
1,7743,17389.269406391
1,7744,17389.269406390984
1,7745,17389.26940639098
1,7746,0.0
1,7747,17389.269406392694
1,7748,17389.269406392694
1,7749,17389.269406392694
1,7750,17389.269406392694
1,7751,12793.192015356071
1,7752,0.0
1,7753,0.0
1,7754,0.0
1,7755,9830.245284513816
1,7756,1.5115801943466067e-07
1,7757,17389.26940639128
1,7758,17389.269406390926
1,7759,0.0
1,7760,17389.269406391126
1,7761,17389.269406392694
1,7762,17389.269406392694
1,7763,17389.269406392694
1,7764,17389.269406392694
1,7765,17389.269406348747
1,7766,17389.26940635736
1,7767,17389.26940636311
1,7768,17389.269406392694
1,7769,17389.269406370284
1,7770,17389.269406372678
1,7771,17389.269406392694
1,7772,17389.269406392694
1,7773,17389.269406392694
1,7774,17389.269406392694
1,7775,17389.269406392694
1,7776,17389.269406392694
1,7777,0.0
1,7778,11711.605967309739
1,7779,0.0
1,7780,0.0
1,7781,4370.886103749541
1,7782,0.0
1,7783,12353.38954025077
1,7784,0.0
1,7785,6096.798982559252
1,7786,0.0
1,7787,1.546140993013978e-08
1,7788,1.6603735275566578e-08
1,7789,1.7917045624926686e-08
1,7790,0.0
1,7791,0.0
1,7792,1519.7240844385706
1,7793,16763.118418824353
1,7794,17389.269406392694
1,7795,17389.269406392694
1,7796,0.0
1,7797,9222.90832394481
1,7798,0.0
1,7799,1069.100643489326
1,7800,0.0
1,7801,0.0
1,7802,3.0104274628683925e-08
1,7803,0.0
1,7804,3.910099621862173e-08
1,7805,4.5845808926969767e-08
1,7806,5.5293639888986945e-08
1,7807,4043.0599648302323
1,7808,8969.575464395415
1,7809,5043.398795824549
1,7810,0.0
1,7811,15939.170322275946
1,7812,0.0
1,7813,0.0
1,7814,1.6715785022825003e-07
1,7815,17389.26940639099
1,7816,17389.269406390962
1,7817,0.0
1,7818,17389.269406390988
1,7819,17389.269406390973
1,7820,5943.478796113031
1,7821,17389.269406392694
1,7822,17389.269406392694
1,7823,17389.269406392694
1,7824,0.0
1,7825,0.0
1,7826,0.0
1,7827,0.0
1,7828,9201.690236395916
1,7829,17389.269406392694
1,7830,17389.269406391162
1,7831,17389.269406390973
1,7832,0.0
1,7833,0.0
1,7834,17389.26940639097
1,7835,0.0
1,7836,0.0
1,7837,0.0
1,7838,17389.2694062402
1,7839,7959.676890106144
1,7840,17389.269406231153
1,7841,17389.269406311523
1,7842,17389.269406392694
1,7843,13011.479985018539
1,7844,0.0
1,7845,0.0
1,7846,2539.151512799508
1,7847,1187.981179897677
1,7848,17389.269406392694
1,7849,16293.486648695209
1,7850,12873.823636191903
1,7851,0.0
1,7852,0.0
1,7853,17389.269406392694
1,7854,0.0
1,7855,17389.269406391002
1,7856,17389.269406312982
1,7857,514.941543561712
1,7858,0.0
1,7859,0.0
1,7860,0.0
1,7861,17389.26940623353
1,7862,17389.269406392694
1,7863,17389.269406392694
1,7864,17389.269406294265
1,7865,17389.26940633199
1,7866,17389.269406392694
1,7867,17389.269406392694
1,7868,14495.195339310165
1,7869,0.0
1,7870,5.659603630192578e-08
1,7871,0.0
1,7872,0.0
1,7873,0.0
1,7874,0.0
1,7875,0.0
1,7876,0.0
1,7877,0.0
1,7878,0.0
1,7879,17389.269406392694
1,7880,0.0
1,7881,17389.26940639119
1,7882,17389.26940639119
1,7883,0.0
1,7884,0.0
1,7885,1425.69469158621
1,7886,17389.269406392694
1,7887,17389.269406392694
1,7888,17389.269406392694
1,7889,17389.269406392694
1,7890,17389.269406392694
1,7891,4211.679873115267
1,7892,0.0
1,7893,1821.9822650824626
1,7894,4.224057192914188e-08
1,7895,0.0
1,7896,8.532879292033613e-08
1,7897,0.0
1,7898,16398.42652972316
1,7899,0.0
1,7900,17389.26940639098
1,7901,17389.269406390973
1,7902,17389.269406224805
1,7903,17389.269406392694
1,7904,1.0506846592761576e-07
1,7905,0.0
1,7906,0.0
1,7907,0.0
1,7908,17389.269406391566
1,7909,17389.269406392694
1,7910,9859.973840868275
1,7911,17389.269406335476
1,7912,17389.269406354364
1,7913,17389.2694063638
1,7914,17389.26940636947
1,7915,17389.269406392694
1,7916,5425.422490975663
1,7917,0.0
1,7918,0.0
1,7919,2.565866452641785e-08
1,7920,3.223249223083258e-08
1,7921,4.3190084397792816e-08
1,7922,0.0
1,7923,0.0
1,7924,10082.93247917106
1,7925,17389.269406391366
1,7926,0.0
1,7927,17389.269406392694
1,7928,17389.26940627865
1,7929,17389.269406392694
1,7930,17389.269406392694
1,7931,14645.100208380198
1,7932,4657.359972108861
1,7933,2808.585183344261
1,7934,17389.269406392694
1,7935,17389.269406377938
1,7936,17389.26940637951
1,7937,17389.269406392694
1,7938,17389.269406392694
1,7939,13001.257316780517
1,7940,1581.269064790522
1,7941,0.0
1,7942,11133.405345313602
1,7943,0.0
1,7944,7.552444003522396e-09
1,7945,0.0
1,7946,8.49468051455915e-09
1,7947,0.0
1,7948,9.68429958447814e-09
1,7949,0.0
1,7950,0.0
1,7951,7.275957614183426e-08
1,7952,1.4624674804508686e-07
1,7953,5362.001753180517
1,7954,4614.580444994397
1,7955,17389.269406392694
1,7956,0.0
1,7957,0.0
1,7958,0.0
1,7959,4419.322148881445
1,7960,10934.412566518084
1,7961,17389.269406373558
1,7962,13870.47166414127
1,7963,17389.269406392694
1,7964,0.0
1,7965,10991.085158686094
1,7966,5593.991466997195
1,7967,8.537608664482832e-08
1,7968,1.7150887288153172e-07
1,7969,0.0
1,7970,0.0
1,7971,0.0
1,7972,0.0
1,7973,17389.269406390977
1,7974,0.0
1,7975,17389.269406390966
1,7976,17389.269406391002
1,7977,0.0
1,7978,0.0
1,7979,17389.26940639098
1,7980,17389.269406390977
1,7981,0.0
1,7982,17389.269406233532
1,7983,1.4015677152201533e-07
1,7984,17389.269406392694
1,7985,17389.26940612846
1,7986,17389.269406392694
1,7987,17389.269406331998
1,7988,13841.858607829978
1,7989,4596.271754318779
1,7990,0.0
1,7991,0.0
1,7992,5.660331225953996e-08
1,7993,0.0
1,7994,0.0
1,7995,9981.823623276417
1,7996,17389.26940639097
1,7997,17389.26940623353
1,7998,17389.269406392694
1,7999,16352.037404510567
1,8000,17389.269406392694
1,8001,17009.77480671847
1,8002,543.9363303630744
1,8003,4900.946448031882
1,8004,2.999149728566408e-08
1,8005,3.671812009997666e-08
1,8006,0.0
1,8007,17389.269406392694
1,8008,17389.269406392694
1,8009,17389.269406392694
1,8010,17389.269406392694
1,8011,0.0
1,8012,8.532515494152904e-08
1,8013,0.0
1,8014,0.0
1,8015,17389.269406390973
1,8016,0.0
1,8017,0.0
1,8018,17389.269406390977
1,8019,0.0
1,8020,0.0
1,8021,17389.269406390962
1,8022,17389.269406221087
1,8023,4114.778401346179
1,8024,17389.26940639249
1,8025,17389.26940639249
1,8026,17389.26940639249
1,8027,17389.269406392694
1,8028,17389.269406392694
1,8029,17389.26940639249
1,8030,17389.269406392694
1,8031,17389.269406392694
1,8032,17389.269406392694
1,8033,17389.269406392497
1,8034,17389.269406392497
1,8035,16243.689766032698
1,8036,17389.269406392694
1,8037,0.0
1,8038,0.0
1,8039,3.787135938182473e-09
1,8040,3.9362930692732334e-09
1,8041,4.1000021155923605e-09
1,8042,0.0
1,8043,4.463799996301532e-09
1,8044,0.0
1,8045,0.0
1,8046,2108.5879520948965
1,8047,13676.74299928738
1,8048,17389.269406392694
1,8049,17389.269406357238
1,8050,17389.269406392694
1,8051,17389.269406392694
1,8052,17389.269406392694
1,8053,16553.51633938611
1,8054,17389.269406379066
1,8055,17389.269406392694
1,8056,17389.269406392694
1,8057,17389.26940638264
1,8058,17389.26940638343
1,8059,9843.783299655046
1,8060,0.0
1,8061,5083.41673725695
1,8062,0.0
1,8063,4.412868293002248e-09
1,8064,0.0
1,8065,0.0
1,8066,0.0
1,8067,5.1259121391922235e-09
1,8068,0.0
1,8069,0.0
1,8070,5.8098521549254656e-09
1,8071,0.0
1,8072,1.3640237739309669e-07
1,8073,4383.61322980669
1,8074,17389.269406392694
1,8075,14764.183870361398
1,8076,8050.020264922961
1,8077,17389.269406392694
1,8078,1136.7464631507282
1,8079,3077.2315224808735
1,8080,3650.546971817166
1,8081,0.0
1,8082,0.0
1,8083,1.2420059647411108e-08
1,8084,1.3522367225959897e-08
1,8085,0.0
1,8086,0.0
1,8087,1.83063093572855e-08
1,8088,2.0696461433544755e-08
1,8089,0.0
1,8090,2.7870555641129613e-08
1,8091,0.0
1,8092,0.0
1,8093,0.0
1,8094,0.0
1,8095,0.0
1,8096,0.0
1,8097,17389.269406390973
1,8098,17389.269406390977
1,8099,17389.269406390984
1,8100,17389.269406390977
1,8101,0.0
1,8102,0.0
1,8103,1746.8447854080332
1,8104,6625.289312054163
1,8105,9427.912914897646
1,8106,17389.269406392694
1,8107,0.0
1,8108,0.0
1,8109,0.0
1,8110,0.0
1,8111,17389.269406390973
1,8112,17389.26940639098
1,8113,17389.26940639098
1,8114,17389.269406390977
1,8115,17389.26940639098
1,8116,17389.269406390977
1,8117,17389.269406390977
1,8118,0.0
1,8119,0.0
1,8120,17389.269406390977
1,8121,17389.26940639098
1,8122,0.0
1,8123,17389.269406390973
1,8124,17389.26940639057
1,8125,17389.26940623396
1,8126,3.592322173062712e-07
1,8127,17389.269406392694
1,8128,17389.269406392694
1,8129,17389.269406392694
1,8130,17389.269406392694
1,8131,9322.099647536215
1,8132,2429.2940786747604
1,8133,13721.033127429355
1,8134,8903.101194582388
1,8135,8.522692951373756e-08
1,8136,1.7099955584853888e-07
1,8137,0.0
1,8138,0.0
1,8139,17389.269406390977
1,8140,0.0
1,8141,0.0
1,8142,17389.269406390977
1,8143,17389.269406390977
1,8144,0.0
1,8145,0.0
1,8146,17389.269406390973
1,8147,17389.269406390988
1,8148,17389.26940639098
1,8149,17389.26940639097
1,8150,17389.26940639094
1,8151,17389.269406243307
1,8152,17389.269406392694
1,8153,17389.269406392694
1,8154,17389.269406392694
1,8155,3854.0351902726434
1,8156,0.0
1,8157,6333.263493171762
1,8158,9037.036135347915
1,8159,0.0
1,8160,0.0
1,8161,0.0
1,8162,0.0
1,8163,17389.269406390977
1,8164,17389.269406390977
1,8165,0.0
1,8166,17389.26940639097
1,8167,0.0
1,8168,1.40342308441177e-07
1,8169,4456.7848281945335
1,8170,2160.7529323588096
1,8171,1176.7959547407409
1,8172,14571.727506077721
1,8173,12170.56310126027
1,8174,17389.269406392694
1,8175,17389.269406392694
1,8176,17389.269406392694
1,8177,17389.269406294272
1,8178,16758.656069113127
1,8179,17389.269406392694
1,8180,17389.269406392694
1,8181,16465.90419698958
1,8182,0.0
1,8183,0.0
1,8184,8.531787898391485e-08
1,8185,0.0
1,8186,0.0
1,8187,0.0
1,8188,0.0
1,8189,17389.269406390926
1,8190,0.0
1,8191,1.255102688446641e-07
1,8192,0.0
1,8193,0.0
1,8194,17389.26940639139
1,8195,0.0
1,8196,0.0
1,8197,0.0
1,8198,8010.706455883046
1,8199,17389.26940626051
1,8200,17389.26940632627
1,8201,17389.269406348194
1,8202,17389.26940635915
1,8203,17389.269406392694
1,8204,17389.269406392694
1,8205,16970.18051307504
1,8206,9659.403857584988
1,8207,209.54756738916694
1,8208,3.7049176171422005e-08
1,8209,0.0
1,8210,7.484413799829781e-08
1,8211,0.0
1,8212,0.0
1,8213,0.0
1,8214,17389.269406242413
1,8215,17389.269406392694
1,8216,17389.26940639265
1,8217,17389.269406392694
1,8218,17389.26940639265
1,8219,17389.26940639265
1,8220,17389.269406392694
1,8221,17389.269406392694
1,8222,17389.269406392694
1,8223,17389.26940639265
1,8224,17389.26940639265
1,8225,17389.26940639265
1,8226,17389.26940639265
1,8227,17135.374764250588
1,8228,6964.0721424864605
1,8229,15408.286412913792
1,8230,0.0
1,8231,0.0
1,8232,0.0
1,8233,0.0
1,8234,0.0
1,8235,3.14321368932724e-09
1,8236,3.2523530535399914e-09
1,8237,0.0
1,8238,0.0
1,8239,15272.044369671861
1,8240,17389.269406392672
1,8241,17389.269406392694
1,8242,17389.269406392672
1,8243,17389.269406392672
1,8244,17389.269406392694
1,8245,17389.269406392672
1,8246,17389.269406392672
1,8247,17389.269406392672
1,8248,17389.269406392672
1,8249,17389.269406392694
1,8250,17389.269406392672
1,8251,17389.269406392512
1,8252,6951.289828306013
1,8253,14857.306734713213
1,8254,5193.169714383555
1,8255,0.0
1,8256,5.889887688681483e-09
1,8257,0.0
1,8258,6.5592757891863585e-09
1,8259,0.0
1,8260,0.0
1,8261,7.865310180932283e-09
1,8262,0.0
1,8263,3.128661774098873e-08
1,8264,4.192770575173199e-08
1,8265,6.32135197520256e-08
1,8266,1.270891516469419e-07
1,8267,0.0
1,8268,0.0
1,8269,0.0
1,8270,0.0
1,8271,17389.269406392694
1,8272,17389.269406392694
1,8273,17389.269406392694
1,8274,17389.269406392694
1,8275,9315.540066672613
1,8276,0.0
1,8277,0.0
1,8278,8.163624443113804e-09
1,8279,0.0
1,8280,9.207724360749125e-09
1,8281,0.0
1,8282,0.0
1,8283,1.1332303984090686e-08
1,8284,0.0
1,8285,0.0
1,8286,0.0
1,8287,1.611624611541629e-08
1,8288,0.0
1,8289,0.0
1,8290,1.1266456567682326e-07
1,8291,0.0
1,8292,0.0
1,8293,0.0
1,8294,0.0
1,8295,17389.269406391173
1,8296,17389.269406392694
1,8297,17389.269406237454
1,8298,17389.26940631468
1,8299,17389.269406392694
1,8300,17389.269406392694
1,8301,17389.269406392694
1,8302,0.0
1,8303,0.0
1,8304,203.9003661756724
1,8305,0.0
1,8306,0.0
1,8307,0.0
1,8308,0.0
1,8309,17389.269406390977
1,8310,0.0
1,8311,0.0
1,8312,17389.269406233543
1,8313,17389.269406392694
1,8314,17389.269406391162
1,8315,0.0
1,8316,17389.26940639115
1,8317,0.0
1,8318,17389.269406391195
1,8319,9845.806564430935
1,8320,16727.534930545586
1,8321,17389.269406392694
1,8322,17389.269406392694
1,8323,11024.04262620457
1,8324,17389.269406392694
1,8325,8672.5231452282
1,8326,0.0
1,8327,0.0
1,8328,0.0
1,8329,0.0
1,8330,0.0
1,8331,17389.269406390977
1,8332,17389.26940639097
1,8333,17389.269406390955
1,8334,17389.269406391
1,8335,0.0
1,8336,0.0
1,8337,0.0
1,8338,0.0
1,8339,0.0
1,8340,0.0
1,8341,17389.269406390973
1,8342,0.0
1,8343,3282.8831400493254
1,8344,11756.603989518957
1,8345,13816.695657413267
1,8346,17389.269406392694
1,8347,0.0
1,8348,8471.48083894098
1,8349,0.0
1,8350,0.0
1,8351,0.0
1,8352,0.0
1,8353,0.0
1,8354,17389.269406390977
1,8355,0.0
1,8356,17389.269406390977
1,8357,0.0
1,8358,0.0
1,8359,0.0
1,8360,17389.269406392694
1,8361,17389.26940639139
1,8362,0.0
1,8363,0.0
1,8364,17389.269406391384
1,8365,17389.269406391395
1,8366,17389.269406392694
1,8367,17389.26940626051
1,8368,17389.26940632627
1,8369,17389.269406392694
1,8370,17389.269406392694
1,8371,17389.269406392694
1,8372,2808.51367029639
1,8373,12847.655087623301
1,8374,0.0
1,8375,0.0
1,8376,0.0
1,8377,0.0
1,8378,0.0
1,8379,1.9997241906821728e-07
1,8380,17389.26940593544
1,8381,0.0
1,8382,17389.269406392694
1,8383,7512.270748283085
1,8384,17389.269406256284
1,8385,17389.269406392694
1,8386,17389.269406392694
1,8387,16373.806279288958
1,8388,17389.269406392694
1,8389,8716.948796725097
1,8390,17389.269406372612
1,8391,17389.269406392694
1,8392,17389.269406392694
1,8393,17389.269406378433
1,8394,17389.269406392694
1,8395,15297.8350636103
1,8396,0.0
1,8397,1.6389094525948167e-08
1,8398,0.0
1,8399,0.0
1,8400,2.3770553525537252e-08
1,8401,2.7874193619936705e-08
1,8402,0.0
1,8403,0.0
1,8404,5.6588760344311595e-08
1,8405,0.0
1,8406,1.7145430319942534e-07
1,8407,6607.29772001737
1,8408,0.0
1,8409,17389.269406390962
1,8410,17389.26940639098
1,8411,0.0
1,8412,17389.269406390973
1,8413,17389.269406390973
1,8414,17389.26940624738
1,8415,1986.190930108889
1,8416,8057.7577568387605
1,8417,17389.269406392694
1,8418,796.4560157349879
1,8419,0.0
1,8420,7872.696051078872
1,8421,0.0
1,8422,17389.269406390984
1,8423,0.0
1,8424,17389.269406390988
1,8425,17389.26940639094
1,8426,0.0
1,8427,17389.269406390973
1,8428,0.0
1,8429,0.0
1,8430,17389.26940639097
1,8431,0.0
1,8432,17389.269406392694
1,8433,15938.187480458077
1,8434,0.0
1,8435,0.0
1,8436,0.0
1,8437,0.0
1,8438,0.0
1,8439,9282.469744246395
1,8440,17389.269406392694
1,8441,17389.269406392694
1,8442,13388.198605952502
1,8443,2600.9880909008934
1,8444,0.0
1,8445,17389.269406390966
1,8446,17389.269406391024
1,8447,6264.951112130842
1,8448,3993.7643192691867
1,8449,0.0
1,8450,0.0
1,8451,0.0
1,8452,0.0
1,8453,17389.269406240404
1,8454,17389.269406392694
1,8455,17389.269406391002
1,8456,0.0
1,8457,17389.26940639098
1,8458,0.0
1,8459,17389.26940639098
1,8460,17389.269406390973
1,8461,17389.269406390977
1,8462,0.0
1,8463,0.0
1,8464,17389.26940639098
1,8465,0.0
1,8466,17389.26940639098
1,8467,0.0
1,8468,0.0
1,8469,0.0
1,8470,17389.26940639098
1,8471,0.0
1,8472,17389.269406390984
1,8473,17389.269406390988
1,8474,17389.269406390955
1,8475,0.0
1,8476,17389.269406390973
1,8477,0.0
1,8478,17389.26940639098
1,8479,0.0
1,8480,17389.26940639098
1,8481,0.0
1,8482,0.0
1,8483,0.0
1,8484,0.0
1,8485,0.0
1,8486,17389.269406390973
1,8487,0.0
1,8488,0.0
1,8489,4846.291343653142
1,8490,3301.2906458097605
1,8491,0.0
1,8492,10926.724741827335
1,8493,0.0
1,8494,17389.26940639098
1,8495,0.0
1,8496,0.0
1,8497,17389.269406390977
1,8498,0.0
1,8499,17389.269406391013
1,8500,17389.269406390984
1,8501,17389.269406390984
1,8502,0.0
1,8503,0.0
1,8504,6296.488638753031
1,8505,6844.847056144627
1,8506,17389.269406392694
1,8507,17389.269406392694
1,8508,0.0
1,8509,17389.269406392694
1,8510,17389.269406392694
1,8511,17389.269406270632
1,8512,17389.269406392694
1,8513,17389.269406341515
1,8514,17389.269406352887
1,8515,17389.269406392694
1,8516,17389.269406392694
1,8517,0.0
1,8518,0.0
1,8519,1.8844730220735073e-09
1,8520,1.902662916108966e-09
1,8521,0.0
1,8522,1.939042704179883e-09
1,8523,0.0
1,8524,1.979060471057892e-09
1,8525,2.000888343900442e-09
1,8526,0.0
1,8527,0.0
1,8528,1.6124977264553308e-07
1,8529,0.0
1,8530,0.0
1,8531,0.0
1,8532,0.0
1,8533,17389.26940639098
1,8534,0.0
1,8535,0.0
1,8536,0.0
1,8537,5276.3752202268115
1,8538,17389.269406392694
1,8539,17389.269406392694
1,8540,0.0
1,8541,11956.546722578189
1,8542,3988.8931746482995
1,8543,16670.993067431173
1,8544,0.0
1,8545,17389.26940639098
1,8546,17389.26940639098
1,8547,17389.269406390977
1,8548,0.0
1,8549,0.0
1,8550,1.5060504665598273e-07
1,8551,17389.269406392694
1,8552,17389.269406392694
1,8553,17389.26940633122
1,8554,17389.26940635045
1,8555,17389.269406392694
1,8556,17389.26940636656
1,8557,17389.269406392694
1,8558,17389.269406373667
1,8559,17389.269406392694
1,8560,17389.269406392694
1,8561,17389.269406392694
1,8562,7691.415564102077
1,8563,10933.370199735127
1,8564,1.1474185157567263e-08
1,8565,1.2420059647411108e-08
1,8566,1.3522367225959897e-08
1,8567,0.0
1,8568,1.639273250475526e-08
1,8569,1.83063093572855e-08
1,8570,2.0696461433544755e-08
1,8571,2.3770553525537252e-08
1,8572,0.0
1,8573,0.0
1,8574,0.0
1,8575,0.0
1,8576,0.0
1,8577,0.0
1,8578,14829.446950680114
1,8579,0.0
1,8580,0.0
1,8581,0.0
1,8582,17389.26940623436
1,8583,17389.269406392694
1,8584,17389.269406294105
1,8585,17389.269406331954
1,8586,17004.081517553557
1,8587,17389.269406392694
1,8588,15818.688746507702
1,8589,0.0
1,8590,5.659603630192578e-08
1,8591,0.0
1,8592,1.7149795894511044e-07
1,8593,0.0
1,8594,17389.269406390973
1,8595,0.0
1,8596,17389.269406390977
1,8597,17389.269406390977
1,8598,17389.26940639098
1,8599,17389.269406390977
1,8600,17389.269406390977
1,8601,17389.269406390984
1,8602,17389.26940639098
1,8603,17389.269406390988
1,8604,0.0
1,8605,17389.269406390973
1,8606,0.0
1,8607,17389.269406392694
1,8608,17389.269406392694
1,8609,17389.269406392694
1,8610,17389.269406392694
1,8611,11702.055347440193
1,8612,17389.269406392694
1,8613,17389.269406392694
1,8614,17389.269406392694
1,8615,17389.269406392694
1,8616,17389.269406392694
1,8617,17389.269406348747
1,8618,17389.269406392694
1,8619,17389.269406363088
1,8620,16589.21247584592
1,8621,13587.95945427696
1,8622,15455.772279280125
1,8623,17389.269406374584
1,8624,17389.269406392694
1,8625,17389.269406392694
1,8626,17389.269406378564
1,8627,17389.269406392694
1,8628,12816.25231356268
1,8629,6589.617413808181
1,8630,7304.846581557595
1,8631,11363.192212396418
1,8632,16336.497660755693
1,8633,17389.269406375195
1,8634,17389.269406392694
1,8635,7463.555226398454
1,8636,0.0
1,8637,0.0
1,8638,0.0
1,8639,2.2228050511330366e-09
1,8640,0.0
1,8641,0.0
1,8642,0.0
1,8643,0.0
1,8644,2.3355823941528797e-09
1,8645,0.0
1,8646,0.0
1,8647,2.4047039914876223e-09
1,8648,0.0
1,8649,0.0
1,8650,0.0
1,8651,2.5029294192790985e-09
1,8652,2.5283952709287405e-09
1,8653,0.0
1,8654,0.0
1,8655,2.6047928258776665e-09
1,8656,0.0
1,8657,0.0
1,8658,1.3598764780908823e-07
1,8659,0.0
1,8660,179.0921010042366
1,8661,946.7526989729813
1,8662,0.0
1,8663,3.876630216836929e-08
1,8664,0.0
1,8665,0.0
1,8666,6.507252692244947e-08
1,8667,3265.6540431000467
1,8668,0.0
1,8669,1.6745252651162446e-07
1,8670,0.0
1,8671,0.0
1,8672,17389.269406392694
1,8673,0.0
1,8674,17389.269406391388
1,8675,0.0
1,8676,7503.086332503492
1,8677,17389.269406260475
1,8678,17389.269406392694
1,8679,17389.269406392694
1,8680,17389.26940635915
1,8681,17389.269406392694
1,8682,17389.269406392694
1,8683,17389.269406392694
1,8684,17389.269406392694
1,8685,16310.327931688062
1,8686,7478.205534546527
1,8687,0.0
1,8688,0.0
1,8689,0.0
1,8690,0.0
1,8691,0.0
1,8692,0.0
1,8693,0.0
1,8694,0.0
1,8695,17389.269406392694
1,8696,0.0
1,8697,0.0
1,8698,17389.26940639115
1,8699,17389.269406392694
1,8700,2056.1583812443605
1,8701,16041.318920818274
1,8702,1932.6377393064104
1,8703,17389.269406392694
1,8704,17389.269406392694
1,8705,17389.269406364157
1,8706,6718.9755382214935
1,8707,0.0
1,8708,8.537244866602123e-08
1,8709,0.0
1,8710,0.0
1,8711,17389.269406391013
1,8712,0.0
1,8713,0.0
1,8714,0.0
1,8715,0.0
1,8716,0.0
1,8717,17389.269406390915
1,8718,0.0
1,8719,0.0
1,8720,0.0
1,8721,17389.269406390962
1,8722,0.0
1,8723,17389.269406390977
1,8724,0.0
1,8725,17389.26940639097
1,8726,0.0
1,8727,3606.2368108715345
1,8728,17389.269406392694
1,8729,17389.269406392694
1,8730,16779.25702484174
1,8731,0.0
1,8732,400.11799532411897
1,8733,0.0
1,8734,0.0
1,8735,0.0
1,8736,17389.269406390922
1,8737,17389.26940639097
1,8738,0.0
1,8739,17389.269406390944
1,8740,17389.269406391
1,8741,0.0
1,8742,17389.2694063909
1,8743,0.0
1,8744,9741.290243227653
1,8745,17389.269406392694
1,8746,11896.819715205851
1,8747,0.0
1,8748,0.0
1,8749,0.0
1,8750,17389.269406392694
1,8751,17389.269406392694
1,8752,17389.269406392694
1,8753,17389.269406392694
1,8754,17389.269406332005
1,8755,17389.269406392694
1,8756,17389.269406392694
1,8757,0.0
1,8758,0.0
1,8759,0.0
