D,T,value
0,0,0.0
0,1,0.0
0,2,0.0
0,3,0.0
0,4,0.0
0,5,0.0
0,6,0.0
0,7,0.0
0,8,0.0
0,9,0.0
0,10,0.0
0,11,0.0
0,12,0.0
0,13,0.0
0,14,0.0
0,15,0.0
0,16,0.0
0,17,0.0
0,18,0.0
0,19,0.0
0,20,0.0
0,21,0.0
0,22,0.0
0,23,0.0
0,24,0.0
0,25,0.0
0,26,0.0
0,27,0.0
0,28,0.0
0,29,0.0
0,30,0.0
0,31,0.0
0,32,0.0
0,33,0.0
0,34,0.0
0,35,0.0
0,36,0.0
0,37,0.0
0,38,0.0
0,39,0.0
0,40,0.0
0,41,0.0
0,42,0.0
0,43,0.0
0,44,0.0
0,45,0.0
0,46,0.0
0,47,0.0
0,48,0.0
0,49,0.0
0,50,0.0
0,51,0.0
0,52,0.0
0,53,0.0
0,54,0.0
0,55,0.0
0,56,0.0
0,57,0.0
0,58,0.0
0,59,0.0
0,60,0.0
0,61,0.0
0,62,0.0
0,63,0.0
0,64,0.0
0,65,0.0
0,66,0.0
0,67,0.0
0,68,0.0
0,69,0.0
0,70,0.0
0,71,0.0
0,72,0.0
0,73,0.0
0,74,0.0
0,75,0.0
0,76,0.0
0,77,0.0
0,78,0.0
0,79,0.0
0,80,0.0
0,81,0.0
0,82,0.0
0,83,0.0
0,84,0.0
0,85,0.0
0,86,0.0
0,87,0.0
0,88,0.0
0,89,0.0
0,90,0.0
0,91,0.0
0,92,0.0
0,93,0.0
0,94,0.0
0,95,0.0
0,96,0.0
0,97,0.0
0,98,0.0
0,99,0.0
0,100,0.0
0,101,0.0
0,102,0.0
0,103,0.0
0,104,0.0
0,105,0.0
0,106,0.0
0,107,0.0
0,108,0.0
0,109,0.0
0,110,0.0
0,111,0.0
0,112,0.0
0,113,0.0
0,114,0.0
0,115,0.0
0,116,0.0
0,117,0.0
0,118,0.0
0,119,0.0
0,120,0.0
0,121,0.0
0,122,0.0
0,123,0.0
0,124,0.0
0,125,0.0
0,126,0.0
0,127,0.0
0,128,0.0
0,129,0.0
0,130,0.0
0,131,0.0
0,132,0.0
0,133,0.0
0,134,0.0
0,135,0.0
0,136,0.0
0,137,0.0
0,138,0.0
0,139,0.0
0,140,0.0
0,141,0.0
0,142,0.0
0,143,0.0
0,144,0.0
0,145,0.0
0,146,0.0
0,147,0.0
0,148,0.0
0,149,0.0
0,150,0.0
0,151,0.0
0,152,0.0
0,153,0.0
0,154,0.0
0,155,0.0
0,156,0.0
0,157,0.0
0,158,0.0
0,159,0.0
0,160,0.0
0,161,0.0
0,162,0.0
0,163,0.0
0,164,0.0
0,165,0.0
0,166,0.0
0,167,0.0
0,168,0.0
0,169,0.0
0,170,0.0
0,171,0.0
0,172,0.0
0,173,0.0
0,174,0.0
0,175,0.0
0,176,0.0
0,177,0.0
0,178,0.0
0,179,0.0
0,180,0.0
0,181,0.0
0,182,0.0
0,183,0.0
0,184,0.0
0,185,0.0
0,186,0.0
0,187,0.0
0,188,0.0
0,189,0.0
0,190,0.0
0,191,0.0
0,192,0.0
0,193,0.0
0,194,0.0
0,195,0.0
0,196,0.0
0,197,0.0
0,198,0.0
0,199,0.0
0,200,0.0
0,201,0.0
0,202,0.0
0,203,0.0
0,204,0.0
0,205,0.0
0,206,0.0
0,207,0.0
0,208,0.0
0,209,0.0
0,210,0.0
0,211,0.0
0,212,0.0
0,213,0.0
0,214,0.0
0,215,0.0
0,216,0.0
0,217,0.0
0,218,0.0
0,219,0.0
0,220,0.0
0,221,0.0
0,222,0.0
0,223,0.0
0,224,0.0
0,225,0.0
0,226,0.0
0,227,0.0
0,228,0.0
0,229,0.0
0,230,0.0
0,231,0.0
0,232,0.0
0,233,0.0
0,234,0.0
0,235,0.0
0,236,0.0
0,237,0.0
0,238,0.0
0,239,0.0
0,240,0.0
0,241,0.0
0,242,0.0
0,243,0.0
0,244,0.0
0,245,0.0
0,246,0.0
0,247,0.0
0,248,0.0
0,249,0.0
0,250,0.0
0,251,0.0
0,252,0.0
0,253,0.0
0,254,0.0
0,255,0.0
0,256,0.0
0,257,0.0
0,258,0.0
0,259,0.0
0,260,0.0
0,261,0.0
0,262,0.0
0,263,0.0
0,264,0.0
0,265,0.0
0,266,0.0
0,267,0.0
0,268,0.0
0,269,0.0
0,270,0.0
0,271,0.0
0,272,0.0
0,273,0.0
0,274,0.0
0,275,0.0
0,276,0.0
0,277,0.0
0,278,0.0
0,279,0.0
0,280,0.0
0,281,0.0
0,282,0.0
0,283,0.0
0,284,0.0
0,285,0.0
0,286,0.0
0,287,0.0
0,288,0.0
0,289,0.0
0,290,0.0
0,291,0.0
0,292,0.0
0,293,0.0
0,294,0.0
0,295,0.0
0,296,0.0
0,297,0.0
0,298,0.0
0,299,0.0
0,300,0.0
0,301,0.0
0,302,0.0
0,303,0.0
0,304,0.0
0,305,0.0
0,306,0.0
0,307,0.0
0,308,0.0
0,309,0.0
0,310,0.0
0,311,0.0
0,312,0.0
0,313,0.0
0,314,0.0
0,315,0.0
0,316,0.0
0,317,0.0
0,318,0.0
0,319,0.0
0,320,0.0
0,321,0.0
0,322,0.0
0,323,0.0
0,324,0.0
0,325,0.0
0,326,0.0
0,327,0.0
0,328,0.0
0,329,0.0
0,330,0.0
0,331,0.0
0,332,0.0
0,333,0.0
0,334,0.0
0,335,0.0
0,336,0.0
0,337,0.0
0,338,0.0
0,339,0.0
0,340,0.0
0,341,0.0
0,342,0.0
0,343,0.0
0,344,0.0
0,345,0.0
0,346,0.0
0,347,0.0
0,348,0.0
0,349,0.0
0,350,0.0
0,351,0.0
0,352,0.0
0,353,0.0
0,354,0.0
0,355,0.0
0,356,0.0
0,357,0.0
0,358,0.0
0,359,0.0
0,360,0.0
0,361,0.0
0,362,0.0
0,363,0.0
0,364,0.0
0,365,0.0
0,366,0.0
0,367,0.0
0,368,0.0
0,369,0.0
0,370,0.0
0,371,0.0
0,372,0.0
0,373,0.0
0,374,0.0
0,375,0.0
0,376,0.0
0,377,0.0
0,378,0.0
0,379,0.0
0,380,0.0
0,381,0.0
0,382,0.0
0,383,0.0
0,384,0.0
0,385,0.0
0,386,0.0
0,387,0.0
0,388,0.0
0,389,0.0
0,390,0.0
0,391,0.0
0,392,0.0
0,393,0.0
0,394,0.0
0,395,0.0
0,396,0.0
0,397,0.0
0,398,0.0
0,399,0.0
0,400,0.0
0,401,0.0
0,402,0.0
0,403,0.0
0,404,0.0
0,405,0.0
0,406,0.0
0,407,0.0
0,408,0.0
0,409,0.0
0,410,0.0
0,411,0.0
0,412,0.0
0,413,0.0
0,414,0.0
0,415,0.0
0,416,0.0
0,417,0.0
0,418,0.0
0,419,0.0
0,420,0.0
0,421,0.0
0,422,0.0
0,423,0.0
0,424,0.0
0,425,0.0
0,426,0.0
0,427,0.0
0,428,0.0
0,429,0.0
0,430,0.0
0,431,0.0
0,432,0.0
0,433,0.0
0,434,0.0
0,435,0.0
0,436,0.0
0,437,0.0
0,438,0.0
0,439,0.0
0,440,0.0
0,441,0.0
0,442,0.0
0,443,0.0
0,444,0.0
0,445,0.0
0,446,0.0
0,447,0.0
0,448,0.0
0,449,0.0
0,450,0.0
0,451,0.0
0,452,0.0
0,453,0.0
0,454,0.0
0,455,0.0
0,456,0.0
0,457,0.0
0,458,0.0
0,459,0.0
0,460,0.0
0,461,0.0
0,462,0.0
0,463,0.0
0,464,0.0
0,465,0.0
0,466,0.0
0,467,0.0
0,468,0.0
0,469,0.0
0,470,0.0
0,471,0.0
0,472,0.0
0,473,0.0
0,474,0.0
0,475,0.0
0,476,0.0
0,477,0.0
0,478,0.0
0,479,0.0
0,480,0.0
0,481,0.0
0,482,0.0
0,483,0.0
0,484,0.0
0,485,0.0
0,486,0.0
0,487,0.0
0,488,0.0
0,489,0.0
0,490,0.0
0,491,0.0
0,492,0.0
0,493,0.0
0,494,0.0
0,495,0.0
0,496,0.0
0,497,0.0
0,498,0.0
0,499,0.0
0,500,0.0
0,501,0.0
0,502,0.0
0,503,0.0
0,504,0.0
0,505,0.0
0,506,0.0
0,507,0.0
0,508,0.0
0,509,0.0
0,510,0.0
0,511,0.0
0,512,0.0
0,513,0.0
0,514,0.0
0,515,0.0
0,516,0.0
0,517,0.0
0,518,0.0
0,519,0.0
0,520,0.0
0,521,0.0
0,522,0.0
0,523,0.0
0,524,0.0
0,525,0.0
0,526,0.0
0,527,0.0
0,528,0.0
0,529,0.0
0,530,0.0
0,531,0.0
0,532,0.0
0,533,0.0
0,534,0.0
0,535,0.0
0,536,0.0
0,537,0.0
0,538,0.0
0,539,0.0
0,540,0.0
0,541,0.0
0,542,0.0
0,543,0.0
0,544,0.0
0,545,0.0
0,546,0.0
0,547,0.0
0,548,0.0
0,549,0.0
0,550,0.0
0,551,0.0
0,552,0.0
0,553,0.0
0,554,0.0
0,555,0.0
0,556,0.0
0,557,0.0
0,558,0.0
0,559,0.0
0,560,0.0
0,561,0.0
0,562,0.0
0,563,0.0
0,564,0.0
0,565,0.0
0,566,0.0
0,567,0.0
0,568,0.0
0,569,0.0
0,570,0.0
0,571,0.0
0,572,0.0
0,573,0.0
0,574,0.0
0,575,0.0
0,576,0.0
0,577,0.0
0,578,0.0
0,579,0.0
0,580,0.0
0,581,0.0
0,582,0.0
0,583,0.0
0,584,0.0
0,585,0.0
0,586,0.0
0,587,0.0
0,588,0.0
0,589,0.0
0,590,0.0
0,591,0.0
0,592,0.0
0,593,0.0
0,594,0.0
0,595,0.0
0,596,0.0
0,597,0.0
0,598,0.0
0,599,0.0
0,600,0.0
0,601,0.0
0,602,0.0
0,603,0.0
0,604,0.0
0,605,0.0
0,606,0.0
0,607,0.0
0,608,0.0
0,609,0.0
0,610,0.0
0,611,0.0
0,612,0.0
0,613,0.0
0,614,0.0
0,615,0.0
0,616,0.0
0,617,0.0
0,618,0.0
0,619,0.0
0,620,0.0
0,621,0.0
0,622,0.0
0,623,0.0
0,624,0.0
0,625,0.0
0,626,0.0
0,627,0.0
0,628,0.0
0,629,0.0
0,630,0.0
0,631,0.0
0,632,0.0
0,633,0.0
0,634,0.0
0,635,0.0
0,636,0.0
0,637,0.0
0,638,0.0
0,639,0.0
0,640,0.0
0,641,0.0
0,642,0.0
0,643,0.0
0,644,0.0
0,645,0.0
0,646,0.0
0,647,0.0
0,648,0.0
0,649,0.0
0,650,0.0
0,651,0.0
0,652,0.0
0,653,0.0
0,654,0.0
0,655,0.0
0,656,0.0
0,657,0.0
0,658,0.0
0,659,0.0
0,660,0.0
0,661,0.0
0,662,0.0
0,663,0.0
0,664,0.0
0,665,0.0
0,666,0.0
0,667,0.0
0,668,0.0
0,669,0.0
0,670,0.0
0,671,0.0
0,672,0.0
0,673,0.0
0,674,0.0
0,675,0.0
0,676,0.0
0,677,0.0
0,678,0.0
0,679,0.0
0,680,0.0
0,681,0.0
0,682,0.0
0,683,0.0
0,684,0.0
0,685,0.0
0,686,0.0
0,687,0.0
0,688,0.0
0,689,0.0
0,690,0.0
0,691,0.0
0,692,0.0
0,693,0.0
0,694,0.0
0,695,0.0
0,696,0.0
0,697,0.0
0,698,0.0
0,699,0.0
0,700,0.0
0,701,0.0
0,702,0.0
0,703,0.0
0,704,0.0
0,705,0.0
0,706,0.0
0,707,0.0
0,708,0.0
0,709,0.0
0,710,0.0
0,711,0.0
0,712,0.0
0,713,0.0
0,714,0.0
0,715,0.0
0,716,0.0
0,717,0.0
0,718,0.0
0,719,0.0
0,720,0.0
0,721,0.0
0,722,0.0
0,723,0.0
0,724,0.0
0,725,0.0
0,726,0.0
0,727,0.0
0,728,0.0
0,729,0.0
0,730,0.0
0,731,0.0
0,732,0.0
0,733,0.0
0,734,0.0
0,735,0.0
0,736,0.0
0,737,0.0
0,738,0.0
0,739,0.0
0,740,0.0
0,741,0.0
0,742,0.0
0,743,0.0
0,744,0.0
0,745,0.0
0,746,0.0
0,747,0.0
0,748,0.0
0,749,0.0
0,750,0.0
0,751,0.0
0,752,0.0
0,753,0.0
0,754,0.0
0,755,0.0
0,756,0.0
0,757,0.0
0,758,0.0
0,759,0.0
0,760,0.0
0,761,0.0
0,762,0.0
0,763,0.0
0,764,0.0
0,765,0.0
0,766,0.0
0,767,0.0
0,768,0.0
0,769,0.0
0,770,0.0
0,771,0.0
0,772,0.0
0,773,0.0
0,774,0.0
0,775,0.0
0,776,0.0
0,777,0.0
0,778,0.0
0,779,0.0
0,780,0.0
0,781,0.0
0,782,0.0
0,783,0.0
0,784,0.0
0,785,0.0
0,786,0.0
0,787,0.0
0,788,0.0
0,789,0.0
0,790,0.0
0,791,0.0
0,792,0.0
0,793,0.0
0,794,0.0
0,795,0.0
0,796,0.0
0,797,0.0
0,798,0.0
0,799,0.0
0,800,0.0
0,801,0.0
0,802,0.0
0,803,0.0
0,804,0.0
0,805,0.0
0,806,0.0
0,807,0.0
0,808,0.0
0,809,0.0
0,810,0.0
0,811,0.0
0,812,0.0
0,813,0.0
0,814,0.0
0,815,0.0
0,816,0.0
0,817,0.0
0,818,0.0
0,819,0.0
0,820,0.0
0,821,0.0
0,822,0.0
0,823,0.0
0,824,0.0
0,825,0.0
0,826,0.0
0,827,0.0
0,828,0.0
0,829,0.0
0,830,0.0
0,831,0.0
0,832,0.0
0,833,0.0
0,834,0.0
0,835,0.0
0,836,0.0
0,837,0.0
0,838,0.0
0,839,0.0
0,840,0.0
0,841,0.0
0,842,0.0
0,843,0.0
0,844,0.0
0,845,0.0
0,846,0.0
0,847,0.0
0,848,0.0
0,849,0.0
0,850,0.0
0,851,0.0
0,852,0.0
0,853,0.0
0,854,0.0
0,855,0.0
0,856,0.0
0,857,0.0
0,858,0.0
0,859,0.0
0,860,0.0
0,861,0.0
0,862,0.0
0,863,0.0
0,864,0.0
0,865,0.0
0,866,0.0
0,867,0.0
0,868,0.0
0,869,0.0
0,870,0.0
0,871,0.0
0,872,0.0
0,873,0.0
0,874,0.0
0,875,0.0
0,876,0.0
0,877,0.0
0,878,0.0
0,879,0.0
0,880,0.0
0,881,0.0
0,882,0.0
0,883,0.0
0,884,0.0
0,885,0.0
0,886,0.0
0,887,0.0
0,888,0.0
0,889,0.0
0,890,0.0
0,891,0.0
0,892,0.0
0,893,0.0
0,894,0.0
0,895,0.0
0,896,0.0
0,897,0.0
0,898,0.0
0,899,0.0
0,900,0.0
0,901,0.0
0,902,0.0
0,903,0.0
0,904,0.0
0,905,0.0
0,906,0.0
0,907,0.0
0,908,0.0
0,909,0.0
0,910,0.0
0,911,0.0
0,912,0.0
0,913,0.0
0,914,0.0
0,915,0.0
0,916,0.0
0,917,0.0
0,918,0.0
0,919,0.0
0,920,0.0
0,921,0.0
0,922,0.0
0,923,0.0
0,924,0.0
0,925,0.0
0,926,0.0
0,927,0.0
0,928,0.0
0,929,0.0
0,930,0.0
0,931,0.0
0,932,0.0
0,933,0.0
0,934,0.0
0,935,0.0
0,936,0.0
0,937,0.0
0,938,0.0
0,939,0.0
0,940,0.0
0,941,0.0
0,942,0.0
0,943,0.0
0,944,0.0
0,945,0.0
0,946,0.0
0,947,0.0
0,948,0.0
0,949,0.0
0,950,0.0
0,951,0.0
0,952,0.0
0,953,0.0
0,954,0.0
0,955,0.0
0,956,0.0
0,957,0.0
0,958,0.0
0,959,0.0
0,960,0.0
0,961,0.0
0,962,0.0
0,963,0.0
0,964,0.0
0,965,0.0
0,966,0.0
0,967,0.0
0,968,0.0
0,969,0.0
0,970,0.0
0,971,0.0
0,972,0.0
0,973,0.0
0,974,0.0
0,975,0.0
0,976,0.0
0,977,0.0
0,978,0.0
0,979,0.0
0,980,0.0
0,981,0.0
0,982,0.0
0,983,0.0
0,984,0.0
0,985,0.0
0,986,0.0
0,987,0.0
0,988,0.0
0,989,0.0
0,990,0.0
0,991,0.0
0,992,0.0
0,993,0.0
0,994,0.0
0,995,0.0
0,996,0.0
0,997,0.0
0,998,0.0
0,999,0.0
0,1000,0.0
0,1001,0.0
0,1002,0.0
0,1003,0.0
0,1004,0.0
0,1005,0.0
0,1006,0.0
0,1007,0.0
0,1008,0.0
0,1009,0.0
0,1010,0.0
0,1011,0.0
0,1012,0.0
0,1013,0.0
0,1014,0.0
0,1015,0.0
0,1016,0.0
0,1017,0.0
0,1018,0.0
0,1019,0.0
0,1020,0.0
0,1021,0.0
0,1022,0.0
0,1023,0.0
0,1024,0.0
0,1025,0.0
0,1026,0.0
0,1027,0.0
0,1028,0.0
0,1029,0.0
0,1030,0.0
0,1031,0.0
0,1032,0.0
0,1033,0.0
0,1034,0.0
0,1035,0.0
0,1036,0.0
0,1037,0.0
0,1038,0.0
0,1039,0.0
0,1040,0.0
0,1041,0.0
0,1042,0.0
0,1043,0.0
0,1044,0.0
0,1045,0.0
0,1046,0.0
0,1047,0.0
0,1048,0.0
0,1049,0.0
0,1050,0.0
0,1051,0.0
0,1052,0.0
0,1053,0.0
0,1054,0.0
0,1055,0.0
0,1056,0.0
0,1057,0.0
0,1058,0.0
0,1059,0.0
0,1060,0.0
0,1061,0.0
0,1062,0.0
0,1063,0.0
0,1064,0.0
0,1065,0.0
0,1066,0.0
0,1067,0.0
0,1068,0.0
0,1069,0.0
0,1070,0.0
0,1071,0.0
0,1072,0.0
0,1073,0.0
0,1074,0.0
0,1075,0.0
0,1076,0.0
0,1077,0.0
0,1078,0.0
0,1079,0.0
0,1080,0.0
0,1081,0.0
0,1082,0.0
0,1083,0.0
0,1084,0.0
0,1085,0.0
0,1086,0.0
0,1087,0.0
0,1088,0.0
0,1089,0.0
0,1090,0.0
0,1091,0.0
0,1092,0.0
0,1093,0.0
0,1094,0.0
0,1095,0.0
0,1096,0.0
0,1097,0.0
0,1098,0.0
0,1099,0.0
0,1100,0.0
0,1101,0.0
0,1102,0.0
0,1103,0.0
0,1104,0.0
0,1105,0.0
0,1106,0.0
0,1107,0.0
0,1108,0.0
0,1109,0.0
0,1110,0.0
0,1111,0.0
0,1112,0.0
0,1113,0.0
0,1114,0.0
0,1115,0.0
0,1116,0.0
0,1117,0.0
0,1118,0.0
0,1119,0.0
0,1120,0.0
0,1121,0.0
0,1122,0.0
0,1123,0.0
0,1124,0.0
0,1125,0.0
0,1126,0.0
0,1127,0.0
0,1128,0.0
0,1129,0.0
0,1130,0.0
0,1131,0.0
0,1132,0.0
0,1133,0.0
0,1134,0.0
0,1135,0.0
0,1136,0.0
0,1137,0.0
0,1138,0.0
0,1139,0.0
0,1140,0.0
0,1141,0.0
0,1142,0.0
0,1143,0.0
0,1144,0.0
0,1145,0.0
0,1146,0.0
0,1147,0.0
0,1148,0.0
0,1149,0.0
0,1150,0.0
0,1151,0.0
0,1152,0.0
0,1153,0.0
0,1154,0.0
0,1155,0.0
0,1156,0.0
0,1157,0.0
0,1158,0.0
0,1159,0.0
0,1160,0.0
0,1161,0.0
0,1162,0.0
0,1163,0.0
0,1164,0.0
0,1165,0.0
0,1166,0.0
0,1167,0.0
0,1168,0.0
0,1169,0.0
0,1170,0.0
0,1171,0.0
0,1172,0.0
0,1173,0.0
0,1174,0.0
0,1175,0.0
0,1176,0.0
0,1177,0.0
0,1178,0.0
0,1179,0.0
0,1180,0.0
0,1181,0.0
0,1182,0.0
0,1183,0.0
0,1184,0.0
0,1185,0.0
0,1186,0.0
0,1187,0.0
0,1188,0.0
0,1189,0.0
0,1190,0.0
0,1191,0.0
0,1192,0.0
0,1193,0.0
0,1194,0.0
0,1195,0.0
0,1196,0.0
0,1197,0.0
0,1198,0.0
0,1199,0.0
0,1200,0.0
0,1201,0.0
0,1202,0.0
0,1203,0.0
0,1204,0.0
0,1205,0.0
0,1206,0.0
0,1207,0.0
0,1208,0.0
0,1209,0.0
0,1210,0.0
0,1211,0.0
0,1212,0.0
0,1213,0.0
0,1214,0.0
0,1215,0.0
0,1216,0.0
0,1217,0.0
0,1218,0.0
0,1219,0.0
0,1220,0.0
0,1221,0.0
0,1222,0.0
0,1223,0.0
0,1224,0.0
0,1225,0.0
0,1226,0.0
0,1227,0.0
0,1228,0.0
0,1229,0.0
0,1230,0.0
0,1231,0.0
0,1232,0.0
0,1233,0.0
0,1234,0.0
0,1235,0.0
0,1236,0.0
0,1237,0.0
0,1238,0.0
0,1239,0.0
0,1240,0.0
0,1241,0.0
0,1242,0.0
0,1243,0.0
0,1244,0.0
0,1245,0.0
0,1246,0.0
0,1247,0.0
0,1248,0.0
0,1249,0.0
0,1250,0.0
0,1251,0.0
0,1252,0.0
0,1253,0.0
0,1254,0.0
0,1255,0.0
0,1256,0.0
0,1257,0.0
0,1258,0.0
0,1259,0.0
0,1260,0.0
0,1261,0.0
0,1262,0.0
0,1263,0.0
0,1264,0.0
0,1265,0.0
0,1266,0.0
0,1267,0.0
0,1268,0.0
0,1269,0.0
0,1270,0.0
0,1271,0.0
0,1272,0.0
0,1273,0.0
0,1274,0.0
0,1275,0.0
0,1276,0.0
0,1277,0.0
0,1278,0.0
0,1279,0.0
0,1280,0.0
0,1281,0.0
0,1282,0.0
0,1283,0.0
0,1284,0.0
0,1285,0.0
0,1286,0.0
0,1287,0.0
0,1288,0.0
0,1289,0.0
0,1290,0.0
0,1291,0.0
0,1292,0.0
0,1293,0.0
0,1294,0.0
0,1295,0.0
0,1296,0.0
0,1297,0.0
0,1298,0.0
0,1299,0.0
0,1300,0.0
0,1301,0.0
0,1302,0.0
0,1303,0.0
0,1304,0.0
0,1305,0.0
0,1306,0.0
0,1307,0.0
0,1308,0.0
0,1309,0.0
0,1310,0.0
0,1311,0.0
0,1312,0.0
0,1313,0.0
0,1314,0.0
0,1315,0.0
0,1316,0.0
0,1317,0.0
0,1318,0.0
0,1319,0.0
0,1320,0.0
0,1321,0.0
0,1322,0.0
0,1323,0.0
0,1324,0.0
0,1325,0.0
0,1326,0.0
0,1327,0.0
0,1328,0.0
0,1329,0.0
0,1330,0.0
0,1331,0.0
0,1332,0.0
0,1333,0.0
0,1334,0.0
0,1335,0.0
0,1336,0.0
0,1337,0.0
0,1338,0.0
0,1339,0.0
0,1340,0.0
0,1341,0.0
0,1342,0.0
0,1343,0.0
0,1344,0.0
0,1345,0.0
0,1346,0.0
0,1347,0.0
0,1348,0.0
0,1349,0.0
0,1350,0.0
0,1351,0.0
0,1352,0.0
0,1353,0.0
0,1354,0.0
0,1355,0.0
0,1356,0.0
0,1357,0.0
0,1358,0.0
0,1359,0.0
0,1360,0.0
0,1361,0.0
0,1362,0.0
0,1363,0.0
0,1364,0.0
0,1365,0.0
0,1366,0.0
0,1367,0.0
0,1368,0.0
0,1369,0.0
0,1370,0.0
0,1371,0.0
0,1372,0.0
0,1373,0.0
0,1374,0.0
0,1375,0.0
0,1376,0.0
0,1377,0.0
0,1378,0.0
0,1379,0.0
0,1380,0.0
0,1381,0.0
0,1382,0.0
0,1383,0.0
0,1384,0.0
0,1385,0.0
0,1386,0.0
0,1387,0.0
0,1388,0.0
0,1389,0.0
0,1390,0.0
0,1391,0.0
0,1392,0.0
0,1393,0.0
0,1394,0.0
0,1395,0.0
0,1396,0.0
0,1397,0.0
0,1398,0.0
0,1399,0.0
0,1400,0.0
0,1401,0.0
0,1402,0.0
0,1403,0.0
0,1404,0.0
0,1405,0.0
0,1406,0.0
0,1407,0.0
0,1408,0.0
0,1409,0.0
0,1410,0.0
0,1411,0.0
0,1412,0.0
0,1413,0.0
0,1414,0.0
0,1415,0.0
0,1416,0.0
0,1417,0.0
0,1418,0.0
0,1419,0.0
0,1420,0.0
0,1421,0.0
0,1422,0.0
0,1423,0.0
0,1424,0.0
0,1425,0.0
0,1426,0.0
0,1427,0.0
0,1428,0.0
0,1429,0.0
0,1430,0.0
0,1431,0.0
0,1432,0.0
0,1433,0.0
0,1434,0.0
0,1435,0.0
0,1436,0.0
0,1437,0.0
0,1438,0.0
0,1439,0.0
0,1440,0.0
0,1441,0.0
0,1442,0.0
0,1443,0.0
0,1444,0.0
0,1445,0.0
0,1446,0.0
0,1447,0.0
0,1448,0.0
0,1449,0.0
0,1450,0.0
0,1451,0.0
0,1452,0.0
0,1453,0.0
0,1454,0.0
0,1455,0.0
0,1456,0.0
0,1457,0.0
0,1458,0.0
0,1459,0.0
0,1460,0.0
0,1461,0.0
0,1462,0.0
0,1463,0.0
0,1464,0.0
0,1465,0.0
0,1466,0.0
0,1467,0.0
0,1468,0.0
0,1469,0.0
0,1470,0.0
0,1471,0.0
0,1472,0.0
0,1473,0.0
0,1474,0.0
0,1475,0.0
0,1476,0.0
0,1477,0.0
0,1478,0.0
0,1479,0.0
0,1480,0.0
0,1481,0.0
0,1482,0.0
0,1483,0.0
0,1484,0.0
0,1485,0.0
0,1486,0.0
0,1487,0.0
0,1488,0.0
0,1489,0.0
0,1490,0.0
0,1491,0.0
0,1492,0.0
0,1493,0.0
0,1494,0.0
0,1495,0.0
0,1496,0.0
0,1497,0.0
0,1498,0.0
0,1499,0.0
0,1500,0.0
0,1501,0.0
0,1502,0.0
0,1503,0.0
0,1504,0.0
0,1505,0.0
0,1506,0.0
0,1507,0.0
0,1508,0.0
0,1509,0.0
0,1510,0.0
0,1511,0.0
0,1512,0.0
0,1513,0.0
0,1514,0.0
0,1515,0.0
0,1516,0.0
0,1517,0.0
0,1518,0.0
0,1519,0.0
0,1520,0.0
0,1521,0.0
0,1522,0.0
0,1523,0.0
0,1524,0.0
0,1525,0.0
0,1526,0.0
0,1527,0.0
0,1528,0.0
0,1529,0.0
0,1530,0.0
0,1531,0.0
0,1532,0.0
0,1533,0.0
0,1534,0.0
0,1535,0.0
0,1536,0.0
0,1537,0.0
0,1538,0.0
0,1539,0.0
0,1540,0.0
0,1541,0.0
0,1542,0.0
0,1543,0.0
0,1544,0.0
0,1545,0.0
0,1546,0.0
0,1547,0.0
0,1548,0.0
0,1549,0.0
0,1550,0.0
0,1551,0.0
0,1552,0.0
0,1553,0.0
0,1554,0.0
0,1555,0.0
0,1556,0.0
0,1557,0.0
0,1558,0.0
0,1559,0.0
0,1560,0.0
0,1561,0.0
0,1562,0.0
0,1563,0.0
0,1564,0.0
0,1565,0.0
0,1566,0.0
0,1567,0.0
0,1568,0.0
0,1569,0.0
0,1570,0.0
0,1571,0.0
0,1572,0.0
0,1573,0.0
0,1574,0.0
0,1575,0.0
0,1576,0.0
0,1577,0.0
0,1578,0.0
0,1579,0.0
0,1580,0.0
0,1581,0.0
0,1582,0.0
0,1583,0.0
0,1584,0.0
0,1585,0.0
0,1586,0.0
0,1587,0.0
0,1588,0.0
0,1589,0.0
0,1590,0.0
0,1591,0.0
0,1592,0.0
0,1593,0.0
0,1594,0.0
0,1595,0.0
0,1596,0.0
0,1597,0.0
0,1598,0.0
0,1599,0.0
0,1600,0.0
0,1601,0.0
0,1602,0.0
0,1603,0.0
0,1604,0.0
0,1605,0.0
0,1606,0.0
0,1607,0.0
0,1608,0.0
0,1609,0.0
0,1610,0.0
0,1611,0.0
0,1612,0.0
0,1613,0.0
0,1614,0.0
0,1615,0.0
0,1616,0.0
0,1617,0.0
0,1618,0.0
0,1619,0.0
0,1620,0.0
0,1621,0.0
0,1622,0.0
0,1623,0.0
0,1624,0.0
0,1625,0.0
0,1626,0.0
0,1627,0.0
0,1628,0.0
0,1629,0.0
0,1630,0.0
0,1631,0.0
0,1632,0.0
0,1633,0.0
0,1634,0.0
0,1635,0.0
0,1636,0.0
0,1637,0.0
0,1638,0.0
0,1639,0.0
0,1640,0.0
0,1641,0.0
0,1642,0.0
0,1643,0.0
0,1644,0.0
0,1645,0.0
0,1646,0.0
0,1647,0.0
0,1648,0.0
0,1649,0.0
0,1650,0.0
0,1651,0.0
0,1652,0.0
0,1653,0.0
0,1654,0.0
0,1655,0.0
0,1656,0.0
0,1657,0.0
0,1658,0.0
0,1659,0.0
0,1660,0.0
0,1661,0.0
0,1662,0.0
0,1663,0.0
0,1664,0.0
0,1665,0.0
0,1666,0.0
0,1667,0.0
0,1668,0.0
0,1669,0.0
0,1670,0.0
0,1671,0.0
0,1672,0.0
0,1673,0.0
0,1674,0.0
0,1675,0.0
0,1676,0.0
0,1677,0.0
0,1678,0.0
0,1679,0.0
0,1680,0.0
0,1681,0.0
0,1682,0.0
0,1683,0.0
0,1684,0.0
0,1685,0.0
0,1686,0.0
0,1687,0.0
0,1688,0.0
0,1689,0.0
0,1690,0.0
0,1691,0.0
0,1692,0.0
0,1693,0.0
0,1694,0.0
0,1695,0.0
0,1696,0.0
0,1697,0.0
0,1698,0.0
0,1699,0.0
0,1700,0.0
0,1701,0.0
0,1702,0.0
0,1703,0.0
0,1704,0.0
0,1705,0.0
0,1706,0.0
0,1707,0.0
0,1708,0.0
0,1709,0.0
0,1710,0.0
0,1711,0.0
0,1712,0.0
0,1713,0.0
0,1714,0.0
0,1715,0.0
0,1716,0.0
0,1717,0.0
0,1718,0.0
0,1719,0.0
0,1720,0.0
0,1721,0.0
0,1722,0.0
0,1723,0.0
0,1724,0.0
0,1725,0.0
0,1726,0.0
0,1727,0.0
0,1728,0.0
0,1729,0.0
0,1730,0.0
0,1731,0.0
0,1732,0.0
0,1733,0.0
0,1734,0.0
0,1735,0.0
0,1736,0.0
0,1737,0.0
0,1738,0.0
0,1739,0.0
0,1740,0.0
0,1741,0.0
0,1742,0.0
0,1743,0.0
0,1744,0.0
0,1745,0.0
0,1746,0.0
0,1747,0.0
0,1748,0.0
0,1749,0.0
0,1750,0.0
0,1751,0.0
0,1752,0.0
0,1753,0.0
0,1754,0.0
0,1755,0.0
0,1756,0.0
0,1757,0.0
0,1758,0.0
0,1759,0.0
0,1760,0.0
0,1761,0.0
0,1762,0.0
0,1763,0.0
0,1764,0.0
0,1765,0.0
0,1766,0.0
0,1767,0.0
0,1768,0.0
0,1769,0.0
0,1770,0.0
0,1771,0.0
0,1772,0.0
0,1773,0.0
0,1774,0.0
0,1775,0.0
0,1776,0.0
0,1777,0.0
0,1778,0.0
0,1779,0.0
0,1780,0.0
0,1781,0.0
0,1782,0.0
0,1783,0.0
0,1784,0.0
0,1785,0.0
0,1786,0.0
0,1787,0.0
0,1788,0.0
0,1789,0.0
0,1790,0.0
0,1791,0.0
0,1792,0.0
0,1793,0.0
0,1794,0.0
0,1795,0.0
0,1796,0.0
0,1797,0.0
0,1798,0.0
0,1799,0.0
0,1800,0.0
0,1801,0.0
0,1802,0.0
0,1803,0.0
0,1804,0.0
0,1805,0.0
0,1806,0.0
0,1807,0.0
0,1808,0.0
0,1809,0.0
0,1810,0.0
0,1811,0.0
0,1812,0.0
0,1813,0.0
0,1814,0.0
0,1815,0.0
0,1816,0.0
0,1817,0.0
0,1818,0.0
0,1819,0.0
0,1820,0.0
0,1821,0.0
0,1822,0.0
0,1823,0.0
0,1824,0.0
0,1825,0.0
0,1826,0.0
0,1827,0.0
0,1828,0.0
0,1829,0.0
0,1830,0.0
0,1831,0.0
0,1832,0.0
0,1833,0.0
0,1834,0.0
0,1835,0.0
0,1836,0.0
0,1837,0.0
0,1838,0.0
0,1839,0.0
0,1840,0.0
0,1841,0.0
0,1842,0.0
0,1843,0.0
0,1844,0.0
0,1845,0.0
0,1846,0.0
0,1847,0.0
0,1848,0.0
0,1849,0.0
0,1850,0.0
0,1851,0.0
0,1852,0.0
0,1853,0.0
0,1854,0.0
0,1855,0.0
0,1856,0.0
0,1857,0.0
0,1858,0.0
0,1859,0.0
0,1860,0.0
0,1861,0.0
0,1862,0.0
0,1863,0.0
0,1864,0.0
0,1865,0.0
0,1866,0.0
0,1867,0.0
0,1868,0.0
0,1869,0.0
0,1870,0.0
0,1871,0.0
0,1872,0.0
0,1873,0.0
0,1874,0.0
0,1875,0.0
0,1876,0.0
0,1877,0.0
0,1878,0.0
0,1879,0.0
0,1880,0.0
0,1881,0.0
0,1882,0.0
0,1883,0.0
0,1884,0.0
0,1885,0.0
0,1886,0.0
0,1887,0.0
0,1888,0.0
0,1889,0.0
0,1890,0.0
0,1891,0.0
0,1892,0.0
0,1893,0.0
0,1894,0.0
0,1895,0.0
0,1896,0.0
0,1897,0.0
0,1898,0.0
0,1899,0.0
0,1900,0.0
0,1901,0.0
0,1902,0.0
0,1903,0.0
0,1904,0.0
0,1905,0.0
0,1906,0.0
0,1907,0.0
0,1908,0.0
0,1909,0.0
0,1910,0.0
0,1911,0.0
0,1912,0.0
0,1913,0.0
0,1914,0.0
0,1915,0.0
0,1916,0.0
0,1917,0.0
0,1918,0.0
0,1919,0.0
0,1920,0.0
0,1921,0.0
0,1922,0.0
0,1923,0.0
0,1924,0.0
0,1925,0.0
0,1926,0.0
0,1927,0.0
0,1928,0.0
0,1929,0.0
0,1930,0.0
0,1931,0.0
0,1932,0.0
0,1933,0.0
0,1934,0.0
0,1935,0.0
0,1936,0.0
0,1937,0.0
0,1938,0.0
0,1939,0.0
0,1940,0.0
0,1941,0.0
0,1942,0.0
0,1943,0.0
0,1944,0.0
0,1945,0.0
0,1946,0.0
0,1947,0.0
0,1948,0.0
0,1949,0.0
0,1950,0.0
0,1951,0.0
0,1952,0.0
0,1953,0.0
0,1954,0.0
0,1955,0.0
0,1956,0.0
0,1957,0.0
0,1958,0.0
0,1959,0.0
0,1960,0.0
0,1961,0.0
0,1962,0.0
0,1963,0.0
0,1964,0.0
0,1965,0.0
0,1966,0.0
0,1967,0.0
0,1968,0.0
0,1969,0.0
0,1970,0.0
0,1971,0.0
0,1972,0.0
0,1973,0.0
0,1974,0.0
0,1975,0.0
0,1976,0.0
0,1977,0.0
0,1978,0.0
0,1979,0.0
0,1980,0.0
0,1981,0.0
0,1982,0.0
0,1983,0.0
0,1984,0.0
0,1985,0.0
0,1986,0.0
0,1987,0.0
0,1988,0.0
0,1989,0.0
0,1990,0.0
0,1991,0.0
0,1992,0.0
0,1993,0.0
0,1994,0.0
0,1995,0.0
0,1996,0.0
0,1997,0.0
0,1998,0.0
0,1999,0.0
0,2000,0.0
0,2001,0.0
0,2002,0.0
0,2003,0.0
0,2004,0.0
0,2005,0.0
0,2006,0.0
0,2007,0.0
0,2008,0.0
0,2009,0.0
0,2010,0.0
0,2011,0.0
0,2012,0.0
0,2013,0.0
0,2014,0.0
0,2015,0.0
0,2016,0.0
0,2017,0.0
0,2018,0.0
0,2019,0.0
0,2020,0.0
0,2021,0.0
0,2022,0.0
0,2023,0.0
0,2024,0.0
0,2025,0.0
0,2026,0.0
0,2027,0.0
0,2028,0.0
0,2029,0.0
0,2030,0.0
0,2031,0.0
0,2032,0.0
0,2033,0.0
0,2034,0.0
0,2035,0.0
0,2036,0.0
0,2037,0.0
0,2038,0.0
0,2039,0.0
0,2040,0.0
0,2041,0.0
0,2042,0.0
0,2043,0.0
0,2044,0.0
0,2045,0.0
0,2046,0.0
0,2047,0.0
0,2048,0.0
0,2049,0.0
0,2050,0.0
0,2051,0.0
0,2052,0.0
0,2053,0.0
0,2054,0.0
0,2055,0.0
0,2056,0.0
0,2057,0.0
0,2058,0.0
0,2059,0.0
0,2060,0.0
0,2061,0.0
0,2062,0.0
0,2063,0.0
0,2064,0.0
0,2065,0.0
0,2066,0.0
0,2067,0.0
0,2068,0.0
0,2069,0.0
0,2070,0.0
0,2071,0.0
0,2072,0.0
0,2073,0.0
0,2074,0.0
0,2075,0.0
0,2076,0.0
0,2077,0.0
0,2078,0.0
0,2079,0.0
0,2080,0.0
0,2081,0.0
0,2082,0.0
0,2083,0.0
0,2084,0.0
0,2085,0.0
0,2086,0.0
0,2087,0.0
0,2088,0.0
0,2089,0.0
0,2090,0.0
0,2091,0.0
0,2092,0.0
0,2093,0.0
0,2094,0.0
0,2095,0.0
0,2096,0.0
0,2097,0.0
0,2098,0.0
0,2099,0.0
0,2100,0.0
0,2101,0.0
0,2102,0.0
0,2103,0.0
0,2104,0.0
0,2105,0.0
0,2106,0.0
0,2107,0.0
0,2108,0.0
0,2109,0.0
0,2110,0.0
0,2111,0.0
0,2112,0.0
0,2113,0.0
0,2114,0.0
0,2115,0.0
0,2116,0.0
0,2117,0.0
0,2118,0.0
0,2119,0.0
0,2120,0.0
0,2121,0.0
0,2122,0.0
0,2123,0.0
0,2124,0.0
0,2125,0.0
0,2126,0.0
0,2127,0.0
0,2128,0.0
0,2129,0.0
0,2130,0.0
0,2131,0.0
0,2132,0.0
0,2133,0.0
0,2134,0.0
0,2135,0.0
0,2136,0.0
0,2137,0.0
0,2138,0.0
0,2139,0.0
0,2140,0.0
0,2141,0.0
0,2142,0.0
0,2143,0.0
0,2144,0.0
0,2145,0.0
0,2146,0.0
0,2147,0.0
0,2148,0.0
0,2149,0.0
0,2150,0.0
0,2151,0.0
0,2152,0.0
0,2153,0.0
0,2154,0.0
0,2155,0.0
0,2156,0.0
0,2157,0.0
0,2158,0.0
0,2159,0.0
0,2160,0.0
0,2161,0.0
0,2162,0.0
0,2163,0.0
0,2164,0.0
0,2165,0.0
0,2166,0.0
0,2167,0.0
0,2168,0.0
0,2169,0.0
0,2170,0.0
0,2171,0.0
0,2172,0.0
0,2173,0.0
0,2174,0.0
0,2175,0.0
0,2176,0.0
0,2177,0.0
0,2178,0.0
0,2179,0.0
0,2180,0.0
0,2181,0.0
0,2182,0.0
0,2183,0.0
0,2184,0.0
0,2185,0.0
0,2186,0.0
0,2187,0.0
0,2188,0.0
0,2189,0.0
0,2190,0.0
0,2191,0.0
0,2192,0.0
0,2193,0.0
0,2194,0.0
0,2195,0.0
0,2196,0.0
0,2197,0.0
0,2198,0.0
0,2199,0.0
0,2200,0.0
0,2201,0.0
0,2202,0.0
0,2203,0.0
0,2204,0.0
0,2205,0.0
0,2206,0.0
0,2207,0.0
0,2208,0.0
0,2209,0.0
0,2210,0.0
0,2211,0.0
0,2212,0.0
0,2213,0.0
0,2214,0.0
0,2215,0.0
0,2216,0.0
0,2217,0.0
0,2218,0.0
0,2219,0.0
0,2220,0.0
0,2221,0.0
0,2222,0.0
0,2223,0.0
0,2224,0.0
0,2225,0.0
0,2226,0.0
0,2227,0.0
0,2228,0.0
0,2229,0.0
0,2230,0.0
0,2231,0.0
0,2232,0.0
0,2233,0.0
0,2234,0.0
0,2235,0.0
0,2236,0.0
0,2237,0.0
0,2238,0.0
0,2239,0.0
0,2240,0.0
0,2241,0.0
0,2242,0.0
0,2243,0.0
0,2244,0.0
0,2245,0.0
0,2246,0.0
0,2247,0.0
0,2248,0.0
0,2249,0.0
0,2250,0.0
0,2251,0.0
0,2252,0.0
0,2253,0.0
0,2254,0.0
0,2255,0.0
0,2256,0.0
0,2257,0.0
0,2258,0.0
0,2259,0.0
0,2260,0.0
0,2261,0.0
0,2262,0.0
0,2263,0.0
0,2264,0.0
0,2265,0.0
0,2266,0.0
0,2267,0.0
0,2268,0.0
0,2269,0.0
0,2270,0.0
0,2271,0.0
0,2272,0.0
0,2273,0.0
0,2274,0.0
0,2275,0.0
0,2276,0.0
0,2277,0.0
0,2278,0.0
0,2279,0.0
0,2280,0.0
0,2281,0.0
0,2282,0.0
0,2283,0.0
0,2284,0.0
0,2285,0.0
0,2286,0.0
0,2287,0.0
0,2288,0.0
0,2289,0.0
0,2290,0.0
0,2291,0.0
0,2292,0.0
0,2293,0.0
0,2294,0.0
0,2295,0.0
0,2296,0.0
0,2297,0.0
0,2298,0.0
0,2299,0.0
0,2300,0.0
0,2301,0.0
0,2302,0.0
0,2303,0.0
0,2304,0.0
0,2305,0.0
0,2306,0.0
0,2307,0.0
0,2308,0.0
0,2309,0.0
0,2310,0.0
0,2311,0.0
0,2312,0.0
0,2313,0.0
0,2314,0.0
0,2315,0.0
0,2316,0.0
0,2317,0.0
0,2318,0.0
0,2319,0.0
0,2320,0.0
0,2321,0.0
0,2322,0.0
0,2323,0.0
0,2324,0.0
0,2325,0.0
0,2326,0.0
0,2327,0.0
0,2328,0.0
0,2329,0.0
0,2330,0.0
0,2331,0.0
0,2332,0.0
0,2333,0.0
0,2334,0.0
0,2335,0.0
0,2336,0.0
0,2337,0.0
0,2338,0.0
0,2339,0.0
0,2340,0.0
0,2341,0.0
0,2342,0.0
0,2343,0.0
0,2344,0.0
0,2345,0.0
0,2346,0.0
0,2347,0.0
0,2348,0.0
0,2349,0.0
0,2350,0.0
0,2351,0.0
0,2352,0.0
0,2353,0.0
0,2354,0.0
0,2355,0.0
0,2356,0.0
0,2357,0.0
0,2358,0.0
0,2359,0.0
0,2360,0.0
0,2361,0.0
0,2362,0.0
0,2363,0.0
0,2364,0.0
0,2365,0.0
0,2366,0.0
0,2367,0.0
0,2368,0.0
0,2369,0.0
0,2370,0.0
0,2371,0.0
0,2372,0.0
0,2373,0.0
0,2374,0.0
0,2375,0.0
0,2376,0.0
0,2377,0.0
0,2378,0.0
0,2379,0.0
0,2380,0.0
0,2381,0.0
0,2382,0.0
0,2383,0.0
0,2384,0.0
0,2385,0.0
0,2386,0.0
0,2387,0.0
0,2388,0.0
0,2389,0.0
0,2390,0.0
0,2391,0.0
0,2392,0.0
0,2393,0.0
0,2394,0.0
0,2395,0.0
0,2396,0.0
0,2397,0.0
0,2398,0.0
0,2399,0.0
0,2400,0.0
0,2401,0.0
0,2402,0.0
0,2403,0.0
0,2404,0.0
0,2405,0.0
0,2406,0.0
0,2407,0.0
0,2408,0.0
0,2409,0.0
0,2410,0.0
0,2411,0.0
0,2412,0.0
0,2413,0.0
0,2414,0.0
0,2415,0.0
0,2416,0.0
0,2417,0.0
0,2418,0.0
0,2419,0.0
0,2420,0.0
0,2421,0.0
0,2422,0.0
0,2423,0.0
0,2424,0.0
0,2425,0.0
0,2426,0.0
0,2427,0.0
0,2428,0.0
0,2429,0.0
0,2430,0.0
0,2431,0.0
0,2432,0.0
0,2433,0.0
0,2434,0.0
0,2435,0.0
0,2436,0.0
0,2437,0.0
0,2438,0.0
0,2439,0.0
0,2440,0.0
0,2441,0.0
0,2442,0.0
0,2443,0.0
0,2444,0.0
0,2445,0.0
0,2446,0.0
0,2447,0.0
0,2448,0.0
0,2449,0.0
0,2450,0.0
0,2451,0.0
0,2452,0.0
0,2453,0.0
0,2454,0.0
0,2455,0.0
0,2456,0.0
0,2457,0.0
0,2458,0.0
0,2459,0.0
0,2460,0.0
0,2461,0.0
0,2462,0.0
0,2463,0.0
0,2464,0.0
0,2465,0.0
0,2466,0.0
0,2467,0.0
0,2468,0.0
0,2469,0.0
0,2470,0.0
0,2471,0.0
0,2472,0.0
0,2473,0.0
0,2474,0.0
0,2475,0.0
0,2476,0.0
0,2477,0.0
0,2478,0.0
0,2479,0.0
0,2480,0.0
0,2481,0.0
0,2482,0.0
0,2483,0.0
0,2484,0.0
0,2485,0.0
0,2486,0.0
0,2487,0.0
0,2488,0.0
0,2489,0.0
0,2490,0.0
0,2491,0.0
0,2492,0.0
0,2493,0.0
0,2494,0.0
0,2495,0.0
0,2496,0.0
0,2497,0.0
0,2498,0.0
0,2499,0.0
0,2500,0.0
0,2501,0.0
0,2502,0.0
0,2503,0.0
0,2504,0.0
0,2505,0.0
0,2506,0.0
0,2507,0.0
0,2508,0.0
0,2509,0.0
0,2510,0.0
0,2511,0.0
0,2512,0.0
0,2513,0.0
0,2514,0.0
0,2515,0.0
0,2516,0.0
0,2517,0.0
0,2518,0.0
0,2519,0.0
0,2520,0.0
0,2521,0.0
0,2522,0.0
0,2523,0.0
0,2524,0.0
0,2525,0.0
0,2526,0.0
0,2527,0.0
0,2528,0.0
0,2529,0.0
0,2530,0.0
0,2531,0.0
0,2532,0.0
0,2533,0.0
0,2534,0.0
0,2535,0.0
0,2536,0.0
0,2537,0.0
0,2538,0.0
0,2539,0.0
0,2540,0.0
0,2541,0.0
0,2542,0.0
0,2543,0.0
0,2544,0.0
0,2545,0.0
0,2546,0.0
0,2547,0.0
0,2548,0.0
0,2549,0.0
0,2550,0.0
0,2551,0.0
0,2552,0.0
0,2553,0.0
0,2554,0.0
0,2555,0.0
0,2556,0.0
0,2557,0.0
0,2558,0.0
0,2559,0.0
0,2560,0.0
0,2561,0.0
0,2562,0.0
0,2563,0.0
0,2564,0.0
0,2565,0.0
0,2566,0.0
0,2567,0.0
0,2568,0.0
0,2569,0.0
0,2570,0.0
0,2571,0.0
0,2572,0.0
0,2573,0.0
0,2574,0.0
0,2575,0.0
0,2576,0.0
0,2577,0.0
0,2578,0.0
0,2579,0.0
0,2580,0.0
0,2581,0.0
0,2582,0.0
0,2583,0.0
0,2584,0.0
0,2585,0.0
0,2586,0.0
0,2587,0.0
0,2588,0.0
0,2589,0.0
0,2590,0.0
0,2591,0.0
0,2592,0.0
0,2593,0.0
0,2594,0.0
0,2595,0.0
0,2596,0.0
0,2597,0.0
0,2598,0.0
0,2599,0.0
0,2600,0.0
0,2601,0.0
0,2602,0.0
0,2603,0.0
0,2604,0.0
0,2605,0.0
0,2606,0.0
0,2607,0.0
0,2608,0.0
0,2609,0.0
0,2610,0.0
0,2611,0.0
0,2612,0.0
0,2613,0.0
0,2614,0.0
0,2615,0.0
0,2616,0.0
0,2617,0.0
0,2618,0.0
0,2619,0.0
0,2620,0.0
0,2621,0.0
0,2622,0.0
0,2623,0.0
0,2624,0.0
0,2625,0.0
0,2626,0.0
0,2627,0.0
0,2628,0.0
0,2629,0.0
0,2630,0.0
0,2631,0.0
0,2632,0.0
0,2633,0.0
0,2634,0.0
0,2635,0.0
0,2636,0.0
0,2637,0.0
0,2638,0.0
0,2639,0.0
0,2640,0.0
0,2641,0.0
0,2642,0.0
0,2643,0.0
0,2644,0.0
0,2645,0.0
0,2646,0.0
0,2647,0.0
0,2648,0.0
0,2649,0.0
0,2650,0.0
0,2651,0.0
0,2652,0.0
0,2653,0.0
0,2654,0.0
0,2655,0.0
0,2656,0.0
0,2657,0.0
0,2658,0.0
0,2659,0.0
0,2660,0.0
0,2661,0.0
0,2662,0.0
0,2663,0.0
0,2664,0.0
0,2665,0.0
0,2666,0.0
0,2667,0.0
0,2668,0.0
0,2669,0.0
0,2670,0.0
0,2671,0.0
0,2672,0.0
0,2673,0.0
0,2674,0.0
0,2675,0.0
0,2676,0.0
0,2677,0.0
0,2678,0.0
0,2679,0.0
0,2680,0.0
0,2681,0.0
0,2682,0.0
0,2683,0.0
0,2684,0.0
0,2685,0.0
0,2686,0.0
0,2687,0.0
0,2688,0.0
0,2689,0.0
0,2690,0.0
0,2691,0.0
0,2692,0.0
0,2693,0.0
0,2694,0.0
0,2695,0.0
0,2696,0.0
0,2697,0.0
0,2698,0.0
0,2699,0.0
0,2700,0.0
0,2701,0.0
0,2702,0.0
0,2703,0.0
0,2704,0.0
0,2705,0.0
0,2706,0.0
0,2707,0.0
0,2708,0.0
0,2709,0.0
0,2710,0.0
0,2711,0.0
0,2712,0.0
0,2713,0.0
0,2714,0.0
0,2715,0.0
0,2716,0.0
0,2717,0.0
0,2718,0.0
0,2719,0.0
0,2720,0.0
0,2721,0.0
0,2722,0.0
0,2723,0.0
0,2724,0.0
0,2725,0.0
0,2726,0.0
0,2727,0.0
0,2728,0.0
0,2729,0.0
0,2730,0.0
0,2731,0.0
0,2732,0.0
0,2733,0.0
0,2734,0.0
0,2735,0.0
0,2736,0.0
0,2737,0.0
0,2738,0.0
0,2739,0.0
0,2740,0.0
0,2741,0.0
0,2742,0.0
0,2743,0.0
0,2744,0.0
0,2745,0.0
0,2746,0.0
0,2747,0.0
0,2748,0.0
0,2749,0.0
0,2750,0.0
0,2751,0.0
0,2752,0.0
0,2753,0.0
0,2754,0.0
0,2755,0.0
0,2756,0.0
0,2757,0.0
0,2758,0.0
0,2759,0.0
0,2760,0.0
0,2761,0.0
0,2762,0.0
0,2763,0.0
0,2764,0.0
0,2765,0.0
0,2766,0.0
0,2767,0.0
0,2768,0.0
0,2769,0.0
0,2770,0.0
0,2771,0.0
0,2772,0.0
0,2773,0.0
0,2774,0.0
0,2775,0.0
0,2776,0.0
0,2777,0.0
0,2778,0.0
0,2779,0.0
0,2780,0.0
0,2781,0.0
0,2782,0.0
0,2783,0.0
0,2784,0.0
0,2785,0.0
0,2786,0.0
0,2787,0.0
0,2788,0.0
0,2789,0.0
0,2790,0.0
0,2791,0.0
0,2792,0.0
0,2793,0.0
0,2794,0.0
0,2795,0.0
0,2796,0.0
0,2797,0.0
0,2798,0.0
0,2799,0.0
0,2800,0.0
0,2801,0.0
0,2802,0.0
0,2803,0.0
0,2804,0.0
0,2805,0.0
0,2806,0.0
0,2807,0.0
0,2808,0.0
0,2809,0.0
0,2810,0.0
0,2811,0.0
0,2812,0.0
0,2813,0.0
0,2814,0.0
0,2815,0.0
0,2816,0.0
0,2817,0.0
0,2818,0.0
0,2819,0.0
0,2820,0.0
0,2821,0.0
0,2822,0.0
0,2823,0.0
0,2824,0.0
0,2825,0.0
0,2826,0.0
0,2827,0.0
0,2828,0.0
0,2829,0.0
0,2830,0.0
0,2831,0.0
0,2832,0.0
0,2833,0.0
0,2834,0.0
0,2835,0.0
0,2836,0.0
0,2837,0.0
0,2838,0.0
0,2839,0.0
0,2840,0.0
0,2841,0.0
0,2842,0.0
0,2843,0.0
0,2844,0.0
0,2845,0.0
0,2846,0.0
0,2847,0.0
0,2848,0.0
0,2849,0.0
0,2850,0.0
0,2851,0.0
0,2852,0.0
0,2853,0.0
0,2854,0.0
0,2855,0.0
0,2856,0.0
0,2857,0.0
0,2858,0.0
0,2859,0.0
0,2860,0.0
0,2861,0.0
0,2862,0.0
0,2863,0.0
0,2864,0.0
0,2865,0.0
0,2866,0.0
0,2867,0.0
0,2868,0.0
0,2869,0.0
0,2870,0.0
0,2871,0.0
0,2872,0.0
0,2873,0.0
0,2874,0.0
0,2875,0.0
0,2876,0.0
0,2877,0.0
0,2878,0.0
0,2879,0.0
0,2880,0.0
0,2881,0.0
0,2882,0.0
0,2883,0.0
0,2884,0.0
0,2885,0.0
0,2886,0.0
0,2887,0.0
0,2888,0.0
0,2889,0.0
0,2890,0.0
0,2891,0.0
0,2892,0.0
0,2893,0.0
0,2894,0.0
0,2895,0.0
0,2896,0.0
0,2897,0.0
0,2898,0.0
0,2899,0.0
0,2900,0.0
0,2901,0.0
0,2902,0.0
0,2903,0.0
0,2904,0.0
0,2905,0.0
0,2906,0.0
0,2907,0.0
0,2908,0.0
0,2909,0.0
0,2910,0.0
0,2911,0.0
0,2912,0.0
0,2913,0.0
0,2914,0.0
0,2915,0.0
0,2916,0.0
0,2917,0.0
0,2918,0.0
0,2919,0.0
0,2920,0.0
0,2921,0.0
0,2922,0.0
0,2923,0.0
0,2924,0.0
0,2925,0.0
0,2926,0.0
0,2927,0.0
0,2928,0.0
0,2929,0.0
0,2930,0.0
0,2931,0.0
0,2932,0.0
0,2933,0.0
0,2934,0.0
0,2935,0.0
0,2936,0.0
0,2937,0.0
0,2938,0.0
0,2939,0.0
0,2940,0.0
0,2941,0.0
0,2942,0.0
0,2943,0.0
0,2944,0.0
0,2945,0.0
0,2946,0.0
0,2947,0.0
0,2948,0.0
0,2949,0.0
0,2950,0.0
0,2951,0.0
0,2952,0.0
0,2953,0.0
0,2954,0.0
0,2955,0.0
0,2956,0.0
0,2957,0.0
0,2958,0.0
0,2959,0.0
0,2960,0.0
0,2961,0.0
0,2962,0.0
0,2963,0.0
0,2964,0.0
0,2965,0.0
0,2966,0.0
0,2967,0.0
0,2968,0.0
0,2969,0.0
0,2970,0.0
0,2971,0.0
0,2972,0.0
0,2973,0.0
0,2974,0.0
0,2975,0.0
0,2976,0.0
0,2977,0.0
0,2978,0.0
0,2979,0.0
0,2980,0.0
0,2981,0.0
0,2982,0.0
0,2983,0.0
0,2984,0.0
0,2985,0.0
0,2986,0.0
0,2987,0.0
0,2988,0.0
0,2989,0.0
0,2990,0.0
0,2991,0.0
0,2992,0.0
0,2993,0.0
0,2994,0.0
0,2995,0.0
0,2996,0.0
0,2997,0.0
0,2998,0.0
0,2999,0.0
0,3000,0.0
0,3001,0.0
0,3002,0.0
0,3003,0.0
0,3004,0.0
0,3005,0.0
0,3006,0.0
0,3007,0.0
0,3008,0.0
0,3009,0.0
0,3010,0.0
0,3011,0.0
0,3012,0.0
0,3013,0.0
0,3014,0.0
0,3015,0.0
0,3016,0.0
0,3017,0.0
0,3018,0.0
0,3019,0.0
0,3020,0.0
0,3021,0.0
0,3022,0.0
0,3023,0.0
0,3024,0.0
0,3025,0.0
0,3026,0.0
0,3027,0.0
0,3028,0.0
0,3029,0.0
0,3030,0.0
0,3031,0.0
0,3032,0.0
0,3033,0.0
0,3034,0.0
0,3035,0.0
0,3036,0.0
0,3037,0.0
0,3038,0.0
0,3039,0.0
0,3040,0.0
0,3041,0.0
0,3042,0.0
0,3043,0.0
0,3044,0.0
0,3045,0.0
0,3046,0.0
0,3047,0.0
0,3048,0.0
0,3049,0.0
0,3050,0.0
0,3051,0.0
0,3052,0.0
0,3053,0.0
0,3054,0.0
0,3055,0.0
0,3056,0.0
0,3057,0.0
0,3058,0.0
0,3059,0.0
0,3060,0.0
0,3061,0.0
0,3062,0.0
0,3063,0.0
0,3064,0.0
0,3065,0.0
0,3066,0.0
0,3067,0.0
0,3068,0.0
0,3069,0.0
0,3070,0.0
0,3071,0.0
0,3072,0.0
0,3073,0.0
0,3074,0.0
0,3075,0.0
0,3076,0.0
0,3077,0.0
0,3078,0.0
0,3079,0.0
0,3080,0.0
0,3081,0.0
0,3082,0.0
0,3083,0.0
0,3084,0.0
0,3085,0.0
0,3086,0.0
0,3087,0.0
0,3088,0.0
0,3089,0.0
0,3090,0.0
0,3091,0.0
0,3092,0.0
0,3093,0.0
0,3094,0.0
0,3095,0.0
0,3096,0.0
0,3097,0.0
0,3098,0.0
0,3099,0.0
0,3100,0.0
0,3101,0.0
0,3102,0.0
0,3103,0.0
0,3104,0.0
0,3105,0.0
0,3106,0.0
0,3107,0.0
0,3108,0.0
0,3109,0.0
0,3110,0.0
0,3111,0.0
0,3112,0.0
0,3113,0.0
0,3114,0.0
0,3115,0.0
0,3116,0.0
0,3117,0.0
0,3118,0.0
0,3119,0.0
0,3120,0.0
0,3121,0.0
0,3122,0.0
0,3123,0.0
0,3124,0.0
0,3125,0.0
0,3126,0.0
0,3127,0.0
0,3128,0.0
0,3129,0.0
0,3130,0.0
0,3131,0.0
0,3132,0.0
0,3133,0.0
0,3134,0.0
0,3135,0.0
0,3136,0.0
0,3137,0.0
0,3138,0.0
0,3139,0.0
0,3140,0.0
0,3141,0.0
0,3142,0.0
0,3143,0.0
0,3144,0.0
0,3145,0.0
0,3146,0.0
0,3147,0.0
0,3148,0.0
0,3149,0.0
0,3150,0.0
0,3151,0.0
0,3152,0.0
0,3153,0.0
0,3154,0.0
0,3155,0.0
0,3156,0.0
0,3157,0.0
0,3158,0.0
0,3159,0.0
0,3160,0.0
0,3161,0.0
0,3162,0.0
0,3163,0.0
0,3164,0.0
0,3165,0.0
0,3166,0.0
0,3167,0.0
0,3168,0.0
0,3169,0.0
0,3170,0.0
0,3171,0.0
0,3172,0.0
0,3173,0.0
0,3174,0.0
0,3175,0.0
0,3176,0.0
0,3177,0.0
0,3178,0.0
0,3179,0.0
0,3180,0.0
0,3181,0.0
0,3182,0.0
0,3183,0.0
0,3184,0.0
0,3185,0.0
0,3186,0.0
0,3187,0.0
0,3188,0.0
0,3189,0.0
0,3190,0.0
0,3191,0.0
0,3192,0.0
0,3193,0.0
0,3194,0.0
0,3195,0.0
0,3196,0.0
0,3197,0.0
0,3198,0.0
0,3199,0.0
0,3200,0.0
0,3201,0.0
0,3202,0.0
0,3203,0.0
0,3204,0.0
0,3205,0.0
0,3206,0.0
0,3207,0.0
0,3208,0.0
0,3209,0.0
0,3210,0.0
0,3211,0.0
0,3212,0.0
0,3213,0.0
0,3214,0.0
0,3215,0.0
0,3216,0.0
0,3217,0.0
0,3218,0.0
0,3219,0.0
0,3220,0.0
0,3221,0.0
0,3222,0.0
0,3223,0.0
0,3224,0.0
0,3225,0.0
0,3226,0.0
0,3227,0.0
0,3228,0.0
0,3229,0.0
0,3230,0.0
0,3231,0.0
0,3232,0.0
0,3233,0.0
0,3234,0.0
0,3235,0.0
0,3236,0.0
0,3237,0.0
0,3238,0.0
0,3239,0.0
0,3240,0.0
0,3241,0.0
0,3242,0.0
0,3243,0.0
0,3244,0.0
0,3245,0.0
0,3246,0.0
0,3247,0.0
0,3248,0.0
0,3249,0.0
0,3250,0.0
0,3251,0.0
0,3252,0.0
0,3253,0.0
0,3254,0.0
0,3255,0.0
0,3256,0.0
0,3257,0.0
0,3258,0.0
0,3259,0.0
0,3260,0.0
0,3261,0.0
0,3262,0.0
0,3263,0.0
0,3264,0.0
0,3265,0.0
0,3266,0.0
0,3267,0.0
0,3268,0.0
0,3269,0.0
0,3270,0.0
0,3271,0.0
0,3272,0.0
0,3273,0.0
0,3274,0.0
0,3275,0.0
0,3276,0.0
0,3277,0.0
0,3278,0.0
0,3279,0.0
0,3280,0.0
0,3281,0.0
0,3282,0.0
0,3283,0.0
0,3284,0.0
0,3285,0.0
0,3286,0.0
0,3287,0.0
0,3288,0.0
0,3289,0.0
0,3290,0.0
0,3291,0.0
0,3292,0.0
0,3293,0.0
0,3294,0.0
0,3295,0.0
0,3296,0.0
0,3297,0.0
0,3298,0.0
0,3299,0.0
0,3300,0.0
0,3301,0.0
0,3302,0.0
0,3303,0.0
0,3304,0.0
0,3305,0.0
0,3306,0.0
0,3307,0.0
0,3308,0.0
0,3309,0.0
0,3310,0.0
0,3311,0.0
0,3312,0.0
0,3313,0.0
0,3314,0.0
0,3315,0.0
0,3316,0.0
0,3317,0.0
0,3318,0.0
0,3319,0.0
0,3320,0.0
0,3321,0.0
0,3322,0.0
0,3323,0.0
0,3324,0.0
0,3325,0.0
0,3326,0.0
0,3327,0.0
0,3328,0.0
0,3329,0.0
0,3330,0.0
0,3331,0.0
0,3332,0.0
0,3333,0.0
0,3334,0.0
0,3335,0.0
0,3336,0.0
0,3337,0.0
0,3338,0.0
0,3339,0.0
0,3340,0.0
0,3341,0.0
0,3342,0.0
0,3343,0.0
0,3344,0.0
0,3345,0.0
0,3346,0.0
0,3347,0.0
0,3348,0.0
0,3349,0.0
0,3350,0.0
0,3351,0.0
0,3352,0.0
0,3353,0.0
0,3354,0.0
0,3355,0.0
0,3356,0.0
0,3357,0.0
0,3358,0.0
0,3359,0.0
0,3360,0.0
0,3361,0.0
0,3362,0.0
0,3363,0.0
0,3364,0.0
0,3365,0.0
0,3366,0.0
0,3367,0.0
0,3368,0.0
0,3369,0.0
0,3370,0.0
0,3371,0.0
0,3372,0.0
0,3373,0.0
0,3374,0.0
0,3375,0.0
0,3376,0.0
0,3377,0.0
0,3378,0.0
0,3379,0.0
0,3380,0.0
0,3381,0.0
0,3382,0.0
0,3383,0.0
0,3384,0.0
0,3385,0.0
0,3386,0.0
0,3387,0.0
0,3388,0.0
0,3389,0.0
0,3390,0.0
0,3391,0.0
0,3392,0.0
0,3393,0.0
0,3394,0.0
0,3395,0.0
0,3396,0.0
0,3397,0.0
0,3398,0.0
0,3399,0.0
0,3400,0.0
0,3401,0.0
0,3402,0.0
0,3403,0.0
0,3404,0.0
0,3405,0.0
0,3406,0.0
0,3407,0.0
0,3408,0.0
0,3409,0.0
0,3410,0.0
0,3411,0.0
0,3412,0.0
0,3413,0.0
0,3414,0.0
0,3415,0.0
0,3416,0.0
0,3417,0.0
0,3418,0.0
0,3419,0.0
0,3420,0.0
0,3421,0.0
0,3422,0.0
0,3423,0.0
0,3424,0.0
0,3425,0.0
0,3426,0.0
0,3427,0.0
0,3428,0.0
0,3429,0.0
0,3430,0.0
0,3431,0.0
0,3432,0.0
0,3433,0.0
0,3434,0.0
0,3435,0.0
0,3436,0.0
0,3437,0.0
0,3438,0.0
0,3439,0.0
0,3440,0.0
0,3441,0.0
0,3442,0.0
0,3443,0.0
0,3444,0.0
0,3445,0.0
0,3446,0.0
0,3447,0.0
0,3448,0.0
0,3449,0.0
0,3450,0.0
0,3451,0.0
0,3452,0.0
0,3453,0.0
0,3454,0.0
0,3455,0.0
0,3456,0.0
0,3457,0.0
0,3458,0.0
0,3459,0.0
0,3460,0.0
0,3461,0.0
0,3462,0.0
0,3463,0.0
0,3464,0.0
0,3465,0.0
0,3466,0.0
0,3467,0.0
0,3468,0.0
0,3469,0.0
0,3470,0.0
0,3471,0.0
0,3472,0.0
0,3473,0.0
0,3474,0.0
0,3475,0.0
0,3476,0.0
0,3477,0.0
0,3478,0.0
0,3479,0.0
0,3480,0.0
0,3481,0.0
0,3482,0.0
0,3483,0.0
0,3484,0.0
0,3485,0.0
0,3486,0.0
0,3487,0.0
0,3488,0.0
0,3489,0.0
0,3490,0.0
0,3491,0.0
0,3492,0.0
0,3493,0.0
0,3494,0.0
0,3495,0.0
0,3496,0.0
0,3497,0.0
0,3498,0.0
0,3499,0.0
0,3500,0.0
0,3501,0.0
0,3502,0.0
0,3503,0.0
0,3504,0.0
0,3505,0.0
0,3506,0.0
0,3507,0.0
0,3508,0.0
0,3509,0.0
0,3510,0.0
0,3511,0.0
0,3512,0.0
0,3513,0.0
0,3514,0.0
0,3515,0.0
0,3516,0.0
0,3517,0.0
0,3518,0.0
0,3519,0.0
0,3520,0.0
0,3521,0.0
0,3522,0.0
0,3523,0.0
0,3524,0.0
0,3525,0.0
0,3526,0.0
0,3527,0.0
0,3528,0.0
0,3529,0.0
0,3530,0.0
0,3531,0.0
0,3532,0.0
0,3533,0.0
0,3534,0.0
0,3535,0.0
0,3536,0.0
0,3537,0.0
0,3538,0.0
0,3539,0.0
0,3540,0.0
0,3541,0.0
0,3542,0.0
0,3543,0.0
0,3544,0.0
0,3545,0.0
0,3546,0.0
0,3547,0.0
0,3548,0.0
0,3549,0.0
0,3550,0.0
0,3551,0.0
0,3552,0.0
0,3553,0.0
0,3554,0.0
0,3555,0.0
0,3556,0.0
0,3557,0.0
0,3558,0.0
0,3559,0.0
0,3560,0.0
0,3561,0.0
0,3562,0.0
0,3563,0.0
0,3564,0.0
0,3565,0.0
0,3566,0.0
0,3567,0.0
0,3568,0.0
0,3569,0.0
0,3570,0.0
0,3571,0.0
0,3572,0.0
0,3573,0.0
0,3574,0.0
0,3575,0.0
0,3576,0.0
0,3577,0.0
0,3578,0.0
0,3579,0.0
0,3580,0.0
0,3581,0.0
0,3582,0.0
0,3583,0.0
0,3584,0.0
0,3585,0.0
0,3586,0.0
0,3587,0.0
0,3588,0.0
0,3589,0.0
0,3590,0.0
0,3591,0.0
0,3592,0.0
0,3593,0.0
0,3594,0.0
0,3595,0.0
0,3596,0.0
0,3597,0.0
0,3598,0.0
0,3599,0.0
0,3600,0.0
0,3601,0.0
0,3602,0.0
0,3603,0.0
0,3604,0.0
0,3605,0.0
0,3606,0.0
0,3607,0.0
0,3608,0.0
0,3609,0.0
0,3610,0.0
0,3611,0.0
0,3612,0.0
0,3613,0.0
0,3614,0.0
0,3615,0.0
0,3616,0.0
0,3617,0.0
0,3618,0.0
0,3619,0.0
0,3620,0.0
0,3621,0.0
0,3622,0.0
0,3623,0.0
0,3624,0.0
0,3625,0.0
0,3626,0.0
0,3627,0.0
0,3628,0.0
0,3629,0.0
0,3630,0.0
0,3631,0.0
0,3632,0.0
0,3633,0.0
0,3634,0.0
0,3635,0.0
0,3636,0.0
0,3637,0.0
0,3638,0.0
0,3639,0.0
0,3640,0.0
0,3641,0.0
0,3642,0.0
0,3643,0.0
0,3644,0.0
0,3645,0.0
0,3646,0.0
0,3647,0.0
0,3648,0.0
0,3649,0.0
0,3650,0.0
0,3651,0.0
0,3652,0.0
0,3653,0.0
0,3654,0.0
0,3655,0.0
0,3656,0.0
0,3657,0.0
0,3658,0.0
0,3659,0.0
0,3660,0.0
0,3661,0.0
0,3662,0.0
0,3663,0.0
0,3664,0.0
0,3665,0.0
0,3666,0.0
0,3667,0.0
0,3668,0.0
0,3669,0.0
0,3670,0.0
0,3671,0.0
0,3672,0.0
0,3673,0.0
0,3674,0.0
0,3675,0.0
0,3676,0.0
0,3677,0.0
0,3678,0.0
0,3679,0.0
0,3680,0.0
0,3681,0.0
0,3682,0.0
0,3683,0.0
0,3684,0.0
0,3685,0.0
0,3686,0.0
0,3687,0.0
0,3688,0.0
0,3689,0.0
0,3690,0.0
0,3691,0.0
0,3692,0.0
0,3693,0.0
0,3694,0.0
0,3695,0.0
0,3696,0.0
0,3697,0.0
0,3698,0.0
0,3699,0.0
0,3700,0.0
0,3701,0.0
0,3702,0.0
0,3703,0.0
0,3704,0.0
0,3705,0.0
0,3706,0.0
0,3707,0.0
0,3708,0.0
0,3709,0.0
0,3710,0.0
0,3711,0.0
0,3712,0.0
0,3713,0.0
0,3714,0.0
0,3715,0.0
0,3716,0.0
0,3717,0.0
0,3718,0.0
0,3719,0.0
0,3720,0.0
0,3721,0.0
0,3722,0.0
0,3723,0.0
0,3724,0.0
0,3725,0.0
0,3726,0.0
0,3727,0.0
0,3728,0.0
0,3729,0.0
0,3730,0.0
0,3731,0.0
0,3732,0.0
0,3733,0.0
0,3734,0.0
0,3735,0.0
0,3736,0.0
0,3737,0.0
0,3738,0.0
0,3739,0.0
0,3740,0.0
0,3741,0.0
0,3742,0.0
0,3743,0.0
0,3744,0.0
0,3745,0.0
0,3746,0.0
0,3747,0.0
0,3748,0.0
0,3749,0.0
0,3750,0.0
0,3751,0.0
0,3752,0.0
0,3753,0.0
0,3754,0.0
0,3755,0.0
0,3756,0.0
0,3757,0.0
0,3758,0.0
0,3759,0.0
0,3760,0.0
0,3761,0.0
0,3762,0.0
0,3763,0.0
0,3764,0.0
0,3765,0.0
0,3766,0.0
0,3767,0.0
0,3768,0.0
0,3769,0.0
0,3770,0.0
0,3771,0.0
0,3772,0.0
0,3773,0.0
0,3774,0.0
0,3775,0.0
0,3776,0.0
0,3777,0.0
0,3778,0.0
0,3779,0.0
0,3780,0.0
0,3781,0.0
0,3782,0.0
0,3783,0.0
0,3784,0.0
0,3785,0.0
0,3786,0.0
0,3787,0.0
0,3788,0.0
0,3789,0.0
0,3790,0.0
0,3791,0.0
0,3792,0.0
0,3793,0.0
0,3794,0.0
0,3795,0.0
0,3796,0.0
0,3797,0.0
0,3798,0.0
0,3799,0.0
0,3800,0.0
0,3801,0.0
0,3802,0.0
0,3803,0.0
0,3804,0.0
0,3805,0.0
0,3806,0.0
0,3807,0.0
0,3808,0.0
0,3809,0.0
0,3810,0.0
0,3811,0.0
0,3812,0.0
0,3813,0.0
0,3814,0.0
0,3815,0.0
0,3816,0.0
0,3817,0.0
0,3818,0.0
0,3819,0.0
0,3820,0.0
0,3821,0.0
0,3822,0.0
0,3823,0.0
0,3824,0.0
0,3825,0.0
0,3826,0.0
0,3827,0.0
0,3828,0.0
0,3829,0.0
0,3830,0.0
0,3831,0.0
0,3832,0.0
0,3833,0.0
0,3834,0.0
0,3835,0.0
0,3836,0.0
0,3837,0.0
0,3838,0.0
0,3839,0.0
0,3840,0.0
0,3841,0.0
0,3842,0.0
0,3843,0.0
0,3844,0.0
0,3845,0.0
0,3846,0.0
0,3847,0.0
0,3848,0.0
0,3849,0.0
0,3850,0.0
0,3851,0.0
0,3852,0.0
0,3853,0.0
0,3854,0.0
0,3855,0.0
0,3856,0.0
0,3857,0.0
0,3858,0.0
0,3859,0.0
0,3860,0.0
0,3861,0.0
0,3862,0.0
0,3863,0.0
0,3864,0.0
0,3865,0.0
0,3866,0.0
0,3867,0.0
0,3868,0.0
0,3869,0.0
0,3870,0.0
0,3871,0.0
0,3872,0.0
0,3873,0.0
0,3874,0.0
0,3875,0.0
0,3876,0.0
0,3877,0.0
0,3878,0.0
0,3879,0.0
0,3880,0.0
0,3881,0.0
0,3882,0.0
0,3883,0.0
0,3884,0.0
0,3885,0.0
0,3886,0.0
0,3887,0.0
0,3888,0.0
0,3889,0.0
0,3890,0.0
0,3891,0.0
0,3892,0.0
0,3893,0.0
0,3894,0.0
0,3895,0.0
0,3896,0.0
0,3897,0.0
0,3898,0.0
0,3899,0.0
0,3900,0.0
0,3901,0.0
0,3902,0.0
0,3903,0.0
0,3904,0.0
0,3905,0.0
0,3906,0.0
0,3907,0.0
0,3908,0.0
0,3909,0.0
0,3910,0.0
0,3911,0.0
0,3912,0.0
0,3913,0.0
0,3914,0.0
0,3915,0.0
0,3916,0.0
0,3917,0.0
0,3918,0.0
0,3919,0.0
0,3920,0.0
0,3921,0.0
0,3922,0.0
0,3923,0.0
0,3924,0.0
0,3925,0.0
0,3926,0.0
0,3927,0.0
0,3928,0.0
0,3929,0.0
0,3930,0.0
0,3931,0.0
0,3932,0.0
0,3933,0.0
0,3934,0.0
0,3935,0.0
0,3936,0.0
0,3937,0.0
0,3938,0.0
0,3939,0.0
0,3940,0.0
0,3941,0.0
0,3942,0.0
0,3943,0.0
0,3944,0.0
0,3945,0.0
0,3946,0.0
0,3947,0.0
0,3948,0.0
0,3949,0.0
0,3950,0.0
0,3951,0.0
0,3952,0.0
0,3953,0.0
0,3954,0.0
0,3955,0.0
0,3956,0.0
0,3957,0.0
0,3958,0.0
0,3959,0.0
0,3960,0.0
0,3961,0.0
0,3962,0.0
0,3963,0.0
0,3964,0.0
0,3965,0.0
0,3966,0.0
0,3967,0.0
0,3968,0.0
0,3969,0.0
0,3970,0.0
0,3971,0.0
0,3972,0.0
0,3973,0.0
0,3974,0.0
0,3975,0.0
0,3976,0.0
0,3977,0.0
0,3978,0.0
0,3979,0.0
0,3980,0.0
0,3981,0.0
0,3982,0.0
0,3983,0.0
0,3984,0.0
0,3985,0.0
0,3986,0.0
0,3987,0.0
0,3988,0.0
0,3989,0.0
0,3990,0.0
0,3991,0.0
0,3992,0.0
0,3993,0.0
0,3994,0.0
0,3995,0.0
0,3996,0.0
0,3997,0.0
0,3998,0.0
0,3999,0.0
0,4000,0.0
0,4001,0.0
0,4002,0.0
0,4003,0.0
0,4004,0.0
0,4005,0.0
0,4006,0.0
0,4007,0.0
0,4008,0.0
0,4009,0.0
0,4010,0.0
0,4011,0.0
0,4012,0.0
0,4013,0.0
0,4014,0.0
0,4015,0.0
0,4016,0.0
0,4017,0.0
0,4018,0.0
0,4019,0.0
0,4020,0.0
0,4021,0.0
0,4022,0.0
0,4023,0.0
0,4024,0.0
0,4025,0.0
0,4026,0.0
0,4027,0.0
0,4028,0.0
0,4029,0.0
0,4030,0.0
0,4031,0.0
0,4032,0.0
0,4033,0.0
0,4034,0.0
0,4035,0.0
0,4036,0.0
0,4037,0.0
0,4038,0.0
0,4039,0.0
0,4040,0.0
0,4041,0.0
0,4042,0.0
0,4043,0.0
0,4044,0.0
0,4045,0.0
0,4046,0.0
0,4047,0.0
0,4048,0.0
0,4049,0.0
0,4050,0.0
0,4051,0.0
0,4052,0.0
0,4053,0.0
0,4054,0.0
0,4055,0.0
0,4056,0.0
0,4057,0.0
0,4058,0.0
0,4059,0.0
0,4060,0.0
0,4061,0.0
0,4062,0.0
0,4063,0.0
0,4064,0.0
0,4065,0.0
0,4066,0.0
0,4067,0.0
0,4068,0.0
0,4069,0.0
0,4070,0.0
0,4071,0.0
0,4072,0.0
0,4073,0.0
0,4074,0.0
0,4075,0.0
0,4076,0.0
0,4077,0.0
0,4078,0.0
0,4079,0.0
0,4080,0.0
0,4081,0.0
0,4082,0.0
0,4083,0.0
0,4084,0.0
0,4085,0.0
0,4086,0.0
0,4087,0.0
0,4088,0.0
0,4089,0.0
0,4090,0.0
0,4091,0.0
0,4092,0.0
0,4093,0.0
0,4094,0.0
0,4095,0.0
0,4096,0.0
0,4097,0.0
0,4098,0.0
0,4099,0.0
0,4100,0.0
0,4101,0.0
0,4102,0.0
0,4103,0.0
0,4104,0.0
0,4105,0.0
0,4106,0.0
0,4107,0.0
0,4108,0.0
0,4109,0.0
0,4110,0.0
0,4111,0.0
0,4112,0.0
0,4113,0.0
0,4114,0.0
0,4115,0.0
0,4116,0.0
0,4117,0.0
0,4118,0.0
0,4119,0.0
0,4120,0.0
0,4121,0.0
0,4122,0.0
0,4123,0.0
0,4124,0.0
0,4125,0.0
0,4126,0.0
0,4127,0.0
0,4128,0.0
0,4129,0.0
0,4130,0.0
0,4131,0.0
0,4132,0.0
0,4133,0.0
0,4134,0.0
0,4135,0.0
0,4136,0.0
0,4137,0.0
0,4138,0.0
0,4139,0.0
0,4140,0.0
0,4141,0.0
0,4142,0.0
0,4143,0.0
0,4144,0.0
0,4145,0.0
0,4146,0.0
0,4147,0.0
0,4148,0.0
0,4149,0.0
0,4150,0.0
0,4151,0.0
0,4152,0.0
0,4153,0.0
0,4154,0.0
0,4155,0.0
0,4156,0.0
0,4157,0.0
0,4158,0.0
0,4159,0.0
0,4160,0.0
0,4161,0.0
0,4162,0.0
0,4163,0.0
0,4164,0.0
0,4165,0.0
0,4166,0.0
0,4167,0.0
0,4168,0.0
0,4169,0.0
0,4170,0.0
0,4171,0.0
0,4172,0.0
0,4173,0.0
0,4174,0.0
0,4175,0.0
0,4176,0.0
0,4177,0.0
0,4178,0.0
0,4179,0.0
0,4180,0.0
0,4181,0.0
0,4182,0.0
0,4183,0.0
0,4184,0.0
0,4185,0.0
0,4186,0.0
0,4187,0.0
0,4188,0.0
0,4189,0.0
0,4190,0.0
0,4191,0.0
0,4192,0.0
0,4193,0.0
0,4194,0.0
0,4195,0.0
0,4196,0.0
0,4197,0.0
0,4198,0.0
0,4199,0.0
0,4200,0.0
0,4201,0.0
0,4202,0.0
0,4203,0.0
0,4204,0.0
0,4205,0.0
0,4206,0.0
0,4207,0.0
0,4208,0.0
0,4209,0.0
0,4210,0.0
0,4211,0.0
0,4212,0.0
0,4213,0.0
0,4214,0.0
0,4215,0.0
0,4216,0.0
0,4217,0.0
0,4218,0.0
0,4219,0.0
0,4220,0.0
0,4221,0.0
0,4222,0.0
0,4223,0.0
0,4224,0.0
0,4225,0.0
0,4226,0.0
0,4227,0.0
0,4228,0.0
0,4229,0.0
0,4230,0.0
0,4231,0.0
0,4232,0.0
0,4233,0.0
0,4234,0.0
0,4235,0.0
0,4236,0.0
0,4237,0.0
0,4238,0.0
0,4239,0.0
0,4240,0.0
0,4241,0.0
0,4242,0.0
0,4243,0.0
0,4244,0.0
0,4245,0.0
0,4246,0.0
0,4247,0.0
0,4248,0.0
0,4249,0.0
0,4250,0.0
0,4251,0.0
0,4252,0.0
0,4253,0.0
0,4254,0.0
0,4255,0.0
0,4256,0.0
0,4257,0.0
0,4258,0.0
0,4259,0.0
0,4260,0.0
0,4261,0.0
0,4262,0.0
0,4263,0.0
0,4264,0.0
0,4265,0.0
0,4266,0.0
0,4267,0.0
0,4268,0.0
0,4269,0.0
0,4270,0.0
0,4271,0.0
0,4272,0.0
0,4273,0.0
0,4274,0.0
0,4275,0.0
0,4276,0.0
0,4277,0.0
0,4278,0.0
0,4279,0.0
0,4280,0.0
0,4281,0.0
0,4282,0.0
0,4283,0.0
0,4284,0.0
0,4285,0.0
0,4286,0.0
0,4287,0.0
0,4288,0.0
0,4289,0.0
0,4290,0.0
0,4291,0.0
0,4292,0.0
0,4293,0.0
0,4294,0.0
0,4295,0.0
0,4296,0.0
0,4297,0.0
0,4298,0.0
0,4299,0.0
0,4300,0.0
0,4301,0.0
0,4302,0.0
0,4303,0.0
0,4304,0.0
0,4305,0.0
0,4306,0.0
0,4307,0.0
0,4308,0.0
0,4309,0.0
0,4310,0.0
0,4311,0.0
0,4312,0.0
0,4313,0.0
0,4314,0.0
0,4315,0.0
0,4316,0.0
0,4317,0.0
0,4318,0.0
0,4319,0.0
0,4320,0.0
0,4321,0.0
0,4322,0.0
0,4323,0.0
0,4324,0.0
0,4325,0.0
0,4326,0.0
0,4327,0.0
0,4328,0.0
0,4329,0.0
0,4330,0.0
0,4331,0.0
0,4332,0.0
0,4333,0.0
0,4334,0.0
0,4335,0.0
0,4336,0.0
0,4337,0.0
0,4338,0.0
0,4339,0.0
0,4340,0.0
0,4341,0.0
0,4342,0.0
0,4343,0.0
0,4344,0.0
0,4345,0.0
0,4346,0.0
0,4347,0.0
0,4348,0.0
0,4349,0.0
0,4350,0.0
0,4351,0.0
0,4352,0.0
0,4353,0.0
0,4354,0.0
0,4355,0.0
0,4356,0.0
0,4357,0.0
0,4358,0.0
0,4359,0.0
0,4360,0.0
0,4361,0.0
0,4362,0.0
0,4363,0.0
0,4364,0.0
0,4365,0.0
0,4366,0.0
0,4367,0.0
0,4368,0.0
0,4369,0.0
0,4370,0.0
0,4371,0.0
0,4372,0.0
0,4373,0.0
0,4374,0.0
0,4375,0.0
0,4376,0.0
0,4377,0.0
0,4378,0.0
0,4379,0.0
0,4380,0.0
0,4381,0.0
0,4382,0.0
0,4383,0.0
0,4384,0.0
0,4385,0.0
0,4386,0.0
0,4387,0.0
0,4388,0.0
0,4389,0.0
0,4390,0.0
0,4391,0.0
0,4392,0.0
0,4393,0.0
0,4394,0.0
0,4395,0.0
0,4396,0.0
0,4397,0.0
0,4398,0.0
0,4399,0.0
0,4400,0.0
0,4401,0.0
0,4402,0.0
0,4403,0.0
0,4404,0.0
0,4405,0.0
0,4406,0.0
0,4407,0.0
0,4408,0.0
0,4409,0.0
0,4410,0.0
0,4411,0.0
0,4412,0.0
0,4413,0.0
0,4414,0.0
0,4415,0.0
0,4416,0.0
0,4417,0.0
0,4418,0.0
0,4419,0.0
0,4420,0.0
0,4421,0.0
0,4422,0.0
0,4423,0.0
0,4424,0.0
0,4425,0.0
0,4426,0.0
0,4427,0.0
0,4428,0.0
0,4429,0.0
0,4430,0.0
0,4431,0.0
0,4432,0.0
0,4433,0.0
0,4434,0.0
0,4435,0.0
0,4436,0.0
0,4437,0.0
0,4438,0.0
0,4439,0.0
0,4440,0.0
0,4441,0.0
0,4442,0.0
0,4443,0.0
0,4444,0.0
0,4445,0.0
0,4446,0.0
0,4447,0.0
0,4448,0.0
0,4449,0.0
0,4450,0.0
0,4451,0.0
0,4452,0.0
0,4453,0.0
0,4454,0.0
0,4455,0.0
0,4456,0.0
0,4457,0.0
0,4458,0.0
0,4459,0.0
0,4460,0.0
0,4461,0.0
0,4462,0.0
0,4463,0.0
0,4464,0.0
0,4465,0.0
0,4466,0.0
0,4467,0.0
0,4468,0.0
0,4469,0.0
0,4470,0.0
0,4471,0.0
0,4472,0.0
0,4473,0.0
0,4474,0.0
0,4475,0.0
0,4476,0.0
0,4477,0.0
0,4478,0.0
0,4479,0.0
0,4480,0.0
0,4481,0.0
0,4482,0.0
0,4483,0.0
0,4484,0.0
0,4485,0.0
0,4486,0.0
0,4487,0.0
0,4488,0.0
0,4489,0.0
0,4490,0.0
0,4491,0.0
0,4492,0.0
0,4493,0.0
0,4494,0.0
0,4495,0.0
0,4496,0.0
0,4497,0.0
0,4498,0.0
0,4499,0.0
0,4500,0.0
0,4501,0.0
0,4502,0.0
0,4503,0.0
0,4504,0.0
0,4505,0.0
0,4506,0.0
0,4507,0.0
0,4508,0.0
0,4509,0.0
0,4510,0.0
0,4511,0.0
0,4512,0.0
0,4513,0.0
0,4514,0.0
0,4515,0.0
0,4516,0.0
0,4517,0.0
0,4518,0.0
0,4519,0.0
0,4520,0.0
0,4521,0.0
0,4522,0.0
0,4523,0.0
0,4524,0.0
0,4525,0.0
0,4526,0.0
0,4527,0.0
0,4528,0.0
0,4529,0.0
0,4530,0.0
0,4531,0.0
0,4532,0.0
0,4533,0.0
0,4534,0.0
0,4535,0.0
0,4536,0.0
0,4537,0.0
0,4538,0.0
0,4539,0.0
0,4540,0.0
0,4541,0.0
0,4542,0.0
0,4543,0.0
0,4544,0.0
0,4545,0.0
0,4546,0.0
0,4547,0.0
0,4548,0.0
0,4549,0.0
0,4550,0.0
0,4551,0.0
0,4552,0.0
0,4553,0.0
0,4554,0.0
0,4555,0.0
0,4556,0.0
0,4557,0.0
0,4558,0.0
0,4559,0.0
0,4560,0.0
0,4561,0.0
0,4562,0.0
0,4563,0.0
0,4564,0.0
0,4565,0.0
0,4566,0.0
0,4567,0.0
0,4568,0.0
0,4569,0.0
0,4570,0.0
0,4571,0.0
0,4572,0.0
0,4573,0.0
0,4574,0.0
0,4575,0.0
0,4576,0.0
0,4577,0.0
0,4578,0.0
0,4579,0.0
0,4580,0.0
0,4581,0.0
0,4582,0.0
0,4583,0.0
0,4584,0.0
0,4585,0.0
0,4586,0.0
0,4587,0.0
0,4588,0.0
0,4589,0.0
0,4590,0.0
0,4591,0.0
0,4592,0.0
0,4593,0.0
0,4594,0.0
0,4595,0.0
0,4596,0.0
0,4597,0.0
0,4598,0.0
0,4599,0.0
0,4600,0.0
0,4601,0.0
0,4602,0.0
0,4603,0.0
0,4604,0.0
0,4605,0.0
0,4606,0.0
0,4607,0.0
0,4608,0.0
0,4609,0.0
0,4610,0.0
0,4611,0.0
0,4612,0.0
0,4613,0.0
0,4614,0.0
0,4615,0.0
0,4616,0.0
0,4617,0.0
0,4618,0.0
0,4619,0.0
0,4620,0.0
0,4621,0.0
0,4622,0.0
0,4623,0.0
0,4624,0.0
0,4625,0.0
0,4626,0.0
0,4627,0.0
0,4628,0.0
0,4629,0.0
0,4630,0.0
0,4631,0.0
0,4632,0.0
0,4633,0.0
0,4634,0.0
0,4635,0.0
0,4636,0.0
0,4637,0.0
0,4638,0.0
0,4639,0.0
0,4640,0.0
0,4641,0.0
0,4642,0.0
0,4643,0.0
0,4644,0.0
0,4645,0.0
0,4646,0.0
0,4647,0.0
0,4648,0.0
0,4649,0.0
0,4650,0.0
0,4651,0.0
0,4652,0.0
0,4653,0.0
0,4654,0.0
0,4655,0.0
0,4656,0.0
0,4657,0.0
0,4658,0.0
0,4659,0.0
0,4660,0.0
0,4661,0.0
0,4662,0.0
0,4663,0.0
0,4664,0.0
0,4665,0.0
0,4666,0.0
0,4667,0.0
0,4668,0.0
0,4669,0.0
0,4670,0.0
0,4671,0.0
0,4672,0.0
0,4673,0.0
0,4674,0.0
0,4675,0.0
0,4676,0.0
0,4677,0.0
0,4678,0.0
0,4679,0.0
0,4680,0.0
0,4681,0.0
0,4682,0.0
0,4683,0.0
0,4684,0.0
0,4685,0.0
0,4686,0.0
0,4687,0.0
0,4688,0.0
0,4689,0.0
0,4690,0.0
0,4691,0.0
0,4692,0.0
0,4693,0.0
0,4694,0.0
0,4695,0.0
0,4696,0.0
0,4697,0.0
0,4698,0.0
0,4699,0.0
0,4700,0.0
0,4701,0.0
0,4702,0.0
0,4703,0.0
0,4704,0.0
0,4705,0.0
0,4706,0.0
0,4707,0.0
0,4708,0.0
0,4709,0.0
0,4710,0.0
0,4711,0.0
0,4712,0.0
0,4713,0.0
0,4714,0.0
0,4715,0.0
0,4716,0.0
0,4717,0.0
0,4718,0.0
0,4719,0.0
0,4720,0.0
0,4721,0.0
0,4722,0.0
0,4723,0.0
0,4724,0.0
0,4725,0.0
0,4726,0.0
0,4727,0.0
0,4728,0.0
0,4729,0.0
0,4730,0.0
0,4731,0.0
0,4732,0.0
0,4733,0.0
0,4734,0.0
0,4735,0.0
0,4736,0.0
0,4737,0.0
0,4738,0.0
0,4739,0.0
0,4740,0.0
0,4741,0.0
0,4742,0.0
0,4743,0.0
0,4744,0.0
0,4745,0.0
0,4746,0.0
0,4747,0.0
0,4748,0.0
0,4749,0.0
0,4750,0.0
0,4751,0.0
0,4752,0.0
0,4753,0.0
0,4754,0.0
0,4755,0.0
0,4756,0.0
0,4757,0.0
0,4758,0.0
0,4759,0.0
0,4760,0.0
0,4761,0.0
0,4762,0.0
0,4763,0.0
0,4764,0.0
0,4765,0.0
0,4766,0.0
0,4767,0.0
0,4768,0.0
0,4769,0.0
0,4770,0.0
0,4771,0.0
0,4772,0.0
0,4773,0.0
0,4774,0.0
0,4775,0.0
0,4776,0.0
0,4777,0.0
0,4778,0.0
0,4779,0.0
0,4780,0.0
0,4781,0.0
0,4782,0.0
0,4783,0.0
0,4784,0.0
0,4785,0.0
0,4786,0.0
0,4787,0.0
0,4788,0.0
0,4789,0.0
0,4790,0.0
0,4791,0.0
0,4792,0.0
0,4793,0.0
0,4794,0.0
0,4795,0.0
0,4796,0.0
0,4797,0.0
0,4798,0.0
0,4799,0.0
0,4800,0.0
0,4801,0.0
0,4802,0.0
0,4803,0.0
0,4804,0.0
0,4805,0.0
0,4806,0.0
0,4807,0.0
0,4808,0.0
0,4809,0.0
0,4810,0.0
0,4811,0.0
0,4812,0.0
0,4813,0.0
0,4814,0.0
0,4815,0.0
0,4816,0.0
0,4817,0.0
0,4818,0.0
0,4819,0.0
0,4820,0.0
0,4821,0.0
0,4822,0.0
0,4823,0.0
0,4824,0.0
0,4825,0.0
0,4826,0.0
0,4827,0.0
0,4828,0.0
0,4829,0.0
0,4830,0.0
0,4831,0.0
0,4832,0.0
0,4833,0.0
0,4834,0.0
0,4835,0.0
0,4836,0.0
0,4837,0.0
0,4838,0.0
0,4839,0.0
0,4840,0.0
0,4841,0.0
0,4842,0.0
0,4843,0.0
0,4844,0.0
0,4845,0.0
0,4846,0.0
0,4847,0.0
0,4848,0.0
0,4849,0.0
0,4850,0.0
0,4851,0.0
0,4852,0.0
0,4853,0.0
0,4854,0.0
0,4855,0.0
0,4856,0.0
0,4857,0.0
0,4858,0.0
0,4859,0.0
0,4860,0.0
0,4861,0.0
0,4862,0.0
0,4863,0.0
0,4864,0.0
0,4865,0.0
0,4866,0.0
0,4867,0.0
0,4868,0.0
0,4869,0.0
0,4870,0.0
0,4871,0.0
0,4872,0.0
0,4873,0.0
0,4874,0.0
0,4875,0.0
0,4876,0.0
0,4877,0.0
0,4878,0.0
0,4879,0.0
0,4880,0.0
0,4881,0.0
0,4882,0.0
0,4883,0.0
0,4884,0.0
0,4885,0.0
0,4886,0.0
0,4887,0.0
0,4888,0.0
0,4889,0.0
0,4890,0.0
0,4891,0.0
0,4892,0.0
0,4893,0.0
0,4894,0.0
0,4895,0.0
0,4896,0.0
0,4897,0.0
0,4898,0.0
0,4899,0.0
0,4900,0.0
0,4901,0.0
0,4902,0.0
0,4903,0.0
0,4904,0.0
0,4905,0.0
0,4906,0.0
0,4907,0.0
0,4908,0.0
0,4909,0.0
0,4910,0.0
0,4911,0.0
0,4912,0.0
0,4913,0.0
0,4914,0.0
0,4915,0.0
0,4916,0.0
0,4917,0.0
0,4918,0.0
0,4919,0.0
0,4920,0.0
0,4921,0.0
0,4922,0.0
0,4923,0.0
0,4924,0.0
0,4925,0.0
0,4926,0.0
0,4927,0.0
0,4928,0.0
0,4929,0.0
0,4930,0.0
0,4931,0.0
0,4932,0.0
0,4933,0.0
0,4934,0.0
0,4935,0.0
0,4936,0.0
0,4937,0.0
0,4938,0.0
0,4939,0.0
0,4940,0.0
0,4941,0.0
0,4942,0.0
0,4943,0.0
0,4944,0.0
0,4945,0.0
0,4946,0.0
0,4947,0.0
0,4948,0.0
0,4949,0.0
0,4950,0.0
0,4951,0.0
0,4952,0.0
0,4953,0.0
0,4954,0.0
0,4955,0.0
0,4956,0.0
0,4957,0.0
0,4958,0.0
0,4959,0.0
0,4960,0.0
0,4961,0.0
0,4962,0.0
0,4963,0.0
0,4964,0.0
0,4965,0.0
0,4966,0.0
0,4967,0.0
0,4968,0.0
0,4969,0.0
0,4970,0.0
0,4971,0.0
0,4972,0.0
0,4973,0.0
0,4974,0.0
0,4975,0.0
0,4976,0.0
0,4977,0.0
0,4978,0.0
0,4979,0.0
0,4980,0.0
0,4981,0.0
0,4982,0.0
0,4983,0.0
0,4984,0.0
0,4985,0.0
0,4986,0.0
0,4987,0.0
0,4988,0.0
0,4989,0.0
0,4990,0.0
0,4991,0.0
0,4992,0.0
0,4993,0.0
0,4994,0.0
0,4995,0.0
0,4996,0.0
0,4997,0.0
0,4998,0.0
0,4999,0.0
0,5000,0.0
0,5001,0.0
0,5002,0.0
0,5003,0.0
0,5004,0.0
0,5005,0.0
0,5006,0.0
0,5007,0.0
0,5008,0.0
0,5009,0.0
0,5010,0.0
0,5011,0.0
0,5012,0.0
0,5013,0.0
0,5014,0.0
0,5015,0.0
0,5016,0.0
0,5017,0.0
0,5018,0.0
0,5019,0.0
0,5020,0.0
0,5021,0.0
0,5022,0.0
0,5023,0.0
0,5024,0.0
0,5025,0.0
0,5026,0.0
0,5027,0.0
0,5028,0.0
0,5029,0.0
0,5030,0.0
0,5031,0.0
0,5032,0.0
0,5033,0.0
0,5034,0.0
0,5035,0.0
0,5036,0.0
0,5037,0.0
0,5038,0.0
0,5039,0.0
0,5040,0.0
0,5041,0.0
0,5042,0.0
0,5043,0.0
0,5044,0.0
0,5045,0.0
0,5046,0.0
0,5047,0.0
0,5048,0.0
0,5049,0.0
0,5050,0.0
0,5051,0.0
0,5052,0.0
0,5053,0.0
0,5054,0.0
0,5055,0.0
0,5056,0.0
0,5057,0.0
0,5058,0.0
0,5059,0.0
0,5060,0.0
0,5061,0.0
0,5062,0.0
0,5063,0.0
0,5064,0.0
0,5065,0.0
0,5066,0.0
0,5067,0.0
0,5068,0.0
0,5069,0.0
0,5070,0.0
0,5071,0.0
0,5072,0.0
0,5073,0.0
0,5074,0.0
0,5075,0.0
0,5076,0.0
0,5077,0.0
0,5078,0.0
0,5079,0.0
0,5080,0.0
0,5081,0.0
0,5082,0.0
0,5083,0.0
0,5084,0.0
0,5085,0.0
0,5086,0.0
0,5087,0.0
0,5088,0.0
0,5089,0.0
0,5090,0.0
0,5091,0.0
0,5092,0.0
0,5093,0.0
0,5094,0.0
0,5095,0.0
0,5096,0.0
0,5097,0.0
0,5098,0.0
0,5099,0.0
0,5100,0.0
0,5101,0.0
0,5102,0.0
0,5103,0.0
0,5104,0.0
0,5105,0.0
0,5106,0.0
0,5107,0.0
0,5108,0.0
0,5109,0.0
0,5110,0.0
0,5111,0.0
0,5112,0.0
0,5113,0.0
0,5114,0.0
0,5115,0.0
0,5116,0.0
0,5117,0.0
0,5118,0.0
0,5119,0.0
0,5120,0.0
0,5121,0.0
0,5122,0.0
0,5123,0.0
0,5124,0.0
0,5125,0.0
0,5126,0.0
0,5127,0.0
0,5128,0.0
0,5129,0.0
0,5130,0.0
0,5131,0.0
0,5132,0.0
0,5133,0.0
0,5134,0.0
0,5135,0.0
0,5136,0.0
0,5137,0.0
0,5138,0.0
0,5139,0.0
0,5140,0.0
0,5141,0.0
0,5142,0.0
0,5143,0.0
0,5144,0.0
0,5145,0.0
0,5146,0.0
0,5147,0.0
0,5148,0.0
0,5149,0.0
0,5150,0.0
0,5151,0.0
0,5152,0.0
0,5153,0.0
0,5154,0.0
0,5155,0.0
0,5156,0.0
0,5157,0.0
0,5158,0.0
0,5159,0.0
0,5160,0.0
0,5161,0.0
0,5162,0.0
0,5163,0.0
0,5164,0.0
0,5165,0.0
0,5166,0.0
0,5167,0.0
0,5168,0.0
0,5169,0.0
0,5170,0.0
0,5171,0.0
0,5172,0.0
0,5173,0.0
0,5174,0.0
0,5175,0.0
0,5176,0.0
0,5177,0.0
0,5178,0.0
0,5179,0.0
0,5180,0.0
0,5181,0.0
0,5182,0.0
0,5183,0.0
0,5184,0.0
0,5185,0.0
0,5186,0.0
0,5187,0.0
0,5188,0.0
0,5189,0.0
0,5190,0.0
0,5191,0.0
0,5192,0.0
0,5193,0.0
0,5194,0.0
0,5195,0.0
0,5196,0.0
0,5197,0.0
0,5198,0.0
0,5199,0.0
0,5200,0.0
0,5201,0.0
0,5202,0.0
0,5203,0.0
0,5204,0.0
0,5205,0.0
0,5206,0.0
0,5207,0.0
0,5208,0.0
0,5209,0.0
0,5210,0.0
0,5211,0.0
0,5212,0.0
0,5213,0.0
0,5214,0.0
0,5215,0.0
0,5216,0.0
0,5217,0.0
0,5218,0.0
0,5219,0.0
0,5220,0.0
0,5221,0.0
0,5222,0.0
0,5223,0.0
0,5224,0.0
0,5225,0.0
0,5226,0.0
0,5227,0.0
0,5228,0.0
0,5229,0.0
0,5230,0.0
0,5231,0.0
0,5232,0.0
0,5233,0.0
0,5234,0.0
0,5235,0.0
0,5236,0.0
0,5237,0.0
0,5238,0.0
0,5239,0.0
0,5240,0.0
0,5241,0.0
0,5242,0.0
0,5243,0.0
0,5244,0.0
0,5245,0.0
0,5246,0.0
0,5247,0.0
0,5248,0.0
0,5249,0.0
0,5250,0.0
0,5251,0.0
0,5252,0.0
0,5253,0.0
0,5254,0.0
0,5255,0.0
0,5256,0.0
0,5257,0.0
0,5258,0.0
0,5259,0.0
0,5260,0.0
0,5261,0.0
0,5262,0.0
0,5263,0.0
0,5264,0.0
0,5265,0.0
0,5266,0.0
0,5267,0.0
0,5268,0.0
0,5269,0.0
0,5270,0.0
0,5271,0.0
0,5272,0.0
0,5273,0.0
0,5274,0.0
0,5275,0.0
0,5276,0.0
0,5277,0.0
0,5278,0.0
0,5279,0.0
0,5280,0.0
0,5281,0.0
0,5282,0.0
0,5283,0.0
0,5284,0.0
0,5285,0.0
0,5286,0.0
0,5287,0.0
0,5288,0.0
0,5289,0.0
0,5290,0.0
0,5291,0.0
0,5292,0.0
0,5293,0.0
0,5294,0.0
0,5295,0.0
0,5296,0.0
0,5297,0.0
0,5298,0.0
0,5299,0.0
0,5300,0.0
0,5301,0.0
0,5302,0.0
0,5303,0.0
0,5304,0.0
0,5305,0.0
0,5306,0.0
0,5307,0.0
0,5308,0.0
0,5309,0.0
0,5310,0.0
0,5311,0.0
0,5312,0.0
0,5313,0.0
0,5314,0.0
0,5315,0.0
0,5316,0.0
0,5317,0.0
0,5318,0.0
0,5319,0.0
0,5320,0.0
0,5321,0.0
0,5322,0.0
0,5323,0.0
0,5324,0.0
0,5325,0.0
0,5326,0.0
0,5327,0.0
0,5328,0.0
0,5329,0.0
0,5330,0.0
0,5331,0.0
0,5332,0.0
0,5333,0.0
0,5334,0.0
0,5335,0.0
0,5336,0.0
0,5337,0.0
0,5338,0.0
0,5339,0.0
0,5340,0.0
0,5341,0.0
0,5342,0.0
0,5343,0.0
0,5344,0.0
0,5345,0.0
0,5346,0.0
0,5347,0.0
0,5348,0.0
0,5349,0.0
0,5350,0.0
0,5351,0.0
0,5352,0.0
0,5353,0.0
0,5354,0.0
0,5355,0.0
0,5356,0.0
0,5357,0.0
0,5358,0.0
0,5359,0.0
0,5360,0.0
0,5361,0.0
0,5362,0.0
0,5363,0.0
0,5364,0.0
0,5365,0.0
0,5366,0.0
0,5367,0.0
0,5368,0.0
0,5369,0.0
0,5370,0.0
0,5371,0.0
0,5372,0.0
0,5373,0.0
0,5374,0.0
0,5375,0.0
0,5376,0.0
0,5377,0.0
0,5378,0.0
0,5379,0.0
0,5380,0.0
0,5381,0.0
0,5382,0.0
0,5383,0.0
0,5384,0.0
0,5385,0.0
0,5386,0.0
0,5387,0.0
0,5388,0.0
0,5389,0.0
0,5390,0.0
0,5391,0.0
0,5392,0.0
0,5393,0.0
0,5394,0.0
0,5395,0.0
0,5396,0.0
0,5397,0.0
0,5398,0.0
0,5399,0.0
0,5400,0.0
0,5401,0.0
0,5402,0.0
0,5403,0.0
0,5404,0.0
0,5405,0.0
0,5406,0.0
0,5407,0.0
0,5408,0.0
0,5409,0.0
0,5410,0.0
0,5411,0.0
0,5412,0.0
0,5413,0.0
0,5414,0.0
0,5415,0.0
0,5416,0.0
0,5417,0.0
0,5418,0.0
0,5419,0.0
0,5420,0.0
0,5421,0.0
0,5422,0.0
0,5423,0.0
0,5424,0.0
0,5425,0.0
0,5426,0.0
0,5427,0.0
0,5428,0.0
0,5429,0.0
0,5430,0.0
0,5431,0.0
0,5432,0.0
0,5433,0.0
0,5434,0.0
0,5435,0.0
0,5436,0.0
0,5437,0.0
0,5438,0.0
0,5439,0.0
0,5440,0.0
0,5441,0.0
0,5442,0.0
0,5443,0.0
0,5444,0.0
0,5445,0.0
0,5446,0.0
0,5447,0.0
0,5448,0.0
0,5449,0.0
0,5450,0.0
0,5451,0.0
0,5452,0.0
0,5453,0.0
0,5454,0.0
0,5455,0.0
0,5456,0.0
0,5457,0.0
0,5458,0.0
0,5459,0.0
0,5460,0.0
0,5461,0.0
0,5462,0.0
0,5463,0.0
0,5464,0.0
0,5465,0.0
0,5466,0.0
0,5467,0.0
0,5468,0.0
0,5469,0.0
0,5470,0.0
0,5471,0.0
0,5472,0.0
0,5473,0.0
0,5474,0.0
0,5475,0.0
0,5476,0.0
0,5477,0.0
0,5478,0.0
0,5479,0.0
0,5480,0.0
0,5481,0.0
0,5482,0.0
0,5483,0.0
0,5484,0.0
0,5485,0.0
0,5486,0.0
0,5487,0.0
0,5488,0.0
0,5489,0.0
0,5490,0.0
0,5491,0.0
0,5492,0.0
0,5493,0.0
0,5494,0.0
0,5495,0.0
0,5496,0.0
0,5497,0.0
0,5498,0.0
0,5499,0.0
0,5500,0.0
0,5501,0.0
0,5502,0.0
0,5503,0.0
0,5504,0.0
0,5505,0.0
0,5506,0.0
0,5507,0.0
0,5508,0.0
0,5509,0.0
0,5510,0.0
0,5511,0.0
0,5512,0.0
0,5513,0.0
0,5514,0.0
0,5515,0.0
0,5516,0.0
0,5517,0.0
0,5518,0.0
0,5519,0.0
0,5520,0.0
0,5521,0.0
0,5522,0.0
0,5523,0.0
0,5524,0.0
0,5525,0.0
0,5526,0.0
0,5527,0.0
0,5528,0.0
0,5529,0.0
0,5530,0.0
0,5531,0.0
0,5532,0.0
0,5533,0.0
0,5534,0.0
0,5535,0.0
0,5536,0.0
0,5537,0.0
0,5538,0.0
0,5539,0.0
0,5540,0.0
0,5541,0.0
0,5542,0.0
0,5543,0.0
0,5544,0.0
0,5545,0.0
0,5546,0.0
0,5547,0.0
0,5548,0.0
0,5549,0.0
0,5550,0.0
0,5551,0.0
0,5552,0.0
0,5553,0.0
0,5554,0.0
0,5555,0.0
0,5556,0.0
0,5557,0.0
0,5558,0.0
0,5559,0.0
0,5560,0.0
0,5561,0.0
0,5562,0.0
0,5563,0.0
0,5564,0.0
0,5565,0.0
0,5566,0.0
0,5567,0.0
0,5568,0.0
0,5569,0.0
0,5570,0.0
0,5571,0.0
0,5572,0.0
0,5573,0.0
0,5574,0.0
0,5575,0.0
0,5576,0.0
0,5577,0.0
0,5578,0.0
0,5579,0.0
0,5580,0.0
0,5581,0.0
0,5582,0.0
0,5583,0.0
0,5584,0.0
0,5585,0.0
0,5586,0.0
0,5587,0.0
0,5588,0.0
0,5589,0.0
0,5590,0.0
0,5591,0.0
0,5592,0.0
0,5593,0.0
0,5594,0.0
0,5595,0.0
0,5596,0.0
0,5597,0.0
0,5598,0.0
0,5599,0.0
0,5600,0.0
0,5601,0.0
0,5602,0.0
0,5603,0.0
0,5604,0.0
0,5605,0.0
0,5606,0.0
0,5607,0.0
0,5608,0.0
0,5609,0.0
0,5610,0.0
0,5611,0.0
0,5612,0.0
0,5613,0.0
0,5614,0.0
0,5615,0.0
0,5616,0.0
0,5617,0.0
0,5618,0.0
0,5619,0.0
0,5620,0.0
0,5621,0.0
0,5622,0.0
0,5623,0.0
0,5624,0.0
0,5625,0.0
0,5626,0.0
0,5627,0.0
0,5628,0.0
0,5629,0.0
0,5630,0.0
0,5631,0.0
0,5632,0.0
0,5633,0.0
0,5634,0.0
0,5635,0.0
0,5636,0.0
0,5637,0.0
0,5638,0.0
0,5639,0.0
0,5640,0.0
0,5641,0.0
0,5642,0.0
0,5643,0.0
0,5644,0.0
0,5645,0.0
0,5646,0.0
0,5647,0.0
0,5648,0.0
0,5649,0.0
0,5650,0.0
0,5651,0.0
0,5652,0.0
0,5653,0.0
0,5654,0.0
0,5655,0.0
0,5656,0.0
0,5657,0.0
0,5658,0.0
0,5659,0.0
0,5660,0.0
0,5661,0.0
0,5662,0.0
0,5663,0.0
0,5664,0.0
0,5665,0.0
0,5666,0.0
0,5667,0.0
0,5668,0.0
0,5669,0.0
0,5670,0.0
0,5671,0.0
0,5672,0.0
0,5673,0.0
0,5674,0.0
0,5675,0.0
0,5676,0.0
0,5677,0.0
0,5678,0.0
0,5679,0.0
0,5680,0.0
0,5681,0.0
0,5682,0.0
0,5683,0.0
0,5684,0.0
0,5685,0.0
0,5686,0.0
0,5687,0.0
0,5688,0.0
0,5689,0.0
0,5690,0.0
0,5691,0.0
0,5692,0.0
0,5693,0.0
0,5694,0.0
0,5695,0.0
0,5696,0.0
0,5697,0.0
0,5698,0.0
0,5699,0.0
0,5700,0.0
0,5701,0.0
0,5702,0.0
0,5703,0.0
0,5704,0.0
0,5705,0.0
0,5706,0.0
0,5707,0.0
0,5708,0.0
0,5709,0.0
0,5710,0.0
0,5711,0.0
0,5712,0.0
0,5713,0.0
0,5714,0.0
0,5715,0.0
0,5716,0.0
0,5717,0.0
0,5718,0.0
0,5719,0.0
0,5720,0.0
0,5721,0.0
0,5722,0.0
0,5723,0.0
0,5724,0.0
0,5725,0.0
0,5726,0.0
0,5727,0.0
0,5728,0.0
0,5729,0.0
0,5730,0.0
0,5731,0.0
0,5732,0.0
0,5733,0.0
0,5734,0.0
0,5735,0.0
0,5736,0.0
0,5737,0.0
0,5738,0.0
0,5739,0.0
0,5740,0.0
0,5741,0.0
0,5742,0.0
0,5743,0.0
0,5744,0.0
0,5745,0.0
0,5746,0.0
0,5747,0.0
0,5748,0.0
0,5749,0.0
0,5750,0.0
0,5751,0.0
0,5752,0.0
0,5753,0.0
0,5754,0.0
0,5755,0.0
0,5756,0.0
0,5757,0.0
0,5758,0.0
0,5759,0.0
0,5760,0.0
0,5761,0.0
0,5762,0.0
0,5763,0.0
0,5764,0.0
0,5765,0.0
0,5766,0.0
0,5767,0.0
0,5768,0.0
0,5769,0.0
0,5770,0.0
0,5771,0.0
0,5772,0.0
0,5773,0.0
0,5774,0.0
0,5775,0.0
0,5776,0.0
0,5777,0.0
0,5778,0.0
0,5779,0.0
0,5780,0.0
0,5781,0.0
0,5782,0.0
0,5783,0.0
0,5784,0.0
0,5785,0.0
0,5786,0.0
0,5787,0.0
0,5788,0.0
0,5789,0.0
0,5790,0.0
0,5791,0.0
0,5792,0.0
0,5793,0.0
0,5794,0.0
0,5795,0.0
0,5796,0.0
0,5797,0.0
0,5798,0.0
0,5799,0.0
0,5800,0.0
0,5801,0.0
0,5802,0.0
0,5803,0.0
0,5804,0.0
0,5805,0.0
0,5806,0.0
0,5807,0.0
0,5808,0.0
0,5809,0.0
0,5810,0.0
0,5811,0.0
0,5812,0.0
0,5813,0.0
0,5814,0.0
0,5815,0.0
0,5816,0.0
0,5817,0.0
0,5818,0.0
0,5819,0.0
0,5820,0.0
0,5821,0.0
0,5822,0.0
0,5823,0.0
0,5824,0.0
0,5825,0.0
0,5826,0.0
0,5827,0.0
0,5828,0.0
0,5829,0.0
0,5830,0.0
0,5831,0.0
0,5832,0.0
0,5833,0.0
0,5834,0.0
0,5835,0.0
0,5836,0.0
0,5837,0.0
0,5838,0.0
0,5839,0.0
0,5840,0.0
0,5841,0.0
0,5842,0.0
0,5843,0.0
0,5844,0.0
0,5845,0.0
0,5846,0.0
0,5847,0.0
0,5848,0.0
0,5849,0.0
0,5850,0.0
0,5851,0.0
0,5852,0.0
0,5853,0.0
0,5854,0.0
0,5855,0.0
0,5856,0.0
0,5857,0.0
0,5858,0.0
0,5859,0.0
0,5860,0.0
0,5861,0.0
0,5862,0.0
0,5863,0.0
0,5864,0.0
0,5865,0.0
0,5866,0.0
0,5867,0.0
0,5868,0.0
0,5869,0.0
0,5870,0.0
0,5871,0.0
0,5872,0.0
0,5873,0.0
0,5874,0.0
0,5875,0.0
0,5876,0.0
0,5877,0.0
0,5878,0.0
0,5879,0.0
0,5880,0.0
0,5881,0.0
0,5882,0.0
0,5883,0.0
0,5884,0.0
0,5885,0.0
0,5886,0.0
0,5887,0.0
0,5888,0.0
0,5889,0.0
0,5890,0.0
0,5891,0.0
0,5892,0.0
0,5893,0.0
0,5894,0.0
0,5895,0.0
0,5896,0.0
0,5897,0.0
0,5898,0.0
0,5899,0.0
0,5900,0.0
0,5901,0.0
0,5902,0.0
0,5903,0.0
0,5904,0.0
0,5905,0.0
0,5906,0.0
0,5907,0.0
0,5908,0.0
0,5909,0.0
0,5910,0.0
0,5911,0.0
0,5912,0.0
0,5913,0.0
0,5914,0.0
0,5915,0.0
0,5916,0.0
0,5917,0.0
0,5918,0.0
0,5919,0.0
0,5920,0.0
0,5921,0.0
0,5922,0.0
0,5923,0.0
0,5924,0.0
0,5925,0.0
0,5926,0.0
0,5927,0.0
0,5928,0.0
0,5929,0.0
0,5930,0.0
0,5931,0.0
0,5932,0.0
0,5933,0.0
0,5934,0.0
0,5935,0.0
0,5936,0.0
0,5937,0.0
0,5938,0.0
0,5939,0.0
0,5940,0.0
0,5941,0.0
0,5942,0.0
0,5943,0.0
0,5944,0.0
0,5945,0.0
0,5946,0.0
0,5947,0.0
0,5948,0.0
0,5949,0.0
0,5950,0.0
0,5951,0.0
0,5952,0.0
0,5953,0.0
0,5954,0.0
0,5955,0.0
0,5956,0.0
0,5957,0.0
0,5958,0.0
0,5959,0.0
0,5960,0.0
0,5961,0.0
0,5962,0.0
0,5963,0.0
0,5964,0.0
0,5965,0.0
0,5966,0.0
0,5967,0.0
0,5968,0.0
0,5969,0.0
0,5970,0.0
0,5971,0.0
0,5972,0.0
0,5973,0.0
0,5974,0.0
0,5975,0.0
0,5976,0.0
0,5977,0.0
0,5978,0.0
0,5979,0.0
0,5980,0.0
0,5981,0.0
0,5982,0.0
0,5983,0.0
0,5984,0.0
0,5985,0.0
0,5986,0.0
0,5987,0.0
0,5988,0.0
0,5989,0.0
0,5990,0.0
0,5991,0.0
0,5992,0.0
0,5993,0.0
0,5994,0.0
0,5995,0.0
0,5996,0.0
0,5997,0.0
0,5998,0.0
0,5999,0.0
0,6000,0.0
0,6001,0.0
0,6002,0.0
0,6003,0.0
0,6004,0.0
0,6005,0.0
0,6006,0.0
0,6007,0.0
0,6008,0.0
0,6009,0.0
0,6010,0.0
0,6011,0.0
0,6012,0.0
0,6013,0.0
0,6014,0.0
0,6015,0.0
0,6016,0.0
0,6017,0.0
0,6018,0.0
0,6019,0.0
0,6020,0.0
0,6021,0.0
0,6022,0.0
0,6023,0.0
0,6024,0.0
0,6025,0.0
0,6026,0.0
0,6027,0.0
0,6028,0.0
0,6029,0.0
0,6030,0.0
0,6031,0.0
0,6032,0.0
0,6033,0.0
0,6034,0.0
0,6035,0.0
0,6036,0.0
0,6037,0.0
0,6038,0.0
0,6039,0.0
0,6040,0.0
0,6041,0.0
0,6042,0.0
0,6043,0.0
0,6044,0.0
0,6045,0.0
0,6046,0.0
0,6047,0.0
0,6048,0.0
0,6049,0.0
0,6050,0.0
0,6051,0.0
0,6052,0.0
0,6053,0.0
0,6054,0.0
0,6055,0.0
0,6056,0.0
0,6057,0.0
0,6058,0.0
0,6059,0.0
0,6060,0.0
0,6061,0.0
0,6062,0.0
0,6063,0.0
0,6064,0.0
0,6065,0.0
0,6066,0.0
0,6067,0.0
0,6068,0.0
0,6069,0.0
0,6070,0.0
0,6071,0.0
0,6072,0.0
0,6073,0.0
0,6074,0.0
0,6075,0.0
0,6076,0.0
0,6077,0.0
0,6078,0.0
0,6079,0.0
0,6080,0.0
0,6081,0.0
0,6082,0.0
0,6083,0.0
0,6084,0.0
0,6085,0.0
0,6086,0.0
0,6087,0.0
0,6088,0.0
0,6089,0.0
0,6090,0.0
0,6091,0.0
0,6092,0.0
0,6093,0.0
0,6094,0.0
0,6095,0.0
0,6096,0.0
0,6097,0.0
0,6098,0.0
0,6099,0.0
0,6100,0.0
0,6101,0.0
0,6102,0.0
0,6103,0.0
0,6104,0.0
0,6105,0.0
0,6106,0.0
0,6107,0.0
0,6108,0.0
0,6109,0.0
0,6110,0.0
0,6111,0.0
0,6112,0.0
0,6113,0.0
0,6114,0.0
0,6115,0.0
0,6116,0.0
0,6117,0.0
0,6118,0.0
0,6119,0.0
0,6120,0.0
0,6121,0.0
0,6122,0.0
0,6123,0.0
0,6124,0.0
0,6125,0.0
0,6126,0.0
0,6127,0.0
0,6128,0.0
0,6129,0.0
0,6130,0.0
0,6131,0.0
0,6132,0.0
0,6133,0.0
0,6134,0.0
0,6135,0.0
0,6136,0.0
0,6137,0.0
0,6138,0.0
0,6139,0.0
0,6140,0.0
0,6141,0.0
0,6142,0.0
0,6143,0.0
0,6144,0.0
0,6145,0.0
0,6146,0.0
0,6147,0.0
0,6148,0.0
0,6149,0.0
0,6150,0.0
0,6151,0.0
0,6152,0.0
0,6153,0.0
0,6154,0.0
0,6155,0.0
0,6156,0.0
0,6157,0.0
0,6158,0.0
0,6159,0.0
0,6160,0.0
0,6161,0.0
0,6162,0.0
0,6163,0.0
0,6164,0.0
0,6165,0.0
0,6166,0.0
0,6167,0.0
0,6168,0.0
0,6169,0.0
0,6170,0.0
0,6171,0.0
0,6172,0.0
0,6173,0.0
0,6174,0.0
0,6175,0.0
0,6176,0.0
0,6177,0.0
0,6178,0.0
0,6179,0.0
0,6180,0.0
0,6181,0.0
0,6182,0.0
0,6183,0.0
0,6184,0.0
0,6185,0.0
0,6186,0.0
0,6187,0.0
0,6188,0.0
0,6189,0.0
0,6190,0.0
0,6191,0.0
0,6192,0.0
0,6193,0.0
0,6194,0.0
0,6195,0.0
0,6196,0.0
0,6197,0.0
0,6198,0.0
0,6199,0.0
0,6200,0.0
0,6201,0.0
0,6202,0.0
0,6203,0.0
0,6204,0.0
0,6205,0.0
0,6206,0.0
0,6207,0.0
0,6208,0.0
0,6209,0.0
0,6210,0.0
0,6211,0.0
0,6212,0.0
0,6213,0.0
0,6214,0.0
0,6215,0.0
0,6216,0.0
0,6217,0.0
0,6218,0.0
0,6219,0.0
0,6220,0.0
0,6221,0.0
0,6222,0.0
0,6223,0.0
0,6224,0.0
0,6225,0.0
0,6226,0.0
0,6227,0.0
0,6228,0.0
0,6229,0.0
0,6230,0.0
0,6231,0.0
0,6232,0.0
0,6233,0.0
0,6234,0.0
0,6235,0.0
0,6236,0.0
0,6237,0.0
0,6238,0.0
0,6239,0.0
0,6240,0.0
0,6241,0.0
0,6242,0.0
0,6243,0.0
0,6244,0.0
0,6245,0.0
0,6246,0.0
0,6247,0.0
0,6248,0.0
0,6249,0.0
0,6250,0.0
0,6251,0.0
0,6252,0.0
0,6253,0.0
0,6254,0.0
0,6255,0.0
0,6256,0.0
0,6257,0.0
0,6258,0.0
0,6259,0.0
0,6260,0.0
0,6261,0.0
0,6262,0.0
0,6263,0.0
0,6264,0.0
0,6265,0.0
0,6266,0.0
0,6267,0.0
0,6268,0.0
0,6269,0.0
0,6270,0.0
0,6271,0.0
0,6272,0.0
0,6273,0.0
0,6274,0.0
0,6275,0.0
0,6276,0.0
0,6277,0.0
0,6278,0.0
0,6279,0.0
0,6280,0.0
0,6281,0.0
0,6282,0.0
0,6283,0.0
0,6284,0.0
0,6285,0.0
0,6286,0.0
0,6287,0.0
0,6288,0.0
0,6289,0.0
0,6290,0.0
0,6291,0.0
0,6292,0.0
0,6293,0.0
0,6294,0.0
0,6295,0.0
0,6296,0.0
0,6297,0.0
0,6298,0.0
0,6299,0.0
0,6300,0.0
0,6301,0.0
0,6302,0.0
0,6303,0.0
0,6304,0.0
0,6305,0.0
0,6306,0.0
0,6307,0.0
0,6308,0.0
0,6309,0.0
0,6310,0.0
0,6311,0.0
0,6312,0.0
0,6313,0.0
0,6314,0.0
0,6315,0.0
0,6316,0.0
0,6317,0.0
0,6318,0.0
0,6319,0.0
0,6320,0.0
0,6321,0.0
0,6322,0.0
0,6323,0.0
0,6324,0.0
0,6325,0.0
0,6326,0.0
0,6327,0.0
0,6328,0.0
0,6329,0.0
0,6330,0.0
0,6331,0.0
0,6332,0.0
0,6333,0.0
0,6334,0.0
0,6335,0.0
0,6336,0.0
0,6337,0.0
0,6338,0.0
0,6339,0.0
0,6340,0.0
0,6341,0.0
0,6342,0.0
0,6343,0.0
0,6344,0.0
0,6345,0.0
0,6346,0.0
0,6347,0.0
0,6348,0.0
0,6349,0.0
0,6350,0.0
0,6351,0.0
0,6352,0.0
0,6353,0.0
0,6354,0.0
0,6355,0.0
0,6356,0.0
0,6357,0.0
0,6358,0.0
0,6359,0.0
0,6360,0.0
0,6361,0.0
0,6362,0.0
0,6363,0.0
0,6364,0.0
0,6365,0.0
0,6366,0.0
0,6367,0.0
0,6368,0.0
0,6369,0.0
0,6370,0.0
0,6371,0.0
0,6372,0.0
0,6373,0.0
0,6374,0.0
0,6375,0.0
0,6376,0.0
0,6377,0.0
0,6378,0.0
0,6379,0.0
0,6380,0.0
0,6381,0.0
0,6382,0.0
0,6383,0.0
0,6384,0.0
0,6385,0.0
0,6386,0.0
0,6387,0.0
0,6388,0.0
0,6389,0.0
0,6390,0.0
0,6391,0.0
0,6392,0.0
0,6393,0.0
0,6394,0.0
0,6395,0.0
0,6396,0.0
0,6397,0.0
0,6398,0.0
0,6399,0.0
0,6400,0.0
0,6401,0.0
0,6402,0.0
0,6403,0.0
0,6404,0.0
0,6405,0.0
0,6406,0.0
0,6407,0.0
0,6408,0.0
0,6409,0.0
0,6410,0.0
0,6411,0.0
0,6412,0.0
0,6413,0.0
0,6414,0.0
0,6415,0.0
0,6416,0.0
0,6417,0.0
0,6418,0.0
0,6419,0.0
0,6420,0.0
0,6421,0.0
0,6422,0.0
0,6423,0.0
0,6424,0.0
0,6425,0.0
0,6426,0.0
0,6427,0.0
0,6428,0.0
0,6429,0.0
0,6430,0.0
0,6431,0.0
0,6432,0.0
0,6433,0.0
0,6434,0.0
0,6435,0.0
0,6436,0.0
0,6437,0.0
0,6438,0.0
0,6439,0.0
0,6440,0.0
0,6441,0.0
0,6442,0.0
0,6443,0.0
0,6444,0.0
0,6445,0.0
0,6446,0.0
0,6447,0.0
0,6448,0.0
0,6449,0.0
0,6450,0.0
0,6451,0.0
0,6452,0.0
0,6453,0.0
0,6454,0.0
0,6455,0.0
0,6456,0.0
0,6457,0.0
0,6458,0.0
0,6459,0.0
0,6460,0.0
0,6461,0.0
0,6462,0.0
0,6463,0.0
0,6464,0.0
0,6465,0.0
0,6466,0.0
0,6467,0.0
0,6468,0.0
0,6469,0.0
0,6470,0.0
0,6471,0.0
0,6472,0.0
0,6473,0.0
0,6474,0.0
0,6475,0.0
0,6476,0.0
0,6477,0.0
0,6478,0.0
0,6479,0.0
0,6480,0.0
0,6481,0.0
0,6482,0.0
0,6483,0.0
0,6484,0.0
0,6485,0.0
0,6486,0.0
0,6487,0.0
0,6488,0.0
0,6489,0.0
0,6490,0.0
0,6491,0.0
0,6492,0.0
0,6493,0.0
0,6494,0.0
0,6495,0.0
0,6496,0.0
0,6497,0.0
0,6498,0.0
0,6499,0.0
0,6500,0.0
0,6501,0.0
0,6502,0.0
0,6503,0.0
0,6504,0.0
0,6505,0.0
0,6506,0.0
0,6507,0.0
0,6508,0.0
0,6509,0.0
0,6510,0.0
0,6511,0.0
0,6512,0.0
0,6513,0.0
0,6514,0.0
0,6515,0.0
0,6516,0.0
0,6517,0.0
0,6518,0.0
0,6519,0.0
0,6520,0.0
0,6521,0.0
0,6522,0.0
0,6523,0.0
0,6524,0.0
0,6525,0.0
0,6526,0.0
0,6527,0.0
0,6528,0.0
0,6529,0.0
0,6530,0.0
0,6531,0.0
0,6532,0.0
0,6533,0.0
0,6534,0.0
0,6535,0.0
0,6536,0.0
0,6537,0.0
0,6538,0.0
0,6539,0.0
0,6540,0.0
0,6541,0.0
0,6542,0.0
0,6543,0.0
0,6544,0.0
0,6545,0.0
0,6546,0.0
0,6547,0.0
0,6548,0.0
0,6549,0.0
0,6550,0.0
0,6551,0.0
0,6552,0.0
0,6553,0.0
0,6554,0.0
0,6555,0.0
0,6556,0.0
0,6557,0.0
0,6558,0.0
0,6559,0.0
0,6560,0.0
0,6561,0.0
0,6562,0.0
0,6563,0.0
0,6564,0.0
0,6565,0.0
0,6566,0.0
0,6567,0.0
0,6568,0.0
0,6569,0.0
0,6570,0.0
0,6571,0.0
0,6572,0.0
0,6573,0.0
0,6574,0.0
0,6575,0.0
0,6576,0.0
0,6577,0.0
0,6578,0.0
0,6579,0.0
0,6580,0.0
0,6581,0.0
0,6582,0.0
0,6583,0.0
0,6584,0.0
0,6585,0.0
0,6586,0.0
0,6587,0.0
0,6588,0.0
0,6589,0.0
0,6590,0.0
0,6591,0.0
0,6592,0.0
0,6593,0.0
0,6594,0.0
0,6595,0.0
0,6596,0.0
0,6597,0.0
0,6598,0.0
0,6599,0.0
0,6600,0.0
0,6601,0.0
0,6602,0.0
0,6603,0.0
0,6604,0.0
0,6605,0.0
0,6606,0.0
0,6607,0.0
0,6608,0.0
0,6609,0.0
0,6610,0.0
0,6611,0.0
0,6612,0.0
0,6613,0.0
0,6614,0.0
0,6615,0.0
0,6616,0.0
0,6617,0.0
0,6618,0.0
0,6619,0.0
0,6620,0.0
0,6621,0.0
0,6622,0.0
0,6623,0.0
0,6624,0.0
0,6625,0.0
0,6626,0.0
0,6627,0.0
0,6628,0.0
0,6629,0.0
0,6630,0.0
0,6631,0.0
0,6632,0.0
0,6633,0.0
0,6634,0.0
0,6635,0.0
0,6636,0.0
0,6637,0.0
0,6638,0.0
0,6639,0.0
0,6640,0.0
0,6641,0.0
0,6642,0.0
0,6643,0.0
0,6644,0.0
0,6645,0.0
0,6646,0.0
0,6647,0.0
0,6648,0.0
0,6649,0.0
0,6650,0.0
0,6651,0.0
0,6652,0.0
0,6653,0.0
0,6654,0.0
0,6655,0.0
0,6656,0.0
0,6657,0.0
0,6658,0.0
0,6659,0.0
0,6660,0.0
0,6661,0.0
0,6662,0.0
0,6663,0.0
0,6664,0.0
0,6665,0.0
0,6666,0.0
0,6667,0.0
0,6668,0.0
0,6669,0.0
0,6670,0.0
0,6671,0.0
0,6672,0.0
0,6673,0.0
0,6674,0.0
0,6675,0.0
0,6676,0.0
0,6677,0.0
0,6678,0.0
0,6679,0.0
0,6680,0.0
0,6681,0.0
0,6682,0.0
0,6683,0.0
0,6684,0.0
0,6685,0.0
0,6686,0.0
0,6687,0.0
0,6688,0.0
0,6689,0.0
0,6690,0.0
0,6691,0.0
0,6692,0.0
0,6693,0.0
0,6694,0.0
0,6695,0.0
0,6696,0.0
0,6697,0.0
0,6698,0.0
0,6699,0.0
0,6700,0.0
0,6701,0.0
0,6702,0.0
0,6703,0.0
0,6704,0.0
0,6705,0.0
0,6706,0.0
0,6707,0.0
0,6708,0.0
0,6709,0.0
0,6710,0.0
0,6711,0.0
0,6712,0.0
0,6713,0.0
0,6714,0.0
0,6715,0.0
0,6716,0.0
0,6717,0.0
0,6718,0.0
0,6719,0.0
0,6720,0.0
0,6721,0.0
0,6722,0.0
0,6723,0.0
0,6724,0.0
0,6725,0.0
0,6726,0.0
0,6727,0.0
0,6728,0.0
0,6729,0.0
0,6730,0.0
0,6731,0.0
0,6732,0.0
0,6733,0.0
0,6734,0.0
0,6735,0.0
0,6736,0.0
0,6737,0.0
0,6738,0.0
0,6739,0.0
0,6740,0.0
0,6741,0.0
0,6742,0.0
0,6743,0.0
0,6744,0.0
0,6745,0.0
0,6746,0.0
0,6747,0.0
0,6748,0.0
0,6749,0.0
0,6750,0.0
0,6751,0.0
0,6752,0.0
0,6753,0.0
0,6754,0.0
0,6755,0.0
0,6756,0.0
0,6757,0.0
0,6758,0.0
0,6759,0.0
0,6760,0.0
0,6761,0.0
0,6762,0.0
0,6763,0.0
0,6764,0.0
0,6765,0.0
0,6766,0.0
0,6767,0.0
0,6768,0.0
0,6769,0.0
0,6770,0.0
0,6771,0.0
0,6772,0.0
0,6773,0.0
0,6774,0.0
0,6775,0.0
0,6776,0.0
0,6777,0.0
0,6778,0.0
0,6779,0.0
0,6780,0.0
0,6781,0.0
0,6782,0.0
0,6783,0.0
0,6784,0.0
0,6785,0.0
0,6786,0.0
0,6787,0.0
0,6788,0.0
0,6789,0.0
0,6790,0.0
0,6791,0.0
0,6792,0.0
0,6793,0.0
0,6794,0.0
0,6795,0.0
0,6796,0.0
0,6797,0.0
0,6798,0.0
0,6799,0.0
0,6800,0.0
0,6801,0.0
0,6802,0.0
0,6803,0.0
0,6804,0.0
0,6805,0.0
0,6806,0.0
0,6807,0.0
0,6808,0.0
0,6809,0.0
0,6810,0.0
0,6811,0.0
0,6812,0.0
0,6813,0.0
0,6814,0.0
0,6815,0.0
0,6816,0.0
0,6817,0.0
0,6818,0.0
0,6819,0.0
0,6820,0.0
0,6821,0.0
0,6822,0.0
0,6823,0.0
0,6824,0.0
0,6825,0.0
0,6826,0.0
0,6827,0.0
0,6828,0.0
0,6829,0.0
0,6830,0.0
0,6831,0.0
0,6832,0.0
0,6833,0.0
0,6834,0.0
0,6835,0.0
0,6836,0.0
0,6837,0.0
0,6838,0.0
0,6839,0.0
0,6840,0.0
0,6841,0.0
0,6842,0.0
0,6843,0.0
0,6844,0.0
0,6845,0.0
0,6846,0.0
0,6847,0.0
0,6848,0.0
0,6849,0.0
0,6850,0.0
0,6851,0.0
0,6852,0.0
0,6853,0.0
0,6854,0.0
0,6855,0.0
0,6856,0.0
0,6857,0.0
0,6858,0.0
0,6859,0.0
0,6860,0.0
0,6861,0.0
0,6862,0.0
0,6863,0.0
0,6864,0.0
0,6865,0.0
0,6866,0.0
0,6867,0.0
0,6868,0.0
0,6869,0.0
0,6870,0.0
0,6871,0.0
0,6872,0.0
0,6873,0.0
0,6874,0.0
0,6875,0.0
0,6876,0.0
0,6877,0.0
0,6878,0.0
0,6879,0.0
0,6880,0.0
0,6881,0.0
0,6882,0.0
0,6883,0.0
0,6884,0.0
0,6885,0.0
0,6886,0.0
0,6887,0.0
0,6888,0.0
0,6889,0.0
0,6890,0.0
0,6891,0.0
0,6892,0.0
0,6893,0.0
0,6894,0.0
0,6895,0.0
0,6896,0.0
0,6897,0.0
0,6898,0.0
0,6899,0.0
0,6900,0.0
0,6901,0.0
0,6902,0.0
0,6903,0.0
0,6904,0.0
0,6905,0.0
0,6906,0.0
0,6907,0.0
0,6908,0.0
0,6909,0.0
0,6910,0.0
0,6911,0.0
0,6912,0.0
0,6913,0.0
0,6914,0.0
0,6915,0.0
0,6916,0.0
0,6917,0.0
0,6918,0.0
0,6919,0.0
0,6920,0.0
0,6921,0.0
0,6922,0.0
0,6923,0.0
0,6924,0.0
0,6925,0.0
0,6926,0.0
0,6927,0.0
0,6928,0.0
0,6929,0.0
0,6930,0.0
0,6931,0.0
0,6932,0.0
0,6933,0.0
0,6934,0.0
0,6935,0.0
0,6936,0.0
0,6937,0.0
0,6938,0.0
0,6939,0.0
0,6940,0.0
0,6941,0.0
0,6942,0.0
0,6943,0.0
0,6944,0.0
0,6945,0.0
0,6946,0.0
0,6947,0.0
0,6948,0.0
0,6949,0.0
0,6950,0.0
0,6951,0.0
0,6952,0.0
0,6953,0.0
0,6954,0.0
0,6955,0.0
0,6956,0.0
0,6957,0.0
0,6958,0.0
0,6959,0.0
0,6960,0.0
0,6961,0.0
0,6962,0.0
0,6963,0.0
0,6964,0.0
0,6965,0.0
0,6966,0.0
0,6967,0.0
0,6968,0.0
0,6969,0.0
0,6970,0.0
0,6971,0.0
0,6972,0.0
0,6973,0.0
0,6974,0.0
0,6975,0.0
0,6976,0.0
0,6977,0.0
0,6978,0.0
0,6979,0.0
0,6980,0.0
0,6981,0.0
0,6982,0.0
0,6983,0.0
0,6984,0.0
0,6985,0.0
0,6986,0.0
0,6987,0.0
0,6988,0.0
0,6989,0.0
0,6990,0.0
0,6991,0.0
0,6992,0.0
0,6993,0.0
0,6994,0.0
0,6995,0.0
0,6996,0.0
0,6997,0.0
0,6998,0.0
0,6999,0.0
0,7000,0.0
0,7001,0.0
0,7002,0.0
0,7003,0.0
0,7004,0.0
0,7005,0.0
0,7006,0.0
0,7007,0.0
0,7008,0.0
0,7009,0.0
0,7010,0.0
0,7011,0.0
0,7012,0.0
0,7013,0.0
0,7014,0.0
0,7015,0.0
0,7016,0.0
0,7017,0.0
0,7018,0.0
0,7019,0.0
0,7020,0.0
0,7021,0.0
0,7022,0.0
0,7023,0.0
0,7024,0.0
0,7025,0.0
0,7026,0.0
0,7027,0.0
0,7028,0.0
0,7029,0.0
0,7030,0.0
0,7031,0.0
0,7032,0.0
0,7033,0.0
0,7034,0.0
0,7035,0.0
0,7036,0.0
0,7037,0.0
0,7038,0.0
0,7039,0.0
0,7040,0.0
0,7041,0.0
0,7042,0.0
0,7043,0.0
0,7044,0.0
0,7045,0.0
0,7046,0.0
0,7047,0.0
0,7048,0.0
0,7049,0.0
0,7050,0.0
0,7051,0.0
0,7052,0.0
0,7053,0.0
0,7054,0.0
0,7055,0.0
0,7056,0.0
0,7057,0.0
0,7058,0.0
0,7059,0.0
0,7060,0.0
0,7061,0.0
0,7062,0.0
0,7063,0.0
0,7064,0.0
0,7065,0.0
0,7066,0.0
0,7067,0.0
0,7068,0.0
0,7069,0.0
0,7070,0.0
0,7071,0.0
0,7072,0.0
0,7073,0.0
0,7074,0.0
0,7075,0.0
0,7076,0.0
0,7077,0.0
0,7078,0.0
0,7079,0.0
0,7080,0.0
0,7081,0.0
0,7082,0.0
0,7083,0.0
0,7084,0.0
0,7085,0.0
0,7086,0.0
0,7087,0.0
0,7088,0.0
0,7089,0.0
0,7090,0.0
0,7091,0.0
0,7092,0.0
0,7093,0.0
0,7094,0.0
0,7095,0.0
0,7096,0.0
0,7097,0.0
0,7098,0.0
0,7099,0.0
0,7100,0.0
0,7101,0.0
0,7102,0.0
0,7103,0.0
0,7104,0.0
0,7105,0.0
0,7106,0.0
0,7107,0.0
0,7108,0.0
0,7109,0.0
0,7110,0.0
0,7111,0.0
0,7112,0.0
0,7113,0.0
0,7114,0.0
0,7115,0.0
0,7116,0.0
0,7117,0.0
0,7118,0.0
0,7119,0.0
0,7120,0.0
0,7121,0.0
0,7122,0.0
0,7123,0.0
0,7124,0.0
0,7125,0.0
0,7126,0.0
0,7127,0.0
0,7128,0.0
0,7129,0.0
0,7130,0.0
0,7131,0.0
0,7132,0.0
0,7133,0.0
0,7134,0.0
0,7135,0.0
0,7136,0.0
0,7137,0.0
0,7138,0.0
0,7139,0.0
0,7140,0.0
0,7141,0.0
0,7142,0.0
0,7143,0.0
0,7144,0.0
0,7145,0.0
0,7146,0.0
0,7147,0.0
0,7148,0.0
0,7149,0.0
0,7150,0.0
0,7151,0.0
0,7152,0.0
0,7153,0.0
0,7154,0.0
0,7155,0.0
0,7156,0.0
0,7157,0.0
0,7158,0.0
0,7159,0.0
0,7160,0.0
0,7161,0.0
0,7162,0.0
0,7163,0.0
0,7164,0.0
0,7165,0.0
0,7166,0.0
0,7167,0.0
0,7168,0.0
0,7169,0.0
0,7170,0.0
0,7171,0.0
0,7172,0.0
0,7173,0.0
0,7174,0.0
0,7175,0.0
0,7176,0.0
0,7177,0.0
0,7178,0.0
0,7179,0.0
0,7180,0.0
0,7181,0.0
0,7182,0.0
0,7183,0.0
0,7184,0.0
0,7185,0.0
0,7186,0.0
0,7187,0.0
0,7188,0.0
0,7189,0.0
0,7190,0.0
0,7191,0.0
0,7192,0.0
0,7193,0.0
0,7194,0.0
0,7195,0.0
0,7196,0.0
0,7197,0.0
0,7198,0.0
0,7199,0.0
0,7200,0.0
0,7201,0.0
0,7202,0.0
0,7203,0.0
0,7204,0.0
0,7205,0.0
0,7206,0.0
0,7207,0.0
0,7208,0.0
0,7209,0.0
0,7210,0.0
0,7211,0.0
0,7212,0.0
0,7213,0.0
0,7214,0.0
0,7215,0.0
0,7216,0.0
0,7217,0.0
0,7218,0.0
0,7219,0.0
0,7220,0.0
0,7221,0.0
0,7222,0.0
0,7223,0.0
0,7224,0.0
0,7225,0.0
0,7226,0.0
0,7227,0.0
0,7228,0.0
0,7229,0.0
0,7230,0.0
0,7231,0.0
0,7232,0.0
0,7233,0.0
0,7234,0.0
0,7235,0.0
0,7236,0.0
0,7237,0.0
0,7238,0.0
0,7239,0.0
0,7240,0.0
0,7241,0.0
0,7242,0.0
0,7243,0.0
0,7244,0.0
0,7245,0.0
0,7246,0.0
0,7247,0.0
0,7248,0.0
0,7249,0.0
0,7250,0.0
0,7251,0.0
0,7252,0.0
0,7253,0.0
0,7254,0.0
0,7255,0.0
0,7256,0.0
0,7257,0.0
0,7258,0.0
0,7259,0.0
0,7260,0.0
0,7261,0.0
0,7262,0.0
0,7263,0.0
0,7264,0.0
0,7265,0.0
0,7266,0.0
0,7267,0.0
0,7268,0.0
0,7269,0.0
0,7270,0.0
0,7271,0.0
0,7272,0.0
0,7273,0.0
0,7274,0.0
0,7275,0.0
0,7276,0.0
0,7277,0.0
0,7278,0.0
0,7279,0.0
0,7280,0.0
0,7281,0.0
0,7282,0.0
0,7283,0.0
0,7284,0.0
0,7285,0.0
0,7286,0.0
0,7287,0.0
0,7288,0.0
0,7289,0.0
0,7290,0.0
0,7291,0.0
0,7292,0.0
0,7293,0.0
0,7294,0.0
0,7295,0.0
0,7296,0.0
0,7297,0.0
0,7298,0.0
0,7299,0.0
0,7300,0.0
0,7301,0.0
0,7302,0.0
0,7303,0.0
0,7304,0.0
0,7305,0.0
0,7306,0.0
0,7307,0.0
0,7308,0.0
0,7309,0.0
0,7310,0.0
0,7311,0.0
0,7312,0.0
0,7313,0.0
0,7314,0.0
0,7315,0.0
0,7316,0.0
0,7317,0.0
0,7318,0.0
0,7319,0.0
0,7320,0.0
0,7321,0.0
0,7322,0.0
0,7323,0.0
0,7324,0.0
0,7325,0.0
0,7326,0.0
0,7327,0.0
0,7328,0.0
0,7329,0.0
0,7330,0.0
0,7331,0.0
0,7332,0.0
0,7333,0.0
0,7334,0.0
0,7335,0.0
0,7336,0.0
0,7337,0.0
0,7338,0.0
0,7339,0.0
0,7340,0.0
0,7341,0.0
0,7342,0.0
0,7343,0.0
0,7344,0.0
0,7345,0.0
0,7346,0.0
0,7347,0.0
0,7348,0.0
0,7349,0.0
0,7350,0.0
0,7351,0.0
0,7352,0.0
0,7353,0.0
0,7354,0.0
0,7355,0.0
0,7356,0.0
0,7357,0.0
0,7358,0.0
0,7359,0.0
0,7360,0.0
0,7361,0.0
0,7362,0.0
0,7363,0.0
0,7364,0.0
0,7365,0.0
0,7366,0.0
0,7367,0.0
0,7368,0.0
0,7369,0.0
0,7370,0.0
0,7371,0.0
0,7372,0.0
0,7373,0.0
0,7374,0.0
0,7375,0.0
0,7376,0.0
0,7377,0.0
0,7378,0.0
0,7379,0.0
0,7380,0.0
0,7381,0.0
0,7382,0.0
0,7383,0.0
0,7384,0.0
0,7385,0.0
0,7386,0.0
0,7387,0.0
0,7388,0.0
0,7389,0.0
0,7390,0.0
0,7391,0.0
0,7392,0.0
0,7393,0.0
0,7394,0.0
0,7395,0.0
0,7396,0.0
0,7397,0.0
0,7398,0.0
0,7399,0.0
0,7400,0.0
0,7401,0.0
0,7402,0.0
0,7403,0.0
0,7404,0.0
0,7405,0.0
0,7406,0.0
0,7407,0.0
0,7408,0.0
0,7409,0.0
0,7410,0.0
0,7411,0.0
0,7412,0.0
0,7413,0.0
0,7414,0.0
0,7415,0.0
0,7416,0.0
0,7417,0.0
0,7418,0.0
0,7419,0.0
0,7420,0.0
0,7421,0.0
0,7422,0.0
0,7423,0.0
0,7424,0.0
0,7425,0.0
0,7426,0.0
0,7427,0.0
0,7428,0.0
0,7429,0.0
0,7430,0.0
0,7431,0.0
0,7432,0.0
0,7433,0.0
0,7434,0.0
0,7435,0.0
0,7436,0.0
0,7437,0.0
0,7438,0.0
0,7439,0.0
0,7440,0.0
0,7441,0.0
0,7442,0.0
0,7443,0.0
0,7444,0.0
0,7445,0.0
0,7446,0.0
0,7447,0.0
0,7448,0.0
0,7449,0.0
0,7450,0.0
0,7451,0.0
0,7452,0.0
0,7453,0.0
0,7454,0.0
0,7455,0.0
0,7456,0.0
0,7457,0.0
0,7458,0.0
0,7459,0.0
0,7460,0.0
0,7461,0.0
0,7462,0.0
0,7463,0.0
0,7464,0.0
0,7465,0.0
0,7466,0.0
0,7467,0.0
0,7468,0.0
0,7469,0.0
0,7470,0.0
0,7471,0.0
0,7472,0.0
0,7473,0.0
0,7474,0.0
0,7475,0.0
0,7476,0.0
0,7477,0.0
0,7478,0.0
0,7479,0.0
0,7480,0.0
0,7481,0.0
0,7482,0.0
0,7483,0.0
0,7484,0.0
0,7485,0.0
0,7486,0.0
0,7487,0.0
0,7488,0.0
0,7489,0.0
0,7490,0.0
0,7491,0.0
0,7492,0.0
0,7493,0.0
0,7494,0.0
0,7495,0.0
0,7496,0.0
0,7497,0.0
0,7498,0.0
0,7499,0.0
0,7500,0.0
0,7501,0.0
0,7502,0.0
0,7503,0.0
0,7504,0.0
0,7505,0.0
0,7506,0.0
0,7507,0.0
0,7508,0.0
0,7509,0.0
0,7510,0.0
0,7511,0.0
0,7512,0.0
0,7513,0.0
0,7514,0.0
0,7515,0.0
0,7516,0.0
0,7517,0.0
0,7518,0.0
0,7519,0.0
0,7520,0.0
0,7521,0.0
0,7522,0.0
0,7523,0.0
0,7524,0.0
0,7525,0.0
0,7526,0.0
0,7527,0.0
0,7528,0.0
0,7529,0.0
0,7530,0.0
0,7531,0.0
0,7532,0.0
0,7533,0.0
0,7534,0.0
0,7535,0.0
0,7536,0.0
0,7537,0.0
0,7538,0.0
0,7539,0.0
0,7540,0.0
0,7541,0.0
0,7542,0.0
0,7543,0.0
0,7544,0.0
0,7545,0.0
0,7546,0.0
0,7547,0.0
0,7548,0.0
0,7549,0.0
0,7550,0.0
0,7551,0.0
0,7552,0.0
0,7553,0.0
0,7554,0.0
0,7555,0.0
0,7556,0.0
0,7557,0.0
0,7558,0.0
0,7559,0.0
0,7560,0.0
0,7561,0.0
0,7562,0.0
0,7563,0.0
0,7564,0.0
0,7565,0.0
0,7566,0.0
0,7567,0.0
0,7568,0.0
0,7569,0.0
0,7570,0.0
0,7571,0.0
0,7572,0.0
0,7573,0.0
0,7574,0.0
0,7575,0.0
0,7576,0.0
0,7577,0.0
0,7578,0.0
0,7579,0.0
0,7580,0.0
0,7581,0.0
0,7582,0.0
0,7583,0.0
0,7584,0.0
0,7585,0.0
0,7586,0.0
0,7587,0.0
0,7588,0.0
0,7589,0.0
0,7590,0.0
0,7591,0.0
0,7592,0.0
0,7593,0.0
0,7594,0.0
0,7595,0.0
0,7596,0.0
0,7597,0.0
0,7598,0.0
0,7599,0.0
0,7600,0.0
0,7601,0.0
0,7602,0.0
0,7603,0.0
0,7604,0.0
0,7605,0.0
0,7606,0.0
0,7607,0.0
0,7608,0.0
0,7609,0.0
0,7610,0.0
0,7611,0.0
0,7612,0.0
0,7613,0.0
0,7614,0.0
0,7615,0.0
0,7616,0.0
0,7617,0.0
0,7618,0.0
0,7619,0.0
0,7620,0.0
0,7621,0.0
0,7622,0.0
0,7623,0.0
0,7624,0.0
0,7625,0.0
0,7626,0.0
0,7627,0.0
0,7628,0.0
0,7629,0.0
0,7630,0.0
0,7631,0.0
0,7632,0.0
0,7633,0.0
0,7634,0.0
0,7635,0.0
0,7636,0.0
0,7637,0.0
0,7638,0.0
0,7639,0.0
0,7640,0.0
0,7641,0.0
0,7642,0.0
0,7643,0.0
0,7644,0.0
0,7645,0.0
0,7646,0.0
0,7647,0.0
0,7648,0.0
0,7649,0.0
0,7650,0.0
0,7651,0.0
0,7652,0.0
0,7653,0.0
0,7654,0.0
0,7655,0.0
0,7656,0.0
0,7657,0.0
0,7658,0.0
0,7659,0.0
0,7660,0.0
0,7661,0.0
0,7662,0.0
0,7663,0.0
0,7664,0.0
0,7665,0.0
0,7666,0.0
0,7667,0.0
0,7668,0.0
0,7669,0.0
0,7670,0.0
0,7671,0.0
0,7672,0.0
0,7673,0.0
0,7674,0.0
0,7675,0.0
0,7676,0.0
0,7677,0.0
0,7678,0.0
0,7679,0.0
0,7680,0.0
0,7681,0.0
0,7682,0.0
0,7683,0.0
0,7684,0.0
0,7685,0.0
0,7686,0.0
0,7687,0.0
0,7688,0.0
0,7689,0.0
0,7690,0.0
0,7691,0.0
0,7692,0.0
0,7693,0.0
0,7694,0.0
0,7695,0.0
0,7696,0.0
0,7697,0.0
0,7698,0.0
0,7699,0.0
0,7700,0.0
0,7701,0.0
0,7702,0.0
0,7703,0.0
0,7704,0.0
0,7705,0.0
0,7706,0.0
0,7707,0.0
0,7708,0.0
0,7709,0.0
0,7710,0.0
0,7711,0.0
0,7712,0.0
0,7713,0.0
0,7714,0.0
0,7715,0.0
0,7716,0.0
0,7717,0.0
0,7718,0.0
0,7719,0.0
0,7720,0.0
0,7721,0.0
0,7722,0.0
0,7723,0.0
0,7724,0.0
0,7725,0.0
0,7726,0.0
0,7727,0.0
0,7728,0.0
0,7729,0.0
0,7730,0.0
0,7731,0.0
0,7732,0.0
0,7733,0.0
0,7734,0.0
0,7735,0.0
0,7736,0.0
0,7737,0.0
0,7738,0.0
0,7739,0.0
0,7740,0.0
0,7741,0.0
0,7742,0.0
0,7743,0.0
0,7744,0.0
0,7745,0.0
0,7746,0.0
0,7747,0.0
0,7748,0.0
0,7749,0.0
0,7750,0.0
0,7751,0.0
0,7752,0.0
0,7753,0.0
0,7754,0.0
0,7755,0.0
0,7756,0.0
0,7757,0.0
0,7758,0.0
0,7759,0.0
0,7760,0.0
0,7761,0.0
0,7762,0.0
0,7763,0.0
0,7764,0.0
0,7765,0.0
0,7766,0.0
0,7767,0.0
0,7768,0.0
0,7769,0.0
0,7770,0.0
0,7771,0.0
0,7772,0.0
0,7773,0.0
0,7774,0.0
0,7775,0.0
0,7776,0.0
0,7777,0.0
0,7778,0.0
0,7779,0.0
0,7780,0.0
0,7781,0.0
0,7782,0.0
0,7783,0.0
0,7784,0.0
0,7785,0.0
0,7786,0.0
0,7787,0.0
0,7788,0.0
0,7789,0.0
0,7790,0.0
0,7791,0.0
0,7792,0.0
0,7793,0.0
0,7794,0.0
0,7795,0.0
0,7796,0.0
0,7797,0.0
0,7798,0.0
0,7799,0.0
0,7800,0.0
0,7801,0.0
0,7802,0.0
0,7803,0.0
0,7804,0.0
0,7805,0.0
0,7806,0.0
0,7807,0.0
0,7808,0.0
0,7809,0.0
0,7810,0.0
0,7811,0.0
0,7812,0.0
0,7813,0.0
0,7814,0.0
0,7815,0.0
0,7816,0.0
0,7817,0.0
0,7818,0.0
0,7819,0.0
0,7820,0.0
0,7821,0.0
0,7822,0.0
0,7823,0.0
0,7824,0.0
0,7825,0.0
0,7826,0.0
0,7827,0.0
0,7828,0.0
0,7829,0.0
0,7830,0.0
0,7831,0.0
0,7832,0.0
0,7833,0.0
0,7834,0.0
0,7835,0.0
0,7836,0.0
0,7837,0.0
0,7838,0.0
0,7839,0.0
0,7840,0.0
0,7841,0.0
0,7842,0.0
0,7843,0.0
0,7844,0.0
0,7845,0.0
0,7846,0.0
0,7847,0.0
0,7848,0.0
0,7849,0.0
0,7850,0.0
0,7851,0.0
0,7852,0.0
0,7853,0.0
0,7854,0.0
0,7855,0.0
0,7856,0.0
0,7857,0.0
0,7858,0.0
0,7859,0.0
0,7860,0.0
0,7861,0.0
0,7862,0.0
0,7863,0.0
0,7864,0.0
0,7865,0.0
0,7866,0.0
0,7867,0.0
0,7868,0.0
0,7869,0.0
0,7870,0.0
0,7871,0.0
0,7872,0.0
0,7873,0.0
0,7874,0.0
0,7875,0.0
0,7876,0.0
0,7877,0.0
0,7878,0.0
0,7879,0.0
0,7880,0.0
0,7881,0.0
0,7882,0.0
0,7883,0.0
0,7884,0.0
0,7885,0.0
0,7886,0.0
0,7887,0.0
0,7888,0.0
0,7889,0.0
0,7890,0.0
0,7891,0.0
0,7892,0.0
0,7893,0.0
0,7894,0.0
0,7895,0.0
0,7896,0.0
0,7897,0.0
0,7898,0.0
0,7899,0.0
0,7900,0.0
0,7901,0.0
0,7902,0.0
0,7903,0.0
0,7904,0.0
0,7905,0.0
0,7906,0.0
0,7907,0.0
0,7908,0.0
0,7909,0.0
0,7910,0.0
0,7911,0.0
0,7912,0.0
0,7913,0.0
0,7914,0.0
0,7915,0.0
0,7916,0.0
0,7917,0.0
0,7918,0.0
0,7919,0.0
0,7920,0.0
0,7921,0.0
0,7922,0.0
0,7923,0.0
0,7924,0.0
0,7925,0.0
0,7926,0.0
0,7927,0.0
0,7928,0.0
0,7929,0.0
0,7930,0.0
0,7931,0.0
0,7932,0.0
0,7933,0.0
0,7934,0.0
0,7935,0.0
0,7936,0.0
0,7937,0.0
0,7938,0.0
0,7939,0.0
0,7940,0.0
0,7941,0.0
0,7942,0.0
0,7943,0.0
0,7944,0.0
0,7945,0.0
0,7946,0.0
0,7947,0.0
0,7948,0.0
0,7949,0.0
0,7950,0.0
0,7951,0.0
0,7952,0.0
0,7953,0.0
0,7954,0.0
0,7955,0.0
0,7956,0.0
0,7957,0.0
0,7958,0.0
0,7959,0.0
0,7960,0.0
0,7961,0.0
0,7962,0.0
0,7963,0.0
0,7964,0.0
0,7965,0.0
0,7966,0.0
0,7967,0.0
0,7968,0.0
0,7969,0.0
0,7970,0.0
0,7971,0.0
0,7972,0.0
0,7973,0.0
0,7974,0.0
0,7975,0.0
0,7976,0.0
0,7977,0.0
0,7978,0.0
0,7979,0.0
0,7980,0.0
0,7981,0.0
0,7982,0.0
0,7983,0.0
0,7984,0.0
0,7985,0.0
0,7986,0.0
0,7987,0.0
0,7988,0.0
0,7989,0.0
0,7990,0.0
0,7991,0.0
0,7992,0.0
0,7993,0.0
0,7994,0.0
0,7995,0.0
0,7996,0.0
0,7997,0.0
0,7998,0.0
0,7999,0.0
0,8000,0.0
0,8001,0.0
0,8002,0.0
0,8003,0.0
0,8004,0.0
0,8005,0.0
0,8006,0.0
0,8007,0.0
0,8008,0.0
0,8009,0.0
0,8010,0.0
0,8011,0.0
0,8012,0.0
0,8013,0.0
0,8014,0.0
0,8015,0.0
0,8016,0.0
0,8017,0.0
0,8018,0.0
0,8019,0.0
0,8020,0.0
0,8021,0.0
0,8022,0.0
0,8023,0.0
0,8024,0.0
0,8025,0.0
0,8026,0.0
0,8027,0.0
0,8028,0.0
0,8029,0.0
0,8030,0.0
0,8031,0.0
0,8032,0.0
0,8033,0.0
0,8034,0.0
0,8035,0.0
0,8036,0.0
0,8037,0.0
0,8038,0.0
0,8039,0.0
0,8040,0.0
0,8041,0.0
0,8042,0.0
0,8043,0.0
0,8044,0.0
0,8045,0.0
0,8046,0.0
0,8047,0.0
0,8048,0.0
0,8049,0.0
0,8050,0.0
0,8051,0.0
0,8052,0.0
0,8053,0.0
0,8054,0.0
0,8055,0.0
0,8056,0.0
0,8057,0.0
0,8058,0.0
0,8059,0.0
0,8060,0.0
0,8061,0.0
0,8062,0.0
0,8063,0.0
0,8064,0.0
0,8065,0.0
0,8066,0.0
0,8067,0.0
0,8068,0.0
0,8069,0.0
0,8070,0.0
0,8071,0.0
0,8072,0.0
0,8073,0.0
0,8074,0.0
0,8075,0.0
0,8076,0.0
0,8077,0.0
0,8078,0.0
0,8079,0.0
0,8080,0.0
0,8081,0.0
0,8082,0.0
0,8083,0.0
0,8084,0.0
0,8085,0.0
0,8086,0.0
0,8087,0.0
0,8088,0.0
0,8089,0.0
0,8090,0.0
0,8091,0.0
0,8092,0.0
0,8093,0.0
0,8094,0.0
0,8095,0.0
0,8096,0.0
0,8097,0.0
0,8098,0.0
0,8099,0.0
0,8100,0.0
0,8101,0.0
0,8102,0.0
0,8103,0.0
0,8104,0.0
0,8105,0.0
0,8106,0.0
0,8107,0.0
0,8108,0.0
0,8109,0.0
0,8110,0.0
0,8111,0.0
0,8112,0.0
0,8113,0.0
0,8114,0.0
0,8115,0.0
0,8116,0.0
0,8117,0.0
0,8118,0.0
0,8119,0.0
0,8120,0.0
0,8121,0.0
0,8122,0.0
0,8123,0.0
0,8124,0.0
0,8125,0.0
0,8126,0.0
0,8127,0.0
0,8128,0.0
0,8129,0.0
0,8130,0.0
0,8131,0.0
0,8132,0.0
0,8133,0.0
0,8134,0.0
0,8135,0.0
0,8136,0.0
0,8137,0.0
0,8138,0.0
0,8139,0.0
0,8140,0.0
0,8141,0.0
0,8142,0.0
0,8143,0.0
0,8144,0.0
0,8145,0.0
0,8146,0.0
0,8147,0.0
0,8148,0.0
0,8149,0.0
0,8150,0.0
0,8151,0.0
0,8152,0.0
0,8153,0.0
0,8154,0.0
0,8155,0.0
0,8156,0.0
0,8157,0.0
0,8158,0.0
0,8159,0.0
0,8160,0.0
0,8161,0.0
0,8162,0.0
0,8163,0.0
0,8164,0.0
0,8165,0.0
0,8166,0.0
0,8167,0.0
0,8168,0.0
0,8169,0.0
0,8170,0.0
0,8171,0.0
0,8172,0.0
0,8173,0.0
0,8174,0.0
0,8175,0.0
0,8176,0.0
0,8177,0.0
0,8178,0.0
0,8179,0.0
0,8180,0.0
0,8181,0.0
0,8182,0.0
0,8183,0.0
0,8184,0.0
0,8185,0.0
0,8186,0.0
0,8187,0.0
0,8188,0.0
0,8189,0.0
0,8190,0.0
0,8191,0.0
0,8192,0.0
0,8193,0.0
0,8194,0.0
0,8195,0.0
0,8196,0.0
0,8197,0.0
0,8198,0.0
0,8199,0.0
0,8200,0.0
0,8201,0.0
0,8202,0.0
0,8203,0.0
0,8204,0.0
0,8205,0.0
0,8206,0.0
0,8207,0.0
0,8208,0.0
0,8209,0.0
0,8210,0.0
0,8211,0.0
0,8212,0.0
0,8213,0.0
0,8214,0.0
0,8215,0.0
0,8216,0.0
0,8217,0.0
0,8218,0.0
0,8219,0.0
0,8220,0.0
0,8221,0.0
0,8222,0.0
0,8223,0.0
0,8224,0.0
0,8225,0.0
0,8226,0.0
0,8227,0.0
0,8228,0.0
0,8229,0.0
0,8230,0.0
0,8231,0.0
0,8232,0.0
0,8233,0.0
0,8234,0.0
0,8235,0.0
0,8236,0.0
0,8237,0.0
0,8238,0.0
0,8239,0.0
0,8240,0.0
0,8241,0.0
0,8242,0.0
0,8243,0.0
0,8244,0.0
0,8245,0.0
0,8246,0.0
0,8247,0.0
0,8248,0.0
0,8249,0.0
0,8250,0.0
0,8251,0.0
0,8252,0.0
0,8253,0.0
0,8254,0.0
0,8255,0.0
0,8256,0.0
0,8257,0.0
0,8258,0.0
0,8259,0.0
0,8260,0.0
0,8261,0.0
0,8262,0.0
0,8263,0.0
0,8264,0.0
0,8265,0.0
0,8266,0.0
0,8267,0.0
0,8268,0.0
0,8269,0.0
0,8270,0.0
0,8271,0.0
0,8272,0.0
0,8273,0.0
0,8274,0.0
0,8275,0.0
0,8276,0.0
0,8277,0.0
0,8278,0.0
0,8279,0.0
0,8280,0.0
0,8281,0.0
0,8282,0.0
0,8283,0.0
0,8284,0.0
0,8285,0.0
0,8286,0.0
0,8287,0.0
0,8288,0.0
0,8289,0.0
0,8290,0.0
0,8291,0.0
0,8292,0.0
0,8293,0.0
0,8294,0.0
0,8295,0.0
0,8296,0.0
0,8297,0.0
0,8298,0.0
0,8299,0.0
0,8300,0.0
0,8301,0.0
0,8302,0.0
0,8303,0.0
0,8304,0.0
0,8305,0.0
0,8306,0.0
0,8307,0.0
0,8308,0.0
0,8309,0.0
0,8310,0.0
0,8311,0.0
0,8312,0.0
0,8313,0.0
0,8314,0.0
0,8315,0.0
0,8316,0.0
0,8317,0.0
0,8318,0.0
0,8319,0.0
0,8320,0.0
0,8321,0.0
0,8322,0.0
0,8323,0.0
0,8324,0.0
0,8325,0.0
0,8326,0.0
0,8327,0.0
0,8328,0.0
0,8329,0.0
0,8330,0.0
0,8331,0.0
0,8332,0.0
0,8333,0.0
0,8334,0.0
0,8335,0.0
0,8336,0.0
0,8337,0.0
0,8338,0.0
0,8339,0.0
0,8340,0.0
0,8341,0.0
0,8342,0.0
0,8343,0.0
0,8344,0.0
0,8345,0.0
0,8346,0.0
0,8347,0.0
0,8348,0.0
0,8349,0.0
0,8350,0.0
0,8351,0.0
0,8352,0.0
0,8353,0.0
0,8354,0.0
0,8355,0.0
0,8356,0.0
0,8357,0.0
0,8358,0.0
0,8359,0.0
0,8360,0.0
0,8361,0.0
0,8362,0.0
0,8363,0.0
0,8364,0.0
0,8365,0.0
0,8366,0.0
0,8367,0.0
0,8368,0.0
0,8369,0.0
0,8370,0.0
0,8371,0.0
0,8372,0.0
0,8373,0.0
0,8374,0.0
0,8375,0.0
0,8376,0.0
0,8377,0.0
0,8378,0.0
0,8379,0.0
0,8380,0.0
0,8381,0.0
0,8382,0.0
0,8383,0.0
0,8384,0.0
0,8385,0.0
0,8386,0.0
0,8387,0.0
0,8388,0.0
0,8389,0.0
0,8390,0.0
0,8391,0.0
0,8392,0.0
0,8393,0.0
0,8394,0.0
0,8395,0.0
0,8396,0.0
0,8397,0.0
0,8398,0.0
0,8399,0.0
0,8400,0.0
0,8401,0.0
0,8402,0.0
0,8403,0.0
0,8404,0.0
0,8405,0.0
0,8406,0.0
0,8407,0.0
0,8408,0.0
0,8409,0.0
0,8410,0.0
0,8411,0.0
0,8412,0.0
0,8413,0.0
0,8414,0.0
0,8415,0.0
0,8416,0.0
0,8417,0.0
0,8418,0.0
0,8419,0.0
0,8420,0.0
0,8421,0.0
0,8422,0.0
0,8423,0.0
0,8424,0.0
0,8425,0.0
0,8426,0.0
0,8427,0.0
0,8428,0.0
0,8429,0.0
0,8430,0.0
0,8431,0.0
0,8432,0.0
0,8433,0.0
0,8434,0.0
0,8435,0.0
0,8436,0.0
0,8437,0.0
0,8438,0.0
0,8439,0.0
0,8440,0.0
0,8441,0.0
0,8442,0.0
0,8443,0.0
0,8444,0.0
0,8445,0.0
0,8446,0.0
0,8447,0.0
0,8448,0.0
0,8449,0.0
0,8450,0.0
0,8451,0.0
0,8452,0.0
0,8453,0.0
0,8454,0.0
0,8455,0.0
0,8456,0.0
0,8457,0.0
0,8458,0.0
0,8459,0.0
0,8460,0.0
0,8461,0.0
0,8462,0.0
0,8463,0.0
0,8464,0.0
0,8465,0.0
0,8466,0.0
0,8467,0.0
0,8468,0.0
0,8469,0.0
0,8470,0.0
0,8471,0.0
0,8472,0.0
0,8473,0.0
0,8474,0.0
0,8475,0.0
0,8476,0.0
0,8477,0.0
0,8478,0.0
0,8479,0.0
0,8480,0.0
0,8481,0.0
0,8482,0.0
0,8483,0.0
0,8484,0.0
0,8485,0.0
0,8486,0.0
0,8487,0.0
0,8488,0.0
0,8489,0.0
0,8490,0.0
0,8491,0.0
0,8492,0.0
0,8493,0.0
0,8494,0.0
0,8495,0.0
0,8496,0.0
0,8497,0.0
0,8498,0.0
0,8499,0.0
0,8500,0.0
0,8501,0.0
0,8502,0.0
0,8503,0.0
0,8504,0.0
0,8505,0.0
0,8506,0.0
0,8507,0.0
0,8508,0.0
0,8509,0.0
0,8510,0.0
0,8511,0.0
0,8512,0.0
0,8513,0.0
0,8514,0.0
0,8515,0.0
0,8516,0.0
0,8517,0.0
0,8518,0.0
0,8519,0.0
0,8520,0.0
0,8521,0.0
0,8522,0.0
0,8523,0.0
0,8524,0.0
0,8525,0.0
0,8526,0.0
0,8527,0.0
0,8528,0.0
0,8529,0.0
0,8530,0.0
0,8531,0.0
0,8532,0.0
0,8533,0.0
0,8534,0.0
0,8535,0.0
0,8536,0.0
0,8537,0.0
0,8538,0.0
0,8539,0.0
0,8540,0.0
0,8541,0.0
0,8542,0.0
0,8543,0.0
0,8544,0.0
0,8545,0.0
0,8546,0.0
0,8547,0.0
0,8548,0.0
0,8549,0.0
0,8550,0.0
0,8551,0.0
0,8552,0.0
0,8553,0.0
0,8554,0.0
0,8555,0.0
0,8556,0.0
0,8557,0.0
0,8558,0.0
0,8559,0.0
0,8560,0.0
0,8561,0.0
0,8562,0.0
0,8563,0.0
0,8564,0.0
0,8565,0.0
0,8566,0.0
0,8567,0.0
0,8568,0.0
0,8569,0.0
0,8570,0.0
0,8571,0.0
0,8572,0.0
0,8573,0.0
0,8574,0.0
0,8575,0.0
0,8576,0.0
0,8577,0.0
0,8578,0.0
0,8579,0.0
0,8580,0.0
0,8581,0.0
0,8582,0.0
0,8583,0.0
0,8584,0.0
0,8585,0.0
0,8586,0.0
0,8587,0.0
0,8588,0.0
0,8589,0.0
0,8590,0.0
0,8591,0.0
0,8592,0.0
0,8593,0.0
0,8594,0.0
0,8595,0.0
0,8596,0.0
0,8597,0.0
0,8598,0.0
0,8599,0.0
0,8600,0.0
0,8601,0.0
0,8602,0.0
0,8603,0.0
0,8604,0.0
0,8605,0.0
0,8606,0.0
0,8607,0.0
0,8608,0.0
0,8609,0.0
0,8610,0.0
0,8611,0.0
0,8612,0.0
0,8613,0.0
0,8614,0.0
0,8615,0.0
0,8616,0.0
0,8617,0.0
0,8618,0.0
0,8619,0.0
0,8620,0.0
0,8621,0.0
0,8622,0.0
0,8623,0.0
0,8624,0.0
0,8625,0.0
0,8626,0.0
0,8627,0.0
0,8628,0.0
0,8629,0.0
0,8630,0.0
0,8631,0.0
0,8632,0.0
0,8633,0.0
0,8634,0.0
0,8635,0.0
0,8636,0.0
0,8637,0.0
0,8638,0.0
0,8639,0.0
0,8640,0.0
0,8641,0.0
0,8642,0.0
0,8643,0.0
0,8644,0.0
0,8645,0.0
0,8646,0.0
0,8647,0.0
0,8648,0.0
0,8649,0.0
0,8650,0.0
0,8651,0.0
0,8652,0.0
0,8653,0.0
0,8654,0.0
0,8655,0.0
0,8656,0.0
0,8657,0.0
0,8658,0.0
0,8659,0.0
0,8660,0.0
0,8661,0.0
0,8662,0.0
0,8663,0.0
0,8664,0.0
0,8665,0.0
0,8666,0.0
0,8667,0.0
0,8668,0.0
0,8669,0.0
0,8670,0.0
0,8671,0.0
0,8672,0.0
0,8673,0.0
0,8674,0.0
0,8675,0.0
0,8676,0.0
0,8677,0.0
0,8678,0.0
0,8679,0.0
0,8680,0.0
0,8681,0.0
0,8682,0.0
0,8683,0.0
0,8684,0.0
0,8685,0.0
0,8686,0.0
0,8687,0.0
0,8688,0.0
0,8689,0.0
0,8690,0.0
0,8691,0.0
0,8692,0.0
0,8693,0.0
0,8694,0.0
0,8695,0.0
0,8696,0.0
0,8697,0.0
0,8698,0.0
0,8699,0.0
0,8700,0.0
0,8701,0.0
0,8702,0.0
0,8703,0.0
0,8704,0.0
0,8705,0.0
0,8706,0.0
0,8707,0.0
0,8708,0.0
0,8709,0.0
0,8710,0.0
0,8711,0.0
0,8712,0.0
0,8713,0.0
0,8714,0.0
0,8715,0.0
0,8716,0.0
0,8717,0.0
0,8718,0.0
0,8719,0.0
0,8720,0.0
0,8721,0.0
0,8722,0.0
0,8723,0.0
0,8724,0.0
0,8725,0.0
0,8726,0.0
0,8727,0.0
0,8728,0.0
0,8729,0.0
0,8730,0.0
0,8731,0.0
0,8732,0.0
0,8733,0.0
0,8734,0.0
0,8735,0.0
0,8736,0.0
0,8737,0.0
0,8738,0.0
0,8739,0.0
0,8740,0.0
0,8741,0.0
0,8742,0.0
0,8743,0.0
0,8744,0.0
0,8745,0.0
0,8746,0.0
0,8747,0.0
0,8748,0.0
0,8749,0.0
0,8750,0.0
0,8751,0.0
0,8752,0.0
0,8753,0.0
0,8754,0.0
0,8755,0.0
0,8756,0.0
0,8757,0.0
0,8758,0.0
0,8759,0.0
1,0,17389.269406392694
1,1,17389.269406392694
1,2,17389.269406392694
1,3,17389.269406392694
1,4,17389.269406392694
1,5,17389.269406392694
1,6,17389.269406392694
1,7,1.7134880181401968e-09
1,8,1.7062120605260134e-09
1,9,1.7134880181401968e-09
1,10,17389.269406392694
1,11,1.7134880181401968e-09
1,12,17389.269406392694
1,13,17389.269406392694
1,14,1.7316779121756554e-09
1,15,17389.269406392694
1,16,10641.414717315805
1,17,0.0
1,18,4799.728860957663
1,19,0.0
1,20,4598.985606304821
1,21,17389.269406392694
1,22,17389.269406392694
1,23,2995.586313099877
1,24,17389.269406392694
1,25,17389.269406392694
1,26,17389.269406392694
1,27,1.7134880181401968e-09
1,28,1.7134880181401968e-09
1,29,17389.269406392694
1,30,17389.269406392694
1,31,0.0
1,32,17389.269406392694
1,33,0.0
1,34,6915.3415426618885
1,35,9730.235464268637
1,36,14544.52312350285
1,37,0.0
1,38,0.0
1,39,0.0
1,40,2.4323526304215193e-08
1,41,0.0
1,42,7184.0257877398235
1,43,17389.269406392694
1,44,3935.919795675127
1,45,1.7319689504802227e-07
1,46,8.703864295966923e-08
1,47,7838.631563733999
1,48,17389.269406392694
1,49,9041.122737952555
1,50,17389.269406392694
1,51,17389.269406392694
1,52,17389.269406392694
1,53,17284.707619134944
1,54,17389.269406392694
1,55,17389.269406392694
1,56,0.0
1,57,0.0
1,58,4921.715804066811
1,59,3989.367671793201
1,60,2388.6189353054724
1,61,0.0
1,62,0.0
1,63,6.836853572167456e-08
1,64,1.3395037967711687e-08
1,65,1.259468263015151e-08
1,66,0.0
1,67,4740.348429855869
1,68,14671.027154991052
1,69,17389.269406392694
1,70,6960.988609595228
1,71,17389.269406392694
1,72,17389.269406392694
1,73,17389.269406390402
1,74,17389.269406392694
1,75,17389.26940639036
1,76,17389.269406390336
1,77,17389.269406392694
1,78,17389.269406390285
1,79,17389.269406390264
1,80,17389.269406392694
1,81,17389.269406390213
1,82,17389.269406392694
1,83,17389.269406392694
1,84,17389.26940639014
1,85,17389.269406390118
1,86,17389.269406392694
1,87,17389.269406392694
1,88,17389.269406392694
1,89,0.0
1,90,17389.269406392694
1,91,1.7134880181401968e-09
1,92,17389.269406392694
1,93,17389.269406392694
1,94,17389.269406392694
1,95,17389.269406392694
1,96,17389.269406392694
1,97,1.7280399333685637e-09
1,98,17389.269406392694
1,99,17389.269406392694
1,100,17389.269406392694
1,101,1.7134880181401968e-09
1,102,1.6789272194728255e-07
1,103,17389.26940626718
1,104,17389.269406392694
1,105,12663.67890146026
1,106,1.3219323591329157e-07
1,107,0.0
1,108,0.0
1,109,3.3563992474228144e-08
1,110,2.6964698918163776e-08
1,111,0.0
1,112,0.0
1,113,1.7105776350945234e-08
1,114,0.0
1,115,0.0
1,116,17389.269406392694
1,117,17389.269406382165
1,118,17389.269406392694
1,119,17389.269406392694
1,120,17389.269406392694
1,121,17389.269406392694
1,122,17389.269406392694
1,123,17389.269406392694
1,124,17389.269406392694
1,125,17389.269406392694
1,126,17389.269406365576
1,127,17389.269406260933
1,128,17389.269406392694
1,129,17389.269406392694
1,130,0.0
1,131,0.0
1,132,0.0
1,133,0.0
1,134,7113.793109723221
1,135,0.0
1,136,2.4985638447105885e-08
1,137,2.1522282622754574e-08
1,138,0.0
1,139,15103.860982711254
1,140,10102.185117821631
1,141,17389.269406392694
1,142,17389.269406392694
1,143,17389.269406350457
1,144,17389.269406392694
1,145,17389.269406392694
1,146,17389.269406221185
1,147,17389.269406392694
1,148,1.735315890982747e-09
1,149,1.7171259969472885e-09
1,150,17389.269406392694
1,151,1.5915793483145535e-07
1,152,0.0
1,153,0.0
1,154,2.6441921363584697e-07
1,155,9.842915460467339e-08
1,156,0.0
1,157,6691.174049219528
1,158,0.0
1,159,0.0
1,160,0.0
1,161,0.0
1,162,1646.5667177124233
1,163,17389.269406221112
1,164,10540.607854611171
1,165,0.0
1,166,0.0
1,167,10435.582001754014
1,168,17389.26940635593
1,169,17389.269406346506
1,170,17389.269406392694
1,171,17389.269406392694
1,172,17389.269406392694
1,173,17389.269406392694
1,174,17389.269406242256
1,175,0.0
1,176,1.7134880181401968e-09
1,177,1.7134880181401968e-09
1,178,17389.269406392694
1,179,1.709850039333105e-09
1,180,1.7134880181401968e-09
1,181,1.7280399333685637e-09
1,182,1.074658939614892e-07
1,183,17389.269406290314
1,184,1.6589183360338211e-09
1,185,17389.269406392694
1,186,1.6807462088763714e-09
1,187,15486.926456573376
1,188,17389.269406392694
1,189,17389.269406392694
1,190,17389.269406392694
1,191,1.7171259969472885e-09
1,192,17389.269406392694
1,193,1.7134880181401968e-09
1,194,17389.269406392694
1,195,17389.269406392694
1,196,1.7134880181401968e-09
1,197,17389.269406392694
1,198,17389.269406392694
1,199,1.0738949640654027e-07
1,200,0.0
1,201,17389.269406392694
1,202,17389.269406392694
1,203,17389.269406392694
1,204,1.7134880181401968e-09
1,205,17389.269406392694
1,206,1.7134880181401968e-09
1,207,17389.269406392694
1,208,17389.269406392694
1,209,1.7062120605260134e-09
1,210,17389.269406392694
1,211,17389.269406149942
1,212,0.0
1,213,0.0
1,214,0.0
1,215,8914.034264685215
1,216,15597.024920817912
1,217,17389.269406392694
1,218,17389.269406392694
1,219,17389.269406392694
1,220,15915.395014666658
1,221,16473.49805077582
1,222,17389.269406392694
1,223,1.7683487385511398e-07
1,224,0.0
1,225,17389.269406392694
1,226,17389.269406392694
1,227,17389.269406392694
1,228,17389.269406392694
1,229,17389.269406392694
1,230,17389.269406392694
1,231,17389.269406392694
1,232,17389.269406392694
1,233,1.709850039333105e-09
1,234,1.7171259969472885e-09
1,235,1.709850039333105e-09
1,236,1.7134880181401968e-09
1,237,17389.269406392694
1,238,1.709850039333105e-09
1,239,17389.269406392694
1,240,17389.269406392694
1,241,1.709850039333105e-09
1,242,1.7134880181401968e-09
1,243,1.7171259969472885e-09
1,244,17389.269406392694
1,245,17389.269406392694
1,246,17389.269406392694
1,247,1.7062120605260134e-09
1,248,1.709850039333105e-09
1,249,17389.269406392694
1,250,1.7134880181401968e-09
1,251,17389.269406392694
1,252,17389.269406392694
1,253,1.7462298274040222e-09
1,254,1.7062120605260134e-09
1,255,1.7062120605260134e-09
1,256,16110.862248042957
1,257,0.0
1,258,0.0
1,259,0.0
1,260,8000.820486550587
1,261,0.0
1,262,17389.269406392694
1,263,13324.519244413059
1,264,17389.269406319687
1,265,17389.269406273164
1,266,17389.269406068805
1,267,17389.269406392694
1,268,1.9063008949160576e-09
1,269,17389.269406392694
1,270,17389.269406392694
1,271,0.0
1,272,1.7062120605260134e-09
1,273,1.7134880181401968e-09
1,274,1.7171259969472885e-09
1,275,1.7134880181401968e-09
1,276,17389.269406392694
1,277,17389.269406392694
1,278,17389.269406392694
1,279,1.6771082300692797e-09
1,280,0.0
1,281,0.0
1,282,0.0
1,283,0.0
1,284,14116.737203557559
1,285,4635.627811990118
1,286,9039.3697497998
1,287,17389.269406392694
1,288,16866.633325775827
1,289,14470.542416777706
1,290,17389.269406392694
1,291,4.46412741439417e-07
1,292,0.0
1,293,17389.269406392694
1,294,17389.269406392694
1,295,0.0
1,296,1.546140993013978e-09
1,297,17389.269406392694
1,298,16642.883335990955
1,299,1.5848854673095047e-07
1,300,0.0
1,301,7409.91345977902
1,302,0.0
1,303,0.0
1,304,2.705928636714816e-08
1,305,0.0
1,306,12185.729608702835
1,307,11438.14062196811
1,308,0.0
1,309,4262.13420305726
1,310,0.0
1,311,17389.269406392694
1,312,17389.26940639089
1,313,17389.269406392694
1,314,17389.269406392694
1,315,17389.269406392694
1,316,17389.269406390817
1,317,17389.269406390802
1,318,17389.269406392694
1,319,17389.269406392694
1,320,6939.897146154828
1,321,3563.0510975041216
1,322,5223.4215750021285
1,323,6499.556832866183
1,324,0.0
1,325,11063.692539301663
1,326,0.0
1,327,0.0
1,328,0.0
1,329,2.2784661268815398e-08
1,330,2.0605511963367462e-08
1,331,0.0
1,332,17389.269406392694
1,333,17389.269406392694
1,334,17389.269406392694
1,335,17389.269406392694
1,336,17389.269406392694
1,337,17389.269406392694
1,338,17389.26940639036
1,339,17389.269406392694
1,340,17389.269406392694
1,341,17389.269406390285
1,342,17389.269406392694
1,343,17389.26940622686
1,344,0.0
1,345,0.0
1,346,0.0
1,347,17389.269406392694
1,348,13645.001310912321
1,349,10489.874244776594
1,350,17389.26940625098
1,351,17389.269406392694
1,352,1937.4983821567275
1,353,1.731787051539868e-07
1,354,0.0
1,355,0.0
1,356,0.0
1,357,4108.516154405039
1,358,9699.86199238485
1,359,17389.269406392694
1,360,17389.269406392694
1,361,17389.269406392694
1,362,13284.552426331622
1,363,2.750784915406257e-07
1,364,1.7670754459686577e-07
1,365,0.0
1,366,1.7462298274040222e-09
1,367,17389.269406392694
1,368,0.0
1,369,1.6916601452976465e-09
1,370,1.5643308870494366e-09
1,371,16158.950707058371
1,372,17389.269406392694
1,373,17389.269406392694
1,374,0.0
1,375,17389.269406392694
1,376,1.6661942936480045e-09
1,377,5899.380352121081
1,378,1553.5878312622517
1,379,1.7330603441223502e-07
1,380,0.0
1,381,5170.8695233048475
1,382,0.0
1,383,17389.269406392694
1,384,17389.269406392694
1,385,14281.782011478754
1,386,17389.269406392694
1,387,17389.269406392694
1,388,17389.269406392694
1,389,1.928128767758608e-09
1,390,17389.269406392694
1,391,17389.26940623776
1,392,1.69893610291183e-09
1,393,17389.269406392694
1,394,1.724401954561472e-09
1,395,17389.269406392694
1,396,17389.269406392694
1,397,17389.269406392694
1,398,1.7134880181401968e-09
1,399,1.7207639757543802e-09
1,400,17389.269406392694
1,401,17387.48350487569
1,402,0.0
1,403,0.0
1,404,0.0
1,405,3738.8753301482775
1,406,12608.81476097746
1,407,17389.269406392694
1,408,16176.081555498782
1,409,17389.269406392694
1,410,17389.269406392694
1,411,17389.269406392694
1,412,4.8901711124926805e-08
1,413,1.8953869584947824e-09
1,414,17389.269406392694
1,415,1.7493221093900502e-07
1,416,17389.269406237938
1,417,1.5315890777856112e-09
1,418,17389.269406392694
1,419,17389.269406392694
1,420,17389.269406392694
1,421,1.7171259969472885e-09
1,422,1.709850039333105e-09
1,423,1.7171259969472885e-09
1,424,1.3957105693407357e-07
1,425,0.0
1,426,13130.004908791958
1,427,0.0
1,428,6381.448911806401
1,429,17389.269406392694
1,430,17389.269406392694
1,431,17389.269406392694
1,432,17389.269406392694
1,433,1.7134880181401968e-09
1,434,17389.269406392694
1,435,1.7171259969472885e-09
1,436,17389.269406392694
1,437,17389.269406392694
1,438,1.6789272194728255e-07
1,439,17389.26940626719
1,440,17389.269406392694
1,441,1.306034391745925e-09
1,442,1.3096723705530167e-09
1,443,17389.269406392694
1,444,17389.269406392694
1,445,1.331500243395567e-09
1,446,0.0
1,447,1.3221142580732703e-07
1,448,0.0
1,449,0.0
1,450,0.0
1,451,0.0
1,452,11883.684102312816
1,453,17389.269406392694
1,454,17389.269406392694
1,455,17389.269406392694
1,456,17389.269406392694
1,457,17389.269406343043
1,458,17389.269406392694
1,459,17389.269406392694
1,460,1478.8371396780494
1,461,1.7316779121756554e-09
1,462,1.4235774870030582e-07
1,463,0.0
1,464,1.3219323591329157e-07
1,465,6.64222170598805e-08
1,466,0.0
1,467,883.5915518968104
1,468,0.0
1,469,0.0
1,470,8625.441157550733
1,471,0.0
1,472,1.5279510989785194e-08
1,473,0.0
1,474,1.2623786460608244e-08
1,475,11104.494533551577
1,476,17389.269406392694
1,477,17389.269406380434
1,478,17389.269406379364
1,479,17389.269406392694
1,480,17389.269406392694
1,481,17389.26940637473
1,482,17389.269406372423
1,483,17389.269406392694
1,484,17389.269406392694
1,485,17389.269406392694
1,486,17389.269406392694
1,487,17389.269406392694
1,488,0.0
1,489,0.0
1,490,5851.240443862891
1,491,6225.133598570763
1,492,17389.269406392694
1,493,1.724401954561472e-09
1,494,17389.269406392694
1,495,0.0
1,496,0.0
1,497,4.3997715692967176e-08
1,498,0.0
1,499,0.0
1,500,6169.536987055155
1,501,17389.269406392694
1,502,17389.269406392694
1,503,17389.2694062212
1,504,17389.269406392694
1,505,17389.269406392694
1,506,1.7171259969472885e-09
1,507,1.7134880181401968e-09
1,508,1.7171259969472885e-09
1,509,1.7171259969472885e-09
1,510,17389.269406392694
1,511,0.0
1,512,0.0
1,513,17389.269406392694
1,514,17389.269406392694
1,515,1.2187229003757238e-09
1,516,17389.269406392694
1,517,17389.269406392694
1,518,17389.269406392694
1,519,0.0
1,520,2.0989682525396347e-07
1,521,0.0
1,522,4.8199581215158105e-08
1,523,0.0
1,524,0.0
1,525,5631.73298432065
1,526,9000.28760545882
1,527,17389.269406392694
1,528,17276.577871691148
1,529,17389.269406392694
1,530,15252.207430641349
1,531,1.3787939678877592e-09
1,532,17389.269406392694
1,533,1.108492142520845e-07
1,534,17389.269406392694
1,535,17389.269406285697
1,536,0.0
1,537,0.0
1,538,0.0
1,539,4.0912709664553404e-08
1,540,0.0
1,541,0.0
1,542,9329.910567190178
1,543,0.0
1,544,0.0
1,545,0.0
1,546,1.2707459973171353e-08
1,547,0.0
1,548,1471.0702638653565
1,549,11427.99574588619
1,550,2876.9938885887095
1,551,17389.269406392694
1,552,17389.269406384727
1,553,17389.269406392694
1,554,17389.26940638373
1,555,17389.269406392694
1,556,17389.26940638247
1,557,17389.269406392694
1,558,17389.26940638085
1,559,17389.269406392694
1,560,17389.269406392694
1,561,17389.269406392694
1,562,16353.235096876539
1,563,2069.9577431152757
1,564,11582.393613043649
1,565,17389.26940636738
1,566,16316.358546390544
1,567,17389.269406392694
1,568,9660.896902619552
1,569,6.074697012081742e-08
1,570,0.0
1,571,0.0
1,572,16178.05145712033
1,573,17389.269406392694
1,574,14057.123101752419
1,575,17389.269406307354
1,576,17389.269406392694
1,577,17389.269406392694
1,578,1.7171259969472885e-09
1,579,17389.269406392694
1,580,17389.269406392694
1,581,17389.269406392694
1,582,17389.269406392694
1,583,1.7171259969472885e-09
1,584,17389.269406392694
1,585,1.709850039333105e-09
1,586,17389.269406392694
1,587,1.6807462088763714e-09
1,588,1.7171259969472885e-09
1,589,17389.269406392694
1,590,1.5916157281026244e-07
1,591,0.0
1,592,14153.694064786274
1,593,1.5589466784149408e-07
1,594,0.0
1,595,0.0
1,596,5504.609309224257
1,597,15003.002667082319
1,598,17389.269406392694
1,599,15842.192060913938
1,600,17389.26940632697
1,601,17389.269406285068
1,602,17389.269406392694
1,603,2.484302967786789e-07
1,604,17389.269406392694
1,605,17389.269406392694
1,606,17389.26940624824
1,607,0.0
1,608,1.3218959793448448e-07
1,609,6.64222170598805e-08
1,610,0.0
1,611,0.0
1,612,0.0
1,613,0.0
1,614,0.0
1,615,0.0
1,616,0.0
1,617,1.3817043509334326e-08
1,618,0.0
1,619,0.0
1,620,17389.269406392694
1,621,14053.349955230417
1,622,17389.269406392694
1,623,17389.2694063781
1,624,17389.269406376578
1,625,17389.26940637473
1,626,17389.269406392694
1,627,17389.269406369483
1,628,17389.269406365576
1,629,17389.269406392694
1,630,17389.269406392694
1,631,17389.269406339055
1,632,8520.530537417795
1,633,11749.745456614062
1,634,14760.588173568754
1,635,0.0
1,636,9.466384653933346e-08
1,637,0.0
1,638,4.5776687329635024e-08
1,639,0.0
1,640,0.0
1,641,0.0
1,642,0.0
1,643,2.0372681319713593e-08
1,644,0.0
1,645,1.677472027949989e-08
1,646,1.5435944078490138e-08
1,647,0.0
1,648,17389.269406392694
1,649,17389.269406392694
1,650,17389.269406392694
1,651,17389.269406187927
1,652,17389.269406392694
1,653,2.0687366486527026e-07
1,654,1.0394069249741733e-07
1,655,9.156792657449841e-09
1,656,0.0
1,657,0.0
1,658,0.0
1,659,7.832568371668458e-09
1,660,7.563357939943671e-09
1,661,0.0
1,662,0.0
1,663,0.0
1,664,2.3071697796694934e-07
1,665,0.0
1,666,0.0
1,667,17389.269406392694
1,668,12365.487267916571
1,669,17389.269406392694
1,670,17389.26940639024
1,671,17389.26940639022
1,672,17389.269406392694
1,673,17389.26940639017
1,674,17389.269406390147
1,675,17389.269406390118
1,676,17389.269406392694
1,677,17389.269406390067
1,678,17389.269406392694
1,679,11130.938621894118
1,680,0.0
1,681,1.3597673387266695e-07
1,682,0.0
1,683,6.866321200504899e-08
1,684,0.0
1,685,7974.565810704862
1,686,4704.108158754283
1,687,3.508102963678539e-08
1,688,3.1275703804567456e-08
1,689,0.0
1,690,0.0
1,691,641.188987429181
1,692,10799.22560465413
1,693,3844.821373037208
1,694,8645.75437883388
1,695,17389.26940638955
1,696,17389.26940638952
1,697,17389.269406392694
1,698,17389.269406392694
1,699,17389.269406389427
1,700,17389.269406392694
1,701,17389.26940638936
1,702,17389.269406392694
1,703,14520.844731062974
1,704,0.0
1,705,3802.239305054891
1,706,8889.670032208573
1,707,15482.404485050482
1,708,17389.269406392694
1,709,4656.680334794906
1,710,3439.8309523253793
1,711,3.208697307854891e-09
1,712,3.179593477398157e-09
1,713,3.154127625748515e-09
1,714,3.128661774098873e-09
1,715,0.0
1,716,0.0
1,717,15649.044228982468
1,718,17389.269406388743
1,719,17389.269406388707
1,720,17389.269406392694
1,721,17389.269406388627
1,722,17389.269406388583
1,723,17389.269406392694
1,724,17389.269406392694
1,725,17389.26940638846
1,726,17389.269406392694
1,727,17389.269406392694
1,728,17389.269406392694
1,729,17389.269406392694
1,730,17389.269406392694
1,731,17389.26940631514
1,732,17389.269406392694
1,733,17389.269406392694
1,734,17389.26940623527
1,735,17389.269406392694
1,736,17389.269406392694
1,737,0.0
1,738,0.0
1,739,0.0
1,740,1799.5898449011656
1,741,8633.252622886885
1,742,14128.02043020133
1,743,17389.26940638763
1,744,17389.269406392694
1,745,17389.269406392694
1,746,17389.269406392694
1,747,17389.269406392694
1,748,17389.269406392694
1,749,17389.269406387317
1,750,17389.269406392694
1,751,17389.269406392694
1,752,17389.269406392694
1,753,17389.269406392694
1,754,17389.269406392694
1,755,17389.269406392694
1,756,17389.26940638693
1,757,17389.269406392694
1,758,17389.269406386815
1,759,17389.269406392694
1,760,17389.2694063867
1,761,17389.269406392694
1,762,17389.269406386575
1,763,17389.269406392694
1,764,17389.269406392694
1,765,17389.269406392694
1,766,17389.269406392694
1,767,17389.269406392694
1,768,17389.269406392694
1,769,17389.269406392694
1,770,17389.269406386065
1,771,17389.269406386
1,772,17389.269406385934
1,773,17389.269406392694
1,774,17389.269406392694
1,775,0.0
1,776,17389.269406392694
1,777,17389.269406392694
1,778,9.02109604794532e-08
1,779,17389.26940630681
1,780,17389.269406392694
1,781,17389.269406392694
1,782,1.6916601452976465e-09
1,783,17389.269406392694
1,784,17389.269406392694
1,785,1.6952981241047382e-09
1,786,17389.269406392694
1,787,0.0
1,788,88.91405209196819
1,789,1.684384187683463e-09
1,790,0.0
1,791,9942.47663945802
1,792,17389.269406392694
1,793,17389.269406392694
1,794,17389.269406392694
1,795,17389.269406392694
1,796,7423.845079747141
1,797,17389.269406246844
1,798,17389.269406392694
1,799,17389.269406392694
1,800,17389.269406392694
1,801,17389.269406392694
1,802,17389.269406392694
1,803,17389.269406392694
1,804,1.7134880181401968e-09
1,805,17389.269406392694
1,806,17389.269406392694
1,807,17389.269406392694
1,808,17389.269406392694
1,809,1.709850039333105e-09
1,810,17389.269406392694
1,811,1.7171259969472885e-09
1,812,17389.269406392694
1,813,1.7134880181401968e-09
1,814,17389.269406392694
1,815,1794.1184864442675
1,816,0.0
1,817,0.0
1,818,3280.7843912839053
1,819,8608.875481921961
1,820,17389.269406392694
1,821,17389.269406392694
1,822,17389.269406246738
1,823,1.6771082300692797e-09
1,824,17389.269406392694
1,825,1.7134880181401968e-09
1,826,1.7171259969472885e-09
1,827,17389.269406392694
1,828,0.0
1,829,453.4732044313605
1,830,17389.269406308344
1,831,17389.269406391722
1,832,0.0
1,833,0.0
1,834,8.652932592667639e-08
1,835,5.808396963402629e-08
1,836,0.0
1,837,4333.010916653431
1,838,17389.269406392694
1,839,17389.26940633017
1,840,17389.269406392694
1,841,17389.269406203257
1,842,17389.269406392694
1,843,1.9172148313373327e-09
1,844,1.749795046634972e-07
1,845,17389.269406238054
1,846,17389.269406392694
1,847,0.0
1,848,0.0
1,849,0.0
1,850,10282.69018571057
1,851,10503.635293882286
1,852,1.724401954561472e-09
1,853,17389.269406392694
1,854,1.7207639757543802e-09
1,855,1.3957469491288066e-07
1,856,0.0
1,857,15831.195479354848
1,858,0.0
1,859,16939.517232703543
1,860,13532.699502654152
1,861,3289.96117042323
1,862,1.69893610291183e-09
1,863,0.0
1,864,0.0
1,865,17389.269406392694
1,866,17389.269406392694
1,867,2404.933313021229
1,868,17389.269406392694
1,869,17389.269406250816
1,870,1.7316779121756554e-09
1,871,17389.269406392694
1,872,0.0
1,873,15087.884772246964
1,874,3049.449686680604
1,875,7244.635559091472
1,876,17389.269406392694
1,877,17389.269406392694
1,878,17389.269406392694
1,879,17389.269406392694
1,880,17389.26940626186
1,881,17389.269406392694
1,882,17389.269406392694
1,883,0.0
1,884,0.0
1,885,2887.923303082458
1,886,8931.092606503007
1,887,1869.4806603020734
1,888,0.0
1,889,0.0
1,890,8.702409104444087e-08
1,891,5.8305886341258883e-08
1,892,0.0
1,893,3.5332050174474716e-08
1,894,0.0
1,895,0.0
1,896,2.2409949451684952e-08
1,897,0.0
1,898,0.0
1,899,1.654188963584602e-08
1,900,0.0
1,901,0.0
1,902,0.0
1,903,1.2369127944111824e-08
1,904,1.1652446119114757e-08
1,905,0.0
1,906,0.0
1,907,9.953510016202927e-09
1,908,9.502400644123554e-09
1,909,9.094947017729282e-09
1,910,8.723873179405928e-09
1,911,0.0
1,912,0.0
1,913,17389.269406392694
1,914,3048.464687419568
1,915,1923.6369717777998
1,916,17389.269406392694
1,917,507.691373104597
1,918,0.0
1,919,6958.303901879513
1,920,0.0
1,921,2597.315372653313
1,922,10300.64113904587
1,923,8430.862410412983
1,924,0.0
1,925,0.0
1,926,8.260030881501734e-08
1,927,5.333276931196451e-09
1,928,5.2241375669837e-09
1,929,0.0
1,930,0.0
1,931,0.0
1,932,4.8348738346248865e-09
1,933,4.751200322061777e-09
1,934,0.0
1,935,0.0
1,936,17389.269406392694
1,937,9212.114337367493
1,938,17389.269406392694
1,939,17389.269406392694
1,940,17389.269406366253
1,941,15928.931264589093
1,942,4123.995884290427
1,943,0.0
1,944,7778.896315381315
1,945,5545.170387874761
1,946,14039.377169706062
1,947,17389.269406392694
1,948,17389.269406392694
1,949,17389.269406392694
1,950,15843.828414451036
1,951,17389.269406392694
1,952,17389.269406392694
1,953,14645.915376466466
1,954,17389.269406392694
1,955,17389.269406392694
1,956,17389.269406392694
1,957,17389.269406392694
1,958,16647.690966922728
1,959,16706.513686226685
1,960,17389.269406392694
1,961,16720.13747536732
1,962,17389.269406392694
1,963,17389.269406392694
1,964,16682.825284312854
1,965,16646.954231348285
1,966,17389.269406392694
1,967,15223.14199367215
1,968,14778.484662326278
1,969,14722.303456630067
1,970,17389.269406392694
1,971,17389.269406392694
1,972,15796.110821965278
1,973,17389.269406392694
1,974,15776.573172293862
1,975,15438.049211507543
1,976,17389.269406392694
1,977,17389.269406392694
1,978,3165.5249848646636
1,979,3004.675628424324
1,980,6246.723548779031
1,981,17389.269406392694
1,982,17389.269406392694
1,983,16369.834276638841
1,984,17389.269406392694
1,985,17389.269406392694
1,986,17389.269406392694
1,987,16489.31551592181
1,988,16474.382219702882
1,989,17389.269406392694
1,990,17389.269406392694
1,991,16186.137528307776
1,992,17389.269406392694
1,993,17389.269406392694
1,994,17389.269406392694
1,995,17389.269406392694
1,996,16183.340235590247
1,997,17389.269406392694
1,998,16127.48073441644
1,999,17389.269406392694
1,1000,15326.411674323237
1,1001,14776.184508753646
1,1002,14592.344756788036
1,1003,17389.269406392694
1,1004,17389.269406392694
1,1005,15781.148759232918
1,1006,17389.269406392694
1,1007,17389.269406392694
1,1008,16265.086699886702
1,1009,17389.269406392694
1,1010,16274.08467744332
1,1011,16264.525480145454
1,1012,17389.269406392694
1,1013,17389.269406392694
1,1014,15838.68844174501
1,1015,17389.269406392694
1,1016,17389.269406392694
1,1017,17389.269406392694
1,1018,12714.1452036095
1,1019,17389.269406392694
1,1020,13327.66615837301
1,1021,13326.245789414763
1,1022,17389.269406392694
1,1023,17389.269406392694
1,1024,2952.1890590597577
1,1025,14198.16439198726
1,1026,0.0
1,1027,0.0
1,1028,3402.7166419677887
1,1029,7246.59963922836
1,1030,9124.112761758886
1,1031,17389.269406392694
1,1032,17389.269406392694
1,1033,17389.269406392694
1,1034,17389.269406392694
1,1035,17389.269406392694
1,1036,4925.491928803978
1,1037,0.0
1,1038,1.5897967386990786e-09
1,1039,17389.269406392694
1,1040,17389.269406392694
1,1041,1.7207639757543802e-09
1,1042,17389.269406392694
1,1043,17389.269406392694
1,1044,1.0186340659856796e-09
1,1045,0.0
1,1046,0.0
1,1047,0.0
1,1048,0.0
1,1049,0.0
1,1050,3.5310222301632166e-08
1,1051,0.0
1,1052,2.5476765586063266e-08
1,1053,0.0
1,1054,0.0
1,1055,1.8098944565281272e-08
1,1056,1.6534613678231835e-08
1,1057,1.5232217265293002e-08
1,1058,0.0
1,1059,0.0
1,1060,4.4332409743219614e-08
1,1061,1.1656084097921848e-08
1,1062,0.0
1,1063,1.0455551091581583e-08
1,1064,9.953510016202927e-09
1,1065,9.502400644123554e-09
1,1066,0.0
1,1067,0.0
1,1068,8.381903171539307e-09
1,1069,8.072674972936511e-09
1,1070,0.0
1,1071,0.0
1,1072,0.0
1,1073,7.05040292814374e-09
1,1074,0.0
1,1075,6.642949301749468e-09
1,1076,0.0
1,1077,6.28642737865448e-09
1,1078,6.126356311142445e-09
1,1079,0.0
1,1080,8381.762403948804
1,1081,15146.086435531297
1,1082,2006.9069607999809
1,1083,17389.269406392694
1,1084,17389.269406392694
1,1085,8124.1846532774325
1,1086,17389.269406392694
1,1087,0.0
1,1088,0.0
1,1089,17389.269406392694
1,1090,17389.26940639001
1,1091,17389.269406392694
1,1092,17389.269406389958
1,1093,17389.269406392694
1,1094,17389.2694063899
1,1095,17389.26940638987
1,1096,17389.269406392694
1,1097,17389.269406392694
1,1098,4231.814831207019
1,1099,0.0
1,1100,7249.191786682884
1,1101,17389.269406392694
1,1102,17389.269406392694
1,1103,17389.269406392694
1,1104,17389.269406392694
1,1105,17389.26940638958
1,1106,17389.269406392694
1,1107,17389.269406389514
1,1108,17389.269406392694
1,1109,17389.269406392694
1,1110,17389.269406392694
1,1111,17389.269406280288
1,1112,17389.269406392694
1,1113,17389.269406052346
1,1114,16989.677867713774
1,1115,17389.269406392694
1,1116,17389.269406392694
1,1117,17389.269406392694
1,1118,17389.26940636258
1,1119,17389.269406030882
1,1120,6347.3841179542105
1,1121,9678.480995108524
1,1122,0.0
1,1123,2720.7360162560253
1,1124,9922.057122582959
1,1125,17389.269406388896
1,1126,17389.269406392694
1,1127,17389.269406388816
1,1128,17389.269406392694
1,1129,17389.269406388736
1,1130,17389.269406392694
1,1131,17389.269406388656
1,1132,17389.269406392694
1,1133,17389.269406388576
1,1134,17389.269406392694
1,1135,17389.269406392694
1,1136,0.0
1,1137,0.0
1,1138,3921.03513773729
1,1139,10189.44180758551
1,1140,0.0
1,1141,1760.9649577512791
1,1142,15762.741427513385
1,1143,0.0
1,1144,0.0
1,1145,0.0
1,1146,0.0
1,1147,591.3380367301943
1,1148,14620.46348398242
1,1149,17389.269406392694
1,1150,17389.269406392694
1,1151,17389.269406392694
1,1152,17389.269406387717
1,1153,17389.269406387673
1,1154,17389.269406392694
1,1155,17389.269406392694
1,1156,17389.269406392694
1,1157,17389.26940638747
1,1158,17389.26940638741
1,1159,17389.26940638736
1,1160,17389.269406392694
1,1161,17389.269406392694
1,1162,17389.2694063872
1,1163,17389.269406392694
1,1164,17389.26940638709
1,1165,17389.269406387033
1,1166,17389.269406386975
1,1167,17389.269406196367
1,1168,17389.269406096657
1,1169,17389.269406392694
1,1170,0.0
1,1171,4247.723979193284
1,1172,0.0
1,1173,11135.310247992707
1,1174,17389.269406392694
1,1175,17389.269406392694
1,1176,17389.269406392694
1,1177,17389.269406392694
1,1178,17389.269406392694
1,1179,17389.26940638619
1,1180,17389.269406392694
1,1181,17389.269406392694
1,1182,17389.269406392694
1,1183,17389.269406392694
1,1184,6020.395541609416
1,1185,6.906557246111333e-07
1,1186,2983.1755792414497
1,1187,12797.439829725576
1,1188,12067.235957750654
1,1189,17389.269406259828
1,1190,17389.26940623006
1,1191,11045.720916599425
1,1192,12306.372358340988
1,1193,0.0
1,1194,0.0
1,1195,0.0
1,1196,6.078698788769543e-08
1,1197,0.0
1,1198,0.0
1,1199,17389.269406392694
1,1200,6397.413177371429
1,1201,4196.397638853221
1,1202,0.0
1,1203,4.11109795095399e-07
1,1204,2.7540590963326395e-07
1,1205,0.0
1,1206,2.1464074961841106e-09
1,1207,2.142769517377019e-09
1,1208,2.1354935597628355e-09
1,1209,0.0
1,1210,2.128217602148652e-09
1,1211,2.1209416445344687e-09
1,1212,0.0
1,1213,0.0
1,1214,9.228715498466045e-07
1,1215,0.0
1,1216,0.0
1,1217,0.0
1,1218,0.0
1,1219,8350.32078752383
1,1220,17389.269406392694
1,1221,17173.304351863397
1,1222,17389.269406392694
1,1223,17389.269406382617
1,1224,17389.269406382515
1,1225,17389.269406382413
1,1226,17389.269406392694
1,1227,17389.269406392694
1,1228,17389.269406392694
1,1229,17389.26940638199
1,1230,17389.26940638189
1,1231,17389.26940638178
1,1232,17389.269406392694
1,1233,17389.269406392694
1,1234,17389.269406392694
1,1235,17389.269406381336
1,1236,17389.26940638122
1,1237,17389.26940638111
1,1238,17389.269406392694
1,1239,17389.269406392694
1,1240,17389.269405787087
1,1241,17389.269406392694
1,1242,17389.269406392694
1,1243,0.0
1,1244,0.0
1,1245,9479.417646711965
1,1246,15433.554584798392
1,1247,17389.269406379895
1,1248,17389.269406392694
1,1249,17389.26940637964
1,1250,17389.269406392694
1,1251,17389.26940637938
1,1252,17389.26940637924
1,1253,17389.269406392694
1,1254,17389.26940637897
1,1255,17389.269406378833
1,1256,17389.269406378695
1,1257,17389.269406378557
1,1258,17389.269406392694
1,1259,17389.269406392694
1,1260,17389.269406392694
1,1261,17389.269406392694
1,1262,17389.269406377836
1,1263,17389.269406392694
1,1264,17389.269406377538
1,1265,17389.269406377385
1,1266,17389.269406377232
1,1267,17389.269406392694
1,1268,17389.269406392694
1,1269,17389.269406392694
1,1270,17389.269406376607
1,1271,17389.26940637644
1,1272,17389.269406392694
1,1273,17389.26940637612
1,1274,17389.269406392694
1,1275,17389.269406375784
1,1276,17389.269406375617
1,1277,17389.269406392694
1,1278,11232.245053534432
1,1279,14289.87361289159
1,1280,0.0
1,1281,8.703500498086214e-08
1,1282,0.0
1,1283,0.0
1,1284,3.5332050174474716e-08
1,1285,2.9591319616883993e-08
1,1286,0.0
1,1287,4854.029299505666
1,1288,12848.98984806709
1,1289,0.0
1,1290,0.0
1,1291,8394.344499719315
1,1292,17389.269406392694
1,1293,17389.269406392694
1,1294,17389.269406392694
1,1295,17389.269406392694
1,1296,17389.269406390664
1,1297,17389.269406390642
1,1298,17389.26940639062
1,1299,17389.269406392694
1,1300,17389.269406390584
1,1301,7634.483351814775
1,1302,0.0
1,1303,0.0
1,1304,0.0
1,1305,7.523340173065662e-09
1,1306,0.0
1,1307,7.054040906950831e-09
1,1308,6.843038136139512e-09
1,1309,6.6465872805565596e-09
1,1310,0.0
1,1311,6.290065357461572e-09
1,1312,0.0
1,1313,0.0
1,1314,5.831680027768016e-09
1,1315,3086.235594477088
1,1316,16683.309100961134
1,1317,17389.269406392694
1,1318,17389.269406392694
1,1319,17389.269406392694
1,1320,17389.269406390118
1,1321,17389.26940639009
1,1322,17389.269406392694
1,1323,17389.269406392694
1,1324,17389.26940639001
1,1325,17389.269406389987
1,1326,17389.269406389958
1,1327,17389.269406392694
1,1328,5844.351102055094
1,1329,0.0
1,1330,9268.73566380411
1,1331,17389.269406353134
1,1332,17389.2694063469
1,1333,17389.269406338437
1,1334,17389.26940632628
1,1335,17389.269406392694
1,1336,4462.311542609503
1,1337,17389.269406225125
1,1338,17389.269406392694
1,1339,17389.269406392694
1,1340,17389.269406392694
1,1341,17389.269406392694
1,1342,12962.234418726222
1,1343,0.0
1,1344,3745.640040265007
1,1345,2233.2741350713623
1,1346,17389.269358438996
1,1347,17389.269406392694
1,1348,1.6952981241047382e-09
1,1349,17389.269406392694
1,1350,17389.269406392694
1,1351,1.724401954561472e-09
1,1352,1.6552803572267294e-09
1,1353,17389.269406392694
1,1354,17389.269406392694
1,1355,17389.269406392694
1,1356,17389.269406392694
1,1357,17389.269406392694
1,1358,17389.269406392694
1,1359,17389.269406392694
1,1360,1.7571437638252974e-09
1,1361,17389.269406392694
1,1362,1.6334524843841791e-09
1,1363,16894.717984067185
1,1364,0.0
1,1365,8.706774679012597e-08
1,1366,5.8327714214101434e-08
1,1367,1933.5736907309529
1,1368,0.0
1,1369,0.0
1,1370,388.9758290776372
1,1371,17389.269406392694
1,1372,0.0
1,1373,0.0
1,1374,1.654188963584602e-08
1,1375,0.0
1,1376,0.0
1,1377,0.0
1,1378,1.2369127944111824e-08
1,1379,0.0
1,1380,1.1019437806680799e-08
1,1381,0.0
1,1382,9.957147995010018e-09
1,1383,0.0
1,1384,9.094947017729282e-09
1,1385,8.723873179405928e-09
1,1386,8.381903171539307e-09
1,1387,0.0
1,1388,0.0
1,1389,7.523340173065662e-09
1,1390,7.279595592990518e-09
1,1391,0.0
1,1392,5506.482988303465
1,1393,16367.211719578894
1,1394,17389.269406392694
1,1395,17389.269406392694
1,1396,17389.269406392694
1,1397,16240.47463414443
1,1398,11379.586309702707
1,1399,17389.269406392694
1,1400,0.0
1,1401,0.0
1,1402,17389.269406392694
1,1403,17389.26940630587
1,1404,17389.269406392694
1,1405,17389.26940612966
1,1406,17389.269406392694
1,1407,2.6569978217594326e-07
1,1408,2.013257471844554e-08
1,1409,0.0
1,1410,1.752050593495369e-08
1,1411,0.0
1,1412,3116.7046513809546
1,1413,793.9242977379727
1,1414,8204.851038412173
1,1415,17389.269406392694
1,1416,17389.269406392694
1,1417,17389.26940638976
1,1418,17389.269406389732
1,1419,17389.269406392694
1,1420,17389.269406389667
1,1421,17389.269406392694
1,1422,17389.26940638961
1,1423,17389.26940638958
1,1424,17389.26940638955
1,1425,17389.269406389514
1,1426,17389.269406389485
1,1427,17389.26940638945
1,1428,17389.26940638942
1,1429,17389.269406392694
1,1430,17389.269406392694
1,1431,17389.269406389318
1,1432,17389.269406392694
1,1433,17389.269406392694
1,1434,17389.269406392694
1,1435,17389.26940603821
1,1436,17389.269406392694
1,1437,17389.269406392694
1,1438,17389.269406392694
1,1439,17389.269406392694
1,1440,17389.269406369716
1,1441,17389.269406368203
1,1442,17389.2694063665
1,1443,17389.269406364565
1,1444,17389.26940636234
1,1445,17389.269406359756
1,1446,17389.269406392694
1,1447,15956.886743215717
1,1448,0.0
1,1449,7794.881472059442
1,1450,17389.269406392694
1,1451,17389.269406392694
1,1452,17389.269406392694
1,1453,17389.269406298623
1,1454,17389.269406392694
1,1455,0.0
1,1456,1.735315890982747e-09
1,1457,2.3137545213103294e-09
1,1458,2.1464074961841106e-10
1,1459,17389.269406392694
1,1460,1.7316779121756554e-09
1,1461,17389.269406392694
1,1462,1.709850039333105e-09
1,1463,17389.269406392694
1,1464,17389.269406392694
1,1465,17389.269406392694
1,1466,17389.269406392694
1,1467,1.709850039333105e-09
1,1468,1.7171259969472885e-09
1,1469,17389.269406392694
1,1470,17389.269406392694
1,1471,1.1657539289444685e-07
1,1472,0.0
1,1473,17389.269406392694
1,1474,17389.269406392694
1,1475,17389.269406392694
1,1476,17389.269406392694
1,1477,17389.269406392694
1,1478,1.7171259969472885e-09
1,1479,17389.269406392694
1,1480,1.3956741895526648e-07
1,1481,0.0
1,1482,0.0
1,1483,0.0
1,1484,17389.269406392694
1,1485,8917.662743155906
1,1486,17389.269406392694
1,1487,1.7171259969472885e-09
1,1488,1.7134880181401968e-09
1,1489,1.7134880181401968e-09
1,1490,17389.269406392694
1,1491,1.7207639757543802e-09
1,1492,1.7171259969472885e-09
1,1493,17389.269406392694
1,1494,17389.269406392694
1,1495,1.7062120605260134e-09
1,1496,1.7025740817189217e-09
1,1497,1.7207639757543802e-09
1,1498,17389.269406392694
1,1499,1.7171259969472885e-09
1,1500,17389.269406392694
1,1501,1.7171259969472885e-09
1,1502,1.7134880181401968e-09
1,1503,1.3957833289168775e-07
1,1504,17389.26940626193
1,1505,1.57160684466362e-09
1,1506,0.0
1,1507,0.0
1,1508,0.0
1,1509,17389.269406392694
1,1510,15300.655935257826
1,1511,1.7535057850182056e-09
1,1512,17389.269406392694
1,1513,1.7207639757543802e-09
1,1514,1.7134880181401968e-09
1,1515,1.7207639757543802e-09
1,1516,17389.269406392694
1,1517,1.7171259969472885e-09
1,1518,1.309563231188804e-07
1,1519,0.0
1,1520,0.0
1,1521,17389.269406392694
1,1522,980.6882969506696
1,1523,1.7171259969472885e-09
1,1524,17389.269406392694
1,1525,17389.269406392694
1,1526,17389.269406392694
1,1527,1.395565050188452e-07
1,1528,0.0
1,1529,16034.295302768596
1,1530,0.0
1,1531,13565.585567157552
1,1532,17389.269406392694
1,1533,17389.269406392694
1,1534,17389.269406392694
1,1535,1.7171259969472885e-09
1,1536,1.7171259969472885e-09
1,1537,1.7171259969472885e-09
1,1538,17389.269406392694
1,1539,1.7134880181401968e-09
1,1540,1.7134880181401968e-09
1,1541,1.7171259969472885e-09
1,1542,17389.269406392694
1,1543,1.3944008969701827e-07
1,1544,0.0
1,1545,1.6625563148409128e-09
1,1546,0.0
1,1547,0.0
1,1548,214.9848382525306
1,1549,3821.5710545155307
1,1550,17389.269406392694
1,1551,1.7462298274040222e-09
1,1552,0.0
1,1553,0.0
1,1554,8.703500498086214e-08
1,1555,0.0
1,1556,4.3950421968474984e-08
1,1557,0.0
1,1558,0.0
1,1559,17389.269406392694
1,1560,17389.269406392694
1,1561,17389.269406392694
1,1562,17389.269406392694
1,1563,17389.269406392694
1,1564,17389.269406392694
1,1565,17389.269406392694
1,1566,17389.269406392694
1,1567,17389.269406392694
1,1568,17389.269406392694
1,1569,2125.912186958354
1,1570,4383.451063951667
1,1571,17389.269406392694
1,1572,17389.269406392694
1,1573,2.055458026006818e-09
1,1574,17389.269406392694
1,1575,1.9730941858142614e-07
1,1576,17389.26940623119
1,1577,1.6952981241047382e-09
1,1578,17389.269406392694
1,1579,1.7134880181401968e-09
1,1580,1.7134880181401968e-09
1,1581,1.7134880181401968e-09
1,1582,1.7062120605260134e-09
1,1583,1.0732037480920553e-09
1,1584,0.0
1,1585,15817.874348309822
1,1586,360.0646285228868
1,1587,17389.269406392694
1,1588,17389.269406392694
1,1589,17389.269406392694
1,1590,0.0
1,1591,0.0
1,1592,0.0
1,1593,1624.404898156783
1,1594,17389.269406392694
1,1595,17389.269406392694
1,1596,17389.269406392694
1,1597,17389.269406392694
1,1598,1.924490788951516e-09
1,1599,17389.269406392694
1,1600,17389.26940623645
1,1601,17389.269406392694
1,1602,17389.269406392694
1,1603,1.7025740817189217e-09
1,1604,0.0
1,1605,0.0
1,1606,0.0
1,1607,0.0
1,1608,17389.269406392694
1,1609,7530.7874159677085
1,1610,17389.269406392694
1,1611,8142.613745809122
1,1612,5714.506400128375
1,1613,16070.700617374923
1,1614,0.0
1,1615,1.654188963584602e-08
1,1616,0.0
1,1617,0.0
1,1618,0.0
1,1619,0.0
1,1620,0.0
1,1621,0.0
1,1622,6.76918716635555e-08
1,1623,5.1022652769461274e-08
1,1624,9.502400644123554e-09
1,1625,0.0
1,1626,0.0
1,1627,0.0
1,1628,0.0
1,1629,0.0
1,1630,7.523340173065662e-09
1,1631,6946.1768426426315
1,1632,0.0
1,1633,2.2891981643624604e-07
1,1634,0.0
1,1635,7.705239113420248e-08
1,1636,0.0
1,1637,4.668618203140795e-08
1,1638,5.973561201244593e-09
1,1639,5.831680027768016e-09
1,1640,0.0
1,1641,0.0
1,1642,5.446054274216294e-09
1,1643,5.333276931196451e-09
1,1644,0.0
1,1645,0.0
1,1646,5.020410753786564e-09
1,1647,0.0
1,1648,0.0
1,1649,0.0
1,1650,4.667526809498668e-09
1,1651,4.591129254549742e-09
1,1652,0.0
1,1653,10626.27374167065
1,1654,5273.16330299812
1,1655,17389.269406392694
1,1656,17389.269406392694
1,1657,17389.26940638979
1,1658,17389.269406392694
1,1659,17389.269406389732
1,1660,17389.269406392694
1,1661,17389.269406389667
1,1662,17389.269406392694
1,1663,17389.269406360127
1,1664,17389.26940635632
1,1665,17389.269406392694
1,1666,17389.269406392694
1,1667,17389.269406392694
1,1668,17389.26940637013
1,1669,17389.269406392694
1,1670,17389.269406366544
1,1671,17389.269406223135
1,1672,17389.269406392694
1,1673,6237.814252444739
1,1674,0.0
1,1675,0.0
1,1676,4594.255684766613
1,1677,17389.269406392694
1,1678,17389.269406392694
1,1679,17389.269406389078
1,1680,17389.269406392694
1,1681,17389.269406389005
1,1682,17389.26940638897
1,1683,17389.269406388932
1,1684,17389.269406392694
1,1685,17389.269406392694
1,1686,17389.269406392694
1,1687,17389.26940638878
1,1688,17389.269406392694
1,1689,17389.2694063887
1,1690,17389.269406392694
1,1691,17389.26940638862
1,1692,17389.269406392694
1,1693,17389.269406392694
1,1694,17389.269406388496
1,1695,17389.269406392694
1,1696,17389.269406392694
1,1697,15314.670284156022
1,1698,4.3694672058336437e-07
1,1699,0.0
1,1700,0.0
1,1701,14028.220540397942
1,1702,17389.269406392694
1,1703,17389.269406388103
1,1704,17389.26940638805
1,1705,17389.269406392694
1,1706,17389.269406387964
1,1707,17389.269406392694
1,1708,17389.26940638787
1,1709,17389.26940638782
1,1710,17389.269406387768
1,1711,17389.269406387724
1,1712,17389.269406387673
1,1713,17389.269406392694
1,1714,17389.269406392694
1,1715,17389.269406392694
1,1716,17389.269406392694
1,1717,17389.26940638741
1,1718,17389.269406392694
1,1719,17389.269406392694
1,1720,17389.269406392694
1,1721,17389.269406113923
1,1722,17389.269406392694
1,1723,9429.451967960806
1,1724,13168.850399869001
1,1725,1216.8644071311755
1,1726,3077.608294804293
1,1727,10471.843365702196
1,1728,17389.269406392694
1,1729,17389.269406392694
1,1730,17389.269406386684
1,1731,17389.269406386626
1,1732,17389.269406386567
1,1733,17389.269406386502
1,1734,17389.269406386444
1,1735,17389.269406392694
1,1736,17389.269406386313
1,1737,17389.269406392694
1,1738,17389.26940638619
1,1739,17389.269406392694
1,1740,17389.269406386058
1,1741,17389.269406385993
1,1742,17389.269406392694
1,1743,17389.269406385854
1,1744,17389.269406392694
1,1745,0.0
1,1746,0.0
1,1747,2.2591848392039537e-09
1,1748,2.2519088815897703e-09
1,1749,2.244632923975587e-09
1,1750,2.2373569663614035e-09
1,1751,0.0
1,1752,0.0
1,1753,0.0
1,1754,1546.576675650931
1,1755,2180.8187797188184
1,1756,0.0
1,1757,0.0
1,1758,2212.7066243398367
1,1759,13491.861614111947
1,1760,17389.269406384596
1,1761,17389.269406384516
1,1762,17389.269406392694
1,1763,17389.269406392694
1,1764,17389.269406392694
1,1765,17389.26940638418
1,1766,17389.269406392694
1,1767,17389.269406392694
1,1768,17389.269406392694
1,1769,17389.269406392694
1,1770,10993.168071138478
1,1771,9.035866241902113e-07
1,1772,0.0
1,1773,0.0
1,1774,3116.4807304482456
1,1775,11767.235053701155
1,1776,17389.269406392694
1,1777,17389.26940632171
1,1778,17389.2694063161
1,1779,17389.269406309595
1,1780,17389.269406392694
1,1781,17389.269406392694
1,1782,0.0
1,1783,8563.798406606564
1,1784,17389.269406392694
1,1785,17389.269406392694
1,1786,17389.269406382202
1,1787,17389.2694063821
1,1788,17389.269406392694
1,1789,17389.269406392694
1,1790,17389.26940638178
1,1791,15020.040032386292
1,1792,0.0
1,1793,8.781353244557977e-08
1,1794,0.0
1,1795,60.2193337053759
1,1796,2.2773747332394123e-09
1,1797,1.7207639757543802e-09
1,1798,1.7134880181401968e-09
1,1799,1.7134880181401968e-09
1,1800,1.7134880181401968e-09
1,1801,1.7134880181401968e-09
1,1802,1.7207639757543802e-09
1,1803,1.7171259969472885e-09
1,1804,1.7171259969472885e-09
1,1805,17389.269406392694
1,1806,1.7644197214394808e-09
1,1807,17389.269406392694
1,1808,17389.269406392694
1,1809,1.7680577002465725e-09
1,1810,1.7134880181401968e-09
1,1811,1.7134880181401968e-09
1,1812,1.709850039333105e-09
1,1813,1.7425918485969305e-09
1,1814,17389.269406392694
1,1815,17389.269406392694
1,1816,8.789720595814288e-08
1,1817,0.0
1,1818,17389.269406392694
1,1819,17389.269406392694
1,1820,17389.269406392694
1,1821,16618.674744264874
1,1822,17389.269406392694
1,1823,1.7316779121756554e-09
1,1824,1.7134880181401968e-09
1,1825,1.7171259969472885e-09
1,1826,17389.269406392694
1,1827,17389.269406392694
1,1828,2286.4162141583784
1,1829,1.7316051525995135e-07
1,1830,8.701317710801959e-08
1,1831,5.830224836245179e-08
1,1832,4.394678398966789e-08
1,1833,17389.269406392694
1,1834,17389.269406390875
1,1835,17389.269406392694
1,1836,17389.269406392694
1,1837,17389.269406390817
1,1838,17389.269406390802
1,1839,17389.269406392694
1,1840,0.0
1,1841,8.786082617007196e-08
1,1842,17389.269406309035
1,1843,0.0
1,1844,17389.269406392694
1,1845,17389.269406392694
1,1846,17389.269406392694
1,1847,1.6916601452976465e-09
1,1848,15328.44783312318
1,1849,16904.877821660535
1,1850,17389.269406392694
1,1851,17389.269406392694
1,1852,17389.269406020918
1,1853,0.0
1,1854,0.0
1,1855,6.747359293513e-08
1,1856,4.89053491037339e-08
1,1857,9497.841162553115
1,1858,8175.973785420403
1,1859,17389.269406330288
1,1860,17389.26940629887
1,1861,17389.269406392694
1,1862,17389.269406392694
1,1863,0.0
1,1864,1.309526851400733e-07
1,1865,17389.269406268948
1,1866,1.622538547962904e-09
1,1867,16483.092404315987
1,1868,0.0
1,1869,533.6627733085297
1,1870,17389.269406392694
1,1871,17389.269406392694
1,1872,17389.269406392694
1,1873,17389.269406392694
1,1874,17389.269406392694
1,1875,1.7171259969472885e-09
1,1876,1.7171259969472885e-09
1,1877,1.3096359907649457e-07
1,1878,0.0
1,1879,0.0
1,1880,7646.169288476074
1,1881,17389.269406392694
1,1882,17389.269406392694
1,1883,17389.269406392694
1,1884,17389.269406392694
1,1885,17389.269406392694
1,1886,17389.269406392694
1,1887,2.240994945168495e-09
1,1888,1.3039971236139536e-07
1,1889,0.0
1,1890,17389.269406392694
1,1891,0.0
1,1892,0.0
1,1893,17389.269406392694
1,1894,17389.269406392694
1,1895,17389.269406392694
1,1896,0.0
1,1897,1.732332748360932e-07
1,1898,8.704591891728342e-08
1,1899,5.83422661293298e-08
1,1900,565.6516992783836
1,1901,3.53393261320889e-08
1,1902,0.0
1,1903,0.0
1,1904,2.2413587430492043e-08
1,1905,0.0
1,1906,17389.269406392694
1,1907,17128.067505970717
1,1908,3311.4793039188335
1,1909,11411.658723689503
1,1910,0.0
1,1911,0.0
1,1912,0.0
1,1913,1.4028046280145645e-08
1,1914,1.3129465514793992e-08
1,1915,0.0
1,1916,1.165972207672894e-08
1,1917,4345.701368258144
1,1918,10552.771416935042
1,1919,1927.7521941709529
1,1920,8096.0178665526
1,1921,17389.269406392694
1,1922,17389.269406392694
1,1923,13171.649886568292
1,1924,13945.5070799852
1,1925,17389.269406392694
1,1926,17389.269406392694
1,1927,17389.269406392694
1,1928,17389.269406390336
1,1929,17389.269406390315
1,1930,17389.269406390285
1,1931,17389.269406390264
1,1932,17389.269406392694
1,1933,17389.269406392694
1,1934,17389.26940639019
1,1935,17389.26940639017
1,1936,17389.26940639014
1,1937,17389.269406132295
1,1938,15266.761500007979
1,1939,2.6310590328648686e-07
1,1940,0.0
1,1941,0.0
1,1942,11156.53887656781
1,1943,2305.2400969642367
1,1944,6954.96818825087
1,1945,17389.269406392694
1,1946,9993.51134704348
1,1947,17389.269406392694
1,1948,3680.561335349641
1,1949,0.0
1,1950,2.4014298105612397e-08
1,1951,0.0
1,1952,17389.269406392694
1,1953,17389.269406389667
1,1954,17389.269406392694
1,1955,17389.26940638961
1,1956,17389.26940638958
1,1957,17389.26940638955
1,1958,17389.269406389514
1,1959,17389.269406389485
1,1960,17389.269406392694
1,1961,0.0
1,1962,0.0
1,1963,8.702409104444087e-08
1,1964,5.8305886341258883e-08
1,1965,1633.8816306925619
1,1966,9487.575628431705
1,1967,17389.269406392694
1,1968,9382.01768410394
1,1969,17389.269406392694
1,1970,7127.3130072984895
1,1971,17389.269406392694
1,1972,0.0
1,1973,0.0
1,1974,0.0
1,1975,1.3616954674944282e-08
1,1976,0.0
1,1977,17389.269406392694
1,1978,17389.269406390664
1,1979,17389.269406390642
1,1980,17389.26940639062
1,1981,17389.269406392694
1,1982,17389.269406392694
1,1983,17389.269406390562
1,1984,12022.003284128876
1,1985,0.0
1,1986,0.0
1,1987,7.523340173065662e-09
1,1988,0.0
1,1989,3012.665684577585
1,1990,12991.41982560451
1,1991,4418.118670248208
1,1992,9234.448152166813
1,1993,17389.269406392694
1,1994,17389.269406392694
1,1995,17389.269406392694
1,1996,0.0
1,1997,7448.517644610811
1,1998,0.0
1,1999,901.8319447166432
1,2000,0.0
1,2001,17389.26940639014
1,2002,17389.269406390118
1,2003,17389.269406392694
1,2004,17389.26940639006
1,2005,17389.269406392694
1,2006,17389.269406392694
1,2007,17389.269406389987
1,2008,17389.269406392694
1,2009,0.0
1,2010,0.0
1,2011,0.0
1,2012,0.0
1,2013,9522.866265552342
1,2014,29.72897208598806
1,2015,7183.305205753117
1,2016,12398.112673840125
1,2017,11664.512654664202
1,2018,17389.269406392694
1,2019,7529.742126593745
1,2020,16444.468205974517
1,2021,3.116074367426336e-07
1,2022,0.0
1,2023,2.1951564121991396e-08
1,2024,0.0
1,2025,10422.080803736895
1,2026,17389.26940638942
1,2027,17389.269406389383
1,2028,17389.269406392694
1,2029,17389.269406389318
1,2030,17389.26940638929
1,2031,17389.269406392694
1,2032,0.0
1,2033,3.5099947126582265e-07
1,2034,1.763837644830346e-07
1,2035,1.181761035695672e-07
1,2036,0.0
1,2037,2380.931783707125
1,2038,0.0
1,2039,16802.48653640014
1,2040,2634.996025602537
1,2041,17389.269406392694
1,2042,4352.956758005381
1,2043,5305.774274932479
1,2044,3970.61024953127
1,2045,13391.527583748495
1,2046,3.997447493020445e-07
1,2047,0.0
1,2048,8481.278617512606
1,2049,17389.269406392694
1,2050,17389.269406392694
1,2051,17389.269406392694
1,2052,17389.269406388452
1,2053,17389.269406392694
1,2054,17389.269406388365
1,2055,17389.269406392694
1,2056,17389.269406392694
1,2057,0.0
1,2058,9.698851499706507e-09
1,2059,0.0
1,2060,9.305949788540602e-09
1,2061,0.0
1,2062,2596.65235939768
1,2063,9778.252636570876
1,2064,12416.262736673336
1,2065,0.0
1,2066,16313.85995813869
1,2067,17389.269406392694
1,2068,17389.269406392694
1,2069,14482.267806122509
1,2070,0.0
1,2071,17389.269406392694
1,2072,17389.269406392694
1,2073,17389.26940638747
1,2074,17389.269406392694
1,2075,17389.269406392694
1,2076,17389.26940638731
1,2077,17389.26940638725
1,2078,17389.269406392694
1,2079,17389.269406387142
1,2080,17389.26940638709
1,2081,13170.990488924726
1,2082,0.0
1,2083,0.0
1,2084,0.0
1,2085,0.0
1,2086,1.1664815247058868e-07
1,2087,0.0
1,2088,0.0
1,2089,0.0
1,2090,0.0
1,2091,0.0
1,2092,0.0
1,2093,0.0
1,2094,13400.428061517261
1,2095,15924.474514228816
1,2096,14908.054652549026
1,2097,1391.2387054614264
1,2098,17389.269406392694
1,2099,17389.269406392694
1,2100,16548.605534654136
1,2101,17389.269406341566
1,2102,17389.269406337535
1,2103,17389.269406392694
1,2104,17389.269405675255
1,2105,17389.269406392694
1,2106,0.0
1,2107,216.0838276124996
1,2108,0.0
1,2109,6369.821620558683
1,2110,9112.897182991643
1,2111,304.8267258396154
1,2112,17389.269406392694
1,2113,17389.269406392694
1,2114,17389.269406392694
1,2115,17389.269406392694
1,2116,9185.144556839816
1,2117,17389.269406392694
1,2118,0.0
1,2119,0.0
1,2120,6253.45308695532
1,2121,17389.269406392694
1,2122,17389.269406392694
1,2123,17389.269406392694
1,2124,17389.269406392694
1,2125,17389.269406392694
1,2126,17389.269406392694
1,2127,17389.26940638375
1,2128,6048.196149913463
1,2129,17389.269406223324
1,2130,1.709850039333105e-09
1,2131,17389.269406392694
1,2132,1.7134880181401968e-09
1,2133,17389.269406392694
1,2134,1.7134880181401968e-09
1,2135,1.7134880181401968e-09
1,2136,1.7134880181401968e-09
1,2137,17389.269406392694
1,2138,1.7171259969472885e-09
1,2139,17389.269406392694
1,2140,0.0
1,2141,1.7324055079370737e-07
1,2142,8.703500498086214e-08
1,2143,5.8309524320065975e-08
1,2144,0.0
1,2145,17389.269406392694
1,2146,17389.269406392694
1,2147,12668.215091890404
1,2148,16594.768801243856
1,2149,17389.269406392694
1,2150,15830.704693948453
1,2151,17389.269406392694
1,2152,0.0
1,2153,17389.269406392694
1,2154,1.684384187683463e-09
1,2155,17389.269406392694
1,2156,1.724401954561472e-09
1,2157,1.7207639757543802e-09
1,2158,1.7134880181401968e-09
1,2159,1.7171259969472885e-09
1,2160,1.7134880181401968e-09
1,2161,17389.269406392694
1,2162,15572.485590830724
1,2163,5261.005825069798
1,2164,0.0
1,2165,0.0
1,2166,4.3950421968474984e-08
1,2167,0.0
1,2168,0.0
1,2169,17389.269406392694
1,2170,17389.269406392694
1,2171,17389.269406392694
1,2172,17389.269406328345
1,2173,17389.26940629574
1,2174,17389.269406392694
1,2175,17389.269406392694
1,2176,17389.269406234405
1,2177,1.709850039333105e-09
1,2178,17389.269406392694
1,2179,1.7134880181401968e-09
1,2180,1.7134880181401968e-09
1,2181,1.7171259969472885e-09
1,2182,17389.269406392694
1,2183,17389.269406392694
1,2184,17389.269406392694
1,2185,8260.967558768712
1,2186,0.0
1,2187,4473.00384256826
1,2188,1514.2757955249654
1,2189,0.0
1,2190,3.5332050174474716e-08
1,2191,2.9591319616883993e-08
1,2192,6488.852745449913
1,2193,17389.269406392694
1,2194,17389.269406392694
1,2195,17389.269406390802
1,2196,17389.26940639078
1,2197,17389.269406392694
1,2198,17389.269406390744
1,2199,17389.269406390722
1,2200,17389.269406392694
1,2201,0.0
1,2202,1.709850039333105e-09
1,2203,1.7134880181401968e-09
1,2204,17389.269406392694
1,2205,3073.073023218989
1,2206,0.0
1,2207,0.0
1,2208,1720.4598101182128
1,2209,6018.959974058245
1,2210,17389.269406392694
1,2211,17389.269406392694
1,2212,0.0
1,2213,0.0
1,2214,0.0
1,2215,0.0
1,2216,0.0
1,2217,17389.269406392694
1,2218,14503.190302202245
1,2219,17389.269406392694
1,2220,17389.269406392694
1,2221,17389.269406392694
1,2222,17389.269406392694
1,2223,0.0
1,2224,0.0
1,2225,1.5679688658565283e-08
1,2226,0.0
1,2227,1.3660610420629382e-08
1,2228,0.0
1,2229,0.0
1,2230,1632.497184325177
1,2231,0.0
1,2232,16515.751244174564
1,2233,17389.269406392694
1,2234,3134.662014883299
1,2235,17389.269406392694
1,2236,13934.151788578785
1,2237,0.0
1,2238,0.0
1,2239,14792.302038382997
1,2240,17389.269406392694
1,2241,17389.269406392694
1,2242,17389.269406392694
1,2243,17389.269406392694
1,2244,17389.269406392694
1,2245,17389.26940639014
1,2246,17389.269406392694
1,2247,17389.269406392694
1,2248,11407.976255457637
1,2249,4.838511813431978e-09
1,2250,4.751200322061777e-09
1,2251,4.667526809498668e-09
1,2252,0.0
1,2253,0.0
1,2254,4.445610102266073e-09
1,2255,4.376488504931331e-09
1,2256,0.0
1,2257,4.245521267876029e-09
1,2258,0.0
1,2259,5786.994641561414
1,2260,7089.661735699068
1,2261,6834.072348904247
1,2262,13520.956678850602
1,2263,17389.269406392694
1,2264,17389.269406392694
1,2265,17389.26940638958
1,2266,17389.269406392694
1,2267,17389.269406392694
1,2268,17389.269406392694
1,2269,17389.26940638945
1,2270,17389.26940638942
1,2271,17389.269406392694
1,2272,17389.269406392694
1,2273,3.4888216760009527e-09
1,2274,3.4524418879300356e-09
1,2275,0.0
1,2276,0.0
1,2277,3.3542164601385593e-09
1,2278,0.0
1,2279,442.1339868054347
1,2280,17389.269406392694
1,2281,17389.269406392694
1,2282,14562.99887743303
1,2283,17389.269406392694
1,2284,9869.524342235254
1,2285,3906.264112412642
1,2286,0.0
1,2287,1921.4764906969576
1,2288,17389.269406392694
1,2289,17389.269406392694
1,2290,17389.2694063887
1,2291,17389.269406392694
1,2292,17389.26940638862
1,2293,17389.269406388576
1,2294,17389.26940638854
1,2295,17389.269406392694
1,2296,17389.269406392694
1,2297,17389.26940595994
1,2298,2620.507189089105
1,2299,0.0
1,2300,0.0
1,2301,38.71002552963546
1,2302,0.0
1,2303,17389.269406392694
1,2304,17389.269406392694
1,2305,9788.870036998662
1,2306,17389.269406392694
1,2307,10113.685093700667
1,2308,17389.269406392694
1,2309,13388.93558467456
1,2310,0.0
1,2311,1873.5678642340226
1,2312,0.0
1,2313,14942.05703377703
1,2314,17389.269406387622
1,2315,17389.26940638757
1,2316,17389.269406392694
1,2317,17389.26940638747
1,2318,17389.26940638741
1,2319,17389.26940638736
1,2320,17389.26940622375
1,2321,17389.269406392694
1,2322,17389.269406392694
1,2323,17389.269406392694
1,2324,1.7171259969472885e-09
1,2325,1.7134880181401968e-09
1,2326,17389.269406392694
1,2327,17389.269406392694
1,2328,17389.269406392694
1,2329,17389.269406392694
1,2330,1.6625563148409128e-09
1,2331,0.0
1,2332,0.0
1,2333,0.0
1,2334,5.830224836245179e-08
1,2335,4.394678398966789e-08
1,2336,3071.838573689518
1,2337,9227.480853006742
1,2338,17389.269406390853
1,2339,17389.26940639084
1,2340,17389.269406390817
1,2341,17389.269406392694
1,2342,17389.269406392694
1,2343,17389.269406392694
1,2344,17389.26940623535
1,2345,17389.269406392694
1,2346,17389.269406392694
1,2347,1.7134880181401968e-09
1,2348,1.7171259969472885e-09
1,2349,17389.269406392694
1,2350,17389.269406392694
1,2351,1.709850039333105e-09
1,2352,1.7025740817189217e-09
1,2353,0.0
1,2354,14663.962096981804
1,2355,0.0
1,2356,0.0
1,2357,2473.3102810084056
1,2358,3.53393261320889e-08
1,2359,0.0
1,2360,0.0
1,2361,17389.269406392694
1,2362,17389.269406392694
1,2363,17389.269406392694
1,2364,17389.269406392694
1,2365,17389.269406392694
1,2366,17389.269406392694
1,2367,1.8111677491106093e-07
1,2368,0.0
1,2369,1.7171259969472885e-09
1,2370,17389.269406392694
1,2371,1.7134880181401968e-09
1,2372,1.709850039333105e-09
1,2373,1.709850039333105e-09
1,2374,17389.269406392694
1,2375,5201.411858520765
1,2376,0.0
1,2377,8.703136700205505e-08
1,2378,0.0
1,2379,0.0
1,2380,0.0
1,2381,2.9591319616883993e-08
1,2382,0.0
1,2383,11080.439303842668
1,2384,17389.269406392694
1,2385,17389.269406392694
1,2386,17389.26940639078
1,2387,17389.26940639076
1,2388,17389.269406392694
1,2389,17389.269406392694
1,2390,17389.2694063907
1,2391,17389.269406392694
1,2392,15809.403870529077
1,2393,0.0
1,2394,1.7062120605260134e-09
1,2395,1.7134880181401968e-09
1,2396,1.7134880181401968e-09
1,2397,1.7134880181401968e-09
1,2398,1.7134880181401968e-09
1,2399,17389.269406392694
1,2400,0.0
1,2401,0.0
1,2402,8.703500498086214e-08
1,2403,0.0
1,2404,0.0
1,2405,0.0
1,2406,2.9591319616883993e-08
1,2407,6032.596564558618
1,2408,11003.69408299743
1,2409,17389.269406392694
1,2410,17389.269406392694
1,2411,17389.26940639078
1,2412,17389.269406392694
1,2413,17389.269406392694
1,2414,17389.269406390722
1,2415,17389.269406392694
1,2416,5589.23720597837
1,2417,17389.269406232233
1,2418,1.709850039333105e-09
1,2419,1.709850039333105e-09
1,2420,17389.269406392694
1,2421,1.7134880181401968e-09
1,2422,17389.269406392694
1,2423,7364.06615806051
1,2424,1.7321144696325064e-07
1,2425,8.703500498086214e-08
1,2426,0.0
1,2427,4.3950421968474984e-08
1,2428,3.533568815328181e-08
1,2429,0.0
1,2430,384.5039049379957
1,2431,15984.560017206597
1,2432,16711.773940887262
1,2433,17389.269406390802
1,2434,17389.26940639078
1,2435,17389.269406392694
1,2436,17389.269406390744
1,2437,17389.269406390722
1,2438,17389.269406392694
1,2439,17389.269406390686
1,2440,0.0
1,2441,1.0459189070388675e-08
1,2442,9.953510016202927e-09
1,2443,0.0
1,2444,9.094947017729282e-09
1,2445,0.0
1,2446,8.381903171539307e-09
1,2447,8.072674972936511e-09
1,2448,0.0
1,2449,1231.064600278638
1,2450,0.0
1,2451,0.0
1,2452,0.0
1,2453,7970.257270746057
1,2454,0.0
1,2455,6114.228204776042
1,2456,12491.780201459798
1,2457,17389.269406390285
1,2458,17389.269406390264
1,2459,17389.269406392694
1,2460,17389.269406390213
1,2461,17389.269406392694
1,2462,17389.269406392694
1,2463,17389.26940639014
1,2464,17389.269406390118
1,2465,3716.2886290247116
1,2466,0.0
1,2467,4.838511813431978e-09
1,2468,0.0
1,2469,4.667526809498668e-09
1,2470,0.0
1,2471,6957.969642070391
1,2472,0.0
1,2473,7877.626844808747
1,2474,17389.269406392694
1,2475,17389.269406392694
1,2476,17389.269406392694
1,2477,17389.269406392694
1,2478,0.0
1,2479,3098.809228998889
1,2480,17389.269406392694
1,2481,17389.269406389638
1,2482,17389.269406392694
1,2483,17389.269406392694
1,2484,17389.269406392694
1,2485,17389.269406389514
1,2486,17389.269406389485
1,2487,17389.269406392694
1,2488,17389.26940638942
1,2489,17389.269406392694
1,2490,17389.269406392694
1,2491,15561.798159520362
1,2492,0.0
1,2493,1.7123966244980693e-07
1,2494,3343.8745052216473
1,2495,12209.369448660123
1,2496,16027.4122229176
1,2497,0.0
1,2498,0.0
1,2499,13238.867759622111
1,2500,10011.748331888404
1,2501,4452.605091624457
1,2502,0.0
1,2503,167.06337287792485
1,2504,17389.269406392694
1,2505,17389.269406392694
1,2506,17389.26940638878
1,2507,17389.269406388736
1,2508,17389.269406392694
1,2509,17389.269406392694
1,2510,17389.26940638862
1,2511,17389.269406392694
1,2512,17389.269406392694
1,2513,17389.26940622411
1,2514,17389.269406392694
1,2515,17389.269406392694
1,2516,17389.269406392694
1,2517,11472.320576624306
1,2518,0.0
1,2519,0.0
1,2520,7230.835433521024
1,2521,0.0
1,2522,12516.43806467482
1,2523,12382.512224164197
1,2524,0.0
1,2525,516.2445912789517
1,2526,2.0034349290654063e-08
1,2527,4937.655934419425
1,2528,17389.269406392694
1,2529,17389.26940639076
1,2530,17389.269406390744
1,2531,17389.269406392694
1,2532,17389.269406392694
1,2533,17389.269406392694
1,2534,17389.269406392694
1,2535,17389.269406390642
1,2536,6316.2695570582
1,2537,0.0
1,2538,9.094947017729282e-09
1,2539,8.723873179405928e-09
1,2540,8.381903171539307e-09
1,2541,8.072674972936511e-09
1,2542,0.0
1,2543,7.523340173065662e-09
1,2544,0.0
1,2545,7.054040906950831e-09
1,2546,0.0
1,2547,6.6465872805565596e-09
1,2548,6.461050361394882e-09
1,2549,6.290065357461572e-09
1,2550,6.126356311142445e-09
1,2551,0.0
1,2552,0.0
1,2553,17389.269406392694
1,2554,17389.269406390213
1,2555,17389.26940639019
1,2556,17389.269406392694
1,2557,17389.269406392694
1,2558,17389.269406392694
1,2559,12218.542830609575
1,2560,5112.018696665633
1,2561,0.0
1,2562,0.0
1,2563,0.0
1,2564,0.0
1,2565,0.0
1,2566,0.0
1,2567,0.0
1,2568,4.307366907596588e-09
1,2569,4.245521267876029e-09
1,2570,4.18367562815547e-09
1,2571,0.0
1,2572,0.0
1,2573,0.0
1,2574,3.961758920922875e-09
1,2575,0.0
1,2576,17389.269406392694
1,2577,17389.269406392694
1,2578,17389.269406392694
1,2579,17389.269406311247
1,2580,17389.269406392694
1,2581,17389.269406392694
1,2582,17389.269406062023
1,2583,17389.269406392694
1,2584,3.3366814022883773e-07
1,2585,0.0
1,2586,3.4524418879300356e-09
1,2587,0.0
1,2588,3.383320290595293e-09
1,2589,3.3542164601385593e-09
1,2590,3.321474650874734e-09
1,2591,0.0
1,2592,2425.868953435902
1,2593,6988.807237711331
1,2594,9992.133506301252
1,2595,10124.700989170928
1,2596,0.0
1,2597,0.0
1,2598,0.0
1,2599,17389.269406392694
1,2600,17389.269406392694
1,2601,17389.269406388736
1,2602,17389.269406392694
1,2603,17389.269406388656
1,2604,17389.269406392694
1,2605,17389.269406392694
1,2606,17389.26940638854
1,2607,17389.269406388496
1,2608,17389.269406392694
1,2609,17389.269405960124
1,2610,9235.45971115811
1,2611,4.3700492824427783e-07
1,2612,0.0
1,2613,1.4721081242896616e-07
1,2614,6307.766751503301
1,2615,14384.89781483119
1,2616,2787.5760226224593
1,2617,17389.269406392694
1,2618,17389.269406392694
1,2619,3340.982982297319
1,2620,1071.038330925392
1,2621,0.0
1,2622,9219.312158750807
1,2623,16502.386411427135
1,2624,17389.269406387724
1,2625,17389.269406387673
1,2626,17389.269406387622
1,2627,17389.269406392694
1,2628,17389.26940638752
1,2629,17389.269406392694
1,2630,17389.26940638741
1,2631,17389.269406392694
1,2632,17389.269406392694
1,2633,17389.26940620731
1,2634,17389.269406392694
1,2635,17389.269405827265
1,2636,0.0
1,2637,9523.752330954992
1,2638,17389.269406392694
1,2639,17389.269406392694
1,2640,17389.2694063543
1,2641,17389.26940635171
1,2642,17389.269406392694
1,2643,17389.269406345196
1,2644,17389.269406392694
1,2645,17389.269406392694
1,2646,16971.475899531553
1,2647,17389.269406392694
1,2648,17389.269406392694
1,2649,17389.269406392694
1,2650,17389.269406386255
1,2651,17389.269406392694
1,2652,17389.269406392694
1,2653,17389.269406392694
1,2654,17389.269406392694
1,2655,17389.269406385927
1,2656,17389.269406385854
1,2657,17389.26940638579
1,2658,17389.269406385716
1,2659,17389.269406392694
1,2660,17389.269406392694
1,2661,17389.269406392694
1,2662,17389.269406392694
1,2663,17389.26940638536
1,2664,17389.269406392694
1,2665,17389.269406385214
1,2666,17389.26940638514
1,2667,17389.269406392694
1,2668,17389.26940638499
1,2669,17389.269406392694
1,2670,17389.269406384836
1,2671,17389.269406392694
1,2672,17389.269406392694
1,2673,17389.269406384596
1,2674,17389.269406392694
1,2675,17389.269406392694
1,2676,17389.26940638435
1,2677,17389.269406392694
1,2678,17389.26940638418
1,2679,17389.2694063841
1,2680,17389.269406384014
1,2681,17389.269406392694
1,2682,17389.269406090465
1,2683,17389.269406392694
1,2684,17389.269406392694
1,2685,0.0
1,2686,3252.5973156082655
1,2687,17389.269406392694
1,2688,17117.04968179781
1,2689,17389.269406392694
1,2690,15115.740112199444
1,2691,17389.269406392694
1,2692,4998.937491538018
1,2693,0.0
1,2694,14213.77431208896
1,2695,17389.269406392694
1,2696,17389.269406392694
1,2697,17389.269406392694
1,2698,17389.26940638231
1,2699,17389.269406382202
1,2700,17389.269406392694
1,2701,17389.26940638199
1,2702,17389.269406392694
1,2703,17389.269406392694
1,2704,17389.26940638167
1,2705,17389.26940622325
1,2706,1.7025740817189217e-09
1,2707,17389.269406392694
1,2708,1.7134880181401968e-09
1,2709,1.7134880181401968e-09
1,2710,1.7134880181401968e-09
1,2711,17389.269406392694
1,2712,17389.269406392694
1,2713,9094.91587486745
1,2714,0.0
1,2715,0.0
1,2716,3143.871539016365
1,2717,4.39431460108608e-08
1,2718,0.0
1,2719,0.0
1,2720,4639.867048529239
1,2721,17389.269406392694
1,2722,17389.269406392694
1,2723,17389.269406390802
1,2724,17389.269406392694
1,2725,17389.26940639076
1,2726,17389.269406390744
1,2727,17389.269406392694
1,2728,0.0
1,2729,17389.269406392694
1,2730,17389.269406392694
1,2731,17389.269406392694
1,2732,0.0
1,2733,1.7320417100563645e-07
1,2734,8.703500498086214e-08
1,2735,0.0
1,2736,4.396133590489626e-08
1,2737,4405.006408060421
1,2738,0.0
1,2739,0.0
1,2740,0.0
1,2741,4951.5547801486355
1,2742,10919.490732018405
1,2743,4683.485638000751
1,2744,17389.269406392694
1,2745,17389.269406392694
1,2746,17389.269406390722
1,2747,17389.2694063907
1,2748,17389.269406392694
1,2749,17389.269406390664
1,2750,17389.269406390642
1,2751,17389.26940639062
1,2752,17389.269406392694
1,2753,5361.060898349475
1,2754,17389.269406229934
1,2755,17389.269406392694
1,2756,13555.599226680019
1,2757,0.0
1,2758,0.0
1,2759,0.0
1,2760,4533.364224084824
1,2761,0.0
1,2762,0.0
1,2763,1366.8771590233737
1,2764,204.28960210978767
1,2765,0.0
1,2766,8898.199882324583
1,2767,17389.269406392694
1,2768,17389.26940639076
1,2769,17389.269406390744
1,2770,17389.269406390722
1,2771,17389.2694063907
1,2772,17389.269406390686
1,2773,17389.269406390664
1,2774,17389.269406390642
1,2775,17389.26940639062
1,2776,17389.2694063906
1,2777,0.0
1,2778,1.7062120605260134e-09
1,2779,17389.269406392694
1,2780,1.7134880181401968e-09
1,2781,1.7134880181401968e-09
1,2782,1.7171259969472885e-09
1,2783,17389.269406392694
1,2784,1.7171259969472885e-09
1,2785,1.7134880181401968e-09
1,2786,1.7171259969472885e-09
1,2787,17389.269406147836
1,2788,0.0
1,2789,1.0935036698356271e-07
1,2790,6.744085112586617e-08
1,2791,4.889079718850553e-08
1,2792,1488.8355709482767
1,2793,6442.099443547304
1,2794,17389.269406392694
1,2795,17389.269406392694
1,2796,17389.269406392694
1,2797,17389.26940620218
1,2798,14495.135749105335
1,2799,17389.269406392694
1,2800,0.0
1,2801,17389.269406392694
1,2802,17389.269406392694
1,2803,1.7062120605260134e-09
1,2804,17389.269406392694
1,2805,17389.269406392694
1,2806,1.913576852530241e-09
1,2807,17389.269406392694
1,2808,17389.269406392694
1,2809,17389.269406392694
1,2810,17389.269406392694
1,2811,1.7134880181401968e-09
1,2812,1.7134880181401968e-09
1,2813,17389.269406392694
1,2814,1.7171259969472885e-09
1,2815,1.7134880181401968e-09
1,2816,17389.269406392694
1,2817,1.7134880181401968e-09
1,2818,1.7207639757543802e-09
1,2819,1.709850039333105e-09
1,2820,17389.269406392694
1,2821,1.7134880181401968e-09
1,2822,17389.269406392694
1,2823,1.7171259969472885e-09
1,2824,17389.269406392694
1,2825,17389.269406392694
1,2826,17389.269406392694
1,2827,17389.269406392694
1,2828,1.5279510989785194e-09
1,2829,17389.269406392694
1,2830,1.7280399333685637e-09
1,2831,1.7171259969472885e-09
1,2832,1.7134880181401968e-09
1,2833,1.7171259969472885e-09
1,2834,1.7134880181401968e-09
1,2835,1.7134880181401968e-09
1,2836,17389.269406392694
1,2837,1.7171259969472885e-09
1,2838,17389.269406392694
1,2839,1.709850039333105e-09
1,2840,1.7062120605260134e-09
1,2841,17389.269406392694
1,2842,17389.269406392694
1,2843,17389.269406392694
1,2844,17389.269406392694
1,2845,1.7207639757543802e-09
1,2846,17389.269406392694
1,2847,17389.269406392694
1,2848,17389.269406392694
1,2849,17389.269406392694
1,2850,1.7171259969472885e-09
1,2851,17389.269406392694
1,2852,17389.269406392694
1,2853,1.735315890982747e-09
1,2854,1.7207639757543802e-09
1,2855,17389.269406392694
1,2856,17389.269406392694
1,2857,17389.269406392694
1,2858,17389.269406392694
1,2859,1.7134880181401968e-09
1,2860,17389.269406392694
1,2861,17389.269406392694
1,2862,17389.269406392694
1,2863,1952.2808811114646
1,2864,0.0
1,2865,8.703500498086214e-08
1,2866,5613.949828490018
1,2867,0.0
1,2868,17389.269406392694
1,2869,17389.269406392694
1,2870,0.0
1,2871,0.0
1,2872,2.0019797375425696e-08
1,2873,1.8106220522895455e-08
1,2874,1.654188963584602e-08
1,2875,0.0
1,2876,0.0
1,2877,1.318767317570746e-08
1,2878,1.2369127944111824e-08
1,2879,6732.0509290255395
1,2880,17208.140641766127
1,2881,8833.268106867297
1,2882,12781.767974647912
1,2883,12229.6432010578
1,2884,17389.269406392694
1,2885,17389.269406392694
1,2886,17389.269406392694
1,2887,17389.269406392694
1,2888,17389.269406390496
1,2889,17389.269406390475
1,2890,17389.269406392694
1,2891,17389.269406392694
1,2892,17389.269406392694
1,2893,17389.26940639038
1,2894,17389.26940639036
1,2895,17389.269406392694
1,2896,0.0
1,2897,1.44427758641541e-09
1,2898,0.0
1,2899,0.0
1,2900,0.0
1,2901,5.832043825648725e-08
1,2902,4.395769792608917e-08
1,2903,0.0
1,2904,12399.275961542515
1,2905,17274.557647558988
1,2906,17389.269406392694
1,2907,17389.269406392694
1,2908,17389.269406392694
1,2909,17389.269406392694
1,2910,6345.823009133514
1,2911,17389.269406392694
1,2912,15749.691216126423
1,2913,17389.269406392694
1,2914,17389.269406392694
1,2915,17389.269406392694
1,2916,2.0700099412351847e-09
1,2917,17389.269406392694
1,2918,17389.269406392694
1,2919,1.9476283341646194e-07
1,2920,0.0
1,2921,0.0
1,2922,0.0
1,2923,0.0
1,2924,0.0
1,2925,0.0
1,2926,3.5328412195667624e-08
1,2927,0.0
1,2928,9654.411548004762
1,2929,14007.777052538444
1,2930,14965.434028817168
1,2931,14751.88823121229
1,2932,0.0
1,2933,0.0
1,2934,2238.0287214329073
1,2935,17389.269406392694
1,2936,17389.269406392694
1,2937,17389.269406392694
1,2938,17389.269406392694
1,2939,17389.269406390642
1,2940,17389.269406392694
1,2941,17389.2694063906
1,2942,17389.269406390584
1,2943,17389.269406392694
1,2944,13476.178024498993
1,2945,0.0
1,2946,17389.269406392694
1,2947,17389.269406392694
1,2948,17389.269406392694
1,2949,17389.269406392694
1,2950,1.7134880181401968e-09
1,2951,17389.269406392694
1,2952,1.7171259969472885e-09
1,2953,1.7171259969472885e-09
1,2954,1.7171259969472885e-09
1,2955,17389.269406392694
1,2956,1.7171259969472885e-09
1,2957,1.7171259969472885e-09
1,2958,17389.269406392694
1,2959,1.7171259969472885e-09
1,2960,17389.269406392694
1,2961,17389.269406392694
1,2962,1.7171259969472885e-09
1,2963,1.709850039333105e-09
1,2964,17389.269406392694
1,2965,1.7171259969472885e-09
1,2966,1.7171259969472885e-09
1,2967,17389.269406392694
1,2968,1.7207639757543802e-09
1,2969,17389.269406392694
1,2970,17389.269406392694
1,2971,17389.269406392694
1,2972,17389.269406392694
1,2973,1.7207639757543802e-09
1,2974,17389.269406392694
1,2975,17389.269406392694
1,2976,1.7134880181401968e-09
1,2977,17389.269406392694
1,2978,1.7134880181401968e-09
1,2979,1.7171259969472885e-09
1,2980,17389.269406147912
1,2981,0.0
1,2982,1.0936128091998398e-07
1,2983,6.744448910467327e-08
1,2984,2150.9610096417164
1,2985,0.0
1,2986,17389.269406392694
1,2987,7996.166926297417
1,2988,16082.441058033135
1,2989,17389.269406392694
1,2990,17389.269406202166
1,2991,13572.620093464135
1,2992,17389.269406392694
1,2993,0.0
1,2994,17389.269406392694
1,2995,17389.269406392694
1,2996,1.7171259969472885e-09
1,2997,17389.269406392694
1,2998,0.0
1,2999,1.7328420653939247e-07
1,3000,0.0
1,3001,8287.387091872028
1,3002,10042.836586933552
1,3003,0.0
1,3004,0.0
1,3005,2735.1954146596527
1,3006,0.0
1,3007,4343.546209910515
1,3008,17389.269406392694
1,3009,17389.269406392694
1,3010,17389.269406392694
1,3011,17389.269406390744
1,3012,17389.269406390722
1,3013,17389.2694063907
1,3014,17389.269406390686
1,3015,17389.269406392694
1,3016,17389.269406392694
1,3017,0.0
1,3018,1.7062120605260134e-09
1,3019,1.709850039333105e-09
1,3020,1.7134880181401968e-09
1,3021,1.7134880181401968e-09
1,3022,17389.269406392694
1,3023,17389.269406392694
1,3024,1.7171259969472885e-09
1,3025,17389.269406392694
1,3026,14197.595796033833
1,3027,1.7332786228507757e-07
1,3028,0.0
1,3029,5.831316229887307e-08
1,3030,0.0
1,3031,0.0
1,3032,4620.659042028556
1,3033,17389.269406392694
1,3034,17389.26940639084
1,3035,17389.269406392694
1,3036,17389.269406390802
1,3037,17389.269406392694
1,3038,17389.26940639076
1,3039,17389.269406392694
1,3040,17389.269406392694
1,3041,17389.269406233583
1,3042,17389.269406392694
1,3043,17389.269406392694
1,3044,1.7171259969472885e-09
1,3045,1.7134880181401968e-09
1,3046,17389.269406392694
1,3047,17389.269406392694
1,3048,17389.269406392694
1,3049,1.7171259969472885e-09
1,3050,1.7134880181401968e-09
1,3051,0.0
1,3052,0.0
1,3053,8.703864295966923e-08
1,3054,5.831316229887307e-08
1,3055,4.3954059947282076e-08
1,3056,11835.104721386004
1,3057,14315.334787284908
1,3058,17389.269406340285
1,3059,17389.26940631968
1,3060,17389.269406392694
1,3061,17389.269406068564
1,3062,2.76519131148234e-07
1,3063,17389.269406392694
1,3064,0.0
1,3065,17389.269406392694
1,3066,17389.269406392694
1,3067,1.7062120605260134e-09
1,3068,17389.269406392694
1,3069,1.6916601452976465e-09
1,3070,17389.269406392694
1,3071,1.7207639757543802e-09
1,3072,1.7171259969472885e-09
1,3073,1.7134880181401968e-09
1,3074,17389.269406392694
1,3075,0.0
1,3076,0.0
1,3077,0.0
1,3078,5.832043825648725e-08
1,3079,0.0
1,3080,16012.608803709407
1,3081,17389.269406392694
1,3082,17389.269406392694
1,3083,15493.76431493516
1,3084,17389.26940627302
1,3085,17389.269406392694
1,3086,4.5069828047417104e-07
1,3087,17389.26940623717
1,3088,17389.269406392694
1,3089,1.7171259969472885e-09
1,3090,1.735315890982747e-09
1,3091,1.6625563148409128e-09
1,3092,1.7280399333685637e-09
1,3093,17389.269406392694
1,3094,17389.269406392694
1,3095,17389.269406392694
1,3096,17389.269406392694
1,3097,17389.269406392694
1,3098,1.7171259969472885e-09
1,3099,17389.269406392694
1,3100,0.0
1,3101,0.0
1,3102,0.0
1,3103,8873.88104679266
1,3104,0.0
1,3105,0.0
1,3106,1366.4714746323007
1,3107,6196.880257629069
1,3108,17389.269406392694
1,3109,17389.269406392694
1,3110,11473.039045128495
1,3111,17389.269406237927
1,3112,1.5425030142068863e-09
1,3113,1.7134880181401968e-09
1,3114,1.7134880181401968e-09
1,3115,17389.269406392694
1,3116,17389.269406392694
1,3117,17389.269406392694
1,3118,17389.269406392694
1,3119,1.7134880181401968e-09
1,3120,17389.269406392694
1,3121,17389.269406392694
1,3122,17389.269406392694
1,3123,1.7171259969472885e-09
1,3124,17389.269406392694
1,3125,17389.269406392694
1,3126,1.7171259969472885e-09
1,3127,1.7207639757543802e-09
1,3128,1.5097612049430609e-09
1,3129,328.27174075484436
1,3130,0.0
1,3131,8.699134923517704e-08
1,3132,5.8291334426030517e-08
1,3133,516.605221835358
1,3134,8580.106805085827
1,3135,0.0
1,3136,12160.337302627768
1,3137,7203.974009616111
1,3138,4141.228755395627
1,3139,0.0
1,3140,815.6200521907231
1,3141,0.0
1,3142,0.0
1,3143,17379.068138493658
1,3144,17389.269406392694
1,3145,17389.269406392694
1,3146,7765.177741430158
1,3147,17389.269406392694
1,3148,5667.897108977639
1,3149,6624.717904042365
1,3150,8613.340556389066
1,3151,17389.269406392694
1,3152,17389.269406392694
1,3153,17389.26940639052
1,3154,17389.269406390496
1,3155,17389.269406392694
1,3156,17389.269406390453
1,3157,17389.26940639043
1,3158,17389.269406390402
1,3159,17389.269406392694
1,3160,17389.26940639036
1,3161,17389.269406392694
1,3162,17389.26940622734
1,3163,17389.269406392694
1,3164,1.7134880181401968e-09
1,3165,17389.269406392694
1,3166,17389.269406392694
1,3167,17389.269406392694
1,3168,1.7171259969472885e-09
1,3169,1.7134880181401968e-09
1,3170,1.7171259969472885e-09
1,3171,1.7171259969472885e-09
1,3172,17389.269406392694
1,3173,1.7171259969472885e-09
1,3174,17389.269406392694
1,3175,1.69893610291183e-09
1,3176,0.0
1,3177,712.7416584372986
1,3178,0.0
1,3179,17389.269406392694
1,3180,17389.269406392694
1,3181,17389.269406392694
1,3182,17389.269406392694
1,3183,1.709850039333105e-09
1,3184,17389.269406392694
1,3185,17389.269406392694
1,3186,17389.269406392694
1,3187,1.6952981241047382e-09
1,3188,1.7062120605260134e-09
1,3189,1.724401954561472e-09
1,3190,17389.269406392694
1,3191,1.7171259969472885e-09
1,3192,17389.269406392694
1,3193,17389.269406392694
1,3194,17389.269406392694
1,3195,1.7134880181401968e-09
1,3196,1.7134880181401968e-09
1,3197,17389.269406392694
1,3198,17389.269406392694
1,3199,17389.269406392694
1,3200,1.709850039333105e-09
1,3201,1.7134880181401968e-09
1,3202,1.7171259969472885e-09
1,3203,17389.269406392694
1,3204,1.709850039333105e-09
1,3205,1.724401954561472e-09
1,3206,17389.269406392694
1,3207,1.7062120605260134e-09
1,3208,17389.269406392694
1,3209,1.7171259969472885e-09
1,3210,17389.269406392694
1,3211,17389.269406392694
1,3212,1.7171259969472885e-09
1,3213,1.7134880181401968e-09
1,3214,17389.269406392694
1,3215,1.7134880181401968e-09
1,3216,17389.269406392694
1,3217,1.724401954561472e-09
1,3218,1.7207639757543802e-09
1,3219,1.7171259969472885e-09
1,3220,1.7134880181401968e-09
1,3221,1.7134880181401968e-09
1,3222,1.7134880181401968e-09
1,3223,1.7062120605260134e-09
1,3224,1.6589183360338211e-09
1,3225,1.7462298274040222e-09
1,3226,17046.503307096704
1,3227,12078.217846383326
1,3228,16489.580051749625
1,3229,4108.9419903856615
1,3230,2596.4072112758477
1,3231,17389.26940625658
1,3232,1.6880221664905548e-09
1,3233,17389.269406392694
1,3234,229.58983579890992
1,3235,1.7294587451033294e-07
1,3236,0.0
1,3237,5.828042048960924e-08
1,3238,4.3932232074439526e-08
1,3239,3.532477421686053e-08
1,3240,2244.9647415273903
1,3241,5707.932281047488
1,3242,0.0
1,3243,0.0
1,3244,0.0
1,3245,11532.08532386074
1,3246,2250.589062727813
1,3247,17389.269406390744
1,3248,17389.269406392694
1,3249,17389.2694063907
1,3250,17389.269406390686
1,3251,17389.269406390664
1,3252,17389.269406390642
1,3253,17389.269406392694
1,3254,17389.2694063906
1,3255,17389.269406392694
1,3256,17389.269406390562
1,3257,1138.9473186486102
1,3258,8.072674972936511e-09
1,3259,7.785274647176266e-09
1,3260,7.523340173065662e-09
1,3261,0.0
1,3262,0.0
1,3263,6.843038136139512e-09
1,3264,2911.552129373138
1,3265,0.0
1,3266,10013.719444688322
1,3267,0.0
1,3268,0.0
1,3269,0.0
1,3270,10643.33986489855
1,3271,17389.269406392694
1,3272,17389.26940639019
1,3273,17389.269406392694
1,3274,17389.269406392694
1,3275,17389.269406392694
1,3276,17389.269406392694
1,3277,17389.269406392694
1,3278,17389.269406390038
1,3279,17389.269406392694
1,3280,17389.269406392694
1,3281,17389.269406392694
1,3282,17389.269406225725
1,3283,17389.269406392694
1,3284,1.7062120605260134e-09
1,3285,0.0
1,3286,1.7320780898444355e-07
1,3287,0.0
1,3288,6684.6548229789005
1,3289,10325.93199484382
1,3290,12010.429416444309
1,3291,0.0
1,3292,0.0
1,3293,0.0
1,3294,0.0
1,3295,0.0
1,3296,17389.269406392694
1,3297,17389.269406392694
1,3298,17389.269406392694
1,3299,17389.269406392694
1,3300,17389.2694063907
1,3301,17389.269406390686
1,3302,17389.269406390664
1,3303,17389.269406392694
1,3304,17389.269406392694
1,3305,0.0
1,3306,17389.269406392694
1,3307,17389.269406392694
1,3308,1.7171259969472885e-09
1,3309,1.7134880181401968e-09
1,3310,17389.269406392694
1,3311,16416.80396486621
1,3312,0.0
1,3313,0.0
1,3314,0.0
1,3315,0.0
1,3316,4903.016582177275
1,3317,5064.776180278299
1,3318,0.0
1,3319,0.0
1,3320,0.0
1,3321,12369.770247034605
1,3322,17389.269406392694
1,3323,17389.26940639076
1,3324,17389.269406392694
1,3325,17389.269406390722
1,3326,17389.2694063907
1,3327,17389.269406392694
1,3328,17389.269406392694
1,3329,17389.269406231673
1,3330,17389.269406392694
1,3331,1.7134880181401968e-09
1,3332,17389.269406392694
1,3333,1.7171259969472885e-09
1,3334,17389.269406392694
1,3335,17389.269406392694
1,3336,1.7171259969472885e-09
1,3337,1.7171259969472885e-09
1,3338,1.7134880181401968e-09
1,3339,17389.269406392694
1,3340,1.7171259969472885e-09
1,3341,1.7134880181401968e-09
1,3342,17389.269406392694
1,3343,17389.269406392694
1,3344,1.709850039333105e-09
1,3345,1.709850039333105e-09
1,3346,17389.269406392694
1,3347,15612.059914651032
1,3348,666.5437235137433
1,3349,17389.269406392694
1,3350,0.0
1,3351,1.6916601452976465e-09
1,3352,1.7171259969472885e-09
1,3353,17389.269406392694
1,3354,1.7171259969472885e-09
1,3355,17389.269406392694
1,3356,1.709850039333105e-09
1,3357,17389.269406392694
1,3358,0.0
1,3359,0.0
1,3360,8.703136700205505e-08
1,3361,5.8309524320065975e-08
1,3362,4.3950421968474984e-08
1,3363,3.5332050174474716e-08
1,3364,0.0
1,3365,2.548767952248454e-08
1,3366,8910.78942318909
1,3367,7968.281484258976
1,3368,17389.269406392694
1,3369,17389.26940639078
1,3370,17389.269406392694
1,3371,17389.269406392694
1,3372,17389.269406392694
1,3373,17389.2694063907
1,3374,17389.269406390686
1,3375,17389.269406392694
1,3376,17389.269406392694
1,3377,0.0
1,3378,1.709850039333105e-09
1,3379,1.7062120605260134e-09
1,3380,1.709850039333105e-09
1,3381,1.7207639757543802e-09
1,3382,17389.269406392694
1,3383,1.7171259969472885e-09
1,3384,17389.269406392694
1,3385,17389.269406392694
1,3386,17389.269406392694
1,3387,17389.269406392694
1,3388,1.7171259969472885e-09
1,3389,17389.269406392694
1,3390,1.7171259969472885e-09
1,3391,17389.269406392694
1,3392,17389.269406392694
1,3393,1.7171259969472885e-09
1,3394,1.7207639757543802e-09
1,3395,1.709850039333105e-09
1,3396,1.7171259969472885e-09
1,3397,17389.269406392694
1,3398,1.7171259969472885e-09
1,3399,1.7171259969472885e-09
1,3400,17389.269406392694
1,3401,17389.269406392694
1,3402,17389.269406392694
1,3403,1.7207639757543802e-09
1,3404,17389.269406392694
1,3405,17389.269406392694
1,3406,1.7134880181401968e-09
1,3407,17389.269406392694
1,3408,17389.269406392694
1,3409,0.0
1,3410,11465.45217983043
1,3411,0.0
1,3412,0.0
1,3413,7109.277778940761
1,3414,5956.201764758302
1,3415,0.0
1,3416,2.9405782697722316e-08
1,3417,0.0
1,3418,0.0
1,3419,0.0
1,3420,17389.269406392694
1,3421,3798.0126082028364
1,3422,0.0
1,3423,9.71485860645771e-08
1,3424,0.0
1,3425,0.0
1,3426,0.0
1,3427,1.0993971955031157e-08
1,3428,0.0
1,3429,9.935320122167468e-09
1,3430,9.484210750088096e-09
1,3431,9.080395102500916e-09
1,3432,0.0
1,3433,10853.168085741534
1,3434,0.0
1,3435,16763.253941263312
1,3436,17389.269406392694
1,3437,17389.269406392694
1,3438,12378.486184364094
1,3439,17389.269406392694
1,3440,17389.26940639038
1,3441,17389.26940639036
1,3442,17389.269406390336
1,3443,17389.269406392694
1,3444,17389.269406392694
1,3445,17389.269406392694
1,3446,17389.26940639024
1,3447,17389.269406392694
1,3448,17389.269406392694
1,3449,17389.269406392694
1,3450,17389.269406392694
1,3451,17389.26940613214
1,3452,9287.111246797027
1,3453,0.0
1,3454,13972.209875018785
1,3455,7990.4162256714735
1,3456,11354.983545582643
1,3457,12622.527932090015
1,3458,13003.025771428118
1,3459,10412.455748130818
1,3460,10340.092112247596
1,3461,7112.703388983453
1,3462,17321.158391070632
1,3463,13636.785248115564
1,3464,0.0
1,3465,17389.269406392694
1,3466,17133.784604414624
1,3467,17389.269406392694
1,3468,17281.145690638074
1,3469,17389.269406287745
1,3470,17389.269406234493
1,3471,17389.269406392694
1,3472,17389.269406392694
1,3473,3.2114257919602096e-07
1,3474,0.0
1,3475,2.2624590201303363e-08
1,3476,0.0
1,3477,1.9914295990020037e-08
1,3478,0.0
1,3479,0.0
1,3480,868.7368189926383
1,3481,4437.185699305432
1,3482,6524.710555838381
1,3483,17389.269406392694
1,3484,5495.377593395351
1,3485,5114.219570285877
1,3486,4765.138261152311
1,3487,6560.040852338461
1,3488,17389.269406392694
1,3489,17389.269406392694
1,3490,17389.269406263385
1,3491,17389.269406392694
1,3492,17389.26940600092
1,3493,14010.799422768334
1,3494,4.019966581836343e-09
1,3495,4.1254679672420025e-09
1,3496,17389.269406392694
1,3497,0.0
1,3498,1.709850039333105e-09
1,3499,17389.269406392694
1,3500,17389.269406392694
1,3501,17389.269406392694
1,3502,1.7134880181401968e-09
1,3503,1.7171259969472885e-09
1,3504,1.7171259969472885e-09
1,3505,17389.269406392694
1,3506,17389.269406392694
1,3507,17347.116530757612
1,3508,0.0
1,3509,8.720235200598836e-08
1,3510,0.0
1,3511,0.0
1,3512,14888.958913186934
1,3513,17389.269406392694
1,3514,17389.269406392694
1,3515,13968.29340649298
1,3516,17389.26940627002
1,3517,16862.86417115424
1,3518,4.574685590341687e-07
1,3519,0.0
1,3520,1.6661942936480045e-09
1,3521,1.7171259969472885e-09
1,3522,17389.269406392694
1,3523,17389.269406392694
1,3524,1.709850039333105e-09
1,3525,1.7134880181401968e-09
1,3526,1.7171259969472885e-09
1,3527,17389.269406392694
1,3528,17389.269406392694
1,3529,17389.269406392694
1,3530,1.7134880181401968e-09
1,3531,17389.269406392694
1,3532,0.0
1,3533,0.0
1,3534,0.0
1,3535,0.0
1,3536,0.0
1,3537,17317.951611048367
1,3538,10582.499352240644
1,3539,17389.269406392694
1,3540,17389.269406392694
1,3541,17389.26940629751
1,3542,17389.269406392694
1,3543,6823.547066076659
1,3544,1.7815182218328118e-07
1,3545,0.0
1,3546,17389.269406392694
1,3547,17389.269406392694
1,3548,1.709850039333105e-09
1,3549,17389.269406392694
1,3550,0.0
1,3551,173.7321753578617
1,3552,6537.902234632875
1,3553,11101.831204590711
1,3554,0.0
1,3555,12459.10250923384
1,3556,10267.464554583543
1,3557,6531.123545728697
1,3558,7235.724021473867
1,3559,0.0
1,3560,8634.044393182994
1,3561,17389.269406392694
1,3562,17389.269406326992
1,3563,17389.269406392694
1,3564,17389.269406392694
1,3565,10288.68638431597
1,3566,17389.269406392694
1,3567,17389.269406392694
1,3568,0.0
1,3569,17389.269406392694
1,3570,1.709850039333105e-09
1,3571,1.7025740817189217e-09
1,3572,0.0
1,3573,1.7320053302682936e-07
1,3574,8.703500498086214e-08
1,3575,5.831316229887307e-08
1,3576,4.395769792608917e-08
1,3577,1218.1519828600776
1,3578,0.0
1,3579,3230.7743129804185
1,3580,2349.4822347817026
1,3581,0.0
1,3582,11950.672490105866
1,3583,17389.269406392694
1,3584,17389.269406392694
1,3585,17389.269406390744
1,3586,17389.269406392694
1,3587,17389.2694063907
1,3588,17389.269406392694
1,3589,17389.269406392694
1,3590,17389.269406392694
1,3591,17389.26940639062
1,3592,17389.269406392694
1,3593,6449.958388553672
1,3594,0.0
1,3595,0.0
1,3596,0.0
1,3597,0.0
1,3598,0.0
1,3599,0.0
1,3600,3310.4338320536845
1,3601,5934.85677412929
1,3602,4254.04808095784
1,3603,0.0
1,3604,5517.6101127486
1,3605,0.0
1,3606,17389.269406392694
1,3607,17389.269406392694
1,3608,17389.26940639024
1,3609,17389.269406390213
1,3610,17389.26940639019
1,3611,17389.269406392694
1,3612,17389.26940639014
1,3613,17389.269406390118
1,3614,17389.26940639009
1,3615,17389.269406392694
1,3616,17389.269406390038
1,3617,17389.26940625653
1,3618,17389.26940611893
1,3619,0.0
1,3620,0.0
1,3621,1.3892349670641124e-07
1,3622,9.308132575824857e-08
1,3623,0.0
1,3624,0.0
1,3625,4831.817615977932
1,3626,0.0
1,3627,4569.903362613426
1,3628,4236.536842280631
1,3629,11945.15531082385
1,3630,11818.399965074492
1,3631,17389.269406392694
1,3632,17389.269406392694
1,3633,17389.26940638955
1,3634,17389.269406392694
1,3635,17389.269406389485
1,3636,17389.26940638945
1,3637,17389.269406392694
1,3638,17389.269406392694
1,3639,17389.269406392694
1,3640,17389.269406389318
1,3641,17389.26940638929
1,3642,17389.26940622463
1,3643,14033.08605716473
1,3644,1.7321872292086482e-07
1,3645,8.703864295966923e-08
1,3646,5.831316229887307e-08
1,3647,0.0
1,3648,6714.822273049191
1,3649,7501.340428245594
1,3650,0.0
1,3651,0.0
1,3652,4075.611364690376
1,3653,6335.37874062897
1,3654,0.0
1,3655,7829.023539456262
1,3656,17389.269406392694
1,3657,17389.269406392694
1,3658,17389.2694063907
1,3659,17389.269406392694
1,3660,17389.269406392694
1,3661,17389.269406390642
1,3662,17389.26940639062
1,3663,17389.269406392694
1,3664,17389.269406392694
1,3665,0.0
1,3666,1.69893610291183e-09
1,3667,17389.269406392694
1,3668,1.7134880181401968e-09
1,3669,17389.269406392694
1,3670,17389.269406392694
1,3671,1.7134880181401968e-09
1,3672,1.7171259969472885e-09
1,3673,1.7134880181401968e-09
1,3674,13789.294453556386
1,3675,1.7336788005195558e-07
1,3676,8.710048859938979e-08
1,3677,2273.9792320978486
1,3678,0.0
1,3679,10994.348810596372
1,3680,5446.844494966561
1,3681,17389.269406392694
1,3682,17389.269406319687
1,3683,17389.26940627315
1,3684,17389.269406392694
1,3685,17389.269406392694
1,3686,1.7684578779153526e-07
1,3687,17389.269406236996
1,3688,1.673470251262188e-09
1,3689,1.7134880181401968e-09
1,3690,1.7171259969472885e-09
1,3691,1.7062120605260134e-09
1,3692,17389.269406392694
1,3693,17389.269406392694
1,3694,17389.269406392694
1,3695,17389.269406392694
1,3696,1.7171259969472885e-09
1,3697,17389.269406392694
1,3698,17389.269406392694
1,3699,17389.269406392694
1,3700,1.7134880181401968e-09
1,3701,1.7171259969472885e-09
1,3702,1.7134880181401968e-09
1,3703,1.7134880181401968e-09
1,3704,1.7171259969472885e-09
1,3705,1.7134880181401968e-09
1,3706,17389.269406392694
1,3707,1.709850039333105e-09
1,3708,1.7171259969472885e-09
1,3709,1.7171259969472885e-09
1,3710,1.7134880181401968e-09
1,3711,17389.269406392694
1,3712,17389.269406392694
1,3713,17389.269406392694
1,3714,17389.269406392694
1,3715,1.7134880181401968e-09
1,3716,17389.269406392694
1,3717,1.7134880181401968e-09
1,3718,10830.33730494181
1,3719,1.7321508494205773e-07
1,3720,0.0
1,3721,0.0
1,3722,0.0
1,3723,0.0
1,3724,0.0
1,3725,2.5491317501291633e-08
1,3726,2.2413587430492043e-08
1,3727,0.0
1,3728,1.8106220522895455e-08
1,3729,7441.083298007205
1,3730,0.0
1,3731,16483.871902025465
1,3732,1617.5571436809914
1,3733,10537.214804403864
1,3734,0.0
1,3735,1.0104122338816524e-07
1,3736,0.0
1,3737,0.0
1,3738,0.0
1,3739,1.1776137398555875e-08
1,3740,0.0
1,3741,0.0
1,3742,8552.067036248985
1,3743,693.2848204427464
1,3744,4712.137555056503
1,3745,6900.619543418565
1,3746,5678.908261194916
1,3747,3484.6301624897533
1,3748,4416.416885876322
1,3749,7702.948730099299
1,3750,17389.269406392694
1,3751,17389.269406392694
1,3752,17389.269406392694
1,3753,17389.269406392694
1,3754,17389.26940639024
1,3755,17389.269406392694
1,3756,17389.26940639019
1,3757,17389.269406392694
1,3758,17389.269406392694
1,3759,17389.269406392694
1,3760,17389.269406392694
1,3761,17389.269406303265
1,3762,17389.269406392694
1,3763,17389.269406392694
1,3764,17389.269406392694
1,3765,8994.158308418739
1,3766,0.0
1,3767,17389.269406392694
1,3768,6779.97211091916
1,3769,17389.269406392694
1,3770,17389.269406392694
1,3771,5979.994486322044
1,3772,17389.269406392694
1,3773,9337.713536995252
1,3774,17389.269406392694
1,3775,17389.269406392694
1,3776,17389.269406389638
1,3777,17389.26940638961
1,3778,17389.26940638958
1,3779,17389.269406392694
1,3780,17389.269406392694
1,3781,17389.269406389485
1,3782,17389.269406392694
1,3783,13356.175578693113
1,3784,3438.8961638564797
1,3785,0.0
1,3786,1.709850039333105e-09
1,3787,17389.269406392694
1,3788,1.7134880181401968e-09
1,3789,17389.269406392694
1,3790,17389.269406392694
1,3791,1.7062120605260134e-09
1,3792,15418.495485274398
1,3793,7261.2753880526325
1,3794,7021.529020250768
1,3795,0.0
1,3796,0.0
1,3797,9683.836990912538
1,3798,14306.188651961544
1,3799,4704.916319341675
1,3800,17389.269406392694
1,3801,17389.269406273434
1,3802,17389.269406070376
1,3803,17389.269406392694
1,3804,17389.269406392694
1,3805,1.9099388737231493e-09
1,3806,17389.269406392694
1,3807,1.7681304598227143e-07
1,3808,17389.26940623696
1,3809,1.7062120605260134e-09
1,3810,1.7207639757543802e-09
1,3811,1.7134880181401968e-09
1,3812,1.6952981241047382e-09
1,3813,1.7134880181401968e-09
1,3814,17389.269406392694
1,3815,17389.269406392694
1,3816,17389.269406392694
1,3817,17389.269406392694
1,3818,17389.269406392694
1,3819,17389.269406392694
1,3820,1.7134880181401968e-09
1,3821,1.7134880181401968e-09
1,3822,1.7134880181401968e-09
1,3823,1.7171259969472885e-09
1,3824,17389.269406392694
1,3825,1.7171259969472885e-09
1,3826,1.7171259969472885e-09
1,3827,17389.269406392694
1,3828,1.7134880181401968e-09
1,3829,17389.269406392694
1,3830,1.7171259969472885e-09
1,3831,17389.269406392694
1,3832,17389.269406392694
1,3833,17389.269406392694
1,3834,1.7134880181401968e-09
1,3835,17389.269406392694
1,3836,17389.269406392694
1,3837,17389.269406392694
1,3838,1.7134880181401968e-09
1,3839,17389.269406392694
1,3840,17389.269406392694
1,3841,17389.269406392694
1,3842,17389.269406392694
1,3843,17389.269406392694
1,3844,17389.269406392694
1,3845,1.7171259969472885e-09
1,3846,17389.269406392694
1,3847,1.7134880181401968e-09
1,3848,17389.269406392694
1,3849,17389.269406392694
1,3850,1.7134880181401968e-09
1,3851,1.7171259969472885e-09
1,3852,17389.269406392694
1,3853,17389.269406392694
1,3854,1.7134880181401968e-09
1,3855,1.7134880181401968e-09
1,3856,17389.269406392694
1,3857,17389.269406392694
1,3858,17389.269406392694
1,3859,17389.269406392694
1,3860,17389.269406392694
1,3861,17389.269406392694
1,3862,1.7134880181401968e-09
1,3863,17389.269406392694
1,3864,1.709850039333105e-09
1,3865,1.7134880181401968e-09
1,3866,17389.269406392694
1,3867,17389.269406392694
1,3868,1.7134880181401968e-09
1,3869,17389.269406392694
1,3870,1.7134880181401968e-09
1,3871,1.7171259969472885e-09
1,3872,17389.269406392694
1,3873,0.0
1,3874,8417.434544881842
1,3875,0.0
1,3876,17389.269406392694
1,3877,17389.269406392694
1,3878,11458.392186666304
1,3879,17389.269406392694
1,3880,0.0
1,3881,17389.269406392694
1,3882,1.7134880181401968e-09
1,3883,17389.269406392694
1,3884,1.7134880181401968e-09
1,3885,17389.269406392694
1,3886,1.709850039333105e-09
1,3887,0.0
1,3888,1.7325146473012865e-07
1,3889,8.70531948748976e-08
1,3890,5.831680027768016e-08
1,3891,4.3954059947282076e-08
1,3892,3.53393261320889e-08
1,3893,0.0
1,3894,1675.5917923341985
1,3895,8404.233567671903
1,3896,4749.381145766569
1,3897,17389.269406392694
1,3898,17389.269406392694
1,3899,17389.269406392694
1,3900,17389.269406392694
1,3901,17389.269406392694
1,3902,17389.2694063907
1,3903,17389.269406390686
1,3904,17389.269406390664
1,3905,17389.26940623168
1,3906,17389.269406392694
1,3907,1.6880221664905548e-09
1,3908,2423.455320614805
1,3909,1.731896190904081e-07
1,3910,0.0
1,3911,5.831316229887307e-08
1,3912,0.0
1,3913,0.0
1,3914,2.9591319616883993e-08
1,3915,2.5491317501291633e-08
1,3916,2.2442691260948777e-08
1,3917,0.0
1,3918,17389.269406392694
1,3919,17389.269406392694
1,3920,17389.26940639076
1,3921,17389.269406392694
1,3922,17389.269406392694
1,3923,17389.2694063907
1,3924,17389.269406390686
1,3925,17389.269406392694
1,3926,17389.269406390642
1,3927,17389.269406392694
1,3928,17389.269406392694
1,3929,17389.269406392694
1,3930,17389.26940622994
1,3931,1.7062120605260134e-09
1,3932,17389.269406392694
1,3933,1.7171259969472885e-09
1,3934,1.7062120605260134e-09
1,3935,1.6625563148409128e-09
1,3936,17389.269406392694
1,3937,17389.269406392694
1,3938,17389.269406392694
1,3939,17389.269406392694
1,3940,17389.269406392694
1,3941,1.7280399333685637e-09
1,3942,17389.269406392694
1,3943,1.69893610291183e-09
1,3944,1.709850039333105e-09
1,3945,1.7134880181401968e-09
1,3946,17389.269406392694
1,3947,1.648004399612546e-09
1,3948,0.0
1,3949,2314.947444770598
1,3950,2302.421615999465
1,3951,17389.269406392694
1,3952,17389.26940626523
1,3953,1.6552803572267294e-09
1,3954,1.7062120605260134e-09
1,3955,1.7134880181401968e-09
1,3956,1.7134880181401968e-09
1,3957,1.7134880181401968e-09
1,3958,1.7134880181401968e-09
1,3959,17389.269406392694
1,3960,17389.269406392694
1,3961,17389.269406392694
1,3962,17389.269406392694
1,3963,17389.269406392694
1,3964,1.709850039333105e-09
1,3965,1.7171259969472885e-09
1,3966,17389.269406392694
1,3967,17389.269406392694
1,3968,1.7134880181401968e-09
1,3969,1.7171259969472885e-09
1,3970,17389.269406392694
1,3971,1.7134880181401968e-09
1,3972,1.7134880181401968e-09
1,3973,1.7280399333685637e-09
1,3974,17389.269406392694
1,3975,1.7134880181401968e-09
1,3976,1.7171259969472885e-09
1,3977,17389.269406392694
1,3978,17389.269406392694
1,3979,17389.269406392694
1,3980,1.7134880181401968e-09
1,3981,1.7134880181401968e-09
1,3982,17389.269406392694
1,3983,1.7171259969472885e-09
1,3984,17389.269406392694
1,3985,17389.269406392694
1,3986,1.7134880181401968e-09
1,3987,17389.269406392694
1,3988,17389.269406392694
1,3989,1.7171259969472885e-09
1,3990,17389.269406392694
1,3991,17389.269406392694
1,3992,17389.269406392694
1,3993,1.7134880181401968e-09
1,3994,1.7025740817189217e-09
1,3995,14916.255427636039
1,3996,17389.269406392694
1,3997,17389.269406392694
1,3998,122.95792529842947
1,3999,0.0
1,4000,17389.269406392694
1,4001,1.7171259969472885e-09
1,4002,17389.269406392694
1,4003,17389.269406392694
1,4004,1.6625563148409128e-09
1,4005,1.7389538697898388e-09
1,4006,17389.269406392694
1,4007,1.7207639757543802e-09
1,4008,17389.269406392694
1,4009,17389.269406392694
1,4010,1.7171259969472885e-09
1,4011,1.7171259969472885e-09
1,4012,1.7134880181401968e-09
1,4013,1.6807462088763714e-09
1,4014,0.0
1,4015,1.732332748360932e-07
1,4016,6674.399039428736
1,4017,1762.513349922796
1,4018,17389.269406392694
1,4019,10000.818564964768
1,4020,17389.269406392694
1,4021,10228.539576876192
1,4022,702.10606058329
1,4023,17389.269406241245
1,4024,1.7025740817189217e-09
1,4025,17389.269406392694
1,4026,1.7280399333685637e-09
1,4027,1.673470251262188e-09
1,4028,17389.269406392694
1,4029,17389.269406392694
1,4030,1.7171259969472885e-09
1,4031,17389.269406392694
1,4032,17389.269406392694
1,4033,17389.269406392694
1,4034,1.7171259969472885e-09
1,4035,17389.269406392694
1,4036,1.7134880181401968e-09
1,4037,1.7171259969472885e-09
1,4038,1.7134880181401968e-09
1,4039,1.7134880181401968e-09
1,4040,1.709850039333105e-09
1,4041,1.7134880181401968e-09
1,4042,17389.269406392694
1,4043,17389.269406392694
1,4044,0.0
1,4045,17389.269406392694
1,4046,0.0
1,4047,1.6261765267699957e-09
1,4048,1.7134880181401968e-09
1,4049,17389.269406392694
1,4050,1.7134880181401968e-09
1,4051,1.7134880181401968e-09
1,4052,17389.269406392694
1,4053,17389.269406392694
1,4054,1.7134880181401968e-09
1,4055,1.7171259969472885e-09
1,4056,1.7171259969472885e-09
1,4057,17389.269406392694
1,4058,17389.269406392694
1,4059,1.7171259969472885e-09
1,4060,1.7134880181401968e-09
1,4061,17389.269406392694
1,4062,17389.269406392694
1,4063,17389.269406392694
1,4064,17389.269406392694
1,4065,17389.269406392694
1,4066,17389.269406392694
1,4067,1.684384187683463e-09
1,4068,1.6152625903487206e-09
1,4069,2.000888343900442e-09
1,4070,17389.269406392694
1,4071,17389.269406392694
1,4072,1.709850039333105e-09
1,4073,17389.269406392694
1,4074,17389.269406392694
1,4075,1.7062120605260134e-09
1,4076,17389.269406392694
1,4077,0.0
1,4078,0.0
1,4079,0.0
1,4080,5.8309524320065975e-08
1,4081,0.0
1,4082,512.3937584104788
1,4083,0.0
1,4084,0.0
1,4085,8286.800764133866
1,4086,14225.036991603105
1,4087,4931.938482740916
1,4088,17389.269406392694
1,4089,17389.26940639076
1,4090,17389.269406390744
1,4091,17389.269406392694
1,4092,17389.2694063907
1,4093,17389.269406390686
1,4094,17389.269406390664
1,4095,17389.269406392694
1,4096,17150.89113171078
1,4097,17389.26940623083
1,4098,0.0
1,4099,0.0
1,4100,8.703864295966923e-08
1,4101,0.0
1,4102,0.0
1,4103,0.0
1,4104,2.9591319616883993e-08
1,4105,1571.594245575512
1,4106,2990.500177536689
1,4107,0.0
1,4108,0.0
1,4109,0.0
1,4110,6360.9599118452315
1,4111,17389.269406392694
1,4112,17389.269406390722
1,4113,17389.269406392694
1,4114,17389.269406392694
1,4115,17389.269406392694
1,4116,17389.269406390642
1,4117,17389.269406392694
1,4118,17389.269406392694
1,4119,17389.269406390584
1,4120,17389.269406390562
1,4121,5222.226216533392
1,4122,0.0
1,4123,17389.269406392694
1,4124,1.7134880181401968e-09
1,4125,17389.269406392694
1,4126,17389.269406392694
1,4127,17389.269406392694
1,4128,1.7171259969472885e-09
1,4129,17389.269406392694
1,4130,0.0
1,4131,1.7321872292086482e-07
1,4132,8.703864295966923e-08
1,4133,5.832407623529434e-08
1,4134,0.0
1,4135,6753.463428239378
1,4136,0.0
1,4137,17156.611118643417
1,4138,17389.2694063451
1,4139,17389.269406328913
1,4140,17389.269406392694
1,4141,17389.269406392694
1,4142,2431.123376838241
1,4143,1.9754224922508e-09
1,4144,1.811313268262893e-07
1,4145,0.0
1,4146,1.7062120605260134e-09
1,4147,17389.269406392694
1,4148,17389.269406392694
1,4149,1.6116246115416288e-09
1,4150,578.7031277049136
1,4151,1.7311685951426625e-07
1,4152,8.701317710801959e-08
1,4153,0.0
1,4154,0.0
1,4155,0.0
1,4156,134.89446093140577
1,4157,1537.6751743012428
1,4158,0.0
1,4159,5093.494412652679
1,4160,17389.269406390802
1,4161,17389.269406392694
1,4162,17389.26940639076
1,4163,17389.269406390744
1,4164,17389.269406390722
1,4165,17389.2694063907
1,4166,17389.269406390686
1,4167,17389.269406392694
1,4168,17389.269406392694
1,4169,0.0
1,4170,1.69893610291183e-09
1,4171,17389.269406392694
1,4172,17389.269406392694
1,4173,17389.269406392694
1,4174,17389.269406392694
1,4175,0.0
1,4176,1.7321144696325064e-07
1,4177,8.703500498086214e-08
1,4178,0.0
1,4179,0.0
1,4180,3.533568815328181e-08
1,4181,2.9591319616883993e-08
1,4182,0.0
1,4183,0.0
1,4184,17389.269406392694
1,4185,17389.269406390802
1,4186,17389.269406392694
1,4187,17389.26940639076
1,4188,17389.269406392694
1,4189,17389.269406392694
1,4190,17389.269406392694
1,4191,17389.269406392694
1,4192,1013.4804057327528
1,4193,17389.269406231673
1,4194,1.709850039333105e-09
1,4195,17389.269406392694
1,4196,17389.269406392694
1,4197,17389.269406392694
1,4198,1.7134880181401968e-09
1,4199,17389.269406392694
1,4200,17389.269406392694
1,4201,17389.269406392694
1,4202,0.0
1,4203,1.7326237866654992e-07
1,4204,0.0
1,4205,0.0
1,4206,4.396861186251044e-08
1,4207,0.0
1,4208,14370.589478742384
1,4209,17389.269406392694
1,4210,17389.269406392694
1,4211,17389.269406392694
1,4212,17389.269406392694
1,4213,17389.269406392694
1,4214,17389.26940619753
1,4215,9622.731860213127
1,4216,1.8405262380838394e-07
1,4217,17389.269406234405
1,4218,1.7025740817189217e-09
1,4219,17389.269406392694
1,4220,1.6807462088763714e-09
1,4221,0.0
1,4222,1.73185981111601e-07
1,4223,0.0
1,4224,0.0
1,4225,0.0
1,4226,0.0
1,4227,4240.306688152183
1,4228,2110.5911364096846
1,4229,0.0
1,4230,0.0
1,4231,17389.269406392694
1,4232,17389.26940639078
1,4233,17389.269406392694
1,4234,17389.269406390744
1,4235,17389.269406390722
1,4236,17389.2694063907
1,4237,17389.269406392694
1,4238,17389.269406392694
1,4239,17389.269406392694
1,4240,17389.269406392694
1,4241,0.0
1,4242,17389.269406392694
1,4243,17389.269406392694
1,4244,0.0
1,4245,0.0
1,4246,8.703500498086214e-08
1,4247,0.0
1,4248,4.3954059947282076e-08
1,4249,0.0
1,4250,2.9613147489726543e-08
1,4251,2.5502231437712908e-08
1,4252,0.0
1,4253,8251.596184349884
1,4254,670.5441297707621
1,4255,12939.48253029376
1,4256,17389.269406392694
1,4257,17389.269406390744
1,4258,17389.269406392694
1,4259,17389.269406392694
1,4260,17389.269406392694
1,4261,17389.269406392694
1,4262,17389.269406392694
1,4263,17389.269406392694
1,4264,17389.2694063906
1,4265,0.0
1,4266,1.6698322724550962e-09
1,4267,0.0
1,4268,0.0
1,4269,0.0
1,4270,0.0
1,4271,4.3950421968474984e-08
1,4272,3.533568815328181e-08
1,4273,0.0
1,4274,0.0
1,4275,0.0
1,4276,261.4114628673451
1,4277,6906.261059944811
1,4278,0.0
1,4279,7432.461921483366
1,4280,17389.269406392694
1,4281,17389.269406392694
1,4282,17389.2694063907
1,4283,17389.269406392694
1,4284,17389.269406392694
1,4285,17389.269406390642
1,4286,17389.269406392694
1,4287,17389.2694063906
1,4288,12017.958984299868
1,4289,7720.975344585817
1,4290,8.381903171539307e-09
1,4291,8.072674972936511e-09
1,4292,7.785274647176266e-09
1,4293,0.0
1,4294,7.279595592990518e-09
1,4295,7.054040906950831e-09
1,4296,6.843038136139512e-09
1,4297,0.0
1,4298,0.0
1,4299,0.0
1,4300,0.0
1,4301,0.0
1,4302,5.831680027768016e-09
1,4303,0.0
1,4304,0.0
1,4305,4027.8757263389343
1,4306,14582.7832651079
1,4307,17389.269406392694
1,4308,17389.269406390118
1,4309,17389.269406392694
1,4310,17389.26940639006
1,4311,17389.269406390038
1,4312,17389.269406392694
1,4313,0.0
1,4314,0.0
1,4315,4.514731699600816e-09
1,4316,4.445610102266073e-09
1,4317,4.376488504931331e-09
1,4318,0.0
1,4319,0.0
1,4320,0.0
1,4321,0.0
1,4322,11525.11667845244
1,4323,14923.021526172819
1,4324,17389.269406392694
1,4325,17389.269406392694
1,4326,17389.269406392694
1,4327,17389.269406392694
1,4328,17389.269406392694
1,4329,17389.269406392694
1,4330,17389.269406392694
1,4331,17389.26940638945
1,4332,17389.26940638942
1,4333,17389.269406392694
1,4334,17389.269406389354
1,4335,17389.269406392694
1,4336,17389.269406392694
1,4337,17389.269406218064
1,4338,17389.269406392694
1,4339,3363.9415143922415
1,4340,3.54582880390808e-07
1,4341,1.7818092601373792e-07
1,4342,0.0
1,4343,0.0
1,4344,17389.269406392694
1,4345,17389.269406392694
1,4346,14859.437229112329
1,4347,17389.269406392694
1,4348,17389.269406392694
1,4349,17389.269406392694
1,4350,17389.26940638878
1,4351,17389.269406388736
1,4352,17389.2694063887
1,4353,17389.269406392694
1,4354,17389.26940638862
1,4355,17389.269406392694
1,4356,17389.26940638854
1,4357,17389.269406392694
1,4358,17389.269406392694
1,4359,17389.26940638841
1,4360,17389.269406388365
1,4361,17389.26940595142
1,4362,17389.269406392694
1,4363,4.4577245716936886e-07
1,4364,2.2398671717382967e-07
1,4365,0.0
1,4366,1.1311203707009554e-07
1,4367,1712.6630237615336
1,4368,9757.916343590365
1,4369,11770.983827342232
1,4370,9896.194304410355
1,4371,0.0
1,4372,0.0
1,4373,3181.8317811620946
1,4374,4241.5595113751515
1,4375,6483.671854814062
1,4376,0.0
1,4377,17389.269406392694
1,4378,11351.101647865671
1,4379,17389.269406392694
1,4380,17389.269406392694
1,4381,17389.269406392694
1,4382,17389.2694058487
1,4383,16182.365100951009
1,4384,0.0
1,4385,2.760061761364341e-07
1,4386,3.8704456528648734e-08
1,4387,3.622699296101928e-08
1,4388,0.0
1,4389,3.217064659111202e-08
1,4390,0.0
1,4391,2.898741513490677e-08
1,4392,0.0
1,4393,3495.3909669140885
1,4394,0.0
1,4395,3614.7961439434403
1,4396,0.0
1,4397,3962.749369144878
1,4398,0.0
1,4399,0.0
1,4400,17389.269406392694
1,4401,17389.269406392694
1,4402,17389.269406257295
1,4403,17389.269406392694
1,4404,17389.269406164774
1,4405,17389.26940604911
1,4406,17389.269405702067
1,4407,13623.419707893281
1,4408,6.974187272135168e-07
1,4409,2.266460796818137e-09
1,4410,2.2591848392039537e-09
1,4411,0.0
1,4412,0.0
1,4413,2.2373569663614035e-09
1,4414,0.0
1,4415,0.0
1,4416,2.219167072325945e-09
1,4417,0.0
1,4418,3234.1151104970522
1,4419,4388.094177843299
1,4420,4874.026396533231
1,4421,10187.520763971408
1,4422,3351.30125891649
1,4423,17389.269406392694
1,4424,17389.269406392694
1,4425,17389.269406384436
1,4426,17389.26940638435
1,4427,17389.269406392694
1,4428,17389.26940638418
1,4429,17389.269406392694
1,4430,17389.269406384014
1,4431,17389.269406383926
1,4432,17389.269406392694
1,4433,17389.269405938834
1,4434,17389.269406392694
1,4435,6790.964314937784
1,4436,0.0
1,4437,4.632202035281807e-07
1,4438,0.0
1,4439,0.0
1,4440,2994.5667799375697
1,4441,11938.968916347596
1,4442,16674.785274260965
1,4443,17389.269406382813
1,4444,17389.26940638271
1,4445,17389.269406392694
1,4446,17389.269406382515
1,4447,17389.269406392694
1,4448,17389.269406392694
1,4449,17389.269406392694
1,4450,17389.2694063821
1,4451,17389.269406392694
1,4452,17389.269406392694
1,4453,17389.26940638178
1,4454,17389.269406392694
1,4455,17389.26940638156
1,4456,17389.269406381445
1,4457,17389.269406381336
1,4458,17389.26940638122
1,4459,17389.269405998686
1,4460,17389.26940579864
1,4461,17389.269406392694
1,4462,17389.269406392694
1,4463,4194.450916758335
1,4464,10747.483182872547
1,4465,15149.888390066393
1,4466,15915.241911859983
1,4467,17389.269406392694
1,4468,17389.269406392694
1,4469,17389.269406392694
1,4470,17389.269406392694
1,4471,17389.269406392694
1,4472,17389.269406392694
1,4473,17389.26940637938
1,4474,17389.26940637924
1,4475,17389.26940637911
1,4476,17389.269406392694
1,4477,17389.269406378833
1,4478,17389.269406392694
1,4479,17389.269406378557
1,4480,17389.269406392694
1,4481,17389.269406378273
1,4482,17389.269405897652
1,4483,17389.269406392694
1,4484,17389.269406392694
1,4485,8206.655617711214
1,4486,0.0
1,4487,0.0
1,4488,9595.273998620694
1,4489,17389.269406392694
1,4490,17389.269406392694
1,4491,17389.269406246214
1,4492,17389.269406392694
1,4493,17389.26940637644
1,4494,17389.269406392694
1,4495,17389.269406392694
1,4496,17389.269406392694
1,4497,17389.269406392694
1,4498,17389.269406375617
1,4499,17389.269406375442
1,4500,17389.269406375268
1,4501,17389.2694063751
1,4502,17389.26940637492
1,4503,17389.269406392694
1,4504,17389.269406392694
1,4505,14972.291360200514
1,4506,0.0
1,4507,17389.269406392694
1,4508,1.7134880181401968e-09
1,4509,1.7134880181401968e-09
1,4510,17389.269406392694
1,4511,1.7062120605260134e-09
1,4512,17389.269406392694
1,4513,1.7280399333685637e-09
1,4514,17389.269406392694
1,4515,17389.269406392694
1,4516,0.0
1,4517,0.0
1,4518,8.713323040865362e-08
1,4519,144.8383652172306
1,4520,5150.792274199937
1,4521,0.0
1,4522,7466.108715269576
1,4523,17389.269406392694
1,4524,17389.269406319563
1,4525,17389.269406392694
1,4526,11193.237037287945
1,4527,17389.269406392694
1,4528,17389.269406236966
1,4529,1.7134880181401968e-09
1,4530,1.7134880181401968e-09
1,4531,1.7171259969472885e-09
1,4532,1.709850039333105e-09
1,4533,17389.269406392694
1,4534,17389.269406392694
1,4535,1.7171259969472885e-09
1,4536,17389.269406392694
1,4537,17389.269406392694
1,4538,17389.269406392694
1,4539,17389.269406392694
1,4540,17389.269406392694
1,4541,17389.269406392694
1,4542,16850.70101238674
1,4543,0.0
1,4544,8.706047083251178e-08
1,4545,0.0
1,4546,14045.370400144524
1,4547,17353.205310153367
1,4548,9358.678849557102
1,4549,17389.269406392694
1,4550,17389.269406319658
1,4551,11852.829099773673
1,4552,0.0
1,4553,9.094947017729282e-10
1,4554,17389.269406392694
1,4555,1.7134880181401968e-09
1,4556,1.7134880181401968e-09
1,4557,17389.269406392694
1,4558,1.709850039333105e-09
1,4559,17389.269406392694
1,4560,0.0
1,4561,1.732296368572861e-07
1,4562,0.0
1,4563,5.831316229887307e-08
1,4564,0.0
1,4565,0.0
1,4566,0.0
1,4567,10395.257023770779
1,4568,16815.93710219146
1,4569,10598.46459540617
1,4570,17389.26940636001
1,4571,17389.269406392694
1,4572,17389.269406343174
1,4573,17389.269406326337
1,4574,17389.269406292657
1,4575,17389.269406191615
1,4576,5878.453075749028
1,4577,0.0
1,4578,17389.269406392694
1,4579,3475.840261858677
1,4580,0.0
1,4581,0.0
1,4582,0.0
1,4583,4.3950421968474984e-08
1,4584,3.5332050174474716e-08
1,4585,0.0
1,4586,2.5491317501291633e-08
1,4587,0.0
1,4588,0.0
1,4589,0.0
1,4590,17389.269406392694
1,4591,17389.269406392694
1,4592,17389.269406390744
1,4593,17389.269406392694
1,4594,17389.269406392694
1,4595,17389.269406390686
1,4596,17389.269406390664
1,4597,17389.269406392694
1,4598,17389.269406392694
1,4599,17389.269406392694
1,4600,17389.269406390584
1,4601,10594.206965932397
1,4602,0.0
1,4603,17389.269406392694
1,4604,923.8061069199175
1,4605,0.0
1,4606,0.0
1,4607,5.8305886341258883e-08
1,4608,0.0
1,4609,3.53393261320889e-08
1,4610,9.716547975924186
1,4611,305.0665360378953
1,4612,1676.3360542673163
1,4613,0.0
1,4614,17389.269406392694
1,4615,17389.26940639078
1,4616,17389.269406392694
1,4617,17389.269406392694
1,4618,17389.269406392694
1,4619,17389.2694063907
1,4620,17389.269406390686
1,4621,17389.269406392694
1,4622,17389.269406390642
1,4623,17389.26940639062
1,4624,17389.269406392694
1,4625,17389.269406392694
1,4626,0.0
1,4627,17389.269406392694
1,4628,1.7134880181401968e-09
1,4629,17389.269406392694
1,4630,11967.329956355035
1,4631,0.0
1,4632,8.703864295966923e-08
1,4633,5.831316229887307e-08
1,4634,0.0
1,4635,0.0
1,4636,2.9591319616883993e-08
1,4637,0.0
1,4638,0.0
1,4639,4022.510610230889
1,4640,17389.269406390802
1,4641,17389.26940639078
1,4642,17389.26940639076
1,4643,17389.269406392694
1,4644,17389.269406392694
1,4645,17389.269406392694
1,4646,17389.269406392694
1,4647,17389.269406390664
1,4648,17389.269406392694
1,4649,17389.269406231175
1,4650,17389.269406392694
1,4651,1.709850039333105e-09
1,4652,17389.269406392694
1,4653,17389.269406392694
1,4654,17389.269406392694
1,4655,1.7171259969472885e-09
1,4656,1.7134880181401968e-09
1,4657,1.7134880181401968e-09
1,4658,0.0
1,4659,1.7323691281490028e-07
1,4660,8.704228093847632e-08
1,4661,0.0
1,4662,0.0
1,4663,0.0
1,4664,17389.269406392694
1,4665,17389.269406392694
1,4666,17389.269406319694
1,4667,17389.269406392694
1,4668,17389.269406392694
1,4669,17389.269406392694
1,4670,17389.269406392694
1,4671,17389.269406236977
1,4672,1.6952981241047382e-09
1,4673,1.7207639757543802e-09
1,4674,1.7171259969472885e-09
1,4675,1.6952981241047382e-09
1,4676,1.7171259969472885e-09
1,4677,17389.269406392694
1,4678,1.7171259969472885e-09
1,4679,17389.269406392694
1,4680,17389.269406392694
1,4681,17389.269406392694
1,4682,1.7134880181401968e-09
1,4683,1.7134880181401968e-09
1,4684,17389.269406392694
1,4685,1.7134880181401968e-09
1,4686,1.7171259969472885e-09
1,4687,1.7134880181401968e-09
1,4688,17389.269406392694
1,4689,1.7171259969472885e-09
1,4690,1.7134880181401968e-09
1,4691,1.7134880181401968e-09
1,4692,17389.269406392694
1,4693,1.724401954561472e-09
1,4694,1.724401954561472e-09
1,4695,1.7134880181401968e-09
1,4696,1.7134880181401968e-09
1,4697,17389.269406392694
1,4698,1.735315890982747e-09
1,4699,17389.269406392694
1,4700,1.6916601452976465e-09
1,4701,17389.269406392694
1,4702,17389.269406392694
1,4703,17389.269406392694
1,4704,1.7134880181401968e-09
1,4705,1.7171259969472885e-09
1,4706,17389.269406392694
1,4707,1.7134880181401968e-09
1,4708,17389.269406392694
1,4709,1.7171259969472885e-09
1,4710,1.7134880181401968e-09
1,4711,17389.269406392694
1,4712,17389.269406392694
1,4713,1.7171259969472885e-09
1,4714,1.7134880181401968e-09
1,4715,1.7134880181401968e-09
1,4716,17389.269406392694
1,4717,17389.269406392694
1,4718,1.7134880181401968e-09
1,4719,17389.269406392694
1,4720,1.7171259969472885e-09
1,4721,1.7171259969472885e-09
1,4722,17389.269406392694
1,4723,1.7025740817189217e-09
1,4724,17389.269406392694
1,4725,17389.269406392694
1,4726,17389.269406392694
1,4727,1.7171259969472885e-09
1,4728,17389.269406392694
1,4729,17389.269406392694
1,4730,17389.269406392694
1,4731,1.7171259969472885e-09
1,4732,1.709850039333105e-09
1,4733,0.0
1,4734,1.7323691281490028e-07
1,4735,0.0
1,4736,9178.20365874862
1,4737,7107.066822417775
1,4738,17389.269406392694
1,4739,10125.687971441603
1,4740,11224.877870850822
1,4741,17389.269406392694
1,4742,17389.269406392694
1,4743,0.0
1,4744,17389.269406392694
1,4745,17389.269406392694
1,4746,1.7389538697898388e-09
1,4747,17389.269406392694
1,4748,17389.269406392694
1,4749,17389.269406392694
1,4750,17389.269406392694
1,4751,7486.196701214674
1,4752,0.0
1,4753,0.0
1,4754,5.8309524320065975e-08
1,4755,4.3950421968474984e-08
1,4756,3.5332050174474716e-08
1,4757,0.0
1,4758,0.0
1,4759,7190.82119485693
1,4760,17389.269406392694
1,4761,17389.269406392694
1,4762,17389.26940639078
1,4763,17389.269406392694
1,4764,17389.269406392694
1,4765,17389.269406390722
1,4766,17389.2694063907
1,4767,10322.761553830274
1,4768,0.0
1,4769,17389.269406392694
1,4770,17389.269406392694
1,4771,17389.269406392694
1,4772,17389.269406392694
1,4773,17389.269406392694
1,4774,5913.576946964782
1,4775,0.0
1,4776,0.0
1,4777,5.8309524320065975e-08
1,4778,4.3950421968474984e-08
1,4779,3.5332050174474716e-08
1,4780,2.9591319616883993e-08
1,4781,2.548767952248454e-08
1,4782,8698.64908352036
1,4783,17389.269406392694
1,4784,17389.269406390802
1,4785,17389.26940639078
1,4786,17389.26940639076
1,4787,17389.269406392694
1,4788,17389.269406392694
1,4789,17389.2694063907
1,4790,17389.269406390686
1,4791,17389.269406390664
1,4792,17389.269406392694
1,4793,0.0
1,4794,1.7062120605260134e-09
1,4795,17389.269406392694
1,4796,1.7134880181401968e-09
1,4797,1.7134880181401968e-09
1,4798,1.7134880181401968e-09
1,4799,17389.269406392694
1,4800,17389.269406392694
1,4801,1.7025740817189217e-09
1,4802,0.0
1,4803,0.0
1,4804,8.703500498086214e-08
1,4805,5.831316229887307e-08
1,4806,4.395769792608917e-08
1,4807,2741.5991329386707
1,4808,0.0
1,4809,17389.269406392694
1,4810,17389.269406354422
1,4811,17389.269406392694
1,4812,17389.269406392694
1,4813,17389.269406295596
1,4814,17389.269406392694
1,4815,12681.035087472435
1,4816,17389.269406392694
1,4817,17389.2694062344
1,4818,1.7134880181401968e-09
1,4819,1.7134880181401968e-09
1,4820,17389.269406392694
1,4821,1.7134880181401968e-09
1,4822,0.0
1,4823,1.73225998878479e-07
1,4824,0.0
1,4825,0.0
1,4826,4.3954059947282076e-08
1,4827,3.533568815328181e-08
1,4828,2.9591319616883993e-08
1,4829,2.5491317501291633e-08
1,4830,3707.286161840999
1,4831,0.0
1,4832,17389.269406392694
1,4833,17389.269406392694
1,4834,17389.26940639076
1,4835,17389.269406392694
1,4836,17389.269406390722
1,4837,17389.2694063907
1,4838,17389.269406392694
1,4839,17389.269406390664
1,4840,13387.965192474709
1,4841,0.0
1,4842,1.7025740817189217e-09
1,4843,1.709850039333105e-09
1,4844,1.7134880181401968e-09
1,4845,1.7134880181401968e-09
1,4846,17389.269406392694
1,4847,0.0
1,4848,0.0
1,4849,8.703864295966923e-08
1,4850,0.0
1,4851,0.0
1,4852,0.0
1,4853,0.0
1,4854,2170.4176665101586
1,4855,15428.124506085922
1,4856,17389.269406392694
1,4857,17389.269406390802
1,4858,17389.269406392694
1,4859,17389.26940639076
1,4860,17389.269406390744
1,4861,17389.269406390722
1,4862,17389.269406392694
1,4863,17389.269406392694
1,4864,8098.5181076504305
1,4865,0.0
1,4866,1.7062120605260134e-09
1,4867,1.7134880181401968e-09
1,4868,1.7134880181401968e-09
1,4869,1.7134880181401968e-09
1,4870,17389.269406392694
1,4871,17389.269406392694
1,4872,17389.269406392694
1,4873,0.0
1,4874,1.7320780898444355e-07
1,4875,8.703500498086214e-08
1,4876,5.8309524320065975e-08
1,4877,0.0
1,4878,0.0
1,4879,2698.0969589417728
1,4880,17389.269406392694
1,4881,17389.26940639084
1,4882,17389.269406392694
1,4883,17389.269406390802
1,4884,17389.26940639078
1,4885,17389.26940639076
1,4886,17389.269406392694
1,4887,15162.183773089731
1,4888,0.0
1,4889,17389.269406392694
1,4890,17389.269406392694
1,4891,17389.269406392694
1,4892,17389.269406392694
1,4893,1.7134880181401968e-09
1,4894,17389.269406392694
1,4895,1.7171259969472885e-09
1,4896,1.7171259969472885e-09
1,4897,17389.269406392694
1,4898,1.7171259969472885e-09
1,4899,1.6952981241047382e-09
1,4900,5112.812211439526
1,4901,1.7321508494205773e-07
1,4902,0.0
1,4903,0.0
1,4904,3144.5977617664703
1,4905,17389.269406392694
1,4906,17389.269406392694
1,4907,17389.269406392694
1,4908,17389.269406392694
1,4909,17389.269406392694
1,4910,17389.269406068353
1,4911,4.5090928324498236e-07
1,4912,17389.269406237057
1,4913,17389.269406392694
1,4914,17389.269406392694
1,4915,1.7134880181401968e-09
1,4916,17389.269406392694
1,4917,0.0
1,4918,0.0
1,4919,0.0
1,4920,5.831316229887307e-08
1,4921,0.0
1,4922,0.0
1,4923,0.0
1,4924,0.0
1,4925,2116.8106029888604
1,4926,10572.810913138059
1,4927,17389.269406392694
1,4928,17389.26940639078
1,4929,17389.26940639076
1,4930,17389.269406390744
1,4931,17389.269406390722
1,4932,17389.2694063907
1,4933,17389.269406392694
1,4934,17389.269406392694
1,4935,17389.269406392694
1,4936,17389.26940639062
1,4937,0.0
1,4938,17389.269406392694
1,4939,17389.269406392694
1,4940,1.7134880181401968e-09
1,4941,1.7134880181401968e-09
1,4942,1.709850039333105e-09
1,4943,0.0
1,4944,1.73225998878479e-07
1,4945,8.704228093847632e-08
1,4946,0.0
1,4947,0.0
1,4948,0.0
1,4949,6163.304219467447
1,4950,0.0
1,4951,6500.539163038269
1,4952,12955.07798556338
1,4953,17389.269406392694
1,4954,17389.269406392694
1,4955,17389.26940639076
1,4956,17389.269406392694
1,4957,17389.269406392694
1,4958,17389.269406392694
1,4959,17389.269406390686
1,4960,17389.269406392694
1,4961,0.0
1,4962,1.673470251262188e-09
1,4963,3081.6764988983996
1,4964,1.731896190904081e-07
1,4965,0.0
1,4966,5.8309524320065975e-08
1,4967,0.0
1,4968,0.0
1,4969,5731.215217382696
1,4970,8799.16609771774
1,4971,7523.626693659546
1,4972,6336.7692938983055
1,4973,7589.737703080884
1,4974,0.0
1,4975,3453.437111816267
1,4976,12253.302714073812
1,4977,17389.269406392694
1,4978,17389.2694063907
1,4979,17389.269406392694
1,4980,17389.269406390664
1,4981,17389.269406392694
1,4982,17389.26940639062
1,4983,17389.2694063906
1,4984,17389.269406392694
1,4985,1472.6626088434568
1,4986,0.0
1,4987,0.0
1,4988,7.785274647176266e-09
1,4989,7.523340173065662e-09
1,4990,7.279595592990518e-09
1,4991,0.0
1,4992,6.843038136139512e-09
1,4993,0.0
1,4994,0.0
1,4995,0.0
1,4996,0.0
1,4997,0.0
1,4998,0.0
1,4999,13357.152518367213
1,5000,7292.452044128349
1,5001,17389.269406392694
1,5002,17389.269406392694
1,5003,17389.269406392694
1,5004,17389.269406390118
1,5005,17389.26940639009
1,5006,17389.26940639006
1,5007,17389.269406392694
1,5008,17389.26940612168
1,5009,5788.573240577029
1,5010,2.737469912972301e-07
1,5011,1.3755197869613767e-07
1,5012,9.216091712005436e-08
1,5013,0.0
1,5014,0.0
1,5015,0.0
1,5016,0.0
1,5017,13164.735828959158
1,5018,14113.367375751808
1,5019,15157.66219539345
1,5020,0.0
1,5021,2348.6630563905564
1,5022,5651.372274542693
1,5023,17389.26940638958
1,5024,17389.269406392694
1,5025,17389.269406392694
1,5026,17389.269406392694
1,5027,17389.26940638945
1,5028,17389.26940638942
1,5029,17389.269406389383
1,5030,17389.269406389354
1,5031,17389.269406392694
1,5032,17389.269406392694
1,5033,17389.269406218093
1,5034,17389.269406392694
1,5035,9338.396316158325
1,5036,0.0
1,5037,1.7816273611970246e-07
1,5038,0.0
1,5039,0.0
1,5040,7594.330950752552
1,5041,11030.571816115893
1,5042,0.0
1,5043,12655.521740331384
1,5044,12415.272576569001
1,5045,13806.561749263952
1,5046,5537.057864745002
1,5047,17389.269406388736
1,5048,17389.2694063887
1,5049,17389.269406392694
1,5050,17389.26940638862
1,5051,17389.269406392694
1,5052,17389.269406392694
1,5053,17389.269406392694
1,5054,17389.269406388452
1,5055,17389.26940638841
1,5056,17389.269406388365
1,5057,17389.269406224117
1,5058,1.6334524843841791e-09
1,5059,1.709850039333105e-09
1,5060,1.7171259969472885e-09
1,5061,17389.269406392694
1,5062,17389.269406392694
1,5063,3014.1815398717736
1,5064,0.0
1,5065,8.708593668416142e-08
1,5066,0.0
1,5067,0.0
1,5068,3.5350240068510175e-08
1,5069,0.0
1,5070,0.0
1,5071,0.0
1,5072,17389.269406390817
1,5073,17389.269406392694
1,5074,17389.269406392694
1,5075,17389.26940639076
1,5076,17389.269406390744
1,5077,17389.269406390722
1,5078,17389.269406392694
1,5079,17389.269406390686
1,5080,6401.462427326551
1,5081,17389.269406231673
1,5082,17389.269406392694
1,5083,1.7134880181401968e-09
1,5084,1.7134880181401968e-09
1,5085,17389.269406392694
1,5086,16716.324817274734
1,5087,1.7328056856058538e-07
1,5088,0.0
1,5089,5.832043825648725e-08
1,5090,4.3954059947282076e-08
1,5091,3.53393261320889e-08
1,5092,0.0
1,5093,2.5491317501291633e-08
1,5094,0.0
1,5095,17389.269406392694
1,5096,17389.269406392694
1,5097,17389.26940639078
1,5098,17389.269406392694
1,5099,17389.269406390744
1,5100,17389.269406392694
1,5101,17389.2694063907
1,5102,17389.269406392694
1,5103,17389.269406392694
1,5104,17389.26940623171
1,5105,17389.269406392694
1,5106,1.7134880181401968e-09
1,5107,17389.269406392694
1,5108,1.7134880181401968e-09
1,5109,1.7171259969472885e-09
1,5110,1.7134880181401968e-09
1,5111,1.709850039333105e-09
1,5112,0.0
1,5113,11291.950635377678
1,5114,0.0
1,5115,0.0
1,5116,14788.966554397848
1,5117,12892.772389669226
1,5118,0.0
1,5119,833.4389740952938
1,5120,4311.385812795226
1,5121,7555.534245281349
1,5122,8424.545670634921
1,5123,17389.269406392694
1,5124,1.939042704179883e-09
1,5125,17389.269406392694
1,5126,1.9972503650933504e-09
1,5127,1.7675847630016506e-07
1,5128,0.0
1,5129,17389.269406392694
1,5130,1.7171259969472885e-09
1,5131,1.709850039333105e-09
1,5132,1.709850039333105e-09
1,5133,1.7134880181401968e-09
1,5134,17389.269406392694
1,5135,1.7171259969472885e-09
1,5136,1.7134880181401968e-09
1,5137,17389.269406392694
1,5138,1.7171259969472885e-09
1,5139,1.7134880181401968e-09
1,5140,1.7134880181401968e-09
1,5141,17389.269406392694
1,5142,1.7171259969472885e-09
1,5143,17389.269406392694
1,5144,17389.269406392694
1,5145,17389.269406392694
1,5146,13649.561357583836
1,5147,0.0
1,5148,17389.269406392694
1,5149,17389.269406392694
1,5150,0.0
1,5151,1.673470251262188e-09
1,5152,1.7134880181401968e-09
1,5153,1.7134880181401968e-09
1,5154,1.7134880181401968e-09
1,5155,17389.269406392694
1,5156,17389.269406392694
1,5157,17389.269406392694
1,5158,17389.269406392694
1,5159,17389.269406392694
1,5160,17389.269406392694
1,5161,1.7171259969472885e-09
1,5162,1.7134880181401968e-09
1,5163,17389.269406392694
1,5164,17389.269406392694
1,5165,17389.269406392694
1,5166,1.7134880181401968e-09
1,5167,17389.269406392694
1,5168,17389.269406392694
1,5169,1.69893610291183e-09
1,5170,17389.269406392694
1,5171,1.6661942936480045e-09
1,5172,1.760781742632389e-09
1,5173,17389.269406392694
1,5174,17389.269406392694
1,5175,1.709850039333105e-09
1,5176,1.7134880181401968e-09
1,5177,1.7171259969472885e-09
1,5178,17389.269406392694
1,5179,17389.269406392694
1,5180,17389.269406392694
1,5181,17389.269406392694
1,5182,1.7207639757543802e-09
1,5183,17389.269406392694
1,5184,13370.068451398502
1,5185,1.73225998878479e-07
1,5186,0.0
1,5187,5.831316229887307e-08
1,5188,4.3950421968474984e-08
1,5189,0.0
1,5190,2.9591319616883993e-08
1,5191,0.0
1,5192,17389.269406392694
1,5193,17389.269406392694
1,5194,17389.269406392694
1,5195,17389.269406392694
1,5196,17389.26940639076
1,5197,17389.269406390744
1,5198,17389.269406392694
1,5199,17389.269406392694
1,5200,4599.311767326497
1,5201,0.0
1,5202,1.6916601452976465e-09
1,5203,3059.302837057927
1,5204,1.731896190904081e-07
1,5205,8.702772902324796e-08
1,5206,0.0
1,5207,4.3950421968474984e-08
1,5208,3.53393261320889e-08
1,5209,3727.4186479430155
1,5210,0.0
1,5211,0.0
1,5212,0.0
1,5213,12869.312889596136
1,5214,1829.746212650498
1,5215,12226.712497619275
1,5216,17389.269406390744
1,5217,17389.269406392694
1,5218,17389.269406392694
1,5219,17389.269406392694
1,5220,17389.269406392694
1,5221,17389.269406390642
1,5222,17389.26940639062
1,5223,17389.2694063906
1,5224,17389.269406392694
1,5225,17389.269406229938
1,5226,1.7134880181401968e-09
1,5227,1.7134880181401968e-09
1,5228,17389.269406392694
1,5229,17389.269406392694
1,5230,17389.269406392694
1,5231,1.6880221664905548e-09
1,5232,0.0
1,5233,103.26362363500812
1,5234,2092.8116017014618
1,5235,0.0
1,5236,4.395769792608917e-08
1,5237,0.0
1,5238,0.0
1,5239,0.0
1,5240,7870.747984218793
1,5241,17389.269406390817
1,5242,17389.269406392694
1,5243,17389.26940639078
1,5244,17389.269406392694
1,5245,17389.269406392694
1,5246,17389.269406390722
1,5247,17389.2694063907
1,5248,0.0
1,5249,17389.269406392694
1,5250,17389.269406392694
1,5251,1.709850039333105e-09
1,5252,17389.269406392694
1,5253,17389.269406392694
1,5254,0.0
1,5255,0.0
1,5256,8.703864295966923e-08
1,5257,5.831316229887307e-08
1,5258,4.3950421968474984e-08
1,5259,0.0
1,5260,0.0
1,5261,0.0
1,5262,3745.2849269690378
1,5263,4397.582032201841
1,5264,17389.269406390802
1,5265,17389.269406392694
1,5266,17389.269406392694
1,5267,17389.269406392694
1,5268,17389.269406392694
1,5269,17389.2694063907
1,5270,17389.269406390686
1,5271,17389.269406392694
1,5272,10251.240849681242
1,5273,17389.26940623117
1,5274,17389.269406392694
1,5275,1.709850039333105e-09
1,5276,17389.269406392694
1,5277,17389.269406392694
1,5278,15125.336419770489
1,5279,1.732332748360932e-07
1,5280,0.0
1,5281,5.831316229887307e-08
1,5282,0.0
1,5283,0.0
1,5284,0.0
1,5285,2.548767952248454e-08
1,5286,0.0
1,5287,4464.006900642591
1,5288,17389.269406390802
1,5289,17389.269406392694
1,5290,17389.269406392694
1,5291,17389.269406390744
1,5292,17389.269406390722
1,5293,17389.269406392694
1,5294,17389.269406392694
1,5295,17389.269406390664
1,5296,7692.291354518071
1,5297,17389.269406231168
1,5298,1.7062120605260134e-09
1,5299,1.709850039333105e-09
1,5300,17389.269406392694
1,5301,1.7134880181401968e-09
1,5302,1.7134880181401968e-09
1,5303,17389.269406392694
1,5304,1.7134880181401968e-09
1,5305,1.7171259969472885e-09
1,5306,17389.269406392694
1,5307,0.0
1,5308,0.0
1,5309,0.0
1,5310,6.744085112586617e-08
1,5311,0.0
1,5312,6136.883502575551
1,5313,4245.041216102243
1,5314,17389.269406392694
1,5315,17389.269406392694
1,5316,17389.269406297903
1,5317,17389.269406202166
1,5318,17389.269406392694
1,5319,17389.269406392694
1,5320,17389.26940623699
1,5321,1.684384187683463e-09
1,5322,17389.269406392694
1,5323,1.7134880181401968e-09
1,5324,17389.269406392694
1,5325,1.7134880181401968e-09
1,5326,1.7171259969472885e-09
1,5327,1.7025740817189217e-09
1,5328,10286.6191840693
1,5329,1.7354614101350307e-07
1,5330,0.0
1,5331,0.0
1,5332,1106.0029238954703
1,5333,3.536479198373854e-08
1,5334,2402.0582562126438
1,5335,0.0
1,5336,3970.0425565876612
1,5337,17389.269406392694
1,5338,17389.269406390802
1,5339,17389.269406392694
1,5340,17389.269406392694
1,5341,17389.269406390744
1,5342,17389.269406390722
1,5343,17389.269406392694
1,5344,17389.269406232917
1,5345,1.6589183360338211e-09
1,5346,17389.269406392694
1,5347,1.7134880181401968e-09
1,5348,1.4806573744863272e-09
1,5349,0.0
1,5350,1.7303318600170314e-07
1,5351,0.0
1,5352,0.0
1,5353,0.0
1,5354,0.0
1,5355,0.0
1,5356,8248.253923344177
1,5357,5547.965701704094
1,5358,6640.977519862638
1,5359,0.0
1,5360,17389.269406392694
1,5361,17389.269406392694
1,5362,17389.269406390744
1,5363,17389.269406392694
1,5364,17389.269406392694
1,5365,17389.269406392694
1,5366,17389.269406392694
1,5367,17389.269406390642
1,5368,17389.269406392694
1,5369,0.0
1,5370,1.709850039333105e-09
1,5371,1.709850039333105e-09
1,5372,1.7171259969472885e-09
1,5373,17389.269406392694
1,5374,17389.269406392694
1,5375,1.69893610291183e-09
1,5376,17389.269406392694
1,5377,17389.269406392694
1,5378,1.7171259969472885e-09
1,5379,1.709850039333105e-09
1,5380,17389.269406392694
1,5381,1.7171259969472885e-09
1,5382,1.69893610291183e-09
1,5383,8755.748529614006
1,5384,3133.769930889848
1,5385,0.0
1,5386,1841.8215427914074
1,5387,17389.269406392694
1,5388,11558.566413420784
1,5389,8810.957003673306
1,5390,0.0
1,5391,17389.269406392694
1,5392,1.7134880181401968e-09
1,5393,17389.269406392694
1,5394,17389.269406392694
1,5395,1.7134880181401968e-09
1,5396,1.7171259969472885e-09
1,5397,17389.269406392694
1,5398,17389.269406392694
1,5399,17389.269406392694
1,5400,1.7171259969472885e-09
1,5401,1.709850039333105e-09
1,5402,1.724401954561472e-09
1,5403,1.7207639757543802e-09
1,5404,17389.269406392694
1,5405,17389.269406392694
1,5406,1.709850039333105e-09
1,5407,17389.269406392694
1,5408,17389.269406392694
1,5409,1.7134880181401968e-09
1,5410,17389.269406392694
1,5411,0.0
1,5412,17216.696377041633
1,5413,17389.269406392694
1,5414,17389.26940627984
1,5415,1.4406396076083183e-09
1,5416,17389.269406392694
1,5417,1.7171259969472885e-09
1,5418,1.7171259969472885e-09
1,5419,1.69893610291183e-09
1,5420,17389.269406392694
1,5421,17389.269406392694
1,5422,1.7134880181401968e-09
1,5423,1.7171259969472885e-09
1,5424,17389.269406392694
1,5425,1.6952981241047382e-09
1,5426,0.0
1,5427,1.7320417100563645e-07
1,5428,0.0
1,5429,0.0
1,5430,4.395769792608917e-08
1,5431,6043.589095739428
1,5432,16098.10529565344
1,5433,17389.269406392694
1,5434,17389.26940635443
1,5435,17389.26940634463
1,5436,17389.26940632828
1,5437,17389.26940629559
1,5438,17389.26940619751
1,5439,2909.0626910421306
1,5440,0.0
1,5441,17389.269406392694
1,5442,1.7134880181401968e-09
1,5443,17389.269406392694
1,5444,1.7134880181401968e-09
1,5445,1.709850039333105e-09
1,5446,0.0
1,5447,0.0
1,5448,0.0
1,5449,0.0
1,5450,0.0
1,5451,3.533568815328181e-08
1,5452,2.9591319616883993e-08
1,5453,0.0
1,5454,0.0
1,5455,663.2717677518922
1,5456,17389.269406390802
1,5457,17389.26940639078
1,5458,17389.269406392694
1,5459,17389.269406392694
1,5460,17389.269406390722
1,5461,17389.2694063907
1,5462,17389.269406390686
1,5463,17389.269406392694
1,5464,12048.424150471368
1,5465,0.0
1,5466,17389.269406392694
1,5467,1.7062120605260134e-09
1,5468,1.7134880181401968e-09
1,5469,1.7171259969472885e-09
1,5470,17389.269406392694
1,5471,1.7134880181401968e-09
1,5472,17389.269406392694
1,5473,17389.269406392694
1,5474,17389.269406392694
1,5475,1.7134880181401968e-09
1,5476,17389.269406392694
1,5477,1.7171259969472885e-09
1,5478,1.7134880181401968e-09
1,5479,17389.269406392694
1,5480,1.7134880181401968e-09
1,5481,1.7171259969472885e-09
1,5482,16867.445048204347
1,5483,11176.828295642505
1,5484,3234.5586855699003
1,5485,3608.043062851415
1,5486,17389.26940626518
1,5487,1.7062120605260134e-09
1,5488,1.7134880181401968e-09
1,5489,1.7134880181401968e-09
1,5490,17389.269406392694
1,5491,17389.269406392694
1,5492,17389.269406392694
1,5493,1.7134880181401968e-09
1,5494,17389.269406392694
1,5495,1.7171259969472885e-09
1,5496,17389.269406392694
1,5497,17389.269406392694
1,5498,1.7134880181401968e-09
1,5499,1.7171259969472885e-09
1,5500,1.7134880181401968e-09
1,5501,17389.269406392694
1,5502,1.684384187683463e-09
1,5503,2224.1371761342325
1,5504,1.732223608996719e-07
1,5505,12712.805523055058
1,5506,17389.269406392694
1,5507,17389.269406392694
1,5508,10288.586519925757
1,5509,11885.806024217742
1,5510,6285.93550509659
1,5511,17389.26940624368
1,5512,17389.269406392694
1,5513,17389.269406392694
1,5514,1.6880221664905548e-09
1,5515,17389.269406392694
1,5516,17389.269406392694
1,5517,17389.269406392694
1,5518,17389.269406392694
1,5519,1.7171259969472885e-09
1,5520,1.7134880181401968e-09
1,5521,0.0
1,5522,0.0
1,5523,0.0
1,5524,5.831316229887307e-08
1,5525,0.0
1,5526,0.0
1,5527,0.0
1,5528,17389.269406392694
1,5529,17389.269406392694
1,5530,17389.269406390817
1,5531,17389.269406390802
1,5532,17389.26940639078
1,5533,17389.26940639076
1,5534,17389.269406390744
1,5535,17389.269406392694
1,5536,17389.26940623359
1,5537,17389.269406392694
1,5538,17389.269406392694
1,5539,1.7062120605260134e-09
1,5540,17389.269406392694
1,5541,1.709850039333105e-09
1,5542,1.7171259969472885e-09
1,5543,1.7171259969472885e-09
1,5544,1.7171259969472885e-09
1,5545,17389.269406392694
1,5546,1.7134880181401968e-09
1,5547,1.709850039333105e-09
1,5548,8570.536736009099
1,5549,1.7320780898444355e-07
1,5550,0.0
1,5551,0.0
1,5552,4.3950421968474984e-08
1,5553,13573.703661895572
1,5554,17389.26940635186
1,5555,17389.269406340278
1,5556,17389.269406392694
1,5557,17389.269406392694
1,5558,17389.269406068273
1,5559,4.507564881350845e-07
1,5560,17389.269406236963
1,5561,17389.269406392694
1,5562,1.7062120605260134e-09
1,5563,17389.269406392694
1,5564,17389.269406392694
1,5565,1.7134880181401968e-09
1,5566,1.7171259969472885e-09
1,5567,17389.269406392694
1,5568,1.709850039333105e-09
1,5569,1.7062120605260134e-09
1,5570,0.0
1,5571,0.0
1,5572,0.0
1,5573,2701.2178978432257
1,5574,0.0
1,5575,0.0
1,5576,16090.17439724021
1,5577,17389.269406392694
1,5578,17389.269406392694
1,5579,17389.269406392694
1,5580,17389.26940606981
1,5581,2.80961103271693e-07
1,5582,2.3392203729599714e-09
1,5583,1.7642014427110553e-07
1,5584,0.0
1,5585,0.0
1,5586,0.0
1,5587,5.8269506553187966e-08
1,5588,0.0
1,5589,0.0
1,5590,2.9580405680462718e-08
1,5591,2.548767952248454e-08
1,5592,8908.430307615185
1,5593,13792.643939732312
1,5594,16670.244803362948
1,5595,17389.269406392694
1,5596,17389.269406392694
1,5597,0.0
1,5598,17389.269406392694
1,5599,17389.269406392694
1,5600,17389.269406392694
1,5601,17389.269406392694
1,5602,15155.67971820835
1,5603,13840.827445754705
1,5604,17389.269406392694
1,5605,17389.26940632083
1,5606,17389.269406392694
1,5607,17389.269406392694
1,5608,15244.364284660136
1,5609,0.0
1,5610,7.523340173065662e-09
1,5611,7.279595592990518e-09
1,5612,0.0
1,5613,0.0
1,5614,6.642949301749468e-09
1,5615,0.0
1,5616,6.290065357461572e-09
1,5617,1125.7496084215636
1,5618,0.0
1,5619,0.0
1,5620,11590.790296953226
1,5621,134.95162479950886
1,5622,17389.269406392694
1,5623,17389.26940639017
1,5624,17389.269406392694
1,5625,17389.269406390118
1,5626,17389.26940639009
1,5627,17389.26940639006
1,5628,17389.269406390038
1,5629,17389.269406392694
1,5630,17389.26940638998
1,5631,17389.269406392694
1,5632,17389.269406392694
1,5633,17389.269406392694
1,5634,17389.269406392694
1,5635,17389.269406392694
1,5636,0.0
1,5637,0.0
1,5638,0.0
1,5639,0.0
1,5640,0.0
1,5641,17389.269406392694
1,5642,3141.1641513295144
1,5643,17389.269406392694
1,5644,0.0
1,5645,11081.150206850087
1,5646,11128.09632218379
1,5647,0.0
1,5648,17389.269406392694
1,5649,17389.269406392694
1,5650,17389.269406392694
1,5651,17389.269406389354
1,5652,17389.269406389318
1,5653,17389.269406392694
1,5654,17389.269406392694
1,5655,17389.269406389216
1,5656,6775.941570933359
1,5657,8982.514732371152
1,5658,1.7317506717517972e-07
1,5659,8.702409104444087e-08
1,5660,0.0
1,5661,4.394678398966789e-08
1,5662,0.0
1,5663,0.0
1,5664,0.0
1,5665,3089.637460482747
1,5666,0.0
1,5667,0.0
1,5668,4.660905688069761e-07
1,5669,0.0
1,5670,0.0
1,5671,7070.04785748195
1,5672,17389.269406392694
1,5673,17389.269406392694
1,5674,17389.269406392694
1,5675,17389.269406392694
1,5676,17389.269406392694
1,5677,2.092674549203366e-07
1,5678,0.0
1,5679,7.044218364171684e-08
1,5680,8.381903171539307e-09
1,5681,0.0
1,5682,7.785274647176266e-09
1,5683,0.0
1,5684,7.279595592990518e-09
1,5685,0.0
1,5686,6.843038136139512e-09
1,5687,2119.0180953849376
1,5688,10380.012274014565
1,5689,0.0
1,5690,0.0
1,5691,9541.435166295632
1,5692,0.0
1,5693,1702.1819136254271
1,5694,890.8185236525096
1,5695,6918.802943910716
1,5696,0.0
1,5697,9943.612638652703
1,5698,17389.269406392694
1,5699,17389.26940639009
1,5700,17389.26940639006
1,5701,17389.269406392694
1,5702,17389.26940639001
1,5703,17389.269406392694
1,5704,17389.269406389958
1,5705,17389.26940638993
1,5706,17389.2694063899
1,5707,17389.269406392694
1,5708,17389.26940638984
1,5709,17389.26940638982
1,5710,17389.269406392694
1,5711,17389.269406392694
1,5712,17389.269406389732
1,5713,17389.269406389703
1,5714,17389.269406389667
1,5715,17389.269406392694
1,5716,17389.269406392694
1,5717,17389.26940638958
1,5718,17389.269406392694
1,5719,17389.269406392694
1,5720,17389.269406389485
1,5721,17389.26940638945
1,5722,17389.269406392694
1,5723,17389.269406389383
1,5724,17389.269406392694
1,5725,17389.269406389318
1,5726,17389.26940638929
1,5727,17389.269406389252
1,5728,17389.269406389216
1,5729,17389.269406214586
1,5730,17389.269406392694
1,5731,17389.269406392694
1,5732,6765.563499499845
1,5733,0.0
1,5734,16460.132795709484
1,5735,17389.269406392694
1,5736,15090.3604395605
1,5737,17389.269406392694
1,5738,15891.699915954847
1,5739,17389.269406392694
1,5740,8413.226412442753
1,5741,17389.269406392694
1,5742,11635.302880287338
1,5743,6866.106865594073
1,5744,14895.690655182725
1,5745,6629.877944836317
1,5746,17389.269406392694
1,5747,4.129105946049094e-09
1,5748,4.0490704122930765e-09
1,5749,17389.269406392694
1,5750,17389.26940622421
1,5751,17389.269406392694
1,5752,1.7171259969472885e-09
1,5753,1.709850039333105e-09
1,5754,1.709850039333105e-09
1,5755,1.709850039333105e-09
1,5756,1.7171259969472885e-09
1,5757,17389.269406392694
1,5758,1.7134880181401968e-09
1,5759,1.69893610291183e-09
1,5760,0.0
1,5761,0.0
1,5762,0.0
1,5763,14690.262249478199
1,5764,0.0
1,5765,12816.094819109641
1,5766,0.0
1,5767,14491.971531229601
1,5768,6184.927034048782
1,5769,17389.269406392694
1,5770,17389.269406392694
1,5771,17389.269406392694
1,5772,17389.269406392694
1,5773,17389.269406392694
1,5774,17389.269406392694
1,5775,17389.269406236977
1,5776,17389.269406392694
1,5777,17389.269406392694
1,5778,1.7062120605260134e-09
1,5779,17389.269406392694
1,5780,17389.269406392694
1,5781,17389.269406392694
1,5782,1.7171259969472885e-09
1,5783,1.7171259969472885e-09
1,5784,17389.269406392694
1,5785,17389.269406392694
1,5786,1.7134880181401968e-09
1,5787,1.7171259969472885e-09
1,5788,1.7134880181401968e-09
1,5789,17389.269406392694
1,5790,0.0
1,5791,8625.101798542028
1,5792,14163.374557962386
1,5793,17389.269406392694
1,5794,8938.073593369445
1,5795,17389.269406392694
1,5796,5063.502593920031
1,5797,3306.697049292503
1,5798,0.0
1,5799,1.5243131201714277e-09
1,5800,17389.269406392694
1,5801,1.7171259969472885e-09
1,5802,1.7134880181401968e-09
1,5803,1.709850039333105e-09
1,5804,17389.269406392694
1,5805,17389.269406392694
1,5806,1.7171259969472885e-09
1,5807,17389.269406392694
1,5808,17389.269406392694
1,5809,17389.269406392694
1,5810,17389.269406392694
1,5811,17389.269406392694
1,5812,17389.269406392694
1,5813,1.7171259969472885e-09
1,5814,17389.269406392694
1,5815,1.709850039333105e-09
1,5816,17389.269406392694
1,5817,1.7171259969472885e-09
1,5818,17389.269406392694
1,5819,1.709850039333105e-09
1,5820,17389.269406392694
1,5821,1.7280399333685637e-09
1,5822,1.709850039333105e-09
1,5823,1.7171259969472885e-09
1,5824,1.7134880181401968e-09
1,5825,1.7171259969472885e-09
1,5826,17389.269406392694
1,5827,1.7171259969472885e-09
1,5828,17389.269406392694
1,5829,1.7134880181401968e-09
1,5830,1.7171259969472885e-09
1,5831,1.7134880181401968e-09
1,5832,17389.269406392694
1,5833,17389.269406392694
1,5834,17389.269406392694
1,5835,1.7134880181401968e-09
1,5836,17389.269406392694
1,5837,17389.269406392694
1,5838,17389.269406392694
1,5839,17389.269406392694
1,5840,1.7134880181401968e-09
1,5841,1.709850039333105e-09
1,5842,17389.269406392694
1,5843,1.5352270565927029e-09
1,5844,0.0
1,5845,17389.269406392694
1,5846,17389.269406308158
1,5847,1.7062120605260134e-09
1,5848,17389.269406392694
1,5849,1.8444552551954985e-09
1,5850,17389.269406392694
1,5851,17389.269406392694
1,5852,17389.269406392694
1,5853,1.8480932340025902e-09
1,5854,1.735315890982747e-09
1,5855,1.7207639757543802e-09
1,5856,17389.269406392694
1,5857,17389.269406392694
1,5858,17389.269406392694
1,5859,17389.269406392694
1,5860,1.6880221664905548e-09
1,5861,0.0
1,5862,1.731787051539868e-07
1,5863,8.702772902324796e-08
1,5864,5.8309524320065975e-08
1,5865,11954.317277200247
1,5866,11206.74408071109
1,5867,17389.269406392694
1,5868,17389.269406392694
1,5869,17389.269406319643
1,5870,13392.35675224218
1,5871,17389.269406239353
1,5872,1.6807462088763714e-09
1,5873,17389.269406392694
1,5874,17389.269406392694
1,5875,1.6261765267699957e-09
1,5876,17389.269406392694
1,5877,17389.269406392694
1,5878,17389.269406392694
1,5879,17389.269406392694
1,5880,1.7171259969472885e-09
1,5881,1.7134880181401968e-09
1,5882,17389.269406392694
1,5883,1.7134880181401968e-09
1,5884,1.7171259969472885e-09
1,5885,1.7134880181401968e-09
1,5886,16133.200943416057
1,5887,1.7325146473012865e-07
1,5888,2719.6951925062003
1,5889,17389.269406392694
1,5890,10249.565318258235
1,5891,17389.269406392694
1,5892,8489.132807425754
1,5893,3982.426584926212
1,5894,17389.26940624363
1,5895,17389.269406392694
1,5896,17389.269406392694
1,5897,1.7571437638252974e-09
1,5898,17389.269406392694
1,5899,17389.269406392694
1,5900,17389.269406392694
1,5901,17389.269406392694
1,5902,17389.269406392694
1,5903,1.7134880181401968e-09
1,5904,1.7171259969472885e-09
1,5905,17389.269406392694
1,5906,17389.269406392694
1,5907,13665.37367016893
1,5908,0.0
1,5909,0.0
1,5910,5.8309524320065975e-08
1,5911,0.0
1,5912,3.533568815328181e-08
1,5913,9173.113936850705
1,5914,11349.361261654507
1,5915,17389.269406392694
1,5916,17389.26940638929
1,5917,17389.269406389223
1,5918,17389.269406392694
1,5919,17389.269406392694
1,5920,2952.093036548482
1,5921,0.0
1,5922,1.7062120605260134e-09
1,5923,1.7134880181401968e-09
1,5924,1.709850039333105e-09
1,5925,17389.269406392694
1,5926,17389.269406392694
1,5927,17389.269406392694
1,5928,17389.269406392694
1,5929,1.7134880181401968e-09
1,5930,17389.269406147763
1,5931,0.0
1,5932,9548.556522902758
1,5933,0.0
1,5934,5596.4695791062695
1,5935,9417.361784621713
1,5936,0.0
1,5937,17389.269406392694
1,5938,17389.269406392694
1,5939,17389.269406392694
1,5940,17389.26940620215
1,5941,17389.269406392694
1,5942,1.924490788951516e-09
1,5943,1.7684578779153526e-07
1,5944,17389.26940623697
1,5945,17389.269406392694
1,5946,17389.269406392694
1,5947,17389.269406392694
1,5948,1.709850039333105e-09
1,5949,0.0
1,5950,0.0
1,5951,8.703864295966923e-08
1,5952,5.831680027768016e-08
1,5953,0.0
1,5954,0.0
1,5955,0.0
1,5956,0.0
1,5957,0.0
1,5958,13482.218072377844
1,5959,11852.771682454892
1,5960,17389.269406392694
1,5961,17389.269406392694
1,5962,17389.269406392694
1,5963,17389.269406390722
1,5964,17389.269406392694
1,5965,17389.269406392694
1,5966,17389.269406390664
1,5967,17389.269406390642
1,5968,17389.269406392694
1,5969,17389.26940623072
1,5970,1.709850039333105e-09
1,5971,1.7134880181401968e-09
1,5972,1.7134880181401968e-09
1,5973,1.7134880181401968e-09
1,5974,17389.269406392694
1,5975,17389.269406392694
1,5976,17389.269406392694
1,5977,17389.269406392694
1,5978,17389.269406392694
1,5979,0.0
1,5980,0.0
1,5981,1.0933945304714143e-07
1,5982,0.0
1,5983,0.0
1,5984,4047.9139217232314
1,5985,17389.269406392694
1,5986,17389.269406392694
1,5987,17389.269406392694
1,5988,17389.269406297895
1,5989,17389.26940620215
1,5990,17389.269406392694
1,5991,1.7680940800346434e-07
1,5992,17389.269406236963
1,5993,17389.269406392694
1,5994,17389.269406392694
1,5995,1.709850039333105e-09
1,5996,1.7062120605260134e-09
1,5997,1.7171259969472885e-09
1,5998,17389.269406392694
1,5999,1.7134880181401968e-09
1,6000,17389.269406392694
1,6001,17389.269406392694
1,6002,0.0
1,6003,2958.34810267632
1,6004,2486.2537451294083
1,6005,0.0
1,6006,0.0
1,6007,3.533568815328181e-08
1,6008,0.0
1,6009,17389.269406392694
1,6010,17389.26940639084
1,6011,17389.269406390817
1,6012,17389.269406392694
1,6013,17389.269406392694
1,6014,17389.26940639076
1,6015,14098.900031240075
1,6016,17389.26940623441
1,6017,1.69893610291183e-09
1,6018,8970.384055158149
1,6019,1.7320417100563645e-07
1,6020,0.0
1,6021,5.8309524320065975e-08
1,6022,4.3954059947282076e-08
1,6023,6899.406984369907
1,6024,0.0
1,6025,17389.269406392694
1,6026,2095.200923430886
1,6027,3837.068174699558
1,6028,1634.2002256841552
1,6029,0.0
1,6030,0.0
1,6031,0.0
1,6032,17389.269406392694
1,6033,17389.2694063907
1,6034,17389.269406392694
1,6035,17389.269406392694
1,6036,17389.269406392694
1,6037,17389.269406392694
1,6038,17389.269406392694
1,6039,17389.269406392694
1,6040,0.0
1,6041,1.69893610291183e-09
1,6042,17389.269406392694
1,6043,17389.269406392694
1,6044,17389.269406392694
1,6045,1.7134880181401968e-09
1,6046,1.7134880181401968e-09
1,6047,1.6043486539274454e-09
1,6048,0.0
1,6049,9069.937247484282
1,6050,0.0
1,6051,0.0
1,6052,0.0
1,6053,0.0
1,6054,0.0
1,6055,0.0
1,6056,0.0
1,6057,6770.766167153004
1,6058,17389.26940635365
1,6059,17389.26940634366
1,6060,17389.269406326992
1,6061,17389.269406392694
1,6062,17389.26940619363
1,6063,17389.269406392694
1,6064,0.0
1,6065,1.673470251262188e-09
1,6066,17389.269406392694
1,6067,1.7134880181401968e-09
1,6068,1.7134880181401968e-09
1,6069,1.7171259969472885e-09
1,6070,17389.269406392694
1,6071,17389.269406392694
1,6072,1.7171259969472885e-09
1,6073,1.7171259969472885e-09
1,6074,1.7171259969472885e-09
1,6075,1.7062120605260134e-09
1,6076,10349.389991304648
1,6077,0.0
1,6078,8.703136700205505e-08
1,6079,5.8309524320065975e-08
1,6080,0.0
1,6081,13051.397129829815
1,6082,16028.510428708196
1,6083,17389.269406340278
1,6084,17389.269406319665
1,6085,17389.2694062731
1,6086,17389.269406067917
1,6087,17389.269406237814
1,6088,17389.269406392694
1,6089,17389.269406392694
1,6090,1.7062120605260134e-09
1,6091,17389.269406392694
1,6092,1.7062120605260134e-09
1,6093,1.709850039333105e-09
1,6094,1.724401954561472e-09
1,6095,17389.269406392694
1,6096,0.0
1,6097,0.0
1,6098,8.703500498086214e-08
1,6099,5.831316229887307e-08
1,6100,4.3950421968474984e-08
1,6101,3.533568815328181e-08
1,6102,2.9591319616883993e-08
1,6103,11018.911956458607
1,6104,9441.535064271546
1,6105,17389.269406392694
1,6106,17389.269406392694
1,6107,17389.269406392694
1,6108,17389.26940639076
1,6109,17389.269406392694
1,6110,17389.269406390722
1,6111,17389.269406392694
1,6112,17389.269406392694
1,6113,17389.269406232233
1,6114,17389.269406392694
1,6115,1.7134880181401968e-09
1,6116,14586.310348861445
1,6117,1.732223608996719e-07
1,6118,8.703864295966923e-08
1,6119,5.831316229887307e-08
1,6120,4.3954059947282076e-08
1,6121,0.0
1,6122,0.0
1,6123,2051.9188687821115
1,6124,0.0
1,6125,5924.225032913415
1,6126,0.0
1,6127,12659.663088459223
1,6128,17389.269406392694
1,6129,17389.269406392694
1,6130,17389.269406392694
1,6131,17389.2694063907
1,6132,17389.269406390686
1,6133,17389.269406392694
1,6134,17389.269406390642
1,6135,17389.26940639062
1,6136,17389.2694063906
1,6137,0.0
1,6138,17389.269406392694
1,6139,1.7134880181401968e-09
1,6140,17389.269406392694
1,6141,17389.269406392694
1,6142,17389.269406392694
1,6143,17389.269406392694
1,6144,3810.204432468976
1,6145,0.0
1,6146,2204.058326400067
1,6147,4531.039702523298
1,6148,6240.684255552669
1,6149,1262.125250737403
1,6150,2.9594957595691085e-08
1,6151,4474.373533376858
1,6152,17389.269406392694
1,6153,17389.269406390817
1,6154,17389.269406392694
1,6155,17389.26940639078
1,6156,17389.26940639076
1,6157,17389.269406392694
1,6158,17389.269406392694
1,6159,14983.388074027422
1,6160,17389.26940623287
1,6161,1.709850039333105e-09
1,6162,1.709850039333105e-09
1,6163,1.709850039333105e-09
1,6164,1.7134880181401968e-09
1,6165,1.7207639757543802e-09
1,6166,1.7171259969472885e-09
1,6167,17389.269406392694
1,6168,1.7171259969472885e-09
1,6169,1.7171259969472885e-09
1,6170,17389.269406392694
1,6171,0.0
1,6172,0.0
1,6173,1.0935764294117689e-07
1,6174,0.0
1,6175,4.889079718850553e-08
1,6176,0.0
1,6177,5315.773945047327
1,6178,17389.26940634577
1,6179,17389.269406329815
1,6180,17389.269406392694
1,6181,17389.269406202187
1,6182,14723.186072320095
1,6183,17389.269406237116
1,6184,1.5897967386990786e-09
1,6185,1.6916601452976465e-09
1,6186,1.6952981241047382e-09
1,6187,17389.269406392694
1,6188,17389.269406392694
1,6189,1.749867806211114e-09
1,6190,1.7171259969472885e-09
1,6191,17389.269406392694
1,6192,17389.269406392694
1,6193,17389.269406392694
1,6194,1.7134880181401968e-09
1,6195,1.7134880181401968e-09
1,6196,1.7171259969472885e-09
1,6197,1.7134880181401968e-09
1,6198,17389.269406392694
1,6199,1.6952981241047382e-09
1,6200,3582.046753443421
1,6201,0.0
1,6202,238.66865783582762
1,6203,17389.269406392694
1,6204,17389.269406392694
1,6205,17389.269406392694
1,6206,17389.269406250834
1,6207,17389.269406392694
1,6208,17389.269406392694
1,6209,17389.269406392694
1,6210,1.7025740817189217e-09
1,6211,1.6952981241047382e-09
1,6212,17389.269406392694
1,6213,17389.269406392694
1,6214,17389.269406392694
1,6215,1.7171259969472885e-09
1,6216,1.7171259969472885e-09
1,6217,17389.269406392694
1,6218,1.7171259969472885e-09
1,6219,17389.269406392694
1,6220,8919.567193206918
1,6221,0.0
1,6222,0.0
1,6223,0.0
1,6224,0.0
1,6225,14530.827297911599
1,6226,12564.073386797376
1,6227,17389.269406392694
1,6228,17389.269406392694
1,6229,17389.26940629751
1,6230,17389.269406201365
1,6231,3665.9212511652986
1,6232,17389.26940623647
1,6233,1.6916601452976465e-09
1,6234,1.709850039333105e-09
1,6235,17389.269406392694
1,6236,1.69893610291183e-09
1,6237,7011.596614836275
1,6238,1.7355341697111726e-07
1,6239,0.0
1,6240,0.0
1,6241,13902.456299719777
1,6242,14228.65019878037
1,6243,0.0
1,6244,11524.294622584206
1,6245,6175.45892376146
1,6246,2.0023435354232788e-08
1,6247,0.0
1,6248,0.0
1,6249,17389.26940639076
1,6250,17389.269406392694
1,6251,17389.269406390722
1,6252,17389.2694063907
1,6253,17389.269406392694
1,6254,17389.269406392694
1,6255,17389.269406392694
1,6256,0.0
1,6257,17389.269406392694
1,6258,1.709850039333105e-09
1,6259,17389.269406392694
1,6260,0.0
1,6261,1.7321508494205773e-07
1,6262,8.705683285370469e-08
1,6263,0.0
1,6264,0.0
1,6265,9587.101308861906
1,6266,0.0
1,6267,10753.821042893636
1,6268,9809.974530397592
1,6269,5879.880602910867
1,6270,5810.267308178074
1,6271,17389.269406392694
1,6272,17389.269406392694
1,6273,17389.269406390744
1,6274,17389.269406390722
1,6275,17389.2694063907
1,6276,17389.269406392694
1,6277,17389.269406392694
1,6278,17389.269406390642
1,6279,17389.26940639062
1,6280,0.0
1,6281,1.6807462088763714e-09
1,6282,0.0
1,6283,0.0
1,6284,8.704955689609051e-08
1,6285,5.832407623529434e-08
1,6286,0.0
1,6287,0.0
1,6288,11132.69446650699
1,6289,0.0
1,6290,11155.751291549788
1,6291,0.0
1,6292,7969.878531354952
1,6293,6153.532808047537
1,6294,0.0
1,6295,9641.485883357302
1,6296,17389.269406392694
1,6297,17389.2694063907
1,6298,17389.269406392694
1,6299,17389.269406390664
1,6300,17389.269406392694
1,6301,17389.26940639062
1,6302,17389.2694063906
1,6303,17389.269406392694
1,6304,0.0
1,6305,17389.269406392694
1,6306,1.7134880181401968e-09
1,6307,17389.269406392694
1,6308,1.7134880181401968e-09
1,6309,1.7134880181401968e-09
1,6310,17389.269406392694
1,6311,17389.269406392694
1,6312,1.7171259969472885e-09
1,6313,1.7171259969472885e-09
1,6314,1.7134880181401968e-09
1,6315,0.0
1,6316,0.0
1,6317,1.0938674677163363e-07
1,6318,0.0
1,6319,4.889443516731262e-08
1,6320,0.0
1,6321,17389.269406392694
1,6322,17389.269406392694
1,6323,17389.269406392694
1,6324,17389.26940629793
1,6325,17389.269406202275
1,6326,17389.269406392694
1,6327,17389.269406237
1,6328,1.7062120605260134e-09
1,6329,17389.269406392694
1,6330,17389.269406392694
1,6331,17389.269406392694
1,6332,17389.269406392694
1,6333,17389.269406392694
1,6334,17389.269406392694
1,6335,17389.269406392694
1,6336,1.7171259969472885e-09
1,6337,17389.269406392694
1,6338,17389.269406392694
1,6339,17389.269406392694
1,6340,16321.450217482185
1,6341,0.0
1,6342,0.0
1,6343,5.831680027768016e-08
1,6344,0.0
1,6345,0.0
1,6346,17389.269406392694
1,6347,17389.269406392694
1,6348,17389.269406319665
1,6349,17389.269406392694
1,6350,6931.229076618685
1,6351,17389.269406237756
1,6352,1.364860509056598e-07
1,6353,17389.2694062643
1,6354,1.6443664208054543e-09
1,6355,0.0
1,6356,0.0
1,6357,17389.269406392694
1,6358,17389.269406392694
1,6359,17389.269406392694
1,6360,1.7171259969472885e-09
1,6361,1.7171259969472885e-09
1,6362,1.7134880181401968e-09
1,6363,17389.269406392694
1,6364,17389.269406392694
1,6365,17389.269406392694
1,6366,1.7316779121756554e-09
1,6367,1.684384187683463e-09
1,6368,17389.269406392694
1,6369,1.724401954561472e-09
1,6370,1.7134880181401968e-09
1,6371,17389.269406392694
1,6372,1.7425918485969305e-09
1,6373,17389.269406392694
1,6374,17389.269406392694
1,6375,1.7171259969472885e-09
1,6376,17389.269406392694
1,6377,17389.2694062643
1,6378,17389.269406392694
1,6379,5534.803722552104
1,6380,9412.396055721341
1,6381,4203.1478555775175
1,6382,16105.697019169838
1,6383,17389.269406392694
1,6384,1.7134880181401968e-09
1,6385,17389.269406392694
1,6386,1.7134880181401968e-09
1,6387,17389.269406392694
1,6388,17389.269406392694
1,6389,1.69893610291183e-09
1,6390,0.0
1,6391,1.7320053302682936e-07
1,6392,8.703864295966923e-08
1,6393,10369.290733039876
1,6394,8510.646922573145
1,6395,17389.269406301213
1,6396,17389.269406208838
1,6397,10618.452353665496
1,6398,17389.269406392694
1,6399,17389.269406243635
1,6400,1.1658630683086812e-07
1,6401,0.0
1,6402,0.0
1,6403,17389.269406392694
1,6404,12190.293082459179
1,6405,1.7321508494205773e-07
1,6406,8.704228093847632e-08
1,6407,9233.205352523019
1,6408,17389.269406392694
1,6409,17389.269406392694
1,6410,17389.269406208685
1,6411,17389.269406392694
1,6412,17389.269406392694
1,6413,1.6349804354831576e-07
1,6414,0.0
1,6415,17389.269406392694
1,6416,17389.269406392694
1,6417,17389.269406392694
1,6418,1.724401954561472e-09
1,6419,17389.269406392694
1,6420,17389.269406392694
1,6421,1.709850039333105e-09
1,6422,17389.269406392694
1,6423,1.7171259969472885e-09
1,6424,1.7971615307033062e-09
1,6425,17389.269406392694
1,6426,1.4733814168721437e-09
1,6427,1.8699211068451405e-09
1,6428,1.7171259969472885e-09
1,6429,1.7171259969472885e-09
1,6430,17389.269406392694
1,6431,17389.269406392694
1,6432,17389.269406392694
1,6433,17389.269406392694
1,6434,17389.269406392694
1,6435,2.2264430299401283e-09
1,6436,17389.269406392694
1,6437,1.6880221664905548e-09
1,6438,17389.269406392694
1,6439,17389.269406392694
1,6440,1.7134880181401968e-09
1,6441,17389.269406392694
1,6442,1.7134880181401968e-09
1,6443,17389.269406392694
1,6444,1.709850039333105e-09
1,6445,1.724401954561472e-09
1,6446,1.7171259969472885e-09
1,6447,1.7134880181401968e-09
1,6448,1.7134880181401968e-09
1,6449,17389.269406392694
1,6450,17389.269406392694
1,6451,1.7171259969472885e-09
1,6452,1.7134880181401968e-09
1,6453,1.7134880181401968e-09
1,6454,17389.269406392694
1,6455,1.7171259969472885e-09
1,6456,17389.269406392694
1,6457,1.7134880181401968e-09
1,6458,1.7171259969472885e-09
1,6459,17389.269406392694
1,6460,1.7134880181401968e-09
1,6461,17389.269406392694
1,6462,1.709850039333105e-09
1,6463,17389.269406392694
1,6464,17389.269406392694
1,6465,17389.269406392694
1,6466,1.7316779121756554e-09
1,6467,17389.269406392694
1,6468,17389.269406392694
1,6469,17389.269406392694
1,6470,17389.269406392694
1,6471,17389.269406392694
1,6472,1.709850039333105e-09
1,6473,17389.269406392694
1,6474,1.7134880181401968e-09
1,6475,17389.269406392694
1,6476,1.7134880181401968e-09
1,6477,17001.59909733917
1,6478,0.0
1,6479,526.7490862967315
1,6480,3219.3407694753732
1,6481,2279.9148509089973
1,6482,0.0
1,6483,17389.269406392694
1,6484,17389.269406392694
1,6485,1.7134880181401968e-09
1,6486,1.7134880181401968e-09
1,6487,17389.269406392694
1,6488,1.7134880181401968e-09
1,6489,1.7171259969472885e-09
1,6490,17389.269406392694
1,6491,1.7134880181401968e-09
1,6492,1.724401954561472e-09
1,6493,1.7134880181401968e-09
1,6494,1.7134880181401968e-09
1,6495,17389.269406392694
1,6496,17389.269406257747
1,6497,1.5752448234707117e-09
1,6498,0.0
1,6499,0.0
1,6500,9098.788853648843
1,6501,17389.269406392694
1,6502,11051.604300951756
1,6503,10551.844451504017
1,6504,17389.269406392694
1,6505,1.7134880181401968e-09
1,6506,1.7134880181401968e-09
1,6507,17389.269406392694
1,6508,1.7171259969472885e-09
1,6509,17389.269406392694
1,6510,1.7171259969472885e-09
1,6511,1.6916601452976465e-09
1,6512,1.7207639757543802e-09
1,6513,17389.269406392694
1,6514,17389.269406392694
1,6515,1.7134880181401968e-09
1,6516,1.7171259969472885e-09
1,6517,17389.269406392694
1,6518,17389.269406392694
1,6519,17389.269406392694
1,6520,17389.26940625769
1,6521,17389.269406392694
1,6522,0.0
1,6523,0.0
1,6524,7881.892367370294
1,6525,17389.269406392694
1,6526,10235.969208476323
1,6527,12965.872098701926
1,6528,1.7535057850182056e-09
1,6529,17389.269406392694
1,6530,17389.269406392694
1,6531,1.7171259969472885e-09
1,6532,1.7171259969472885e-09
1,6533,1.7280399333685637e-09
1,6534,17389.269406392694
1,6535,15006.464957228876
1,6536,17389.269406392694
1,6537,17389.269406392694
1,6538,17389.269406392694
1,6539,17389.269406392694
1,6540,1.7207639757543802e-09
1,6541,17389.269406392694
1,6542,1.7134880181401968e-09
1,6543,17389.269406392694
1,6544,17389.269406392694
1,6545,0.0
1,6546,4787.915173801051
1,6547,10500.70065912207
1,6548,17389.269406392694
1,6549,12451.93484639117
1,6550,17389.269406392694
1,6551,1.7171259969472885e-09
1,6552,17389.269406392694
1,6553,17389.269406392694
1,6554,1.7171259969472885e-09
1,6555,1.7207639757543802e-09
1,6556,17389.269406392694
1,6557,1.7134880181401968e-09
1,6558,1.69893610291183e-09
1,6559,3980.7697162141594
1,6560,1.7320053302682936e-07
1,6561,1866.6013341345351
1,6562,0.0
1,6563,17389.269406392694
1,6564,17389.269406392694
1,6565,17389.269406392694
1,6566,2583.3086364889277
1,6567,17389.269406243533
1,6568,0.0
1,6569,0.0
1,6570,0.0
1,6571,5.82986103836447e-08
1,6572,0.0
1,6573,3.5328412195667624e-08
1,6574,0.0
1,6575,2.548767952248454e-08
1,6576,2.2409949451684952e-08
1,6577,2.0019797375425696e-08
1,6578,0.0
1,6579,0.0
1,6580,0.0
1,6581,1.4133547665551305e-08
1,6582,1.318767317570746e-08
1,6583,1.2369127944111824e-08
1,6584,1.1652446119114757e-08
1,6585,1.1019437806680799e-08
1,6586,11049.930338993534
1,6587,17389.269406392694
1,6588,17389.26940637721
1,6589,17389.26940637598
1,6590,17389.269406392694
1,6591,17389.269406392694
1,6592,17389.269406392694
1,6593,0.0
1,6594,6836.270506874538
1,6595,0.0
1,6596,17389.269406392694
1,6597,17389.269406392694
1,6598,17389.269406392694
1,6599,17389.269406392694
1,6600,17389.269406392694
1,6601,17389.269406392694
1,6602,17389.269406392694
1,6603,17389.269406392694
1,6604,17389.26940639024
1,6605,17389.269406390213
1,6606,17389.26940639019
1,6607,17389.26940639017
1,6608,17389.26940639014
1,6609,17389.269406392694
1,6610,17389.26940639009
1,6611,17389.26940639006
1,6612,17389.269406392694
1,6613,17389.269406392694
1,6614,17389.269406392694
1,6615,17389.269406392694
1,6616,4015.1298705121444
1,6617,4.445610102266073e-09
1,6618,0.0
1,6619,4.307366907596588e-09
1,6620,0.0
1,6621,0.0
1,6622,0.0
1,6623,0.0
1,6624,5394.160765143151
1,6625,11777.183185445652
1,6626,281.6741872589628
1,6627,6064.366612289363
1,6628,10761.252017824416
1,6629,14484.365316675197
1,6630,16196.358970832367
1,6631,17389.269406392694
1,6632,17389.26940638945
1,6633,17389.269406392694
1,6634,17389.269406392694
1,6635,17389.269406389354
1,6636,17389.269406392694
1,6637,17389.269406392694
1,6638,17389.269406389252
1,6639,17389.269406389216
1,6640,0.0
1,6641,17389.269406392694
1,6642,1.7134880181401968e-09
1,6643,1.709850039333105e-09
1,6644,0.0
1,6645,501.601861712923
1,6646,8015.7169461750345
1,6647,16243.810407412595
1,6648,17389.269406392694
1,6649,17389.269406392694
1,6650,6442.55774307259
1,6651,8480.589434962654
1,6652,17389.269406392694
1,6653,0.0
1,6654,17389.269406392694
1,6655,1.709850039333105e-09
1,6656,17389.269406392694
1,6657,17389.269406392694
1,6658,1.709850039333105e-09
1,6659,1.7171259969472885e-09
1,6660,1.7171259969472885e-09
1,6661,17389.269406392694
1,6662,17389.269406392694
1,6663,1.7062120605260134e-09
1,6664,1.7171259969472885e-09
1,6665,0.0
1,6666,2.9363218345679343e-07
1,6667,1.0934672900475562e-07
1,6668,0.0
1,6669,4.89053491037339e-08
1,6670,9820.371245497943
1,6671,17389.269406392694
1,6672,17389.269406392694
1,6673,17389.269406392694
1,6674,17389.269406392694
1,6675,17389.269406392694
1,6676,11186.411180574803
1,6677,17389.269406392694
1,6678,1.768275978974998e-07
1,6679,0.0
1,6680,7678.993219998712
1,6681,17389.269406392694
1,6682,17389.269406392694
1,6683,3268.329017466829
1,6684,980.3117927915155
1,6685,17389.26940625085
1,6686,1.6771082300692797e-09
1,6687,17389.269406392694
1,6688,1.7134880181401968e-09
1,6689,17389.269406392694
1,6690,17389.269406392694
1,6691,17389.269406392694
1,6692,0.0
1,6693,1618.117522912502
1,6694,0.0
1,6695,0.0
1,6696,17389.269406392694
1,6697,9014.4514739726
1,6698,7646.43693609965
1,6699,5489.875984891813
1,6700,1223.543024522125
1,6701,17389.269406241252
1,6702,1.69893610291183e-09
1,6703,17389.269406392694
1,6704,1.709850039333105e-09
1,6705,1.7171259969472885e-09
1,6706,1.7062120605260134e-09
1,6707,13961.594682026607
1,6708,16471.16679795089
1,6709,4423.854620970895
1,6710,17389.2694062805
1,6711,8.62200977280736e-10
1,6712,0.0
1,6713,0.0
1,6714,8.703500498086214e-08
1,6715,0.0
1,6716,0.0
1,6717,0.0
1,6718,0.0
1,6719,17389.269406392694
1,6720,11620.713069302066
1,6721,17389.269406392694
1,6722,17389.269406392694
1,6723,17389.269406392694
1,6724,6316.405653016853
1,6725,0.0
1,6726,1.970693119801581e-07
1,6727,0.0
1,6728,1.388980308547616e-08
1,6729,0.0
1,6730,17389.269406392694
1,6731,17389.269406392694
1,6732,17389.269406392694
1,6733,17389.269406392694
1,6734,17389.269406367774
1,6735,17389.269406392694
1,6736,5124.758573339845
1,6737,16747.920597672644
1,6738,0.0
1,6739,17389.269406392694
1,6740,17389.269406392694
1,6741,15865.807571850692
1,6742,15024.787623249067
1,6743,4509.85013806853
1,6744,2.342858351767063e-09
1,6745,17389.269406392694
1,6746,2.422893885523081e-09
1,6747,2.294582372996956e-07
1,6748,17389.269406227515
1,6749,1.69893610291183e-09
1,6750,17389.269406392694
1,6751,1.709850039333105e-09
1,6752,1.6952981241047382e-09
1,6753,1.724401954561472e-09
1,6754,17389.269406392694
1,6755,1.7171259969472885e-09
1,6756,17389.269406392694
1,6757,1.7207639757543802e-09
1,6758,17389.269406392694
1,6759,1.7316779121756554e-09
1,6760,17389.269406392694
1,6761,17389.269406392694
1,6762,17389.269406392694
1,6763,17389.269406392694
1,6764,17389.269406392694
1,6765,1.7171259969472885e-09
1,6766,17389.269406392694
1,6767,17389.269406392694
1,6768,17389.269406392694
1,6769,1.709850039333105e-09
1,6770,0.0
1,6771,12390.918016030342
1,6772,13252.572501078193
1,6773,13198.327883614033
1,6774,0.0
1,6775,7411.361627070368
1,6776,0.0
1,6777,15755.433678035139
1,6778,17389.269406392694
1,6779,12590.00327654841
1,6780,17389.269406392694
1,6781,17389.269406392694
1,6782,1.949956640601158e-09
1,6783,17389.269406392694
1,6784,0.0
1,6785,17389.269406392694
1,6786,17389.269406392694
1,6787,17389.269406392694
1,6788,1.7171259969472885e-09
1,6789,1.7134880181401968e-09
1,6790,17389.269406392694
1,6791,17389.26940614807
1,6792,3143.112891367098
1,6793,7272.7383408742535
1,6794,0.0
1,6795,0.0
1,6796,16888.24577526932
1,6797,17304.515929889145
1,6798,0.0
1,6799,0.0
1,6800,6541.177036629862
1,6801,17389.2694062009
1,6802,15509.490057110623
1,6803,1.9426806829869747e-09
1,6804,17389.269406392694
1,6805,17389.269406392694
1,6806,1.7681304598227143e-07
1,6807,0.0
1,6808,1.7134880181401968e-09
1,6809,17389.269406392694
1,6810,17389.269406392694
1,6811,17389.269406392694
1,6812,1.7716956790536642e-09
1,6813,17389.269406392694
1,6814,1.7134880181401968e-09
1,6815,17389.269406392694
1,6816,17389.269406392694
1,6817,1.7171259969472885e-09
1,6818,17389.269406392694
1,6819,17389.269406392694
1,6820,17389.269406392694
1,6821,17389.269406392694
1,6822,17389.269406392694
1,6823,0.0
1,6824,10768.25033685786
1,6825,17389.269406392694
1,6826,17389.269406392694
1,6827,1111.5782502319926
1,6828,17389.269406392694
1,6829,17389.269406392694
1,6830,1.724401954561472e-09
1,6831,17389.269406392694
1,6832,0.0
1,6833,17389.269406392694
1,6834,1.5861587598919868e-09
1,6835,1379.7032050383968
1,6836,7295.33958440537
1,6837,17389.269406392694
1,6838,8833.216328392191
1,6839,17389.269406221054
1,6840,17389.269406392694
1,6841,1.7171259969472885e-09
1,6842,17389.269406392694
1,6843,17389.269406392694
1,6844,17389.269406392694
1,6845,1.7680577002465725e-09
1,6846,1.3952376320958138e-07
1,6847,0.0
1,6848,7509.036335318169
1,6849,16323.820742092144
1,6850,13866.348021582933
1,6851,9541.35436140564
1,6852,17389.269406392694
1,6853,1.7171259969472885e-09
1,6854,17389.269406392694
1,6855,17389.269406392694
1,6856,17117.50853734634
1,6857,0.0
1,6858,0.0
1,6859,17389.269406392694
1,6860,15430.926660621062
1,6861,1314.8501081039249
1,6862,0.0
1,6863,0.0
1,6864,3136.0661832773294
1,6865,8122.191007751786
1,6866,17389.269406392694
1,6867,17389.269406392694
1,6868,1.8153514247387648e-09
1,6869,1.5635305317118764e-07
1,6870,0.0
1,6871,1.6698322724550962e-09
1,6872,17389.269406392694
1,6873,15094.076746036508
1,6874,0.0
1,6875,16677.06213489166
1,6876,17389.269406392694
1,6877,17389.269406392694
1,6878,17389.269406256615
1,6879,17389.269406392694
1,6880,1.709850039333105e-09
1,6881,1.7134880181401968e-09
1,6882,17389.269406392694
1,6883,1.6807462088763714e-09
1,6884,6461.297002825428
1,6885,7757.777586736156
1,6886,13804.226994071456
1,6887,4004.9590179594925
1,6888,9477.328149737834
1,6889,17389.269406392694
1,6890,17389.269406392694
1,6891,17389.269406392694
1,6892,17389.269406392694
1,6893,17389.26940624833
1,6894,17389.269406392694
1,6895,1.7134880181401968e-09
1,6896,17389.269406392694
1,6897,17389.269406392694
1,6898,1.7171259969472885e-09
1,6899,17389.269406392694
1,6900,17389.269406392694
1,6901,1.7207639757543802e-09
1,6902,17389.269406392694
1,6903,17389.269406392694
1,6904,17389.269406392694
1,6905,0.0
1,6906,0.0
1,6907,17389.269406392694
1,6908,1027.8309206725535
1,6909,1.7207639757543802e-09
1,6910,17389.269406392694
1,6911,1.7134880181401968e-09
1,6912,17389.269406392694
1,6913,1.7207639757543802e-09
1,6914,17389.269406392694
1,6915,1.7171259969472885e-09
1,6916,1.7134880181401968e-09
1,6917,17389.269406392694
1,6918,2.2992026060819626e-09
1,6919,1.389453245792538e-07
1,6920,11287.141813827651
1,6921,0.0
1,6922,2933.3537076612847
1,6923,17389.269406392694
1,6924,17389.269406392694
1,6925,17389.269406392694
1,6926,17389.269406392694
1,6927,17389.269406257696
1,6928,1.6261765267699957e-09
1,6929,17389.269406392694
1,6930,17135.532311563424
1,6931,402.1400410667811
1,6932,0.0
1,6933,1907.557655750581
1,6934,9974.35870369653
1,6935,13414.721190539716
1,6936,17389.269406392694
1,6937,17389.269406392694
1,6938,17389.269406392694
1,6939,1.7134880181401968e-09
1,6940,1.7134880181401968e-09
1,6941,1.7171259969472885e-09
1,6942,1.7171259969472885e-09
1,6943,1.7134880181401968e-09
1,6944,1.709850039333105e-09
1,6945,1.709850039333105e-09
1,6946,17389.269406392694
1,6947,1.7171259969472885e-09
1,6948,17389.269406392694
1,6949,1.7207639757543802e-09
1,6950,17389.269406392694
1,6951,17389.269406392694
1,6952,0.0
1,6953,17204.523380272563
1,6954,0.0
1,6955,4481.008248668661
1,6956,16234.234613740411
1,6957,9911.599551698222
1,6958,14750.593495486062
1,6959,1.73225998878479e-07
1,6960,7599.191045976077
1,6961,0.0
1,6962,3826.8337861044165
1,6963,5330.927002579807
1,6964,17389.269406392694
1,6965,6806.498979558852
1,6966,17389.269406392694
1,6967,16796.196381420847
1,6968,1689.2820058443685
1,6969,8965.415925986901
1,6970,17389.269406197465
1,6971,17389.269406392694
1,6972,1.9572325982153416e-09
1,6973,17389.269406392694
1,6974,17389.269406392694
1,6975,17389.269406234405
1,6976,17389.269406392694
1,6977,1.724401954561472e-09
1,6978,1.7280399333685637e-09
1,6979,17389.269406392694
1,6980,17389.269406392694
1,6981,17389.269406392694
1,6982,1.7134880181401968e-09
1,6983,1.7134880181401968e-09
1,6984,17389.269406392694
1,6985,17389.269406392694
1,6986,1.7171259969472885e-09
1,6987,1.7134880181401968e-09
1,6988,17389.269406392694
1,6989,17389.269406392694
1,6990,2.5174813345074654e-09
1,6991,9.094947017729282e-10
1,6992,17389.269406392694
1,6993,17389.269406392694
1,6994,17389.269406392694
1,6995,17389.269406392694
1,6996,17389.269406392694
1,6997,1.7171259969472885e-09
1,6998,1.7644197214394808e-09
1,6999,2.4556356947869062e-09
1,7000,9.240466170012951e-10
1,7001,1.709850039333105e-09
1,7002,17389.269406392694
1,7003,17389.269406392694
1,7004,17389.269406392694
1,7005,4943.063340768582
1,7006,1.7325874068774283e-07
1,7007,0.0
1,7008,2711.9100310157773
1,7009,6308.003651723862
1,7010,17389.269406392694
1,7011,17389.269406392694
1,7012,17389.269406392694
1,7013,17389.269406392694
1,7014,0.0
1,7015,17389.269406392694
1,7016,1.7171259969472885e-09
1,7017,17389.269406392694
1,7018,1.6952981241047382e-09
1,7019,17389.269406392694
1,7020,17389.269406392694
1,7021,17389.269406392694
1,7022,17389.269406392694
1,7023,1.7171259969472885e-09
1,7024,17389.269406392694
1,7025,17389.269406392694
1,7026,17389.269406392694
1,7027,17389.269406392694
1,7028,17389.269406392694
1,7029,17389.269406392694
1,7030,1.673470251262188e-09
1,7031,0.0
1,7032,0.0
1,7033,17389.269406392694
1,7034,188.8489937595732
1,7035,0.0
1,7036,11347.577365255793
1,7037,2687.2443768306402
1,7038,2.548767952248454e-08
1,7039,0.0
1,7040,0.0
1,7041,0.0
1,7042,1.654188963584602e-08
1,7043,0.0
1,7044,3343.2681302645997
1,7045,7084.8383954383135
1,7046,10959.785559439162
1,7047,0.0
1,7048,8563.765330464963
1,7049,0.0
1,7050,16681.624441703236
1,7051,17389.269406392694
1,7052,16946.691405792433
1,7053,17389.269406392694
1,7054,17389.269406392694
1,7055,17389.26940639052
1,7056,17389.269406392694
1,7057,17389.269406390475
1,7058,17389.269406392694
1,7059,17389.269406392694
1,7060,17389.269406392694
1,7061,17389.26940639038
1,7062,7206.2406033339685
1,7063,0.0
1,7064,0.0
1,7065,0.0
1,7066,13164.90597413127
1,7067,17389.269406392694
1,7068,17389.269406392694
1,7069,17389.269406321302
1,7070,17389.269406392694
1,7071,17389.269406226438
1,7072,1.7062120605260134e-09
1,7073,17389.269406392694
1,7074,1.7025740817189217e-09
1,7075,8063.644470730291
1,7076,7828.864744521099
1,7077,0.0
1,7078,0.0
1,7079,4018.1569390637123
1,7080,7479.737947734771
1,7081,6903.925137663544
1,7082,5930.371387260715
1,7083,2230.5763927174157
1,7084,0.0
1,7085,17389.269406392694
1,7086,17389.269406392694
1,7087,1.709850039333105e-09
1,7088,1.7025740817189217e-09
1,7089,17389.269406392694
1,7090,17389.269406392694
1,7091,17389.269406392694
1,7092,1.724401954561472e-09
1,7093,17389.269406392694
1,7094,17389.269406392694
1,7095,0.0
1,7096,0.0
1,7097,8.703500498086214e-08
1,7098,0.0
1,7099,4.3950421968474984e-08
1,7100,0.0
1,7101,0.0
1,7102,2.5491317501291633e-08
1,7103,0.0
1,7104,15992.591789468224
1,7105,3839.126772839085
1,7106,4353.365543861881
1,7107,4809.591171595672
1,7108,3448.068109535099
1,7109,17389.269406392694
1,7110,0.0
1,7111,0.0
1,7112,8777.957043058497
1,7113,17043.98857267886
1,7114,13069.238931908905
1,7115,17389.269406321535
1,7116,17389.26940628543
1,7117,17389.269406392694
1,7118,0.0
1,7119,2.1772575564682484e-07
1,7120,0.0
1,7121,1.5341356629505754e-08
1,7122,1.4359102351590991e-08
1,7123,1.3504177331924438e-08
1,7124,0.0
1,7125,0.0
1,7126,1484.6147493779026
1,7127,17389.269406392694
1,7128,17389.269406392694
1,7129,17389.269406392694
1,7130,17389.269406390264
1,7131,17389.269406392694
1,7132,17389.269406390213
1,7133,17389.26940639019
1,7134,17389.269406392694
1,7135,17389.269406392694
1,7136,17389.269406392694
1,7137,17389.26940639009
1,7138,17389.269406392694
1,7139,17389.269406390038
1,7140,17389.269406392694
1,7141,17389.269406392694
1,7142,17389.269406392694
1,7143,17389.269406225736
1,7144,17389.269406392694
1,7145,1.7171259969472885e-09
1,7146,17389.269406392694
1,7147,17389.269406392694
1,7148,1.7171259969472885e-09
1,7149,1.7134880181401968e-09
1,7150,1.7134880181401968e-09
1,7151,17389.269406392694
1,7152,1.7134880181401968e-09
1,7153,1.7207639757543802e-09
1,7154,1.7134880181401968e-09
1,7155,17389.269406392694
1,7156,1.7171259969472885e-09
1,7157,17389.269406392694
1,7158,1.775333657860756e-09
1,7159,17389.269406392694
1,7160,17389.269406392694
1,7161,1.7134880181401968e-09
1,7162,17389.269406392694
1,7163,17389.269406392694
1,7164,17389.269406392694
1,7165,17389.269406392694
1,7166,1.735315890982747e-09
1,7167,1.684384187683463e-09
1,7168,17389.269406392694
1,7169,1.6807462088763714e-09
1,7170,17389.269406392694
1,7171,7024.793076531896
1,7172,1.7321144696325064e-07
1,7173,8.706047083251178e-08
1,7174,0.0
1,7175,17389.269406392694
1,7176,9465.145358607333
1,7177,12706.166629024676
1,7178,14421.875890495077
1,7179,10998.164881777811
1,7180,9036.651068229872
1,7181,798.2937094386798
1,7182,0.0
1,7183,1.7062120605260134e-09
1,7184,1.709850039333105e-09
1,7185,0.0
1,7186,0.0
1,7187,0.0
1,7188,11340.669025655085
1,7189,10474.983045050561
1,7190,0.0
1,7191,2.9594957595691085e-08
1,7192,0.0
1,7193,0.0
1,7194,2.0019797375425696e-08
1,7195,0.0
1,7196,13208.553558183517
1,7197,10497.296758949135
1,7198,17389.269406390744
1,7199,17389.269406392694
1,7200,17389.269406392694
1,7201,17389.269406390686
1,7202,17389.269406392694
1,7203,17389.269406392694
1,7204,17389.26940639062
1,7205,17389.269406392694
1,7206,17389.269406230338
1,7207,17389.269406392694
1,7208,0.0
1,7209,0.0
1,7210,0.0
1,7211,0.0
1,7212,3500.06525239415
1,7213,17389.269406392694
1,7214,15856.765150030305
1,7215,732.0351309241378
1,7216,0.0
1,7217,2.0019797375425696e-08
1,7218,0.0
1,7219,0.0
1,7220,0.0
1,7221,13161.778545169347
1,7222,5938.29682996657
1,7223,17389.269406392694
1,7224,17389.269406392694
1,7225,17389.269406392694
1,7226,17389.269406392694
1,7227,17389.269406392694
1,7228,17389.269406392694
1,7229,17389.269406390584
1,7230,17389.269406392694
1,7231,0.0
1,7232,1322.335769827805
1,7233,0.0
1,7234,12758.187988501344
1,7235,17389.269406392694
1,7236,17389.269406341922
1,7237,17389.269406392694
1,7238,17389.269406227893
1,7239,17389.269406392694
1,7240,17389.269406392694
1,7241,17389.269406392694
1,7242,0.0
1,7243,2.936794771812856e-07
1,7244,0.0
1,7245,0.0
1,7246,0.0
1,7247,14184.75701319927
1,7248,17389.269406392694
1,7249,17389.269406392694
1,7250,15411.735072304135
1,7251,17389.26940629785
1,7252,17389.269406201278
1,7253,4685.822384340692
1,7254,1.757325662765652e-07
1,7255,0.0
1,7256,1.709850039333105e-09
1,7257,1.7171259969472885e-09
1,7258,1.7134880181401968e-09
1,7259,17389.269406392694
1,7260,17389.269406392694
1,7261,1.7316779121756554e-09
1,7262,17389.269406392694
1,7263,1.7134880181401968e-09
1,7264,1.7134880181401968e-09
1,7265,17389.269406392694
1,7266,1.7134880181401968e-09
1,7267,17389.269406392694
1,7268,1.7171259969472885e-09
1,7269,1.7134880181401968e-09
1,7270,1.7062120605260134e-09
1,7271,1.7207639757543802e-09
1,7272,1.7134880181401968e-09
1,7273,17389.269406392694
1,7274,1.7171259969472885e-09
1,7275,1.709850039333105e-09
1,7276,1.7171259969472885e-09
1,7277,17389.269406392694
1,7278,17389.269406392694
1,7279,17389.269406392694
1,7280,17389.269406392694
1,7281,1.7134880181401968e-09
1,7282,17389.269406392694
1,7283,1.7134880181401968e-09
1,7284,1.709850039333105e-09
1,7285,17389.269406392694
1,7286,1.724401954561472e-09
1,7287,1.7062120605260134e-09
1,7288,1.7134880181401968e-09
1,7289,1.69893610291183e-09
1,7290,5176.874797910281
1,7291,0.0
1,7292,8.70531948748976e-08
1,7293,7317.870281180851
1,7294,0.0
1,7295,4483.410620158378
1,7296,17389.269406392694
1,7297,5582.182335595477
1,7298,17389.269406392694
1,7299,3625.0038620914456
1,7300,17389.269406392694
1,7301,0.0
1,7302,1.9327490008436143e-07
1,7303,0.0
1,7304,1.3616954674944282e-08
1,7305,1.274383976124227e-08
1,7306,1.1983502190560102e-08
1,7307,0.0
1,7308,10506.63554080392
1,7309,12627.739591241467
1,7310,0.0
1,7311,6706.660230694077
1,7312,3612.379291428879
1,7313,1389.5298653918635
1,7314,0.0
1,7315,8971.217417131791
1,7316,0.0
1,7317,17389.269406392694
1,7318,17389.269406392694
1,7319,17389.269406392694
1,7320,17389.26940639038
1,7321,17389.269406392694
1,7322,17389.269406392694
1,7323,17389.269406390315
1,7324,17389.269406392694
1,7325,17389.269406390264
1,7326,17389.269406392694
1,7327,17389.26940630843
1,7328,17389.26940626567
1,7329,17389.269406392694
1,7330,17389.269406392694
1,7331,17389.269406392694
1,7332,17389.269406392694
1,7333,17389.269406392694
1,7334,17389.269406392694
1,7335,12358.52057615148
1,7336,1.348635123576969e-07
1,7337,9.03455656953156e-08
1,7338,744.5798225050712
1,7339,12017.94882704063
1,7340,17389.269406392694
1,7341,9070.938611436202
1,7342,17389.269406392694
1,7343,17389.269406293646
1,7344,17389.269406392694
1,7345,17389.26940609325
1,7346,17389.269406392694
1,7347,3.004970494657755e-09
1,7348,17389.269406392694
1,7349,17389.269406392694
1,7350,17389.269406225187
1,7351,17389.269406392694
1,7352,17389.269406392694
1,7353,17389.269406392694
1,7354,1.7171259969472885e-09
1,7355,1.7171259969472885e-09
1,7356,17389.269406392694
1,7357,1.3095996109768748e-07
1,7358,0.0
1,7359,17389.269406392694
1,7360,0.0
1,7361,2487.6192910214613
1,7362,2431.717682317765
1,7363,15510.830979804374
1,7364,1.7328784451819956e-07
1,7365,4005.9649618564836
1,7366,0.0
1,7367,2416.740460571382
1,7368,11139.595573987426
1,7369,15439.61220436337
1,7370,16990.912972952352
1,7371,2.6784982765093446e-07
1,7372,17389.269406392694
1,7373,1.6574631445109844e-07
1,7374,17389.269406242158
1,7375,1.7134880181401968e-09
1,7376,1.69893610291183e-09
1,7377,1.7171259969472885e-09
1,7378,17389.269406392694
1,7379,17389.269406392694
1,7380,17389.269406392694
1,7381,1.7171259969472885e-09
1,7382,17389.269406392694
1,7383,0.0
1,7384,0.0
1,7385,0.0
1,7386,2852.7332559602983
1,7387,17389.269406392694
1,7388,14288.956593373056
1,7389,17389.26940630737
1,7390,17389.269406392694
1,7391,6606.39063760138
1,7392,1.7171259969472885e-09
1,7393,1.7280399333685637e-09
1,7394,1.7207639757543802e-09
1,7395,1.7134880181401968e-09
1,7396,17389.269406392694
1,7397,1.7171259969472885e-09
1,7398,17389.269406392694
1,7399,17389.269406392694
1,7400,1.69893610291183e-09
1,7401,17389.269406392694
1,7402,17389.269406392694
1,7403,1.709850039333105e-09
1,7404,17389.269406392694
1,7405,1.7207639757543802e-09
1,7406,1.709850039333105e-09
1,7407,1.4941542758606374e-07
1,7408,6795.875003731664
1,7409,0.0
1,7410,9493.13702814191
1,7411,17389.269406392694
1,7412,17389.269406392694
1,7413,17389.269406392694
1,7414,17389.269406392694
1,7415,17389.269406392694
1,7416,17389.269406392694
1,7417,1.7171259969472885e-09
1,7418,1.7171259969472885e-09
1,7419,1.7171259969472885e-09
1,7420,1.7134880181401968e-09
1,7421,17389.269406392694
1,7422,17389.269406392694
1,7423,0.0
1,7424,0.0
1,7425,17111.859022446803
1,7426,17389.269406392694
1,7427,17389.269406220923
1,7428,714.0825893688998
1,7429,1.735315890982747e-09
1,7430,17389.269406392694
1,7431,17389.269406028292
1,7432,0.0
1,7433,9.828363545238972e-08
1,7434,6.064510671421885e-08
1,7435,0.0
1,7436,0.0
1,7437,17389.269406392694
1,7438,15711.127617414644
1,7439,17389.269406336094
1,7440,17389.269406307376
1,7441,17389.2694062212
1,7442,6385.662335327928
1,7443,1.7207639757543802e-09
1,7444,1.7171259969472885e-09
1,7445,1.7171259969472885e-09
1,7446,1.7171259969472885e-09
1,7447,1.7134880181401968e-09
1,7448,1.709850039333105e-09
1,7449,17389.269406392694
1,7450,17389.269406392694
1,7451,17389.269406392694
1,7452,17389.269406392694
1,7453,1.724401954561472e-09
1,7454,1.7134880181401968e-09
1,7455,1.5915065887384117e-07
1,7456,8189.140532466077
1,7457,0.0
1,7458,7.832932169549167e-08
1,7459,3033.3831943854057
1,7460,10776.38374282733
1,7461,17051.40876544361
1,7462,17389.269406392694
1,7463,12981.075405257678
1,7464,17389.269406326963
1,7465,17389.269406392694
1,7466,17389.269406392694
1,7467,2.481538103893399e-07
1,7468,1.7171259969472885e-09
1,7469,17389.269406392694
1,7470,1.7171259969472885e-09
1,7471,17389.269406392694
1,7472,1.709850039333105e-09
1,7473,17389.269406392694
1,7474,1.7207639757543802e-09
1,7475,17389.269406392694
1,7476,17389.269406392694
1,7477,17389.269406392694
1,7478,17389.269406392694
1,7479,17389.269406392694
1,7480,0.0
1,7481,1536.95059203233
1,7482,4013.6038540130903
1,7483,0.0
1,7484,17389.269406392694
1,7485,8481.629879653457
1,7486,15068.326957697485
1,7487,17389.269406221192
1,7488,6566.480553137379
1,7489,17389.269406392694
1,7490,1.7171259969472885e-09
1,7491,1.7171259969472885e-09
1,7492,1.7171259969472885e-09
1,7493,17389.269406392694
1,7494,1.6776175471022725e-07
1,7495,0.0
1,7496,1.306034391745925e-09
1,7497,1.3023964129388332e-09
1,7498,0.0
1,7499,12002.455081916223
1,7500,17389.269406392694
1,7501,17389.269406392694
1,7502,0.0
1,7503,0.0
1,7504,2.2580934455618262e-08
1,7505,1.945227268151939e-08
1,7506,0.0
1,7507,1.5279510989785194e-08
1,7508,8186.514756195664
1,7509,1027.9753681797374
1,7510,10275.978874233988
1,7511,17389.269406366988
1,7512,17389.2694063617
1,7513,17389.269406353753
1,7514,17389.269406392694
1,7515,17389.269406314026
1,7516,17389.269406392694
1,7517,1663.4825632080756
1,7518,17389.269406392694
1,7519,17389.269406285777
1,7520,1.102307578548789e-09
1,7521,17389.269406392694
1,7522,17389.269406392694
1,7523,0.0
1,7524,0.0
1,7525,0.0
1,7526,0.0
1,7527,0.0
1,7528,0.0
1,7529,0.0
1,7530,1.6425474314019084e-08
1,7531,0.0
1,7532,16023.816083873982
1,7533,17389.269406392694
1,7534,17389.269406392694
1,7535,17389.269406392694
1,7536,17389.26940636046
1,7537,17389.269406349504
1,7538,17389.26940632758
1,7539,17389.269406392694
1,7540,6698.249507703731
1,7541,17389.269406392694
1,7542,1.2404052540659904e-07
1,7543,0.0
1,7544,0.0
1,7545,0.0
1,7546,0.0
1,7547,2.9176590032875538e-08
1,7548,2.346496330574155e-08
1,7549,2687.603934948529
1,7550,0.0
1,7551,0.0
1,7552,0.0
1,7553,0.0
1,7554,0.0
1,7555,4158.074487243608
1,7556,16556.0541339633
1,7557,17389.269406392694
1,7558,8332.303511197351
1,7559,17389.26940638667
1,7560,17389.269406392694
1,7561,17389.26940638608
1,7562,17389.269406385745
1,7563,17389.269406392694
1,7564,17389.269406392694
1,7565,17389.26940638453
1,7566,17389.269406384035
1,7567,17389.269406392694
1,7568,17389.269406318588
1,7569,17389.269406392694
1,7570,17389.269406392694
1,7571,17389.269406392694
1,7572,9192.308841253689
1,7573,7217.757875045736
1,7574,17179.9400066095
1,7575,0.0
1,7576,531.7079301785525
1,7577,2.2144376998767257e-08
1,7578,0.0
1,7579,0.0
1,7580,10396.326640490224
1,7581,17389.269406392694
1,7582,17389.269406392694
1,7583,17389.269406245312
1,7584,17389.269406392694
1,7585,17389.269406392694
1,7586,1.7171259969472885e-09
1,7587,1.7134880181401968e-09
1,7588,17389.269406392694
1,7589,1.7171259969472885e-09
1,7590,17389.269406392694
1,7591,0.0
1,7592,4970.410387185497
1,7593,13683.968104758751
1,7594,2764.2410431573408
1,7595,17389.269406392694
1,7596,17389.269406392694
1,7597,17389.269406392694
1,7598,17389.269406392694
1,7599,4198.381739095592
1,7600,0.0
1,7601,0.0
1,7602,0.0
1,7603,17389.269406392694
1,7604,17389.269406307354
1,7605,17389.269406392694
1,7606,17389.269406392694
1,7607,17389.269406392694
1,7608,1.7134880181401968e-09
1,7609,1.7171259969472885e-09
1,7610,1.7134880181401968e-09
1,7611,17389.269406392694
1,7612,17389.269406392694
1,7613,17389.269406392694
1,7614,1649.3049448390702
1,7615,0.0
1,7616,8.702409104444087e-08
1,7617,0.0
1,7618,4.394678398966789e-08
1,7619,3.533568815328181e-08
1,7620,2.960587153211236e-08
1,7621,2.5491317501291633e-08
1,7622,2.2409949451684952e-08
1,7623,0.0
1,7624,0.0
1,7625,0.0
1,7626,0.0
1,7627,1.4133547665551305e-08
1,7628,1.318767317570746e-08
1,7629,0.0
1,7630,0.0
1,7631,17389.269406392694
1,7632,17389.269406392694
1,7633,15058.455696196484
1,7634,17389.269406392694
1,7635,17389.26940637598
1,7636,17389.269406392694
1,7637,17389.269406392694
1,7638,17389.269406392694
1,7639,17389.269406392694
1,7640,17389.269406392694
1,7641,9815.358077890662
1,7642,17389.269406392694
1,7643,17389.26940637676
1,7644,17389.26940637558
1,7645,17389.269406392694
1,7646,17389.269406272553
1,7647,17389.269406149844
1,7648,12241.048637016636
1,7649,0.0
1,7650,15425.564254007353
1,7651,17389.269406392694
1,7652,9682.650176114035
1,7653,16779.44288648126
1,7654,17389.269406392694
1,7655,17389.269406392694
1,7656,17389.269406325944
1,7657,17389.269406392694
1,7658,17389.269406257856
1,7659,17389.269406392694
1,7660,13861.86982588975
1,7661,17389.269406392694
1,7662,17389.269406392694
1,7663,0.0
1,7664,1.69893610291183e-09
1,7665,1.709850039333105e-09
1,7666,17389.269406392694
1,7667,17389.269406392694
1,7668,1.7389538697898388e-09
1,7669,17389.269406392694
1,7670,1.709850039333105e-09
1,7671,17389.269406392694
1,7672,17389.269406392694
1,7673,1.6952981241047382e-09
1,7674,17389.269406392694
1,7675,1.7134880181401968e-09
1,7676,13096.185924483829
1,7677,1.7724232748150826e-07
1,7678,7270.78626677948
1,7679,15434.794408502383
1,7680,6983.81888971616
1,7681,17389.269406392694
1,7682,17389.269406392694
1,7683,17389.269406392694
1,7684,17389.269406392694
1,7685,17389.269406241263
1,7686,17389.269406392694
1,7687,1.7062120605260134e-09
1,7688,1.709850039333105e-09
1,7689,17389.269406392694
1,7690,17389.269406392694
1,7691,1.7134880181401968e-09
1,7692,17389.269406392694
1,7693,17389.269406392694
1,7694,17389.269406392694
1,7695,17389.269406392694
1,7696,1.7134880181401968e-09
1,7697,17389.269406392694
1,7698,17389.269406392694
1,7699,1.7171259969472885e-09
1,7700,17389.269406392694
1,7701,1.6916601452976465e-09
1,7702,0.0
1,7703,13229.308545929596
1,7704,1717.122576827609
1,7705,3706.2649805652327
1,7706,3415.0954541107676
1,7707,17389.269406392694
1,7708,0.0
1,7709,17389.269406392694
1,7710,1.7134880181401968e-09
1,7711,17389.269406392694
1,7712,1.6880221664905548e-09
1,7713,17389.269406392694
1,7714,17389.269406392694
1,7715,0.0
1,7716,0.0
1,7717,4993.42617082031
1,7718,0.0
1,7719,4.39431460108608e-08
1,7720,3.5332050174474716e-08
1,7721,2.95876816380769e-08
1,7722,2.548767952248454e-08
1,7723,2.2409949451684952e-08
1,7724,11737.537588508216
1,7725,7609.6049174721265
1,7726,17389.269406384203
1,7727,17389.269406392694
1,7728,17389.269406390744
1,7729,17389.269406392694
1,7730,17389.2694063907
1,7731,17389.269406390686
1,7732,17389.269406392694
1,7733,17389.269406392694
1,7734,17389.269406392694
1,7735,17389.269406230836
1,7736,1.5825207810848951e-09
1,7737,17389.269406392694
1,7738,1.724401954561472e-09
1,7739,17250.49200294295
1,7740,15422.665719828121
1,7741,2127.836552808236
1,7742,0.0
1,7743,17389.269406392694
1,7744,17389.269406392694
1,7745,17389.269406392694
1,7746,1.69893610291183e-09
1,7747,5968.893589043819
1,7748,1.7321508494205773e-07
1,7749,1382.0806138780772
1,7750,8988.060624272694
1,7751,17389.269406392694
1,7752,15858.307104532043
1,7753,15835.675677601783
1,7754,11878.67942686416
1,7755,17389.269406392694
1,7756,0.0
1,7757,17389.269406392694
1,7758,17389.269406392694
1,7759,1.6880221664905548e-09
1,7760,17389.269406392694
1,7761,3214.437443129569
1,7762,1.7319325706921518e-07
1,7763,8.703136700205505e-08
1,7764,5.8309524320065975e-08
1,7765,0.0
1,7766,0.0
1,7767,0.0
1,7768,2.548404154367745e-08
1,7769,0.0
1,7770,0.0
1,7771,1.8106220522895455e-08
1,7772,1.654188963584602e-08
1,7773,1.5235855244100094e-08
1,7774,1.4133547665551305e-08
1,7775,2356.8489687951987
1,7776,10159.24038645671
1,7777,686.6945550470773
1,7778,17389.269406392694
1,7779,9344.700190908137
1,7780,10456.29766830269
1,7781,17389.269406392694
1,7782,11842.611435266794
1,7783,17389.269406392694
1,7784,5190.781444604836
1,7785,17389.269406392694
1,7786,17389.269406378236
1,7787,17389.269406392694
1,7788,17389.269406392694
1,7789,17389.269406392694
1,7790,17389.269406373252
1,7791,17389.26940615923
1,7792,0.0
1,7793,0.0
1,7794,2781.9849191874564
1,7795,10336.529756819908
1,7796,1606.8656185680666
1,7797,17389.269406392694
1,7798,10288.41320560248
1,7799,17389.269406392694
1,7800,17389.269406368312
1,7801,17389.269406365736
1,7802,17389.269406392694
1,7803,17389.269406358657
1,7804,17389.269406392694
1,7805,17389.269406392694
1,7806,17389.269406392694
1,7807,17389.269406392694
1,7808,17389.269406392694
1,7809,17389.269406392694
1,7810,11731.061315626488
1,7811,17389.269406392694
1,7812,2.841261448338628e-09
1,7813,2.805682015605271e-07
1,7814,0.0
1,7815,17389.269406392694
1,7816,17389.269406392694
1,7817,1.6880221664905548e-09
1,7818,17389.269406392694
1,7819,17389.269406392694
1,7820,0.0
1,7821,1.732332748360932e-07
1,7822,3416.898800823663
1,7823,13781.10924143458
1,7824,3408.3438600234476
1,7825,8371.19163613896
1,7826,11514.475505028578
1,7827,11483.83451233125
1,7828,17389.269406392694
1,7829,17389.269406241416
1,7830,17389.269406392694
1,7831,17389.269406392694
1,7832,1.7025740817189217e-09
1,7833,1.709850039333105e-09
1,7834,17389.269406392694
1,7835,1.7171259969472885e-09
1,7836,1.7171259969472885e-09
1,7837,1.7207639757543802e-09
1,7838,17389.269406392694
1,7839,0.0
1,7840,0.0
1,7841,0.0
1,7842,8740.21968080974
1,7843,17389.269406392694
1,7844,17003.943523752376
1,7845,17389.26940622122
1,7846,17389.269406392694
1,7847,0.0
1,7848,13077.723324540659
1,7849,17389.269406392694
1,7850,17389.269406392694
1,7851,2.5687404558993876e-07
1,7852,1.414009602740407e-07
1,7853,17389.269406259667
1,7854,1.69893610291183e-09
1,7855,17389.269406392694
1,7856,17389.269406392694
1,7857,0.0
1,7858,520.0909589208095
1,7859,2.117303665727377e-09
1,7860,1.735315890982747e-09
1,7861,17389.269406392694
1,7862,17389.269406030922
1,7863,495.3738382874981
1,7864,0.0
1,7865,0.0
1,7866,4.400499165058136e-08
1,7867,9177.868067736543
1,7868,17389.269406392694
1,7869,11940.492104287994
1,7870,17389.269406392694
1,7871,17389.269406307383
1,7872,17389.26940622123
1,7873,15184.901752094589
1,7874,1.7462298274040222e-09
1,7875,1.7171259969472885e-09
1,7876,1.7171259969472885e-09
1,7877,1.7171259969472885e-09
1,7878,1.6171907191164792e-07
1,7879,17389.26940625361
1,7880,1.4988472685217857e-09
1,7881,17389.269406392694
1,7882,17389.269406392694
1,7883,1.4842953532934189e-09
1,7884,1.520675141364336e-09
1,7885,0.0
1,7886,3360.0162386979646
1,7887,7.64703145250678e-08
1,7888,5.1233655540272593e-08
1,7889,3.861714503727853e-08
1,7890,3046.2932822168295
1,7891,0.0
1,7892,6066.661935629538
1,7893,17389.269406392694
1,7894,17389.269406392694
1,7895,17389.269406336094
1,7896,17389.269406392694
1,7897,17389.269406221156
1,7898,17389.269406392694
1,7899,1.7134880181401968e-09
1,7900,17389.269406392694
1,7901,17389.269406392694
1,7902,17389.269406392694
1,7903,17389.269406390464
1,7904,0.0
1,7905,1.1241354513913393e-09
1,7906,1.127773430198431e-09
1,7907,1.1204974725842476e-09
1,7908,17389.269406392694
1,7909,16083.85592819173
1,7910,0.0
1,7911,0.0
1,7912,0.0
1,7913,0.0
1,7914,0.0
1,7915,1247.4562997369248
1,7916,0.0
1,7917,3397.466781828247
1,7918,13032.435992724386
1,7919,17389.269406392694
1,7920,17389.269406392694
1,7921,17389.269406392694
1,7922,17389.26940632758
1,7923,17389.26940626182
1,7924,17389.269406392694
1,7925,17389.269406392694
1,7926,1.244952727574855e-07
1,7927,13000.381226648722
1,7928,0.0
1,7929,5.730544216930866e-08
1,7930,3.839522833004594e-08
1,7931,0.0
1,7932,0.0
1,7933,0.0
1,7934,4994.120447363002
1,7935,0.0
1,7936,0.0
1,7937,1.1921656550839543e-08
1,7938,1.0892108548432589e-08
1,7939,0.0
1,7940,0.0
1,7941,8804.24719633583
1,7942,17389.269406392694
1,7943,16057.112618032868
1,7944,17389.269406392694
1,7945,17389.269406384698
1,7946,17389.269406392694
1,7947,17389.269406383642
1,7948,17389.269406392694
1,7949,17389.26940638229
1,7950,17389.269406344498
1,7951,17389.269406392694
1,7952,17389.269406392694
1,7953,17389.269406392694
1,7954,0.0
1,7955,13955.730705362228
1,7956,1217.3243539303585
1,7957,4235.613820197166
1,7958,1050.327463340982
1,7959,0.0
1,7960,0.0
1,7961,0.0
1,7962,0.0
1,7963,9384.15000126477
1,7964,815.7164314446927
1,7965,17389.269406392694
1,7966,17389.269406392694
1,7967,17389.269406392694
1,7968,17389.269406392694
1,7969,8163.653197418153
1,7970,1.724401954561472e-09
1,7971,1.7134880181401968e-09
1,7972,1.7134880181401968e-09
1,7973,17389.269406392694
1,7974,1.7171259969472885e-09
1,7975,17389.269406392694
1,7976,17389.269406392694
1,7977,1.7171259969472885e-09
1,7978,1.7207639757543802e-09
1,7979,17389.269406392694
1,7980,17389.269406392694
1,7981,1.724401954561472e-09
1,7982,17389.269406392694
1,7983,0.0
1,7984,17389.26940617219
1,7985,0.0
1,7986,9.840368875302374e-08
1,7987,0.0
1,7988,0.0
1,7989,0.0
1,7990,2661.8238631678396
1,7991,12832.20185554622
1,7992,17389.269406392694
1,7993,17389.26940630737
1,7994,17389.269406221192
1,7995,17389.269406392694
1,7996,17389.269406392694
1,7997,17389.269406392694
1,7998,17389.269406252493
1,7999,0.0
1,8000,1.558437361381948e-07
1,8001,0.0
1,8002,0.0
1,8003,17389.269406392694
1,8004,17389.269406392694
1,8005,17389.269406392694
1,8006,6265.436403619286
1,8007,7555.521984469811
1,8008,763.549835353806
1,8009,1723.7519632155636
1,8010,12836.702872873528
1,8011,9179.60379942241
1,8012,17389.269406392694
1,8013,17389.269406221192
1,8014,4633.969065063928
1,8015,17389.269406392694
1,8016,1.7207639757543802e-09
1,8017,1.7134880181401968e-09
1,8018,17389.269406392694
1,8019,1.7171259969472885e-09
1,8020,1.7134880181401968e-09
1,8021,17389.269406392694
1,8022,17389.269406392694
1,8023,0.0
1,8024,0.0
1,8025,0.0
1,8026,0.0
1,8027,2.000888343900442e-10
1,8028,2.000888343900442e-10
1,8029,0.0
1,8030,2.000888343900442e-10
1,8031,2.000888343900442e-10
1,8032,2.000888343900442e-10
1,8033,0.0
1,8034,0.0
1,8035,0.0
1,8036,11280.10150420249
1,8037,3120.228833183217
1,8038,11237.242082757868
1,8039,17389.269406392694
1,8040,17389.269406392694
1,8041,17389.269406392694
1,8042,17389.269406388416
1,8043,17389.269406392694
1,8044,17389.269406388023
1,8045,17389.269406387804
1,8046,17389.269406392694
1,8047,0.0
1,8048,5.2918039727956057e-08
1,8049,0.0
1,8050,2.6724592316895723e-08
1,8051,2.1485902834683657e-08
1,8052,1.7993443179875612e-08
1,8053,0.0
1,8054,0.0
1,8055,1.2172677088528872e-08
1,8056,1.1008523870259523e-08
1,8057,0.0
1,8058,0.0
1,8059,0.0
1,8060,1681.9781257477662
1,8061,17389.269406392694
1,8062,17389.269406374104
1,8063,17389.269406392694
1,8064,17389.269406388117
1,8065,17389.26940638795
1,8066,17389.26940638776
1,8067,17389.269406392694
1,8068,17389.269406387353
1,8069,17389.269406387128
1,8070,17389.269406392694
1,8071,17389.26940632483
1,8072,17389.269406392694
1,8073,17389.269406392694
1,8074,1772.5726089098644
1,8075,0.0
1,8076,0.0
1,8077,16072.68896770241
1,8078,0.0
1,8079,0.0
1,8080,0.0
1,8081,91.0345272925988
1,8082,11619.879962967301
1,8083,17389.269406392694
1,8084,17389.269406392694
1,8085,17389.269406377865
1,8086,17389.2694063763
1,8087,17389.269406392694
1,8088,17389.269406392694
1,8089,17389.269406368923
1,8090,17389.269406392694
1,8091,17389.26940635908
1,8092,17389.269406350464
1,8093,17389.26940633611
1,8094,17389.269406307376
1,8095,17389.269406221192
1,8096,2577.9439515520826
1,8097,17389.269406392694
1,8098,17389.269406392694
1,8099,17389.269406392694
1,8100,17389.269406392694
1,8101,1.724401954561472e-09
1,8102,1.5249679563567042e-07
1,8103,0.0
1,8104,0.0
1,8105,0.0
1,8106,11272.030266707472
1,8107,796.4193764680094
1,8108,6713.752884016241
1,8109,13190.680636616195
1,8110,4188.348521186301
1,8111,17389.269406392694
1,8112,17389.269406392694
1,8113,17389.269406392694
1,8114,17389.269406392694
1,8115,17389.269406392694
1,8116,17389.269406392694
1,8117,17389.269406392694
1,8118,1.7134880181401968e-09
1,8119,1.7171259969472885e-09
1,8120,17389.269406392694
1,8121,17389.269406392694
1,8122,1.724401954561472e-09
1,8123,17389.269406392694
1,8124,17389.269406392694
1,8125,17389.269406392694
1,8126,0.0
1,8127,11327.676783871706
1,8128,5835.0995091760215
1,8129,949.169245918365
1,8130,2873.2070502258175
1,8131,0.0
1,8132,0.0
1,8133,17389.269406392694
1,8134,17389.269406392694
1,8135,17389.269406392694
1,8136,17389.269406392694
1,8137,17284.21542152709
1,8138,2.3101165425032377e-09
1,8139,17389.269406392694
1,8140,1.7171259969472885e-09
1,8141,1.7134880181401968e-09
1,8142,17389.269406392694
1,8143,17389.269406392694
1,8144,1.7134880181401968e-09
1,8145,1.7134880181401968e-09
1,8146,17389.269406392694
1,8147,17389.269406392694
1,8148,17389.269406392694
1,8149,17389.269406392694
1,8150,17389.269406392694
1,8151,17389.269406392694
1,8152,14627.40140599804
1,8153,9325.567813523805
1,8154,9734.772175061069
1,8155,0.0
1,8156,3748.7771113796116
1,8157,17389.269406392694
1,8158,17389.269406392694
1,8159,1.7280399333685637e-09
1,8160,1.7134880181401968e-09
1,8161,1.7134880181401968e-09
1,8162,1.7171259969472885e-09
1,8163,17389.269406392694
1,8164,17389.269406392694
1,8165,1.7171259969472885e-09
1,8166,17389.269406392694
1,8167,1.5915793483145535e-07
1,8168,0.0
1,8169,0.0
1,8170,0.0
1,8171,0.0
1,8172,17389.269406392694
1,8173,17389.269406392694
1,8174,17389.269406270316
1,8175,17389.269406172258
1,8176,1549.6400469019009
1,8177,0.0
1,8178,0.0
1,8179,5829.665419300098
1,8180,12035.201130248657
1,8181,17389.269406392694
1,8182,7793.493401365326
1,8183,16278.896995512489
1,8184,17389.269406392694
1,8185,17389.269406221207
1,8186,11584.801181557079
1,8187,1.7280399333685637e-09
1,8188,1.7171259969472885e-09
1,8189,17389.269406392694
1,8190,1.6784179024398327e-07
1,8191,0.0
1,8192,1.3023964129388332e-09
1,8193,1.306034391745925e-09
1,8194,17389.269406392694
1,8195,1.3023964129388332e-09
1,8196,1.3242242857813835e-09
1,8197,1.3096723705530167e-09
1,8198,0.0
1,8199,0.0
1,8200,0.0
1,8201,0.0
1,8202,0.0
1,8203,5637.475921633562
1,8204,11700.575553860253
1,8205,17389.269406392694
1,8206,17389.269406392694
1,8207,17389.269406392694
1,8208,17389.269406392694
1,8209,17389.269406343043
1,8210,17389.269406392694
1,8211,17389.269406242256
1,8212,8191.138786258412
1,8213,1.6698322724550962e-09
1,8214,17389.269406392694
1,8215,8177.322680009469
1,8216,0.0
1,8217,4.3655745685100555e-11
1,8218,0.0
1,8219,0.0
1,8220,4.3655745685100555e-11
1,8221,4.3655745685100555e-11
1,8222,4.3655745685100555e-11
1,8223,0.0
1,8224,0.0
1,8225,0.0
1,8226,0.0
1,8227,0.0
1,8228,0.0
1,8229,17389.269406392694
1,8230,12129.600325487147
1,8231,17389.269406389936
1,8232,17389.26940638985
1,8233,17389.269406389754
1,8234,17389.269406389652
1,8235,17389.269406392694
1,8236,17389.269406392694
1,8237,17389.269406389325
1,8238,7846.85139922547
1,8239,0.0
1,8240,0.0
1,8241,2.546585164964199e-11
1,8242,0.0
1,8243,0.0
1,8244,2.546585164964199e-11
1,8245,0.0
1,8246,0.0
1,8247,0.0
1,8248,0.0
1,8249,2.546585164964199e-11
1,8250,0.0
1,8251,0.0
1,8252,0.0
1,8253,17389.269406392694
1,8254,17389.269406392694
1,8255,17389.269406384567
1,8256,17389.269406392694
1,8257,17389.269406386487
1,8258,17389.269406392694
1,8259,17389.269406385745
1,8260,17389.269406385316
1,8261,17389.269406392694
1,8262,17389.269406376898
1,8263,17389.269406392694
1,8264,17389.269406392694
1,8265,17389.269406392694
1,8266,17389.269406392694
1,8267,4493.95574753256
1,8268,9157.221795850739
1,8269,12326.703471908997
1,8270,338.4472796716109
1,8271,11910.972875464491
1,8272,10019.986076007368
1,8273,8466.543699905058
1,8274,17159.225726992452
1,8275,17389.269406392694
1,8276,15804.169043095706
1,8277,17389.269406384974
1,8278,17389.269406392694
1,8279,17389.269406384035
1,8280,17389.269406392694
1,8281,17389.269406382864
1,8282,17389.269406382165
1,8283,17389.269406392694
1,8284,17389.26940638044
1,8285,17389.269406379364
1,8286,17389.2694063781
1,8287,17389.269406392694
1,8288,10625.342862560701
1,8289,746.4340246625761
1,8290,0.0
1,8291,1.5279510989785194e-09
1,8292,1.5352270565927029e-09
1,8293,1.5352270565927029e-09
1,8294,1.5388650353997946e-09
1,8295,17389.269406392694
1,8296,4457.107744848177
1,8297,0.0
1,8298,0.0
1,8299,1539.7379005801013
1,8300,8962.687734244075
1,8301,15148.563862317442
1,8302,2647.924559071729
1,8303,10498.32533889436
1,8304,17389.269406392694
1,8305,17389.269406307376
1,8306,17389.269406221214
1,8307,14515.07117130703
1,8308,1.7425918485969305e-09
1,8309,17389.269406392694
1,8310,1.7207639757543802e-09
1,8311,1.735315890982747e-09
1,8312,17389.269406392694
1,8313,17389.26940625254
1,8314,17389.269406392694
1,8315,1.5388650353997946e-09
1,8316,17389.269406392694
1,8317,1.546140993013978e-09
1,8318,17389.269406392694
1,8319,0.0
1,8320,0.0
1,8321,7.832204573787749e-08
1,8322,5.247784429229796e-08
1,8323,0.0
1,8324,16122.342629226969
1,8325,17389.269406392694
1,8326,17389.269406345516
1,8327,17389.269406326963
1,8328,17389.269406285053
1,8329,17389.269406100702
1,8330,2.483830030541867e-07
1,8331,17389.269406392694
1,8332,17389.269406392694
1,8333,17389.269406392694
1,8334,17389.269406392694
1,8335,1.7171259969472885e-09
1,8336,1.7025740817189217e-09
1,8337,1.7134880181401968e-09
1,8338,1.7171259969472885e-09
1,8339,1.7171259969472885e-09
1,8340,1.7207639757543802e-09
1,8341,17389.269406392694
1,8342,1.5250043361447752e-07
1,8343,0.0
1,8344,0.0
1,8345,0.0
1,8346,10259.821193788346
1,8347,560.2725138922542
1,8348,17389.269406392694
1,8349,15821.221066845068
1,8350,12286.266776375407
1,8351,1.7280399333685637e-09
1,8352,1.7134880181401968e-09
1,8353,1.7171259969472885e-09
1,8354,17389.269406392694
1,8355,1.7171259969472885e-09
1,8356,17389.269406392694
1,8357,1.7171259969472885e-09
1,8358,2.1718733478337526e-09
1,8359,1.674306986387819e-07
1,8360,17389.26940626718
1,8361,17389.269406392694
1,8362,1.3096723705530167e-09
1,8363,1.3096723705530167e-09
1,8364,17389.269406392694
1,8365,17389.269406392694
1,8366,5244.749590098958
1,8367,0.0
1,8368,0.0
1,8369,4.449975676834583e-08
1,8370,3.3542164601385593e-08
1,8371,5422.429325812753
1,8372,0.0
1,8373,17389.269406392694
1,8374,12834.883730624591
1,8375,17389.2694063617
1,8376,17389.269406353236
1,8377,17389.269406338626
1,8378,17389.269406307332
1,8379,17389.269406392694
1,8380,17389.269406392694
1,8381,1.3928365660831332e-07
1,8382,17389.269406270083
1,8383,0.0
1,8384,0.0
1,8385,6.854315870441496e-08
1,8386,4.592220648191869e-08
1,8387,0.0
1,8388,6359.831280658374
1,8389,0.0
1,8390,0.0
1,8391,1.765147317200899e-08
1,8392,1.5767000149935484e-08
1,8393,0.0
1,8394,4668.333089880891
1,8395,17389.269406392694
1,8396,15198.356163294873
1,8397,17389.269406392694
1,8398,17389.269406374387
1,8399,17389.269406372
1,8400,17389.269406392694
1,8401,17389.269406392694
1,8402,17389.26940635908
1,8403,17389.269406350464
1,8404,17389.269406392694
1,8405,17389.269406307383
1,8406,17389.269406392694
1,8407,17389.269406392694
1,8408,1.6880221664905548e-09
1,8409,17389.269406392694
1,8410,17389.269406392694
1,8411,1.7134880181401968e-09
1,8412,17389.269406392694
1,8413,17389.269406392694
1,8414,17389.269406392694
1,8415,0.0
1,8416,0.0
1,8417,8133.918628717287
1,8418,0.0
1,8419,11192.208168437832
1,8420,17389.269406392694
1,8421,1.7207639757543802e-09
1,8422,17389.269406392694
1,8423,1.7025740817189217e-09
1,8424,17389.269406392694
1,8425,17389.269406392694
1,8426,1.709850039333105e-09
1,8427,17389.269406392694
1,8428,1.709850039333105e-09
1,8429,1.709850039333105e-09
1,8430,17389.269406392694
1,8431,1.1658994480967522e-07
1,8432,14091.820783443707
1,8433,17389.269406392694
1,8434,1898.1345949631213
1,8435,1.7171259969472885e-09
1,8436,1.7171259969472885e-09
1,8437,1.735315890982747e-09
1,8438,1.4530087355524302e-07
1,8439,0.0
1,8440,5134.84979633189
1,8441,9507.239483741812
1,8442,17389.269406392694
1,8443,17389.269406392694
1,8444,11611.174036423501
1,8445,17389.269406392694
1,8446,17389.269406392694
1,8447,0.0
1,8448,0.0
1,8449,814.3805161429736
1,8450,3684.1939500555236
1,8451,4014.7448859697834
1,8452,2088.258104419667
1,8453,17389.269406392694
1,8454,17389.269406250838
1,8455,17389.269406392694
1,8456,1.709850039333105e-09
1,8457,17389.269406392694
1,8458,1.7134880181401968e-09
1,8459,17389.269406392694
1,8460,17389.269406392694
1,8461,17389.269406392694
1,8462,1.7134880181401968e-09
1,8463,1.7134880181401968e-09
1,8464,17389.269406392694
1,8465,1.7171259969472885e-09
1,8466,17389.269406392694
1,8467,1.7171259969472885e-09
1,8468,1.7134880181401968e-09
1,8469,1.7134880181401968e-09
1,8470,17389.269406392694
1,8471,1.7134880181401968e-09
1,8472,17389.269406392694
1,8473,17389.269406392694
1,8474,17389.269406392694
1,8475,1.7207639757543802e-09
1,8476,17389.269406392694
1,8477,1.7134880181401968e-09
1,8478,17389.269406392694
1,8479,1.709850039333105e-09
1,8480,17389.269406392694
1,8481,1.7134880181401968e-09
1,8482,1.7171259969472885e-09
1,8483,1.709850039333105e-09
1,8484,1.7134880181401968e-09
1,8485,1.7207639757543802e-09
1,8486,17389.269406392694
1,8487,1.902662916108966e-09
1,8488,1.3075259630568326e-07
1,8489,0.0
1,8490,0.0
1,8491,1879.4462779750465
1,8492,17389.269406392694
1,8493,1.749867806211114e-09
1,8494,17389.269406392694
1,8495,1.709850039333105e-09
1,8496,1.6880221664905548e-09
1,8497,17389.269406392694
1,8498,1.800799509510398e-09
1,8499,17389.269406392694
1,8500,17389.269406392694
1,8501,17389.269406392694
1,8502,1.7280399333685637e-09
1,8503,1.4780016499571502e-07
1,8504,0.0
1,8505,0.0
1,8506,14148.340267138567
1,8507,16042.146754703677
1,8508,861.6700638137117
1,8509,14941.520610415819
1,8510,4.204812285024673e-07
1,8511,0.0
1,8512,7.195558282546699e-08
1,8513,0.0
1,8514,0.0
1,8515,3.2629031920805573e-08
1,8516,5537.417312321832
1,8517,476.9405450303857
1,8518,9566.910061893675
1,8519,17389.269406392694
1,8520,17389.269406392694
1,8521,17389.269406390773
1,8522,17389.269406392694
1,8523,17389.269406390737
1,8524,17389.269406392694
1,8525,17389.269406392694
1,8526,17389.26940639067
1,8527,1217.121642108632
1,8528,0.0
1,8529,1.709850039333105e-09
1,8530,1.7134880181401968e-09
1,8531,1.7062120605260134e-09
1,8532,1.7389538697898388e-09
1,8533,17389.269406392694
1,8534,1.7134880181401968e-09
1,8535,1.7171259969472885e-09
1,8536,1.4941906556487083e-07
1,8537,0.0
1,8538,9954.491057477948
1,8539,11214.500545684656
1,8540,44.56743973383345
1,8541,17389.269406392694
1,8542,17389.269406392694
1,8543,17389.269406392694
1,8544,1.7134880181401968e-09
1,8545,17389.269406392694
1,8546,17389.269406392694
1,8547,17389.269406392694
1,8548,1.7171259969472885e-09
1,8549,1.6789272194728255e-07
1,8550,0.0
1,8551,8.096903911791742e-07
1,8552,1.1378142517060041e-07
1,8553,0.0
1,8554,0.0
1,8555,3.225432010367513e-08
1,8556,0.0
1,8557,2.200249582529068e-08
1,8558,0.0
1,8559,1.677835825830698e-08
1,8560,1.501757651567459e-08
1,8561,1.3609678717330098e-08
1,8562,0.0
1,8563,17389.269406392694
1,8564,17389.269406392694
1,8565,17389.269406392694
1,8566,17389.269406392694
1,8567,17389.269406377865
1,8568,17389.269406392694
1,8569,17389.269406392694
1,8570,17389.269406392694
1,8571,17389.269406392694
1,8572,17389.26940636482
1,8573,17389.26940635907
1,8574,17389.269406350457
1,8575,17389.269406336094
1,8576,5579.272667094177
1,8577,4217.82359985778
1,8578,17389.269406392694
1,8579,1.724401954561472e-09
1,8580,1.7207639757543802e-09
1,8581,1.7571437638252974e-09
1,8582,17389.269406392694
1,8583,10097.225840124478
1,8584,0.0
1,8585,0.0
1,8586,0.0
1,8587,9452.055096364942
1,8588,17389.269406392694
1,8589,11963.060072161934
1,8590,17389.269406392694
1,8591,17389.269406307376
1,8592,17389.269406392694
1,8593,5241.975531173881
1,8594,17389.269406392694
1,8595,1.7171259969472885e-09
1,8596,17389.269406392694
1,8597,17389.269406392694
1,8598,17389.269406392694
1,8599,17389.269406392694
1,8600,17389.269406392694
1,8601,17389.269406392694
1,8602,17389.269406392694
1,8603,17389.269406392694
1,8604,1.7171259969472885e-09
1,8605,17389.269406392694
1,8606,1.4942270354367793e-07
1,8607,15536.852440186662
1,8608,7026.9944415848695
1,8609,2081.8976632994745
1,8610,2589.426785150352
1,8611,0.0
1,8612,13849.714023194014
1,8613,7585.089206457262
1,8614,1.7320053302682936e-07
1,8615,8.703136700205505e-08
1,8616,5.8309524320065975e-08
1,8617,0.0
1,8618,3.533568815328181e-08
1,8619,0.0
1,8620,0.0
1,8621,0.0
1,8622,0.0
1,8623,0.0
1,8624,1.654188963584602e-08
1,8625,1.5235855244100094e-08
1,8626,0.0
1,8627,1.318767317570746e-08
1,8628,0.0
1,8629,0.0
1,8630,0.0
1,8631,0.0
1,8632,0.0
1,8633,0.0
1,8634,2889.172369456468
1,8635,0.0
1,8636,2756.7796740759404
1,8637,14231.806577019623
1,8638,17389.269406390496
1,8639,17389.269406392694
1,8640,17389.269406390453
1,8641,17389.26940639043
1,8642,17389.269406390402
1,8643,17389.26940639038
1,8644,17389.269406392694
1,8645,17389.269406390336
1,8646,17389.269406390315
1,8647,17389.269406392694
1,8648,17389.269406390264
1,8649,17389.26940639024
1,8650,17389.269406390213
1,8651,17389.269406392694
1,8652,17389.269406392694
1,8653,17389.26940639014
1,8654,17389.269406390118
1,8655,17389.269406392694
1,8656,17389.269406323383
1,8657,17389.269406302443
1,8658,17389.269406392694
1,8659,17389.26940611973
1,8660,17389.269406392694
1,8661,17389.269406392694
1,8662,17389.269406358613
1,8663,17389.269406392694
1,8664,17389.269406347823
1,8665,17389.26940633953
1,8666,17389.269406392694
1,8667,17389.269406392694
1,8668,5320.894708993685
1,8669,0.0
1,8670,1.7316779121756554e-09
1,8671,1.678672560956329e-07
1,8672,17389.26940626718
1,8673,1.306034391745925e-09
1,8674,17389.269406392694
1,8675,1.306034391745925e-09
1,8676,0.0
1,8677,0.0
1,8678,6.64222170598805e-08
1,8679,4.449975676834583e-08
1,8680,0.0
1,8681,2.6964698918163776e-08
1,8682,2.2580934455618262e-08
1,8683,1622.0826255859993
1,8684,10247.416980714092
1,8685,17389.269406392694
1,8686,17389.269406392694
1,8687,17389.269406382864
1,8688,17389.269406382165
1,8689,17389.269406381365
1,8690,17389.26940638044
1,8691,17389.269406379364
1,8692,17389.2694063781
1,8693,17389.269406376578
1,8694,16396.6927580753
1,8695,17389.269406303072
1,8696,1.5352270565927029e-09
1,8697,1.5388650353997946e-09
1,8698,17389.269406392694
1,8699,17389.26940617159
1,8700,0.0
1,8701,17389.269406392694
1,8702,0.0
1,8703,7997.960119293099
1,8704,3.4586264519020915e-08
1,8705,0.0
1,8706,0.0
1,8707,5802.576899390577
1,8708,17389.269406392694
1,8709,17389.26940622122
1,8710,15405.361945521461
1,8711,17389.269406392694
1,8712,1.7716956790536642e-09
1,8713,1.7316779121756554e-09
1,8714,1.7134880181401968e-09
1,8715,1.7171259969472885e-09
1,8716,1.7316779121756554e-09
1,8717,17389.269406392694
1,8718,1.6370904631912708e-09
1,8719,1.7389538697898388e-09
1,8720,1.6516423784196377e-09
1,8721,17389.269406392694
1,8722,1.7207639757543802e-09
1,8723,17389.269406392694
1,8724,1.7171259969472885e-09
1,8725,17389.269406392694
1,8726,1.4531906344927847e-07
1,8727,0.0
1,8728,5105.580133921336
1,8729,6774.673131931999
1,8730,17389.269406392694
1,8731,9799.456990432245
1,8732,17389.269406392694
1,8733,1.899024937301874e-09
1,8734,1.709850039333105e-09
1,8735,1.6552803572267294e-09
1,8736,17389.269406392694
1,8737,17389.269406392694
1,8738,1.724401954561472e-09
1,8739,17389.269406392694
1,8740,17389.269406392694
1,8741,1.69893610291183e-09
1,8742,17389.269406392694
1,8743,1.3087264960631728e-07
1,8744,0.0
1,8745,13490.791597430547
1,8746,17389.269406392694
1,8747,8465.924103583675
1,8748,1.7826096154749393e-09
1,8749,1.5916884876787663e-07
1,8750,17389.269406252537
1,8751,17389.269406172156
1,8752,2.6421912480145693e-07
1,8753,9.840368875302374e-08
1,8754,0.0
1,8755,1293.979897455005
1,8756,10720.65779562565
1,8757,992.6483100295518
1,8758,7991.325136513737
1,8759,16524.107770327628
