D,T,value
0,0,0.0
0,1,0.0
0,2,0.0
0,3,0.0
0,4,0.0
0,5,0.0
0,6,0.0
0,7,0.0
0,8,0.0
0,9,0.0
0,10,0.0
0,11,0.0
0,12,0.0
0,13,0.0
0,14,0.0
0,15,0.0
0,16,0.0
0,17,0.0
0,18,0.0
0,19,0.0
0,20,0.0
0,21,0.0
0,22,0.0
0,23,0.0
0,24,0.0
0,25,0.0
0,26,0.0
0,27,0.0
0,28,0.0
0,29,0.0
0,30,0.0
0,31,0.0
0,32,0.0
0,33,0.0
0,34,0.0
0,35,0.0
0,36,0.0
0,37,0.0
0,38,0.0
0,39,0.0
0,40,0.0
0,41,0.0
0,42,0.0
0,43,0.0
0,44,0.0
0,45,0.0
0,46,0.0
0,47,0.0
0,48,0.0
0,49,0.0
0,50,0.0
0,51,0.0
0,52,0.0
0,53,0.0
0,54,0.0
0,55,0.0
0,56,0.0
0,57,0.0
0,58,0.0
0,59,0.0
0,60,0.0
0,61,0.0
0,62,0.0
0,63,0.0
0,64,0.0
0,65,0.0
0,66,0.0
0,67,0.0
0,68,0.0
0,69,0.0
0,70,0.0
0,71,0.0
0,72,0.0
0,73,0.0
0,74,0.0
0,75,0.0
0,76,0.0
0,77,0.0
0,78,0.0
0,79,0.0
0,80,0.0
0,81,0.0
0,82,0.0
0,83,0.0
0,84,0.0
0,85,0.0
0,86,0.0
0,87,0.0
0,88,0.0
0,89,0.0
0,90,0.0
0,91,0.0
0,92,0.0
0,93,0.0
0,94,0.0
0,95,0.0
0,96,0.0
0,97,0.0
0,98,0.0
0,99,0.0
0,100,0.0
0,101,0.0
0,102,0.0
0,103,0.0
0,104,0.0
0,105,0.0
0,106,0.0
0,107,0.0
0,108,0.0
0,109,0.0
0,110,0.0
0,111,0.0
0,112,0.0
0,113,0.0
0,114,0.0
0,115,0.0
0,116,0.0
0,117,0.0
0,118,0.0
0,119,0.0
0,120,0.0
0,121,0.0
0,122,0.0
0,123,0.0
0,124,0.0
0,125,0.0
0,126,0.0
0,127,0.0
0,128,0.0
0,129,0.0
0,130,0.0
0,131,0.0
0,132,0.0
0,133,0.0
0,134,0.0
0,135,0.0
0,136,0.0
0,137,0.0
0,138,0.0
0,139,0.0
0,140,0.0
0,141,0.0
0,142,0.0
0,143,0.0
0,144,0.0
0,145,0.0
0,146,0.0
0,147,0.0
0,148,0.0
0,149,0.0
0,150,0.0
0,151,0.0
0,152,0.0
0,153,0.0
0,154,0.0
0,155,0.0
0,156,0.0
0,157,0.0
0,158,0.0
0,159,0.0
0,160,0.0
0,161,0.0
0,162,0.0
0,163,0.0
0,164,0.0
0,165,0.0
0,166,0.0
0,167,0.0
0,168,0.0
0,169,0.0
0,170,0.0
0,171,0.0
0,172,0.0
0,173,0.0
0,174,0.0
0,175,0.0
0,176,0.0
0,177,0.0
0,178,0.0
0,179,0.0
0,180,0.0
0,181,0.0
0,182,0.0
0,183,0.0
0,184,0.0
0,185,0.0
0,186,0.0
0,187,0.0
0,188,0.0
0,189,0.0
0,190,0.0
0,191,0.0
0,192,0.0
0,193,0.0
0,194,0.0
0,195,0.0
0,196,0.0
0,197,0.0
0,198,0.0
0,199,0.0
0,200,0.0
0,201,0.0
0,202,0.0
0,203,0.0
0,204,0.0
0,205,0.0
0,206,0.0
0,207,0.0
0,208,0.0
0,209,0.0
0,210,0.0
0,211,0.0
0,212,0.0
0,213,0.0
0,214,0.0
0,215,0.0
0,216,0.0
0,217,0.0
0,218,0.0
0,219,0.0
0,220,0.0
0,221,0.0
0,222,0.0
0,223,0.0
0,224,0.0
0,225,0.0
0,226,0.0
0,227,0.0
0,228,0.0
0,229,0.0
0,230,0.0
0,231,0.0
0,232,0.0
0,233,0.0
0,234,0.0
0,235,0.0
0,236,0.0
0,237,0.0
0,238,0.0
0,239,0.0
0,240,0.0
0,241,0.0
0,242,0.0
0,243,0.0
0,244,0.0
0,245,0.0
0,246,0.0
0,247,0.0
0,248,0.0
0,249,0.0
0,250,0.0
0,251,0.0
0,252,0.0
0,253,0.0
0,254,0.0
0,255,0.0
0,256,0.0
0,257,0.0
0,258,0.0
0,259,0.0
0,260,0.0
0,261,0.0
0,262,0.0
0,263,0.0
0,264,0.0
0,265,0.0
0,266,0.0
0,267,0.0
0,268,0.0
0,269,0.0
0,270,0.0
0,271,0.0
0,272,0.0
0,273,0.0
0,274,0.0
0,275,0.0
0,276,0.0
0,277,0.0
0,278,0.0
0,279,0.0
0,280,0.0
0,281,0.0
0,282,0.0
0,283,0.0
0,284,0.0
0,285,0.0
0,286,0.0
0,287,0.0
0,288,0.0
0,289,0.0
0,290,0.0
0,291,0.0
0,292,0.0
0,293,0.0
0,294,0.0
0,295,0.0
0,296,0.0
0,297,0.0
0,298,0.0
0,299,0.0
0,300,0.0
0,301,0.0
0,302,0.0
0,303,0.0
0,304,0.0
0,305,0.0
0,306,0.0
0,307,0.0
0,308,0.0
0,309,0.0
0,310,0.0
0,311,0.0
0,312,0.0
0,313,0.0
0,314,0.0
0,315,0.0
0,316,0.0
0,317,0.0
0,318,0.0
0,319,0.0
0,320,0.0
0,321,0.0
0,322,0.0
0,323,0.0
0,324,0.0
0,325,0.0
0,326,0.0
0,327,0.0
0,328,0.0
0,329,0.0
0,330,0.0
0,331,0.0
0,332,0.0
0,333,0.0
0,334,0.0
0,335,0.0
0,336,0.0
0,337,0.0
0,338,0.0
0,339,0.0
0,340,0.0
0,341,0.0
0,342,0.0
0,343,0.0
0,344,0.0
0,345,0.0
0,346,0.0
0,347,0.0
0,348,0.0
0,349,0.0
0,350,0.0
0,351,0.0
0,352,0.0
0,353,0.0
0,354,0.0
0,355,0.0
0,356,0.0
0,357,0.0
0,358,0.0
0,359,0.0
0,360,0.0
0,361,0.0
0,362,0.0
0,363,0.0
0,364,0.0
0,365,0.0
0,366,0.0
0,367,0.0
0,368,0.0
0,369,0.0
0,370,0.0
0,371,0.0
0,372,0.0
0,373,0.0
0,374,0.0
0,375,0.0
0,376,0.0
0,377,0.0
0,378,0.0
0,379,0.0
0,380,0.0
0,381,0.0
0,382,0.0
0,383,0.0
0,384,0.0
0,385,0.0
0,386,0.0
0,387,0.0
0,388,0.0
0,389,0.0
0,390,0.0
0,391,0.0
0,392,0.0
0,393,0.0
0,394,0.0
0,395,0.0
0,396,0.0
0,397,0.0
0,398,0.0
0,399,0.0
0,400,0.0
0,401,0.0
0,402,0.0
0,403,0.0
0,404,0.0
0,405,0.0
0,406,0.0
0,407,0.0
0,408,0.0
0,409,0.0
0,410,0.0
0,411,0.0
0,412,0.0
0,413,0.0
0,414,0.0
0,415,0.0
0,416,0.0
0,417,0.0
0,418,0.0
0,419,0.0
0,420,0.0
0,421,0.0
0,422,0.0
0,423,0.0
0,424,0.0
0,425,0.0
0,426,0.0
0,427,0.0
0,428,0.0
0,429,0.0
0,430,0.0
0,431,0.0
0,432,0.0
0,433,0.0
0,434,0.0
0,435,0.0
0,436,0.0
0,437,0.0
0,438,0.0
0,439,0.0
0,440,0.0
0,441,0.0
0,442,0.0
0,443,0.0
0,444,0.0
0,445,0.0
0,446,0.0
0,447,0.0
0,448,0.0
0,449,0.0
0,450,0.0
0,451,0.0
0,452,0.0
0,453,0.0
0,454,0.0
0,455,0.0
0,456,0.0
0,457,0.0
0,458,0.0
0,459,0.0
0,460,0.0
0,461,0.0
0,462,0.0
0,463,0.0
0,464,0.0
0,465,0.0
0,466,0.0
0,467,0.0
0,468,0.0
0,469,0.0
0,470,0.0
0,471,0.0
0,472,0.0
0,473,0.0
0,474,0.0
0,475,0.0
0,476,0.0
0,477,0.0
0,478,0.0
0,479,0.0
0,480,0.0
0,481,0.0
0,482,0.0
0,483,0.0
0,484,0.0
0,485,0.0
0,486,0.0
0,487,0.0
0,488,0.0
0,489,0.0
0,490,0.0
0,491,0.0
0,492,0.0
0,493,0.0
0,494,0.0
0,495,0.0
0,496,0.0
0,497,0.0
0,498,0.0
0,499,0.0
0,500,0.0
0,501,0.0
0,502,0.0
0,503,0.0
0,504,0.0
0,505,0.0
0,506,0.0
0,507,0.0
0,508,0.0
0,509,0.0
0,510,0.0
0,511,0.0
0,512,0.0
0,513,0.0
0,514,0.0
0,515,0.0
0,516,0.0
0,517,0.0
0,518,0.0
0,519,0.0
0,520,0.0
0,521,0.0
0,522,0.0
0,523,0.0
0,524,0.0
0,525,0.0
0,526,0.0
0,527,0.0
0,528,0.0
0,529,0.0
0,530,0.0
0,531,0.0
0,532,0.0
0,533,0.0
0,534,0.0
0,535,0.0
0,536,0.0
0,537,0.0
0,538,0.0
0,539,0.0
0,540,0.0
0,541,0.0
0,542,0.0
0,543,0.0
0,544,0.0
0,545,0.0
0,546,0.0
0,547,0.0
0,548,0.0
0,549,0.0
0,550,0.0
0,551,0.0
0,552,0.0
0,553,0.0
0,554,0.0
0,555,0.0
0,556,0.0
0,557,0.0
0,558,0.0
0,559,0.0
0,560,0.0
0,561,0.0
0,562,0.0
0,563,0.0
0,564,0.0
0,565,0.0
0,566,0.0
0,567,0.0
0,568,0.0
0,569,0.0
0,570,0.0
0,571,0.0
0,572,0.0
0,573,0.0
0,574,0.0
0,575,0.0
0,576,0.0
0,577,0.0
0,578,0.0
0,579,0.0
0,580,0.0
0,581,0.0
0,582,0.0
0,583,0.0
0,584,0.0
0,585,0.0
0,586,0.0
0,587,0.0
0,588,0.0
0,589,0.0
0,590,0.0
0,591,0.0
0,592,0.0
0,593,0.0
0,594,0.0
0,595,0.0
0,596,0.0
0,597,0.0
0,598,0.0
0,599,0.0
0,600,0.0
0,601,0.0
0,602,0.0
0,603,0.0
0,604,0.0
0,605,0.0
0,606,0.0
0,607,0.0
0,608,0.0
0,609,0.0
0,610,0.0
0,611,0.0
0,612,0.0
0,613,0.0
0,614,0.0
0,615,0.0
0,616,0.0
0,617,0.0
0,618,0.0
0,619,0.0
0,620,0.0
0,621,0.0
0,622,0.0
0,623,0.0
0,624,0.0
0,625,0.0
0,626,0.0
0,627,0.0
0,628,0.0
0,629,0.0
0,630,0.0
0,631,0.0
0,632,0.0
0,633,0.0
0,634,0.0
0,635,0.0
0,636,0.0
0,637,0.0
0,638,0.0
0,639,0.0
0,640,0.0
0,641,0.0
0,642,0.0
0,643,0.0
0,644,0.0
0,645,0.0
0,646,0.0
0,647,0.0
0,648,0.0
0,649,0.0
0,650,0.0
0,651,0.0
0,652,0.0
0,653,0.0
0,654,0.0
0,655,0.0
0,656,0.0
0,657,0.0
0,658,0.0
0,659,0.0
0,660,0.0
0,661,0.0
0,662,0.0
0,663,0.0
0,664,0.0
0,665,0.0
0,666,0.0
0,667,0.0
0,668,0.0
0,669,0.0
0,670,0.0
0,671,0.0
0,672,0.0
0,673,0.0
0,674,0.0
0,675,0.0
0,676,0.0
0,677,0.0
0,678,0.0
0,679,0.0
0,680,0.0
0,681,0.0
0,682,0.0
0,683,0.0
0,684,0.0
0,685,0.0
0,686,0.0
0,687,0.0
0,688,0.0
0,689,0.0
0,690,0.0
0,691,0.0
0,692,0.0
0,693,0.0
0,694,0.0
0,695,0.0
0,696,0.0
0,697,0.0
0,698,0.0
0,699,0.0
0,700,0.0
0,701,0.0
0,702,0.0
0,703,0.0
0,704,0.0
0,705,0.0
0,706,0.0
0,707,0.0
0,708,0.0
0,709,0.0
0,710,0.0
0,711,0.0
0,712,0.0
0,713,0.0
0,714,0.0
0,715,0.0
0,716,0.0
0,717,0.0
0,718,0.0
0,719,0.0
0,720,0.0
0,721,0.0
0,722,0.0
0,723,0.0
0,724,0.0
0,725,0.0
0,726,0.0
0,727,0.0
0,728,0.0
0,729,0.0
0,730,0.0
0,731,0.0
0,732,0.0
0,733,0.0
0,734,0.0
0,735,0.0
0,736,0.0
0,737,0.0
0,738,0.0
0,739,0.0
0,740,0.0
0,741,0.0
0,742,0.0
0,743,0.0
0,744,0.0
0,745,0.0
0,746,0.0
0,747,0.0
0,748,0.0
0,749,0.0
0,750,0.0
0,751,0.0
0,752,0.0
0,753,0.0
0,754,0.0
0,755,0.0
0,756,0.0
0,757,0.0
0,758,0.0
0,759,0.0
0,760,0.0
0,761,0.0
0,762,0.0
0,763,0.0
0,764,0.0
0,765,0.0
0,766,0.0
0,767,0.0
0,768,0.0
0,769,0.0
0,770,0.0
0,771,0.0
0,772,0.0
0,773,0.0
0,774,0.0
0,775,0.0
0,776,0.0
0,777,0.0
0,778,0.0
0,779,0.0
0,780,0.0
0,781,0.0
0,782,0.0
0,783,0.0
0,784,0.0
0,785,0.0
0,786,0.0
0,787,0.0
0,788,0.0
0,789,0.0
0,790,0.0
0,791,0.0
0,792,0.0
0,793,0.0
0,794,0.0
0,795,0.0
0,796,0.0
0,797,0.0
0,798,0.0
0,799,0.0
0,800,0.0
0,801,0.0
0,802,0.0
0,803,0.0
0,804,0.0
0,805,0.0
0,806,0.0
0,807,0.0
0,808,0.0
0,809,0.0
0,810,0.0
0,811,0.0
0,812,0.0
0,813,0.0
0,814,0.0
0,815,0.0
0,816,0.0
0,817,0.0
0,818,0.0
0,819,0.0
0,820,0.0
0,821,0.0
0,822,0.0
0,823,0.0
0,824,0.0
0,825,0.0
0,826,0.0
0,827,0.0
0,828,0.0
0,829,0.0
0,830,0.0
0,831,0.0
0,832,0.0
0,833,0.0
0,834,0.0
0,835,0.0
0,836,0.0
0,837,0.0
0,838,0.0
0,839,0.0
0,840,0.0
0,841,0.0
0,842,0.0
0,843,0.0
0,844,0.0
0,845,0.0
0,846,0.0
0,847,0.0
0,848,0.0
0,849,0.0
0,850,0.0
0,851,0.0
0,852,0.0
0,853,0.0
0,854,0.0
0,855,0.0
0,856,0.0
0,857,0.0
0,858,0.0
0,859,0.0
0,860,0.0
0,861,0.0
0,862,0.0
0,863,0.0
0,864,0.0
0,865,0.0
0,866,0.0
0,867,0.0
0,868,0.0
0,869,0.0
0,870,0.0
0,871,0.0
0,872,0.0
0,873,0.0
0,874,0.0
0,875,0.0
0,876,0.0
0,877,0.0
0,878,0.0
0,879,0.0
0,880,0.0
0,881,0.0
0,882,0.0
0,883,0.0
0,884,0.0
0,885,0.0
0,886,0.0
0,887,0.0
0,888,0.0
0,889,0.0
0,890,0.0
0,891,0.0
0,892,0.0
0,893,0.0
0,894,0.0
0,895,0.0
0,896,0.0
0,897,0.0
0,898,0.0
0,899,0.0
0,900,0.0
0,901,0.0
0,902,0.0
0,903,0.0
0,904,0.0
0,905,0.0
0,906,0.0
0,907,0.0
0,908,0.0
0,909,0.0
0,910,0.0
0,911,0.0
0,912,0.0
0,913,0.0
0,914,0.0
0,915,0.0
0,916,0.0
0,917,0.0
0,918,0.0
0,919,0.0
0,920,0.0
0,921,0.0
0,922,0.0
0,923,0.0
0,924,0.0
0,925,0.0
0,926,0.0
0,927,0.0
0,928,0.0
0,929,0.0
0,930,0.0
0,931,0.0
0,932,0.0
0,933,0.0
0,934,0.0
0,935,0.0
0,936,0.0
0,937,0.0
0,938,0.0
0,939,0.0
0,940,0.0
0,941,0.0
0,942,0.0
0,943,0.0
0,944,0.0
0,945,0.0
0,946,0.0
0,947,0.0
0,948,0.0
0,949,0.0
0,950,0.0
0,951,0.0
0,952,0.0
0,953,0.0
0,954,0.0
0,955,0.0
0,956,0.0
0,957,0.0
0,958,0.0
0,959,0.0
0,960,0.0
0,961,0.0
0,962,0.0
0,963,0.0
0,964,0.0
0,965,0.0
0,966,0.0
0,967,0.0
0,968,0.0
0,969,0.0
0,970,0.0
0,971,0.0
0,972,0.0
0,973,0.0
0,974,0.0
0,975,0.0
0,976,0.0
0,977,0.0
0,978,0.0
0,979,0.0
0,980,0.0
0,981,0.0
0,982,0.0
0,983,0.0
0,984,0.0
0,985,0.0
0,986,0.0
0,987,0.0
0,988,0.0
0,989,0.0
0,990,0.0
0,991,0.0
0,992,0.0
0,993,0.0
0,994,0.0
0,995,0.0
0,996,0.0
0,997,0.0
0,998,0.0
0,999,0.0
0,1000,0.0
0,1001,0.0
0,1002,0.0
0,1003,0.0
0,1004,0.0
0,1005,0.0
0,1006,0.0
0,1007,0.0
0,1008,0.0
0,1009,0.0
0,1010,0.0
0,1011,0.0
0,1012,0.0
0,1013,0.0
0,1014,0.0
0,1015,0.0
0,1016,0.0
0,1017,0.0
0,1018,0.0
0,1019,0.0
0,1020,0.0
0,1021,0.0
0,1022,0.0
0,1023,0.0
0,1024,0.0
0,1025,0.0
0,1026,0.0
0,1027,0.0
0,1028,0.0
0,1029,0.0
0,1030,0.0
0,1031,0.0
0,1032,0.0
0,1033,0.0
0,1034,0.0
0,1035,0.0
0,1036,0.0
0,1037,0.0
0,1038,0.0
0,1039,0.0
0,1040,0.0
0,1041,0.0
0,1042,0.0
0,1043,0.0
0,1044,0.0
0,1045,0.0
0,1046,0.0
0,1047,0.0
0,1048,0.0
0,1049,0.0
0,1050,0.0
0,1051,0.0
0,1052,0.0
0,1053,0.0
0,1054,0.0
0,1055,0.0
0,1056,0.0
0,1057,0.0
0,1058,0.0
0,1059,0.0
0,1060,0.0
0,1061,0.0
0,1062,0.0
0,1063,0.0
0,1064,0.0
0,1065,0.0
0,1066,0.0
0,1067,0.0
0,1068,0.0
0,1069,0.0
0,1070,0.0
0,1071,0.0
0,1072,0.0
0,1073,0.0
0,1074,0.0
0,1075,0.0
0,1076,0.0
0,1077,0.0
0,1078,0.0
0,1079,0.0
0,1080,0.0
0,1081,0.0
0,1082,0.0
0,1083,0.0
0,1084,0.0
0,1085,0.0
0,1086,0.0
0,1087,0.0
0,1088,0.0
0,1089,0.0
0,1090,0.0
0,1091,0.0
0,1092,0.0
0,1093,0.0
0,1094,0.0
0,1095,0.0
0,1096,0.0
0,1097,0.0
0,1098,0.0
0,1099,0.0
0,1100,0.0
0,1101,0.0
0,1102,0.0
0,1103,0.0
0,1104,0.0
0,1105,0.0
0,1106,0.0
0,1107,0.0
0,1108,0.0
0,1109,0.0
0,1110,0.0
0,1111,0.0
0,1112,0.0
0,1113,0.0
0,1114,0.0
0,1115,0.0
0,1116,0.0
0,1117,0.0
0,1118,0.0
0,1119,0.0
0,1120,0.0
0,1121,0.0
0,1122,0.0
0,1123,0.0
0,1124,0.0
0,1125,0.0
0,1126,0.0
0,1127,0.0
0,1128,0.0
0,1129,0.0
0,1130,0.0
0,1131,0.0
0,1132,0.0
0,1133,0.0
0,1134,0.0
0,1135,0.0
0,1136,0.0
0,1137,0.0
0,1138,0.0
0,1139,0.0
0,1140,0.0
0,1141,0.0
0,1142,0.0
0,1143,0.0
0,1144,0.0
0,1145,0.0
0,1146,0.0
0,1147,0.0
0,1148,0.0
0,1149,0.0
0,1150,0.0
0,1151,0.0
0,1152,0.0
0,1153,0.0
0,1154,0.0
0,1155,0.0
0,1156,0.0
0,1157,0.0
0,1158,0.0
0,1159,0.0
0,1160,0.0
0,1161,0.0
0,1162,0.0
0,1163,0.0
0,1164,0.0
0,1165,0.0
0,1166,0.0
0,1167,0.0
0,1168,0.0
0,1169,0.0
0,1170,0.0
0,1171,0.0
0,1172,0.0
0,1173,0.0
0,1174,0.0
0,1175,0.0
0,1176,0.0
0,1177,0.0
0,1178,0.0
0,1179,0.0
0,1180,0.0
0,1181,0.0
0,1182,0.0
0,1183,0.0
0,1184,0.0
0,1185,0.0
0,1186,0.0
0,1187,0.0
0,1188,0.0
0,1189,0.0
0,1190,0.0
0,1191,0.0
0,1192,0.0
0,1193,0.0
0,1194,0.0
0,1195,0.0
0,1196,0.0
0,1197,0.0
0,1198,0.0
0,1199,0.0
0,1200,0.0
0,1201,0.0
0,1202,0.0
0,1203,0.0
0,1204,0.0
0,1205,0.0
0,1206,0.0
0,1207,0.0
0,1208,0.0
0,1209,0.0
0,1210,0.0
0,1211,0.0
0,1212,0.0
0,1213,0.0
0,1214,0.0
0,1215,0.0
0,1216,0.0
0,1217,0.0
0,1218,0.0
0,1219,0.0
0,1220,0.0
0,1221,0.0
0,1222,0.0
0,1223,0.0
0,1224,0.0
0,1225,0.0
0,1226,0.0
0,1227,0.0
0,1228,0.0
0,1229,0.0
0,1230,0.0
0,1231,0.0
0,1232,0.0
0,1233,0.0
0,1234,0.0
0,1235,0.0
0,1236,0.0
0,1237,0.0
0,1238,0.0
0,1239,0.0
0,1240,0.0
0,1241,0.0
0,1242,0.0
0,1243,0.0
0,1244,0.0
0,1245,0.0
0,1246,0.0
0,1247,0.0
0,1248,0.0
0,1249,0.0
0,1250,0.0
0,1251,0.0
0,1252,0.0
0,1253,0.0
0,1254,0.0
0,1255,0.0
0,1256,0.0
0,1257,0.0
0,1258,0.0
0,1259,0.0
0,1260,0.0
0,1261,0.0
0,1262,0.0
0,1263,0.0
0,1264,0.0
0,1265,0.0
0,1266,0.0
0,1267,0.0
0,1268,0.0
0,1269,0.0
0,1270,0.0
0,1271,0.0
0,1272,0.0
0,1273,0.0
0,1274,0.0
0,1275,0.0
0,1276,0.0
0,1277,0.0
0,1278,0.0
0,1279,0.0
0,1280,0.0
0,1281,0.0
0,1282,0.0
0,1283,0.0
0,1284,0.0
0,1285,0.0
0,1286,0.0
0,1287,0.0
0,1288,0.0
0,1289,0.0
0,1290,0.0
0,1291,0.0
0,1292,0.0
0,1293,0.0
0,1294,0.0
0,1295,0.0
0,1296,0.0
0,1297,0.0
0,1298,0.0
0,1299,0.0
0,1300,0.0
0,1301,0.0
0,1302,0.0
0,1303,0.0
0,1304,0.0
0,1305,0.0
0,1306,0.0
0,1307,0.0
0,1308,0.0
0,1309,0.0
0,1310,0.0
0,1311,0.0
0,1312,0.0
0,1313,0.0
0,1314,0.0
0,1315,0.0
0,1316,0.0
0,1317,0.0
0,1318,0.0
0,1319,0.0
0,1320,0.0
0,1321,0.0
0,1322,0.0
0,1323,0.0
0,1324,0.0
0,1325,0.0
0,1326,0.0
0,1327,0.0
0,1328,0.0
0,1329,0.0
0,1330,0.0
0,1331,0.0
0,1332,0.0
0,1333,0.0
0,1334,0.0
0,1335,0.0
0,1336,0.0
0,1337,0.0
0,1338,0.0
0,1339,0.0
0,1340,0.0
0,1341,0.0
0,1342,0.0
0,1343,0.0
0,1344,0.0
0,1345,0.0
0,1346,0.0
0,1347,0.0
0,1348,0.0
0,1349,0.0
0,1350,0.0
0,1351,0.0
0,1352,0.0
0,1353,0.0
0,1354,0.0
0,1355,0.0
0,1356,0.0
0,1357,0.0
0,1358,0.0
0,1359,0.0
0,1360,0.0
0,1361,0.0
0,1362,0.0
0,1363,0.0
0,1364,0.0
0,1365,0.0
0,1366,0.0
0,1367,0.0
0,1368,0.0
0,1369,0.0
0,1370,0.0
0,1371,0.0
0,1372,0.0
0,1373,0.0
0,1374,0.0
0,1375,0.0
0,1376,0.0
0,1377,0.0
0,1378,0.0
0,1379,0.0
0,1380,0.0
0,1381,0.0
0,1382,0.0
0,1383,0.0
0,1384,0.0
0,1385,0.0
0,1386,0.0
0,1387,0.0
0,1388,0.0
0,1389,0.0
0,1390,0.0
0,1391,0.0
0,1392,0.0
0,1393,0.0
0,1394,0.0
0,1395,0.0
0,1396,0.0
0,1397,0.0
0,1398,0.0
0,1399,0.0
0,1400,0.0
0,1401,0.0
0,1402,0.0
0,1403,0.0
0,1404,0.0
0,1405,0.0
0,1406,0.0
0,1407,0.0
0,1408,0.0
0,1409,0.0
0,1410,0.0
0,1411,0.0
0,1412,0.0
0,1413,0.0
0,1414,0.0
0,1415,0.0
0,1416,0.0
0,1417,0.0
0,1418,0.0
0,1419,0.0
0,1420,0.0
0,1421,0.0
0,1422,0.0
0,1423,0.0
0,1424,0.0
0,1425,0.0
0,1426,0.0
0,1427,0.0
0,1428,0.0
0,1429,0.0
0,1430,0.0
0,1431,0.0
0,1432,0.0
0,1433,0.0
0,1434,0.0
0,1435,0.0
0,1436,0.0
0,1437,0.0
0,1438,0.0
0,1439,0.0
0,1440,0.0
0,1441,0.0
0,1442,0.0
0,1443,0.0
0,1444,0.0
0,1445,0.0
0,1446,0.0
0,1447,0.0
0,1448,0.0
0,1449,0.0
0,1450,0.0
0,1451,0.0
0,1452,0.0
0,1453,0.0
0,1454,0.0
0,1455,0.0
0,1456,0.0
0,1457,0.0
0,1458,0.0
0,1459,0.0
0,1460,0.0
0,1461,0.0
0,1462,0.0
0,1463,0.0
0,1464,0.0
0,1465,0.0
0,1466,0.0
0,1467,0.0
0,1468,0.0
0,1469,0.0
0,1470,0.0
0,1471,0.0
0,1472,0.0
0,1473,0.0
0,1474,0.0
0,1475,0.0
0,1476,0.0
0,1477,0.0
0,1478,0.0
0,1479,0.0
0,1480,0.0
0,1481,0.0
0,1482,0.0
0,1483,0.0
0,1484,0.0
0,1485,0.0
0,1486,0.0
0,1487,0.0
0,1488,0.0
0,1489,0.0
0,1490,0.0
0,1491,0.0
0,1492,0.0
0,1493,0.0
0,1494,0.0
0,1495,0.0
0,1496,0.0
0,1497,0.0
0,1498,0.0
0,1499,0.0
0,1500,0.0
0,1501,0.0
0,1502,0.0
0,1503,0.0
0,1504,0.0
0,1505,0.0
0,1506,0.0
0,1507,0.0
0,1508,0.0
0,1509,0.0
0,1510,0.0
0,1511,0.0
0,1512,0.0
0,1513,0.0
0,1514,0.0
0,1515,0.0
0,1516,0.0
0,1517,0.0
0,1518,0.0
0,1519,0.0
0,1520,0.0
0,1521,0.0
0,1522,0.0
0,1523,0.0
0,1524,0.0
0,1525,0.0
0,1526,0.0
0,1527,0.0
0,1528,0.0
0,1529,0.0
0,1530,0.0
0,1531,0.0
0,1532,0.0
0,1533,0.0
0,1534,0.0
0,1535,0.0
0,1536,0.0
0,1537,0.0
0,1538,0.0
0,1539,0.0
0,1540,0.0
0,1541,0.0
0,1542,0.0
0,1543,0.0
0,1544,0.0
0,1545,0.0
0,1546,0.0
0,1547,0.0
0,1548,0.0
0,1549,0.0
0,1550,0.0
0,1551,0.0
0,1552,0.0
0,1553,0.0
0,1554,0.0
0,1555,0.0
0,1556,0.0
0,1557,0.0
0,1558,0.0
0,1559,0.0
0,1560,0.0
0,1561,0.0
0,1562,0.0
0,1563,0.0
0,1564,0.0
0,1565,0.0
0,1566,0.0
0,1567,0.0
0,1568,0.0
0,1569,0.0
0,1570,0.0
0,1571,0.0
0,1572,0.0
0,1573,0.0
0,1574,0.0
0,1575,0.0
0,1576,0.0
0,1577,0.0
0,1578,0.0
0,1579,0.0
0,1580,0.0
0,1581,0.0
0,1582,0.0
0,1583,0.0
0,1584,0.0
0,1585,0.0
0,1586,0.0
0,1587,0.0
0,1588,0.0
0,1589,0.0
0,1590,0.0
0,1591,0.0
0,1592,0.0
0,1593,0.0
0,1594,0.0
0,1595,0.0
0,1596,0.0
0,1597,0.0
0,1598,0.0
0,1599,0.0
0,1600,0.0
0,1601,0.0
0,1602,0.0
0,1603,0.0
0,1604,0.0
0,1605,0.0
0,1606,0.0
0,1607,0.0
0,1608,0.0
0,1609,0.0
0,1610,0.0
0,1611,0.0
0,1612,0.0
0,1613,0.0
0,1614,0.0
0,1615,0.0
0,1616,0.0
0,1617,0.0
0,1618,0.0
0,1619,0.0
0,1620,0.0
0,1621,0.0
0,1622,0.0
0,1623,0.0
0,1624,0.0
0,1625,0.0
0,1626,0.0
0,1627,0.0
0,1628,0.0
0,1629,0.0
0,1630,0.0
0,1631,0.0
0,1632,0.0
0,1633,0.0
0,1634,0.0
0,1635,0.0
0,1636,0.0
0,1637,0.0
0,1638,0.0
0,1639,0.0
0,1640,0.0
0,1641,0.0
0,1642,0.0
0,1643,0.0
0,1644,0.0
0,1645,0.0
0,1646,0.0
0,1647,0.0
0,1648,0.0
0,1649,0.0
0,1650,0.0
0,1651,0.0
0,1652,0.0
0,1653,0.0
0,1654,0.0
0,1655,0.0
0,1656,0.0
0,1657,0.0
0,1658,0.0
0,1659,0.0
0,1660,0.0
0,1661,0.0
0,1662,0.0
0,1663,0.0
0,1664,0.0
0,1665,0.0
0,1666,0.0
0,1667,0.0
0,1668,0.0
0,1669,0.0
0,1670,0.0
0,1671,0.0
0,1672,0.0
0,1673,0.0
0,1674,0.0
0,1675,0.0
0,1676,0.0
0,1677,0.0
0,1678,0.0
0,1679,0.0
0,1680,0.0
0,1681,0.0
0,1682,0.0
0,1683,0.0
0,1684,0.0
0,1685,0.0
0,1686,0.0
0,1687,0.0
0,1688,0.0
0,1689,0.0
0,1690,0.0
0,1691,0.0
0,1692,0.0
0,1693,0.0
0,1694,0.0
0,1695,0.0
0,1696,0.0
0,1697,0.0
0,1698,0.0
0,1699,0.0
0,1700,0.0
0,1701,0.0
0,1702,0.0
0,1703,0.0
0,1704,0.0
0,1705,0.0
0,1706,0.0
0,1707,0.0
0,1708,0.0
0,1709,0.0
0,1710,0.0
0,1711,0.0
0,1712,0.0
0,1713,0.0
0,1714,0.0
0,1715,0.0
0,1716,0.0
0,1717,0.0
0,1718,0.0
0,1719,0.0
0,1720,0.0
0,1721,0.0
0,1722,0.0
0,1723,0.0
0,1724,0.0
0,1725,0.0
0,1726,0.0
0,1727,0.0
0,1728,0.0
0,1729,0.0
0,1730,0.0
0,1731,0.0
0,1732,0.0
0,1733,0.0
0,1734,0.0
0,1735,0.0
0,1736,0.0
0,1737,0.0
0,1738,0.0
0,1739,0.0
0,1740,0.0
0,1741,0.0
0,1742,0.0
0,1743,0.0
0,1744,0.0
0,1745,0.0
0,1746,0.0
0,1747,0.0
0,1748,0.0
0,1749,0.0
0,1750,0.0
0,1751,0.0
0,1752,0.0
0,1753,0.0
0,1754,0.0
0,1755,0.0
0,1756,0.0
0,1757,0.0
0,1758,0.0
0,1759,0.0
0,1760,0.0
0,1761,0.0
0,1762,0.0
0,1763,0.0
0,1764,0.0
0,1765,0.0
0,1766,0.0
0,1767,0.0
0,1768,0.0
0,1769,0.0
0,1770,0.0
0,1771,0.0
0,1772,0.0
0,1773,0.0
0,1774,0.0
0,1775,0.0
0,1776,0.0
0,1777,0.0
0,1778,0.0
0,1779,0.0
0,1780,0.0
0,1781,0.0
0,1782,0.0
0,1783,0.0
0,1784,0.0
0,1785,0.0
0,1786,0.0
0,1787,0.0
0,1788,0.0
0,1789,0.0
0,1790,0.0
0,1791,0.0
0,1792,0.0
0,1793,0.0
0,1794,0.0
0,1795,0.0
0,1796,0.0
0,1797,0.0
0,1798,0.0
0,1799,0.0
0,1800,0.0
0,1801,0.0
0,1802,0.0
0,1803,0.0
0,1804,0.0
0,1805,0.0
0,1806,0.0
0,1807,0.0
0,1808,0.0
0,1809,0.0
0,1810,0.0
0,1811,0.0
0,1812,0.0
0,1813,0.0
0,1814,0.0
0,1815,0.0
0,1816,0.0
0,1817,0.0
0,1818,0.0
0,1819,0.0
0,1820,0.0
0,1821,0.0
0,1822,0.0
0,1823,0.0
0,1824,0.0
0,1825,0.0
0,1826,0.0
0,1827,0.0
0,1828,0.0
0,1829,0.0
0,1830,0.0
0,1831,0.0
0,1832,0.0
0,1833,0.0
0,1834,0.0
0,1835,0.0
0,1836,0.0
0,1837,0.0
0,1838,0.0
0,1839,0.0
0,1840,0.0
0,1841,0.0
0,1842,0.0
0,1843,0.0
0,1844,0.0
0,1845,0.0
0,1846,0.0
0,1847,0.0
0,1848,0.0
0,1849,0.0
0,1850,0.0
0,1851,0.0
0,1852,0.0
0,1853,0.0
0,1854,0.0
0,1855,0.0
0,1856,0.0
0,1857,0.0
0,1858,0.0
0,1859,0.0
0,1860,0.0
0,1861,0.0
0,1862,0.0
0,1863,0.0
0,1864,0.0
0,1865,0.0
0,1866,0.0
0,1867,0.0
0,1868,0.0
0,1869,0.0
0,1870,0.0
0,1871,0.0
0,1872,0.0
0,1873,0.0
0,1874,0.0
0,1875,0.0
0,1876,0.0
0,1877,0.0
0,1878,0.0
0,1879,0.0
0,1880,0.0
0,1881,0.0
0,1882,0.0
0,1883,0.0
0,1884,0.0
0,1885,0.0
0,1886,0.0
0,1887,0.0
0,1888,0.0
0,1889,0.0
0,1890,0.0
0,1891,0.0
0,1892,0.0
0,1893,0.0
0,1894,0.0
0,1895,0.0
0,1896,0.0
0,1897,0.0
0,1898,0.0
0,1899,0.0
0,1900,0.0
0,1901,0.0
0,1902,0.0
0,1903,0.0
0,1904,0.0
0,1905,0.0
0,1906,0.0
0,1907,0.0
0,1908,0.0
0,1909,0.0
0,1910,0.0
0,1911,0.0
0,1912,0.0
0,1913,0.0
0,1914,0.0
0,1915,0.0
0,1916,0.0
0,1917,0.0
0,1918,0.0
0,1919,0.0
0,1920,0.0
0,1921,0.0
0,1922,0.0
0,1923,0.0
0,1924,0.0
0,1925,0.0
0,1926,0.0
0,1927,0.0
0,1928,0.0
0,1929,0.0
0,1930,0.0
0,1931,0.0
0,1932,0.0
0,1933,0.0
0,1934,0.0
0,1935,0.0
0,1936,0.0
0,1937,0.0
0,1938,0.0
0,1939,0.0
0,1940,0.0
0,1941,0.0
0,1942,0.0
0,1943,0.0
0,1944,0.0
0,1945,0.0
0,1946,0.0
0,1947,0.0
0,1948,0.0
0,1949,0.0
0,1950,0.0
0,1951,0.0
0,1952,0.0
0,1953,0.0
0,1954,0.0
0,1955,0.0
0,1956,0.0
0,1957,0.0
0,1958,0.0
0,1959,0.0
0,1960,0.0
0,1961,0.0
0,1962,0.0
0,1963,0.0
0,1964,0.0
0,1965,0.0
0,1966,0.0
0,1967,0.0
0,1968,0.0
0,1969,0.0
0,1970,0.0
0,1971,0.0
0,1972,0.0
0,1973,0.0
0,1974,0.0
0,1975,0.0
0,1976,0.0
0,1977,0.0
0,1978,0.0
0,1979,0.0
0,1980,0.0
0,1981,0.0
0,1982,0.0
0,1983,0.0
0,1984,0.0
0,1985,0.0
0,1986,0.0
0,1987,0.0
0,1988,0.0
0,1989,0.0
0,1990,0.0
0,1991,0.0
0,1992,0.0
0,1993,0.0
0,1994,0.0
0,1995,0.0
0,1996,0.0
0,1997,0.0
0,1998,0.0
0,1999,0.0
0,2000,0.0
0,2001,0.0
0,2002,0.0
0,2003,0.0
0,2004,0.0
0,2005,0.0
0,2006,0.0
0,2007,0.0
0,2008,0.0
0,2009,0.0
0,2010,0.0
0,2011,0.0
0,2012,0.0
0,2013,0.0
0,2014,0.0
0,2015,0.0
0,2016,0.0
0,2017,0.0
0,2018,0.0
0,2019,0.0
0,2020,0.0
0,2021,0.0
0,2022,0.0
0,2023,0.0
0,2024,0.0
0,2025,0.0
0,2026,0.0
0,2027,0.0
0,2028,0.0
0,2029,0.0
0,2030,0.0
0,2031,0.0
0,2032,0.0
0,2033,0.0
0,2034,0.0
0,2035,0.0
0,2036,0.0
0,2037,0.0
0,2038,0.0
0,2039,0.0
0,2040,0.0
0,2041,0.0
0,2042,0.0
0,2043,0.0
0,2044,0.0
0,2045,0.0
0,2046,0.0
0,2047,0.0
0,2048,0.0
0,2049,0.0
0,2050,0.0
0,2051,0.0
0,2052,0.0
0,2053,0.0
0,2054,0.0
0,2055,0.0
0,2056,0.0
0,2057,0.0
0,2058,0.0
0,2059,0.0
0,2060,0.0
0,2061,0.0
0,2062,0.0
0,2063,0.0
0,2064,0.0
0,2065,0.0
0,2066,0.0
0,2067,0.0
0,2068,0.0
0,2069,0.0
0,2070,0.0
0,2071,0.0
0,2072,0.0
0,2073,0.0
0,2074,0.0
0,2075,0.0
0,2076,0.0
0,2077,0.0
0,2078,0.0
0,2079,0.0
0,2080,0.0
0,2081,0.0
0,2082,0.0
0,2083,0.0
0,2084,0.0
0,2085,0.0
0,2086,0.0
0,2087,0.0
0,2088,0.0
0,2089,0.0
0,2090,0.0
0,2091,0.0
0,2092,0.0
0,2093,0.0
0,2094,0.0
0,2095,0.0
0,2096,0.0
0,2097,0.0
0,2098,0.0
0,2099,0.0
0,2100,0.0
0,2101,0.0
0,2102,0.0
0,2103,0.0
0,2104,0.0
0,2105,0.0
0,2106,0.0
0,2107,0.0
0,2108,0.0
0,2109,0.0
0,2110,0.0
0,2111,0.0
0,2112,0.0
0,2113,0.0
0,2114,0.0
0,2115,0.0
0,2116,0.0
0,2117,0.0
0,2118,0.0
0,2119,0.0
0,2120,0.0
0,2121,0.0
0,2122,0.0
0,2123,0.0
0,2124,0.0
0,2125,0.0
0,2126,0.0
0,2127,0.0
0,2128,0.0
0,2129,0.0
0,2130,0.0
0,2131,0.0
0,2132,0.0
0,2133,0.0
0,2134,0.0
0,2135,0.0
0,2136,0.0
0,2137,0.0
0,2138,0.0
0,2139,0.0
0,2140,0.0
0,2141,0.0
0,2142,0.0
0,2143,0.0
0,2144,0.0
0,2145,0.0
0,2146,0.0
0,2147,0.0
0,2148,0.0
0,2149,0.0
0,2150,0.0
0,2151,0.0
0,2152,0.0
0,2153,0.0
0,2154,0.0
0,2155,0.0
0,2156,0.0
0,2157,0.0
0,2158,0.0
0,2159,0.0
0,2160,0.0
0,2161,0.0
0,2162,0.0
0,2163,0.0
0,2164,0.0
0,2165,0.0
0,2166,0.0
0,2167,0.0
0,2168,0.0
0,2169,0.0
0,2170,0.0
0,2171,0.0
0,2172,0.0
0,2173,0.0
0,2174,0.0
0,2175,0.0
0,2176,0.0
0,2177,0.0
0,2178,0.0
0,2179,0.0
0,2180,0.0
0,2181,0.0
0,2182,0.0
0,2183,0.0
0,2184,0.0
0,2185,0.0
0,2186,0.0
0,2187,0.0
0,2188,0.0
0,2189,0.0
0,2190,0.0
0,2191,0.0
0,2192,0.0
0,2193,0.0
0,2194,0.0
0,2195,0.0
0,2196,0.0
0,2197,0.0
0,2198,0.0
0,2199,0.0
0,2200,0.0
0,2201,0.0
0,2202,0.0
0,2203,0.0
0,2204,0.0
0,2205,0.0
0,2206,0.0
0,2207,0.0
0,2208,0.0
0,2209,0.0
0,2210,0.0
0,2211,0.0
0,2212,0.0
0,2213,0.0
0,2214,0.0
0,2215,0.0
0,2216,0.0
0,2217,0.0
0,2218,0.0
0,2219,0.0
0,2220,0.0
0,2221,0.0
0,2222,0.0
0,2223,0.0
0,2224,0.0
0,2225,0.0
0,2226,0.0
0,2227,0.0
0,2228,0.0
0,2229,0.0
0,2230,0.0
0,2231,0.0
0,2232,0.0
0,2233,0.0
0,2234,0.0
0,2235,0.0
0,2236,0.0
0,2237,0.0
0,2238,0.0
0,2239,0.0
0,2240,0.0
0,2241,0.0
0,2242,0.0
0,2243,0.0
0,2244,0.0
0,2245,0.0
0,2246,0.0
0,2247,0.0
0,2248,0.0
0,2249,0.0
0,2250,0.0
0,2251,0.0
0,2252,0.0
0,2253,0.0
0,2254,0.0
0,2255,0.0
0,2256,0.0
0,2257,0.0
0,2258,0.0
0,2259,0.0
0,2260,0.0
0,2261,0.0
0,2262,0.0
0,2263,0.0
0,2264,0.0
0,2265,0.0
0,2266,0.0
0,2267,0.0
0,2268,0.0
0,2269,0.0
0,2270,0.0
0,2271,0.0
0,2272,0.0
0,2273,0.0
0,2274,0.0
0,2275,0.0
0,2276,0.0
0,2277,0.0
0,2278,0.0
0,2279,0.0
0,2280,0.0
0,2281,0.0
0,2282,0.0
0,2283,0.0
0,2284,0.0
0,2285,0.0
0,2286,0.0
0,2287,0.0
0,2288,0.0
0,2289,0.0
0,2290,0.0
0,2291,0.0
0,2292,0.0
0,2293,0.0
0,2294,0.0
0,2295,0.0
0,2296,0.0
0,2297,0.0
0,2298,0.0
0,2299,0.0
0,2300,0.0
0,2301,0.0
0,2302,0.0
0,2303,0.0
0,2304,0.0
0,2305,0.0
0,2306,0.0
0,2307,0.0
0,2308,0.0
0,2309,0.0
0,2310,0.0
0,2311,0.0
0,2312,0.0
0,2313,0.0
0,2314,0.0
0,2315,0.0
0,2316,0.0
0,2317,0.0
0,2318,0.0
0,2319,0.0
0,2320,0.0
0,2321,0.0
0,2322,0.0
0,2323,0.0
0,2324,0.0
0,2325,0.0
0,2326,0.0
0,2327,0.0
0,2328,0.0
0,2329,0.0
0,2330,0.0
0,2331,0.0
0,2332,0.0
0,2333,0.0
0,2334,0.0
0,2335,0.0
0,2336,0.0
0,2337,0.0
0,2338,0.0
0,2339,0.0
0,2340,0.0
0,2341,0.0
0,2342,0.0
0,2343,0.0
0,2344,0.0
0,2345,0.0
0,2346,0.0
0,2347,0.0
0,2348,0.0
0,2349,0.0
0,2350,0.0
0,2351,0.0
0,2352,0.0
0,2353,0.0
0,2354,0.0
0,2355,0.0
0,2356,0.0
0,2357,0.0
0,2358,0.0
0,2359,0.0
0,2360,0.0
0,2361,0.0
0,2362,0.0
0,2363,0.0
0,2364,0.0
0,2365,0.0
0,2366,0.0
0,2367,0.0
0,2368,0.0
0,2369,0.0
0,2370,0.0
0,2371,0.0
0,2372,0.0
0,2373,0.0
0,2374,0.0
0,2375,0.0
0,2376,0.0
0,2377,0.0
0,2378,0.0
0,2379,0.0
0,2380,0.0
0,2381,0.0
0,2382,0.0
0,2383,0.0
0,2384,0.0
0,2385,0.0
0,2386,0.0
0,2387,0.0
0,2388,0.0
0,2389,0.0
0,2390,0.0
0,2391,0.0
0,2392,0.0
0,2393,0.0
0,2394,0.0
0,2395,0.0
0,2396,0.0
0,2397,0.0
0,2398,0.0
0,2399,0.0
0,2400,0.0
0,2401,0.0
0,2402,0.0
0,2403,0.0
0,2404,0.0
0,2405,0.0
0,2406,0.0
0,2407,0.0
0,2408,0.0
0,2409,0.0
0,2410,0.0
0,2411,0.0
0,2412,0.0
0,2413,0.0
0,2414,0.0
0,2415,0.0
0,2416,0.0
0,2417,0.0
0,2418,0.0
0,2419,0.0
0,2420,0.0
0,2421,0.0
0,2422,0.0
0,2423,0.0
0,2424,0.0
0,2425,0.0
0,2426,0.0
0,2427,0.0
0,2428,0.0
0,2429,0.0
0,2430,0.0
0,2431,0.0
0,2432,0.0
0,2433,0.0
0,2434,0.0
0,2435,0.0
0,2436,0.0
0,2437,0.0
0,2438,0.0
0,2439,0.0
0,2440,0.0
0,2441,0.0
0,2442,0.0
0,2443,0.0
0,2444,0.0
0,2445,0.0
0,2446,0.0
0,2447,0.0
0,2448,0.0
0,2449,0.0
0,2450,0.0
0,2451,0.0
0,2452,0.0
0,2453,0.0
0,2454,0.0
0,2455,0.0
0,2456,0.0
0,2457,0.0
0,2458,0.0
0,2459,0.0
0,2460,0.0
0,2461,0.0
0,2462,0.0
0,2463,0.0
0,2464,0.0
0,2465,0.0
0,2466,0.0
0,2467,0.0
0,2468,0.0
0,2469,0.0
0,2470,0.0
0,2471,0.0
0,2472,0.0
0,2473,0.0
0,2474,0.0
0,2475,0.0
0,2476,0.0
0,2477,0.0
0,2478,0.0
0,2479,0.0
0,2480,0.0
0,2481,0.0
0,2482,0.0
0,2483,0.0
0,2484,0.0
0,2485,0.0
0,2486,0.0
0,2487,0.0
0,2488,0.0
0,2489,0.0
0,2490,0.0
0,2491,0.0
0,2492,0.0
0,2493,0.0
0,2494,0.0
0,2495,0.0
0,2496,0.0
0,2497,0.0
0,2498,0.0
0,2499,0.0
0,2500,0.0
0,2501,0.0
0,2502,0.0
0,2503,0.0
0,2504,0.0
0,2505,0.0
0,2506,0.0
0,2507,0.0
0,2508,0.0
0,2509,0.0
0,2510,0.0
0,2511,0.0
0,2512,0.0
0,2513,0.0
0,2514,0.0
0,2515,0.0
0,2516,0.0
0,2517,0.0
0,2518,0.0
0,2519,0.0
0,2520,0.0
0,2521,0.0
0,2522,0.0
0,2523,0.0
0,2524,0.0
0,2525,0.0
0,2526,0.0
0,2527,0.0
0,2528,0.0
0,2529,0.0
0,2530,0.0
0,2531,0.0
0,2532,0.0
0,2533,0.0
0,2534,0.0
0,2535,0.0
0,2536,0.0
0,2537,0.0
0,2538,0.0
0,2539,0.0
0,2540,0.0
0,2541,0.0
0,2542,0.0
0,2543,0.0
0,2544,0.0
0,2545,0.0
0,2546,0.0
0,2547,0.0
0,2548,0.0
0,2549,0.0
0,2550,0.0
0,2551,0.0
0,2552,0.0
0,2553,0.0
0,2554,0.0
0,2555,0.0
0,2556,0.0
0,2557,0.0
0,2558,0.0
0,2559,0.0
0,2560,0.0
0,2561,0.0
0,2562,0.0
0,2563,0.0
0,2564,0.0
0,2565,0.0
0,2566,0.0
0,2567,0.0
0,2568,0.0
0,2569,0.0
0,2570,0.0
0,2571,0.0
0,2572,0.0
0,2573,0.0
0,2574,0.0
0,2575,0.0
0,2576,0.0
0,2577,0.0
0,2578,0.0
0,2579,0.0
0,2580,0.0
0,2581,0.0
0,2582,0.0
0,2583,0.0
0,2584,0.0
0,2585,0.0
0,2586,0.0
0,2587,0.0
0,2588,0.0
0,2589,0.0
0,2590,0.0
0,2591,0.0
0,2592,0.0
0,2593,0.0
0,2594,0.0
0,2595,0.0
0,2596,0.0
0,2597,0.0
0,2598,0.0
0,2599,0.0
0,2600,0.0
0,2601,0.0
0,2602,0.0
0,2603,0.0
0,2604,0.0
0,2605,0.0
0,2606,0.0
0,2607,0.0
0,2608,0.0
0,2609,0.0
0,2610,0.0
0,2611,0.0
0,2612,0.0
0,2613,0.0
0,2614,0.0
0,2615,0.0
0,2616,0.0
0,2617,0.0
0,2618,0.0
0,2619,0.0
0,2620,0.0
0,2621,0.0
0,2622,0.0
0,2623,0.0
0,2624,0.0
0,2625,0.0
0,2626,0.0
0,2627,0.0
0,2628,0.0
0,2629,0.0
0,2630,0.0
0,2631,0.0
0,2632,0.0
0,2633,0.0
0,2634,0.0
0,2635,0.0
0,2636,0.0
0,2637,0.0
0,2638,0.0
0,2639,0.0
0,2640,0.0
0,2641,0.0
0,2642,0.0
0,2643,0.0
0,2644,0.0
0,2645,0.0
0,2646,0.0
0,2647,0.0
0,2648,0.0
0,2649,0.0
0,2650,0.0
0,2651,0.0
0,2652,0.0
0,2653,0.0
0,2654,0.0
0,2655,0.0
0,2656,0.0
0,2657,0.0
0,2658,0.0
0,2659,0.0
0,2660,0.0
0,2661,0.0
0,2662,0.0
0,2663,0.0
0,2664,0.0
0,2665,0.0
0,2666,0.0
0,2667,0.0
0,2668,0.0
0,2669,0.0
0,2670,0.0
0,2671,0.0
0,2672,0.0
0,2673,0.0
0,2674,0.0
0,2675,0.0
0,2676,0.0
0,2677,0.0
0,2678,0.0
0,2679,0.0
0,2680,0.0
0,2681,0.0
0,2682,0.0
0,2683,0.0
0,2684,0.0
0,2685,0.0
0,2686,0.0
0,2687,0.0
0,2688,0.0
0,2689,0.0
0,2690,0.0
0,2691,0.0
0,2692,0.0
0,2693,0.0
0,2694,0.0
0,2695,0.0
0,2696,0.0
0,2697,0.0
0,2698,0.0
0,2699,0.0
0,2700,0.0
0,2701,0.0
0,2702,0.0
0,2703,0.0
0,2704,0.0
0,2705,0.0
0,2706,0.0
0,2707,0.0
0,2708,0.0
0,2709,0.0
0,2710,0.0
0,2711,0.0
0,2712,0.0
0,2713,0.0
0,2714,0.0
0,2715,0.0
0,2716,0.0
0,2717,0.0
0,2718,0.0
0,2719,0.0
0,2720,0.0
0,2721,0.0
0,2722,0.0
0,2723,0.0
0,2724,0.0
0,2725,0.0
0,2726,0.0
0,2727,0.0
0,2728,0.0
0,2729,0.0
0,2730,0.0
0,2731,0.0
0,2732,0.0
0,2733,0.0
0,2734,0.0
0,2735,0.0
0,2736,0.0
0,2737,0.0
0,2738,0.0
0,2739,0.0
0,2740,0.0
0,2741,0.0
0,2742,0.0
0,2743,0.0
0,2744,0.0
0,2745,0.0
0,2746,0.0
0,2747,0.0
0,2748,0.0
0,2749,0.0
0,2750,0.0
0,2751,0.0
0,2752,0.0
0,2753,0.0
0,2754,0.0
0,2755,0.0
0,2756,0.0
0,2757,0.0
0,2758,0.0
0,2759,0.0
0,2760,0.0
0,2761,0.0
0,2762,0.0
0,2763,0.0
0,2764,0.0
0,2765,0.0
0,2766,0.0
0,2767,0.0
0,2768,0.0
0,2769,0.0
0,2770,0.0
0,2771,0.0
0,2772,0.0
0,2773,0.0
0,2774,0.0
0,2775,0.0
0,2776,0.0
0,2777,0.0
0,2778,0.0
0,2779,0.0
0,2780,0.0
0,2781,0.0
0,2782,0.0
0,2783,0.0
0,2784,0.0
0,2785,0.0
0,2786,0.0
0,2787,0.0
0,2788,0.0
0,2789,0.0
0,2790,0.0
0,2791,0.0
0,2792,0.0
0,2793,0.0
0,2794,0.0
0,2795,0.0
0,2796,0.0
0,2797,0.0
0,2798,0.0
0,2799,0.0
0,2800,0.0
0,2801,0.0
0,2802,0.0
0,2803,0.0
0,2804,0.0
0,2805,0.0
0,2806,0.0
0,2807,0.0
0,2808,0.0
0,2809,0.0
0,2810,0.0
0,2811,0.0
0,2812,0.0
0,2813,0.0
0,2814,0.0
0,2815,0.0
0,2816,0.0
0,2817,0.0
0,2818,0.0
0,2819,0.0
0,2820,0.0
0,2821,0.0
0,2822,0.0
0,2823,0.0
0,2824,0.0
0,2825,0.0
0,2826,0.0
0,2827,0.0
0,2828,0.0
0,2829,0.0
0,2830,0.0
0,2831,0.0
0,2832,0.0
0,2833,0.0
0,2834,0.0
0,2835,0.0
0,2836,0.0
0,2837,0.0
0,2838,0.0
0,2839,0.0
0,2840,0.0
0,2841,0.0
0,2842,0.0
0,2843,0.0
0,2844,0.0
0,2845,0.0
0,2846,0.0
0,2847,0.0
0,2848,0.0
0,2849,0.0
0,2850,0.0
0,2851,0.0
0,2852,0.0
0,2853,0.0
0,2854,0.0
0,2855,0.0
0,2856,0.0
0,2857,0.0
0,2858,0.0
0,2859,0.0
0,2860,0.0
0,2861,0.0
0,2862,0.0
0,2863,0.0
0,2864,0.0
0,2865,0.0
0,2866,0.0
0,2867,0.0
0,2868,0.0
0,2869,0.0
0,2870,0.0
0,2871,0.0
0,2872,0.0
0,2873,0.0
0,2874,0.0
0,2875,0.0
0,2876,0.0
0,2877,0.0
0,2878,0.0
0,2879,0.0
0,2880,0.0
0,2881,0.0
0,2882,0.0
0,2883,0.0
0,2884,0.0
0,2885,0.0
0,2886,0.0
0,2887,0.0
0,2888,0.0
0,2889,0.0
0,2890,0.0
0,2891,0.0
0,2892,0.0
0,2893,0.0
0,2894,0.0
0,2895,0.0
0,2896,0.0
0,2897,0.0
0,2898,0.0
0,2899,0.0
0,2900,0.0
0,2901,0.0
0,2902,0.0
0,2903,0.0
0,2904,0.0
0,2905,0.0
0,2906,0.0
0,2907,0.0
0,2908,0.0
0,2909,0.0
0,2910,0.0
0,2911,0.0
0,2912,0.0
0,2913,0.0
0,2914,0.0
0,2915,0.0
0,2916,0.0
0,2917,0.0
0,2918,0.0
0,2919,0.0
0,2920,0.0
0,2921,0.0
0,2922,0.0
0,2923,0.0
0,2924,0.0
0,2925,0.0
0,2926,0.0
0,2927,0.0
0,2928,0.0
0,2929,0.0
0,2930,0.0
0,2931,0.0
0,2932,0.0
0,2933,0.0
0,2934,0.0
0,2935,0.0
0,2936,0.0
0,2937,0.0
0,2938,0.0
0,2939,0.0
0,2940,0.0
0,2941,0.0
0,2942,0.0
0,2943,0.0
0,2944,0.0
0,2945,0.0
0,2946,0.0
0,2947,0.0
0,2948,0.0
0,2949,0.0
0,2950,0.0
0,2951,0.0
0,2952,0.0
0,2953,0.0
0,2954,0.0
0,2955,0.0
0,2956,0.0
0,2957,0.0
0,2958,0.0
0,2959,0.0
0,2960,0.0
0,2961,0.0
0,2962,0.0
0,2963,0.0
0,2964,0.0
0,2965,0.0
0,2966,0.0
0,2967,0.0
0,2968,0.0
0,2969,0.0
0,2970,0.0
0,2971,0.0
0,2972,0.0
0,2973,0.0
0,2974,0.0
0,2975,0.0
0,2976,0.0
0,2977,0.0
0,2978,0.0
0,2979,0.0
0,2980,0.0
0,2981,0.0
0,2982,0.0
0,2983,0.0
0,2984,0.0
0,2985,0.0
0,2986,0.0
0,2987,0.0
0,2988,0.0
0,2989,0.0
0,2990,0.0
0,2991,0.0
0,2992,0.0
0,2993,0.0
0,2994,0.0
0,2995,0.0
0,2996,0.0
0,2997,0.0
0,2998,0.0
0,2999,0.0
0,3000,0.0
0,3001,0.0
0,3002,0.0
0,3003,0.0
0,3004,0.0
0,3005,0.0
0,3006,0.0
0,3007,0.0
0,3008,0.0
0,3009,0.0
0,3010,0.0
0,3011,0.0
0,3012,0.0
0,3013,0.0
0,3014,0.0
0,3015,0.0
0,3016,0.0
0,3017,0.0
0,3018,0.0
0,3019,0.0
0,3020,0.0
0,3021,0.0
0,3022,0.0
0,3023,0.0
0,3024,0.0
0,3025,0.0
0,3026,0.0
0,3027,0.0
0,3028,0.0
0,3029,0.0
0,3030,0.0
0,3031,0.0
0,3032,0.0
0,3033,0.0
0,3034,0.0
0,3035,0.0
0,3036,0.0
0,3037,0.0
0,3038,0.0
0,3039,0.0
0,3040,0.0
0,3041,0.0
0,3042,0.0
0,3043,0.0
0,3044,0.0
0,3045,0.0
0,3046,0.0
0,3047,0.0
0,3048,0.0
0,3049,0.0
0,3050,0.0
0,3051,0.0
0,3052,0.0
0,3053,0.0
0,3054,0.0
0,3055,0.0
0,3056,0.0
0,3057,0.0
0,3058,0.0
0,3059,0.0
0,3060,0.0
0,3061,0.0
0,3062,0.0
0,3063,0.0
0,3064,0.0
0,3065,0.0
0,3066,0.0
0,3067,0.0
0,3068,0.0
0,3069,0.0
0,3070,0.0
0,3071,0.0
0,3072,0.0
0,3073,0.0
0,3074,0.0
0,3075,0.0
0,3076,0.0
0,3077,0.0
0,3078,0.0
0,3079,0.0
0,3080,0.0
0,3081,0.0
0,3082,0.0
0,3083,0.0
0,3084,0.0
0,3085,0.0
0,3086,0.0
0,3087,0.0
0,3088,0.0
0,3089,0.0
0,3090,0.0
0,3091,0.0
0,3092,0.0
0,3093,0.0
0,3094,0.0
0,3095,0.0
0,3096,0.0
0,3097,0.0
0,3098,0.0
0,3099,0.0
0,3100,0.0
0,3101,0.0
0,3102,0.0
0,3103,0.0
0,3104,0.0
0,3105,0.0
0,3106,0.0
0,3107,0.0
0,3108,0.0
0,3109,0.0
0,3110,0.0
0,3111,0.0
0,3112,0.0
0,3113,0.0
0,3114,0.0
0,3115,0.0
0,3116,0.0
0,3117,0.0
0,3118,0.0
0,3119,0.0
0,3120,0.0
0,3121,0.0
0,3122,0.0
0,3123,0.0
0,3124,0.0
0,3125,0.0
0,3126,0.0
0,3127,0.0
0,3128,0.0
0,3129,0.0
0,3130,0.0
0,3131,0.0
0,3132,0.0
0,3133,0.0
0,3134,0.0
0,3135,0.0
0,3136,0.0
0,3137,0.0
0,3138,0.0
0,3139,0.0
0,3140,0.0
0,3141,0.0
0,3142,0.0
0,3143,0.0
0,3144,0.0
0,3145,0.0
0,3146,0.0
0,3147,0.0
0,3148,0.0
0,3149,0.0
0,3150,0.0
0,3151,0.0
0,3152,0.0
0,3153,0.0
0,3154,0.0
0,3155,0.0
0,3156,0.0
0,3157,0.0
0,3158,0.0
0,3159,0.0
0,3160,0.0
0,3161,0.0
0,3162,0.0
0,3163,0.0
0,3164,0.0
0,3165,0.0
0,3166,0.0
0,3167,0.0
0,3168,0.0
0,3169,0.0
0,3170,0.0
0,3171,0.0
0,3172,0.0
0,3173,0.0
0,3174,0.0
0,3175,0.0
0,3176,0.0
0,3177,0.0
0,3178,0.0
0,3179,0.0
0,3180,0.0
0,3181,0.0
0,3182,0.0
0,3183,0.0
0,3184,0.0
0,3185,0.0
0,3186,0.0
0,3187,0.0
0,3188,0.0
0,3189,0.0
0,3190,0.0
0,3191,0.0
0,3192,0.0
0,3193,0.0
0,3194,0.0
0,3195,0.0
0,3196,0.0
0,3197,0.0
0,3198,0.0
0,3199,0.0
0,3200,0.0
0,3201,0.0
0,3202,0.0
0,3203,0.0
0,3204,0.0
0,3205,0.0
0,3206,0.0
0,3207,0.0
0,3208,0.0
0,3209,0.0
0,3210,0.0
0,3211,0.0
0,3212,0.0
0,3213,0.0
0,3214,0.0
0,3215,0.0
0,3216,0.0
0,3217,0.0
0,3218,0.0
0,3219,0.0
0,3220,0.0
0,3221,0.0
0,3222,0.0
0,3223,0.0
0,3224,0.0
0,3225,0.0
0,3226,0.0
0,3227,0.0
0,3228,0.0
0,3229,0.0
0,3230,0.0
0,3231,0.0
0,3232,0.0
0,3233,0.0
0,3234,0.0
0,3235,0.0
0,3236,0.0
0,3237,0.0
0,3238,0.0
0,3239,0.0
0,3240,0.0
0,3241,0.0
0,3242,0.0
0,3243,0.0
0,3244,0.0
0,3245,0.0
0,3246,0.0
0,3247,0.0
0,3248,0.0
0,3249,0.0
0,3250,0.0
0,3251,0.0
0,3252,0.0
0,3253,0.0
0,3254,0.0
0,3255,0.0
0,3256,0.0
0,3257,0.0
0,3258,0.0
0,3259,0.0
0,3260,0.0
0,3261,0.0
0,3262,0.0
0,3263,0.0
0,3264,0.0
0,3265,0.0
0,3266,0.0
0,3267,0.0
0,3268,0.0
0,3269,0.0
0,3270,0.0
0,3271,0.0
0,3272,0.0
0,3273,0.0
0,3274,0.0
0,3275,0.0
0,3276,0.0
0,3277,0.0
0,3278,0.0
0,3279,0.0
0,3280,0.0
0,3281,0.0
0,3282,0.0
0,3283,0.0
0,3284,0.0
0,3285,0.0
0,3286,0.0
0,3287,0.0
0,3288,0.0
0,3289,0.0
0,3290,0.0
0,3291,0.0
0,3292,0.0
0,3293,0.0
0,3294,0.0
0,3295,0.0
0,3296,0.0
0,3297,0.0
0,3298,0.0
0,3299,0.0
0,3300,0.0
0,3301,0.0
0,3302,0.0
0,3303,0.0
0,3304,0.0
0,3305,0.0
0,3306,0.0
0,3307,0.0
0,3308,0.0
0,3309,0.0
0,3310,0.0
0,3311,0.0
0,3312,0.0
0,3313,0.0
0,3314,0.0
0,3315,0.0
0,3316,0.0
0,3317,0.0
0,3318,0.0
0,3319,0.0
0,3320,0.0
0,3321,0.0
0,3322,0.0
0,3323,0.0
0,3324,0.0
0,3325,0.0
0,3326,0.0
0,3327,0.0
0,3328,0.0
0,3329,0.0
0,3330,0.0
0,3331,0.0
0,3332,0.0
0,3333,0.0
0,3334,0.0
0,3335,0.0
0,3336,0.0
0,3337,0.0
0,3338,0.0
0,3339,0.0
0,3340,0.0
0,3341,0.0
0,3342,0.0
0,3343,0.0
0,3344,0.0
0,3345,0.0
0,3346,0.0
0,3347,0.0
0,3348,0.0
0,3349,0.0
0,3350,0.0
0,3351,0.0
0,3352,0.0
0,3353,0.0
0,3354,0.0
0,3355,0.0
0,3356,0.0
0,3357,0.0
0,3358,0.0
0,3359,0.0
0,3360,0.0
0,3361,0.0
0,3362,0.0
0,3363,0.0
0,3364,0.0
0,3365,0.0
0,3366,0.0
0,3367,0.0
0,3368,0.0
0,3369,0.0
0,3370,0.0
0,3371,0.0
0,3372,0.0
0,3373,0.0
0,3374,0.0
0,3375,0.0
0,3376,0.0
0,3377,0.0
0,3378,0.0
0,3379,0.0
0,3380,0.0
0,3381,0.0
0,3382,0.0
0,3383,0.0
0,3384,0.0
0,3385,0.0
0,3386,0.0
0,3387,0.0
0,3388,0.0
0,3389,0.0
0,3390,0.0
0,3391,0.0
0,3392,0.0
0,3393,0.0
0,3394,0.0
0,3395,0.0
0,3396,0.0
0,3397,0.0
0,3398,0.0
0,3399,0.0
0,3400,0.0
0,3401,0.0
0,3402,0.0
0,3403,0.0
0,3404,0.0
0,3405,0.0
0,3406,0.0
0,3407,0.0
0,3408,0.0
0,3409,0.0
0,3410,0.0
0,3411,0.0
0,3412,0.0
0,3413,0.0
0,3414,0.0
0,3415,0.0
0,3416,0.0
0,3417,0.0
0,3418,0.0
0,3419,0.0
0,3420,0.0
0,3421,0.0
0,3422,0.0
0,3423,0.0
0,3424,0.0
0,3425,0.0
0,3426,0.0
0,3427,0.0
0,3428,0.0
0,3429,0.0
0,3430,0.0
0,3431,0.0
0,3432,0.0
0,3433,0.0
0,3434,0.0
0,3435,0.0
0,3436,0.0
0,3437,0.0
0,3438,0.0
0,3439,0.0
0,3440,0.0
0,3441,0.0
0,3442,0.0
0,3443,0.0
0,3444,0.0
0,3445,0.0
0,3446,0.0
0,3447,0.0
0,3448,0.0
0,3449,0.0
0,3450,0.0
0,3451,0.0
0,3452,0.0
0,3453,0.0
0,3454,0.0
0,3455,0.0
0,3456,0.0
0,3457,0.0
0,3458,0.0
0,3459,0.0
0,3460,0.0
0,3461,0.0
0,3462,0.0
0,3463,0.0
0,3464,0.0
0,3465,0.0
0,3466,0.0
0,3467,0.0
0,3468,0.0
0,3469,0.0
0,3470,0.0
0,3471,0.0
0,3472,0.0
0,3473,0.0
0,3474,0.0
0,3475,0.0
0,3476,0.0
0,3477,0.0
0,3478,0.0
0,3479,0.0
0,3480,0.0
0,3481,0.0
0,3482,0.0
0,3483,0.0
0,3484,0.0
0,3485,0.0
0,3486,0.0
0,3487,0.0
0,3488,0.0
0,3489,0.0
0,3490,0.0
0,3491,0.0
0,3492,0.0
0,3493,0.0
0,3494,0.0
0,3495,0.0
0,3496,0.0
0,3497,0.0
0,3498,0.0
0,3499,0.0
0,3500,0.0
0,3501,0.0
0,3502,0.0
0,3503,0.0
0,3504,0.0
0,3505,0.0
0,3506,0.0
0,3507,0.0
0,3508,0.0
0,3509,0.0
0,3510,0.0
0,3511,0.0
0,3512,0.0
0,3513,0.0
0,3514,0.0
0,3515,0.0
0,3516,0.0
0,3517,0.0
0,3518,0.0
0,3519,0.0
0,3520,0.0
0,3521,0.0
0,3522,0.0
0,3523,0.0
0,3524,0.0
0,3525,0.0
0,3526,0.0
0,3527,0.0
0,3528,0.0
0,3529,0.0
0,3530,0.0
0,3531,0.0
0,3532,0.0
0,3533,0.0
0,3534,0.0
0,3535,0.0
0,3536,0.0
0,3537,0.0
0,3538,0.0
0,3539,0.0
0,3540,0.0
0,3541,0.0
0,3542,0.0
0,3543,0.0
0,3544,0.0
0,3545,0.0
0,3546,0.0
0,3547,0.0
0,3548,0.0
0,3549,0.0
0,3550,0.0
0,3551,0.0
0,3552,0.0
0,3553,0.0
0,3554,0.0
0,3555,0.0
0,3556,0.0
0,3557,0.0
0,3558,0.0
0,3559,0.0
0,3560,0.0
0,3561,0.0
0,3562,0.0
0,3563,0.0
0,3564,0.0
0,3565,0.0
0,3566,0.0
0,3567,0.0
0,3568,0.0
0,3569,0.0
0,3570,0.0
0,3571,0.0
0,3572,0.0
0,3573,0.0
0,3574,0.0
0,3575,0.0
0,3576,0.0
0,3577,0.0
0,3578,0.0
0,3579,0.0
0,3580,0.0
0,3581,0.0
0,3582,0.0
0,3583,0.0
0,3584,0.0
0,3585,0.0
0,3586,0.0
0,3587,0.0
0,3588,0.0
0,3589,0.0
0,3590,0.0
0,3591,0.0
0,3592,0.0
0,3593,0.0
0,3594,0.0
0,3595,0.0
0,3596,0.0
0,3597,0.0
0,3598,0.0
0,3599,0.0
0,3600,0.0
0,3601,0.0
0,3602,0.0
0,3603,0.0
0,3604,0.0
0,3605,0.0
0,3606,0.0
0,3607,0.0
0,3608,0.0
0,3609,0.0
0,3610,0.0
0,3611,0.0
0,3612,0.0
0,3613,0.0
0,3614,0.0
0,3615,0.0
0,3616,0.0
0,3617,0.0
0,3618,0.0
0,3619,0.0
0,3620,0.0
0,3621,0.0
0,3622,0.0
0,3623,0.0
0,3624,0.0
0,3625,0.0
0,3626,0.0
0,3627,0.0
0,3628,0.0
0,3629,0.0
0,3630,0.0
0,3631,0.0
0,3632,0.0
0,3633,0.0
0,3634,0.0
0,3635,0.0
0,3636,0.0
0,3637,0.0
0,3638,0.0
0,3639,0.0
0,3640,0.0
0,3641,0.0
0,3642,0.0
0,3643,0.0
0,3644,0.0
0,3645,0.0
0,3646,0.0
0,3647,0.0
0,3648,0.0
0,3649,0.0
0,3650,0.0
0,3651,0.0
0,3652,0.0
0,3653,0.0
0,3654,0.0
0,3655,0.0
0,3656,0.0
0,3657,0.0
0,3658,0.0
0,3659,0.0
0,3660,0.0
0,3661,0.0
0,3662,0.0
0,3663,0.0
0,3664,0.0
0,3665,0.0
0,3666,0.0
0,3667,0.0
0,3668,0.0
0,3669,0.0
0,3670,0.0
0,3671,0.0
0,3672,0.0
0,3673,0.0
0,3674,0.0
0,3675,0.0
0,3676,0.0
0,3677,0.0
0,3678,0.0
0,3679,0.0
0,3680,0.0
0,3681,0.0
0,3682,0.0
0,3683,0.0
0,3684,0.0
0,3685,0.0
0,3686,0.0
0,3687,0.0
0,3688,0.0
0,3689,0.0
0,3690,0.0
0,3691,0.0
0,3692,0.0
0,3693,0.0
0,3694,0.0
0,3695,0.0
0,3696,0.0
0,3697,0.0
0,3698,0.0
0,3699,0.0
0,3700,0.0
0,3701,0.0
0,3702,0.0
0,3703,0.0
0,3704,0.0
0,3705,0.0
0,3706,0.0
0,3707,0.0
0,3708,0.0
0,3709,0.0
0,3710,0.0
0,3711,0.0
0,3712,0.0
0,3713,0.0
0,3714,0.0
0,3715,0.0
0,3716,0.0
0,3717,0.0
0,3718,0.0
0,3719,0.0
0,3720,0.0
0,3721,0.0
0,3722,0.0
0,3723,0.0
0,3724,0.0
0,3725,0.0
0,3726,0.0
0,3727,0.0
0,3728,0.0
0,3729,0.0
0,3730,0.0
0,3731,0.0
0,3732,0.0
0,3733,0.0
0,3734,0.0
0,3735,0.0
0,3736,0.0
0,3737,0.0
0,3738,0.0
0,3739,0.0
0,3740,0.0
0,3741,0.0
0,3742,0.0
0,3743,0.0
0,3744,0.0
0,3745,0.0
0,3746,0.0
0,3747,0.0
0,3748,0.0
0,3749,0.0
0,3750,0.0
0,3751,0.0
0,3752,0.0
0,3753,0.0
0,3754,0.0
0,3755,0.0
0,3756,0.0
0,3757,0.0
0,3758,0.0
0,3759,0.0
0,3760,0.0
0,3761,0.0
0,3762,0.0
0,3763,0.0
0,3764,0.0
0,3765,0.0
0,3766,0.0
0,3767,0.0
0,3768,0.0
0,3769,0.0
0,3770,0.0
0,3771,0.0
0,3772,0.0
0,3773,0.0
0,3774,0.0
0,3775,0.0
0,3776,0.0
0,3777,0.0
0,3778,0.0
0,3779,0.0
0,3780,0.0
0,3781,0.0
0,3782,0.0
0,3783,0.0
0,3784,0.0
0,3785,0.0
0,3786,0.0
0,3787,0.0
0,3788,0.0
0,3789,0.0
0,3790,0.0
0,3791,0.0
0,3792,0.0
0,3793,0.0
0,3794,0.0
0,3795,0.0
0,3796,0.0
0,3797,0.0
0,3798,0.0
0,3799,0.0
0,3800,0.0
0,3801,0.0
0,3802,0.0
0,3803,0.0
0,3804,0.0
0,3805,0.0
0,3806,0.0
0,3807,0.0
0,3808,0.0
0,3809,0.0
0,3810,0.0
0,3811,0.0
0,3812,0.0
0,3813,0.0
0,3814,0.0
0,3815,0.0
0,3816,0.0
0,3817,0.0
0,3818,0.0
0,3819,0.0
0,3820,0.0
0,3821,0.0
0,3822,0.0
0,3823,0.0
0,3824,0.0
0,3825,0.0
0,3826,0.0
0,3827,0.0
0,3828,0.0
0,3829,0.0
0,3830,0.0
0,3831,0.0
0,3832,0.0
0,3833,0.0
0,3834,0.0
0,3835,0.0
0,3836,0.0
0,3837,0.0
0,3838,0.0
0,3839,0.0
0,3840,0.0
0,3841,0.0
0,3842,0.0
0,3843,0.0
0,3844,0.0
0,3845,0.0
0,3846,0.0
0,3847,0.0
0,3848,0.0
0,3849,0.0
0,3850,0.0
0,3851,0.0
0,3852,0.0
0,3853,0.0
0,3854,0.0
0,3855,0.0
0,3856,0.0
0,3857,0.0
0,3858,0.0
0,3859,0.0
0,3860,0.0
0,3861,0.0
0,3862,0.0
0,3863,0.0
0,3864,0.0
0,3865,0.0
0,3866,0.0
0,3867,0.0
0,3868,0.0
0,3869,0.0
0,3870,0.0
0,3871,0.0
0,3872,0.0
0,3873,0.0
0,3874,0.0
0,3875,0.0
0,3876,0.0
0,3877,0.0
0,3878,0.0
0,3879,0.0
0,3880,0.0
0,3881,0.0
0,3882,0.0
0,3883,0.0
0,3884,0.0
0,3885,0.0
0,3886,0.0
0,3887,0.0
0,3888,0.0
0,3889,0.0
0,3890,0.0
0,3891,0.0
0,3892,0.0
0,3893,0.0
0,3894,0.0
0,3895,0.0
0,3896,0.0
0,3897,0.0
0,3898,0.0
0,3899,0.0
0,3900,0.0
0,3901,0.0
0,3902,0.0
0,3903,0.0
0,3904,0.0
0,3905,0.0
0,3906,0.0
0,3907,0.0
0,3908,0.0
0,3909,0.0
0,3910,0.0
0,3911,0.0
0,3912,0.0
0,3913,0.0
0,3914,0.0
0,3915,0.0
0,3916,0.0
0,3917,0.0
0,3918,0.0
0,3919,0.0
0,3920,0.0
0,3921,0.0
0,3922,0.0
0,3923,0.0
0,3924,0.0
0,3925,0.0
0,3926,0.0
0,3927,0.0
0,3928,0.0
0,3929,0.0
0,3930,0.0
0,3931,0.0
0,3932,0.0
0,3933,0.0
0,3934,0.0
0,3935,0.0
0,3936,0.0
0,3937,0.0
0,3938,0.0
0,3939,0.0
0,3940,0.0
0,3941,0.0
0,3942,0.0
0,3943,0.0
0,3944,0.0
0,3945,0.0
0,3946,0.0
0,3947,0.0
0,3948,0.0
0,3949,0.0
0,3950,0.0
0,3951,0.0
0,3952,0.0
0,3953,0.0
0,3954,0.0
0,3955,0.0
0,3956,0.0
0,3957,0.0
0,3958,0.0
0,3959,0.0
0,3960,0.0
0,3961,0.0
0,3962,0.0
0,3963,0.0
0,3964,0.0
0,3965,0.0
0,3966,0.0
0,3967,0.0
0,3968,0.0
0,3969,0.0
0,3970,0.0
0,3971,0.0
0,3972,0.0
0,3973,0.0
0,3974,0.0
0,3975,0.0
0,3976,0.0
0,3977,0.0
0,3978,0.0
0,3979,0.0
0,3980,0.0
0,3981,0.0
0,3982,0.0
0,3983,0.0
0,3984,0.0
0,3985,0.0
0,3986,0.0
0,3987,0.0
0,3988,0.0
0,3989,0.0
0,3990,0.0
0,3991,0.0
0,3992,0.0
0,3993,0.0
0,3994,0.0
0,3995,0.0
0,3996,0.0
0,3997,0.0
0,3998,0.0
0,3999,0.0
0,4000,0.0
0,4001,0.0
0,4002,0.0
0,4003,0.0
0,4004,0.0
0,4005,0.0
0,4006,0.0
0,4007,0.0
0,4008,0.0
0,4009,0.0
0,4010,0.0
0,4011,0.0
0,4012,0.0
0,4013,0.0
0,4014,0.0
0,4015,0.0
0,4016,0.0
0,4017,0.0
0,4018,0.0
0,4019,0.0
0,4020,0.0
0,4021,0.0
0,4022,0.0
0,4023,0.0
0,4024,0.0
0,4025,0.0
0,4026,0.0
0,4027,0.0
0,4028,0.0
0,4029,0.0
0,4030,0.0
0,4031,0.0
0,4032,0.0
0,4033,0.0
0,4034,0.0
0,4035,0.0
0,4036,0.0
0,4037,0.0
0,4038,0.0
0,4039,0.0
0,4040,0.0
0,4041,0.0
0,4042,0.0
0,4043,0.0
0,4044,0.0
0,4045,0.0
0,4046,0.0
0,4047,0.0
0,4048,0.0
0,4049,0.0
0,4050,0.0
0,4051,0.0
0,4052,0.0
0,4053,0.0
0,4054,0.0
0,4055,0.0
0,4056,0.0
0,4057,0.0
0,4058,0.0
0,4059,0.0
0,4060,0.0
0,4061,0.0
0,4062,0.0
0,4063,0.0
0,4064,0.0
0,4065,0.0
0,4066,0.0
0,4067,0.0
0,4068,0.0
0,4069,0.0
0,4070,0.0
0,4071,0.0
0,4072,0.0
0,4073,0.0
0,4074,0.0
0,4075,0.0
0,4076,0.0
0,4077,0.0
0,4078,0.0
0,4079,0.0
0,4080,0.0
0,4081,0.0
0,4082,0.0
0,4083,0.0
0,4084,0.0
0,4085,0.0
0,4086,0.0
0,4087,0.0
0,4088,0.0
0,4089,0.0
0,4090,0.0
0,4091,0.0
0,4092,0.0
0,4093,0.0
0,4094,0.0
0,4095,0.0
0,4096,0.0
0,4097,0.0
0,4098,0.0
0,4099,0.0
0,4100,0.0
0,4101,0.0
0,4102,0.0
0,4103,0.0
0,4104,0.0
0,4105,0.0
0,4106,0.0
0,4107,0.0
0,4108,0.0
0,4109,0.0
0,4110,0.0
0,4111,0.0
0,4112,0.0
0,4113,0.0
0,4114,0.0
0,4115,0.0
0,4116,0.0
0,4117,0.0
0,4118,0.0
0,4119,0.0
0,4120,0.0
0,4121,0.0
0,4122,0.0
0,4123,0.0
0,4124,0.0
0,4125,0.0
0,4126,0.0
0,4127,0.0
0,4128,0.0
0,4129,0.0
0,4130,0.0
0,4131,0.0
0,4132,0.0
0,4133,0.0
0,4134,0.0
0,4135,0.0
0,4136,0.0
0,4137,0.0
0,4138,0.0
0,4139,0.0
0,4140,0.0
0,4141,0.0
0,4142,0.0
0,4143,0.0
0,4144,0.0
0,4145,0.0
0,4146,0.0
0,4147,0.0
0,4148,0.0
0,4149,0.0
0,4150,0.0
0,4151,0.0
0,4152,0.0
0,4153,0.0
0,4154,0.0
0,4155,0.0
0,4156,0.0
0,4157,0.0
0,4158,0.0
0,4159,0.0
0,4160,0.0
0,4161,0.0
0,4162,0.0
0,4163,0.0
0,4164,0.0
0,4165,0.0
0,4166,0.0
0,4167,0.0
0,4168,0.0
0,4169,0.0
0,4170,0.0
0,4171,0.0
0,4172,0.0
0,4173,0.0
0,4174,0.0
0,4175,0.0
0,4176,0.0
0,4177,0.0
0,4178,0.0
0,4179,0.0
0,4180,0.0
0,4181,0.0
0,4182,0.0
0,4183,0.0
0,4184,0.0
0,4185,0.0
0,4186,0.0
0,4187,0.0
0,4188,0.0
0,4189,0.0
0,4190,0.0
0,4191,0.0
0,4192,0.0
0,4193,0.0
0,4194,0.0
0,4195,0.0
0,4196,0.0
0,4197,0.0
0,4198,0.0
0,4199,0.0
0,4200,0.0
0,4201,0.0
0,4202,0.0
0,4203,0.0
0,4204,0.0
0,4205,0.0
0,4206,0.0
0,4207,0.0
0,4208,0.0
0,4209,0.0
0,4210,0.0
0,4211,0.0
0,4212,0.0
0,4213,0.0
0,4214,0.0
0,4215,0.0
0,4216,0.0
0,4217,0.0
0,4218,0.0
0,4219,0.0
0,4220,0.0
0,4221,0.0
0,4222,0.0
0,4223,0.0
0,4224,0.0
0,4225,0.0
0,4226,0.0
0,4227,0.0
0,4228,0.0
0,4229,0.0
0,4230,0.0
0,4231,0.0
0,4232,0.0
0,4233,0.0
0,4234,0.0
0,4235,0.0
0,4236,0.0
0,4237,0.0
0,4238,0.0
0,4239,0.0
0,4240,0.0
0,4241,0.0
0,4242,0.0
0,4243,0.0
0,4244,0.0
0,4245,0.0
0,4246,0.0
0,4247,0.0
0,4248,0.0
0,4249,0.0
0,4250,0.0
0,4251,0.0
0,4252,0.0
0,4253,0.0
0,4254,0.0
0,4255,0.0
0,4256,0.0
0,4257,0.0
0,4258,0.0
0,4259,0.0
0,4260,0.0
0,4261,0.0
0,4262,0.0
0,4263,0.0
0,4264,0.0
0,4265,0.0
0,4266,0.0
0,4267,0.0
0,4268,0.0
0,4269,0.0
0,4270,0.0
0,4271,0.0
0,4272,0.0
0,4273,0.0
0,4274,0.0
0,4275,0.0
0,4276,0.0
0,4277,0.0
0,4278,0.0
0,4279,0.0
0,4280,0.0
0,4281,0.0
0,4282,0.0
0,4283,0.0
0,4284,0.0
0,4285,0.0
0,4286,0.0
0,4287,0.0
0,4288,0.0
0,4289,0.0
0,4290,0.0
0,4291,0.0
0,4292,0.0
0,4293,0.0
0,4294,0.0
0,4295,0.0
0,4296,0.0
0,4297,0.0
0,4298,0.0
0,4299,0.0
0,4300,0.0
0,4301,0.0
0,4302,0.0
0,4303,0.0
0,4304,0.0
0,4305,0.0
0,4306,0.0
0,4307,0.0
0,4308,0.0
0,4309,0.0
0,4310,0.0
0,4311,0.0
0,4312,0.0
0,4313,0.0
0,4314,0.0
0,4315,0.0
0,4316,0.0
0,4317,0.0
0,4318,0.0
0,4319,0.0
0,4320,0.0
0,4321,0.0
0,4322,0.0
0,4323,0.0
0,4324,0.0
0,4325,0.0
0,4326,0.0
0,4327,0.0
0,4328,0.0
0,4329,0.0
0,4330,0.0
0,4331,0.0
0,4332,0.0
0,4333,0.0
0,4334,0.0
0,4335,0.0
0,4336,0.0
0,4337,0.0
0,4338,0.0
0,4339,0.0
0,4340,0.0
0,4341,0.0
0,4342,0.0
0,4343,0.0
0,4344,0.0
0,4345,0.0
0,4346,0.0
0,4347,0.0
0,4348,0.0
0,4349,0.0
0,4350,0.0
0,4351,0.0
0,4352,0.0
0,4353,0.0
0,4354,0.0
0,4355,0.0
0,4356,0.0
0,4357,0.0
0,4358,0.0
0,4359,0.0
0,4360,0.0
0,4361,0.0
0,4362,0.0
0,4363,0.0
0,4364,0.0
0,4365,0.0
0,4366,0.0
0,4367,0.0
0,4368,0.0
0,4369,0.0
0,4370,0.0
0,4371,0.0
0,4372,0.0
0,4373,0.0
0,4374,0.0
0,4375,0.0
0,4376,0.0
0,4377,0.0
0,4378,0.0
0,4379,0.0
0,4380,0.0
0,4381,0.0
0,4382,0.0
0,4383,0.0
0,4384,0.0
0,4385,0.0
0,4386,0.0
0,4387,0.0
0,4388,0.0
0,4389,0.0
0,4390,0.0
0,4391,0.0
0,4392,0.0
0,4393,0.0
0,4394,0.0
0,4395,0.0
0,4396,0.0
0,4397,0.0
0,4398,0.0
0,4399,0.0
0,4400,0.0
0,4401,0.0
0,4402,0.0
0,4403,0.0
0,4404,0.0
0,4405,0.0
0,4406,0.0
0,4407,0.0
0,4408,0.0
0,4409,0.0
0,4410,0.0
0,4411,0.0
0,4412,0.0
0,4413,0.0
0,4414,0.0
0,4415,0.0
0,4416,0.0
0,4417,0.0
0,4418,0.0
0,4419,0.0
0,4420,0.0
0,4421,0.0
0,4422,0.0
0,4423,0.0
0,4424,0.0
0,4425,0.0
0,4426,0.0
0,4427,0.0
0,4428,0.0
0,4429,0.0
0,4430,0.0
0,4431,0.0
0,4432,0.0
0,4433,0.0
0,4434,0.0
0,4435,0.0
0,4436,0.0
0,4437,0.0
0,4438,0.0
0,4439,0.0
0,4440,0.0
0,4441,0.0
0,4442,0.0
0,4443,0.0
0,4444,0.0
0,4445,0.0
0,4446,0.0
0,4447,0.0
0,4448,0.0
0,4449,0.0
0,4450,0.0
0,4451,0.0
0,4452,0.0
0,4453,0.0
0,4454,0.0
0,4455,0.0
0,4456,0.0
0,4457,0.0
0,4458,0.0
0,4459,0.0
0,4460,0.0
0,4461,0.0
0,4462,0.0
0,4463,0.0
0,4464,0.0
0,4465,0.0
0,4466,0.0
0,4467,0.0
0,4468,0.0
0,4469,0.0
0,4470,0.0
0,4471,0.0
0,4472,0.0
0,4473,0.0
0,4474,0.0
0,4475,0.0
0,4476,0.0
0,4477,0.0
0,4478,0.0
0,4479,0.0
0,4480,0.0
0,4481,0.0
0,4482,0.0
0,4483,0.0
0,4484,0.0
0,4485,0.0
0,4486,0.0
0,4487,0.0
0,4488,0.0
0,4489,0.0
0,4490,0.0
0,4491,0.0
0,4492,0.0
0,4493,0.0
0,4494,0.0
0,4495,0.0
0,4496,0.0
0,4497,0.0
0,4498,0.0
0,4499,0.0
0,4500,0.0
0,4501,0.0
0,4502,0.0
0,4503,0.0
0,4504,0.0
0,4505,0.0
0,4506,0.0
0,4507,0.0
0,4508,0.0
0,4509,0.0
0,4510,0.0
0,4511,0.0
0,4512,0.0
0,4513,0.0
0,4514,0.0
0,4515,0.0
0,4516,0.0
0,4517,0.0
0,4518,0.0
0,4519,0.0
0,4520,0.0
0,4521,0.0
0,4522,0.0
0,4523,0.0
0,4524,0.0
0,4525,0.0
0,4526,0.0
0,4527,0.0
0,4528,0.0
0,4529,0.0
0,4530,0.0
0,4531,0.0
0,4532,0.0
0,4533,0.0
0,4534,0.0
0,4535,0.0
0,4536,0.0
0,4537,0.0
0,4538,0.0
0,4539,0.0
0,4540,0.0
0,4541,0.0
0,4542,0.0
0,4543,0.0
0,4544,0.0
0,4545,0.0
0,4546,0.0
0,4547,0.0
0,4548,0.0
0,4549,0.0
0,4550,0.0
0,4551,0.0
0,4552,0.0
0,4553,0.0
0,4554,0.0
0,4555,0.0
0,4556,0.0
0,4557,0.0
0,4558,0.0
0,4559,0.0
0,4560,0.0
0,4561,0.0
0,4562,0.0
0,4563,0.0
0,4564,0.0
0,4565,0.0
0,4566,0.0
0,4567,0.0
0,4568,0.0
0,4569,0.0
0,4570,0.0
0,4571,0.0
0,4572,0.0
0,4573,0.0
0,4574,0.0
0,4575,0.0
0,4576,0.0
0,4577,0.0
0,4578,0.0
0,4579,0.0
0,4580,0.0
0,4581,0.0
0,4582,0.0
0,4583,0.0
0,4584,0.0
0,4585,0.0
0,4586,0.0
0,4587,0.0
0,4588,0.0
0,4589,0.0
0,4590,0.0
0,4591,0.0
0,4592,0.0
0,4593,0.0
0,4594,0.0
0,4595,0.0
0,4596,0.0
0,4597,0.0
0,4598,0.0
0,4599,0.0
0,4600,0.0
0,4601,0.0
0,4602,0.0
0,4603,0.0
0,4604,0.0
0,4605,0.0
0,4606,0.0
0,4607,0.0
0,4608,0.0
0,4609,0.0
0,4610,0.0
0,4611,0.0
0,4612,0.0
0,4613,0.0
0,4614,0.0
0,4615,0.0
0,4616,0.0
0,4617,0.0
0,4618,0.0
0,4619,0.0
0,4620,0.0
0,4621,0.0
0,4622,0.0
0,4623,0.0
0,4624,0.0
0,4625,0.0
0,4626,0.0
0,4627,0.0
0,4628,0.0
0,4629,0.0
0,4630,0.0
0,4631,0.0
0,4632,0.0
0,4633,0.0
0,4634,0.0
0,4635,0.0
0,4636,0.0
0,4637,0.0
0,4638,0.0
0,4639,0.0
0,4640,0.0
0,4641,0.0
0,4642,0.0
0,4643,0.0
0,4644,0.0
0,4645,0.0
0,4646,0.0
0,4647,0.0
0,4648,0.0
0,4649,0.0
0,4650,0.0
0,4651,0.0
0,4652,0.0
0,4653,0.0
0,4654,0.0
0,4655,0.0
0,4656,0.0
0,4657,0.0
0,4658,0.0
0,4659,0.0
0,4660,0.0
0,4661,0.0
0,4662,0.0
0,4663,0.0
0,4664,0.0
0,4665,0.0
0,4666,0.0
0,4667,0.0
0,4668,0.0
0,4669,0.0
0,4670,0.0
0,4671,0.0
0,4672,0.0
0,4673,0.0
0,4674,0.0
0,4675,0.0
0,4676,0.0
0,4677,0.0
0,4678,0.0
0,4679,0.0
0,4680,0.0
0,4681,0.0
0,4682,0.0
0,4683,0.0
0,4684,0.0
0,4685,0.0
0,4686,0.0
0,4687,0.0
0,4688,0.0
0,4689,0.0
0,4690,0.0
0,4691,0.0
0,4692,0.0
0,4693,0.0
0,4694,0.0
0,4695,0.0
0,4696,0.0
0,4697,0.0
0,4698,0.0
0,4699,0.0
0,4700,0.0
0,4701,0.0
0,4702,0.0
0,4703,0.0
0,4704,0.0
0,4705,0.0
0,4706,0.0
0,4707,0.0
0,4708,0.0
0,4709,0.0
0,4710,0.0
0,4711,0.0
0,4712,0.0
0,4713,0.0
0,4714,0.0
0,4715,0.0
0,4716,0.0
0,4717,0.0
0,4718,0.0
0,4719,0.0
0,4720,0.0
0,4721,0.0
0,4722,0.0
0,4723,0.0
0,4724,0.0
0,4725,0.0
0,4726,0.0
0,4727,0.0
0,4728,0.0
0,4729,0.0
0,4730,0.0
0,4731,0.0
0,4732,0.0
0,4733,0.0
0,4734,0.0
0,4735,0.0
0,4736,0.0
0,4737,0.0
0,4738,0.0
0,4739,0.0
0,4740,0.0
0,4741,0.0
0,4742,0.0
0,4743,0.0
0,4744,0.0
0,4745,0.0
0,4746,0.0
0,4747,0.0
0,4748,0.0
0,4749,0.0
0,4750,0.0
0,4751,0.0
0,4752,0.0
0,4753,0.0
0,4754,0.0
0,4755,0.0
0,4756,0.0
0,4757,0.0
0,4758,0.0
0,4759,0.0
0,4760,0.0
0,4761,0.0
0,4762,0.0
0,4763,0.0
0,4764,0.0
0,4765,0.0
0,4766,0.0
0,4767,0.0
0,4768,0.0
0,4769,0.0
0,4770,0.0
0,4771,0.0
0,4772,0.0
0,4773,0.0
0,4774,0.0
0,4775,0.0
0,4776,0.0
0,4777,0.0
0,4778,0.0
0,4779,0.0
0,4780,0.0
0,4781,0.0
0,4782,0.0
0,4783,0.0
0,4784,0.0
0,4785,0.0
0,4786,0.0
0,4787,0.0
0,4788,0.0
0,4789,0.0
0,4790,0.0
0,4791,0.0
0,4792,0.0
0,4793,0.0
0,4794,0.0
0,4795,0.0
0,4796,0.0
0,4797,0.0
0,4798,0.0
0,4799,0.0
0,4800,0.0
0,4801,0.0
0,4802,0.0
0,4803,0.0
0,4804,0.0
0,4805,0.0
0,4806,0.0
0,4807,0.0
0,4808,0.0
0,4809,0.0
0,4810,0.0
0,4811,0.0
0,4812,0.0
0,4813,0.0
0,4814,0.0
0,4815,0.0
0,4816,0.0
0,4817,0.0
0,4818,0.0
0,4819,0.0
0,4820,0.0
0,4821,0.0
0,4822,0.0
0,4823,0.0
0,4824,0.0
0,4825,0.0
0,4826,0.0
0,4827,0.0
0,4828,0.0
0,4829,0.0
0,4830,0.0
0,4831,0.0
0,4832,0.0
0,4833,0.0
0,4834,0.0
0,4835,0.0
0,4836,0.0
0,4837,0.0
0,4838,0.0
0,4839,0.0
0,4840,0.0
0,4841,0.0
0,4842,0.0
0,4843,0.0
0,4844,0.0
0,4845,0.0
0,4846,0.0
0,4847,0.0
0,4848,0.0
0,4849,0.0
0,4850,0.0
0,4851,0.0
0,4852,0.0
0,4853,0.0
0,4854,0.0
0,4855,0.0
0,4856,0.0
0,4857,0.0
0,4858,0.0
0,4859,0.0
0,4860,0.0
0,4861,0.0
0,4862,0.0
0,4863,0.0
0,4864,0.0
0,4865,0.0
0,4866,0.0
0,4867,0.0
0,4868,0.0
0,4869,0.0
0,4870,0.0
0,4871,0.0
0,4872,0.0
0,4873,0.0
0,4874,0.0
0,4875,0.0
0,4876,0.0
0,4877,0.0
0,4878,0.0
0,4879,0.0
0,4880,0.0
0,4881,0.0
0,4882,0.0
0,4883,0.0
0,4884,0.0
0,4885,0.0
0,4886,0.0
0,4887,0.0
0,4888,0.0
0,4889,0.0
0,4890,0.0
0,4891,0.0
0,4892,0.0
0,4893,0.0
0,4894,0.0
0,4895,0.0
0,4896,0.0
0,4897,0.0
0,4898,0.0
0,4899,0.0
0,4900,0.0
0,4901,0.0
0,4902,0.0
0,4903,0.0
0,4904,0.0
0,4905,0.0
0,4906,0.0
0,4907,0.0
0,4908,0.0
0,4909,0.0
0,4910,0.0
0,4911,0.0
0,4912,0.0
0,4913,0.0
0,4914,0.0
0,4915,0.0
0,4916,0.0
0,4917,0.0
0,4918,0.0
0,4919,0.0
0,4920,0.0
0,4921,0.0
0,4922,0.0
0,4923,0.0
0,4924,0.0
0,4925,0.0
0,4926,0.0
0,4927,0.0
0,4928,0.0
0,4929,0.0
0,4930,0.0
0,4931,0.0
0,4932,0.0
0,4933,0.0
0,4934,0.0
0,4935,0.0
0,4936,0.0
0,4937,0.0
0,4938,0.0
0,4939,0.0
0,4940,0.0
0,4941,0.0
0,4942,0.0
0,4943,0.0
0,4944,0.0
0,4945,0.0
0,4946,0.0
0,4947,0.0
0,4948,0.0
0,4949,0.0
0,4950,0.0
0,4951,0.0
0,4952,0.0
0,4953,0.0
0,4954,0.0
0,4955,0.0
0,4956,0.0
0,4957,0.0
0,4958,0.0
0,4959,0.0
0,4960,0.0
0,4961,0.0
0,4962,0.0
0,4963,0.0
0,4964,0.0
0,4965,0.0
0,4966,0.0
0,4967,0.0
0,4968,0.0
0,4969,0.0
0,4970,0.0
0,4971,0.0
0,4972,0.0
0,4973,0.0
0,4974,0.0
0,4975,0.0
0,4976,0.0
0,4977,0.0
0,4978,0.0
0,4979,0.0
0,4980,0.0
0,4981,0.0
0,4982,0.0
0,4983,0.0
0,4984,0.0
0,4985,0.0
0,4986,0.0
0,4987,0.0
0,4988,0.0
0,4989,0.0
0,4990,0.0
0,4991,0.0
0,4992,0.0
0,4993,0.0
0,4994,0.0
0,4995,0.0
0,4996,0.0
0,4997,0.0
0,4998,0.0
0,4999,0.0
0,5000,0.0
0,5001,0.0
0,5002,0.0
0,5003,0.0
0,5004,0.0
0,5005,0.0
0,5006,0.0
0,5007,0.0
0,5008,0.0
0,5009,0.0
0,5010,0.0
0,5011,0.0
0,5012,0.0
0,5013,0.0
0,5014,0.0
0,5015,0.0
0,5016,0.0
0,5017,0.0
0,5018,0.0
0,5019,0.0
0,5020,0.0
0,5021,0.0
0,5022,0.0
0,5023,0.0
0,5024,0.0
0,5025,0.0
0,5026,0.0
0,5027,0.0
0,5028,0.0
0,5029,0.0
0,5030,0.0
0,5031,0.0
0,5032,0.0
0,5033,0.0
0,5034,0.0
0,5035,0.0
0,5036,0.0
0,5037,0.0
0,5038,0.0
0,5039,0.0
0,5040,0.0
0,5041,0.0
0,5042,0.0
0,5043,0.0
0,5044,0.0
0,5045,0.0
0,5046,0.0
0,5047,0.0
0,5048,0.0
0,5049,0.0
0,5050,0.0
0,5051,0.0
0,5052,0.0
0,5053,0.0
0,5054,0.0
0,5055,0.0
0,5056,0.0
0,5057,0.0
0,5058,0.0
0,5059,0.0
0,5060,0.0
0,5061,0.0
0,5062,0.0
0,5063,0.0
0,5064,0.0
0,5065,0.0
0,5066,0.0
0,5067,0.0
0,5068,0.0
0,5069,0.0
0,5070,0.0
0,5071,0.0
0,5072,0.0
0,5073,0.0
0,5074,0.0
0,5075,0.0
0,5076,0.0
0,5077,0.0
0,5078,0.0
0,5079,0.0
0,5080,0.0
0,5081,0.0
0,5082,0.0
0,5083,0.0
0,5084,0.0
0,5085,0.0
0,5086,0.0
0,5087,0.0
0,5088,0.0
0,5089,0.0
0,5090,0.0
0,5091,0.0
0,5092,0.0
0,5093,0.0
0,5094,0.0
0,5095,0.0
0,5096,0.0
0,5097,0.0
0,5098,0.0
0,5099,0.0
0,5100,0.0
0,5101,0.0
0,5102,0.0
0,5103,0.0
0,5104,0.0
0,5105,0.0
0,5106,0.0
0,5107,0.0
0,5108,0.0
0,5109,0.0
0,5110,0.0
0,5111,0.0
0,5112,0.0
0,5113,0.0
0,5114,0.0
0,5115,0.0
0,5116,0.0
0,5117,0.0
0,5118,0.0
0,5119,0.0
0,5120,0.0
0,5121,0.0
0,5122,0.0
0,5123,0.0
0,5124,0.0
0,5125,0.0
0,5126,0.0
0,5127,0.0
0,5128,0.0
0,5129,0.0
0,5130,0.0
0,5131,0.0
0,5132,0.0
0,5133,0.0
0,5134,0.0
0,5135,0.0
0,5136,0.0
0,5137,0.0
0,5138,0.0
0,5139,0.0
0,5140,0.0
0,5141,0.0
0,5142,0.0
0,5143,0.0
0,5144,0.0
0,5145,0.0
0,5146,0.0
0,5147,0.0
0,5148,0.0
0,5149,0.0
0,5150,0.0
0,5151,0.0
0,5152,0.0
0,5153,0.0
0,5154,0.0
0,5155,0.0
0,5156,0.0
0,5157,0.0
0,5158,0.0
0,5159,0.0
0,5160,0.0
0,5161,0.0
0,5162,0.0
0,5163,0.0
0,5164,0.0
0,5165,0.0
0,5166,0.0
0,5167,0.0
0,5168,0.0
0,5169,0.0
0,5170,0.0
0,5171,0.0
0,5172,0.0
0,5173,0.0
0,5174,0.0
0,5175,0.0
0,5176,0.0
0,5177,0.0
0,5178,0.0
0,5179,0.0
0,5180,0.0
0,5181,0.0
0,5182,0.0
0,5183,0.0
0,5184,0.0
0,5185,0.0
0,5186,0.0
0,5187,0.0
0,5188,0.0
0,5189,0.0
0,5190,0.0
0,5191,0.0
0,5192,0.0
0,5193,0.0
0,5194,0.0
0,5195,0.0
0,5196,0.0
0,5197,0.0
0,5198,0.0
0,5199,0.0
0,5200,0.0
0,5201,0.0
0,5202,0.0
0,5203,0.0
0,5204,0.0
0,5205,0.0
0,5206,0.0
0,5207,0.0
0,5208,0.0
0,5209,0.0
0,5210,0.0
0,5211,0.0
0,5212,0.0
0,5213,0.0
0,5214,0.0
0,5215,0.0
0,5216,0.0
0,5217,0.0
0,5218,0.0
0,5219,0.0
0,5220,0.0
0,5221,0.0
0,5222,0.0
0,5223,0.0
0,5224,0.0
0,5225,0.0
0,5226,0.0
0,5227,0.0
0,5228,0.0
0,5229,0.0
0,5230,0.0
0,5231,0.0
0,5232,0.0
0,5233,0.0
0,5234,0.0
0,5235,0.0
0,5236,0.0
0,5237,0.0
0,5238,0.0
0,5239,0.0
0,5240,0.0
0,5241,0.0
0,5242,0.0
0,5243,0.0
0,5244,0.0
0,5245,0.0
0,5246,0.0
0,5247,0.0
0,5248,0.0
0,5249,0.0
0,5250,0.0
0,5251,0.0
0,5252,0.0
0,5253,0.0
0,5254,0.0
0,5255,0.0
0,5256,0.0
0,5257,0.0
0,5258,0.0
0,5259,0.0
0,5260,0.0
0,5261,0.0
0,5262,0.0
0,5263,0.0
0,5264,0.0
0,5265,0.0
0,5266,0.0
0,5267,0.0
0,5268,0.0
0,5269,0.0
0,5270,0.0
0,5271,0.0
0,5272,0.0
0,5273,0.0
0,5274,0.0
0,5275,0.0
0,5276,0.0
0,5277,0.0
0,5278,0.0
0,5279,0.0
0,5280,0.0
0,5281,0.0
0,5282,0.0
0,5283,0.0
0,5284,0.0
0,5285,0.0
0,5286,0.0
0,5287,0.0
0,5288,0.0
0,5289,0.0
0,5290,0.0
0,5291,0.0
0,5292,0.0
0,5293,0.0
0,5294,0.0
0,5295,0.0
0,5296,0.0
0,5297,0.0
0,5298,0.0
0,5299,0.0
0,5300,0.0
0,5301,0.0
0,5302,0.0
0,5303,0.0
0,5304,0.0
0,5305,0.0
0,5306,0.0
0,5307,0.0
0,5308,0.0
0,5309,0.0
0,5310,0.0
0,5311,0.0
0,5312,0.0
0,5313,0.0
0,5314,0.0
0,5315,0.0
0,5316,0.0
0,5317,0.0
0,5318,0.0
0,5319,0.0
0,5320,0.0
0,5321,0.0
0,5322,0.0
0,5323,0.0
0,5324,0.0
0,5325,0.0
0,5326,0.0
0,5327,0.0
0,5328,0.0
0,5329,0.0
0,5330,0.0
0,5331,0.0
0,5332,0.0
0,5333,0.0
0,5334,0.0
0,5335,0.0
0,5336,0.0
0,5337,0.0
0,5338,0.0
0,5339,0.0
0,5340,0.0
0,5341,0.0
0,5342,0.0
0,5343,0.0
0,5344,0.0
0,5345,0.0
0,5346,0.0
0,5347,0.0
0,5348,0.0
0,5349,0.0
0,5350,0.0
0,5351,0.0
0,5352,0.0
0,5353,0.0
0,5354,0.0
0,5355,0.0
0,5356,0.0
0,5357,0.0
0,5358,0.0
0,5359,0.0
0,5360,0.0
0,5361,0.0
0,5362,0.0
0,5363,0.0
0,5364,0.0
0,5365,0.0
0,5366,0.0
0,5367,0.0
0,5368,0.0
0,5369,0.0
0,5370,0.0
0,5371,0.0
0,5372,0.0
0,5373,0.0
0,5374,0.0
0,5375,0.0
0,5376,0.0
0,5377,0.0
0,5378,0.0
0,5379,0.0
0,5380,0.0
0,5381,0.0
0,5382,0.0
0,5383,0.0
0,5384,0.0
0,5385,0.0
0,5386,0.0
0,5387,0.0
0,5388,0.0
0,5389,0.0
0,5390,0.0
0,5391,0.0
0,5392,0.0
0,5393,0.0
0,5394,0.0
0,5395,0.0
0,5396,0.0
0,5397,0.0
0,5398,0.0
0,5399,0.0
0,5400,0.0
0,5401,0.0
0,5402,0.0
0,5403,0.0
0,5404,0.0
0,5405,0.0
0,5406,0.0
0,5407,0.0
0,5408,0.0
0,5409,0.0
0,5410,0.0
0,5411,0.0
0,5412,0.0
0,5413,0.0
0,5414,0.0
0,5415,0.0
0,5416,0.0
0,5417,0.0
0,5418,0.0
0,5419,0.0
0,5420,0.0
0,5421,0.0
0,5422,0.0
0,5423,0.0
0,5424,0.0
0,5425,0.0
0,5426,0.0
0,5427,0.0
0,5428,0.0
0,5429,0.0
0,5430,0.0
0,5431,0.0
0,5432,0.0
0,5433,0.0
0,5434,0.0
0,5435,0.0
0,5436,0.0
0,5437,0.0
0,5438,0.0
0,5439,0.0
0,5440,0.0
0,5441,0.0
0,5442,0.0
0,5443,0.0
0,5444,0.0
0,5445,0.0
0,5446,0.0
0,5447,0.0
0,5448,0.0
0,5449,0.0
0,5450,0.0
0,5451,0.0
0,5452,0.0
0,5453,0.0
0,5454,0.0
0,5455,0.0
0,5456,0.0
0,5457,0.0
0,5458,0.0
0,5459,0.0
0,5460,0.0
0,5461,0.0
0,5462,0.0
0,5463,0.0
0,5464,0.0
0,5465,0.0
0,5466,0.0
0,5467,0.0
0,5468,0.0
0,5469,0.0
0,5470,0.0
0,5471,0.0
0,5472,0.0
0,5473,0.0
0,5474,0.0
0,5475,0.0
0,5476,0.0
0,5477,0.0
0,5478,0.0
0,5479,0.0
0,5480,0.0
0,5481,0.0
0,5482,0.0
0,5483,0.0
0,5484,0.0
0,5485,0.0
0,5486,0.0
0,5487,0.0
0,5488,0.0
0,5489,0.0
0,5490,0.0
0,5491,0.0
0,5492,0.0
0,5493,0.0
0,5494,0.0
0,5495,0.0
0,5496,0.0
0,5497,0.0
0,5498,0.0
0,5499,0.0
0,5500,0.0
0,5501,0.0
0,5502,0.0
0,5503,0.0
0,5504,0.0
0,5505,0.0
0,5506,0.0
0,5507,0.0
0,5508,0.0
0,5509,0.0
0,5510,0.0
0,5511,0.0
0,5512,0.0
0,5513,0.0
0,5514,0.0
0,5515,0.0
0,5516,0.0
0,5517,0.0
0,5518,0.0
0,5519,0.0
0,5520,0.0
0,5521,0.0
0,5522,0.0
0,5523,0.0
0,5524,0.0
0,5525,0.0
0,5526,0.0
0,5527,0.0
0,5528,0.0
0,5529,0.0
0,5530,0.0
0,5531,0.0
0,5532,0.0
0,5533,0.0
0,5534,0.0
0,5535,0.0
0,5536,0.0
0,5537,0.0
0,5538,0.0
0,5539,0.0
0,5540,0.0
0,5541,0.0
0,5542,0.0
0,5543,0.0
0,5544,0.0
0,5545,0.0
0,5546,0.0
0,5547,0.0
0,5548,0.0
0,5549,0.0
0,5550,0.0
0,5551,0.0
0,5552,0.0
0,5553,0.0
0,5554,0.0
0,5555,0.0
0,5556,0.0
0,5557,0.0
0,5558,0.0
0,5559,0.0
0,5560,0.0
0,5561,0.0
0,5562,0.0
0,5563,0.0
0,5564,0.0
0,5565,0.0
0,5566,0.0
0,5567,0.0
0,5568,0.0
0,5569,0.0
0,5570,0.0
0,5571,0.0
0,5572,0.0
0,5573,0.0
0,5574,0.0
0,5575,0.0
0,5576,0.0
0,5577,0.0
0,5578,0.0
0,5579,0.0
0,5580,0.0
0,5581,0.0
0,5582,0.0
0,5583,0.0
0,5584,0.0
0,5585,0.0
0,5586,0.0
0,5587,0.0
0,5588,0.0
0,5589,0.0
0,5590,0.0
0,5591,0.0
0,5592,0.0
0,5593,0.0
0,5594,0.0
0,5595,0.0
0,5596,0.0
0,5597,0.0
0,5598,0.0
0,5599,0.0
0,5600,0.0
0,5601,0.0
0,5602,0.0
0,5603,0.0
0,5604,0.0
0,5605,0.0
0,5606,0.0
0,5607,0.0
0,5608,0.0
0,5609,0.0
0,5610,0.0
0,5611,0.0
0,5612,0.0
0,5613,0.0
0,5614,0.0
0,5615,0.0
0,5616,0.0
0,5617,0.0
0,5618,0.0
0,5619,0.0
0,5620,0.0
0,5621,0.0
0,5622,0.0
0,5623,0.0
0,5624,0.0
0,5625,0.0
0,5626,0.0
0,5627,0.0
0,5628,0.0
0,5629,0.0
0,5630,0.0
0,5631,0.0
0,5632,0.0
0,5633,0.0
0,5634,0.0
0,5635,0.0
0,5636,0.0
0,5637,0.0
0,5638,0.0
0,5639,0.0
0,5640,0.0
0,5641,0.0
0,5642,0.0
0,5643,0.0
0,5644,0.0
0,5645,0.0
0,5646,0.0
0,5647,0.0
0,5648,0.0
0,5649,0.0
0,5650,0.0
0,5651,0.0
0,5652,0.0
0,5653,0.0
0,5654,0.0
0,5655,0.0
0,5656,0.0
0,5657,0.0
0,5658,0.0
0,5659,0.0
0,5660,0.0
0,5661,0.0
0,5662,0.0
0,5663,0.0
0,5664,0.0
0,5665,0.0
0,5666,0.0
0,5667,0.0
0,5668,0.0
0,5669,0.0
0,5670,0.0
0,5671,0.0
0,5672,0.0
0,5673,0.0
0,5674,0.0
0,5675,0.0
0,5676,0.0
0,5677,0.0
0,5678,0.0
0,5679,0.0
0,5680,0.0
0,5681,0.0
0,5682,0.0
0,5683,0.0
0,5684,0.0
0,5685,0.0
0,5686,0.0
0,5687,0.0
0,5688,0.0
0,5689,0.0
0,5690,0.0
0,5691,0.0
0,5692,0.0
0,5693,0.0
0,5694,0.0
0,5695,0.0
0,5696,0.0
0,5697,0.0
0,5698,0.0
0,5699,0.0
0,5700,0.0
0,5701,0.0
0,5702,0.0
0,5703,0.0
0,5704,0.0
0,5705,0.0
0,5706,0.0
0,5707,0.0
0,5708,0.0
0,5709,0.0
0,5710,0.0
0,5711,0.0
0,5712,0.0
0,5713,0.0
0,5714,0.0
0,5715,0.0
0,5716,0.0
0,5717,0.0
0,5718,0.0
0,5719,0.0
0,5720,0.0
0,5721,0.0
0,5722,0.0
0,5723,0.0
0,5724,0.0
0,5725,0.0
0,5726,0.0
0,5727,0.0
0,5728,0.0
0,5729,0.0
0,5730,0.0
0,5731,0.0
0,5732,0.0
0,5733,0.0
0,5734,0.0
0,5735,0.0
0,5736,0.0
0,5737,0.0
0,5738,0.0
0,5739,0.0
0,5740,0.0
0,5741,0.0
0,5742,0.0
0,5743,0.0
0,5744,0.0
0,5745,0.0
0,5746,0.0
0,5747,0.0
0,5748,0.0
0,5749,0.0
0,5750,0.0
0,5751,0.0
0,5752,0.0
0,5753,0.0
0,5754,0.0
0,5755,0.0
0,5756,0.0
0,5757,0.0
0,5758,0.0
0,5759,0.0
0,5760,0.0
0,5761,0.0
0,5762,0.0
0,5763,0.0
0,5764,0.0
0,5765,0.0
0,5766,0.0
0,5767,0.0
0,5768,0.0
0,5769,0.0
0,5770,0.0
0,5771,0.0
0,5772,0.0
0,5773,0.0
0,5774,0.0
0,5775,0.0
0,5776,0.0
0,5777,0.0
0,5778,0.0
0,5779,0.0
0,5780,0.0
0,5781,0.0
0,5782,0.0
0,5783,0.0
0,5784,0.0
0,5785,0.0
0,5786,0.0
0,5787,0.0
0,5788,0.0
0,5789,0.0
0,5790,0.0
0,5791,0.0
0,5792,0.0
0,5793,0.0
0,5794,0.0
0,5795,0.0
0,5796,0.0
0,5797,0.0
0,5798,0.0
0,5799,0.0
0,5800,0.0
0,5801,0.0
0,5802,0.0
0,5803,0.0
0,5804,0.0
0,5805,0.0
0,5806,0.0
0,5807,0.0
0,5808,0.0
0,5809,0.0
0,5810,0.0
0,5811,0.0
0,5812,0.0
0,5813,0.0
0,5814,0.0
0,5815,0.0
0,5816,0.0
0,5817,0.0
0,5818,0.0
0,5819,0.0
0,5820,0.0
0,5821,0.0
0,5822,0.0
0,5823,0.0
0,5824,0.0
0,5825,0.0
0,5826,0.0
0,5827,0.0
0,5828,0.0
0,5829,0.0
0,5830,0.0
0,5831,0.0
0,5832,0.0
0,5833,0.0
0,5834,0.0
0,5835,0.0
0,5836,0.0
0,5837,0.0
0,5838,0.0
0,5839,0.0
0,5840,0.0
0,5841,0.0
0,5842,0.0
0,5843,0.0
0,5844,0.0
0,5845,0.0
0,5846,0.0
0,5847,0.0
0,5848,0.0
0,5849,0.0
0,5850,0.0
0,5851,0.0
0,5852,0.0
0,5853,0.0
0,5854,0.0
0,5855,0.0
0,5856,0.0
0,5857,0.0
0,5858,0.0
0,5859,0.0
0,5860,0.0
0,5861,0.0
0,5862,0.0
0,5863,0.0
0,5864,0.0
0,5865,0.0
0,5866,0.0
0,5867,0.0
0,5868,0.0
0,5869,0.0
0,5870,0.0
0,5871,0.0
0,5872,0.0
0,5873,0.0
0,5874,0.0
0,5875,0.0
0,5876,0.0
0,5877,0.0
0,5878,0.0
0,5879,0.0
0,5880,0.0
0,5881,0.0
0,5882,0.0
0,5883,0.0
0,5884,0.0
0,5885,0.0
0,5886,0.0
0,5887,0.0
0,5888,0.0
0,5889,0.0
0,5890,0.0
0,5891,0.0
0,5892,0.0
0,5893,0.0
0,5894,0.0
0,5895,0.0
0,5896,0.0
0,5897,0.0
0,5898,0.0
0,5899,0.0
0,5900,0.0
0,5901,0.0
0,5902,0.0
0,5903,0.0
0,5904,0.0
0,5905,0.0
0,5906,0.0
0,5907,0.0
0,5908,0.0
0,5909,0.0
0,5910,0.0
0,5911,0.0
0,5912,0.0
0,5913,0.0
0,5914,0.0
0,5915,0.0
0,5916,0.0
0,5917,0.0
0,5918,0.0
0,5919,0.0
0,5920,0.0
0,5921,0.0
0,5922,0.0
0,5923,0.0
0,5924,0.0
0,5925,0.0
0,5926,0.0
0,5927,0.0
0,5928,0.0
0,5929,0.0
0,5930,0.0
0,5931,0.0
0,5932,0.0
0,5933,0.0
0,5934,0.0
0,5935,0.0
0,5936,0.0
0,5937,0.0
0,5938,0.0
0,5939,0.0
0,5940,0.0
0,5941,0.0
0,5942,0.0
0,5943,0.0
0,5944,0.0
0,5945,0.0
0,5946,0.0
0,5947,0.0
0,5948,0.0
0,5949,0.0
0,5950,0.0
0,5951,0.0
0,5952,0.0
0,5953,0.0
0,5954,0.0
0,5955,0.0
0,5956,0.0
0,5957,0.0
0,5958,0.0
0,5959,0.0
0,5960,0.0
0,5961,0.0
0,5962,0.0
0,5963,0.0
0,5964,0.0
0,5965,0.0
0,5966,0.0
0,5967,0.0
0,5968,0.0
0,5969,0.0
0,5970,0.0
0,5971,0.0
0,5972,0.0
0,5973,0.0
0,5974,0.0
0,5975,0.0
0,5976,0.0
0,5977,0.0
0,5978,0.0
0,5979,0.0
0,5980,0.0
0,5981,0.0
0,5982,0.0
0,5983,0.0
0,5984,0.0
0,5985,0.0
0,5986,0.0
0,5987,0.0
0,5988,0.0
0,5989,0.0
0,5990,0.0
0,5991,0.0
0,5992,0.0
0,5993,0.0
0,5994,0.0
0,5995,0.0
0,5996,0.0
0,5997,0.0
0,5998,0.0
0,5999,0.0
0,6000,0.0
0,6001,0.0
0,6002,0.0
0,6003,0.0
0,6004,0.0
0,6005,0.0
0,6006,0.0
0,6007,0.0
0,6008,0.0
0,6009,0.0
0,6010,0.0
0,6011,0.0
0,6012,0.0
0,6013,0.0
0,6014,0.0
0,6015,0.0
0,6016,0.0
0,6017,0.0
0,6018,0.0
0,6019,0.0
0,6020,0.0
0,6021,0.0
0,6022,0.0
0,6023,0.0
0,6024,0.0
0,6025,0.0
0,6026,0.0
0,6027,0.0
0,6028,0.0
0,6029,0.0
0,6030,0.0
0,6031,0.0
0,6032,0.0
0,6033,0.0
0,6034,0.0
0,6035,0.0
0,6036,0.0
0,6037,0.0
0,6038,0.0
0,6039,0.0
0,6040,0.0
0,6041,0.0
0,6042,0.0
0,6043,0.0
0,6044,0.0
0,6045,0.0
0,6046,0.0
0,6047,0.0
0,6048,0.0
0,6049,0.0
0,6050,0.0
0,6051,0.0
0,6052,0.0
0,6053,0.0
0,6054,0.0
0,6055,0.0
0,6056,0.0
0,6057,0.0
0,6058,0.0
0,6059,0.0
0,6060,0.0
0,6061,0.0
0,6062,0.0
0,6063,0.0
0,6064,0.0
0,6065,0.0
0,6066,0.0
0,6067,0.0
0,6068,0.0
0,6069,0.0
0,6070,0.0
0,6071,0.0
0,6072,0.0
0,6073,0.0
0,6074,0.0
0,6075,0.0
0,6076,0.0
0,6077,0.0
0,6078,0.0
0,6079,0.0
0,6080,0.0
0,6081,0.0
0,6082,0.0
0,6083,0.0
0,6084,0.0
0,6085,0.0
0,6086,0.0
0,6087,0.0
0,6088,0.0
0,6089,0.0
0,6090,0.0
0,6091,0.0
0,6092,0.0
0,6093,0.0
0,6094,0.0
0,6095,0.0
0,6096,0.0
0,6097,0.0
0,6098,0.0
0,6099,0.0
0,6100,0.0
0,6101,0.0
0,6102,0.0
0,6103,0.0
0,6104,0.0
0,6105,0.0
0,6106,0.0
0,6107,0.0
0,6108,0.0
0,6109,0.0
0,6110,0.0
0,6111,0.0
0,6112,0.0
0,6113,0.0
0,6114,0.0
0,6115,0.0
0,6116,0.0
0,6117,0.0
0,6118,0.0
0,6119,0.0
0,6120,0.0
0,6121,0.0
0,6122,0.0
0,6123,0.0
0,6124,0.0
0,6125,0.0
0,6126,0.0
0,6127,0.0
0,6128,0.0
0,6129,0.0
0,6130,0.0
0,6131,0.0
0,6132,0.0
0,6133,0.0
0,6134,0.0
0,6135,0.0
0,6136,0.0
0,6137,0.0
0,6138,0.0
0,6139,0.0
0,6140,0.0
0,6141,0.0
0,6142,0.0
0,6143,0.0
0,6144,0.0
0,6145,0.0
0,6146,0.0
0,6147,0.0
0,6148,0.0
0,6149,0.0
0,6150,0.0
0,6151,0.0
0,6152,0.0
0,6153,0.0
0,6154,0.0
0,6155,0.0
0,6156,0.0
0,6157,0.0
0,6158,0.0
0,6159,0.0
0,6160,0.0
0,6161,0.0
0,6162,0.0
0,6163,0.0
0,6164,0.0
0,6165,0.0
0,6166,0.0
0,6167,0.0
0,6168,0.0
0,6169,0.0
0,6170,0.0
0,6171,0.0
0,6172,0.0
0,6173,0.0
0,6174,0.0
0,6175,0.0
0,6176,0.0
0,6177,0.0
0,6178,0.0
0,6179,0.0
0,6180,0.0
0,6181,0.0
0,6182,0.0
0,6183,0.0
0,6184,0.0
0,6185,0.0
0,6186,0.0
0,6187,0.0
0,6188,0.0
0,6189,0.0
0,6190,0.0
0,6191,0.0
0,6192,0.0
0,6193,0.0
0,6194,0.0
0,6195,0.0
0,6196,0.0
0,6197,0.0
0,6198,0.0
0,6199,0.0
0,6200,0.0
0,6201,0.0
0,6202,0.0
0,6203,0.0
0,6204,0.0
0,6205,0.0
0,6206,0.0
0,6207,0.0
0,6208,0.0
0,6209,0.0
0,6210,0.0
0,6211,0.0
0,6212,0.0
0,6213,0.0
0,6214,0.0
0,6215,0.0
0,6216,0.0
0,6217,0.0
0,6218,0.0
0,6219,0.0
0,6220,0.0
0,6221,0.0
0,6222,0.0
0,6223,0.0
0,6224,0.0
0,6225,0.0
0,6226,0.0
0,6227,0.0
0,6228,0.0
0,6229,0.0
0,6230,0.0
0,6231,0.0
0,6232,0.0
0,6233,0.0
0,6234,0.0
0,6235,0.0
0,6236,0.0
0,6237,0.0
0,6238,0.0
0,6239,0.0
0,6240,0.0
0,6241,0.0
0,6242,0.0
0,6243,0.0
0,6244,0.0
0,6245,0.0
0,6246,0.0
0,6247,0.0
0,6248,0.0
0,6249,0.0
0,6250,0.0
0,6251,0.0
0,6252,0.0
0,6253,0.0
0,6254,0.0
0,6255,0.0
0,6256,0.0
0,6257,0.0
0,6258,0.0
0,6259,0.0
0,6260,0.0
0,6261,0.0
0,6262,0.0
0,6263,0.0
0,6264,0.0
0,6265,0.0
0,6266,0.0
0,6267,0.0
0,6268,0.0
0,6269,0.0
0,6270,0.0
0,6271,0.0
0,6272,0.0
0,6273,0.0
0,6274,0.0
0,6275,0.0
0,6276,0.0
0,6277,0.0
0,6278,0.0
0,6279,0.0
0,6280,0.0
0,6281,0.0
0,6282,0.0
0,6283,0.0
0,6284,0.0
0,6285,0.0
0,6286,0.0
0,6287,0.0
0,6288,0.0
0,6289,0.0
0,6290,0.0
0,6291,0.0
0,6292,0.0
0,6293,0.0
0,6294,0.0
0,6295,0.0
0,6296,0.0
0,6297,0.0
0,6298,0.0
0,6299,0.0
0,6300,0.0
0,6301,0.0
0,6302,0.0
0,6303,0.0
0,6304,0.0
0,6305,0.0
0,6306,0.0
0,6307,0.0
0,6308,0.0
0,6309,0.0
0,6310,0.0
0,6311,0.0
0,6312,0.0
0,6313,0.0
0,6314,0.0
0,6315,0.0
0,6316,0.0
0,6317,0.0
0,6318,0.0
0,6319,0.0
0,6320,0.0
0,6321,0.0
0,6322,0.0
0,6323,0.0
0,6324,0.0
0,6325,0.0
0,6326,0.0
0,6327,0.0
0,6328,0.0
0,6329,0.0
0,6330,0.0
0,6331,0.0
0,6332,0.0
0,6333,0.0
0,6334,0.0
0,6335,0.0
0,6336,0.0
0,6337,0.0
0,6338,0.0
0,6339,0.0
0,6340,0.0
0,6341,0.0
0,6342,0.0
0,6343,0.0
0,6344,0.0
0,6345,0.0
0,6346,0.0
0,6347,0.0
0,6348,0.0
0,6349,0.0
0,6350,0.0
0,6351,0.0
0,6352,0.0
0,6353,0.0
0,6354,0.0
0,6355,0.0
0,6356,0.0
0,6357,0.0
0,6358,0.0
0,6359,0.0
0,6360,0.0
0,6361,0.0
0,6362,0.0
0,6363,0.0
0,6364,0.0
0,6365,0.0
0,6366,0.0
0,6367,0.0
0,6368,0.0
0,6369,0.0
0,6370,0.0
0,6371,0.0
0,6372,0.0
0,6373,0.0
0,6374,0.0
0,6375,0.0
0,6376,0.0
0,6377,0.0
0,6378,0.0
0,6379,0.0
0,6380,0.0
0,6381,0.0
0,6382,0.0
0,6383,0.0
0,6384,0.0
0,6385,0.0
0,6386,0.0
0,6387,0.0
0,6388,0.0
0,6389,0.0
0,6390,0.0
0,6391,0.0
0,6392,0.0
0,6393,0.0
0,6394,0.0
0,6395,0.0
0,6396,0.0
0,6397,0.0
0,6398,0.0
0,6399,0.0
0,6400,0.0
0,6401,0.0
0,6402,0.0
0,6403,0.0
0,6404,0.0
0,6405,0.0
0,6406,0.0
0,6407,0.0
0,6408,0.0
0,6409,0.0
0,6410,0.0
0,6411,0.0
0,6412,0.0
0,6413,0.0
0,6414,0.0
0,6415,0.0
0,6416,0.0
0,6417,0.0
0,6418,0.0
0,6419,0.0
0,6420,0.0
0,6421,0.0
0,6422,0.0
0,6423,0.0
0,6424,0.0
0,6425,0.0
0,6426,0.0
0,6427,0.0
0,6428,0.0
0,6429,0.0
0,6430,0.0
0,6431,0.0
0,6432,0.0
0,6433,0.0
0,6434,0.0
0,6435,0.0
0,6436,0.0
0,6437,0.0
0,6438,0.0
0,6439,0.0
0,6440,0.0
0,6441,0.0
0,6442,0.0
0,6443,0.0
0,6444,0.0
0,6445,0.0
0,6446,0.0
0,6447,0.0
0,6448,0.0
0,6449,0.0
0,6450,0.0
0,6451,0.0
0,6452,0.0
0,6453,0.0
0,6454,0.0
0,6455,0.0
0,6456,0.0
0,6457,0.0
0,6458,0.0
0,6459,0.0
0,6460,0.0
0,6461,0.0
0,6462,0.0
0,6463,0.0
0,6464,0.0
0,6465,0.0
0,6466,0.0
0,6467,0.0
0,6468,0.0
0,6469,0.0
0,6470,0.0
0,6471,0.0
0,6472,0.0
0,6473,0.0
0,6474,0.0
0,6475,0.0
0,6476,0.0
0,6477,0.0
0,6478,0.0
0,6479,0.0
0,6480,0.0
0,6481,0.0
0,6482,0.0
0,6483,0.0
0,6484,0.0
0,6485,0.0
0,6486,0.0
0,6487,0.0
0,6488,0.0
0,6489,0.0
0,6490,0.0
0,6491,0.0
0,6492,0.0
0,6493,0.0
0,6494,0.0
0,6495,0.0
0,6496,0.0
0,6497,0.0
0,6498,0.0
0,6499,0.0
0,6500,0.0
0,6501,0.0
0,6502,0.0
0,6503,0.0
0,6504,0.0
0,6505,0.0
0,6506,0.0
0,6507,0.0
0,6508,0.0
0,6509,0.0
0,6510,0.0
0,6511,0.0
0,6512,0.0
0,6513,0.0
0,6514,0.0
0,6515,0.0
0,6516,0.0
0,6517,0.0
0,6518,0.0
0,6519,0.0
0,6520,0.0
0,6521,0.0
0,6522,0.0
0,6523,0.0
0,6524,0.0
0,6525,0.0
0,6526,0.0
0,6527,0.0
0,6528,0.0
0,6529,0.0
0,6530,0.0
0,6531,0.0
0,6532,0.0
0,6533,0.0
0,6534,0.0
0,6535,0.0
0,6536,0.0
0,6537,0.0
0,6538,0.0
0,6539,0.0
0,6540,0.0
0,6541,0.0
0,6542,0.0
0,6543,0.0
0,6544,0.0
0,6545,0.0
0,6546,0.0
0,6547,0.0
0,6548,0.0
0,6549,0.0
0,6550,0.0
0,6551,0.0
0,6552,0.0
0,6553,0.0
0,6554,0.0
0,6555,0.0
0,6556,0.0
0,6557,0.0
0,6558,0.0
0,6559,0.0
0,6560,0.0
0,6561,0.0
0,6562,0.0
0,6563,0.0
0,6564,0.0
0,6565,0.0
0,6566,0.0
0,6567,0.0
0,6568,0.0
0,6569,0.0
0,6570,0.0
0,6571,0.0
0,6572,0.0
0,6573,0.0
0,6574,0.0
0,6575,0.0
0,6576,0.0
0,6577,0.0
0,6578,0.0
0,6579,0.0
0,6580,0.0
0,6581,0.0
0,6582,0.0
0,6583,0.0
0,6584,0.0
0,6585,0.0
0,6586,0.0
0,6587,0.0
0,6588,0.0
0,6589,0.0
0,6590,0.0
0,6591,0.0
0,6592,0.0
0,6593,0.0
0,6594,0.0
0,6595,0.0
0,6596,0.0
0,6597,0.0
0,6598,0.0
0,6599,0.0
0,6600,0.0
0,6601,0.0
0,6602,0.0
0,6603,0.0
0,6604,0.0
0,6605,0.0
0,6606,0.0
0,6607,0.0
0,6608,0.0
0,6609,0.0
0,6610,0.0
0,6611,0.0
0,6612,0.0
0,6613,0.0
0,6614,0.0
0,6615,0.0
0,6616,0.0
0,6617,0.0
0,6618,0.0
0,6619,0.0
0,6620,0.0
0,6621,0.0
0,6622,0.0
0,6623,0.0
0,6624,0.0
0,6625,0.0
0,6626,0.0
0,6627,0.0
0,6628,0.0
0,6629,0.0
0,6630,0.0
0,6631,0.0
0,6632,0.0
0,6633,0.0
0,6634,0.0
0,6635,0.0
0,6636,0.0
0,6637,0.0
0,6638,0.0
0,6639,0.0
0,6640,0.0
0,6641,0.0
0,6642,0.0
0,6643,0.0
0,6644,0.0
0,6645,0.0
0,6646,0.0
0,6647,0.0
0,6648,0.0
0,6649,0.0
0,6650,0.0
0,6651,0.0
0,6652,0.0
0,6653,0.0
0,6654,0.0
0,6655,0.0
0,6656,0.0
0,6657,0.0
0,6658,0.0
0,6659,0.0
0,6660,0.0
0,6661,0.0
0,6662,0.0
0,6663,0.0
0,6664,0.0
0,6665,0.0
0,6666,0.0
0,6667,0.0
0,6668,0.0
0,6669,0.0
0,6670,0.0
0,6671,0.0
0,6672,0.0
0,6673,0.0
0,6674,0.0
0,6675,0.0
0,6676,0.0
0,6677,0.0
0,6678,0.0
0,6679,0.0
0,6680,0.0
0,6681,0.0
0,6682,0.0
0,6683,0.0
0,6684,0.0
0,6685,0.0
0,6686,0.0
0,6687,0.0
0,6688,0.0
0,6689,0.0
0,6690,0.0
0,6691,0.0
0,6692,0.0
0,6693,0.0
0,6694,0.0
0,6695,0.0
0,6696,0.0
0,6697,0.0
0,6698,0.0
0,6699,0.0
0,6700,0.0
0,6701,0.0
0,6702,0.0
0,6703,0.0
0,6704,0.0
0,6705,0.0
0,6706,0.0
0,6707,0.0
0,6708,0.0
0,6709,0.0
0,6710,0.0
0,6711,0.0
0,6712,0.0
0,6713,0.0
0,6714,0.0
0,6715,0.0
0,6716,0.0
0,6717,0.0
0,6718,0.0
0,6719,0.0
0,6720,0.0
0,6721,0.0
0,6722,0.0
0,6723,0.0
0,6724,0.0
0,6725,0.0
0,6726,0.0
0,6727,0.0
0,6728,0.0
0,6729,0.0
0,6730,0.0
0,6731,0.0
0,6732,0.0
0,6733,0.0
0,6734,0.0
0,6735,0.0
0,6736,0.0
0,6737,0.0
0,6738,0.0
0,6739,0.0
0,6740,0.0
0,6741,0.0
0,6742,0.0
0,6743,0.0
0,6744,0.0
0,6745,0.0
0,6746,0.0
0,6747,0.0
0,6748,0.0
0,6749,0.0
0,6750,0.0
0,6751,0.0
0,6752,0.0
0,6753,0.0
0,6754,0.0
0,6755,0.0
0,6756,0.0
0,6757,0.0
0,6758,0.0
0,6759,0.0
0,6760,0.0
0,6761,0.0
0,6762,0.0
0,6763,0.0
0,6764,0.0
0,6765,0.0
0,6766,0.0
0,6767,0.0
0,6768,0.0
0,6769,0.0
0,6770,0.0
0,6771,0.0
0,6772,0.0
0,6773,0.0
0,6774,0.0
0,6775,0.0
0,6776,0.0
0,6777,0.0
0,6778,0.0
0,6779,0.0
0,6780,0.0
0,6781,0.0
0,6782,0.0
0,6783,0.0
0,6784,0.0
0,6785,0.0
0,6786,0.0
0,6787,0.0
0,6788,0.0
0,6789,0.0
0,6790,0.0
0,6791,0.0
0,6792,0.0
0,6793,0.0
0,6794,0.0
0,6795,0.0
0,6796,0.0
0,6797,0.0
0,6798,0.0
0,6799,0.0
0,6800,0.0
0,6801,0.0
0,6802,0.0
0,6803,0.0
0,6804,0.0
0,6805,0.0
0,6806,0.0
0,6807,0.0
0,6808,0.0
0,6809,0.0
0,6810,0.0
0,6811,0.0
0,6812,0.0
0,6813,0.0
0,6814,0.0
0,6815,0.0
0,6816,0.0
0,6817,0.0
0,6818,0.0
0,6819,0.0
0,6820,0.0
0,6821,0.0
0,6822,0.0
0,6823,0.0
0,6824,0.0
0,6825,0.0
0,6826,0.0
0,6827,0.0
0,6828,0.0
0,6829,0.0
0,6830,0.0
0,6831,0.0
0,6832,0.0
0,6833,0.0
0,6834,0.0
0,6835,0.0
0,6836,0.0
0,6837,0.0
0,6838,0.0
0,6839,0.0
0,6840,0.0
0,6841,0.0
0,6842,0.0
0,6843,0.0
0,6844,0.0
0,6845,0.0
0,6846,0.0
0,6847,0.0
0,6848,0.0
0,6849,0.0
0,6850,0.0
0,6851,0.0
0,6852,0.0
0,6853,0.0
0,6854,0.0
0,6855,0.0
0,6856,0.0
0,6857,0.0
0,6858,0.0
0,6859,0.0
0,6860,0.0
0,6861,0.0
0,6862,0.0
0,6863,0.0
0,6864,0.0
0,6865,0.0
0,6866,0.0
0,6867,0.0
0,6868,0.0
0,6869,0.0
0,6870,0.0
0,6871,0.0
0,6872,0.0
0,6873,0.0
0,6874,0.0
0,6875,0.0
0,6876,0.0
0,6877,0.0
0,6878,0.0
0,6879,0.0
0,6880,0.0
0,6881,0.0
0,6882,0.0
0,6883,0.0
0,6884,0.0
0,6885,0.0
0,6886,0.0
0,6887,0.0
0,6888,0.0
0,6889,0.0
0,6890,0.0
0,6891,0.0
0,6892,0.0
0,6893,0.0
0,6894,0.0
0,6895,0.0
0,6896,0.0
0,6897,0.0
0,6898,0.0
0,6899,0.0
0,6900,0.0
0,6901,0.0
0,6902,0.0
0,6903,0.0
0,6904,0.0
0,6905,0.0
0,6906,0.0
0,6907,0.0
0,6908,0.0
0,6909,0.0
0,6910,0.0
0,6911,0.0
0,6912,0.0
0,6913,0.0
0,6914,0.0
0,6915,0.0
0,6916,0.0
0,6917,0.0
0,6918,0.0
0,6919,0.0
0,6920,0.0
0,6921,0.0
0,6922,0.0
0,6923,0.0
0,6924,0.0
0,6925,0.0
0,6926,0.0
0,6927,0.0
0,6928,0.0
0,6929,0.0
0,6930,0.0
0,6931,0.0
0,6932,0.0
0,6933,0.0
0,6934,0.0
0,6935,0.0
0,6936,0.0
0,6937,0.0
0,6938,0.0
0,6939,0.0
0,6940,0.0
0,6941,0.0
0,6942,0.0
0,6943,0.0
0,6944,0.0
0,6945,0.0
0,6946,0.0
0,6947,0.0
0,6948,0.0
0,6949,0.0
0,6950,0.0
0,6951,0.0
0,6952,0.0
0,6953,0.0
0,6954,0.0
0,6955,0.0
0,6956,0.0
0,6957,0.0
0,6958,0.0
0,6959,0.0
0,6960,0.0
0,6961,0.0
0,6962,0.0
0,6963,0.0
0,6964,0.0
0,6965,0.0
0,6966,0.0
0,6967,0.0
0,6968,0.0
0,6969,0.0
0,6970,0.0
0,6971,0.0
0,6972,0.0
0,6973,0.0
0,6974,0.0
0,6975,0.0
0,6976,0.0
0,6977,0.0
0,6978,0.0
0,6979,0.0
0,6980,0.0
0,6981,0.0
0,6982,0.0
0,6983,0.0
0,6984,0.0
0,6985,0.0
0,6986,0.0
0,6987,0.0
0,6988,0.0
0,6989,0.0
0,6990,0.0
0,6991,0.0
0,6992,0.0
0,6993,0.0
0,6994,0.0
0,6995,0.0
0,6996,0.0
0,6997,0.0
0,6998,0.0
0,6999,0.0
0,7000,0.0
0,7001,0.0
0,7002,0.0
0,7003,0.0
0,7004,0.0
0,7005,0.0
0,7006,0.0
0,7007,0.0
0,7008,0.0
0,7009,0.0
0,7010,0.0
0,7011,0.0
0,7012,0.0
0,7013,0.0
0,7014,0.0
0,7015,0.0
0,7016,0.0
0,7017,0.0
0,7018,0.0
0,7019,0.0
0,7020,0.0
0,7021,0.0
0,7022,0.0
0,7023,0.0
0,7024,0.0
0,7025,0.0
0,7026,0.0
0,7027,0.0
0,7028,0.0
0,7029,0.0
0,7030,0.0
0,7031,0.0
0,7032,0.0
0,7033,0.0
0,7034,0.0
0,7035,0.0
0,7036,0.0
0,7037,0.0
0,7038,0.0
0,7039,0.0
0,7040,0.0
0,7041,0.0
0,7042,0.0
0,7043,0.0
0,7044,0.0
0,7045,0.0
0,7046,0.0
0,7047,0.0
0,7048,0.0
0,7049,0.0
0,7050,0.0
0,7051,0.0
0,7052,0.0
0,7053,0.0
0,7054,0.0
0,7055,0.0
0,7056,0.0
0,7057,0.0
0,7058,0.0
0,7059,0.0
0,7060,0.0
0,7061,0.0
0,7062,0.0
0,7063,0.0
0,7064,0.0
0,7065,0.0
0,7066,0.0
0,7067,0.0
0,7068,0.0
0,7069,0.0
0,7070,0.0
0,7071,0.0
0,7072,0.0
0,7073,0.0
0,7074,0.0
0,7075,0.0
0,7076,0.0
0,7077,0.0
0,7078,0.0
0,7079,0.0
0,7080,0.0
0,7081,0.0
0,7082,0.0
0,7083,0.0
0,7084,0.0
0,7085,0.0
0,7086,0.0
0,7087,0.0
0,7088,0.0
0,7089,0.0
0,7090,0.0
0,7091,0.0
0,7092,0.0
0,7093,0.0
0,7094,0.0
0,7095,0.0
0,7096,0.0
0,7097,0.0
0,7098,0.0
0,7099,0.0
0,7100,0.0
0,7101,0.0
0,7102,0.0
0,7103,0.0
0,7104,0.0
0,7105,0.0
0,7106,0.0
0,7107,0.0
0,7108,0.0
0,7109,0.0
0,7110,0.0
0,7111,0.0
0,7112,0.0
0,7113,0.0
0,7114,0.0
0,7115,0.0
0,7116,0.0
0,7117,0.0
0,7118,0.0
0,7119,0.0
0,7120,0.0
0,7121,0.0
0,7122,0.0
0,7123,0.0
0,7124,0.0
0,7125,0.0
0,7126,0.0
0,7127,0.0
0,7128,0.0
0,7129,0.0
0,7130,0.0
0,7131,0.0
0,7132,0.0
0,7133,0.0
0,7134,0.0
0,7135,0.0
0,7136,0.0
0,7137,0.0
0,7138,0.0
0,7139,0.0
0,7140,0.0
0,7141,0.0
0,7142,0.0
0,7143,0.0
0,7144,0.0
0,7145,0.0
0,7146,0.0
0,7147,0.0
0,7148,0.0
0,7149,0.0
0,7150,0.0
0,7151,0.0
0,7152,0.0
0,7153,0.0
0,7154,0.0
0,7155,0.0
0,7156,0.0
0,7157,0.0
0,7158,0.0
0,7159,0.0
0,7160,0.0
0,7161,0.0
0,7162,0.0
0,7163,0.0
0,7164,0.0
0,7165,0.0
0,7166,0.0
0,7167,0.0
0,7168,0.0
0,7169,0.0
0,7170,0.0
0,7171,0.0
0,7172,0.0
0,7173,0.0
0,7174,0.0
0,7175,0.0
0,7176,0.0
0,7177,0.0
0,7178,0.0
0,7179,0.0
0,7180,0.0
0,7181,0.0
0,7182,0.0
0,7183,0.0
0,7184,0.0
0,7185,0.0
0,7186,0.0
0,7187,0.0
0,7188,0.0
0,7189,0.0
0,7190,0.0
0,7191,0.0
0,7192,0.0
0,7193,0.0
0,7194,0.0
0,7195,0.0
0,7196,0.0
0,7197,0.0
0,7198,0.0
0,7199,0.0
0,7200,0.0
0,7201,0.0
0,7202,0.0
0,7203,0.0
0,7204,0.0
0,7205,0.0
0,7206,0.0
0,7207,0.0
0,7208,0.0
0,7209,0.0
0,7210,0.0
0,7211,0.0
0,7212,0.0
0,7213,0.0
0,7214,0.0
0,7215,0.0
0,7216,0.0
0,7217,0.0
0,7218,0.0
0,7219,0.0
0,7220,0.0
0,7221,0.0
0,7222,0.0
0,7223,0.0
0,7224,0.0
0,7225,0.0
0,7226,0.0
0,7227,0.0
0,7228,0.0
0,7229,0.0
0,7230,0.0
0,7231,0.0
0,7232,0.0
0,7233,0.0
0,7234,0.0
0,7235,0.0
0,7236,0.0
0,7237,0.0
0,7238,0.0
0,7239,0.0
0,7240,0.0
0,7241,0.0
0,7242,0.0
0,7243,0.0
0,7244,0.0
0,7245,0.0
0,7246,0.0
0,7247,0.0
0,7248,0.0
0,7249,0.0
0,7250,0.0
0,7251,0.0
0,7252,0.0
0,7253,0.0
0,7254,0.0
0,7255,0.0
0,7256,0.0
0,7257,0.0
0,7258,0.0
0,7259,0.0
0,7260,0.0
0,7261,0.0
0,7262,0.0
0,7263,0.0
0,7264,0.0
0,7265,0.0
0,7266,0.0
0,7267,0.0
0,7268,0.0
0,7269,0.0
0,7270,0.0
0,7271,0.0
0,7272,0.0
0,7273,0.0
0,7274,0.0
0,7275,0.0
0,7276,0.0
0,7277,0.0
0,7278,0.0
0,7279,0.0
0,7280,0.0
0,7281,0.0
0,7282,0.0
0,7283,0.0
0,7284,0.0
0,7285,0.0
0,7286,0.0
0,7287,0.0
0,7288,0.0
0,7289,0.0
0,7290,0.0
0,7291,0.0
0,7292,0.0
0,7293,0.0
0,7294,0.0
0,7295,0.0
0,7296,0.0
0,7297,0.0
0,7298,0.0
0,7299,0.0
0,7300,0.0
0,7301,0.0
0,7302,0.0
0,7303,0.0
0,7304,0.0
0,7305,0.0
0,7306,0.0
0,7307,0.0
0,7308,0.0
0,7309,0.0
0,7310,0.0
0,7311,0.0
0,7312,0.0
0,7313,0.0
0,7314,0.0
0,7315,0.0
0,7316,0.0
0,7317,0.0
0,7318,0.0
0,7319,0.0
0,7320,0.0
0,7321,0.0
0,7322,0.0
0,7323,0.0
0,7324,0.0
0,7325,0.0
0,7326,0.0
0,7327,0.0
0,7328,0.0
0,7329,0.0
0,7330,0.0
0,7331,0.0
0,7332,0.0
0,7333,0.0
0,7334,0.0
0,7335,0.0
0,7336,0.0
0,7337,0.0
0,7338,0.0
0,7339,0.0
0,7340,0.0
0,7341,0.0
0,7342,0.0
0,7343,0.0
0,7344,0.0
0,7345,0.0
0,7346,0.0
0,7347,0.0
0,7348,0.0
0,7349,0.0
0,7350,0.0
0,7351,0.0
0,7352,0.0
0,7353,0.0
0,7354,0.0
0,7355,0.0
0,7356,0.0
0,7357,0.0
0,7358,0.0
0,7359,0.0
0,7360,0.0
0,7361,0.0
0,7362,0.0
0,7363,0.0
0,7364,0.0
0,7365,0.0
0,7366,0.0
0,7367,0.0
0,7368,0.0
0,7369,0.0
0,7370,0.0
0,7371,0.0
0,7372,0.0
0,7373,0.0
0,7374,0.0
0,7375,0.0
0,7376,0.0
0,7377,0.0
0,7378,0.0
0,7379,0.0
0,7380,0.0
0,7381,0.0
0,7382,0.0
0,7383,0.0
0,7384,0.0
0,7385,0.0
0,7386,0.0
0,7387,0.0
0,7388,0.0
0,7389,0.0
0,7390,0.0
0,7391,0.0
0,7392,0.0
0,7393,0.0
0,7394,0.0
0,7395,0.0
0,7396,0.0
0,7397,0.0
0,7398,0.0
0,7399,0.0
0,7400,0.0
0,7401,0.0
0,7402,0.0
0,7403,0.0
0,7404,0.0
0,7405,0.0
0,7406,0.0
0,7407,0.0
0,7408,0.0
0,7409,0.0
0,7410,0.0
0,7411,0.0
0,7412,0.0
0,7413,0.0
0,7414,0.0
0,7415,0.0
0,7416,0.0
0,7417,0.0
0,7418,0.0
0,7419,0.0
0,7420,0.0
0,7421,0.0
0,7422,0.0
0,7423,0.0
0,7424,0.0
0,7425,0.0
0,7426,0.0
0,7427,0.0
0,7428,0.0
0,7429,0.0
0,7430,0.0
0,7431,0.0
0,7432,0.0
0,7433,0.0
0,7434,0.0
0,7435,0.0
0,7436,0.0
0,7437,0.0
0,7438,0.0
0,7439,0.0
0,7440,0.0
0,7441,0.0
0,7442,0.0
0,7443,0.0
0,7444,0.0
0,7445,0.0
0,7446,0.0
0,7447,0.0
0,7448,0.0
0,7449,0.0
0,7450,0.0
0,7451,0.0
0,7452,0.0
0,7453,0.0
0,7454,0.0
0,7455,0.0
0,7456,0.0
0,7457,0.0
0,7458,0.0
0,7459,0.0
0,7460,0.0
0,7461,0.0
0,7462,0.0
0,7463,0.0
0,7464,0.0
0,7465,0.0
0,7466,0.0
0,7467,0.0
0,7468,0.0
0,7469,0.0
0,7470,0.0
0,7471,0.0
0,7472,0.0
0,7473,0.0
0,7474,0.0
0,7475,0.0
0,7476,0.0
0,7477,0.0
0,7478,0.0
0,7479,0.0
0,7480,0.0
0,7481,0.0
0,7482,0.0
0,7483,0.0
0,7484,0.0
0,7485,0.0
0,7486,0.0
0,7487,0.0
0,7488,0.0
0,7489,0.0
0,7490,0.0
0,7491,0.0
0,7492,0.0
0,7493,0.0
0,7494,0.0
0,7495,0.0
0,7496,0.0
0,7497,0.0
0,7498,0.0
0,7499,0.0
0,7500,0.0
0,7501,0.0
0,7502,0.0
0,7503,0.0
0,7504,0.0
0,7505,0.0
0,7506,0.0
0,7507,0.0
0,7508,0.0
0,7509,0.0
0,7510,0.0
0,7511,0.0
0,7512,0.0
0,7513,0.0
0,7514,0.0
0,7515,0.0
0,7516,0.0
0,7517,0.0
0,7518,0.0
0,7519,0.0
0,7520,0.0
0,7521,0.0
0,7522,0.0
0,7523,0.0
0,7524,0.0
0,7525,0.0
0,7526,0.0
0,7527,0.0
0,7528,0.0
0,7529,0.0
0,7530,0.0
0,7531,0.0
0,7532,0.0
0,7533,0.0
0,7534,0.0
0,7535,0.0
0,7536,0.0
0,7537,0.0
0,7538,0.0
0,7539,0.0
0,7540,0.0
0,7541,0.0
0,7542,0.0
0,7543,0.0
0,7544,0.0
0,7545,0.0
0,7546,0.0
0,7547,0.0
0,7548,0.0
0,7549,0.0
0,7550,0.0
0,7551,0.0
0,7552,0.0
0,7553,0.0
0,7554,0.0
0,7555,0.0
0,7556,0.0
0,7557,0.0
0,7558,0.0
0,7559,0.0
0,7560,0.0
0,7561,0.0
0,7562,0.0
0,7563,0.0
0,7564,0.0
0,7565,0.0
0,7566,0.0
0,7567,0.0
0,7568,0.0
0,7569,0.0
0,7570,0.0
0,7571,0.0
0,7572,0.0
0,7573,0.0
0,7574,0.0
0,7575,0.0
0,7576,0.0
0,7577,0.0
0,7578,0.0
0,7579,0.0
0,7580,0.0
0,7581,0.0
0,7582,0.0
0,7583,0.0
0,7584,0.0
0,7585,0.0
0,7586,0.0
0,7587,0.0
0,7588,0.0
0,7589,0.0
0,7590,0.0
0,7591,0.0
0,7592,0.0
0,7593,0.0
0,7594,0.0
0,7595,0.0
0,7596,0.0
0,7597,0.0
0,7598,0.0
0,7599,0.0
0,7600,0.0
0,7601,0.0
0,7602,0.0
0,7603,0.0
0,7604,0.0
0,7605,0.0
0,7606,0.0
0,7607,0.0
0,7608,0.0
0,7609,0.0
0,7610,0.0
0,7611,0.0
0,7612,0.0
0,7613,0.0
0,7614,0.0
0,7615,0.0
0,7616,0.0
0,7617,0.0
0,7618,0.0
0,7619,0.0
0,7620,0.0
0,7621,0.0
0,7622,0.0
0,7623,0.0
0,7624,0.0
0,7625,0.0
0,7626,0.0
0,7627,0.0
0,7628,0.0
0,7629,0.0
0,7630,0.0
0,7631,0.0
0,7632,0.0
0,7633,0.0
0,7634,0.0
0,7635,0.0
0,7636,0.0
0,7637,0.0
0,7638,0.0
0,7639,0.0
0,7640,0.0
0,7641,0.0
0,7642,0.0
0,7643,0.0
0,7644,0.0
0,7645,0.0
0,7646,0.0
0,7647,0.0
0,7648,0.0
0,7649,0.0
0,7650,0.0
0,7651,0.0
0,7652,0.0
0,7653,0.0
0,7654,0.0
0,7655,0.0
0,7656,0.0
0,7657,0.0
0,7658,0.0
0,7659,0.0
0,7660,0.0
0,7661,0.0
0,7662,0.0
0,7663,0.0
0,7664,0.0
0,7665,0.0
0,7666,0.0
0,7667,0.0
0,7668,0.0
0,7669,0.0
0,7670,0.0
0,7671,0.0
0,7672,0.0
0,7673,0.0
0,7674,0.0
0,7675,0.0
0,7676,0.0
0,7677,0.0
0,7678,0.0
0,7679,0.0
0,7680,0.0
0,7681,0.0
0,7682,0.0
0,7683,0.0
0,7684,0.0
0,7685,0.0
0,7686,0.0
0,7687,0.0
0,7688,0.0
0,7689,0.0
0,7690,0.0
0,7691,0.0
0,7692,0.0
0,7693,0.0
0,7694,0.0
0,7695,0.0
0,7696,0.0
0,7697,0.0
0,7698,0.0
0,7699,0.0
0,7700,0.0
0,7701,0.0
0,7702,0.0
0,7703,0.0
0,7704,0.0
0,7705,0.0
0,7706,0.0
0,7707,0.0
0,7708,0.0
0,7709,0.0
0,7710,0.0
0,7711,0.0
0,7712,0.0
0,7713,0.0
0,7714,0.0
0,7715,0.0
0,7716,0.0
0,7717,0.0
0,7718,0.0
0,7719,0.0
0,7720,0.0
0,7721,0.0
0,7722,0.0
0,7723,0.0
0,7724,0.0
0,7725,0.0
0,7726,0.0
0,7727,0.0
0,7728,0.0
0,7729,0.0
0,7730,0.0
0,7731,0.0
0,7732,0.0
0,7733,0.0
0,7734,0.0
0,7735,0.0
0,7736,0.0
0,7737,0.0
0,7738,0.0
0,7739,0.0
0,7740,0.0
0,7741,0.0
0,7742,0.0
0,7743,0.0
0,7744,0.0
0,7745,0.0
0,7746,0.0
0,7747,0.0
0,7748,0.0
0,7749,0.0
0,7750,0.0
0,7751,0.0
0,7752,0.0
0,7753,0.0
0,7754,0.0
0,7755,0.0
0,7756,0.0
0,7757,0.0
0,7758,0.0
0,7759,0.0
0,7760,0.0
0,7761,0.0
0,7762,0.0
0,7763,0.0
0,7764,0.0
0,7765,0.0
0,7766,0.0
0,7767,0.0
0,7768,0.0
0,7769,0.0
0,7770,0.0
0,7771,0.0
0,7772,0.0
0,7773,0.0
0,7774,0.0
0,7775,0.0
0,7776,0.0
0,7777,0.0
0,7778,0.0
0,7779,0.0
0,7780,0.0
0,7781,0.0
0,7782,0.0
0,7783,0.0
0,7784,0.0
0,7785,0.0
0,7786,0.0
0,7787,0.0
0,7788,0.0
0,7789,0.0
0,7790,0.0
0,7791,0.0
0,7792,0.0
0,7793,0.0
0,7794,0.0
0,7795,0.0
0,7796,0.0
0,7797,0.0
0,7798,0.0
0,7799,0.0
0,7800,0.0
0,7801,0.0
0,7802,0.0
0,7803,0.0
0,7804,0.0
0,7805,0.0
0,7806,0.0
0,7807,0.0
0,7808,0.0
0,7809,0.0
0,7810,0.0
0,7811,0.0
0,7812,0.0
0,7813,0.0
0,7814,0.0
0,7815,0.0
0,7816,0.0
0,7817,0.0
0,7818,0.0
0,7819,0.0
0,7820,0.0
0,7821,0.0
0,7822,0.0
0,7823,0.0
0,7824,0.0
0,7825,0.0
0,7826,0.0
0,7827,0.0
0,7828,0.0
0,7829,0.0
0,7830,0.0
0,7831,0.0
0,7832,0.0
0,7833,0.0
0,7834,0.0
0,7835,0.0
0,7836,0.0
0,7837,0.0
0,7838,0.0
0,7839,0.0
0,7840,0.0
0,7841,0.0
0,7842,0.0
0,7843,0.0
0,7844,0.0
0,7845,0.0
0,7846,0.0
0,7847,0.0
0,7848,0.0
0,7849,0.0
0,7850,0.0
0,7851,0.0
0,7852,0.0
0,7853,0.0
0,7854,0.0
0,7855,0.0
0,7856,0.0
0,7857,0.0
0,7858,0.0
0,7859,0.0
0,7860,0.0
0,7861,0.0
0,7862,0.0
0,7863,0.0
0,7864,0.0
0,7865,0.0
0,7866,0.0
0,7867,0.0
0,7868,0.0
0,7869,0.0
0,7870,0.0
0,7871,0.0
0,7872,0.0
0,7873,0.0
0,7874,0.0
0,7875,0.0
0,7876,0.0
0,7877,0.0
0,7878,0.0
0,7879,0.0
0,7880,0.0
0,7881,0.0
0,7882,0.0
0,7883,0.0
0,7884,0.0
0,7885,0.0
0,7886,0.0
0,7887,0.0
0,7888,0.0
0,7889,0.0
0,7890,0.0
0,7891,0.0
0,7892,0.0
0,7893,0.0
0,7894,0.0
0,7895,0.0
0,7896,0.0
0,7897,0.0
0,7898,0.0
0,7899,0.0
0,7900,0.0
0,7901,0.0
0,7902,0.0
0,7903,0.0
0,7904,0.0
0,7905,0.0
0,7906,0.0
0,7907,0.0
0,7908,0.0
0,7909,0.0
0,7910,0.0
0,7911,0.0
0,7912,0.0
0,7913,0.0
0,7914,0.0
0,7915,0.0
0,7916,0.0
0,7917,0.0
0,7918,0.0
0,7919,0.0
0,7920,0.0
0,7921,0.0
0,7922,0.0
0,7923,0.0
0,7924,0.0
0,7925,0.0
0,7926,0.0
0,7927,0.0
0,7928,0.0
0,7929,0.0
0,7930,0.0
0,7931,0.0
0,7932,0.0
0,7933,0.0
0,7934,0.0
0,7935,0.0
0,7936,0.0
0,7937,0.0
0,7938,0.0
0,7939,0.0
0,7940,0.0
0,7941,0.0
0,7942,0.0
0,7943,0.0
0,7944,0.0
0,7945,0.0
0,7946,0.0
0,7947,0.0
0,7948,0.0
0,7949,0.0
0,7950,0.0
0,7951,0.0
0,7952,0.0
0,7953,0.0
0,7954,0.0
0,7955,0.0
0,7956,0.0
0,7957,0.0
0,7958,0.0
0,7959,0.0
0,7960,0.0
0,7961,0.0
0,7962,0.0
0,7963,0.0
0,7964,0.0
0,7965,0.0
0,7966,0.0
0,7967,0.0
0,7968,0.0
0,7969,0.0
0,7970,0.0
0,7971,0.0
0,7972,0.0
0,7973,0.0
0,7974,0.0
0,7975,0.0
0,7976,0.0
0,7977,0.0
0,7978,0.0
0,7979,0.0
0,7980,0.0
0,7981,0.0
0,7982,0.0
0,7983,0.0
0,7984,0.0
0,7985,0.0
0,7986,0.0
0,7987,0.0
0,7988,0.0
0,7989,0.0
0,7990,0.0
0,7991,0.0
0,7992,0.0
0,7993,0.0
0,7994,0.0
0,7995,0.0
0,7996,0.0
0,7997,0.0
0,7998,0.0
0,7999,0.0
0,8000,0.0
0,8001,0.0
0,8002,0.0
0,8003,0.0
0,8004,0.0
0,8005,0.0
0,8006,0.0
0,8007,0.0
0,8008,0.0
0,8009,0.0
0,8010,0.0
0,8011,0.0
0,8012,0.0
0,8013,0.0
0,8014,0.0
0,8015,0.0
0,8016,0.0
0,8017,0.0
0,8018,0.0
0,8019,0.0
0,8020,0.0
0,8021,0.0
0,8022,0.0
0,8023,0.0
0,8024,0.0
0,8025,0.0
0,8026,0.0
0,8027,0.0
0,8028,0.0
0,8029,0.0
0,8030,0.0
0,8031,0.0
0,8032,0.0
0,8033,0.0
0,8034,0.0
0,8035,0.0
0,8036,0.0
0,8037,0.0
0,8038,0.0
0,8039,0.0
0,8040,0.0
0,8041,0.0
0,8042,0.0
0,8043,0.0
0,8044,0.0
0,8045,0.0
0,8046,0.0
0,8047,0.0
0,8048,0.0
0,8049,0.0
0,8050,0.0
0,8051,0.0
0,8052,0.0
0,8053,0.0
0,8054,0.0
0,8055,0.0
0,8056,0.0
0,8057,0.0
0,8058,0.0
0,8059,0.0
0,8060,0.0
0,8061,0.0
0,8062,0.0
0,8063,0.0
0,8064,0.0
0,8065,0.0
0,8066,0.0
0,8067,0.0
0,8068,0.0
0,8069,0.0
0,8070,0.0
0,8071,0.0
0,8072,0.0
0,8073,0.0
0,8074,0.0
0,8075,0.0
0,8076,0.0
0,8077,0.0
0,8078,0.0
0,8079,0.0
0,8080,0.0
0,8081,0.0
0,8082,0.0
0,8083,0.0
0,8084,0.0
0,8085,0.0
0,8086,0.0
0,8087,0.0
0,8088,0.0
0,8089,0.0
0,8090,0.0
0,8091,0.0
0,8092,0.0
0,8093,0.0
0,8094,0.0
0,8095,0.0
0,8096,0.0
0,8097,0.0
0,8098,0.0
0,8099,0.0
0,8100,0.0
0,8101,0.0
0,8102,0.0
0,8103,0.0
0,8104,0.0
0,8105,0.0
0,8106,0.0
0,8107,0.0
0,8108,0.0
0,8109,0.0
0,8110,0.0
0,8111,0.0
0,8112,0.0
0,8113,0.0
0,8114,0.0
0,8115,0.0
0,8116,0.0
0,8117,0.0
0,8118,0.0
0,8119,0.0
0,8120,0.0
0,8121,0.0
0,8122,0.0
0,8123,0.0
0,8124,0.0
0,8125,0.0
0,8126,0.0
0,8127,0.0
0,8128,0.0
0,8129,0.0
0,8130,0.0
0,8131,0.0
0,8132,0.0
0,8133,0.0
0,8134,0.0
0,8135,0.0
0,8136,0.0
0,8137,0.0
0,8138,0.0
0,8139,0.0
0,8140,0.0
0,8141,0.0
0,8142,0.0
0,8143,0.0
0,8144,0.0
0,8145,0.0
0,8146,0.0
0,8147,0.0
0,8148,0.0
0,8149,0.0
0,8150,0.0
0,8151,0.0
0,8152,0.0
0,8153,0.0
0,8154,0.0
0,8155,0.0
0,8156,0.0
0,8157,0.0
0,8158,0.0
0,8159,0.0
0,8160,0.0
0,8161,0.0
0,8162,0.0
0,8163,0.0
0,8164,0.0
0,8165,0.0
0,8166,0.0
0,8167,0.0
0,8168,0.0
0,8169,0.0
0,8170,0.0
0,8171,0.0
0,8172,0.0
0,8173,0.0
0,8174,0.0
0,8175,0.0
0,8176,0.0
0,8177,0.0
0,8178,0.0
0,8179,0.0
0,8180,0.0
0,8181,0.0
0,8182,0.0
0,8183,0.0
0,8184,0.0
0,8185,0.0
0,8186,0.0
0,8187,0.0
0,8188,0.0
0,8189,0.0
0,8190,0.0
0,8191,0.0
0,8192,0.0
0,8193,0.0
0,8194,0.0
0,8195,0.0
0,8196,0.0
0,8197,0.0
0,8198,0.0
0,8199,0.0
0,8200,0.0
0,8201,0.0
0,8202,0.0
0,8203,0.0
0,8204,0.0
0,8205,0.0
0,8206,0.0
0,8207,0.0
0,8208,0.0
0,8209,0.0
0,8210,0.0
0,8211,0.0
0,8212,0.0
0,8213,0.0
0,8214,0.0
0,8215,0.0
0,8216,0.0
0,8217,0.0
0,8218,0.0
0,8219,0.0
0,8220,0.0
0,8221,0.0
0,8222,0.0
0,8223,0.0
0,8224,0.0
0,8225,0.0
0,8226,0.0
0,8227,0.0
0,8228,0.0
0,8229,0.0
0,8230,0.0
0,8231,0.0
0,8232,0.0
0,8233,0.0
0,8234,0.0
0,8235,0.0
0,8236,0.0
0,8237,0.0
0,8238,0.0
0,8239,0.0
0,8240,0.0
0,8241,0.0
0,8242,0.0
0,8243,0.0
0,8244,0.0
0,8245,0.0
0,8246,0.0
0,8247,0.0
0,8248,0.0
0,8249,0.0
0,8250,0.0
0,8251,0.0
0,8252,0.0
0,8253,0.0
0,8254,0.0
0,8255,0.0
0,8256,0.0
0,8257,0.0
0,8258,0.0
0,8259,0.0
0,8260,0.0
0,8261,0.0
0,8262,0.0
0,8263,0.0
0,8264,0.0
0,8265,0.0
0,8266,0.0
0,8267,0.0
0,8268,0.0
0,8269,0.0
0,8270,0.0
0,8271,0.0
0,8272,0.0
0,8273,0.0
0,8274,0.0
0,8275,0.0
0,8276,0.0
0,8277,0.0
0,8278,0.0
0,8279,0.0
0,8280,0.0
0,8281,0.0
0,8282,0.0
0,8283,0.0
0,8284,0.0
0,8285,0.0
0,8286,0.0
0,8287,0.0
0,8288,0.0
0,8289,0.0
0,8290,0.0
0,8291,0.0
0,8292,0.0
0,8293,0.0
0,8294,0.0
0,8295,0.0
0,8296,0.0
0,8297,0.0
0,8298,0.0
0,8299,0.0
0,8300,0.0
0,8301,0.0
0,8302,0.0
0,8303,0.0
0,8304,0.0
0,8305,0.0
0,8306,0.0
0,8307,0.0
0,8308,0.0
0,8309,0.0
0,8310,0.0
0,8311,0.0
0,8312,0.0
0,8313,0.0
0,8314,0.0
0,8315,0.0
0,8316,0.0
0,8317,0.0
0,8318,0.0
0,8319,0.0
0,8320,0.0
0,8321,0.0
0,8322,0.0
0,8323,0.0
0,8324,0.0
0,8325,0.0
0,8326,0.0
0,8327,0.0
0,8328,0.0
0,8329,0.0
0,8330,0.0
0,8331,0.0
0,8332,0.0
0,8333,0.0
0,8334,0.0
0,8335,0.0
0,8336,0.0
0,8337,0.0
0,8338,0.0
0,8339,0.0
0,8340,0.0
0,8341,0.0
0,8342,0.0
0,8343,0.0
0,8344,0.0
0,8345,0.0
0,8346,0.0
0,8347,0.0
0,8348,0.0
0,8349,0.0
0,8350,0.0
0,8351,0.0
0,8352,0.0
0,8353,0.0
0,8354,0.0
0,8355,0.0
0,8356,0.0
0,8357,0.0
0,8358,0.0
0,8359,0.0
0,8360,0.0
0,8361,0.0
0,8362,0.0
0,8363,0.0
0,8364,0.0
0,8365,0.0
0,8366,0.0
0,8367,0.0
0,8368,0.0
0,8369,0.0
0,8370,0.0
0,8371,0.0
0,8372,0.0
0,8373,0.0
0,8374,0.0
0,8375,0.0
0,8376,0.0
0,8377,0.0
0,8378,0.0
0,8379,0.0
0,8380,0.0
0,8381,0.0
0,8382,0.0
0,8383,0.0
0,8384,0.0
0,8385,0.0
0,8386,0.0
0,8387,0.0
0,8388,0.0
0,8389,0.0
0,8390,0.0
0,8391,0.0
0,8392,0.0
0,8393,0.0
0,8394,0.0
0,8395,0.0
0,8396,0.0
0,8397,0.0
0,8398,0.0
0,8399,0.0
0,8400,0.0
0,8401,0.0
0,8402,0.0
0,8403,0.0
0,8404,0.0
0,8405,0.0
0,8406,0.0
0,8407,0.0
0,8408,0.0
0,8409,0.0
0,8410,0.0
0,8411,0.0
0,8412,0.0
0,8413,0.0
0,8414,0.0
0,8415,0.0
0,8416,0.0
0,8417,0.0
0,8418,0.0
0,8419,0.0
0,8420,0.0
0,8421,0.0
0,8422,0.0
0,8423,0.0
0,8424,0.0
0,8425,0.0
0,8426,0.0
0,8427,0.0
0,8428,0.0
0,8429,0.0
0,8430,0.0
0,8431,0.0
0,8432,0.0
0,8433,0.0
0,8434,0.0
0,8435,0.0
0,8436,0.0
0,8437,0.0
0,8438,0.0
0,8439,0.0
0,8440,0.0
0,8441,0.0
0,8442,0.0
0,8443,0.0
0,8444,0.0
0,8445,0.0
0,8446,0.0
0,8447,0.0
0,8448,0.0
0,8449,0.0
0,8450,0.0
0,8451,0.0
0,8452,0.0
0,8453,0.0
0,8454,0.0
0,8455,0.0
0,8456,0.0
0,8457,0.0
0,8458,0.0
0,8459,0.0
0,8460,0.0
0,8461,0.0
0,8462,0.0
0,8463,0.0
0,8464,0.0
0,8465,0.0
0,8466,0.0
0,8467,0.0
0,8468,0.0
0,8469,0.0
0,8470,0.0
0,8471,0.0
0,8472,0.0
0,8473,0.0
0,8474,0.0
0,8475,0.0
0,8476,0.0
0,8477,0.0
0,8478,0.0
0,8479,0.0
0,8480,0.0
0,8481,0.0
0,8482,0.0
0,8483,0.0
0,8484,0.0
0,8485,0.0
0,8486,0.0
0,8487,0.0
0,8488,0.0
0,8489,0.0
0,8490,0.0
0,8491,0.0
0,8492,0.0
0,8493,0.0
0,8494,0.0
0,8495,0.0
0,8496,0.0
0,8497,0.0
0,8498,0.0
0,8499,0.0
0,8500,0.0
0,8501,0.0
0,8502,0.0
0,8503,0.0
0,8504,0.0
0,8505,0.0
0,8506,0.0
0,8507,0.0
0,8508,0.0
0,8509,0.0
0,8510,0.0
0,8511,0.0
0,8512,0.0
0,8513,0.0
0,8514,0.0
0,8515,0.0
0,8516,0.0
0,8517,0.0
0,8518,0.0
0,8519,0.0
0,8520,0.0
0,8521,0.0
0,8522,0.0
0,8523,0.0
0,8524,0.0
0,8525,0.0
0,8526,0.0
0,8527,0.0
0,8528,0.0
0,8529,0.0
0,8530,0.0
0,8531,0.0
0,8532,0.0
0,8533,0.0
0,8534,0.0
0,8535,0.0
0,8536,0.0
0,8537,0.0
0,8538,0.0
0,8539,0.0
0,8540,0.0
0,8541,0.0
0,8542,0.0
0,8543,0.0
0,8544,0.0
0,8545,0.0
0,8546,0.0
0,8547,0.0
0,8548,0.0
0,8549,0.0
0,8550,0.0
0,8551,0.0
0,8552,0.0
0,8553,0.0
0,8554,0.0
0,8555,0.0
0,8556,0.0
0,8557,0.0
0,8558,0.0
0,8559,0.0
0,8560,0.0
0,8561,0.0
0,8562,0.0
0,8563,0.0
0,8564,0.0
0,8565,0.0
0,8566,0.0
0,8567,0.0
0,8568,0.0
0,8569,0.0
0,8570,0.0
0,8571,0.0
0,8572,0.0
0,8573,0.0
0,8574,0.0
0,8575,0.0
0,8576,0.0
0,8577,0.0
0,8578,0.0
0,8579,0.0
0,8580,0.0
0,8581,0.0
0,8582,0.0
0,8583,0.0
0,8584,0.0
0,8585,0.0
0,8586,0.0
0,8587,0.0
0,8588,0.0
0,8589,0.0
0,8590,0.0
0,8591,0.0
0,8592,0.0
0,8593,0.0
0,8594,0.0
0,8595,0.0
0,8596,0.0
0,8597,0.0
0,8598,0.0
0,8599,0.0
0,8600,0.0
0,8601,0.0
0,8602,0.0
0,8603,0.0
0,8604,0.0
0,8605,0.0
0,8606,0.0
0,8607,0.0
0,8608,0.0
0,8609,0.0
0,8610,0.0
0,8611,0.0
0,8612,0.0
0,8613,0.0
0,8614,0.0
0,8615,0.0
0,8616,0.0
0,8617,0.0
0,8618,0.0
0,8619,0.0
0,8620,0.0
0,8621,0.0
0,8622,0.0
0,8623,0.0
0,8624,0.0
0,8625,0.0
0,8626,0.0
0,8627,0.0
0,8628,0.0
0,8629,0.0
0,8630,0.0
0,8631,0.0
0,8632,0.0
0,8633,0.0
0,8634,0.0
0,8635,0.0
0,8636,0.0
0,8637,0.0
0,8638,0.0
0,8639,0.0
0,8640,0.0
0,8641,0.0
0,8642,0.0
0,8643,0.0
0,8644,0.0
0,8645,0.0
0,8646,0.0
0,8647,0.0
0,8648,0.0
0,8649,0.0
0,8650,0.0
0,8651,0.0
0,8652,0.0
0,8653,0.0
0,8654,0.0
0,8655,0.0
0,8656,0.0
0,8657,0.0
0,8658,0.0
0,8659,0.0
0,8660,0.0
0,8661,0.0
0,8662,0.0
0,8663,0.0
0,8664,0.0
0,8665,0.0
0,8666,0.0
0,8667,0.0
0,8668,0.0
0,8669,0.0
0,8670,0.0
0,8671,0.0
0,8672,0.0
0,8673,0.0
0,8674,0.0
0,8675,0.0
0,8676,0.0
0,8677,0.0
0,8678,0.0
0,8679,0.0
0,8680,0.0
0,8681,0.0
0,8682,0.0
0,8683,0.0
0,8684,0.0
0,8685,0.0
0,8686,0.0
0,8687,0.0
0,8688,0.0
0,8689,0.0
0,8690,0.0
0,8691,0.0
0,8692,0.0
0,8693,0.0
0,8694,0.0
0,8695,0.0
0,8696,0.0
0,8697,0.0
0,8698,0.0
0,8699,0.0
0,8700,0.0
0,8701,0.0
0,8702,0.0
0,8703,0.0
0,8704,0.0
0,8705,0.0
0,8706,0.0
0,8707,0.0
0,8708,0.0
0,8709,0.0
0,8710,0.0
0,8711,0.0
0,8712,0.0
0,8713,0.0
0,8714,0.0
0,8715,0.0
0,8716,0.0
0,8717,0.0
0,8718,0.0
0,8719,0.0
0,8720,0.0
0,8721,0.0
0,8722,0.0
0,8723,0.0
0,8724,0.0
0,8725,0.0
0,8726,0.0
0,8727,0.0
0,8728,0.0
0,8729,0.0
0,8730,0.0
0,8731,0.0
0,8732,0.0
0,8733,0.0
0,8734,0.0
0,8735,0.0
0,8736,0.0
0,8737,0.0
0,8738,0.0
0,8739,0.0
0,8740,0.0
0,8741,0.0
0,8742,0.0
0,8743,0.0
0,8744,0.0
0,8745,0.0
0,8746,0.0
0,8747,0.0
0,8748,0.0
0,8749,0.0
0,8750,0.0
0,8751,0.0
0,8752,0.0
0,8753,0.0
0,8754,0.0
0,8755,0.0
0,8756,0.0
0,8757,0.0
0,8758,0.0
0,8759,0.0
1,0,36001.291177685765
1,1,18972.03468315526
1,2,1772.485623765635
1,3,1.7148857128535281e-07
1,4,1.7148694757409622e-07
1,5,1.7148600753706688e-07
1,6,1.7148481730396058e-07
1,7,1.714827553712776e-07
1,8,1.7148906312756972e-07
1,9,1.7148991546020562e-07
1,10,1.7148799852202625e-07
1,11,1.7148893956324364e-07
1,12,1.7148742609632023e-07
1,13,1.714843396356271e-07
1,14,1.7146768932301513e-07
1,15,2.0697629115682938e-08
1,16,6747.854689097791
1,17,20140.555935244927
1,18,32931.50204003241
1,19,38503.62722215775
1,20,34289.67788807451
1,21,20153.65985055845
1,22,2965.927042842939
1,23,1.7149116263414635e-07
1,24,1.7148803659858313e-07
1,25,1.7148719624285758e-07
1,26,1.7148682954356512e-07
1,27,1.7148672157413203e-07
1,28,1.714854508527838e-07
1,29,1.7148021346180499e-07
1,30,1.4031067842975163e-08
1,31,1.5433511956966647e-07
1,32,1.5434065626519886e-07
1,33,3.762779139368294e-07
1,34,10473.927864110847
1,35,18237.701084876015
1,36,21264.824378614616
1,37,24388.717248943514
1,38,34771.921869956815
1,39,52276.01930432361
1,40,70188.04890373521
1,41,88279.19879914403
1,42,99367.23440578835
1,43,96483.06303863593
1,44,110901.24327973985
1,45,129399.52511875675
1,46,148082.78977624996
1,47,159114.25551667117
1,48,160205.8387410348
1,49,152766.7743904926
1,50,140704.75805498473
1,51,124948.79094329521
1,52,108809.00944635975
1,53,92612.3919216884
1,54,78092.2252035373
1,55,72856.94280576061
1,56,79361.02846677421
1,57,91059.00017668097
1,58,104437.14378077368
1,59,118881.41695318092
1,60,135070.88159379995
1,61,153810.85981592757
1,62,172738.2378203775
1,63,191854.88960490556
1,64,211162.7079073339
1,65,230663.60439278735
1,66,250359.50984309602
1,67,265512.0259180638
1,68,270885.38842864614
1,69,270951.56051431346
1,70,266700.08750986133
1,71,253515.39559454165
1,72,238661.2801440966
1,73,223658.62353914717
1,74,208505.9403681483
1,75,193201.7303654394
1,76,177744.47826270346
1,77,162132.6536389402
1,78,146364.7107689393
1,79,130439.08847023844
1,80,114354.2099485506
1,81,98108.4826416459
1,82,81700.29806167216
1,83,65128.03163589871
1,84,48390.04254586757
1,85,31484.673564936125
1,86,14410.250894195398
1,87,2611.903563927113
1,88,4.70404996535488e-09
1,89,1.7148138829246417e-07
1,90,1.7148767647497684e-07
1,91,1.7148993243146617e-07
1,92,1.7148903457849364e-07
1,93,1.714859874188011e-07
1,94,1.7149192778334794e-07
1,95,1.7149155124305052e-07
1,96,1.7149161768683567e-07
1,97,1.7147968319963726e-07
1,98,1.7148237293809743e-07
1,99,1.714828500105534e-07
1,100,1.7148323740908138e-07
1,101,1.7148049615502603e-07
1,102,5.302169134121216e-09
1,103,1.3086832531807534e-07
1,104,1.3087494709932367e-07
1,105,4725.590505064618
1,106,22162.115816375765
1,107,39773.00638086579
1,108,57560.005851022644
1,109,75524.875315892
1,110,93669.39347541665
1,111,111995.35681654094
1,112,130504.57979107958
1,113,149198.894995366
1,114,166156.53145703475
1,115,172101.3935715692
1,116,164699.0661142142
1,117,148956.78736897418
1,118,133057.08583628255
1,119,116998.38728826496
1,120,100779.10175476823
1,121,84397.62336593782
1,122,67852.33019322061
1,123,51141.584088778094
1,124,34263.73052329345
1,125,17217.098422156905
1,126,1.2903027130022507e-08
1,127,1.4479090038044262e-07
1,128,1.4480008821374387e-07
1,129,1.448047664321956e-07
1,130,6963.694382307722
1,131,20434.184313964623
1,132,26481.473677009555
1,133,29885.275999481906
1,134,40459.605056146196
1,135,58253.470513070526
1,136,76225.27462456893
1,137,94376.79677718578
1,138,111520.4150434993
1,139,114921.02761761573
1,140,105968.05277597027
1,141,89638.46389736516
1,142,73145.57912997974
1,143,56487.76551492908
1,144,39663.373763742275
1,145,22670.738095072327
1,146,5508.176069801863
1,147,1.7149480542938606e-07
1,148,1.7147776909241818e-07
1,149,1.7147482882115496e-07
1,150,1.7147479556561145e-07
1,151,1.4031123601780193e-08
1,152,1.543369740475279e-07
1,153,3.7611132302307676e-07
1,154,17389.26940650815
1,155,34952.43150686749
1,156,52571.697510003556
1,157,63795.509842276755
1,158,73602.31652682336
1,159,86804.62072194765
1,160,99214.97743006694
1,161,110730.70108287109
1,162,110191.44137598739
1,163,93904.08638352616
1,164,84302.51939275024
1,165,97272.43459880295
1,166,101626.61633346003
1,167,92207.30049504062
1,168,75740.1040936351
1,169,59108.23572822496
1,170,42310.04867917642
1,171,25343.87975966879
1,172,8208.049151060344
1,173,1.8042705047504877e-08
1,174,1.6865929183370785e-07
1,175,1.7148189194172406e-07
1,176,1.7148540403560584e-07
1,177,1.714858644035963e-07
1,178,1.7148420948119494e-07
1,179,1.7148840992479032e-07
1,180,1.7148726211651502e-07
1,181,1.7147592919946122e-07
1,182,6.572614462668075e-08
1,183,1.6876502042012975e-07
1,184,1.6879447377736337e-07
1,185,1.6879884740423094e-07
1,186,1.6880801671537464e-07
1,187,1902.3429499898125
1,188,4.1588914903828e-07
1,189,1.7149172259998415e-07
1,190,1.714896233641328e-07
1,191,1.7148912692216108e-07
1,192,1.7148793680362784e-07
1,193,1.7148764853693e-07
1,194,1.714875506666233e-07
1,195,1.7148735482919067e-07
1,196,1.7148628993421942e-07
1,197,1.7148312551825166e-07
1,198,1.7141958158451917e-07
1,199,6.574393710710106e-08
1,200,371.59692512581154
1,201,4.1597876180378456e-07
1,202,1.714936839325291e-07
1,203,1.7149102272563514e-07
1,204,1.7148996583394617e-07
1,205,1.7148530714937524e-07
1,206,1.7148521504496412e-07
1,207,1.714836922906565e-07
1,208,1.7148174133015874e-07
1,209,1.7149194509504797e-07
1,210,1.7149011155196498e-07
1,211,4.159532171291733e-07
1,212,17389.269406517582
1,213,34952.4315068659
1,214,52691.225228259726
1,215,61693.37262224979
1,216,64102.55083404707
1,217,60032.08506449125
1,218,51545.85837413633
1,219,37684.64520266342
1,220,22146.096640023396
1,221,5894.059555647812
1,222,1.905228885536734e-07
1,223,1.559347429312692e-08
1,224,1.7148260311671232e-07
1,225,1.7148654461504446e-07
1,226,1.7148974089465697e-07
1,227,1.7150113875889035e-07
1,228,1.7149390250283526e-07
1,229,1.7147014489036724e-07
1,230,1.7148268903008509e-07
1,231,1.7148582565998404e-07
1,232,1.7148428880500374e-07
1,233,1.7148679510962939e-07
1,234,1.7148669898412925e-07
1,235,1.7148915457983324e-07
1,236,1.7149044861258528e-07
1,237,1.714879257915219e-07
1,238,1.7149140376756709e-07
1,239,1.7149700940813904e-07
1,240,1.714839751530944e-07
1,241,1.7148920550188193e-07
1,242,1.7148910952537828e-07
1,243,1.7148798151815831e-07
1,244,1.7148174002740851e-07
1,245,1.7148754064518e-07
1,246,1.714769023228172e-07
1,247,1.714836576768245e-07
1,248,1.7148732119805243e-07
1,249,1.7148920450381962e-07
1,250,1.7149093700156407e-07
1,251,1.714986041699237e-07
1,252,1.7150241196766942e-07
1,253,1.7146928163287657e-07
1,254,1.714766179341479e-07
1,255,1.7148490874652048e-07
1,256,1278.4071585229372
1,257,18680.46063632761
1,258,36256.534648996545
1,259,54008.369401820884
1,260,63936.902015681204
1,261,65554.97968282466
1,262,63827.82508236963
1,263,51141.584088780255
1,264,34263.73052334838
1,265,17217.09842230869
1,266,4.629722500302234e-07
1,267,1.9054210626006556e-07
1,268,1.9053813515377128e-07
1,269,1.9021660538874607e-07
1,270,1.5591289761186542e-08
1,271,1.7148275659531476e-07
1,272,1.7148854943648353e-07
1,273,1.714891618037368e-07
1,274,1.7148782744378678e-07
1,275,1.714911605521258e-07
1,276,1.7148971087635142e-07
1,277,1.7148364644297212e-07
1,278,1.714843256442962e-07
1,279,1.715207910953705e-07
1,280,15416.245044725723
1,281,32959.67690139249
1,282,50678.54307671208
1,283,61671.1488054234
1,284,65560.39249631276
1,285,61580.36860928577
1,286,53156.80254557882
1,287,39256.407106761726
1,288,22782.33785205351
1,289,8539.61881379634
1,290,4.574407376296461e-07
1,291,1.5601479044214563e-08
1,292,1.71465975851772e-07
1,293,1.714793979949974e-07
1,294,1.639201851489356e-08
1,295,1.567756424260909e-07
1,296,1.5679692467746986e-07
1,297,1.5679912736756723e-07
1,298,746.3860705601071
1,299,18143.119337499917
1,300,30230.931505257286
1,301,40512.59676692353
1,302,57484.37331176908
1,303,75448.48645124715
1,304,93592.24072212528
1,305,111917.43253571591
1,306,118240.14665876293
1,307,125373.67690977514
1,308,144016.68308509237
1,309,158583.98511927875
1,310,163757.38807798625
1,311,153844.60812750916
1,312,137993.78480239335
1,313,121984.45324402642
1,314,105815.02837007582
1,315,89483.90924738573
1,316,72989.47893346878
1,317,56330.10431641265
1,318,39504.135953186
1,319,22509.907906520326
1,320,15795.109839430703
1,321,29779.279246713584
1,322,42242.919870571284
1,323,53555.06164280351
1,324,59024.887319970025
1,325,65940.71306026075
1,326,83989.38959722238
1,327,102218.55289955829
1,328,120630.00783492104
1,329,139225.57731964017
1,330,158007.10249920865
1,331,166401.40617125647
1,332,161416.28728948237
1,333,146231.61418812428
1,334,130304.66092361511
1,335,114218.43812646082
1,336,97971.35310133503
1,337,81561.79722595801
1,338,64988.14579182723
1,339,48248.75784335516
1,340,31341.9760153984
1,341,14266.126369162093
1,342,5.639489962229417e-09
1,343,1.7152880436079607e-07
1,344,15926.323691794156
1,345,30002.554572950437
1,346,31121.870208376004
1,347,23793.084568990627
1,348,10386.014103768211
1,349,2.9301088408385508e-08
1,350,1.7130777090775375e-07
1,351,1.7151792701305393e-07
1,352,15451.7710244092
1,353,32995.5581408728
1,354,50714.78312858721
1,355,68611.20036620743
1,356,75232.70002493633
1,357,71876.51087078066
1,358,62895.413987103624
1,359,47157.586228213375
1,360,30239.892684175873
1,361,13153.022204745035
1,362,4.608636733059745e-07
1,363,1.9039311070751614e-07
1,364,1.5591911288930025e-08
1,365,1.714745663562191e-07
1,366,1.7144240650840913e-07
1,367,8.529891789326913e-08
1,368,1.697853947476148e-07
1,369,1.6978968346855025e-07
1,370,1.6992724114208119e-07
1,371,1230.3186995059482
1,372,1.7149616462558892e-07
1,373,8.530511654415533e-08
1,374,1.697220439734711e-07
1,375,1.6978811461627018e-07
1,376,1.6982275371856632e-07
1,377,11489.889054443134
1,378,10051.200113725314
1,379,27540.981521081954
1,380,45205.660742598404
1,381,57876.117233112236
1,382,64544.28041323285
1,383,60752.91584522837
1,384,51900.806345817735
1,385,38138.032397797164
1,386,22407.85065715234
1,387,7313.278574668221
1,388,1.894533889563912e-07
1,389,1.8941866517950458e-07
1,390,1.637787079564933e-08
1,391,1.7147352798861214e-07
1,392,1.7148731657482463e-07
1,393,1.7149330165620587e-07
1,394,1.714848749880969e-07
1,395,1.7148730796834647e-07
1,396,1.7148339120874319e-07
1,397,1.7148223274717866e-07
1,398,1.7148269213022567e-07
1,399,1.714793042797329e-07
1,400,1.7144702612429687e-07
1,401,1.7859016901658837
1,402,17391.07316688477
1,403,34954.253304868755
1,404,52693.06524426069
1,405,66870.38997294771
1,406,72319.54851809242
1,407,66649.2115670864
1,408,51139.62212725848
1,409,34261.74894233496
1,410,17215.097026184187
1,411,2.3596841793879038e-07
1,412,1.8942686793164856e-07
1,413,1.8942564861893895e-07
1,414,1.8941400815151326e-07
1,415,1.6379261739934536e-08
1,416,1.7130023477108136e-07
1,417,1.714833832794306e-07
1,418,1.7147968397289025e-07
1,419,1.7148233129860827e-07
1,420,1.7148456092912386e-07
1,421,1.7148128428503108e-07
1,422,1.7148297210247874e-07
1,423,1.7147909145905928e-07
1,424,3.362132881227776e-08
1,425,2916.1779245109465
1,426,7204.604201356792
1,427,7486.505092194676
1,428,1179.9212313102244
1,429,1.7149111921155118e-07
1,430,1.7149003071341732e-07
1,431,1.714892625378822e-07
1,432,1.7148880521915613e-07
1,433,1.714884299551002e-07
1,434,1.7148684117456077e-07
1,435,1.714851252856823e-07
1,436,1.714844290924436e-07
1,437,1.7147994068773278e-07
1,438,5.302144877721715e-09
1,439,1.3085613379118033e-07
1,440,1.30872200956411e-07
1,441,1.308739129661496e-07
1,442,1.3087340002237687e-07
1,443,1.308774993134332e-07
1,444,1.308914725528011e-07
1,445,1.3087120061407815e-07
1,446,1784.5090774393748
1,447,19191.623574474255
1,448,36772.80921654527
1,449,54529.80671505891
1,450,72464.37418856865
1,451,88030.82107828758
1,452,94416.71459315033
1,453,93886.14136639587
1,454,85790.75484699046
1,455,69259.39298909716
1,456,52562.7175126325
1,457,35699.07528141578
1,458,18666.796627912103
1,459,1464.1951879489916
1,460,1.504333785024676e-07
1,461,1.5020151792252408e-07
1,462,9.346960096056234e-09
1,463,2475.4396551034665
1,464,19889.463457915004
1,465,37477.627498820424
1,466,55241.673180156824
1,467,72299.76776645427
1,468,80196.62502428226
1,469,84280.30364275503
1,470,93886.93492802452
1,471,112215.07368368036
1,472,130726.49382689458
1,473,149423.0281715424
1,474,168306.5278596379
1,475,176274.3680110754
1,476,171052.32751644315
1,477,155373.58138522712
1,478,139538.0477927
1,479,123544.15886424891
1,480,107390.33104651482
1,481,91074.96495060524
1,482,74596.44519373887
1,483,57953.14023930678
1,484,41143.402235334266
1,485,24165.566851327447
1,486,7017.953113488581
1,487,1.985811340370785e-07
1,488,8636.133738250413
1,489,11895.781244038613
1,490,6163.49861261611
1,491,1.7150943649259275e-07
1,492,1.7148728793153138e-07
1,493,1.7147907062278062e-07
1,494,1.6391354766262577e-08
1,495,7425.363364654089
1,496,24888.886404632627
1,497,42527.044675027646
1,498,58593.04501563959
1,499,63791.13562637979
1,500,58259.50999558843
1,501,44595.44507704185
1,502,27652.1301215049
1,503,10539.382016498745
1,504,1.7149946879158463e-07
1,505,1.7148802270545386e-07
1,506,1.7148655334447115e-07
1,507,1.7148585432783447e-07
1,508,1.714834325466344e-07
1,509,1.7148094296959488e-07
1,510,5.302189969750208e-09
1,511,1.6685739886703127e-08
1,512,1.2256131106060293e-07
1,513,1.2256700087073043e-07
1,514,1.2256729403766972e-07
1,515,1.225727279165076e-07
1,516,1.2271282484092546e-07
1,517,1.2243610124324867e-07
1,518,1.225643506574161e-07
1,519,2.9885229271234704e-07
1,520,17389.26940648464
1,521,34952.43150686403
1,522,52691.225228277166
1,523,67034.1387194801
1,524,70744.40666746395
1,525,65820.11774981793
1,526,57478.0313218573
1,527,48955.797012726165
1,528,32168.77711116227
1,529,15101.195476017381
1,530,1.3620566967755075e-07
1,531,1.361872627918617e-07
1,532,1.3618507427995744e-07
1,533,2.6698379219447857e-08
1,534,1.3307641429840869e-08
1,535,1.2043632560262084e-07
1,536,17069.487180962624
1,537,34629.45145904348
1,538,52365.01537996555
1,539,70277.93494011699
1,540,83468.28990696407
1,541,89762.85508184889
1,542,98719.8424718699
1,543,115643.59508276437
1,544,134189.300439969
1,545,152920.46285074734
1,546,171838.93688563482
1,547,190946.59566083207
1,548,208774.26075996776
1,549,216823.27702807394
1,550,216114.51590976593
1,551,206260.71856672288
1,552,190934.05634600538
1,553,175454.1275030812
1,554,159819.39937172827
1,555,144028.32395906243
1,556,128079.33779227058
1,557,111970.86176381158
1,558,95701.30097506885
1,559,79269.04457850363
1,560,62672.46561805031
1,561,48195.613241816354
1,562,49713.60368375066
1,563,48140.7819774729
1,564,37039.79618420398
1,565,20020.924739678638
1,566,3904.775440684883
1,567,2.961986594589446e-08
1,568,7728.37250380306
1,569,25194.92563517304
1,570,42836.14429787342
1,571,53934.105582046934
1,572,55684.66458713977
1,573,48986.50559111053
1,574,35419.24754526922
1,575,18384.170614414557
1,576,1178.7429143375493
1,577,1.7148892250443376e-07
1,578,1.7148763424240199e-07
1,579,1.7148705492054674e-07
1,580,1.7148638886059324e-07
1,581,1.7148621844951758e-07
1,582,1.7148472619587705e-07
1,583,1.7148172121026666e-07
1,584,1.7147999110026066e-07
1,585,1.7148304267550207e-07
1,586,1.7146509994278038e-07
1,587,1.7150226059263604e-07
1,588,1.7149723373355297e-07
1,589,1.714838805014858e-07
1,590,1.4036645785351205e-08
1,591,1.5375302239045187e-07
1,592,3235.5753417617084
1,593,20657.200501416126
1,594,38253.04191274465
1,595,56024.841738212315
1,596,68469.75025276287
1,597,71540.71449460088
1,598,66320.57044524583
1,599,51141.584088784344
1,600,34263.73052334522
1,601,17217.09842229361
1,602,4.15757488136481e-07
1,603,1.7148578564639156e-07
1,604,1.7148160938321513e-07
1,605,5.329282188490981e-09
1,606,1.4983508196735008e-07
1,607,2988.0185851032516
1,608,20407.168177214786
1,609,38000.50926531321
1,610,55769.78376431454
1,611,73716.75100831685
1,612,91843.18792476575
1,613,107621.25761192452
1,614,126086.73959441701
1,615,144736.87639673674
1,616,163573.51456708153
1,617,182598.51911913123
1,618,201813.77371670262
1,619,215552.10702311667
1,620,215920.18131707385
1,621,204026.03317501416
1,622,188677.02410038497
1,623,173174.52493501073
1,624,157517.00077798427
1,625,141702.9013793894
1,626,125730.66098681086
1,627,109598.69819030949
1,628,93305.415765847
1,629,76849.20051714532
1,630,60228.42311596464
1,631,43441.43794078523
1,632,35355.32178277529
1,633,23959.129543988984
1,634,9438.132665860121
1,635,26921.783398704712
1,636,44580.27063898979
1,637,62415.342751710785
1,638,80428.7655855748
1,639,98622.32264778676
1,640,116997.81528062692
1,641,135557.06283979982
1,642,154301.90287456763
1,643,173234.19130968564
1,644,192355.8026291568
1,645,211668.63006182428
1,646,231174.58576881982
1,647,238336.95202335177
1,648,232705.95779324102
1,649,218231.53463299864
1,650,203024.58057303785
1,651,187665.5569725803
1,652,174498.94607268047
1,653,193633.20493959312
1,654,212958.8063952778
1,655,232477.6638656141
1,656,252191.70991065417
1,657,272102.89641614497
1,658,292213.19478669105
1,659,312524.59614094277
1,660,333039.1115087373
1,661,353758.77203021
1,662,368582.2945977456
1,663,387380.8944709652
1,664,408643.9728218368
1,665,430119.68195643043
1,666,448206.34849813435
1,667,451612.6378002183
1,668,443763.2769103039
1,669,430811.64027301664
1,670,417730.48726935656
1,671,404518.5227356599
1,672,391174.43855662626
1,673,377696.91353580233
1,674,364084.61326477013
1,675,350336.1899910277
1,676,336450.28248454793
1,677,322425.51590300334
1,678,308260.5016559086
1,679,300212.16805057356
1,680,320603.55913720134
1,681,341198.8641348301
1,682,362000.12218247994
1,683,383009.39281062875
1,684,400738.25525037234
1,685,414160.3413985639
1,686,430987.1060601879
1,687,452686.2465271474
1,688,474602.37839878036
1,689,496737.6715891326
1,690,519094.31771139073
1,691,541033.3413074682
1,692,553033.7185222814
1,693,554719.234334467
1,694,551620.6722989779
1,695,539747.6096155781
1,696,527755.8163053443
1,697,515644.1050620083
1,698,503411.276706239
1,699,491056.1200669119
1,700,478577.4118611917
1,701,465973.9165734143
1,702,453244.38633275905
1,703,460645.2548714164
1,704,482640.9768264495
1,705,501054.41669605183
1,706,514564.5602371965
1,707,521617.07076091075
1,708,518808.06619715085
1,709,519339.46652432746
1,710,538482.2996436381
1,711,561256.392046464
1,712,584258.2253733182
1,713,607490.0770334409
1,714,630954.2472101649
1,715,654653.059088656
1,716,661492.4478696071
1,717,652458.3281193208
1,718,641593.6419941253
1,719,630620.3090076778
1,720,619537.2426913661
1,721,608343.3457118911
1,722,597037.5097626215
1,723,585618.6154538591
1,724,574085.5322020092
1,725,562437.1181176408
1,726,550672.2198924288
1,727,538789.6726849647
1,728,526788.3000054726
1,729,514666.91359919216
1,730,502424.31332885753
1,731,490059.287055831
1,732,477570.6105200282
1,733,464957.0472188698
1,734,452217.34828482324
1,735,439350.2523615162
1,736,426354.48547921586
1,737,442685.7743556661
1,738,463852.2796761317
1,739,475194.95750580577
1,740,478147.31723596266
1,741,474295.53778543544
1,742,464910.4727330885
1,743,452170.30805403175
1,744,439302.7417281845
1,745,426306.4997390788
1,746,413180.2953300822
1,747,399922.8288769956
1,748,386532.78775937814
1,749,373008.8462305846
1,750,359349.6652865032
1,751,345553.89253298106
1,752,331620.16205192375
1,753,317547.09426605585
1,754,303333.2958023294
1,755,288977.3593539657
1,756,274477.8635411184
1,757,259833.37277014268
1,758,245042.43709145728
1,759,230103.5920559851
1,760,215015.35857015825
1,761,199776.24274947317
1,762,184384.73577058132
1,763,168839.3137219006
1,764,153138.43745273317
1,765,137280.5524208741
1,766,121264.08853869652
1,767,105087.46001769723
1,768,88749.065211488
1,769,72247.28645721676
1,770,55580.48991540286
1,771,38747.025408170884
1,772,21745.22625586666
1,773,4573.40911203946
1,774,2.2526211061301995e-09
1,775,1.7148064476884043e-07
1,776,1.7148344267400428e-07
1,777,1.7146372373002443e-07
1,778,8.296757017285802e-08
1,779,1.696833448762132e-07
1,780,1.6968947026975412e-07
1,781,1.6968761796289913e-07
1,782,1.6969334626143126e-07
1,783,1.6969521153168505e-07
1,784,1.6969517608822157e-07
1,785,1.696979442749973e-07
1,786,1.6983591349738853e-07
1,787,88.0337151123392
1,788,1.7149599999829817e-07
1,789,1.7152796177177668e-07
1,790,13781.099983979735
1,791,21365.703750754205
1,792,20873.537766220696
1,793,19411.770147832638
1,794,15669.295795428912
1,795,7350.341663140968
1,796,2.5238625683754662e-08
1,797,1.7134285265350325e-07
1,798,1.7147636941297357e-07
1,799,1.714819055284307e-07
1,800,1.7148822210278302e-07
1,801,1.714904868405781e-07
1,802,1.714884496638628e-07
1,803,1.714915232278898e-07
1,804,1.714923485440236e-07
1,805,1.714868283292587e-07
1,806,1.7148519524564352e-07
1,807,1.7148363110625476e-07
1,808,1.7148395590590375e-07
1,809,1.7148577579779718e-07
1,810,1.7148806416862465e-07
1,811,1.7148861597345586e-07
1,812,1.7148656896262028e-07
1,813,1.7148630487197748e-07
1,814,1.7154222961687435e-07
1,815,15595.150920121685
1,816,27906.231105242277
1,817,32813.06114705377
1,818,29860.407367240405
1,819,21550.135958990846
1,820,10243.30176919287
1,821,2.523570663470203e-08
1,822,1.7144405415790102e-07
1,823,1.7148272745071353e-07
1,824,1.7148916171884376e-07
1,825,1.7149032100334484e-07
1,826,1.714892369016508e-07
1,827,1.715011021078967e-07
1,828,448.98337080947783
1,829,8.621136505195166e-08
1,830,1.7142001786630786e-07
1,831,1.7410638392500034e-07
1,832,16759.899165303323
1,833,34316.76756317775
1,834,52049.2046451157
1,835,69958.96609790146
1,836,78462.58328454192
1,837,74914.19820073391
1,838,63285.374835584815
1,839,46528.95917761049
1,840,29604.979363088158
1,841,12511.759750515785
1,842,1.8946908836309099e-07
1,843,1.8944624313664798e-07
1,844,1.6362595854770923e-08
1,845,1.7116433542353347e-07
1,846,3.3643801459596636e-08
1,847,75.54148718554531
1,848,14499.029426142639
1,849,20477.553555162693
1,850,10399.638905003752
1,851,1.715025273505246e-07
1,852,1.7149158133584076e-07
1,853,1.7148382422540282e-07
1,854,1.7148134873727237e-07
1,855,3.362091490813053e-08
1,856,1.6478272906955498e-07
1,857,1558.0739272042752
1,858,16013.956577636163
1,859,16623.848317101674
1,860,3257.387297618537
1,861,1.7149207036406514e-07
1,862,1.7150853882333828e-07
1,863,6126.458921727929
1,864,8390.030031601485
1,865,6639.909162522947
1,866,3721.132456403554
1,867,1353.4104679463626
1,868,2.9298907303777603e-08
1,869,1.7146862996464981e-07
1,870,1.7145300976236107e-07
1,871,3.362349225593701e-08
1,872,8302.247297198333
1,873,10686.654404316048
1,874,7744.071261678607
1,875,576.876415203922
1,876,1.7148939330375017e-07
1,877,1.7148492846246594e-07
1,878,1.7147746439734692e-07
1,879,3.361987011704583e-08
1,880,1.6478945170472596e-07
1,881,1.6479629084468453e-07
1,882,1.6481086255321618e-07
1,883,7645.668464962169
1,884,13428.944312891135
1,885,10675.310452937592
1,886,1850.9709509639601
1,887,1.7152779641937152e-07
1,888,15849.867998374213
1,889,33397.63608457747
1,890,51120.88185172891
1,891,69021.36007658059
1,892,87100.84308369516
1,893,105361.12092088949
1,894,123804.0015364615
1,895,142431.31095819332
1,896,161244.89347414553
1,897,180246.61181525968
1,898,199438.34733978685
1,899,218822.00021956087
1,900,238399.48962813395
1,901,258172.75393072786
1,902,278143.75087641465
1,903,298314.4577915591
1,904,318686.8717758558
1,905,339263.009899996
1,906,360044.9094053782
1,907,381034.6279058148
1,908,402234.2435912561
1,909,423645.8554335523
1,910,445271.5833942718
1,911,460064.93525168626
1,912,468346.82796717907
1,913,472887.7038415728
1,914,474568.1161925689
1,915,477390.1603827168
1,916,479968.1348356915
1,917,484260.1248109438
1,918,491816.5262828615
1,919,507165.65705020324
1,920,522260.9757364548
1,921,524886.270121166
1,922,519834.49168333184
1,923,533991.2435961448
1,924,556720.4254382536
1,925,579676.8990989056
1,926,602862.9374962049
1,927,626280.8362775542
1,928,649932.9140467172
1,929,673821.5125935719
1,930,697948.9971258952
1,931,722317.7565035421
1,932,746930.2034749653
1,933,771788.7749161029
1,934,796895.9320716519
1,935,813391.3257444672
1,936,819741.8616388646
1,937,818727.1659178857
1,938,815280.7127456653
1,939,807951.9555587494
1,940,798642.2057079707
1,941,790699.6965004613
1,942,794482.6975811756
1,943,814159.0285979802
1,944,831910.9919749713
1,945,834684.9315068463
1,946,828992.4036522087
1,947,821182.8958178925
1,948,813282.3589073746
1,949,805392.9966581345
1,950,797603.0982102648
1,951,790062.1623058268
1,952,782906.9495975906
1,953,776090.1037171001
1,954,769487.7797744152
1,955,762627.1226394292
1,956,755150.618357948
1,957,746380.4245000201
1,958,737196.5377780976
1,959,727861.9894696517
1,960,718418.5736482458
1,961,708882.6219093609
1,962,699258.4201005432
1,963,689549.8756277735
1,964,679762.5490997384
1,965,669913.2203593875
1,966,660114.883995087
1,967,651492.8908413657
1,968,643229.3350874531
1,969,634939.3249816975
1,970,626297.749241724
1,971,617028.1092648165
1,972,607402.2795354994
1,973,597635.9591134344
1,974,587835.745532275
1,975,578276.0537760901
1,976,571626.8327883974
1,977,569734.0945620462
1,978,572265.910522802
1,979,574983.8939996057
1,980,574487.0093908226
1,981,569045.2517118576
1,982,559986.5625359296
1,983,549216.59388465
1,984,538232.9301484046
1,985,527120.0427834837
1,986,515894.43715100596
1,987,504564.06600659416
1,988,493135.3244469572
1,989,481622.65156046464
1,990,470073.704714991
1,991,458588.3042338331
1,992,447061.4113878596
1,993,435426.5128795863
1,994,423657.2113952274
1,995,411736.6254029542
1,996,399670.6514213935
1,997,387490.1513164324
1,998,375237.57209518034
1,999,363029.8533261185
1,1000,351333.7401850564
1,1001,340070.8930781533
1,1002,328879.25725214684
1,1003,317424.30233169143
1,1004,305401.5554593046
1,1005,292674.42225466477
1,1006,279545.0770123364
1,1007,266129.38722831843
1,1008,252525.59440071494
1,1009,238774.4469263755
1,1010,224888.10671819595
1,1011,210872.46230523248
1,1012,196739.174533873
1,1013,182525.97049134425
1,1014,168512.5417545127
1,1015,156867.14788298914
1,1016,146327.92094216077
1,1017,135515.79986565566
1,1018,124156.81266070271
1,1019,112392.43386290001
1,1020,100188.692043156
1,1021,87864.33317417279
1,1022,76224.14552605829
1,1023,67000.57219402303
1,1024,64718.388856903504
1,1025,68556.67775987797
1,1026,73560.96201981757
1,1027,75829.47919279868
1,1028,73185.0573427589
1,1029,66670.30827695811
1,1030,58212.89859796881
1,1031,48113.479615083634
1,1032,37079.463135811646
1,1033,25725.247787596625
1,1034,14650.807215550463
1,1035,4876.724681985818
1,1036,1.6979130746101247e-09
1,1037,1.7135599886876655e-07
1,1038,1.7147875068680837e-07
1,1039,1.7148340627644288e-07
1,1040,1.714919335496501e-07
1,1041,1.714884615659632e-07
1,1042,1.7148996891755267e-07
1,1043,1.7149109424516697e-07
1,1044,1.7218748939927487e-07
1,1045,13365.594343617304
1,1046,30888.519693273447
1,1047,48586.67429651198
1,1048,66461.81044581156
1,1049,84515.69795661845
1,1050,102750.12434254201
1,1051,121166.89499233055
1,1052,139767.83334862106
1,1053,158554.78108847758
1,1054,177529.59830573504
1,1055,196694.163695167
1,1056,216050.37473849484
1,1057,235600.14789225726
1,1058,255345.41877749225
1,1059,275288.1423716028
1,1060,295430.2932016672
1,1061,315773.86554006493
1,1062,336320.87360184727
1,1063,357073.35174424795
1,1064,378033.3546680731
1,1065,399202.95762113703
1,1066,420584.256603732
1,1067,442179.3685761533
1,1068,463990.43166829913
1,1069,486019.6053913667
1,1070,508269.0708516652
1,1071,530741.0309665671
1,1072,553437.7106826182
1,1073,576361.3571958301
1,1074,599514.2401741742
1,1075,622898.651982302
1,1076,646516.9079085112
1,1077,670371.3463939828
1,1078,694464.3292643091
1,1079,718798.2419633389
1,1080,734993.7313854162
1,1081,744586.8516701318
1,1082,750025.8132260331
1,1083,752109.3009634218
1,1084,751880.0085227091
1,1085,751274.6239546589
1,1086,754098.8795326299
1,1087,763476.2972257519
1,1088,772892.4412888413
1,1089,773326.0887131289
1,1090,763670.0801938702
1,1091,753917.5115894191
1,1092,744067.4172989234
1,1093,734118.8220655227
1,1094,724070.740879788
1,1095,713922.1788821961
1,1096,703672.1312647699
1,1097,693319.5831713155
1,1098,696020.9641718217
1,1099,710046.4144684792
1,1100,709897.6868264811
1,1101,699607.3942883562
1,1102,689214.19882485
1,1103,678717.0714067089
1,1104,668114.9727143864
1,1105,657406.8530351408
1,1106,646591.6521591027
1,1107,635668.2992743042
1,1108,624635.7128606578
1,1109,613492.8005828749
1,1110,602238.4591823948
1,1111,590871.5743679384
1,1112,579391.0207053947
1,1113,567795.6615063963
1,1114,556483.9402537466
1,1115,557279.8500279867
1,1116,547466.2948010064
1,1117,535551.6883426516
1,1118,523517.9358197155
1,1119,511363.84577188175
1,1120,510130.10011164634
1,1121,522942.18952404696
1,1122,535159.4819387292
1,1123,537790.3407418606
1,1124,533246.1870266963
1,1125,521189.3794905743
1,1126,509012.00387909124
1,1127,496712.85451149335
1,1128,484290.71365021955
1,1129,471744.351380333
1,1130,459072.5254877476
1,1131,446273.98133623647
1,1132,433347.4517432102
1,1133,420291.6568542538
1,1134,407105.30401640775
1,1135,393787.0876506032
1,1136,398898.15359545645
1,1137,420276.4045373752
1,1138,437947.4028514044
1,1139,449526.70447872556
1,1140,455771.31384041056
1,1141,458568.0620210634
1,1142,464780.27062015334
1,1143,481040.4162176753
1,1144,503240.0897861893
1,1145,525661.7600903944
1,1146,548307.6470976463
1,1147,570588.6549382854
1,1148,579063.3474100786
1,1149,576156.5572212525
1,1150,565324.2870136404
1,1151,553588.260477389
1,1152,541734.8736757751
1,1153,529762.9530061452
1,1154,517671.3131298191
1,1155,505458.7568547297
1,1156,493124.0750168895
1,1157,480666.04636067094
1,1158,468083.43741789024
1,1159,455375.0023856818
1,1160,442539.4830031513
1,1161,429575.6084267956
1,1162,416482.0951046763
1,1163,403257.6466493359
1,1164,389900.95370944217
1,1165,376410.69384014956
1,1166,362785.531372164
1,1167,349024.1172796893
1,1168,335125.08904638956
1,1169,321087.07053105603
1,1170,339406.4482494841
1,1171,355942.05815917836
1,1172,359819.1851469961
1,1173,352282.06675047334
1,1174,338415.6180115916
1,1175,324410.504785321
1,1176,310265.34042678785
1,1177,295978.72442466946
1,1178,281549.24226252997
1,1179,266975.4652787691
1,1180,252255.95052517066
1,1181,237389.24062403635
1,1182,222373.8636242242
1,1183,207208.33285475764
1,1184,220649.2900480885
1,1185,240245.0523542714
1,1186,257053.59670496537
1,1187,264215.96224868216
1,1188,254790.8859134183
1,1189,239949.52536629263
1,1190,224959.7512137255
1,1191,216163.62780926333
1,1192,223408.1611354077
1,1193,243031.51215307464
1,1194,262851.0966809259
1,1195,282868.8770540619
1,1196,303086.83523093443
1,1197,316679.9205555607
1,1198,324266.4057758529
1,1199,326636.3810984284
1,1200,323505.3317320413
1,1201,322543.98741050845
1,1202,343158.69669018785
1,1203,363979.5530630713
1,1204,385008.6179998193
1,1205,406247.97358600266
1,1206,427699.7227282532
1,1207,449365.9893619263
1,1208,471248.9186619361
1,1209,493350.67725494603
1,1210,515673.45343388605
1,1211,538219.4573746155
1,1212,558931.3167068379
1,1213,573030.740955274
1,1214,596150.3177702965
1,1215,619501.0903539286
1,1216,643085.3706635537
1,1217,666905.4937765213
1,1218,690963.818120622
1,1219,706912.4049206971
1,1220,707216.66535191
1,1221,697115.5276535657
1,1222,686697.4135237186
1,1223,676175.1182525733
1,1224,665547.6000287166
1,1225,654813.8066226214
1,1226,643972.6752824652
1,1227,633023.1326289077
1,1228,621964.0945488146
1,1229,610794.4660879208
1,1230,599513.1413424182
1,1231,588119.0033494605
1,1232,576610.9239765735
1,1233,564987.7638099577
1,1234,553248.3720416757
1,1235,541391.5863557112
1,1236,529416.2328128872
1,1237,517321.12573463493
1,1238,505105.06758560037
1,1239,492766.84885507554
1,1240,480305.2479378392
1,1241,467719.03101204225
1,1242,460955.4102920194
1,1243,479885.73652289354
1,1244,484979.87968354457
1,1245,480350.26083366806
1,1246,469720.20885720634
1,1247,457028.1415393985
1,1248,444209.15354841267
1,1249,431261.9756775172
1,1250,418185.3260279129
1,1251,404977.90988181264
1,1252,391638.4195742515
1,1253,378165.53436361486
1,1254,364557.920300872
1,1255,350814.23009750195
1,1256,336933.10299209825
1,1257,322913.1646156407
1,1258,308753.0268554187
1,1259,294451.28771759465
1,1260,280006.53118839243
1,1261,265417.3270938984
1,1262,250682.23095845952
1,1263,235799.78386166642
1,1264,220768.51229390554
1,1265,205586.9280104672
1,1266,190253.52788419466
1,1267,174766.79375665955
1,1268,159125.19228784923
1,1269,143327.17480435097
1,1270,127371.17714601787
1,1271,111255.61951110161
1,1272,94978.90629983635
1,1273,78539.4259564586
1,1274,61935.550809647226
1,1275,45165.63691136792
1,1276,28228.023874105984
1,1277,11121.034706471599
1,1278,1.88122154277098e-09
1,1279,3099.3957935030035
1,1280,20519.659157657516
1,1281,38114.12515553975
1,1282,55884.53581342953
1,1283,73832.65057791257
1,1284,91960.24649004906
1,1285,110269.11836131265
1,1286,128761.07895129298
1,1287,142583.92984769295
1,1288,148550.04870449548
1,1289,158943.1137228829
1,1290,164990.44827406798
1,1291,158246.00825708936
1,1292,142439.1989332695
1,1293,126474.32151621148
1,1294,110349.79532498289
1,1295,94064.02387184202
1,1296,77615.39470416978
1,1297,61002.279244820835
1,1298,44223.03263087842
1,1299,27275.993550796607
1,1300,10159.484079913995
1,1301,2626.595568898359
1,1302,20042.13093097165
1,1303,37631.82164666598
1,1304,55397.40926951754
1,1305,73340.6527685979
1,1306,91463.32870266929
1,1307,109767.23139608161
1,1308,128254.17311642828
1,1309,146925.98425397862
1,1310,165784.51350290462
1,1311,184831.62804432004
1,1312,204069.21373114985
1,1313,223499.17527484804
1,1314,243123.43643398338
1,1315,259857.70461023884
1,1316,263162.2419617728
1,1317,251869.42404938344
1,1318,236998.8488834871
1,1319,221979.56796593187
1,1320,206810.09423920108
1,1321,191488.92577520298
1,1322,176014.54562656497
1,1323,160385.4216764406
1,1324,144600.006486815
1,1325,128656.73714529317
1,1326,112554.03511035614
1,1327,96290.30605534623
1,1328,91408.8580138446
1,1329,96901.04787771094
1,1330,88601.32269268393
1,1331,72098.06651325763
1,1332,55429.7777720433
1,1333,38594.806143425296
1,1334,21591.484798533267
1,1335,4418.130240211261
1,1336,3.872198360513978e-09
1,1337,1.7148172223451245e-07
1,1338,1.7148818701068235e-07
1,1339,1.7148946444917805e-07
1,1340,1.7149229285167507e-07
1,1341,1.7152780602727302e-07
1,1342,4427.034987839714
1,1343,5897.82430726197
1,1344,2211.162510069582
1,1345,9.891379410526912e-08
1,1346,4.806047321547456e-05
1,1347,1.7145112284685116e-07
1,1348,1.7147123164477874e-07
1,1349,1.7147783839771102e-07
1,1350,1.7147317634777655e-07
1,1351,1.7146300445596463e-07
1,1352,1.7151734106195292e-07
1,1353,1.7149304388442885e-07
1,1354,1.7148920851577424e-07
1,1355,1.7148972705646965e-07
1,1356,1.7148933026498326e-07
1,1357,1.7148587277488391e-07
1,1358,1.71483901445236e-07
1,1359,1.7148358318950607e-07
1,1360,1.7144031448304434e-07
1,1361,1.7146711751698488e-07
1,1362,1.7154618228595831e-07
1,1363,494.55142249877207
1,1364,17888.766342943112
1,1365,35456.923412678174
1,1366,53200.76205313932
1,1367,69188.46538933244
1,1368,76689.44876620673
1,1369,79882.11938270874
1,1370,80291.96474745819
1,1371,80951.24779854836
1,1372,82698.59259377555
1,1373,91765.84382351866
1,1374,110072.77166813
1,1375,128562.76879118875
1,1376,147237.6658854792
1,1377,166099.3119507135
1,1378,185149.57447660094
1,1379,204390.339627748
1,1380,223823.51243040714
1,1381,243451.01696109347
1,1382,263274.7965370871
1,1383,283296.81390884117
1,1384,303519.0514543132
1,1385,323943.5113752403
1,1386,344572.21589537704
1,1387,365407.20746071544
1,1388,386450.5489417075
1,1389,407704.3238375097
1,1390,429170.63648227026
1,1391,450851.61225347855
1,1392,467242.91479410266
1,1393,472937.4016288575
1,1394,469556.81381678156
1,1395,459893.5577613368
1,1396,447103.22393258265
1,1397,435333.78153776407
1,1398,428307.53304343903
1,1399,431293.45513291436
1,1400,439329.0027345723
1,1401,445313.0927961405
1,1402,441227.9740185175
1,1403,428250.98435239674
1,1404,415144.22478965885
1,1405,401906.3976314258
1,1406,394135.74547385785
1,1407,415466.3723347234
1,1408,437010.3054644433
1,1409,458769.67792546167
1,1410,480746.64411109145
1,1411,502943.37995857856
1,1412,522245.3785131761
1,1413,526673.9080005699
1,1414,523735.79604216345
1,1415,513350.4086104979
1,1416,501094.6432902131
1,1417,488716.32031672547
1,1418,476214.21411350305
1,1419,463587.0868482484
1,1420,450833.6883103412
1,1421,437952.75578705495
1,1422,424943.0139385359
1,1423,411803.17467153165
1,1424,398531.93701185746
1,1425,385127.9869755865
1,1426,371589.9974389529
1,1427,357916.628006953
1,1428,344106.5248806331
1,1429,330158.32072305004
1,1430,316070.6345238912
1,1431,301842.0714627408
1,1432,287471.2227709789
1,1433,272956.665592413
1,1434,258296.96284212082
1,1435,243490.66306450384
1,1436,230724.61122008637
1,1437,226452.06180492826
1,1438,216186.69715620816
1,1439,200959.29472139917
1,1440,185579.61826224346
1,1441,170046.1450384977
1,1442,154357.33708251617
1,1443,138511.6410469768
1,1444,122507.4880510842
1,1445,106343.29352523529
1,1446,90017.45705449033
1,1447,74960.74488181951
1,1448,83248.54328736149
1,1449,76286.14724817566
1,1450,59659.73931432077
1,1451,42867.06730113614
1,1452,25906.468567831664
1,1453,8776.263847211361
1,1454,2.831469354866903e-09
1,1455,1.7147428638727286e-07
1,1456,1.7145538967750082e-07
1,1457,1.7085817005592537e-07
1,1458,1.7235211994208856e-07
1,1459,1.7150525887749753e-07
1,1460,1.7149113320293627e-07
1,1461,1.7148981877054088e-07
1,1462,1.7149289081348643e-07
1,1463,1.7150165423641646e-07
1,1464,1.715016842894978e-07
1,1465,1.7149380526540448e-07
1,1466,1.7147226995641376e-07
1,1467,1.714785107164655e-07
1,1468,1.7147477299092303e-07
1,1469,1.714801992195355e-07
1,1470,1.7145972129107342e-07
1,1471,5.660052158400561e-08
1,1472,4577.104511118298
1,1473,2271.2646249091567
1,1474,1.7149190511390024e-07
1,1475,1.7148968745368137e-07
1,1476,1.7148754578676486e-07
1,1477,1.7148695665269022e-07
1,1478,1.7148478398013945e-07
1,1479,1.7147353725620968e-07
1,1480,3.361971978074589e-08
1,1481,1.647943849282876e-07
1,1482,5073.573828891674
1,1483,14525.858865259415
1,1484,13622.819815486839
1,1485,4841.3852704858
1,1486,1.714956336630808e-07
1,1487,1.7149072302434488e-07
1,1488,1.7148971836385162e-07
1,1489,1.7148857605413475e-07
1,1490,1.7149174939774846e-07
1,1491,1.7148381921554853e-07
1,1492,1.7148239160439966e-07
1,1493,1.71481775376438e-07
1,1494,1.7147675867730506e-07
1,1495,1.7148470603755e-07
1,1496,1.714964349379801e-07
1,1497,1.7148946032273168e-07
1,1498,1.7149001630827358e-07
1,1499,1.7149003445266799e-07
1,1500,1.7148772292352606e-07
1,1501,1.7148413572728506e-07
1,1502,1.7148219973826405e-07
1,1503,3.362074964950886e-08
1,1504,1.647217444028298e-07
1,1505,1.6479663822934897e-07
1,1506,3497.5652070339006
1,1507,20921.810265330114
1,1508,24511.81528550586
1,1509,15149.16429250431
1,1510,1.71530925262666e-07
1,1511,1.714905179392098e-07
1,1512,1.7148907409384102e-07
1,1513,1.7148675530881158e-07
1,1514,1.7148710445308193e-07
1,1515,1.7148467045541706e-07
1,1516,1.7148394465492096e-07
1,1517,1.7148012403599665e-07
1,1518,4.2238613427021904e-08
1,1519,4388.857604088291
1,1520,9849.507136674423
1,1521,970.9785120021356
1,1522,1.7148930017381932e-07
1,1523,1.7148931575483453e-07
1,1524,1.71486254829027e-07
1,1525,1.7148409586415273e-07
1,1526,1.7147986077981005e-07
1,1527,3.3636274634310005e-08
1,1528,1.6444219995851513e-07
1,1529,1354.9741037901847
1,1530,10723.696308166333
1,1531,14654.617110483136
1,1532,9169.322370430707
1,1533,1.7150395446342837e-07
1,1534,1.7149083353330472e-07
1,1535,1.714913963600268e-07
1,1536,1.7148911667905263e-07
1,1537,1.7148727857852581e-07
1,1538,1.7148615817365017e-07
1,1539,1.7148511889669574e-07
1,1540,1.7148302250863693e-07
1,1541,1.7148188490452012e-07
1,1542,1.7135431833631724e-07
1,1543,3.362795760132104e-08
1,1544,1.648265172594259e-07
1,1545,1.648140475104512e-07
1,1546,289.2644465248655
1,1547,5882.745568180246
1,1548,5726.588185609516
1,1549,1962.283012950081
1,1550,1.715262875525553e-07
1,1551,1.7150004030713002e-07
1,1552,4247.377998426633
1,1553,21679.121184630378
1,1554,39285.18180278234
1,1555,57067.30302714454
1,1556,75027.24546376473
1,1557,89416.47649012986
1,1558,95603.40242832025
1,1559,95350.37291011764
1,1560,92451.48051915904
1,1561,81879.22086872207
1,1562,66960.94736909679
1,1563,50562.69538893961
1,1564,34572.9322923099
1,1565,21042.25989878953
1,1566,11336.476024200621
1,1567,6573.086829193714
1,1568,6401.9433124054485
1,1569,4340.050558571152
1,1570,2.051974494074666e-07
1,1571,2.051309650889007e-07
1,1572,2.0512584337351166e-07
1,1573,2.0512264418284343e-07
1,1574,2.051134419345051e-07
1,1575,9.856688981616437e-09
1,1576,1.7146223173889635e-07
1,1577,1.7148309477182304e-07
1,1578,1.7148659026128407e-07
1,1579,1.7148867856498938e-07
1,1580,1.7148887264750528e-07
1,1581,1.7149004444237128e-07
1,1582,1.7149786123391042e-07
1,1583,1.7214323274337192e-07
1,1584,5651.757376721508
1,1585,7279.670008571596
1,1586,6992.402080134423
1,1587,4512.583039608094
1,1588,2504.886603246256
1,1589,1638.8779982493922
1,1590,6569.223717727165
1,1591,14812.725925208968
1,1592,18139.272917836268
1,1593,16696.26074885785
1,1594,6370.945929794379
1,1595,1.9134739127403023e-07
1,1596,1.913302229078007e-07
1,1597,1.9132653723171454e-07
1,1598,1.913133935335621e-07
1,1599,1.508230278453593e-08
1,1600,1.7147685779710055e-07
1,1601,1.7148438142096855e-07
1,1602,1.7148759282146087e-07
1,1603,1.7149894745259052e-07
1,1604,10583.529717263664
1,1605,28078.63442065577
1,1606,41147.91417644681
1,1607,42705.04853612769
1,1608,38974.67324079994
1,1609,31833.632557240227
1,1610,24097.65732077245
1,1611,16196.020148171054
1,1612,10643.473949524388
1,1613,12068.4774780374
1,1614,28326.360878219082
1,1615,45998.893893377426
1,1616,63848.15223868866
1,1617,81875.9031674541
1,1618,99726.16350385199
1,1619,116099.69778355071
1,1620,134649.96416757785
1,1621,153385.73321554528
1,1622,172308.8599540257
1,1623,191421.21795990766
1,1624,210724.69954588992
1,1625,230221.21594773242
1,1626,249912.69751359368
1,1627,269801.0938951139
1,1628,289888.3742404497
1,1629,310176.52738923905
1,1630,330667.56206951657
1,1631,344417.3302539618
1,1632,352529.03537789074
1,1633,373443.59513783344
1,1634,394567.30049548944
1,1635,415902.24290675996
1,1636,437450.53474216216
1,1637,459214.3094959298
1,1638,481195.72199727583
1,1639,503396.94862363546
1,1640,525820.1875162589
1,1641,548467.6587978085
1,1642,571341.6047921738
1,1643,594444.2902464829
1,1644,617778.0025553353
1,1645,641345.0519872762
1,1646,665147.7719135366
1,1647,689188.5190390596
1,1648,713469.6736358381
1,1649,737993.6397785845
1,1650,762762.8455827583
1,1651,787779.743444974
1,1652,813046.810285812
1,1653,827940.2740533921
1,1654,830946.513490928
1,1655,821866.7092194475
1,1656,812696.1069052521
1,1657,803433.7985679148
1,1658,794078.8671472041
1,1659,784630.3864122863
1,1660,775087.4208700195
1,1661,765449.02567233
1,1662,755714.2465226639
1,1663,745882.1195815303
1,1664,735951.6713709893
1,1665,725921.9186783476
1,1666,715791.8684587857
1,1667,705560.5177370363
1,1668,695226.8535080366
1,1669,684789.8526367485
1,1670,674248.4817567493
1,1671,663601.6971680938
1,1672,652848.4447337228
1,1673,670528.384335008
1,1674,694622.9375844034
1,1675,710845.6647811278
1,1676,713359.8657441725
1,1677,703104.194995225
1,1678,692745.9675387881
1,1679,682284.157807787
1,1680,671717.7299794757
1,1681,661045.6378728815
1,1682,650266.8248452212
1,1683,639380.2236872845
1,1684,628384.7565177685
1,1685,617279.3346765575
1,1686,606062.8586169342
1,1687,594734.2177967147
1,1688,583292.2905682932
1,1689,571735.9440675875
1,1690,560064.0341018747
1,1691,548275.4050365048
1,1692,536368.8896804813
1,1693,524343.3091708977
1,1694,512197.47285621817
1,1695,499930.1781783919
1,1696,487540.21055421577
1,1697,494490.21178199456
1,1698,516824.3833057703
1,1699,539381.8965450012
1,1700,562164.9849166967
1,1701,571147.6836318583
1,1702,565004.5112270445
1,1703,553265.286932927
1,1704,541408.6703958682
1,1705,529433.4876934389
1,1706,517338.5531639854
1,1707,505122.6692892373
1,1708,492784.6265757418
1,1709,480323.2034351114
1,1710,467737.1660630748
1,1711,455025.2683173178
1,1712,442186.25159410335
1,1713,429218.8447036568
1,1714,416121.76374430576
1,1715,402893.71197536134
1,1716,389533.3796887275
1,1717,376039.4440792274
1,1718,362410.5691136323
1,1719,348645.40539838135
1,1720,334742.59004597785
1,1721,320700.7465403237
1,1722,306518.4845998946
1,1723,300154.2174779327
1,1724,307376.1786592357
1,1725,309233.0760386969
1,1726,309247.7985042796
1,1727,301868.43312362017
1,1728,288643.3042629955
1,1729,274140.4678992387
1,1730,259492.60317184438
1,1731,244698.25979717623
1,1732,229755.97298876144
1,1733,214664.26331226254
1,1734,199421.63653899872
1,1735,184026.58349800235
1,1736,168477.57992659608
1,1737,152773.08631947578
1,1738,136911.54777628437
1,1739,120891.39384766111
1,1740,104711.03837975166
1,1741,88368.87935716318
1,1742,71863.2987443489
1,1743,55192.662325406534
1,1744,45170.29729324815
1,1745,63011.26967257105
1,1746,81030.65177568719
1,1747,99230.2276998345
1,1748,117611.79938322328
1,1749,136177.18678344597
1,1750,154928.22805767087
1,1751,173866.77974463804
1,1752,192994.7169484749
1,1753,211472.5602795835
1,1754,229429.97861312111
1,1755,246932.7290259262
1,1756,264339.74210264423
1,1757,281959.56055781816
1,1758,299955.7189454492
1,1759,306852.6839271845
1,1760,292531.9413600717
1,1761,278067.99136728793
1,1762,263459.40187457635
1,1763,248704.72648693775
1,1764,233802.5043454229
1,1765,218751.25998249292
1,1766,203549.50317593376
1,1767,188195.7288013091
1,1768,172688.41668337435
1,1769,157026.03144470995
1,1770,164992.39309441127
1,1771,184031.58643084447
1,1772,200798.5593648759
1,1773,206406.28695287326
1,1774,205353.86909195373
1,1775,195640.17272917213
1,1776,180424.41009918315
1,1777,164839.38479385327
1,1778,149098.50923547568
1,1779,133200.22492152086
1,1780,117142.95776533443
1,1781,101730.39335886
1,1782,107954.26705321051
1,1783,117859.28072352875
1,1784,114788.56427544169
1,1785,98547.18051181381
1,1786,82143.38291054974
1,1787,65575.54733327315
1,1788,48842.03340022388
1,1789,31941.18432784423
1,1790,14871.32676474089
1,1791,2.0070195677230806e-09
1,1792,1.7147162651042392e-07
1,1793,8.537149625609025e-08
1,1794,59.623102848938004
1,1795,1.7205057274659037e-07
1,1796,1.7149286712697578e-07
1,1797,1.7148868023522993e-07
1,1798,1.7149007017851193e-07
1,1799,1.7149016836854984e-07
1,1800,1.7148934031149875e-07
1,1801,1.7149041663677982e-07
1,1802,1.7148617188083876e-07
1,1803,1.714833385449779e-07
1,1804,1.7148310447085173e-07
1,1805,1.7148067573232633e-07
1,1806,1.7143124695137959e-07
1,1807,1.7147981343253855e-07
1,1808,1.7154740849744635e-07
1,1809,1.7149238768784198e-07
1,1810,1.714913452696557e-07
1,1811,1.7149523431474753e-07
1,1812,1.7149918383547102e-07
1,1813,1.7147390004516438e-07
1,1814,1.7147927454172073e-07
1,1815,1.7147743773581262e-07
1,1816,8.529263622277287e-08
1,1817,1.6978411507620472e-07
1,1818,1.697888413560106e-07
1,1819,1.697931966568528e-07
1,1820,1.6988340457844324e-07
1,1821,770.5946622994039
1,1822,1.7150393229889362e-07
1,1823,1.7148993983537439e-07
1,1824,1.7148906993267308e-07
1,1825,1.7148924520254656e-07
1,1826,1.7148879344604869e-07
1,1827,1.7157196739207782e-07
1,1828,15102.853192407601
1,1829,32643.151130551207
1,1830,50358.85204816241
1,1831,68251.70997497842
1,1832,86323.49648107695
1,1833,86289.84983201348
1,1834,69763.47892394273
1,1835,53071.84430679131
1,1836,36213.29334346839
1,1837,19186.156870512248
1,1838,1988.7490328265696
1,1839,1.5085273119036415e-08
1,1840,1.7146042868376819e-07
1,1841,8.531528852118555e-08
1,1842,1.69823976997938e-07
1,1843,2173.4994765324755
1,1844,1.7150248568108435e-07
1,1845,1.714901368218445e-07
1,1846,1.7149269429658429e-07
1,1847,1.715120582140091e-07
1,1848,2060.821573442741
1,1849,2565.821373909326
1,1850,1464.722502672296
1,1851,4.353552260455239e-08
1,1852,4.157457511309078e-07
1,1853,6640.792330722857
1,1854,24096.469660313323
1,1855,41726.703763241676
1,1856,59533.240207217874
1,1857,68020.00085312963
1,1858,60524.227076240524
1,1859,43740.199940672646
1,1860,26788.332533780504
1,1861,9666.946452914157
1,1862,1.6981180817961006e-08
1,1863,1.7147322841113777e-07
1,1864,4.2234101598265434e-08
1,1865,1.6640125385171704e-07
1,1866,1.664422600304485e-07
1,1867,906.1770022448153
1,1868,8629.713028626358
1,1869,8182.347385604092
1,1870,1.7159628963345588e-07
1,1871,1.714895046513946e-07
1,1872,1.7148790568339341e-07
1,1873,1.7148729384598976e-07
1,1874,1.7148701662988704e-07
1,1875,1.7148593903728204e-07
1,1876,1.714842709242602e-07
1,1877,4.223536362671105e-08
1,1878,1.6638326052898357e-07
1,1879,3131.1654072612323
1,1880,12905.577179250462
1,1881,10367.69011929246
1,1882,1.715546942418825e-07
1,1883,1.7149011833898927e-07
1,1884,1.7148765015084625e-07
1,1885,1.7148553426509189e-07
1,1886,1.7148290488619954e-07
1,1887,1.7095624214809356e-07
1,1888,4.226779310968564e-08
1,1889,1.6644336521944112e-07
1,1890,1.6647481848028117e-07
1,1891,10587.58988238736
1,1892,15822.56294549072
1,1893,10316.314860391014
1,1894,1.7151601946222223e-07
1,1895,1.7149268596749925e-07
1,1896,4938.290779153314
1,1897,22376.943093164307
1,1898,39989.9819304016
1,1899,57779.15115603997
1,1900,75180.56037471468
1,1901,93321.63538481918
1,1902,111644.12114503047
1,1903,130149.831762848
1,1904,148840.59948684677
1,1905,159268.364088005
1,1906,159728.96577618408
1,1907,161587.45733436788
1,1908,159891.85260379274
1,1909,150079.11240614118
1,1910,160472.16610620223
1,1911,179466.15717345785
1,1912,198650.0881514851
1,1913,218025.85843937862
1,1914,237595.38643015196
1,1915,257360.60970083383
1,1916,277323.48520422314
1,1917,293140.28809439996
1,1918,302908.1889648016
1,1919,304009.5186602787
1,1920,298953.5959803289
1,1921,290034.57476138155
1,1922,281140.93903361843
1,1923,270780.6985373864
1,1924,259542.99844277502
1,1925,250965.01664894918
1,1926,244067.26697458024
1,1927,229118.67023793567
1,1928,214020.5875339247
1,1929,198771.52400287363
1,1930,183369.96983651206
1,1931,167814.40012848692
1,1932,152103.2747233815
1,1933,136235.0380642251
1,1934,120208.11903847719
1,1935,104020.9308224718
1,1936,87671.87072430637
1,1937,71159.32002541714
1,1938,56604.15172566334
1,1939,74559.46264904956
1,1940,92694.32668180055
1,1941,107293.25793688206
1,1942,114598.92104607577
1,1943,113439.6701595723
1,1944,107619.09867291714
1,1945,99784.18346626987
1,1946,90788.5139538891
1,1947,84176.65629660265
1,1948,81337.86152421903
1,1949,92254.22831732516
1,1950,110566.04000686709
1,1951,129060.96981330625
1,1952,123776.00757936305
1,1953,107624.49824876702
1,1954,91311.47382486507
1,1955,74835.3191567241
1,1956,58194.402941901775
1,1957,41387.07756493124
1,1958,24411.67893419104
1,1959,7266.526317143466
1,1960,3.5650591204186985e-09
1,1961,15253.375183201328
1,1962,32795.17834125286
1,1963,50512.39953097106
1,1964,68406.79293261515
1,1965,84846.24863764145
1,1966,93596.40490197885
1,1967,93065.85987268237
1,1968,84614.50078730527
1,1969,74632.19603053984
1,1970,68251.20498354675
1,1971,64712.20890754944
1,1972,77820.8039553453
1,1973,95988.28140109824
1,1974,114337.43362148727
1,1975,132870.07736408123
1,1976,137343.20997902105
1,1977,121327.37267242055
1,1978,105151.3769927541
1,1979,88813.621356291
1,1980,72312.48816346329
1,1981,55646.34363870731
1,1982,38813.5376687038
1,1983,21812.403639000284
1,1984,27397.7937976541
1,1985,45061.04114201526
1,1986,62900.920959820316
1,1987,80919.1995758037
1,1988,99117.66097794715
1,1989,114485.44130954173
1,1990,120028.14530342532
1,1991,116810.30808621136
1,1992,108743.96301490667
1,1993,101404.59342344722
1,1994,93846.43947097595
1,1995,90312.81645978418
1,1996,92104.55388958265
1,1997,102966.35119026035
1,1998,121385.28410853539
1,1999,139086.57441129678
1,2000,143050.4913448043
1,2001,127091.72685186221
1,2002,110973.3747139907
1,2003,94693.83905474051
1,2004,78251.50803889785
1,2005,61644.753712896796
1,2006,44871.93184363575
1,2007,27931.38175568213
1,2008,14144.859108588496
1,2009,31675.577105790584
1,2010,49381.60228310226
1,2011,67264.68771223289
1,2012,85326.60399567775
1,2013,94046.27317647489
1,2014,94957.00693615364
1,2015,88723.27179976206
1,2016,77212.39184391955
1,2017,66320.00310769456
1,2018,57063.732921017894
1,2019,50104.62812363433
1,2020,51550.47560528884
1,2021,69455.24976742282
1,2022,87539.07167146615
1,2023,105803.73179455157
1,2024,121310.47985688131
1,2025,112101.50385171323
1,2026,95833.24948384095
1,2027,79402.31257228997
1,2028,62807.06629162352
1,2029,46045.86754815044
1,2030,29117.056817242654
1,2031,12018.957979025829
1,2032,12424.94065256463
1,2033,29938.45946513197
1,2034,47627.1134659996
1,2035,65492.654006934106
1,2036,83536.84995330707
1,2037,99380.55607552572
1,2038,108866.9081807547
1,2039,110542.3601325548
1,2040,109012.78770827781
1,2041,106228.12526808114
1,2042,102937.44976275657
1,2043,98661.04998545165
1,2044,95677.0502357749
1,2045,100631.56256077686
1,2046,119027.14759237757
1,2047,137606.6884746638
1,2048,147890.74614829052
1,2049,134648.66788234183
1,2050,118605.88515477671
1,2051,102402.67459993598
1,2052,86037.43193954689
1,2053,69508.53685255395
1,2054,52814.35281469112
1,2055,35953.22693644971
1,2056,33340.55027206823
1,2057,51063.22518117169
1,2058,68963.1268393664
1,2059,87042.02751414326
1,2060,105301.71719566807
1,2061,123744.00377400832
1,2062,139774.0608587434
1,2063,148782.81823715265
1,2064,155243.65308924354
1,2065,159516.6868578855
1,2066,162187.26317471836
1,2067,163591.8917393993
1,2068,164269.73987369012
1,2069,168819.43887269724
1,2070,174278.91475052302
1,2071,170616.6799456786
1,2072,155695.5615264057
1,2073,139863.2477352823
1,2074,123872.6108062477
1,2075,107722.06750792281
1,2076,91410.01877661473
1,2077,74934.84955799363
1,2078,58294.928647186345
1,2079,41488.60852727106
1,2080,24514.22520615668
1,2081,11588.37696929352
1,2082,29093.530144807373
1,2083,46773.73485236086
1,2084,64630.741607084674
1,2085,82666.31842940314
1,2086,100882.2510199732
1,2087,116571.25264437174
1,2088,128077.87128192902
1,2089,137402.00555649097
1,2090,146615.49478866666
1,2091,154045.34067282276
1,2092,159831.37492777163
1,2093,166194.42718855405
1,2094,171845.212805315
1,2095,175028.45982553207
1,2096,179259.95917763104
1,2097,179661.32006394595
1,2098,171922.15445029087
1,2099,162828.8212289007
1,2100,147908.50390653557
1,2101,131998.3195392594
1,2102,115929.03332831446
1,2103,99699.05425526475
1,2104,83306.77539214214
1,2105,77238.6160127594
1,2106,95400.27157854468
1,2107,113527.4598731103
1,2108,129913.9315935505
1,2109,142232.51869532
1,2110,151931.21610567425
1,2111,153145.70154089137
1,2112,150823.38419317667
1,2113,145486.7769252667
1,2114,138680.29374085178
1,2115,129742.58724721607
1,2116,121854.86856284842
1,2117,118209.33432926006
1,2118,122929.30068526398
1,2119,127561.63172871862
1,2120,122583.79495905047
1,2121,106420.3635022567
1,2122,90095.29773089511
1,2123,73606.98130181996
1,2124,56953.78170845416
1,2125,40134.05011915478
1,2126,23146.12121396249
1,2127,5988.313019718368
1,2128,2.0908430072640238e-09
1,2129,1.7147952705175618e-07
1,2130,1.7148389256963176e-07
1,2131,1.714897533825518e-07
1,2132,1.7148952648996397e-07
1,2133,1.714885975268401e-07
1,2134,1.7148931047707388e-07
1,2135,1.7148901986424386e-07
1,2136,1.7148768884401601e-07
1,2137,1.714889644918163e-07
1,2138,1.714877073566597e-07
1,2139,1.7149380492469395e-07
1,2140,4516.684345580496
1,2141,21951.120595255754
1,2142,39559.90120751397
1,2143,57344.769625923494
1,2144,75307.48672853145
1,2145,73485.49344908453
1,2146,60901.42313240213
1,2147,48842.222271835744
1,2148,32735.87569331025
1,2149,15673.965043970264
1,2150,4.6151043670179803e-07
1,2151,1.5590273309498302e-08
1,2152,1.7147426369484007e-07
1,2153,1.7145650238554393e-07
1,2154,1.7148785217980514e-07
1,2155,1.7150675801880341e-07
1,2156,1.7149993957629142e-07
1,2157,1.7149059600084465e-07
1,2158,1.7149071828190905e-07
1,2159,1.7149120325055524e-07
1,2160,1.714934074587525e-07
1,2161,1.7149279429802588e-07
1,2162,1816.783815735178
1,2163,13963.215235215426
1,2164,30461.460314444375
1,2165,48155.34432392321
1,2166,66026.16717351119
1,2167,84075.69825160365
1,2168,100668.84713082666
1,2169,91637.71872564379
1,2170,75164.82650654577
1,2171,58527.20536526658
1,2172,41723.20801259089
1,2173,24751.17068642106
1,2174,7609.412987087197
1,2175,1.3057196379751213e-08
1,2176,1.7147506757692033e-07
1,2177,1.7147844070091183e-07
1,2178,1.714867316553962e-07
1,2179,1.7148833705222838e-07
1,2180,1.7149113680807113e-07
1,2181,1.714911695174749e-07
1,2182,1.7149075421608244e-07
1,2183,1.714911949230694e-07
1,2184,1.7151246574852955e-07
1,2185,9128.301847797211
1,2186,23031.631886408883
1,2187,36178.213769097405
1,2188,52414.989517656104
1,2189,70328.40881918141
1,2190,88420.96231373059
1,2191,106694.441343231
1,2192,118661.80241760609
1,2193,104257.94562614766
1,2194,87911.2556760183
1,2195,71401.0988263877
1,2196,54725.84040826079
1,2197,37883.82940595263
1,2198,20873.398293621416
1,2199,3692.8628701669068
1,2200,1.1536312461533243e-08
1,2201,1.714820762507808e-07
1,2202,1.7148668555455062e-07
1,2203,1.7148794607331247e-07
1,2204,1.7150987027277466e-07
1,2205,14316.196383346929
1,2206,31848.627753399862
1,2207,42121.8319793394
1,2208,40822.590489014576
1,2209,35211.85641984648
1,2210,28478.4398534223
1,2211,24901.228189965736
1,2212,25537.761984660316
1,2213,34622.365543952554
1,2214,52357.85860576476
1,2215,70270.706598197
1,2216,85481.0732261208
1,2217,82232.34468026977
1,2218,68551.47782487024
1,2219,51847.72319677677
1,2220,34976.93102241958
1,2221,17937.43092635321
1,2222,727.5358294295113
1,2223,17813.107033376436
1,2224,35380.50750989592
1,2225,53123.581991371895
1,2226,71044.08721766372
1,2227,89143.79749621938
1,2228,107424.50487756143
1,2229,125888.0193327176
1,2230,142903.6717481123
1,2231,150007.1622498194
1,2232,152380.75203453575
1,2233,151028.74491065362
1,2234,149404.37034487686
1,2235,150869.06956585197
1,2236,155832.8778793244
1,2237,164419.34366175198
1,2238,176277.84181963297
1,2239,180637.58760583898
1,2240,167813.65318715214
1,2241,152102.52031263342
1,2242,136234.27610936953
1,2243,120207.34946407304
1,2244,104020.15355232361
1,2245,87671.08568145671
1,2246,71158.52713188117
1,2247,54480.842996809886
1,2248,43617.67517132035
1,2249,61443.12132942141
1,2250,79446.82194910357
1,2251,97630.55957498262
1,2252,115996.13457712055
1,2253,134545.3653292799
1,2254,153280.08838896095
1,2255,172202.1586792389
1,2256,191313.44967241967
1,2257,210615.8535755323
1,2258,225953.58825510912
1,2259,239815.3989024915
1,2260,252513.16056221005
1,2261,265593.48922532063
1,2262,272117.7368451159
1,2263,262654.1875109693
1,2264,247891.45997968933
1,2265,232981.10517309667
1,2266,217921.64681843808
1,2267,202711.59388023298
1,2268,187349.44041264578
1,2269,171833.6654103828
1,2270,156162.7326580972
1,2271,140335.0905782888
1,2272,124349.17207768232
1,2273,142981.93320484835
1,2274,161801.02194328606
1,2275,180808.3015691082
1,2276,200005.6539911886
1,2277,219394.9799374898
1,2278,233613.25696079116
1,2279,235507.25554359364
1,2280,228585.94457370933
1,2281,217340.98315514976
1,2282,204951.39410926824
1,2283,194796.82008266138
1,2284,186875.26394125275
1,2285,184837.75246825264
1,2286,188518.95619296527
1,2287,188482.66926419793
1,2288,177793.26007055954
1,2289,162181.9232648764
1,2290,146414.47309113643
1,2291,130489.34841565914
1,2292,114404.9724934271
1,2293,98159.75281197281
1,2294,81752.080933704
1,2295,65180.332336652544
1,2296,48442.86625363063
1,2297,31538.025510206997
1,2298,46622.16798261266
1,2299,64477.659068394634
1,2300,82511.7050652517
1,2301,100687.38149676727
1,2302,109918.14202158051
1,2303,110114.11982797983
1,2304,103879.1926837785
1,2305,95129.11457361763
1,2306,85417.08236949565
1,2307,76157.56809948993
1,2308,72048.35597498779
1,2309,76769.17335645581
1,2310,90834.485393208
1,2311,107258.53178929875
1,2312,114575.40474120804
1,2313,100779.1017548431
1,2314,84397.6233660039
1,2315,67852.33019327637
1,2316,51141.58408882162
1,2317,34263.73052332236
1,2318,17217.09842216817
1,2319,2.4912423299733015e-09
1,2320,1.7146273543480403e-07
1,2321,1.7147995623955584e-07
1,2322,1.7148671843414702e-07
1,2323,1.7148926478082545e-07
1,2324,1.7149070967377748e-07
1,2325,1.7149064433357461e-07
1,2326,1.7149057068735311e-07
1,2327,1.7148969868962085e-07
1,2328,1.7148856103395022e-07
1,2329,1.7148836098385004e-07
1,2330,1.7154257140532085e-07
1,2331,12514.061600715973
1,2332,30028.4716229426
1,2333,47718.0257454777
1,2334,65584.47540926687
1,2335,83629.58956970829
1,2336,98783.31629810855
1,2337,90543.66860808288
1,2338,74059.83588777286
1,2339,57411.16484025975
1,2340,40596.00708227153
1,2341,23612.697746703445
1,2342,6459.555317779698
1,2343,1.3992960930458994e-08
1,2344,1.7147681659408407e-07
1,2345,1.714809432700544e-07
1,2346,1.7148756095952374e-07
1,2347,1.714904159287416e-07
1,2348,1.7149105631589895e-07
1,2349,1.7149056834948797e-07
1,2350,1.7149174070914199e-07
1,2351,1.7149608271644582e-07
1,2352,1.7150984339673095e-07
1,2353,123.27246822995205
1,2354,2849.8125023231423
1,2355,6236.8327106566285
1,2356,11713.439905491916
1,2357,26746.533429931125
1,2358,44403.26817058779
1,2359,62236.57025865676
1,2360,74892.73254477727
1,2361,65779.90919653414
1,2362,49048.43888217056
1,2363,32149.6538646957
1,2364,15081.880997143173
1,2365,1.932629730769654e-07
1,2366,1.9317609144142603e-07
1,2367,1.399378940118743e-08
1,2368,1.7147435633693415e-07
1,2369,1.7147135454462442e-07
1,2370,1.7148517028690293e-07
1,2371,1.7148710781307868e-07
1,2372,1.7149137555112423e-07
1,2373,1.7149890890107177e-07
1,2374,1.71504395863085e-07
1,2375,12187.857548045149
1,2376,29699.00552974509
1,2377,47385.2649913482
1,2378,65248.387047596065
1,2379,83290.14032442076
1,2380,101512.31113402234
1,2381,119916.70365172566
1,2382,138505.14009461013
1,2383,146199.02159810625
1,2384,131598.10652025673
1,2385,115524.8181790685
1,2386,99290.7969544684
1,2387,82894.43551762233
1,2388,66334.11046640782
1,2389,49608.182164681166
1,2390,32714.994579937276
1,2391,15652.875119345967
1,2392,1.0354165356650426e-08
1,2393,1.7147633588345218e-07
1,2394,1.7148479684219245e-07
1,2395,1.7148697364173168e-07
1,2396,1.7148813237272045e-07
1,2397,1.714890604712473e-07
1,2398,1.714892562923898e-07
1,2399,1.7150150183922437e-07
1,2400,11602.719362618258
1,2401,29108.015962463924
1,2402,46788.36552839422
1,2403,64645.51859001255
1,2404,82681.24318226143
1,2405,100897.3250204414
1,2406,119295.56767700893
1,2407,131845.1961956131
1,2408,122159.9540745718
1,2409,105992.28420892669
1,2410,89662.93764462516
1,2411,73170.29761468062
1,2412,56512.73118443667
1,2413,39688.5890898903
1,2414,22696.205574398482
1,2415,5533.898223751762
1,2416,1.0910380626569897e-08
1,2417,1.7147884089779592e-07
1,2418,1.714842019157948e-07
1,2419,1.7148738771193125e-07
1,2420,1.714897464704919e-07
1,2421,1.714900621685889e-07
1,2422,1.71497745226094e-07
1,2423,10025.203248505399
1,2424,27514.724687209935
1,2425,45179.141340387694
1,2426,63020.20216012595
1,2427,81039.67358807595
1,2428,99239.33973031407
1,2429,117621.00253398031
1,2430,135801.9780607748
1,2431,138564.70723056866
1,2432,123238.58036198707
1,2433,107081.69675921615
1,2434,90763.24432041752
1,2435,74281.60735723094
1,2436,57635.154024412506
1,2437,40822.23615826591
1,2438,23841.189113457862
1,2439,6690.331598201758
1,2440,10656.110567996759
1,2441,28151.94108005896
1,2442,45822.72989724229
1,2443,63670.2266025979
1,2444,81696.19827500747
1,2445,99902.42966414151
1,2446,118290.72336716724
1,2447,136862.90000722354
1,2448,155620.79841368072
1,2449,173335.21120393157
1,2450,189205.0929665774
1,2451,204729.83871171903
1,2452,217541.4469795578
1,2453,229135.87358500002
1,2454,234004.9656530891
1,2455,230230.78710484397
1,2456,220041.3147744326
1,2457,204852.45851578665
1,2458,189511.71369455426
1,2459,174017.56142510954
1,2460,158368.46763297042
1,2461,142562.8829029099
1,2462,126599.24232554887
1,2463,110475.96534241422
1,2464,94191.45558944826
1,2465,108806.35092271071
1,2466,127283.6838383256
1,2467,145945.7900830967
1,2468,164794.51739031565
1,2469,183831.7319706068
1,2470,203059.318696701
1,2471,215521.21164799033
1,2472,219589.02405987808
1,2473,213907.28745566812
1,2474,201269.32490691918
1,2475,186676.98394720387
1,2476,177733.3569965192
1,2477,177169.26024427344
1,2478,182718.64701537654
1,2479,181447.02425653138
1,2480,165872.22509270703
1,2481,150141.67793724447
1,2482,134253.82531022732
1,2483,118207.09415694002
1,2484,101999.89569211988
1,2485,85630.62524265157
1,2486,69097.66208868861
1,2487,52399.36930318604
1,2488,35534.09358982847
1,2489,18500.165119501937
1,2490,1295.8973646417683
1,2491,3136.3275851605163
1,2492,20556.960267064012
1,2493,38151.79927595611
1,2494,52578.71216988672
1,2495,58284.39924931815
1,2496,60229.10042528643
1,2497,63287.010972471064
1,2498,67173.90005553259
1,2499,71996.04070285849
1,2500,80093.52218439138
1,2501,93831.12172100351
1,2502,112158.70234457371
1,2503,130502.49540153422
1,2504,126581.66876905083
1,2505,110458.21605035251
1,2506,94173.52880446725
1,2507,77725.99468612319
1,2508,61113.985226595716
1,2509,44335.855672473015
1,2510,27389.944822809128
1,2511,10274.574864648643
1,2512,2.8699856599473744e-09
1,2513,1.7148018958623658e-07
1,2514,1.7148585636323431e-07
1,2515,1.7148766119103303e-07
1,2516,1.7149291512151598e-07
1,2517,5916.948829941595
1,2518,23365.387724460485
1,2519,40988.31100801071
1,2520,51556.62809096249
1,2521,58622.75790699427
1,2522,64081.816827782095
1,2523,69729.39217828841
1,2524,79346.9256402155
1,2525,97013.4197117314
1,2526,115372.82331522137
1,2527,128978.16502034686
1,2528,121035.37757783747
1,2529,104856.4619472251
1,2530,88515.75716030662
1,2531,72011.64532551896
1,2532,55342.49237238344
1,2533,38506.647889716594
1,2534,21502.444962223104
1,2535,4328.200005454693
1,2536,15444.481854843736
1,2537,32988.19607977536
1,2538,50707.347446956715
1,2539,68603.69032781025
1,2540,86678.99663747268
1,2541,104935.05601023203
1,2542,123373.67597671927
1,2543,141996.68214287164
1,2544,160805.91837068577
1,2545,179803.24696077826
1,2546,198990.5488367719
1,2547,218369.72373152565
1,2548,237942.69037522716
1,2549,257711.38668536584
1,2550,277677.76995860605
1,2551,297843.8170645788
1,2552,312582.0104860762
1,2553,302502.53927981807
1,2554,288138.295266226
1,2555,273630.4088124981
1,2556,258977.44349423292
1,2557,244177.9485227851
1,2558,229230.45860162284
1,2559,219304.2203570295
1,2560,233774.51327032683
1,2561,253501.52780941795
1,2562,273425.81249390007
1,2563,293549.3400252271
1,2564,313874.10283186747
1,2565,334402.11326657434
1,2566,355135.40380562836
1,2567,376076.0272500729
1,2568,397226.056928962
1,2569,418587.58690464013
1,2570,440162.732180075
1,2571,461953.62890826433
1,2572,483962.43460373563
1,2573,506191.3283561616
1,2574,528642.5110461119
1,2575,545127.6250655738
1,2576,546662.4593089558
1,2577,535300.6611522845
1,2578,523264.3983574795
1,2579,511107.772934743
1,2580,498829.58125780686
1,2581,486428.60766415676
1,2582,473903.6243347363
1,2583,477472.8358860251
1,2584,499636.8336509444
1,2585,522022.471393843
1,2586,544631.9655141706
1,2587,567467.5545757017
1,2588,590531.499527848
1,2589,613826.0839295158
1,2590,637353.6141752003
1,2591,661116.4197233418
1,2592,682690.984373532
1,2593,699918.3563859486
1,2594,714314.6758498995
1,2595,728722.3910256204
1,2596,743243.9405386222
1,2597,759552.3645832485
1,2598,770505.3725076517
1,2599,773185.8842302598
1,2600,763528.4736661738
1,2601,753774.4889964468
1,2602,743922.9644800226
1,2603,733972.9247184341
1,2604,723923.3845592298
1,2605,713773.3489984336
1,2606,703521.8130820293
1,2607,693167.7618064611
1,2608,682710.1700181374
1,2609,672148.0023123587
1,2610,669634.0226243242
1,2611,693719.6322565231
1,2612,718046.0979852615
1,2613,742615.8283713596
1,2614,761123.4893099626
1,2615,771739.0957946237
1,2616,776668.9107299475
1,2617,780065.0630548677
1,2618,783197.1108699001
1,2619,787688.0989963018
1,2620,794493.9416553394
1,2621,805821.8696818664
1,2622,822050.045626327
1,2623,831157.4290775559
1,2624,822079.7339619438
1,2625,812911.2618951756
1,2626,803651.1051077397
1,2627,794298.3467524295
1,2628,784852.0608135662
1,2629,775311.3120153144
1,2630,765675.15572908
1,2631,755942.6378799834
1,2632,746112.7948523959
1,2633,736184.6533947126
1,2634,726157.2305225468
1,2635,716029.533421945
1,2636,736372.5690669509
1,2637,751601.8118330581
1,2638,757206.1557864499
1,2639,753640.2980086332
1,2640,743787.4315823653
1,2641,733836.0364918374
1,2642,723785.1274504071
1,2643,713633.709318566
1,2644,703380.7770054105
1,2645,693025.3153696898
1,2646,682984.0926238552
1,2647,677383.4797091205
1,2648,666768.0450998252
1,2649,656046.4561444373
1,2650,645217.6512994954
1,2651,634280.5584061042
1,2652,623234.0945837792
1,2653,612077.1661232309
1,2654,600808.6683780772
1,2655,589427.4856554721
1,2656,577932.4911056409
1,2657,566322.5466103116
1,2658,554596.502670029
1,2659,542753.1982903435
1,2660,530791.4608668614
1,2661,518710.1060691445
1,2662,506507.9377234505
1,2663,494183.7476942997
1,2664,481736.3157648574
1,2665,469164.4095161208
1,2666,456466.78420489683
1,2667,443642.1826405607
1,2668,430689.33506058133
1,2669,417606.9590048023
1,2670,404393.7591884654
1,2671,391048.4273739653
1,2672,377569.6422413203
1,2673,363956.06925734895
1,2674,350206.36054353794
1,2675,336319.1547425889
1,2676,322293.0768836304
1,2677,308126.73824608244
1,2678,293818.73622215906
1,2679,279367.65417799656
1,2680,264772.06131339254
1,2681,250030.51252014254
1,2682,235141.5482392535
1,2683,220103.69431570993
1,2684,204915.46185339984
1,2685,212579.8754463166
1,2686,211453.07688517153
1,2687,201314.21277690298
1,2688,186210.30522287422
1,2689,170683.13886879772
1,2690,157274.23014528624
1,2691,147660.22337480684
1,2692,144137.88811701688
1,2693,146178.00837812232
1,2694,150815.2835562073
1,2695,148956.78736902107
1,2696,133057.0858363288
1,2697,116998.38728830966
1,2698,100779.10175481046
1,2699,84397.62336597635
1,2700,67852.33019325402
1,2701,51141.58408880457
1,2702,34263.73052331073
1,2703,17217.098422162057
1,2704,2.0070186724774415e-09
1,2705,1.7147228586071096e-07
1,2706,1.7148521766282448e-07
1,2707,1.714874837763908e-07
1,2708,1.7148821738205834e-07
1,2709,1.7148964871687247e-07
1,2710,1.7149169312630046e-07
1,2711,1.7149362058148485e-07
1,2712,1.7165055772567312e-07
1,2713,8294.35353169861
1,2714,17188.45904818583
1,2715,27921.51137946362
1,2716,42446.12436063459
1,2717,60259.85501058969
1,2718,78251.72296705295
1,2719,96423.50960308658
1,2720,110137.1470569809
1,2721,100779.10175487126
1,2722,84397.62336602916
1,2723,67852.33019329865
1,2724,51141.584088840864
1,2725,34263.73052333851
1,2726,17217.098422181156
1,2727,1.2245674877540478e-08
1,2728,1.7139842953039835e-07
1,2729,1.7148263563058022e-07
1,2730,1.7148621842748117e-07
1,2731,1.71493786337159e-07
1,2732,9455.17374539673
1,2733,26938.994889070185
1,2734,44597.654244266545
1,2735,62432.900193043606
1,2736,80446.49860132278
1,2737,94235.22658566828
1,2738,106937.89023335441
1,2739,121050.7216878836
1,2740,135175.4315975061
1,2741,148964.90053972523
1,2742,156924.32821949676
1,2743,153810.085863691
1,2744,137958.91731593714
1,2745,121949.23708270577
1,2746,105779.46004714213
1,2747,89447.98524122284
1,2748,72953.19568724438
1,2749,56293.45823772617
1,2750,39467.12341371278
1,2751,22472.525241459287
1,2752,5307.98108748328
1,2753,8.636218807265699e-09
1,2754,1.714838399917082e-07
1,2755,1.7148933746023677e-07
1,2756,3833.670179885877
1,2757,21261.276287904206
1,2758,38863.1584570889
1,2759,56641.059447994136
1,2760,70063.37522478195
1,2761,80201.74412922714
1,2762,93042.18612447783
1,2763,109995.00023309192
1,2764,128279.93003970575
1,2765,146893.62016458053
1,2766,156853.62589029444
1,2767,148956.787369101
1,2768,133057.08583640124
1,2769,116998.38728837449
1,2770,100779.10175486752
1,2771,84397.6233660255
1,2772,67852.33019329507
1,2773,51141.584088837364
1,2774,34263.73052333509
1,2775,17217.098422177827
1,2776,9.004110310214085e-09
1,2777,1.7147467708519067e-07
1,2778,1.7148174115175327e-07
1,2779,1.714864494338031e-07
1,2780,1.71489427950569e-07
1,2781,1.7149049686755085e-07
1,2782,1.7148938159027385e-07
1,2783,1.714888537385586e-07
1,2784,1.7148773624490131e-07
1,2785,1.7148763687947982e-07
1,2786,1.7148667620566502e-07
1,2787,4.180608191201073e-07
1,2788,17389.26940652126
1,2789,34952.43150686982
1,2790,52691.22522826377
1,2791,70607.40688689021
1,2792,87213.91479120353
1,2793,81643.95449556825
1,2794,65071.12463417817
1,2795,48332.566474190135
1,2796,31426.622732634132
1,2797,14351.619553758299
1,2798,1.9054425502170293e-07
1,2799,1.558991909678947e-08
1,2800,1.7147635048391494e-07
1,2801,1.7128911387149712e-07
1,2802,1.7147818352579837e-07
1,2803,1.7148401586686464e-07
1,2804,1.7149023593597502e-07
1,2805,1.7169371242751748e-07
1,2806,1.7149834956745936e-07
1,2807,1.7149051698538294e-07
1,2808,1.7148878716445235e-07
1,2809,1.714881442231315e-07
1,2810,1.7148703862731912e-07
1,2811,1.7148639079966172e-07
1,2812,1.714859382122855e-07
1,2813,1.714873590288749e-07
1,2814,1.714878217700484e-07
1,2815,1.7148862781080228e-07
1,2816,1.714923974733629e-07
1,2817,1.714929631993229e-07
1,2818,1.7148642427085303e-07
1,2819,1.7149235890403613e-07
1,2820,1.7148034890174984e-07
1,2821,1.7148033509413701e-07
1,2822,1.7148330487654312e-07
1,2823,1.7148196785631334e-07
1,2824,1.714475351788467e-07
1,2825,1.7132611900669997e-07
1,2826,1.7148264467342265e-07
1,2827,1.7148926191714936e-07
1,2828,1.716771757983009e-07
1,2829,1.715060041843357e-07
1,2830,1.714913518920168e-07
1,2831,1.7148946648072897e-07
1,2832,1.714880622119921e-07
1,2833,1.7148721894466872e-07
1,2834,1.714867664569578e-07
1,2835,1.7148640540841863e-07
1,2836,1.7148546852446605e-07
1,2837,1.714836945157375e-07
1,2838,1.7147917725428112e-07
1,2839,1.714843021398502e-07
1,2840,1.714956944408254e-07
1,2841,1.714911997613487e-07
1,2842,1.714887713870068e-07
1,2843,1.7149005178797652e-07
1,2844,1.7149124613465429e-07
1,2845,1.7148732921868194e-07
1,2846,1.7148521319233366e-07
1,2847,1.7148445454983588e-07
1,2848,1.7148325963918325e-07
1,2849,1.7147844390863237e-07
1,2850,1.7147282382247594e-07
1,2851,1.7147367026255434e-07
1,2852,1.7151405697546276e-07
1,2853,1.7149487050067969e-07
1,2854,1.7149023026616687e-07
1,2855,1.7149022422388105e-07
1,2856,1.7148969383372326e-07
1,2857,1.7148789456593013e-07
1,2858,1.7148809990753322e-07
1,2859,1.7148656691242108e-07
1,2860,1.7148531921776515e-07
1,2861,1.714842878544566e-07
1,2862,1.7151652260534943e-07
1,2863,15436.988525454459
1,2864,32980.627816928514
1,2865,50699.703501403455
1,2866,62982.02011432016
1,2867,66308.02106178174
1,2868,63024.52938651433
1,2869,58768.09830748422
1,2870,60283.09183153081
1,2871,68115.70152330627
1,2872,86186.12794491199
1,2873,104437.2586307357
1,2874,122870.9006234192
1,2875,141488.87903603088
1,2876,160293.03723276974
1,2877,179285.23701147697
1,2878,198467.35878797204
1,2879,211109.2508532189
1,2880,213401.47212637766
1,2881,206702.21874077414
1,2882,195987.472953534
1,2883,185717.70448201153
1,2884,176623.0593450393
1,2885,164699.0661143432
1,2886,148956.78736909613
1,2887,133057.08583639658
1,2888,116998.38728837004
1,2889,100779.10175486327
1,2890,84397.62336602146
1,2891,67852.33019329124
1,2892,51141.58408883374
1,2893,34263.7305233317
1,2894,17217.098422174655
1,2895,6.06652075338025e-09
1,2896,1.7121170227865482e-07
1,2897,1.7148277715227584e-07
1,2898,657.8071695281026
1,2899,18053.6546474428
1,2900,35623.460600222876
1,2901,53368.96461255948
1,2902,71291.92366503381
1,2903,82266.3700470398
1,2904,88079.02719236039
1,2905,89074.5292231177
1,2906,86878.52795806399
1,2907,83334.86155139691
1,2908,82568.15580819536
1,2909,80550.41627535915
1,2910,75010.09742897922
1,2911,63494.84739925925
1,2912,48380.10465712542
1,2913,31474.636297405028
1,2914,14400.113254189477
1,2915,2.0313352486452997e-07
1,2916,2.030946114887802e-07
1,2917,2.0309167067359985e-07
1,2918,2.0308464139908496e-07
1,2919,1.0354644256563045e-08
1,2920,1.7151371020117704e-07
1,2921,16567.70061317894
1,2922,34122.647025530336
1,2923,51853.14290209133
1,2924,69760.94373744664
1,2925,87847.82258116984
1,2926,106115.5702133389
1,2927,124565.99532183536
1,2928,133546.51313344165
1,2929,138263.47061863032
1,2930,142069.94070239214
1,2931,146128.02128459647
1,2932,151254.53531614118
1,2933,155215.16454614975
1,2934,154529.28747017836
1,2935,145378.8920827461
1,2936,129443.41159718286
1,2937,113348.57630676402
1,2938,97092.792663441
1,2939,80674.45118368475
1,2940,64091.92628913098
1,2941,47343.57614563169
1,2942,30427.74250069743
1,2943,13342.750519313846
1,2944,7.992429917817086e-09
1,2945,1.7146542605230822e-07
1,2946,1.7148237064506405e-07
1,2947,1.7148606322312703e-07
1,2948,1.7148850487363294e-07
1,2949,1.7149008987494174e-07
1,2950,1.7148973521701545e-07
1,2951,1.7148923195435496e-07
1,2952,1.714878195708256e-07
1,2953,1.7148736731743787e-07
1,2954,1.7148705331286465e-07
1,2955,1.7148583649392846e-07
1,2956,1.7148556078630333e-07
1,2957,1.7148522057444941e-07
1,2958,1.7148562938084744e-07
1,2959,1.71486956722811e-07
1,2960,1.714895642584448e-07
1,2961,1.7148841059322806e-07
1,2962,1.714857265371799e-07
1,2963,1.7148873105072866e-07
1,2964,1.714887347722526e-07
1,2965,1.7148689462179764e-07
1,2966,1.7148518159263793e-07
1,2967,1.714847257977038e-07
1,2968,1.7147898495609095e-07
1,2969,1.7145387161719228e-07
1,2970,1.714833884164618e-07
1,2971,1.714909765231185e-07
1,2972,1.7150681989270351e-07
1,2973,1.7150320213104144e-07
1,2974,1.7149209754089363e-07
1,2975,1.7148986747292957e-07
1,2976,1.7148861015999091e-07
1,2977,1.714881477072965e-07
1,2978,1.71486768073964e-07
1,2979,1.7148669180161512e-07
1,2980,4.179847062608195e-07
1,2981,17389.269406521107
1,2982,34952.43150686965
1,2983,52691.225228263604
1,2984,68456.44587729721
1,2985,72784.50257949674
1,2986,70185.03237046298
1,2987,62890.715767870206
1,2988,47437.18186751578
1,2989,30522.284279893032
1,2990,13438.237716489795
1,2991,1.9055727821737042e-07
1,2992,1.5589963925062914e-08
1,2993,1.7147854637836863e-07
1,2994,1.7148483491178333e-07
1,2995,1.7148819047983115e-07
1,2996,1.7148843315341528e-07
1,2997,1.7152674748388335e-07
1,2998,15447.456866618462
1,2999,32991.200841504055
1,3000,44514.75042478424
1,3001,54061.780243552734
1,3002,61948.8308654474
1,3003,69408.6455646771
1,3004,79550.77217102014
1,3005,95000.3538844634
1,3006,112311.92560791066
1,3007,126480.76806047194
1,3008,124874.97535074611
1,3009,108734.4556978628
1,3010,92432.53084845065
1,3011,75967.58675054442
1,3012,59337.993211659144
1,3013,42542.103737385034
1,3014,25578.2553683682
1,3015,8444.768515661217
1,3016,9.85656510377635e-09
1,3017,1.7147660007256764e-07
1,3018,1.7148472448983072e-07
1,3019,1.7148782302512083e-07
1,3020,1.714880665232136e-07
1,3021,1.714893263530192e-07
1,3022,1.7149022334914674e-07
1,3023,1.7149099684518718e-07
1,3024,1.7148725443193397e-07
1,3025,1.71492353403743e-07
1,3026,3191.6736105320692
1,3027,20612.859752856755
1,3028,38208.257756690975
1,3029,55979.60974059226
1,3030,73928.67524434692
1,3031,92057.23140314774
1,3032,105746.41408154336
1,3033,100966.35533934474
1,3034,84586.74948634734
1,3035,68043.34757482
1,3036,51334.51164417741
1,3037,34458.587354228395
1,3038,17413.90382137992
1,3039,198.7734532029782
1,3040,1.2247211510318625e-08
1,3041,1.714811176030417e-07
1,3042,1.7148449738796476e-07
1,3043,1.7148806589716817e-07
1,3044,1.7148831542082295e-07
1,3045,1.7148934470129782e-07
1,3046,1.714897280103236e-07
1,3047,1.714892496784855e-07
1,3048,1.7148858491605095e-07
1,3049,1.7148803532304638e-07
1,3050,1.7149083308241214e-07
1,3051,4268.729972778423
1,3052,21700.686678725673
1,3053,39306.96295181858
1,3054,57089.301987671155
1,3055,75049.46441389661
1,3056,81354.12374304225
1,3057,67852.33019318776
1,3058,51141.58408877937
1,3059,34263.73052334748
1,3060,17217.098422307827
1,3061,4.6233826605097646e-07
1,3062,1.9044308468594922e-07
1,3063,1.5590017614813787e-08
1,3064,1.7147783350988368e-07
1,3065,1.7145744677239238e-07
1,3066,1.714775322977848e-07
1,3067,1.7148729056858211e-07
1,3068,1.7148999995709535e-07
1,3069,1.7151403036640383e-07
1,3070,1.7149689233720818e-07
1,3071,1.714891044464332e-07
1,3072,1.7148851395561507e-07
1,3073,1.714878144960547e-07
1,3074,1.7148930010708668e-07
1,3075,3002.2501186724335
1,3076,20421.542026078627
1,3077,38015.02685264507
1,3078,55784.4465275059
1,3079,66155.29305840266
1,3080,68193.50659166998
1,3081,61278.01967472999
1,3082,49264.846374536144
1,3083,34263.73052334635
1,3084,17217.09842230679
1,3085,4.616706455424038e-07
1,3086,1.5592141294490996e-08
1,3087,1.7126690637385617e-07
1,3088,1.7147961804166167e-07
1,3089,1.7147812950751222e-07
1,3090,1.714586032996318e-07
1,3091,1.7150775639742928e-07
1,3092,1.714977578301882e-07
1,3093,1.7149108092384593e-07
1,3094,1.7148988466431027e-07
1,3095,1.71489468267711e-07
1,3096,1.714882307930429e-07
1,3097,1.7148800790029372e-07
1,3098,1.7148768899805404e-07
1,3099,1.7149188359839602e-07
1,3100,4130.261067637526
1,3101,19759.214240487636
1,3102,28721.061365413116
1,3103,37523.66033866728
1,3104,46938.20206386531
1,3105,51458.6851301804
1,3106,50606.8005068499
1,3107,44915.988254289325
1,3108,28464.07327269911
1,3109,11359.44459915334
1,3110,1.6378806689430558e-08
1,3111,1.713088850210584e-07
1,3112,1.714802436981707e-07
1,3113,1.7148103143141196e-07
1,3114,1.714807949876264e-07
1,3115,1.7149091739306305e-07
1,3116,1.714911101583004e-07
1,3117,1.7149047372240944e-07
1,3118,1.714901272027215e-07
1,3119,1.7149043294632468e-07
1,3120,1.714901147911003e-07
1,3121,1.7148984863486262e-07
1,3122,1.7148716986980237e-07
1,3123,1.7148612929814792e-07
1,3124,1.714829605611195e-07
1,3125,1.7148354997901117e-07
1,3126,1.7148203659887815e-07
1,3127,1.7147572051575072e-07
1,3128,1.7167871076487207e-07
1,3129,17060.997665811243
1,3130,34620.877048689006
1,3131,52356.3552254816
1,3132,70269.18818407082
1,3133,87844.54425046887
1,3134,97532.15229428041
1,3135,103075.7674049198
1,3136,109335.45718273392
1,3137,120614.10715133783
1,3138,135068.28887384827
1,3139,153808.24116896134
1,3140,171919.9729348529
1,3141,188933.76604946156
1,3142,199253.3678103844
1,3143,201256.10275638726
1,3144,196511.43192922318
1,3145,190806.05513366035
1,3146,184948.9379435668
1,3147,180161.3642101384
1,3148,176295.08074326214
1,3149,171433.3136466524
1,3150,164534.30622672982
1,3151,149125.1945653479
1,3152,133227.17710461083
1,3153,117170.17946926641
1,3154,100952.61185756858
1,3155,84572.8685697538
1,3156,68029.32784906088
1,3157,51320.35172116106
1,3158,34444.28583198227
1,3159,17399.45928391171
1,3160,184.1844703604674
1,3161,6.066361388757718e-09
1,3162,1.714793074066533e-07
1,3163,1.7148557754394895e-07
1,3164,1.714869900840913e-07
1,3165,1.7148880559607902e-07
1,3166,1.714909467485687e-07
1,3167,1.714909175466674e-07
1,3168,1.7148874358575918e-07
1,3169,1.7148732798830221e-07
1,3170,1.7148566486027933e-07
1,3171,1.7148400634903324e-07
1,3172,1.714853624230862e-07
1,3173,1.7148561958117768e-07
1,3174,1.714889272485772e-07
1,3175,1.7150470901430978e-07
1,3176,705.6848104193334
1,3177,8.622705663176885e-08
1,3178,1.7134253946614743e-07
1,3179,1.7147899237512378e-07
1,3180,1.7148637749750395e-07
1,3181,1.7147888427349934e-07
1,3182,1.7148221721869305e-07
1,3183,1.7148433948261906e-07
1,3184,1.7148239973382886e-07
1,3185,1.7147317090887636e-07
1,3186,1.7147332877727787e-07
1,3187,1.71492834597143e-07
1,3188,1.71502669419661e-07
1,3189,1.7149428528678195e-07
1,3190,1.714912168100484e-07
1,3191,1.7148966578278387e-07
1,3192,1.714885851635201e-07
1,3193,1.7148823104709858e-07
1,3194,1.7148702995115387e-07
1,3195,1.7148642822634782e-07
1,3196,1.7148625031538495e-07
1,3197,1.7148565158669029e-07
1,3198,1.714868922485875e-07
1,3199,1.714892263606307e-07
1,3200,1.7149049870063856e-07
1,3201,1.71489264102657e-07
1,3202,1.71486234256345e-07
1,3203,1.7149083244557889e-07
1,3204,1.7149731820870445e-07
1,3205,1.7148660715513258e-07
1,3206,1.714747707646494e-07
1,3207,1.71483000676112e-07
1,3208,1.714824794867649e-07
1,3209,1.7147919695952008e-07
1,3210,1.7148403292304533e-07
1,3211,1.7149227494580514e-07
1,3212,1.7149138975514847e-07
1,3213,1.714905879483938e-07
1,3214,1.7149136525245042e-07
1,3215,1.71493483899478e-07
1,3216,1.7149749092698944e-07
1,3217,1.714880378269842e-07
1,3218,1.7148125059588803e-07
1,3219,1.7148029634293533e-07
1,3220,1.714842882400531e-07
1,3221,1.7148587654676906e-07
1,3222,1.7148785566741247e-07
1,3223,1.7149688913726678e-07
1,3224,1.7155363743665865e-07
1,3225,1.7152401515758238e-07
1,3226,342.7660994692309
1,3227,5657.245320473291
1,3228,6613.507128321097
1,3229,2570.7002092186444
1,3230,3.4986551917537965e-08
1,3231,1.7145412200148674e-07
1,3232,1.7148047851058435e-07
1,3233,1.7177050901974206e-07
1,3234,17159.679570767268
1,3235,34720.54577269469
1,3236,52457.02063672737
1,3237,70370.86024942905
1,3238,88463.83825827211
1,3239,106737.74604721219
1,3240,122949.42817254961
1,3241,135860.25957962032
1,3242,146210.67870245545
1,3243,156050.23877399357
1,3244,167148.5087338383
1,3245,174677.17790370862
1,3246,174173.3606200179
1,3247,158525.82481982736
1,3248,142721.81366163492
1,3249,126759.76239186058
1,3250,110638.09060938848
1,3251,94355.2021090917
1,3252,77909.48472379197
1,3253,61299.310164639275
1,3254,44523.03385989506
1,3255,27578.994792103436
1,3256,10465.515333633915
1,3257,9431.223168321643
1,3258,26914.80480638948
1,3259,44573.22226083829
1,3260,62408.22388983184
1,3261,80421.57553511558
1,3262,98615.06069685238
1,3263,116990.48071020676
1,3264,132638.10279432838
1,3265,144272.62427317418
1,3266,153090.9004776103
1,3267,161987.35496362697
1,3268,171048.31125115807
1,3269,174090.666018582
1,3270,165188.23281386928
1,3271,149450.84573561777
1,3272,133556.08478658373
1,3273,117502.37622805941
1,3274,101288.13058394987
1,3275,84911.74248339926
1,3276,68371.59050184317
1,3277,51666.037000471544
1,3278,34793.42796408623
1,3279,17752.092837337077
1,3280,540.3443593204663
1,3281,4.471181181659009e-09
1,3282,1.7148268015038798e-07
1,3283,1.714868865586945e-07
1,3284,1.7149849334898467e-07
1,3285,11777.878912855635
1,3286,29284.927108203676
1,3287,46967.04578559135
1,3288,58141.330826861056
1,3289,65786.08154667854
1,3290,71822.78235209371
1,3291,79494.1470540876
1,3292,89826.41105609344
1,3293,102606.15990513445
1,3294,116143.6356290987
1,3295,126371.26848546352
1,3296,126214.4367018641
1,3297,110157.46415438504
1,3298,93869.76938953815
1,3299,77419.1976770428
1,3300,60804.120247422536
1,3301,44022.89204350608
1,3302,27073.851557550475
1,3303,9955.320666735333
1,3304,9.409005198632422e-09
1,3305,1.714730086165234e-07
1,3306,1.7148392070096474e-07
1,3307,1.7148677716711342e-07
1,3308,1.7148764800084624e-07
1,3309,1.7148870663351995e-07
1,3310,1.7149198764317987e-07
1,3311,972.4654416996925
1,3312,18371.459502336005
1,3313,33214.21256648804
1,3314,45408.694478421974
1,3315,57655.41368095741
1,3316,70718.2206419824
1,3317,83749.89607451661
1,3318,98446.11156997595
1,3319,111530.92607943167
1,3320,115619.40219072528
1,3321,104405.82596559793
1,3322,88060.61481886313
1,3323,71551.95156066101
1,3324,54878.20166987687
1,3325,38037.71428018491
1,3326,21028.822016596063
1,3327,3849.840830371339
1,3328,1.0354345348241313e-08
1,3329,1.714793721126521e-07
1,3330,1.7148343893450967e-07
1,3331,1.7148668477771976e-07
1,3332,1.7148814504322203e-07
1,3333,1.7148962861711944e-07
1,3334,1.714896841011114e-07
1,3335,1.7148957751980947e-07
1,3336,1.7148852798437803e-07
1,3337,1.7148800233931236e-07
1,3338,1.7148685405425916e-07
1,3339,1.7148583998660444e-07
1,3340,1.714860831970855e-07
1,3341,1.7148578092070666e-07
1,3342,1.7148579140789611e-07
1,3343,1.7148781257270715e-07
1,3344,1.7149246590031646e-07
1,3345,1.7149677805218901e-07
1,3346,1.7155704283523462e-07
1,3347,1777.2094919149342
1,3348,1128.4378633203385
1,3349,5.773566652204069e-08
1,3350,1.714557718639979e-07
1,3351,1.7148089979820936e-07
1,3352,1.7148173185040994e-07
1,3353,1.7147987426240617e-07
1,3354,1.714769285086036e-07
1,3355,1.7148878399679307e-07
1,3356,1.7149395581327292e-07
1,3357,1.7150584025483746e-07
1,3358,12343.587241864914
1,3359,29856.29252050306
1,3360,47544.12485201375
1,3361,65408.83550686827
1,3362,83452.1932682857
1,3363,101675.98460732593
1,3364,120082.01385976226
1,3365,138672.1034047271
1,3366,148537.30442197798
1,3367,142054.39598193878
1,3368,126085.67053536738
1,3369,109957.25783433026
1,3370,93667.5610062828
1,3371,77214.9672099549
1,3372,60597.84747566374
1,3373,43814.55654402967
1,3374,26863.43270307928
1,3375,9742.797623719407
1,3376,9.856629975414142e-09
1,3377,1.7147708620301777e-07
1,3378,1.714794240343894e-07
1,3379,1.7148601117619147e-07
1,3380,1.7149288987315789e-07
1,3381,1.7149096117534228e-07
1,3382,1.7149033011329938e-07
1,3383,1.7148936595052199e-07
1,3384,1.714884376667592e-07
1,3385,1.714875902474836e-07
1,3386,1.7148667615492436e-07
1,3387,1.714862026117904e-07
1,3388,1.7148754359998328e-07
1,3389,1.7148677190098084e-07
1,3390,1.71486874765448e-07
1,3391,1.714884686511431e-07
1,3392,1.7148863716711467e-07
1,3393,1.7148708268346783e-07
1,3394,1.7148501821784463e-07
1,3395,1.714871811001853e-07
1,3396,1.7148580831312875e-07
1,3397,1.7148517479431084e-07
1,3398,1.7148470519333598e-07
1,3399,1.714817690168604e-07
1,3400,1.714761262920205e-07
1,3401,1.7148738022779208e-07
1,3402,1.7149626279153044e-07
1,3403,1.7149206343479353e-07
1,3404,1.714908466703385e-07
1,3405,1.714910176457685e-07
1,3406,1.7149383402243054e-07
1,3407,1.7149630689278195e-07
1,3408,1.714940479672592e-07
1,3409,1.909327085322177e-07
1,3410,5923.817226755106
1,3411,13011.949640918796
1,3412,22443.407357855125
1,3413,32947.83305888561
1,3414,44710.37903110885
1,3415,60546.633187879765
1,3416,78541.36892612185
1,3417,96716.05202175042
1,3418,115072.48194833833
1,3419,130744.9387505829
1,3420,132035.16375351496
1,3421,129557.50278284728
1,3422,148242.3472168751
1,3423,167114.04009533938
1,3424,186174.4499026204
1,3425,205425.46380799025
1,3426,224868.98785245122
1,3427,244506.94713735743
1,3428,264341.2860151133
1,3429,284373.9682816472
1,3430,304606.97737084684
1,3431,325042.316550939
1,3432,340101.4542278495
1,3433,350038.5700907791
1,3434,356056.0436629203
1,3435,360242.61956467887
1,3436,361978.8289425995
1,3437,359239.7014063315
1,3438,350453.61223603075
1,3439,336568.8789520007
1,3440,322545.2983351304
1,3441,308381.4819120913
1,3442,294076.02732482186
1,3443,279627.51819167973
1,3444,265034.52396720625
1,3445,250295.599800488
1,3446,235409.2863921027
1,3447,220374.1098496335
1,3448,205188.58154173964
1,3449,189851.19795084998
1,3450,174360.4405240954
1,3451,158714.77552320424
1,3452,151014.81203163927
1,3453,165216.54240897976
1,3454,170285.76736444345
1,3455,163998.20881241641
1,3456,154283.2073549579
1,3457,143203.5114964175
1,3458,131632.52083995356
1,3459,122536.39030022228
1,3460,113421.6620909769
1,3461,107443.17532290322
1,3462,108585.71809145431
1,3463,113424.05943064598
1,3464,118638.9895357074
1,3465,113830.33546281273
1,3466,97834.85421302624
1,3467,81423.93334882618
1,3468,64957.026991676365
1,3469,48217.327855305375
1,3470,31310.231727623937
1,3471,14234.064638825477
1,3472,10793.0233792823
1,3473,28290.223019146673
1,3474,45962.39465570653
1,3475,63811.288008633666
1,3476,81838.6702950915
1,3477,100046.3264044152
1,3478,117705.24710928969
1,3479,125382.18967415615
1,3480,125767.27475190508
1,3481,122587.7618001187
1,3482,117288.92886228151
1,3483,112133.56542077595
1,3484,107759.52348158837
1,3485,103722.89914611838
1,3486,99994.98987642725
1,3487,94434.89892285307
1,3488,81183.12509958388
1,3489,64605.68694428351
1,3490,47862.474407462956
1,3491,30951.829745339834
1,3492,13872.07863679231
1,3493,3.919010064100284e-07
1,3494,3.9179767224783784e-07
1,3495,3.915922125376117e-07
1,3496,2.9963176320622264e-09
1,3497,1.7147807872025696e-07
1,3498,1.7148276565631757e-07
1,3499,1.7148428753716483e-07
1,3500,1.7148807226802145e-07
1,3501,1.7149006697873316e-07
1,3502,1.7149006412503173e-07
1,3503,1.7148939878937949e-07
1,3504,1.7148806522875753e-07
1,3505,1.7148712181281212e-07
1,3506,1.7148677941219797e-07
1,3507,42.15287580828561
1,3508,17431.843810785096
1,3509,34995.43165519844
1,3510,52734.65537808474
1,3511,66698.52149709496
1,3512,69865.81720527168
1,3513,60623.223515163954
1,3514,47243.555403633334
1,3515,33747.69755117669
1,3516,16695.905120418432
1,3517,4.683759831557925e-07
1,3518,1.5590455965990366e-08
1,3519,1.7143397016775312e-07
1,3520,1.7148074796355557e-07
1,3521,1.7147785683923104e-07
1,3522,1.7148114461282174e-07
1,3523,1.7148799698085996e-07
1,3524,1.714935437206039e-07
1,3525,1.71492822925029e-07
1,3526,1.7149088694568449e-07
1,3527,1.714895996719572e-07
1,3528,1.7148879430763705e-07
1,3529,1.7148791277255774e-07
1,3530,1.7148682577598968e-07
1,3531,1.7154382468573216e-07
1,3532,15772.514862530088
1,3533,33319.5094173749
1,3534,51041.97391785431
1,3535,68941.66306336723
1,3536,83183.1874063094
1,3537,84086.33707571682
1,3538,74344.70109423334
1,3539,57698.87869883011
1,3540,40886.59807948886
1,3541,23906.19465398624
1,3542,6755.987194324735
1,3543,1.913220184297695e-07
1,3544,1.508566949927306e-08
1,3545,1.714529120793232e-07
1,3546,1.714821623890171e-07
1,3547,1.714867241207603e-07
1,3548,1.7148847891048746e-07
1,3549,1.7149837924294018e-07
1,3550,6938.410115620358
1,3551,24223.331447811393
1,3552,35316.931934049324
1,3553,41957.53945519181
1,3554,47017.02076923199
1,3555,52417.357874083165
1,3556,60063.33630463315
1,3557,71522.11552834348
1,3558,82390.88206854573
1,3559,85421.49173414838
1,3560,77641.66225830688
1,3561,61028.80947454629
1,3562,44249.82816296475
1,3563,27303.057038300758
1,3564,10186.818202490167
1,3565,1.9909817635142346e-07
1,3566,1.9908193718521597e-07
1,3567,1.1538996382101877e-08
1,3568,1.7097480077489687e-07
1,3569,1.7147982613814118e-07
1,3570,1.7148506209482893e-07
1,3571,1.7149543007362973e-07
1,3572,11235.588626557654
1,3573,28737.213919042722
1,3574,46413.855464538814
1,3575,64267.26342551858
1,3576,82299.20546612251
1,3577,99293.31494431636
1,3578,114879.76788043686
1,3579,130187.06065265353
1,3580,146528.71843079105
1,3581,159934.90742938043
1,3582,166972.85341996106
1,3583,161446.72686286716
1,3584,145671.92472510508
1,3585,129739.3745659654
1,3586,113647.49890523433
1,3587,97394.70448789597
1,3588,80979.38212638424
1,3589,64399.90654125741
1,3590,47654.63620027934
1,3591,30741.91315589151
1,3592,25125.167443184946
1,3593,36315.730135455815
1,3594,54068.15684309695
1,3595,71998.10781784951
1,3596,90107.35830236708
1,3597,108397.70129174035
1,3598,126870.94771101436
1,3599,145528.9265944861
1,3600,161063.05143477
1,3601,174128.09458138113
1,3602,189004.5968526298
1,3603,204394.0361481231
1,3604,218309.6358032484
1,3605,224190.3892908148
1,3606,219529.59455080604
1,3607,204335.62108992384
1,3608,188989.70789443282
1,3609,173490.33556698693
1,3610,157835.96951626663
1,3611,142025.05980503914
1,3612,126056.0409966994
1,3613,109927.33200027629
1,3614,93637.33591388896
1,3615,77184.4398666378
1,3616,60567.01485891413
1,3617,43783.41560124674
1,3618,26831.980351140275
1,3619,39308.56182303533
1,3620,57090.916847381915
1,3621,75051.09542210952
1,3622,93190.87578263022
1,3623,108983.50526780674
1,3624,126026.28566946434
1,3625,139844.00031657374
1,3626,153738.0365267019
1,3627,168094.7829357482
1,3628,182928.46332921775
1,3629,190201.86205807875
1,3630,180285.48071358504
1,3631,164699.0661143313
1,3632,148956.78736908504
1,3633,133057.08583638637
1,3634,116998.3872883607
1,3635,100779.10175485481
1,3636,84397.62336601391
1,3637,67852.33019328462
1,3638,51141.58408882807
1,3639,34263.73052332701
1,3640,17217.098422170962
1,3641,3.3844457322003187e-09
1,3642,1.714842986524326e-07
1,3643,3356.1833494011607
1,3644,20779.01458911465
1,3645,38376.07414131145
1,3646,56149.10428905895
1,3647,71417.28518446497
1,3648,82805.90516965314
1,3649,93521.89319949676
1,3650,105500.76597914992
1,3651,119499.47300747386
1,3652,134008.12577925093
1,3653,146402.09770280714
1,3654,154162.90074697978
1,3655,147875.5062149933
1,3656,131964.9918707525
1,3657,115895.37238306929
1,3658,99665.05670050929
1,3659,83272.4378611237
1,3660,66715.89283334427
1,3661,49993.78235528707
1,3662,33104.45077244932
1,3663,16046.225873783205
1,3664,8.635950019469452e-09
1,3665,1.7147135855736509e-07
1,3666,1.714838289541235e-07
1,3667,1.7148692290768364e-07
1,3668,1.714886441973526e-07
1,3669,1.714882935710863e-07
1,3670,1.7148921685580971e-07
1,3671,1.7148986882403522e-07
1,3672,1.7148928782416027e-07
1,3673,1.7149326867363737e-07
1,3674,3599.9749530095155
1,3675,21025.244108758936
1,3676,38624.76595615212
1,3677,54126.30379000849
1,3678,65523.286821292364
1,3679,72573.4402853016
1,3680,67852.33019318807
1,3681,51141.58408877966
1,3682,34263.730523347775
1,3683,17217.098422308103
1,3684,4.6253432121250247e-07
1,3685,1.9052903274318711e-07
1,3686,1.5589624831944705e-08
1,3687,1.7144121410836216e-07
1,3688,1.714805048462346e-07
1,3689,1.7148065134490608e-07
1,3690,1.7147993353354343e-07
1,3691,1.714886085463186e-07
1,3692,1.7149219673121647e-07
1,3693,1.7149061629775984e-07
1,3694,1.7149083716416227e-07
1,3695,1.714899734803091e-07
1,3696,1.7148857447962925e-07
1,3697,1.7148706227778005e-07
1,3698,1.7148673265356693e-07
1,3699,1.714874819402131e-07
1,3700,1.7148832897001618e-07
1,3701,1.714856564186812e-07
1,3702,1.714849873737565e-07
1,3703,1.7148555716124626e-07
1,3704,1.7148728103446058e-07
1,3705,1.7148788087850112e-07
1,3706,1.7148710352115596e-07
1,3707,1.714886608609979e-07
1,3708,1.7148904469534675e-07
1,3709,1.7148706953242073e-07
1,3710,1.7148449340894279e-07
1,3711,1.7148586399311737e-07
1,3712,1.7148358035995524e-07
1,3713,1.7148463912812712e-07
1,3714,1.7148818343677252e-07
1,3715,1.7148782993766862e-07
1,3716,1.7148959439414234e-07
1,3717,1.714931840054437e-07
1,3718,6558.932101624092
1,3719,24013.790828859812
1,3720,41643.198143454065
1,3721,59448.89953122299
1,3722,77432.65793288394
1,3723,95596.25391857015
1,3724,113941.48586411893
1,3725,132470.17012912733
1,3726,151184.1412367889
1,3727,170085.25205552948
1,3728,189175.37398245934
1,3729,201015.31383066942
1,3730,205065.6778293016
1,3731,208021.7321119618
1,3732,208484.39228940045
1,3733,217421.2908142833
1,3734,236984.77312861773
1,3735,256743.89026619558
1,3736,276700.59857523604
1,3737,296856.87396736786
1,3738,317214.7121134218
1,3739,337776.128640937
1,3740,358543.1593337279
1,3741,377481.882090265
1,3742,390093.90328131133
1,3743,393301.5574936817
1,3744,392522.43551356206
1,3745,389547.04032527906
1,3746,387763.6024673369
1,3747,388156.6083295205
1,3748,387621.7575269394
1,3749,383795.0263721095
1,3750,375264.6281699026
1,3751,361628.0050452113
1,3752,347855.01568927313
1,3753,333944.29643977556
1,3754,319894.4699977831
1,3755,305704.1452913707
1,3756,291371.9173378942
1,3757,276896.367104883
1,3758,262276.0613695417
1,3759,247509.552576847
1,3760,232595.37869622538
1,3761,217532.06307688437
1,3762,202318.11430139537
1,3763,186952.02603828764
1,3764,179058.28427122766
1,3765,189243.97821191387
1,3766,196299.05054747968
1,3767,198176.32889972732
1,3768,193378.12007780542
1,3769,186282.1047215729
1,3770,179501.01086136125
1,3771,175316.02648365282
1,3772,171750.53130277933
1,3773,164130.32307881187
1,3774,148382.3569032103
1,3775,132476.91106585274
1,3776,116412.41077012161
1,3777,100187.26547143323
1,3778,83799.86871975797
1,3779,67248.598000566
1,3780,50531.814574182135
1,3781,33647.86331353447
1,3782,16595.072540280373
1,3783,3404.847686990066
1,3784,3.4894210434270657e-09
1,3785,1.7147665514597225e-07
1,3786,1.7148358781807357e-07
1,3787,1.7148654108396061e-07
1,3788,1.714885381804321e-07
1,3789,1.7148962770237807e-07
1,3790,1.7149233013080125e-07
1,3791,1.7149967278723205e-07
1,3792,1970.7739212915085
1,3793,12118.475678844483
1,3794,22607.400821774856
1,3795,33143.36047826311
1,3796,43371.148029756565
1,3797,51510.291925534286
1,3798,55108.47559922079
1,3799,50954.64403587132
1,3800,34263.730523358216
1,3801,17217.09842231837
1,3802,4.7117912429833677e-07
1,3803,1.9055028238927282e-07
1,3804,1.9054917856019499e-07
1,3805,1.9054473977822496e-07
1,3806,1.904895272676632e-07
1,3807,1.5584325669124797e-08
1,3808,1.7147436149705887e-07
1,3809,1.7148249348533282e-07
1,3810,1.7147847036747509e-07
1,3811,1.7147774802520445e-07
1,3812,1.7149269611216214e-07
1,3813,1.714935706667955e-07
1,3814,1.7149315648630546e-07
1,3815,1.7148980919356625e-07
1,3816,1.7148792531731898e-07
1,3817,1.7148746306766853e-07
1,3818,1.7148707342264655e-07
1,3819,1.7148723490485653e-07
1,3820,1.7148795489028848e-07
1,3821,1.7148692690069182e-07
1,3822,1.7148664961997065e-07
1,3823,1.7148764012457824e-07
1,3824,1.7148872434767583e-07
1,3825,1.714875009313152e-07
1,3826,1.7148591968942323e-07
1,3827,1.7148722166124568e-07
1,3828,1.714875584875699e-07
1,3829,1.7148643281816086e-07
1,3830,1.714860607094856e-07
1,3831,1.714856269802612e-07
1,3832,1.7148276325467423e-07
1,3833,1.7148059546707767e-07
1,3834,1.7148341807221015e-07
1,3835,1.7149168627414273e-07
1,3836,1.714924687380259e-07
1,3837,1.7148969450983174e-07
1,3838,1.7149010088241272e-07
1,3839,1.7148912354991285e-07
1,3840,1.714884153324655e-07
1,3841,1.714879943281154e-07
1,3842,1.714871533842644e-07
1,3843,1.7148680735376847e-07
1,3844,1.7148645820743813e-07
1,3845,1.7148518175949664e-07
1,3846,1.7148470058222414e-07
1,3847,1.7148702071841343e-07
1,3848,1.7148881728871156e-07
1,3849,1.7148921675533128e-07
1,3850,1.7148870732423805e-07
1,3851,1.7148904110124365e-07
1,3852,1.7148693328732025e-07
1,3853,1.7148502617857198e-07
1,3854,1.7148541818482366e-07
1,3855,1.7148477582913462e-07
1,3856,1.714830697553758e-07
1,3857,1.7148042589563528e-07
1,3858,1.7148481975257698e-07
1,3859,1.7149244117055937e-07
1,3860,1.714912933978459e-07
1,3861,1.7148828095826427e-07
1,3862,1.7149023076907404e-07
1,3863,1.7148864519113231e-07
1,3864,1.714884746017596e-07
1,3865,1.714880276908323e-07
1,3866,1.7148781213528579e-07
1,3867,1.714874603561331e-07
1,3868,1.7148905178388765e-07
1,3869,1.7148845893029483e-07
1,3870,1.714888461277304e-07
1,3871,1.7148690025867316e-07
1,3872,1.7199080947841714e-07
1,3873,10711.045821431531
1,3874,19789.9911411567
1,3875,28436.400419952188
1,3876,27737.668040481167
1,3877,19123.356227537486
1,3878,7856.197603146557
1,3879,2.522867841478382e-08
1,3880,1.7139456526046458e-07
1,3881,1.7148096829056741e-07
1,3882,1.7148337480641773e-07
1,3883,1.7148591663666227e-07
1,3884,1.7148960451156465e-07
1,3885,1.7148869334586338e-07
1,3886,1.71491173846911e-07
1,3887,2268.8783782059604
1,3888,19680.836568207462
1,3889,37266.91434019517
1,3890,55028.852889931506
1,3891,72968.41082517956
1,3892,91087.3643397887
1,3893,109387.50738954968
1,3894,126195.06007750367
1,3895,136442.04651699952
1,3896,133057.08583640293
1,3897,116998.38728837615
1,3898,100779.10175486912
1,3899,84397.62336602707
1,3900,67852.3301932966
1,3901,51141.584088838856
1,3902,34263.73052333654
1,3903,17217.098422179224
1,3904,1.0354299124870723e-08
1,3905,1.7147059985390804e-07
1,3906,1.714852369328647e-07
1,3907,1.7151072409727275e-07
1,3908,14965.814085951117
1,3909,32504.74163303013
1,3910,50219.0584556661
1,3911,68110.51844655715
1,3912,86180.89303737145
1,3913,104431.97137410252
1,3914,122865.56049420664
1,3915,141483.4855055159
1,3916,160287.58976694132
1,3917,171678.57493298693
1,3918,171666.44864247215
1,3919,157310.72348400753
1,3920,141494.56131245685
1,3921,125520.23751919066
1,3922,109386.17048799184
1,3923,93090.76278648105
1,3924,76632.40100795518
1,3925,60009.45561164407
1,3926,43220.28076136987
1,3927,26263.21416259294
1,3928,9136.576897828267
1,3929,8.636132539968682e-09
1,3930,1.7147986260205575e-07
1,3931,1.714895441652783e-07
1,3932,1.7149198878438398e-07
1,3933,1.7149188048215503e-07
1,3934,1.7150368460786577e-07
1,3935,1.7155498982255398e-07
1,3936,1.715139694302031e-07
1,3937,1.7141387082021957e-07
1,3938,1.7146256533370177e-07
1,3939,1.7148309735927152e-07
1,3940,1.7149989284370834e-07
1,3941,1.7148514453753502e-07
1,3942,1.7147058076883272e-07
1,3943,1.7148437389050684e-07
1,3944,1.7148632893616996e-07
1,3945,1.7149016526881583e-07
1,3946,1.714868755880864e-07
1,3947,1.7155708992630915e-07
1,3948,5559.728697442796
1,3949,3300.3785396466255
1,3950,1030.9607090436255
1,3951,4.3519139236833544e-08
1,3952,1.7141604441634796e-07
1,3953,1.7147676544923183e-07
1,3954,1.7148367314063747e-07
1,3955,1.7148644556092452e-07
1,3956,1.714878944155784e-07
1,3957,1.7148763041264755e-07
1,3958,1.7149075261710107e-07
1,3959,1.7149044960755762e-07
1,3960,1.7149124620645557e-07
1,3961,1.714883883712848e-07
1,3962,1.7148585289161896e-07
1,3963,1.7148348626362078e-07
1,3964,1.714854859831297e-07
1,3965,1.7148418614623684e-07
1,3966,1.7148538580913733e-07
1,3967,1.7148761832159781e-07
1,3968,1.714895406885943e-07
1,3969,1.71489708506421e-07
1,3970,1.7148815232217595e-07
1,3971,1.7149231949176928e-07
1,3972,1.7149358578206456e-07
1,3973,1.7147965583773545e-07
1,3974,1.714806888853521e-07
1,3975,1.714841376640767e-07
1,3976,1.7148399483518564e-07
1,3977,1.714845337482567e-07
1,3978,1.7148567128566798e-07
1,3979,1.7148658477687448e-07
1,3980,1.7148992893006236e-07
1,3981,1.7148932487554979e-07
1,3982,1.7148988924633839e-07
1,3983,1.714898867704814e-07
1,3984,1.7148766716254754e-07
1,3985,1.7148725047264448e-07
1,3986,1.714876612605304e-07
1,3987,1.7148684808103703e-07
1,3988,1.714872622102443e-07
1,3989,1.7148601756943353e-07
1,3990,1.7148583826565034e-07
1,3991,1.7148790837839475e-07
1,3992,1.7149049194131565e-07
1,3993,1.714906173165304e-07
1,3994,1.7150119604550395e-07
1,3995,2473.013978929869
1,3996,2396.5171167928024
1,3997,121.74052014056473
1,3998,4.354007148293655e-08
1,3999,1.7147425104276992e-07
1,4000,1.7148157358413334e-07
1,4001,1.7147983953795846e-07
1,4002,1.7144433622136323e-07
1,4003,1.7147147023989246e-07
1,4004,1.715251289644644e-07
1,4005,1.7150214298995822e-07
1,4006,1.7149581193305011e-07
1,4007,1.7149026532669014e-07
1,4008,1.7148812769425255e-07
1,4009,1.7148764115890711e-07
1,4010,1.714871554109093e-07
1,4011,1.7148754708029936e-07
1,4012,1.714878188350589e-07
1,4013,1.7152024259150123e-07
1,4014,15026.951019459775
1,4015,32566.489935873837
1,4016,43607.025202196535
1,4017,42280.5821042957
1,4018,33040.72027973136
1,4019,23370.308917563903
1,4020,10815.538705272096
1,4021,695.1545154486269
1,4022,1.9822319372972717e-08
1,4023,1.71468898034938e-07
1,4024,1.714805438442278e-07
1,4025,1.7147517784651544e-07
1,4026,1.7146371642746201e-07
1,4027,1.715069605170321e-07
1,4028,1.7149543885989571e-07
1,4029,1.7149177873631346e-07
1,4030,1.7149129571581594e-07
1,4031,1.714893186290274e-07
1,4032,1.7148782122998018e-07
1,4033,1.7148798414401466e-07
1,4034,1.7148717564873547e-07
1,4035,1.7148704155892048e-07
1,4036,1.7148709036466075e-07
1,4037,1.714860623777475e-07
1,4038,1.7148618590016916e-07
1,4039,1.714881682616555e-07
1,4040,1.7149149489784966e-07
1,4041,1.714910854047722e-07
1,4042,1.714909245918402e-07
1,4043,1.7152982404345252e-07
1,4044,449.4986753457654
1,4045,8.621224392951592e-08
1,4046,1.7138904901016624e-07
1,4047,1.714765785548408e-07
1,4048,1.7148212558379568e-07
1,4049,1.7148328829274932e-07
1,4050,1.7148433317985367e-07
1,4051,1.7148842677746625e-07
1,4052,1.714896911171734e-07
1,4053,1.714888382251976e-07
1,4054,1.714906760708827e-07
1,4055,1.7149013369787856e-07
1,4056,1.7148819979394096e-07
1,4057,1.714868855633156e-07
1,4058,1.7148689303325172e-07
1,4059,1.7148658582497272e-07
1,4060,1.7148758090144403e-07
1,4061,1.7148640405083488e-07
1,4062,1.7148823230677887e-07
1,4063,1.714913896549953e-07
1,4064,1.715019911079248e-07
1,4065,1.7148968589625205e-07
1,4066,1.7148861590008248e-07
1,4067,1.7151913121076553e-07
1,4068,1.7162041401872527e-07
1,4069,1.7133731104490872e-07
1,4070,1.7146626766001622e-07
1,4071,1.7147851214314004e-07
1,4072,1.714830350986094e-07
1,4073,1.7148128046972364e-07
1,4074,1.714789754069803e-07
1,4075,1.7148463228185118e-07
1,4076,1.7152107998434619e-07
1,4077,14510.000604922681
1,4078,32044.370017191413
1,4079,49754.08312366899
1,4080,67640.89336124006
1,4081,85706.5717012012
1,4082,103440.51306619545
1,4083,119176.77795211686
1,4084,134132.03406488232
1,4085,144575.82304778995
1,4086,149185.81369305745
1,4087,145745.73334724712
1,4088,132836.94749913068
1,4089,116776.0475677312
1,4090,100554.53863701777
1,4091,84170.81461699723
1,4092,67623.25335677649
1,4093,50910.21648395358
1,4094,34030.049242402456
1,4095,16981.080328435837
1,4096,9.409381441629751e-09
1,4097,1.7137147580357733e-07
1,4098,1412.8043531749424
1,4099,18816.20180292615
1,4100,36393.63322726107
1,4101,54146.838965868046
1,4102,72077.57676187548
1,4103,90187.6219358516
1,4104,108478.76756157322
1,4105,125381.23039800613
1,4106,141033.8119308422
1,4107,155690.8147846909
1,4108,167681.49339212466
1,4109,174000.8230121924
1,4110,169379.87133046912
1,4111,153684.40063738305
1,4112,137831.97523736613
1,4113,121821.0255833491
1,4114,105649.9664327919
1,4115,89317.19669072916
1,4116,72821.09925124582
1,4117,56160.04083736765
1,4118,39332.37183935072
1,4119,22336.426151353644
1,4120,5170.521006476622
1,4121,7.99265037218118e-09
1,4122,1.714798059345487e-07
1,4123,1.7148488754093545e-07
1,4124,1.714871902725628e-07
1,4125,1.7148777248435893e-07
1,4126,1.7148893931238636e-07
1,4127,1.7148863592695e-07
1,4128,1.7148847312293495e-07
1,4129,1.7149410441632661e-07
1,4130,6362.330027999147
1,4131,23815.22273449861
1,4132,41442.64436814925
1,4133,59246.34021816512
1,4134,73990.50793347385
1,4135,85366.21899096193
1,4136,86457.49681894385
1,4137,70165.46066848988
1,4138,53477.845868829674
1,4139,36623.35492118906
1,4140,19600.319064104402
1,4141,2407.052848546015
1,4142,1.9323444503126274e-07
1,4143,1.931921824308339e-07
1,4144,1.399365455880569e-08
1,4145,1.7147765617945687e-07
1,4146,1.714846438145097e-07
1,4147,1.7148672645206603e-07
1,4148,1.7148815901376333e-07
1,4149,1.715890073215767e-07
1,4150,16810.566278861086
1,4151,34367.94134786927
1,4152,52100.89016765365
1,4153,70011.16847566457
1,4154,88100.54956676996
1,4155,106370.824468795
1,4156,124688.90765894426
1,4157,141787.39096762514
1,4158,152525.03146708393
1,4159,148956.7873691021
1,4160,133057.08583640232
1,4161,116998.38728837558
1,4162,100779.10175486858
1,4163,84397.62336602651
1,4164,67852.33019329606
1,4165,51141.58408883832
1,4166,34263.73052333602
1,4167,17217.09842217871
1,4168,9.85642343311982e-09
1,4169,1.7146511971656802e-07
1,4170,1.714835811737574e-07
1,4171,1.714857808786396e-07
1,4172,1.7148800563639827e-07
1,4173,1.7148840319197614e-07
1,4174,1.7149811425284326e-07
1,4175,10574.36365107445
1,4176,28069.37669380468
1,4177,45739.33986704839
1,4178,63586.002672053255
1,4179,81611.13210512252
1,4180,99816.51283253111
1,4181,118203.94736721952
1,4182,132541.74220486628
1,4183,133966.2824677812
1,4184,117934.31943938498
1,4185,101724.39322738802
1,4186,85352.36775327112
1,4187,68816.62202441307
1,4188,52115.518838266464
1,4189,35247.4046202584
1,4190,18210.609260070287
1,4191,1003.4459462803065
1,4192,1.035433627200715e-08
1,4193,1.714802598830323e-07
1,4194,1.7148414457643477e-07
1,4195,1.7148676305782135e-07
1,4196,1.7148870183183247e-07
1,4197,1.714887204272821e-07
1,4198,1.7149027146668968e-07
1,4199,1.714905097674425e-07
1,4200,1.7148940707317198e-07
1,4201,1.7151699967514911e-07
1,4202,11809.326245547465
1,4203,29316.688914222374
1,4204,46999.125209670245
1,4205,64858.38586810132
1,4206,82896.23913313106
1,4207,97763.01762799654
1,4208,101759.3277319268
1,4209,93462.67206482684
1,4210,77008.02937912068
1,4211,60388.84026656727
1,4212,43603.45926290466
1,4213,26650.22444923811
1,4214,9527.45728753296
1,4215,1.951588176166987e-07
1,4216,1.3057054015735536e-08
1,4217,1.7147535802226823e-07
1,4218,1.714848525245121e-07
1,4219,1.714874182047921e-07
1,4220,1.7152583424421175e-07
1,4221,15757.579312821743
1,4222,33304.42451216947
1,4223,51026.73816359679
1,4224,63805.61214473151
1,4225,74554.84075176607
1,4226,85607.91840892014
1,4227,99612.96031124986
1,4228,115887.76818434536
1,4229,131759.82985324902
1,4230,143033.75077775502
1,4231,143540.93982208834
1,4232,127587.07981391845
1,4233,111473.68120566687
1,4234,95199.14861133281
1,4235,78761.87069105543
1,4236,62160.21999157527
1,4237,45392.55278510035
1,4238,28457.208906560685
1,4239,11352.511589235657
1,4240,9.408919953253551e-09
1,4241,1.714769145728923e-07
1,4242,1.714854994077752e-07
1,4243,1.7148945868208985e-07
1,4244,4934.853863874424
1,4245,22373.47180873265
1,4246,39986.475933125635
1,4247,57775.61009879127
1,4248,75742.63560612794
1,4249,93889.33136854655
1,4250,112217.49408859511
1,4251,130728.93843584825
1,4252,148745.05510201133
1,4253,159370.17887507426
1,4254,160293.33653405422
1,4255,148956.78736910102
1,4256,133057.08583640124
1,4257,116998.3872883745
1,4258,100779.10175486753
1,4259,84397.6233660255
1,4260,67852.33019329507
1,4261,51141.584088837364
1,4262,34263.7305233351
1,4263,17217.098422177827
1,4264,9.004220534967265e-09
1,4265,1.7145823857740911e-07
1,4266,1.7150307416612847e-07
1,4267,14650.904467732644
1,4268,32186.682918629474
1,4269,49897.81915412143
1,4270,67786.06675199703
1,4271,85853.19682586574
1,4272,104100.99820048177
1,4273,122531.27758884951
1,4274,140569.39919888065
1,4275,159364.36259723967
1,4276,178085.86416673742
1,4277,190349.7311548527
1,4278,195517.96186044655
1,4279,190040.67955756764
1,4280,178221.2282377203
1,4281,162614.17111370678
1,4282,146851.04341845313
1,4283,130930.28444624697
1,4284,114850.31788431879
1,4285,98609.55165677133
1,4286,82206.37776694843
1,4287,65639.17213822731
1,4288,54277.60487530972
1,4289,64488.67498586969
1,4290,82522.8311421127
1,4291,100737.32885991845
1,4292,119133.97155490253
1,4293,137714.58067683672
1,4294,156480.9958899905
1,4295,175435.07525527605
1,4296,194578.6954142147
1,4297,213913.75177474288
1,4298,233442.15869887653
1,4299,253165.8496922517
1,4300,273086.7775955608
1,4301,293206.9147779
1,4302,313528.2533320658
1,4303,334052.80527177354
1,4304,348375.83529093943
1,4305,347831.7179175099
1,4306,336727.2518315771
1,4307,322705.25494350266
1,4308,308543.0380865476
1,4309,294239.19906102295
1,4310,279792.32164524315
1,4311,265200.97545530554
1,4312,254947.1579144607
1,4313,272883.8195476337
1,4314,293001.9271494981
1,4315,313321.21582738124
1,4316,333843.6973920433
1,4317,354571.40377235203
1,4318,375506.387216464
1,4319,396650.720495017
1,4320,418006.4971063557
1,4321,433679.9283709803
1,4322,443880.88038263033
1,4323,450785.9370666765
1,4324,454465.3612991449
1,4325,455318.5824027566
1,4326,450605.47378526756
1,4327,437722.25911673065
1,4328,424710.21230150847
1,4329,411568.045018134
1,4330,398294.45606192586
1,4331,384888.13121615566
1,4332,371347.7431219278
1,4333,357671.9511467577
1,4334,343859.4012518359
1,4335,329908.7258579649
1,4336,315818.5437101553
1,4337,301587.45974103874
1,4338,287214.0649324075
1,4339,286722.26406733936
1,4340,306978.75611405086
1,4341,327437.81308140594
1,4342,345329.17108016793
1,4343,350939.4108261618
1,4344,346418.22648033325
1,4345,337863.6219090774
1,4346,326382.8208990558
1,4347,314770.7794645938
1,4348,305619.24464751966
1,4349,292363.6697619855
1,4350,277898.0370532166
1,4351,263287.74801736
1,4352,248531.3560911449
1,4353,233627.40024566773
1,4354,218574.40484173576
1,4355,203370.87948376453
1,4356,188015.31887221363
1,4357,172506.2026545473
1,4358,156841.9952747043
1,4359,141021.14582106294
1,4360,125042.0878728852
1,4361,108903.23934566263
1,4362,102722.50725109086
1,4363,121139.00172954869
1,4364,139739.6611530129
1,4365,158526.32717078563
1,4366,177500.85984877308
1,4367,194952.474829892
1,4368,204533.35264099325
1,4369,212196.97174645364
1,4370,221812.01656590053
1,4371,233133.60558894638
1,4372,247886.3129183479
1,4373,264572.613672762
1,4374,280366.0497045071
1,4375,294075.30775313085
1,4376,302649.8786190386
1,4377,300581.61212095583
1,4378,292236.3265942997
1,4379,277769.420453984
1,4380,263157.8452523106
1,4381,248400.15429871166
1,4382,233494.8864358501
1,4383,237036.73960565028
1,4384,256796.37640755015
1,4385,276753.60957774235
1,4386,296910.41507987375
1,4387,317268.78863702895
1,4388,337830.7459297579
1,4389,358598.322795416
1,4390,379573.5754297324
1,4391,400758.5805903934
1,4392,420015.50416761776
1,4393,438109.53764877253
1,4394,455086.3984063145
1,4395,473411.7356528269
1,4396,492686.6995604348
1,4397,511040.086593287
1,4398,527062.10501049
1,4399,535563.0309112411
1,4400,533025.9438547719
1,4401,520966.9338870392
1,4402,508787.33381965227
1,4403,496485.9377516262
1,4404,484061.5277229777
1,4405,471512.8735941583
1,4406,458838.7329243979
1,4407,467192.96995214134
1,4408,489254.16905735806
1,4409,511535.9801543221
1,4410,534040.6093622558
1,4411,556770.2848622688
1,4412,579727.2571172819
1,4413,602913.7990948453
1,4414,626332.2064921842
1,4415,649984.7979634965
1,4416,673873.915349522
1,4417,698001.9239094077
1,4418,719137.0974443974
1,4419,739329.6436473908
1,4420,759238.1830937243
1,4421,774032.3135670827
1,4422,778421.3354438371
1,4423,768816.2793918909
1,4424,759115.1727794252
1,4425,749317.055100835
1,4426,739420.956245459
1,4427,729425.8964015293
1,4428,719330.8859591605
1,4429,709134.925412368
1,4430,698837.0052601077
1,4431,688436.1059063248
1,4432,677931.1975590042
1,4433,667321.2401286553
1,4434,656605.1831244616
1,4435,656380.2706407683
1,4436,680333.3427526469
1,4437,704525.9455861029
1,4438,728960.4744480458
1,4439,743417.4130543687
1,4440,747857.0204049748
1,4441,743396.621692677
1,4442,734155.8026353427
1,4443,724108.0912553134
1,4444,713959.9027614838
1,4445,703710.232382716
1,4446,693358.0653001607
1,4447,682902.3765467798
1,4448,672342.1309058652
1,4449,661676.2828085418
1,4450,650903.7762302451
1,4451,640023.5445861657
1,4452,629034.5106256454
1,4453,617935.5863255201
1,4454,606725.6727823935
1,4455,595403.660103836
1,4456,583968.4272984929
1,4457,572418.8421650964
1,4458,560753.7611803662
1,4459,548972.0293861711
1,4460,537072.4802742342
1,4461,525053.9356717782
1,4462,527982.8838308012
1,4463,529068.261752351
1,4464,523611.461187002
1,4465,513697.6874088056
1,4466,502919.42237103364
1,4467,490559.34718836384
1,4468,478075.67125386745
1,4469,465467.15856002626
1,4470,452732.5607392467
1,4471,439870.6169402596
1,4472,426880.0537032827
1,4473,413759.5848339361
1,4474,400507.9112758963
1,4475,387123.72098227614
1,4476,373605.6887857199
1,4477,359952.4762671983
1,4478,346162.73162349156
1,4479,332235.0895333479
1,4480,318168.17102230294
1,4481,303960.5833261477
1,4482,289610.9197535115
1,4483,275117.7595454005
1,4484,260479.6677359623
1,4485,254877.80879561073
1,4486,268668.68081414886
1,4487,273078.89046105964
1,4488,266214.4053670495
1,4489,253030.54799732857
1,4490,238171.5840710432
1,4491,223164.03050550743
1,4492,208873.1668196723
1,4493,193572.6290814926
1,4494,178119.08596593127
1,4495,162511.00741921447
1,4496,146746.84808703064
1,4497,130825.04716152517
1,4498,114744.02822676483
1,4499,98502.19910265703
1,4500,82097.95168730833
1,4501,65529.66179780632
1,4502,48795.689009409456
1,4503,31894.376493128806
1,4504,14824.050851685532
1,4505,1.871423393521902e-09
1,4506,1.714565330716096e-07
1,4507,1.7148401581796712e-07
1,4508,1.714866146185635e-07
1,4509,1.714883389963926e-07
1,4510,1.7149362934544337e-07
1,4511,1.7150174507540102e-07
1,4512,1.7149222176498385e-07
1,4513,1.7148019251678084e-07
1,4514,1.7147833318483787e-07
1,4515,1.7148307126379917e-07
1,4516,59.65978267172342
1,4517,16292.437168113476
1,4518,33844.630946100166
1,4519,51427.50829673663
1,4520,64180.26051189676
1,4521,65300.938422079395
1,4522,58487.83909103061
1,4523,45112.8307217096
1,4524,28174.689622607133
1,4525,11082.412908660704
1,4526,4.5936494362096725e-07
1,4527,1.5594305952610835e-08
1,4528,1.7147872401573308e-07
1,4529,1.7148260816126108e-07
1,4530,1.714844126056046e-07
1,4531,1.71485472833221e-07
1,4532,1.7148882654481655e-07
1,4533,1.714889037167009e-07
1,4534,1.714902260796015e-07
1,4535,1.7148900226029713e-07
1,4536,1.7148817316658613e-07
1,4537,1.7148775859082309e-07
1,4538,1.714871603842802e-07
1,4539,1.7148691778507232e-07
1,4540,1.7148725705087853e-07
1,4541,1.7148746160895582e-07
1,4542,538.5683941791573
1,4543,17933.223484340335
1,4544,35501.82512548937
1,4545,49662.503413354876
1,4546,53503.0274537366
1,4547,54074.12182451329
1,4548,45256.18419320133
1,4549,28836.37996291978
1,4550,11735.474356229319
1,4551,1.7938663413720148e-08
1,4552,1.7068276968870764e-07
1,4553,1.7148126786085895e-07
1,4554,1.7148241546918025e-07
1,4555,1.7148469235887592e-07
1,4556,1.7148819024068325e-07
1,4557,1.7148913802233134e-07
1,4558,1.7149049169124441e-07
1,4559,1.7149069725738578e-07
1,4560,2333.438263518578
1,4561,19746.04205237323
1,4562,37332.77187920261
1,4563,55095.36900432901
1,4564,73035.59210072104
1,4565,91155.21742808561
1,4566,105936.85535446799
1,4567,113990.2362906346
1,4568,115703.47095774217
1,4569,106262.04107191342
1,4570,89935.39207627255
1,4571,73445.476590682
1,4572,56790.661950245645
1,4573,39969.29916342176
1,4574,22979.722748763328
1,4575,5820.250570059346
1,4576,1.0910614332026685e-08
1,4577,1.7146316464762166e-07
1,4578,1.7149938084522437e-07
1,4579,13913.42914470723
1,4580,31441.83284237381
1,4581,49145.52057710322
1,4582,67026.24518920862
1,4583,85085.77704744946
1,4584,103325.90422428132
1,4585,121748.43267288723
1,4586,140355.18640598332
1,4587,157912.67169097028
1,4588,170284.9031121255
1,4589,175847.17945791918
1,4590,173550.66578748633
1,4591,158547.58473067623
1,4592,142743.79117159222
1,4593,126781.95967691745
1,4594,110660.50986729591
1,4595,94377.84555957819
1,4596,77932.35460878331
1,4597,61322.408748480506
1,4598,44546.36342957469
1,4599,27602.557657479836
1,4600,10489.313827664055
1,4601,8.300352669697277e-09
1,4602,1.7147893077552683e-07
1,4603,1.7154638169269293e-07
1,4604,16465.46329964604
1,4605,34019.38733886204
1,4606,51748.85061855634
1,4607,69655.60853107629
1,4608,87741.43402273579
1,4609,106008.11776932051
1,4610,124447.75180543048
1,4611,142776.4321938396
1,4612,159917.12986790336
1,4613,171031.92478692534
1,4614,167375.5910765038
1,4615,151660.07758087807
1,4616,135787.4089502961
1,4617,119756.01363340832
1,4618,103564.3043633517
1,4619,87210.67800059452
1,4620,70693.51537420978
1,4621,54011.18112156121
1,4622,37162.02352638618
1,4623,20144.374355259424
1,4624,2956.5486924214188
1,4625,8.636059150498115e-09
1,4626,1.7148125123673283e-07
1,4627,1.714856609383406e-07
1,4628,1.7148763335557882e-07
1,4629,1.7149141282992515e-07
1,4630,5421.939450210867
1,4631,22865.428250932455
1,4632,40483.35193974744
1,4633,58277.45486547929
1,4634,76249.49882048283
1,4635,94401.26321504502
1,4636,112734.54525355858
1,4637,131251.16011246137
1,4638,144872.12205674784
1,4639,142298.33266708444
1,4640,126332.0465873645
1,4641,110206.09764684737
1,4642,93918.88921692509
1,4643,77468.80870270361
1,4644,60854.227383339916
1,4645,44073.500250782614
1,4646,27124.96584689976
1,4647,10006.946098978093
1,4648,9.856669254322434e-09
1,4649,1.7147731196394248e-07
1,4650,1.7148303492529968e-07
1,4651,1.7148608485556245e-07
1,4652,1.7148836899854355e-07
1,4653,1.7148894335247602e-07
1,4654,1.7148993774682153e-07
1,4655,1.7148939077086416e-07
1,4656,1.7148875696264558e-07
1,4657,1.7149126717034484e-07
1,4658,3248.630687643535
1,4659,20670.386400739426
1,4660,38266.35967105247
1,4661,56038.29267409738
1,4662,70478.4736963523
1,4663,76463.57079709606
1,4664,67852.33019318883
1,4665,51141.58408878043
1,4666,34263.73052334854
1,4667,17217.098422308845
1,4668,4.630812889927613e-07
1,4669,1.905353431635537e-07
1,4670,1.5588901734374792e-08
1,4671,1.714628012893253e-07
1,4672,1.7148160687992784e-07
1,4673,1.7147728065166875e-07
1,4674,1.7147501454916128e-07
1,4675,1.7149529965093885e-07
1,4676,1.714957640531372e-07
1,4677,1.714904788918041e-07
1,4678,1.7149040893170734e-07
1,4679,1.7148940166216288e-07
1,4680,1.7148841444133262e-07
1,4681,1.7148756234751936e-07
1,4682,1.7148698903959804e-07
1,4683,1.7148633143875252e-07
1,4684,1.7148603962489754e-07
1,4685,1.7148611582560778e-07
1,4686,1.714848281019366e-07
1,4687,1.7148564401649256e-07
1,4688,1.7148840988757508e-07
1,4689,1.7148834218042334e-07
1,4690,1.7148941389936306e-07
1,4691,1.7149214536651513e-07
1,4692,1.714979878367131e-07
1,4693,1.714889480201019e-07
1,4694,1.714789068552622e-07
1,4695,1.714807329394408e-07
1,4696,1.714828700967539e-07
1,4697,1.7148030626934832e-07
1,4698,1.714597778471245e-07
1,4699,1.7148254087819502e-07
1,4700,1.7150591572910514e-07
1,4701,1.7149791310577442e-07
1,4702,1.7149387878068146e-07
1,4703,1.7148974510019588e-07
1,4704,1.7148833629857235e-07
1,4705,1.7148734728062278e-07
1,4706,1.71487174253557e-07
1,4707,1.714868111792674e-07
1,4708,1.7148707470655876e-07
1,4709,1.714862844474246e-07
1,4710,1.7148594332969266e-07
1,4711,1.7148711665030216e-07
1,4712,1.7148803565765827e-07
1,4713,1.7148793301577782e-07
1,4714,1.7148835018061565e-07
1,4715,1.7148922203103194e-07
1,4716,1.7148802145124879e-07
1,4717,1.7148660716817012e-07
1,4718,1.7148495479884802e-07
1,4719,1.714851911972326e-07
1,4720,1.7148325696198993e-07
1,4721,1.7147801851573005e-07
1,4722,1.714683633523425e-07
1,4723,1.7148057017884804e-07
1,4724,1.7150574472087803e-07
1,4725,1.714976397020247e-07
1,4726,1.714931286222012e-07
1,4727,1.7148967738670156e-07
1,4728,1.7148836162493878e-07
1,4729,1.7148774188500233e-07
1,4730,1.7148720566335473e-07
1,4731,1.7148683667129994e-07
1,4732,1.714898912092051e-07
1,4733,2863.545336239634
1,4734,20281.45019582149
1,4735,37873.53410408534
1,4736,46463.33519277027
1,4737,39820.9017222802
1,4738,28653.34282701847
1,4739,18814.188283847056
1,4740,7777.452295834704
1,4741,35.043212380943864
1,4742,1.79466152883932e-08
1,4743,1.714789378054395e-07
1,4744,1.714819105914109e-07
1,4745,1.7147994458690326e-07
1,4746,1.7145642777701168e-07
1,4747,1.7148521279863275e-07
1,4748,1.7150574431275723e-07
1,4749,1.7149927882250467e-07
1,4750,1.715022622318955e-07
1,4751,9903.072705351236
1,4752,27391.37283862424
1,4753,45054.55597331614
1,4754,62894.37093938368
1,4755,80912.58405512627
1,4756,99110.97930203489
1,4757,117491.35850141833
1,4758,132398.12434443712
1,4759,126531.28439302457
1,4760,110407.327830564
1,4761,94122.13170247883
1,4762,77674.08361311283
1,4763,61061.55504285319
1,4764,44282.90118689099
1,4765,27336.460792369173
1,4766,10220.555993902162
1,4767,1.091058793390607e-08
1,4768,1.714444553403791e-07
1,4769,1.7148116935995317e-07
1,4770,1.7148340973754147e-07
1,4771,1.714859242975535e-07
1,4772,1.714876288041523e-07
1,4773,1.7149901281556163e-07
1,4774,11475.692459601123
1,4775,28979.71879041663
1,4776,46658.785384626455
1,4777,64514.6426448071
1,4778,82549.05847760392
1,4779,100763.81846873731
1,4780,119160.72605978779
1,4781,137741.60272675287
1,4782,147809.63907689275
1,4783,139803.1528343471
1,4784,123811.91495629978
1,4785,107660.764699472
1,4786,91348.10294007594
1,4787,74872.31456308598
1,4788,58231.76830232611
1,4789,41424.81657895867
1,4790,24449.79533835757
1,4791,7305.023885350484
1,4792,9.85665433992554e-09
1,4793,1.714773655654071e-07
1,4794,1.7148349055727823e-07
1,4795,1.7148530461423952e-07
1,4796,1.7148744054621442e-07
1,4797,1.71488553590821e-07
1,4798,1.7149019117197782e-07
1,4799,1.7148898276910679e-07
1,4800,1.7148860175872512e-07
1,4801,1.714974071770608e-07
1,4802,9475.68381493161
1,4803,26959.710059300407
1,4804,44618.576566199066
1,4805,62454.031738195445
1,4806,80467.84146192613
1,4807,95920.19014999943
1,4808,102487.88414258428
1,4809,96343.73204802904
1,4810,79917.89996215492
1,4811,63327.809555431835
1,4812,46571.818244657865
1,4813,29648.26702080885
1,4814,12555.480284819398
1,4815,1.9515566282795834e-07
1,4816,1.3057142856445701e-08
1,4817,1.7147822629321016e-07
1,4818,1.714839631840445e-07
1,4819,1.7148633883401422e-07
1,4820,1.7148801356506034e-07
1,4821,1.7149050893111605e-07
1,4822,2851.1142212613254
1,4823,20268.894769693405
1,4824,37860.853123696
1,4825,55628.731061267325
1,4826,73574.28777822874
1,4827,91699.30006236838
1,4828,110005.56246935517
1,4829,128494.88750041592
1,4830,143461.81961997176
1,4831,145298.2355774198
1,4832,129361.94852680319
1,4833,113266.29860568042
1,4834,97009.69218534647
1,4835,80590.51970080921
1,4836,64007.15549142657
1,4837,47257.95763995014
1,4838,30341.26780995896
1,4839,13255.411081667886
1,4840,9.856726235324856e-09
1,4841,1.7147157688413234e-07
1,4842,1.7148346434061918e-07
1,4843,1.7148641566001096e-07
1,4844,1.7148769640993114e-07
1,4845,1.7148839464371964e-07
1,4846,1.714989882191614e-07
1,4847,10583.033071733184
1,4848,28078.13280866999
1,4849,45748.18354306235
1,4850,63594.93478482735
1,4851,81620.15353902435
1,4852,99825.62448077195
1,4853,118213.15013194278
1,4854,134614.13337314475
1,4855,137921.41960718296
1,4856,124477.2328877606
1,4857,108332.7358102474
1,4858,92026.79376195908
1,4859,75557.79229318791
1,4860,58924.10080972905
1,4861,42124.07241143562
1,4862,25156.043729159275
1,4863,8018.334760060183
1,4864,1.0354172412861782e-08
1,4865,1.7147850096997587e-07
1,4866,1.7148360577357285e-07
1,4867,1.7148610666488547e-07
1,4868,1.714880078530225e-07
1,4869,1.7148834083831658e-07
1,4870,1.7148925610650334e-07
1,4871,1.7148893079665592e-07
1,4872,1.7149956668715324e-07
1,4873,11026.140429393727
1,4874,28525.671239907148
1,4875,46200.197358611884
1,4876,64051.468738532385
1,4877,82081.25283226646
1,4878,100291.33476694647
1,4879,115985.42056206687
1,4880,114921.14430881961
1,4881,98681.08634551697
1,4882,82278.62780258134
1,4883,65712.14467421634
1,4884,48979.99671456772
1,4885,32080.52727532264
1,4886,15012.063141685127
1,4887,1.2246213468899964e-08
1,4888,1.714246153302105e-07
1,4889,1.7148058463467824e-07
1,4890,1.7148247041763056e-07
1,4891,1.7148632656962767e-07
1,4892,1.7148862370078158e-07
1,4893,1.7148999333302666e-07
1,4894,1.7149032411177957e-07
1,4895,1.714895261350775e-07
1,4896,1.7148894840670129e-07
1,4897,1.714882356366077e-07
1,4898,1.7148714898942378e-07
1,4899,1.7150514212984865e-07
1,4900,12276.457195126388
1,4901,29788.491173297127
1,4902,47475.64549133575
1,4903,65339.671352583486
1,4904,80237.73971073555
1,4905,80070.78923491157
1,4906,67852.3301931871
1,4907,51141.58408877869
1,4908,34263.73052334681
1,4909,17217.09842230716
1,4910,4.6187886173045586e-07
1,4911,1.5590605337631588e-08
1,4912,1.713830973371739e-07
1,4913,1.7148176572600866e-07
1,4914,1.714848460173746e-07
1,4915,1.7148704105932012e-07
1,4916,1.714908598203285e-07
1,4917,5053.561872188102
1,4918,22493.366897129465
1,4919,40107.56997240641
1,4920,57897.91507846486
1,4921,75866.16363559825
1,4922,94014.09467831158
1,4923,110269.11262187535
1,4924,128180.67138992515
1,4925,144734.93690722823
1,4926,152998.74476955514
1,4927,148956.7873691015
1,4928,133057.08583640176
1,4929,116998.38728837502
1,4930,100779.10175486802
1,4931,84397.62336602599
1,4932,67852.33019329554
1,4933,51141.58408883782
1,4934,34263.73052333554
1,4935,17217.09842217825
1,4936,9.409112671175657e-09
1,4937,1.7144995080833783e-07
1,4938,1.7148265308612677e-07
1,4939,1.714861391462273e-07
1,4940,1.7148724957752716e-07
1,4941,1.7148770432444437e-07
1,4942,1.7149080449517214e-07
1,4943,2812.483171951987
1,4944,20229.877409890974
1,4945,37821.44559029554
1,4946,55588.92945253288
1,4947,73534.08815340695
1,4948,91442.03048361282
1,4949,103582.4159753742
1,4950,112261.75491254093
1,4951,124273.10270502076
1,4952,129950.02515290029
1,4953,116998.38728837615
1,4954,100779.10175486913
1,4955,84397.62336602707
1,4956,67852.33019329661
1,4957,51141.584088838856
1,4958,34263.73052333655
1,4959,17217.098422179224
1,4960,1.0354322524216877e-08
1,4961,1.7145976860562912e-07
1,4962,1.7150109580735392e-07
1,4963,14307.592907667511
1,4964,31839.93824296369
1,4965,49547.607031698986
1,4966,67432.35250835036
1,4967,85495.9454397826
1,4968,103740.17430053778
1,4969,116435.63023255316
1,4970,126190.08984355364
1,4971,137317.63345472232
1,4972,149743.30990176392
1,4973,161040.2747040934
1,4974,166660.50649435917
1,4975,164873.6744474865
1,4976,154269.10847788755
1,4977,138422.53015627572
1,4978,122417.48605144779
1,4979,106252.39150557158
1,4980,89925.64601423664
1,4981,73435.63306798837
1,4982,56780.719992277634
1,4983,39959.25778580981
1,4984,35682.329976418616
1,4985,51955.76007373204
1,4986,69864.58708085366
1,4987,87952.50235804681
1,4988,106221.29678801219
1,4989,124672.7791622775
1,4990,143308.7763602857
1,4991,162131.1335302742
1,4992,181141.71427196282
1,4993,195251.98141294645
1,4994,205585.67767457958
1,4995,213619.57433781144
1,4996,221655.08534804062
1,4997,229437.14141600844
1,4998,237722.15151315928
1,4999,244131.48991631635
1,5000,239280.35277135117
1,5001,224283.8868926745
1,5002,209137.45635521106
1,5003,193839.56151237304
1,5004,178388.68772110666
1,5005,162783.30519192762
1,5006,147021.86883745683
1,5007,131102.81811944136
1,5008,115024.5768945141
1,5009,110386.24942288223
1,5010,128879.38132322999
1,5011,147557.44454271742
1,5012,166422.28839444512
1,5013,185475.78068471266
1,5014,201626.43007645075
1,5015,212143.1687517872
1,5016,220819.18330787544
1,5017,227251.90871838774
1,5018,232800.3298362125
1,5019,237359.9403455739
1,5020,240485.5391063232
1,5021,240541.73144099588
1,5022,237295.77648086316
1,5023,222279.4648392822
1,5024,207112.9900812855
1,5025,191794.8505757088
1,5026,176323.52967507642
1,5027,160697.49556543774
1,5028,144915.20111470268
1,5029,128975.08371946032
1,5030,112875.56515026557
1,5031,96615.0513953789
1,5032,80191.93250294341
1,5033,63604.58242175475
1,5034,46851.35883993067
1,5035,55370.74551856434
1,5036,73313.72237978812
1,5037,91436.12900980053
1,5038,109739.75970617186
1,5039,126417.66915187529
1,5040,137476.7842990342
1,5041,145210.24973230134
1,5042,150553.35999058242
1,5043,156792.64125654954
1,5044,163334.56449893874
1,5045,168550.61780105685
1,5046,164699.06611432243
1,5047,148956.78736907695
1,5048,133057.08583637903
1,5049,116998.38728835416
1,5050,100779.10175484908
1,5051,84397.62336600898
1,5052,67852.33019328052
1,5053,51141.584088824835
1,5054,34263.73052332463
1,5055,17217.098422169467
1,5056,2.794713322447216e-09
1,5057,1.7140096763754685e-07
1,5058,1.7148301940215376e-07
1,5059,1.7148629785905967e-07
1,5060,1.7148763907886525e-07
1,5061,1.714884514201619e-07
1,5062,1.7151424719407185e-07
1,5063,14375.087866694152
1,5064,31908.108151580553
1,5065,49616.458639401964
1,5066,67177.13849195995
1,5067,84817.00969187301
1,5068,103054.44919514909
1,5069,121474.26309346368
1,5070,136983.82684688794
1,5071,138910.19786708316
1,5072,122910.03043936318
1,5073,106749.861337366
1,5074,90428.09054434887
1,5075,73943.10204340161
1,5076,57293.263657444884
1,5077,40476.926887628615
1,5078,23492.4267501142
1,5079,6338.081611224659
1,5080,1.0354109641852146e-08
1,5081,1.7147908623385533e-07
1,5082,1.7148372847509085e-07
1,5083,1.714870860612726e-07
1,5084,1.7148900808609487e-07
1,5085,1.7148942069926225e-07
1,5086,672.9445892911635
1,5087,18068.943441403488
1,5088,35638.902282123156
1,5089,53384.560711278755
1,5090,71307.67572474029
1,5091,89410.02188834504
1,5092,107693.3915135916
1,5093,126159.59483509473
1,5094,137428.5090383723
1,5095,129346.74731637553
1,5096,113250.94538314849
1,5097,96994.1854305892
1,5098,80574.85787850434
1,5099,63991.33705089864
1,5100,47241.98101501691
1,5101,30325.13141877637
1,5102,13239.113326573446
1,5103,1.0354567790155512e-08
1,5104,1.7144141371350577e-07
1,5105,1.7148190988594764e-07
1,5106,1.714844136492576e-07
1,5107,1.7148811521570896e-07
1,5108,1.714895785303672e-07
1,5109,1.714901560319012e-07
1,5110,1.714930306359933e-07
1,5111,1.7149486631712297e-07
1,5112,4.1798498043250963e-07
1,5113,6097.3187714371825
1,5114,11211.331054333159
1,5115,14965.293839784816
1,5116,17715.24963017751
1,5117,22388.89914320275
1,5118,24211.382301117806
1,5119,23620.05715003369
1,5120,19544.8719087388
1,5121,12184.786382544837
1,5122,3882.088575735362
1,5123,1.9057274879073337e-07
1,5124,1.905415547693006e-07
1,5125,1.9053735912885638e-07
1,5126,1.9044441620734952e-07
1,5127,1.5590735111186907e-08
1,5128,1.7147322116544176e-07
1,5129,1.7148203126566056e-07
1,5130,1.7148057149382265e-07
1,5131,1.7148489905437648e-07
1,5132,1.714909296006103e-07
1,5133,1.7149171489743245e-07
1,5134,1.7149014808735558e-07
1,5135,1.714888573471358e-07
1,5136,1.714878731239077e-07
1,5137,1.7148782814418138e-07
1,5138,1.7148742016887854e-07
1,5139,1.7148667906858217e-07
1,5140,1.7148622092480535e-07
1,5141,1.7148627548077447e-07
1,5142,1.7148685504570784e-07
1,5143,1.7148806208904356e-07
1,5144,1.714917768257324e-07
1,5145,1.7152188112111813e-07
1,5146,3739.708048982096
1,5147,5950.682699190376
1,5148,1718.398496881275
1,5149,4.351800486851134e-08
1,5150,1.7144429872564056e-07
1,5151,1.7148267931563362e-07
1,5152,1.7148313020780553e-07
1,5153,1.714836457124096e-07
1,5154,1.7148237714027532e-07
1,5155,1.7148653013403367e-07
1,5156,1.7148849569331368e-07
1,5157,1.7149039040399326e-07
1,5158,1.7148985026683083e-07
1,5159,1.7148908502441496e-07
1,5160,1.7148806144489195e-07
1,5161,1.7148756471083615e-07
1,5162,1.7148693372081138e-07
1,5163,1.714865055079263e-07
1,5164,1.714863937206379e-07
1,5165,1.7148675543688296e-07
1,5166,1.7148757914137733e-07
1,5167,1.7148967816361374e-07
1,5168,1.7149454044107807e-07
1,5169,1.7150952546552984e-07
1,5170,1.714932815171234e-07
1,5171,1.7154313854741152e-07
1,5172,1.7149863566718942e-07
1,5173,1.7140276311838443e-07
1,5174,1.7147793697028257e-07
1,5175,1.7148229412210182e-07
1,5176,1.7148251870241168e-07
1,5177,1.7147975611179968e-07
1,5178,1.714705516982825e-07
1,5179,1.7149369194638235e-07
1,5180,1.7149509436032036e-07
1,5181,1.714938376683585e-07
1,5182,1.7149013694482012e-07
1,5183,1.714922004140073e-07
1,5184,4019.2009551674
1,5185,21448.662370938542
1,5186,39052.418400953575
1,5187,56832.211991297496
1,5188,74789.80351755921
1,5189,92926.97095909216
1,5190,111245.5100750462
1,5191,124381.7957015887
1,5192,121245.77454046834
1,5193,105068.9628794822
1,5194,88730.38310188623
1,5195,72228.41752651431
1,5196,55561.432295388695
1,5197,38727.77721195184
1,5198,21725.785577680635
1,5199,4553.774027066743
1,5200,1.0910477860390623e-08
1,5201,1.714803627261678e-07
1,5202,1.715027873745961e-07
1,5203,14329.966569507986
1,5204,31862.53564142257
1,5205,49570.43040414246
1,5206,67455.40411451829
1,5207,85519.22756201221
1,5208,103763.68924398968
1,5209,118463.17689487925
1,5210,128830.8911573182
1,5211,136596.08111951276
1,5212,144237.75958002752
1,5213,150200.09369262433
1,5214,149872.34841690006
1,5215,139144.35940344978
1,5216,123146.53359109352
1,5217,106988.72952061374
1,5218,90669.34740942917
1,5219,74186.77147713279
1,5220,57539.36978551345
1,5221,40725.49407697794
1,5222,23743.479611357092
1,5223,6591.645001080062
1,5224,8.636153138434378e-09
1,5225,1.71479549534694e-07
1,5226,1.7148454595241583e-07
1,5227,1.7148749324990544e-07
1,5228,1.714886325472479e-07
1,5229,1.714900314292076e-07
1,5230,1.7149037795185e-07
1,5231,1.7151999612928103e-07
1,5232,13307.60768564927
1,5233,30726.689545263445
1,5234,46330.414245407315
1,5235,62381.24787406557
1,5236,80394.32975915496
1,5237,98587.54246310388
1,5238,115879.19441291146
1,5239,123632.80720059044
1,5240,116998.38728837753
1,5241,100779.1017548705
1,5242,84397.62336602839
1,5243,67852.33019329791
1,5244,51141.584088840114
1,5245,34263.73052333778
1,5246,17217.098422180436
1,5247,1.1536581991719987e-08
1,5248,1.714069559038804e-07
1,5249,1.714809501783196e-07
1,5250,1.714849189240076e-07
1,5251,1.7148806200686104e-07
1,5252,1.714891879225737e-07
1,5253,1.7149240566722082e-07
1,5254,4652.1136597159
1,5255,22087.904202532533
1,5256,39698.05265086351
1,5257,57484.30258370652
1,5258,75448.41501589233
1,5259,93592.16857240863
1,5260,111917.35966449582
1,5261,130425.80266750799
1,5262,145374.04517360672
1,5263,142430.20359314093
1,5264,126465.23622268155
1,5265,110340.61917851759
1,5266,94054.75596391202
1,5267,77606.0341171604
1,5268,60992.825051941276
1,5269,44213.483896069985
1,5270,27266.349328640008
1,5271,10149.743415535744
1,5272,9.856674189360001e-09
1,5273,1.7147831330726498e-07
1,5274,1.7148483415034815e-07
1,5275,1.7148747834646238e-07
1,5276,1.714879509267977e-07
1,5277,1.7148980345230917e-07
1,5278,2263.932986795412
1,5279,19675.84172288283
1,5280,37261.869546417314
1,5281,55023.75764821586
1,5282,72963.26463104677
1,5283,91082.16668371459
1,5284,109382.25775691484
1,5285,127865.34974085119
1,5286,143123.2287743933
1,5287,140090.45416149462
1,5288,124102.08929671878
1,5289,107953.84078329519
1,5290,91644.10978473739
1,5291,75171.28147619402
1,5292,58533.724884565236
1,5293,41729.79272702019
1,5294,24757.821247899712
1,5295,7616.130053988046
1,5296,9.856714777051087e-09
1,5297,1.714784242558959e-07
1,5298,1.7148428197469269e-07
1,5299,1.7148743229196644e-07
1,5300,1.7148807250218201e-07
1,5301,1.7148901970885058e-07
1,5302,1.7148852484021883e-07
1,5303,1.7148813711222893e-07
1,5304,1.7148813157466633e-07
1,5305,1.714876248754102e-07
1,5306,1.7148697397154598e-07
1,5307,4.1815948866134054e-07
1,5308,17389.269406521387
1,5309,34952.43150686995
1,5310,52691.2252282639
1,5311,70607.40688689034
1,5312,82565.86685957639
1,5313,79146.48431206991
1,5314,63750.6260770388
1,5315,46998.86293147939
1,5316,30079.58215449628
1,5317,12991.108569839073
1,5318,1.9055151637438201e-07
1,5319,1.5590026504080673e-08
1,5320,1.7145178335617743e-07
1,5321,1.714825137982129e-07
1,5322,1.7148575242155809e-07
1,5323,1.7148810080663498e-07
1,5324,1.7148842277594709e-07
1,5325,1.7148971662606528e-07
1,5326,1.7149075991389011e-07
1,5327,1.7150173233694706e-07
1,5328,7102.650222496609
1,5329,24562.946130940723
1,5330,40858.69486209048
1,5331,56901.61795672853
1,5332,73753.90061879304
1,5333,91880.70903133831
1,5334,107786.72727183174
1,5335,118413.14649440661
1,5336,115627.235402763
1,5337,99394.23835039981
1,5338,82998.91132751301
1,5339,66439.63103439735
1,5340,49714.75793835057
1,5341,32822.63611134334
1,5342,15761.593066066045
1,5343,1.1536591179162799e-08
1,5344,1.714276862006456e-07
1,5345,1.7148246030083167e-07
1,5346,1.7148698745942758e-07
1,5347,1.7148884626588486e-07
1,5348,1.7172342299911266e-07
1,5349,17049.579548888734
1,5350,34609.34475059728
1,5351,49673.5747287713
1,5352,60261.88395904357
1,5353,68172.07658184017
1,5354,75861.69802312904
1,5355,82549.10445582058
1,5356,92515.6109834273
1,5357,105282.07079795017
1,5358,117083.18339245972
1,5359,125547.57502842507
1,5360,121414.65747085039
1,5361,105239.53463916814
1,5362,88902.66057916907
1,5363,72402.41777857004
1,5364,55737.17254996505
1,5365,38905.274869074026
1,5366,21905.058211374104
1,5367,4734.839387097201
1,5368,9.408458092250617e-09
1,5369,1.7147938136352582e-07
1,5370,1.7148673641149297e-07
1,5371,1.7149033591952727e-07
1,5372,1.7148874899836747e-07
1,5373,1.7149216157181396e-07
1,5374,1.71497432315535e-07
1,5375,1.7151483149336374e-07
1,5376,1.7151360232341324e-07
1,5377,1.7146831927684078e-07
1,5378,1.7146435337097644e-07
1,5379,1.7147109234233655e-07
1,5380,1.7148376729494963e-07
1,5381,1.7148440005076027e-07
1,5382,1.7149951469938801e-07
1,5383,8633.520876951903
1,5384,22975.355561224267
1,5385,27533.576841180056
1,5386,25967.09106680045
1,5387,20081.471504022677
1,5388,8723.71980564212
1,5389,2.523651064431496e-08
1,5390,1.714500664522418e-07
1,5391,1.714827462722735e-07
1,5392,1.714840958467784e-07
1,5393,1.7148420921093044e-07
1,5394,1.7148651350440522e-07
1,5395,1.714896425541589e-07
1,5396,1.714881032264387e-07
1,5397,1.7148881692222412e-07
1,5398,1.7148964996568363e-07
1,5399,1.7149021492093852e-07
1,5400,1.7148947826156136e-07
1,5401,1.7149128758042363e-07
1,5402,1.7148572846741213e-07
1,5403,1.7148309765918895e-07
1,5404,1.7148395974576837e-07
1,5405,1.7148410259761743e-07
1,5406,1.7148509598758515e-07
1,5407,1.7148747376169666e-07
1,5408,1.7148941202840958e-07
1,5409,1.7149112659331457e-07
1,5410,1.7150412589590379e-07
1,5411,2966.4454536229255
1,5412,3168.6829375102143
1,5413,5.777071263753222e-08
1,5414,1.712021819410116e-07
1,5415,1.7147321609931737e-07
1,5416,1.7148229121719894e-07
1,5417,1.7148055558903756e-07
1,5418,1.714805651413466e-07
1,5419,1.7149342212944446e-07
1,5420,1.7148977773712073e-07
1,5421,1.7149027403416174e-07
1,5422,1.714893035099094e-07
1,5423,1.714880450699426e-07
1,5424,1.71488169718254e-07
1,5425,1.7150651092975172e-07
1,5426,13248.444955698134
1,5427,30770.19881147461
1,5428,48467.17020589502
1,5429,66341.11131428836
1,5430,84393.79183377996
1,5431,96583.41006277103
1,5432,98840.40827413798
1,5433,87138.09201276467
1,5434,70620.2035265379
1,5435,53937.13615545864
1,5436,37087.23811068494
1,5437,20068.8410854962
1,5438,2880.2600901536484
1,5439,1.305732246750873e-08
1,5440,1.714484875554249e-07
1,5441,1.714812136242958e-07
1,5442,1.7148406379591903e-07
1,5443,1.7148660102630033e-07
1,5444,1.7148812055196232e-07
1,5445,1.714905841290477e-07
1,5446,1540.9499517265842
1,5447,18945.6288574633
1,5448,36524.35455234358
1,5449,54278.86750420139
1,5450,72210.92558559215
1,5451,90322.30424780543
1,5452,108614.79669664659
1,5453,127090.21406998028
1,5454,143303.67487550908
1,5455,144073.43985651227
1,5456,128124.90484868661
1,5457,112016.8844907827
1,5458,95747.78392929978
1,5459,79315.99236220204
1,5460,62719.88287943333
1,5461,45957.812301836966
1,5462,29028.121018464655
1,5463,11929.132822258642
1,5464,9.856733176243169e-09
1,5465,1.714772447182814e-07
1,5466,1.7148171238835753e-07
1,5467,1.7148902215264228e-07
1,5468,1.7149023582980452e-07
1,5469,1.7148987573463144e-07
1,5470,1.7148935206232584e-07
1,5471,1.714886739328169e-07
1,5472,1.714879215838688e-07
1,5473,1.7148673846096034e-07
1,5474,1.714875856665939e-07
1,5475,1.714870730867065e-07
1,5476,1.7148564074344883e-07
1,5477,1.714867204574851e-07
1,5478,1.7148715617500078e-07
1,5479,1.7148748692076684e-07
1,5480,1.7149023615590543e-07
1,5481,1.7149071616167039e-07
1,5482,521.8243583615524
1,5483,6739.483712695359
1,5484,3572.3198642524117
1,5485,4.3521414180955516e-08
1,5486,1.7147221608476595e-07
1,5487,1.7148123081234257e-07
1,5488,1.7148234388744232e-07
1,5489,1.714818771921835e-07
1,5490,1.7148562473837505e-07
1,5491,1.7149068955740906e-07
1,5492,1.7148911087144238e-07
1,5493,1.7149038493397646e-07
1,5494,1.7149016175190793e-07
1,5495,1.7149016974307425e-07
1,5496,1.7148692004452255e-07
1,5497,1.714871499012107e-07
1,5498,1.7148662654039638e-07
1,5499,1.7148570654850338e-07
1,5500,1.7148531281931893e-07
1,5501,1.714860889680226e-07
1,5502,1.715164332573597e-07
1,5503,15165.132230431693
1,5504,32706.052958955483
1,5505,37709.577371882675
1,5506,34389.729097228745
1,5507,27939.395087993664
1,5508,17930.202518947848
1,5509,6223.698519919586
1,5510,2.2190730724126366e-08
1,5511,1.7142924590326223e-07
1,5512,1.7147984380166481e-07
1,5513,1.7145198677272536e-07
1,5514,1.7147937579124165e-07
1,5515,1.7149336621404845e-07
1,5516,1.715054971999886e-07
1,5517,1.715031383017014e-07
1,5518,1.71491389474313e-07
1,5519,1.7148906050005997e-07
1,5520,1.714898161456061e-07
1,5521,2714.944368807213
1,5522,20131.36321871475
1,5523,37721.94625720755
1,5524,55488.43512611401
1,5525,73432.58888372389
1,5526,91556.1841789185
1,5527,109861.01542707077
1,5528,110854.42695068714
1,5529,94573.70181380317
1,5530,78130.16942555038
1,5531,61522.20171341509
1,5532,44748.15432415846
1,5533,27806.366461009286
1,5534,10695.160719228634
1,5535,1.2246068785416698e-08
1,5536,1.7147157364293705e-07
1,5537,1.714749969583605e-07
1,5538,1.7148274486796064e-07
1,5539,1.7148778834740223e-07
1,5540,1.7148942668535928e-07
1,5541,1.7149575986898417e-07
1,5542,1.7149112798697515e-07
1,5543,1.7148964936533379e-07
1,5544,1.7148846858614517e-07
1,5545,1.7148794906671335e-07
1,5546,1.714870520404721e-07
1,5547,1.7149422049448065e-07
1,5548,8818.732670556805
1,5549,26296.189403481858
1,5550,43948.42070382234
1,5551,61777.17431719494
1,5552,79784.21546671564
1,5553,84397.62336587992
1,5554,67852.33019318685
1,5555,51141.58408877844
1,5556,34263.73052334657
1,5557,17217.09842230693
1,5558,4.6173139766118e-07
1,5559,1.5589988497336247e-08
1,5560,1.714780081282872e-07
1,5561,1.7147902437301987e-07
1,5562,1.7148591992499325e-07
1,5563,1.714901365586544e-07
1,5564,1.7149146060529388e-07
1,5565,1.7149170821259422e-07
1,5566,1.7149180659247593e-07
1,5567,1.7149459004105064e-07
1,5568,1.714988073971428e-07
1,5569,1.7150649779591634e-07
1,5570,480.4069672349916
1,5571,10168.425203226898
1,5572,23322.45887140681
1,5573,38243.734968670346
1,5574,52451.299499855086
1,5575,64277.002295040686
1,5576,66218.86732714357
1,5577,51141.5840887852
1,5578,34263.730523353304
1,5579,17217.09842231351
1,5580,4.668371150562205e-07
1,5581,1.9054261672537924e-07
1,5582,1.9010998755114063e-07
1,5583,1.5592405354347536e-08
1,5584,17201.861973382933
1,5585,34763.14999933661
1,5586,52500.050905635726
1,5587,70414.3208210265
1,5588,88507.73343558554
1,5589,106782.08017629877
1,5590,125239.17038442487
1,5591,143880.8314946363
1,5592,153800.4789083602
1,5593,158935.1091641042
1,5594,161243.48485877496
1,5595,158888.25916885203
1,5596,157499.984587116
1,5597,159436.155427811
1,5598,159313.72632200227
1,5599,153424.8443218566
1,5600,145795.5576770633
1,5601,137910.3157107775
1,5602,124133.73914967694
1,5603,111534.249095419
1,5604,95260.32218003413
1,5605,78823.65599551363
1,5606,62222.6231491844
1,5607,45455.5799745013
1,5608,48055.04089597887
1,5609,65924.86071111145
1,5610,83973.37872460774
1,5611,102202.38191823923
1,5612,120613.67514380725
1,5613,139209.08130163117
1,5614,157990.44152103356
1,5615,176959.6153426301
1,5616,196118.48090244283
1,5617,214343.1855094384
1,5618,229082.35914036204
1,5619,240113.69396392824
1,5620,248313.310013007
1,5621,250661.49148833757
1,5622,247071.81679434545
1,5623,232153.26555589872
1,5624,217085.5288050676
1,5625,201867.1146867281
1,5626,186496.5164272053
1,5627,170972.21218508732
1,5628,155292.66490054817
1,5629,139456.32214316362
1,5630,123461.61595820528
1,5631,107306.96271139737
1,5632,90990.76293212142
1,5633,74511.40115519149
1,5634,57867.24576063556
1,5635,51719.71579886431
1,5636,69626.18236295792
1,5637,87711.7135928356
1,5638,104031.40375273427
1,5639,111957.72481488083
1,5640,114895.63664682012
1,5641,114423.0965880168
1,5642,112426.16340256744
1,5643,113160.0423933531
1,5644,115841.11413224651
1,5645,123307.64447311159
1,5646,130801.89400205162
1,5647,132586.61385613092
1,5648,123255.85564563752
1,5649,107099.14479570447
1,5650,90780.86683727213
1,5651,74299.4060992555
1,5652,57653.130753858735
1,5653,40840.392655008036
1,5654,23859.52717516886
1,5655,6708.853040531333
1,5656,3.2882873902746705e-09
1,5657,8406.754674024862
1,5658,25880.09162698463
1,5659,43528.16194956015
1,5660,61352.71297539014
1,5661,79355.50951149278
1,5662,97538.33401296508
1,5663,115902.98675945784
1,5664,134451.2860334196
1,5665,150095.43083966375
1,5666,165040.13521669668
1,5667,180565.10002550716
1,5668,199760.0204316888
1,5669,219146.89004238317
1,5670,238727.62834918557
1,5671,251434.1261815882
1,5672,246537.03765853524
1,5673,231613.13862879627
1,5674,216540.00060879457
1,5675,201316.13120869698
1,5676,190294.71315112573
1,5677,209586.9296888204
1,5678,229072.06839199614
1,5679,248752.05848223835
1,5680,268628.84847344505
1,5681,288704.4063645641
1,5682,308980.71983459464
1,5683,329459.7964393258
1,5684,350143.6638101044
1,5685,371034.3698545911
1,5686,392133.98295952287
1,5687,411325.5741001259
1,5688,422448.08697350527
1,5689,430982.7191537434
1,5690,441234.0580610712
1,5691,453494.23288177897
1,5692,469454.9508212221
1,5693,489836.58782220155
1,5694,511233.40458316373
1,5695,526816.2050914774
1,5696,532512.5553480547
1,5697,527894.0682628825
1,5698,515783.7395391213
1,5699,503552.30752812244
1,5700,491198.5611970136
1,5701,478721.2774025937
1,5702,466119.2207702296
1,5703,453391.14357154194
1,5704,440535.7856008674
1,5705,427551.87405048613
1,5706,414438.123384601
1,5707,401193.2352120572
1,5708,387815.89815778786
1,5709,374304.7877329759
1,5710,360658.5662039159
1,5711,346875.8824595653
1,5712,332955.37187777116
1,5713,318895.65619015926
1,5714,304695.3433456712
1,5715,290353.02737273823
1,5716,275867.28824007604
1,5717,261236.69171608725
1,5718,246459.78922685864
1,5719,231535.1177127377
1,5720,216461.19948347562
1,5721,201236.54207192094
1,5722,185859.63808625075
1,5723,170328.9650607239
1,5724,154642.98530494177
1,5725,138800.14575160187
1,5726,122798.87780272862
1,5727,106637.59717436665
1,5728,90314.70373972111
1,5729,73828.58137090373
1,5730,57177.59777857817
1,5731,53706.31622153774
1,5732,64867.08529064597
1,5733,76335.31063944582
1,5734,78027.80035652348
1,5735,69428.19330422279
1,5736,55032.11479770452
1,5737,39815.49514711185
1,5738,24321.95018262812
1,5739,11310.176274165478
1,5740,3010.051624464382
1,5741,8.81609777479128e-08
1,5742,5753.9665261944
1,5743,16334.668732254968
1,5744,18991.594170787484
1,5745,12551.632167659043
1,5746,3.9803670211072985e-07
1,5747,3.978869827701262e-07
1,5748,3.9781620167207536e-07
1,5749,2.9617047560876635e-09
1,5750,1.7147470456394236e-07
1,5751,1.714808473152077e-07
1,5752,1.7148009792455942e-07
1,5753,1.714850426536745e-07
1,5754,1.7148787842449081e-07
1,5755,1.7149029352022923e-07
1,5756,1.7149172980746204e-07
1,5757,1.7149160317259408e-07
1,5758,1.7149278231154744e-07
1,5759,1.7150927471702476e-07
1,5760,5329.901810203256
1,5761,12622.343089482078
1,5762,16899.465385246192
1,5763,19767.46719601315
1,5764,23219.17775720528
1,5765,28024.54412206039
1,5766,34238.62585813341
1,5767,37478.30999187784
1,5768,31668.166057747832
1,5769,17217.09842231403
1,5770,4.672898741387788e-07
1,5771,1.9054743714751687e-07
1,5772,1.9054486447841546e-07
1,5773,1.905370917198773e-07
1,5774,1.558580237249403e-08
1,5775,1.714573641490582e-07
1,5776,1.7148084467428094e-07
1,5777,1.7147989984055145e-07
1,5778,1.7148518057381315e-07
1,5779,1.7148889747654818e-07
1,5780,1.7148775462638363e-07
1,5781,1.7149186102040077e-07
1,5782,1.7148922759797642e-07
1,5783,1.7148921785766673e-07
1,5784,1.714888258097817e-07
1,5785,1.7148856352455235e-07
1,5786,1.714876106447146e-07
1,5787,1.7148702126810393e-07
1,5788,1.7148782217169109e-07
1,5789,1.7234931276005725e-07
1,5790,14647.543452240694
1,5791,23558.18649461377
1,5792,27019.663207990216
1,5793,25125.416670858864
1,5794,16438.59724419801
1,5795,8254.910958900027
1,5796,3273.9574745689943
1,5797,2.2182532691683853e-08
1,5798,1.7128960982340947e-07
1,5799,1.7147676182021742e-07
1,5800,1.714813889243101e-07
1,5801,1.7148186191287464e-07
1,5802,1.714825799194479e-07
1,5803,1.7148916933211141e-07
1,5804,1.7148855761326526e-07
1,5805,1.7149116866851748e-07
1,5806,1.7149006486361735e-07
1,5807,1.7148845234173375e-07
1,5808,1.7148827036091987e-07
1,5809,1.7148768740923707e-07
1,5810,1.714870285457839e-07
1,5811,1.714864708629235e-07
1,5812,1.714857605644043e-07
1,5813,1.714842831025611e-07
1,5814,1.7148440019479653e-07
1,5815,1.7148807193218983e-07
1,5816,1.7149071607341633e-07
1,5817,1.714894743281572e-07
1,5818,1.7149164499623499e-07
1,5819,1.7149666831087142e-07
1,5820,1.7148882749243636e-07
1,5821,1.7147621113371364e-07
1,5822,1.714829028169997e-07
1,5823,1.714841020756283e-07
1,5824,1.7148259318495963e-07
1,5825,1.7148055975099155e-07
1,5826,1.7149167042587168e-07
1,5827,1.7149093598916318e-07
1,5828,1.7148907439869156e-07
1,5829,1.7148964556075994e-07
1,5830,1.7148956703885417e-07
1,5831,1.7149170194151464e-07
1,5832,1.7148666330249365e-07
1,5833,1.7148632166456151e-07
1,5834,1.7148543581050864e-07
1,5835,1.7148555311172404e-07
1,5836,1.7148481628754815e-07
1,5837,1.7148447271209252e-07
1,5838,1.7148620888387286e-07
1,5839,1.7148920624746066e-07
1,5840,1.7149152783111406e-07
1,5841,1.7149288574592548e-07
1,5842,1.7149684114633156e-07
1,5843,1.7167917868907406e-07
1,5844,28.37709663031542
1,5845,8.607885445960904e-08
1,5846,1.7147406000838e-07
1,5847,1.7148198909109052e-07
1,5848,1.7146588626552883e-07
1,5849,1.7133471990951328e-07
1,5850,1.7148364837976378e-07
1,5851,1.7148901697728453e-07
1,5852,1.7163932676761504e-07
1,5853,1.7150983222223863e-07
1,5854,1.7149085202285488e-07
1,5855,1.7148925053879992e-07
1,5856,1.7148778815623028e-07
1,5857,1.7148754389897914e-07
1,5858,1.7148713452955493e-07
1,5859,1.71486487500304e-07
1,5860,1.715131994642707e-07
1,5861,15202.993793952739
1,5862,32744.293138111778
1,5863,50461.00547579856
1,5864,68354.88493689093
1,5865,74473.38591545228
1,5866,64011.375693895716
1,5867,47262.220044482776
1,5868,30345.57283858734
1,5869,13259.759160653573
1,5870,1.7927085344216577e-08
1,5871,1.7144595830994864e-07
1,5872,1.7147880027577628e-07
1,5873,1.7136450310519837e-07
1,5874,1.7147917577895301e-07
1,5875,1.7156626977223879e-07
1,5876,1.7153863291020162e-07
1,5877,1.7149110287533495e-07
1,5878,1.7148955566169736e-07
1,5879,1.7148900392056302e-07
1,5880,1.714880252669357e-07
1,5881,1.7148780042587522e-07
1,5882,1.7148710995164036e-07
1,5883,1.7148637109453118e-07
1,5884,1.7148496565867776e-07
1,5885,1.7148651116214906e-07
1,5886,1256.0684631498382
1,5887,18657.898554000778
1,5888,33514.05175342728
1,5889,31719.332717987912
1,5890,21786.960726909558
1,5891,12309.039035828271
1,5892,3942.996618760798
1,5893,2.219109418947075e-08
1,5894,1.7147504055610853e-07
1,5895,1.7148159283696183e-07
1,5896,1.714670545523774e-07
1,5897,1.7142505645017007e-07
1,5898,1.7151971153228228e-07
1,5899,1.7152478601784602e-07
1,5900,1.7149768549314082e-07
1,5901,1.7149042124783745e-07
1,5902,1.7148934411677732e-07
1,5903,1.7148986671306648e-07
1,5904,1.714889599425582e-07
1,5905,1.714899530482481e-07
1,5906,1.7149566128543507e-07
1,5907,3723.895736396973
1,5908,17148.103130270178
1,5909,34708.85356787848
1,5910,52445.21150989165
1,5911,70358.93303133931
1,5912,88451.79176801007
1,5913,97552.46515523216
1,5914,87178.62854512996
1,5915,70661.14542419193
1,5916,53978.48747204456
1,5917,37129.00294037578
1,5918,20111.02356339038
1,5919,2922.8643926351865
1,5920,1.3057210422676564e-08
1,5921,1.7147977059275626e-07
1,5922,1.714860197132536e-07
1,5923,1.7148784551684068e-07
1,5924,1.7148919362290215e-07
1,5925,1.714903060496761e-07
1,5926,1.7149498187412813e-07
1,5927,1.7149054607935193e-07
1,5928,1.7148739912492095e-07
1,5929,1.714905647431876e-07
1,5930,4.181374620737012e-07
1,5931,7567.430144457121
1,5932,15483.817329391626
1,5933,24377.184670771516
1,5934,36413.75634476566
1,5935,44749.80152998429
1,5936,51654.412131311845
1,5937,50769.47882793874
1,5938,43165.48833258788
1,5939,28619.515220515434
1,5940,11516.440966518434
1,5941,1.905499054403125e-07
1,5942,1.905307493384775e-07
1,5943,1.5589882977373363e-08
1,5944,1.7147228189534993e-07
1,5945,1.7148375106354865e-07
1,5946,1.7148610784872582e-07
1,5947,1.7148762120096773e-07
1,5948,1.7149486366288763e-07
1,5949,8523.571166299262
1,5950,25998.076284181734
1,5951,43647.32645332921
1,5952,61473.06912419688
1,5953,79477.06922178758
1,5954,96800.19875476856
1,5955,112069.37038207408
1,5956,126459.83567284407
1,5957,138481.8380972402
1,5958,143773.70781222743
1,5959,133358.6732078948
1,5960,117302.99053358298
1,5961,101086.75103252806
1,5962,84708.3491364626
1,5963,68166.1632214365
1,5964,51458.55544726016
1,5965,34583.871595342076
1,5966,17540.440904904834
1,5967,326.57590756323987
1,5968,9.409451504058239e-09
1,5969,1.7147937522108683e-07
1,5970,1.7148481558143438e-07
1,5971,1.7148699022257103e-07
1,5972,1.7148966597306135e-07
1,5973,1.714901298385525e-07
1,5974,1.714902995241885e-07
1,5975,1.7148969950900664e-07
1,5976,1.7149042460805103e-07
1,5977,1.7148763352742486e-07
1,5978,1.7148610720411342e-07
1,5979,4.183105993010752e-07
1,5980,17389.269406510775
1,5981,34952.43150685923
1,5982,52691.22522825308
1,5983,70607.40688687943
1,5984,84654.83644041768
1,5985,73712.09283477374
1,5986,57059.94435677571
1,5987,40241.27439401366
1,5988,23254.4177316559
1,5989,6097.692502770309
1,5990,1.90493488325897e-07
1,5991,1.5589943506281705e-08
1,5992,1.7147710209525322e-07
1,5993,1.7147613676240484e-07
1,5994,1.7148524971002466e-07
1,5995,1.7148827635886182e-07
1,5996,1.7149524172299256e-07
1,5997,1.714931360956881e-07
1,5998,1.7149023293278921e-07
1,5999,1.7149031407195903e-07
1,6000,1.714902707637743e-07
1,6001,1.7149962824078002e-07
1,6002,5062.103445200605
1,6003,19543.645783368982
1,6004,34642.097902465954
1,6005,52377.788287825
1,6006,70290.835577052
1,6007,88383.01333917987
1,6008,104003.74008821108
1,6009,97679.4249627851
1,6010,81266.94980602211
1,6011,64690.34989769152
1,6012,47947.98399027764
1,6013,31038.19442378963
1,6014,13959.306961636765
1,6015,1.3057135740415185e-08
1,6016,1.7147087080955636e-07
1,6017,1.7148935838655842e-07
1,6018,8418.88535140775
1,6019,25892.343611141314
1,6020,43540.53645355839
1,6021,61365.211224428356
1,6022,79368.13274302139
1,6023,90651.67649247438
1,6024,93853.09848837311
1,6025,93422.93925654844
1,6026,92261.96772568305
1,6027,89347.51922824033
1,6028,88606.79419483859
1,6029,93693.51122369646
1,6030,106207.20750371508
1,6031,115085.18107549284
1,6032,111018.17799377942
1,6033,94739.09036732651
1,6034,78297.21186460908
1,6035,61690.914576864525
1,6036,44918.554316242524
1,6037,27978.470453014324
1,6038,10868.985751153865
1,6039,8.636222034164766e-09
1,6040,1.7146625312162403e-07
1,6041,1.7148337140454367e-07
1,6042,1.714862235259419e-07
1,6043,1.7148795112913694e-07
1,6044,1.714897605348167e-07
1,6045,1.7149041001132876e-07
1,6046,1.7149249322570776e-07
1,6047,1.7160656861354268e-07
1,6048,9077.243607333587
1,6049,17487.348202315334
1,6050,23298.48530948498
1,6051,30092.778236136637
1,6052,39601.21686117424
1,6053,55049.66633994998
1,6054,72989.4324097126
1,6055,91108.59614017693
1,6056,102344.8933638917
1,6057,96597.5761303776
1,6058,80174.28248532773
1,6059,63586.75590383734
1,6060,46833.35405654872
1,6061,29912.418190820554
1,6062,12822.272966535129
1,6063,1.1536088115775275e-08
1,6064,1.714431516055897e-07
1,6065,1.714824527008997e-07
1,6066,1.7148627305343554e-07
1,6067,1.7148766551762311e-07
1,6068,1.7149075279268761e-07
1,6069,1.7148972153335404e-07
1,6070,1.714899514860212e-07
1,6071,1.7149125825627852e-07
1,6072,1.7148840614626443e-07
1,6073,1.7148694394201894e-07
1,6074,1.7148610497491243e-07
1,6075,1.714949762613761e-07
1,6076,7039.879415261256
1,6077,24499.54761563335
1,6078,42133.81249809535
1,6079,59944.420029410685
1,6080,77933.13363605354
1,6081,83050.33724897695
1,6082,67852.33019275853
1,6083,51141.584088345844
1,6084,34263.73052290964
1,6085,17217.098421865634
1,6086,1.6377478455517592e-08
1,6087,1.7142489786971878e-07
1,6088,1.714619706618477e-07
1,6089,1.7147646156368012e-07
1,6090,1.714862139615711e-07
1,6091,1.71488634506862e-07
1,6092,1.7149957250514472e-07
1,6093,1.7150291419621789e-07
1,6094,1.7149099087310346e-07
1,6095,1.7149719538586423e-07
1,6096,10137.977145176392
1,6097,27628.626322847645
1,6098,45294.181992381775
1,6099,63136.39321863998
1,6100,81157.02655717512
1,6101,99357.86622910423
1,6102,117740.71429775837
1,6103,125288.47889067004
1,6104,117099.8286153052
1,6105,100881.55749506743
1,6106,84501.10366362732
1,6107,67956.8452938728
1,6108,51247.144340420775
1,6109,34370.34637743424
1,6110,17324.78043481786
1,6111,108.75883277533799
1,6112,1.0912221656983681e-08
1,6113,1.7148240599463562e-07
1,6114,1.714858992866899e-07
1,6115,1.7148899566913397e-07
1,6116,2802.959057704453
1,6117,20220.25805450097
1,6118,37811.730041351635
1,6119,55579.11674809953
1,6120,73524.17732192927
1,6121,91648.68850150591
1,6122,109954.44479288402
1,6123,126391.33977842345
1,6124,141522.23939316208
1,6125,154402.50616057296
1,6126,160016.28758174283
1,6127,148956.78736910102
1,6128,133057.08583640124
1,6129,116998.3872883745
1,6130,100779.10175486752
1,6131,84397.6233660255
1,6132,67852.33019329507
1,6133,51141.584088837364
1,6134,34263.73052333509
1,6135,17217.098422177827
1,6136,9.004163615977819e-09
1,6137,1.714770160523454e-07
1,6138,1.7148551116760117e-07
1,6139,1.7148731899083365e-07
1,6140,1.7148880155420042e-07
1,6141,1.7148953344471433e-07
1,6142,1.7149102875385343e-07
1,6143,1.715281675167843e-07
1,6144,13579.064974096962
1,6145,31104.12503005166
1,6146,46600.3773603448
1,6147,59924.61083781764
1,6148,71672.44209703585
1,6149,88516.31067366149
1,6150,106790.7431867612
1,6151,120773.54649164465
1,6152,114754.37833219946
1,6153,98512.65270913063
1,6154,82108.50982983112
1,6155,65540.32552173866
1,6156,48806.45937056529
1,6157,31905.254557880195
1,6158,14835.037697068274
1,6159,1.1536200629248748e-08
1,6160,1.7147332096259255e-07
1,6161,1.7147928239988255e-07
1,6162,1.7148637280128224e-07
1,6163,1.7149058396571265e-07
1,6164,1.7149313467337748e-07
1,6165,1.7148983937501712e-07
1,6166,1.7148935315704477e-07
1,6167,1.71489270441445e-07
1,6168,1.7148824997661799e-07
1,6169,1.7148688721211605e-07
1,6170,1.7148736335381156e-07
1,6171,4.1793844364848044e-07
1,6172,17389.269406521023
1,6173,34952.431506869565
1,6174,52691.2252282635
1,6175,70607.40688688995
1,6176,86313.5747505303
1,6177,81860.93655298826
1,6178,65290.276512172386
1,6179,48553.90987096429
1,6180,31650.179563376034
1,6181,14577.41195280761
1,6182,1.559142304780762e-08
1,6183,1.713271203469596e-07
1,6184,1.714471542879983e-07
1,6185,1.7146723525299245e-07
1,6186,1.7148609588794298e-07
1,6187,1.7149658219521363e-07
1,6188,1.7152940556708243e-07
1,6189,1.714928694948191e-07
1,6190,1.714897505408308e-07
1,6191,1.714891596473671e-07
1,6192,1.7148791708659818e-07
1,6193,1.7148693113295632e-07
1,6194,1.7148659398985534e-07
1,6195,1.7148596226560886e-07
1,6196,1.7148465111262688e-07
1,6197,1.714837407211544e-07
1,6198,1.7148879094411665e-07
1,6199,1.7151038301502133e-07
1,6200,13807.222653122499
1,6201,25083.04077753811
1,6202,25095.202527477664
1,6203,18542.633836934554
1,6204,7913.107803207926
1,6205,2.929795437744452e-08
1,6206,1.7145175096368597e-07
1,6207,1.7148017060226312e-07
1,6208,1.7143525676702534e-07
1,6209,1.714789508498011e-07
1,6210,1.7149119998680854e-07
1,6211,1.7151124206583467e-07
1,6212,1.7151499233066317e-07
1,6213,1.714910956948808e-07
1,6214,1.714896777745749e-07
1,6215,1.7148920922592666e-07
1,6216,1.7148817952410372e-07
1,6217,1.714881758290614e-07
1,6218,1.7148688507284964e-07
1,6219,1.7149593677543372e-07
1,6220,8469.702213358985
1,6221,25943.66864171206
1,6222,43592.37473443485
1,6223,61417.56788811358
1,6224,79421.01297334346
1,6225,83073.665211558
1,6226,71340.3284768762
1,6227,54664.46235529939
1,6228,37821.83757252283
1,6229,20810.786541950558
1,6230,3629.6250011686993
1,6231,1.5085935527420718e-08
1,6232,1.7146224510513047e-07
1,6233,1.7148479464844488e-07
1,6234,1.714872935958372e-07
1,6235,1.7148846510076044e-07
1,6236,1.7150235592740043e-07
1,6237,10377.672791729638
1,6238,27870.71892586607
1,6239,37985.24165475889
1,6240,43367.16290032037
1,6241,47287.6476359965
1,6242,50921.14331996879
1,6243,54817.92913132685
1,6244,61231.0832064486
1,6245,73057.20452114432
1,6246,91177.04597272843
1,6247,107990.61862276544
1,6248,111482.82688763808
1,6249,95208.38575012369
1,6250,78771.20020123418
1,6251,62169.64279685581
1,6252,45402.069818433665
1,6253,28466.82111022732
1,6254,11362.219914938934
1,6255,9.856622171857147e-09
1,6256,1.7147699985916253e-07
1,6257,1.7148593617260306e-07
1,6258,1.7148866492480448e-07
1,6259,1.714984874242806e-07
1,6260,10850.249178026057
1,6261,28348.021076025798
1,6262,46020.7706930917
1,6263,58988.300804193444
1,6264,70458.90149105669
1,6265,78965.65860349804
1,6266,86548.38508861193
1,6267,94049.31730299711
1,6268,102569.10535202219
1,6269,115104.18520902423
1,6270,127834.2291593291
1,6271,129107.3460480426
1,6272,116998.38728837503
1,6273,100779.10175486804
1,6274,84397.62336602599
1,6275,67852.33019329554
1,6276,51141.584088837815
1,6277,34263.73052333554
1,6278,17217.09842217825
1,6279,9.409093989572626e-09
1,6280,1.7145190610431613e-07
1,6281,1.7148632878931478e-07
1,6282,876.5970125541251
1,6283,18274.632388899096
1,6284,35846.648119093734
1,6285,53594.38400661904
1,6286,70028.66193536807
1,6287,80265.12423151787
1,6288,87324.35041371876
1,6289,93264.81931048818
1,6290,100430.98561843597
1,6291,108999.2232537239
1,6292,119508.6063612989
1,6293,131939.42902325705
1,6294,141285.71457401788
1,6295,133057.08583640074
1,6296,116998.38728837403
1,6297,100779.10175486708
1,6298,84397.62336602506
1,6299,67852.33019329465
1,6300,51141.58408883696
1,6301,34263.7305233347
1,6302,17217.098422177445
1,6303,8.63663218261873e-09
1,6304,1.7134193056408563e-07
1,6305,1.7148409595612018e-07
1,6306,1.7148803715448069e-07
1,6307,1.714884128994616e-07
1,6308,1.714888533438819e-07
1,6309,1.714899100994493e-07
1,6310,1.7148993030331283e-07
1,6311,1.714888593087828e-07
1,6312,1.7148670943516056e-07
1,6313,1.71485979216378e-07
1,6314,1.7148656355570405e-07
1,6315,4.175355789606903e-07
1,6316,17389.269406520365
1,6317,34952.431506868874
1,6318,52691.22522826281
1,6319,70607.40688688924
1,6320,87753.9294203771
1,6321,83736.78435356087
1,6322,67184.88279075071
1,6323,50467.462212328384
1,6324,33582.86742815374
1,6325,16529.426696233004
1,6326,1.5590919123439906e-08
1,6327,1.7144225128467487e-07
1,6328,1.7145333062746747e-07
1,6329,1.714740744395175e-07
1,6330,1.7150981703229515e-07
1,6331,1.7150380740799196e-07
1,6332,1.7149258733722104e-07
1,6333,1.7148957316622275e-07
1,6334,1.7148900582726807e-07
1,6335,1.7148840788567708e-07
1,6336,1.7148735054897733e-07
1,6337,1.7148654528269616e-07
1,6338,1.71486277960643e-07
1,6339,1.7148666800410927e-07
1,6340,1067.8191890837122
1,6341,18467.766787193992
1,6342,36041.71386137158
1,6343,53791.400406319684
1,6344,71718.58381673163
1,6345,73406.14034443752
1,6346,57802.35899434922
1,6347,40991.11317795244
1,6348,24011.754903412297
1,6349,6862.60304617333
1,6350,1.6377461635211864e-08
1,6351,1.7147568825886584e-07
1,6352,3.670562341665526e-08
1,6353,1.654665268492389e-07
1,6354,1.6547277037744852e-07
1,6355,2228.762249301042
1,6356,11435.247722512315
1,6357,10890.976896273827
1,6358,4.161770937852107e-07
1,6359,1.7148920847975162e-07
1,6360,1.7148781195953661e-07
1,6361,1.7148761576285358e-07
1,6362,1.7148705194649887e-07
1,6363,1.714861586688595e-07
1,6364,1.7148487171705896e-07
1,6365,1.7148224525217678e-07
1,6366,1.7146981790068408e-07
1,6367,1.7149890482937762e-07
1,6368,1.714970267919114e-07
1,6369,1.7149099129762282e-07
1,6370,1.71493622188923e-07
1,6371,1.7151268646788706e-07
1,6372,1.7148370598781622e-07
1,6373,1.7146487601106737e-07
1,6374,1.7148050780201366e-07
1,6375,1.7147501243976464e-07
1,6376,3.6705706151540286e-08
1,6377,1.654703757776306e-07
1,6378,1.655430750005743e-07
1,6379,11854.465684007788
1,6380,19949.883691519215
1,6381,15946.234672856888
1,6382,4.1561701956941864e-07
1,6383,1.7148976029125068e-07
1,6384,1.7149022153186127e-07
1,6385,1.7149141265498913e-07
1,6386,1.7149384557904991e-07
1,6387,1.714892117944016e-07
1,6388,1.7147861139545214e-07
1,6389,1.714941305634612e-07
1,6390,9932.105534132921
1,6391,27420.69599569374
1,6392,45084.172361956334
1,6393,52554.99275892871
1,6394,44569.895763944856
1,6395,27626.325315283095
1,6396,10513.31916222709
1,6397,1.8386391577700505e-07
1,6398,2.218992217626337e-08
1,6399,1.714736063248754e-07
1,6400,5.660069056112225e-08
1,6401,890.1468436798704
1,6402,2102.7532813447824
1,6403,1.7151308815888306e-07
1,6404,5198.976324106745
1,6405,22640.235493567292
1,6406,40255.90725480862
1,6407,48814.53038122638
1,6408,43746.396608718234
1,6409,30545.325357742928
1,6410,13461.50920511167
1,6411,1.8387973302550343e-07
1,6412,1.838513165016494e-07
1,6413,2.2191407449041213e-08
1,6414,1.714051517803523e-07
1,6415,1.7148602356686048e-07
1,6416,1.714915070136734e-07
1,6417,1.7149780802386987e-07
1,6418,1.7148999377323984e-07
1,6419,1.7149068668037017e-07
1,6420,1.7147558546058922e-07
1,6421,1.7148112263528476e-07
1,6422,1.7148349285356422e-07
1,6423,1.7148148238885284e-07
1,6424,1.714002880519002e-07
1,6425,1.7140819506971413e-07
1,6426,1.7164904306260368e-07
1,6427,1.7149422932495498e-07
1,6428,1.7149147356644297e-07
1,6429,1.7149048524975536e-07
1,6430,1.7149067131017807e-07
1,6431,1.7149185249830065e-07
1,6432,1.7149730711411783e-07
1,6433,1.715378800597829e-07
1,6434,1.7174582151143814e-07
1,6435,1.7123926419115106e-07
1,6436,1.7145216177813483e-07
1,6437,1.7148039841718174e-07
1,6438,1.7148324723208859e-07
1,6439,1.7148553593666059e-07
1,6440,1.7148684769357028e-07
1,6441,1.7148789674542044e-07
1,6442,1.71487640366274e-07
1,6443,1.7148897999682894e-07
1,6444,1.7149218605656846e-07
1,6445,1.714855778858792e-07
1,6446,1.714834454525163e-07
1,6447,1.714839803962419e-07
1,6448,1.7148369155041746e-07
1,6449,1.7148648269021396e-07
1,6450,1.7148678707186948e-07
1,6451,1.7148783698289565e-07
1,6452,1.7148839536124463e-07
1,6453,1.714881350023173e-07
1,6454,1.714875788794612e-07
1,6455,1.7148836813768702e-07
1,6456,1.7148806065567408e-07
1,6457,1.7148782611132942e-07
1,6458,1.7148675089399454e-07
1,6459,1.714868356977406e-07
1,6460,1.7148642896536712e-07
1,6461,1.714869730631472e-07
1,6462,1.714882778571208e-07
1,6463,1.714909552827848e-07
1,6464,1.714941995081213e-07
1,6465,1.7150342282508282e-07
1,6466,1.7148419607113195e-07
1,6467,1.714944449042455e-07
1,6468,1.7173351367062934e-07
1,6469,1.7127176727798872e-07
1,6470,1.7145777580896793e-07
1,6471,1.714798834189272e-07
1,6472,1.71482836737127e-07
1,6473,1.7148646404819786e-07
1,6474,1.714888324141179e-07
1,6475,1.7149018611783387e-07
1,6476,1.714930452231746e-07
1,6477,387.6703092267314
1,6478,5890.303679260149
1,6479,5422.457629756022
1,6480,2257.3414365782087
1,6481,3.499231889191295e-08
1,6482,1.7143445056309902e-07
1,6483,1.7147900574485445e-07
1,6484,1.7148181187423388e-07
1,6485,1.7148120810264386e-07
1,6486,1.7148200857859458e-07
1,6487,1.714903972063861e-07
1,6488,1.7149239844792513e-07
1,6489,1.7149023283493997e-07
1,6490,1.7149071194762049e-07
1,6491,1.7149227223977204e-07
1,6492,1.7148171690647192e-07
1,6493,1.714819866224706e-07
1,6494,1.7148173333180958e-07
1,6495,2.7877511292123485e-08
1,6496,1.6310576081538007e-07
1,6497,1.6316220471915732e-07
1,6498,620.1634021295718
1,6499,13209.982704140302
1,6500,21632.563083925557
1,6501,21286.11390612371
1,6502,10447.370744233192
1,6503,1.7150377029062874e-07
1,6504,1.7148804672898876e-07
1,6505,1.7148756313478566e-07
1,6506,1.7148686675685313e-07
1,6507,1.7148650939557714e-07
1,6508,1.7148454390763764e-07
1,6509,1.7147835884717146e-07
1,6510,1.7147655620889193e-07
1,6511,1.7149995582864462e-07
1,6512,1.7149347634378147e-07
1,6513,1.71489454647882e-07
1,6514,1.7148787754414575e-07
1,6515,1.7148896615820793e-07
1,6516,1.7148699511736437e-07
1,6517,1.7148360345617202e-07
1,6518,1.7147659936363495e-07
1,6519,2.787543098281339e-08
1,6520,1.6315944165637528e-07
1,6521,1.631658071857083e-07
1,6522,590.336343697566
1,6523,13627.533415000717
1,6524,23271.185788173123
1,6525,22845.016174330493
1,6526,12837.497127597475
1,6527,1.7152675696626134e-07
1,6528,1.7148804978202076e-07
1,6529,1.7148747883286258e-07
1,6530,1.714871007788834e-07
1,6531,1.7148676648826413e-07
1,6532,1.7148441151871902e-07
1,6533,1.7147015545523978e-07
1,6534,5.661131333240736e-08
1,6535,2382.8044492209947
1,6536,418.58930659785597
1,6537,1.7149195446258185e-07
1,6538,1.7148943468874999e-07
1,6539,1.714917463867835e-07
1,6540,1.7148928772755785e-07
1,6541,1.7148230812945179e-07
1,6542,1.7148228853276857e-07
1,6543,1.7145875062004722e-07
1,6544,2.7877884544987784e-08
1,6545,401.9519970779624
1,6546,13007.325749640382
1,6547,20025.967754407407
1,6548,19067.420611500245
1,6549,6806.159971224081
1,6550,1.714961034032401e-07
1,6551,1.7149086134474385e-07
1,6552,1.7149093587917087e-07
1,6553,1.7149143073763823e-07
1,6554,1.7148923670741597e-07
1,6555,1.7148420680622423e-07
1,6556,1.714806421436075e-07
1,6557,1.7148194755335373e-07
1,6558,1.715008500948053e-07
1,6559,13408.49969035175
1,6560,30931.85409347476
1,6561,46763.84070666767
1,6562,48509.165911302465
1,6563,36771.06443491146
1,6564,19749.505672901214
1,6565,2557.731323278336
1,6566,2.219015769681351e-08
1,6567,1.7157267957136255e-07
1,6568,16800.15857050942
1,6569,34357.429562434096
1,6570,52090.27326436412
1,6571,70000.44540334215
1,6572,88089.71926372434
1,6573,106359.88586271895
1,6574,124812.75412770924
1,6575,143450.15107535353
1,6576,162273.92199247735
1,6577,181285.93061877482
1,6578,200488.05933133714
1,6579,219882.20933102668
1,6580,239470.30083071438
1,6581,259254.27324540008
1,6582,279236.0853842336
1,6583,299417.7156444563
1,6584,319801.1622072819
1,6585,340388.44323573646
1,6586,350131.666735493
1,6587,340875.0183910978
1,6588,326894.49916863156
1,6589,312774.1747539419
1,6590,298512.6470951067
1,6591,284108.50415988284
1,6592,272533.37469315797
1,6593,289828.18068610365
1,6594,303279.4613924828
1,6595,309617.4946679925
1,6596,305642.05234712746
1,6597,296195.66115040425
1,6598,281768.3483555179
1,6599,267196.76243268274
1,6600,252479.4606506192
1,6601,237614.9858507351
1,6602,222601.86630285217
1,6603,207438.61555949043
1,6604,192123.7323086951
1,6605,176655.70022539183
1,6606,161032.98782125555
1,6607,145254.04829307797
1,6608,129317.31936961859
1,6609,113221.22315692465
1,6610,96964.1659821038
1,6611,80544.53823553478
1,6612,63960.71421150011
1,6613,47211.051947225096
1,6614,30293.893060307368
1,6615,28663.79215026885
1,6616,42324.56960765209
1,6617,60137.08471011687
1,6618,78127.72496360635
1,6619,96298.2716196308
1,6620,114650.52374221553
1,6621,133186.2983860262
1,6622,151907.43077627502
1,6623,166648.48693237966
1,6624,180310.08044295298
1,6625,187725.26746832955
1,6626,189320.84595575387
1,6627,185149.68780302204
1,6628,176239.9326632278
1,6629,163517.96667318488
1,6630,148956.7873690844
1,6631,133057.08583638578
1,6632,116998.38728836019
1,6633,100779.10175485436
1,6634,84397.62336601352
1,6635,67852.3301932843
1,6636,51141.584088827825
1,6637,34263.73052332681
1,6638,17217.09842217083
1,6639,3.3195821109618703e-09
1,6640,1.7106617996543393e-07
1,6641,1.7148521368784116e-07
1,6642,1.7148838133782137e-07
1,6643,1.7149124145119906e-07
1,6644,2236.4967078092222
1,6645,19146.529219567085
1,6646,28711.546971980417
1,6647,30144.121440680323
1,6648,26711.20660242588
1,6649,20611.44981926456
1,6650,14375.006574384612
1,6651,6038.167205165805
1,6652,1.9822989963685125e-08
1,6653,1.7140392380765915e-07
1,6654,1.714807667923255e-07
1,6655,1.7148730300251078e-07
1,6656,1.7149049786485421e-07
1,6657,1.7149343712301182e-07
1,6658,1.7149939064627648e-07
1,6659,1.7149593945433466e-07
1,6660,1.7149389116229738e-07
1,6661,1.7146197053491473e-07
1,6662,1.7147680671746306e-07
1,6663,1.7148292927971842e-07
1,6664,1.7148325129098915e-07
1,6665,4.1815945678400773e-07
1,6666,17389.269406521405
1,6667,34952.431506869965
1,6668,52691.22522826392
1,6669,70607.40688689034
1,6670,78882.379116654
1,6671,74869.93123066046
1,6672,61891.505358512906
1,6673,45121.15100576823
1,6674,28183.093109528014
1,6675,11075.654634421144
1,6676,1.9055150045317127e-07
1,6677,1.9051436405873425e-07
1,6678,1.559013624987738e-08
1,6679,1688.4714435477636
1,6680,11415.632344377223
1,6681,9247.45256250128
1,6682,4196.965101913847
1,6683,970.6057354661552
1,6684,2.930098118024177e-08
1,6685,1.7144176187554316e-07
1,6686,1.7148010251848665e-07
1,6687,1.7148319558270286e-07
1,6688,1.7148551213674239e-07
1,6689,1.7148715342649406e-07
1,6690,1.714877345619756e-07
1,6691,1.7149189282083654e-07
1,6692,2681.752686591548
1,6693,18479.722096937654
1,6694,28508.439326018695
1,6695,29413.12767429532
1,6696,22925.19174117287
1,6697,14139.992184612
1,6698,6634.95517035847
1,6699,1211.4287371702464
1,6700,1.982260885234052e-08
1,6701,1.7146428744186206e-07
1,6702,1.7148217451576418e-07
1,6703,1.714865163787878e-07
1,6704,1.7148947493997248e-07
1,6705,1.7148948954000156e-07
1,6706,1.7149712832999274e-07
1,6707,3427.6747245392967
1,6708,4380.054080226492
1,6709,5.7862539504578865e-08
1,6710,1.7063442092878902e-07
1,6711,1.7148139102096736e-07
1,6712,3058.152309446793
1,6713,20478.003238760735
1,6714,38072.052677454005
1,6715,55842.042610562916
1,6716,73789.73244301729
1,6717,89163.5139506517
1,6718,96408.42838462822
1,6719,94468.63231972861
1,6720,83792.60557362383
1,6721,71035.55812745988
1,6722,58914.655552649456
1,6723,48397.05981293594
1,6724,42564.62475804845
1,6725,57964.89853611188
1,6726,75933.81692766862
1,6727,94082.4245033231
1,6728,112412.51815473512
1,6729,119818.25158693378
1,6730,118537.9535052371
1,6731,111554.04645691717
1,6732,95280.31751511383
1,6733,78843.85128389459
1,6734,62243.02039036576
1,6735,50049.54603904877
1,6736,45425.28292609942
1,6737,46520.88456408047
1,6738,47331.231738159
1,6739,45514.18285665458
1,6740,34814.6764312841
1,6741,19297.015623746243
1,6742,4465.19815673464
1,6743,2.3345611709717196e-07
1,6744,2.3344707652446527e-07
1,6745,2.334384924565741e-07
1,6746,2.3334941800604047e-07
1,6747,6.2264900923064706e-09
1,6748,1.7146522338906396e-07
1,6749,1.714812677608684e-07
1,6750,1.7147463214471246e-07
1,6751,1.7148099229271642e-07
1,6752,1.7150067228586586e-07
1,6753,1.7149196338578257e-07
1,6754,1.714886787983368e-07
1,6755,1.71488365975815e-07
1,6756,1.7148765537680914e-07
1,6757,1.7148506767220885e-07
1,6758,1.71481916384276e-07
1,6759,1.7146324590665003e-07
1,6760,1.7147525293605397e-07
1,6761,1.7148712642985997e-07
1,6762,1.7150045249228149e-07
1,6763,1.715094582297079e-07
1,6764,1.7149213730997142e-07
1,6765,1.7148954918180044e-07
1,6766,1.7149041402743045e-07
1,6767,1.714917204272701e-07
1,6768,1.7148888791819472e-07
1,6769,1.714937756615352e-07
1,6770,4.180453668093981e-07
1,6771,4998.351390784579
1,6772,9185.031810006925
1,6773,13467.823650885657
1,6774,22344.024296631196
1,6775,32545.372318919835
1,6776,40778.89015692399
1,6777,42820.514786850785
1,6778,38660.30627668347
1,6779,26456.9060629019
1,6780,9332.205717328792
1,6781,1.9054820735034741e-07
1,6782,1.9050518402206635e-07
1,6783,1.5590176138620594e-08
1,6784,1.714809281722139e-07
1,6785,1.7148504830182573e-07
1,6786,1.7148724765748643e-07
1,6787,1.7149114787631163e-07
1,6788,1.7148944543709664e-07
1,6789,1.7148907370632006e-07
1,6790,1.7148834205986006e-07
1,6791,4.1782817925467347e-07
1,6792,14246.156515447603
1,6793,24505.14914612052
1,6794,29128.40943659273
1,6795,31635.656123993875
1,6796,32453.03631635719
1,6797,32862.32015602431
1,6798,36426.484453299374
1,6799,38576.403257524
1,6800,32420.990253469376
1,6801,15355.930749803172
1,6802,1.9057659558606574e-07
1,6803,1.9053833539471815e-07
1,6804,1.905355303344705e-07
1,6805,1.9049829088276806e-07
1,6806,1.5590393029124902e-08
1,6807,1.7147790472643522e-07
1,6808,1.7147624233176668e-07
1,6809,1.714393833841777e-07
1,6810,1.7147630941043352e-07
1,6811,1.7154738205784822e-07
1,6812,1.7149350421758933e-07
1,6813,1.7148949664166132e-07
1,6814,1.7148910022834465e-07
1,6815,1.7148861502922419e-07
1,6816,1.7148836561472146e-07
1,6817,1.7148750114230095e-07
1,6818,1.714864079856485e-07
1,6819,1.714859582438151e-07
1,6820,1.7148459380107663e-07
1,6821,1.714737145039661e-07
1,6822,3.36211668806321e-08
1,6823,8184.182625137408
1,6824,14887.043520923617
1,6825,10965.227541190314
1,6826,1100.5725251519661
1,6827,1.714902937716015e-07
1,6828,1.7148859423672018e-07
1,6829,1.7148503133614882e-07
1,6830,1.714744511292722e-07
1,6831,2.787717763237435e-08
1,6832,1.6315895565738466e-07
1,6833,1.6316428521110466e-07
1,6834,1.6321076360445008e-07
1,6835,16009.56620151914
1,6836,26263.591685521653
1,6837,26085.026792098517
1,6838,17512.66073162731
1,6839,298.51793272253093
1,6840,1.7148823256799028e-07
1,6841,1.714873924812553e-07
1,6842,1.714867223376001e-07
1,6843,1.7148623958622867e-07
1,6844,1.714843123334106e-07
1,6845,1.7143237724309484e-07
1,6846,3.3620734182043496e-08
1,6847,11800.730680983785
1,6848,21798.97105886815
1,6849,23082.409433757377
1,6850,9446.885506512017
1,6851,1.7149750813138056e-07
1,6852,1.7148655070595674e-07
1,6853,1.7148475742905823e-07
1,6854,1.714803679190083e-07
1,6855,2.787942131996074e-08
1,6856,271.7608690745125
1,6857,11562.59731817169
1,6858,18136.368327487507
1,6859,16567.087575483805
1,6860,1301.8317906175816
1,6861,4.1983049768124295e-07
1,6862,17389.26940652362
1,6863,25790.58978430011
1,6864,22912.429498865782
1,6865,15019.362786102656
1,6866,1952.1718260691582
1,6867,1.812987842797107e-07
1,6868,1.8129451635491133e-07
1,6869,2.6753311680768047e-08
1,6870,1.7144186306635454e-07
1,6871,1.7148506309739068e-07
1,6872,1.714935964809445e-07
1,6873,2295.192660529393
1,6874,7934.571030146639
1,6875,8726.12401194914
1,6876,5181.736040015711
1,6877,3.498817151864511e-08
1,6878,1.714169294256447e-07
1,6879,1.7148160402923507e-07
1,6880,1.7148437359286624e-07
1,6881,1.7148632577862087e-07
1,6882,1.7148812878861911e-07
1,6883,1.7151964725202256e-07
1,6884,10927.972403740501
1,6885,20668.743947434443
1,6886,24460.473799230025
1,6887,20700.119519262833
1,6888,11429.792564717629
1,6889,4.40772447333137e-07
1,6890,1.8129333982907494e-07
1,6891,1.8129183330841802e-07
1,6892,2.675488967942847e-08
1,6893,1.713861430701648e-07
1,6894,1.714811467566418e-07
1,6895,1.7148322939492997e-07
1,6896,1.7148920656095772e-07
1,6897,1.7148839356767608e-07
1,6898,1.7148714833873984e-07
1,6899,1.714880150503631e-07
1,6900,1.7148705314272623e-07
1,6901,1.7148421870583097e-07
1,6902,1.71482312638486e-07
1,6903,1.7146310281535493e-07
1,6904,4.2241567979016674e-08
1,6905,1776.5253062340194
1,6906,2651.250284728733
1,6907,1017.6543770733132
1,6908,1.7149335403057048e-07
1,6909,1.7148990632173656e-07
1,6910,1.7149099108631181e-07
1,6911,1.714916914485789e-07
1,6912,1.714914658822685e-07
1,6913,1.7148796037724594e-07
1,6914,1.7148472824217312e-07
1,6915,1.714830922736586e-07
1,6916,1.7148312047990995e-07
1,6917,1.7148137593548675e-07
1,6918,1.7089426287519686e-07
1,6919,3.3657874905903076e-08
1,6920,6102.127592599037
1,6921,8868.404454361658
1,6922,6023.734791243992
1,6923,150.60962695837986
1,6924,1.7148857689672247e-07
1,6925,1.7146923599522927e-07
1,6926,2.7878660548645546e-08
1,6927,1.6315742751247804e-07
1,6928,1.6316310262891494e-07
1,6929,1.6316575788296976e-07
1,6930,253.73709499406976
1,6931,17243.403831269923
1,6932,24686.69160378947
1,6933,23026.00086407678
1,6934,13281.90216902102
1,6935,1.715146656005109e-07
1,6936,1.714880290240215e-07
1,6937,1.7148775650809782e-07
1,6938,1.714872209271866e-07
1,6939,1.7148662972499631e-07
1,6940,1.7148595921916338e-07
1,6941,1.714846088412647e-07
1,6942,1.7148252975484994e-07
1,6943,1.714831058451322e-07
1,6944,1.7148952815884927e-07
1,6945,1.7149268114418194e-07
1,6946,1.714884734734304e-07
1,6947,1.714882868440726e-07
1,6948,1.7148744147662252e-07
1,6949,1.7148493316771363e-07
1,6950,1.714782627719241e-07
1,6951,2.7881362472870674e-08
1,6952,1.6314646560669716e-07
1,6953,184.7460262849078
1,6954,14318.703258620399
1,6955,27370.15144893064
1,6956,28798.887756072225
1,6957,19175.277081934728
1,6958,22005.70576366071
1,6959,39615.032227516785
1,6960,49801.26091020857
1,6961,52004.56072501827
1,6962,48697.77254616404
1,6963,43853.823269045875
1,6964,37396.16297325347
1,6965,30963.625623427157
1,6966,29067.83954661446
1,6967,29951.590967052456
1,6968,28561.82487087861
1,6969,19882.027193600494
1,6970,2691.5780593390273
1,6971,1.9517073299068675e-07
1,6972,1.9516588960173187e-07
1,6973,1.9515162992916044e-07
1,6974,1.3057326502880417e-08
1,6975,1.714771112998315e-07
1,6976,1.7148120693522917e-07
1,6977,1.7147195282706147e-07
1,6978,1.714615493871789e-07
1,6979,1.7152555516829573e-07
1,6980,1.7149272627631999e-07
1,6981,1.7148934737648536e-07
1,6982,1.714895916862119e-07
1,6983,1.714889191428107e-07
1,6984,1.714887814212708e-07
1,6985,1.7148743841749188e-07
1,6986,1.714864800953658e-07
1,6987,1.7148556791712812e-07
1,6988,1.7148431012575815e-07
1,6989,1.714786014145309e-07
1,6990,1.706740337697099e-07
1,6991,1.714689110331939e-07
1,6992,1.7257287908951468e-07
1,6993,1.7158394715607395e-07
1,6994,1.7149169483744254e-07
1,6995,1.7148885137749153e-07
1,6996,1.7148560433219938e-07
1,6997,1.7148260390530677e-07
1,6998,1.7142948368099593e-07
1,6999,1.706914642930432e-07
1,7000,1.7147486035249174e-07
1,7001,1.7147834693859295e-07
1,7002,1.7148515563450688e-07
1,7003,1.7273940217338388e-07
1,7004,1.7150808701656053e-07
1,7005,12446.206065797336
1,7006,29959.937532674743
1,7007,37676.11166452849
1,7008,35340.962750157996
1,7009,29386.368725935718
1,7010,21073.451045727736
1,7011,10687.552547762945
1,7012,2609.5632056365375
1,7013,1.9821742589312685e-08
1,7014,1.714791895317323e-07
1,7015,1.71487659705405e-07
1,7016,1.7148836901052398e-07
1,7017,1.7149626569033468e-07
1,7018,1.7151828269579522e-07
1,7019,1.7147967141232677e-07
1,7020,1.714687068327136e-07
1,7021,1.7147309318144683e-07
1,7022,1.7148318920900355e-07
1,7023,1.7148385026422562e-07
1,7024,1.714846917560324e-07
1,7025,1.7148627818472048e-07
1,7026,1.7149039046121203e-07
1,7027,1.7149068165715309e-07
1,7028,1.7149030958498834e-07
1,7029,1.714905729342266e-07
1,7030,1.7153492909075104e-07
1,7031,4330.652058756641
1,7032,5688.427777165761
1,7033,5617.980292006951
1,7034,5485.3111011674455
1,7035,8438.763374236602
1,7036,14564.843049115869
1,7037,29412.51650916908
1,7038,47095.91108062798
1,7039,64956.13959780453
1,7040,82994.97040015526
1,7041,101214.1895105314
1,7042,119615.60081201287
1,7043,138201.02622651047
1,7044,153629.03776490365
1,7045,165469.75915350707
1,7046,173553.94059199566
1,7047,182336.2444538032
1,7048,192985.11097426896
1,7049,202856.64455131278
1,7050,205592.85596151536
1,7051,201715.60170617476
1,7052,186786.06631744409
1,7053,171264.65757422795
1,7054,155588.03474357972
1,7055,139754.64568462502
1,7056,123762.92273508075
1,7057,107611.28255604109
1,7058,91298.12597521105
1,7059,74821.83782857274
1,7060,58180.78680046805
1,7061,41373.32526208235
1,7062,34580.8179113692
1,7063,51557.44444119638
1,7064,66351.5182973862
1,7065,68463.71193689026
1,7066,55983.4430821279
1,7067,39154.008106601854
1,7068,22156.27878133072
1,7069,4988.572162822719
1,7070,5.171064078300183e-09
1,7071,1.714789903599443e-07
1,7072,1.7148653877970574e-07
1,7073,1.7148947298358387e-07
1,7074,1.7150497922996302e-07
1,7075,9325.624935835622
1,7076,18979.28584706557
1,7077,23911.715434499773
1,7078,25832.899728319397
1,7079,22073.07178653888
1,7080,14814.064556669498
1,7081,8058.2800645726475
1,7082,2208.491477957659
1,7083,1.9822216912462345e-08
1,7084,1.7145414794216213e-07
1,7085,1.7147812816101443e-07
1,7086,1.7146787784056523e-07
1,7087,1.7147342771628264e-07
1,7088,1.7148822068573078e-07
1,7089,1.714982872765751e-07
1,7090,1.714970256125976e-07
1,7091,1.7148670903053631e-07
1,7092,1.7147873090898207e-07
1,7093,1.7147761366084237e-07
1,7094,1.7149887848085248e-07
1,7095,8502.957351634552
1,7096,25977.25633137038
1,7097,43626.29830098974
1,7098,61451.83069033402
1,7099,79455.61840358611
1,7100,97639.44399397934
1,7101,116005.10784028222
1,7102,134554.42832505223
1,7103,143975.46130124023
1,7104,146811.8935311771
1,7105,144440.8856936498
1,7106,141531.92900672441
1,7107,138137.657125196
1,7108,136070.96558691288
1,7109,135721.47941455647
1,7110,140660.88512613962
1,7111,151238.88714972624
1,7112,161362.5883845577
1,7113,163321.49510211713
1,7114,151885.47112122938
1,7115,136015.05642612014
1,7116,119985.93758409593
1,7117,103796.5275537598
1,7118,116966.1347201723
1,7119,135525.065473549
1,7120,154269.58553466073
1,7121,173201.55079638466
1,7122,192322.83571072685
1,7123,211635.33347421332
1,7124,231140.9562153354
1,7125,241883.71626232998
1,7126,242817.93867557537
1,7127,235582.25350420384
1,7128,220548.8066328556
1,7129,205365.02529279384
1,7130,190029.40613933152
1,7131,174540.43079433462
1,7132,158896.56569588775
1,7133,143096.26194645645
1,7134,127137.95515953086
1,7135,111020.06530473602
1,7136,94740.99655139328
1,7137,78299.13711051713
1,7138,61692.859075232234
1,7139,44920.518259594515
1,7140,27980.454035800452
1,7141,10870.989169768476
1,7142,4.4712363547915786e-09
1,7143,1.7147458220839328e-07
1,7144,1.714846267898793e-07
1,7145,1.7148567663718148e-07
1,7146,1.7148653682250397e-07
1,7147,1.7148945615210408e-07
1,7148,1.7148918708828013e-07
1,7149,1.714894199342221e-07
1,7150,1.7149031166212997e-07
1,7151,1.7148959953716377e-07
1,7152,1.7148976703834922e-07
1,7153,1.7148604052624901e-07
1,7154,1.714861887968321e-07
1,7155,1.7148561568591032e-07
1,7156,1.714826404676398e-07
1,7157,1.714815548598263e-07
1,7158,1.7142039022462066e-07
1,7159,1.7145773636650604e-07
1,7160,1.7148433816322633e-07
1,7161,1.714862451953486e-07
1,7162,1.7149004891082922e-07
1,7163,1.7153757423865926e-07
1,7164,1.7151801292198147e-07
1,7165,1.7146781539417928e-07
1,7166,1.714456787469548e-07
1,7167,1.714749325821218e-07
1,7168,1.7148304082311556e-07
1,7169,1.7151531426755763e-07
1,7170,1.7155295728009824e-07
1,7171,10364.476330034067
1,7172,27857.390499553894
1,7173,45525.23381085507
1,7174,56028.03260215984
1,7175,55744.079136005545
1,7176,46836.37456875827
1,7177,34598.57168542118
1,7178,20522.681511780313
1,7179,9729.743445120306
1,7180,790.3898113416374
1,7181,1.6377702689319827e-08
1,7182,1.7147922013352837e-07
1,7183,1.7148688965075778e-07
1,7184,1.7149129211333739e-07
1,7185,385.0384167494077
1,7186,10338.75972029372
1,7187,16713.649049821546
1,7188,22929.385921057365
1,7189,30072.96614161007
1,7190,44189.55383230733
1,7191,62020.718776993504
1,7192,80030.19537113064
1,7193,98219.76673121224
1,7194,116591.23380489704
1,7195,135146.4155493206
1,7196,140678.59555302298
1,7197,131588.08474960408
1,7198,115514.69619070938
1,7199,99280.57374622574
1,7200,82884.1100772973
1,7201,66323.68177167959
1,7202,49597.64918300573
1,7203,32704.356268445143
1,7204,15642.130424738974
1,7205,9.004497440259716e-09
1,7206,1.7144669472006773e-07
1,7207,1.715088146188651e-07
1,7208,15091.05184488463
1,7209,32631.23176955299
1,7210,50346.813493554175
1,7211,61432.09449197999
1,7212,58546.35018450563
1,7213,50864.939610252055
1,7214,52906.09326271697
1,7215,70092.3884708127
1,7216,88182.58176189111
1,7217,106453.67698588269
1,7218,124907.48316211611
1,7219,143545.82740011343
1,7220,158779.42395232062
1,7221,164594.70905306717
1,7222,160302.35931363128
1,7223,144516.11350037693
1,7224,128572.00522899002
1,7225,112468.45587488927
1,7226,96203.87102724751
1,7227,79776.64033112935
1,7228,63185.13732805006
1,7229,46427.71929493998
1,7230,31155.310392696792
1,7231,43276.14546210716
1,7232,59775.84055329313
1,7233,61575.20148425038
1,7234,49432.76551059154
1,7235,32537.823759346236
1,7236,15473.932590597773
1,7237,6.579075654738339e-09
1,7238,1.714432192455209e-07
1,7239,1.714828139851715e-07
1,7240,1.7148552605093228e-07
1,7241,1.7148663846331346e-07
1,7242,4.180546420517561e-07
1,7243,17389.26940652125
1,7244,34952.4315068698
1,7245,52691.22522826375
1,7246,66275.63525569778
1,7247,70142.90400144819
1,7248,65281.678393904156
1,7249,53686.61251160072
1,7250,38811.743564412594
1,7251,21810.59159375887
1,7252,4639.428103495175
1,7253,1.8943433781999034e-07
1,7254,1.5599507056296687e-08
1,7255,1.714839338540176e-07
1,7256,1.7148829071898406e-07
1,7257,1.7148777706869098e-07
1,7258,1.7148921880384997e-07
1,7259,1.714944478339224e-07
1,7260,1.714935511378207e-07
1,7261,1.714779040147107e-07
1,7262,1.7148224231951833e-07
1,7263,1.7148385691277018e-07
1,7264,1.7148506232763424e-07
1,7265,1.7148603395872146e-07
1,7266,1.7148683752505494e-07
1,7267,1.7148907399788913e-07
1,7268,1.7148904460213246e-07
1,7269,1.7149035757589646e-07
1,7270,1.714953416710643e-07
1,7271,1.7148901216483634e-07
1,7272,1.7149069713538593e-07
1,7273,1.7148169221975766e-07
1,7274,1.7148246138151018e-07
1,7275,1.714845241113257e-07
1,7276,1.7148423308121336e-07
1,7277,1.714846385005367e-07
1,7278,1.714851386753623e-07
1,7279,1.7148714916145956e-07
1,7280,1.7148912754465576e-07
1,7281,1.7148957964807122e-07
1,7282,1.7148841049134016e-07
1,7283,1.714919798393908e-07
1,7284,1.7149711830857653e-07
1,7285,1.7148408012546742e-07
1,7286,1.7147604546911247e-07
1,7287,1.7148314963310349e-07
1,7288,1.7148587795108193e-07
1,7289,1.715027264097182e-07
1,7290,12212.39460865563
1,7291,29723.787960961676
1,7292,47410.295246876936
1,7293,57955.797324557556
1,7294,62249.358634725686
1,7295,58388.44160091457
1,7296,54365.58837731217
1,7297,49327.06192548982
1,7298,43684.27423967513
1,7299,40496.11311998044
1,7300,39550.804231924856
1,7301,56921.4036161675
1,7302,74879.88705852859
1,7303,93017.95533540951
1,7304,111337.40429514268
1,7305,129840.04774447405
1,7306,148527.7176282995
1,7307,167402.26421096362
1,7308,175958.92071866203
1,7309,182480.0397409999
1,7310,190558.52901618974
1,7311,203146.72348205026
1,7312,218955.08083183455
1,7313,237144.37118115372
1,7314,252300.0165722069
1,7315,263241.06872718985
1,7316,266380.8888272961
1,7317,264619.1720603442
1,7318,255473.1539505564
1,7319,240638.61608367157
1,7320,225655.7328381179
1,7321,210523.02076010872
1,7322,195238.98156131947
1,7323,179802.10197054234
1,7324,164210.85358385748
1,7325,148463.69271330582
1,7326,132559.06023404864
1,7327,116495.38143008068
1,7328,100271.06583811581
1,7329,83884.50709035959
1,7330,71675.23853788532
1,7331,60372.52821041718
1,7332,43586.98408615078
1,7333,26633.584520643748
1,7334,11240.710908373216
1,7335,16383.866847698164
1,7336,33936.97492243298
1,7337,51665.61407795966
1,7338,68826.95980262688
1,7339,74886.54998000522
1,7340,72798.31834058736
1,7341,64455.36291255703
1,7342,54468.859893954446
1,7343,37624.27908660035
1,7344,20611.25247122263
1,7345,3428.095589841601
1,7346,2.993882763531724e-07
1,7347,2.9937820993075886e-07
1,7348,2.9936043771476833e-07
1,7349,3.922431216935966e-09
1,7350,1.7147014204986597e-07
1,7351,1.714815167718853e-07
1,7352,1.714907872060235e-07
1,7353,1.7148976130609101e-07
1,7354,1.7148695214048472e-07
1,7355,1.7148636058001983e-07
1,7356,1.714831032496064e-07
1,7357,4.224006509141959e-08
1,7358,1.663215016559842e-07
1,7359,1.6644501889192002e-07
1,7360,8380.554715721408
1,7361,23366.01037824985
1,7362,21167.952799714585
1,7363,5868.801347907357
1,7364,23316.75876760584
1,7365,36933.230799818106
1,7366,44626.3827660047
1,7367,42655.90613309336
1,7368,31942.86962043687
1,7369,16822.68611227787
1,7370,4.4829789860975806e-07
1,7371,1.8492958354896795e-07
1,7372,1.846341729001171e-07
1,7373,2.0733776031093084e-08
1,7374,1.7147942614438236e-07
1,7375,1.7148081460577683e-07
1,7376,1.7149507588283194e-07
1,7377,1.7148904997877235e-07
1,7378,1.7148849851408247e-07
1,7379,1.7148852650379154e-07
1,7380,1.714853096556441e-07
1,7381,1.714822563386319e-07
1,7382,1.830499094725388e-08
1,7383,4310.767967981102
1,7384,21743.145054009576
1,7385,39349.84591090777
1,7386,54279.880520449246
1,7387,54420.57899290557
1,7388,40675.828189461565
1,7389,23693.317065048814
1,7390,6540.980829478102
1,7391,1.715018885853608e-07
1,7392,1.7149917975420878e-07
1,7393,1.7148566826307495e-07
1,7394,1.714813647387683e-07
1,7395,1.7148135443835976e-07
1,7396,1.7148121623453963e-07
1,7397,1.7148038613027088e-07
1,7398,1.7147467602345859e-07
1,7399,1.714854056281633e-07
1,7400,1.7150031697674064e-07
1,7401,1.7149148796415993e-07
1,7402,1.7149327360800408e-07
1,7403,1.7149901067708127e-07
1,7404,1.714796695510769e-07
1,7405,1.714767032850637e-07
1,7406,1.714778241857721e-07
1,7407,2.377343757614057e-08
1,7408,10593.394402685042
1,7409,27773.966848010616
1,7410,35947.83889474151
1,7411,34062.5926025039
1,7412,22956.805065476958
1,7413,5797.103709910565
1,7414,1.7149423735444785e-07
1,7415,1.7149130218592793e-07
1,7416,1.7148931638630099e-07
1,7417,1.7148687583506766e-07
1,7418,1.7148546633440477e-07
1,7419,1.7148410617841194e-07
1,7420,1.7148384079274386e-07
1,7421,1.714767258766928e-07
1,7422,2.7877313825741453e-08
1,7423,13332.499057405937
1,7424,28506.369995938712
1,7425,29068.844079843995
1,7426,17917.11076347762
1,7427,707.0124648914732
1,7428,1.7148641736207284e-07
1,7429,1.7146755791895866e-07
1,7430,1.4028397666952666e-08
1,7431,3.785692413825351e-07
1,7432,17389.269406511612
1,7433,34952.43150687114
1,7434,52691.2252282719
1,7435,70607.40688690334
1,7436,77171.04701134683
1,7437,72266.5422741212
1,7438,57278.08007944777
1,7439,40461.591473906155
1,7440,23476.93798233784
1,7441,6322.4379559400195
1,7442,1.7149253657620348e-07
1,7443,1.7148705253261856e-07
1,7444,1.7148627949527696e-07
1,7445,1.714847157280677e-07
1,7446,1.7148469215542538e-07
1,7447,1.7148796041223857e-07
1,7448,1.7149112419118334e-07
1,7449,1.7149575758649465e-07
1,7450,1.7150039264055396e-07
1,7451,1.7148862261885623e-07
1,7452,1.7147979156599677e-07
1,7453,1.7147127245065196e-07
1,7454,1.7147040990884315e-07
1,7455,1.4031218590819614e-08
1,7456,9200.12887394079
1,7457,26681.39956891702
1,7458,44337.48297092055
1,7459,59136.74401263705
1,7460,66340.99711632878
1,7461,67342.26772844116
1,7462,63487.78167726892
1,7463,51141.58408878393
1,7464,34263.73052334481
1,7465,17217.098422293213
1,7466,4.1548712161493815e-07
1,7467,1.714876531102574e-07
1,7468,1.7148697580794052e-07
1,7469,1.7148580069308484e-07
1,7470,1.7148507879999916e-07
1,7471,1.714888973050545e-07
1,7472,1.7149189258439915e-07
1,7473,1.714915731686542e-07
1,7474,1.7148817316555614e-07
1,7475,1.7148689960823317e-07
1,7476,1.7148394405486927e-07
1,7477,1.714813105921939e-07
1,7478,1.7145858300073795e-07
1,7479,1.830513592013781e-08
1,7480,9279.74219779126
1,7481,25224.858434129535
1,7482,38852.77257085044
1,7483,46519.37093609453
1,7484,46357.18704349055
1,7485,38339.129034271995
1,7486,23654.193366917236
1,7487,6501.465894365222
1,7488,1.7149256413087643e-07
1,7489,1.714872365134602e-07
1,7490,1.7148686359832826e-07
1,7491,1.7148606100108178e-07
1,7492,1.714833007872849e-07
1,7493,1.7135195822941566e-07
1,7494,5.302283453164001e-09
1,7495,1.3087103806300746e-07
1,7496,1.3087449446939252e-07
1,7497,1.3088310660101668e-07
1,7498,4211.462693242495
1,7499,9640.39164465139
1,7500,7415.035180707039
1,7501,4899.451757584159
1,7502,11882.120214736362
1,7503,29390.210823249454
1,7504,47073.38233785206
1,7505,64933.38556760383
1,7506,82971.98882965546
1,7507,101190.97812432943
1,7508,111405.64255576974
1,7509,111491.7236131477
1,7510,102330.6619750452
1,7511,85964.69918842865
1,7512,69435.07677395124
1,7513,52740.158135337006
1,7514,35878.29031034987
1,7515,18847.803807139342
1,7516,1647.012438976177
1,7517,1.578636959117521e-07
1,7518,3.5525840397565553e-09
1,7519,1.1050329989672439e-07
1,7520,1.1050677023371146e-07
1,7521,1.1050712538806682e-07
1,7522,1.1051813893137496e-07
1,7523,9003.326959504253
1,7524,13646.897455227829
1,7525,17412.58291460051
1,7526,26742.432279633416
1,7527,44399.12600879413
1,7528,62232.38667525199
1,7529,80243.97994837814
1,7530,98435.68915423819
1,7531,110768.20367541161
1,7532,113241.33903468445
1,7533,106427.15936917935
1,7534,90707.6773991403
1,7535,74225.48476676467
1,7536,57578.470208071856
1,7537,40764.98550380307
1,7538,23783.365952513523
1,7539,6631.93020577684
1,7540,1.3087421794473974e-07
1,7541,1.308605383503901e-07
1,7542,8.130428982286981e-09
1,7543,11664.843360089388
1,7544,29170.761199967998
1,7545,46851.73821830259
1,7546,64709.5250068396
1,7547,82745.8896632715
1,7548,100962.61796627345
1,7549,116673.90961738036
1,7550,135229.9181199299
1,7551,153971.48670750702
1,7552,172900.4709809615
1,7553,192018.7450971518
1,7554,211328.20195450503
1,7555,226672.67889319916
1,7556,229772.62095456052
1,7557,229658.88868547368
1,7558,223623.17406113105
1,7559,208470.13639535572
1,7560,193165.56835292288
1,7561,177707.95463006603
1,7562,162095.76476998095
1,7563,146327.45301129538
1,7564,130401.45813502336
1,7565,114316.20330998905
1,7566,98070.0959367049
1,7567,81661.52748972841
1,7568,65088.873358307115
1,7569,48350.492685646444
1,7570,38879.470570674945
1,7571,35899.42876028704
1,7572,27066.11420663622
1,7573,20119.017473656844
1,7574,20529.537048176608
1,7575,30898.283464777287
1,7576,48064.827775639205
1,7577,65934.74545976616
1,7578,76654.25793206997
1,7579,77473.91765612921
1,7580,67852.33019220027
1,7581,51141.58408778324
1,7582,34263.730522347214
1,7583,17217.098421325376
1,7584,2.0464402374333816e-07
1,7585,1.7148736180727848e-07
1,7586,1.7148580629507615e-07
1,7587,1.7148550192168767e-07
1,7588,1.714844294082175e-07
1,7589,1.7148065213631945e-07
1,7590,2.7875070273067083e-08
1,7591,6456.932990556578
1,7592,18940.361339669344
1,7593,22835.066254699977
1,7594,20299.175874089637
1,7595,10550.643158366265
1,7596,1.7150305095850991e-07
1,7597,1.71388569275235e-07
1,7598,2.069798618726688e-08
1,7599,13190.887667318008
1,7600,30712.065950349217
1,7601,48408.456016216805
1,7602,55158.247284959136
1,7603,49657.99052534144
1,7604,32765.301024287503
1,7605,15703.684628309145
1,7606,1.7152754640194397e-07
1,7607,1.7148958803724816e-07
1,7608,1.7148832875092603e-07
1,7609,1.7148628946012491e-07
1,7610,1.7148533317177237e-07
1,7611,1.714863461685335e-07
1,7612,1.7148530423162457e-07
1,7613,1.7152073629315197e-07
1,7614,15739.96446172686
1,7615,33286.63351256365
1,7616,51008.76925399496
1,7617,68908.1263528693
1,7618,86986.47702274672
1,7619,105245.61119933156
1,7620,123687.33671768795
1,7621,142313.47949123205
1,7622,161125.88369251465
1,7623,180126.41193581247
1,7624,199316.94546154523
1,7625,218699.38432253682
1,7626,238275.64757213966
1,7627,258047.67345423962
1,7628,278017.4195951615
1,7629,296594.00106961594
1,7630,307613.06810769404
1,7631,307859.18735648843
1,7632,300233.5150965733
1,7633,288177.3945513425
1,7634,273669.8990904787
1,7635,259017.32867500753
1,7636,244218.23255538306
1,7637,229271.14547476216
1,7638,220452.99844587003
1,7639,220023.8394492465
1,7640,220254.03007523683
1,7641,212641.21229809854
1,7642,197378.35501470172
1,7643,181962.86915847196
1,7644,166393.22844368112
1,7645,150667.89132174372
1,7646,134785.3008286886
1,7647,118743.88443082564
1,7648,125079.54404450995
1,7649,133203.5482153644
1,7650,136499.28884990336
1,7651,133111.3195011737
1,7652,124759.78252007141
1,7653,109227.93745879087
1,7654,97456.13178688344
1,7655,81041.42369841273
1,7656,64462.56852907092
1,7657,47717.924808058386
1,7658,30805.834649881108
1,7659,13724.62359025823
1,7660,2.71064456292935e-07
1,7661,2.710034318329814e-07
1,7662,4.545452488371077e-09
1,7663,1.714771428451816e-07
1,7664,1.7148972209426604e-07
1,7665,1.7149298617638586e-07
1,7666,1.715108591055696e-07
1,7667,1.714870712724839e-07
1,7668,1.7146234424753157e-07
1,7669,1.7147876420979102e-07
1,7670,1.7148277433475965e-07
1,7671,1.7148033229657015e-07
1,7672,1.7147783924940604e-07
1,7673,1.7149804214453544e-07
1,7674,1.7149340049497615e-07
1,7675,1.7149349526766303e-07
1,7676,4293.083482082075
1,7677,21725.283723118344
1,7678,32061.01969996274
1,7679,34336.10489485268
1,7680,27695.647054085046
1,7681,17209.009119619943
1,7682,8610.239205746293
1,7683,2692.0775133157376
1,7684,1.982235306871924e-08
1,7685,1.714520000698687e-07
1,7686,1.7148055340756858e-07
1,7687,1.7148531598789978e-07
1,7688,1.714899848091376e-07
1,7689,1.7149028783738354e-07
1,7690,1.71488846903721e-07
1,7691,1.7148797446740185e-07
1,7692,1.7148726788273586e-07
1,7693,1.7148361696294584e-07
1,7694,1.71483571948254e-07
1,7695,1.7148190784781019e-07
1,7696,1.7147887874455615e-07
1,7697,1.7149724402580288e-07
1,7698,1.7149190216964082e-07
1,7699,1.714905517289126e-07
1,7700,1.714905206533473e-07
1,7701,1.71513029046988e-07
1,7702,6764.333188774999
1,7703,10991.937381125848
1,7704,9384.734178109498
1,7705,5772.316539325358
1,7706,2414.944250607843
1,7707,2.9300859909115086e-08
1,7708,1.7138340655353085e-07
1,7709,1.7147524936450228e-07
1,7710,1.714769071813711e-07
1,7711,1.7147645969557267e-07
1,7712,1.715032534524018e-07
1,7713,1.714913731329468e-07
1,7714,1.7156479098222083e-07
1,7715,15897.249892461728
1,7716,25881.207112961194
1,7717,38535.86241966319
1,7718,56310.490450194215
1,7719,74262.86476104491
1,7720,92394.76281501271
1,7721,110707.97984952596
1,7722,129204.32905438842
1,7723,147885.6417513026
1,7724,155016.2299867001
1,7725,148956.787369095
1,7726,133057.08583640173
1,7727,116998.38728837502
1,7728,100779.10175486802
1,7729,84397.62336602599
1,7730,67852.33019329554
1,7731,51141.58408883782
1,7732,34263.73052333554
1,7733,17217.09842217825
1,7734,9.409225011586746e-09
1,7735,1.7136080637816472e-07
1,7736,1.7149099079856456e-07
1,7737,1.71503628723234e-07
1,7738,1.714947253276622e-07
1,7739,138.7774036229542
1,7740,2106.768864223757
1,7741,5.775850410732493e-08
1,7742,1.7146052043117864e-07
1,7743,1.714833148222007e-07
1,7744,1.7148515518128327e-07
1,7745,1.7148739718241012e-07
1,7746,1.7150070090671612e-07
1,7747,11420.375817522092
1,7748,28923.84898191679
1,7749,45220.27626425058
1,7750,54073.68780901308
1,7751,50018.34729606659
1,7752,34660.22366449521
1,7753,19171.15022353838
1,7754,7484.182298909607
1,7755,1.98259370968639e-08
1,7756,1.71180600666809e-07
1,7757,1.714764682900704e-07
1,7758,1.7142567380795171e-07
1,7759,1.7145124666962394e-07
1,7760,1.7159643079451875e-07
1,7761,14174.831963436436
1,7762,31705.8496892903
1,7763,49412.177592488864
1,7764,67295.56877474814
1,7765,85357.79386884438
1,7766,103600.64121389018
1,7767,122025.91703239219
1,7768,140635.4456090833
1,7769,159431.06947154444
1,7770,178414.64957263257
1,7771,197588.06547473348
1,7772,216953.215535857
1,7773,236512.01709759302
1,7774,256266.40667494753
1,7775,273861.4911792945
1,7776,283830.13511102344
1,7777,285981.7419070866
1,7778,283163.89588707447
1,7779,276650.8346550371
1,7780,268961.04533328477
1,7781,258632.27248397446
1,7782,249375.98377354743
1,7783,246833.863745141
1,7784,244111.42093798757
1,7785,235260.06472353401
1,7786,220223.39596439112
1,7787,205036.36051765777
1,7788,189697.45471645828
1,7789,174205.15985724807
1,7790,158557.94204944733
1,7791,142754.2520637826
1,7792,145701.518668859
1,7793,163921.65227437194
1,7794,180168.15328432093
1,7795,189022.57446673693
1,7796,189305.93459283622
1,7797,183032.63285631672
1,7798,174574.5459792774
1,7799,160000.12267616682
1,7800,144210.85449656018
1,7801,128263.69363516005
1,7802,112157.06116514905
1,7803,95889.36237044189
1,7804,79458.98658779272
1,7805,62864.3070473238
1,7806,46103.680711459645
1,7807,33218.50807701178
1,7808,25130.999215784614
1,7809,13036.438597374314
1,7810,1435.741667721569
1,7811,2.820344623288189e-07
1,7812,2.820144356345945e-07
1,7813,4.266309957749235e-09
1,7814,1.7146697759383694e-07
1,7815,1.7148165056441204e-07
1,7816,1.714662457020491e-07
1,7817,1.7149263182135856e-07
1,7818,1.7150059883176499e-07
1,7819,1.714964990669123e-07
1,7820,5943.478796286244
1,7821,23392.18299046857
1,7822,37598.475425942284
1,7823,41582.62034515982
1,7824,38590.10268858797
1,7825,30604.812079334893
1,7826,19396.38469509966
1,7827,8106.51402971941
1,7828,1.9824262066720286e-08
1,7829,1.7129857785854559e-07
1,7830,1.714792702937082e-07
1,7831,1.7147551940554476e-07
1,7832,1.7149072424632204e-07
1,7833,1.7149544762821815e-07
1,7834,1.7148917715408799e-07
1,7835,1.7148798425056463e-07
1,7836,1.7148632633156398e-07
1,7837,1.7147739571121484e-07
1,7838,2.0696924058440964e-08
1,7839,7959.676890127048
1,7840,25428.54306525947
1,7841,43072.09790222359
1,7842,52151.86860682878
1,7843,48295.59787152291
1,7844,31774.610326485767
1,7845,14703.08702352941
1,7846,1.7151648190114727e-07
1,7847,1187.9811800709076
1,7848,5511.407073723651
1,7849,4470.738386763402
1,7850,4.302439724799623e-07
1,7851,1.7767403968975371e-07
1,7852,3.8052688069878534e-08
1,7853,1.7146082546869515e-07
1,7854,1.714774982657628e-07
1,7855,1.715014879460409e-07
1,7856,9.350429780368504e-08
1,7857,514.9415436561496
1,7858,1.7190324357317958e-07
1,7859,1.715035058382961e-07
1,7860,1.714812004883191e-07
1,7861,1.4031390132740161e-08
1,7862,3.7594373188950614e-07
1,7863,16893.895568484895
1,7864,34452.10393046401
1,7865,52185.894376100645
1,7866,70097.02272621034
1,7867,79009.39429212859
1,7868,76905.41416796735
1,7869,65733.97620535902
1,7870,49002.046561076524
1,7871,32102.797620379908
1,7872,15034.556190362484
1,7873,1.715154339052016e-07
1,7874,1.7148639852430404e-07
1,7875,1.7148526356883893e-07
1,7876,1.71483952279898e-07
1,7877,1.7147814461188505e-07
1,7878,1.1472998959090647e-08
1,7879,1.506707880698959e-07
1,7880,1.5067900697453805e-07
1,7881,1.5068148607189622e-07
1,7882,1.5068251871678596e-07
1,7883,1.5070549026671405e-07
1,7884,1.5069368983891876e-07
1,7885,1425.6946917384125
1,7886,15469.204806350526
1,7887,33013.16626073026
1,7888,50732.56732967902
1,7889,68629.16240932987
1,7890,83658.43015759904
1,7891,88706.6943322903
1,7892,83527.09933998367
1,7893,68795.08319207327
1,7894,52093.76461764357
1,7895,35225.43285748391
1,7896,18188.417779751384
1,7897,981.0325513277427
1,7898,1.7148782595184328e-07
1,7899,1.7148634722218828e-07
1,7900,1.7148501246634184e-07
1,7901,1.7147834052380238e-07
1,7902,5.302158263938187e-09
1,7903,7.583538148514458e-09
1,7904,1.1272504962300323e-07
1,7905,1.1272715064339714e-07
1,7906,1.1272796823064667e-07
1,7907,1.1273215054115045e-07
1,7908,1.1273050058015308e-07
1,7909,1305.4134783148247
1,7910,11178.441453966245
1,7911,28679.495274841385
1,7912,46355.559633944154
1,7913,64208.3846366474
1,7914,82239.73788938335
1,7915,99203.94837493295
1,7916,105621.41034965796
1,7917,103280.1576713263
1,7918,91280.52325531517
1,7919,74804.05908150128
1,7920,58162.83026595584
1,7921,41355.189162265895
1,7922,24379.47164756097
1,7923,7233.996957774762
1,7924,1.308743535563951e-07
1,7925,1.3085338786323784e-07
1,7926,7.667963854662899e-09
1,7927,4388.888179751716
1,7928,21822.046467827884
1,7929,39429.53633884155
1,7930,57213.10110858427
1,7931,72430.33232805031
1,7932,77811.99562343967
1,7933,81398.70076301832
1,7934,94607.83672967821
1,7935,112943.18450335294
1,7936,131461.88575476597
1,7937,150165.7740186944
1,7938,169056.70116526316
1,7939,183748.5254936963
1,7940,187167.2798134238
1,7941,180234.7054152222
1,7942,175781.18840829533
1,7943,161481.88767434543
1,7944,145707.43714470376
1,7945,129775.24210976607
1,7946,113683.72512447953
1,7947,97431.29296934069
1,7948,81016.33649265108
1,7949,64437.23045119531
1,7950,47692.333349362765
1,7951,30779.98727653646
1,7952,13698.517743055378
1,7953,1808.2352672737563
1,7954,6440.898064940887
1,7955,9938.845746620764
1,7956,8820.909850156611
1,7957,4673.5051284610145
1,7958,3669.912716404644
1,7959,8125.9339924501355
1,7960,19141.605898892725
1,7961,36722.29136425521
1,7962,50959.98594203903
1,7963,59474.70520658734
1,7964,59253.73582720852
1,7965,53448.088937773995
1,7966,42187.29188775623
1,7967,25219.895400326484
1,7968,8082.824948108562
1,7969,1.714951851744767e-07
1,7970,1.7148756930598311e-07
1,7971,1.7148742494682199e-07
1,7972,1.7148679296209593e-07
1,7973,1.7148569199794102e-07
1,7974,1.7148263874443596e-07
1,7975,1.7147402706031625e-07
1,7976,1.7149421018312168e-07
1,7977,1.7149196025018857e-07
1,7978,1.7148661396657852e-07
1,7979,1.7148921486846713e-07
1,7980,1.714873119798403e-07
1,7981,1.7147714533499768e-07
1,7982,1.4030886650660864e-08
1,7983,1.5432945537775908e-07
1,7984,3.763780536946435e-07
1,7985,17389.269406508603
1,7986,34952.43150686798
1,7987,52691.22522826867
1,7988,67059.99608838133
1,7989,72326.86780358393
1,7990,70388.31261845194
1,7991,58259.99388909024
1,7992,41453.324421645055
1,7993,24478.588259554137
1,7994,7334.104735928486
1,7995,1.7149258924425135e-07
1,7996,1.7148350246393228e-07
1,7997,1.4030925764528174e-08
1,7998,1.543691767820119e-07
1,7999,16352.037404666484
1,8000,33904.82718495
1,8001,51253.65026351797
1,8002,52310.12309651622
1,8003,40344.90136912057
1,8004,23359.08097644907
1,8005,6203.402379857585
1,8006,3.6876108213833216e-08
1,8007,9833.747421960128
1,8008,26557.804467218615
1,8009,42488.89995506794
1,8010,47466.35548813778
1,8011,38761.41524359675
1,8012,21759.759989725346
1,8013,4588.088183401405
1,8014,1.7149403367945322e-07
1,8015,1.7148832795997344e-07
1,8016,1.7148675554522186e-07
1,8017,1.714860763836609e-07
1,8018,1.7148520688092177e-07
1,8019,1.7148473615026245e-07
1,8020,1.714837827309799e-07
1,8021,1.7146716198277226e-07
1,8022,1.5758213701345245e-09
1,8023,4114.778401347768
1,8024,21545.195591753738
1,8025,39149.916954063774
1,8026,56930.685529996896
1,8027,74889.26179168935
1,8028,93027.42381599874
1,8029,111346.96746055123
1,8030,129849.70654154923
1,8031,148537.4730133572
1,8032,167412.11714988327
1,8033,186475.5077277746
1,8034,205729.5322114448
1,8035,224030.51729959197
1,8036,232379.99037477808
1,8037,231583.56144534264
1,8038,222662.1549770382
1,8039,207499.50712041967
1,8040,192185.23278523513
1,8041,176717.8157066989
1,8042,161095.72445737745
1,8043,145317.412295563
1,8044,129381.31701213063
1,8045,113285.86077586413
1,8046,99138.03792932499
1,8047,113806.16130790563
1,8048,132333.49232732446
1,8049,151046.09665695493
1,8050,169945.82702989044
1,8051,189034.55470656056
1,8052,208314.16966000086
1,8053,226950.82769598698
1,8054,246609.60537932592
1,8055,266464.97083949967
1,8056,286518.8899542764
1,8057,306773.3482602018
1,8058,327230.35114918725
1,8059,340346.4379603342
1,8060,342067.92421418976
1,8061,333182.75078719587
1,8062,319125.30888869375
1,8063,304927.2925711924
1,8064,290587.2960905162
1,8065,276103.89964503347
1,8066,261475.669235096
1,8067,246701.1565210594
1,8068,231778.8986798826
1,8069,216707.4182602943
1,8070,201485.22303651038
1,8071,186110.80586055067
1,8072,170582.6445128999
1,8073,159282.81478144287
1,8074,176492.33972674015
1,8075,193021.44699436895
1,8076,203001.68172923557
1,8077,206348.2789852182
1,8078,209548.50823822114
1,8079,214721.22484308423
1,8080,220518.9840633322
1,8081,222633.13937667295
1,8082,213239.59080747236
1,8083,197982.71730916682
1,8084,182573.27507587933
1,8085,167009.73842026026
1,8086,151290.56639808655
1,8087,135414.20265569305
1,8088,119379.07527587799
1,8089,103183.59662226785
1,8090,86826.16318212572
1,8091,70305.1554075879
1,8092,53618.93755531331
1,8093,36765.85752453033
1,8094,19744.24669346826
1,8095,2552.4197541817516
1,8096,1.7148757681733576e-07
1,8097,1.7148418782487996e-07
1,8098,1.7148511434575712e-07
1,8099,1.7149115828072226e-07
1,8100,1.7148766425124787e-07
1,8101,1.7147950273025542e-07
1,8102,2.0697781631049674e-08
1,8103,1746.844785428935
1,8104,8389.60254533739
1,8105,17901.41148568841
1,8106,24197.664740230513
1,8107,23643.222011164813
1,8108,17165.90134726022
1,8109,4146.879724116628
1,8110,1.7149299314948635e-07
1,8111,1.714891908296992e-07
1,8112,1.7149062893513905e-07
1,8113,1.7148908924307271e-07
1,8114,1.7148664057739928e-07
1,8115,1.714864334812589e-07
1,8116,1.7148486277892335e-07
1,8117,1.7148416422109393e-07
1,8118,1.714841228386962e-07
1,8119,1.7148426038524588e-07
1,8120,1.7148426721151828e-07
1,8121,1.7148408328952172e-07
1,8122,1.7147458220327042e-07
1,8123,1.7146693379133733e-07
1,8124,1.7105839969884995e-07
1,8125,1.4035772760240817e-08
1,8126,3.734070444663478e-07
1,8127,6061.592622898127
1,8128,17676.378446343784
1,8129,34293.24239128155
1,8130,49152.237171361245
1,8131,58965.859190611074
1,8132,61984.81186119194
1,8133,58936.42370084052
1,8134,51039.619726038625
1,8135,34160.746516991545
1,8136,17113.08457593977
1,8137,1.7207626078441464e-07
1,8138,1.7148816126708781e-07
1,8139,1.7148856600306562e-07
1,8140,1.714874361288224e-07
1,8141,1.7148545153756588e-07
1,8142,1.7148493265521127e-07
1,8143,1.7148555782185064e-07
1,8144,1.7148548978504724e-07
1,8145,1.71484893289538e-07
1,8146,1.7147889213635034e-07
1,8147,1.714890900919759e-07
1,8148,1.7149009056205487e-07
1,8149,1.714830898255843e-07
1,8150,1.7144510479043663e-07
1,8151,2.377447538253399e-08
1,8152,2761.8680004186654
1,8153,10853.188273291742
1,8154,18616.217387356282
1,8155,22656.41475150249
1,8156,19134.201787637903
1,8157,8269.537892293349
1,8158,1.715001807881542e-07
1,8159,1.7148925291268768e-07
1,8160,1.7148957834502284e-07
1,8161,1.7149013567042178e-07
1,8162,1.7148800582835627e-07
1,8163,1.714864118296331e-07
1,8164,1.714843107089505e-07
1,8165,1.7148254438412538e-07
1,8166,1.7147235052111906e-07
1,8167,1.4031278893151725e-08
1,8168,1.5451448922705851e-07
1,8169,4456.784828350592
1,8170,6662.105608992905
1,8171,7905.522619823575
1,8172,5167.03594570684
1,8173,3.148562092112077e-08
1,8174,1.54179548703012e-07
1,8175,3.761562667098156e-07
1,8176,15839.62935987071
1,8177,33387.29505976369
1,8178,50479.824079474456
1,8179,62544.226307361794
1,8180,68523.73684657946
1,8181,68285.60900564215
1,8182,61174.97169433324
1,8183,45507.82441576408
1,8184,28573.63325361435
1,8185,11470.100179929286
1,8186,1.7149743491523496e-07
1,8187,1.7148610717646626e-07
1,8188,1.7148317619356305e-07
1,8189,1.714286871390186e-07
1,8190,5.302191318638318e-09
1,8191,1.308679794644941e-07
1,8192,1.3087338861418477e-07
1,8193,1.3087524639943202e-07
1,8194,1.3088096459943407e-07
1,8195,1.3088725708069993e-07
1,8196,1.3087109874799856e-07
1,8197,1.3087141721677422e-07
1,8198,8010.706456015225
1,8199,25480.082926835887
1,8200,43124.15316243053
1,8201,60944.66410040303
1,8202,78943.38014776622
1,8203,91484.60743400302
1,8204,98088.14736087547
1,8205,98649.93994116658
1,8206,91906.57379177054
1,8207,75645.91769068471
1,8208,59013.107461235915
1,8209,42213.969129505225
1,8210,25246.839414482434
1,8211,8110.038402385002
1,8212,1.5043698667932168e-07
1,8213,1.502713664523162e-07
1,8214,1.494273752367259e-09
1,8215,9211.946726384733
1,8216,26693.33560004123
1,8217,44349.538362434294
1,8218,62182.30315245127
1,8219,80193.39559036844
1,8220,98384.59895266478
1,8221,116757.71434858408
1,8222,135314.56089846257
1,8223,154056.97591383985
1,8224,172986.8150793709
1,8225,192105.95263655725
1,8226,211416.28156931544
1,8227,230665.81914925922
1,8228,239936.54948323825
1,8229,240354.93198459173
1,8230,230628.88097895053
1,8231,215545.90038235008
1,8232,200312.08997978372
1,8233,184925.9414731918
1,8234,169385.9314815341
1,8235,153690.52138995987
1,8236,137838.15719747005
1,8237,121827.26936305543
1,8238,115198.69065746051
1,8239,131622.72193370695
1,8240,150328.2185594367
1,8241,169220.77015142376
1,8242,188302.24725933067
1,8243,207574.53913831667
1,8244,227039.55393609253
1,8245,246699.2188818461
1,8246,266555.4804770573
1,8247,286610.3046882205
1,8248,306865.67714149534
1,8249,327323.603319303
1,8250,347986.10875888873
1,8251,368855.23925287015
1,8252,379495.0814737049
1,8253,380758.06961676246
1,8254,372369.55062092096
1,8255,358703.9767207456
1,8256,344901.7470815663
1,8257,330961.4951459955
1,8258,316881.8406910694
1,8259,302661.38969159435
1,8260,288298.73418212496
1,8261,273792.4521175614
1,8262,259141.10723236014
1,8263,244343.24889832232
1,8264,229397.41198095478
1,8265,214302.11669443487
1,8266,199055.86845511358
1,8267,196552.47139213214
1,8268,189360.77431020275
1,8269,178927.67858139577
1,8270,180378.50808753812
1,8271,187660.58969934168
1,8272,196906.47892672045
1,8273,207798.26942247528
1,8274,210106.29579610028
1,8275,204133.6294143412
1,8276,190370.79666538892
1,8277,174885.23522565782
1,8278,159244.81817152989
1,8279,143447.99694686115
1,8280,127493.2075099463
1,8281,111378.8701786629
1,8282,95103.38947406736
1,8283,78665.15396242667
1,8284,62062.5360956705
1,8285,45293.892050247836
1,8286,28357.561564372216
1,8287,11251.867773639357
1,8288,739.0435888150508
1,8289,4.062468162013838e-08
1,8290,1.5369625386778924e-07
1,8291,1.5370557467040964e-07
1,8292,1.5370661881413078e-07
1,8293,1.5370619588900812e-07
1,8294,1.537068519268678e-07
1,8295,1.5372152243348504e-07
1,8296,12932.161661699778
1,8297,30450.75268455423
1,8298,48144.529617714456
1,8299,64475.5064197042
1,8300,73546.84315604986
1,8301,76523.01713168563
1,8302,74640.32274393077
1,8303,64888.40063247571
1,8304,48351.915598583444
1,8305,31446.16534826191
1,8306,14371.357595523314
1,8307,1.715153464150465e-07
1,8308,1.7148740389635918e-07
1,8309,1.7148609637247293e-07
1,8310,1.714823994197355e-07
1,8311,1.7146412964206344e-07
1,8312,1.4031104510650285e-08
1,8313,1.54323500357157e-07
1,8314,1.54334692275968e-07
1,8315,1.543393408472637e-07
1,8316,1.5434121750719683e-07
1,8317,1.5433894108972542e-07
1,8318,1.543824263638906e-07
1,8319,9845.806564586861
1,8320,26671.799560778316
1,8321,44327.78696270047
1,8322,62160.33423866769
1,8323,73805.98020725892
1,8324,75810.96678649724
1,8325,67852.33019319773
1,8326,51141.5840887842
1,8327,34263.73052334508
1,8328,17217.098422293482
1,8329,4.157165263279374e-07
1,8330,1.7149079919521245e-07
1,8331,1.7148836788078532e-07
1,8332,1.7148081143605757e-07
1,8333,1.7145918048812954e-07
1,8334,1.7147915589604042e-07
1,8335,1.7147868321132353e-07
1,8336,1.7149012059673187e-07
1,8337,1.7149079687420665e-07
1,8338,1.7148852011876232e-07
1,8339,1.7148882895806085e-07
1,8340,1.7148608725126979e-07
1,8341,1.714803222282622e-07
1,8342,2.0697130466014696e-08
1,8343,3282.8831400702256
1,8344,15072.315960989887
1,8345,29039.734778013055
1,8346,36459.580338397536
1,8347,36263.90362788925
1,8348,27708.754096716435
1,8349,12164.620570838528
1,8350,1.715051270050386e-07
1,8351,1.714915576150151e-07
1,8352,1.7149294634485803e-07
1,8353,1.7148825311887983e-07
1,8354,1.7148573343980724e-07
1,8355,1.7148370609263146e-07
1,8356,1.7148291475111116e-07
1,8357,1.7148155607155774e-07
1,8358,1.7102330758688084e-07
1,8359,5.302633728191151e-09
1,8360,1.3086818313217037e-07
1,8361,1.3087229845106874e-07
1,8362,1.308726435476058e-07
1,8363,1.3087413160508578e-07
1,8364,1.3087357864777476e-07
1,8365,1.3088377576300813e-07
1,8366,12144.519816425927
1,8367,29655.2344208507
1,8368,47341.05617138548
1,8369,65203.73613944753
1,8370,83245.04290720116
1,8371,96044.33341685311
1,8372,99813.29042131803
1,8373,96269.80900676183
1,8374,84397.62336620486
1,8375,67852.33019350521
1,8376,51141.58408908703
1,8377,34263.73052363928
1,8378,17217.09842256834
1,8379,6.013014392775408e-07
1,8380,1.5006104923546764e-07
1,8381,1.2278125508813568e-08
1,8382,1.3501264999504943e-07
1,8383,7512.270748419446
1,8384,24976.66286215993
1,8385,42615.69889710568
1,8386,60431.12529242351
1,8387,77409.2428246367
1,8388,89212.77337861739
1,8389,98821.84990912866
1,8390,117199.33781459257
1,8391,135760.60059911353
1,8392,154507.4760114816
1,8393,173441.82017797482
1,8394,187897.1746962664
1,8395,187684.7121004467
1,8396,174363.20305815624
1,8397,158717.5656823615
1,8398,142915.47193281073
1,8399,126955.35724576686
1,8400,110835.64141185561
1,8401,94554.72841960935
1,8402,78111.00629744637
1,8403,61502.84695407037
1,8404,44728.60601727497
1,8405,27786.622671140336
1,8406,10675.219491630498
1,8407,1.7148156141878865e-07
1,8408,1.715097584997164e-07
1,8409,1.7149322137355576e-07
1,8410,1.7149115077105012e-07
1,8411,1.7149279481386216e-07
1,8412,1.7148676394000955e-07
1,8413,1.7147698259210452e-07
1,8414,2.7876203226878145e-08
1,8415,1986.1909301370433
1,8416,10063.810596277171
1,8417,19419.799479915353
1,8418,20410.45349044949
1,8419,9422.349856916157
1,8420,1.7149880731699317e-07
1,8421,1.7148976506781177e-07
1,8422,1.7149208190000336e-07
1,8423,1.715040354922806e-07
1,8424,1.71513512538219e-07
1,8425,1.7147521827435446e-07
1,8426,1.7148094006452937e-07
1,8427,1.7147263159183156e-07
1,8428,1.714763558588201e-07
1,8429,1.7148079615818528e-07
1,8430,1.7147468714149108e-07
1,8431,5.6599641210540506e-08
1,8432,3297.4486230061516
1,8433,1879.3411833015969
1,8434,1.7149357729349338e-07
1,8435,1.714886793893083e-07
1,8436,1.7148479262670598e-07
1,8437,1.7146472865151225e-07
1,8438,2.7875679564669172e-08
1,8439,9282.46974427455
1,8440,21629.714051778097
1,8441,29728.041114946758
1,8442,26024.25072565604
1,8443,11496.211917420798
1,8444,1.71502234994948e-07
1,8445,1.714898003913354e-07
1,8446,1.7153443172907771e-07
1,8447,6264.951112304094
1,8448,10321.364942696322
1,8449,9610.198075980308
1,8450,6022.106106684589
1,8451,2067.58228178165
1,8452,1.7980182631115757e-07
1,8453,2.9310460646502255e-08
1,8454,1.71461278849355e-07
1,8455,1.714832025700064e-07
1,8456,1.7148672611374074e-07
1,8457,1.7148865850074397e-07
1,8458,1.7148902044616227e-07
1,8459,1.7148964890647232e-07
1,8460,1.7148535016157278e-07
1,8461,1.7148271393846448e-07
1,8462,1.7148460106146358e-07
1,8463,1.7148702383538625e-07
1,8464,1.714862365210265e-07
1,8465,1.7148791027233332e-07
1,8466,1.714886852611033e-07
1,8467,1.7148872860891563e-07
1,8468,1.7148805152631232e-07
1,8469,1.7148824381441941e-07
1,8470,1.714903362306662e-07
1,8471,1.7149291076432429e-07
1,8472,1.714989430427337e-07
1,8473,1.7150665353163797e-07
1,8474,1.7148373977814244e-07
1,8475,1.7147920155735044e-07
1,8476,1.7147691193744076e-07
1,8477,1.7147722682409375e-07
1,8478,1.7148064246583238e-07
1,8479,1.7148417455538378e-07
1,8480,1.7148553127822332e-07
1,8481,1.7148546314118543e-07
1,8482,1.7148298524631588e-07
1,8483,1.7148692607436714e-07
1,8484,1.7148815269430124e-07
1,8485,1.7148309324887135e-07
1,8486,1.714750180173885e-07
1,8487,1.7128563505665892e-07
1,8488,4.224700049341323e-08
1,8489,4846.291343695813
1,8490,8196.044902942536
1,8491,6398.559073996916
1,8492,1.715260101723857e-07
1,8493,1.714901546182371e-07
1,8494,1.7149105547499175e-07
1,8495,1.714970832643705e-07
1,8496,1.7152197579430235e-07
1,8497,1.715228939438919e-07
1,8498,1.7143896851001513e-07
1,8499,1.7147210412229758e-07
1,8500,1.7147612039160255e-07
1,8501,1.7148009570311048e-07
1,8502,1.7146462697145465e-07
1,8503,2.5381414530646157e-08
1,8504,6296.488638778666
1,8505,13204.300581311085
1,8506,16577.27272637832
1,8507,18090.168105331122
1,8508,17409.39972257072
1,8509,20031.242515773305
1,8510,37620.82434690325
1,8511,55386.30199664291
1,8512,73329.43442293008
1,8513,91451.99817350089
1,8514,109755.78756158879
1,8515,128242.61484356475
1,8516,141376.89308607124
1,8517,142313.72147190158
1,8518,134169.9486247269
1,8519,118122.37870458339
1,8520,101914.33308523842
1,8521,85544.20700970004
1,8522,69010.37967340629
1,8523,52311.21406374962
1,8524,35445.0567979964
1,8525,18410.237959585676
1,8526,1205.0709327908576
1,8527,1.0135149002493283e-08
1,8528,1.7148447603164852e-07
1,8529,1.714871967512942e-07
1,8530,1.7148957994395e-07
1,8531,1.7150006337881673e-07
1,8532,1.7147927180774232e-07
1,8533,1.714791026356116e-07
1,8534,1.714822282062147e-07
1,8535,1.7147809228896583e-07
1,8536,2.3775012042565182e-08
1,8537,5276.375220250823
1,8538,12763.917321368075
1,8539,19066.325355289795
1,8540,19212.42116910886
1,8541,13971.822696985444
1,8542,711.1646922109041
1,8543,1.7149004341221658e-07
1,8544,1.7148792634861208e-07
1,8545,1.7148735879344039e-07
1,8546,1.7148706239793676e-07
1,8547,1.7148622993943142e-07
1,8548,1.7148416784371154e-07
1,8549,5.3027506367440985e-09
1,8550,1.5596176222799148e-07
1,8551,17389.269405740524
1,8552,34952.43150607684
1,8553,52691.22522746882
1,8554,70607.40688609396
1,8555,88702.75036131534
1,8556,106979.04727129506
1,8557,125438.10715037871
1,8558,144081.75762825616
1,8559,162911.84461091468
1,8560,181930.23246340145
1,8561,201138.80419441458
1,8562,210841.60780046083
1,8563,206494.12467180786
1,8564,191169.79651214473
1,8565,175692.2250708859
1,8566,160059.8779152156
1,8567,144271.20728798988
1,8568,128324.64995449348
1,8569,112218.62704766402
1,8570,95951.54391176866
1,8571,79521.78994451743
1,8572,62927.73843759778
1,8573,46167.74641561468
1,8574,29240.154473420374
1,8575,12143.286611818487
1,8576,6685.446810842497
1,8577,2534.477679093144
1,8578,1.7149637283122047e-07
1,8579,1.7148876669634164e-07
1,8580,1.7148410675764695e-07
1,8581,1.7144408958976354e-07
1,8582,1.4826378180169862e-08
1,8583,7292.04356628319
1,8584,24754.233408240125
1,8585,42391.04514865448
1,8586,59819.03711769457
1,8587,68354.44179889926
1,8588,67467.40555700327
1,8589,56179.01954041137
1,8590,39351.54032947938
1,8591,22355.7863264668
1,8592,5190.074783510276
1,8593,1.7149245649575708e-07
1,8594,1.7148775135905907e-07
1,8595,1.7148645720192193e-07
1,8596,1.7148596373768436e-07
1,8597,1.7148511830133322e-07
1,8598,1.7148416514770732e-07
1,8599,1.7148321719418608e-07
1,8600,1.7148220455361247e-07
1,8601,1.7148638931129608e-07
1,8602,1.7148554920927385e-07
1,8603,1.7149357686371564e-07
1,8604,1.7148806149693365e-07
1,8605,1.7148173012701638e-07
1,8606,2.3773855964714002e-08
1,8607,1852.416966230041
1,8608,12233.216100700167
1,8609,27662.920004800388
1,8610,42739.39182609073
1,8611,54868.84109179183
1,8612,58957.084885908436
1,8613,69350.83593470295
1,8614,87433.61370026947
1,8615,105697.21924357784
1,8616,124143.46084234801
1,8617,142774.16485712025
1,8618,161591.1759120488
1,8619,180596.3570775324
1,8620,198991.53312415362
1,8621,214569.40790967213
1,8622,232170.87426804897
1,8623,251881.85241710406
1,8624,271789.94034765125
1,8625,291897.1091575052
1,8626,312205.3496554588
1,8627,332716.672558393
1,8628,348860.09159753955
1,8629,358938.30992732313
1,8630,369832.539608154
1,8631,384894.05721663195
1,8632,405079.49544955394
1,8633,426519.5598104247
1,8634,445284.85244546516
1,8635,457201.25619631825
1,8636,459016.4890842055
1,8637,449374.8473980279
1,8638,436479.32646561763
1,8639,423454.85032388335
1,8640,410300.12942073174
1,8641,397013.8613085486
1,8642,383594.73051524366
1,8643,370041.4084140057
1,8644,356352.5530917554
1,8645,342526.8092162826
1,8646,328562.8079020551
1,8647,314459.1665746854
1,8648,300214.488834042
1,8649,285827.3643159922
1,8650,271296.3685527619
1,8651,256620.06283189938
1,8652,241796.9940538282
1,8653,226825.69458797635
1,8654,211704.682127466
1,8655,196432.45954235055
1,8656,181007.51473145068
1,8657,165428.32047246274
1,8658,149693.33427093067
1,8659,133800.99820752023
1,8660,117928.83088420697
1,8661,102665.60248562934
1,8662,86302.98910412702
1,8663,69776.74958881436
1,8664,53085.24767835468
1,8665,36226.8307487987
1,8666,19199.829649959058
1,8667,5268.212583166
1,8668,3.974491487125883e-09
1,8669,1.71469133329144e-07
1,8670,1.7145228517053356e-07
1,8671,5.302184561811605e-09
1,8672,1.3087048070833506e-07
1,8673,1.3087244600201264e-07
1,8674,1.3087289395767717e-07
1,8675,1.3087881238409778e-07
1,8676,7503.0863326356775
1,8677,24967.38660222251
1,8678,42606.329874571005
1,8679,60421.6625796649
1,8680,78415.14861182071
1,8681,96588.56950430464
1,8682,114943.7246057178
1,8683,131860.34863258168
1,8684,140320.8045445861
1,8685,140645.0711153273
1,8686,132140.45795463442
1,8687,116072.5931277979
1,8688,99844.0496526937
1,8689,83453.22074283927
1,8690,66898.48354388724
1,8691,50178.198972946746
1,8692,33290.71155629812
1,8693,16234.349265484521
1,8694,6.406538843752827e-08
1,8695,1.5433004604299824e-07
1,8696,1.5433771696039345e-07
1,8697,1.5433964169718484e-07
1,8698,1.5434260480930813e-07
1,8699,3.7699288045082774e-07
1,8700,2056.1583816251255
1,8701,728.7694798669586
1,8702,2668.6949139720414
1,8703,12086.691150211356
1,8704,29596.827468071577
1,8705,47282.065149116446
1,8706,54473.861338829105
1,8707,49216.02305282682
1,8708,32318.913877047762
1,8709,15252.83360959702
1,8710,1.7152673283227335e-07
1,8711,1.715606970207229e-07
1,8712,1.7150633806783705e-07
1,8713,1.714915625595191e-07
1,8714,1.7148955193629738e-07
1,8715,1.7148754626684958e-07
1,8716,1.7147069243287445e-07
1,8717,1.7140390988704536e-07
1,8718,1.7147860460474157e-07
1,8719,1.7145043250220557e-07
1,8720,1.715111164520412e-07
1,8721,1.714971895150992e-07
1,8722,1.7148961919469783e-07
1,8723,1.7148856261225043e-07
1,8724,1.714858860261113e-07
1,8725,1.7147487850390636e-07
1,8726,2.7871016173729082e-08
1,8727,3606.236810899684
1,8728,15925.98845148004
1,8729,26699.844610455533
1,8730,26356.830675009132
1,8731,16820.941991326978
1,8732,1.716730837547024e-07
1,8733,1.7148984053394793e-07
1,8734,1.714954015660786e-07
1,8735,1.7155429747807037e-07
1,8736,1.7149623345014652e-07
1,8737,1.7148554445905887e-07
1,8738,1.7147904203074302e-07
1,8739,1.7144428759424527e-07
1,8740,1.714643063795943e-07
1,8741,1.7147875291069676e-07
1,8742,1.713963861256192e-07
1,8743,4.223627737670306e-08
1,8744,9741.290243270312
1,8745,13737.18095466516
1,8746,8382.103073024971
1,8747,1.7154943760981168e-07
1,8748,1.714830670354649e-07
1,8749,1.403104539989363e-08
1,8750,1.5433042533166685e-07
1,8751,3.7641278019501885e-07
1,8752,17389.269406508654
1,8753,34952.43150686803
1,8754,52691.22522826871
1,8755,69313.42698948909
1,8756,76675.17287015103
1,8757,76449.27628882299
1,8758,69222.4439151975
1,8759,53390.560584021856
2,0,0.0
2,1,0.0
2,2,0.0
2,3,0.0
2,4,0.0
2,5,0.0
2,6,0.0
2,7,0.0
2,8,0.0
2,9,0.0
2,10,0.0
2,11,0.0
2,12,0.0
2,13,0.0
2,14,0.0
2,15,0.0
2,16,0.0
2,17,0.0
2,18,0.0
2,19,0.0
2,20,0.0
2,21,0.0
2,22,0.0
2,23,0.0
2,24,0.0
2,25,0.0
2,26,0.0
2,27,0.0
2,28,0.0
2,29,0.0
2,30,0.0
2,31,0.0
2,32,0.0
2,33,0.0
2,34,0.0
2,35,0.0
2,36,0.0
2,37,0.0
2,38,0.0
2,39,0.0
2,40,0.0
2,41,0.0
2,42,0.0
2,43,0.0
2,44,0.0
2,45,0.0
2,46,0.0
2,47,0.0
2,48,0.0
2,49,0.0
2,50,0.0
2,51,0.0
2,52,0.0
2,53,0.0
2,54,0.0
2,55,0.0
2,56,0.0
2,57,0.0
2,58,0.0
2,59,0.0
2,60,0.0
2,61,0.0
2,62,0.0
2,63,0.0
2,64,0.0
2,65,0.0
2,66,0.0
2,67,0.0
2,68,0.0
2,69,0.0
2,70,0.0
2,71,0.0
2,72,0.0
2,73,0.0
2,74,0.0
2,75,0.0
2,76,0.0
2,77,0.0
2,78,0.0
2,79,0.0
2,80,0.0
2,81,0.0
2,82,0.0
2,83,0.0
2,84,0.0
2,85,0.0
2,86,0.0
2,87,0.0
2,88,0.0
2,89,0.0
2,90,0.0
2,91,0.0
2,92,0.0
2,93,0.0
2,94,0.0
2,95,0.0
2,96,0.0
2,97,0.0
2,98,0.0
2,99,0.0
2,100,0.0
2,101,0.0
2,102,0.0
2,103,0.0
2,104,0.0
2,105,0.0
2,106,0.0
2,107,0.0
2,108,0.0
2,109,0.0
2,110,0.0
2,111,0.0
2,112,0.0
2,113,0.0
2,114,0.0
2,115,0.0
2,116,0.0
2,117,0.0
2,118,0.0
2,119,0.0
2,120,0.0
2,121,0.0
2,122,0.0
2,123,0.0
2,124,0.0
2,125,0.0
2,126,0.0
2,127,0.0
2,128,0.0
2,129,0.0
2,130,0.0
2,131,0.0
2,132,0.0
2,133,0.0
2,134,0.0
2,135,0.0
2,136,0.0
2,137,0.0
2,138,0.0
2,139,0.0
2,140,0.0
2,141,0.0
2,142,0.0
2,143,0.0
2,144,0.0
2,145,0.0
2,146,0.0
2,147,0.0
2,148,0.0
2,149,0.0
2,150,0.0
2,151,0.0
2,152,0.0
2,153,0.0
2,154,0.0
2,155,0.0
2,156,0.0
2,157,0.0
2,158,0.0
2,159,0.0
2,160,0.0
2,161,0.0
2,162,0.0
2,163,0.0
2,164,0.0
2,165,0.0
2,166,0.0
2,167,0.0
2,168,0.0
2,169,0.0
2,170,0.0
2,171,0.0
2,172,0.0
2,173,0.0
2,174,0.0
2,175,0.0
2,176,0.0
2,177,0.0
2,178,0.0
2,179,0.0
2,180,0.0
2,181,0.0
2,182,0.0
2,183,0.0
2,184,0.0
2,185,0.0
2,186,0.0
2,187,0.0
2,188,0.0
2,189,0.0
2,190,0.0
2,191,0.0
2,192,0.0
2,193,0.0
2,194,0.0
2,195,0.0
2,196,0.0
2,197,0.0
2,198,0.0
2,199,0.0
2,200,0.0
2,201,0.0
2,202,0.0
2,203,0.0
2,204,0.0
2,205,0.0
2,206,0.0
2,207,0.0
2,208,0.0
2,209,0.0
2,210,0.0
2,211,0.0
2,212,0.0
2,213,0.0
2,214,0.0
2,215,0.0
2,216,0.0
2,217,0.0
2,218,0.0
2,219,0.0
2,220,0.0
2,221,0.0
2,222,0.0
2,223,0.0
2,224,0.0
2,225,0.0
2,226,0.0
2,227,0.0
2,228,0.0
2,229,0.0
2,230,0.0
2,231,0.0
2,232,0.0
2,233,0.0
2,234,0.0
2,235,0.0
2,236,0.0
2,237,0.0
2,238,0.0
2,239,0.0
2,240,0.0
2,241,0.0
2,242,0.0
2,243,0.0
2,244,0.0
2,245,0.0
2,246,0.0
2,247,0.0
2,248,0.0
2,249,0.0
2,250,0.0
2,251,0.0
2,252,0.0
2,253,0.0
2,254,0.0
2,255,0.0
2,256,0.0
2,257,0.0
2,258,0.0
2,259,0.0
2,260,0.0
2,261,0.0
2,262,0.0
2,263,0.0
2,264,0.0
2,265,0.0
2,266,0.0
2,267,0.0
2,268,0.0
2,269,0.0
2,270,0.0
2,271,0.0
2,272,0.0
2,273,0.0
2,274,0.0
2,275,0.0
2,276,0.0
2,277,0.0
2,278,0.0
2,279,0.0
2,280,0.0
2,281,0.0
2,282,0.0
2,283,0.0
2,284,0.0
2,285,0.0
2,286,0.0
2,287,0.0
2,288,0.0
2,289,0.0
2,290,0.0
2,291,0.0
2,292,0.0
2,293,0.0
2,294,0.0
2,295,0.0
2,296,0.0
2,297,0.0
2,298,0.0
2,299,0.0
2,300,0.0
2,301,0.0
2,302,0.0
2,303,0.0
2,304,0.0
2,305,0.0
2,306,0.0
2,307,0.0
2,308,0.0
2,309,0.0
2,310,0.0
2,311,0.0
2,312,0.0
2,313,0.0
2,314,0.0
2,315,0.0
2,316,0.0
2,317,0.0
2,318,0.0
2,319,0.0
2,320,0.0
2,321,0.0
2,322,0.0
2,323,0.0
2,324,0.0
2,325,0.0
2,326,0.0
2,327,0.0
2,328,0.0
2,329,0.0
2,330,0.0
2,331,0.0
2,332,0.0
2,333,0.0
2,334,0.0
2,335,0.0
2,336,0.0
2,337,0.0
2,338,0.0
2,339,0.0
2,340,0.0
2,341,0.0
2,342,0.0
2,343,0.0
2,344,0.0
2,345,0.0
2,346,0.0
2,347,0.0
2,348,0.0
2,349,0.0
2,350,0.0
2,351,0.0
2,352,0.0
2,353,0.0
2,354,0.0
2,355,0.0
2,356,0.0
2,357,0.0
2,358,0.0
2,359,0.0
2,360,0.0
2,361,0.0
2,362,0.0
2,363,0.0
2,364,0.0
2,365,0.0
2,366,0.0
2,367,0.0
2,368,0.0
2,369,0.0
2,370,0.0
2,371,0.0
2,372,0.0
2,373,0.0
2,374,0.0
2,375,0.0
2,376,0.0
2,377,0.0
2,378,0.0
2,379,0.0
2,380,0.0
2,381,0.0
2,382,0.0
2,383,0.0
2,384,0.0
2,385,0.0
2,386,0.0
2,387,0.0
2,388,0.0
2,389,0.0
2,390,0.0
2,391,0.0
2,392,0.0
2,393,0.0
2,394,0.0
2,395,0.0
2,396,0.0
2,397,0.0
2,398,0.0
2,399,0.0
2,400,0.0
2,401,0.0
2,402,0.0
2,403,0.0
2,404,0.0
2,405,0.0
2,406,0.0
2,407,0.0
2,408,0.0
2,409,0.0
2,410,0.0
2,411,0.0
2,412,0.0
2,413,0.0
2,414,0.0
2,415,0.0
2,416,0.0
2,417,0.0
2,418,0.0
2,419,0.0
2,420,0.0
2,421,0.0
2,422,0.0
2,423,0.0
2,424,0.0
2,425,0.0
2,426,0.0
2,427,0.0
2,428,0.0
2,429,0.0
2,430,0.0
2,431,0.0
2,432,0.0
2,433,0.0
2,434,0.0
2,435,0.0
2,436,0.0
2,437,0.0
2,438,0.0
2,439,0.0
2,440,0.0
2,441,0.0
2,442,0.0
2,443,0.0
2,444,0.0
2,445,0.0
2,446,0.0
2,447,0.0
2,448,0.0
2,449,0.0
2,450,0.0
2,451,0.0
2,452,0.0
2,453,0.0
2,454,0.0
2,455,0.0
2,456,0.0
2,457,0.0
2,458,0.0
2,459,0.0
2,460,0.0
2,461,0.0
2,462,0.0
2,463,0.0
2,464,0.0
2,465,0.0
2,466,0.0
2,467,0.0
2,468,0.0
2,469,0.0
2,470,0.0
2,471,0.0
2,472,0.0
2,473,0.0
2,474,0.0
2,475,0.0
2,476,0.0
2,477,0.0
2,478,0.0
2,479,0.0
2,480,0.0
2,481,0.0
2,482,0.0
2,483,0.0
2,484,0.0
2,485,0.0
2,486,0.0
2,487,0.0
2,488,0.0
2,489,0.0
2,490,0.0
2,491,0.0
2,492,0.0
2,493,0.0
2,494,0.0
2,495,0.0
2,496,0.0
2,497,0.0
2,498,0.0
2,499,0.0
2,500,0.0
2,501,0.0
2,502,0.0
2,503,0.0
2,504,0.0
2,505,0.0
2,506,0.0
2,507,0.0
2,508,0.0
2,509,0.0
2,510,0.0
2,511,0.0
2,512,0.0
2,513,0.0
2,514,0.0
2,515,0.0
2,516,0.0
2,517,0.0
2,518,0.0
2,519,0.0
2,520,0.0
2,521,0.0
2,522,0.0
2,523,0.0
2,524,0.0
2,525,0.0
2,526,0.0
2,527,0.0
2,528,0.0
2,529,0.0
2,530,0.0
2,531,0.0
2,532,0.0
2,533,0.0
2,534,0.0
2,535,0.0
2,536,0.0
2,537,0.0
2,538,0.0
2,539,0.0
2,540,0.0
2,541,0.0
2,542,0.0
2,543,0.0
2,544,0.0
2,545,0.0
2,546,0.0
2,547,0.0
2,548,0.0
2,549,0.0
2,550,0.0
2,551,0.0
2,552,0.0
2,553,0.0
2,554,0.0
2,555,0.0
2,556,0.0
2,557,0.0
2,558,0.0
2,559,0.0
2,560,0.0
2,561,0.0
2,562,0.0
2,563,0.0
2,564,0.0
2,565,0.0
2,566,0.0
2,567,0.0
2,568,0.0
2,569,0.0
2,570,0.0
2,571,0.0
2,572,0.0
2,573,0.0
2,574,0.0
2,575,0.0
2,576,0.0
2,577,0.0
2,578,0.0
2,579,0.0
2,580,0.0
2,581,0.0
2,582,0.0
2,583,0.0
2,584,0.0
2,585,0.0
2,586,0.0
2,587,0.0
2,588,0.0
2,589,0.0
2,590,0.0
2,591,0.0
2,592,0.0
2,593,0.0
2,594,0.0
2,595,0.0
2,596,0.0
2,597,0.0
2,598,0.0
2,599,0.0
2,600,0.0
2,601,0.0
2,602,0.0
2,603,0.0
2,604,0.0
2,605,0.0
2,606,0.0
2,607,0.0
2,608,0.0
2,609,0.0
2,610,0.0
2,611,0.0
2,612,0.0
2,613,0.0
2,614,0.0
2,615,0.0
2,616,0.0
2,617,0.0
2,618,0.0
2,619,0.0
2,620,0.0
2,621,0.0
2,622,0.0
2,623,0.0
2,624,0.0
2,625,0.0
2,626,0.0
2,627,0.0
2,628,0.0
2,629,0.0
2,630,0.0
2,631,0.0
2,632,0.0
2,633,0.0
2,634,0.0
2,635,0.0
2,636,0.0
2,637,0.0
2,638,0.0
2,639,0.0
2,640,0.0
2,641,0.0
2,642,0.0
2,643,0.0
2,644,0.0
2,645,0.0
2,646,0.0
2,647,0.0
2,648,0.0
2,649,0.0
2,650,0.0
2,651,0.0
2,652,0.0
2,653,0.0
2,654,0.0
2,655,0.0
2,656,0.0
2,657,0.0
2,658,0.0
2,659,0.0
2,660,0.0
2,661,0.0
2,662,0.0
2,663,0.0
2,664,0.0
2,665,0.0
2,666,0.0
2,667,0.0
2,668,0.0
2,669,0.0
2,670,0.0
2,671,0.0
2,672,0.0
2,673,0.0
2,674,0.0
2,675,0.0
2,676,0.0
2,677,0.0
2,678,0.0
2,679,0.0
2,680,0.0
2,681,0.0
2,682,0.0
2,683,0.0
2,684,0.0
2,685,0.0
2,686,0.0
2,687,0.0
2,688,0.0
2,689,0.0
2,690,0.0
2,691,0.0
2,692,0.0
2,693,0.0
2,694,0.0
2,695,0.0
2,696,0.0
2,697,0.0
2,698,0.0
2,699,0.0
2,700,0.0
2,701,0.0
2,702,0.0
2,703,0.0
2,704,0.0
2,705,0.0
2,706,0.0
2,707,0.0
2,708,0.0
2,709,0.0
2,710,0.0
2,711,0.0
2,712,0.0
2,713,0.0
2,714,0.0
2,715,0.0
2,716,0.0
2,717,0.0
2,718,0.0
2,719,0.0
2,720,0.0
2,721,0.0
2,722,0.0
2,723,0.0
2,724,0.0
2,725,0.0
2,726,0.0
2,727,0.0
2,728,0.0
2,729,0.0
2,730,0.0
2,731,0.0
2,732,0.0
2,733,0.0
2,734,0.0
2,735,0.0
2,736,0.0
2,737,0.0
2,738,0.0
2,739,0.0
2,740,0.0
2,741,0.0
2,742,0.0
2,743,0.0
2,744,0.0
2,745,0.0
2,746,0.0
2,747,0.0
2,748,0.0
2,749,0.0
2,750,0.0
2,751,0.0
2,752,0.0
2,753,0.0
2,754,0.0
2,755,0.0
2,756,0.0
2,757,0.0
2,758,0.0
2,759,0.0
2,760,0.0
2,761,0.0
2,762,0.0
2,763,0.0
2,764,0.0
2,765,0.0
2,766,0.0
2,767,0.0
2,768,0.0
2,769,0.0
2,770,0.0
2,771,0.0
2,772,0.0
2,773,0.0
2,774,0.0
2,775,0.0
2,776,0.0
2,777,0.0
2,778,0.0
2,779,0.0
2,780,0.0
2,781,0.0
2,782,0.0
2,783,0.0
2,784,0.0
2,785,0.0
2,786,0.0
2,787,0.0
2,788,0.0
2,789,0.0
2,790,0.0
2,791,0.0
2,792,0.0
2,793,0.0
2,794,0.0
2,795,0.0
2,796,0.0
2,797,0.0
2,798,0.0
2,799,0.0
2,800,0.0
2,801,0.0
2,802,0.0
2,803,0.0
2,804,0.0
2,805,0.0
2,806,0.0
2,807,0.0
2,808,0.0
2,809,0.0
2,810,0.0
2,811,0.0
2,812,0.0
2,813,0.0
2,814,0.0
2,815,0.0
2,816,0.0
2,817,0.0
2,818,0.0
2,819,0.0
2,820,0.0
2,821,0.0
2,822,0.0
2,823,0.0
2,824,0.0
2,825,0.0
2,826,0.0
2,827,0.0
2,828,0.0
2,829,0.0
2,830,0.0
2,831,0.0
2,832,0.0
2,833,0.0
2,834,0.0
2,835,0.0
2,836,0.0
2,837,0.0
2,838,0.0
2,839,0.0
2,840,0.0
2,841,0.0
2,842,0.0
2,843,0.0
2,844,0.0
2,845,0.0
2,846,0.0
2,847,0.0
2,848,0.0
2,849,0.0
2,850,0.0
2,851,0.0
2,852,0.0
2,853,0.0
2,854,0.0
2,855,0.0
2,856,0.0
2,857,0.0
2,858,0.0
2,859,0.0
2,860,0.0
2,861,0.0
2,862,0.0
2,863,0.0
2,864,0.0
2,865,0.0
2,866,0.0
2,867,0.0
2,868,0.0
2,869,0.0
2,870,0.0
2,871,0.0
2,872,0.0
2,873,0.0
2,874,0.0
2,875,0.0
2,876,0.0
2,877,0.0
2,878,0.0
2,879,0.0
2,880,0.0
2,881,0.0
2,882,0.0
2,883,0.0
2,884,0.0
2,885,0.0
2,886,0.0
2,887,0.0
2,888,0.0
2,889,0.0
2,890,0.0
2,891,0.0
2,892,0.0
2,893,0.0
2,894,0.0
2,895,0.0
2,896,0.0
2,897,0.0
2,898,0.0
2,899,0.0
2,900,0.0
2,901,0.0
2,902,0.0
2,903,0.0
2,904,0.0
2,905,0.0
2,906,0.0
2,907,0.0
2,908,0.0
2,909,0.0
2,910,0.0
2,911,0.0
2,912,0.0
2,913,0.0
2,914,0.0
2,915,0.0
2,916,0.0
2,917,0.0
2,918,0.0
2,919,0.0
2,920,0.0
2,921,0.0
2,922,0.0
2,923,0.0
2,924,0.0
2,925,0.0
2,926,0.0
2,927,0.0
2,928,0.0
2,929,0.0
2,930,0.0
2,931,0.0
2,932,0.0
2,933,0.0
2,934,0.0
2,935,0.0
2,936,0.0
2,937,0.0
2,938,0.0
2,939,0.0
2,940,0.0
2,941,0.0
2,942,0.0
2,943,0.0
2,944,0.0
2,945,0.0
2,946,0.0
2,947,0.0
2,948,0.0
2,949,0.0
2,950,0.0
2,951,0.0
2,952,0.0
2,953,0.0
2,954,0.0
2,955,0.0
2,956,0.0
2,957,0.0
2,958,0.0
2,959,0.0
2,960,0.0
2,961,0.0
2,962,0.0
2,963,0.0
2,964,0.0
2,965,0.0
2,966,0.0
2,967,0.0
2,968,0.0
2,969,0.0
2,970,0.0
2,971,0.0
2,972,0.0
2,973,0.0
2,974,0.0
2,975,0.0
2,976,0.0
2,977,0.0
2,978,0.0
2,979,0.0
2,980,0.0
2,981,0.0
2,982,0.0
2,983,0.0
2,984,0.0
2,985,0.0
2,986,0.0
2,987,0.0
2,988,0.0
2,989,0.0
2,990,0.0
2,991,0.0
2,992,0.0
2,993,0.0
2,994,0.0
2,995,0.0
2,996,0.0
2,997,0.0
2,998,0.0
2,999,0.0
2,1000,0.0
2,1001,0.0
2,1002,0.0
2,1003,0.0
2,1004,0.0
2,1005,0.0
2,1006,0.0
2,1007,0.0
2,1008,0.0
2,1009,0.0
2,1010,0.0
2,1011,0.0
2,1012,0.0
2,1013,0.0
2,1014,0.0
2,1015,0.0
2,1016,0.0
2,1017,0.0
2,1018,0.0
2,1019,0.0
2,1020,0.0
2,1021,0.0
2,1022,0.0
2,1023,0.0
2,1024,0.0
2,1025,0.0
2,1026,0.0
2,1027,0.0
2,1028,0.0
2,1029,0.0
2,1030,0.0
2,1031,0.0
2,1032,0.0
2,1033,0.0
2,1034,0.0
2,1035,0.0
2,1036,0.0
2,1037,0.0
2,1038,0.0
2,1039,0.0
2,1040,0.0
2,1041,0.0
2,1042,0.0
2,1043,0.0
2,1044,0.0
2,1045,0.0
2,1046,0.0
2,1047,0.0
2,1048,0.0
2,1049,0.0
2,1050,0.0
2,1051,0.0
2,1052,0.0
2,1053,0.0
2,1054,0.0
2,1055,0.0
2,1056,0.0
2,1057,0.0
2,1058,0.0
2,1059,0.0
2,1060,0.0
2,1061,0.0
2,1062,0.0
2,1063,0.0
2,1064,0.0
2,1065,0.0
2,1066,0.0
2,1067,0.0
2,1068,0.0
2,1069,0.0
2,1070,0.0
2,1071,0.0
2,1072,0.0
2,1073,0.0
2,1074,0.0
2,1075,0.0
2,1076,0.0
2,1077,0.0
2,1078,0.0
2,1079,0.0
2,1080,0.0
2,1081,0.0
2,1082,0.0
2,1083,0.0
2,1084,0.0
2,1085,0.0
2,1086,0.0
2,1087,0.0
2,1088,0.0
2,1089,0.0
2,1090,0.0
2,1091,0.0
2,1092,0.0
2,1093,0.0
2,1094,0.0
2,1095,0.0
2,1096,0.0
2,1097,0.0
2,1098,0.0
2,1099,0.0
2,1100,0.0
2,1101,0.0
2,1102,0.0
2,1103,0.0
2,1104,0.0
2,1105,0.0
2,1106,0.0
2,1107,0.0
2,1108,0.0
2,1109,0.0
2,1110,0.0
2,1111,0.0
2,1112,0.0
2,1113,0.0
2,1114,0.0
2,1115,0.0
2,1116,0.0
2,1117,0.0
2,1118,0.0
2,1119,0.0
2,1120,0.0
2,1121,0.0
2,1122,0.0
2,1123,0.0
2,1124,0.0
2,1125,0.0
2,1126,0.0
2,1127,0.0
2,1128,0.0
2,1129,0.0
2,1130,0.0
2,1131,0.0
2,1132,0.0
2,1133,0.0
2,1134,0.0
2,1135,0.0
2,1136,0.0
2,1137,0.0
2,1138,0.0
2,1139,0.0
2,1140,0.0
2,1141,0.0
2,1142,0.0
2,1143,0.0
2,1144,0.0
2,1145,0.0
2,1146,0.0
2,1147,0.0
2,1148,0.0
2,1149,0.0
2,1150,0.0
2,1151,0.0
2,1152,0.0
2,1153,0.0
2,1154,0.0
2,1155,0.0
2,1156,0.0
2,1157,0.0
2,1158,0.0
2,1159,0.0
2,1160,0.0
2,1161,0.0
2,1162,0.0
2,1163,0.0
2,1164,0.0
2,1165,0.0
2,1166,0.0
2,1167,0.0
2,1168,0.0
2,1169,0.0
2,1170,0.0
2,1171,0.0
2,1172,0.0
2,1173,0.0
2,1174,0.0
2,1175,0.0
2,1176,0.0
2,1177,0.0
2,1178,0.0
2,1179,0.0
2,1180,0.0
2,1181,0.0
2,1182,0.0
2,1183,0.0
2,1184,0.0
2,1185,0.0
2,1186,0.0
2,1187,0.0
2,1188,0.0
2,1189,0.0
2,1190,0.0
2,1191,0.0
2,1192,0.0
2,1193,0.0
2,1194,0.0
2,1195,0.0
2,1196,0.0
2,1197,0.0
2,1198,0.0
2,1199,0.0
2,1200,0.0
2,1201,0.0
2,1202,0.0
2,1203,0.0
2,1204,0.0
2,1205,0.0
2,1206,0.0
2,1207,0.0
2,1208,0.0
2,1209,0.0
2,1210,0.0
2,1211,0.0
2,1212,0.0
2,1213,0.0
2,1214,0.0
2,1215,0.0
2,1216,0.0
2,1217,0.0
2,1218,0.0
2,1219,0.0
2,1220,0.0
2,1221,0.0
2,1222,0.0
2,1223,0.0
2,1224,0.0
2,1225,0.0
2,1226,0.0
2,1227,0.0
2,1228,0.0
2,1229,0.0
2,1230,0.0
2,1231,0.0
2,1232,0.0
2,1233,0.0
2,1234,0.0
2,1235,0.0
2,1236,0.0
2,1237,0.0
2,1238,0.0
2,1239,0.0
2,1240,0.0
2,1241,0.0
2,1242,0.0
2,1243,0.0
2,1244,0.0
2,1245,0.0
2,1246,0.0
2,1247,0.0
2,1248,0.0
2,1249,0.0
2,1250,0.0
2,1251,0.0
2,1252,0.0
2,1253,0.0
2,1254,0.0
2,1255,0.0
2,1256,0.0
2,1257,0.0
2,1258,0.0
2,1259,0.0
2,1260,0.0
2,1261,0.0
2,1262,0.0
2,1263,0.0
2,1264,0.0
2,1265,0.0
2,1266,0.0
2,1267,0.0
2,1268,0.0
2,1269,0.0
2,1270,0.0
2,1271,0.0
2,1272,0.0
2,1273,0.0
2,1274,0.0
2,1275,0.0
2,1276,0.0
2,1277,0.0
2,1278,0.0
2,1279,0.0
2,1280,0.0
2,1281,0.0
2,1282,0.0
2,1283,0.0
2,1284,0.0
2,1285,0.0
2,1286,0.0
2,1287,0.0
2,1288,0.0
2,1289,0.0
2,1290,0.0
2,1291,0.0
2,1292,0.0
2,1293,0.0
2,1294,0.0
2,1295,0.0
2,1296,0.0
2,1297,0.0
2,1298,0.0
2,1299,0.0
2,1300,0.0
2,1301,0.0
2,1302,0.0
2,1303,0.0
2,1304,0.0
2,1305,0.0
2,1306,0.0
2,1307,0.0
2,1308,0.0
2,1309,0.0
2,1310,0.0
2,1311,0.0
2,1312,0.0
2,1313,0.0
2,1314,0.0
2,1315,0.0
2,1316,0.0
2,1317,0.0
2,1318,0.0
2,1319,0.0
2,1320,0.0
2,1321,0.0
2,1322,0.0
2,1323,0.0
2,1324,0.0
2,1325,0.0
2,1326,0.0
2,1327,0.0
2,1328,0.0
2,1329,0.0
2,1330,0.0
2,1331,0.0
2,1332,0.0
2,1333,0.0
2,1334,0.0
2,1335,0.0
2,1336,0.0
2,1337,0.0
2,1338,0.0
2,1339,0.0
2,1340,0.0
2,1341,0.0
2,1342,0.0
2,1343,0.0
2,1344,0.0
2,1345,0.0
2,1346,0.0
2,1347,0.0
2,1348,0.0
2,1349,0.0
2,1350,0.0
2,1351,0.0
2,1352,0.0
2,1353,0.0
2,1354,0.0
2,1355,0.0
2,1356,0.0
2,1357,0.0
2,1358,0.0
2,1359,0.0
2,1360,0.0
2,1361,0.0
2,1362,0.0
2,1363,0.0
2,1364,0.0
2,1365,0.0
2,1366,0.0
2,1367,0.0
2,1368,0.0
2,1369,0.0
2,1370,0.0
2,1371,0.0
2,1372,0.0
2,1373,0.0
2,1374,0.0
2,1375,0.0
2,1376,0.0
2,1377,0.0
2,1378,0.0
2,1379,0.0
2,1380,0.0
2,1381,0.0
2,1382,0.0
2,1383,0.0
2,1384,0.0
2,1385,0.0
2,1386,0.0
2,1387,0.0
2,1388,0.0
2,1389,0.0
2,1390,0.0
2,1391,0.0
2,1392,0.0
2,1393,0.0
2,1394,0.0
2,1395,0.0
2,1396,0.0
2,1397,0.0
2,1398,0.0
2,1399,0.0
2,1400,0.0
2,1401,0.0
2,1402,0.0
2,1403,0.0
2,1404,0.0
2,1405,0.0
2,1406,0.0
2,1407,0.0
2,1408,0.0
2,1409,0.0
2,1410,0.0
2,1411,0.0
2,1412,0.0
2,1413,0.0
2,1414,0.0
2,1415,0.0
2,1416,0.0
2,1417,0.0
2,1418,0.0
2,1419,0.0
2,1420,0.0
2,1421,0.0
2,1422,0.0
2,1423,0.0
2,1424,0.0
2,1425,0.0
2,1426,0.0
2,1427,0.0
2,1428,0.0
2,1429,0.0
2,1430,0.0
2,1431,0.0
2,1432,0.0
2,1433,0.0
2,1434,0.0
2,1435,0.0
2,1436,0.0
2,1437,0.0
2,1438,0.0
2,1439,0.0
2,1440,0.0
2,1441,0.0
2,1442,0.0
2,1443,0.0
2,1444,0.0
2,1445,0.0
2,1446,0.0
2,1447,0.0
2,1448,0.0
2,1449,0.0
2,1450,0.0
2,1451,0.0
2,1452,0.0
2,1453,0.0
2,1454,0.0
2,1455,0.0
2,1456,0.0
2,1457,0.0
2,1458,0.0
2,1459,0.0
2,1460,0.0
2,1461,0.0
2,1462,0.0
2,1463,0.0
2,1464,0.0
2,1465,0.0
2,1466,0.0
2,1467,0.0
2,1468,0.0
2,1469,0.0
2,1470,0.0
2,1471,0.0
2,1472,0.0
2,1473,0.0
2,1474,0.0
2,1475,0.0
2,1476,0.0
2,1477,0.0
2,1478,0.0
2,1479,0.0
2,1480,0.0
2,1481,0.0
2,1482,0.0
2,1483,0.0
2,1484,0.0
2,1485,0.0
2,1486,0.0
2,1487,0.0
2,1488,0.0
2,1489,0.0
2,1490,0.0
2,1491,0.0
2,1492,0.0
2,1493,0.0
2,1494,0.0
2,1495,0.0
2,1496,0.0
2,1497,0.0
2,1498,0.0
2,1499,0.0
2,1500,0.0
2,1501,0.0
2,1502,0.0
2,1503,0.0
2,1504,0.0
2,1505,0.0
2,1506,0.0
2,1507,0.0
2,1508,0.0
2,1509,0.0
2,1510,0.0
2,1511,0.0
2,1512,0.0
2,1513,0.0
2,1514,0.0
2,1515,0.0
2,1516,0.0
2,1517,0.0
2,1518,0.0
2,1519,0.0
2,1520,0.0
2,1521,0.0
2,1522,0.0
2,1523,0.0
2,1524,0.0
2,1525,0.0
2,1526,0.0
2,1527,0.0
2,1528,0.0
2,1529,0.0
2,1530,0.0
2,1531,0.0
2,1532,0.0
2,1533,0.0
2,1534,0.0
2,1535,0.0
2,1536,0.0
2,1537,0.0
2,1538,0.0
2,1539,0.0
2,1540,0.0
2,1541,0.0
2,1542,0.0
2,1543,0.0
2,1544,0.0
2,1545,0.0
2,1546,0.0
2,1547,0.0
2,1548,0.0
2,1549,0.0
2,1550,0.0
2,1551,0.0
2,1552,0.0
2,1553,0.0
2,1554,0.0
2,1555,0.0
2,1556,0.0
2,1557,0.0
2,1558,0.0
2,1559,0.0
2,1560,0.0
2,1561,0.0
2,1562,0.0
2,1563,0.0
2,1564,0.0
2,1565,0.0
2,1566,0.0
2,1567,0.0
2,1568,0.0
2,1569,0.0
2,1570,0.0
2,1571,0.0
2,1572,0.0
2,1573,0.0
2,1574,0.0
2,1575,0.0
2,1576,0.0
2,1577,0.0
2,1578,0.0
2,1579,0.0
2,1580,0.0
2,1581,0.0
2,1582,0.0
2,1583,0.0
2,1584,0.0
2,1585,0.0
2,1586,0.0
2,1587,0.0
2,1588,0.0
2,1589,0.0
2,1590,0.0
2,1591,0.0
2,1592,0.0
2,1593,0.0
2,1594,0.0
2,1595,0.0
2,1596,0.0
2,1597,0.0
2,1598,0.0
2,1599,0.0
2,1600,0.0
2,1601,0.0
2,1602,0.0
2,1603,0.0
2,1604,0.0
2,1605,0.0
2,1606,0.0
2,1607,0.0
2,1608,0.0
2,1609,0.0
2,1610,0.0
2,1611,0.0
2,1612,0.0
2,1613,0.0
2,1614,0.0
2,1615,0.0
2,1616,0.0
2,1617,0.0
2,1618,0.0
2,1619,0.0
2,1620,0.0
2,1621,0.0
2,1622,0.0
2,1623,0.0
2,1624,0.0
2,1625,0.0
2,1626,0.0
2,1627,0.0
2,1628,0.0
2,1629,0.0
2,1630,0.0
2,1631,0.0
2,1632,0.0
2,1633,0.0
2,1634,0.0
2,1635,0.0
2,1636,0.0
2,1637,0.0
2,1638,0.0
2,1639,0.0
2,1640,0.0
2,1641,0.0
2,1642,0.0
2,1643,0.0
2,1644,0.0
2,1645,0.0
2,1646,0.0
2,1647,0.0
2,1648,0.0
2,1649,0.0
2,1650,0.0
2,1651,0.0
2,1652,0.0
2,1653,0.0
2,1654,0.0
2,1655,0.0
2,1656,0.0
2,1657,0.0
2,1658,0.0
2,1659,0.0
2,1660,0.0
2,1661,0.0
2,1662,0.0
2,1663,0.0
2,1664,0.0
2,1665,0.0
2,1666,0.0
2,1667,0.0
2,1668,0.0
2,1669,0.0
2,1670,0.0
2,1671,0.0
2,1672,0.0
2,1673,0.0
2,1674,0.0
2,1675,0.0
2,1676,0.0
2,1677,0.0
2,1678,0.0
2,1679,0.0
2,1680,0.0
2,1681,0.0
2,1682,0.0
2,1683,0.0
2,1684,0.0
2,1685,0.0
2,1686,0.0
2,1687,0.0
2,1688,0.0
2,1689,0.0
2,1690,0.0
2,1691,0.0
2,1692,0.0
2,1693,0.0
2,1694,0.0
2,1695,0.0
2,1696,0.0
2,1697,0.0
2,1698,0.0
2,1699,0.0
2,1700,0.0
2,1701,0.0
2,1702,0.0
2,1703,0.0
2,1704,0.0
2,1705,0.0
2,1706,0.0
2,1707,0.0
2,1708,0.0
2,1709,0.0
2,1710,0.0
2,1711,0.0
2,1712,0.0
2,1713,0.0
2,1714,0.0
2,1715,0.0
2,1716,0.0
2,1717,0.0
2,1718,0.0
2,1719,0.0
2,1720,0.0
2,1721,0.0
2,1722,0.0
2,1723,0.0
2,1724,0.0
2,1725,0.0
2,1726,0.0
2,1727,0.0
2,1728,0.0
2,1729,0.0
2,1730,0.0
2,1731,0.0
2,1732,0.0
2,1733,0.0
2,1734,0.0
2,1735,0.0
2,1736,0.0
2,1737,0.0
2,1738,0.0
2,1739,0.0
2,1740,0.0
2,1741,0.0
2,1742,0.0
2,1743,0.0
2,1744,0.0
2,1745,0.0
2,1746,0.0
2,1747,0.0
2,1748,0.0
2,1749,0.0
2,1750,0.0
2,1751,0.0
2,1752,0.0
2,1753,0.0
2,1754,0.0
2,1755,0.0
2,1756,0.0
2,1757,0.0
2,1758,0.0
2,1759,0.0
2,1760,0.0
2,1761,0.0
2,1762,0.0
2,1763,0.0
2,1764,0.0
2,1765,0.0
2,1766,0.0
2,1767,0.0
2,1768,0.0
2,1769,0.0
2,1770,0.0
2,1771,0.0
2,1772,0.0
2,1773,0.0
2,1774,0.0
2,1775,0.0
2,1776,0.0
2,1777,0.0
2,1778,0.0
2,1779,0.0
2,1780,0.0
2,1781,0.0
2,1782,0.0
2,1783,0.0
2,1784,0.0
2,1785,0.0
2,1786,0.0
2,1787,0.0
2,1788,0.0
2,1789,0.0
2,1790,0.0
2,1791,0.0
2,1792,0.0
2,1793,0.0
2,1794,0.0
2,1795,0.0
2,1796,0.0
2,1797,0.0
2,1798,0.0
2,1799,0.0
2,1800,0.0
2,1801,0.0
2,1802,0.0
2,1803,0.0
2,1804,0.0
2,1805,0.0
2,1806,0.0
2,1807,0.0
2,1808,0.0
2,1809,0.0
2,1810,0.0
2,1811,0.0
2,1812,0.0
2,1813,0.0
2,1814,0.0
2,1815,0.0
2,1816,0.0
2,1817,0.0
2,1818,0.0
2,1819,0.0
2,1820,0.0
2,1821,0.0
2,1822,0.0
2,1823,0.0
2,1824,0.0
2,1825,0.0
2,1826,0.0
2,1827,0.0
2,1828,0.0
2,1829,0.0
2,1830,0.0
2,1831,0.0
2,1832,0.0
2,1833,0.0
2,1834,0.0
2,1835,0.0
2,1836,0.0
2,1837,0.0
2,1838,0.0
2,1839,0.0
2,1840,0.0
2,1841,0.0
2,1842,0.0
2,1843,0.0
2,1844,0.0
2,1845,0.0
2,1846,0.0
2,1847,0.0
2,1848,0.0
2,1849,0.0
2,1850,0.0
2,1851,0.0
2,1852,0.0
2,1853,0.0
2,1854,0.0
2,1855,0.0
2,1856,0.0
2,1857,0.0
2,1858,0.0
2,1859,0.0
2,1860,0.0
2,1861,0.0
2,1862,0.0
2,1863,0.0
2,1864,0.0
2,1865,0.0
2,1866,0.0
2,1867,0.0
2,1868,0.0
2,1869,0.0
2,1870,0.0
2,1871,0.0
2,1872,0.0
2,1873,0.0
2,1874,0.0
2,1875,0.0
2,1876,0.0
2,1877,0.0
2,1878,0.0
2,1879,0.0
2,1880,0.0
2,1881,0.0
2,1882,0.0
2,1883,0.0
2,1884,0.0
2,1885,0.0
2,1886,0.0
2,1887,0.0
2,1888,0.0
2,1889,0.0
2,1890,0.0
2,1891,0.0
2,1892,0.0
2,1893,0.0
2,1894,0.0
2,1895,0.0
2,1896,0.0
2,1897,0.0
2,1898,0.0
2,1899,0.0
2,1900,0.0
2,1901,0.0
2,1902,0.0
2,1903,0.0
2,1904,0.0
2,1905,0.0
2,1906,0.0
2,1907,0.0
2,1908,0.0
2,1909,0.0
2,1910,0.0
2,1911,0.0
2,1912,0.0
2,1913,0.0
2,1914,0.0
2,1915,0.0
2,1916,0.0
2,1917,0.0
2,1918,0.0
2,1919,0.0
2,1920,0.0
2,1921,0.0
2,1922,0.0
2,1923,0.0
2,1924,0.0
2,1925,0.0
2,1926,0.0
2,1927,0.0
2,1928,0.0
2,1929,0.0
2,1930,0.0
2,1931,0.0
2,1932,0.0
2,1933,0.0
2,1934,0.0
2,1935,0.0
2,1936,0.0
2,1937,0.0
2,1938,0.0
2,1939,0.0
2,1940,0.0
2,1941,0.0
2,1942,0.0
2,1943,0.0
2,1944,0.0
2,1945,0.0
2,1946,0.0
2,1947,0.0
2,1948,0.0
2,1949,0.0
2,1950,0.0
2,1951,0.0
2,1952,0.0
2,1953,0.0
2,1954,0.0
2,1955,0.0
2,1956,0.0
2,1957,0.0
2,1958,0.0
2,1959,0.0
2,1960,0.0
2,1961,0.0
2,1962,0.0
2,1963,0.0
2,1964,0.0
2,1965,0.0
2,1966,0.0
2,1967,0.0
2,1968,0.0
2,1969,0.0
2,1970,0.0
2,1971,0.0
2,1972,0.0
2,1973,0.0
2,1974,0.0
2,1975,0.0
2,1976,0.0
2,1977,0.0
2,1978,0.0
2,1979,0.0
2,1980,0.0
2,1981,0.0
2,1982,0.0
2,1983,0.0
2,1984,0.0
2,1985,0.0
2,1986,0.0
2,1987,0.0
2,1988,0.0
2,1989,0.0
2,1990,0.0
2,1991,0.0
2,1992,0.0
2,1993,0.0
2,1994,0.0
2,1995,0.0
2,1996,0.0
2,1997,0.0
2,1998,0.0
2,1999,0.0
2,2000,0.0
2,2001,0.0
2,2002,0.0
2,2003,0.0
2,2004,0.0
2,2005,0.0
2,2006,0.0
2,2007,0.0
2,2008,0.0
2,2009,0.0
2,2010,0.0
2,2011,0.0
2,2012,0.0
2,2013,0.0
2,2014,0.0
2,2015,0.0
2,2016,0.0
2,2017,0.0
2,2018,0.0
2,2019,0.0
2,2020,0.0
2,2021,0.0
2,2022,0.0
2,2023,0.0
2,2024,0.0
2,2025,0.0
2,2026,0.0
2,2027,0.0
2,2028,0.0
2,2029,0.0
2,2030,0.0
2,2031,0.0
2,2032,0.0
2,2033,0.0
2,2034,0.0
2,2035,0.0
2,2036,0.0
2,2037,0.0
2,2038,0.0
2,2039,0.0
2,2040,0.0
2,2041,0.0
2,2042,0.0
2,2043,0.0
2,2044,0.0
2,2045,0.0
2,2046,0.0
2,2047,0.0
2,2048,0.0
2,2049,0.0
2,2050,0.0
2,2051,0.0
2,2052,0.0
2,2053,0.0
2,2054,0.0
2,2055,0.0
2,2056,0.0
2,2057,0.0
2,2058,0.0
2,2059,0.0
2,2060,0.0
2,2061,0.0
2,2062,0.0
2,2063,0.0
2,2064,0.0
2,2065,0.0
2,2066,0.0
2,2067,0.0
2,2068,0.0
2,2069,0.0
2,2070,0.0
2,2071,0.0
2,2072,0.0
2,2073,0.0
2,2074,0.0
2,2075,0.0
2,2076,0.0
2,2077,0.0
2,2078,0.0
2,2079,0.0
2,2080,0.0
2,2081,0.0
2,2082,0.0
2,2083,0.0
2,2084,0.0
2,2085,0.0
2,2086,0.0
2,2087,0.0
2,2088,0.0
2,2089,0.0
2,2090,0.0
2,2091,0.0
2,2092,0.0
2,2093,0.0
2,2094,0.0
2,2095,0.0
2,2096,0.0
2,2097,0.0
2,2098,0.0
2,2099,0.0
2,2100,0.0
2,2101,0.0
2,2102,0.0
2,2103,0.0
2,2104,0.0
2,2105,0.0
2,2106,0.0
2,2107,0.0
2,2108,0.0
2,2109,0.0
2,2110,0.0
2,2111,0.0
2,2112,0.0
2,2113,0.0
2,2114,0.0
2,2115,0.0
2,2116,0.0
2,2117,0.0
2,2118,0.0
2,2119,0.0
2,2120,0.0
2,2121,0.0
2,2122,0.0
2,2123,0.0
2,2124,0.0
2,2125,0.0
2,2126,0.0
2,2127,0.0
2,2128,0.0
2,2129,0.0
2,2130,0.0
2,2131,0.0
2,2132,0.0
2,2133,0.0
2,2134,0.0
2,2135,0.0
2,2136,0.0
2,2137,0.0
2,2138,0.0
2,2139,0.0
2,2140,0.0
2,2141,0.0
2,2142,0.0
2,2143,0.0
2,2144,0.0
2,2145,0.0
2,2146,0.0
2,2147,0.0
2,2148,0.0
2,2149,0.0
2,2150,0.0
2,2151,0.0
2,2152,0.0
2,2153,0.0
2,2154,0.0
2,2155,0.0
2,2156,0.0
2,2157,0.0
2,2158,0.0
2,2159,0.0
2,2160,0.0
2,2161,0.0
2,2162,0.0
2,2163,0.0
2,2164,0.0
2,2165,0.0
2,2166,0.0
2,2167,0.0
2,2168,0.0
2,2169,0.0
2,2170,0.0
2,2171,0.0
2,2172,0.0
2,2173,0.0
2,2174,0.0
2,2175,0.0
2,2176,0.0
2,2177,0.0
2,2178,0.0
2,2179,0.0
2,2180,0.0
2,2181,0.0
2,2182,0.0
2,2183,0.0
2,2184,0.0
2,2185,0.0
2,2186,0.0
2,2187,0.0
2,2188,0.0
2,2189,0.0
2,2190,0.0
2,2191,0.0
2,2192,0.0
2,2193,0.0
2,2194,0.0
2,2195,0.0
2,2196,0.0
2,2197,0.0
2,2198,0.0
2,2199,0.0
2,2200,0.0
2,2201,0.0
2,2202,0.0
2,2203,0.0
2,2204,0.0
2,2205,0.0
2,2206,0.0
2,2207,0.0
2,2208,0.0
2,2209,0.0
2,2210,0.0
2,2211,0.0
2,2212,0.0
2,2213,0.0
2,2214,0.0
2,2215,0.0
2,2216,0.0
2,2217,0.0
2,2218,0.0
2,2219,0.0
2,2220,0.0
2,2221,0.0
2,2222,0.0
2,2223,0.0
2,2224,0.0
2,2225,0.0
2,2226,0.0
2,2227,0.0
2,2228,0.0
2,2229,0.0
2,2230,0.0
2,2231,0.0
2,2232,0.0
2,2233,0.0
2,2234,0.0
2,2235,0.0
2,2236,0.0
2,2237,0.0
2,2238,0.0
2,2239,0.0
2,2240,0.0
2,2241,0.0
2,2242,0.0
2,2243,0.0
2,2244,0.0
2,2245,0.0
2,2246,0.0
2,2247,0.0
2,2248,0.0
2,2249,0.0
2,2250,0.0
2,2251,0.0
2,2252,0.0
2,2253,0.0
2,2254,0.0
2,2255,0.0
2,2256,0.0
2,2257,0.0
2,2258,0.0
2,2259,0.0
2,2260,0.0
2,2261,0.0
2,2262,0.0
2,2263,0.0
2,2264,0.0
2,2265,0.0
2,2266,0.0
2,2267,0.0
2,2268,0.0
2,2269,0.0
2,2270,0.0
2,2271,0.0
2,2272,0.0
2,2273,0.0
2,2274,0.0
2,2275,0.0
2,2276,0.0
2,2277,0.0
2,2278,0.0
2,2279,0.0
2,2280,0.0
2,2281,0.0
2,2282,0.0
2,2283,0.0
2,2284,0.0
2,2285,0.0
2,2286,0.0
2,2287,0.0
2,2288,0.0
2,2289,0.0
2,2290,0.0
2,2291,0.0
2,2292,0.0
2,2293,0.0
2,2294,0.0
2,2295,0.0
2,2296,0.0
2,2297,0.0
2,2298,0.0
2,2299,0.0
2,2300,0.0
2,2301,0.0
2,2302,0.0
2,2303,0.0
2,2304,0.0
2,2305,0.0
2,2306,0.0
2,2307,0.0
2,2308,0.0
2,2309,0.0
2,2310,0.0
2,2311,0.0
2,2312,0.0
2,2313,0.0
2,2314,0.0
2,2315,0.0
2,2316,0.0
2,2317,0.0
2,2318,0.0
2,2319,0.0
2,2320,0.0
2,2321,0.0
2,2322,0.0
2,2323,0.0
2,2324,0.0
2,2325,0.0
2,2326,0.0
2,2327,0.0
2,2328,0.0
2,2329,0.0
2,2330,0.0
2,2331,0.0
2,2332,0.0
2,2333,0.0
2,2334,0.0
2,2335,0.0
2,2336,0.0
2,2337,0.0
2,2338,0.0
2,2339,0.0
2,2340,0.0
2,2341,0.0
2,2342,0.0
2,2343,0.0
2,2344,0.0
2,2345,0.0
2,2346,0.0
2,2347,0.0
2,2348,0.0
2,2349,0.0
2,2350,0.0
2,2351,0.0
2,2352,0.0
2,2353,0.0
2,2354,0.0
2,2355,0.0
2,2356,0.0
2,2357,0.0
2,2358,0.0
2,2359,0.0
2,2360,0.0
2,2361,0.0
2,2362,0.0
2,2363,0.0
2,2364,0.0
2,2365,0.0
2,2366,0.0
2,2367,0.0
2,2368,0.0
2,2369,0.0
2,2370,0.0
2,2371,0.0
2,2372,0.0
2,2373,0.0
2,2374,0.0
2,2375,0.0
2,2376,0.0
2,2377,0.0
2,2378,0.0
2,2379,0.0
2,2380,0.0
2,2381,0.0
2,2382,0.0
2,2383,0.0
2,2384,0.0
2,2385,0.0
2,2386,0.0
2,2387,0.0
2,2388,0.0
2,2389,0.0
2,2390,0.0
2,2391,0.0
2,2392,0.0
2,2393,0.0
2,2394,0.0
2,2395,0.0
2,2396,0.0
2,2397,0.0
2,2398,0.0
2,2399,0.0
2,2400,0.0
2,2401,0.0
2,2402,0.0
2,2403,0.0
2,2404,0.0
2,2405,0.0
2,2406,0.0
2,2407,0.0
2,2408,0.0
2,2409,0.0
2,2410,0.0
2,2411,0.0
2,2412,0.0
2,2413,0.0
2,2414,0.0
2,2415,0.0
2,2416,0.0
2,2417,0.0
2,2418,0.0
2,2419,0.0
2,2420,0.0
2,2421,0.0
2,2422,0.0
2,2423,0.0
2,2424,0.0
2,2425,0.0
2,2426,0.0
2,2427,0.0
2,2428,0.0
2,2429,0.0
2,2430,0.0
2,2431,0.0
2,2432,0.0
2,2433,0.0
2,2434,0.0
2,2435,0.0
2,2436,0.0
2,2437,0.0
2,2438,0.0
2,2439,0.0
2,2440,0.0
2,2441,0.0
2,2442,0.0
2,2443,0.0
2,2444,0.0
2,2445,0.0
2,2446,0.0
2,2447,0.0
2,2448,0.0
2,2449,0.0
2,2450,0.0
2,2451,0.0
2,2452,0.0
2,2453,0.0
2,2454,0.0
2,2455,0.0
2,2456,0.0
2,2457,0.0
2,2458,0.0
2,2459,0.0
2,2460,0.0
2,2461,0.0
2,2462,0.0
2,2463,0.0
2,2464,0.0
2,2465,0.0
2,2466,0.0
2,2467,0.0
2,2468,0.0
2,2469,0.0
2,2470,0.0
2,2471,0.0
2,2472,0.0
2,2473,0.0
2,2474,0.0
2,2475,0.0
2,2476,0.0
2,2477,0.0
2,2478,0.0
2,2479,0.0
2,2480,0.0
2,2481,0.0
2,2482,0.0
2,2483,0.0
2,2484,0.0
2,2485,0.0
2,2486,0.0
2,2487,0.0
2,2488,0.0
2,2489,0.0
2,2490,0.0
2,2491,0.0
2,2492,0.0
2,2493,0.0
2,2494,0.0
2,2495,0.0
2,2496,0.0
2,2497,0.0
2,2498,0.0
2,2499,0.0
2,2500,0.0
2,2501,0.0
2,2502,0.0
2,2503,0.0
2,2504,0.0
2,2505,0.0
2,2506,0.0
2,2507,0.0
2,2508,0.0
2,2509,0.0
2,2510,0.0
2,2511,0.0
2,2512,0.0
2,2513,0.0
2,2514,0.0
2,2515,0.0
2,2516,0.0
2,2517,0.0
2,2518,0.0
2,2519,0.0
2,2520,0.0
2,2521,0.0
2,2522,0.0
2,2523,0.0
2,2524,0.0
2,2525,0.0
2,2526,0.0
2,2527,0.0
2,2528,0.0
2,2529,0.0
2,2530,0.0
2,2531,0.0
2,2532,0.0
2,2533,0.0
2,2534,0.0
2,2535,0.0
2,2536,0.0
2,2537,0.0
2,2538,0.0
2,2539,0.0
2,2540,0.0
2,2541,0.0
2,2542,0.0
2,2543,0.0
2,2544,0.0
2,2545,0.0
2,2546,0.0
2,2547,0.0
2,2548,0.0
2,2549,0.0
2,2550,0.0
2,2551,0.0
2,2552,0.0
2,2553,0.0
2,2554,0.0
2,2555,0.0
2,2556,0.0
2,2557,0.0
2,2558,0.0
2,2559,0.0
2,2560,0.0
2,2561,0.0
2,2562,0.0
2,2563,0.0
2,2564,0.0
2,2565,0.0
2,2566,0.0
2,2567,0.0
2,2568,0.0
2,2569,0.0
2,2570,0.0
2,2571,0.0
2,2572,0.0
2,2573,0.0
2,2574,0.0
2,2575,0.0
2,2576,0.0
2,2577,0.0
2,2578,0.0
2,2579,0.0
2,2580,0.0
2,2581,0.0
2,2582,0.0
2,2583,0.0
2,2584,0.0
2,2585,0.0
2,2586,0.0
2,2587,0.0
2,2588,0.0
2,2589,0.0
2,2590,0.0
2,2591,0.0
2,2592,0.0
2,2593,0.0
2,2594,0.0
2,2595,0.0
2,2596,0.0
2,2597,0.0
2,2598,0.0
2,2599,0.0
2,2600,0.0
2,2601,0.0
2,2602,0.0
2,2603,0.0
2,2604,0.0
2,2605,0.0
2,2606,0.0
2,2607,0.0
2,2608,0.0
2,2609,0.0
2,2610,0.0
2,2611,0.0
2,2612,0.0
2,2613,0.0
2,2614,0.0
2,2615,0.0
2,2616,0.0
2,2617,0.0
2,2618,0.0
2,2619,0.0
2,2620,0.0
2,2621,0.0
2,2622,0.0
2,2623,0.0
2,2624,0.0
2,2625,0.0
2,2626,0.0
2,2627,0.0
2,2628,0.0
2,2629,0.0
2,2630,0.0
2,2631,0.0
2,2632,0.0
2,2633,0.0
2,2634,0.0
2,2635,0.0
2,2636,0.0
2,2637,0.0
2,2638,0.0
2,2639,0.0
2,2640,0.0
2,2641,0.0
2,2642,0.0
2,2643,0.0
2,2644,0.0
2,2645,0.0
2,2646,0.0
2,2647,0.0
2,2648,0.0
2,2649,0.0
2,2650,0.0
2,2651,0.0
2,2652,0.0
2,2653,0.0
2,2654,0.0
2,2655,0.0
2,2656,0.0
2,2657,0.0
2,2658,0.0
2,2659,0.0
2,2660,0.0
2,2661,0.0
2,2662,0.0
2,2663,0.0
2,2664,0.0
2,2665,0.0
2,2666,0.0
2,2667,0.0
2,2668,0.0
2,2669,0.0
2,2670,0.0
2,2671,0.0
2,2672,0.0
2,2673,0.0
2,2674,0.0
2,2675,0.0
2,2676,0.0
2,2677,0.0
2,2678,0.0
2,2679,0.0
2,2680,0.0
2,2681,0.0
2,2682,0.0
2,2683,0.0
2,2684,0.0
2,2685,0.0
2,2686,0.0
2,2687,0.0
2,2688,0.0
2,2689,0.0
2,2690,0.0
2,2691,0.0
2,2692,0.0
2,2693,0.0
2,2694,0.0
2,2695,0.0
2,2696,0.0
2,2697,0.0
2,2698,0.0
2,2699,0.0
2,2700,0.0
2,2701,0.0
2,2702,0.0
2,2703,0.0
2,2704,0.0
2,2705,0.0
2,2706,0.0
2,2707,0.0
2,2708,0.0
2,2709,0.0
2,2710,0.0
2,2711,0.0
2,2712,0.0
2,2713,0.0
2,2714,0.0
2,2715,0.0
2,2716,0.0
2,2717,0.0
2,2718,0.0
2,2719,0.0
2,2720,0.0
2,2721,0.0
2,2722,0.0
2,2723,0.0
2,2724,0.0
2,2725,0.0
2,2726,0.0
2,2727,0.0
2,2728,0.0
2,2729,0.0
2,2730,0.0
2,2731,0.0
2,2732,0.0
2,2733,0.0
2,2734,0.0
2,2735,0.0
2,2736,0.0
2,2737,0.0
2,2738,0.0
2,2739,0.0
2,2740,0.0
2,2741,0.0
2,2742,0.0
2,2743,0.0
2,2744,0.0
2,2745,0.0
2,2746,0.0
2,2747,0.0
2,2748,0.0
2,2749,0.0
2,2750,0.0
2,2751,0.0
2,2752,0.0
2,2753,0.0
2,2754,0.0
2,2755,0.0
2,2756,0.0
2,2757,0.0
2,2758,0.0
2,2759,0.0
2,2760,0.0
2,2761,0.0
2,2762,0.0
2,2763,0.0
2,2764,0.0
2,2765,0.0
2,2766,0.0
2,2767,0.0
2,2768,0.0
2,2769,0.0
2,2770,0.0
2,2771,0.0
2,2772,0.0
2,2773,0.0
2,2774,0.0
2,2775,0.0
2,2776,0.0
2,2777,0.0
2,2778,0.0
2,2779,0.0
2,2780,0.0
2,2781,0.0
2,2782,0.0
2,2783,0.0
2,2784,0.0
2,2785,0.0
2,2786,0.0
2,2787,0.0
2,2788,0.0
2,2789,0.0
2,2790,0.0
2,2791,0.0
2,2792,0.0
2,2793,0.0
2,2794,0.0
2,2795,0.0
2,2796,0.0
2,2797,0.0
2,2798,0.0
2,2799,0.0
2,2800,0.0
2,2801,0.0
2,2802,0.0
2,2803,0.0
2,2804,0.0
2,2805,0.0
2,2806,0.0
2,2807,0.0
2,2808,0.0
2,2809,0.0
2,2810,0.0
2,2811,0.0
2,2812,0.0
2,2813,0.0
2,2814,0.0
2,2815,0.0
2,2816,0.0
2,2817,0.0
2,2818,0.0
2,2819,0.0
2,2820,0.0
2,2821,0.0
2,2822,0.0
2,2823,0.0
2,2824,0.0
2,2825,0.0
2,2826,0.0
2,2827,0.0
2,2828,0.0
2,2829,0.0
2,2830,0.0
2,2831,0.0
2,2832,0.0
2,2833,0.0
2,2834,0.0
2,2835,0.0
2,2836,0.0
2,2837,0.0
2,2838,0.0
2,2839,0.0
2,2840,0.0
2,2841,0.0
2,2842,0.0
2,2843,0.0
2,2844,0.0
2,2845,0.0
2,2846,0.0
2,2847,0.0
2,2848,0.0
2,2849,0.0
2,2850,0.0
2,2851,0.0
2,2852,0.0
2,2853,0.0
2,2854,0.0
2,2855,0.0
2,2856,0.0
2,2857,0.0
2,2858,0.0
2,2859,0.0
2,2860,0.0
2,2861,0.0
2,2862,0.0
2,2863,0.0
2,2864,0.0
2,2865,0.0
2,2866,0.0
2,2867,0.0
2,2868,0.0
2,2869,0.0
2,2870,0.0
2,2871,0.0
2,2872,0.0
2,2873,0.0
2,2874,0.0
2,2875,0.0
2,2876,0.0
2,2877,0.0
2,2878,0.0
2,2879,0.0
2,2880,0.0
2,2881,0.0
2,2882,0.0
2,2883,0.0
2,2884,0.0
2,2885,0.0
2,2886,0.0
2,2887,0.0
2,2888,0.0
2,2889,0.0
2,2890,0.0
2,2891,0.0
2,2892,0.0
2,2893,0.0
2,2894,0.0
2,2895,0.0
2,2896,0.0
2,2897,0.0
2,2898,0.0
2,2899,0.0
2,2900,0.0
2,2901,0.0
2,2902,0.0
2,2903,0.0
2,2904,0.0
2,2905,0.0
2,2906,0.0
2,2907,0.0
2,2908,0.0
2,2909,0.0
2,2910,0.0
2,2911,0.0
2,2912,0.0
2,2913,0.0
2,2914,0.0
2,2915,0.0
2,2916,0.0
2,2917,0.0
2,2918,0.0
2,2919,0.0
2,2920,0.0
2,2921,0.0
2,2922,0.0
2,2923,0.0
2,2924,0.0
2,2925,0.0
2,2926,0.0
2,2927,0.0
2,2928,0.0
2,2929,0.0
2,2930,0.0
2,2931,0.0
2,2932,0.0
2,2933,0.0
2,2934,0.0
2,2935,0.0
2,2936,0.0
2,2937,0.0
2,2938,0.0
2,2939,0.0
2,2940,0.0
2,2941,0.0
2,2942,0.0
2,2943,0.0
2,2944,0.0
2,2945,0.0
2,2946,0.0
2,2947,0.0
2,2948,0.0
2,2949,0.0
2,2950,0.0
2,2951,0.0
2,2952,0.0
2,2953,0.0
2,2954,0.0
2,2955,0.0
2,2956,0.0
2,2957,0.0
2,2958,0.0
2,2959,0.0
2,2960,0.0
2,2961,0.0
2,2962,0.0
2,2963,0.0
2,2964,0.0
2,2965,0.0
2,2966,0.0
2,2967,0.0
2,2968,0.0
2,2969,0.0
2,2970,0.0
2,2971,0.0
2,2972,0.0
2,2973,0.0
2,2974,0.0
2,2975,0.0
2,2976,0.0
2,2977,0.0
2,2978,0.0
2,2979,0.0
2,2980,0.0
2,2981,0.0
2,2982,0.0
2,2983,0.0
2,2984,0.0
2,2985,0.0
2,2986,0.0
2,2987,0.0
2,2988,0.0
2,2989,0.0
2,2990,0.0
2,2991,0.0
2,2992,0.0
2,2993,0.0
2,2994,0.0
2,2995,0.0
2,2996,0.0
2,2997,0.0
2,2998,0.0
2,2999,0.0
2,3000,0.0
2,3001,0.0
2,3002,0.0
2,3003,0.0
2,3004,0.0
2,3005,0.0
2,3006,0.0
2,3007,0.0
2,3008,0.0
2,3009,0.0
2,3010,0.0
2,3011,0.0
2,3012,0.0
2,3013,0.0
2,3014,0.0
2,3015,0.0
2,3016,0.0
2,3017,0.0
2,3018,0.0
2,3019,0.0
2,3020,0.0
2,3021,0.0
2,3022,0.0
2,3023,0.0
2,3024,0.0
2,3025,0.0
2,3026,0.0
2,3027,0.0
2,3028,0.0
2,3029,0.0
2,3030,0.0
2,3031,0.0
2,3032,0.0
2,3033,0.0
2,3034,0.0
2,3035,0.0
2,3036,0.0
2,3037,0.0
2,3038,0.0
2,3039,0.0
2,3040,0.0
2,3041,0.0
2,3042,0.0
2,3043,0.0
2,3044,0.0
2,3045,0.0
2,3046,0.0
2,3047,0.0
2,3048,0.0
2,3049,0.0
2,3050,0.0
2,3051,0.0
2,3052,0.0
2,3053,0.0
2,3054,0.0
2,3055,0.0
2,3056,0.0
2,3057,0.0
2,3058,0.0
2,3059,0.0
2,3060,0.0
2,3061,0.0
2,3062,0.0
2,3063,0.0
2,3064,0.0
2,3065,0.0
2,3066,0.0
2,3067,0.0
2,3068,0.0
2,3069,0.0
2,3070,0.0
2,3071,0.0
2,3072,0.0
2,3073,0.0
2,3074,0.0
2,3075,0.0
2,3076,0.0
2,3077,0.0
2,3078,0.0
2,3079,0.0
2,3080,0.0
2,3081,0.0
2,3082,0.0
2,3083,0.0
2,3084,0.0
2,3085,0.0
2,3086,0.0
2,3087,0.0
2,3088,0.0
2,3089,0.0
2,3090,0.0
2,3091,0.0
2,3092,0.0
2,3093,0.0
2,3094,0.0
2,3095,0.0
2,3096,0.0
2,3097,0.0
2,3098,0.0
2,3099,0.0
2,3100,0.0
2,3101,0.0
2,3102,0.0
2,3103,0.0
2,3104,0.0
2,3105,0.0
2,3106,0.0
2,3107,0.0
2,3108,0.0
2,3109,0.0
2,3110,0.0
2,3111,0.0
2,3112,0.0
2,3113,0.0
2,3114,0.0
2,3115,0.0
2,3116,0.0
2,3117,0.0
2,3118,0.0
2,3119,0.0
2,3120,0.0
2,3121,0.0
2,3122,0.0
2,3123,0.0
2,3124,0.0
2,3125,0.0
2,3126,0.0
2,3127,0.0
2,3128,0.0
2,3129,0.0
2,3130,0.0
2,3131,0.0
2,3132,0.0
2,3133,0.0
2,3134,0.0
2,3135,0.0
2,3136,0.0
2,3137,0.0
2,3138,0.0
2,3139,0.0
2,3140,0.0
2,3141,0.0
2,3142,0.0
2,3143,0.0
2,3144,0.0
2,3145,0.0
2,3146,0.0
2,3147,0.0
2,3148,0.0
2,3149,0.0
2,3150,0.0
2,3151,0.0
2,3152,0.0
2,3153,0.0
2,3154,0.0
2,3155,0.0
2,3156,0.0
2,3157,0.0
2,3158,0.0
2,3159,0.0
2,3160,0.0
2,3161,0.0
2,3162,0.0
2,3163,0.0
2,3164,0.0
2,3165,0.0
2,3166,0.0
2,3167,0.0
2,3168,0.0
2,3169,0.0
2,3170,0.0
2,3171,0.0
2,3172,0.0
2,3173,0.0
2,3174,0.0
2,3175,0.0
2,3176,0.0
2,3177,0.0
2,3178,0.0
2,3179,0.0
2,3180,0.0
2,3181,0.0
2,3182,0.0
2,3183,0.0
2,3184,0.0
2,3185,0.0
2,3186,0.0
2,3187,0.0
2,3188,0.0
2,3189,0.0
2,3190,0.0
2,3191,0.0
2,3192,0.0
2,3193,0.0
2,3194,0.0
2,3195,0.0
2,3196,0.0
2,3197,0.0
2,3198,0.0
2,3199,0.0
2,3200,0.0
2,3201,0.0
2,3202,0.0
2,3203,0.0
2,3204,0.0
2,3205,0.0
2,3206,0.0
2,3207,0.0
2,3208,0.0
2,3209,0.0
2,3210,0.0
2,3211,0.0
2,3212,0.0
2,3213,0.0
2,3214,0.0
2,3215,0.0
2,3216,0.0
2,3217,0.0
2,3218,0.0
2,3219,0.0
2,3220,0.0
2,3221,0.0
2,3222,0.0
2,3223,0.0
2,3224,0.0
2,3225,0.0
2,3226,0.0
2,3227,0.0
2,3228,0.0
2,3229,0.0
2,3230,0.0
2,3231,0.0
2,3232,0.0
2,3233,0.0
2,3234,0.0
2,3235,0.0
2,3236,0.0
2,3237,0.0
2,3238,0.0
2,3239,0.0
2,3240,0.0
2,3241,0.0
2,3242,0.0
2,3243,0.0
2,3244,0.0
2,3245,0.0
2,3246,0.0
2,3247,0.0
2,3248,0.0
2,3249,0.0
2,3250,0.0
2,3251,0.0
2,3252,0.0
2,3253,0.0
2,3254,0.0
2,3255,0.0
2,3256,0.0
2,3257,0.0
2,3258,0.0
2,3259,0.0
2,3260,0.0
2,3261,0.0
2,3262,0.0
2,3263,0.0
2,3264,0.0
2,3265,0.0
2,3266,0.0
2,3267,0.0
2,3268,0.0
2,3269,0.0
2,3270,0.0
2,3271,0.0
2,3272,0.0
2,3273,0.0
2,3274,0.0
2,3275,0.0
2,3276,0.0
2,3277,0.0
2,3278,0.0
2,3279,0.0
2,3280,0.0
2,3281,0.0
2,3282,0.0
2,3283,0.0
2,3284,0.0
2,3285,0.0
2,3286,0.0
2,3287,0.0
2,3288,0.0
2,3289,0.0
2,3290,0.0
2,3291,0.0
2,3292,0.0
2,3293,0.0
2,3294,0.0
2,3295,0.0
2,3296,0.0
2,3297,0.0
2,3298,0.0
2,3299,0.0
2,3300,0.0
2,3301,0.0
2,3302,0.0
2,3303,0.0
2,3304,0.0
2,3305,0.0
2,3306,0.0
2,3307,0.0
2,3308,0.0
2,3309,0.0
2,3310,0.0
2,3311,0.0
2,3312,0.0
2,3313,0.0
2,3314,0.0
2,3315,0.0
2,3316,0.0
2,3317,0.0
2,3318,0.0
2,3319,0.0
2,3320,0.0
2,3321,0.0
2,3322,0.0
2,3323,0.0
2,3324,0.0
2,3325,0.0
2,3326,0.0
2,3327,0.0
2,3328,0.0
2,3329,0.0
2,3330,0.0
2,3331,0.0
2,3332,0.0
2,3333,0.0
2,3334,0.0
2,3335,0.0
2,3336,0.0
2,3337,0.0
2,3338,0.0
2,3339,0.0
2,3340,0.0
2,3341,0.0
2,3342,0.0
2,3343,0.0
2,3344,0.0
2,3345,0.0
2,3346,0.0
2,3347,0.0
2,3348,0.0
2,3349,0.0
2,3350,0.0
2,3351,0.0
2,3352,0.0
2,3353,0.0
2,3354,0.0
2,3355,0.0
2,3356,0.0
2,3357,0.0
2,3358,0.0
2,3359,0.0
2,3360,0.0
2,3361,0.0
2,3362,0.0
2,3363,0.0
2,3364,0.0
2,3365,0.0
2,3366,0.0
2,3367,0.0
2,3368,0.0
2,3369,0.0
2,3370,0.0
2,3371,0.0
2,3372,0.0
2,3373,0.0
2,3374,0.0
2,3375,0.0
2,3376,0.0
2,3377,0.0
2,3378,0.0
2,3379,0.0
2,3380,0.0
2,3381,0.0
2,3382,0.0
2,3383,0.0
2,3384,0.0
2,3385,0.0
2,3386,0.0
2,3387,0.0
2,3388,0.0
2,3389,0.0
2,3390,0.0
2,3391,0.0
2,3392,0.0
2,3393,0.0
2,3394,0.0
2,3395,0.0
2,3396,0.0
2,3397,0.0
2,3398,0.0
2,3399,0.0
2,3400,0.0
2,3401,0.0
2,3402,0.0
2,3403,0.0
2,3404,0.0
2,3405,0.0
2,3406,0.0
2,3407,0.0
2,3408,0.0
2,3409,0.0
2,3410,0.0
2,3411,0.0
2,3412,0.0
2,3413,0.0
2,3414,0.0
2,3415,0.0
2,3416,0.0
2,3417,0.0
2,3418,0.0
2,3419,0.0
2,3420,0.0
2,3421,0.0
2,3422,0.0
2,3423,0.0
2,3424,0.0
2,3425,0.0
2,3426,0.0
2,3427,0.0
2,3428,0.0
2,3429,0.0
2,3430,0.0
2,3431,0.0
2,3432,0.0
2,3433,0.0
2,3434,0.0
2,3435,0.0
2,3436,0.0
2,3437,0.0
2,3438,0.0
2,3439,0.0
2,3440,0.0
2,3441,0.0
2,3442,0.0
2,3443,0.0
2,3444,0.0
2,3445,0.0
2,3446,0.0
2,3447,0.0
2,3448,0.0
2,3449,0.0
2,3450,0.0
2,3451,0.0
2,3452,0.0
2,3453,0.0
2,3454,0.0
2,3455,0.0
2,3456,0.0
2,3457,0.0
2,3458,0.0
2,3459,0.0
2,3460,0.0
2,3461,0.0
2,3462,0.0
2,3463,0.0
2,3464,0.0
2,3465,0.0
2,3466,0.0
2,3467,0.0
2,3468,0.0
2,3469,0.0
2,3470,0.0
2,3471,0.0
2,3472,0.0
2,3473,0.0
2,3474,0.0
2,3475,0.0
2,3476,0.0
2,3477,0.0
2,3478,0.0
2,3479,0.0
2,3480,0.0
2,3481,0.0
2,3482,0.0
2,3483,0.0
2,3484,0.0
2,3485,0.0
2,3486,0.0
2,3487,0.0
2,3488,0.0
2,3489,0.0
2,3490,0.0
2,3491,0.0
2,3492,0.0
2,3493,0.0
2,3494,0.0
2,3495,0.0
2,3496,0.0
2,3497,0.0
2,3498,0.0
2,3499,0.0
2,3500,0.0
2,3501,0.0
2,3502,0.0
2,3503,0.0
2,3504,0.0
2,3505,0.0
2,3506,0.0
2,3507,0.0
2,3508,0.0
2,3509,0.0
2,3510,0.0
2,3511,0.0
2,3512,0.0
2,3513,0.0
2,3514,0.0
2,3515,0.0
2,3516,0.0
2,3517,0.0
2,3518,0.0
2,3519,0.0
2,3520,0.0
2,3521,0.0
2,3522,0.0
2,3523,0.0
2,3524,0.0
2,3525,0.0
2,3526,0.0
2,3527,0.0
2,3528,0.0
2,3529,0.0
2,3530,0.0
2,3531,0.0
2,3532,0.0
2,3533,0.0
2,3534,0.0
2,3535,0.0
2,3536,0.0
2,3537,0.0
2,3538,0.0
2,3539,0.0
2,3540,0.0
2,3541,0.0
2,3542,0.0
2,3543,0.0
2,3544,0.0
2,3545,0.0
2,3546,0.0
2,3547,0.0
2,3548,0.0
2,3549,0.0
2,3550,0.0
2,3551,0.0
2,3552,0.0
2,3553,0.0
2,3554,0.0
2,3555,0.0
2,3556,0.0
2,3557,0.0
2,3558,0.0
2,3559,0.0
2,3560,0.0
2,3561,0.0
2,3562,0.0
2,3563,0.0
2,3564,0.0
2,3565,0.0
2,3566,0.0
2,3567,0.0
2,3568,0.0
2,3569,0.0
2,3570,0.0
2,3571,0.0
2,3572,0.0
2,3573,0.0
2,3574,0.0
2,3575,0.0
2,3576,0.0
2,3577,0.0
2,3578,0.0
2,3579,0.0
2,3580,0.0
2,3581,0.0
2,3582,0.0
2,3583,0.0
2,3584,0.0
2,3585,0.0
2,3586,0.0
2,3587,0.0
2,3588,0.0
2,3589,0.0
2,3590,0.0
2,3591,0.0
2,3592,0.0
2,3593,0.0
2,3594,0.0
2,3595,0.0
2,3596,0.0
2,3597,0.0
2,3598,0.0
2,3599,0.0
2,3600,0.0
2,3601,0.0
2,3602,0.0
2,3603,0.0
2,3604,0.0
2,3605,0.0
2,3606,0.0
2,3607,0.0
2,3608,0.0
2,3609,0.0
2,3610,0.0
2,3611,0.0
2,3612,0.0
2,3613,0.0
2,3614,0.0
2,3615,0.0
2,3616,0.0
2,3617,0.0
2,3618,0.0
2,3619,0.0
2,3620,0.0
2,3621,0.0
2,3622,0.0
2,3623,0.0
2,3624,0.0
2,3625,0.0
2,3626,0.0
2,3627,0.0
2,3628,0.0
2,3629,0.0
2,3630,0.0
2,3631,0.0
2,3632,0.0
2,3633,0.0
2,3634,0.0
2,3635,0.0
2,3636,0.0
2,3637,0.0
2,3638,0.0
2,3639,0.0
2,3640,0.0
2,3641,0.0
2,3642,0.0
2,3643,0.0
2,3644,0.0
2,3645,0.0
2,3646,0.0
2,3647,0.0
2,3648,0.0
2,3649,0.0
2,3650,0.0
2,3651,0.0
2,3652,0.0
2,3653,0.0
2,3654,0.0
2,3655,0.0
2,3656,0.0
2,3657,0.0
2,3658,0.0
2,3659,0.0
2,3660,0.0
2,3661,0.0
2,3662,0.0
2,3663,0.0
2,3664,0.0
2,3665,0.0
2,3666,0.0
2,3667,0.0
2,3668,0.0
2,3669,0.0
2,3670,0.0
2,3671,0.0
2,3672,0.0
2,3673,0.0
2,3674,0.0
2,3675,0.0
2,3676,0.0
2,3677,0.0
2,3678,0.0
2,3679,0.0
2,3680,0.0
2,3681,0.0
2,3682,0.0
2,3683,0.0
2,3684,0.0
2,3685,0.0
2,3686,0.0
2,3687,0.0
2,3688,0.0
2,3689,0.0
2,3690,0.0
2,3691,0.0
2,3692,0.0
2,3693,0.0
2,3694,0.0
2,3695,0.0
2,3696,0.0
2,3697,0.0
2,3698,0.0
2,3699,0.0
2,3700,0.0
2,3701,0.0
2,3702,0.0
2,3703,0.0
2,3704,0.0
2,3705,0.0
2,3706,0.0
2,3707,0.0
2,3708,0.0
2,3709,0.0
2,3710,0.0
2,3711,0.0
2,3712,0.0
2,3713,0.0
2,3714,0.0
2,3715,0.0
2,3716,0.0
2,3717,0.0
2,3718,0.0
2,3719,0.0
2,3720,0.0
2,3721,0.0
2,3722,0.0
2,3723,0.0
2,3724,0.0
2,3725,0.0
2,3726,0.0
2,3727,0.0
2,3728,0.0
2,3729,0.0
2,3730,0.0
2,3731,0.0
2,3732,0.0
2,3733,0.0
2,3734,0.0
2,3735,0.0
2,3736,0.0
2,3737,0.0
2,3738,0.0
2,3739,0.0
2,3740,0.0
2,3741,0.0
2,3742,0.0
2,3743,0.0
2,3744,0.0
2,3745,0.0
2,3746,0.0
2,3747,0.0
2,3748,0.0
2,3749,0.0
2,3750,0.0
2,3751,0.0
2,3752,0.0
2,3753,0.0
2,3754,0.0
2,3755,0.0
2,3756,0.0
2,3757,0.0
2,3758,0.0
2,3759,0.0
2,3760,0.0
2,3761,0.0
2,3762,0.0
2,3763,0.0
2,3764,0.0
2,3765,0.0
2,3766,0.0
2,3767,0.0
2,3768,0.0
2,3769,0.0
2,3770,0.0
2,3771,0.0
2,3772,0.0
2,3773,0.0
2,3774,0.0
2,3775,0.0
2,3776,0.0
2,3777,0.0
2,3778,0.0
2,3779,0.0
2,3780,0.0
2,3781,0.0
2,3782,0.0
2,3783,0.0
2,3784,0.0
2,3785,0.0
2,3786,0.0
2,3787,0.0
2,3788,0.0
2,3789,0.0
2,3790,0.0
2,3791,0.0
2,3792,0.0
2,3793,0.0
2,3794,0.0
2,3795,0.0
2,3796,0.0
2,3797,0.0
2,3798,0.0
2,3799,0.0
2,3800,0.0
2,3801,0.0
2,3802,0.0
2,3803,0.0
2,3804,0.0
2,3805,0.0
2,3806,0.0
2,3807,0.0
2,3808,0.0
2,3809,0.0
2,3810,0.0
2,3811,0.0
2,3812,0.0
2,3813,0.0
2,3814,0.0
2,3815,0.0
2,3816,0.0
2,3817,0.0
2,3818,0.0
2,3819,0.0
2,3820,0.0
2,3821,0.0
2,3822,0.0
2,3823,0.0
2,3824,0.0
2,3825,0.0
2,3826,0.0
2,3827,0.0
2,3828,0.0
2,3829,0.0
2,3830,0.0
2,3831,0.0
2,3832,0.0
2,3833,0.0
2,3834,0.0
2,3835,0.0
2,3836,0.0
2,3837,0.0
2,3838,0.0
2,3839,0.0
2,3840,0.0
2,3841,0.0
2,3842,0.0
2,3843,0.0
2,3844,0.0
2,3845,0.0
2,3846,0.0
2,3847,0.0
2,3848,0.0
2,3849,0.0
2,3850,0.0
2,3851,0.0
2,3852,0.0
2,3853,0.0
2,3854,0.0
2,3855,0.0
2,3856,0.0
2,3857,0.0
2,3858,0.0
2,3859,0.0
2,3860,0.0
2,3861,0.0
2,3862,0.0
2,3863,0.0
2,3864,0.0
2,3865,0.0
2,3866,0.0
2,3867,0.0
2,3868,0.0
2,3869,0.0
2,3870,0.0
2,3871,0.0
2,3872,0.0
2,3873,0.0
2,3874,0.0
2,3875,0.0
2,3876,0.0
2,3877,0.0
2,3878,0.0
2,3879,0.0
2,3880,0.0
2,3881,0.0
2,3882,0.0
2,3883,0.0
2,3884,0.0
2,3885,0.0
2,3886,0.0
2,3887,0.0
2,3888,0.0
2,3889,0.0
2,3890,0.0
2,3891,0.0
2,3892,0.0
2,3893,0.0
2,3894,0.0
2,3895,0.0
2,3896,0.0
2,3897,0.0
2,3898,0.0
2,3899,0.0
2,3900,0.0
2,3901,0.0
2,3902,0.0
2,3903,0.0
2,3904,0.0
2,3905,0.0
2,3906,0.0
2,3907,0.0
2,3908,0.0
2,3909,0.0
2,3910,0.0
2,3911,0.0
2,3912,0.0
2,3913,0.0
2,3914,0.0
2,3915,0.0
2,3916,0.0
2,3917,0.0
2,3918,0.0
2,3919,0.0
2,3920,0.0
2,3921,0.0
2,3922,0.0
2,3923,0.0
2,3924,0.0
2,3925,0.0
2,3926,0.0
2,3927,0.0
2,3928,0.0
2,3929,0.0
2,3930,0.0
2,3931,0.0
2,3932,0.0
2,3933,0.0
2,3934,0.0
2,3935,0.0
2,3936,0.0
2,3937,0.0
2,3938,0.0
2,3939,0.0
2,3940,0.0
2,3941,0.0
2,3942,0.0
2,3943,0.0
2,3944,0.0
2,3945,0.0
2,3946,0.0
2,3947,0.0
2,3948,0.0
2,3949,0.0
2,3950,0.0
2,3951,0.0
2,3952,0.0
2,3953,0.0
2,3954,0.0
2,3955,0.0
2,3956,0.0
2,3957,0.0
2,3958,0.0
2,3959,0.0
2,3960,0.0
2,3961,0.0
2,3962,0.0
2,3963,0.0
2,3964,0.0
2,3965,0.0
2,3966,0.0
2,3967,0.0
2,3968,0.0
2,3969,0.0
2,3970,0.0
2,3971,0.0
2,3972,0.0
2,3973,0.0
2,3974,0.0
2,3975,0.0
2,3976,0.0
2,3977,0.0
2,3978,0.0
2,3979,0.0
2,3980,0.0
2,3981,0.0
2,3982,0.0
2,3983,0.0
2,3984,0.0
2,3985,0.0
2,3986,0.0
2,3987,0.0
2,3988,0.0
2,3989,0.0
2,3990,0.0
2,3991,0.0
2,3992,0.0
2,3993,0.0
2,3994,0.0
2,3995,0.0
2,3996,0.0
2,3997,0.0
2,3998,0.0
2,3999,0.0
2,4000,0.0
2,4001,0.0
2,4002,0.0
2,4003,0.0
2,4004,0.0
2,4005,0.0
2,4006,0.0
2,4007,0.0
2,4008,0.0
2,4009,0.0
2,4010,0.0
2,4011,0.0
2,4012,0.0
2,4013,0.0
2,4014,0.0
2,4015,0.0
2,4016,0.0
2,4017,0.0
2,4018,0.0
2,4019,0.0
2,4020,0.0
2,4021,0.0
2,4022,0.0
2,4023,0.0
2,4024,0.0
2,4025,0.0
2,4026,0.0
2,4027,0.0
2,4028,0.0
2,4029,0.0
2,4030,0.0
2,4031,0.0
2,4032,0.0
2,4033,0.0
2,4034,0.0
2,4035,0.0
2,4036,0.0
2,4037,0.0
2,4038,0.0
2,4039,0.0
2,4040,0.0
2,4041,0.0
2,4042,0.0
2,4043,0.0
2,4044,0.0
2,4045,0.0
2,4046,0.0
2,4047,0.0
2,4048,0.0
2,4049,0.0
2,4050,0.0
2,4051,0.0
2,4052,0.0
2,4053,0.0
2,4054,0.0
2,4055,0.0
2,4056,0.0
2,4057,0.0
2,4058,0.0
2,4059,0.0
2,4060,0.0
2,4061,0.0
2,4062,0.0
2,4063,0.0
2,4064,0.0
2,4065,0.0
2,4066,0.0
2,4067,0.0
2,4068,0.0
2,4069,0.0
2,4070,0.0
2,4071,0.0
2,4072,0.0
2,4073,0.0
2,4074,0.0
2,4075,0.0
2,4076,0.0
2,4077,0.0
2,4078,0.0
2,4079,0.0
2,4080,0.0
2,4081,0.0
2,4082,0.0
2,4083,0.0
2,4084,0.0
2,4085,0.0
2,4086,0.0
2,4087,0.0
2,4088,0.0
2,4089,0.0
2,4090,0.0
2,4091,0.0
2,4092,0.0
2,4093,0.0
2,4094,0.0
2,4095,0.0
2,4096,0.0
2,4097,0.0
2,4098,0.0
2,4099,0.0
2,4100,0.0
2,4101,0.0
2,4102,0.0
2,4103,0.0
2,4104,0.0
2,4105,0.0
2,4106,0.0
2,4107,0.0
2,4108,0.0
2,4109,0.0
2,4110,0.0
2,4111,0.0
2,4112,0.0
2,4113,0.0
2,4114,0.0
2,4115,0.0
2,4116,0.0
2,4117,0.0
2,4118,0.0
2,4119,0.0
2,4120,0.0
2,4121,0.0
2,4122,0.0
2,4123,0.0
2,4124,0.0
2,4125,0.0
2,4126,0.0
2,4127,0.0
2,4128,0.0
2,4129,0.0
2,4130,0.0
2,4131,0.0
2,4132,0.0
2,4133,0.0
2,4134,0.0
2,4135,0.0
2,4136,0.0
2,4137,0.0
2,4138,0.0
2,4139,0.0
2,4140,0.0
2,4141,0.0
2,4142,0.0
2,4143,0.0
2,4144,0.0
2,4145,0.0
2,4146,0.0
2,4147,0.0
2,4148,0.0
2,4149,0.0
2,4150,0.0
2,4151,0.0
2,4152,0.0
2,4153,0.0
2,4154,0.0
2,4155,0.0
2,4156,0.0
2,4157,0.0
2,4158,0.0
2,4159,0.0
2,4160,0.0
2,4161,0.0
2,4162,0.0
2,4163,0.0
2,4164,0.0
2,4165,0.0
2,4166,0.0
2,4167,0.0
2,4168,0.0
2,4169,0.0
2,4170,0.0
2,4171,0.0
2,4172,0.0
2,4173,0.0
2,4174,0.0
2,4175,0.0
2,4176,0.0
2,4177,0.0
2,4178,0.0
2,4179,0.0
2,4180,0.0
2,4181,0.0
2,4182,0.0
2,4183,0.0
2,4184,0.0
2,4185,0.0
2,4186,0.0
2,4187,0.0
2,4188,0.0
2,4189,0.0
2,4190,0.0
2,4191,0.0
2,4192,0.0
2,4193,0.0
2,4194,0.0
2,4195,0.0
2,4196,0.0
2,4197,0.0
2,4198,0.0
2,4199,0.0
2,4200,0.0
2,4201,0.0
2,4202,0.0
2,4203,0.0
2,4204,0.0
2,4205,0.0
2,4206,0.0
2,4207,0.0
2,4208,0.0
2,4209,0.0
2,4210,0.0
2,4211,0.0
2,4212,0.0
2,4213,0.0
2,4214,0.0
2,4215,0.0
2,4216,0.0
2,4217,0.0
2,4218,0.0
2,4219,0.0
2,4220,0.0
2,4221,0.0
2,4222,0.0
2,4223,0.0
2,4224,0.0
2,4225,0.0
2,4226,0.0
2,4227,0.0
2,4228,0.0
2,4229,0.0
2,4230,0.0
2,4231,0.0
2,4232,0.0
2,4233,0.0
2,4234,0.0
2,4235,0.0
2,4236,0.0
2,4237,0.0
2,4238,0.0
2,4239,0.0
2,4240,0.0
2,4241,0.0
2,4242,0.0
2,4243,0.0
2,4244,0.0
2,4245,0.0
2,4246,0.0
2,4247,0.0
2,4248,0.0
2,4249,0.0
2,4250,0.0
2,4251,0.0
2,4252,0.0
2,4253,0.0
2,4254,0.0
2,4255,0.0
2,4256,0.0
2,4257,0.0
2,4258,0.0
2,4259,0.0
2,4260,0.0
2,4261,0.0
2,4262,0.0
2,4263,0.0
2,4264,0.0
2,4265,0.0
2,4266,0.0
2,4267,0.0
2,4268,0.0
2,4269,0.0
2,4270,0.0
2,4271,0.0
2,4272,0.0
2,4273,0.0
2,4274,0.0
2,4275,0.0
2,4276,0.0
2,4277,0.0
2,4278,0.0
2,4279,0.0
2,4280,0.0
2,4281,0.0
2,4282,0.0
2,4283,0.0
2,4284,0.0
2,4285,0.0
2,4286,0.0
2,4287,0.0
2,4288,0.0
2,4289,0.0
2,4290,0.0
2,4291,0.0
2,4292,0.0
2,4293,0.0
2,4294,0.0
2,4295,0.0
2,4296,0.0
2,4297,0.0
2,4298,0.0
2,4299,0.0
2,4300,0.0
2,4301,0.0
2,4302,0.0
2,4303,0.0
2,4304,0.0
2,4305,0.0
2,4306,0.0
2,4307,0.0
2,4308,0.0
2,4309,0.0
2,4310,0.0
2,4311,0.0
2,4312,0.0
2,4313,0.0
2,4314,0.0
2,4315,0.0
2,4316,0.0
2,4317,0.0
2,4318,0.0
2,4319,0.0
2,4320,0.0
2,4321,0.0
2,4322,0.0
2,4323,0.0
2,4324,0.0
2,4325,0.0
2,4326,0.0
2,4327,0.0
2,4328,0.0
2,4329,0.0
2,4330,0.0
2,4331,0.0
2,4332,0.0
2,4333,0.0
2,4334,0.0
2,4335,0.0
2,4336,0.0
2,4337,0.0
2,4338,0.0
2,4339,0.0
2,4340,0.0
2,4341,0.0
2,4342,0.0
2,4343,0.0
2,4344,0.0
2,4345,0.0
2,4346,0.0
2,4347,0.0
2,4348,0.0
2,4349,0.0
2,4350,0.0
2,4351,0.0
2,4352,0.0
2,4353,0.0
2,4354,0.0
2,4355,0.0
2,4356,0.0
2,4357,0.0
2,4358,0.0
2,4359,0.0
2,4360,0.0
2,4361,0.0
2,4362,0.0
2,4363,0.0
2,4364,0.0
2,4365,0.0
2,4366,0.0
2,4367,0.0
2,4368,0.0
2,4369,0.0
2,4370,0.0
2,4371,0.0
2,4372,0.0
2,4373,0.0
2,4374,0.0
2,4375,0.0
2,4376,0.0
2,4377,0.0
2,4378,0.0
2,4379,0.0
2,4380,0.0
2,4381,0.0
2,4382,0.0
2,4383,0.0
2,4384,0.0
2,4385,0.0
2,4386,0.0
2,4387,0.0
2,4388,0.0
2,4389,0.0
2,4390,0.0
2,4391,0.0
2,4392,0.0
2,4393,0.0
2,4394,0.0
2,4395,0.0
2,4396,0.0
2,4397,0.0
2,4398,0.0
2,4399,0.0
2,4400,0.0
2,4401,0.0
2,4402,0.0
2,4403,0.0
2,4404,0.0
2,4405,0.0
2,4406,0.0
2,4407,0.0
2,4408,0.0
2,4409,0.0
2,4410,0.0
2,4411,0.0
2,4412,0.0
2,4413,0.0
2,4414,0.0
2,4415,0.0
2,4416,0.0
2,4417,0.0
2,4418,0.0
2,4419,0.0
2,4420,0.0
2,4421,0.0
2,4422,0.0
2,4423,0.0
2,4424,0.0
2,4425,0.0
2,4426,0.0
2,4427,0.0
2,4428,0.0
2,4429,0.0
2,4430,0.0
2,4431,0.0
2,4432,0.0
2,4433,0.0
2,4434,0.0
2,4435,0.0
2,4436,0.0
2,4437,0.0
2,4438,0.0
2,4439,0.0
2,4440,0.0
2,4441,0.0
2,4442,0.0
2,4443,0.0
2,4444,0.0
2,4445,0.0
2,4446,0.0
2,4447,0.0
2,4448,0.0
2,4449,0.0
2,4450,0.0
2,4451,0.0
2,4452,0.0
2,4453,0.0
2,4454,0.0
2,4455,0.0
2,4456,0.0
2,4457,0.0
2,4458,0.0
2,4459,0.0
2,4460,0.0
2,4461,0.0
2,4462,0.0
2,4463,0.0
2,4464,0.0
2,4465,0.0
2,4466,0.0
2,4467,0.0
2,4468,0.0
2,4469,0.0
2,4470,0.0
2,4471,0.0
2,4472,0.0
2,4473,0.0
2,4474,0.0
2,4475,0.0
2,4476,0.0
2,4477,0.0
2,4478,0.0
2,4479,0.0
2,4480,0.0
2,4481,0.0
2,4482,0.0
2,4483,0.0
2,4484,0.0
2,4485,0.0
2,4486,0.0
2,4487,0.0
2,4488,0.0
2,4489,0.0
2,4490,0.0
2,4491,0.0
2,4492,0.0
2,4493,0.0
2,4494,0.0
2,4495,0.0
2,4496,0.0
2,4497,0.0
2,4498,0.0
2,4499,0.0
2,4500,0.0
2,4501,0.0
2,4502,0.0
2,4503,0.0
2,4504,0.0
2,4505,0.0
2,4506,0.0
2,4507,0.0
2,4508,0.0
2,4509,0.0
2,4510,0.0
2,4511,0.0
2,4512,0.0
2,4513,0.0
2,4514,0.0
2,4515,0.0
2,4516,0.0
2,4517,0.0
2,4518,0.0
2,4519,0.0
2,4520,0.0
2,4521,0.0
2,4522,0.0
2,4523,0.0
2,4524,0.0
2,4525,0.0
2,4526,0.0
2,4527,0.0
2,4528,0.0
2,4529,0.0
2,4530,0.0
2,4531,0.0
2,4532,0.0
2,4533,0.0
2,4534,0.0
2,4535,0.0
2,4536,0.0
2,4537,0.0
2,4538,0.0
2,4539,0.0
2,4540,0.0
2,4541,0.0
2,4542,0.0
2,4543,0.0
2,4544,0.0
2,4545,0.0
2,4546,0.0
2,4547,0.0
2,4548,0.0
2,4549,0.0
2,4550,0.0
2,4551,0.0
2,4552,0.0
2,4553,0.0
2,4554,0.0
2,4555,0.0
2,4556,0.0
2,4557,0.0
2,4558,0.0
2,4559,0.0
2,4560,0.0
2,4561,0.0
2,4562,0.0
2,4563,0.0
2,4564,0.0
2,4565,0.0
2,4566,0.0
2,4567,0.0
2,4568,0.0
2,4569,0.0
2,4570,0.0
2,4571,0.0
2,4572,0.0
2,4573,0.0
2,4574,0.0
2,4575,0.0
2,4576,0.0
2,4577,0.0
2,4578,0.0
2,4579,0.0
2,4580,0.0
2,4581,0.0
2,4582,0.0
2,4583,0.0
2,4584,0.0
2,4585,0.0
2,4586,0.0
2,4587,0.0
2,4588,0.0
2,4589,0.0
2,4590,0.0
2,4591,0.0
2,4592,0.0
2,4593,0.0
2,4594,0.0
2,4595,0.0
2,4596,0.0
2,4597,0.0
2,4598,0.0
2,4599,0.0
2,4600,0.0
2,4601,0.0
2,4602,0.0
2,4603,0.0
2,4604,0.0
2,4605,0.0
2,4606,0.0
2,4607,0.0
2,4608,0.0
2,4609,0.0
2,4610,0.0
2,4611,0.0
2,4612,0.0
2,4613,0.0
2,4614,0.0
2,4615,0.0
2,4616,0.0
2,4617,0.0
2,4618,0.0
2,4619,0.0
2,4620,0.0
2,4621,0.0
2,4622,0.0
2,4623,0.0
2,4624,0.0
2,4625,0.0
2,4626,0.0
2,4627,0.0
2,4628,0.0
2,4629,0.0
2,4630,0.0
2,4631,0.0
2,4632,0.0
2,4633,0.0
2,4634,0.0
2,4635,0.0
2,4636,0.0
2,4637,0.0
2,4638,0.0
2,4639,0.0
2,4640,0.0
2,4641,0.0
2,4642,0.0
2,4643,0.0
2,4644,0.0
2,4645,0.0
2,4646,0.0
2,4647,0.0
2,4648,0.0
2,4649,0.0
2,4650,0.0
2,4651,0.0
2,4652,0.0
2,4653,0.0
2,4654,0.0
2,4655,0.0
2,4656,0.0
2,4657,0.0
2,4658,0.0
2,4659,0.0
2,4660,0.0
2,4661,0.0
2,4662,0.0
2,4663,0.0
2,4664,0.0
2,4665,0.0
2,4666,0.0
2,4667,0.0
2,4668,0.0
2,4669,0.0
2,4670,0.0
2,4671,0.0
2,4672,0.0
2,4673,0.0
2,4674,0.0
2,4675,0.0
2,4676,0.0
2,4677,0.0
2,4678,0.0
2,4679,0.0
2,4680,0.0
2,4681,0.0
2,4682,0.0
2,4683,0.0
2,4684,0.0
2,4685,0.0
2,4686,0.0
2,4687,0.0
2,4688,0.0
2,4689,0.0
2,4690,0.0
2,4691,0.0
2,4692,0.0
2,4693,0.0
2,4694,0.0
2,4695,0.0
2,4696,0.0
2,4697,0.0
2,4698,0.0
2,4699,0.0
2,4700,0.0
2,4701,0.0
2,4702,0.0
2,4703,0.0
2,4704,0.0
2,4705,0.0
2,4706,0.0
2,4707,0.0
2,4708,0.0
2,4709,0.0
2,4710,0.0
2,4711,0.0
2,4712,0.0
2,4713,0.0
2,4714,0.0
2,4715,0.0
2,4716,0.0
2,4717,0.0
2,4718,0.0
2,4719,0.0
2,4720,0.0
2,4721,0.0
2,4722,0.0
2,4723,0.0
2,4724,0.0
2,4725,0.0
2,4726,0.0
2,4727,0.0
2,4728,0.0
2,4729,0.0
2,4730,0.0
2,4731,0.0
2,4732,0.0
2,4733,0.0
2,4734,0.0
2,4735,0.0
2,4736,0.0
2,4737,0.0
2,4738,0.0
2,4739,0.0
2,4740,0.0
2,4741,0.0
2,4742,0.0
2,4743,0.0
2,4744,0.0
2,4745,0.0
2,4746,0.0
2,4747,0.0
2,4748,0.0
2,4749,0.0
2,4750,0.0
2,4751,0.0
2,4752,0.0
2,4753,0.0
2,4754,0.0
2,4755,0.0
2,4756,0.0
2,4757,0.0
2,4758,0.0
2,4759,0.0
2,4760,0.0
2,4761,0.0
2,4762,0.0
2,4763,0.0
2,4764,0.0
2,4765,0.0
2,4766,0.0
2,4767,0.0
2,4768,0.0
2,4769,0.0
2,4770,0.0
2,4771,0.0
2,4772,0.0
2,4773,0.0
2,4774,0.0
2,4775,0.0
2,4776,0.0
2,4777,0.0
2,4778,0.0
2,4779,0.0
2,4780,0.0
2,4781,0.0
2,4782,0.0
2,4783,0.0
2,4784,0.0
2,4785,0.0
2,4786,0.0
2,4787,0.0
2,4788,0.0
2,4789,0.0
2,4790,0.0
2,4791,0.0
2,4792,0.0
2,4793,0.0
2,4794,0.0
2,4795,0.0
2,4796,0.0
2,4797,0.0
2,4798,0.0
2,4799,0.0
2,4800,0.0
2,4801,0.0
2,4802,0.0
2,4803,0.0
2,4804,0.0
2,4805,0.0
2,4806,0.0
2,4807,0.0
2,4808,0.0
2,4809,0.0
2,4810,0.0
2,4811,0.0
2,4812,0.0
2,4813,0.0
2,4814,0.0
2,4815,0.0
2,4816,0.0
2,4817,0.0
2,4818,0.0
2,4819,0.0
2,4820,0.0
2,4821,0.0
2,4822,0.0
2,4823,0.0
2,4824,0.0
2,4825,0.0
2,4826,0.0
2,4827,0.0
2,4828,0.0
2,4829,0.0
2,4830,0.0
2,4831,0.0
2,4832,0.0
2,4833,0.0
2,4834,0.0
2,4835,0.0
2,4836,0.0
2,4837,0.0
2,4838,0.0
2,4839,0.0
2,4840,0.0
2,4841,0.0
2,4842,0.0
2,4843,0.0
2,4844,0.0
2,4845,0.0
2,4846,0.0
2,4847,0.0
2,4848,0.0
2,4849,0.0
2,4850,0.0
2,4851,0.0
2,4852,0.0
2,4853,0.0
2,4854,0.0
2,4855,0.0
2,4856,0.0
2,4857,0.0
2,4858,0.0
2,4859,0.0
2,4860,0.0
2,4861,0.0
2,4862,0.0
2,4863,0.0
2,4864,0.0
2,4865,0.0
2,4866,0.0
2,4867,0.0
2,4868,0.0
2,4869,0.0
2,4870,0.0
2,4871,0.0
2,4872,0.0
2,4873,0.0
2,4874,0.0
2,4875,0.0
2,4876,0.0
2,4877,0.0
2,4878,0.0
2,4879,0.0
2,4880,0.0
2,4881,0.0
2,4882,0.0
2,4883,0.0
2,4884,0.0
2,4885,0.0
2,4886,0.0
2,4887,0.0
2,4888,0.0
2,4889,0.0
2,4890,0.0
2,4891,0.0
2,4892,0.0
2,4893,0.0
2,4894,0.0
2,4895,0.0
2,4896,0.0
2,4897,0.0
2,4898,0.0
2,4899,0.0
2,4900,0.0
2,4901,0.0
2,4902,0.0
2,4903,0.0
2,4904,0.0
2,4905,0.0
2,4906,0.0
2,4907,0.0
2,4908,0.0
2,4909,0.0
2,4910,0.0
2,4911,0.0
2,4912,0.0
2,4913,0.0
2,4914,0.0
2,4915,0.0
2,4916,0.0
2,4917,0.0
2,4918,0.0
2,4919,0.0
2,4920,0.0
2,4921,0.0
2,4922,0.0
2,4923,0.0
2,4924,0.0
2,4925,0.0
2,4926,0.0
2,4927,0.0
2,4928,0.0
2,4929,0.0
2,4930,0.0
2,4931,0.0
2,4932,0.0
2,4933,0.0
2,4934,0.0
2,4935,0.0
2,4936,0.0
2,4937,0.0
2,4938,0.0
2,4939,0.0
2,4940,0.0
2,4941,0.0
2,4942,0.0
2,4943,0.0
2,4944,0.0
2,4945,0.0
2,4946,0.0
2,4947,0.0
2,4948,0.0
2,4949,0.0
2,4950,0.0
2,4951,0.0
2,4952,0.0
2,4953,0.0
2,4954,0.0
2,4955,0.0
2,4956,0.0
2,4957,0.0
2,4958,0.0
2,4959,0.0
2,4960,0.0
2,4961,0.0
2,4962,0.0
2,4963,0.0
2,4964,0.0
2,4965,0.0
2,4966,0.0
2,4967,0.0
2,4968,0.0
2,4969,0.0
2,4970,0.0
2,4971,0.0
2,4972,0.0
2,4973,0.0
2,4974,0.0
2,4975,0.0
2,4976,0.0
2,4977,0.0
2,4978,0.0
2,4979,0.0
2,4980,0.0
2,4981,0.0
2,4982,0.0
2,4983,0.0
2,4984,0.0
2,4985,0.0
2,4986,0.0
2,4987,0.0
2,4988,0.0
2,4989,0.0
2,4990,0.0
2,4991,0.0
2,4992,0.0
2,4993,0.0
2,4994,0.0
2,4995,0.0
2,4996,0.0
2,4997,0.0
2,4998,0.0
2,4999,0.0
2,5000,0.0
2,5001,0.0
2,5002,0.0
2,5003,0.0
2,5004,0.0
2,5005,0.0
2,5006,0.0
2,5007,0.0
2,5008,0.0
2,5009,0.0
2,5010,0.0
2,5011,0.0
2,5012,0.0
2,5013,0.0
2,5014,0.0
2,5015,0.0
2,5016,0.0
2,5017,0.0
2,5018,0.0
2,5019,0.0
2,5020,0.0
2,5021,0.0
2,5022,0.0
2,5023,0.0
2,5024,0.0
2,5025,0.0
2,5026,0.0
2,5027,0.0
2,5028,0.0
2,5029,0.0
2,5030,0.0
2,5031,0.0
2,5032,0.0
2,5033,0.0
2,5034,0.0
2,5035,0.0
2,5036,0.0
2,5037,0.0
2,5038,0.0
2,5039,0.0
2,5040,0.0
2,5041,0.0
2,5042,0.0
2,5043,0.0
2,5044,0.0
2,5045,0.0
2,5046,0.0
2,5047,0.0
2,5048,0.0
2,5049,0.0
2,5050,0.0
2,5051,0.0
2,5052,0.0
2,5053,0.0
2,5054,0.0
2,5055,0.0
2,5056,0.0
2,5057,0.0
2,5058,0.0
2,5059,0.0
2,5060,0.0
2,5061,0.0
2,5062,0.0
2,5063,0.0
2,5064,0.0
2,5065,0.0
2,5066,0.0
2,5067,0.0
2,5068,0.0
2,5069,0.0
2,5070,0.0
2,5071,0.0
2,5072,0.0
2,5073,0.0
2,5074,0.0
2,5075,0.0
2,5076,0.0
2,5077,0.0
2,5078,0.0
2,5079,0.0
2,5080,0.0
2,5081,0.0
2,5082,0.0
2,5083,0.0
2,5084,0.0
2,5085,0.0
2,5086,0.0
2,5087,0.0
2,5088,0.0
2,5089,0.0
2,5090,0.0
2,5091,0.0
2,5092,0.0
2,5093,0.0
2,5094,0.0
2,5095,0.0
2,5096,0.0
2,5097,0.0
2,5098,0.0
2,5099,0.0
2,5100,0.0
2,5101,0.0
2,5102,0.0
2,5103,0.0
2,5104,0.0
2,5105,0.0
2,5106,0.0
2,5107,0.0
2,5108,0.0
2,5109,0.0
2,5110,0.0
2,5111,0.0
2,5112,0.0
2,5113,0.0
2,5114,0.0
2,5115,0.0
2,5116,0.0
2,5117,0.0
2,5118,0.0
2,5119,0.0
2,5120,0.0
2,5121,0.0
2,5122,0.0
2,5123,0.0
2,5124,0.0
2,5125,0.0
2,5126,0.0
2,5127,0.0
2,5128,0.0
2,5129,0.0
2,5130,0.0
2,5131,0.0
2,5132,0.0
2,5133,0.0
2,5134,0.0
2,5135,0.0
2,5136,0.0
2,5137,0.0
2,5138,0.0
2,5139,0.0
2,5140,0.0
2,5141,0.0
2,5142,0.0
2,5143,0.0
2,5144,0.0
2,5145,0.0
2,5146,0.0
2,5147,0.0
2,5148,0.0
2,5149,0.0
2,5150,0.0
2,5151,0.0
2,5152,0.0
2,5153,0.0
2,5154,0.0
2,5155,0.0
2,5156,0.0
2,5157,0.0
2,5158,0.0
2,5159,0.0
2,5160,0.0
2,5161,0.0
2,5162,0.0
2,5163,0.0
2,5164,0.0
2,5165,0.0
2,5166,0.0
2,5167,0.0
2,5168,0.0
2,5169,0.0
2,5170,0.0
2,5171,0.0
2,5172,0.0
2,5173,0.0
2,5174,0.0
2,5175,0.0
2,5176,0.0
2,5177,0.0
2,5178,0.0
2,5179,0.0
2,5180,0.0
2,5181,0.0
2,5182,0.0
2,5183,0.0
2,5184,0.0
2,5185,0.0
2,5186,0.0
2,5187,0.0
2,5188,0.0
2,5189,0.0
2,5190,0.0
2,5191,0.0
2,5192,0.0
2,5193,0.0
2,5194,0.0
2,5195,0.0
2,5196,0.0
2,5197,0.0
2,5198,0.0
2,5199,0.0
2,5200,0.0
2,5201,0.0
2,5202,0.0
2,5203,0.0
2,5204,0.0
2,5205,0.0
2,5206,0.0
2,5207,0.0
2,5208,0.0
2,5209,0.0
2,5210,0.0
2,5211,0.0
2,5212,0.0
2,5213,0.0
2,5214,0.0
2,5215,0.0
2,5216,0.0
2,5217,0.0
2,5218,0.0
2,5219,0.0
2,5220,0.0
2,5221,0.0
2,5222,0.0
2,5223,0.0
2,5224,0.0
2,5225,0.0
2,5226,0.0
2,5227,0.0
2,5228,0.0
2,5229,0.0
2,5230,0.0
2,5231,0.0
2,5232,0.0
2,5233,0.0
2,5234,0.0
2,5235,0.0
2,5236,0.0
2,5237,0.0
2,5238,0.0
2,5239,0.0
2,5240,0.0
2,5241,0.0
2,5242,0.0
2,5243,0.0
2,5244,0.0
2,5245,0.0
2,5246,0.0
2,5247,0.0
2,5248,0.0
2,5249,0.0
2,5250,0.0
2,5251,0.0
2,5252,0.0
2,5253,0.0
2,5254,0.0
2,5255,0.0
2,5256,0.0
2,5257,0.0
2,5258,0.0
2,5259,0.0
2,5260,0.0
2,5261,0.0
2,5262,0.0
2,5263,0.0
2,5264,0.0
2,5265,0.0
2,5266,0.0
2,5267,0.0
2,5268,0.0
2,5269,0.0
2,5270,0.0
2,5271,0.0
2,5272,0.0
2,5273,0.0
2,5274,0.0
2,5275,0.0
2,5276,0.0
2,5277,0.0
2,5278,0.0
2,5279,0.0
2,5280,0.0
2,5281,0.0
2,5282,0.0
2,5283,0.0
2,5284,0.0
2,5285,0.0
2,5286,0.0
2,5287,0.0
2,5288,0.0
2,5289,0.0
2,5290,0.0
2,5291,0.0
2,5292,0.0
2,5293,0.0
2,5294,0.0
2,5295,0.0
2,5296,0.0
2,5297,0.0
2,5298,0.0
2,5299,0.0
2,5300,0.0
2,5301,0.0
2,5302,0.0
2,5303,0.0
2,5304,0.0
2,5305,0.0
2,5306,0.0
2,5307,0.0
2,5308,0.0
2,5309,0.0
2,5310,0.0
2,5311,0.0
2,5312,0.0
2,5313,0.0
2,5314,0.0
2,5315,0.0
2,5316,0.0
2,5317,0.0
2,5318,0.0
2,5319,0.0
2,5320,0.0
2,5321,0.0
2,5322,0.0
2,5323,0.0
2,5324,0.0
2,5325,0.0
2,5326,0.0
2,5327,0.0
2,5328,0.0
2,5329,0.0
2,5330,0.0
2,5331,0.0
2,5332,0.0
2,5333,0.0
2,5334,0.0
2,5335,0.0
2,5336,0.0
2,5337,0.0
2,5338,0.0
2,5339,0.0
2,5340,0.0
2,5341,0.0
2,5342,0.0
2,5343,0.0
2,5344,0.0
2,5345,0.0
2,5346,0.0
2,5347,0.0
2,5348,0.0
2,5349,0.0
2,5350,0.0
2,5351,0.0
2,5352,0.0
2,5353,0.0
2,5354,0.0
2,5355,0.0
2,5356,0.0
2,5357,0.0
2,5358,0.0
2,5359,0.0
2,5360,0.0
2,5361,0.0
2,5362,0.0
2,5363,0.0
2,5364,0.0
2,5365,0.0
2,5366,0.0
2,5367,0.0
2,5368,0.0
2,5369,0.0
2,5370,0.0
2,5371,0.0
2,5372,0.0
2,5373,0.0
2,5374,0.0
2,5375,0.0
2,5376,0.0
2,5377,0.0
2,5378,0.0
2,5379,0.0
2,5380,0.0
2,5381,0.0
2,5382,0.0
2,5383,0.0
2,5384,0.0
2,5385,0.0
2,5386,0.0
2,5387,0.0
2,5388,0.0
2,5389,0.0
2,5390,0.0
2,5391,0.0
2,5392,0.0
2,5393,0.0
2,5394,0.0
2,5395,0.0
2,5396,0.0
2,5397,0.0
2,5398,0.0
2,5399,0.0
2,5400,0.0
2,5401,0.0
2,5402,0.0
2,5403,0.0
2,5404,0.0
2,5405,0.0
2,5406,0.0
2,5407,0.0
2,5408,0.0
2,5409,0.0
2,5410,0.0
2,5411,0.0
2,5412,0.0
2,5413,0.0
2,5414,0.0
2,5415,0.0
2,5416,0.0
2,5417,0.0
2,5418,0.0
2,5419,0.0
2,5420,0.0
2,5421,0.0
2,5422,0.0
2,5423,0.0
2,5424,0.0
2,5425,0.0
2,5426,0.0
2,5427,0.0
2,5428,0.0
2,5429,0.0
2,5430,0.0
2,5431,0.0
2,5432,0.0
2,5433,0.0
2,5434,0.0
2,5435,0.0
2,5436,0.0
2,5437,0.0
2,5438,0.0
2,5439,0.0
2,5440,0.0
2,5441,0.0
2,5442,0.0
2,5443,0.0
2,5444,0.0
2,5445,0.0
2,5446,0.0
2,5447,0.0
2,5448,0.0
2,5449,0.0
2,5450,0.0
2,5451,0.0
2,5452,0.0
2,5453,0.0
2,5454,0.0
2,5455,0.0
2,5456,0.0
2,5457,0.0
2,5458,0.0
2,5459,0.0
2,5460,0.0
2,5461,0.0
2,5462,0.0
2,5463,0.0
2,5464,0.0
2,5465,0.0
2,5466,0.0
2,5467,0.0
2,5468,0.0
2,5469,0.0
2,5470,0.0
2,5471,0.0
2,5472,0.0
2,5473,0.0
2,5474,0.0
2,5475,0.0
2,5476,0.0
2,5477,0.0
2,5478,0.0
2,5479,0.0
2,5480,0.0
2,5481,0.0
2,5482,0.0
2,5483,0.0
2,5484,0.0
2,5485,0.0
2,5486,0.0
2,5487,0.0
2,5488,0.0
2,5489,0.0
2,5490,0.0
2,5491,0.0
2,5492,0.0
2,5493,0.0
2,5494,0.0
2,5495,0.0
2,5496,0.0
2,5497,0.0
2,5498,0.0
2,5499,0.0
2,5500,0.0
2,5501,0.0
2,5502,0.0
2,5503,0.0
2,5504,0.0
2,5505,0.0
2,5506,0.0
2,5507,0.0
2,5508,0.0
2,5509,0.0
2,5510,0.0
2,5511,0.0
2,5512,0.0
2,5513,0.0
2,5514,0.0
2,5515,0.0
2,5516,0.0
2,5517,0.0
2,5518,0.0
2,5519,0.0
2,5520,0.0
2,5521,0.0
2,5522,0.0
2,5523,0.0
2,5524,0.0
2,5525,0.0
2,5526,0.0
2,5527,0.0
2,5528,0.0
2,5529,0.0
2,5530,0.0
2,5531,0.0
2,5532,0.0
2,5533,0.0
2,5534,0.0
2,5535,0.0
2,5536,0.0
2,5537,0.0
2,5538,0.0
2,5539,0.0
2,5540,0.0
2,5541,0.0
2,5542,0.0
2,5543,0.0
2,5544,0.0
2,5545,0.0
2,5546,0.0
2,5547,0.0
2,5548,0.0
2,5549,0.0
2,5550,0.0
2,5551,0.0
2,5552,0.0
2,5553,0.0
2,5554,0.0
2,5555,0.0
2,5556,0.0
2,5557,0.0
2,5558,0.0
2,5559,0.0
2,5560,0.0
2,5561,0.0
2,5562,0.0
2,5563,0.0
2,5564,0.0
2,5565,0.0
2,5566,0.0
2,5567,0.0
2,5568,0.0
2,5569,0.0
2,5570,0.0
2,5571,0.0
2,5572,0.0
2,5573,0.0
2,5574,0.0
2,5575,0.0
2,5576,0.0
2,5577,0.0
2,5578,0.0
2,5579,0.0
2,5580,0.0
2,5581,0.0
2,5582,0.0
2,5583,0.0
2,5584,0.0
2,5585,0.0
2,5586,0.0
2,5587,0.0
2,5588,0.0
2,5589,0.0
2,5590,0.0
2,5591,0.0
2,5592,0.0
2,5593,0.0
2,5594,0.0
2,5595,0.0
2,5596,0.0
2,5597,0.0
2,5598,0.0
2,5599,0.0
2,5600,0.0
2,5601,0.0
2,5602,0.0
2,5603,0.0
2,5604,0.0
2,5605,0.0
2,5606,0.0
2,5607,0.0
2,5608,0.0
2,5609,0.0
2,5610,0.0
2,5611,0.0
2,5612,0.0
2,5613,0.0
2,5614,0.0
2,5615,0.0
2,5616,0.0
2,5617,0.0
2,5618,0.0
2,5619,0.0
2,5620,0.0
2,5621,0.0
2,5622,0.0
2,5623,0.0
2,5624,0.0
2,5625,0.0
2,5626,0.0
2,5627,0.0
2,5628,0.0
2,5629,0.0
2,5630,0.0
2,5631,0.0
2,5632,0.0
2,5633,0.0
2,5634,0.0
2,5635,0.0
2,5636,0.0
2,5637,0.0
2,5638,0.0
2,5639,0.0
2,5640,0.0
2,5641,0.0
2,5642,0.0
2,5643,0.0
2,5644,0.0
2,5645,0.0
2,5646,0.0
2,5647,0.0
2,5648,0.0
2,5649,0.0
2,5650,0.0
2,5651,0.0
2,5652,0.0
2,5653,0.0
2,5654,0.0
2,5655,0.0
2,5656,0.0
2,5657,0.0
2,5658,0.0
2,5659,0.0
2,5660,0.0
2,5661,0.0
2,5662,0.0
2,5663,0.0
2,5664,0.0
2,5665,0.0
2,5666,0.0
2,5667,0.0
2,5668,0.0
2,5669,0.0
2,5670,0.0
2,5671,0.0
2,5672,0.0
2,5673,0.0
2,5674,0.0
2,5675,0.0
2,5676,0.0
2,5677,0.0
2,5678,0.0
2,5679,0.0
2,5680,0.0
2,5681,0.0
2,5682,0.0
2,5683,0.0
2,5684,0.0
2,5685,0.0
2,5686,0.0
2,5687,0.0
2,5688,0.0
2,5689,0.0
2,5690,0.0
2,5691,0.0
2,5692,0.0
2,5693,0.0
2,5694,0.0
2,5695,0.0
2,5696,0.0
2,5697,0.0
2,5698,0.0
2,5699,0.0
2,5700,0.0
2,5701,0.0
2,5702,0.0
2,5703,0.0
2,5704,0.0
2,5705,0.0
2,5706,0.0
2,5707,0.0
2,5708,0.0
2,5709,0.0
2,5710,0.0
2,5711,0.0
2,5712,0.0
2,5713,0.0
2,5714,0.0
2,5715,0.0
2,5716,0.0
2,5717,0.0
2,5718,0.0
2,5719,0.0
2,5720,0.0
2,5721,0.0
2,5722,0.0
2,5723,0.0
2,5724,0.0
2,5725,0.0
2,5726,0.0
2,5727,0.0
2,5728,0.0
2,5729,0.0
2,5730,0.0
2,5731,0.0
2,5732,0.0
2,5733,0.0
2,5734,0.0
2,5735,0.0
2,5736,0.0
2,5737,0.0
2,5738,0.0
2,5739,0.0
2,5740,0.0
2,5741,0.0
2,5742,0.0
2,5743,0.0
2,5744,0.0
2,5745,0.0
2,5746,0.0
2,5747,0.0
2,5748,0.0
2,5749,0.0
2,5750,0.0
2,5751,0.0
2,5752,0.0
2,5753,0.0
2,5754,0.0
2,5755,0.0
2,5756,0.0
2,5757,0.0
2,5758,0.0
2,5759,0.0
2,5760,0.0
2,5761,0.0
2,5762,0.0
2,5763,0.0
2,5764,0.0
2,5765,0.0
2,5766,0.0
2,5767,0.0
2,5768,0.0
2,5769,0.0
2,5770,0.0
2,5771,0.0
2,5772,0.0
2,5773,0.0
2,5774,0.0
2,5775,0.0
2,5776,0.0
2,5777,0.0
2,5778,0.0
2,5779,0.0
2,5780,0.0
2,5781,0.0
2,5782,0.0
2,5783,0.0
2,5784,0.0
2,5785,0.0
2,5786,0.0
2,5787,0.0
2,5788,0.0
2,5789,0.0
2,5790,0.0
2,5791,0.0
2,5792,0.0
2,5793,0.0
2,5794,0.0
2,5795,0.0
2,5796,0.0
2,5797,0.0
2,5798,0.0
2,5799,0.0
2,5800,0.0
2,5801,0.0
2,5802,0.0
2,5803,0.0
2,5804,0.0
2,5805,0.0
2,5806,0.0
2,5807,0.0
2,5808,0.0
2,5809,0.0
2,5810,0.0
2,5811,0.0
2,5812,0.0
2,5813,0.0
2,5814,0.0
2,5815,0.0
2,5816,0.0
2,5817,0.0
2,5818,0.0
2,5819,0.0
2,5820,0.0
2,5821,0.0
2,5822,0.0
2,5823,0.0
2,5824,0.0
2,5825,0.0
2,5826,0.0
2,5827,0.0
2,5828,0.0
2,5829,0.0
2,5830,0.0
2,5831,0.0
2,5832,0.0
2,5833,0.0
2,5834,0.0
2,5835,0.0
2,5836,0.0
2,5837,0.0
2,5838,0.0
2,5839,0.0
2,5840,0.0
2,5841,0.0
2,5842,0.0
2,5843,0.0
2,5844,0.0
2,5845,0.0
2,5846,0.0
2,5847,0.0
2,5848,0.0
2,5849,0.0
2,5850,0.0
2,5851,0.0
2,5852,0.0
2,5853,0.0
2,5854,0.0
2,5855,0.0
2,5856,0.0
2,5857,0.0
2,5858,0.0
2,5859,0.0
2,5860,0.0
2,5861,0.0
2,5862,0.0
2,5863,0.0
2,5864,0.0
2,5865,0.0
2,5866,0.0
2,5867,0.0
2,5868,0.0
2,5869,0.0
2,5870,0.0
2,5871,0.0
2,5872,0.0
2,5873,0.0
2,5874,0.0
2,5875,0.0
2,5876,0.0
2,5877,0.0
2,5878,0.0
2,5879,0.0
2,5880,0.0
2,5881,0.0
2,5882,0.0
2,5883,0.0
2,5884,0.0
2,5885,0.0
2,5886,0.0
2,5887,0.0
2,5888,0.0
2,5889,0.0
2,5890,0.0
2,5891,0.0
2,5892,0.0
2,5893,0.0
2,5894,0.0
2,5895,0.0
2,5896,0.0
2,5897,0.0
2,5898,0.0
2,5899,0.0
2,5900,0.0
2,5901,0.0
2,5902,0.0
2,5903,0.0
2,5904,0.0
2,5905,0.0
2,5906,0.0
2,5907,0.0
2,5908,0.0
2,5909,0.0
2,5910,0.0
2,5911,0.0
2,5912,0.0
2,5913,0.0
2,5914,0.0
2,5915,0.0
2,5916,0.0
2,5917,0.0
2,5918,0.0
2,5919,0.0
2,5920,0.0
2,5921,0.0
2,5922,0.0
2,5923,0.0
2,5924,0.0
2,5925,0.0
2,5926,0.0
2,5927,0.0
2,5928,0.0
2,5929,0.0
2,5930,0.0
2,5931,0.0
2,5932,0.0
2,5933,0.0
2,5934,0.0
2,5935,0.0
2,5936,0.0
2,5937,0.0
2,5938,0.0
2,5939,0.0
2,5940,0.0
2,5941,0.0
2,5942,0.0
2,5943,0.0
2,5944,0.0
2,5945,0.0
2,5946,0.0
2,5947,0.0
2,5948,0.0
2,5949,0.0
2,5950,0.0
2,5951,0.0
2,5952,0.0
2,5953,0.0
2,5954,0.0
2,5955,0.0
2,5956,0.0
2,5957,0.0
2,5958,0.0
2,5959,0.0
2,5960,0.0
2,5961,0.0
2,5962,0.0
2,5963,0.0
2,5964,0.0
2,5965,0.0
2,5966,0.0
2,5967,0.0
2,5968,0.0
2,5969,0.0
2,5970,0.0
2,5971,0.0
2,5972,0.0
2,5973,0.0
2,5974,0.0
2,5975,0.0
2,5976,0.0
2,5977,0.0
2,5978,0.0
2,5979,0.0
2,5980,0.0
2,5981,0.0
2,5982,0.0
2,5983,0.0
2,5984,0.0
2,5985,0.0
2,5986,0.0
2,5987,0.0
2,5988,0.0
2,5989,0.0
2,5990,0.0
2,5991,0.0
2,5992,0.0
2,5993,0.0
2,5994,0.0
2,5995,0.0
2,5996,0.0
2,5997,0.0
2,5998,0.0
2,5999,0.0
2,6000,0.0
2,6001,0.0
2,6002,0.0
2,6003,0.0
2,6004,0.0
2,6005,0.0
2,6006,0.0
2,6007,0.0
2,6008,0.0
2,6009,0.0
2,6010,0.0
2,6011,0.0
2,6012,0.0
2,6013,0.0
2,6014,0.0
2,6015,0.0
2,6016,0.0
2,6017,0.0
2,6018,0.0
2,6019,0.0
2,6020,0.0
2,6021,0.0
2,6022,0.0
2,6023,0.0
2,6024,0.0
2,6025,0.0
2,6026,0.0
2,6027,0.0
2,6028,0.0
2,6029,0.0
2,6030,0.0
2,6031,0.0
2,6032,0.0
2,6033,0.0
2,6034,0.0
2,6035,0.0
2,6036,0.0
2,6037,0.0
2,6038,0.0
2,6039,0.0
2,6040,0.0
2,6041,0.0
2,6042,0.0
2,6043,0.0
2,6044,0.0
2,6045,0.0
2,6046,0.0
2,6047,0.0
2,6048,0.0
2,6049,0.0
2,6050,0.0
2,6051,0.0
2,6052,0.0
2,6053,0.0
2,6054,0.0
2,6055,0.0
2,6056,0.0
2,6057,0.0
2,6058,0.0
2,6059,0.0
2,6060,0.0
2,6061,0.0
2,6062,0.0
2,6063,0.0
2,6064,0.0
2,6065,0.0
2,6066,0.0
2,6067,0.0
2,6068,0.0
2,6069,0.0
2,6070,0.0
2,6071,0.0
2,6072,0.0
2,6073,0.0
2,6074,0.0
2,6075,0.0
2,6076,0.0
2,6077,0.0
2,6078,0.0
2,6079,0.0
2,6080,0.0
2,6081,0.0
2,6082,0.0
2,6083,0.0
2,6084,0.0
2,6085,0.0
2,6086,0.0
2,6087,0.0
2,6088,0.0
2,6089,0.0
2,6090,0.0
2,6091,0.0
2,6092,0.0
2,6093,0.0
2,6094,0.0
2,6095,0.0
2,6096,0.0
2,6097,0.0
2,6098,0.0
2,6099,0.0
2,6100,0.0
2,6101,0.0
2,6102,0.0
2,6103,0.0
2,6104,0.0
2,6105,0.0
2,6106,0.0
2,6107,0.0
2,6108,0.0
2,6109,0.0
2,6110,0.0
2,6111,0.0
2,6112,0.0
2,6113,0.0
2,6114,0.0
2,6115,0.0
2,6116,0.0
2,6117,0.0
2,6118,0.0
2,6119,0.0
2,6120,0.0
2,6121,0.0
2,6122,0.0
2,6123,0.0
2,6124,0.0
2,6125,0.0
2,6126,0.0
2,6127,0.0
2,6128,0.0
2,6129,0.0
2,6130,0.0
2,6131,0.0
2,6132,0.0
2,6133,0.0
2,6134,0.0
2,6135,0.0
2,6136,0.0
2,6137,0.0
2,6138,0.0
2,6139,0.0
2,6140,0.0
2,6141,0.0
2,6142,0.0
2,6143,0.0
2,6144,0.0
2,6145,0.0
2,6146,0.0
2,6147,0.0
2,6148,0.0
2,6149,0.0
2,6150,0.0
2,6151,0.0
2,6152,0.0
2,6153,0.0
2,6154,0.0
2,6155,0.0
2,6156,0.0
2,6157,0.0
2,6158,0.0
2,6159,0.0
2,6160,0.0
2,6161,0.0
2,6162,0.0
2,6163,0.0
2,6164,0.0
2,6165,0.0
2,6166,0.0
2,6167,0.0
2,6168,0.0
2,6169,0.0
2,6170,0.0
2,6171,0.0
2,6172,0.0
2,6173,0.0
2,6174,0.0
2,6175,0.0
2,6176,0.0
2,6177,0.0
2,6178,0.0
2,6179,0.0
2,6180,0.0
2,6181,0.0
2,6182,0.0
2,6183,0.0
2,6184,0.0
2,6185,0.0
2,6186,0.0
2,6187,0.0
2,6188,0.0
2,6189,0.0
2,6190,0.0
2,6191,0.0
2,6192,0.0
2,6193,0.0
2,6194,0.0
2,6195,0.0
2,6196,0.0
2,6197,0.0
2,6198,0.0
2,6199,0.0
2,6200,0.0
2,6201,0.0
2,6202,0.0
2,6203,0.0
2,6204,0.0
2,6205,0.0
2,6206,0.0
2,6207,0.0
2,6208,0.0
2,6209,0.0
2,6210,0.0
2,6211,0.0
2,6212,0.0
2,6213,0.0
2,6214,0.0
2,6215,0.0
2,6216,0.0
2,6217,0.0
2,6218,0.0
2,6219,0.0
2,6220,0.0
2,6221,0.0
2,6222,0.0
2,6223,0.0
2,6224,0.0
2,6225,0.0
2,6226,0.0
2,6227,0.0
2,6228,0.0
2,6229,0.0
2,6230,0.0
2,6231,0.0
2,6232,0.0
2,6233,0.0
2,6234,0.0
2,6235,0.0
2,6236,0.0
2,6237,0.0
2,6238,0.0
2,6239,0.0
2,6240,0.0
2,6241,0.0
2,6242,0.0
2,6243,0.0
2,6244,0.0
2,6245,0.0
2,6246,0.0
2,6247,0.0
2,6248,0.0
2,6249,0.0
2,6250,0.0
2,6251,0.0
2,6252,0.0
2,6253,0.0
2,6254,0.0
2,6255,0.0
2,6256,0.0
2,6257,0.0
2,6258,0.0
2,6259,0.0
2,6260,0.0
2,6261,0.0
2,6262,0.0
2,6263,0.0
2,6264,0.0
2,6265,0.0
2,6266,0.0
2,6267,0.0
2,6268,0.0
2,6269,0.0
2,6270,0.0
2,6271,0.0
2,6272,0.0
2,6273,0.0
2,6274,0.0
2,6275,0.0
2,6276,0.0
2,6277,0.0
2,6278,0.0
2,6279,0.0
2,6280,0.0
2,6281,0.0
2,6282,0.0
2,6283,0.0
2,6284,0.0
2,6285,0.0
2,6286,0.0
2,6287,0.0
2,6288,0.0
2,6289,0.0
2,6290,0.0
2,6291,0.0
2,6292,0.0
2,6293,0.0
2,6294,0.0
2,6295,0.0
2,6296,0.0
2,6297,0.0
2,6298,0.0
2,6299,0.0
2,6300,0.0
2,6301,0.0
2,6302,0.0
2,6303,0.0
2,6304,0.0
2,6305,0.0
2,6306,0.0
2,6307,0.0
2,6308,0.0
2,6309,0.0
2,6310,0.0
2,6311,0.0
2,6312,0.0
2,6313,0.0
2,6314,0.0
2,6315,0.0
2,6316,0.0
2,6317,0.0
2,6318,0.0
2,6319,0.0
2,6320,0.0
2,6321,0.0
2,6322,0.0
2,6323,0.0
2,6324,0.0
2,6325,0.0
2,6326,0.0
2,6327,0.0
2,6328,0.0
2,6329,0.0
2,6330,0.0
2,6331,0.0
2,6332,0.0
2,6333,0.0
2,6334,0.0
2,6335,0.0
2,6336,0.0
2,6337,0.0
2,6338,0.0
2,6339,0.0
2,6340,0.0
2,6341,0.0
2,6342,0.0
2,6343,0.0
2,6344,0.0
2,6345,0.0
2,6346,0.0
2,6347,0.0
2,6348,0.0
2,6349,0.0
2,6350,0.0
2,6351,0.0
2,6352,0.0
2,6353,0.0
2,6354,0.0
2,6355,0.0
2,6356,0.0
2,6357,0.0
2,6358,0.0
2,6359,0.0
2,6360,0.0
2,6361,0.0
2,6362,0.0
2,6363,0.0
2,6364,0.0
2,6365,0.0
2,6366,0.0
2,6367,0.0
2,6368,0.0
2,6369,0.0
2,6370,0.0
2,6371,0.0
2,6372,0.0
2,6373,0.0
2,6374,0.0
2,6375,0.0
2,6376,0.0
2,6377,0.0
2,6378,0.0
2,6379,0.0
2,6380,0.0
2,6381,0.0
2,6382,0.0
2,6383,0.0
2,6384,0.0
2,6385,0.0
2,6386,0.0
2,6387,0.0
2,6388,0.0
2,6389,0.0
2,6390,0.0
2,6391,0.0
2,6392,0.0
2,6393,0.0
2,6394,0.0
2,6395,0.0
2,6396,0.0
2,6397,0.0
2,6398,0.0
2,6399,0.0
2,6400,0.0
2,6401,0.0
2,6402,0.0
2,6403,0.0
2,6404,0.0
2,6405,0.0
2,6406,0.0
2,6407,0.0
2,6408,0.0
2,6409,0.0
2,6410,0.0
2,6411,0.0
2,6412,0.0
2,6413,0.0
2,6414,0.0
2,6415,0.0
2,6416,0.0
2,6417,0.0
2,6418,0.0
2,6419,0.0
2,6420,0.0
2,6421,0.0
2,6422,0.0
2,6423,0.0
2,6424,0.0
2,6425,0.0
2,6426,0.0
2,6427,0.0
2,6428,0.0
2,6429,0.0
2,6430,0.0
2,6431,0.0
2,6432,0.0
2,6433,0.0
2,6434,0.0
2,6435,0.0
2,6436,0.0
2,6437,0.0
2,6438,0.0
2,6439,0.0
2,6440,0.0
2,6441,0.0
2,6442,0.0
2,6443,0.0
2,6444,0.0
2,6445,0.0
2,6446,0.0
2,6447,0.0
2,6448,0.0
2,6449,0.0
2,6450,0.0
2,6451,0.0
2,6452,0.0
2,6453,0.0
2,6454,0.0
2,6455,0.0
2,6456,0.0
2,6457,0.0
2,6458,0.0
2,6459,0.0
2,6460,0.0
2,6461,0.0
2,6462,0.0
2,6463,0.0
2,6464,0.0
2,6465,0.0
2,6466,0.0
2,6467,0.0
2,6468,0.0
2,6469,0.0
2,6470,0.0
2,6471,0.0
2,6472,0.0
2,6473,0.0
2,6474,0.0
2,6475,0.0
2,6476,0.0
2,6477,0.0
2,6478,0.0
2,6479,0.0
2,6480,0.0
2,6481,0.0
2,6482,0.0
2,6483,0.0
2,6484,0.0
2,6485,0.0
2,6486,0.0
2,6487,0.0
2,6488,0.0
2,6489,0.0
2,6490,0.0
2,6491,0.0
2,6492,0.0
2,6493,0.0
2,6494,0.0
2,6495,0.0
2,6496,0.0
2,6497,0.0
2,6498,0.0
2,6499,0.0
2,6500,0.0
2,6501,0.0
2,6502,0.0
2,6503,0.0
2,6504,0.0
2,6505,0.0
2,6506,0.0
2,6507,0.0
2,6508,0.0
2,6509,0.0
2,6510,0.0
2,6511,0.0
2,6512,0.0
2,6513,0.0
2,6514,0.0
2,6515,0.0
2,6516,0.0
2,6517,0.0
2,6518,0.0
2,6519,0.0
2,6520,0.0
2,6521,0.0
2,6522,0.0
2,6523,0.0
2,6524,0.0
2,6525,0.0
2,6526,0.0
2,6527,0.0
2,6528,0.0
2,6529,0.0
2,6530,0.0
2,6531,0.0
2,6532,0.0
2,6533,0.0
2,6534,0.0
2,6535,0.0
2,6536,0.0
2,6537,0.0
2,6538,0.0
2,6539,0.0
2,6540,0.0
2,6541,0.0
2,6542,0.0
2,6543,0.0
2,6544,0.0
2,6545,0.0
2,6546,0.0
2,6547,0.0
2,6548,0.0
2,6549,0.0
2,6550,0.0
2,6551,0.0
2,6552,0.0
2,6553,0.0
2,6554,0.0
2,6555,0.0
2,6556,0.0
2,6557,0.0
2,6558,0.0
2,6559,0.0
2,6560,0.0
2,6561,0.0
2,6562,0.0
2,6563,0.0
2,6564,0.0
2,6565,0.0
2,6566,0.0
2,6567,0.0
2,6568,0.0
2,6569,0.0
2,6570,0.0
2,6571,0.0
2,6572,0.0
2,6573,0.0
2,6574,0.0
2,6575,0.0
2,6576,0.0
2,6577,0.0
2,6578,0.0
2,6579,0.0
2,6580,0.0
2,6581,0.0
2,6582,0.0
2,6583,0.0
2,6584,0.0
2,6585,0.0
2,6586,0.0
2,6587,0.0
2,6588,0.0
2,6589,0.0
2,6590,0.0
2,6591,0.0
2,6592,0.0
2,6593,0.0
2,6594,0.0
2,6595,0.0
2,6596,0.0
2,6597,0.0
2,6598,0.0
2,6599,0.0
2,6600,0.0
2,6601,0.0
2,6602,0.0
2,6603,0.0
2,6604,0.0
2,6605,0.0
2,6606,0.0
2,6607,0.0
2,6608,0.0
2,6609,0.0
2,6610,0.0
2,6611,0.0
2,6612,0.0
2,6613,0.0
2,6614,0.0
2,6615,0.0
2,6616,0.0
2,6617,0.0
2,6618,0.0
2,6619,0.0
2,6620,0.0
2,6621,0.0
2,6622,0.0
2,6623,0.0
2,6624,0.0
2,6625,0.0
2,6626,0.0
2,6627,0.0
2,6628,0.0
2,6629,0.0
2,6630,0.0
2,6631,0.0
2,6632,0.0
2,6633,0.0
2,6634,0.0
2,6635,0.0
2,6636,0.0
2,6637,0.0
2,6638,0.0
2,6639,0.0
2,6640,0.0
2,6641,0.0
2,6642,0.0
2,6643,0.0
2,6644,0.0
2,6645,0.0
2,6646,0.0
2,6647,0.0
2,6648,0.0
2,6649,0.0
2,6650,0.0
2,6651,0.0
2,6652,0.0
2,6653,0.0
2,6654,0.0
2,6655,0.0
2,6656,0.0
2,6657,0.0
2,6658,0.0
2,6659,0.0
2,6660,0.0
2,6661,0.0
2,6662,0.0
2,6663,0.0
2,6664,0.0
2,6665,0.0
2,6666,0.0
2,6667,0.0
2,6668,0.0
2,6669,0.0
2,6670,0.0
2,6671,0.0
2,6672,0.0
2,6673,0.0
2,6674,0.0
2,6675,0.0
2,6676,0.0
2,6677,0.0
2,6678,0.0
2,6679,0.0
2,6680,0.0
2,6681,0.0
2,6682,0.0
2,6683,0.0
2,6684,0.0
2,6685,0.0
2,6686,0.0
2,6687,0.0
2,6688,0.0
2,6689,0.0
2,6690,0.0
2,6691,0.0
2,6692,0.0
2,6693,0.0
2,6694,0.0
2,6695,0.0
2,6696,0.0
2,6697,0.0
2,6698,0.0
2,6699,0.0
2,6700,0.0
2,6701,0.0
2,6702,0.0
2,6703,0.0
2,6704,0.0
2,6705,0.0
2,6706,0.0
2,6707,0.0
2,6708,0.0
2,6709,0.0
2,6710,0.0
2,6711,0.0
2,6712,0.0
2,6713,0.0
2,6714,0.0
2,6715,0.0
2,6716,0.0
2,6717,0.0
2,6718,0.0
2,6719,0.0
2,6720,0.0
2,6721,0.0
2,6722,0.0
2,6723,0.0
2,6724,0.0
2,6725,0.0
2,6726,0.0
2,6727,0.0
2,6728,0.0
2,6729,0.0
2,6730,0.0
2,6731,0.0
2,6732,0.0
2,6733,0.0
2,6734,0.0
2,6735,0.0
2,6736,0.0
2,6737,0.0
2,6738,0.0
2,6739,0.0
2,6740,0.0
2,6741,0.0
2,6742,0.0
2,6743,0.0
2,6744,0.0
2,6745,0.0
2,6746,0.0
2,6747,0.0
2,6748,0.0
2,6749,0.0
2,6750,0.0
2,6751,0.0
2,6752,0.0
2,6753,0.0
2,6754,0.0
2,6755,0.0
2,6756,0.0
2,6757,0.0
2,6758,0.0
2,6759,0.0
2,6760,0.0
2,6761,0.0
2,6762,0.0
2,6763,0.0
2,6764,0.0
2,6765,0.0
2,6766,0.0
2,6767,0.0
2,6768,0.0
2,6769,0.0
2,6770,0.0
2,6771,0.0
2,6772,0.0
2,6773,0.0
2,6774,0.0
2,6775,0.0
2,6776,0.0
2,6777,0.0
2,6778,0.0
2,6779,0.0
2,6780,0.0
2,6781,0.0
2,6782,0.0
2,6783,0.0
2,6784,0.0
2,6785,0.0
2,6786,0.0
2,6787,0.0
2,6788,0.0
2,6789,0.0
2,6790,0.0
2,6791,0.0
2,6792,0.0
2,6793,0.0
2,6794,0.0
2,6795,0.0
2,6796,0.0
2,6797,0.0
2,6798,0.0
2,6799,0.0
2,6800,0.0
2,6801,0.0
2,6802,0.0
2,6803,0.0
2,6804,0.0
2,6805,0.0
2,6806,0.0
2,6807,0.0
2,6808,0.0
2,6809,0.0
2,6810,0.0
2,6811,0.0
2,6812,0.0
2,6813,0.0
2,6814,0.0
2,6815,0.0
2,6816,0.0
2,6817,0.0
2,6818,0.0
2,6819,0.0
2,6820,0.0
2,6821,0.0
2,6822,0.0
2,6823,0.0
2,6824,0.0
2,6825,0.0
2,6826,0.0
2,6827,0.0
2,6828,0.0
2,6829,0.0
2,6830,0.0
2,6831,0.0
2,6832,0.0
2,6833,0.0
2,6834,0.0
2,6835,0.0
2,6836,0.0
2,6837,0.0
2,6838,0.0
2,6839,0.0
2,6840,0.0
2,6841,0.0
2,6842,0.0
2,6843,0.0
2,6844,0.0
2,6845,0.0
2,6846,0.0
2,6847,0.0
2,6848,0.0
2,6849,0.0
2,6850,0.0
2,6851,0.0
2,6852,0.0
2,6853,0.0
2,6854,0.0
2,6855,0.0
2,6856,0.0
2,6857,0.0
2,6858,0.0
2,6859,0.0
2,6860,0.0
2,6861,0.0
2,6862,0.0
2,6863,0.0
2,6864,0.0
2,6865,0.0
2,6866,0.0
2,6867,0.0
2,6868,0.0
2,6869,0.0
2,6870,0.0
2,6871,0.0
2,6872,0.0
2,6873,0.0
2,6874,0.0
2,6875,0.0
2,6876,0.0
2,6877,0.0
2,6878,0.0
2,6879,0.0
2,6880,0.0
2,6881,0.0
2,6882,0.0
2,6883,0.0
2,6884,0.0
2,6885,0.0
2,6886,0.0
2,6887,0.0
2,6888,0.0
2,6889,0.0
2,6890,0.0
2,6891,0.0
2,6892,0.0
2,6893,0.0
2,6894,0.0
2,6895,0.0
2,6896,0.0
2,6897,0.0
2,6898,0.0
2,6899,0.0
2,6900,0.0
2,6901,0.0
2,6902,0.0
2,6903,0.0
2,6904,0.0
2,6905,0.0
2,6906,0.0
2,6907,0.0
2,6908,0.0
2,6909,0.0
2,6910,0.0
2,6911,0.0
2,6912,0.0
2,6913,0.0
2,6914,0.0
2,6915,0.0
2,6916,0.0
2,6917,0.0
2,6918,0.0
2,6919,0.0
2,6920,0.0
2,6921,0.0
2,6922,0.0
2,6923,0.0
2,6924,0.0
2,6925,0.0
2,6926,0.0
2,6927,0.0
2,6928,0.0
2,6929,0.0
2,6930,0.0
2,6931,0.0
2,6932,0.0
2,6933,0.0
2,6934,0.0
2,6935,0.0
2,6936,0.0
2,6937,0.0
2,6938,0.0
2,6939,0.0
2,6940,0.0
2,6941,0.0
2,6942,0.0
2,6943,0.0
2,6944,0.0
2,6945,0.0
2,6946,0.0
2,6947,0.0
2,6948,0.0
2,6949,0.0
2,6950,0.0
2,6951,0.0
2,6952,0.0
2,6953,0.0
2,6954,0.0
2,6955,0.0
2,6956,0.0
2,6957,0.0
2,6958,0.0
2,6959,0.0
2,6960,0.0
2,6961,0.0
2,6962,0.0
2,6963,0.0
2,6964,0.0
2,6965,0.0
2,6966,0.0
2,6967,0.0
2,6968,0.0
2,6969,0.0
2,6970,0.0
2,6971,0.0
2,6972,0.0
2,6973,0.0
2,6974,0.0
2,6975,0.0
2,6976,0.0
2,6977,0.0
2,6978,0.0
2,6979,0.0
2,6980,0.0
2,6981,0.0
2,6982,0.0
2,6983,0.0
2,6984,0.0
2,6985,0.0
2,6986,0.0
2,6987,0.0
2,6988,0.0
2,6989,0.0
2,6990,0.0
2,6991,0.0
2,6992,0.0
2,6993,0.0
2,6994,0.0
2,6995,0.0
2,6996,0.0
2,6997,0.0
2,6998,0.0
2,6999,0.0
2,7000,0.0
2,7001,0.0
2,7002,0.0
2,7003,0.0
2,7004,0.0
2,7005,0.0
2,7006,0.0
2,7007,0.0
2,7008,0.0
2,7009,0.0
2,7010,0.0
2,7011,0.0
2,7012,0.0
2,7013,0.0
2,7014,0.0
2,7015,0.0
2,7016,0.0
2,7017,0.0
2,7018,0.0
2,7019,0.0
2,7020,0.0
2,7021,0.0
2,7022,0.0
2,7023,0.0
2,7024,0.0
2,7025,0.0
2,7026,0.0
2,7027,0.0
2,7028,0.0
2,7029,0.0
2,7030,0.0
2,7031,0.0
2,7032,0.0
2,7033,0.0
2,7034,0.0
2,7035,0.0
2,7036,0.0
2,7037,0.0
2,7038,0.0
2,7039,0.0
2,7040,0.0
2,7041,0.0
2,7042,0.0
2,7043,0.0
2,7044,0.0
2,7045,0.0
2,7046,0.0
2,7047,0.0
2,7048,0.0
2,7049,0.0
2,7050,0.0
2,7051,0.0
2,7052,0.0
2,7053,0.0
2,7054,0.0
2,7055,0.0
2,7056,0.0
2,7057,0.0
2,7058,0.0
2,7059,0.0
2,7060,0.0
2,7061,0.0
2,7062,0.0
2,7063,0.0
2,7064,0.0
2,7065,0.0
2,7066,0.0
2,7067,0.0
2,7068,0.0
2,7069,0.0
2,7070,0.0
2,7071,0.0
2,7072,0.0
2,7073,0.0
2,7074,0.0
2,7075,0.0
2,7076,0.0
2,7077,0.0
2,7078,0.0
2,7079,0.0
2,7080,0.0
2,7081,0.0
2,7082,0.0
2,7083,0.0
2,7084,0.0
2,7085,0.0
2,7086,0.0
2,7087,0.0
2,7088,0.0
2,7089,0.0
2,7090,0.0
2,7091,0.0
2,7092,0.0
2,7093,0.0
2,7094,0.0
2,7095,0.0
2,7096,0.0
2,7097,0.0
2,7098,0.0
2,7099,0.0
2,7100,0.0
2,7101,0.0
2,7102,0.0
2,7103,0.0
2,7104,0.0
2,7105,0.0
2,7106,0.0
2,7107,0.0
2,7108,0.0
2,7109,0.0
2,7110,0.0
2,7111,0.0
2,7112,0.0
2,7113,0.0
2,7114,0.0
2,7115,0.0
2,7116,0.0
2,7117,0.0
2,7118,0.0
2,7119,0.0
2,7120,0.0
2,7121,0.0
2,7122,0.0
2,7123,0.0
2,7124,0.0
2,7125,0.0
2,7126,0.0
2,7127,0.0
2,7128,0.0
2,7129,0.0
2,7130,0.0
2,7131,0.0
2,7132,0.0
2,7133,0.0
2,7134,0.0
2,7135,0.0
2,7136,0.0
2,7137,0.0
2,7138,0.0
2,7139,0.0
2,7140,0.0
2,7141,0.0
2,7142,0.0
2,7143,0.0
2,7144,0.0
2,7145,0.0
2,7146,0.0
2,7147,0.0
2,7148,0.0
2,7149,0.0
2,7150,0.0
2,7151,0.0
2,7152,0.0
2,7153,0.0
2,7154,0.0
2,7155,0.0
2,7156,0.0
2,7157,0.0
2,7158,0.0
2,7159,0.0
2,7160,0.0
2,7161,0.0
2,7162,0.0
2,7163,0.0
2,7164,0.0
2,7165,0.0
2,7166,0.0
2,7167,0.0
2,7168,0.0
2,7169,0.0
2,7170,0.0
2,7171,0.0
2,7172,0.0
2,7173,0.0
2,7174,0.0
2,7175,0.0
2,7176,0.0
2,7177,0.0
2,7178,0.0
2,7179,0.0
2,7180,0.0
2,7181,0.0
2,7182,0.0
2,7183,0.0
2,7184,0.0
2,7185,0.0
2,7186,0.0
2,7187,0.0
2,7188,0.0
2,7189,0.0
2,7190,0.0
2,7191,0.0
2,7192,0.0
2,7193,0.0
2,7194,0.0
2,7195,0.0
2,7196,0.0
2,7197,0.0
2,7198,0.0
2,7199,0.0
2,7200,0.0
2,7201,0.0
2,7202,0.0
2,7203,0.0
2,7204,0.0
2,7205,0.0
2,7206,0.0
2,7207,0.0
2,7208,0.0
2,7209,0.0
2,7210,0.0
2,7211,0.0
2,7212,0.0
2,7213,0.0
2,7214,0.0
2,7215,0.0
2,7216,0.0
2,7217,0.0
2,7218,0.0
2,7219,0.0
2,7220,0.0
2,7221,0.0
2,7222,0.0
2,7223,0.0
2,7224,0.0
2,7225,0.0
2,7226,0.0
2,7227,0.0
2,7228,0.0
2,7229,0.0
2,7230,0.0
2,7231,0.0
2,7232,0.0
2,7233,0.0
2,7234,0.0
2,7235,0.0
2,7236,0.0
2,7237,0.0
2,7238,0.0
2,7239,0.0
2,7240,0.0
2,7241,0.0
2,7242,0.0
2,7243,0.0
2,7244,0.0
2,7245,0.0
2,7246,0.0
2,7247,0.0
2,7248,0.0
2,7249,0.0
2,7250,0.0
2,7251,0.0
2,7252,0.0
2,7253,0.0
2,7254,0.0
2,7255,0.0
2,7256,0.0
2,7257,0.0
2,7258,0.0
2,7259,0.0
2,7260,0.0
2,7261,0.0
2,7262,0.0
2,7263,0.0
2,7264,0.0
2,7265,0.0
2,7266,0.0
2,7267,0.0
2,7268,0.0
2,7269,0.0
2,7270,0.0
2,7271,0.0
2,7272,0.0
2,7273,0.0
2,7274,0.0
2,7275,0.0
2,7276,0.0
2,7277,0.0
2,7278,0.0
2,7279,0.0
2,7280,0.0
2,7281,0.0
2,7282,0.0
2,7283,0.0
2,7284,0.0
2,7285,0.0
2,7286,0.0
2,7287,0.0
2,7288,0.0
2,7289,0.0
2,7290,0.0
2,7291,0.0
2,7292,0.0
2,7293,0.0
2,7294,0.0
2,7295,0.0
2,7296,0.0
2,7297,0.0
2,7298,0.0
2,7299,0.0
2,7300,0.0
2,7301,0.0
2,7302,0.0
2,7303,0.0
2,7304,0.0
2,7305,0.0
2,7306,0.0
2,7307,0.0
2,7308,0.0
2,7309,0.0
2,7310,0.0
2,7311,0.0
2,7312,0.0
2,7313,0.0
2,7314,0.0
2,7315,0.0
2,7316,0.0
2,7317,0.0
2,7318,0.0
2,7319,0.0
2,7320,0.0
2,7321,0.0
2,7322,0.0
2,7323,0.0
2,7324,0.0
2,7325,0.0
2,7326,0.0
2,7327,0.0
2,7328,0.0
2,7329,0.0
2,7330,0.0
2,7331,0.0
2,7332,0.0
2,7333,0.0
2,7334,0.0
2,7335,0.0
2,7336,0.0
2,7337,0.0
2,7338,0.0
2,7339,0.0
2,7340,0.0
2,7341,0.0
2,7342,0.0
2,7343,0.0
2,7344,0.0
2,7345,0.0
2,7346,0.0
2,7347,0.0
2,7348,0.0
2,7349,0.0
2,7350,0.0
2,7351,0.0
2,7352,0.0
2,7353,0.0
2,7354,0.0
2,7355,0.0
2,7356,0.0
2,7357,0.0
2,7358,0.0
2,7359,0.0
2,7360,0.0
2,7361,0.0
2,7362,0.0
2,7363,0.0
2,7364,0.0
2,7365,0.0
2,7366,0.0
2,7367,0.0
2,7368,0.0
2,7369,0.0
2,7370,0.0
2,7371,0.0
2,7372,0.0
2,7373,0.0
2,7374,0.0
2,7375,0.0
2,7376,0.0
2,7377,0.0
2,7378,0.0
2,7379,0.0
2,7380,0.0
2,7381,0.0
2,7382,0.0
2,7383,0.0
2,7384,0.0
2,7385,0.0
2,7386,0.0
2,7387,0.0
2,7388,0.0
2,7389,0.0
2,7390,0.0
2,7391,0.0
2,7392,0.0
2,7393,0.0
2,7394,0.0
2,7395,0.0
2,7396,0.0
2,7397,0.0
2,7398,0.0
2,7399,0.0
2,7400,0.0
2,7401,0.0
2,7402,0.0
2,7403,0.0
2,7404,0.0
2,7405,0.0
2,7406,0.0
2,7407,0.0
2,7408,0.0
2,7409,0.0
2,7410,0.0
2,7411,0.0
2,7412,0.0
2,7413,0.0
2,7414,0.0
2,7415,0.0
2,7416,0.0
2,7417,0.0
2,7418,0.0
2,7419,0.0
2,7420,0.0
2,7421,0.0
2,7422,0.0
2,7423,0.0
2,7424,0.0
2,7425,0.0
2,7426,0.0
2,7427,0.0
2,7428,0.0
2,7429,0.0
2,7430,0.0
2,7431,0.0
2,7432,0.0
2,7433,0.0
2,7434,0.0
2,7435,0.0
2,7436,0.0
2,7437,0.0
2,7438,0.0
2,7439,0.0
2,7440,0.0
2,7441,0.0
2,7442,0.0
2,7443,0.0
2,7444,0.0
2,7445,0.0
2,7446,0.0
2,7447,0.0
2,7448,0.0
2,7449,0.0
2,7450,0.0
2,7451,0.0
2,7452,0.0
2,7453,0.0
2,7454,0.0
2,7455,0.0
2,7456,0.0
2,7457,0.0
2,7458,0.0
2,7459,0.0
2,7460,0.0
2,7461,0.0
2,7462,0.0
2,7463,0.0
2,7464,0.0
2,7465,0.0
2,7466,0.0
2,7467,0.0
2,7468,0.0
2,7469,0.0
2,7470,0.0
2,7471,0.0
2,7472,0.0
2,7473,0.0
2,7474,0.0
2,7475,0.0
2,7476,0.0
2,7477,0.0
2,7478,0.0
2,7479,0.0
2,7480,0.0
2,7481,0.0
2,7482,0.0
2,7483,0.0
2,7484,0.0
2,7485,0.0
2,7486,0.0
2,7487,0.0
2,7488,0.0
2,7489,0.0
2,7490,0.0
2,7491,0.0
2,7492,0.0
2,7493,0.0
2,7494,0.0
2,7495,0.0
2,7496,0.0
2,7497,0.0
2,7498,0.0
2,7499,0.0
2,7500,0.0
2,7501,0.0
2,7502,0.0
2,7503,0.0
2,7504,0.0
2,7505,0.0
2,7506,0.0
2,7507,0.0
2,7508,0.0
2,7509,0.0
2,7510,0.0
2,7511,0.0
2,7512,0.0
2,7513,0.0
2,7514,0.0
2,7515,0.0
2,7516,0.0
2,7517,0.0
2,7518,0.0
2,7519,0.0
2,7520,0.0
2,7521,0.0
2,7522,0.0
2,7523,0.0
2,7524,0.0
2,7525,0.0
2,7526,0.0
2,7527,0.0
2,7528,0.0
2,7529,0.0
2,7530,0.0
2,7531,0.0
2,7532,0.0
2,7533,0.0
2,7534,0.0
2,7535,0.0
2,7536,0.0
2,7537,0.0
2,7538,0.0
2,7539,0.0
2,7540,0.0
2,7541,0.0
2,7542,0.0
2,7543,0.0
2,7544,0.0
2,7545,0.0
2,7546,0.0
2,7547,0.0
2,7548,0.0
2,7549,0.0
2,7550,0.0
2,7551,0.0
2,7552,0.0
2,7553,0.0
2,7554,0.0
2,7555,0.0
2,7556,0.0
2,7557,0.0
2,7558,0.0
2,7559,0.0
2,7560,0.0
2,7561,0.0
2,7562,0.0
2,7563,0.0
2,7564,0.0
2,7565,0.0
2,7566,0.0
2,7567,0.0
2,7568,0.0
2,7569,0.0
2,7570,0.0
2,7571,0.0
2,7572,0.0
2,7573,0.0
2,7574,0.0
2,7575,0.0
2,7576,0.0
2,7577,0.0
2,7578,0.0
2,7579,0.0
2,7580,0.0
2,7581,0.0
2,7582,0.0
2,7583,0.0
2,7584,0.0
2,7585,0.0
2,7586,0.0
2,7587,0.0
2,7588,0.0
2,7589,0.0
2,7590,0.0
2,7591,0.0
2,7592,0.0
2,7593,0.0
2,7594,0.0
2,7595,0.0
2,7596,0.0
2,7597,0.0
2,7598,0.0
2,7599,0.0
2,7600,0.0
2,7601,0.0
2,7602,0.0
2,7603,0.0
2,7604,0.0
2,7605,0.0
2,7606,0.0
2,7607,0.0
2,7608,0.0
2,7609,0.0
2,7610,0.0
2,7611,0.0
2,7612,0.0
2,7613,0.0
2,7614,0.0
2,7615,0.0
2,7616,0.0
2,7617,0.0
2,7618,0.0
2,7619,0.0
2,7620,0.0
2,7621,0.0
2,7622,0.0
2,7623,0.0
2,7624,0.0
2,7625,0.0
2,7626,0.0
2,7627,0.0
2,7628,0.0
2,7629,0.0
2,7630,0.0
2,7631,0.0
2,7632,0.0
2,7633,0.0
2,7634,0.0
2,7635,0.0
2,7636,0.0
2,7637,0.0
2,7638,0.0
2,7639,0.0
2,7640,0.0
2,7641,0.0
2,7642,0.0
2,7643,0.0
2,7644,0.0
2,7645,0.0
2,7646,0.0
2,7647,0.0
2,7648,0.0
2,7649,0.0
2,7650,0.0
2,7651,0.0
2,7652,0.0
2,7653,0.0
2,7654,0.0
2,7655,0.0
2,7656,0.0
2,7657,0.0
2,7658,0.0
2,7659,0.0
2,7660,0.0
2,7661,0.0
2,7662,0.0
2,7663,0.0
2,7664,0.0
2,7665,0.0
2,7666,0.0
2,7667,0.0
2,7668,0.0
2,7669,0.0
2,7670,0.0
2,7671,0.0
2,7672,0.0
2,7673,0.0
2,7674,0.0
2,7675,0.0
2,7676,0.0
2,7677,0.0
2,7678,0.0
2,7679,0.0
2,7680,0.0
2,7681,0.0
2,7682,0.0
2,7683,0.0
2,7684,0.0
2,7685,0.0
2,7686,0.0
2,7687,0.0
2,7688,0.0
2,7689,0.0
2,7690,0.0
2,7691,0.0
2,7692,0.0
2,7693,0.0
2,7694,0.0
2,7695,0.0
2,7696,0.0
2,7697,0.0
2,7698,0.0
2,7699,0.0
2,7700,0.0
2,7701,0.0
2,7702,0.0
2,7703,0.0
2,7704,0.0
2,7705,0.0
2,7706,0.0
2,7707,0.0
2,7708,0.0
2,7709,0.0
2,7710,0.0
2,7711,0.0
2,7712,0.0
2,7713,0.0
2,7714,0.0
2,7715,0.0
2,7716,0.0
2,7717,0.0
2,7718,0.0
2,7719,0.0
2,7720,0.0
2,7721,0.0
2,7722,0.0
2,7723,0.0
2,7724,0.0
2,7725,0.0
2,7726,0.0
2,7727,0.0
2,7728,0.0
2,7729,0.0
2,7730,0.0
2,7731,0.0
2,7732,0.0
2,7733,0.0
2,7734,0.0
2,7735,0.0
2,7736,0.0
2,7737,0.0
2,7738,0.0
2,7739,0.0
2,7740,0.0
2,7741,0.0
2,7742,0.0
2,7743,0.0
2,7744,0.0
2,7745,0.0
2,7746,0.0
2,7747,0.0
2,7748,0.0
2,7749,0.0
2,7750,0.0
2,7751,0.0
2,7752,0.0
2,7753,0.0
2,7754,0.0
2,7755,0.0
2,7756,0.0
2,7757,0.0
2,7758,0.0
2,7759,0.0
2,7760,0.0
2,7761,0.0
2,7762,0.0
2,7763,0.0
2,7764,0.0
2,7765,0.0
2,7766,0.0
2,7767,0.0
2,7768,0.0
2,7769,0.0
2,7770,0.0
2,7771,0.0
2,7772,0.0
2,7773,0.0
2,7774,0.0
2,7775,0.0
2,7776,0.0
2,7777,0.0
2,7778,0.0
2,7779,0.0
2,7780,0.0
2,7781,0.0
2,7782,0.0
2,7783,0.0
2,7784,0.0
2,7785,0.0
2,7786,0.0
2,7787,0.0
2,7788,0.0
2,7789,0.0
2,7790,0.0
2,7791,0.0
2,7792,0.0
2,7793,0.0
2,7794,0.0
2,7795,0.0
2,7796,0.0
2,7797,0.0
2,7798,0.0
2,7799,0.0
2,7800,0.0
2,7801,0.0
2,7802,0.0
2,7803,0.0
2,7804,0.0
2,7805,0.0
2,7806,0.0
2,7807,0.0
2,7808,0.0
2,7809,0.0
2,7810,0.0
2,7811,0.0
2,7812,0.0
2,7813,0.0
2,7814,0.0
2,7815,0.0
2,7816,0.0
2,7817,0.0
2,7818,0.0
2,7819,0.0
2,7820,0.0
2,7821,0.0
2,7822,0.0
2,7823,0.0
2,7824,0.0
2,7825,0.0
2,7826,0.0
2,7827,0.0
2,7828,0.0
2,7829,0.0
2,7830,0.0
2,7831,0.0
2,7832,0.0
2,7833,0.0
2,7834,0.0
2,7835,0.0
2,7836,0.0
2,7837,0.0
2,7838,0.0
2,7839,0.0
2,7840,0.0
2,7841,0.0
2,7842,0.0
2,7843,0.0
2,7844,0.0
2,7845,0.0
2,7846,0.0
2,7847,0.0
2,7848,0.0
2,7849,0.0
2,7850,0.0
2,7851,0.0
2,7852,0.0
2,7853,0.0
2,7854,0.0
2,7855,0.0
2,7856,0.0
2,7857,0.0
2,7858,0.0
2,7859,0.0
2,7860,0.0
2,7861,0.0
2,7862,0.0
2,7863,0.0
2,7864,0.0
2,7865,0.0
2,7866,0.0
2,7867,0.0
2,7868,0.0
2,7869,0.0
2,7870,0.0
2,7871,0.0
2,7872,0.0
2,7873,0.0
2,7874,0.0
2,7875,0.0
2,7876,0.0
2,7877,0.0
2,7878,0.0
2,7879,0.0
2,7880,0.0
2,7881,0.0
2,7882,0.0
2,7883,0.0
2,7884,0.0
2,7885,0.0
2,7886,0.0
2,7887,0.0
2,7888,0.0
2,7889,0.0
2,7890,0.0
2,7891,0.0
2,7892,0.0
2,7893,0.0
2,7894,0.0
2,7895,0.0
2,7896,0.0
2,7897,0.0
2,7898,0.0
2,7899,0.0
2,7900,0.0
2,7901,0.0
2,7902,0.0
2,7903,0.0
2,7904,0.0
2,7905,0.0
2,7906,0.0
2,7907,0.0
2,7908,0.0
2,7909,0.0
2,7910,0.0
2,7911,0.0
2,7912,0.0
2,7913,0.0
2,7914,0.0
2,7915,0.0
2,7916,0.0
2,7917,0.0
2,7918,0.0
2,7919,0.0
2,7920,0.0
2,7921,0.0
2,7922,0.0
2,7923,0.0
2,7924,0.0
2,7925,0.0
2,7926,0.0
2,7927,0.0
2,7928,0.0
2,7929,0.0
2,7930,0.0
2,7931,0.0
2,7932,0.0
2,7933,0.0
2,7934,0.0
2,7935,0.0
2,7936,0.0
2,7937,0.0
2,7938,0.0
2,7939,0.0
2,7940,0.0
2,7941,0.0
2,7942,0.0
2,7943,0.0
2,7944,0.0
2,7945,0.0
2,7946,0.0
2,7947,0.0
2,7948,0.0
2,7949,0.0
2,7950,0.0
2,7951,0.0
2,7952,0.0
2,7953,0.0
2,7954,0.0
2,7955,0.0
2,7956,0.0
2,7957,0.0
2,7958,0.0
2,7959,0.0
2,7960,0.0
2,7961,0.0
2,7962,0.0
2,7963,0.0
2,7964,0.0
2,7965,0.0
2,7966,0.0
2,7967,0.0
2,7968,0.0
2,7969,0.0
2,7970,0.0
2,7971,0.0
2,7972,0.0
2,7973,0.0
2,7974,0.0
2,7975,0.0
2,7976,0.0
2,7977,0.0
2,7978,0.0
2,7979,0.0
2,7980,0.0
2,7981,0.0
2,7982,0.0
2,7983,0.0
2,7984,0.0
2,7985,0.0
2,7986,0.0
2,7987,0.0
2,7988,0.0
2,7989,0.0
2,7990,0.0
2,7991,0.0
2,7992,0.0
2,7993,0.0
2,7994,0.0
2,7995,0.0
2,7996,0.0
2,7997,0.0
2,7998,0.0
2,7999,0.0
2,8000,0.0
2,8001,0.0
2,8002,0.0
2,8003,0.0
2,8004,0.0
2,8005,0.0
2,8006,0.0
2,8007,0.0
2,8008,0.0
2,8009,0.0
2,8010,0.0
2,8011,0.0
2,8012,0.0
2,8013,0.0
2,8014,0.0
2,8015,0.0
2,8016,0.0
2,8017,0.0
2,8018,0.0
2,8019,0.0
2,8020,0.0
2,8021,0.0
2,8022,0.0
2,8023,0.0
2,8024,0.0
2,8025,0.0
2,8026,0.0
2,8027,0.0
2,8028,0.0
2,8029,0.0
2,8030,0.0
2,8031,0.0
2,8032,0.0
2,8033,0.0
2,8034,0.0
2,8035,0.0
2,8036,0.0
2,8037,0.0
2,8038,0.0
2,8039,0.0
2,8040,0.0
2,8041,0.0
2,8042,0.0
2,8043,0.0
2,8044,0.0
2,8045,0.0
2,8046,0.0
2,8047,0.0
2,8048,0.0
2,8049,0.0
2,8050,0.0
2,8051,0.0
2,8052,0.0
2,8053,0.0
2,8054,0.0
2,8055,0.0
2,8056,0.0
2,8057,0.0
2,8058,0.0
2,8059,0.0
2,8060,0.0
2,8061,0.0
2,8062,0.0
2,8063,0.0
2,8064,0.0
2,8065,0.0
2,8066,0.0
2,8067,0.0
2,8068,0.0
2,8069,0.0
2,8070,0.0
2,8071,0.0
2,8072,0.0
2,8073,0.0
2,8074,0.0
2,8075,0.0
2,8076,0.0
2,8077,0.0
2,8078,0.0
2,8079,0.0
2,8080,0.0
2,8081,0.0
2,8082,0.0
2,8083,0.0
2,8084,0.0
2,8085,0.0
2,8086,0.0
2,8087,0.0
2,8088,0.0
2,8089,0.0
2,8090,0.0
2,8091,0.0
2,8092,0.0
2,8093,0.0
2,8094,0.0
2,8095,0.0
2,8096,0.0
2,8097,0.0
2,8098,0.0
2,8099,0.0
2,8100,0.0
2,8101,0.0
2,8102,0.0
2,8103,0.0
2,8104,0.0
2,8105,0.0
2,8106,0.0
2,8107,0.0
2,8108,0.0
2,8109,0.0
2,8110,0.0
2,8111,0.0
2,8112,0.0
2,8113,0.0
2,8114,0.0
2,8115,0.0
2,8116,0.0
2,8117,0.0
2,8118,0.0
2,8119,0.0
2,8120,0.0
2,8121,0.0
2,8122,0.0
2,8123,0.0
2,8124,0.0
2,8125,0.0
2,8126,0.0
2,8127,0.0
2,8128,0.0
2,8129,0.0
2,8130,0.0
2,8131,0.0
2,8132,0.0
2,8133,0.0
2,8134,0.0
2,8135,0.0
2,8136,0.0
2,8137,0.0
2,8138,0.0
2,8139,0.0
2,8140,0.0
2,8141,0.0
2,8142,0.0
2,8143,0.0
2,8144,0.0
2,8145,0.0
2,8146,0.0
2,8147,0.0
2,8148,0.0
2,8149,0.0
2,8150,0.0
2,8151,0.0
2,8152,0.0
2,8153,0.0
2,8154,0.0
2,8155,0.0
2,8156,0.0
2,8157,0.0
2,8158,0.0
2,8159,0.0
2,8160,0.0
2,8161,0.0
2,8162,0.0
2,8163,0.0
2,8164,0.0
2,8165,0.0
2,8166,0.0
2,8167,0.0
2,8168,0.0
2,8169,0.0
2,8170,0.0
2,8171,0.0
2,8172,0.0
2,8173,0.0
2,8174,0.0
2,8175,0.0
2,8176,0.0
2,8177,0.0
2,8178,0.0
2,8179,0.0
2,8180,0.0
2,8181,0.0
2,8182,0.0
2,8183,0.0
2,8184,0.0
2,8185,0.0
2,8186,0.0
2,8187,0.0
2,8188,0.0
2,8189,0.0
2,8190,0.0
2,8191,0.0
2,8192,0.0
2,8193,0.0
2,8194,0.0
2,8195,0.0
2,8196,0.0
2,8197,0.0
2,8198,0.0
2,8199,0.0
2,8200,0.0
2,8201,0.0
2,8202,0.0
2,8203,0.0
2,8204,0.0
2,8205,0.0
2,8206,0.0
2,8207,0.0
2,8208,0.0
2,8209,0.0
2,8210,0.0
2,8211,0.0
2,8212,0.0
2,8213,0.0
2,8214,0.0
2,8215,0.0
2,8216,0.0
2,8217,0.0
2,8218,0.0
2,8219,0.0
2,8220,0.0
2,8221,0.0
2,8222,0.0
2,8223,0.0
2,8224,0.0
2,8225,0.0
2,8226,0.0
2,8227,0.0
2,8228,0.0
2,8229,0.0
2,8230,0.0
2,8231,0.0
2,8232,0.0
2,8233,0.0
2,8234,0.0
2,8235,0.0
2,8236,0.0
2,8237,0.0
2,8238,0.0
2,8239,0.0
2,8240,0.0
2,8241,0.0
2,8242,0.0
2,8243,0.0
2,8244,0.0
2,8245,0.0
2,8246,0.0
2,8247,0.0
2,8248,0.0
2,8249,0.0
2,8250,0.0
2,8251,0.0
2,8252,0.0
2,8253,0.0
2,8254,0.0
2,8255,0.0
2,8256,0.0
2,8257,0.0
2,8258,0.0
2,8259,0.0
2,8260,0.0
2,8261,0.0
2,8262,0.0
2,8263,0.0
2,8264,0.0
2,8265,0.0
2,8266,0.0
2,8267,0.0
2,8268,0.0
2,8269,0.0
2,8270,0.0
2,8271,0.0
2,8272,0.0
2,8273,0.0
2,8274,0.0
2,8275,0.0
2,8276,0.0
2,8277,0.0
2,8278,0.0
2,8279,0.0
2,8280,0.0
2,8281,0.0
2,8282,0.0
2,8283,0.0
2,8284,0.0
2,8285,0.0
2,8286,0.0
2,8287,0.0
2,8288,0.0
2,8289,0.0
2,8290,0.0
2,8291,0.0
2,8292,0.0
2,8293,0.0
2,8294,0.0
2,8295,0.0
2,8296,0.0
2,8297,0.0
2,8298,0.0
2,8299,0.0
2,8300,0.0
2,8301,0.0
2,8302,0.0
2,8303,0.0
2,8304,0.0
2,8305,0.0
2,8306,0.0
2,8307,0.0
2,8308,0.0
2,8309,0.0
2,8310,0.0
2,8311,0.0
2,8312,0.0
2,8313,0.0
2,8314,0.0
2,8315,0.0
2,8316,0.0
2,8317,0.0
2,8318,0.0
2,8319,0.0
2,8320,0.0
2,8321,0.0
2,8322,0.0
2,8323,0.0
2,8324,0.0
2,8325,0.0
2,8326,0.0
2,8327,0.0
2,8328,0.0
2,8329,0.0
2,8330,0.0
2,8331,0.0
2,8332,0.0
2,8333,0.0
2,8334,0.0
2,8335,0.0
2,8336,0.0
2,8337,0.0
2,8338,0.0
2,8339,0.0
2,8340,0.0
2,8341,0.0
2,8342,0.0
2,8343,0.0
2,8344,0.0
2,8345,0.0
2,8346,0.0
2,8347,0.0
2,8348,0.0
2,8349,0.0
2,8350,0.0
2,8351,0.0
2,8352,0.0
2,8353,0.0
2,8354,0.0
2,8355,0.0
2,8356,0.0
2,8357,0.0
2,8358,0.0
2,8359,0.0
2,8360,0.0
2,8361,0.0
2,8362,0.0
2,8363,0.0
2,8364,0.0
2,8365,0.0
2,8366,0.0
2,8367,0.0
2,8368,0.0
2,8369,0.0
2,8370,0.0
2,8371,0.0
2,8372,0.0
2,8373,0.0
2,8374,0.0
2,8375,0.0
2,8376,0.0
2,8377,0.0
2,8378,0.0
2,8379,0.0
2,8380,0.0
2,8381,0.0
2,8382,0.0
2,8383,0.0
2,8384,0.0
2,8385,0.0
2,8386,0.0
2,8387,0.0
2,8388,0.0
2,8389,0.0
2,8390,0.0
2,8391,0.0
2,8392,0.0
2,8393,0.0
2,8394,0.0
2,8395,0.0
2,8396,0.0
2,8397,0.0
2,8398,0.0
2,8399,0.0
2,8400,0.0
2,8401,0.0
2,8402,0.0
2,8403,0.0
2,8404,0.0
2,8405,0.0
2,8406,0.0
2,8407,0.0
2,8408,0.0
2,8409,0.0
2,8410,0.0
2,8411,0.0
2,8412,0.0
2,8413,0.0
2,8414,0.0
2,8415,0.0
2,8416,0.0
2,8417,0.0
2,8418,0.0
2,8419,0.0
2,8420,0.0
2,8421,0.0
2,8422,0.0
2,8423,0.0
2,8424,0.0
2,8425,0.0
2,8426,0.0
2,8427,0.0
2,8428,0.0
2,8429,0.0
2,8430,0.0
2,8431,0.0
2,8432,0.0
2,8433,0.0
2,8434,0.0
2,8435,0.0
2,8436,0.0
2,8437,0.0
2,8438,0.0
2,8439,0.0
2,8440,0.0
2,8441,0.0
2,8442,0.0
2,8443,0.0
2,8444,0.0
2,8445,0.0
2,8446,0.0
2,8447,0.0
2,8448,0.0
2,8449,0.0
2,8450,0.0
2,8451,0.0
2,8452,0.0
2,8453,0.0
2,8454,0.0
2,8455,0.0
2,8456,0.0
2,8457,0.0
2,8458,0.0
2,8459,0.0
2,8460,0.0
2,8461,0.0
2,8462,0.0
2,8463,0.0
2,8464,0.0
2,8465,0.0
2,8466,0.0
2,8467,0.0
2,8468,0.0
2,8469,0.0
2,8470,0.0
2,8471,0.0
2,8472,0.0
2,8473,0.0
2,8474,0.0
2,8475,0.0
2,8476,0.0
2,8477,0.0
2,8478,0.0
2,8479,0.0
2,8480,0.0
2,8481,0.0
2,8482,0.0
2,8483,0.0
2,8484,0.0
2,8485,0.0
2,8486,0.0
2,8487,0.0
2,8488,0.0
2,8489,0.0
2,8490,0.0
2,8491,0.0
2,8492,0.0
2,8493,0.0
2,8494,0.0
2,8495,0.0
2,8496,0.0
2,8497,0.0
2,8498,0.0
2,8499,0.0
2,8500,0.0
2,8501,0.0
2,8502,0.0
2,8503,0.0
2,8504,0.0
2,8505,0.0
2,8506,0.0
2,8507,0.0
2,8508,0.0
2,8509,0.0
2,8510,0.0
2,8511,0.0
2,8512,0.0
2,8513,0.0
2,8514,0.0
2,8515,0.0
2,8516,0.0
2,8517,0.0
2,8518,0.0
2,8519,0.0
2,8520,0.0
2,8521,0.0
2,8522,0.0
2,8523,0.0
2,8524,0.0
2,8525,0.0
2,8526,0.0
2,8527,0.0
2,8528,0.0
2,8529,0.0
2,8530,0.0
2,8531,0.0
2,8532,0.0
2,8533,0.0
2,8534,0.0
2,8535,0.0
2,8536,0.0
2,8537,0.0
2,8538,0.0
2,8539,0.0
2,8540,0.0
2,8541,0.0
2,8542,0.0
2,8543,0.0
2,8544,0.0
2,8545,0.0
2,8546,0.0
2,8547,0.0
2,8548,0.0
2,8549,0.0
2,8550,0.0
2,8551,0.0
2,8552,0.0
2,8553,0.0
2,8554,0.0
2,8555,0.0
2,8556,0.0
2,8557,0.0
2,8558,0.0
2,8559,0.0
2,8560,0.0
2,8561,0.0
2,8562,0.0
2,8563,0.0
2,8564,0.0
2,8565,0.0
2,8566,0.0
2,8567,0.0
2,8568,0.0
2,8569,0.0
2,8570,0.0
2,8571,0.0
2,8572,0.0
2,8573,0.0
2,8574,0.0
2,8575,0.0
2,8576,0.0
2,8577,0.0
2,8578,0.0
2,8579,0.0
2,8580,0.0
2,8581,0.0
2,8582,0.0
2,8583,0.0
2,8584,0.0
2,8585,0.0
2,8586,0.0
2,8587,0.0
2,8588,0.0
2,8589,0.0
2,8590,0.0
2,8591,0.0
2,8592,0.0
2,8593,0.0
2,8594,0.0
2,8595,0.0
2,8596,0.0
2,8597,0.0
2,8598,0.0
2,8599,0.0
2,8600,0.0
2,8601,0.0
2,8602,0.0
2,8603,0.0
2,8604,0.0
2,8605,0.0
2,8606,0.0
2,8607,0.0
2,8608,0.0
2,8609,0.0
2,8610,0.0
2,8611,0.0
2,8612,0.0
2,8613,0.0
2,8614,0.0
2,8615,0.0
2,8616,0.0
2,8617,0.0
2,8618,0.0
2,8619,0.0
2,8620,0.0
2,8621,0.0
2,8622,0.0
2,8623,0.0
2,8624,0.0
2,8625,0.0
2,8626,0.0
2,8627,0.0
2,8628,0.0
2,8629,0.0
2,8630,0.0
2,8631,0.0
2,8632,0.0
2,8633,0.0
2,8634,0.0
2,8635,0.0
2,8636,0.0
2,8637,0.0
2,8638,0.0
2,8639,0.0
2,8640,0.0
2,8641,0.0
2,8642,0.0
2,8643,0.0
2,8644,0.0
2,8645,0.0
2,8646,0.0
2,8647,0.0
2,8648,0.0
2,8649,0.0
2,8650,0.0
2,8651,0.0
2,8652,0.0
2,8653,0.0
2,8654,0.0
2,8655,0.0
2,8656,0.0
2,8657,0.0
2,8658,0.0
2,8659,0.0
2,8660,0.0
2,8661,0.0
2,8662,0.0
2,8663,0.0
2,8664,0.0
2,8665,0.0
2,8666,0.0
2,8667,0.0
2,8668,0.0
2,8669,0.0
2,8670,0.0
2,8671,0.0
2,8672,0.0
2,8673,0.0
2,8674,0.0
2,8675,0.0
2,8676,0.0
2,8677,0.0
2,8678,0.0
2,8679,0.0
2,8680,0.0
2,8681,0.0
2,8682,0.0
2,8683,0.0
2,8684,0.0
2,8685,0.0
2,8686,0.0
2,8687,0.0
2,8688,0.0
2,8689,0.0
2,8690,0.0
2,8691,0.0
2,8692,0.0
2,8693,0.0
2,8694,0.0
2,8695,0.0
2,8696,0.0
2,8697,0.0
2,8698,0.0
2,8699,0.0
2,8700,0.0
2,8701,0.0
2,8702,0.0
2,8703,0.0
2,8704,0.0
2,8705,0.0
2,8706,0.0
2,8707,0.0
2,8708,0.0
2,8709,0.0
2,8710,0.0
2,8711,0.0
2,8712,0.0
2,8713,0.0
2,8714,0.0
2,8715,0.0
2,8716,0.0
2,8717,0.0
2,8718,0.0
2,8719,0.0
2,8720,0.0
2,8721,0.0
2,8722,0.0
2,8723,0.0
2,8724,0.0
2,8725,0.0
2,8726,0.0
2,8727,0.0
2,8728,0.0
2,8729,0.0
2,8730,0.0
2,8731,0.0
2,8732,0.0
2,8733,0.0
2,8734,0.0
2,8735,0.0
2,8736,0.0
2,8737,0.0
2,8738,0.0
2,8739,0.0
2,8740,0.0
2,8741,0.0
2,8742,0.0
2,8743,0.0
2,8744,0.0
2,8745,0.0
2,8746,0.0
2,8747,0.0
2,8748,0.0
2,8749,0.0
2,8750,0.0
2,8751,0.0
2,8752,0.0
2,8753,0.0
2,8754,0.0
2,8755,0.0
2,8756,0.0
2,8757,0.0
2,8758,0.0
2,8759,0.0
