EA,T,value
0,0,1.4914909440925115e-07
0,1,1.4914920637993235e-07
0,2,1.4914931952597003e-07
0,3,1.4914938154761978e-07
0,4,1.491494117260349e-07
0,5,1.4914938010904613e-07
0,6,1.4914924476930867e-07
0,7,1.491490474296597e-07
0,8,1.491488049900735e-07
0,9,1.4914890057192757e-07
0,10,1.4914907412778584e-07
0,11,1.4914914128944835e-07
0,12,1.4914931835711878e-07
0,13,1.4914934957002538e-07
0,14,1.4914907988801645e-07
0,15,1.491483932658977e-07
0,16,1.49144651121364e-07
0,17,9.693603438282324e-08
0,18,1.4908344291800907e-07
0,19,1.4914580864365708e-07
0,20,1.491483239189715e-07
0,21,1.491488801234138e-07
0,22,1.491490131508191e-07
0,23,1.4914923361216358e-07
0,24,1.4914948201122965e-07
0,25,1.4914962315185532e-07
0,26,1.4914962665721647e-07
0,27,1.4914956725049972e-07
0,28,1.491494957063836e-07
0,29,1.491492740121386e-07
0,30,1.4914881347186841e-07
0,31,1.4914169627739358e-07
0,32,9.63199496552779e-08
0,33,9.632079622266874e-08
0,34,1.491342613863932e-07
0,35,1.491433328410809e-07
0,36,1.4914684603309684e-07
0,37,1.491468165071275e-07
0,38,1.4913625917239016e-07
0,39,9.63212101078221e-08
0,40,9.632097291826808e-08
0,41,9.632137136794683e-08
0,42,1.491379634443405e-07
0,43,1.4914827378730618e-07
0,44,1.4914896319587873e-07
0,45,1.4914930767976026e-07
0,46,1.491497274954453e-07
0,47,1.4915195376693992e-07
0,48,2.944435836637455e-07
0,49,2.946755644347098e-07
0,50,2.9467879230650994e-07
0,51,2.9467996401556134e-07
0,52,2.94680451522894e-07
0,53,2.9468041348653393e-07
0,54,2.946801804150508e-07
0,55,2.9467743817106467e-07
0,56,1.4915736474207467e-07
0,57,1.491537229847146e-07
0,58,1.4915332055719295e-07
0,59,1.491531300675062e-07
0,60,1.4915358809876995e-07
0,61,1.491535682670859e-07
0,62,1.4915298166093705e-07
0,63,1.4915283554891917e-07
0,64,1.4915262660139517e-07
0,65,1.49152532660969e-07
0,66,1.491528649392006e-07
0,67,1.491542010741522e-07
0,68,1.4917239623226026e-07
0,69,1850.7562746668063
0,70,4873.8476236754095
0,71,7654.054572811334
0,72,7654.054572811328
0,73,7654.054572811329
0,74,7654.054572811329
0,75,7654.054572811328
0,76,7654.054572811328
0,77,7654.0545728113275
0,78,7654.054572811328
0,79,7654.054572811328
0,80,7654.05457281133
0,81,7654.05457281133
0,82,7654.054572811328
0,83,7654.054572811329
0,84,7654.05457281133
0,85,7654.054572811331
0,86,7654.054572811328
0,87,7654.0545728113
0,88,1854.937801495656
0,89,1.491516532700892e-07
0,90,1.4915019838149788e-07
0,91,1.491502972188316e-07
0,92,1.4915093803395067e-07
0,93,1.491513907565811e-07
0,94,1.4915106184588143e-07
0,95,1.4915228824241566e-07
0,96,1.4915345565203624e-07
0,97,1.4915465681376492e-07
0,98,1.4915250212620373e-07
0,99,1.491511915343777e-07
0,100,1.4915014458482265e-07
0,101,1.4914944602447246e-07
0,102,1.4914887364021008e-07
0,103,1.4912588641537486e-07
0,104,9.630645320392556e-08
0,105,9.630633855647116e-08
0,106,9.630632745218093e-08
0,107,9.630630144259094e-08
0,108,9.630650787475234e-08
0,109,9.630663930005918e-08
0,110,9.630637302629399e-08
0,111,9.630634586597247e-08
0,112,9.6306363979955e-08
0,113,9.630639977804747e-08
0,114,9.630746190221809e-08
0,115,1.4914577592804626e-07
0,116,1.4914855316365463e-07
0,117,1.4914902897355717e-07
0,118,1.491492479625009e-07
0,119,1.4914968648360076e-07
0,120,1.4915085329495858e-07
0,121,1.4915135576590755e-07
0,122,1.4915146920074958e-07
0,123,1.4915123774136667e-07
0,124,1.491506891656148e-07
0,125,1.4914969710609865e-07
0,126,1.49148982614292e-07
0,127,1.4914378071594525e-07
0,128,9.630706687078485e-08
0,129,9.63072164616958e-08
0,130,9.630753682248556e-08
0,131,9.640799728743781e-08
0,132,1.4914458806720141e-07
0,133,1.4914635889100476e-07
0,134,1.4913317881402053e-07
0,135,9.63075503317395e-08
0,136,9.630737673787994e-08
0,137,9.630747655159193e-08
0,138,9.630871863417346e-08
0,139,1.4914691129957395e-07
0,140,1.4914867788016237e-07
0,141,1.4914905830141567e-07
0,142,1.4914940903051855e-07
0,143,1.4915015032835655e-07
0,144,1.4915487046304006e-07
0,145,1.4916158366665502e-07
0,146,1.4916340449223626e-07
0,147,1.4916425690369365e-07
0,148,1.491642280238817e-07
0,149,1.491542829650265e-07
0,150,1.4914951951099098e-07
0,151,1.4914866663389586e-07
0,152,1.491425734086334e-07
0,153,9.631472600456941e-08
0,154,9.631354611091647e-08
0,155,9.631354800015231e-08
0,156,9.631471236845027e-08
0,157,1.491353259614977e-07
0,158,1.4914127970030175e-07
0,159,1.4910112444374048e-07
0,160,1.4912791828776656e-07
0,161,1.491365507773736e-07
0,162,1.4914799882092297e-07
0,163,1.49149006148147e-07
0,164,1.4914948089629035e-07
0,165,1.4915102225295939e-07
0,166,1.4916072835934784e-07
0,167,1807.3800720680574
0,168,3247.498168908693
0,169,3684.7351152620217
0,170,3792.5652238105395
0,171,3752.610405911467
0,172,3481.2398210811757
0,173,2585.8246689988646
0,174,1.5453888038138375e-07
0,175,1.4914998249497156e-07
0,176,1.4914913122027304e-07
0,177,1.491490005119762e-07
0,178,1.4914892510926587e-07
0,179,1.4914880271324894e-07
0,180,1.491488413206583e-07
0,181,1.4914884190737432e-07
0,182,1.4914854817862856e-07
0,183,1.4914787623256857e-07
0,184,1.4914626058888745e-07
0,185,1.4914555312837583e-07
0,186,1.491456461259527e-07
0,187,1.491466858687888e-07
0,188,1.4914825966120897e-07
0,189,1.4914875757970143e-07
0,190,1.4914896262019448e-07
0,191,1.4914912852342856e-07
0,192,1.49149317063774e-07
0,193,1.4914941194520636e-07
0,194,1.4914947785198618e-07
0,195,1.4914953381722838e-07
0,196,1.4914956141312812e-07
0,197,1.491494306288016e-07
0,198,1.4914904528318335e-07
0,199,1.4914821672422796e-07
0,200,1.4914680102417837e-07
0,201,1.491481084938274e-07
0,202,1.491486987334088e-07
0,203,1.4914896301956035e-07
0,204,1.4914925143799228e-07
0,205,1.4914962766601238e-07
0,206,1.4914935660207936e-07
0,207,1.4914916090702957e-07
0,208,1.4914893976930555e-07
0,209,1.491487366567408e-07
0,210,1.4914892100222673e-07
0,211,1.4914909565594812e-07
0,212,1.4914936150701e-07
0,213,1.4914966948965328e-07
0,214,1.49150151206479e-07
0,215,1.4915321821438966e-07
0,216,1.4917796918280856e-07
0,217,2.946595408351619e-07
0,218,2.946629344165847e-07
0,219,2.946643597166753e-07
0,220,2.9466474263910173e-07
0,221,2.946648441356581e-07
0,222,2.9466443277634344e-07
0,223,2.946562946156252e-07
0,224,1.4915167082760498e-07
0,225,1.4915036965605926e-07
0,226,1.4915019635425666e-07
0,227,1.4915083718273852e-07
0,228,1.491549839804712e-07
0,229,1.4915701395683723e-07
0,230,1.4915167619608625e-07
0,231,1.4915041001009122e-07
0,232,1.4915007214371897e-07
0,233,1.4914951524733883e-07
0,234,1.4914945914562268e-07
0,235,1.4914939595710034e-07
0,236,1.4914970087413488e-07
0,237,1.491504202083679e-07
0,238,1.4915060255428687e-07
0,239,1.4915176863491953e-07
0,240,1.4915470324689136e-07
0,241,1.4915366517334713e-07
0,242,1.4915423762065587e-07
0,243,1.4915477684689874e-07
0,244,1.491549651309659e-07
0,245,1.4915324864566782e-07
0,246,1.4915331777277203e-07
0,247,1.491503495936299e-07
0,248,1.4914960748760048e-07
0,249,1.491496367479945e-07
0,250,1.4915004272451644e-07
0,251,1.4915099092122422e-07
0,252,1.49154312654873e-07
0,253,1.491588420083549e-07
0,254,1.4915334755539913e-07
0,255,1.4915036895929673e-07
0,256,1.4914972697735928e-07
0,257,1.4914950416031452e-07
0,258,1.4914969355915835e-07
0,259,1.4915050881641675e-07
0,260,1.4915387113028917e-07
0,261,1.492197346298935e-07
0,262,367.63136840420583
0,263,1154.2037923465978
0,264,1380.0574896575538
0,265,1469.7127380733596
0,266,1495.685920109161
0,267,1485.2740602085
0,268,1424.7634223107625
0,269,1222.2574233099144
0,270,42.750007909822706
0,271,1.4915050089333833e-07
0,272,1.4914957215342458e-07
0,273,1.4914957944780127e-07
0,274,1.4914981423736536e-07
0,275,1.4914990467931508e-07
0,276,1.4915081990448612e-07
0,277,1.4915150007728246e-07
0,278,1.491505042776212e-07
0,279,1.491498419104603e-07
0,280,1.4914970577218083e-07
0,281,1.4914963634068685e-07
0,282,1.491500359704519e-07
0,283,1.4915229693278397e-07
0,284,1.4916395788450209e-07
0,285,2.946622575597936e-07
0,286,2.9466498714989355e-07
0,287,2.9466589886650504e-07
0,288,2.946659060416466e-07
0,289,2.9466514758384266e-07
0,290,2.9466282808887764e-07
0,291,2.94649413897462e-07
0,292,1.4915757946143025e-07
0,293,1.4915052924105096e-07
0,294,1.4914915789674224e-07
0,295,1.491472418248946e-07
0,296,1.4914370010827844e-07
0,297,1.491434509296168e-07
0,298,1.4914343369307908e-07
0,299,1.4914347624194282e-07
0,300,1.4914419593453176e-07
0,301,1.4914477270984005e-07
0,302,1.4914358661529607e-07
0,303,1.4914338506888847e-07
0,304,1.4914344012112403e-07
0,305,1.4914376813581192e-07
0,306,1.4914689267043276e-07
0,307,1.4914883387666172e-07
0,308,1.4914940574581965e-07
0,309,1.491513361561597e-07
0,310,1.4916444406593682e-07
0,311,7654.054572811321
0,312,7654.054572811329
0,313,7654.054572811331
0,314,7654.054572811328
0,315,7654.054572811333
0,316,7654.054572811329
0,317,7654.054572811328
0,318,7654.054572811333
0,319,1.4918401495958925e-07
0,320,1.491553377660213e-07
0,321,1.4915489365176639e-07
0,322,1.4915482018194458e-07
0,323,1.4915486744708777e-07
0,324,1.491590925752561e-07
0,325,1.4915696783563575e-07
0,326,1.4915381229418804e-07
0,327,1.491535271379578e-07
0,328,1.4915349319893326e-07
0,329,1.491535920004612e-07
0,330,1.491540326492265e-07
0,331,1.4915829498474685e-07
0,332,4655.419967850415
0,333,7654.054572811329
0,334,7654.054572811329
0,335,7654.054572811329
0,336,7654.054572811328
0,337,7654.054572811329
0,338,7654.054572811328
0,339,7654.054572811328
0,340,7654.054572811328
0,341,7654.054572811328
0,342,7654.054572811329
0,343,1.4915882604656788e-07
0,344,1.4915687307392642e-07
0,345,1.4915698590004314e-07
0,346,1.4923846474977913e-07
0,347,2.9469118353170863e-07
0,348,2.946920416533878e-07
0,349,2.946901014705644e-07
0,350,1.4920746081132177e-07
0,351,1.4915348927534112e-07
0,352,1.4915277049624672e-07
0,353,1.491526057811085e-07
0,354,1.4915261459824713e-07
0,355,1.4915291426652343e-07
0,356,1.4915728439317982e-07
0,357,2.946756441837427e-07
0,358,2.9467941293598006e-07
0,359,2.9468049419665784e-07
0,360,2.946805894582386e-07
0,361,2.946802395811018e-07
0,362,2.9467914729446737e-07
0,363,2.946764150463916e-07
0,364,2.9464992691206025e-07
0,365,1.491529421188641e-07
0,366,1.4914943955801965e-07
0,367,1.4914853373071304e-07
0,368,1.4914739544739778e-07
0,369,1.4914729768507762e-07
0,370,1.4914751653359007e-07
0,371,1.4914806132319955e-07
0,372,1.491486997652982e-07
0,373,1.4914883628668052e-07
0,374,1.491481342269865e-07
0,375,1.4914685163443762e-07
0,376,1.491467482350251e-07
0,377,1.4914699619431168e-07
0,378,1.4914850546043955e-07
0,379,1.4914915642480226e-07
0,380,1.491498108767452e-07
0,381,1.491514997610478e-07
0,382,1.491558361056992e-07
0,383,2.94661768173918e-07
0,384,2.9466588802036335e-07
0,385,2.94667351207411e-07
0,386,2.94667845577635e-07
0,387,2.9466788035862387e-07
0,388,2.946673854207116e-07
0,389,2.946663804982209e-07
0,390,2.946612403646222e-07
0,391,1.4915501683312516e-07
0,392,1.4915068094061316e-07
0,393,1.4915068624111495e-07
0,394,1.4915243223498093e-07
0,395,1.4915169297094358e-07
0,396,1.4915169808428497e-07
0,397,1.4915060091865947e-07
0,398,1.4914954503479063e-07
0,399,1.4914915458461302e-07
0,400,1.491489790609549e-07
0,401,1.4914888746305594e-07
0,402,1.4914897656428125e-07
0,403,1.4914922561004682e-07
0,404,1.4914978445197354e-07
0,405,1.491518156162999e-07
0,406,1.49160478548515e-07
0,407,464.97710722988126
0,408,582.4234367848308
0,409,610.8523964478771
0,410,621.7448259568376
0,411,623.5981199979539
0,412,618.1403294828314
0,413,599.2139699987008
0,414,573.167579437611
0,415,471.38643474249545
0,416,1.492265569561532e-07
0,417,1.4915670088706313e-07
0,418,1.4915548421246135e-07
0,419,1.4915327256124328e-07
0,420,1.4915189783796428e-07
0,421,1.4915118241645427e-07
0,422,1.4914982383984585e-07
0,423,1.4914922943603365e-07
0,424,1.4914871083895973e-07
0,425,1.4914697289816802e-07
0,426,1.4914644636196948e-07
0,427,1.4914767949795863e-07
0,428,1.4914849439130458e-07
0,429,1.4914891463622525e-07
0,430,1.4914911961063618e-07
0,431,1.4914942046833648e-07
0,432,1.491497380145103e-07
0,433,1.4915004327805586e-07
0,434,1.4915030309496343e-07
0,435,1.491502183734812e-07
0,436,1.4914979828907667e-07
0,437,1.4914937614655824e-07
0,438,1.4914881411019244e-07
0,439,1.4907721181754816e-07
0,440,9.630525300370802e-08
0,441,9.630507728494774e-08
0,442,9.630509108812888e-08
0,443,9.630502085929908e-08
0,444,9.630556651964487e-08
0,445,1.4913472801367255e-07
0,446,1.490235858308674e-07
0,447,9.63049923724291e-08
0,448,9.630485037715397e-08
0,449,9.630482938674241e-08
0,450,9.630494578918131e-08
0,451,9.630682300074296e-08
0,452,1.4914449092469253e-07
0,453,1.4914724095747866e-07
0,454,1.4914816777119883e-07
0,455,1.4914864409796766e-07
0,456,1.4914887218718943e-07
0,457,1.491489241671484e-07
0,458,1.4914893303090773e-07
0,459,1.491489099065288e-07
0,460,1.4914882243794933e-07
0,461,1.491485707800968e-07
0,462,1.491470053159485e-07
0,463,9.630511845162989e-08
0,464,9.630485763785263e-08
0,465,9.63048630015363e-08
0,466,9.630500066340442e-08
0,467,9.630558601093008e-08
0,468,1.4914229806752281e-07
0,469,1.491455909785784e-07
0,470,1.4913911468658224e-07
0,471,9.6305334412668e-08
0,472,9.63050294872851e-08
0,473,9.630504785747816e-08
0,474,9.63053715636686e-08
0,475,1.4914407206061174e-07
0,476,1.4914827666383007e-07
0,477,1.491488892100038e-07
0,478,1.4914916629928197e-07
0,479,1.4914955685617218e-07
0,480,1.491503684582056e-07
0,481,1.4915101587587194e-07
0,482,1.491511864639707e-07
0,483,1.491512440111994e-07
0,484,1.4915117865318852e-07
0,485,1.4915038989982143e-07
0,486,1.4914924376975558e-07
0,487,1.4914840742850542e-07
0,488,1.4914114288469408e-07
0,489,1.4914640964532738e-07
0,490,1.4914829339662036e-07
0,491,1.4914869384756013e-07
0,492,1.4914895215945956e-07
0,493,1.4914896186060244e-07
0,494,1.4914856797881653e-07
0,495,1.4914301147507308e-07
0,496,9.630657579244258e-08
0,497,9.630634239320515e-08
0,498,9.630745992811633e-08
0,499,1.4914555896756347e-07
0,500,1.4914829507789266e-07
0,501,1.4914878898353605e-07
0,502,1.491490320261826e-07
0,503,1.491493688116595e-07
0,504,1.491499627388022e-07
0,505,1.491503184451249e-07
0,506,1.4915037775068557e-07
0,507,1.491502758370366e-07
0,508,1.4915009066400627e-07
0,509,1.4914957604736379e-07
0,510,1.491489856414929e-07
0,511,1.4914646390015935e-07
0,512,9.63035739505035e-08
0,513,9.630280784575387e-08
0,514,9.630260718565444e-08
0,515,9.630241673720804e-08
0,516,9.630294793170832e-08
0,517,1.4894969936542646e-07
0,518,9.630275656838502e-08
0,519,9.630211017500512e-08
0,520,9.630196416671828e-08
0,521,9.630192397032931e-08
0,522,9.630197602139838e-08
0,523,9.630217670239581e-08
0,524,9.630389407900295e-08
0,525,1.491424844490049e-07
0,526,1.491462737135071e-07
0,527,1.4914739844833387e-07
0,528,1.4914784801994753e-07
0,529,1.491480045834304e-07
0,530,1.4914805472366092e-07
0,531,1.491480521525839e-07
0,532,1.4914794099838823e-07
0,533,1.491475911876046e-07
0,534,1.491448738630567e-07
0,535,5.88928606164743e-08
0,536,5.889220952134326e-08
0,537,5.8892171643141165e-08
0,538,5.889216469680015e-08
0,539,5.8892174934955144e-08
0,540,5.889261065342627e-08
0,541,5.889407381687219e-08
0,542,5.8893552596774403e-08
0,543,5.88922986319808e-08
0,544,5.889218366507301e-08
0,545,5.889217810856398e-08
0,546,5.889223914596145e-08
0,547,5.88926022165241e-08
0,548,5.889568676487435e-08
0,549,1.4914300654501607e-07
0,550,1.491473153439934e-07
0,551,1.491484628488005e-07
0,552,1.4914886084190816e-07
0,553,1.491490446726962e-07
0,554,1.4914914220985468e-07
0,555,1.4914921268923006e-07
0,556,1.4914921863342268e-07
0,557,1.4914918365418746e-07
0,558,1.491490318240602e-07
0,559,1.4914871918422648e-07
0,560,1.49147775786577e-07
0,561,1.4914606092573902e-07
0,562,1.4914707676682323e-07
0,563,1.4914776152780054e-07
0,564,1.4914866347518125e-07
0,565,1.4914893802536635e-07
0,566,1.4914885957073533e-07
0,567,1.4914804166105762e-07
0,568,1.491425345859557e-07
0,569,9.630671897387555e-08
0,570,9.630675108864863e-08
0,571,1.4913237463172468e-07
0,572,1.491470411617323e-07
0,573,1.4914839534387958e-07
0,574,1.4914878411972378e-07
0,575,1.491490208239618e-07
0,576,1.491491747216084e-07
0,577,1.491492939925752e-07
0,578,1.4914940166737634e-07
0,579,1.4914944871269754e-07
0,580,1.491494163562287e-07
0,581,1.491493055852714e-07
0,582,1.4914920095547915e-07
0,583,1.4914900373880582e-07
0,584,1.491487065668508e-07
0,585,1.4914844238600239e-07
0,586,1.4914833291839163e-07
0,587,1.4914797376118895e-07
0,588,1.491481899053217e-07
0,589,1.4914844794806795e-07
0,590,1.4914836149484381e-07
0,591,1.4914724518256032e-07
0,592,1.491242173551398e-07
0,593,9.630586268815722e-08
0,594,9.630577445882019e-08
0,595,9.630591465392669e-08
0,596,1.4911222246579152e-07
0,597,1.4914648133540422e-07
0,598,1.49148146990865e-07
0,599,1.4914876134375322e-07
0,600,1.4914896104292427e-07
0,601,1.4914905634052763e-07
0,602,1.4914904165744865e-07
0,603,1.4914902916285887e-07
0,604,1.4914893386276185e-07
0,605,1.4914859950120865e-07
0,606,1.4914635934303575e-07
0,607,5.889423092356069e-08
0,608,5.889399012294936e-08
0,609,5.889396965573989e-08
0,610,5.8893974579142614e-08
0,611,5.8893993197706065e-08
0,612,5.889432379573603e-08
0,613,5.889735565931458e-08
0,614,5.88942727496275e-08
0,615,5.889403482379178e-08
0,616,5.8894002841345576e-08
0,617,5.889401727822934e-08
0,618,5.889418432491046e-08
0,619,1.4912391383309397e-07
0,620,1.4914801443140138e-07
0,621,1.49148873042381e-07
0,622,1.49149140746507e-07
0,623,1.491495935246757e-07
0,624,1.491518023621723e-07
0,625,1.4917208387353305e-07
0,626,2.945382151207129e-07
0,627,2.9457360480419264e-07
0,628,2.945772726443128e-07
0,629,1.498130067655761e-07
0,630,1.4915071398899273e-07
0,631,1.4914910694379378e-07
0,632,1.4914865179295705e-07
0,633,1.4914880150542062e-07
0,634,1.4914890845453815e-07
0,635,1.491489707105111e-07
0,636,1.4914909200608993e-07
0,637,1.4914901139698655e-07
0,638,1.4914864363823883e-07
0,639,1.4914716189374285e-07
0,640,1.4913952863152935e-07
0,641,1.491355486500374e-07
0,642,1.4914566689365558e-07
0,643,1.4914856630535048e-07
0,644,1.4914905549498546e-07
0,645,1.4914934129764412e-07
0,646,1.4915001937606002e-07
0,647,1.4915780263040704e-07
0,648,2.9466912406639735e-07
0,649,2.946730530447965e-07
0,650,2.9467410431991163e-07
0,651,2.9467451104919513e-07
0,652,2.9467445630885743e-07
0,653,2.946736331409889e-07
0,654,2.9466171634829523e-07
0,655,1.491502560672063e-07
0,656,1.4914946009204986e-07
0,657,1.4914931232323553e-07
0,658,1.491492757484884e-07
0,659,1.4914936027866314e-07
0,660,1.4914973623742162e-07
0,661,1.4915060889708642e-07
0,662,1.491521897892961e-07
0,663,1.4915203296389707e-07
0,664,1.4915126021213432e-07
0,665,1.4915092330202839e-07
0,666,1.491525376285123e-07
0,667,758.0193219958288
0,668,7654.054572811323
0,669,7654.054572811327
0,670,7654.054572811331
0,671,7654.054572811327
0,672,7654.054572811327
0,673,7654.05457281133
0,674,7654.054572811328
0,675,7654.054572811329
0,676,7654.054572811331
0,677,7654.054572811331
0,678,7654.0545728113
0,679,1.4915365192377317e-07
0,680,1.4915167006522112e-07
0,681,1.4915148311591526e-07
0,682,1.4915145595502453e-07
0,683,1.491514060748128e-07
0,684,1.4915202071352383e-07
0,685,1.4915342776931082e-07
0,686,1.4915224521905085e-07
0,687,1.4915149523260637e-07
0,688,1.4915106643853472e-07
0,689,1.4915095607732454e-07
0,690,1.491512549194659e-07
0,691,1.491521985231409e-07
0,692,1.4915746162356188e-07
0,693,2703.635026921043
0,694,6063.087660585924
0,695,7654.0545728113275
0,696,7654.054572811328
0,697,7654.054572811328
0,698,7654.054572811329
0,699,7654.054572811328
0,700,7654.0545728113275
0,701,7654.054572811328
0,702,7654.054572811329
0,703,1.491727287588826e-07
0,704,1.491532247373023e-07
0,705,1.4915320216589358e-07
0,706,1.4915462447280016e-07
0,707,1.4918092804618748e-07
0,708,2.946748301149867e-07
0,709,2.946707526414933e-07
0,710,1.4915211992184443e-07
0,711,1.491504048445726e-07
0,712,1.4915006391223924e-07
0,713,1.49150008223062e-07
0,714,1.4915017029071406e-07
0,715,1.4915103772550017e-07
0,716,1.4964983864162573e-07
0,717,7654.054572811328
0,718,7654.054572811329
0,719,7654.054572811329
0,720,7654.054572811329
0,721,7654.054572811329
0,722,7654.054572811328
0,723,7654.054572811328
0,724,7654.054572811329
0,725,7654.054572811329
0,726,7654.054572811329
0,727,7654.054572811328
0,728,7654.054572811329
0,729,7654.054572811328
0,730,7654.054572811331
0,731,7654.05457281133
0,732,7654.054572811331
0,733,7654.054572811323
0,734,7654.054572811335
0,735,7654.054572811327
0,736,7654.05457281133
0,737,7654.054572811323
0,738,7654.054572811328
0,739,7654.054572811329
0,740,7654.054572811325
0,741,7654.054572811329
0,742,7654.0545728113275
0,743,7654.05457281133
0,744,7654.054572811329
0,745,7654.054572811328
0,746,7654.054572811328
0,747,7654.054572811329
0,748,7654.054572811329
0,749,7654.054572811328
0,750,7654.05457281133
0,751,7654.054572811329
0,752,7654.054572811328
0,753,7654.054572811329
0,754,7654.054572811329
0,755,7654.054572811329
0,756,7654.054572811328
0,757,7654.054572811328
0,758,7654.054572811329
0,759,7654.054572811329
0,760,7654.054572811329
0,761,7654.054572811328
0,762,7654.054572811329
0,763,7654.054572811329
0,764,7654.054572811329
0,765,7654.054572811328
0,766,7654.054572811328
0,767,7654.054572811328
0,768,7654.054572811329
0,769,7654.054572811328
0,770,7654.054572811329
0,771,7654.054572811329
0,772,7654.054572811329
0,773,7654.05457281133
0,774,3259.9951122566786
0,775,1.4915014664201496e-07
0,776,1.4914909854732558e-07
0,777,1.4914889773457048e-07
0,778,1.4914851709823857e-07
0,779,1.491478122249315e-07
0,780,1.49147711343958e-07
0,781,1.4914759561388707e-07
0,782,1.491470023524987e-07
0,783,1.491467032059947e-07
0,784,1.4914657120110048e-07
0,785,1.4914628560679837e-07
0,786,1.491462688750923e-07
0,787,1.491477021152562e-07
0,788,1.4914889160484376e-07
0,789,1.491493058657545e-07
0,790,1.4915005473072735e-07
0,791,1.4915402394782644e-07
0,792,2.945831290878981e-07
0,793,2.9464248626034136e-07
0,794,2.9465327734462185e-07
0,795,2.946568645699195e-07
0,796,2.946564565103199e-07
0,797,1.4920937349780232e-07
0,798,1.4915197351099332e-07
0,799,1.4914935569788185e-07
0,800,1.4914895016008233e-07
0,801,1.4914900952286178e-07
0,802,1.4914926681585511e-07
0,803,1.4914941883674773e-07
0,804,1.4915025327877384e-07
0,805,1.491516726559222e-07
0,806,1.4915154611489195e-07
0,807,1.4915095368839347e-07
0,808,1.491500316507736e-07
0,809,1.491494414947571e-07
0,810,1.491492759191147e-07
0,811,1.4914938151571713e-07
0,812,1.4914959516434175e-07
0,813,1.491495028730955e-07
0,814,1.491493878639106e-07
0,815,1.4914991063825285e-07
0,816,1.4915148039153204e-07
0,817,1.4915854770956275e-07
0,818,2.946562774789967e-07
0,819,2.946622174373743e-07
0,820,2.946632543094057e-07
0,821,2.946631520753208e-07
0,822,1.4916449230455804e-07
0,823,1.4914972706244205e-07
0,824,1.4914918193475123e-07
0,825,1.4914936851857254e-07
0,826,1.4914988243129677e-07
0,827,1.4915036614134686e-07
0,828,1.4915408201132511e-07
0,829,2.937607788802742e-07
0,830,1.491750712460352e-07
0,831,1.4915129726832143e-07
0,832,1.4914945946885045e-07
0,833,1.4914931285921087e-07
0,834,1.491496030451634e-07
0,835,1.4915058208148698e-07
0,836,1.491553660465405e-07
0,837,763.2728100674065
0,838,2063.973773329489
0,839,2997.519523018954
0,840,3376.6970514298637
0,841,3443.3194331527507
0,842,3355.0422262674806
0,843,3011.5046088388026
0,844,2095.424742339778
0,845,1.4934384979487067e-07
0,846,1.4914948701536478e-07
0,847,1.4914796254563247e-07
0,848,1.4914551341581208e-07
0,849,1.4914683448607265e-07
0,850,1.4914878202840621e-07
0,851,1.491491065272162e-07
0,852,1.4914954139084134e-07
0,853,1.4915044823716247e-07
0,854,1.4914970268608066e-07
0,855,1.4914903600138276e-07
0,856,1.4914667996427798e-07
0,857,1.4914316222576864e-07
0,858,1.4914343170812174e-07
0,859,1.4914784667532e-07
0,860,1.4914888861057552e-07
0,861,1.491492751838901e-07
0,862,1.4914964012631426e-07
0,863,1.4915114343282674e-07
0,864,1.4917178507150718e-07
0,865,2.946278158575365e-07
0,866,2.946363297115463e-07
0,867,2.946335659819799e-07
0,868,2.9461690286621423e-07
0,869,1.4915461451800818e-07
0,870,1.4914947059658655e-07
0,871,1.4914828126504857e-07
0,872,1.4914450943427334e-07
0,873,1.4914744317798896e-07
0,874,1.4914828146115363e-07
0,875,1.4914860752341026e-07
0,876,1.4914896757082423e-07
0,877,1.4914908771370642e-07
0,878,1.4914894110046187e-07
0,879,1.4914856275729887e-07
0,880,1.4914624065246948e-07
0,881,1.4914177856676638e-07
0,882,1.4914164896489787e-07
0,883,1.491422120879053e-07
0,884,1.4914631689313257e-07
0,885,1.491482613307719e-07
0,886,1.491486977621805e-07
0,887,1.491490133214454e-07
0,888,1.491491331704275e-07
0,889,1.4914924685417523e-07
0,890,1.4914923824750734e-07
0,891,1.4914917968606172e-07
0,892,1.4914910912843405e-07
0,893,1.4914900165022586e-07
0,894,1.491487592435994e-07
0,895,1.4914782739554907e-07
0,896,1.4914571061329504e-07
0,897,1.4914770167092305e-07
0,898,1.491487849531229e-07
0,899,1.4914916902884225e-07
0,900,1.4914966098725853e-07
0,901,1.4915037005293146e-07
0,902,1.4914996537764187e-07
0,903,1.4914928138812862e-07
0,904,1.491487440524633e-07
0,905,1.4914730033166934e-07
0,906,1.491476684382291e-07
0,907,1.4914868687559805e-07
0,908,1.4914913473734357e-07
0,909,1.491495468643818e-07
0,910,1.4915003616425304e-07
0,911,1.4915199830840462e-07
0,912,1.4916123034533317e-07
0,913,2.9369238604466273e-07
0,914,2.9464998787094793e-07
0,915,2.946453249314798e-07
0,916,2.946482271915093e-07
0,917,2.9453918035939834e-07
0,918,1.491696205985606e-07
0,919,1.491522876172918e-07
0,920,1.4915257068182498e-07
0,921,2.94654341129099e-07
0,922,2.946629477929832e-07
0,923,2.946632702105858e-07
0,924,2.9466434074980515e-07
0,925,2.9466312850313925e-07
0,926,1.4915641285878135e-07
0,927,1.4914972627897045e-07
0,928,1.491491266016531e-07
0,929,1.491489225105688e-07
0,930,1.4914885635547957e-07
0,931,1.4914900797058242e-07
0,932,1.4914924241349998e-07
0,933,1.4914961020938162e-07
0,934,1.4915036070380192e-07
0,935,1.4915467267789242e-07
0,936,397.66926463044393
0,937,5267.694095121708
0,938,6801.156364769141
0,939,7173.588581852023
0,940,7222.09943966724
0,941,7221.305457184375
0,942,2320.0703994503465
0,943,3.408928772281406e-07
0,944,3.4089683630046837e-07
0,945,3899.2262319666756
0,946,7654.054572811328
0,947,7654.0545728113275
0,948,7654.054572811329
0,949,7654.05457281133
0,950,7654.054572811329
0,951,7654.0545728113275
0,952,7654.054572811328
0,953,7654.05457281133
0,954,7654.054572811329
0,955,7654.0545728113275
0,956,7654.0545728113275
0,957,7654.054572811328
0,958,7654.054572811328
0,959,7654.054572811329
0,960,7654.054572811328
0,961,7654.054572811329
0,962,7654.054572811328
0,963,7654.054572811329
0,964,7654.054572811328
0,965,7654.054572811329
0,966,7654.054572811329
0,967,7654.0545728113275
0,968,7654.054572811329
0,969,7654.054572811329
0,970,7654.054572811329
0,971,7654.054572811328
0,972,7654.054572811329
0,973,7654.054572811329
0,974,7654.054572811328
0,975,7654.054572811328
0,976,7654.054572811329
0,977,7654.054572811329
0,978,7654.054572811331
0,979,7654.054572811328
0,980,7654.054572811329
0,981,7654.054572811329
0,982,7654.054572811328
0,983,7654.054572811329
0,984,7654.054572811328
0,985,7654.054572811329
0,986,7654.054572811328
0,987,7654.054572811329
0,988,7654.054572811329
0,989,7654.054572811328
0,990,7654.054572811329
0,991,7654.054572811329
0,992,7654.054572811329
0,993,7654.054572811328
0,994,7654.05457281133
0,995,7654.054572811329
0,996,7654.054572811328
0,997,7654.054572811329
0,998,7654.054572811328
0,999,7654.054572811329
0,1000,7654.054572811329
0,1001,7654.054572811328
0,1002,7654.05457281133
0,1003,7654.054572811329
0,1004,7654.054572811329
0,1005,7654.054572811328
0,1006,7654.054572811329
0,1007,7654.054572811329
0,1008,7654.054572811329
0,1009,7654.054572811329
0,1010,7654.054572811328
0,1011,7654.054572811329
0,1012,7654.054572811328
0,1013,7654.054572811329
0,1014,7654.054572811328
0,1015,7654.054572811329
0,1016,7654.054572811328
0,1017,7654.054572811331
0,1018,7654.054572811329
0,1019,7654.054572811329
0,1020,7654.054572811328
0,1021,7654.054572811328
0,1022,7654.054572811328
0,1023,7654.054572811335
0,1024,5499.8263946516445
0,1025,4052.7899300212894
0,1026,3719.079233738679
0,1027,3983.240999900709
0,1028,5618.161010495812
0,1029,7654.0545724704625
0,1030,7654.05457247049
0,1031,7654.054572470495
0,1032,7654.054572470497
0,1033,7654.054572470496
0,1034,7654.054572470494
0,1035,7654.054572470489
0,1036,7654.054572470332
0,1037,1.4917909724006446e-07
0,1038,1.491499330135294e-07
0,1039,1.4914895208069227e-07
0,1040,1.491487249744895e-07
0,1041,1.4914900974813189e-07
0,1042,1.4914910598438328e-07
0,1043,1.4914938742404977e-07
0,1044,1.4915002296181476e-07
0,1045,1.4915095970530895e-07
0,1046,1.4914993413573286e-07
0,1047,1.491496934205431e-07
0,1048,1.4914935854553886e-07
0,1049,1.4914902712168565e-07
0,1050,1.4914877288977452e-07
0,1051,1.4914887623576297e-07
0,1052,1.4914897666920492e-07
0,1053,1.4914904424814975e-07
0,1054,1.4914916066419539e-07
0,1055,1.491493706987947e-07
0,1056,1.491496392726948e-07
0,1057,1.4915000459125578e-07
0,1058,1.4915050731311623e-07
0,1059,1.4915110157047982e-07
0,1060,1.4915085484604532e-07
0,1061,1.4915019189734547e-07
0,1062,1.4914958689759834e-07
0,1063,1.491491321124088e-07
0,1064,1.4914879610753036e-07
0,1065,1.4914851900342573e-07
0,1066,1.4914848450858493e-07
0,1067,1.491486656136345e-07
0,1068,1.4914892853577842e-07
0,1069,1.4914907474513055e-07
0,1070,1.4914898648643875e-07
0,1071,1.491487168605915e-07
0,1072,1.4914781340435372e-07
0,1073,1.491459486402597e-07
0,1074,1.4914588304760037e-07
0,1075,1.491463844189786e-07
0,1076,1.4914819552037765e-07
0,1077,1.4914896988003933e-07
0,1078,1.4914927454396688e-07
0,1079,1.4915018665769453e-07
0,1080,1.4915361746300343e-07
0,1081,1.491757521179251e-07
0,1082,568.3037736222241
0,1083,3189.227346191154
0,1084,4943.948138698653
0,1085,5254.1893996512845
0,1086,2860.0413895650336
0,1087,3.4099960699834463e-07
0,1088,3.410360994095425e-07
0,1089,5114.435314980066
0,1090,7654.054572811332
0,1091,7654.054572811327
0,1092,7654.054572811328
0,1093,7654.05457281133
0,1094,7654.0545728113275
0,1095,7654.0545728113275
0,1096,7654.05457281133
0,1097,7654.054572811328
0,1098,7654.05457281133
0,1099,7654.05457281133
0,1100,7654.054572811329
0,1101,7654.054572811329
0,1102,7654.054572811329
0,1103,7654.054572811328
0,1104,7654.054572811328
0,1105,7654.054572811329
0,1106,7654.054572811329
0,1107,7654.054572811328
0,1108,7654.054572811329
0,1109,7654.054572811329
0,1110,7654.054572811329
0,1111,7654.054572811332
0,1112,7654.054572811333
0,1113,7654.0545728113275
0,1114,7654.054572811329
0,1115,7654.054572811329
0,1116,7654.054572811332
0,1117,7654.054572811328
0,1118,7654.0545728113275
0,1119,7654.054572811328
0,1120,7654.054572811328
0,1121,7654.054572811326
0,1122,7654.05457281133
0,1123,7654.054572811329
0,1124,7654.054572811329
0,1125,7654.05457281133
0,1126,7654.054572811329
0,1127,7654.054572811329
0,1128,7654.054572811329
0,1129,7654.054572811328
0,1130,7654.054572811328
0,1131,7654.054572811329
0,1132,7654.054572811328
0,1133,7654.054572811329
0,1134,7654.054572811328
0,1135,1.491566478046874e-07
0,1136,1.49154968572847e-07
0,1137,1.4915491351594938e-07
0,1138,1.4915519263490823e-07
0,1139,1.4915689871381702e-07
0,1140,1.491834183734407e-07
0,1141,2.94642222540577e-07
0,1142,1.4918608827232927e-07
0,1143,1.4915523263118059e-07
0,1144,1.4915463371448527e-07
0,1145,1.491545128215249e-07
0,1146,1.4915461360936544e-07
0,1147,1.49155318830078e-07
0,1148,1.4917365511674997e-07
0,1149,6110.390477542819
0,1150,7654.05457281133
0,1151,7654.054572811328
0,1152,7654.054572811328
0,1153,7654.054572811328
0,1154,7654.054572811328
0,1155,7654.054572811328
0,1156,7654.054572811328
0,1157,7654.054572811329
0,1158,7654.054572811329
0,1159,7654.054572811329
0,1160,7654.054572811329
0,1161,7654.054572811328
0,1162,7654.054572811328
0,1163,7654.054572811329
0,1164,7654.054572811328
0,1165,7654.054572811329
0,1166,7654.054572811329
0,1167,7654.054572811332
0,1168,7654.054572811311
0,1169,7654.054572811322
0,1170,7654.054572811346
0,1171,7654.054572811342
0,1172,7654.054572811323
0,1173,7654.054572811342
0,1174,7654.054572811329
0,1175,7654.054572811328
0,1176,7654.054572811328
0,1177,7654.054572811329
0,1178,7654.054572811329
0,1179,7654.05457281133
0,1180,7654.05457281133
0,1181,7654.05457281133
0,1182,4278.776430775961
0,1183,1.4916083908154314e-07
0,1184,1.4916019187640752e-07
0,1185,1.4916013651289752e-07
0,1186,1.4916033133578798e-07
0,1187,1.4916386449026985e-07
0,1188,2.9470544465442757e-07
0,1189,2.9470636473891143e-07
0,1190,2.947058996669201e-07
0,1191,2.9470298946516387e-07
0,1192,1.491592912883995e-07
0,1193,1.4915129842996274e-07
0,1194,1.491507088276483e-07
0,1195,1.4915071770485173e-07
0,1196,1.491511285364581e-07
0,1197,1.49152755747438e-07
0,1198,1.4916004235918166e-07
0,1199,2.9463268024068406e-07
0,1200,2.946693881808655e-07
0,1201,2.9467037878402706e-07
0,1202,2.94669448857698e-07
0,1203,2.9466728669315335e-07
0,1204,2.946611703845219e-07
0,1205,1.491739373262271e-07
0,1206,1.4915065589605797e-07
0,1207,1.4914955452101754e-07
0,1208,1.49149391568006e-07
0,1209,1.4914946207524537e-07
0,1210,1.491496214067506e-07
0,1211,1.491499900378745e-07
0,1212,1.4915104366134443e-07
0,1213,1.4915606838262476e-07
0,1214,1.491534689879127e-07
0,1215,1.491518703491024e-07
0,1216,1.4915092319081635e-07
0,1217,1.4915038568921388e-07
0,1218,1.4915086037740086e-07
0,1219,1.4915459842226799e-07
0,1220,4770.7986828962985
0,1221,7654.054572811329
0,1222,7654.054572811328
0,1223,7654.054572811329
0,1224,7654.054572811328
0,1225,7654.054572811329
0,1226,7654.054572811328
0,1227,7654.054572811329
0,1228,7654.054572811328
0,1229,7654.054572811329
0,1230,7654.054572811328
0,1231,7654.054572811329
0,1232,7654.054572811329
0,1233,7654.054572811329
0,1234,7654.054572811328
0,1235,7654.054572811329
0,1236,7654.054572811329
0,1237,7654.054572811329
0,1238,7654.05457281133
0,1239,7654.054572811328
0,1240,7654.05457281133
0,1241,7654.054572811328
0,1242,7654.054572811332
0,1243,7654.054572811333
0,1244,7654.05457281133
0,1245,7654.054572811331
0,1246,7654.05457281133
0,1247,7654.054572811328
0,1248,7654.054572811329
0,1249,7654.054572811329
0,1250,7654.054572811329
0,1251,7654.054572811328
0,1252,7654.054572811329
0,1253,7654.054572811328
0,1254,7654.054572811329
0,1255,7654.054572811329
0,1256,7654.054572811328
0,1257,7654.054572811329
0,1258,7654.054572811329
0,1259,7654.054572811328
0,1260,7654.054572811328
0,1261,7654.054572811329
0,1262,7654.054572811329
0,1263,7654.054572811328
0,1264,7654.054572811329
0,1265,7654.054572811328
0,1266,7654.054572811328
0,1267,7654.054572811329
0,1268,7654.054572811329
0,1269,7654.054572811329
0,1270,7654.054572811329
0,1271,7654.054572811329
0,1272,7654.054572811329
0,1273,7654.054572811329
0,1274,7654.054572811329
0,1275,7654.054572811329
0,1276,7654.054572811328
0,1277,7654.054572811329
0,1278,7654.054572811284
0,1279,1.4915078602905003e-07
0,1280,1.4914969978207225e-07
0,1281,1.4914947098765828e-07
0,1282,1.4914934847110517e-07
0,1283,1.4914933220213657e-07
0,1284,1.491494517257767e-07
0,1285,1.4914979771135954e-07
0,1286,1.4915038428612074e-07
0,1287,1.491520940818372e-07
0,1288,1.4915941702291886e-07
0,1289,1.4915482436002607e-07
0,1290,1.4916250495544355e-07
0,1291,5870.265971109715
0,1292,7654.054572811329
0,1293,7654.054572811329
0,1294,7654.054572811329
0,1295,7654.054572811329
0,1296,7654.054572811329
0,1297,7654.054572811328
0,1298,7654.054572811328
0,1299,7654.054572811328
0,1300,7654.054572811328
0,1301,5343.934885826144
0,1302,1.491506345389828e-07
0,1303,1.49149031871223e-07
0,1304,1.4914864388860822e-07
0,1305,1.4914857087631973e-07
0,1306,1.4914852234138606e-07
0,1307,1.4914854563855971e-07
0,1308,1.4914884998316262e-07
0,1309,1.491490818526179e-07
0,1310,1.4914922427504158e-07
0,1311,1.4914937599902543e-07
0,1312,1.4914937866543094e-07
0,1313,1.4914934142642024e-07
0,1314,1.4914975154402526e-07
0,1315,1.4915177424650603e-07
0,1316,1.4927164225297723e-07
0,1317,7654.054572811335
0,1318,7654.054572811329
0,1319,7654.054572811328
0,1320,7654.054572811329
0,1321,7654.054572811328
0,1322,7654.054572811329
0,1323,7654.054572811329
0,1324,7654.054572811329
0,1325,7654.054572811328
0,1326,7654.054572811329
0,1327,7654.054572811331
0,1328,7654.054572811326
0,1329,7654.0545728113275
0,1330,7654.054572811334
0,1331,7654.054572811331
0,1332,7654.05457281133
0,1333,7654.054572811329
0,1334,7654.054572811334
0,1335,7654.05457281133
0,1336,3138.9476180888505
0,1337,1.4915043345208718e-07
0,1338,1.4914940330717791e-07
0,1339,1.4914949590397945e-07
0,1340,1.491498592621945e-07
0,1341,1.4915099904233217e-07
0,1342,1.4915348293785416e-07
0,1343,1.49190037549297e-07
0,1344,2.9465344342059644e-07
0,1345,2.946440781810013e-07
0,1346,1.1250396887012325e-07
0,1347,1.4916566807207632e-07
0,1348,1.4915554843463494e-07
0,1349,1.491511719946964e-07
0,1350,1.491492942044283e-07
0,1351,1.491485457173541e-07
0,1352,1.4914810127249884e-07
0,1353,1.4914876435290214e-07
0,1354,1.4914911687752513e-07
0,1355,1.491493141442886e-07
0,1356,1.4914967218975037e-07
0,1357,1.4915007773652167e-07
0,1358,1.4914981121637153e-07
0,1359,1.4914931827379784e-07
0,1360,1.491490053287612e-07
0,1361,1.4914796511047534e-07
0,1362,1.4914724867656445e-07
0,1363,1.4914859171341155e-07
0,1364,1.4914901811689872e-07
0,1365,1.4914925249912806e-07
0,1366,1.4914957427897583e-07
0,1367,1.4915044705120792e-07
0,1368,1.4915430968651718e-07
0,1369,1.4916823586215953e-07
0,1370,2.924731990956199e-07
0,1371,2.92026896556261e-07
0,1372,1.4920467171665583e-07
0,1373,1.4915304374438633e-07
0,1374,1.491493660600899e-07
0,1375,1.4914838987898564e-07
0,1376,1.4914652063716376e-07
0,1377,1.4914830586819795e-07
0,1378,1.491487893221595e-07
0,1379,1.4914893664276464e-07
0,1380,1.4914883420400946e-07
0,1381,1.4914856616800917e-07
0,1382,1.4914619207853164e-07
0,1383,1.4914227352549533e-07
0,1384,1.4914186950235335e-07
0,1385,1.4914168793906573e-07
0,1386,1.4914175163743414e-07
0,1387,1.491422922043201e-07
0,1388,1.4914586956755213e-07
0,1389,1.4914867820756432e-07
0,1390,1.4914906705811005e-07
0,1391,1.4914963745004252e-07
0,1392,1.49151799120977e-07
0,1393,1.492166384391906e-07
0,1394,1620.8677338244447
0,1395,3295.002535044005
0,1396,4126.326240633595
0,1397,4272.681000220696
0,1398,3715.081319855722
0,1399,349.66157898057673
0,1400,3.4084499885256e-07
0,1401,3.4087002573785505e-07
0,1402,3222.1507850896023
0,1403,5191.893365738392
0,1404,5493.141991217377
0,1405,5519.6092698973935
0,1406,5352.594574469738
0,1407,2768.9066116556546
0,1408,1.4915407118236803e-07
0,1409,1.4915316010689949e-07
0,1410,1.491530937712364e-07
0,1411,1.4915330128254488e-07
0,1412,1.491545404133589e-07
0,1413,564.8462679099804
0,1414,5751.9559542945035
0,1415,7654.054572811327
0,1416,7654.054572811328
0,1417,7654.054572811328
0,1418,7654.054572811329
0,1419,7654.054572811329
0,1420,7654.054572811328
0,1421,7654.054572811329
0,1422,7654.054572811328
0,1423,7654.054572811329
0,1424,7654.054572811328
0,1425,7654.054572811329
0,1426,7654.054572811328
0,1427,7654.054572811329
0,1428,7654.054572811328
0,1429,7654.054572811329
0,1430,7654.054572811328
0,1431,7654.054572811328
0,1432,7654.054572811328
0,1433,7654.05457281133
0,1434,7654.05457281133
0,1435,7654.05457281133
0,1436,7654.054572811329
0,1437,7654.05457281133
0,1438,7654.054572811331
0,1439,7654.0545728113275
0,1440,7654.05457281133
0,1441,7654.054572811329
0,1442,7654.054572811329
0,1443,7654.0545728113275
0,1444,7654.05457281133
0,1445,7654.054572811331
0,1446,7654.0545728113275
0,1447,7654.054572811324
0,1448,7654.054572811331
0,1449,7654.054572811334
0,1450,7654.0545728113275
0,1451,7654.054572811331
0,1452,7654.054572811328
0,1453,7654.054572811331
0,1454,6231.807264473994
0,1455,1.4915283751002406e-07
0,1456,1.4914923917517782e-07
0,1457,1.4914844269101556e-07
0,1458,1.491481123972805e-07
0,1459,1.4914845905899892e-07
0,1460,1.4914893072949889e-07
0,1461,1.4914920839232e-07
0,1462,1.4914952801772254e-07
0,1463,1.4915075834768805e-07
0,1464,1.491550851972763e-07
0,1465,1.4915973094533665e-07
0,1466,1.4916180082999203e-07
0,1467,1.491567066700349e-07
0,1468,1.491538439272772e-07
0,1469,1.4915023365094692e-07
0,1470,1.4914914014778347e-07
0,1471,1.4914831056260362e-07
0,1472,1.491467556452759e-07
0,1473,1.4914819722455373e-07
0,1474,1.491488755580011e-07
0,1475,1.4914900658109602e-07
0,1476,1.491492070993547e-07
0,1477,1.4914924497961678e-07
0,1478,1.4914922433730189e-07
0,1479,1.4914902979709004e-07
0,1480,1.491484915974511e-07
0,1481,1.491422932832639e-07
0,1482,1.4914045824482216e-07
0,1483,1.4914348095477993e-07
0,1484,1.4914800943309383e-07
0,1485,1.4914868711195413e-07
0,1486,1.4914900921109944e-07
0,1487,1.491493363846633e-07
0,1488,1.49149898588972e-07
0,1489,1.4915045925631572e-07
0,1490,1.4915079789805516e-07
0,1491,1.4915204100856877e-07
0,1492,1.4915106948544098e-07
0,1493,1.4914990281660154e-07
0,1494,1.4914914919162878e-07
0,1495,1.4914861426766277e-07
0,1496,1.4914854525247532e-07
0,1497,1.4914891591899905e-07
0,1498,1.4914906762980985e-07
0,1499,1.4914933532412383e-07
0,1500,1.4914976433259646e-07
0,1501,1.491498637695482e-07
0,1502,1.4914937394131813e-07
0,1503,1.491489488444301e-07
0,1504,1.4914770329524764e-07
0,1505,1.4913866257221632e-07
0,1506,1.491383931916698e-07
0,1507,1.4913875715530335e-07
0,1508,1.4914703303645018e-07
0,1509,1.4914871758489275e-07
0,1510,1.4914908551421258e-07
0,1511,1.4914947034670506e-07
0,1512,1.4915006921331023e-07
0,1513,1.4915050027669834e-07
0,1514,1.491503857139608e-07
0,1515,1.491503573198172e-07
0,1516,1.4914980878821945e-07
0,1517,1.4914931739486224e-07
0,1518,1.4914881290163228e-07
0,1519,1.4914670137957482e-07
0,1520,1.4914626725410162e-07
0,1521,1.4914868900990424e-07
0,1522,1.4914915576186684e-07
0,1523,1.4914930404925507e-07
0,1524,1.4914959526571465e-07
0,1525,1.4914945626462645e-07
0,1526,1.4914912553645157e-07
0,1527,1.4914871808134893e-07
0,1528,1.4914781941761002e-07
0,1529,1.4914347868009666e-07
0,1530,1.4914364522116688e-07
0,1531,1.4914694535628865e-07
0,1532,1.4914849016600608e-07
0,1533,1.4914897494413084e-07
0,1534,1.491492728542649e-07
0,1535,1.4914981342218085e-07
0,1536,1.4915078109262333e-07
0,1537,1.4915128912455365e-07
0,1538,1.491512974076143e-07
0,1539,1.49150998797438e-07
0,1540,1.4915045043047636e-07
0,1541,1.491495818633766e-07
0,1542,1.4914902409646344e-07
0,1543,1.4914800446357186e-07
0,1544,1.491465992865446e-07
0,1545,1.491475464455354e-07
0,1546,1.491473866756059e-07
0,1547,1.4914653465847283e-07
0,1548,1.491479614485825e-07
0,1549,1.491483811573923e-07
0,1550,1.4914838953307094e-07
0,1551,1.491485574945002e-07
0,1552,1.4914883525349006e-07
0,1553,1.491488952839212e-07
0,1554,1.4914893414595546e-07
0,1555,1.4914912200447326e-07
0,1556,1.4914960403975626e-07
0,1557,1.4915126841339192e-07
0,1558,1.4915846925295305e-07
0,1559,192.8438983486762
0,1560,765.7398230887866
0,1561,1931.2840189362914
0,1562,2595.6608374853254
0,1563,2916.586627810361
0,1564,3029.707175961086
0,1565,2920.013187007083
0,1566,2503.403799609007
0,1567,1485.0742468092603
0,1568,54.82404969783042
0,1569,681.0409319684143
0,1570,1936.9159797792363
0,1571,2743.7884140757506
0,1572,3214.9422480172425
0,1573,3269.484542762519
0,1574,2938.3292380870294
0,1575,1745.765277095959
0,1576,1.4915513037001772e-07
0,1577,1.4915051154218233e-07
0,1578,1.4914998203112277e-07
0,1579,1.4914988750186638e-07
0,1580,1.4914999438343812e-07
0,1581,1.4915015082581562e-07
0,1582,1.491504196704139e-07
0,1583,1.4915168506841078e-07
0,1584,1.4915549486163061e-07
0,1585,1.4918510846622214e-07
0,1586,2.9438568008413645e-07
0,1587,2.9466424381204784e-07
0,1588,2.9466182072590205e-07
0,1589,2.946264320344673e-07
0,1590,1.491592616162797e-07
0,1591,1.4915459424982434e-07
0,1592,1.491667917468515e-07
0,1593,2.946611118194984e-07
0,1594,2.9467650169718446e-07
0,1595,2.946773932161937e-07
0,1596,2.9467815716233744e-07
0,1597,2.9467830250592703e-07
0,1598,2.946776157606158e-07
0,1599,2.946735995629224e-07
0,1600,1.4915065618816914e-07
0,1601,1.4914923852872228e-07
0,1602,1.4914897931389928e-07
0,1603,1.4914899408057024e-07
0,1604,1.4914928077734333e-07
0,1605,1.4914984614356505e-07
0,1606,1.491514830421353e-07
0,1607,1.4920293108341065e-07
0,1608,2.946615691252954e-07
0,1609,2.946644483435893e-07
0,1610,2.946645767869607e-07
0,1611,2.9466442736205464e-07
0,1612,2.9466277824631484e-07
0,1613,1.491951832000753e-07
0,1614,1.4915065291282148e-07
0,1615,1.4914936473215908e-07
0,1616,1.4914922405432512e-07
0,1617,1.4914957492974108e-07
0,1618,1.4915046584371128e-07
0,1619,1.491539953136405e-07
0,1620,2.9466120461034504e-07
0,1621,2.946612423471943e-07
0,1622,2.946592902814066e-07
0,1623,1.4915473047890575e-07
0,1624,1.4914963098846862e-07
0,1625,1.491490104416418e-07
0,1626,1.4914875231175281e-07
0,1627,1.491487963543761e-07
0,1628,1.491490874851566e-07
0,1629,1.4914941888735287e-07
0,1630,1.4914993990867574e-07
0,1631,1.4915217655763857e-07
0,1632,1.4917656125231437e-07
0,1633,2.946327198320611e-07
0,1634,2.9465508208321783e-07
0,1635,2.946532886366959e-07
0,1636,1.4920107856207336e-07
0,1637,1.491533383371057e-07
0,1638,1.4914971267681394e-07
0,1639,1.4914915155838791e-07
0,1640,1.4914893506682257e-07
0,1641,1.4914901329629192e-07
0,1642,1.4914916223921588e-07
0,1643,1.4914924317821487e-07
0,1644,1.491494069912698e-07
0,1645,1.4914954887576657e-07
0,1646,1.491493860593374e-07
0,1647,1.4914924074296127e-07
0,1648,1.4914913933148765e-07
0,1649,1.491489705212907e-07
0,1650,1.4914906826748336e-07
0,1651,1.491493698054392e-07
0,1652,1.491504580253939e-07
0,1653,1.491564102141683e-07
0,1654,3699.1330307384655
0,1655,7654.054572811329
0,1656,7654.054572811329
0,1657,7654.054572811328
0,1658,7654.054572811328
0,1659,7654.054572811328
0,1660,7654.054572811329
0,1661,7654.054572811328
0,1662,7654.05457281133
0,1663,7654.0545728113275
0,1664,7654.05457281133
0,1665,7654.0545728113275
0,1666,7654.054572811327
0,1667,7654.0545728113275
0,1668,7654.0545728113275
0,1669,7654.054572811325
0,1670,7654.054572811332
0,1671,7654.0545728113275
0,1672,7654.054572811328
0,1673,7654.0545728113275
0,1674,7654.054572811332
0,1675,7654.054572811326
0,1676,7654.054572811328
0,1677,7654.054572811326
0,1678,7654.054572811328
0,1679,7654.054572811329
0,1680,7654.054572811329
0,1681,7654.054572811329
0,1682,7654.054572811328
0,1683,7654.054572811329
0,1684,7654.054572811329
0,1685,7654.054572811329
0,1686,7654.054572811328
0,1687,7654.054572811328
0,1688,7654.054572811328
0,1689,7654.054572811328
0,1690,7654.054572811329
0,1691,7654.054572811329
0,1692,7654.054572811329
0,1693,7654.054572811329
0,1694,7654.054572811329
0,1695,7654.054572811329
0,1696,2508.455335339521
0,1697,339.5647706429298
0,1698,332.48171985312706
0,1699,333.2187850128913
0,1700,344.0048160950759
0,1701,463.3072878912926
0,1702,7654.054572811341
0,1703,7654.054572811328
0,1704,7654.054572811328
0,1705,7654.054572811328
0,1706,7654.054572811329
0,1707,7654.054572811328
0,1708,7654.054572811329
0,1709,7654.054572811329
0,1710,7654.054572811328
0,1711,7654.054572811329
0,1712,7654.054572811328
0,1713,7654.054572811328
0,1714,7654.054572811328
0,1715,7654.054572811328
0,1716,7654.054572811329
0,1717,7654.054572811329
0,1718,7654.054572811328
0,1719,7654.054572811329
0,1720,7654.054572811329
0,1721,7654.054572811328
0,1722,7654.054572811332
0,1723,7654.05457281133
0,1724,7654.05457281133
0,1725,7654.054572811325
0,1726,7654.0545728113275
0,1727,7654.054572811332
0,1728,7654.054572811327
0,1729,7654.054572811329
0,1730,7654.054572811328
0,1731,7654.054572811329
0,1732,7654.054572811328
0,1733,7654.054572811328
0,1734,7654.05457281133
0,1735,7654.054572811329
0,1736,7654.054572811329
0,1737,7654.054572811328
0,1738,7654.054572811329
0,1739,7654.054572811329
0,1740,7654.054572811328
0,1741,7654.054572811329
0,1742,7654.054572811328
0,1743,7654.054572811329
0,1744,7429.574489176559
0,1745,1.491507908049335e-07
0,1746,1.4914963851681614e-07
0,1747,1.49149492321396e-07
0,1748,1.4914952661151232e-07
0,1749,1.4914962517608788e-07
0,1750,1.4914976474069016e-07
0,1751,1.4915016076014328e-07
0,1752,1.49150708557438e-07
0,1753,1.491509458289306e-07
0,1754,1.4915113476032067e-07
0,1755,1.491513487677891e-07
0,1756,1.491515521568525e-07
0,1757,1.4915180513870563e-07
0,1758,1.491523346492502e-07
0,1759,1.4916412722460284e-07
0,1760,7654.054572811328
0,1761,7654.054572811328
0,1762,7654.054572811328
0,1763,7654.054572811328
0,1764,7654.054572811328
0,1765,7654.054572811329
0,1766,7654.054572811328
0,1767,7654.054572811329
0,1768,7654.054572811327
0,1769,2335.853390739632
0,1770,2024.6517209041822
0,1771,2059.726206589033
0,1772,2298.526507005412
0,1773,3310.5566497547443
0,1774,5417.623816731211
0,1775,7654.054572470451
0,1776,7654.054572470512
0,1777,7654.054572470517
0,1778,7654.054572470519
0,1779,7654.054572470521
0,1780,7654.054572470517
0,1781,7495.598458320915
0,1782,6863.717985882108
0,1783,6879.023832663446
0,1784,7075.785107394794
0,1785,7654.05457281133
0,1786,7654.054572811328
0,1787,7654.054572811328
0,1788,7654.0545728113275
0,1789,7654.054572811327
0,1790,7654.0545728113275
0,1791,7654.054572811324
0,1792,1.4915095342916073e-07
0,1793,1.4914888394414226e-07
0,1794,1.4914809776548428e-07
0,1795,1.4914832371885488e-07
0,1796,1.491488602999697e-07
0,1797,1.491491701809697e-07
0,1798,1.4914931490160382e-07
0,1799,1.4914974528508875e-07
0,1800,1.4915040407004567e-07
0,1801,1.4915096108503753e-07
0,1802,1.4915187176287492e-07
0,1803,1.4915153819200326e-07
0,1804,1.4915044789767166e-07
0,1805,1.491495718746762e-07
0,1806,1.491489545005231e-07
0,1807,1.4914823972289365e-07
0,1808,1.4914821776891097e-07
0,1809,1.4914880901224672e-07
0,1810,1.4914909292763467e-07
0,1811,1.4914955305167965e-07
0,1812,1.4915147477072982e-07
0,1813,1.4915515395575178e-07
0,1814,1.4915101128048103e-07
0,1815,1.491493366892699e-07
0,1816,1.4914873583957763e-07
0,1817,1.491453933254866e-07
0,1818,1.4914489356924435e-07
0,1819,1.4914500941128625e-07
0,1820,1.4914563177027568e-07
0,1821,1.4914756167838618e-07
0,1822,1.4914861522734432e-07
0,1823,1.4914902379459445e-07
0,1824,1.4914924848606213e-07
0,1825,1.4914948471875353e-07
0,1826,1.4914985183058492e-07
0,1827,1.491502182447864e-07
0,1828,1.4915027248918293e-07
0,1829,1.4914992153543336e-07
0,1830,1.4914938223619658e-07
0,1831,1.4914934312227506e-07
0,1832,1.4915010750546072e-07
0,1833,114.22371707831978
0,1834,5458.889304884776
0,1835,5881.802541966381
0,1836,5948.23940717404
0,1837,5902.556671797688
0,1838,5560.906467059201
0,1839,379.80987601094995
0,1840,1.4915003059421859e-07
0,1841,1.4914893836483006e-07
0,1842,1.4914855354919692e-07
0,1843,1.491486074388967e-07
0,1844,1.4914890666750192e-07
0,1845,1.4914920860634152e-07
0,1846,1.491495305540509e-07
0,1847,1.491507563695883e-07
0,1848,1.4915497658810973e-07
0,1849,1.4929103611490053e-07
0,1850,2.946098576238408e-07
0,1851,2.946342692579048e-07
0,1852,1.4927133903242093e-07
0,1853,1.491552002102017e-07
0,1854,1.4915008095719843e-07
0,1855,1.491494412179874e-07
0,1856,1.4914977761231124e-07
0,1857,1.4915401982493084e-07
0,1858,2.946641387243428e-07
0,1859,2.9466585093837223e-07
0,1860,2.9466616205528137e-07
0,1861,2.946657288678328e-07
0,1862,2.946635074374364e-07
0,1863,1.4915274686229277e-07
0,1864,1.4914925432313558e-07
0,1865,1.4914776372184626e-07
0,1866,1.4914565103264516e-07
0,1867,1.4914552932170848e-07
0,1868,1.4914645133032593e-07
0,1869,1.491480841516997e-07
0,1870,1.4914874058895235e-07
0,1871,1.4914905231759546e-07
0,1872,1.491492481490921e-07
0,1873,1.4914932856059963e-07
0,1874,1.4914934299138476e-07
0,1875,1.4914932478321216e-07
0,1876,1.4914919761933485e-07
0,1877,1.4914898426965188e-07
0,1878,1.4914785069464719e-07
0,1879,1.4914534338122563e-07
0,1880,1.4914547617606955e-07
0,1881,1.4914828871958902e-07
0,1882,1.4914884778529508e-07
0,1883,1.4914904680515925e-07
0,1884,1.4914930753263402e-07
0,1885,1.4914936461072844e-07
0,1886,1.4914919104196817e-07
0,1887,1.491489032668205e-07
0,1888,1.49147992231359e-07
0,1889,1.4914469356882773e-07
0,1890,1.4914437251810591e-07
0,1891,1.4914474926770857e-07
0,1892,1.4914692606903673e-07
0,1893,1.4914854066437567e-07
0,1894,1.4914893654155437e-07
0,1895,1.4914921179359775e-07
0,1896,1.491494343328699e-07
0,1897,1.4914970488351452e-07
0,1898,1.4914989345955732e-07
0,1899,1.4915013351341085e-07
0,1900,1.4915029988117135e-07
0,1901,1.4915011098141288e-07
0,1902,1.4914975768559689e-07
0,1903,1.4914964585632275e-07
0,1904,1.4915012731350915e-07
0,1905,1.4915292193356752e-07
0,1906,2.94622423324762e-07
0,1907,1.4950871585867834e-07
0,1908,2.9465914574722816e-07
0,1909,2.946657495199868e-07
0,1910,2.946667741348958e-07
0,1911,2.946660966754509e-07
0,1912,1.491647088476772e-07
0,1913,1.4915000673797608e-07
0,1914,1.4914940761460473e-07
0,1915,1.4914950518217507e-07
0,1916,1.4915012500903743e-07
0,1917,1.4915210221956056e-07
0,1918,1.4915687726718674e-07
0,1919,1349.5003457387802
0,1920,5667.521895765004
0,1921,7654.0545728113675
0,1922,7654.0545728113475
0,1923,7654.0545728113175
0,1924,7654.054572811331
0,1925,7654.054572811344
0,1926,7654.0545728113275
0,1927,7654.054572811328
0,1928,7654.054572811328
0,1929,7654.054572811329
0,1930,7654.054572811329
0,1931,7654.054572811329
0,1932,7654.054572811329
0,1933,7654.054572811329
0,1934,7654.054572811328
0,1935,7654.054572811329
0,1936,7654.054572811329
0,1937,1652.8713586975937
0,1938,3.408260646947702e-07
0,1939,3.4082518287324465e-07
0,1940,3.408254076604474e-07
0,1941,3.408267861913089e-07
0,1942,3.408304928610999e-07
0,1943,635.1850561755776
0,1944,1743.5419106961135
0,1945,2154.77947497953
0,1946,2414.0078654878957
0,1947,2049.8561688232276
0,1948,1097.231012507489
0,1949,3.408361379171913e-07
0,1950,3.40831988706648e-07
0,1951,3.408334759663449e-07
0,1952,4618.143872492395
0,1953,7654.054572811329
0,1954,7654.054572811328
0,1955,7654.054572811328
0,1956,7654.05457281133
0,1957,7654.054572811329
0,1958,7654.054572811328
0,1959,7654.054572811328
0,1960,5154.321249417255
0,1961,1.4915111909143087e-07
0,1962,1.4915061837558839e-07
0,1963,1.4915063776117744e-07
0,1964,1.491508958362058e-07
0,1965,1.491518280422597e-07
0,1966,1.4915473931417767e-07
0,1967,2.9465775205325716e-07
0,1968,2.9467782615893784e-07
0,1969,2.9467897401353567e-07
0,1970,2.9467827100459554e-07
0,1971,2.9467600710274744e-07
0,1972,1.4917454274556048e-07
0,1973,1.4915359348741737e-07
0,1974,1.491531601938254e-07
0,1975,1.4915353202456542e-07
0,1976,1.491702014657834e-07
0,1977,7654.054572811328
0,1978,7654.054572811328
0,1979,7654.054572811328
0,1980,7654.054572811329
0,1981,7654.054572811329
0,1982,7654.054572811328
0,1983,7654.054572811328
0,1984,1.4915935126939102e-07
0,1985,1.491503448508959e-07
0,1986,1.4915008217188433e-07
0,1987,1.4915015777235315e-07
0,1988,1.4915057527584152e-07
0,1989,1.4915208797211402e-07
0,1990,1.4916072529284462e-07
0,1991,2.946890786997207e-07
0,1992,2.9469573797647483e-07
0,1993,2.9469681588404056e-07
0,1994,2.946976361199011e-07
0,1995,2.9469534751569914e-07
0,1996,1.4923117261364592e-07
0,1997,1.4915949067393795e-07
0,1998,1.49158725408537e-07
0,1999,1.4915918925364514e-07
0,2000,1.4917834284270608e-07
0,2001,7654.054572811328
0,2002,7654.054572811329
0,2003,7654.054572811329
0,2004,7654.054572811328
0,2005,7654.054572811329
0,2006,7654.054572811329
0,2007,7654.054572811329
0,2008,3892.46318819619
0,2009,1.4915461253296953e-07
0,2010,1.4915433789000382e-07
0,2011,1.491544022724767e-07
0,2012,1.4915477826977857e-07
0,2013,1.4915697076352372e-07
0,2014,2.9286360430253464e-07
0,2015,2.9469336623922813e-07
0,2016,2.9469623778570746e-07
0,2017,2.946967859391355e-07
0,2018,2.9469680495902316e-07
0,2019,2.946962591994051e-07
0,2020,2.946928462591188e-07
0,2021,1.4915938356197325e-07
0,2022,1.4915794528623234e-07
0,2023,1.491580223750668e-07
0,2024,1.4915885636904635e-07
0,2025,7314.657366412433
0,2026,7654.054572811328
0,2027,7654.054572811329
0,2028,7654.054572811329
0,2029,7654.054572811328
0,2030,7654.054572811329
0,2031,7654.054572811329
0,2032,1.4915790102272997e-07
0,2033,1.491518615917304e-07
0,2034,1.4915158558418784e-07
0,2035,1.4915162332342232e-07
0,2036,1.4915193975728602e-07
0,2037,1.491526480574309e-07
0,2038,1.4915468680661882e-07
0,2039,1.492767622700991e-07
0,2040,2.9467373444520785e-07
0,2041,2.9467878503042916e-07
0,2042,2.94680587456964e-07
0,2043,2.9468241710477964e-07
0,2044,2.94681251843587e-07
0,2045,1.4916950029443044e-07
0,2046,1.491549958698051e-07
0,2047,1.491551730091955e-07
0,2048,1.491575980576117e-07
0,2049,7654.05457281133
0,2050,7654.054572811328
0,2051,7654.054572811329
0,2052,7654.054572811328
0,2053,7654.054572811329
0,2054,7654.054572811328
0,2055,7654.054572811328
0,2056,2106.1219833251766
0,2057,1.4915158580739796e-07
0,2058,1.4915118980518365e-07
0,2059,1.4915122205729804e-07
0,2060,1.491514484255657e-07
0,2061,1.4915196477316406e-07
0,2062,1.4915265392578358e-07
0,2063,1.4915549778442283e-07
0,2064,1.4915937958441495e-07
0,2065,1.49169015072867e-07
0,2066,1.4920696897398377e-07
0,2067,2.940492516165325e-07
0,2068,2.946218798763377e-07
0,2069,1.4917537014404007e-07
0,2070,1.4917569270481157e-07
0,2071,3801.832096757632
0,2072,7654.0545728113275
0,2073,7654.054572811328
0,2074,7654.054572811328
0,2075,7654.054572811329
0,2076,7654.054572811329
0,2077,7654.054572811329
0,2078,7654.054572811329
0,2079,7654.054572811329
0,2080,7654.0545728113275
0,2081,1.4915346422192258e-07
0,2082,1.4915224617453112e-07
0,2083,1.491522019654286e-07
0,2084,1.491523541010569e-07
0,2085,1.491524910771536e-07
0,2086,1.4915263115658928e-07
0,2087,1.491531504432429e-07
0,2088,1.4915416663010628e-07
0,2089,1.49155415350038e-07
0,2090,1.4915591496649947e-07
0,2091,1.4915796758802708e-07
0,2092,1.491615647900989e-07
0,2093,1.4916128251082623e-07
0,2094,1.4916450986771166e-07
0,2095,1.491905495442031e-07
0,2096,1.4918027479188137e-07
0,2097,228.26595260107254
0,2098,1859.1150425190058
0,2099,2650.4753686273043
0,2100,3761.5816216540475
0,2101,4179.886318228944
0,2102,4407.986286206894
0,2103,4642.280643426904
0,2104,4243.1290058495815
0,2105,3.409979545859255e-07
0,2106,3.408347086333624e-07
0,2107,3.4083491202150425e-07
0,2108,3.4083564795327334e-07
0,2109,3.4083762657030484e-07
0,2110,3.408414548120649e-07
0,2111,47.45146048776942
0,2112,2034.9055629138063
0,2113,4186.43123631949
0,2114,5230.003658499797
0,2115,6619.451416424509
0,2116,5923.627133777284
0,2117,2935.188119819746
0,2118,3.409277543273419e-07
0,2119,3.409409987563329e-07
0,2120,4417.269588275586
0,2121,7654.054572811328
0,2122,7654.054572811329
0,2123,7654.054572811329
0,2124,7654.054572811329
0,2125,7654.054572811329
0,2126,7654.054572811328
0,2127,7654.054572811328
0,2128,4271.585341759436
0,2129,1.4915028439459015e-07
0,2130,1.4914925514292795e-07
0,2131,1.4914907180721372e-07
0,2132,1.4914913844878445e-07
0,2133,1.491492822760902e-07
0,2134,1.491494243645254e-07
0,2135,1.4914973177487258e-07
0,2136,1.4915007667356986e-07
0,2137,1.4915018244540646e-07
0,2138,1.4915057630203888e-07
0,2139,1.4915069686903385e-07
0,2140,1.4915072835803254e-07
0,2141,1.4915000310202278e-07
0,2142,1.4914941834384232e-07
0,2143,1.491494149995123e-07
0,2144,1.4915042174893788e-07
0,2145,2.9465876822559224e-07
0,2146,2.946677048282979e-07
0,2147,2.94667849624257e-07
0,2148,2.946683763373702e-07
0,2149,2.946687065999887e-07
0,2150,2.946678709009657e-07
0,2151,2.946596591478566e-07
0,2152,1.4915066727459714e-07
0,2153,1.4914900419658308e-07
0,2154,1.4914844003970757e-07
0,2155,1.4914843979624997e-07
0,2156,1.491487755935579e-07
0,2157,1.4914909653239005e-07
0,2158,1.491493829237705e-07
0,2159,1.4914994501103959e-07
0,2160,1.4915081921867404e-07
0,2161,1.4915230155907464e-07
0,2162,1.4915234430672684e-07
0,2163,1.4915165372293335e-07
0,2164,1.491506825372906e-07
0,2165,1.491497794128458e-07
0,2166,1.4914947474569274e-07
0,2167,1.4914973745923615e-07
0,2168,1.4915151335800013e-07
0,2169,3502.0450055530273
0,2170,6164.6489565471975
0,2171,6273.030736354869
0,2172,6302.848061981718
0,2173,6275.793611398492
0,2174,6120.244340571138
0,2175,2667.4443318156345
0,2176,1.491510254948865e-07
0,2177,1.491491744132884e-07
0,2178,1.491487467043676e-07
0,2179,1.491487111300409e-07
0,2180,1.4914875732147158e-07
0,2181,1.491489128071762e-07
0,2182,1.491491163319004e-07
0,2183,1.4914945379405496e-07
0,2184,1.4915008669688342e-07
0,2185,1.491506881638662e-07
0,2186,1.491511913756234e-07
0,2187,1.4915145103426455e-07
0,2188,1.491508135790609e-07
0,2189,1.4915008926112997e-07
0,2190,1.4914973754068684e-07
0,2191,1.4915001735562217e-07
0,2192,1.4915316108579852e-07
0,2193,7654.054572811332
0,2194,7654.054572811328
0,2195,7654.054572811328
0,2196,7654.054572811328
0,2197,7654.054572811329
0,2198,7654.054572811329
0,2199,7654.054572811328
0,2200,2606.987182586323
0,2201,1.491503154167856e-07
0,2202,1.4914966680909894e-07
0,2203,1.491495828189382e-07
0,2204,1.4914961459294653e-07
0,2205,1.4914980842089176e-07
0,2206,1.4915041345316495e-07
0,2207,1.4915293077865147e-07
0,2208,2.946550412071696e-07
0,2209,2.946697374863025e-07
0,2210,2.9467095120965176e-07
0,2211,2.9466814784387656e-07
0,2212,1.4935287572458676e-07
0,2213,1.4915389052712683e-07
0,2214,1.4915143642808262e-07
0,2215,1.491514235117111e-07
0,2216,1.4915254899878442e-07
0,2217,2.946768738953877e-07
0,2218,2.9468372283455524e-07
0,2219,2.94685088640949e-07
0,2220,2.946855838815705e-07
0,2221,2.946855030739226e-07
0,2222,2.9468473452902693e-07
0,2223,2.9468082127876924e-07
0,2224,1.4915417283250165e-07
0,2225,1.491523940846712e-07
0,2226,1.4915216122162595e-07
0,2227,1.4915217637343262e-07
0,2228,1.4915219603573717e-07
0,2229,1.491523586025559e-07
0,2230,1.4915307504790513e-07
0,2231,1.4915775554743692e-07
0,2232,1.4922331813624215e-07
0,2233,2.946797686082859e-07
0,2234,2.946834834267236e-07
0,2235,2.9271334892673907e-07
0,2236,1.4916562324278305e-07
0,2237,1.4915914422323237e-07
0,2238,1.4915895765819486e-07
0,2239,1.491777222847662e-07
0,2240,7654.054572811329
0,2241,7654.054572811329
0,2242,7654.054572811329
0,2243,7654.054572811328
0,2244,7654.054572811329
0,2245,7654.054572811329
0,2246,7654.054572811328
0,2247,7654.054572811328
0,2248,7654.054572811404
0,2249,1.4914997550726145e-07
0,2250,1.491491440006043e-07
0,2251,1.4914897408706902e-07
0,2252,1.491489503883882e-07
0,2253,1.4914903580611795e-07
0,2254,1.4914919679406727e-07
0,2255,1.4914943527628843e-07
0,2256,1.491498897124733e-07
0,2257,1.4915061560379843e-07
0,2258,1.491516584295905e-07
0,2259,1.491523398061223e-07
0,2260,1.491531556618061e-07
0,2261,1.4915379379108534e-07
0,2262,1.4916446211554486e-07
0,2263,7654.054572811323
0,2264,7654.0545728113275
0,2265,7654.054572811329
0,2266,7654.054572811329
0,2267,7654.054572811328
0,2268,7654.054572811329
0,2269,7654.054572811328
0,2270,7654.054572811328
0,2271,7654.05457281133
0,2272,7654.054572811329
0,2273,1.4915231379955454e-07
0,2274,1.491512162385476e-07
0,2275,1.4915113878498755e-07
0,2276,1.4915124400499235e-07
0,2277,1.4915164712572576e-07
0,2278,1.4915370188904055e-07
0,2279,320.22571812421586
0,2280,6502.690871806613
0,2281,7654.054572470395
0,2282,7654.054572470428
0,2283,7654.054572470401
0,2284,7353.873774825307
0,2285,3468.378972450557
0,2286,731.2387670622608
0,2287,2946.199984527081
0,2288,7654.054572811315
0,2289,7654.054572811329
0,2290,7654.054572811329
0,2291,7654.054572811328
0,2292,7654.054572811328
0,2293,7654.054572811328
0,2294,7654.054572811328
0,2295,7654.054572811328
0,2296,7654.054572811328
0,2297,1.4917182662683515e-07
0,2298,1.4917120984357223e-07
0,2299,1.4917119646310796e-07
0,2300,1.4917133297728032e-07
0,2301,1.491716729765222e-07
0,2302,1.491731894465772e-07
0,2303,45.08120866805032
0,2304,66.6578721063216
0,2305,67.96124640513952
0,2306,68.18113525210475
0,2307,68.48395391028413
0,2308,66.6712818797366
0,2309,3.405426648294546e-07
0,2310,3.405371022938879e-07
0,2311,3.405378985230729e-07
0,2312,3.4054618343787356e-07
0,2313,7654.054572811332
0,2314,7654.05457281133
0,2315,7654.054572811328
0,2316,7654.054572811328
0,2317,7654.054572811329
0,2318,7654.054572811329
0,2319,7654.054572811328
0,2320,1.491538567925557e-07
0,2321,1.4914929623606053e-07
0,2322,1.4914887855460037e-07
0,2323,1.491488396822933e-07
0,2324,1.4914891830486725e-07
0,2325,1.4914908209691575e-07
0,2326,1.4914936660156758e-07
0,2327,1.4914985604368614e-07
0,2328,1.4915032182759172e-07
0,2329,1.4915057955873826e-07
0,2330,1.491507849246546e-07
0,2331,1.4915071705283965e-07
0,2332,1.49150237738362e-07
0,2333,1.491496104608081e-07
0,2334,1.491494835560009e-07
0,2335,1.491498117078946e-07
0,2336,1.4915188406943694e-07
0,2337,3377.3739069972157
0,2338,6297.191530548384
0,2339,6427.907961897832
0,2340,6465.549919190017
0,2341,6450.8521693620905
0,2342,6330.579179233661
0,2343,2145.471150789694
0,2344,1.4915036816414286e-07
0,2345,1.4914911222643334e-07
0,2346,1.4914880568230949e-07
0,2347,1.4914881480858127e-07
0,2348,1.4914894465087162e-07
0,2349,1.4914912447767394e-07
0,2350,1.4914941073689014e-07
0,2351,1.4915007128679268e-07
0,2352,1.4915173591272218e-07
0,2353,1.4915610555785727e-07
0,2354,1.4916671739451624e-07
0,2355,1.4916298642599275e-07
0,2356,1.4915700050058722e-07
0,2357,1.491512738425072e-07
0,2358,1.4915058264700683e-07
0,2359,1.491508776735968e-07
0,2360,1.4915303390099612e-07
0,2361,1639.0685014757505
0,2362,3012.8771558717826
0,2363,3407.104611284757
0,2364,3520.1893626454125
0,2365,3395.278587491518
0,2366,2700.0092021869164
0,2367,443.8159535543359
0,2368,1.4915065424649858e-07
0,2369,1.491490187817857e-07
0,2370,1.4914850265156988e-07
0,2371,1.4914838515869464e-07
0,2372,1.4914837583027336e-07
0,2373,1.4914857180789334e-07
0,2374,1.4914889248798064e-07
0,2375,1.491491598614792e-07
0,2376,1.491492844625194e-07
0,2377,1.4914942154736158e-07
0,2378,1.4914951149610773e-07
0,2379,1.49149598568845e-07
0,2380,1.4914958752356247e-07
0,2381,1.4914963478648304e-07
0,2382,1.491503161268296e-07
0,2383,1.4915710699016566e-07
0,2384,7654.054572811329
0,2385,7654.054572811328
0,2386,7654.054572811328
0,2387,7654.054572811328
0,2388,7654.054572811328
0,2389,7654.054572811329
0,2390,7654.054572811329
0,2391,7654.054572811328
0,2392,7654.05457281133
0,2393,1.4915101694107347e-07
0,2394,1.4914932721670393e-07
0,2395,1.4914910999519948e-07
0,2396,1.4914907842390984e-07
0,2397,1.4914913063483097e-07
0,2398,1.4914927848211443e-07
0,2399,1.4914950678392115e-07
0,2400,1.4914964775782362e-07
0,2401,1.4914975192802256e-07
0,2402,1.4914986144390742e-07
0,2403,1.4914979871760757e-07
0,2404,1.4914971776966391e-07
0,2405,1.4914965757806611e-07
0,2406,1.491500860521626e-07
0,2407,1.4915296487540033e-07
0,2408,7654.054572894292
0,2409,7654.054572811328
0,2410,7654.054572811329
0,2411,7654.054572811329
0,2412,7654.054572811329
0,2413,7654.054572811329
0,2414,7654.054572811329
0,2415,7654.054572811328
0,2416,3909.8418151174083
0,2417,1.4914971700787636e-07
0,2418,1.4914897971649065e-07
0,2419,1.4914880253701188e-07
0,2420,1.4914880205196693e-07
0,2421,1.4914892179285406e-07
0,2422,1.4914907320927686e-07
0,2423,1.4914927079948495e-07
0,2424,1.49149505244083e-07
0,2425,1.4914964788673526e-07
0,2426,1.4914985232159297e-07
0,2427,1.4914986601539167e-07
0,2428,1.4914989605142393e-07
0,2429,1.4915009393561343e-07
0,2430,1.4915132694862695e-07
0,2431,1.4919822898467423e-07
0,2432,7654.054572811329
0,2433,7654.054572811329
0,2434,7654.054572811329
0,2435,7654.054572811328
0,2436,7654.054572811329
0,2437,7654.054572811328
0,2438,7654.054572811329
0,2439,7654.054572811329
0,2440,1.4916336744943905e-07
0,2441,1.491496582579964e-07
0,2442,1.491491217938941e-07
0,2443,1.491490308624813e-07
0,2444,1.491490785980327e-07
0,2445,1.4914922056181177e-07
0,2446,1.491494586095118e-07
0,2447,1.491499214873219e-07
0,2448,1.4915039405941728e-07
0,2449,1.491509801350118e-07
0,2450,1.4915150559340496e-07
0,2451,1.491518536999312e-07
0,2452,1.491530674824237e-07
0,2453,1.4915449866206138e-07
0,2454,1.491734475395762e-07
0,2455,4282.383394049621
0,2456,7654.054572811326
0,2457,7654.0545728113275
0,2458,7654.054572811329
0,2459,7654.054572811329
0,2460,7654.054572811328
0,2461,7654.054572811329
0,2462,7654.054572811329
0,2463,7654.054572811328
0,2464,7654.054572811329
0,2465,1.4915255199207688e-07
0,2466,1.4915045450284814e-07
0,2467,1.491502629321034e-07
0,2468,1.4915025463757732e-07
0,2469,1.4915041757934027e-07
0,2470,1.491510570465521e-07
0,2471,1.4915375174382774e-07
0,2472,1.4918541770439866e-07
0,2473,5519.142500097874
0,2474,7654.0545724704325
0,2475,7654.054572470445
0,2476,7641.96054785563
0,2477,2547.686979404333
0,2478,718.0286061418947
0,2479,3856.1426351368696
0,2480,7654.054572811328
0,2481,7654.054572811329
0,2482,7654.05457281133
0,2483,7654.054572811328
0,2484,7654.054572811328
0,2485,7654.0545728113275
0,2486,7654.054572811329
0,2487,7654.054572811328
0,2488,7654.054572811327
0,2489,5358.639028663624
0,2490,1.491589257547599e-07
0,2491,1.4915783963083905e-07
0,2492,1.4915760422414708e-07
0,2493,1.4915758377864199e-07
0,2494,1.4915790788475394e-07
0,2495,1.4916070615635102e-07
0,2496,1.4918988212108222e-07
0,2497,1.4917095652572485e-07
0,2498,1.491657708985151e-07
0,2499,1.491627297062713e-07
0,2500,1.4915929981963402e-07
0,2501,1.4915840606909278e-07
0,2502,1.4915822759309794e-07
0,2503,1.491587180991983e-07
0,2504,3680.663899580879
0,2505,7654.054572811328
0,2506,7654.054572811329
0,2507,7654.054572811328
0,2508,7654.054572811329
0,2509,7654.054572811329
0,2510,7654.054572811329
0,2511,7654.054572811329
0,2512,7286.99338945648
0,2513,1.4915031231919288e-07
0,2514,1.491493732826924e-07
0,2515,1.4914922671341226e-07
0,2516,1.491492304176432e-07
0,2517,1.4914938182688316e-07
0,2518,1.491497000525807e-07
0,2519,1.4915047139433851e-07
0,2520,1.4915261899436168e-07
0,2521,1.4915536391811612e-07
0,2522,1.4915813850813566e-07
0,2523,1.4915790268863372e-07
0,2524,1.4915352909673166e-07
0,2525,1.4915144361447277e-07
0,2526,1.4915163166467752e-07
0,2527,1.4915326053811882e-07
0,2528,6456.450252958999
0,2529,7654.054572811328
0,2530,7654.054572811329
0,2531,7654.054572811329
0,2532,7654.054572811328
0,2533,7654.054572811329
0,2534,7654.054572811329
0,2535,7654.05457281133
0,2536,1.4915281435352564e-07
0,2537,1.491492525342291e-07
0,2538,1.4914875076622262e-07
0,2539,1.491486197169713e-07
0,2540,1.491486847356269e-07
0,2541,1.4914884054599586e-07
0,2542,1.4914907318715914e-07
0,2543,1.491492933453336e-07
0,2544,1.4914960150996023e-07
0,2545,1.491498148328363e-07
0,2546,1.4914989255999478e-07
0,2547,1.491497155295396e-07
0,2548,1.491495421751261e-07
0,2549,1.4914930196891505e-07
0,2550,1.4914932424219527e-07
0,2551,1.4914978295103116e-07
0,2552,1.4915267230981378e-07
0,2553,7654.0545728113275
0,2554,7654.05457281133
0,2555,7654.05457281133
0,2556,7654.054572811334
0,2557,7654.054572811328
0,2558,7654.05457281133
0,2559,7654.0545728113275
0,2560,1.491523919712359e-07
0,2561,1.4914938061008306e-07
0,2562,1.4914899651980828e-07
0,2563,1.4914893054369374e-07
0,2564,1.4914896646390802e-07
0,2565,1.4914908858947072e-07
0,2566,1.491492363649258e-07
0,2567,1.4914952318448478e-07
0,2568,1.491497745719373e-07
0,2569,1.4915001474993198e-07
0,2570,1.4914995056841598e-07
0,2571,1.4914990702983829e-07
0,2572,1.4914987899567692e-07
0,2573,1.491499199873824e-07
0,2574,1.4915056376196682e-07
0,2575,1.4915314213879635e-07
0,2576,936.2184306889511
0,2577,5323.823469912102
0,2578,6015.42846049984
0,2579,6126.127891801946
0,2580,6162.801111433095
0,2581,6145.549489925356
0,2582,5950.52558320859
0,2583,2757.4827613788925
0,2584,1.4915148887601035e-07
0,2585,1.4914962505056437e-07
0,2586,1.4914926588924173e-07
0,2587,1.4914921691612775e-07
0,2588,1.4914930935032607e-07
0,2589,1.491494418546309e-07
0,2590,1.4914969651623846e-07
0,2591,1.4915021587781044e-07
0,2592,1.491512789001748e-07
0,2593,1.4915275768149204e-07
0,2594,1.491548125353106e-07
0,2595,1.491551857993659e-07
0,2596,1.491556158979225e-07
0,2597,1.4915548082056196e-07
0,2598,1.4916760022250664e-07
0,2599,3529.2646910665485
0,2600,7654.05457281133
0,2601,7654.054572811329
0,2602,7654.054572811329
0,2603,7654.054572811328
0,2604,7654.054572811329
0,2605,7654.054572811329
0,2606,7654.054572811329
0,2607,7654.054572811329
0,2608,7654.054572811329
0,2609,3.4087091806822697e-07
0,2610,3.40840774602487e-07
0,2611,3.4083992617471364e-07
0,2612,3.4084013379352077e-07
0,2613,3.408410132699712e-07
0,2614,3.408433519709814e-07
0,2615,3.408548602556495e-07
0,2616,1061.0149234015041
0,2617,1913.7727210441444
0,2618,2242.1807203198564
0,2619,1564.2730073324851
0,2620,306.5438007114959
0,2621,3.4087388122312203e-07
0,2622,3.4087040713611004e-07
0,2623,3.410709635279165e-07
0,2624,7654.054572811328
0,2625,7654.054572811329
0,2626,7654.054572811328
0,2627,7654.054572811328
0,2628,7654.054572811329
0,2629,7654.054572811329
0,2630,7654.054572811329
0,2631,7654.054572811329
0,2632,7654.054572811329
0,2633,7654.054572811326
0,2634,7654.054572811333
0,2635,7654.054572811333
0,2636,7654.054572811331
0,2637,7654.054572811329
0,2638,7654.054572811333
0,2639,7654.054572811328
0,2640,7654.054572811328
0,2641,7654.054572811328
0,2642,7654.054572811329
0,2643,7654.054572811329
0,2644,7654.054572811329
0,2645,7654.0545728113275
0,2646,7654.05457281133
0,2647,7654.05457281133
0,2648,7654.054572811328
0,2649,7654.054572811328
0,2650,7654.054572811328
0,2651,7654.054572811329
0,2652,7654.054572811328
0,2653,7654.054572811329
0,2654,7654.054572811329
0,2655,7654.054572811329
0,2656,7654.054572811329
0,2657,7654.054572811329
0,2658,7654.054572811328
0,2659,7654.05457281133
0,2660,7654.054572811329
0,2661,7654.054572811328
0,2662,7654.054572811328
0,2663,7654.054572811329
0,2664,7654.054572811329
0,2665,7654.054572811329
0,2666,7654.054572811328
0,2667,7654.054572811329
0,2668,7654.05457281133
0,2669,7654.054572811329
0,2670,7654.054572811329
0,2671,7654.054572811328
0,2672,7654.054572811328
0,2673,7654.054572811328
0,2674,7654.054572811329
0,2675,7654.054572811328
0,2676,7654.054572811328
0,2677,7654.054572811329
0,2678,7654.054572811329
0,2679,7654.054572811329
0,2680,7654.054572811329
0,2681,7654.054572811328
0,2682,7654.05457281133
0,2683,7654.054572811328
0,2684,7654.054572811335
0,2685,7654.054572811333
0,2686,7654.054572811331
0,2687,7654.0545728113275
0,2688,7654.054572811327
0,2689,7654.054572811334
0,2690,7654.054572811331
0,2691,7654.054572811325
0,2692,7654.054572811328
0,2693,7654.054572811329
0,2694,7654.0545728113275
0,2695,7654.054572811325
0,2696,7654.054572811329
0,2697,7654.054572811329
0,2698,7654.054572811328
0,2699,7654.054572811329
0,2700,7654.054572811329
0,2701,7654.054572811329
0,2702,7654.054572811328
0,2703,7654.054572811329
0,2704,7654.05457281133
0,2705,1.491522389186978e-07
0,2706,1.491497295316854e-07
0,2707,1.4914947823419455e-07
0,2708,1.4914947146679432e-07
0,2709,1.4914955254749854e-07
0,2710,1.491498322243065e-07
0,2711,1.4915050184846623e-07
0,2712,1.4915158327022935e-07
0,2713,1.491528336715689e-07
0,2714,1.4915335858254838e-07
0,2715,1.4915247434723646e-07
0,2716,1.491513912686769e-07
0,2717,1.4915062510512285e-07
0,2718,1.4915054534958474e-07
0,2719,1.491507897672436e-07
0,2720,1.491527958265976e-07
0,2721,7313.094280688049
0,2722,7654.0545728113275
0,2723,7654.05457281133
0,2724,7654.054572811332
0,2725,7654.054572811328
0,2726,7654.054572811329
0,2727,7654.054572811331
0,2728,1.4916891791439324e-07
0,2729,1.4914994593152723e-07
0,2730,1.4914934704868613e-07
0,2731,1.491492198214372e-07
0,2732,1.491492270853207e-07
0,2733,1.4914933799223696e-07
0,2734,1.4914955027389948e-07
0,2735,1.4914999134981333e-07
0,2736,1.4915054923655795e-07
0,2737,1.4915167536916525e-07
0,2738,1.4915214568587618e-07
0,2739,1.4915194185196462e-07
0,2740,1.4915224932977628e-07
0,2741,1.4915291717186e-07
0,2742,1.491576513773735e-07
0,2743,3274.661045759148
0,2744,7654.054572811328
0,2745,7654.054572811328
0,2746,7654.054572811329
0,2747,7654.054572811329
0,2748,7654.054572811329
0,2749,7654.054572811329
0,2750,7654.054572811328
0,2751,7654.054572811329
0,2752,7654.054572811329
0,2753,3752.083780544666
0,2754,1.491512905775201e-07
0,2755,1.491506944609124e-07
0,2756,1.4915058349883738e-07
0,2757,1.491506226588917e-07
0,2758,1.491508082628924e-07
0,2759,1.4915123800198177e-07
0,2760,1.4915211224246754e-07
0,2761,1.4915337876903758e-07
0,2762,1.4915246583053023e-07
0,2763,1.4915186426545427e-07
0,2764,1.4915195041848993e-07
0,2765,1.4915233253882357e-07
0,2766,1.4915561457584637e-07
0,2767,6622.458109442898
0,2768,7654.054572811328
0,2769,7654.054572811329
0,2770,7654.054572811329
0,2771,7654.054572811328
0,2772,7654.054572811329
0,2773,7654.054572811329
0,2774,7654.054572811329
0,2775,7654.054572811328
0,2776,7654.054572811329
0,2777,1.4915108335536833e-07
0,2778,1.4914918033045728e-07
0,2779,1.4914889541397126e-07
0,2780,1.4914884963898264e-07
0,2781,1.491489266784859e-07
0,2782,1.4914907981819383e-07
0,2783,1.491492409377382e-07
0,2784,1.491494197417584e-07
0,2785,1.491494937494529e-07
0,2786,1.4914956013043564e-07
0,2787,1.4914949354264133e-07
0,2788,1.4914940188947515e-07
0,2789,1.4914930275246796e-07
0,2790,1.4914938958283182e-07
0,2791,1.4914979833192976e-07
0,2792,1.49151461106313e-07
0,2793,1122.140454874775
0,2794,2741.844251602445
0,2795,3147.226165711049
0,2796,3294.995298938564
0,2797,3214.9206468134225
0,2798,2725.9273220111336
0,2799,952.3048346442292
0,2800,1.4915031873729027e-07
0,2801,1.4914890351762355e-07
0,2802,1.4914720440384636e-07
0,2803,1.4914648375087113e-07
0,2804,1.4914640697930135e-07
0,2805,1.49147336708658e-07
0,2806,1.4914859225125714e-07
0,2807,1.4914902945982185e-07
0,2808,1.4914932034768686e-07
0,2809,1.4914953447447174e-07
0,2810,1.4914969119535367e-07
0,2811,1.4914966310936744e-07
0,2812,1.4914953242603436e-07
0,2813,1.4914936156997503e-07
0,2814,1.4914938438812106e-07
0,2815,1.491494706241795e-07
0,2816,1.4914970053177094e-07
0,2817,1.4915087996825649e-07
0,2818,1.4915246992119793e-07
0,2819,1.4915221496064873e-07
0,2820,1.4915368932568525e-07
0,2821,1.491516604942096e-07
0,2822,1.4914991413754247e-07
0,2823,1.4914930312421378e-07
0,2824,1.4914890705591734e-07
0,2825,1.4914820510372197e-07
0,2826,1.4914718728337249e-07
0,2827,1.491467424625159e-07
0,2828,1.4914717792125962e-07
0,2829,1.4914838474162917e-07
0,2830,1.4914891807799795e-07
0,2831,1.4914922408164701e-07
0,2832,1.49149501822097e-07
0,2833,1.4914963999523422e-07
0,2834,1.4914964486790984e-07
0,2835,1.4914957575872206e-07
0,2836,1.4914945989141825e-07
0,2837,1.491492544497704e-07
0,2838,1.49148980150551e-07
0,2839,1.4914863337688869e-07
0,2840,1.4914855731186635e-07
0,2841,1.4914886615430907e-07
0,2842,1.491491244103721e-07
0,2843,1.4914927536630713e-07
0,2844,1.4914967448178087e-07
0,2845,1.4915054218978593e-07
0,2846,1.491505667322471e-07
0,2847,1.4915009369435134e-07
0,2848,1.491495715851129e-07
0,2849,1.491491215654527e-07
0,2850,1.4914867601378964e-07
0,2851,1.491483758026804e-07
0,2852,1.4914824866219477e-07
0,2853,1.4914866363339345e-07
0,2854,1.4914902443446346e-07
0,2855,1.4914928664691574e-07
0,2856,1.491497238943491e-07
0,2857,1.4915024048741082e-07
0,2858,1.4915040076431325e-07
0,2859,1.491506170093039e-07
0,2860,1.4915045446159425e-07
0,2861,1.4915001993388204e-07
0,2862,1.491494949781521e-07
0,2863,1.4914924467734122e-07
0,2864,1.4914923956999004e-07
0,2865,1.491498269033404e-07
0,2866,1.4915146698407113e-07
0,2867,1.4916670969678924e-07
0,2868,2.946516702549435e-07
0,2869,2.9465404664081544e-07
0,2870,1.492155938161979e-07
0,2871,1.4915427586249938e-07
0,2872,1.4914968422480106e-07
0,2873,1.4914898262751927e-07
0,2874,1.491484791123481e-07
0,2875,1.4914839510042199e-07
0,2876,1.4914861882551317e-07
0,2877,1.4914900406777986e-07
0,2878,1.4914966057328304e-07
0,2879,1.4915295750214793e-07
0,2880,1.4985814349291254e-07
0,2881,6182.275334951368
0,2882,7654.054572811319
0,2883,7654.054572811317
0,2884,7654.054572811324
0,2885,7654.054572811329
0,2886,7654.054572811328
0,2887,7654.054572811328
0,2888,7654.054572811329
0,2889,7654.054572811329
0,2890,7654.054572811329
0,2891,7654.054572811328
0,2892,7654.054572811329
0,2893,7654.054572811329
0,2894,7654.05457281133
0,2895,7654.054572811329
0,2896,1.492221981571327e-07
0,2897,1.4915142795067873e-07
0,2898,1.491507145476821e-07
0,2899,1.4915058492106668e-07
0,2900,1.4915063035133322e-07
0,2901,1.4915084114609377e-07
0,2902,1.4915147518400058e-07
0,2903,1.4915382214134585e-07
0,2904,1.4916071350417888e-07
0,2905,1.5031257093013422e-07
0,2906,437.1788027120511
0,2907,710.5653193320485
0,2908,421.2308505409062
0,2909,740.391266274851
0,2910,1468.2080231497246
0,2911,2388.141619580572
0,2912,2908.8333770324293
0,2913,3359.476836392872
0,2914,3406.99405191968
0,2915,3390.4589056641944
0,2916,3290.3558912124813
0,2917,3360.221439407696
0,2918,3081.85884159665
0,2919,2017.2440343730668
0,2920,1.4916779853967228e-07
0,2921,1.4915103154053335e-07
0,2922,1.4915001843879435e-07
0,2923,1.4914982021454483e-07
0,2924,1.4914982063887446e-07
0,2925,1.491499647401852e-07
0,2926,1.4915030098280207e-07
0,2927,1.491512335161766e-07
0,2928,1.4915476341932589e-07
0,2929,1.491637391263579e-07
0,2930,1.4917068998389067e-07
0,2931,1.4916968240309887e-07
0,2932,1.491661945275289e-07
0,2933,1.4917810103361054e-07
0,2934,1564.4576142280305
0,2935,7484.661928481099
0,2936,7654.05457281133
0,2937,7654.05457281133
0,2938,7654.0545728113275
0,2939,7654.054572811329
0,2940,7654.054572811329
0,2941,7654.054572811329
0,2942,7654.054572811329
0,2943,7654.054572811328
0,2944,7654.054572811327
0,2945,1.4915396048459438e-07
0,2946,1.491494525044507e-07
0,2947,1.4914901634525816e-07
0,2948,1.4914894104896227e-07
0,2949,1.4914899868739948e-07
0,2950,1.4914920101177635e-07
0,2951,1.4914949193392925e-07
0,2952,1.4914982817844347e-07
0,2953,1.4914994595800887e-07
0,2954,1.49149976739403e-07
0,2955,1.4914994442887723e-07
0,2956,1.4914968831606507e-07
0,2957,1.4914943793193323e-07
0,2958,1.4914921603228614e-07
0,2959,1.4914908841412813e-07
0,2960,1.4914907462136888e-07
0,2961,1.4914928656072166e-07
0,2962,1.4914943627500126e-07
0,2963,1.4914926502963203e-07
0,2964,1.4914945251488614e-07
0,2965,1.491496940040065e-07
0,2966,1.4914964387225988e-07
0,2967,1.491493571996645e-07
0,2968,1.4914911957900458e-07
0,2969,1.49148711075885e-07
0,2970,1.49147965126386e-07
0,2971,1.491477173604127e-07
0,2972,1.4914799749039006e-07
0,2973,1.4914843941008426e-07
0,2974,1.4914886242004574e-07
0,2975,1.4914917004823624e-07
0,2976,1.4914947265678752e-07
0,2977,1.4914970070443014e-07
0,2978,1.491498814608816e-07
0,2979,1.4914980471161928e-07
0,2980,1.491497186592518e-07
0,2981,1.4914968860177944e-07
0,2982,1.491496630409814e-07
0,2983,1.4914967238699385e-07
0,2984,1.4915084539345578e-07
0,2985,1.491618504889452e-07
0,2986,2.946627697273589e-07
0,2987,2.946687801877717e-07
0,2988,2.9467103591272964e-07
0,2989,2.946719094801156e-07
0,2990,2.9467199824147064e-07
0,2991,2.9467138467059034e-07
0,2992,2.94667980312469e-07
0,2993,1.4915125208999637e-07
0,2994,1.491497473719611e-07
0,2995,1.491494993166142e-07
0,2996,1.491495255281233e-07
0,2997,1.491495844964429e-07
0,2998,1.4914982133439015e-07
0,2999,1.4915047991665548e-07
0,3000,1.4915223443061581e-07
0,3001,1.4915326776551892e-07
0,3002,1.4915461577378534e-07
0,3003,1.4915518224732985e-07
0,3004,1.4915330405316932e-07
0,3005,1.4915189686768465e-07
0,3006,1.4915199274311355e-07
0,3007,1.4915324823925463e-07
0,3008,2002.9390775807797
0,3009,7654.05457281133
0,3010,7654.0545728113275
0,3011,7654.054572811329
0,3012,7654.054572811329
0,3013,7654.05457281133
0,3014,7654.054572811328
0,3015,7654.054572811331
0,3016,5968.236058602979
0,3017,1.491514361089206e-07
0,3018,1.4914970484288404e-07
0,3019,1.4914940287723754e-07
0,3020,1.4914942439688884e-07
0,3021,1.4914949850053523e-07
0,3022,1.4914976199391816e-07
0,3023,1.4915024432925411e-07
0,3024,1.4915094267327887e-07
0,3025,1.4915086405826723e-07
0,3026,1.4915085544910567e-07
0,3027,1.4915046111992373e-07
0,3028,1.491501781908616e-07
0,3029,1.4915003983625606e-07
0,3030,1.491501542740393e-07
0,3031,1.4915061608236527e-07
0,3032,1.49152639909245e-07
0,3033,4077.594308993244
0,3034,7654.054572809164
0,3035,7654.054572796763
0,3036,7654.054572810582
0,3037,7654.05457280736
0,3038,7654.054572810719
0,3039,7654.054572803103
0,3040,136.37098100714093
0,3041,1.4915001027876354e-07
0,3042,1.4914925162618268e-07
0,3043,1.4914906472054306e-07
0,3044,1.4914909396358984e-07
0,3045,1.4914915520965557e-07
0,3046,1.491493284820763e-07
0,3047,1.491496427253095e-07
0,3048,1.4914997448136225e-07
0,3049,1.4915021429473974e-07
0,3050,1.4915034029160893e-07
0,3051,1.4915016676738226e-07
0,3052,1.4914999152309595e-07
0,3053,1.49149913240582e-07
0,3054,1.491501613877337e-07
0,3055,1.4915093490684055e-07
0,3056,1.4915861535906203e-07
0,3057,2140.325273632496
0,3058,3153.2409668428586
0,3059,3455.169487198315
0,3060,3505.366365479138
0,3061,3369.6787694141017
0,3062,2732.900487812036
0,3063,174.78813783128035
0,3064,1.4915028240350707e-07
0,3065,1.4914906898324653e-07
0,3066,1.491486206843507e-07
0,3067,1.491483623887685e-07
0,3068,1.4914840041683444e-07
0,3069,1.491484816752665e-07
0,3070,1.4914876706270284e-07
0,3071,1.4914905440839804e-07
0,3072,1.4914918467211777e-07
0,3073,1.4914931177048216e-07
0,3074,1.491493895210594e-07
0,3075,1.4914941211840766e-07
0,3076,1.4914939927885185e-07
0,3077,1.4914952247197422e-07
0,3078,1.491501084180608e-07
0,3079,1.4915260677838475e-07
0,3080,1.4919006219741367e-07
0,3081,2.946651825343465e-07
0,3082,2.946668754335853e-07
0,3083,2.9466742292359e-07
0,3084,2.9466766960750245e-07
0,3085,2.9466766988635925e-07
0,3086,2.946664805298575e-07
0,3087,1.492142604168781e-07
0,3088,1.4915062752384237e-07
0,3089,1.4914925707522017e-07
0,3090,1.4914885243625135e-07
0,3091,1.491485424401091e-07
0,3092,1.4914869969463534e-07
0,3093,1.4914890027916588e-07
0,3094,1.491490755508012e-07
0,3095,1.4914929229135356e-07
0,3096,1.4914959299124823e-07
0,3097,1.491497739091103e-07
0,3098,1.49149932928799e-07
0,3099,1.4915003588967884e-07
0,3100,1.4915013267364206e-07
0,3101,1.4915066692702903e-07
0,3102,1.491530957501493e-07
0,3103,1.4915327801971333e-07
0,3104,1.4915295622802065e-07
0,3105,1.4916035237034012e-07
0,3106,2.946411128693029e-07
0,3107,2.94662046937367e-07
0,3108,2.9466464482249015e-07
0,3109,2.9466468525705123e-07
0,3110,2.9466364667816037e-07
0,3111,1.4920248666397992e-07
0,3112,1.4915056218751553e-07
0,3113,1.4914928446739832e-07
0,3114,1.4914889895711685e-07
0,3115,1.491487138505752e-07
0,3116,1.4914880342210032e-07
0,3117,1.4914895348497803e-07
0,3118,1.4914916024623545e-07
0,3119,1.4914948143882512e-07
0,3120,1.4915005796140588e-07
0,3121,1.4915071742881386e-07
0,3122,1.4915136050026607e-07
0,3123,1.491513282349244e-07
0,3124,1.4915103591350018e-07
0,3125,1.4915003800254492e-07
0,3126,1.4914941398282882e-07
0,3127,1.4914897777072722e-07
0,3128,1.4914856369497112e-07
0,3129,1.4914850216674177e-07
0,3130,1.4914867748900933e-07
0,3131,1.4914893067875822e-07
0,3132,1.4914937031447213e-07
0,3133,1.4915047322902543e-07
0,3134,1.491530983413383e-07
0,3135,1.4915853129864498e-07
0,3136,1.4915712825985415e-07
0,3137,1.49152463414467e-07
0,3138,1.4915144343587757e-07
0,3139,1.491506943230019e-07
0,3140,1.491510590893516e-07
0,3141,1.4915165839299869e-07
0,3142,1.4915502322669248e-07
0,3143,1.1077499368477033e-07
0,3144,4728.377824557007
0,3145,5368.021569155571
0,3146,5434.545191122556
0,3147,4645.05020098604
0,3148,3966.779429831061
0,3149,4636.660043346039
0,3150,6028.804209345649
0,3151,7654.054572811331
0,3152,7654.054572811329
0,3153,7654.054572811329
0,3154,7654.054572811328
0,3155,7654.054572811328
0,3156,7654.054572811329
0,3157,7654.054572811329
0,3158,7654.054572811328
0,3159,7654.054572811329
0,3160,7654.05457281133
0,3161,134.15946383157404
0,3162,1.4915131886085822e-07
0,3163,1.4914966055937814e-07
0,3164,1.4914938124458528e-07
0,3165,1.4914934037748174e-07
0,3166,1.4914954518896418e-07
0,3167,1.4915024690477638e-07
0,3168,1.4915112005436503e-07
0,3169,1.4915149589955334e-07
0,3170,1.491515110851058e-07
0,3171,1.491511013826689e-07
0,3172,1.4915031476171064e-07
0,3173,1.4914991574002038e-07
0,3174,1.4914962679759354e-07
0,3175,1.4914994276164534e-07
0,3176,1.491536638346014e-07
0,3177,2.92805390994771e-07
0,3178,1.4919522677714217e-07
0,3179,1.4915514837617635e-07
0,3180,1.4915285764184236e-07
0,3181,1.4915260197862173e-07
0,3182,1.491504226038313e-07
0,3183,1.491494625999179e-07
0,3184,1.4914915077334423e-07
0,3185,1.4914884581109845e-07
0,3186,1.491484162142293e-07
0,3187,1.4914820187163398e-07
0,3188,1.4914828629314456e-07
0,3189,1.4914861085836193e-07
0,3190,1.4914891342424986e-07
0,3191,1.4914920853044736e-07
0,3192,1.4914950582833246e-07
0,3193,1.4914973191671333e-07
0,3194,1.49149926297168e-07
0,3195,1.4914989156117353e-07
0,3196,1.4914974636714962e-07
0,3197,1.4914958710156388e-07
0,3198,1.4914937195814972e-07
0,3199,1.49149338354496e-07
0,3200,1.4914962571078928e-07
0,3201,1.491502763775927e-07
0,3202,1.4915075956820154e-07
0,3203,1.4915051555942243e-07
0,3204,1.4915141854736618e-07
0,3205,1.491541240611577e-07
0,3206,1.4915391530220356e-07
0,3207,1.4915057509407503e-07
0,3208,1.4914968502927907e-07
0,3209,1.4914911452914323e-07
0,3210,1.4914868751199763e-07
0,3211,1.4914858668108716e-07
0,3212,1.4914877702939394e-07
0,3213,1.491490083559892e-07
0,3214,1.4914930299093822e-07
0,3215,1.4914996059330163e-07
0,3216,1.4915145649796588e-07
0,3217,1.4915418981314055e-07
0,3218,1.4915436744521952e-07
0,3219,1.491527092776384e-07
0,3220,1.4915087252997906e-07
0,3221,1.491501772196333e-07
0,3222,1.491499001275091e-07
0,3223,1.4915003212665704e-07
0,3224,1.4915242728828141e-07
0,3225,1.4916988592413678e-07
0,3226,1.4917253788506303e-07
0,3227,1.4915672894144486e-07
0,3228,1.492112310950218e-07
0,3229,2.9465344118600155e-07
0,3230,2.9464750585022834e-07
0,3231,1.4915967560418832e-07
0,3232,1.491506044437531e-07
0,3233,1.491493455400459e-07
0,3234,1.4914899970085746e-07
0,3235,1.4914881624352285e-07
0,3236,1.4914892459432405e-07
0,3237,1.491490845640178e-07
0,3238,1.4914935161992643e-07
0,3239,1.4914992782529674e-07
0,3240,1.4915088033225026e-07
0,3241,1.4915192285470968e-07
0,3242,1.4915334040172478e-07
0,3243,1.4915401315047385e-07
0,3244,1.491539532615582e-07
0,3245,1.4915870436363072e-07
0,3246,1572.7985604308078
0,3247,7654.054572811328
0,3248,7654.054572811329
0,3249,7654.054572811329
0,3250,7654.054572811329
0,3251,7654.054572811329
0,3252,7654.054572811328
0,3253,7654.054572811329
0,3254,7654.054572811329
0,3255,7654.054572811328
0,3256,7654.054572811329
0,3257,797.3570746633201
0,3258,1.4915081251440148e-07
0,3259,1.491500543401164e-07
0,3260,1.4914992480194477e-07
0,3261,1.4914993927157144e-07
0,3262,1.4915008654748036e-07
0,3263,1.491505096355857e-07
0,3264,1.4915169038794032e-07
0,3265,1.4915311776121523e-07
0,3266,1.4915520549116075e-07
0,3267,1.491557602752169e-07
0,3268,1.4915697387629526e-07
0,3269,1.492041296479059e-07
0,3270,7452.885936001968
0,3271,7654.054572811328
0,3272,7654.054572811328
0,3273,7654.054572811329
0,3274,7654.054572811328
0,3275,7654.054572811329
0,3276,7654.054572811329
0,3277,7654.054572811328
0,3278,7654.054572811328
0,3279,7654.054572811329
0,3280,7654.054572811329
0,3281,389.27269691965625
0,3282,1.4915065403667835e-07
0,3283,1.4915004508295432e-07
0,3284,1.4914994847089135e-07
0,3285,1.491499871855012e-07
0,3286,1.4915017810382728e-07
0,3287,1.4915075984667887e-07
0,3288,1.491526243004471e-07
0,3289,1.491550062960353e-07
0,3290,1.491573265315104e-07
0,3291,1.491552905399636e-07
0,3292,1.4915362830507936e-07
0,3293,1.491530853720848e-07
0,3294,1.491534281531726e-07
0,3295,1.4915560706731264e-07
0,3296,988.5227554743941
0,3297,7654.05457281133
0,3298,7654.054572811331
0,3299,7654.0545728113275
0,3300,7654.054572811328
0,3301,7654.05457281133
0,3302,7654.05457281133
0,3303,7654.054572811329
0,3304,7036.70180193062
0,3305,1.4915234090260307e-07
0,3306,1.491499085176076e-07
0,3307,1.4914949043412528e-07
0,3308,1.4914941862494884e-07
0,3309,1.4914943458204668e-07
0,3310,1.4914954772545517e-07
0,3311,1.4914988934715137e-07
0,3312,1.4915048044802297e-07
0,3313,1.4915126107770712e-07
0,3314,1.4915205141438886e-07
0,3315,1.4915216170821588e-07
0,3316,1.4915207967872634e-07
0,3317,1.4915230682967955e-07
0,3318,1.4915229735733043e-07
0,3319,1.4915337543107724e-07
0,3320,1.491695391387922e-07
0,3321,7608.071595297815
0,3322,7615.288276386894
0,3323,7615.7186523188975
0,3324,7615.834367190704
0,3325,7615.8341369747395
0,3326,7615.673525540858
0,3327,7614.873811171057
0,3328,2463.0163020490872
0,3329,1.4915052047056012e-07
0,3330,1.4914925214836155e-07
0,3331,1.4914897981775513e-07
0,3332,1.491489406603029e-07
0,3333,1.4914898321090136e-07
0,3334,1.4914914116885797e-07
0,3335,1.4914939048873694e-07
0,3336,1.4914974993281952e-07
0,3337,1.4915000012710755e-07
0,3338,1.4915016322055038e-07
0,3339,1.4915008658347587e-07
0,3340,1.4914981604611274e-07
0,3341,1.4914962226570978e-07
0,3342,1.4914941725787832e-07
0,3343,1.4914925796594646e-07
0,3344,1.4914932807818387e-07
0,3345,1.4915022938173823e-07
0,3346,1.4915259066133999e-07
0,3347,1.4915991686142494e-07
0,3348,2.942466636812551e-07
0,3349,2.943922177811695e-07
0,3350,1.4915975410671398e-07
0,3351,1.4915125885815554e-07
0,3352,1.4914981595590712e-07
0,3353,1.4914911883621767e-07
0,3354,1.4914873974392518e-07
0,3355,1.491484000341924e-07
0,3356,1.4914845756770594e-07
0,3357,1.4914868809302157e-07
0,3358,1.4914892139706606e-07
0,3359,1.4914913475027269e-07
0,3360,1.4914927478344004e-07
0,3361,1.4914937419258198e-07
0,3362,1.4914941303651006e-07
0,3363,1.4914943383045063e-07
0,3364,1.491495266296456e-07
0,3365,1.4915012902112757e-07
0,3366,1.4915454964983983e-07
0,3367,5574.207916702168
0,3368,7654.054572811329
0,3369,7654.054572811329
0,3370,7654.054572811328
0,3371,7654.054572811329
0,3372,7654.054572811329
0,3373,7654.054572811329
0,3374,7654.054572811329
0,3375,7654.054572811328
0,3376,6886.6399753483265
0,3377,1.4915052135613645e-07
0,3378,1.491490629113349e-07
0,3379,1.4914869019553353e-07
0,3380,1.4914863629613014e-07
0,3381,1.4914885917738678e-07
0,3382,1.4914907644662323e-07
0,3383,1.491493741240875e-07
0,3384,1.4914969172363118e-07
0,3385,1.4914991581268904e-07
0,3386,1.491499897370626e-07
0,3387,1.491498842386618e-07
0,3388,1.4914970173233511e-07
0,3389,1.4914976152516335e-07
0,3390,1.4914968660402852e-07
0,3391,1.4914963290200414e-07
0,3392,1.4914985598909656e-07
0,3393,1.4915014149164806e-07
0,3394,1.491501120395942e-07
0,3395,1.4914969230362513e-07
0,3396,1.4914968920879713e-07
0,3397,1.4914947475704976e-07
0,3398,1.4914923652438483e-07
0,3399,1.4914903199265365e-07
0,3400,1.4914873608642336e-07
0,3401,1.491483051686978e-07
0,3402,1.4914829920268562e-07
0,3403,1.491486663417847e-07
0,3404,1.4914891406921462e-07
0,3405,1.491491848487072e-07
0,3406,1.4914966317845823e-07
0,3407,1.491509945591833e-07
0,3408,1.4915305320751973e-07
0,3409,1.491544564947555e-07
0,3410,1.4915560609250647e-07
0,3411,1.4915437585372236e-07
0,3412,1.491526510616738e-07
0,3413,1.491521598667256e-07
0,3414,1.4915169565496737e-07
0,3415,1.4915065237814718e-07
0,3416,1.4914988494241742e-07
0,3417,1.4914972637662996e-07
0,3418,1.4914992088119867e-07
0,3419,1.491509059681293e-07
0,3420,2.9900033299566685e-07
0,3421,2.9466336757161564e-07
0,3422,2.9466505369057927e-07
0,3423,2.946654311617998e-07
0,3424,2.946497814856376e-07
0,3425,1.4915193747287205e-07
0,3426,1.4914963136072944e-07
0,3427,1.491492893382579e-07
0,3428,1.4914930078106315e-07
0,3429,1.4914939990188863e-07
0,3430,1.491497466474701e-07
0,3431,1.4915044471060517e-07
0,3432,1.4915242543028415e-07
0,3433,1.4915661850024766e-07
0,3434,1.4917306540997263e-07
0,3435,1.4929566681504787e-07
0,3436,1306.9406652545088
0,3437,4452.014380444216
0,3438,7654.054572811333
0,3439,7654.054572811329
0,3440,7654.054572811329
0,3441,7654.054572811328
0,3442,7654.054572811328
0,3443,7654.054572811329
0,3444,7654.054572811329
0,3445,7654.054572811329
0,3446,7654.054572811328
0,3447,7654.054572811328
0,3448,7654.054572811329
0,3449,7654.054572811329
0,3450,3.410001338482842e-07
0,3451,3.409384639203308e-07
0,3452,3.409363549807345e-07
0,3453,3.409365496039691e-07
0,3454,3.4094411700412615e-07
0,3455,5125.252062291399
0,3456,7245.834798919136
0,3457,7369.151481920433
0,3458,7378.105666807655
0,3459,6819.0094905720935
0,3460,6760.659430555938
0,3461,4553.454536857476
0,3462,3.459884307883466e-07
0,3463,3.4094125797123724e-07
0,3464,3.4094016145285334e-07
0,3465,3779.9160403129376
0,3466,7400.112503132281
0,3467,7401.215442682609
0,3468,7398.155642555979
0,3469,7400.618544405233
0,3470,7398.485557120308
0,3471,7392.223745094501
0,3472,7346.412319240075
0,3473,410.1909260429729
0,3474,1.4922204170502449e-07
0,3475,1.4922160873300687e-07
0,3476,1.4922154686366042e-07
0,3477,1.492216311955617e-07
0,3478,1.4922200161014395e-07
0,3479,1.4922376603823868e-07
0,3480,102.43011614181522
0,3481,899.084416181848
0,3482,1648.1907661033867
0,3483,1982.4076042068152
0,3484,1958.5159520159436
0,3485,1961.7865332069557
0,3486,1918.1705479333136
0,3487,2863.4138164666747
0,3488,5514.771723688845
0,3489,6066.005958957027
0,3490,6149.260426360562
0,3491,6076.438023622738
0,3492,6126.9630164494365
0,3493,6104.100530793726
0,3494,5954.952160617612
0,3495,4933.218173421456
0,3496,593.032717817065
0,3497,1.4915082364089075e-07
0,3498,1.4914933041900347e-07
0,3499,1.4914903858389813e-07
0,3500,1.4914892431080518e-07
0,3501,1.4914893665024563e-07
0,3502,1.4914903649851656e-07
0,3503,1.4914921030805104e-07
0,3504,1.4914943900393813e-07
0,3505,1.4914956423419507e-07
0,3506,1.4914956105143828e-07
0,3507,1.4914950603094274e-07
0,3508,1.4914945344212294e-07
0,3509,1.4914956510703203e-07
0,3510,1.4915003484008982e-07
0,3511,1.4915131508943386e-07
0,3512,1.4916952158152037e-07
0,3513,2.9466678934608964e-07
0,3514,2.9466782462922274e-07
0,3515,2.946679626836127e-07
0,3516,2.946682926359325e-07
0,3517,2.9466806947828564e-07
0,3518,2.9466666268791134e-07
0,3519,1.4916388267738182e-07
0,3520,1.4915012066580484e-07
0,3521,1.4914919783075428e-07
0,3522,1.491488515650136e-07
0,3523,1.4914870940339474e-07
0,3524,1.4914871178942557e-07
0,3525,1.491488489898979e-07
0,3526,1.491490471223155e-07
0,3527,1.4914932442539833e-07
0,3528,1.4914964383203597e-07
0,3529,1.4914991479261742e-07
0,3530,1.4915003235078873e-07
0,3531,1.4914992274293643e-07
0,3532,1.491499044081019e-07
0,3533,1.491499652630146e-07
0,3534,1.491502027190113e-07
0,3535,1.4915072703381512e-07
0,3536,1.4915228415058246e-07
0,3537,1.511393919764964e-07
0,3538,1967.381154302162
0,3539,3520.4064348067477
0,3540,4133.2700047081
0,3541,4292.282339760056
0,3542,4252.916456866232
0,3543,3998.477687513668
0,3544,2743.7536060625157
0,3545,1.491581658240402e-07
0,3546,1.491520263319679e-07
0,3547,1.4915142660586146e-07
0,3548,1.4915133148107993e-07
0,3549,1.4915136933488747e-07
0,3550,1.4915157875352442e-07
0,3551,1.4915206516172004e-07
0,3552,1.4915328153635018e-07
0,3553,1.491563292128819e-07
0,3554,1.4915925134706908e-07
0,3555,1.491587402012017e-07
0,3556,1.4915603364251033e-07
0,3557,1.4915479316538827e-07
0,3558,1.4915584089640914e-07
0,3559,1.491787369942686e-07
0,3560,1614.2515181036763
0,3561,3385.4963407326195
0,3562,3900.5483275981596
0,3563,4003.1205419484554
0,3564,4030.9941469541914
0,3565,3855.291406829799
0,3566,3281.6696961381895
0,3567,1910.1617291581686
0,3568,1.4929775137343098e-07
0,3569,1.4915095306261908e-07
0,3570,1.4914977809250439e-07
0,3571,1.491494637195735e-07
0,3572,1.4914940191056289e-07
0,3573,1.4914946513190945e-07
0,3574,1.4914964893524008e-07
0,3575,1.491500733162294e-07
0,3576,1.491505134490229e-07
0,3577,1.4915103793071254e-07
0,3578,1.4915143036709432e-07
0,3579,1.4915168362140746e-07
0,3580,1.4915182405478094e-07
0,3581,1.4915306608101106e-07
0,3582,1.4915943431410036e-07
0,3583,5033.680287598853
0,3584,7654.054572811329
0,3585,7654.054572811326
0,3586,7654.054572811331
0,3587,7654.054572811329
0,3588,7654.054572811327
0,3589,7654.05457281133
0,3590,7654.054572811326
0,3591,7654.054572811329
0,3592,3360.210547212583
0,3593,1.4915357965942155e-07
0,3594,1.4915084395767395e-07
0,3595,1.4915040543275228e-07
0,3596,1.4915032643436675e-07
0,3597,1.491503776730567e-07
0,3598,1.491506002291882e-07
0,3599,1.4915104776168863e-07
0,3600,1.4915184383585984e-07
0,3601,1.4915262384822638e-07
0,3602,1.4915239051433923e-07
0,3603,1.4915266352368332e-07
0,3604,1.4915369985450807e-07
0,3605,1.4916535660003676e-07
0,3606,4834.016000511264
0,3607,7654.054572811329
0,3608,7654.054572811328
0,3609,7654.054572811329
0,3610,7654.054572811329
0,3611,7654.054572811329
0,3612,7654.054572811328
0,3613,7654.054572811329
0,3614,7654.054572811328
0,3615,7654.054572811328
0,3616,7654.054572811328
0,3617,7654.054572811325
0,3618,1.4915477107249218e-07
0,3619,1.4915262495885599e-07
0,3620,1.491523971119534e-07
0,3621,1.4915236760211156e-07
0,3622,1.4915252148951243e-07
0,3623,1.4915301404009283e-07
0,3624,1.4915301058967363e-07
0,3625,1.4915354056108544e-07
0,3626,1.4915374135305096e-07
0,3627,1.4915398652273954e-07
0,3628,1.4915450453643138e-07
0,3629,1.4916039873220737e-07
0,3630,7654.0545728112975
0,3631,7654.054572811328
0,3632,7654.054572811329
0,3633,7654.054572811329
0,3634,7654.054572811329
0,3635,7654.054572811328
0,3636,7654.054572811329
0,3637,7654.054572811329
0,3638,7654.05457281133
0,3639,7654.054572811329
0,3640,7654.054572811329
0,3641,7654.054572811328
0,3642,1.4915298689999168e-07
0,3643,1.4915158408641675e-07
0,3644,1.4915143568768096e-07
0,3645,1.49151507035177e-07
0,3646,1.4915168201272248e-07
0,3647,1.4915234379032135e-07
0,3648,1.491532919213807e-07
0,3649,1.4915367704338225e-07
0,3650,1.4915342039567895e-07
0,3651,1.4915321079069475e-07
0,3652,1.4915348272063426e-07
0,3653,1.4915452392118018e-07
0,3654,1.4915875572022765e-07
0,3655,5475.9712267824225
0,3656,7654.054572811329
0,3657,7654.054572811329
0,3658,7654.054572811329
0,3659,7654.054572811328
0,3660,7654.054572811328
0,3661,7654.054572811328
0,3662,7654.054572811328
0,3663,7654.054572811328
0,3664,7654.0545728113275
0,3665,1.4915263162209149e-07
0,3666,1.4914986062576846e-07
0,3667,1.4914946260552865e-07
0,3668,1.4914940937917087e-07
0,3669,1.4914951569459933e-07
0,3670,1.4914963331560016e-07
0,3671,1.4914989894689425e-07
0,3672,1.491503048339424e-07
0,3673,1.4915058948886464e-07
0,3674,1.4915068534892498e-07
0,3675,1.4915076342286553e-07
0,3676,1.4915099367428459e-07
0,3677,1.4915171491852947e-07
0,3678,1.491533095053781e-07
0,3679,1.4915774480768257e-07
0,3680,847.2940447399927
0,3681,1888.6485501937107
0,3682,2172.6723111608203
0,3683,2249.2314868288386
0,3684,2192.3296036732117
0,3685,1881.9239134060194
0,3686,1066.3525372693853
0,3687,1.4916145413677753e-07
0,3688,1.491503491967848e-07
0,3689,1.4914922370494097e-07
0,3690,1.4914881681397582e-07
0,3691,1.4914851885247768e-07
0,3692,1.4914857616134453e-07
0,3693,1.4914876826196597e-07
0,3694,1.491489391142306e-07
0,3695,1.491492078227344e-07
0,3696,1.4914954524366218e-07
0,3697,1.4914977202013196e-07
0,3698,1.491497463230226e-07
0,3699,1.4914966553589322e-07
0,3700,1.4914971317671246e-07
0,3701,1.4914991910370341e-07
0,3702,1.4914964101094192e-07
0,3703,1.4914933350670284e-07
0,3704,1.491491687255096e-07
0,3705,1.4914917957045866e-07
0,3706,1.491492488167438e-07
0,3707,1.4914924219885505e-07
0,3708,1.491494130699577e-07
0,3709,1.4914968959073445e-07
0,3710,1.4914966707838765e-07
0,3711,1.4914929563012705e-07
0,3712,1.4914916524635903e-07
0,3713,1.491489048043547e-07
0,3714,1.4914876304136988e-07
0,3715,1.491488165205907e-07
0,3716,1.4914885218325277e-07
0,3717,1.4914900945084365e-07
0,3718,1.4914911913171697e-07
0,3719,1.4914935645628127e-07
0,3720,1.4914971013232697e-07
0,3721,1.4914987347879548e-07
0,3722,1.4915011978635425e-07
0,3723,1.491500246330853e-07
0,3724,1.4915002881477177e-07
0,3725,1.4915003279479663e-07
0,3726,1.49149732936026e-07
0,3727,1.491497353214063e-07
0,3728,1.4915006386727195e-07
0,3729,1.4915234050827874e-07
0,3730,1.491734605072847e-07
0,3731,1.492122257546445e-07
0,3732,2.9463380580316365e-07
0,3733,2.946565913583446e-07
0,3734,1.49160244853453e-07
0,3735,1.4915218649866118e-07
0,3736,1.4915026639396095e-07
0,3737,1.4914978693707334e-07
0,3738,1.4914970911423403e-07
0,3739,1.4914983857629467e-07
0,3740,1.4915037794505591e-07
0,3741,1.4915139819090119e-07
0,3742,1.491546534946968e-07
0,3743,485.87733285093884
0,3744,3299.2263673163275
0,3745,4831.285257867546
0,3746,3976.220938993244
0,3747,2440.3868002260883
0,3748,3092.821009762805
0,3749,5393.643279632889
0,3750,7654.054572811324
0,3751,7654.054572811329
0,3752,7654.054572811328
0,3753,7654.054572811328
0,3754,7654.054572811329
0,3755,7654.054572811328
0,3756,7654.054572811329
0,3757,7654.054572811329
0,3758,7654.05457281133
0,3759,7654.054572811329
0,3760,7654.054572811329
0,3761,7654.054572811327
0,3762,7210.023782129245
0,3763,7185.6279584801205
0,3764,7180.341028470151
0,3765,7184.941176840727
0,3766,7191.307934550046
0,3767,7207.617302044386
0,3768,7262.462907713622
0,3769,7346.295767284269
0,3770,7335.352370497466
0,3771,7294.777069749308
0,3772,7315.589348670347
0,3773,7473.894044374695
0,3774,7654.054572811327
0,3775,7654.054572811329
0,3776,7654.0545728113275
0,3777,7654.05457281133
0,3778,7654.054572811329
0,3779,7654.054572811329
0,3780,7654.05457281133
0,3781,7654.054572811328
0,3782,7654.05457281133
0,3783,7654.054572811328
0,3784,2418.8949672848144
0,3785,1.4915158754602456e-07
0,3786,1.4914988663670015e-07
0,3787,1.4914949620571292e-07
0,3788,1.4914943089643692e-07
0,3789,1.491495194527151e-07
0,3790,1.4914975595011447e-07
0,3791,1.4915040517641978e-07
0,3792,1.4915147023564766e-07
0,3793,1.4915287130891548e-07
0,3794,1.4915294352266196e-07
0,3795,1.491532443880601e-07
0,3796,1.4915389916488422e-07
0,3797,1.4915606949843143e-07
0,3798,1.4916932859453656e-07
0,3799,282.73977956882277
0,3800,346.2506121719348
0,3801,359.0011410276728
0,3802,360.63422451070414
0,3803,354.98392968018265
0,3804,351.8555281166355
0,3805,346.6067892699105
0,3806,329.6937551699467
0,3807,209.71585528530315
0,3808,1.491522100938007e-07
0,3809,1.4914943945884226e-07
0,3810,1.4914900070808128e-07
0,3811,1.4914864140372526e-07
0,3812,1.4914840019427484e-07
0,3813,1.491485240082927e-07
0,3814,1.491487098326846e-07
0,3815,1.4914899672521039e-07
0,3816,1.4914920013237997e-07
0,3817,1.4914927560767764e-07
0,3818,1.491493073796531e-07
0,3819,1.4914929635464515e-07
0,3820,1.4914930341965887e-07
0,3821,1.4914939676472254e-07
0,3822,1.491493654990966e-07
0,3823,1.4914930425395244e-07
0,3824,1.4914935888755043e-07
0,3825,1.4914957248318467e-07
0,3826,1.4914962209061113e-07
0,3827,1.4914943396131383e-07
0,3828,1.491494397336604e-07
0,3829,1.4914949239764252e-07
0,3830,1.4914939148105298e-07
0,3831,1.4914926322953117e-07
0,3832,1.4914912138926984e-07
0,3833,1.4914884316903328e-07
0,3834,1.4914858672136527e-07
0,3835,1.4914848813965932e-07
0,3836,1.4914861977662953e-07
0,3837,1.4914884027207218e-07
0,3838,1.4914898744457531e-07
0,3839,1.4914922117319337e-07
0,3840,1.491494483391899e-07
0,3841,1.4914963379671488e-07
0,3842,1.4914977292441079e-07
0,3843,1.491497649023176e-07
0,3844,1.491496960740195e-07
0,3845,1.4914957550111563e-07
0,3846,1.4914930820478516e-07
0,3847,1.4914908082864315e-07
0,3848,1.4914907175842462e-07
0,3849,1.4914921362408338e-07
0,3850,1.4914945066472223e-07
0,3851,1.4914968580356206e-07
0,3852,1.491500379058612e-07
0,3853,1.4914998104813087e-07
0,3854,1.4914958578607427e-07
0,3855,1.4914934303765308e-07
0,3856,1.4914911035274225e-07
0,3857,1.4914885287695243e-07
0,3858,1.4914858998809353e-07
0,3859,1.4914852832203498e-07
0,3860,1.491487001314875e-07
0,3861,1.4914889284040056e-07
0,3862,1.4914896048832775e-07
0,3863,1.491491916947934e-07
0,3864,1.4914934861145514e-07
0,3865,1.491495233009823e-07
0,3866,1.49149657812308e-07
0,3867,1.4914976777157733e-07
0,3868,1.491498180740858e-07
0,3869,1.491502004912469e-07
0,3870,1.4915048800103609e-07
0,3871,1.4915088628874858e-07
0,3872,1.4915080427362472e-07
0,3873,1.491516788278786e-07
0,3874,1.4915279520735553e-07
0,3875,1.4915317981905023e-07
0,3876,2.946110949570476e-07
0,3877,2.9465907862324166e-07
0,3878,2.9466012095141205e-07
0,3879,2.9465934665157123e-07
0,3880,1.4917754566357022e-07
0,3881,1.491504404178964e-07
0,3882,1.4914931415260986e-07
0,3883,1.4914900651219498e-07
0,3884,1.4914893915903525e-07
0,3885,1.4914908770459912e-07
0,3886,1.4914921074203006e-07
0,3887,1.4914948141546056e-07
0,3888,1.4914979207689637e-07
0,3889,1.4915003496146625e-07
0,3890,1.4914999962785955e-07
0,3891,1.4914999587291506e-07
0,3892,1.4915019957390343e-07
0,3893,1.4915057580200484e-07
0,3894,1.4915129634059674e-07
0,3895,1.4915445458520441e-07
0,3896,3317.9048296646642
0,3897,7654.054572811329
0,3898,7654.054572811328
0,3899,7654.054572811329
0,3900,7654.054572811328
0,3901,7654.054572811328
0,3902,7654.054572811329
0,3903,7654.054572811329
0,3904,7654.0545728113275
0,3905,1.4915327200512888e-07
0,3906,1.4915015491333912e-07
0,3907,1.4914979866868295e-07
0,3908,1.4914976251840096e-07
0,3909,1.4914986067282284e-07
0,3910,1.491500229084449e-07
0,3911,1.4915032333560852e-07
0,3912,1.491506983944792e-07
0,3913,1.4915077111904754e-07
0,3914,1.4915064461656067e-07
0,3915,1.4915088611530333e-07
0,3916,1.4915151976777627e-07
0,3917,1.49154277781998e-07
0,3918,1207.183616565845
0,3919,7654.054572811327
0,3920,7654.054572811329
0,3921,7654.054572811329
0,3922,7654.054572811329
0,3923,7654.054572811328
0,3924,7654.054572811329
0,3925,7654.054572811329
0,3926,7654.054572811328
0,3927,7654.054572811329
0,3928,7654.054572811329
0,3929,6458.939262312439
0,3930,1.4915217360354002e-07
0,3931,1.4915051132469138e-07
0,3932,1.4915078033937387e-07
0,3933,1.4915184756391611e-07
0,3934,1.4915301851763096e-07
0,3935,1.4915737483507533e-07
0,3936,1.4917539138025382e-07
0,3937,1.4918247807883204e-07
0,3938,1.4916204396587997e-07
0,3939,1.4915515750578206e-07
0,3940,1.4915397230987905e-07
0,3941,1.4915746243674062e-07
0,3942,1.4915682659615796e-07
0,3943,1.491520925695107e-07
0,3944,1.4915129551801255e-07
0,3945,1.4915104456283143e-07
0,3946,1.4915182906520444e-07
0,3947,1.4915172184975264e-07
0,3948,1.4915364016641376e-07
0,3949,2.9464468408765647e-07
0,3950,2.946451607287897e-07
0,3951,2.946014108445947e-07
0,3952,1.4917399677257144e-07
0,3953,1.4915267583978631e-07
0,3954,1.4914993239485653e-07
0,3955,1.4914935652304102e-07
0,3956,1.491492734125477e-07
0,3957,1.4914935518231661e-07
0,3958,1.4914941208509554e-07
0,3959,1.4915002618246442e-07
0,3960,1.4915078501778756e-07
0,3961,1.4915184634559813e-07
0,3962,1.4915214958076406e-07
0,3963,1.491517510373425e-07
0,3964,1.4915074630133455e-07
0,3965,1.491503193633086e-07
0,3966,1.4914969469700143e-07
0,3967,1.491494183828736e-07
0,3968,1.4914947856197597e-07
0,3969,1.4914987731120622e-07
0,3970,1.4915042352499656e-07
0,3971,1.491506474203888e-07
0,3972,1.4915199182552615e-07
0,3973,1.4915376449849051e-07
0,3974,1.4915160356736138e-07
0,3975,1.4914997540428935e-07
0,3976,1.4914944747841468e-07
0,3977,1.4914911265810843e-07
0,3978,1.491489350386062e-07
0,3979,1.491488560655097e-07
0,3980,1.4914883010287922e-07
0,3981,1.4914898720808372e-07
0,3982,1.4914914882359635e-07
0,3983,1.49149446151297e-07
0,3984,1.4914989991901702e-07
0,3985,1.4914999384255676e-07
0,3986,1.491500027245307e-07
0,3987,1.4915009890497277e-07
0,3988,1.4915002140620148e-07
0,3989,1.491500328016542e-07
0,3990,1.4914979579335168e-07
0,3991,1.4914956350027151e-07
0,3992,1.491496823314317e-07
0,3993,1.4915036423849073e-07
0,3994,1.4915122624725155e-07
0,3995,1.4915269919851554e-07
0,3996,2.9294920776950367e-07
0,3997,2.9462004264702154e-07
0,3998,2.9326083663999865e-07
0,3999,1.491534437121514e-07
0,4000,1.4914993173389978e-07
0,4001,1.4914914448876633e-07
0,4002,1.4914872966867833e-07
0,4003,1.491481288325657e-07
0,4004,1.4914805719081718e-07
0,4005,1.4914830518184376e-07
0,4006,1.4914857356370455e-07
0,4007,1.491489184853327e-07
0,4008,1.4914913081483564e-07
0,4009,1.491492185161391e-07
0,4010,1.4914926766210201e-07
0,4011,1.491492673884765e-07
0,4012,1.491493098213848e-07
0,4013,1.491493885729788e-07
0,4014,1.491495493644436e-07
0,4015,1.4914988885690226e-07
0,4016,1.4915183213284606e-07
0,4017,2.946357308122524e-07
0,4018,2.946503109501849e-07
0,4019,2.946505499049285e-07
0,4020,2.9465111174109635e-07
0,4021,2.9465056529810567e-07
0,4022,2.94580269511336e-07
0,4023,1.4915469565842483e-07
0,4024,1.4914969378776238e-07
0,4025,1.4914898036638854e-07
0,4026,1.491485247280674e-07
0,4027,1.4914822060930382e-07
0,4028,1.491484536590758e-07
0,4029,1.4914866643334556e-07
0,4030,1.4914886090454794e-07
0,4031,1.4914912589892746e-07
0,4032,1.4914933865671737e-07
0,4033,1.4914941982125752e-07
0,4034,1.4914953383750296e-07
0,4035,1.4914953252426308e-07
0,4036,1.4914951132390932e-07
0,4037,1.4914949788110343e-07
0,4038,1.4914935009876368e-07
0,4039,1.4914924191745038e-07
0,4040,1.4914935293441314e-07
0,4041,1.491500842540946e-07
0,4042,1.4915101855298395e-07
0,4043,1.491520090767006e-07
0,4044,1.4916159664086874e-07
0,4045,2.9191752365251506e-07
0,4046,1.4918124764554206e-07
0,4047,1.4915283179543835e-07
0,4048,1.491500281204487e-07
0,4049,1.4914923983597194e-07
0,4050,1.49148945456217e-07
0,4051,1.4914880131939863e-07
0,4052,1.4914886563250967e-07
0,4053,1.4914901620805237e-07
0,4054,1.4914914406131963e-07
0,4055,1.4914955131850116e-07
0,4056,1.491501006040531e-07
0,4057,1.4915032162403277e-07
0,4058,1.4915024464863297e-07
0,4059,1.4915017181577994e-07
0,4060,1.4915003590317715e-07
0,4061,1.4915011554509088e-07
0,4062,1.491499460139808e-07
0,4063,1.4915016377238218e-07
0,4064,1.4915118437899572e-07
0,4065,1.491552345328712e-07
0,4066,1.4915586499998526e-07
0,4067,1.4915618655047006e-07
0,4068,1.4916483271010467e-07
0,4069,1.491988740031096e-07
0,4070,1.4915737132906366e-07
0,4071,1.4915152233706437e-07
0,4072,1.4914954730123396e-07
0,4073,1.4914909354367834e-07
0,4074,1.4914877080683241e-07
0,4075,1.4914852138886024e-07
0,4076,1.491484643577931e-07
0,4077,1.4914871207359496e-07
0,4078,1.4914893949210216e-07
0,4079,1.49149257767158e-07
0,4080,1.49149534407197e-07
0,4081,1.491500055447845e-07
0,4082,1.4915048607926063e-07
0,4083,1.4915100135517935e-07
0,4084,1.4915147580519422e-07
0,4085,1.4915388267346444e-07
0,4086,1.4916720157104432e-07
0,4087,3448.7030797145294
0,4088,7654.054572811328
0,4089,7654.054572811328
0,4090,7654.05457281133
0,4091,7654.054572811329
0,4092,7654.054572811329
0,4093,7654.054572811328
0,4094,7654.054572811331
0,4095,7654.054572811328
0,4096,7654.054572811327
0,4097,1.49178406305125e-07
0,4098,1.4915116053863678e-07
0,4099,1.4915016851565826e-07
0,4100,1.4914998426994604e-07
0,4101,1.4914995387967783e-07
0,4102,1.4914999755538e-07
0,4103,1.4915018879113335e-07
0,4104,1.4915066313560114e-07
0,4105,1.4915137996118007e-07
0,4106,1.491518253325403e-07
0,4107,1.4915240351096883e-07
0,4108,1.4915388024509552e-07
0,4109,1.491616684351645e-07
0,4110,4450.4058718699325
0,4111,7654.054572811329
0,4112,7654.054572811328
0,4113,7654.054572811328
0,4114,7654.054572811328
0,4115,7654.054572811329
0,4116,7654.054572811329
0,4117,7654.054572811329
0,4118,7654.054572811328
0,4119,7654.054572811329
0,4120,7654.054572811328
0,4121,3655.6467538240677
0,4122,1.4915043021737e-07
0,4123,1.4914937049051945e-07
0,4124,1.4914916125985606e-07
0,4125,1.491491428915739e-07
0,4126,1.491491728886833e-07
0,4127,1.4914930990687415e-07
0,4128,1.4914945900565218e-07
0,4129,1.491496033568173e-07
0,4130,1.491497660419225e-07
0,4131,1.491498050350639e-07
0,4132,1.4914996265575232e-07
0,4133,1.491505870400585e-07
0,4134,1.4915175973982675e-07
0,4135,1.4915362694443274e-07
0,4136,1.4962325593326047e-07
0,4137,2754.2294686429873
0,4138,3633.2905532866143
0,4139,3785.475178680688
0,4140,4059.0164224153928
0,4141,4206.553296294504
0,4142,4012.506275882503
0,4143,3368.4049899424704
0,4144,615.1250510423487
0,4145,1.4915097578982765e-07
0,4146,1.491494743024438e-07
0,4147,1.4914919681648315e-07
0,4148,1.4914913404738442e-07
0,4149,1.4914918233902312e-07
0,4150,1.4914929061880908e-07
0,4151,1.4914955445629067e-07
0,4152,1.4914986995166898e-07
0,4153,1.4915003690985887e-07
0,4154,1.4915039019654046e-07
0,4155,1.491506949552544e-07
0,4156,1.49151037330444e-07
0,4157,1.4915161883265692e-07
0,4158,1.4915448926145934e-07
0,4159,3559.91782418446
0,4160,7654.05457281133
0,4161,7654.054572811328
0,4162,7654.054572811328
0,4163,7654.054572811328
0,4164,7654.054572811328
0,4165,7654.054572811328
0,4166,7654.054572811329
0,4167,7654.054572811328
0,4168,7654.054572811329
0,4169,1.4915367511526422e-07
0,4170,1.4914956394598703e-07
0,4171,1.4914917677226838e-07
0,4172,1.4914906089423096e-07
0,4173,1.491490990215014e-07
0,4174,1.4914917567933838e-07
0,4175,1.4914935959870574e-07
0,4176,1.4914960306841953e-07
0,4177,1.4914976567180298e-07
0,4178,1.4914977360626553e-07
0,4179,1.4914981271381736e-07
0,4180,1.4914994574162922e-07
0,4181,1.491504868834676e-07
0,4182,1.491523948510395e-07
0,4183,1.50986074130366e-07
0,4184,7654.05457281133
0,4185,7654.054572811328
0,4186,7654.054572811329
0,4187,7654.054572811329
0,4188,7654.054572811328
0,4189,7654.054572811329
0,4190,7654.054572811329
0,4191,7654.054572811329
0,4192,706.8157947145932
0,4193,1.4915038656595396e-07
0,4194,1.4914938544977182e-07
0,4195,1.491491270231367e-07
0,4196,1.4914908445061025e-07
0,4197,1.4914916812356054e-07
0,4198,1.491492834114125e-07
0,4199,1.4914963020155468e-07
0,4200,1.4915011852249978e-07
0,4201,1.4915035558311506e-07
0,4202,1.4915043977049218e-07
0,4203,1.4915038771233513e-07
0,4204,1.4915032310635398e-07
0,4205,1.4915059122375075e-07
0,4206,1.4915100567206583e-07
0,4207,1.4915222837179592e-07
0,4208,1.49168838749149e-07
0,4209,2553.957897388729
0,4210,5170.225363674647
0,4211,5716.9413422239395
0,4212,5901.420289417495
0,4213,5932.8500309057035
0,4214,5833.150419947068
0,4215,5383.20390677701
0,4216,1663.6480614952463
0,4217,1.4915202329617472e-07
0,4218,1.4915006600016868e-07
0,4219,1.4914973221061343e-07
0,4220,1.4914968387972662e-07
0,4221,1.4914978625708885e-07
0,4222,1.4915001127788294e-07
0,4223,1.4915064009947627e-07
0,4224,1.4915195744818577e-07
0,4225,1.4915282318822836e-07
0,4226,1.491528151625844e-07
0,4227,1.491520314254142e-07
0,4228,1.4915186160596055e-07
0,4229,1.491523552631048e-07
0,4230,1.4915454356982378e-07
0,4231,641.1148863539584
0,4232,7654.054572811329
0,4233,7654.054572811328
0,4234,7654.054572811328
0,4235,7654.054572811328
0,4236,7654.054572811328
0,4237,7654.054572811329
0,4238,7654.054572811328
0,4239,7654.054572811329
0,4240,7654.054572811345
0,4241,1.4915138648935108e-07
0,4242,1.491497038853709e-07
0,4243,1.4914945210267247e-07
0,4244,1.4914937317416378e-07
0,4245,1.4914942652634322e-07
0,4246,1.4914954139778024e-07
0,4247,1.4914985059104368e-07
0,4248,1.4915017940571014e-07
0,4249,1.4915063927960258e-07
0,4250,1.4915086297891686e-07
0,4251,1.4915102547436799e-07
0,4252,1.491515673978619e-07
0,4253,1.491546489368193e-07
0,4254,466.37292150815034
0,4255,7654.054572811332
0,4256,7654.054572811329
0,4257,7654.054572811329
0,4258,7654.054572811329
0,4259,7654.054572811328
0,4260,7654.054572811329
0,4261,7654.054572811329
0,4262,7654.054572811328
0,4263,7654.054572811329
0,4264,7654.054572811329
0,4265,1.4915621567569118e-07
0,4266,1.491502493272093e-07
0,4267,1.4914969313995158e-07
0,4268,1.4914959055621147e-07
0,4269,1.491495921824334e-07
0,4270,1.4914963452551558e-07
0,4271,1.491499088634681e-07
0,4272,1.4915044035113665e-07
0,4273,1.4915086009090043e-07
0,4274,1.4915105253044346e-07
0,4275,1.4915113577367023e-07
0,4276,1.491515188739058e-07
0,4277,1.491536654707438e-07
0,4278,1.4916751990914651e-07
0,4279,5200.044351828552
0,4280,7654.054572811328
0,4281,7654.054572811332
0,4282,7654.054572811328
0,4283,7654.054572811328
0,4284,7654.054572811328
0,4285,7654.054572811328
0,4286,7654.054572811332
0,4287,7654.054572811329
0,4288,7654.054572811347
0,4289,1.4915375995768919e-07
0,4290,1.4914976920470287e-07
0,4291,1.491493087874083e-07
0,4292,1.4914920170474417e-07
0,4293,1.4914922319127309e-07
0,4294,1.4914930203879188e-07
0,4295,1.4914956737068353e-07
0,4296,1.491499698411938e-07
0,4297,1.4915021160678572e-07
0,4298,1.491506213085992e-07
0,4299,1.4915054339371112e-07
0,4300,1.4915049174671065e-07
0,4301,1.49150870291725e-07
0,4302,1.4915090946760867e-07
0,4303,1.4915122173079056e-07
0,4304,1.4915353188418834e-07
0,4305,2826.3434638381414
0,4306,7654.054572811328
0,4307,7654.054572811329
0,4308,7654.054572811328
0,4309,7654.054572811328
0,4310,7654.05457281133
0,4311,7654.0545728113275
0,4312,7654.054572811336
0,4313,1.4915172126368716e-07
0,4314,1.4914979599916036e-07
0,4315,1.4914950124047676e-07
0,4316,1.4914942806558504e-07
0,4317,1.491494638097791e-07
0,4318,1.491495967208766e-07
0,4319,1.4914999351594085e-07
0,4320,1.4915089396853203e-07
0,4321,1.4915275805093393e-07
0,4322,1.4915782957559574e-07
0,4323,1.4917561054093517e-07
0,4324,585.4530005042365
0,4325,2590.5264093904207
0,4326,6495.102036745071
0,4327,7654.054572811329
0,4328,7654.054572811329
0,4329,7654.054572811329
0,4330,7654.054572811328
0,4331,7654.054572811329
0,4332,7654.054572811329
0,4333,7654.054572811329
0,4334,7654.054572811328
0,4335,7654.054572811328
0,4336,7654.05457281133
0,4337,7654.054572811386
0,4338,2458.804389754217
0,4339,1875.885571551048
0,4340,1797.286138542381
0,4341,1840.8122011266603
0,4342,2076.5712751406677
0,4343,3614.5213792473546
0,4344,7060.185940602131
0,4345,7654.054572811316
0,4346,7654.054572811327
0,4347,7654.054572811328
0,4348,7654.054572811328
0,4349,7654.0545728113275
0,4350,7654.054572811329
0,4351,7654.054572811328
0,4352,7654.054572811329
0,4353,7654.054572811328
0,4354,7654.054572811328
0,4355,7654.054572811329
0,4356,7654.054572811329
0,4357,7654.054572811329
0,4358,7654.054572811329
0,4359,7654.054572811329
0,4360,7654.054572811329
0,4361,2229.102484865119
0,4362,1.4915379006511615e-07
0,4363,1.4915230476435573e-07
0,4364,1.4915208100993687e-07
0,4365,1.4915205363074204e-07
0,4366,1.4915212879967128e-07
0,4367,1.491526427487976e-07
0,4368,1.491550764656541e-07
0,4369,1.4915733603849978e-07
0,4370,1.491552953492947e-07
0,4371,1.4915441239017006e-07
0,4372,1.4915360229883685e-07
0,4373,1.4915356284339164e-07
0,4374,1.4915402060214117e-07
0,4375,1.4915506329373613e-07
0,4376,1.491601669903898e-07
0,4377,14.454144712157603
0,4378,14.743168100787226
0,4379,14.855723531366106
0,4380,14.906712217987069
0,4381,14.910970566299829
0,4382,14.88240901713095
0,4383,14.832539095052672
0,4384,14.626943095246155
0,4385,1.4915381569438157e-07
0,4386,1.491510149746831e-07
0,4387,1.491504609963518e-07
0,4388,1.4915028039174283e-07
0,4389,1.491503001029449e-07
0,4390,1.4915043012374914e-07
0,4391,1.4915078826817146e-07
0,4392,1.4915148433412482e-07
0,4393,1.49151811294914e-07
0,4394,1.4915220380952096e-07
0,4395,1.4915208319926632e-07
0,4396,1.4915217308296034e-07
0,4397,1.49152729412628e-07
0,4398,1.49154085367744e-07
0,4399,1.4916820162546728e-07
0,4400,1496.2711162778774
0,4401,3202.590471709593
0,4402,3750.333114139941
0,4403,3912.2009143004466
0,4404,4205.21014271981
0,4405,4275.439330279967
0,4406,4001.908467469205
0,4407,2985.0784036800105
0,4408,293.28462385408335
0,4409,1.4915076939752423e-07
0,4410,1.491495932378229e-07
0,4411,1.491493194850414e-07
0,4412,1.4914926764830554e-07
0,4413,1.4914929085554462e-07
0,4414,1.4914940857932782e-07
0,4415,1.491497042334269e-07
0,4416,1.4915002729664478e-07
0,4417,1.4915063807245188e-07
0,4418,1.4915153510202707e-07
0,4419,1.491520551541003e-07
0,4420,1.4915268770670435e-07
0,4421,1.491566472405499e-07
0,4422,2362.4763354571487
0,4423,7654.054572811329
0,4424,7654.054572811328
0,4425,7654.054572811329
0,4426,7654.054572811328
0,4427,7654.054572811328
0,4428,7654.054572811329
0,4429,7654.054572811329
0,4430,7654.054572811329
0,4431,7654.054572811329
0,4432,7654.054572811328
0,4433,7310.191030671825
0,4434,1910.1764684023842
0,4435,1466.7121415083304
0,4436,1408.8194264421074
0,4437,1416.9894049415982
0,4438,1499.6509415709854
0,4439,1953.6788798462685
0,4440,5212.238355474221
0,4441,7654.054572811332
0,4442,7654.05457281133
0,4443,7654.054572811329
0,4444,7654.054572811329
0,4445,7654.054572811328
0,4446,7654.054572811328
0,4447,7654.054572811328
0,4448,7654.054572811328
0,4449,7654.054572811328
0,4450,7654.054572811329
0,4451,7654.054572811329
0,4452,7654.054572811328
0,4453,7654.054572811328
0,4454,7654.054572811329
0,4455,7654.054572811328
0,4456,7654.054572811329
0,4457,7654.054572811329
0,4458,7654.054572811328
0,4459,7654.05457281133
0,4460,7654.054572811328
0,4461,7654.0545728113275
0,4462,7654.054572811329
0,4463,7654.054572811329
0,4464,7654.054572811329
0,4465,7654.054572811328
0,4466,7654.054572811329
0,4467,7654.054572811328
0,4468,7654.054572811329
0,4469,7654.054572811329
0,4470,7654.054572811329
0,4471,7654.054572811329
0,4472,7654.054572811328
0,4473,7654.054572811329
0,4474,7654.054572811329
0,4475,7654.054572811329
0,4476,7654.054572811329
0,4477,7654.054572811328
0,4478,7654.054572811329
0,4479,7654.054572811329
0,4480,7654.054572811329
0,4481,7654.054572811329
0,4482,7654.05457281133
0,4483,7654.054572811328
0,4484,7654.054572811329
0,4485,7654.054572811333
0,4486,7654.054572811328
0,4487,7654.054572811331
0,4488,7654.054572811328
0,4489,7654.054572811328
0,4490,7654.05457281133
0,4491,7654.054572811328
0,4492,7654.05457281133
0,4493,7654.054572811329
0,4494,7654.054572811329
0,4495,7654.054572811329
0,4496,7654.054572811328
0,4497,7654.054572811329
0,4498,7654.054572811329
0,4499,7654.054572811329
0,4500,7654.054572811328
0,4501,7654.054572811328
0,4502,7654.054572811329
0,4503,7654.05457281133
0,4504,7654.054572811328
0,4505,7654.054572811329
0,4506,1.4915725911557537e-07
0,4507,1.4915140433149703e-07
0,4508,1.4915080541401567e-07
0,4509,1.4915062162309915e-07
0,4510,1.4915068911010364e-07
0,4511,1.491517992904378e-07
0,4512,1.4915519056456997e-07
0,4513,1.4915641667850692e-07
0,4514,1.4915464904071297e-07
0,4515,1.4915248081412294e-07
0,4516,1.4915149585618525e-07
0,4517,1.491511011258485e-07
0,4518,1.49150795505492e-07
0,4519,1.4915096772214376e-07
0,4520,1.4915198784113738e-07
0,4521,1.492930671242944e-07
0,4522,2.946692842039798e-07
0,4523,2.946708847509317e-07
0,4524,2.9467116072662584e-07
0,4525,2.94670858201531e-07
0,4526,2.9466943708044346e-07
0,4527,2.946058123430204e-07
0,4528,1.4915156763332352e-07
0,4529,1.4914962594386565e-07
0,4530,1.49149139246432e-07
0,4531,1.4914899542362568e-07
0,4532,1.4914892618446917e-07
0,4533,1.491489717079771e-07
0,4534,1.4914904482033744e-07
0,4535,1.4914925809179523e-07
0,4536,1.4914946697556814e-07
0,4537,1.4914961405894985e-07
0,4538,1.4914971012679754e-07
0,4539,1.4914970606412937e-07
0,4540,1.4914966182662075e-07
0,4541,1.4914967658776227e-07
0,4542,1.4914966053633885e-07
0,4543,1.491496014159599e-07
0,4544,1.4914972584501853e-07
0,4545,1.4915112287033623e-07
0,4546,1.491631955041089e-07
0,4547,1.5142756986131762e-07
0,4548,2.946649222023345e-07
0,4549,2.9466631249868694e-07
0,4550,2.9466650860185753e-07
0,4551,2.946655697350889e-07
0,4552,1.4944372190542517e-07
0,4553,1.4915006724401962e-07
0,4554,1.4914921255454504e-07
0,4555,1.4914896973868648e-07
0,4556,1.4914889522933163e-07
0,4557,1.4914891884133048e-07
0,4558,1.491489832529955e-07
0,4559,1.4914915262971519e-07
0,4560,1.4914932383984785e-07
0,4561,1.4914943161298613e-07
0,4562,1.4914958456114266e-07
0,4563,1.491497346376542e-07
0,4564,1.491499226693462e-07
0,4565,1.4915057948791275e-07
0,4566,1.4915184442203374e-07
0,4567,1.4915629461783372e-07
0,4568,1.493004390389237e-07
0,4569,4365.131567768757
0,4570,6471.796576230857
0,4571,6603.42817495193
0,4572,6645.580242121038
0,4573,6643.933411176763
0,4574,6597.446107084929
0,4575,6462.959609280329
0,4576,4828.505059318832
0,4577,1.4915488644618585e-07
0,4578,1.4915016740332104e-07
0,4579,1.49149555513442e-07
0,4580,1.491493781214054e-07
0,4581,1.4914934647929025e-07
0,4582,1.4914938343234263e-07
0,4583,1.4914958133016598e-07
0,4584,1.491498131554129e-07
0,4585,1.4915015199030296e-07
0,4586,1.491506172650672e-07
0,4587,1.4915139480480228e-07
0,4588,1.4915332699147205e-07
0,4589,1.4916426626602336e-07
0,4590,2835.6951677850284
0,4591,7654.054572811329
0,4592,7654.054572811329
0,4593,7654.054572811329
0,4594,7654.054572811329
0,4595,7654.05457281133
0,4596,7654.054572811329
0,4597,7654.054572811329
0,4598,7654.054572811329
0,4599,7654.054572811328
0,4600,7654.054572811328
0,4601,7415.6826599707565
0,4602,1.4915188202639347e-07
0,4603,1.4915022169929848e-07
0,4604,1.4914996724572221e-07
0,4605,1.491499341901056e-07
0,4606,1.4915001301157643e-07
0,4607,1.4915024105290357e-07
0,4608,1.4915071825662932e-07
0,4609,1.4915086772053954e-07
0,4610,1.4915118298519962e-07
0,4611,1.4915143085414504e-07
0,4612,1.4915200368043665e-07
0,4613,1.4915463486967558e-07
0,4614,3753.9688043589967
0,4615,7654.054572811328
0,4616,7654.054572811329
0,4617,7654.054572811329
0,4618,7654.054572811328
0,4619,7654.054572811329
0,4620,7654.054572811329
0,4621,7654.054572811329
0,4622,7654.054572811328
0,4623,7654.054572811329
0,4624,7654.05457281133
0,4625,2089.7011450682335
0,4626,1.4915005893363707e-07
0,4627,1.4914928402371568e-07
0,4628,1.4914913291751023e-07
0,4629,1.4914914569385705e-07
0,4630,1.491492112377815e-07
0,4631,1.4914940195759016e-07
0,4632,1.4914958852680184e-07
0,4633,1.4914973766886664e-07
0,4634,1.4914984823016634e-07
0,4635,1.4914997672525417e-07
0,4636,1.4915001059730214e-07
0,4637,1.4915049626043403e-07
0,4638,1.491527174085313e-07
0,4639,2810.4675829378057
0,4640,7654.054572811328
0,4641,7654.054572811329
0,4642,7654.054572811329
0,4643,7654.054572811329
0,4644,7654.054572811329
0,4645,7654.054572811329
0,4646,7654.054572811328
0,4647,7654.054572811329
0,4648,7072.805437885242
0,4649,1.491508370266134e-07
0,4650,1.4914932089239003e-07
0,4651,1.4914902990014346e-07
0,4652,1.4914896063141533e-07
0,4653,1.4914900812464755e-07
0,4654,1.4914909792556274e-07
0,4655,1.4914930600325844e-07
0,4656,1.491495617770948e-07
0,4657,1.4914977667366321e-07
0,4658,1.4914993613389035e-07
0,4659,1.4914996208947352e-07
0,4660,1.491500036544238e-07
0,4661,1.4915045586723526e-07
0,4662,1.4915198046894207e-07
0,4663,1.4915937949914245e-07
0,4664,1466.9102691565517
0,4665,2666.709906781296
0,4666,2959.3881916007017
0,4667,2984.728663491195
0,4668,2963.1595405004264
0,4669,2673.5557692937277
0,4670,1728.8500446090447
0,4671,1.491555968408738e-07
0,4672,1.491497890342727e-07
0,4673,1.4914907851457625e-07
0,4674,1.49148661178055e-07
0,4675,1.4914838089693985e-07
0,4676,1.4914853836806258e-07
0,4677,1.491487924471283e-07
0,4678,1.4914895395544045e-07
0,4679,1.491491876046949e-07
0,4680,1.4914943528593783e-07
0,4681,1.491496173026117e-07
0,4682,1.4914967835197605e-07
0,4683,1.4914964307824441e-07
0,4684,1.4914950828676088e-07
0,4685,1.4914935585384433e-07
0,4686,1.491492395263509e-07
0,4687,1.491490443937852e-07
0,4688,1.4914894804201207e-07
0,4689,1.4914902950793332e-07
0,4690,1.491491188432921e-07
0,4691,1.4914933959186884e-07
0,4692,1.4915019457074409e-07
0,4693,1.4915298110596107e-07
0,4694,1.491534289923993e-07
0,4695,1.4915114655202218e-07
0,4696,1.4914967786216061e-07
0,4697,1.4914914273853877e-07
0,4698,1.491487451534164e-07
0,4699,1.491482046920775e-07
0,4700,1.4914816189376596e-07
0,4701,1.4914840113566048e-07
0,4702,1.4914867841475535e-07
0,4703,1.491490108899594e-07
0,4704,1.4914921967401282e-07
0,4705,1.491493463444697e-07
0,4706,1.4914936786493416e-07
0,4707,1.4914936831848303e-07
0,4708,1.4914932560148664e-07
0,4709,1.4914931508472557e-07
0,4710,1.4914922240425073e-07
0,4711,1.4914911512596942e-07
0,4712,1.491491129174225e-07
0,4713,1.4914918931705672e-07
0,4714,1.4914926590742922e-07
0,4715,1.491494044836186e-07
0,4716,1.4914971676970425e-07
0,4717,1.491498704767752e-07
0,4718,1.4914975932390768e-07
0,4719,1.4914941061199005e-07
0,4720,1.4914919285174554e-07
0,4721,1.4914891685057267e-07
0,4722,1.4914856563658747e-07
0,4723,1.4914826030105089e-07
0,4724,1.491482005181702e-07
0,4725,1.4914843776938822e-07
0,4726,1.4914871391988284e-07
0,4727,1.491490098077901e-07
0,4728,1.4914920923889217e-07
0,4729,1.4914933741796217e-07
0,4730,1.4914940986028558e-07
0,4731,1.4914941598369682e-07
0,4732,1.4914937523639762e-07
0,4733,1.4914947252334934e-07
0,4734,1.4914960413194055e-07
0,4735,1.4914998102284185e-07
0,4736,1.491533611529749e-07
0,4737,2.9465801962361973e-07
0,4738,2.946599639516733e-07
0,4739,2.9465998881741647e-07
0,4740,2.946603959684546e-07
0,4741,2.946594840896465e-07
0,4742,2.9277736693090724e-07
0,4743,1.4915176004169574e-07
0,4744,1.4914972356437216e-07
0,4745,1.4914909584281036e-07
0,4746,1.4914877104253797e-07
0,4747,1.491483336555949e-07
0,4748,1.4914829551954242e-07
0,4749,1.491485309916931e-07
0,4750,1.4914874846616902e-07
0,4751,1.491489874444669e-07
0,4752,1.491491094423919e-07
0,4753,1.4914922267410865e-07
0,4754,1.4914928184555352e-07
0,4755,1.4914932711400288e-07
0,4756,1.4914936856465113e-07
0,4757,1.4914973166672341e-07
0,4758,1.4915187419875194e-07
0,4759,5029.356344929
0,4760,7654.054572811329
0,4761,7654.054572811331
0,4762,7654.054572811329
0,4763,7654.054572811333
0,4764,7654.054572811329
0,4765,7654.054572811326
0,4766,7654.054572811329
0,4767,7223.4752381896715
0,4768,1.4915888647717805e-07
0,4769,1.4915000697682582e-07
0,4770,1.4914920908390547e-07
0,4771,1.491489552594104e-07
0,4772,1.4914887303443922e-07
0,4773,1.4914888671197488e-07
0,4774,1.4914894347773777e-07
0,4775,1.4914904799515245e-07
0,4776,1.4914921016637292e-07
0,4777,1.4914932858201262e-07
0,4778,1.4914942281961862e-07
0,4779,1.4914953318269906e-07
0,4780,1.4914964340282744e-07
0,4781,1.491502506487162e-07
0,4782,1.4915450728911228e-07
0,4783,6635.838941055562
0,4784,7654.054572811328
0,4785,7654.054572811329
0,4786,7654.05457281133
0,4787,7654.054572811328
0,4788,7654.054572811329
0,4789,7654.054572811328
0,4790,7654.054572811328
0,4791,7654.054572811328
0,4792,5163.123087689251
0,4793,1.4915097244460316e-07
0,4794,1.4914938854676822e-07
0,4795,1.491490770261022e-07
0,4796,1.4914896110925033e-07
0,4797,1.4914896438256511e-07
0,4798,1.4914903135292016e-07
0,4799,1.491492386596397e-07
0,4800,1.491494217243576e-07
0,4801,1.4914959168323963e-07
0,4802,1.491496861261664e-07
0,4803,1.4914973048933407e-07
0,4804,1.4914974549274057e-07
0,4805,1.4915005108853989e-07
0,4806,1.491506404145183e-07
0,4807,1.491517933544309e-07
0,4808,1.491586487302086e-07
0,4809,1997.1481994176763
0,4810,5436.7237135503865
0,4811,5937.669096432667
0,4812,6089.653787328013
0,4813,6136.080572039493
0,4814,6100.4456895935955
0,4815,5843.668893377208
0,4816,1254.3051893650545
0,4817,1.4915072942597168e-07
0,4818,1.4914935729111694e-07
0,4819,1.491490751485893e-07
0,4820,1.4914900244421422e-07
0,4821,1.4914903945207302e-07
0,4822,1.4914914124236687e-07
0,4823,1.4914934746030348e-07
0,4824,1.4914960320752267e-07
0,4825,1.4914982526302383e-07
0,4826,1.4914995918622405e-07
0,4827,1.4915002692706737e-07
0,4828,1.4915011121866342e-07
0,4829,1.4915061410437393e-07
0,4830,1.4915225527429416e-07
0,4831,1.4939997308773272e-07
0,4832,7654.0545728113275
0,4833,7654.054572811329
0,4834,7654.054572811329
0,4835,7654.054572811329
0,4836,7654.054572811329
0,4837,7654.054572811328
0,4838,7654.054572811329
0,4839,7654.054572811329
0,4840,7654.054572811333
0,4841,1.4915252265448767e-07
0,4842,1.4914972718509242e-07
0,4843,1.4914927427416317e-07
0,4844,1.4914918437558848e-07
0,4845,1.4914920395611708e-07
0,4846,1.491492883102987e-07
0,4847,1.4914951784335251e-07
0,4848,1.4914978135164322e-07
0,4849,1.4914996373605136e-07
0,4850,1.491501172715202e-07
0,4851,1.4915017804341011e-07
0,4852,1.491502273967809e-07
0,4853,1.491505328638041e-07
0,4854,1.4915185387028647e-07
0,4855,1.4918199711460526e-07
0,4856,7654.054572811327
0,4857,7654.054572811328
0,4858,7654.054572811329
0,4859,7654.054572811328
0,4860,7654.054572811329
0,4861,7654.054572811328
0,4862,7654.054572811329
0,4863,7654.054572811328
0,4864,5666.402548250893
0,4865,1.4915078654629578e-07
0,4866,1.4914940835603638e-07
0,4867,1.4914909232847744e-07
0,4868,1.491490124059722e-07
0,4869,1.4914904874764297e-07
0,4870,1.4914911654386191e-07
0,4871,1.4914928276498407e-07
0,4872,1.491494715997175e-07
0,4873,1.4914958945853808e-07
0,4874,1.4914967662459804e-07
0,4875,1.4914971253537977e-07
0,4876,1.4914971280000642e-07
0,4877,1.4914985978033471e-07
0,4878,1.491502420429699e-07
0,4879,1.491519011206303e-07
0,4880,1549.5442491685862
0,4881,7654.05457281133
0,4882,7654.054572811328
0,4883,7654.05457281133
0,4884,7654.054572811329
0,4885,7654.05457281133
0,4886,7654.054572811329
0,4887,7654.054572811331
0,4888,1.4916345863344384e-07
0,4889,1.4914994993074247e-07
0,4890,1.4914916659694967e-07
0,4891,1.4914893263796576e-07
0,4892,1.491488873063074e-07
0,4893,1.4914893509119002e-07
0,4894,1.4914905107886738e-07
0,4895,1.4914926099547838e-07
0,4896,1.4914952904310675e-07
0,4897,1.491498054758463e-07
0,4898,1.4914999443472088e-07
0,4899,1.4914999174562844e-07
0,4900,1.4914995624386198e-07
0,4901,1.4915007956174892e-07
0,4902,1.491503182896232e-07
0,4903,1.4915073270796008e-07
0,4904,1.491521505307149e-07
0,4905,116.69602822370044
0,4906,948.5447178061946
0,4907,1107.7729064090247
0,4908,1194.4012347524979
0,4909,1217.0423488382407
0,4910,1183.8682906150439
0,4911,1039.7144571993356
0,4912,1.4918077481218105e-07
0,4913,1.4915046184024055e-07
0,4914,1.4914950224883899e-07
0,4915,1.4914922905203635e-07
0,4916,1.4914918236452897e-07
0,4917,1.4914921671189117e-07
0,4918,1.4914931475710678e-07
0,4919,1.49149547554097e-07
0,4920,1.491497479876253e-07
0,4921,1.4915016037153812e-07
0,4922,1.4915066059282178e-07
0,4923,1.4915121074765992e-07
0,4924,1.4915119484984083e-07
0,4925,1.4915187946699872e-07
0,4926,1.4915685516477678e-07
0,4927,3896.751963167812
0,4928,7654.054572811328
0,4929,7654.054572811329
0,4930,7654.054572811328
0,4931,7654.05457281133
0,4932,7654.054572811328
0,4933,7654.054572811328
0,4934,7654.054572811328
0,4935,7654.054572811328
0,4936,7654.054572811329
0,4937,1.4915725106399188e-07
0,4938,1.491498263590709e-07
0,4939,1.4914926805924527e-07
0,4940,1.4914916010322918e-07
0,4941,1.4914914736691653e-07
0,4942,1.4914916943208414e-07
0,4943,1.491493213239025e-07
0,4944,1.4914950157563075e-07
0,4945,1.4914971205792424e-07
0,4946,1.4914995693113774e-07
0,4947,1.49150263703188e-07
0,4948,1.4915092670823925e-07
0,4949,1.4915247818154454e-07
0,4950,1.4915471840748007e-07
0,4951,1.4915369047556297e-07
0,4952,1.491622021159301e-07
0,4953,7654.054572811328
0,4954,7654.054572811329
0,4955,7654.054572811328
0,4956,7654.054572811328
0,4957,7654.054572811328
0,4958,7654.054572811329
0,4959,7654.054572811329
0,4960,7654.054572811328
0,4961,1.4915526621358394e-07
0,4962,1.4914993706202162e-07
0,4963,1.4914946079569707e-07
0,4964,1.4914936140070396e-07
0,4965,1.4914938972190785e-07
0,4966,1.491495358680781e-07
0,4967,1.4914992887472313e-07
0,4968,1.4915066761801818e-07
0,4969,1.4915218612856877e-07
0,4970,1.4915376197051052e-07
0,4971,1.4915326327722008e-07
0,4972,1.4915318408316317e-07
0,4973,1.4915442019821463e-07
0,4974,1.4916399317780357e-07
0,4975,2413.335673487173
0,4976,7654.05457281133
0,4977,7654.054572811329
0,4978,7654.054572811329
0,4979,7654.054572811329
0,4980,7654.054572811329
0,4981,7654.05457281133
0,4982,7654.0545728113275
0,4983,7654.0545728113275
0,4984,3272.803421245034
0,4985,1.4915156947329592e-07
0,4986,1.491497686037838e-07
0,4987,1.4914943668157708e-07
0,4988,1.4914936351245875e-07
0,4989,1.4914939416391126e-07
0,4990,1.4914954785404154e-07
0,4991,1.4914996327380177e-07
0,4992,1.4915076675234198e-07
0,4993,1.4915206535717459e-07
0,4994,1.4915402775635763e-07
0,4995,1.4915661676107896e-07
0,4996,1.491570698162342e-07
0,4997,1.4915809291613327e-07
0,4998,1.4915860298086135e-07
0,4999,1.491651113049873e-07
0,5000,5110.452100068591
0,5001,7654.054572811329
0,5002,7654.054572811328
0,5003,7654.054572811328
0,5004,7654.054572811329
0,5005,7654.054572811328
0,5006,7654.054572811329
0,5007,7654.054572811328
0,5008,439.4221892296741
0,5009,1.491576469766511e-07
0,5010,1.4915705849239303e-07
0,5011,1.491569787534161e-07
0,5012,1.4915709136404764e-07
0,5013,1.491573530900184e-07
0,5014,1.4915771776483435e-07
0,5015,1.4915889589892204e-07
0,5016,1.4916041587328109e-07
0,5017,1.4916428893051083e-07
0,5018,1.4916906945197563e-07
0,5019,1.4918026035049816e-07
0,5020,1.4926912964371595e-07
0,5021,1650.5694696657563
0,5022,3964.3734921949704
0,5023,7654.054572811328
0,5024,7654.054572811328
0,5025,7654.054572811329
0,5026,7654.054572811329
0,5027,7654.054572811328
0,5028,7654.054572811329
0,5029,7654.054572811329
0,5030,7654.054572811329
0,5031,7654.054572811329
0,5032,7654.054572811328
0,5033,7654.0545728113275
0,5034,1.4915909524404686e-07
0,5035,1.4915755366584822e-07
0,5036,1.491573576777928e-07
0,5037,1.4915734571202262e-07
0,5038,1.491574498723011e-07
0,5039,1.4915783541144946e-07
0,5040,1.4915866107040798e-07
0,5041,1.4916030512932043e-07
0,5042,1.4916431308393315e-07
0,5043,1.4916338841319278e-07
0,5044,1.49164457151986e-07
0,5045,1.4917063329681376e-07
0,5046,3888.4702843753357
0,5047,7654.054572811329
0,5048,7654.054572811329
0,5049,7654.054572811329
0,5050,7654.054572811329
0,5051,7654.054572811329
0,5052,7654.054572811329
0,5053,7654.054572811329
0,5054,7654.054572811329
0,5055,7654.054572811328
0,5056,7654.054572811328
0,5057,1.4916867514924823e-07
0,5058,1.4915012800482356e-07
0,5059,1.4914954890035085e-07
0,5060,1.491494183737121e-07
0,5061,1.4914942490903884e-07
0,5062,1.4914949036373346e-07
0,5063,1.491497612068416e-07
0,5064,1.4915025641268733e-07
0,5065,1.4915060769690172e-07
0,5066,1.4915084891096e-07
0,5067,1.4915095192436943e-07
0,5068,1.491509480527919e-07
0,5069,1.4915113316968766e-07
0,5070,1.4915239527713096e-07
0,5071,1.4931217188164842e-07
0,5072,7654.054572811329
0,5073,7654.054572811329
0,5074,7654.054572811328
0,5075,7654.054572811329
0,5076,7654.054572811328
0,5077,7654.054572811328
0,5078,7654.054572811328
0,5079,7654.054572811329
0,5080,4478.460189324001
0,5081,1.4915020329138873e-07
0,5082,1.4914916797822324e-07
0,5083,1.491489375971878e-07
0,5084,1.4914891632833958e-07
0,5085,1.491490074283187e-07
0,5086,1.4914911322942877e-07
0,5087,1.491493044328187e-07
0,5088,1.4914951961932988e-07
0,5089,1.4914972568011138e-07
0,5090,1.4914985187804587e-07
0,5091,1.4914991752361427e-07
0,5092,1.4915002504150426e-07
0,5093,1.4915034255837752e-07
0,5094,1.491537057858529e-07
0,5095,6615.369092458896
0,5096,7654.054572811329
0,5097,7654.054572811328
0,5098,7654.054572811329
0,5099,7654.054572811329
0,5100,7654.054572811329
0,5101,7654.05457281133
0,5102,7654.054572811328
0,5103,7654.054572811323
0,5104,1.4915962968378108e-07
0,5105,1.4915012620241876e-07
0,5106,1.4914935962730158e-07
0,5107,1.491491406069702e-07
0,5108,1.4914916721678806e-07
0,5109,1.4914934394854554e-07
0,5110,1.4914973253451883e-07
0,5111,1.4915089406480919e-07
0,5112,1.4915266171187306e-07
0,5113,1.4915575941698957e-07
0,5114,1.4915754624093358e-07
0,5115,1.491616984037865e-07
0,5116,1.49167900867622e-07
0,5117,1.491589852475894e-07
0,5118,1.4918393156975124e-07
0,5119,2.9462603333820035e-07
0,5120,2.9466220080002093e-07
0,5121,2.9466461198216897e-07
0,5122,2.946648413115283e-07
0,5123,2.9466330624962865e-07
0,5124,2.946642586177501e-07
0,5125,2.94664397206977e-07
0,5126,2.9466327889840624e-07
0,5127,2.946314372843169e-07
0,5128,1.491527496210994e-07
0,5129,1.4914949815453922e-07
0,5130,1.4914900555644366e-07
0,5131,1.491487058883571e-07
0,5132,1.491486321864889e-07
0,5133,1.491487599391422e-07
0,5134,1.4914898271379466e-07
0,5135,1.4914920861707512e-07
0,5136,1.4914939402299208e-07
0,5137,1.4914948738133722e-07
0,5138,1.4914958380979055e-07
0,5139,1.4914962067285415e-07
0,5140,1.4914954043397871e-07
0,5141,1.491494056731239e-07
0,5142,1.491492983482219e-07
0,5143,1.4914926506305257e-07
0,5144,1.491493668135291e-07
0,5145,1.4915016443680837e-07
0,5146,1.4915337859448103e-07
0,5147,1.4917234098280833e-07
0,5148,2.9465060978693235e-07
0,5149,2.9462938022645083e-07
0,5150,1.4916328518942102e-07
0,5151,1.4915113763017671e-07
0,5152,1.4915004527122602e-07
0,5153,1.4914936264493438e-07
0,5154,1.491490388625923e-07
0,5155,1.4914877832704842e-07
0,5156,1.4914875414692762e-07
0,5157,1.4914881636972398e-07
0,5158,1.4914899674648785e-07
0,5159,1.4914920813558093e-07
0,5160,1.4914942472209528e-07
0,5161,1.491495504242512e-07
0,5162,1.491496099138281e-07
0,5163,1.491495697960167e-07
0,5164,1.491494697961743e-07
0,5165,1.4914936728231101e-07
0,5166,1.491493184006495e-07
0,5167,1.49149367155107e-07
0,5168,1.4914974347406454e-07
0,5169,1.4915143109513608e-07
0,5170,1.4915736923807135e-07
0,5171,1.491589135755103e-07
0,5172,1.491733938417531e-07
0,5173,1.491761025645391e-07
0,5174,1.4915316210329516e-07
0,5175,1.4915071755433737e-07
0,5176,1.491496686509958e-07
0,5177,1.4914911165280907e-07
0,5178,1.4914871436996226e-07
0,5179,1.4914827563202197e-07
0,5180,1.4914842995185688e-07
0,5181,1.4914865501542275e-07
0,5182,1.4914895591388905e-07
0,5183,1.4914917142398038e-07
0,5184,1.4914941031846942e-07
0,5185,1.491495333807557e-07
0,5186,1.4914964657932296e-07
0,5187,1.4914963321037834e-07
0,5188,1.4914957516929555e-07
0,5189,1.4914961951245967e-07
0,5190,1.491501281750704e-07
0,5191,1.4915243472430912e-07
0,5192,3058.986446455175
0,5193,7654.05457281133
0,5194,7654.054572811329
0,5195,7654.054572811328
0,5196,7654.054572811328
0,5197,7654.054572811329
0,5198,7654.054572811329
0,5199,7654.05457281133
0,5200,3216.5058737944037
0,5201,1.4915013876184383e-07
0,5202,1.4914922210072833e-07
0,5203,1.4914903175667705e-07
0,5204,1.4914902383609228e-07
0,5205,1.4914910512016572e-07
0,5206,1.491493195311742e-07
0,5207,1.4914971683727715e-07
0,5208,1.491504808531622e-07
0,5209,1.4915165076089302e-07
0,5210,1.4915357814332744e-07
0,5211,1.4915620619100926e-07
0,5212,1.491573294675841e-07
0,5213,1.4916271594549602e-07
0,5214,1277.3330369931232
0,5215,7654.05457281133
0,5216,7654.054572811329
0,5217,7654.054572811328
0,5218,7654.054572811329
0,5219,7654.054572811329
0,5220,7654.054572811329
0,5221,7654.054572811329
0,5222,7654.054572811328
0,5223,7654.054572811329
0,5224,4659.534459488018
0,5225,1.4915007962688237e-07
0,5226,1.4914916355229313e-07
0,5227,1.4914897939732863e-07
0,5228,1.4914898058864998e-07
0,5229,1.491490510725519e-07
0,5230,1.491492441742443e-07
0,5231,1.491495487959964e-07
0,5232,1.49150076285561e-07
0,5233,1.4915061995630094e-07
0,5234,1.491509984417926e-07
0,5235,1.4915100485045742e-07
0,5236,1.4915059787682186e-07
0,5237,1.4915055912605385e-07
0,5238,1.4915155785894278e-07
0,5239,1.4915704308371175e-07
0,5240,5502.6178421350905
0,5241,7654.05457281133
0,5242,7654.054572811328
0,5243,7654.054572811329
0,5244,7654.054572811329
0,5245,7654.054572811328
0,5246,7654.054572811329
0,5247,7654.05457281133
0,5248,1.4916717157285072e-07
0,5249,1.4914969166782187e-07
0,5250,1.4914906958755371e-07
0,5251,1.491489157712223e-07
0,5252,1.4914895202851504e-07
0,5253,1.4914906019345689e-07
0,5254,1.4914922750496116e-07
0,5255,1.4914949100026855e-07
0,5256,1.491496894150666e-07
0,5257,1.4914982041954036e-07
0,5258,1.4914990437877424e-07
0,5259,1.4914989417670285e-07
0,5260,1.4914985798237515e-07
0,5261,1.4915011294343934e-07
0,5262,1.4915216670251187e-07
0,5263,3074.4288093686528
0,5264,7654.054572811328
0,5265,7654.054572811328
0,5266,7654.054572811329
0,5267,7654.054572811329
0,5268,7654.054572811329
0,5269,7654.054572811329
0,5270,7654.054572811329
0,5271,7654.054572811329
0,5272,7174.2283985645445
0,5273,1.4915074051272494e-07
0,5274,1.4914938690902663e-07
0,5275,1.491491529859298e-07
0,5276,1.4914915338559384e-07
0,5277,1.4914920027541334e-07
0,5278,1.491493059472594e-07
0,5279,1.4914948745026538e-07
0,5280,1.4914963812796703e-07
0,5281,1.4914970367487304e-07
0,5282,1.4914977084526338e-07
0,5283,1.4914977198394672e-07
0,5284,1.4914981495334537e-07
0,5285,1.4915018282146198e-07
0,5286,1.491520967722849e-07
0,5287,3121.4520534028175
0,5288,7654.05457281133
0,5289,7654.054572811328
0,5290,7654.054572811329
0,5291,7654.054572811329
0,5292,7654.054572811329
0,5293,7654.054572811328
0,5294,7654.054572811329
0,5295,7654.054572811329
0,5296,5383.120590681541
0,5297,1.4915083160351545e-07
0,5298,1.491494490605638e-07
0,5299,1.491491816654354e-07
0,5300,1.4914917124159047e-07
0,5301,1.491492201919904e-07
0,5302,1.4914937975106968e-07
0,5303,1.4914954254646533e-07
0,5304,1.491496821989422e-07
0,5305,1.4914983656352755e-07
0,5306,1.4914991347674835e-07
0,5307,1.491498791800184e-07
0,5308,1.4914980511887273e-07
0,5309,1.4914978241464924e-07
0,5310,1.491500111715227e-07
0,5311,1.4915051016985343e-07
0,5312,1.4915311700999865e-07
0,5313,570.9401005893498
0,5314,1110.5673291473756
0,5315,1251.3125765800464
0,5316,1319.2054751381766
0,5317,1322.903904975023
0,5318,1256.4050435363235
0,5319,1015.4370836439497
0,5320,1.491590474448528e-07
0,5321,1.4915002030999177e-07
0,5322,1.4914935472180174e-07
0,5323,1.4914920784349687e-07
0,5324,1.491492437435179e-07
0,5325,1.4914932731205951e-07
0,5326,1.4914957637362732e-07
0,5327,1.4914998903276487e-07
0,5328,1.4915034065638875e-07
0,5329,1.4915058745579583e-07
0,5330,1.4915095288811674e-07
0,5331,1.4915110166090228e-07
0,5332,1.4915111261139843e-07
0,5333,1.4915107676856908e-07
0,5334,1.491518997654318e-07
0,5335,1.4915445342800833e-07
0,5336,2772.1126164060875
0,5337,7654.05457281133
0,5338,7654.054572811329
0,5339,7654.054572811328
0,5340,7654.054572811328
0,5341,7654.054572811329
0,5342,7654.054572811329
0,5343,7654.0545728113275
0,5344,1.4916288506970502e-07
0,5345,1.4915087102987694e-07
0,5346,1.4915022694697252e-07
0,5347,1.4915014330150675e-07
0,5348,1.4915021902112938e-07
0,5349,1.491502418344778e-07
0,5350,1.4915066856482483e-07
0,5351,1.491515671886109e-07
0,5352,1.4915298384362576e-07
0,5353,1.491548501593215e-07
0,5354,1.4915523023444326e-07
0,5355,1.4915661502928283e-07
0,5356,1.4915401474571472e-07
0,5357,1.4915341899459159e-07
0,5358,1.491542793923364e-07
0,5359,1.491573343182775e-07
0,5360,3766.44689934579
0,5361,7654.054572811329
0,5362,7654.054572811329
0,5363,7654.054572811329
0,5364,7654.054572811328
0,5365,7654.054572811328
0,5366,7654.054572811328
0,5367,7654.054572811328
0,5368,3345.8793494200704
0,5369,1.4915101544647367e-07
0,5370,1.491496406907228e-07
0,5371,1.4914949383510487e-07
0,5372,1.4914988853885155e-07
0,5373,1.491501662742058e-07
0,5374,1.4915127133930122e-07
0,5375,1.4915381511707102e-07
0,5376,1.4916091708736868e-07
0,5377,1.49167754659598e-07
0,5378,1.4916264374538338e-07
0,5379,1.4915652455857464e-07
0,5380,1.4915225929505792e-07
0,5381,1.4915136259215284e-07
0,5382,1.4915065889276567e-07
0,5383,1.4915031174825202e-07
0,5384,1.4915098762175306e-07
0,5385,1.491594918405937e-07
0,5386,2.9464834795574777e-07
0,5387,2.9466147889511745e-07
0,5388,2.9466320467641917e-07
0,5389,2.946621638112712e-07
0,5390,1.4916117156501423e-07
0,5391,1.4915080168951015e-07
0,5392,1.4914978817517801e-07
0,5393,1.4914932141467732e-07
0,5394,1.4914906318618014e-07
0,5395,1.4914902090587328e-07
0,5396,1.4914920544372378e-07
0,5397,1.491492983385996e-07
0,5398,1.4914950607295557e-07
0,5399,1.4914993402633686e-07
0,5400,1.49150603153417e-07
0,5401,1.4915115840527927e-07
0,5402,1.491522065125996e-07
0,5403,1.4915179112981068e-07
0,5404,1.4915072153536511e-07
0,5405,1.4914997575239957e-07
0,5406,1.491494444592911e-07
0,5407,1.491492092294596e-07
0,5408,1.4914923970719583e-07
0,5409,1.4914951351678953e-07
0,5410,1.4915026038382173e-07
0,5411,1.491522379088177e-07
0,5412,1.49568506878768e-07
0,5413,2.946468678459305e-07
0,5414,1.492426885952821e-07
0,5415,1.4915326064998138e-07
0,5416,1.4914975975748013e-07
0,5417,1.491491372354538e-07
0,5418,1.491487774426918e-07
0,5419,1.4914857433812306e-07
0,5420,1.4914877304861014e-07
0,5421,1.4914888912608655e-07
0,5422,1.491490731971338e-07
0,5423,1.4914925547309462e-07
0,5424,1.4914935150489258e-07
0,5425,1.4914947664735625e-07
0,5426,1.4914955340442483e-07
0,5427,1.4914963051738278e-07
0,5428,1.4914966678711674e-07
0,5429,1.4914983967518778e-07
0,5430,1.4915048858037952e-07
0,5431,1.4915278403411004e-07
0,5432,1.492020900015136e-07
0,5433,3575.165729834909
0,5434,5491.15073728412
0,5435,5729.931101047918
0,5436,5793.894337389799
0,5437,5754.198447616631
0,5438,5553.963661017661
0,5439,3938.1047813210184
0,5440,1.4915795331548127e-07
0,5441,1.4915000521963226e-07
0,5442,1.491492212205188e-07
0,5443,1.491489969123979e-07
0,5444,1.4914894882361342e-07
0,5445,1.4914899120618765e-07
0,5446,1.4914914372749378e-07
0,5447,1.491493360973226e-07
0,5448,1.4914940416166475e-07
0,5449,1.4914951166291224e-07
0,5450,1.4914961838716624e-07
0,5451,1.4914967117079007e-07
0,5452,1.49149794106306e-07
0,5453,1.491501474021762e-07
0,5454,1.4915180724306074e-07
0,5455,460.91542793081845
0,5456,7654.054572811329
0,5457,7654.054572811328
0,5458,7654.054572811329
0,5459,7654.054572811328
0,5460,7654.054572811328
0,5461,7654.054572811329
0,5462,7654.054572811329
0,5463,7654.054572811329
0,5464,7654.0545728113375
0,5465,1.491506188561881e-07
0,5466,1.4914910541352373e-07
0,5467,1.491488400678085e-07
0,5468,1.4914888320504164e-07
0,5469,1.4914902243576386e-07
0,5470,1.4914921980127105e-07
0,5471,1.4914946791370117e-07
0,5472,1.4914969894547474e-07
0,5473,1.491498293595191e-07
0,5474,1.4914974312278304e-07
0,5475,1.4914981382149251e-07
0,5476,1.4914978967687934e-07
0,5477,1.4914952823429192e-07
0,5478,1.4914946154086922e-07
0,5479,1.4914945849981765e-07
0,5480,1.491495025138993e-07
0,5481,1.4915005505959297e-07
0,5482,1.4915070529336605e-07
0,5483,1.4915545986358449e-07
0,5484,2.9465092880501904e-07
0,5485,2.946521875810343e-07
0,5486,1.491550079338582e-07
0,5487,1.4915081979289461e-07
0,5488,1.4914954265442476e-07
0,5489,1.4914904480369494e-07
0,5490,1.4914878089701414e-07
0,5491,1.4914872863768338e-07
0,5492,1.4914887210254035e-07
0,5493,1.4914897672496001e-07
0,5494,1.4914921680529518e-07
0,5495,1.491495942561056e-07
0,5496,1.4915017198160866e-07
0,5497,1.4915010909926502e-07
0,5498,1.4915009775504084e-07
0,5499,1.49149976371479e-07
0,5500,1.4914969220648062e-07
0,5501,1.491494087884433e-07
0,5502,1.4914928356195398e-07
0,5503,1.4914933595610528e-07
0,5504,1.4914988476840297e-07
0,5505,1.4915838272367213e-07
0,5506,2.9465561615600383e-07
0,5507,2.946593939263096e-07
0,5508,2.946608198165857e-07
0,5509,2.9466121598042743e-07
0,5510,2.946592712002073e-07
0,5511,1.4916623697653762e-07
0,5512,1.4914966894982902e-07
0,5513,1.4914895744649014e-07
0,5514,1.4914830868888542e-07
0,5515,1.4914802989846694e-07
0,5516,1.49148260127443e-07
0,5517,1.491485385649808e-07
0,5518,1.4914890133970534e-07
0,5519,1.4914914509545876e-07
0,5520,1.491493256854852e-07
0,5521,1.491494282792813e-07
0,5522,1.4914951100268733e-07
0,5523,1.4914959851482462e-07
0,5524,1.491495566771162e-07
0,5525,1.4914946820212605e-07
0,5526,1.4914962780091423e-07
0,5527,1.4915074732867032e-07
0,5528,5.522936944007152
0,5529,7360.491206734375
0,5530,7378.510492867541
0,5531,7381.151606957522
0,5532,7381.7298964479105
0,5533,7380.346526961686
0,5534,7372.607901199015
0,5535,6511.41708995975
0,5536,1.4915223711225436e-07
0,5537,1.4914931309188066e-07
0,5538,1.4914880489753685e-07
0,5539,1.4914863778341158e-07
0,5540,1.4914865859784357e-07
0,5541,1.491487201533677e-07
0,5542,1.491489570312407e-07
0,5543,1.491491747560047e-07
0,5544,1.4914942386815054e-07
0,5545,1.4914960921221378e-07
0,5546,1.4914973975243217e-07
0,5547,1.491497248028834e-07
0,5548,1.4914960744279583e-07
0,5549,1.4914950095511474e-07
0,5550,1.491494819428707e-07
0,5551,1.4914957612127927e-07
0,5552,1.4915022480561902e-07
0,5553,1.4916172276545694e-07
0,5554,2.946810054210757e-07
0,5555,2.9468241342711166e-07
0,5556,2.946827123921202e-07
0,5557,2.946826263496732e-07
0,5558,2.9468159992566446e-07
0,5559,2.946735618457514e-07
0,5560,1.4915069691082985e-07
0,5561,1.4914926760721428e-07
0,5562,1.4914895870538438e-07
0,5563,1.491488828728421e-07
0,5564,1.4914895342708163e-07
0,5565,1.4914908128988986e-07
0,5566,1.491493644222941e-07
0,5567,1.4914999980588555e-07
0,5568,1.491513430848621e-07
0,5569,1.4915341859007576e-07
0,5570,1.4915547378772194e-07
0,5571,1.4915294861220512e-07
0,5572,1.491518399760459e-07
0,5573,1.4915169338212725e-07
0,5574,1.4915221177404302e-07
0,5575,1.491536242037865e-07
0,5576,1.4920269527670229e-07
0,5577,1423.0227528864395
0,5578,1736.3927264417866
0,5579,1854.2734687876818
0,5580,1916.499745841397
0,5581,1880.7462309207533
0,5582,1573.0326444872705
0,5583,25.704478694044518
0,5584,1.4915068888133698e-07
0,5585,1.4914936656055763e-07
0,5586,1.4914911673782568e-07
0,5587,1.4914907253566205e-07
0,5588,1.4914914010975507e-07
0,5589,1.4914927604051825e-07
0,5590,1.4914964414146728e-07
0,5591,1.4915085865902173e-07
0,5592,1.491543923659046e-07
0,5593,1.4916489122782984e-07
0,5594,1.4926950647029696e-07
0,5595,530.6232165212992
0,5596,611.2722329622192
0,5597,3.4188052649780035e-07
0,5598,507.52137130261997
0,5599,2484.2120173917465
0,5600,3520.456909270467
0,5601,3936.177962670591
0,5602,5518.973217954855
0,5603,5524.991465971991
0,5604,6091.831264162305
0,5605,6216.457646232987
0,5606,6222.114933398943
0,5607,6121.182751968362
0,5608,4920.860984146312
0,5609,1.491525483423271e-07
0,5610,1.4914998107537145e-07
0,5611,1.4914968455366669e-07
0,5612,1.4914964307301314e-07
0,5613,1.4914968495680016e-07
0,5614,1.4914982456422842e-07
0,5615,1.4915007076577932e-07
0,5616,1.4915050156654656e-07
0,5617,1.4915130868724713e-07
0,5618,1.4915237397353405e-07
0,5619,1.4915452472717607e-07
0,5620,1.4915901698522274e-07
0,5621,97.0074058886806
0,5622,4270.243111979001
0,5623,7654.05457281133
0,5624,7654.054572811329
0,5625,7654.054572811329
0,5626,7654.054572811329
0,5627,7654.054572811329
0,5628,7654.054572811329
0,5629,7654.054572811329
0,5630,7654.054572811329
0,5631,7654.054572811328
0,5632,7654.054572811328
0,5633,7654.05457281133
0,5634,3.4088538325205203e-07
0,5635,3.4088226010453235e-07
0,5636,3.4088163437031313e-07
0,5637,3.4088180949661115e-07
0,5638,3.4088306428601504e-07
0,5639,3.4088687645258053e-07
0,5640,3.4090443879386447e-07
0,5641,392.58331837437515
0,5642,1316.8709079491814
0,5643,48.19799413295258
0,5644,3.4092024527488003e-07
0,5645,3.4090039585324026e-07
0,5646,3.40905456380216e-07
0,5647,3.414527736761387e-07
0,5648,7474.4957187964455
0,5649,7654.054572811331
0,5650,7654.054572811325
0,5651,7654.054572811327
0,5652,7654.054572811327
0,5653,7654.05457281133
0,5654,7654.054572811319
0,5655,7654.054572811342
0,5656,4760.193654543333
0,5657,1.4915199928654472e-07
0,5658,1.4914989542499902e-07
0,5659,1.4914957564162823e-07
0,5660,1.4914953297992615e-07
0,5661,1.4914953732803765e-07
0,5662,1.491497409339686e-07
0,5663,1.4915010560669745e-07
0,5664,1.4915065194508973e-07
0,5665,1.4915126890952283e-07
0,5666,1.4915149963595797e-07
0,5667,1.491514339643687e-07
0,5668,1.4915106298627238e-07
0,5669,1.491505222953537e-07
0,5670,1.4915070485467074e-07
0,5671,1.49152995090597e-07
0,5672,2.946741319319389e-07
0,5673,2.946776659587427e-07
0,5674,2.9467818195186117e-07
0,5675,2.9467806035978015e-07
0,5676,2.9467767712689245e-07
0,5677,2.946763883807102e-07
0,5678,1.4920660593541863e-07
0,5679,1.4915166248775924e-07
0,5680,1.4915008373665912e-07
0,5681,1.4914940860914338e-07
0,5682,1.4914921620966162e-07
0,5683,1.4914921135276114e-07
0,5684,1.4914931328101973e-07
0,5685,1.4914953384745052e-07
0,5686,1.491499961230134e-07
0,5687,1.491510474086453e-07
0,5688,1.4915481654211526e-07
0,5689,1.4915950187228272e-07
0,5690,1.4915621627709813e-07
0,5691,1.4915421620132038e-07
0,5692,1.4915243839972738e-07
0,5693,1.491516900773435e-07
0,5694,1.4915196099076215e-07
0,5695,1.491540950320782e-07
0,5696,1.4938396763702444e-07
0,5697,6968.075670508306
0,5698,7654.054572811329
0,5699,7654.054572811328
0,5700,7654.054572811328
0,5701,7654.054572811329
0,5702,7654.054572811329
0,5703,7654.054572811328
0,5704,7654.054572811329
0,5705,7654.054572811329
0,5706,7654.054572811328
0,5707,7654.054572811328
0,5708,7654.054572811328
0,5709,7654.054572811329
0,5710,7654.054572811328
0,5711,7654.054572811329
0,5712,7654.054572811328
0,5713,7654.054572811328
0,5714,7654.054572811329
0,5715,7654.054572811329
0,5716,7654.054572811329
0,5717,7654.054572811328
0,5718,7654.054572811329
0,5719,7654.054572811329
0,5720,7654.054572811329
0,5721,7654.054572811328
0,5722,7654.054572811329
0,5723,7654.054572811328
0,5724,7654.054572811328
0,5725,7654.054572811329
0,5726,7654.054572811328
0,5727,7654.054572811329
0,5728,7654.054572811329
0,5729,7654.054572811327
0,5730,3.408663330854971e-07
0,5731,3.408590700164447e-07
0,5732,3.4085740197752805e-07
0,5733,3.408565114311566e-07
0,5734,3.4091161301878304e-07
0,5735,5123.1967397098415
0,5736,6534.542959281697
0,5737,6536.045293503976
0,5738,6497.061105926107
0,5739,6221.687826062178
0,5740,4366.465637398138
0,5741,1199.9400597856634
0,5742,3.4084953297211333e-07
0,5743,3.4084531765445677e-07
0,5744,3.4085721733616335e-07
0,5745,2850.8328334969087
0,5746,5560.621979594706
0,5747,5618.768131412739
0,5748,5056.9817598665495
0,5749,1482.103263201802
0,5750,1.4915214932025738e-07
0,5751,1.491497765947875e-07
0,5752,1.4914911817593855e-07
0,5753,1.491488293111677e-07
0,5754,1.4914872408197427e-07
0,5755,1.4914875462904522e-07
0,5756,1.4914887417160467e-07
0,5757,1.4914905297166753e-07
0,5758,1.491493759951223e-07
0,5759,1.4915014831258077e-07
0,5760,1.4915131918424862e-07
0,5761,1.4915458527588296e-07
0,5762,1.491599941315922e-07
0,5763,1.4916709475642207e-07
0,5764,1.4916375249543804e-07
0,5765,1.491591271221386e-07
0,5766,1.4915670156674947e-07
0,5767,1.4916671480809775e-07
0,5768,2.946778277497877e-07
0,5769,2.946812982416937e-07
0,5770,2.946825203897817e-07
0,5771,2.9468267024576654e-07
0,5772,2.9468228276941996e-07
0,5773,2.9468123815661875e-07
0,5774,2.946781718747983e-07
0,5775,1.491565101014434e-07
0,5776,1.4915015893494313e-07
0,5777,1.491491800388882e-07
0,5778,1.491488386612459e-07
0,5779,1.4914876562028027e-07
0,5780,1.4914879719235595e-07
0,5781,1.4914880851730843e-07
0,5782,1.4914900618864194e-07
0,5783,1.4914914383829924e-07
0,5784,1.4914934174558225e-07
0,5785,1.491495670492989e-07
0,5786,1.4914980697841498e-07
0,5787,1.4914988731879885e-07
0,5788,1.4914985110053738e-07
0,5789,1.491499778821521e-07
0,5790,1.4915066832879402e-07
0,5791,1.4915297218056484e-07
0,5792,1.4916377649501207e-07
0,5793,2.946466659975184e-07
0,5794,2.94657123344204e-07
0,5795,2.9465668046420486e-07
0,5796,2.9465433430675685e-07
0,5797,2.946505999868289e-07
0,5798,1.492143519505381e-07
0,5799,1.4915293530253925e-07
0,5800,1.4915008981442545e-07
0,5801,1.4914919087868732e-07
0,5802,1.4914885144347453e-07
0,5803,1.491486759337213e-07
0,5804,1.4914874693207716e-07
0,5805,1.4914880529774297e-07
0,5806,1.4914902051182e-07
0,5807,1.4914926078666104e-07
0,5808,1.4914941078394452e-07
0,5809,1.4914956745668787e-07
0,5810,1.4914964858745512e-07
0,5811,1.4914962110195427e-07
0,5812,1.4914950874735707e-07
0,5813,1.4914932281777046e-07
0,5814,1.4914906105144028e-07
0,5815,1.4914889319924437e-07
0,5816,1.4914894605724447e-07
0,5817,1.4914920996373553e-07
0,5818,1.4914948162625657e-07
0,5819,1.4915034274767922e-07
0,5820,1.4915289129688726e-07
0,5821,1.4915332643473424e-07
0,5822,1.491502936863383e-07
0,5823,1.4914947157426586e-07
0,5824,1.491491359108027e-07
0,5825,1.4914884944965384e-07
0,5826,1.4914860359531868e-07
0,5827,1.4914876301486114e-07
0,5828,1.4914895281323347e-07
0,5829,1.4914908228461825e-07
0,5830,1.491493126105491e-07
0,5831,1.4914964885530727e-07
0,5832,1.4915061637775615e-07
0,5833,1.4915047607405325e-07
0,5834,1.4915026145327875e-07
0,5835,1.4914987821605425e-07
0,5836,1.491495837896515e-07
0,5837,1.491492725233664e-07
0,5838,1.4914904276981298e-07
0,5839,1.4914898222292213e-07
0,5840,1.4914912990703316e-07
0,5841,1.4914966297652557e-07
0,5842,1.491509454266916e-07
0,5843,1.4915365404197896e-07
0,5844,1.4920125329849227e-07
0,5845,2.9918474095136935e-07
0,5846,1.4915347469452952e-07
0,5847,1.4914991477621886e-07
0,5848,1.4914917324289215e-07
0,5849,1.4914841646050583e-07
0,5850,1.4914640240285687e-07
0,5851,1.4914576600689165e-07
0,5852,1.4914674861422482e-07
0,5853,1.4914835854535312e-07
0,5854,1.491489038402008e-07
0,5855,1.4914914874103436e-07
0,5856,1.491493631561628e-07
0,5857,1.4914944516369725e-07
0,5858,1.4914949981708193e-07
0,5859,1.4914949621595863e-07
0,5860,1.4914940417147678e-07
0,5861,1.491492279149251e-07
0,5862,1.4914907378246745e-07
0,5863,1.491491010158913e-07
0,5864,1.4914940983990258e-07
0,5865,1.491566610400041e-07
0,5866,2.946622685668309e-07
0,5867,2.946638826548174e-07
0,5868,2.946644387320828e-07
0,5869,2.946644088023566e-07
0,5870,2.9466333138100133e-07
0,5871,1.4916223407121705e-07
0,5872,1.4914983500826664e-07
0,5873,1.4914896436337474e-07
0,5874,1.4914826483762383e-07
0,5875,1.4914810497217612e-07
0,5876,1.4914843404672585e-07
0,5877,1.491488849107627e-07
0,5878,1.4914907993141165e-07
0,5879,1.4914927743797353e-07
0,5880,1.4914950704141916e-07
0,5881,1.4914964250153017e-07
0,5882,1.491497532087906e-07
0,5883,1.491497388875641e-07
0,5884,1.4914959696137975e-07
0,5885,1.4914929995956316e-07
0,5886,1.4914916086176413e-07
0,5887,1.491494240807897e-07
0,5888,1.4915082603101444e-07
0,5889,2.946500952636668e-07
0,5890,2.946615337022962e-07
0,5891,2.946615018384075e-07
0,5892,2.946611431057784e-07
0,5893,2.946574180709579e-07
0,5894,1.49153007924271e-07
0,5895,1.4914974125543453e-07
0,5896,1.491490867665745e-07
0,5897,1.4914860622404816e-07
0,5898,1.491482944082623e-07
0,5899,1.4914846317305827e-07
0,5900,1.491487102638718e-07
0,5901,1.4914902448536676e-07
0,5902,1.4914926449238275e-07
0,5903,1.4914953845371055e-07
0,5904,1.4915004260240817e-07
0,5905,1.4915045126561019e-07
0,5906,1.4915114263317343e-07
0,5907,1.4915138366259208e-07
0,5908,1.491512283776004e-07
0,5909,1.4915035105911886e-07
0,5910,1.4914968892451932e-07
0,5911,1.4914966290258298e-07
0,5912,1.4915009880652722e-07
0,5913,1.4915481605471217e-07
0,5914,3857.5700262415658
0,5915,6040.661133887268
0,5916,6204.821954010198
0,5917,6233.979085892397
0,5918,6182.192348380291
0,5919,5877.729072396625
0,5920,661.721058213619
0,5921,1.4915165913220773e-07
0,5922,1.491506894627133e-07
0,5923,1.4915052279243328e-07
0,5924,1.491505430981034e-07
0,5925,1.4915073169591156e-07
0,5926,1.4915114729098728e-07
0,5927,1.4915257023228766e-07
0,5928,1.4915324897396423e-07
0,5929,1.4915324247924086e-07
0,5930,1.4915389966857744e-07
0,5931,1.491545980790909e-07
0,5932,1.4915441475665814e-07
0,5933,1.491538477964966e-07
0,5934,1.491526495134602e-07
0,5935,1.491544908244723e-07
0,5936,1.4915605259317169e-07
0,5937,2.9465649301703336e-07
0,5938,2.946758565751536e-07
0,5939,2.9467761278670346e-07
0,5940,2.946784264406437e-07
0,5941,2.9467850897542565e-07
0,5942,2.9467770316747707e-07
0,5943,2.946735933448061e-07
0,5944,1.491523977523374e-07
0,5945,1.491495988793605e-07
0,5946,1.4914921480274667e-07
0,5947,1.4914910975255503e-07
0,5948,1.491491135454466e-07
0,5949,1.4914924347235892e-07
0,5950,1.4914944813270358e-07
0,5951,1.491497309593628e-07
0,5952,1.4915015756367133e-07
0,5953,1.491505290980447e-07
0,5954,1.4915098355117022e-07
0,5955,1.4915156435269038e-07
0,5956,1.4915211709275438e-07
0,5957,1.4915353194422604e-07
0,5958,1.4916407401217705e-07
0,5959,7654.054572811351
0,5960,7654.054572811329
0,5961,7654.054572811329
0,5962,7654.054572811329
0,5963,7654.054572811329
0,5964,7654.054572811328
0,5965,7654.054572811329
0,5966,7654.054572811329
0,5967,7654.054572811329
0,5968,229.6763037072205
0,5969,1.491504171097723e-07
0,5970,1.4914933247546394e-07
0,5971,1.4914914402703173e-07
0,5972,1.4914911739685797e-07
0,5973,1.491492629980811e-07
0,5974,1.4914957452075292e-07
0,5975,1.491500730056868e-07
0,5976,1.49150548273163e-07
0,5977,1.491512036966053e-07
0,5978,1.4915125111917464e-07
0,5979,1.49150949842891e-07
0,5980,1.4915063341829722e-07
0,5981,1.491500441476402e-07
0,5982,1.4914985727111142e-07
0,5983,1.4915019252203566e-07
0,5984,1.491523236078979e-07
0,5985,1824.5595590064484
0,5986,2979.4408908297137
0,5987,3282.0093021668717
0,5988,3347.0871455696833
0,5989,3244.794393694759
0,5990,2696.69214218967
0,5991,326.59021794124925
0,5992,1.491503511398377e-07
0,5993,1.491490675443205e-07
0,5994,1.4914865291467262e-07
0,5995,1.49148534889942e-07
0,5996,1.4914858999072272e-07
0,5997,1.491488651992896e-07
0,5998,1.4914913197696484e-07
0,5999,1.4914941755104659e-07
0,6000,1.4914989218678528e-07
0,6001,1.4915046735964276e-07
0,6002,1.4915096888728162e-07
0,6003,1.4915105908577374e-07
0,6004,1.4915099047000638e-07
0,6005,1.491502172949982e-07
0,6006,1.4914984047616924e-07
0,6007,1.4915010710492933e-07
0,6008,1.4915186766700306e-07
0,6009,5146.643107166557
0,6010,7654.054572811334
0,6011,7654.054572811325
0,6012,7654.0545728113275
0,6013,7654.0545728113275
0,6014,7654.054572811318
0,6015,7654.054572811329
0,6016,1.491523604650526e-07
0,6017,1.4914954964156566e-07
0,6018,1.4914926008057438e-07
0,6019,1.4914923957717288e-07
0,6020,1.4914935446544214e-07
0,6021,1.4914963607356654e-07
0,6022,1.4915042942706793e-07
0,6023,1.491528373294773e-07
0,6024,1.4917273718977422e-07
0,6025,2.946580166917202e-07
0,6026,2.9467379126157586e-07
0,6027,2.9468315483101174e-07
0,6028,2.946727228318345e-07
0,6029,1.4916294452821952e-07
0,6030,1.491571710672459e-07
0,6031,1.491595552900293e-07
0,6032,3648.248399134082
0,6033,7654.054572811329
0,6034,7654.054572811329
0,6035,7654.054572811329
0,6036,7654.054572811329
0,6037,7654.054572811328
0,6038,7654.054572811328
0,6039,7654.05457275847
0,6040,1.4915352577777197e-07
0,6041,1.491496864157568e-07
0,6042,1.4914926549085164e-07
0,6043,1.4914917531995246e-07
0,6044,1.4914921036548665e-07
0,6045,1.4914941942731266e-07
0,6046,1.4914980714557185e-07
0,6047,1.4915060394206565e-07
0,6048,1.4915220181835657e-07
0,6049,1.4915364716781192e-07
0,6050,1.4915658455731998e-07
0,6051,1.4915532839653587e-07
0,6052,1.4915317915939453e-07
0,6053,1.49151307685363e-07
0,6054,1.4915056340447826e-07
0,6055,1.4915091810579974e-07
0,6056,1.4915381290364518e-07
0,6057,2015.4453877927383
0,6058,5790.311600900958
0,6059,6227.135776787904
0,6060,6330.331431473017
0,6061,6343.21980631744
0,6062,6277.229987270185
0,6063,5732.634835283055
0,6064,1.491586897006366e-07
0,6065,1.491496258969197e-07
0,6066,1.4914918435414838e-07
0,6067,1.491491107133479e-07
0,6068,1.4914911615146204e-07
0,6069,1.491493414053054e-07
0,6070,1.4914965815494298e-07
0,6071,1.491501525472034e-07
0,6072,1.4915103310983468e-07
0,6073,1.491513099783693e-07
0,6074,1.49151246788573e-07
0,6075,1.4915099343172145e-07
0,6076,1.4915048082128667e-07
0,6077,1.491498736729761e-07
0,6078,1.491495102822892e-07
0,6079,1.4914958451156752e-07
0,6080,1.4915017619235174e-07
0,6081,1.4915996739080272e-07
0,6082,2.9468080779850416e-07
0,6083,2.946824518220716e-07
0,6084,2.9468284095529595e-07
0,6085,2.946826661639622e-07
0,6086,2.946811560418567e-07
0,6087,1.4916546859169728e-07
0,6088,1.4914949240853875e-07
0,6089,1.4914871131053347e-07
0,6090,1.491483011685881e-07
0,6091,1.4914822784177256e-07
0,6092,1.4914830462768093e-07
0,6093,1.4914863689878392e-07
0,6094,1.491489585875045e-07
0,6095,1.491491710208198e-07
0,6096,1.491493077046156e-07
0,6097,1.4914945511716108e-07
0,6098,1.4914964063962978e-07
0,6099,1.4914983952017398e-07
0,6100,1.4914989845133254e-07
0,6101,1.4914990231851906e-07
0,6102,1.4915052846863823e-07
0,6103,1.4915704208906468e-07
0,6104,6603.801212676062
0,6105,7654.05457281133
0,6106,7654.054572811329
0,6107,7654.054572811329
0,6108,7654.054572811329
0,6109,7654.054572811328
0,6110,7654.054572811329
0,6111,7654.054572811329
0,6112,74.50310458862435
0,6113,1.4914981534777812e-07
0,6114,1.4914923649345796e-07
0,6115,1.4914910396199386e-07
0,6116,1.4914910348751988e-07
0,6117,1.4914919989306944e-07
0,6118,1.4914934288426558e-07
0,6119,1.4914957642916558e-07
0,6120,1.4914991515972828e-07
0,6121,1.4915033728330027e-07
0,6122,1.4915078711205958e-07
0,6123,1.4915130597847642e-07
0,6124,1.491518958693784e-07
0,6125,1.49153167117161e-07
0,6126,1.491633711763027e-07
0,6127,7654.0545728113275
0,6128,7654.054572811329
0,6129,7654.054572811329
0,6130,7654.054572811329
0,6131,7654.054572811329
0,6132,7654.054572811328
0,6133,7654.054572811329
0,6134,7654.054572811329
0,6135,7654.05457281133
0,6136,7654.054572811331
0,6137,1.4915097854353854e-07
0,6138,1.4914944507696108e-07
0,6139,1.4914926236561177e-07
0,6140,1.4914924863381179e-07
0,6141,1.4914936668350615e-07
0,6142,1.491495968645876e-07
0,6143,1.4915001782998772e-07
0,6144,1.4915034418768944e-07
0,6145,1.491506970365702e-07
0,6146,1.491511215272808e-07
0,6147,1.4915171751305237e-07
0,6148,1.491523405428919e-07
0,6149,1.4915127885363542e-07
0,6150,1.4915108520282172e-07
0,6151,1.4915285311033807e-07
0,6152,5051.407071705693
0,6153,7654.054572811328
0,6154,7654.054572811328
0,6155,7654.054572811329
0,6156,7654.054572811329
0,6157,7654.054572811329
0,6158,7654.054572811329
0,6159,7654.05457281133
0,6160,1.4915116483671235e-07
0,6161,1.491491301233044e-07
0,6162,1.4914881823840064e-07
0,6163,1.491487761486423e-07
0,6164,1.4914887014186914e-07
0,6165,1.491490929471774e-07
0,6166,1.491492949815844e-07
0,6167,1.4914956219367237e-07
0,6168,1.491499133278874e-07
0,6169,1.4915012077704399e-07
0,6170,1.4915006396121807e-07
0,6171,1.4915010084420388e-07
0,6172,1.4914989464066006e-07
0,6173,1.4914956186196072e-07
0,6174,1.4914942016592539e-07
0,6175,1.491498192657324e-07
0,6176,1.4915169001123428e-07
0,6177,787.3485734997683
0,6178,1685.435241679681
0,6179,1901.214180462803
0,6180,1971.1017179693704
0,6181,1935.8231106062838
0,6182,1650.3323979420138
0,6183,1.4920253180498132e-07
0,6184,1.4914955196788406e-07
0,6185,1.4914858224957341e-07
0,6186,1.4914803286525066e-07
0,6187,1.4914802715497466e-07
0,6188,1.491483296732119e-07
0,6189,1.4914885461655481e-07
0,6190,1.4914915716284578e-07
0,6191,1.4914942571536e-07
0,6192,1.4914973598973563e-07
0,6193,1.4914987229986115e-07
0,6194,1.4914981907287995e-07
0,6195,1.4914970708899858e-07
0,6196,1.4914950732938326e-07
0,6197,1.4914921107921694e-07
0,6198,1.4914897637010064e-07
0,6199,1.4914907614421214e-07
0,6200,1.4914942240789285e-07
0,6201,1.4915183836153333e-07
0,6202,2.940761494295567e-07
0,6203,2.9465916528162396e-07
0,6204,2.9466063352333056e-07
0,6205,2.9465970532852655e-07
0,6206,1.4916007616693643e-07
0,6207,1.491499689435286e-07
0,6208,1.4914906175389486e-07
0,6209,1.491481757722856e-07
0,6210,1.49147748933681e-07
0,6211,1.49148014192389e-07
0,6212,1.4914842406520828e-07
0,6213,1.4914890992563786e-07
0,6214,1.491491419831751e-07
0,6215,1.4914939574917747e-07
0,6216,1.4914970643630887e-07
0,6217,1.4914989505141005e-07
0,6218,1.4915010012277576e-07
0,6219,1.4915003491574002e-07
0,6220,1.4914986457145122e-07
0,6221,1.4914956165663993e-07
0,6222,1.4914929314575908e-07
0,6223,1.4914936803547916e-07
0,6224,1.491502643419457e-07
0,6225,1.4916945325569577e-07
0,6226,2513.7652963812598
0,6227,4181.012892836472
0,6228,4654.547812490562
0,6229,4753.518085039152
0,6230,4574.24275533123
0,6231,3413.8812956901056
0,6232,1.4915479110510599e-07
0,6233,1.4915027975011198e-07
0,6234,1.491499593463336e-07
0,6235,1.4914991914181312e-07
0,6236,1.4914997325792142e-07
0,6237,1.4915024191994005e-07
0,6238,1.4915089170086898e-07
0,6239,1.4915294398171316e-07
0,6240,1.4915790406538074e-07
0,6241,1.4916254413468825e-07
0,6242,1.4916418542983384e-07
0,6243,1.491630912591542e-07
0,6244,1.4915659193699628e-07
0,6245,1.491529095325715e-07
0,6246,1.491519742429653e-07
0,6247,1.4915279606506787e-07
0,6248,1.4917505359739224e-07
0,6249,7654.054572811328
0,6250,7654.054572811329
0,6251,7654.054572811328
0,6252,7654.054572811328
0,6253,7654.054572811328
0,6254,7654.05457281133
0,6255,7654.054572811328
0,6256,1.491510058864126e-07
0,6257,1.491495127347545e-07
0,6258,1.4914936082829943e-07
0,6259,1.4914944404680638e-07
0,6260,1.4914959718816774e-07
0,6261,1.491498905711343e-07
0,6262,1.4915046024570442e-07
0,6263,1.4915184549533968e-07
0,6264,1.491524869038155e-07
0,6265,1.4915431428662437e-07
0,6266,1.4915536282046984e-07
0,6267,1.4915566898398452e-07
0,6268,1.491549529226868e-07
0,6269,1.491534892253594e-07
0,6270,1.4915436310038773e-07
0,6271,0.22717396327134612
0,6272,7654.054572811336
0,6273,7654.054572811328
0,6274,7654.054572811329
0,6275,7654.054572811328
0,6276,7654.054572811329
0,6277,7654.054572811329
0,6278,7654.054572811329
0,6279,7654.054572811328
0,6280,1.4915758731148766e-07
0,6281,1.4915070421615698e-07
0,6282,1.491504651187324e-07
0,6283,1.491505023330775e-07
0,6284,1.4915065557475466e-07
0,6285,1.4915100940985282e-07
0,6286,1.4915161812028188e-07
0,6287,1.4915340570620318e-07
0,6288,1.4915611155691053e-07
0,6289,1.491580974220504e-07
0,6290,1.4915636497211926e-07
0,6291,1.4915522575636303e-07
0,6292,1.4915447152198734e-07
0,6293,1.4915447448776817e-07
0,6294,1.4915693335581116e-07
0,6295,6746.59975864865
0,6296,7654.054572811329
0,6297,7654.054572811328
0,6298,7654.054572811329
0,6299,7654.054572811328
0,6300,7654.054572811328
0,6301,7654.054572811328
0,6302,7654.054572811329
0,6303,7654.054572811328
0,6304,1.4918321234144477e-07
0,6305,1.4914980327353352e-07
0,6306,1.4914941999773852e-07
0,6307,1.4914944941856736e-07
0,6308,1.491495662630897e-07
0,6309,1.491497916286601e-07
0,6310,1.4915026229860408e-07
0,6311,1.4915080937365753e-07
0,6312,1.4915115427200244e-07
0,6313,1.4915102913840212e-07
0,6314,1.491507504947304e-07
0,6315,1.4915059680140172e-07
0,6316,1.4915011965486763e-07
0,6317,1.4914967438610003e-07
0,6318,1.491495335228946e-07
0,6319,1.4914986804219921e-07
0,6320,1.4915147100819592e-07
0,6321,879.103779931669
0,6322,2822.5795241873097
0,6323,3293.7007642979033
0,6324,3403.2514297056296
0,6325,3249.6937135914163
0,6326,2475.2523354954806
0,6327,1.4916221993492833e-07
0,6328,1.491494987979861e-07
0,6329,1.491487990180711e-07
0,6330,1.491486108372742e-07
0,6331,1.4914874281240706e-07
0,6332,1.4914893585254389e-07
0,6333,1.4914918511935117e-07
0,6334,1.4914942426835667e-07
0,6335,1.4914970222228608e-07
0,6336,1.4914993544956905e-07
0,6337,1.4914996903335476e-07
0,6338,1.4914984086455757e-07
0,6339,1.4914967719629785e-07
0,6340,1.4914949692844208e-07
0,6341,1.491492128653045e-07
0,6342,1.4914900555844943e-07
0,6343,1.4914913900178177e-07
0,6344,1.4914987090040009e-07
0,6345,1.4921028503237627e-07
0,6346,2.946668424671714e-07
0,6347,2.946676426126573e-07
0,6348,2.946677906076633e-07
0,6349,2.946672751204878e-07
0,6350,2.94662972582778e-07
0,6351,1.4915001042645898e-07
0,6352,1.4914883808022196e-07
0,6353,1.491464823644205e-07
0,6354,1.4914596093283552e-07
0,6355,1.4914603151098172e-07
0,6356,1.4914642359849435e-07
0,6357,1.4914813321678113e-07
0,6358,1.4914882077811712e-07
0,6359,1.491491111644302e-07
0,6360,1.4914929950520114e-07
0,6361,1.4914937533964077e-07
0,6362,1.4914943306050445e-07
0,6363,1.4914941624704953e-07
0,6364,1.4914929343675895e-07
0,6365,1.4914908825610566e-07
0,6366,1.4914882029955028e-07
0,6367,1.491484295299938e-07
0,6368,1.4914864141388966e-07
0,6369,1.4914906590872022e-07
0,6370,1.491494473969911e-07
0,6371,1.4915082690423087e-07
0,6372,1.491588251666294e-07
0,6373,1.4915756844666801e-07
0,6374,1.4915052638377166e-07
0,6375,1.491492740061755e-07
0,6376,1.4914864800562202e-07
0,6377,1.4914592169027342e-07
0,6378,1.4914544711169928e-07
0,6379,1.4914572355853345e-07
0,6380,1.4914651397815665e-07
0,6381,1.491484630510042e-07
0,6382,1.491489862394304e-07
0,6383,1.4914932563414823e-07
0,6384,1.4914971189233946e-07
0,6385,1.491503843787116e-07
0,6386,1.4915155339596006e-07
0,6387,1.4915359568270993e-07
0,6388,1.4915422027702609e-07
0,6389,1.4915151902425753e-07
0,6390,1.4914987652635226e-07
0,6391,1.491495014766431e-07
0,6392,1.4914989153656214e-07
0,6393,1.4915459202230388e-07
0,6394,2.9466417229275996e-07
0,6395,2.946666488656889e-07
0,6396,2.9466738480683633e-07
0,6397,2.9466735623317596e-07
0,6398,2.9466601045790523e-07
0,6399,1.4915248452640408e-07
0,6400,1.4914926075505655e-07
0,6401,1.4914872731953749e-07
0,6402,1.4914869612560441e-07
0,6403,1.49148869777008e-07
0,6404,1.4914901285263639e-07
0,6405,1.49149234958309e-07
0,6406,1.4914992351217787e-07
0,6407,1.4915374602669416e-07
0,6408,2.946629203022782e-07
0,6409,2.946657891436189e-07
0,6410,2.9466624389568605e-07
0,6411,2.9466621783162845e-07
0,6412,2.946656436290506e-07
0,6413,2.946639960672978e-07
0,6414,1.4917947367711873e-07
0,6415,1.491501564459402e-07
0,6416,1.4914986594546063e-07
0,6417,1.4915090764216457e-07
0,6418,1.4915409155067793e-07
0,6419,1.4915491140343566e-07
0,6420,1.4915595862778175e-07
0,6421,1.4915218771852415e-07
0,6422,1.4915043979087518e-07
0,6423,1.4914963658303314e-07
0,6424,1.491490197041978e-07
0,6425,1.4914809385205654e-07
0,6426,1.4914801824142333e-07
0,6427,1.491486224991425e-07
0,6428,1.4914890371971884e-07
0,6429,1.4914920818447845e-07
0,6430,1.4914963657034798e-07
0,6431,1.491503583082301e-07
0,6432,1.4915159277160799e-07
0,6433,1.4915463264071854e-07
0,6434,1.4917129265393128e-07
0,6435,1.4925678832952032e-07
0,6436,1.491650589360708e-07
0,6437,1.4915334415669637e-07
0,6438,1.491512959827558e-07
0,6439,1.491502555384138e-07
0,6440,1.4914988885671252e-07
0,6441,1.4914981853934406e-07
0,6442,1.4914995670814446e-07
0,6443,1.491500475176116e-07
0,6444,1.491504550463858e-07
0,6445,1.491517879428797e-07
0,6446,1.4915130677140768e-07
0,6447,1.4915031639037204e-07
0,6448,1.4914965100996935e-07
0,6449,1.4914919983728724e-07
0,6450,1.4914913981162658e-07
0,6451,1.4914910997522305e-07
0,6452,1.491491680144356e-07
0,6453,1.4914929043045606e-07
0,6454,1.4914940612133307e-07
0,6455,1.491494603250178e-07
0,6456,1.491496423380867e-07
0,6457,1.4914979685383693e-07
0,6458,1.4914991885327982e-07
0,6459,1.4914982927194268e-07
0,6460,1.4914976066316842e-07
0,6461,1.491496266847281e-07
0,6462,1.4914959144699197e-07
0,6463,1.4914977981112746e-07
0,6464,1.491506135143782e-07
0,6465,1.491525471813092e-07
0,6466,1.4915756988586508e-07
0,6467,1.4915651602809906e-07
0,6468,1.491587881469528e-07
0,6469,1.492410457475319e-07
0,6470,1.491611182182558e-07
0,6471,1.4915164236336772e-07
0,6472,1.4914981417347875e-07
0,6473,1.491492046432302e-07
0,6474,1.491491425536552e-07
0,6475,1.4914930710765387e-07
0,6476,1.491497485957814e-07
0,6477,1.4915096428947837e-07
0,6478,1.491559667939112e-07
0,6479,2.943773410723637e-07
0,6480,2.9461971623098975e-07
0,6481,2.946130742975672e-07
0,6482,1.4917155878005524e-07
0,6483,1.491531400035957e-07
0,6484,1.491507566640305e-07
0,6485,1.4914958685799786e-07
0,6486,1.4914897907187825e-07
0,6487,1.4914871938892385e-07
0,6488,1.4914887353550325e-07
0,6489,1.4914925938665788e-07
0,6490,1.4914967820005222e-07
0,6491,1.4915041200645979e-07
0,6492,1.4915174648350363e-07
0,6493,1.4915028723883192e-07
0,6494,1.4914935065750727e-07
0,6495,1.4914890969134178e-07
0,6496,1.4914764076323682e-07
0,6497,1.4913847462124318e-07
0,6498,1.4913788726544984e-07
0,6499,1.4913879807626463e-07
0,6500,1.4914407198287445e-07
0,6501,1.4914791207406978e-07
0,6502,1.4914877891354758e-07
0,6503,1.4914905865025772e-07
0,6504,1.4914928356390554e-07
0,6505,1.4914938685695782e-07
0,6506,1.4914943777800363e-07
0,6507,1.4914939704623563e-07
0,6508,1.491493167205156e-07
0,6509,1.4914907388988478e-07
0,6510,1.491486326073491e-07
0,6511,1.4914837881947296e-07
0,6512,1.4914872455913165e-07
0,6513,1.4914907743766533e-07
0,6514,1.4914928711941104e-07
0,6515,1.4914936982915613e-07
0,6516,1.4914962738718268e-07
0,6517,1.4914959591742858e-07
0,6518,1.4914916233617066e-07
0,6519,1.4914861054857826e-07
0,6520,1.4914554486553555e-07
0,6521,1.4913773099250603e-07
0,6522,1.4913798645829345e-07
0,6523,1.4913880735156e-07
0,6524,1.491426918633857e-07
0,6525,1.491479306244979e-07
0,6526,1.4914874466295043e-07
0,6527,1.491489739657468e-07
0,6528,1.4914914707044144e-07
0,6529,1.4914923011290107e-07
0,6530,1.4914926284290467e-07
0,6531,1.4914925658217923e-07
0,6532,1.4914921710128238e-07
0,6533,1.4914899906944522e-07
0,6534,1.4914840584128765e-07
0,6535,1.4914732238911202e-07
0,6536,1.4914812565479624e-07
0,6537,1.4914892158623223e-07
0,6538,1.491492603788113e-07
0,6539,1.4914955095261004e-07
0,6540,1.4915047959041905e-07
0,6541,1.4915100885932206e-07
0,6542,1.4914984224488246e-07
0,6543,1.4914916755305336e-07
0,6544,1.4914828357586287e-07
0,6545,1.4914071242024636e-07
0,6546,1.4914123282530872e-07
0,6547,1.4914553916986917e-07
0,6548,1.4914803416076383e-07
0,6549,1.491488414905257e-07
0,6550,1.4914914872436475e-07
0,6551,1.4914953721284117e-07
0,6552,1.4915025746065004e-07
0,6553,1.4915122053038902e-07
0,6554,1.4915243544215938e-07
0,6555,1.4915303360335552e-07
0,6556,1.4915210867476477e-07
0,6557,1.4915029451621374e-07
0,6558,1.491493406689424e-07
0,6559,1.4914914147118774e-07
0,6560,1.4914934083084088e-07
0,6561,1.4915048962235201e-07
0,6562,1.4919051127620323e-07
0,6563,2.946570360099843e-07
0,6564,2.946588740094093e-07
0,6565,2.946589643667099e-07
0,6566,2.9464913451742727e-07
0,6567,1.4914978234301058e-07
0,6568,1.4914890908242673e-07
0,6569,1.4914829816082154e-07
0,6570,1.4914852543252777e-07
0,6571,1.4914877435762163e-07
0,6572,1.4914904412341229e-07
0,6573,1.4914914254920996e-07
0,6574,1.4914925702350372e-07
0,6575,1.4914946777259226e-07
0,6576,1.4914967924649705e-07
0,6577,1.491496226132779e-07
0,6578,1.4914961713491273e-07
0,6579,1.4914952268922123e-07
0,6580,1.4914942184763138e-07
0,6581,1.491492889162051e-07
0,6582,1.4914902920823273e-07
0,6583,1.4914895850995694e-07
0,6584,1.491492301896897e-07
0,6585,1.4915026194705153e-07
0,6586,1.491569137063273e-07
0,6587,7654.054572470427
0,6588,7654.05457247048
0,6589,7654.054572470481
0,6590,7654.0545724704825
0,6591,7633.828621420724
0,6592,1397.8755148530618
0,6593,1279.5320963436416
0,6594,1424.6653920583096
0,6595,2223.4993711521497
0,6596,6706.022095866534
0,6597,7654.054572811338
0,6598,7654.054572811329
0,6599,7654.054572811329
0,6600,7654.054572811329
0,6601,7654.054572811329
0,6602,7654.054572811329
0,6603,7654.054572811329
0,6604,7654.054572811329
0,6605,7654.054572811328
0,6606,7654.054572811328
0,6607,7654.054572811329
0,6608,7654.054572811329
0,6609,7654.054572811329
0,6610,7654.054572811329
0,6611,7654.054572811328
0,6612,7654.054572811328
0,6613,7654.054572811329
0,6614,7654.05457281133
0,6615,1360.3482970291973
0,6616,1.4915281146830103e-07
0,6617,1.491508416804157e-07
0,6618,1.491506023582089e-07
0,6619,1.4915059103301248e-07
0,6620,1.4915068958915837e-07
0,6621,1.4915088641850047e-07
0,6622,1.4915129842188544e-07
0,6623,1.4915247245630655e-07
0,6624,1.4915336674756652e-07
0,6625,1.491593960971664e-07
0,6626,202.65012145258922
0,6627,4250.563739835714
0,6628,7538.536590329051
0,6629,7654.054572811325
0,6630,7654.054572811329
0,6631,7654.054572811328
0,6632,7654.054572811328
0,6633,7654.054572811329
0,6634,7654.054572811328
0,6635,7654.054572811328
0,6636,7654.054572811328
0,6637,7654.054572811328
0,6638,7654.054572811329
0,6639,7654.054572811328
0,6640,1.492788953152502e-07
0,6641,1.491500760715395e-07
0,6642,1.49149785054546e-07
0,6643,1.4914984293280874e-07
0,6644,1.4915012190537319e-07
0,6645,1.4915080327843554e-07
0,6646,1.491530694961666e-07
0,6647,1.4920366257764866e-07
0,6648,2.946633857849111e-07
0,6649,2.9466637632637356e-07
0,6650,2.9466629520013285e-07
0,6651,2.946669853155781e-07
0,6652,2.9466542585956327e-07
0,6653,1.4917324321855972e-07
0,6654,1.491505914884587e-07
0,6655,1.491494464998409e-07
0,6656,1.4914944529838227e-07
0,6657,1.4914993971313988e-07
0,6658,1.4915128908739262e-07
0,6659,1.491542611584953e-07
0,6660,1.491564083307194e-07
0,6661,1.491580288741812e-07
0,6662,1.4915160144191855e-07
0,6663,1.491494661501108e-07
0,6664,1.4914912165148414e-07
0,6665,1.491489992447336e-07
0,6666,1.4914907429521376e-07
0,6667,1.491492622788485e-07
0,6668,1.4914972632507615e-07
0,6669,1.4915073871408775e-07
0,6670,1.491548424326734e-07
0,6671,2.946807081506209e-07
0,6672,2.946871777950483e-07
0,6673,2.946885980743613e-07
0,6674,2.9468910780539904e-07
0,6675,2.946891196993137e-07
0,6676,2.9468897799392714e-07
0,6677,2.946881971411142e-07
0,6678,2.946780376289395e-07
0,6679,1.4915503195508917e-07
0,6680,1.4915502772171337e-07
0,6681,2.9467120633212655e-07
0,6682,2.9467753271956564e-07
0,6683,2.946727499450203e-07
0,6684,2.9463507535956376e-07
0,6685,1.4916458731926594e-07
0,6686,1.4915246142628417e-07
0,6687,1.4915076305529388e-07
0,6688,1.4914995121503415e-07
0,6689,1.4914966169749227e-07
0,6690,1.4914960964421413e-07
0,6691,1.4914964820427097e-07
0,6692,1.4915001139115497e-07
0,6693,1.4915088426161577e-07
0,6694,1.4915272490532852e-07
0,6695,1.4925763113906644e-07
0,6696,2.9466581022273173e-07
0,6697,2.9466673914530644e-07
0,6698,2.946661492974202e-07
0,6699,2.9466466156441483e-07
0,6700,2.946410850795749e-07
0,6701,1.4915602701849585e-07
0,6702,1.491501667643194e-07
0,6703,1.4914937433230854e-07
0,6704,1.4914930547785406e-07
0,6705,1.491495549953289e-07
0,6706,1.491499225947802e-07
0,6707,1.4915090086793387e-07
0,6708,1.4921575976830238e-07
0,6709,2.9466067481213453e-07
0,6710,1.4948215710055592e-07
0,6711,1.491512734542273e-07
0,6712,1.491496544880086e-07
0,6713,1.4914934857464647e-07
0,6714,1.4914937057245803e-07
0,6715,1.4914954751802018e-07
0,6716,1.4915026022457954e-07
0,6717,1.4915157515307874e-07
0,6718,1.4915646784794344e-07
0,6719,2.946812351859048e-07
0,6720,2.9469287325222925e-07
0,6721,2.9469439792150897e-07
0,6722,2.9469485384489395e-07
0,6723,2.946948630782307e-07
0,6724,2.946933135815886e-07
0,6725,1.492002982080205e-07
0,6726,1.4915749650809204e-07
0,6727,1.491572477654152e-07
0,6728,1.4915755259921012e-07
0,6729,1.491615872107493e-07
0,6730,462.5858053954714
0,6731,2076.6354491288876
0,6732,4541.290586823926
0,6733,5068.358466198177
0,6734,5032.476959538427
0,6735,4275.380158296648
0,6736,1885.95886627123
0,6737,3.415898847138857e-07
0,6738,3.420072756839254e-07
0,6739,781.3953143036142
0,6740,3969.008129467713
0,6741,4703.009116011537
0,6742,4569.831656589727
0,6743,4781.033173101859
0,6744,4780.462169972404
0,6745,4252.267296104467
0,6746,2500.3645936819757
0,6747,392.2153848191867
0,6748,1.4915484488313294e-07
0,6749,1.4915005264193055e-07
0,6750,1.4914917635447107e-07
0,6751,1.4914872365612676e-07
0,6752,1.4914857084834731e-07
0,6753,1.491488733501589e-07
0,6754,1.4914911655855285e-07
0,6755,1.4914924185399745e-07
0,6756,1.4914937032387758e-07
0,6757,1.4914943025879051e-07
0,6758,1.4914919946741167e-07
0,6759,1.491488810334389e-07
0,6760,1.491483667721979e-07
0,6761,1.4914787395872557e-07
0,6762,1.4914792318388944e-07
0,6763,1.491484198758782e-07
0,6764,1.4914892486279962e-07
0,6765,1.4914926897339033e-07
0,6766,1.4914957740782067e-07
0,6767,1.4915019851550527e-07
0,6768,1.4915128413510947e-07
0,6769,1.4915170239816278e-07
0,6770,1.491533704735086e-07
0,6771,1.491574838099704e-07
0,6772,1.4915969656002738e-07
0,6773,1.4915956430449273e-07
0,6774,1.4915317537295397e-07
0,6775,1.4915250220887415e-07
0,6776,1.4915385437462222e-07
0,6777,1.4918180647025708e-07
0,6778,2.9466364497216825e-07
0,6779,2.9466769000904315e-07
0,6780,2.9466864762025787e-07
0,6781,2.9466885614675906e-07
0,6782,2.946685010679455e-07
0,6783,2.9465603775316856e-07
0,6784,1.4914990282719962e-07
0,6785,1.491491746814116e-07
0,6786,1.4914906621687758e-07
0,6787,1.491490589129599e-07
0,6788,1.4914928388626595e-07
0,6789,1.4914954330304871e-07
0,6790,1.4914985341005064e-07
0,6791,1.4915007602359065e-07
0,6792,1.4915106399279146e-07
0,6793,1.491524517289089e-07
0,6794,1.4915916914936557e-07
0,6795,1.4917152311134875e-07
0,6796,1.4926976749817704e-07
0,6797,1.50060490437939e-07
0,6798,1.4916391883679821e-07
0,6799,1.4917999583831756e-07
0,6800,2.9466531642816486e-07
0,6801,2.9466778616660857e-07
0,6802,2.9466797852440276e-07
0,6803,2.946670239975806e-07
0,6804,2.9466618580142314e-07
0,6805,2.9466484736213536e-07
0,6806,2.9465619329460116e-07
0,6807,1.4915119692009778e-07
0,6808,1.4914922702395487e-07
0,6809,1.4914868137389545e-07
0,6810,1.4914823431443243e-07
0,6811,1.491481864660698e-07
0,6812,1.4914871063260895e-07
0,6813,1.4914900007929823e-07
0,6814,1.491491732936328e-07
0,6815,1.491493772258273e-07
0,6816,1.491495813168574e-07
0,6817,1.4914978598752908e-07
0,6818,1.491498425245795e-07
0,6819,1.4914969285551114e-07
0,6820,1.491494928721707e-07
0,6821,1.491491904769091e-07
0,6822,1.4914855688008283e-07
0,6823,1.4914508209273045e-07
0,6824,1.4914590929009054e-07
0,6825,1.4914837472070086e-07
0,6826,1.4914874527991568e-07
0,6827,1.4914894744949558e-07
0,6828,1.4914909932442749e-07
0,6829,1.491492255986627e-07
0,6830,1.4914904847347535e-07
0,6831,1.49148523812025e-07
0,6832,1.4914246598593636e-07
0,6833,1.491407571222814e-07
0,6834,1.4914067022423622e-07
0,6835,1.4914080356576197e-07
0,6836,1.4914330580183765e-07
0,6837,1.4914793516879578e-07
0,6838,1.4914868811001644e-07
0,6839,1.491490491682863e-07
0,6840,1.4914929767536602e-07
0,6841,1.4914939002006345e-07
0,6842,1.4914941882354757e-07
0,6843,1.491493615590517e-07
0,6844,1.4914925700279546e-07
0,6845,1.4914902071470133e-07
0,6846,1.491481259280965e-07
0,6847,1.4914293793819337e-07
0,6848,1.4914394761347404e-07
0,6849,1.4914769871335505e-07
0,6850,1.4914889482844787e-07
0,6851,1.4914919739317028e-07
0,6852,1.491494333980166e-07
0,6853,1.49149354169211e-07
0,6854,1.491491172350679e-07
0,6855,1.4914874508402745e-07
0,6856,1.4914678402798117e-07
0,6857,1.4914428244500177e-07
0,6858,1.491462726381683e-07
0,6859,1.4914817573599194e-07
0,6860,1.491489535862154e-07
0,6861,1.4914929954618398e-07
0,6862,1.4914983560826412e-07
0,6863,1.4915322466265498e-07
0,6864,2.946478730407186e-07
0,6865,2.946545553062451e-07
0,6866,2.946564445384511e-07
0,6867,2.9465709840798774e-07
0,6868,2.9465721091982136e-07
0,6869,2.946565629100722e-07
0,6870,1.4916750134765953e-07
0,6871,1.491504612436312e-07
0,6872,1.491499364827595e-07
0,6873,1.4915078921310786e-07
0,6874,1.4915645942702649e-07
0,6875,1.4924417642575723e-07
0,6876,2.946505166426358e-07
0,6877,2.9465322889374096e-07
0,6878,1.49178966148204e-07
0,6879,1.4915169364756705e-07
0,6880,1.4915012113293335e-07
0,6881,1.4914955736807824e-07
0,6882,1.491494306679142e-07
0,6883,1.49149573026126e-07
0,6884,1.4915046866906083e-07
0,6885,1.491524404655933e-07
0,6886,1.4916228305094465e-07
0,6887,2.9465156187321543e-07
0,6888,2.946553022141517e-07
0,6889,2.946556277260673e-07
0,6890,2.946551312626284e-07
0,6891,2.9465413813544415e-07
0,6892,2.9465262655465306e-07
0,6893,1.491863252689224e-07
0,6894,1.491498593549751e-07
0,6895,1.4914907846936502e-07
0,6896,1.491488530553308e-07
0,6897,1.4914895916492347e-07
0,6898,1.491490367110744e-07
0,6899,1.4914903660357575e-07
0,6900,1.491490988204361e-07
0,6901,1.4914909123224063e-07
0,6902,1.4914890676475485e-07
0,6903,1.4914869953956732e-07
0,6904,1.4914828709960124e-07
0,6905,1.4914760356087215e-07
0,6906,1.4914777314518944e-07
0,6907,1.4914814080297083e-07
0,6908,1.4914879097475465e-07
0,6909,1.491490565865602e-07
0,6910,1.4914930220052774e-07
0,6911,1.491498986554878e-07
0,6912,1.4915098042750244e-07
0,6913,1.491521787715523e-07
0,6914,1.4915237555644212e-07
0,6915,1.4915162176507143e-07
0,6916,1.4915048989890488e-07
0,6917,1.4914962071242753e-07
0,6918,1.4914900535974228e-07
0,6919,1.4914790920594846e-07
0,6920,1.4914613921467685e-07
0,6921,1.4914732613931312e-07
0,6922,1.4914826334250903e-07
0,6923,1.491485197438003e-07
0,6924,1.491487457669122e-07
0,6925,1.491487995136328e-07
0,6926,1.491483544544957e-07
0,6927,1.491466023367848e-07
0,6928,1.4914257203980106e-07
0,6929,1.491415470345522e-07
0,6930,1.4914149798511038e-07
0,6931,1.4914168016956454e-07
0,6932,1.4914547665016405e-07
0,6933,1.491481455971231e-07
0,6934,1.491487448424672e-07
0,6935,1.4914904545313204e-07
0,6936,1.4914917134757123e-07
0,6937,1.4914925555606319e-07
0,6938,1.4914932072545e-07
0,6939,1.491493272888847e-07
0,6940,1.4914926809705682e-07
0,6941,1.4914915389630727e-07
0,6942,1.4914897116457496e-07
0,6943,1.4914874540188842e-07
0,6944,1.4914861071150675e-07
0,6945,1.4914869105373376e-07
0,6946,1.491489443842392e-07
0,6947,1.4914902930342568e-07
0,6948,1.491491140678152e-07
0,6949,1.4914913864990395e-07
0,6950,1.4914898162606883e-07
0,6951,1.491486142502071e-07
0,6952,1.49147608114711e-07
0,6953,1.4914516091355076e-07
0,6954,1.4914430977245306e-07
0,6955,1.4914474175502777e-07
0,6956,1.491478200503775e-07
0,6957,1.4914877704644302e-07
0,6958,1.4914914894963486e-07
0,6959,1.4914969404664275e-07
0,6960,1.491529002153175e-07
0,6961,1.4918465089064858e-07
0,6962,182.35924073358808
0,6963,205.2201286219663
0,6964,216.5315829134678
0,6965,220.89462176343767
0,6966,196.8081899755554
0,6967,3.416140886218608e-07
0,6968,188.77135986802907
0,6969,236.20452809860032
0,6970,245.53036260605748
0,6971,247.7216061439065
0,6972,247.1119311609337
0,6973,242.93144663860866
0,6974,220.87051301931467
0,6975,1.4915220752220867e-07
0,6976,1.4914939679209864e-07
0,6977,1.491489499137787e-07
0,6978,1.4914862104078216e-07
0,6979,1.4914843980950434e-07
0,6980,1.491488180794295e-07
0,6981,1.4914907878012446e-07
0,6982,1.4914925856645894e-07
0,6983,1.4914957009509386e-07
0,6984,1.4914988478751203e-07
0,6985,1.4915023263648605e-07
0,6986,1.4915028176049386e-07
0,6987,1.4915010479763869e-07
0,6988,1.4914975889155496e-07
0,6989,1.4914932224886247e-07
0,6990,1.4914877971401405e-07
0,6991,1.491469809024532e-07
0,6992,1.4914638121540512e-07
0,6993,1.4914815752608461e-07
0,6994,1.4914897812596606e-07
0,6995,1.4914935997055998e-07
0,6996,1.49149599824839e-07
0,6997,1.4914937180828588e-07
0,6998,1.4914898273377108e-07
0,6999,1.4914821241463275e-07
0,7000,1.491456930195398e-07
0,7001,1.4914527179019066e-07
0,7002,1.4914541821234458e-07
0,7003,1.491466377165514e-07
0,7004,1.4914876315290718e-07
0,7005,1.4914921969561555e-07
0,7006,1.4914994019178804e-07
0,7007,1.4915396774720395e-07
0,7008,2.9464763781015526e-07
0,7009,2.9465419546285086e-07
0,7010,2.946555697861406e-07
0,7011,2.946563002614454e-07
0,7012,2.9465572223738015e-07
0,7013,2.9464841632716307e-07
0,7014,1.4915186388676956e-07
0,7015,1.4914974744967128e-07
0,7016,1.4914983700932438e-07
0,7017,1.4915008736835693e-07
0,7018,1.4915261117487877e-07
0,7019,1.4916251121069378e-07
0,7020,1.4915989757661248e-07
0,7021,1.4915383107530727e-07
0,7022,1.4914981707510192e-07
0,7023,1.4914923634259123e-07
0,7024,1.491489927847589e-07
0,7025,1.4914887446425794e-07
0,7026,1.4914884230871886e-07
0,7027,1.491489978466549e-07
0,7028,1.4914926953346207e-07
0,7029,1.491497184190468e-07
0,7030,1.49150477602182e-07
0,7031,1.4915402178983044e-07
0,7032,1.4918782819718385e-07
0,7033,2.9195503301922146e-07
0,7034,2.922001275556304e-07
0,7035,1.4916506015376536e-07
0,7036,1.4915558717263646e-07
0,7037,1.491507731775138e-07
0,7038,1.4914935355322153e-07
0,7039,1.4914891454360728e-07
0,7040,1.4914883930618357e-07
0,7041,1.4914907040002772e-07
0,7042,1.49149341271813e-07
0,7043,1.4914982303525942e-07
0,7044,1.4915115215539585e-07
0,7045,1.491525113328691e-07
0,7046,1.4915557804452153e-07
0,7047,1.491551257171099e-07
0,7048,1.4915425499540226e-07
0,7049,1.4915597122813545e-07
0,7050,1.4926056254597401e-07
0,7051,4151.932337609456
0,7052,7654.054572811332
0,7053,7654.054572811329
0,7054,7654.05457281133
0,7055,7654.054572811328
0,7056,7654.054572811328
0,7057,7654.054572811329
0,7058,7654.054572811329
0,7059,7654.054572811329
0,7060,7654.054572811328
0,7061,7654.05457281133
0,7062,1800.3567222527759
0,7063,3.408584461390301e-07
0,7064,3.408571319136631e-07
0,7065,3.408884068066033e-07
0,7066,6416.700453934168
0,7067,6676.5587621572395
0,7068,6605.9158476748225
0,7069,6464.043541425069
0,7070,1612.775068760983
0,7071,1.491506957532814e-07
0,7072,1.4914942001126395e-07
0,7073,1.4914929909239116e-07
0,7074,1.491494783503126e-07
0,7075,1.4915018379138925e-07
0,7076,1.4915279445874103e-07
0,7077,1.491585058734264e-07
0,7078,1.4918319865981624e-07
0,7079,2.9466090710825047e-07
0,7080,2.9466379454322475e-07
0,7081,2.946631862077399e-07
0,7082,2.946621026421567e-07
0,7083,2.9465281013837854e-07
0,7084,1.4915990717697877e-07
0,7085,1.4915092931579968e-07
0,7086,1.491492301597657e-07
0,7087,1.491484926775333e-07
0,7088,1.4914792306343458e-07
0,7089,1.4914803273059275e-07
0,7090,1.4914843894460916e-07
0,7091,1.491486868088383e-07
0,7092,1.491486715184706e-07
0,7093,1.4914844125317375e-07
0,7094,1.4914805285446927e-07
0,7095,1.4914763874325975e-07
0,7096,1.4914731931754016e-07
0,7097,1.4914743666797833e-07
0,7098,1.4914780969231653e-07
0,7099,1.4914837705558444e-07
0,7100,1.4914898314265083e-07
0,7101,1.4914928333719887e-07
0,7102,1.4914999408333096e-07
0,7103,1.4915378553052188e-07
0,7104,1.4918894430083975e-07
0,7105,2.946676236484976e-07
0,7106,2.946705343515347e-07
0,7107,2.946724214792501e-07
0,7108,2.946711940574401e-07
0,7109,2.946621539883453e-07
0,7110,1.4916421079368657e-07
0,7111,1.4915442548429653e-07
0,7112,1.4915488977259943e-07
0,7113,1.4939793980867002e-07
0,7114,2.946818242017743e-07
0,7115,2.9468297314832635e-07
0,7116,2.946834381674086e-07
0,7117,2.9468327707686667e-07
0,7118,2.9468151464004475e-07
0,7119,1.4915739902484552e-07
0,7120,1.4915311228266034e-07
0,7121,1.491529312925904e-07
0,7122,1.4915293096201716e-07
0,7123,1.4915303907318258e-07
0,7124,1.4915364859782038e-07
0,7125,1.4915662588729653e-07
0,7126,1041.7359160580181
0,7127,6767.133192662899
0,7128,7654.054572811328
0,7129,7654.054572811328
0,7130,7654.054572811329
0,7131,7654.054572811329
0,7132,7654.054572811329
0,7133,7654.054572811329
0,7134,7654.054572811328
0,7135,7654.054572811329
0,7136,7654.054572811328
0,7137,7654.054572811328
0,7138,7654.054572811329
0,7139,7654.054572811328
0,7140,7654.054572811329
0,7141,7654.054572811328
0,7142,7654.0545727871
0,7143,1.4915254198136717e-07
0,7144,1.491496110721626e-07
0,7145,1.4914923625431007e-07
0,7146,1.4914910284561799e-07
0,7147,1.4914905251798313e-07
0,7148,1.491492071497701e-07
0,7149,1.4914942051970055e-07
0,7150,1.49149772561447e-07
0,7151,1.4915044444971902e-07
0,7152,1.4915104143371554e-07
0,7153,1.4915171482360757e-07
0,7154,1.4915137954796352e-07
0,7155,1.4915109168480573e-07
0,7156,1.4915066626379546e-07
0,7157,1.4914965888729445e-07
0,7158,1.4914904280063142e-07
0,7159,1.4914819393142516e-07
0,7160,1.4914738470035217e-07
0,7161,1.491472668646793e-07
0,7162,1.4914732832273367e-07
0,7163,1.4914771059935505e-07
0,7164,1.4914831932989607e-07
0,7165,1.4914860824180262e-07
0,7166,1.4914839696324395e-07
0,7167,1.4914818098832805e-07
0,7168,1.4914802820448236e-07
0,7169,1.4914789700506905e-07
0,7170,1.491483099158228e-07
0,7171,1.4914884380808915e-07
0,7172,1.4914932349279473e-07
0,7173,1.4915011365386282e-07
0,7174,1.4915238843332158e-07
0,7175,2.9461862710843676e-07
0,7176,2.9466424138050763e-07
0,7177,2.946654511258107e-07
0,7178,2.9466597641260176e-07
0,7179,2.946655949559625e-07
0,7180,2.9466513594552865e-07
0,7181,2.9461805804416406e-07
0,7182,1.4915112000305516e-07
0,7183,1.491494448754079e-07
0,7184,1.4914941183353353e-07
0,7185,1.4915000712018445e-07
0,7186,1.4915254099290005e-07
0,7187,1.4915553409882592e-07
0,7188,1.4915584378342268e-07
0,7189,1.491547834917299e-07
0,7190,1.491512195660996e-07
0,7191,1.4914979714738467e-07
0,7192,1.4914945350552166e-07
0,7193,1.491494935558144e-07
0,7194,1.491498034830827e-07
0,7195,1.4915080199083704e-07
0,7196,1.4916237911708472e-07
0,7197,7343.997034877388
0,7198,7654.054572811329
0,7199,7654.054572811328
0,7200,7654.054572811329
0,7201,7654.054572811329
0,7202,7654.054572811329
0,7203,7654.054572811329
0,7204,7654.0545728113275
0,7205,7654.054572811326
0,7206,1.4916012804641696e-07
0,7207,1.491508917943272e-07
0,7208,1.4915037740837584e-07
0,7209,1.4915030988263823e-07
0,7210,1.491506589427745e-07
0,7211,1.4915268482250973e-07
0,7212,2.94664219607668e-07
0,7213,2.946694694197006e-07
0,7214,1.4918688111736694e-07
0,7215,1.491510755411438e-07
0,7216,1.4915010370441053e-07
0,7217,1.4915011526788749e-07
0,7218,1.4915031814715903e-07
0,7219,1.4915068208826827e-07
0,7220,1.4915234677998174e-07
0,7221,1.4916292645700876e-07
0,7222,3585.2346498669117
0,7223,7496.381742783914
0,7224,7504.286389810905
0,7225,7505.951058761528
0,7226,7506.35304026414
0,7227,7506.358121358788
0,7228,7505.540764072586
0,7229,7502.505436669109
0,7230,4604.402562143676
0,7231,3.4087762891923164e-07
0,7232,3.408745368770386e-07
0,7233,3.4091549059228404e-07
0,7234,6871.925720506318
0,7235,7052.1870037317985
0,7236,7047.7236807287445
0,7237,6830.6884836788495
0,7238,1.4915919959782834e-07
0,7239,1.491501023448481e-07
0,7240,1.4914949389888306e-07
0,7241,1.491493380987056e-07
0,7242,1.4914929238516415e-07
0,7243,1.4914933681408867e-07
0,7244,1.4914961397004527e-07
0,7245,1.4915017945401135e-07
0,7246,1.4915153333537384e-07
0,7247,1.4916465826856165e-07
0,7248,2.946660151131983e-07
0,7249,2.9466874575172176e-07
0,7250,2.946692610246589e-07
0,7251,2.9466945110611644e-07
0,7252,2.9466918501623194e-07
0,7253,2.9466798999900224e-07
0,7254,2.934023262082157e-07
0,7255,1.4915061833677395e-07
0,7256,1.4914988002190138e-07
0,7257,1.4915006735959557e-07
0,7258,1.4915016745118857e-07
0,7259,1.4915060460936498e-07
0,7260,1.4915239464222216e-07
0,7261,1.491540048351853e-07
0,7262,1.4915155013148153e-07
0,7263,1.4915032032098438e-07
0,7264,1.491496463719964e-07
0,7265,1.4914934367765763e-07
0,7266,1.491492224405444e-07
0,7267,1.4914919143596723e-07
0,7268,1.491493941116256e-07
0,7269,1.4914966778374248e-07
0,7270,1.491502940992567e-07
0,7271,1.4915229847676918e-07
0,7272,1.4915273735142736e-07
0,7273,1.491536110468576e-07
0,7274,1.4915213563106654e-07
0,7275,1.4915091120975893e-07
0,7276,1.4915027123497786e-07
0,7277,1.4914967920730314e-07
0,7278,1.4914931907149959e-07
0,7279,1.4914912551441516e-07
0,7280,1.491491250732804e-07
0,7281,1.4914931163902264e-07
0,7282,1.491496408220739e-07
0,7283,1.4914985237832385e-07
0,7284,1.4915088451239174e-07
0,7285,1.491533094314084e-07
0,7286,1.4915245995618734e-07
0,7287,1.4914983975593374e-07
0,7288,1.4914925352432253e-07
0,7289,1.4914911968785848e-07
0,7290,1.491492286597449e-07
0,7291,1.491493886603113e-07
0,7292,1.4915001529146386e-07
0,7293,1.4915236360744997e-07
0,7294,1.4916143183308543e-07
0,7295,2.946607879898851e-07
0,7296,2.946616262280554e-07
0,7297,2.946630027466919e-07
0,7298,2.9466369990300027e-07
0,7299,2.9466101467330325e-07
0,7300,2.946443461160353e-07
0,7301,1.491607331839662e-07
0,7302,1.491520493724567e-07
0,7303,1.4915064015588188e-07
0,7304,1.491500113987715e-07
0,7305,1.4914992008626163e-07
0,7306,1.4915005025337895e-07
0,7307,1.491506805048181e-07
0,7308,1.4915495594958954e-07
0,7309,1.4915836641469647e-07
0,7310,1.4915579821069198e-07
0,7311,1.491526076023784e-07
0,7312,1.4915183325968449e-07
0,7313,1.4915171983703973e-07
0,7314,1.4915273493094601e-07
0,7315,1.4915546827951411e-07
0,7316,1.4933369310430504e-07
0,7317,3099.304140975943
0,7318,7654.054572811373
0,7319,7654.054572811329
0,7320,7654.054572811328
0,7321,7654.054572811329
0,7322,7654.05457281133
0,7323,7654.054572811329
0,7324,7654.054572811329
0,7325,7654.05457281133
0,7326,7654.054572811331
0,7327,3580.325494747942
0,7328,1135.240269123035
0,7329,1154.5594203078415
0,7330,3160.1062011069866
0,7331,7654.054572470434
0,7332,7654.054572470474
0,7333,7654.054572470474
0,7334,7654.054572470435
0,7335,3.4088346250306465e-07
0,7336,3.408718024584985e-07
0,7337,3.408704433812597e-07
0,7338,3.408708445379067e-07
0,7339,3.4087519676953516e-07
0,7340,1364.3615666528112
0,7341,5551.150066063789
0,7342,6383.7381649367835
0,7343,7040.371807235357
0,7344,7072.314464511788
0,7345,7072.073443879705
0,7346,7062.9981681972195
0,7347,7036.901149044218
0,7348,6963.227562666623
0,7349,5262.202277836604
0,7350,1.4915481398402155e-07
0,7351,1.4914935946136443e-07
0,7352,1.4914894869028365e-07
0,7353,1.4914910281520611e-07
0,7354,1.4914931952773186e-07
0,7355,1.4914928868789922e-07
0,7356,1.491492048651935e-07
0,7357,1.4914893491083298e-07
0,7358,1.4914800368758126e-07
0,7359,1.4914637030993046e-07
0,7360,1.491459934717485e-07
0,7361,1.491461024617682e-07
0,7362,1.4914834143246866e-07
0,7363,1.4914909796570532e-07
0,7364,1.491497246408494e-07
0,7365,1.4915099428290148e-07
0,7366,1.4915411055964225e-07
0,7367,2.94646084074879e-07
0,7368,2.946550846529938e-07
0,7369,2.946555736939847e-07
0,7370,2.946554246003566e-07
0,7371,2.946546445413965e-07
0,7372,2.9465189710478666e-07
0,7373,2.9448781536185655e-07
0,7374,1.491497049520903e-07
0,7375,1.4914890890434652e-07
0,7376,1.4914861215468826e-07
0,7377,1.491490187324816e-07
0,7378,1.4914917130526024e-07
0,7379,1.491493065946365e-07
0,7380,1.4914947641582487e-07
0,7381,1.491492512541116e-07
0,7382,1.4914888085289213e-07
0,7383,1.491464029875671e-07
0,7384,9.631607969504455e-08
0,7385,9.63155127892693e-08
0,7386,9.631887486049727e-08
0,7387,1.4914771730921124e-07
0,7388,1.491488685377378e-07
0,7389,1.49149128261404e-07
0,7390,1.491493806290024e-07
0,7391,1.4915002575474666e-07
0,7392,1.4915220695113228e-07
0,7393,1.4915524599302368e-07
0,7394,1.491547985846373e-07
0,7395,1.4915324659519756e-07
0,7396,1.4915170640659374e-07
0,7397,1.491502536931288e-07
0,7398,1.491491882031745e-07
0,7399,1.491485213843066e-07
0,7400,1.491484724512539e-07
0,7401,1.4914911136620023e-07
0,7402,1.4914961429563119e-07
0,7403,1.4915086184362166e-07
0,7404,1.4915378887468927e-07
0,7405,1.491518429705852e-07
0,7406,1.49149534884002e-07
0,7407,1.491487600624431e-07
0,7408,1.4913407432289374e-07
0,7409,9.631320224027325e-08
0,7410,1.4914292776162783e-07
0,7411,1.491480115790281e-07
0,7412,1.4914875293546722e-07
0,7413,1.4914904187304226e-07
0,7414,1.4914927427630447e-07
0,7415,1.4914968162979027e-07
0,7416,1.4915049331525303e-07
0,7417,1.4915097109089543e-07
0,7418,1.491508799463014e-07
0,7419,1.4915047060387382e-07
0,7420,1.4914983280955884e-07
0,7421,1.491493333928616e-07
0,7422,1.4914863922849044e-07
0,7423,9.657395009974809e-08
0,7424,9.631416538711255e-08
0,7425,1.4914748046722533e-07
0,7426,1.4914873486745485e-07
0,7427,1.4914897095844102e-07
0,7428,1.4914919003634355e-07
0,7429,1.491490916327178e-07
0,7430,1.4914837929175142e-07
0,7431,9.630777591874463e-08
0,7432,9.630704739246941e-08
0,7433,9.630698408980769e-08
0,7434,9.63070301760572e-08
0,7435,9.630741035415106e-08
0,7436,1.491448571982188e-07
0,7437,1.4914832418695917e-07
0,7438,1.4914888193104988e-07
0,7439,1.4914920205583593e-07
0,7440,1.4914942835501281e-07
0,7441,1.4914973200634975e-07
0,7442,1.4914996245793963e-07
0,7443,1.4915004131152996e-07
0,7444,1.4914997165037486e-07
0,7445,1.491497645124385e-07
0,7446,1.4914936981010127e-07
0,7447,1.4914911607732972e-07
0,7448,1.4914918558439258e-07
0,7449,1.491497036816493e-07
0,7450,1.4915156970068022e-07
0,7451,1.491530555481767e-07
0,7452,1.4915311249887736e-07
0,7453,1.491524964388315e-07
0,7454,1.4914954673701515e-07
0,7455,1.491484879379164e-07
0,7456,9.637633172398304e-08
0,7457,9.630733764341985e-08
0,7458,9.630743309652491e-08
0,7459,9.631151551346522e-08
0,7460,1.4914418371061305e-07
0,7461,1.491474082763284e-07
0,7462,1.4914821459577647e-07
0,7463,1.491487836173587e-07
0,7464,1.4914902767311088e-07
0,7465,1.4914916866747767e-07
0,7466,1.4914924411816395e-07
0,7467,1.4914929195823244e-07
0,7468,1.4914934590750913e-07
0,7469,1.4914932267994126e-07
0,7470,1.4914918144469185e-07
0,7471,1.49149014125815e-07
0,7472,1.4914915248158606e-07
0,7473,1.4914976155302735e-07
0,7474,1.4915061784061593e-07
0,7475,1.4915079723159608e-07
0,7476,1.4915072384333338e-07
0,7477,1.491500633440902e-07
0,7478,1.4914919435607605e-07
0,7479,1.491481628609014e-07
0,7480,1.4913933383146134e-07
0,7481,9.630874368206257e-08
0,7482,9.649843673761036e-08
0,7483,1.4914331554927596e-07
0,7484,1.491475636793084e-07
0,7485,1.4914852050781045e-07
0,7486,1.4914884062947943e-07
0,7487,1.4914910624131208e-07
0,7488,1.4914921388041588e-07
0,7489,1.4914929094219948e-07
0,7490,1.4914930371120083e-07
0,7491,1.4914927994098977e-07
0,7492,1.4914918963399612e-07
0,7493,1.4914896990042233e-07
0,7494,1.491475619654016e-07
0,7495,9.630575866787633e-08
0,7496,9.630545339000575e-08
0,7497,9.63057249445267e-08
0,7498,1.4913159176329857e-07
0,7499,1.4914461357958984e-07
0,7500,1.4914737749967765e-07
0,7501,1.4914736728752318e-07
0,7502,1.4914291135821817e-07
0,7503,9.630509899922687e-08
0,7504,9.630489272934343e-08
0,7505,9.630486071851823e-08
0,7506,9.630493535813997e-08
0,7507,9.630522770105851e-08
0,7508,1.4913872428795843e-07
0,7509,1.4914715919071841e-07
0,7510,1.4914825063359958e-07
0,7511,1.4914867763014534e-07
0,7512,1.491489000406414e-07
0,7513,1.4914896996341448e-07
0,7514,1.4914897949086818e-07
0,7515,1.4914893159368933e-07
0,7516,1.4914881144668718e-07
0,7517,1.4914849064362424e-07
0,7518,1.4914641061037574e-07
0,7519,5.8894387312500576e-08
0,7520,5.88940633430523e-08
0,7521,5.889404759027914e-08
0,7522,5.88940456187117e-08
0,7523,5.8894060834750576e-08
0,7524,5.8894822188844767e-08
0,7525,5.889542383080422e-08
0,7526,5.88940972465218e-08
0,7527,5.889394951934083e-08
0,7528,5.8893925767168186e-08
0,7529,5.889392277800247e-08
0,7530,5.889397405869169e-08
0,7531,5.889418279525027e-08
0,7532,5.8928183584345834e-08
0,7533,1.491438712573163e-07
0,7534,1.491469738858491e-07
0,7535,1.4914784065981398e-07
0,7536,1.491481930719239e-07
0,7537,1.491483160866408e-07
0,7538,1.4914833346867844e-07
0,7539,1.491482971991071e-07
0,7540,1.4914816451788758e-07
0,7541,1.4914773803595838e-07
0,7542,1.491434308230875e-07
0,7543,5.888132671036058e-08
0,7544,5.888053958471299e-08
0,7545,5.888049463281678e-08
0,7546,5.888047837526619e-08
0,7547,5.888047921001377e-08
0,7548,5.888058080849194e-08
0,7549,5.8880901932566805e-08
0,7550,5.8880525508550065e-08
0,7551,5.888046099701647e-08
0,7552,5.8880440473923156e-08
0,7553,5.8880449286860515e-08
0,7554,5.8880547993032874e-08
0,7555,5.8886225085570535e-08
0,7556,1.4842721470179217e-07
0,7557,1.4914634081835743e-07
0,7558,1.4914851573024648e-07
0,7559,1.4914903680464105e-07
0,7560,1.4914936521189144e-07
0,7561,1.4914967239948928e-07
0,7562,1.491498402072058e-07
0,7563,1.4915004260029397e-07
0,7564,1.4914998248044325e-07
0,7565,1.4914958267623008e-07
0,7566,1.491489991352834e-07
0,7567,1.491471340017204e-07
0,7568,1.491402142648015e-07
0,7569,1.491461436869837e-07
0,7570,1.4914773217500539e-07
0,7571,1.4914816069176522e-07
0,7572,1.4914864143798605e-07
0,7573,1.4914851792545772e-07
0,7574,1.4914757510883217e-07
0,7575,1.491364217301016e-07
0,7576,9.631305999645832e-08
0,7577,9.631292212422787e-08
0,7578,1.4913707843653454e-07
0,7579,1.4914762657609903e-07
0,7580,1.4914871026479337e-07
0,7581,1.491490006057597e-07
0,7582,1.4914921130248127e-07
0,7583,1.4914951493048075e-07
0,7584,1.4915026568437773e-07
0,7585,1.4915058585835946e-07
0,7586,1.49150613123957e-07
0,7587,1.4915029121495365e-07
0,7588,1.4914993747653922e-07
0,7589,1.491494764041155e-07
0,7590,1.491488931409685e-07
0,7591,1.491448963389201e-07
0,7592,1.4909634772956003e-07
0,7593,1.49146580090447e-07
0,7594,1.491481166473801e-07
0,7595,1.4914869480721457e-07
0,7596,1.4914896724816567e-07
0,7597,1.4914893237247175e-07
0,7598,1.4914785671313476e-07
0,7599,1.4839660807700007e-07
0,7600,9.632172687237752e-08
0,7601,9.632219223661555e-08
0,7602,1.491452100538216e-07
0,7603,1.4914846688200548e-07
0,7604,1.491490030371915e-07
0,7605,1.4914922562321987e-07
0,7606,1.4914949227512768e-07
0,7607,1.491499297207803e-07
0,7608,1.4915043764247436e-07
0,7609,1.4915069608878776e-07
0,7610,1.4915047123506922e-07
0,7611,1.491500547980834e-07
0,7612,1.491498830471778e-07
0,7613,1.491495578687899e-07
0,7614,1.4914924292757444e-07
0,7615,1.4914893464729054e-07
0,7616,1.4914885656031247e-07
0,7617,1.4914912767910612e-07
0,7618,1.4914952563348065e-07
0,7619,1.4914975280655158e-07
0,7620,1.49150020818591e-07
0,7621,1.491499671051012e-07
0,7622,1.4914934626087772e-07
0,7623,1.4914879705566516e-07
0,7624,1.4914783085396427e-07
0,7625,1.4914666995736298e-07
0,7626,1.4914844418824455e-07
0,7627,1.4914899668268256e-07
0,7628,1.4914938065740849e-07
0,7629,1.491502740726602e-07
0,7630,1.4915284157103882e-07
0,7631,1979.3241366413497
0,7632,7491.808135127633
0,7633,7654.054572470466
0,7634,7654.05457247048
0,7635,7654.054572470484
0,7636,7654.054572470485
0,7637,7654.054572470483
0,7638,7511.774417798022
0,7639,4294.2249364410145
0,7640,4186.871908637905
0,7641,7401.311850878322
0,7642,7654.054572470492
0,7643,7654.054572470494
0,7644,7654.054572470496
0,7645,7654.054572470496
0,7646,7654.054572470479
0,7647,4368.325148730163
0,7648,3726.0175050466473
0,7649,3686.4362555065954
0,7650,4296.623810898305
0,7651,5767.597721124517
0,7652,7341.2041172549425
0,7653,7654.054572470495
0,7654,7654.054572470482
0,7655,7654.054572470499
0,7656,7654.054572470502
0,7657,7654.054572470501
0,7658,7654.054572470501
0,7659,7654.054572470501
0,7660,7654.0545724705
0,7661,7654.054572470497
0,7662,5925.608537795416
0,7663,1.4915226420475903e-07
0,7664,1.4915032370681224e-07
0,7665,1.4915060946030234e-07
0,7666,1.4915185137971145e-07
0,7667,1.4915775131224508e-07
0,7668,1.4915769773533763e-07
0,7669,1.4915128950467493e-07
0,7670,1.4914950219812543e-07
0,7671,1.4914908530002844e-07
0,7672,1.4914882952657155e-07
0,7673,1.4914865240805205e-07
0,7674,1.4914886027346096e-07
0,7675,1.4914915224300738e-07
0,7676,1.491494954874832e-07
0,7677,1.491503635990554e-07
0,7678,1.4915235520225395e-07
0,7679,1.4917610234287397e-07
0,7680,2.9466153174135395e-07
0,7681,2.9466277920632165e-07
0,7682,2.9466211975699274e-07
0,7683,2.946605507634682e-07
0,7684,2.946541997038161e-07
0,7685,1.4915980148450577e-07
0,7686,1.4915007008059066e-07
0,7687,1.4914912284109787e-07
0,7688,1.4914900017172646e-07
0,7689,1.4914920230758768e-07
0,7690,1.4914958205454855e-07
0,7691,1.491498733722184e-07
0,7692,1.491500271701726e-07
0,7693,1.491500375019959e-07
0,7694,1.4914941776368574e-07
0,7695,1.49149071086924e-07
0,7696,1.4914880127565107e-07
0,7697,1.4914856578593632e-07
0,7698,1.4914888595886095e-07
0,7699,1.491491934553751e-07
0,7700,1.491496140425242e-07
0,7701,1.4915027180982185e-07
0,7702,1.4915134553182509e-07
0,7703,1.4915984873311488e-07
0,7704,2.946431452093652e-07
0,7705,2.946554519697394e-07
0,7706,2.946548858051112e-07
0,7707,2.946505782535085e-07
0,7708,1.4918254408275637e-07
0,7709,1.4915197255383253e-07
0,7710,1.4914934802042943e-07
0,7711,1.49148731111128e-07
0,7712,1.4914844605681279e-07
0,7713,1.4914896980447044e-07
0,7714,1.491492985129664e-07
0,7715,1.4914998734016265e-07
0,7716,1.491524257565477e-07
0,7717,1.491514071108493e-07
0,7718,1.4914949975942948e-07
0,7719,1.491488506367468e-07
0,7720,1.4914851539970034e-07
0,7721,1.4914872008758373e-07
0,7722,1.4914921525973788e-07
0,7723,1.491501959072672e-07
0,7724,1.4915812033809987e-07
0,7725,5321.532607605123
0,7726,7654.05457281133
0,7727,7654.054572811329
0,7728,7654.054572811329
0,7729,7654.054572811329
0,7730,7654.054572811328
0,7731,7654.05457281133
0,7732,7654.054572811328
0,7733,7654.0545728113275
0,7734,7654.054572811331
0,7735,1.4918567953952147e-07
0,7736,1.4915433671312947e-07
0,7737,1.4915454072409124e-07
0,7738,1.4915822816005436e-07
0,7739,1.491596642077598e-07
0,7740,1.4917725681256873e-07
0,7741,2.9464363838393104e-07
0,7742,1.491580081145285e-07
0,7743,1.4915076777824118e-07
0,7744,1.4914990344909798e-07
0,7745,1.4914956421326997e-07
0,7746,1.491495422791553e-07
0,7747,1.4914970544158048e-07
0,7748,1.4914992480988655e-07
0,7749,1.4915078504670865e-07
0,7750,1.4915361466362053e-07
0,7751,2.946628919380857e-07
0,7752,2.946667725384081e-07
0,7753,2.9466649293193774e-07
0,7754,2.9466538481774055e-07
0,7755,2.9466295264755265e-07
0,7756,1.4925291205188486e-07
0,7757,1.4915150967984426e-07
0,7758,1.4914923265568042e-07
0,7759,1.491481410365893e-07
0,7760,1.4914674772989532e-07
0,7761,1.4914801889405883e-07
0,7762,1.49148594368189e-07
0,7763,1.4914862142347842e-07
0,7764,1.4914868200294955e-07
0,7765,1.4914836614401115e-07
0,7766,1.4914604440949102e-07
0,7767,1.491443522832613e-07
0,7768,1.491441163916328e-07
0,7769,1.491440987165353e-07
0,7770,1.4914437090340362e-07
0,7771,1.491459505467208e-07
0,7772,1.4914862677453114e-07
0,7773,1.4914914732308765e-07
0,7774,1.4914954128426427e-07
0,7775,1.4915085595312415e-07
0,7776,1.491554569474601e-07
0,7777,102.69794597399117
0,7778,2878.7698480998115
0,7779,5724.195245647048
0,7780,6563.730913778784
0,7781,7209.672127537523
0,7782,7169.628946034451
0,7783,3134.5873711918853
0,7784,3258.3379414651604
0,7785,7161.08351905946
0,7786,7363.788733873537
0,7787,7375.292471290802
0,7788,7381.242723938401
0,7789,7383.265736541636
0,7790,7378.552551214537
0,7791,1416.5356099154383
0,7792,3.4092107425222904e-07
0,7793,3.409198856431763e-07
0,7794,3.409206583047876e-07
0,7795,3.409242968771412e-07
0,7796,795.2479662830649
0,7797,5349.066770634052
0,7798,6776.596530138756
0,7799,7395.6606920149
0,7800,7406.571284720873
0,7801,7409.858515298283
0,7802,7411.302484424333
0,7803,7411.328925832652
0,7804,7410.994012472931
0,7805,7408.680376066839
0,7806,7405.527564541165
0,7807,7370.041109746394
0,7808,5551.772131358969
0,7809,7321.464999455371
0,7810,7258.176310456079
0,7811,7255.0693935938325
0,7812,7312.525467311607
0,7813,6214.558071169265
0,7814,1.4915699344018136e-07
0,7815,1.4914974030158057e-07
0,7816,1.4914909461909848e-07
0,7817,1.4914872939518833e-07
0,7818,1.491487188331076e-07
0,7819,1.491489513338667e-07
0,7820,1.4914927628028956e-07
0,7821,1.491497606845814e-07
0,7822,1.4915096934253812e-07
0,7823,1.491622585348567e-07
0,7824,2.9465455093116407e-07
0,7825,2.946589913414431e-07
0,7826,2.9465924473092917e-07
0,7827,2.946582302028951e-07
0,7828,2.9465455251458713e-07
0,7829,1.4921107419221076e-07
0,7830,1.4914988469597826e-07
0,7831,1.4914896011956349e-07
0,7832,1.4914847115205443e-07
0,7833,1.4914858394350378e-07
0,7834,1.4914899038157058e-07
0,7835,1.4914914660328583e-07
0,7836,1.491492236315947e-07
0,7837,1.491491463735976e-07
0,7838,1.4914860698935937e-07
0,7839,1.491361535375425e-07
0,7840,9.697019615318673e-08
0,7841,9.69695112928965e-08
0,7842,1.4914236683497006e-07
0,7843,1.4914832296476516e-07
0,7844,1.491489658567548e-07
0,7845,1.4914927874874685e-07
0,7846,1.4914956639799156e-07
0,7847,1.4915051583686977e-07
0,7848,1.4915753886768118e-07
0,7849,1.5066403920353756e-07
0,7850,1.5067080943374734e-07
0,7851,1.5067002775184498e-07
0,7852,1.5066408896239995e-07
0,7853,1.491566662220026e-07
0,7854,1.491496562266081e-07
0,7855,1.4914878700305104e-07
0,7856,1.4914771792389966e-07
0,7857,1.4914761070291844e-07
0,7858,1.4914785898849565e-07
0,7859,1.491481389247532e-07
0,7860,1.4914836102294482e-07
0,7861,1.4914826216338496e-07
0,7862,1.4914497708688268e-07
0,7863,9.630962003350353e-08
0,7864,9.630833288955525e-08
0,7865,9.630809072118222e-08
0,7866,9.63082818205294e-08
0,7867,1.491419612530164e-07
0,7868,1.4914803295084842e-07
0,7869,1.491487490398475e-07
0,7870,1.491490715925959e-07
0,7871,1.4914937105430458e-07
0,7872,1.4915003482645598e-07
0,7873,1.4915042602714544e-07
0,7874,1.491506207540569e-07
0,7875,1.4915044921912438e-07
0,7876,1.4914999890271803e-07
0,7877,1.4914942470173938e-07
0,7878,1.491488553961775e-07
0,7879,1.4914367894486888e-07
0,7880,9.630789207311808e-08
0,7881,9.63100368813342e-08
0,7882,1.4913952414409787e-07
0,7883,1.4914454869090297e-07
0,7884,1.4914698076272663e-07
0,7885,1.4914652161638806e-07
0,7886,9.631203427115014e-08
0,7887,9.630638430496458e-08
0,7888,9.630627500777685e-08
0,7889,9.630626111878111e-08
0,7890,9.630962118007444e-08
0,7891,1.491457699853173e-07
0,7892,1.491482751843278e-07
0,7893,1.4914883215145212e-07
0,7894,1.491490470971078e-07
0,7895,1.4914935427118021e-07
0,7896,1.4914970514426514e-07
0,7897,1.491498945169255e-07
0,7898,1.4914999674930278e-07
0,7899,1.491499280005038e-07
0,7900,1.491496885152601e-07
0,7901,1.491493209007384e-07
0,7902,1.4914869256402738e-07
0,7903,1.4914248770608375e-07
0,7904,5.8894638663157986e-08
0,7905,5.889436766682497e-08
0,7906,5.88942746575726e-08
0,7907,5.8894246349399466e-08
0,7908,5.889541316464686e-08
0,7909,5.8895063615609956e-08
0,7910,5.8894163623777595e-08
0,7911,5.889402805439256e-08
0,7912,5.8893999284789756e-08
0,7913,5.8893989002026617e-08
0,7914,5.889401712126397e-08
0,7915,5.889411436937414e-08
0,7916,5.8895010541785866e-08
0,7917,1.491369967159613e-07
0,7918,1.4914605107066653e-07
0,7919,1.4914743280079181e-07
0,7920,1.4914786782056918e-07
0,7921,1.491480010547047e-07
0,7922,1.491480284084479e-07
0,7923,1.4914798595561736e-07
0,7924,1.4914783748806184e-07
0,7925,1.4914735669093772e-07
0,7926,1.4913991447466088e-07
0,7927,5.889235306123379e-08
0,7928,5.8892159438175666e-08
0,7929,5.889214979645384e-08
0,7930,5.889217970772153e-08
0,7931,5.8892319956699323e-08
0,7932,5.889436771492289e-08
0,7933,5.889629212352628e-08
0,7934,5.889259490997724e-08
0,7935,5.8892122719439704e-08
0,7936,5.889210066768909e-08
0,7937,5.889210443191706e-08
0,7938,5.889218030360582e-08
0,7939,5.889280453625923e-08
0,7940,5.891264063985767e-08
0,7941,1.4914494611260897e-07
0,7942,1.4914785661769786e-07
0,7943,1.4914868828267563e-07
0,7944,1.4914891858787112e-07
0,7945,1.491490652238297e-07
0,7946,1.4914915738028253e-07
0,7947,1.4914917431107524e-07
0,7948,1.491491673430705e-07
0,7949,1.491490964457623e-07
0,7950,1.491488770564769e-07
0,7951,1.4914838933954085e-07
0,7952,1.4914630810738158e-07
0,7953,1.4914469994057548e-07
0,7954,1.4914560994544858e-07
0,7955,1.4914622383055778e-07
0,7956,1.4914761116842064e-07
0,7957,1.4914808098853987e-07
0,7958,1.4914758151091047e-07
0,7959,1.4914571839843584e-07
0,7960,1.4913005519018373e-07
0,7961,9.630675148823134e-08
0,7962,9.633421147204886e-08
0,7963,1.4914213231293286e-07
0,7964,1.4914754810300946e-07
0,7965,1.4914832703187856e-07
0,7966,1.491486887120468e-07
0,7967,1.4914893694921438e-07
0,7968,1.491491047987811e-07
0,7969,1.4914921847783967e-07
0,7970,1.4914928362670795e-07
0,7971,1.491492747645207e-07
0,7972,1.491492817875758e-07
0,7973,1.4914922748444264e-07
0,7974,1.491490892371731e-07
0,7975,1.491488126233718e-07
0,7976,1.4914835051973627e-07
0,7977,1.4914856742161793e-07
0,7978,1.491487767577742e-07
0,7979,1.4914876273272462e-07
0,7980,1.491488887408153e-07
0,7981,1.4914893833791474e-07
0,7982,1.4914853858707141e-07
0,7983,1.4914514602414812e-07
0,7984,9.630650461497654e-08
0,7985,9.630594248142557e-08
0,7986,9.630591864471225e-08
0,7987,9.630602352694742e-08
0,7988,9.631672187602797e-08
0,7989,1.491454642581398e-07
0,7990,1.491478029613184e-07
0,7991,1.4914869732849962e-07
0,7992,1.4914893349738572e-07
0,7993,1.4914904268562468e-07
0,7994,1.491490905365623e-07
0,7995,1.4914907175430465e-07
0,7996,1.4914901774526132e-07
0,7997,1.491487943289509e-07
0,7998,1.491459772440067e-07
0,7999,9.63059802070262e-08
0,8000,9.63058949107542e-08
0,8001,9.630652957776933e-08
0,8002,1.4914709862444745e-07
0,8003,1.4914867751690043e-07
0,8004,1.4914896980498544e-07
0,8005,1.4914890669834747e-07
0,8006,1.4914825757287296e-07
0,8007,1.4913645163781852e-07
0,8008,9.630680552031397e-08
0,8009,9.630737849675402e-08
0,8010,1.4914554775967773e-07
0,8011,1.491485088816124e-07
0,8012,1.4914905988662767e-07
0,8013,1.4914938083033873e-07
0,8014,1.4914968263378858e-07
0,8015,1.4915017224111245e-07
0,8016,1.4915025920738106e-07
0,8017,1.4915018435715304e-07
0,8018,1.4915003583492663e-07
0,8019,1.491497728532058e-07
0,8020,1.4914944740051475e-07
0,8021,1.4914910183741839e-07
0,8022,1.4914804956627382e-07
0,8023,5.889436771920549e-08
0,8024,2.855585421526091e-09
0,8025,2.8555847101128596e-09
0,8026,2.855584568794306e-09
0,8027,2.855584494495964e-09
0,8028,2.8555845624199597e-09
0,8029,2.855584637090149e-09
0,8030,2.8555845760148385e-09
0,8031,2.855584527580224e-09
0,8032,2.8555844825307767e-09
0,8033,2.855584505374832e-09
0,8034,2.855584738507098e-09
0,8035,2.855586882685877e-09
0,8036,5.889376544519683e-08
0,8037,1.49135878389962e-07
0,8038,1.491456107756493e-07
0,8039,1.491473733292669e-07
0,8040,1.4914790950255907e-07
0,8041,1.4914806391883376e-07
0,8042,1.491481115757805e-07
0,8043,1.4914808769354426e-07
0,8044,1.4914796022253958e-07
0,8045,1.4914758267038338e-07
0,8046,1.4914401982963287e-07
0,8047,5.8888210834687215e-08
0,8048,5.888638052381419e-08
0,8049,5.888633119808379e-08
0,8050,5.8886313079581484e-08
0,8051,5.888630796459346e-08
0,8052,5.8886374445810694e-08
0,8053,5.888644093267933e-08
0,8054,5.888630273035675e-08
0,8055,5.8886271576064823e-08
0,8056,5.888626906521522e-08
0,8057,5.8886292663729316e-08
0,8058,5.8886439306260875e-08
0,8059,5.889315334381027e-08
0,8060,1.4912927650482643e-07
0,8061,1.4914746293234228e-07
0,8062,1.4914864144210602e-07
0,8063,1.4914906587042078e-07
0,8064,1.4914939729787895e-07
0,8065,1.4914964028512278e-07
0,8066,1.491497737385382e-07
0,8067,1.491498701025086e-07
0,8068,1.4914979666136394e-07
0,8069,1.4914946353203362e-07
0,8070,1.4914897742876985e-07
0,8071,1.4914713466153873e-07
0,8072,1.4882887556781784e-07
0,8073,9.631770404171138e-08
0,8074,9.631868341356843e-08
0,8075,9.632283156406015e-08
0,8076,1.4914329681537373e-07
0,8077,1.4914742377646214e-07
0,8078,1.4914746974178245e-07
0,8079,1.4914690880471634e-07
0,8080,1.4914669643474555e-07
0,8081,1.4914773535507878e-07
0,8082,1.4914878197484663e-07
0,8083,1.4914918313789038e-07
0,8084,1.491497497391268e-07
0,8085,1.4915152747184586e-07
0,8086,1.4916211772472297e-07
0,8087,1061.6897239316306
0,8088,1641.1763020042308
0,8089,1846.9869906122146
0,8090,1939.732956987319
0,8091,1951.945361774525
0,8092,1875.3501628124616
0,8093,1611.8516125229462
0,8094,313.3921336506545
0,8095,1.4914961027123535e-07
0,8096,1.4914905340193316e-07
0,8097,1.4914894877772456e-07
0,8098,1.4914879051659792e-07
0,8099,1.4914870359394134e-07
0,8100,1.4914889907339753e-07
0,8101,1.4914893099119819e-07
0,8102,1.491485952740941e-07
0,8103,1.491473241361683e-07
0,8104,1.4914496336776786e-07
0,8105,1.491406949861941e-07
0,8106,1.4914536905301888e-07
0,8107,1.4914786523041019e-07
0,8108,1.4914851854966001e-07
0,8109,1.4914884334681533e-07
0,8110,1.4914905969439863e-07
0,8111,1.4914928554127346e-07
0,8112,1.4914954904075503e-07
0,8113,1.4915021056381033e-07
0,8114,1.491506630297017e-07
0,8115,1.491505138716449e-07
0,8116,1.4915032178609389e-07
0,8117,1.4914981682267255e-07
0,8118,1.4914934826900988e-07
0,8119,1.4914906183271636e-07
0,8120,1.4914887950517462e-07
0,8121,1.4914874131460886e-07
0,8122,1.491486258390273e-07
0,8123,1.4914833574094935e-07
0,8124,1.491481345819814e-07
0,8125,1.4914778211164983e-07
0,8126,1.4914727919007934e-07
0,8127,1.4914537922581681e-07
0,8128,1.4912691700074126e-07
0,8129,9.638917526946474e-08
0,8130,9.639269740075471e-08
0,8131,1.4914063916618078e-07
0,8132,1.4914709614110948e-07
0,8133,1.491482425766764e-07
0,8134,1.4914862568927187e-07
0,8135,1.4914899806888924e-07
0,8136,1.4914922227395673e-07
0,8137,1.491493814544055e-07
0,8138,1.4914949479294328e-07
0,8139,1.4914964826916047e-07
0,8140,1.4914990232795162e-07
0,8141,1.491499499760079e-07
0,8142,1.4914962467244886e-07
0,8143,1.4914931242845735e-07
0,8144,1.4914915264459586e-07
0,8145,1.4914902424280362e-07
0,8146,1.4914888629772834e-07
0,8147,1.4914855492345028e-07
0,8148,1.49148620048954e-07
0,8149,1.491487355782578e-07
0,8150,1.4914858987070153e-07
0,8151,1.491480732099856e-07
0,8152,1.4914699848455324e-07
0,8153,1.491432513669197e-07
0,8154,1.491438087810606e-07
0,8155,1.4914658956312137e-07
0,8156,1.4914825296902527e-07
0,8157,1.4914875494598462e-07
0,8158,1.491490024613446e-07
0,8159,1.4914929192134246e-07
0,8160,1.491495720644658e-07
0,8161,1.491500290209328e-07
0,8162,1.4915076581193212e-07
0,8163,1.491509950515466e-07
0,8164,1.4915077106340087e-07
0,8165,1.4915003580665605e-07
0,8166,1.4914927341986607e-07
0,8167,1.4914853905815726e-07
0,8168,1.491461767789753e-07
0,8169,1.4914609010714891e-07
0,8170,1.491471657015693e-07
0,8171,1.4914742899865743e-07
0,8172,1.4914813362536272e-07
0,8173,1.4914838424777508e-07
0,8174,1.4914759441662971e-07
0,8175,1.4914429073448632e-07
0,8176,9.631187374324135e-08
0,8177,9.630994427335183e-08
0,8178,9.631022442845559e-08
0,8179,1.4912150273632685e-07
0,8180,1.4914545279923414e-07
0,8181,1.4914775348152964e-07
0,8182,1.4914853608817514e-07
0,8183,1.491489174508683e-07
0,8184,1.4914916242870732e-07
0,8185,1.4914928824521947e-07
0,8186,1.4914935120925775e-07
0,8187,1.4914930692103557e-07
0,8188,1.4914922723187774e-07
0,8189,1.491490100030007e-07
0,8190,1.491479733881421e-07
0,8191,9.63055534162078e-08
0,8192,9.630491092900504e-08
0,8193,9.630487730677081e-08
0,8194,9.630505830086585e-08
0,8195,1.489763571753649e-07
0,8196,1.4914439507926892e-07
0,8197,1.4914304758710984e-07
0,8198,9.63051617659268e-08
0,8199,9.630469123173848e-08
0,8200,9.630466126895763e-08
0,8201,9.630469933108107e-08
0,8202,9.630495279952414e-08
0,8203,1.4911522995013555e-07
0,8204,1.4914436663679702e-07
0,8205,1.4914698307701038e-07
0,8206,1.491480139204169e-07
0,8207,1.4914855227078703e-07
0,8208,1.4914878277493362e-07
0,8209,1.4914888719929666e-07
0,8210,1.4914891702160556e-07
0,8211,1.4914887073701481e-07
0,8212,1.491487545581926e-07
0,8213,1.4914841542839957e-07
0,8214,1.4914642192917537e-07
0,8215,5.8893160031799464e-08
0,8216,7.810396220132397e-10
0,8217,7.810395904112875e-10
0,8218,7.810395803391128e-10
0,8219,7.810395753852406e-10
0,8220,7.810395779620208e-10
0,8221,7.810395846756039e-10
0,8222,7.810395802324926e-10
0,8223,7.810395769849682e-10
0,8224,7.81039575821145e-10
0,8225,7.810395792172177e-10
0,8226,7.810396017224596e-10
0,8227,7.810414733691291e-10
0,8228,5.889360712630254e-08
0,8229,1.4912960344493444e-07
0,8230,1.4914575547511437e-07
0,8231,1.491472973245533e-07
0,8232,1.491478292951797e-07
0,8233,1.4914799475679113e-07
0,8234,1.4914803971009002e-07
0,8235,1.4914799616338082e-07
0,8236,1.4914787475030157e-07
0,8237,1.491474699748046e-07
0,8238,1.4914382986846758e-07
0,8239,1.2785741119090245e-09
0,8240,4.4356814492320316e-10
0,8241,4.4356813677829316e-10
0,8242,4.4356813480237705e-10
0,8243,4.435681338585706e-10
0,8244,4.4356813471375623e-10
0,8245,4.435681367866576e-10
0,8246,4.435681358260693e-10
0,8247,4.435681347350909e-10
0,8248,4.4356813443571767e-10
0,8249,4.4356813586704453e-10
0,8250,4.435681456535044e-10
0,8251,5.521649434906802e-10
0,8252,5.889361530327401e-08
0,8253,1.4913392435607635e-07
0,8254,1.4914663717537188e-07
0,8255,1.491484745518685e-07
0,8256,1.491489418518953e-07
0,8257,1.491491219606715e-07
0,8258,1.491492575955559e-07
0,8259,1.491493758385093e-07
0,8260,1.4914940614437237e-07
0,8261,1.491492426200947e-07
0,8262,1.4914883251896955e-07
0,8263,1.4914525093163164e-07
0,8264,9.630819182737161e-08
0,8265,9.632546362612249e-08
0,8266,1.4913029629099708e-07
0,8267,1.4914002376034251e-07
0,8268,1.4914644415163361e-07
0,8269,1.4914744527597438e-07
0,8270,1.4914640253629505e-07
0,8271,1.4914518128001752e-07
0,8272,1.4914333835655286e-07
0,8273,1.4914054802584223e-07
0,8274,1.4914741475964056e-07
0,8275,1.491485144701867e-07
0,8276,1.4914888193565774e-07
0,8277,1.4914915242268678e-07
0,8278,1.491493744704088e-07
0,8279,1.491500433919513e-07
0,8280,1.4915101328617374e-07
0,8281,1.4915171359282126e-07
0,8282,1.4915189845541741e-07
0,8283,1.491514143875535e-07
0,8284,1.4915106816992428e-07
0,8285,1.491501837557461e-07
0,8286,1.491495359286579e-07
0,8287,1.491490994542878e-07
0,8288,1.4914867544065327e-07
0,8289,1.4914765182665263e-07
0,8290,1.491454391491559e-07
0,8291,1.4914027023017924e-07
0,8292,1.491411008621834e-07
0,8293,1.491410607681431e-07
0,8294,1.49129164728109e-07
0,8295,9.630895126059159e-08
0,8296,9.63073445873824e-08
0,8297,9.630717674922692e-08
0,8298,9.630726822821602e-08
0,8299,9.630816222897757e-08
0,8300,1.4914149328620527e-07
0,8301,1.4914685901487286e-07
0,8302,1.4914797856924612e-07
0,8303,1.4914867224632262e-07
0,8304,1.4914893337034433e-07
0,8305,1.4914910353416768e-07
0,8306,1.4914917791913744e-07
0,8307,1.4914921034732626e-07
0,8308,1.491491903209195e-07
0,8309,1.491491495043669e-07
0,8310,1.491490554490424e-07
0,8311,1.4914880343475838e-07
0,8312,1.4914825827375545e-07
0,8313,1.4914687053034677e-07
0,8314,1.4914413761676058e-07
0,8315,1.490835175243187e-07
0,8316,1.491374169540515e-07
0,8317,1.49144291820884e-07
0,8318,1.4914339567490649e-07
0,8319,1.491302316033213e-07
0,8320,9.630841016231104e-08
0,8321,9.630788039008073e-08
0,8322,9.630805129797848e-08
0,8323,1.4912972337861982e-07
0,8324,1.4914721395439356e-07
0,8325,1.4914858422688713e-07
0,8326,1.491490133863349e-07
0,8327,1.4914941438775122e-07
0,8328,1.491505557338834e-07
0,8329,1.4915367889904848e-07
0,8330,1.491546540646619e-07
0,8331,1.4915480120038347e-07
0,8332,1.4915480756809256e-07
0,8333,1.4915433438702792e-07
0,8334,1.491503499138219e-07
0,8335,1.4914910947372534e-07
0,8336,1.4914863897448898e-07
0,8337,1.4914877235859677e-07
0,8338,1.491489827214925e-07
0,8339,1.4914908294281029e-07
0,8340,1.4914923176549623e-07
0,8341,1.4914913291905522e-07
0,8342,1.4914871963360118e-07
0,8343,1.4914652469121253e-07
0,8344,1.4912003046466788e-07
0,8345,9.652082548093546e-08
0,8346,1.4914377155305454e-07
0,8347,1.4914763635901786e-07
0,8348,1.491485871178309e-07
0,8349,1.4914889075591346e-07
0,8350,1.4914910982985865e-07
0,8351,1.4914939047653967e-07
0,8352,1.4915014908949294e-07
0,8353,1.4915135974780266e-07
0,8354,1.4915150544196902e-07
0,8355,1.491512360726982e-07
0,8356,1.4915054952980753e-07
0,8357,1.491496924809193e-07
0,8358,1.4914908233218762e-07
0,8359,1.4914741024908847e-07
0,8360,9.630711027517897e-08
0,8361,9.630541362519701e-08
0,8362,9.630524229253595e-08
0,8363,9.630507281216654e-08
0,8364,9.630512535664247e-08
0,8365,9.630502235887265e-08
0,8366,9.630483177533466e-08
0,8367,9.630478294071396e-08
0,8368,9.630475373458426e-08
0,8369,9.630477202222888e-08
0,8370,9.630500055396777e-08
0,8371,1.491080947602628e-07
0,8372,1.491460303187117e-07
0,8373,1.4914772125193955e-07
0,8374,1.4914842150684352e-07
0,8375,1.491487545543979e-07
0,8376,1.4914892907581952e-07
0,8377,1.4914897371350717e-07
0,8378,1.4914895499941873e-07
0,8379,1.4914892981559777e-07
0,8380,1.4914884728694155e-07
0,8381,1.4914854409275847e-07
0,8382,1.491466822886177e-07
0,8383,9.630537606588588e-08
0,8384,9.630511329020413e-08
0,8385,9.630510304551004e-08
0,8386,9.630521385189364e-08
0,8387,9.630586558862842e-08
0,8388,1.4912207280733548e-07
0,8389,1.4913855606136042e-07
0,8390,9.630571005410761e-08
0,8391,9.630532267758895e-08
0,8392,9.63053535174758e-08
0,8393,9.630557591200697e-08
0,8394,1.4907314373918158e-07
0,8395,1.4914805776197488e-07
0,8396,1.4914891091033738e-07
0,8397,1.491492181835601e-07
0,8398,1.491495639822536e-07
0,8399,1.4915073367970338e-07
0,8400,1.491615619286454e-07
0,8401,2.935505235949782e-07
0,8402,2.939942528717163e-07
0,8403,2.9399824401197963e-07
0,8404,1.4969447700076974e-07
0,8405,1.4915292684652124e-07
0,8406,1.4914956761817979e-07
0,8407,1.4914886535766442e-07
0,8408,1.491480882531823e-07
0,8409,1.4914832568196554e-07
0,8410,1.4914845606234543e-07
0,8411,1.4914857637449868e-07
0,8412,1.4914881620132028e-07
0,8413,1.4914879891520742e-07
0,8414,1.4914844177302158e-07
0,8415,1.4914727452944657e-07
0,8416,1.4914345514922323e-07
0,8417,1.4914127869090953e-07
0,8418,1.491475689086052e-07
0,8419,1.4914876699445231e-07
0,8420,1.4914910074101894e-07
0,8421,1.4914934406002863e-07
0,8422,1.491497208312069e-07
0,8423,1.4915076965496803e-07
0,8424,1.4915541733342324e-07
0,8425,1.491632977998307e-07
0,8426,1.4915946131593863e-07
0,8427,1.4915746276292284e-07
0,8428,1.4915311023576796e-07
0,8429,1.4915023788722296e-07
0,8430,1.4914921209107572e-07
0,8431,1.4914854343676194e-07
0,8432,1.4914686397545017e-07
0,8433,1.4914798032752388e-07
0,8434,1.4914880341789904e-07
0,8435,1.4914905122667124e-07
0,8436,1.4914917774672218e-07
0,8437,1.4914899304082035e-07
0,8438,1.4914827444688058e-07
0,8439,1.491412659568737e-07
0,8440,1.4911581624693442e-07
0,8441,1.491437319418637e-07
0,8442,1.4914829720937993e-07
0,8443,1.4914890149325547e-07
0,8444,1.4914914337726937e-07
0,8445,1.4914940888786465e-07
0,8446,1.4914982258008424e-07
0,8447,1.491521024767062e-07
0,8448,1.4915891489601435e-07
0,8449,2.9435215172528197e-07
0,8450,2.944214882484044e-07
0,8451,2.94426335908384e-07
0,8452,2.9442701855150787e-07
0,8453,2.936365856136551e-07
0,8454,1.4915799276396047e-07
0,8455,1.4915037299204092e-07
0,8456,1.4914958136963094e-07
0,8457,1.4914951165906332e-07
0,8458,1.4914974940253623e-07
0,8459,1.4915010520242557e-07
0,8460,1.4915066192050866e-07
0,8461,1.4915022186306722e-07
0,8462,1.4914941855515332e-07
0,8463,1.4914914407213454e-07
0,8464,1.4914913319045812e-07
0,8465,1.4914906037717494e-07
0,8466,1.4914912112502267e-07
0,8467,1.4914926464731524e-07
0,8468,1.4914945232149157e-07
0,8469,1.491495791509196e-07
0,8470,1.4914975508324062e-07
0,8471,1.491504042488035e-07
0,8472,1.4915185556896022e-07
0,8473,1.4915519048734767e-07
0,8474,1.491610683773464e-07
0,8475,1.4915986700162333e-07
0,8476,1.4915729092051058e-07
0,8477,1.4915412921361168e-07
0,8478,1.4915128445213018e-07
0,8479,1.4914976272220387e-07
0,8480,1.4914932061166298e-07
0,8481,1.4914915617093632e-07
0,8482,1.4914902330385744e-07
0,8483,1.4914878161687017e-07
0,8484,1.4914877358604916e-07
0,8485,1.4914882653162568e-07
0,8486,1.4914864754093297e-07
0,8487,1.4914833569121158e-07
0,8488,1.4914783098000277e-07
0,8489,1.4914623806640335e-07
0,8490,1.4914689276516492e-07
0,8491,1.491480537378501e-07
0,8492,1.4914866800552003e-07
0,8493,1.4914901362084784e-07
0,8494,1.491492712771302e-07
0,8495,1.4914984022514934e-07
0,8496,1.491522883337868e-07
0,8497,1.4916283764222966e-07
0,8498,1.491743071270154e-07
0,8499,1.4915827286282124e-07
0,8500,1.4915359342399155e-07
0,8501,1.491505207182732e-07
0,8502,1.4914925936860592e-07
0,8503,1.4914833361233523e-07
0,8504,1.491442729118289e-07
0,8505,1.4914498581563174e-07
0,8506,1.4914694509776064e-07
0,8507,1.4914748721367335e-07
0,8508,1.4914791916548382e-07
0,8509,1.4914721018307762e-07
0,8510,1.491432642922359e-07
0,8511,1.491428750991365e-07
0,8512,1.49147325716664e-07
0,8513,1.4914845837497577e-07
0,8514,1.4914900900038475e-07
0,8515,1.4914947387684022e-07
0,8516,1.491514616039618e-07
0,8517,327.0324207075359
0,8518,6691.275471500772
0,8519,7654.054572811329
0,8520,7654.0545728113275
0,8521,7654.054572811326
0,8522,7654.05457281133
0,8523,7654.054572811328
0,8524,7654.054572811329
0,8525,7654.054572811331
0,8526,7654.054572811328
0,8527,849.2920813535058
0,8528,1.491506759539608e-07
0,8529,1.4915004885315895e-07
0,8530,1.4915004426847454e-07
0,8531,1.4915056846382638e-07
0,8532,1.491539870587149e-07
0,8533,1.491517545564188e-07
0,8534,1.491498213936147e-07
0,8535,1.4914915821769318e-07
0,8536,1.4914863870406185e-07
0,8537,1.491459191729457e-07
0,8538,1.4914415830442223e-07
0,8539,1.491453221970807e-07
0,8540,1.4914772880972316e-07
0,8541,1.4914841969885509e-07
0,8542,1.491488506588103e-07
0,8543,1.4914912330543455e-07
0,8544,1.4914936742366387e-07
0,8545,1.4914946484592402e-07
0,8546,1.4914948959357044e-07
0,8547,1.4914947279808617e-07
0,8548,1.491493504661998e-07
0,8549,1.4914906558535692e-07
0,8550,1.4914762153697128e-07
0,8551,5.889469789413233e-08
0,8552,5.889448539490432e-08
0,8553,5.8894458003166624e-08
0,8554,5.889446038385098e-08
0,8555,5.88944677051972e-08
0,8556,5.889449634471607e-08
0,8557,5.889454729286693e-08
0,8558,5.889458128659626e-08
0,8559,5.889462185784813e-08
0,8560,5.8894692495164655e-08
0,8561,5.8894946507999184e-08
0,8562,1.4914377541002245e-07
0,8563,1.4914849761152055e-07
0,8564,1.4914912499844335e-07
0,8565,1.491495105660791e-07
0,8566,1.4915040264177194e-07
0,8567,1.4916162861537316e-07
0,8568,2.9458757300334856e-07
0,8569,2.9459227942642534e-07
0,8570,2.9459359527077723e-07
0,8571,2.945942641674644e-07
0,8572,2.945941952918951e-07
0,8573,2.9459054045602104e-07
0,8574,1.4915042667682649e-07
0,8575,1.4914907704781334e-07
0,8576,1.491484589285694e-07
0,8577,1.4914834129824443e-07
0,8578,1.4914864249492054e-07
0,8579,1.4914873584174603e-07
0,8580,1.4914881045439824e-07
0,8581,1.4914868417005285e-07
0,8582,1.4914811051407553e-07
0,8583,1.4914468835839603e-07
0,8584,1.4912912383146094e-07
0,8585,1.491287450247473e-07
0,8586,1.4912940285942812e-07
0,8587,1.4914402852572034e-07
0,8588,1.4914803293106173e-07
0,8589,1.491488084613365e-07
0,8590,1.4914914473466339e-07
0,8591,1.4914947705347128e-07
0,8592,1.491497611027582e-07
0,8593,1.4915009275470043e-07
0,8594,1.4915029209749422e-07
0,8595,1.491504152408517e-07
0,8596,1.491502372288141e-07
0,8597,1.491499673823859e-07
0,8598,1.4914958853758965e-07
0,8599,1.49149210470329e-07
0,8600,1.4914891818953524e-07
0,8601,1.4914868242061133e-07
0,8602,1.491486566105552e-07
0,8603,1.4914860361244908e-07
0,8604,1.4914888463055066e-07
0,8605,1.4914893982684958e-07
0,8606,1.4914867888619356e-07
0,8607,1.491473932830592e-07
0,8608,1.4914002092406963e-07
0,8609,1.4913317895938493e-07
0,8610,1.4913358234040818e-07
0,8611,1.491369970570242e-07
0,8612,1.491469037254189e-07
0,8613,1.491482097130991e-07
0,8614,1.491486757459646e-07
0,8615,1.4914904382062172e-07
0,8616,1.4914922664353543e-07
0,8617,1.4914947108453174e-07
0,8618,1.4914972019209683e-07
0,8619,1.4915006123997904e-07
0,8620,1.4915021361434867e-07
0,8621,1.4915075546568894e-07
0,8622,1.4915039274604187e-07
0,8623,1.4914979797032123e-07
0,8624,1.4914946148468044e-07
0,8625,1.4914948824167875e-07
0,8626,1.4914968508218814e-07
0,8627,1.4914990290260588e-07
0,8628,1.491509905425666e-07
0,8629,1.491545107406428e-07
0,8630,1.491538122580841e-07
0,8631,1.4915149798162808e-07
0,8632,1.4915034106510587e-07
0,8633,1.4915021852854923e-07
0,8634,1.491508442839375e-07
0,8635,1.491549128709304e-07
0,8636,1929.8577660111894
0,8637,7654.054572811332
0,8638,7654.054572811328
0,8639,7654.054572811329
0,8640,7654.054572811328
0,8641,7654.054572811329
0,8642,7654.054572811329
0,8643,7654.054572811329
0,8644,7654.054572811328
0,8645,7654.054572811329
0,8646,7654.054572811329
0,8647,7654.054572811329
0,8648,7654.054572811328
0,8649,7654.054572811329
0,8650,7654.054572811328
0,8651,7654.054572811328
0,8652,7654.054572811329
0,8653,7654.054572811329
0,8654,7654.054572811329
0,8655,7654.054572811329
0,8656,7654.054572811328
0,8657,7654.05457281133
0,8658,7654.054572811329
0,8659,7654.054572811328
0,8660,7654.054572811329
0,8661,7654.054572811329
0,8662,7654.054572811328
0,8663,7654.05457281133
0,8664,7654.054572811329
0,8665,7654.054572811329
0,8666,7654.054572811331
0,8667,7654.054572811328
0,8668,3731.0783475108046
0,8669,1.4915361874160305e-07
0,8670,1.491493287030638e-07
0,8671,1.4914816160729264e-07
0,8672,9.631280531259751e-08
0,8673,9.630936645433632e-08
0,8674,9.630878240579328e-08
0,8675,9.630843342480378e-08
0,8676,9.630829134738678e-08
0,8677,9.630820606617164e-08
0,8678,9.630790923458835e-08
0,8679,9.630782220204788e-08
0,8680,9.630778448766874e-08
0,8681,9.630780359291022e-08
0,8682,9.630797190417087e-08
0,8683,9.630894864323268e-08
0,8684,1.4914358475466962e-07
0,8685,1.4914775339007719e-07
0,8686,1.4914865791452515e-07
0,8687,1.4914899637373915e-07
0,8688,1.4914927239206952e-07
0,8689,1.4914947070847622e-07
0,8690,1.491497211513447e-07
0,8691,1.4914979431021732e-07
0,8692,1.491497685281336e-07
0,8693,1.4914940313291952e-07
0,8694,1.491489239032536e-07
0,8695,1.491448000488652e-07
0,8696,9.630986532314554e-08
0,8697,9.631002446106648e-08
0,8698,9.631457383600845e-08
0,8699,1.4914044033732593e-07
0,8700,1.491470144814684e-07
0,8701,1.491478348408196e-07
0,8702,1.491470654480236e-07
0,8703,1.491389602641547e-07
0,8704,9.631169208627866e-08
0,8705,9.631209019551792e-08
0,8706,1.4914448660739948e-07
0,8707,1.4914841660814706e-07
0,8708,1.491489856453147e-07
0,8709,1.491493024636365e-07
0,8710,1.4914987852030848e-07
0,8711,1.4915236029101105e-07
0,8712,1.4917059175202966e-07
0,8713,1.4917258701235055e-07
0,8714,1.4917299575746405e-07
0,8715,1.4917318758164103e-07
0,8716,1.4917318360096565e-07
0,8717,1.4917151722608252e-07
0,8718,1.4915009475340003e-07
0,8719,1.4914898192934728e-07
0,8720,1.4914812694079554e-07
0,8721,1.4914846326581177e-07
0,8722,1.4914883291855226e-07
0,8723,1.4914897948677531e-07
0,8724,1.4914908138595018e-07
0,8725,1.4914899135306994e-07
0,8726,1.4914847974858503e-07
0,8727,1.4914662423224766e-07
0,8728,1.4910577891244546e-07
0,8729,1.4913500458448524e-07
0,8730,1.4914778876889512e-07
0,8731,1.4914868752763724e-07
0,8732,1.4914907724318657e-07
0,8733,1.491493628912109e-07
0,8734,1.4914976822415042e-07
0,8735,1.491517828697351e-07
0,8736,1.4917217314313496e-07
0,8737,1.491733374405532e-07
0,8738,1.4917328287097735e-07
0,8739,1.4917252444941287e-07
0,8740,1.4915842923857452e-07
0,8741,1.4915066345638946e-07
0,8742,1.4914916978510037e-07
0,8743,1.4914793150787873e-07
0,8744,1.4913907492620517e-07
0,8745,1.4914649385560827e-07
0,8746,1.4914840185657361e-07
0,8747,1.4914872612986955e-07
0,8748,1.4914882031597594e-07
0,8749,1.4914867151435062e-07
0,8750,1.4914485348002876e-07
0,8751,9.6317184899731e-08
0,8752,9.63168729365072e-08
0,8753,9.631687607252132e-08
0,8754,9.631701625334346e-08
0,8755,9.63178643236689e-08
0,8756,1.491446108357723e-07
0,8757,1.4914784494845699e-07
0,8758,1.4914858347455924e-07
0,8759,1.4914894368885903e-07
