IA,T,value
0,0,7.456075065240686e-07
0,1,7.456074822657887e-07
0,2,7.45607457773394e-07
0,3,7.456074443543372e-07
0,4,7.456074378265456e-07
0,5,7.456074446665129e-07
0,6,7.456074739555264e-07
0,7,7.456075167121013e-07
0,8,7.456075693638438e-07
0,9,7.45607548588421e-07
0,10,7.456075109222787e-07
0,11,7.456074963655212e-07
0,12,7.456074580252558e-07
0,13,7.456074512698953e-07
0,14,7.456075096703166e-07
0,15,7.456076590059115e-07
0,16,7.456084789634286e-07
0,17,1.1623087157433377e-06
0,18,7.456230680815417e-07
0,19,7.456082244553051e-07
0,20,7.456076741305538e-07
0,21,7.456075530283899e-07
0,22,7.45607524146296e-07
0,23,7.456074763694026e-07
0,24,7.456074226211472e-07
0,25,7.456073920982573e-07
0,26,7.456073913387246e-07
0,27,7.456074041824495e-07
0,28,7.456074196524576e-07
0,29,7.456074676164928e-07
0,30,7.456075675054569e-07
0,31,7.456091322005873e-07
0,32,1.1614461060794633e-06
0,33,1.1614450791343769e-06
0,34,7.456107997853893e-07
0,35,7.456087701570301e-07
0,36,7.456079970572927e-07
0,37,7.456080035123851e-07
0,38,7.456103488481213e-07
0,39,1.1614445599994302e-06
0,40,1.1614448457746315e-06
0,41,1.161444355053649e-06
0,42,7.456099641165782e-07
0,43,7.456076849616505e-07
0,44,7.456075349618581e-07
0,45,7.45607460307005e-07
0,46,7.456073694787914e-07
0,47,7.456068883654461e-07
0,48,5.639040822461833e-07
0,49,5.638967257517041e-07
0,50,5.638966235652293e-07
0,51,5.638965865276193e-07
0,52,5.638965711050704e-07
0,53,5.63896572166013e-07
0,54,5.63896579355073e-07
0,55,5.638966657199618e-07
0,56,7.456057212871899e-07
0,57,7.456065073629131e-07
0,58,7.456065939961893e-07
0,59,7.456066348664658e-07
0,60,7.456065356320973e-07
0,61,7.456065397402037e-07
0,62,7.456066663123404e-07
0,63,7.456066976960495e-07
0,64,7.456067425559765e-07
0,65,7.456067624326906e-07
0,66,7.45606690832899e-07
0,67,7.456064026514109e-07
0,68,7.456024919078642e-07
0,69,4.5119566128348186e-07
0,70,4.511954891152008e-07
0,71,1.7658356046489044e-07
0,72,1.765835198123361e-07
0,73,1.7658351176527324e-07
0,74,1.7658350833857096e-07
0,75,1.7658350638560648e-07
0,76,1.76583505189017e-07
0,77,1.7658350453278797e-07
0,78,1.7658350440034294e-07
0,79,1.765835049128e-07
0,80,1.7658350593276742e-07
0,81,1.7658350715639503e-07
0,82,1.7658350885999173e-07
0,83,1.7658351113787085e-07
0,84,1.765835142127114e-07
0,85,1.7658351930872166e-07
0,86,1.7658353310628783e-07
0,87,1.7658399606223797e-07
0,88,4.511956593920031e-07
0,89,7.456069529534227e-07
0,90,7.456072675986053e-07
0,91,7.456072462120415e-07
0,92,7.456071076292605e-07
0,93,7.45607009751588e-07
0,94,7.456070808747999e-07
0,95,7.456068157881531e-07
0,96,7.456065635688566e-07
0,97,7.456063041660635e-07
0,98,7.456067696230973e-07
0,99,7.456070528840117e-07
0,100,7.456072792549272e-07
0,101,7.456074303634298e-07
0,102,7.456075544069682e-07
0,103,7.456126709107126e-07
0,104,1.1614627420595765e-06
0,105,1.161462885941448e-06
0,106,1.1614629004746801e-06
0,107,1.1614629331345731e-06
0,108,1.1614626776930888e-06
0,109,1.1614625159430199e-06
0,110,1.161462844663598e-06
0,111,1.161462878238134e-06
0,112,1.1614628555371632e-06
0,113,1.1614628107323525e-06
0,114,1.161461514480198e-06
0,115,7.45608231003749e-07
0,116,7.456076242809962e-07
0,117,7.456075207904379e-07
0,118,7.456074733559118e-07
0,119,7.456073786840151e-07
0,120,7.456071283931145e-07
0,121,7.456070214010219e-07
0,122,7.456069971704383e-07
0,123,7.456070461916756e-07
0,124,7.456071631196323e-07
0,125,7.456073763325263e-07
0,126,7.456075308323015e-07
0,127,7.456086695387029e-07
0,128,1.161461977147971e-06
0,129,1.1614617920060573e-06
0,130,1.161461399134304e-06
0,131,1.1614204410656581e-06
0,132,7.456084941535652e-07
0,133,7.456081041930234e-07
0,134,7.456110402884362e-07
0,135,1.1614613763111807e-06
0,136,1.161461590345971e-06
0,137,1.1614614657932964e-06
0,138,1.161459939154682e-06
0,139,7.456079826277781e-07
0,140,7.456075970357935e-07
0,141,7.456075143684967e-07
0,142,7.456074384253098e-07
0,143,7.456072782057515e-07
0,144,7.456062618923855e-07
0,145,7.456048397510992e-07
0,146,7.456044546635719e-07
0,147,7.456042733811011e-07
0,148,7.456042794204274e-07
0,149,7.456063872649033e-07
0,150,7.456074145114725e-07
0,151,7.456075994566239e-07
0,152,7.4560893714459e-07
0,153,1.1614525405170543e-06
0,154,1.16145395265036e-06
0,155,1.1614539489599662e-06
0,156,1.161452518743178e-06
0,157,7.456105544156315e-07
0,158,7.456092236048326e-07
0,159,7.456186443936852e-07
0,160,7.456122474812377e-07
0,161,7.456102819280699e-07
0,162,7.456077449193368e-07
0,163,7.456075256407738e-07
0,164,7.456074228164188e-07
0,165,7.456070895257219e-07
0,166,7.456049998900725e-07
0,167,4.5119566709216785e-07
0,168,4.511955716290339e-07
0,169,4.5119555219306504e-07
0,170,4.5119554751821906e-07
0,171,4.5119554925293406e-07
0,172,4.5119556107101557e-07
0,173,4.511956059072037e-07
0,174,7.453284293716492e-07
0,175,7.456073140082892e-07
0,176,7.456074984331574e-07
0,177,7.45607526793401e-07
0,178,7.456075431557347e-07
0,179,7.456075697186794e-07
0,180,7.456075613475104e-07
0,181,7.456075612248312e-07
0,182,7.456076250225786e-07
0,183,7.456077709565299e-07
0,184,7.456081184785729e-07
0,185,7.456082695380204e-07
0,186,7.456082500738623e-07
0,187,7.456080284122891e-07
0,188,7.4560768779081e-07
0,189,7.456075795489e-07
0,190,7.456075350286535e-07
0,191,7.456074990560383e-07
0,192,7.456074582198938e-07
0,193,7.456074376799869e-07
0,194,7.456074234146866e-07
0,195,7.456074113030252e-07
0,196,7.456074053327372e-07
0,197,7.456074336433142e-07
0,198,7.456075171079723e-07
0,199,7.456076972101552e-07
0,200,7.456080042817908e-07
0,201,7.456077207801971e-07
0,202,7.456075923802057e-07
0,203,7.456075349719751e-07
0,204,7.456074724597018e-07
0,205,7.456073910264354e-07
0,206,7.456074496950578e-07
0,207,7.456074920680284e-07
0,208,7.456075400273693e-07
0,209,7.45607584162519e-07
0,210,7.456075441165834e-07
0,211,7.456075062343224e-07
0,212,7.456074486652504e-07
0,213,7.456073820526668e-07
0,214,7.456072779319854e-07
0,215,7.456066154890676e-07
0,216,7.45601302938814e-07
0,217,5.638972331559153e-07
0,218,5.638971255740828e-07
0,219,5.63897080548017e-07
0,220,5.638970684612278e-07
0,221,5.638970652354231e-07
0,222,5.638970781266988e-07
0,223,5.638973364700113e-07
0,224,7.456069499225678e-07
0,225,7.45607230886178e-07
0,226,7.456072682698044e-07
0,227,7.456071296613786e-07
0,228,7.456062336119628e-07
0,229,7.456057952414045e-07
0,230,7.456069481213115e-07
0,231,7.456072218657904e-07
0,232,7.456072949186874e-07
0,233,7.4560741538486e-07
0,234,7.456074275158931e-07
0,235,7.456074411826985e-07
0,236,7.456073751894689e-07
0,237,7.456072195693012e-07
0,238,7.456071801227566e-07
0,239,7.45606927958834e-07
0,240,7.456062937220066e-07
0,241,7.456065180114403e-07
0,242,7.456063943137014e-07
0,243,7.456062778109772e-07
0,244,7.456062371305767e-07
0,245,7.456066080021332e-07
0,246,7.456065930547782e-07
0,247,7.456072347774542e-07
0,248,7.456073953236538e-07
0,249,7.456073889844473e-07
0,250,7.45607301134122e-07
0,251,7.456070960459427e-07
0,252,7.45606378113949e-07
0,253,7.456054002937682e-07
0,254,7.456065866710094e-07
0,255,7.456072305111965e-07
0,256,7.456073693336404e-07
0,257,7.456074174535567e-07
0,258,7.456073763633718e-07
0,259,7.456072000979348e-07
0,260,7.456064742813196e-07
0,261,7.455924929226412e-07
0,262,4.511963752833538e-07
0,263,4.5119578339128567e-07
0,264,4.5119573680696385e-07
0,265,4.511957221349573e-07
0,266,4.5119571819597287e-07
0,267,4.5119571978507444e-07
0,268,4.5119572932982794e-07
0,269,4.51195767673683e-07
0,270,4.5120285196912204e-07
0,271,7.456072016288503e-07
0,272,7.456074021981511e-07
0,273,7.456074009977394e-07
0,274,7.456073504473756e-07
0,275,7.456073310180051e-07
0,276,7.456071331867145e-07
0,277,7.456069861876634e-07
0,278,7.456072016376154e-07
0,279,7.456073449793103e-07
0,280,7.456073744941632e-07
0,281,7.456073895700571e-07
0,282,7.45607303259204e-07
0,283,7.4560681454685e-07
0,284,7.456043012839995e-07
0,285,5.638971475494598e-07
0,286,5.638970611185127e-07
0,287,5.638970324728359e-07
0,288,5.638970324285852e-07
0,289,5.63897056485505e-07
0,290,5.638971299040508e-07
0,291,5.638975560527149e-07
0,292,7.456056747076233e-07
0,293,7.456071960843776e-07
0,294,7.456074927271403e-07
0,295,7.456079096110274e-07
0,296,7.456086721657773e-07
0,297,7.456087258928569e-07
0,298,7.456087299087587e-07
0,299,7.456087210414079e-07
0,300,7.456085676118843e-07
0,301,7.456084445148137e-07
0,302,7.456086977535025e-07
0,303,7.456087407961983e-07
0,304,7.456087288429592e-07
0,305,7.456086582589515e-07
0,306,7.456079855362199e-07
0,307,7.456075630100159e-07
0,308,7.45607439044369e-07
0,309,7.456070216300596e-07
0,310,7.456042000477617e-07
0,311,1.76584392197259e-07
0,312,1.7658356392524958e-07
0,313,1.7658355581778055e-07
0,314,1.7658355359740438e-07
0,315,1.7658355299587334e-07
0,316,1.765835534555128e-07
0,317,1.7658355548418043e-07
0,318,1.7658356594437834e-07
0,319,7.456000142075446e-07
0,320,7.456061447715678e-07
0,321,7.456062404429922e-07
0,322,7.45606256580215e-07
0,323,7.45606246835809e-07
0,324,7.456053413950527e-07
0,325,7.456057980378295e-07
0,326,7.456064721815012e-07
0,327,7.456065327294221e-07
0,328,7.456065397994638e-07
0,329,7.456065186179565e-07
0,330,7.456064244209708e-07
0,331,7.4560551136395e-07
0,332,4.5119550183751706e-07
0,333,1.7658354333540456e-07
0,334,1.7658350861289147e-07
0,335,1.7658349782507477e-07
0,336,1.7658349480515286e-07
0,337,1.7658349380706938e-07
0,338,1.765834936908861e-07
0,339,1.7658349431470935e-07
0,340,1.765834961445432e-07
0,341,1.7658350168528343e-07
0,342,1.765835843433523e-07
0,343,7.456054064212655e-07
0,344,7.456058269503945e-07
0,345,7.45605803054721e-07
0,346,7.455884512254664e-07
0,347,5.638962302159306e-07
0,348,5.638962032660172e-07
0,349,5.638962644650302e-07
0,350,7.455950025153285e-07
0,351,7.456065568728867e-07
0,352,7.456067116453557e-07
0,353,7.456067471237339e-07
0,354,7.456067455109357e-07
0,355,7.456066814653109e-07
0,356,7.45605737910159e-07
0,357,5.638967220236919e-07
0,358,5.638966029416931e-07
0,359,5.638965690426908e-07
0,360,5.638965661837175e-07
0,361,5.63896577286378e-07
0,362,5.638966117704886e-07
0,363,5.638966981348539e-07
0,364,5.638975397228921e-07
0,365,7.456066748462668e-07
0,366,7.456074317028464e-07
0,367,7.456076280179955e-07
0,368,7.456078726691949e-07
0,369,7.456078940171932e-07
0,370,7.456078476019951e-07
0,371,7.456077305274813e-07
0,372,7.456075920875321e-07
0,373,7.456075624498747e-07
0,374,7.456077149148853e-07
0,375,7.456079909260159e-07
0,376,7.4560801301817e-07
0,377,7.456079600890564e-07
0,378,7.456076343610152e-07
0,379,7.456074930308626e-07
0,380,7.456073514537642e-07
0,381,7.456069864524577e-07
0,382,7.456060506479995e-07
0,383,5.638971626018028e-07
0,384,5.638970321476785e-07
0,385,5.638969859526243e-07
0,386,5.638969703450529e-07
0,387,5.638969691940046e-07
0,388,5.638969847266186e-07
0,389,5.638970164024067e-07
0,390,5.638971794025404e-07
0,391,7.456062273979665e-07
0,392,7.456071637961423e-07
0,393,7.456071625134329e-07
0,394,7.456067848915862e-07
0,395,7.456069446184051e-07
0,396,7.4560694343963e-07
0,397,7.456071806433955e-07
0,398,7.456074089933967e-07
0,399,7.456074934779604e-07
0,400,7.456075314096391e-07
0,401,7.456075510943341e-07
0,402,7.456075317879816e-07
0,403,7.456074779574657e-07
0,404,7.45607357025054e-07
0,405,7.456069180158751e-07
0,406,7.456050504721222e-07
0,407,4.5119624039499003e-07
0,408,4.51196103477508e-07
0,409,4.5119607859900855e-07
0,410,4.511960697096417e-07
0,411,4.511960682316065e-07
0,412,4.5119607261338755e-07
0,413,4.5119608845784356e-07
0,414,4.511961123082432e-07
0,415,4.5119623160109566e-07
0,416,7.455917927929914e-07
0,417,7.45605864363296e-07
0,418,7.456061253561682e-07
0,419,7.456066029315924e-07
0,420,7.456069000497506e-07
0,421,7.456070547363525e-07
0,422,7.456073485937744e-07
0,423,7.456074772387786e-07
0,424,7.456075897887965e-07
0,425,7.456079689724567e-07
0,426,7.45608084226241e-07
0,427,7.456078146084524e-07
0,428,7.45607636913854e-07
0,429,7.456075455058513e-07
0,430,7.456075010421341e-07
0,431,7.456074358989375e-07
0,432,7.456073672037625e-07
0,433,7.456073011892909e-07
0,434,7.45607245017066e-07
0,435,7.456072633409721e-07
0,436,7.456073541817219e-07
0,437,7.456074454993377e-07
0,438,7.456075673510665e-07
0,439,7.456240910787058e-07
0,440,1.1614642376282532e-06
0,441,1.1614644576100754e-06
0,442,1.161464441326958e-06
0,443,1.1614645290329506e-06
0,444,1.1614638582484913e-06
0,445,7.456106943358758e-07
0,446,7.456375636333665e-07
0,447,1.1614645652410951e-06
0,448,1.1614647414200959e-06
0,449,1.161464767126038e-06
0,450,1.161464622494417e-06
0,451,1.1614623626909513e-06
0,452,7.4560851111674e-07
0,453,7.456079096187287e-07
0,454,7.456077079639957e-07
0,455,7.456076046017239e-07
0,456,7.456075552617905e-07
0,457,7.456075440320445e-07
0,458,7.456075421361408e-07
0,459,7.456075471707589e-07
0,460,7.45607566099616e-07
0,461,7.456076205577155e-07
0,462,7.456079608716386e-07
0,463,1.161464407158391e-06
0,464,1.1614647309252323e-06
0,465,1.161464724880656e-06
0,466,1.1614645542163616e-06
0,467,1.1614638338990825e-06
0,468,7.456089940785669e-07
0,469,7.456082696716585e-07
0,470,7.456096999171713e-07
0,471,1.1614641400776845e-06
0,472,1.1614645173792105e-06
0,473,1.161464493872203e-06
0,474,1.1614640906583197e-06
0,475,7.456086034417794e-07
0,476,7.456076843632319e-07
0,477,7.456075511017863e-07
0,478,7.456074910009075e-07
0,479,7.456074065612704e-07
0,480,7.456072317277883e-07
0,481,7.45607092755406e-07
0,482,7.456070561478143e-07
0,483,7.4560704380638e-07
0,484,7.456070578197405e-07
0,485,7.456072270358492e-07
0,486,7.456074742311425e-07
0,487,7.456076559624713e-07
0,488,7.456092528315706e-07
0,489,7.456080922125047e-07
0,490,7.456076808056308e-07
0,491,7.456075935814949e-07
0,492,7.456075374282961e-07
0,493,7.456075353227094e-07
0,494,7.456076209708711e-07
0,495,7.45608837907677e-07
0,496,1.1614625855408914e-06
0,497,1.1614628750911017e-06
0,498,1.1614615152259156e-06
0,499,7.456082782590158e-07
0,500,7.456076804823133e-07
0,501,7.456075729338149e-07
0,502,7.456075201422222e-07
0,503,7.45607447286069e-07
0,504,7.456073196475652e-07
0,505,7.456072438722909e-07
0,506,7.456072314535918e-07
0,507,7.45607253359458e-07
0,508,7.456072930367004e-07
0,509,7.456074030331698e-07
0,510,7.456075303033362e-07
0,511,7.456080795174019e-07
0,512,1.1614663526255005e-06
0,513,1.1614673026919387e-06
0,514,1.1614675530540781e-06
0,515,1.1614677902633104e-06
0,516,1.1614671395246176e-06
0,517,7.456550500038046e-07
0,518,1.1614673753736573e-06
0,519,1.16146817206168e-06
0,520,1.1614683534323185e-06
0,521,1.1614684026089847e-06
0,522,1.161468337668761e-06
0,523,1.1614680871978861e-06
0,524,1.1614659801767483e-06
0,525,7.456089503935982e-07
0,526,7.456081219997363e-07
0,527,7.456078780110268e-07
0,528,7.456077810546263e-07
0,529,7.456077473780312e-07
0,530,7.456077366251902e-07
0,531,7.456077373019729e-07
0,532,7.456077612279651e-07
0,533,7.456078365539207e-07
0,534,7.4560842694166e-07
0,535,20398.23326483965
0,536,22650.77784395308
0,537,22731.461018121412
0,538,22746.091880636413
0,539,22725.02539871482
0,540,21530.157452590145
0,541,8717.595868293587
0,542,14159.005045008025
0,543,22446.950618638806
0,544,22706.669158852408
0,545,22717.85183778823
0,546,22585.984507525856
0,547,21556.59483923512
0,548,3984.8353279654752
0,549,7.456088351691331e-07
0,550,7.456078937903104e-07
0,551,7.456076440465829e-07
0,552,7.456075573982888e-07
0,553,7.456075174521912e-07
0,554,7.456074963008621e-07
0,555,7.456074810363492e-07
0,556,7.456074797367093e-07
0,557,7.456074872956652e-07
0,558,7.45607520180564e-07
0,559,7.456075881019998e-07
0,560,7.456077936557271e-07
0,561,7.456081684329745e-07
0,562,7.456079462426291e-07
0,563,7.456077967649919e-07
0,564,7.45607600209399e-07
0,565,7.456075405174253e-07
0,566,7.456075575547713e-07
0,567,7.45607735631485e-07
0,568,7.456089430767023e-07
0,569,1.1614624101627875e-06
0,570,1.1614623706331524e-06
0,571,7.456112115660452e-07
0,572,7.456079539146656e-07
0,573,7.45607658586105e-07
0,574,7.456075739611473e-07
0,575,7.456075225471164e-07
0,576,7.456074891987907e-07
0,577,7.45607463396346e-07
0,578,7.456074401324302e-07
0,579,7.456074299809809e-07
0,580,7.456074369724976e-07
0,581,7.456074609073024e-07
0,582,7.456074835404971e-07
0,583,7.456075262756742e-07
0,584,7.456075908679639e-07
0,585,7.456076483997037e-07
0,586,7.456076722530545e-07
0,587,7.456077505395122e-07
0,588,7.456077034160014e-07
0,589,7.456076471887668e-07
0,590,7.456076660121242e-07
0,591,7.456079093220062e-07
0,592,7.456130683462727e-07
0,593,1.1614634754667943e-06
0,594,1.1614635855153138e-06
0,595,1.1614634121621065e-06
0,596,7.456158667273555e-07
0,597,7.456080761894162e-07
0,598,7.456077128026765e-07
0,599,7.456075790841093e-07
0,600,7.456075357352026e-07
0,601,7.456075151477992e-07
0,602,7.456075183776222e-07
0,603,7.456075211695851e-07
0,604,7.456075419317314e-07
0,605,7.45607614733151e-07
0,606,7.456081019753777e-07
0,607,7784.841755558215
0,608,9407.250151939945
0,609,9576.581877841343
0,610,9536.9639895763
0,611,9385.89742354019
0,612,7326.647072506356
0,613,2665.777987399058
0,614,7579.840311502718
0,615,9063.868778480643
0,616,9309.74353229434
0,617,9196.222338009307
0,618,8063.68916707126
0,619,7.45613066492619e-07
0,620,7.456077414063015e-07
0,621,7.45607554529583e-07
0,622,7.456074964551559e-07
0,623,7.456073984429678e-07
0,624,7.456069208693682e-07
0,625,7.456025477326142e-07
0,626,5.639011346599046e-07
0,627,5.638999937492439e-07
0,628,5.638998757026006e-07
0,629,7.454764515889116e-07
0,630,7.456071562813643e-07
0,631,7.456075037971528e-07
0,632,7.456076026603413e-07
0,633,7.456075700895799e-07
0,634,7.456075468489017e-07
0,635,7.456075333323158e-07
0,636,7.45607507024018e-07
0,637,7.456075245042606e-07
0,638,7.456076044233879e-07
0,639,7.456079277219454e-07
0,640,7.456096129015292e-07
0,641,7.456104804989626e-07
0,642,7.456082554756777e-07
0,643,7.456076212892166e-07
0,644,7.456075149588125e-07
0,645,7.45607453069222e-07
0,646,7.456073065470216e-07
0,647,7.45605628335385e-07
0,648,5.638969389817014e-07
0,649,5.638968146337326e-07
0,650,5.63896781483399e-07
0,651,5.638967687304507e-07
0,652,5.638967703658443e-07
0,653,5.638967956828917e-07
0,654,5.6389717007562e-07
0,655,7.456072572295498e-07
0,656,7.456074276395209e-07
0,657,7.45607459168813e-07
0,658,7.456074669522699e-07
0,659,7.456074487156455e-07
0,660,7.456073675523132e-07
0,661,7.456071788537742e-07
0,662,7.456068370364591e-07
0,663,7.456068709536658e-07
0,664,7.456070380006518e-07
0,665,7.456071106678913e-07
0,666,7.456067620131721e-07
0,667,4.511959152074694e-07
0,668,1.765838346943804e-07
0,669,1.7658357812965837e-07
0,670,1.7658356788912406e-07
0,671,1.765835628205204e-07
0,672,1.7658356035459574e-07
0,673,1.7658355963451948e-07
0,674,1.765835596434616e-07
0,675,1.7658356028858943e-07
0,676,1.7658356198700822e-07
0,677,1.7658356678438896e-07
0,678,1.7658450926660463e-07
0,679,7.456065185400261e-07
0,680,7.45606944777898e-07
0,681,7.456069852581209e-07
0,682,7.456069913658163e-07
0,683,7.456070022496578e-07
0,684,7.456068706040377e-07
0,685,7.456065676380825e-07
0,686,7.456068225194257e-07
0,687,7.456069837317235e-07
0,688,7.456070754920343e-07
0,689,7.456070987862789e-07
0,690,7.456070348486881e-07
0,691,7.456068320056323e-07
0,692,7.456056982126352e-07
0,693,4.51195596551945e-07
0,694,4.5119537999801433e-07
0,695,1.7658354389137708e-07
0,696,1.76583529934091e-07
0,697,1.7658352654531927e-07
0,698,1.7658352527378645e-07
0,699,1.7658352502815451e-07
0,700,1.7658352558365227e-07
0,701,1.765835279478178e-07
0,702,1.7658354141523677e-07
0,703,7.456024180864408e-07
0,704,7.456066117087426e-07
0,705,7.456066169152762e-07
0,706,7.456063103390566e-07
0,707,7.45600654995789e-07
0,708,5.638967458645574e-07
0,709,5.638968750552185e-07
0,710,7.456068510204445e-07
0,711,7.456072201858869e-07
0,712,7.456072928326587e-07
0,713,7.456073045577495e-07
0,714,7.456072702458729e-07
0,715,7.456070840765794e-07
0,716,7.455144668176804e-07
0,717,1.7658355329517455e-07
0,718,1.765834992976335e-07
0,719,1.7658348918478348e-07
0,720,1.7658348568775544e-07
0,721,1.7658348415058927e-07
0,722,1.765834835015939e-07
0,723,1.7658348344957633e-07
0,724,1.7658348397329003e-07
0,725,1.7658348513218568e-07
0,726,1.7658348778588697e-07
0,727,1.7658349654852328e-07
0,728,1.7658355387896025e-07
0,729,1.765835715419401e-07
0,730,1.7658357517886197e-07
0,731,1.7658357711460797e-07
0,732,1.765835787640619e-07
0,733,1.7658358298879416e-07
0,734,1.7658359567682594e-07
0,735,1.7658363073625146e-07
0,736,1.7658364236052082e-07
0,737,1.7658364484883384e-07
0,738,1.7658364458561327e-07
0,739,1.7658364232920178e-07
0,740,1.7658363660658112e-07
0,741,1.765836196205013e-07
0,742,1.7658355345783198e-07
0,743,1.7658350717591575e-07
0,744,1.7658349704814735e-07
0,745,1.7658349341684935e-07
0,746,1.7658349175525615e-07
0,747,1.7658349099376252e-07
0,748,1.7658349083660107e-07
0,749,1.7658349117399758e-07
0,750,1.7658349205013628e-07
0,751,1.7658349360679776e-07
0,752,1.7658349516931266e-07
0,753,1.7658349628320418e-07
0,754,1.765834970206387e-07
0,755,1.7658349759556442e-07
0,756,1.7658349789401902e-07
0,757,1.765834981664426e-07
0,758,1.765834985379864e-07
0,759,1.7658349891498552e-07
0,760,1.7658349931500784e-07
0,761,1.765834995201084e-07
0,762,1.765834992992344e-07
0,763,1.7658349809539517e-07
0,764,1.7658349551799165e-07
0,765,1.7658349240731482e-07
0,766,1.7658348993002763e-07
0,767,1.7658348826440426e-07
0,768,1.7658348731595013e-07
0,769,1.765834870081392e-07
0,770,1.7658348725200718e-07
0,771,1.7658348814480532e-07
0,772,1.7658349025643432e-07
0,773,1.7658349763182675e-07
0,774,4.511955670780411e-07
0,775,7.456072786589921e-07
0,776,7.456075055558168e-07
0,777,7.456075491147893e-07
0,778,7.456076317326839e-07
0,779,7.456077843825544e-07
0,780,7.456078063670895e-07
0,781,7.456078315178321e-07
0,782,7.456079592617627e-07
0,783,7.456080235435352e-07
0,784,7.456080520033391e-07
0,785,7.456081132086913e-07
0,786,7.456081169089531e-07
0,787,7.456078088875055e-07
0,788,7.456075504562507e-07
0,789,7.456074606651306e-07
0,790,7.456072986527356e-07
0,791,7.456064412115711e-07
0,792,5.638996780419668e-07
0,793,5.638977748605257e-07
0,794,5.638974307319119e-07
0,795,5.638973167305674e-07
0,796,5.638973297067276e-07
0,797,7.455946012445709e-07
0,798,7.456068839822217e-07
0,799,7.456074498970209e-07
0,800,7.456075377728352e-07
0,801,7.456075248907397e-07
0,802,7.456074691358683e-07
0,803,7.456074362256771e-07
0,804,7.456072556774941e-07
0,805,7.456069487005804e-07
0,806,7.45606976056941e-07
0,807,7.456071041699644e-07
0,808,7.456073036110428e-07
0,809,7.456074313083611e-07
0,810,7.456074671536113e-07
0,811,7.45607444296019e-07
0,812,7.456073980629753e-07
0,813,7.456074180386651e-07
0,814,7.456074429331938e-07
0,815,7.45607329844446e-07
0,816,7.456069905145364e-07
0,817,7.456054661130376e-07
0,818,5.638973358792447e-07
0,819,5.638971470736882e-07
0,820,5.638971142153371e-07
0,821,5.638971173846667e-07
0,822,7.456041851745628e-07
0,823,7.456073695629763e-07
0,824,7.456074875220974e-07
0,825,7.456074471095643e-07
0,826,7.456073359040892e-07
0,827,7.456072312792725e-07
0,828,7.456064283891389e-07
0,829,5.639276304162518e-07
0,830,7.456019103694779e-07
0,831,7.456070299083481e-07
0,832,7.456074272696674e-07
0,833,7.456074588787127e-07
0,834,7.456073960241399e-07
0,835,7.456071843511484e-07
0,836,7.456061513997141e-07
0,837,4.5119591680956955e-07
0,838,4.511956433191243e-07
0,839,4.511955841928263e-07
0,840,4.5119556643292217e-07
0,841,4.511955634404242e-07
0,842,4.5119556738376916e-07
0,843,4.5119558354405666e-07
0,844,4.5119564077968904e-07
0,845,7.455670522296641e-07
0,846,7.456074214598294e-07
0,847,7.456077524010619e-07
0,848,7.456082798516732e-07
0,849,7.456079974254843e-07
0,850,7.456075742766874e-07
0,851,7.456075038505514e-07
0,852,7.456074096704183e-07
0,853,7.456072134172924e-07
0,854,7.456073747608194e-07
0,855,7.456075191454491e-07
0,856,7.456080318471754e-07
0,857,7.456087869180164e-07
0,858,7.456087298620516e-07
0,859,7.456077778768788e-07
0,860,7.456075511331994e-07
0,861,7.456074673206225e-07
0,862,7.456073883330621e-07
0,863,7.456070632327723e-07
0,864,7.456026199196215e-07
0,865,5.638982410709785e-07
0,866,5.638979686835955e-07
0,867,5.638980570505669e-07
0,868,5.638985909858218e-07
0,869,7.456063141715385e-07
0,870,7.456074250465193e-07
0,871,7.456076833078848e-07
0,872,7.456085042480515e-07
0,873,7.456078659937807e-07
0,874,7.456076832379452e-07
0,875,7.456076122446428e-07
0,876,7.456075339961305e-07
0,877,7.456075079381766e-07
0,878,7.456075397359272e-07
0,879,7.456076219756283e-07
0,880,7.45608128402455e-07
0,881,7.456090895436236e-07
0,882,7.456091173935705e-07
0,883,7.45608997045991e-07
0,884,7.456081117774886e-07
0,885,7.456076876046982e-07
0,886,7.456075926028347e-07
0,887,7.456075240594802e-07
0,888,7.456074980757688e-07
0,889,7.456074734481029e-07
0,890,7.456074753118583e-07
0,891,7.456074879968306e-07
0,892,7.456075032857228e-07
0,893,7.456075265911211e-07
0,894,7.456075792363211e-07
0,895,7.45607782178683e-07
0,896,7.456082436776031e-07
0,897,7.456078095933703e-07
0,898,7.456075736512806e-07
0,899,7.456074903097184e-07
0,900,7.456073838167552e-07
0,901,7.45607230417098e-07
0,902,7.456073179617122e-07
0,903,7.45607465978426e-07
0,904,7.456075825505865e-07
0,905,7.456078970871168e-07
0,906,7.456078168451751e-07
0,907,7.456075949945017e-07
0,908,7.456074977531356e-07
0,909,7.456074085417096e-07
0,910,7.456073027249633e-07
0,911,7.456068787335058e-07
0,912,7.456048900532079e-07
0,913,5.63929438004043e-07
0,914,5.638975362305227e-07
0,915,5.638976851483186e-07
0,916,5.638975925621338e-07
0,917,5.639010883049017e-07
0,918,7.456030802200357e-07
0,919,7.456068160144227e-07
0,920,7.45606754849069e-07
0,921,5.63897397925843e-07
0,922,5.63897124420595e-07
0,923,5.638971141395446e-07
0,924,5.638970802254025e-07
0,925,5.638971184584656e-07
0,926,7.456059255269895e-07
0,927,7.456073698076045e-07
0,928,7.456074995751848e-07
0,929,7.456075437846533e-07
0,930,7.45607558056474e-07
0,931,7.456075251950702e-07
0,932,7.456074744308949e-07
0,933,7.456073947932519e-07
0,934,7.456072324474241e-07
0,935,7.456063010843594e-07
0,936,4.511962738941639e-07
0,937,4.5119545660480063e-07
0,938,4.5119515478883333e-07
0,939,4.511948481541515e-07
0,940,4.5119477318448844e-07
0,941,4.511947734491998e-07
0,942,4.5119561778216346e-07
0,943,5.454432682226466e-07
0,944,5.454431814653833e-07
0,945,4.5119553773354517e-07
0,946,1.7658354229784976e-07
0,947,1.7658351743720237e-07
0,948,1.7658351281771888e-07
0,949,1.7658351164086443e-07
0,950,1.7658351163779266e-07
0,951,1.7658351208718684e-07
0,952,1.7658351251707258e-07
0,953,1.7658351253137558e-07
0,954,1.7658351192886452e-07
0,955,1.7658350998678484e-07
0,956,1.7658350655698072e-07
0,957,1.765835002312239e-07
0,958,1.765834942256468e-07
0,959,1.7658349036211438e-07
0,960,1.765834882202586e-07
0,961,1.7658348730678057e-07
0,962,1.7658348703405925e-07
0,963,1.7658348731707753e-07
0,964,1.7658348824622015e-07
0,965,1.765834903412816e-07
0,966,1.765834954006293e-07
0,967,1.7658350286530028e-07
0,968,1.7658350520848733e-07
0,969,1.7658350564812538e-07
0,970,1.7658350525184187e-07
0,971,1.7658350443256746e-07
0,972,1.76583503714771e-07
0,973,1.7658350359297824e-07
0,974,1.7658350447362018e-07
0,975,1.7658350778657483e-07
0,976,1.7658351463990782e-07
0,977,1.7658351804059348e-07
0,978,1.7658351922972695e-07
0,979,1.7658351898870626e-07
0,980,1.7658351750535972e-07
0,981,1.765835137906764e-07
0,982,1.7658350566612483e-07
0,983,1.7658349294404149e-07
0,984,1.7658348757388013e-07
0,985,1.7658348538859442e-07
0,986,1.7658348438675307e-07
0,987,1.7658348413188975e-07
0,988,1.765834845113512e-07
0,989,1.7658348570686027e-07
0,990,1.7658348814565024e-07
0,991,1.7658349119474777e-07
0,992,1.7658349251334005e-07
0,993,1.765834927922231e-07
0,994,1.765834926214185e-07
0,995,1.7658349222010614e-07
0,996,1.765834918755827e-07
0,997,1.7658349195402175e-07
0,998,1.7658349264568302e-07
0,999,1.7658349415901538e-07
0,1000,1.7658349619796302e-07
0,1001,1.7658349760022225e-07
0,1002,1.7658349791448037e-07
0,1003,1.765834972166815e-07
0,1004,1.76583495499877e-07
0,1005,1.7658349290224888e-07
0,1006,1.7658349018916254e-07
0,1007,1.7658348741685504e-07
0,1008,1.7658348555007574e-07
0,1009,1.765834846800162e-07
0,1010,1.765834844377885e-07
0,1011,1.7658348472012703e-07
0,1012,1.7658348571542462e-07
0,1013,1.765834882413243e-07
0,1014,1.765834972854555e-07
0,1015,1.7658352344941808e-07
0,1016,1.7658352789089464e-07
0,1017,1.7658352869917667e-07
0,1018,1.7658352899145132e-07
0,1019,1.7658352951571686e-07
0,1020,1.7658353000298696e-07
0,1021,1.7658353162671524e-07
0,1022,1.765835384560522e-07
0,1023,1.7658362909627582e-07
0,1024,4.511954409830567e-07
0,1025,4.511955212379563e-07
0,1026,4.511955355417661e-07
0,1027,4.511955246976285e-07
0,1028,4.511954318807678e-07
0,1029,3.904720124979957e-07
0,1030,3.9047181524729703e-07
0,1031,3.904717614939001e-07
0,1032,3.90471752248527e-07
0,1033,3.9047175681870175e-07
0,1034,3.9047177577252084e-07
0,1035,3.9047182683014224e-07
0,1036,3.904728633426251e-07
0,1037,7.456010725321796e-07
0,1038,7.456073245213403e-07
0,1039,7.456075371697071e-07
0,1040,7.456075862053626e-07
0,1041,7.45607524710198e-07
0,1042,7.456075038736314e-07
0,1043,7.45607442904254e-07
0,1044,7.456073053069959e-07
0,1045,7.456071026297892e-07
0,1046,7.456073245542475e-07
0,1047,7.456073766757643e-07
0,1048,7.456074491975598e-07
0,1049,7.456075210132143e-07
0,1050,7.45607576168261e-07
0,1051,7.456075537453541e-07
0,1052,7.456075319592178e-07
0,1053,7.456075173052226e-07
0,1054,7.456074920740338e-07
0,1055,7.456074465854575e-07
0,1056,7.456073884436117e-07
0,1057,7.456073093801571e-07
0,1058,7.456072006084805e-07
0,1059,7.456070720656793e-07
0,1060,7.456071254420974e-07
0,1061,7.456072688726241e-07
0,1062,7.456073998019339e-07
0,1063,7.456074982731681e-07
0,1064,7.456075711766654e-07
0,1065,7.456076314139437e-07
0,1066,7.456076389218337e-07
0,1067,7.456075995468684e-07
0,1068,7.45607542432006e-07
0,1069,7.456075107222434e-07
0,1070,7.456075298633889e-07
0,1071,7.456075884218513e-07
0,1072,7.456077849219737e-07
0,1073,7.456081866039302e-07
0,1074,7.456082004260544e-07
0,1075,7.45608092894866e-07
0,1076,7.4560770180208e-07
0,1077,7.456075334780732e-07
0,1078,7.45607467449446e-07
0,1079,7.456072701298904e-07
0,1080,7.456065291784787e-07
0,1081,7.456017830183793e-07
0,1082,4.5119605652264146e-07
0,1083,4.511955705749048e-07
0,1084,4.511954856464704e-07
0,1085,4.5119546521605775e-07
0,1086,4.5119558708332623e-07
0,1087,5.454410188870123e-07
0,1088,5.454402340369272e-07
0,1089,4.511954744943533e-07
0,1090,1.76583545409114e-07
0,1091,1.7658353418694898e-07
0,1092,1.7658352998230242e-07
0,1093,1.7658352875200527e-07
0,1094,1.765835290952895e-07
0,1095,1.765835316572601e-07
0,1096,1.7658353815582985e-07
0,1097,1.765835407314796e-07
0,1098,1.7658354079587315e-07
0,1099,1.7658353881973808e-07
0,1100,1.7658353187998952e-07
0,1101,1.765835092647134e-07
0,1102,1.7658349833145902e-07
0,1103,1.7658349390875441e-07
0,1104,1.765834922669475e-07
0,1105,1.7658349152405555e-07
0,1106,1.7658349136212953e-07
0,1107,1.7658349184528686e-07
0,1108,1.765834933086286e-07
0,1109,1.765834973406884e-07
0,1110,1.7658351983586203e-07
0,1111,1.765835507357455e-07
0,1112,1.765835540203707e-07
0,1113,1.7658355482458148e-07
0,1114,1.7658355497671198e-07
0,1115,1.7658355455472186e-07
0,1116,1.7658355298224458e-07
0,1117,1.765835517553288e-07
0,1118,1.7658355222427546e-07
0,1119,1.765835534648306e-07
0,1120,1.7658355460948508e-07
0,1121,1.7658355530954003e-07
0,1122,1.765835541817813e-07
0,1123,1.765835499816867e-07
0,1124,1.7658353886459907e-07
0,1125,1.765835047956117e-07
0,1126,1.765834947215287e-07
0,1127,1.7658349141092244e-07
0,1128,1.765834898080028e-07
0,1129,1.7658348914723663e-07
0,1130,1.7658348905863952e-07
0,1131,1.765834895632611e-07
0,1132,1.7658349104081436e-07
0,1133,1.765834947459605e-07
0,1134,1.7658352224064955e-07
0,1135,7.456058591911163e-07
0,1136,7.456062182011657e-07
0,1137,7.456062304046777e-07
0,1138,7.456061712280761e-07
0,1139,7.456058082856034e-07
0,1140,7.4560011958185e-07
0,1141,5.638977745307589e-07
0,1142,7.455995486784028e-07
0,1143,7.456061631366617e-07
0,1144,7.456062903904278e-07
0,1145,7.45606315819436e-07
0,1146,7.456062940838371e-07
0,1147,7.456061433458622e-07
0,1148,7.456022135707388e-07
0,1149,4.5119537414287706e-07
0,1150,1.7658354219160176e-07
0,1151,1.7658350297449934e-07
0,1152,1.7658349646120434e-07
0,1153,1.7658349419485927e-07
0,1154,1.765834933325217e-07
0,1155,1.7658349324708446e-07
0,1156,1.7658349385653187e-07
0,1157,1.765834955244452e-07
0,1158,1.7658349886379085e-07
0,1159,1.765835018972509e-07
0,1160,1.7658350287996242e-07
0,1161,1.765835028610486e-07
0,1162,1.7658350260542125e-07
0,1163,1.765835025331668e-07
0,1164,1.7658350282302105e-07
0,1165,1.765835041051689e-07
0,1166,1.7658350901789053e-07
0,1167,1.7658362215461297e-07
0,1168,1.7658350929725852e-07
0,1169,1.7658351452110764e-07
0,1170,1.7658351500256837e-07
0,1171,1.7658351296770215e-07
0,1172,1.7658350475928374e-07
0,1173,1.765835433445254e-07
0,1174,1.7658353388750631e-07
0,1175,1.765835136518388e-07
0,1176,1.7658350971585034e-07
0,1177,1.7658350855149132e-07
0,1178,1.7658350836609106e-07
0,1179,1.7658350897811302e-07
0,1180,1.7658351086051627e-07
0,1181,1.765835184563503e-07
0,1182,4.511955205859459e-07
0,1183,7.456049726714531e-07
0,1184,7.456051115428386e-07
0,1185,7.456051237138025e-07
0,1186,7.456050822313413e-07
0,1187,7.456043216164596e-07
0,1188,5.638957806417437e-07
0,1189,5.638957521439283e-07
0,1190,5.638957667704763e-07
0,1191,5.638958579938156e-07
0,1192,7.456053039497674e-07
0,1193,7.456070265637148e-07
0,1194,7.456071532482477e-07
0,1195,7.456071519666157e-07
0,1196,7.456070643026986e-07
0,1197,7.456067137873783e-07
0,1198,7.456051421346566e-07
0,1199,5.638980884999447e-07
0,1200,5.638969185034483e-07
0,1201,5.638968873409926e-07
0,1202,5.638969169399949e-07
0,1203,5.638969855751e-07
0,1204,5.638971799474197e-07
0,1205,7.456021583639808e-07
0,1206,7.456071683325408e-07
0,1207,7.456074060345243e-07
0,1208,7.456074412715167e-07
0,1209,7.45607426273782e-07
0,1210,7.456073919189201e-07
0,1211,7.456073123401358e-07
0,1212,7.456070845808842e-07
0,1213,7.456059988622686e-07
0,1214,7.456065603730267e-07
0,1215,7.456069058449214e-07
0,1216,7.456071104797754e-07
0,1217,7.456072262523911e-07
0,1218,7.456071237166659e-07
0,1219,7.456063170335968e-07
0,1220,4.51195495595406e-07
0,1221,1.765835361842387e-07
0,1222,1.7658350220220393e-07
0,1223,1.7658349114090655e-07
0,1224,1.7658348767634062e-07
0,1225,1.7658348602433457e-07
0,1226,1.7658348518504774e-07
0,1227,1.765834848809646e-07
0,1228,1.7658348498739726e-07
0,1229,1.7658348549208744e-07
0,1230,1.765834861902463e-07
0,1231,1.7658348685850194e-07
0,1232,1.7658348698827543e-07
0,1233,1.7658348640437073e-07
0,1234,1.7658348538705536e-07
0,1235,1.765834844584633e-07
0,1236,1.7658348398087479e-07
0,1237,1.7658348421981304e-07
0,1238,1.765834857964755e-07
0,1239,1.7658349183132988e-07
0,1240,1.7658353664299597e-07
0,1241,1.7658354802461453e-07
0,1242,1.7658354925859542e-07
0,1243,1.7658354845701468e-07
0,1244,1.76583545215888e-07
0,1245,1.7658353689964822e-07
0,1246,1.7658351872187733e-07
0,1247,1.765834985264748e-07
0,1248,1.765834906864848e-07
0,1249,1.7658348717764574e-07
0,1250,1.765834851665638e-07
0,1251,1.7658348395593898e-07
0,1252,1.7658348325699026e-07
0,1253,1.7658348281976075e-07
0,1254,1.765834825041694e-07
0,1255,1.7658348223568156e-07
0,1256,1.7658348174375828e-07
0,1257,1.7658348120318905e-07
0,1258,1.76583480809021e-07
0,1259,1.7658348064754476e-07
0,1260,1.7658348066551499e-07
0,1261,1.7658348090047642e-07
0,1262,1.7658348150350882e-07
0,1263,1.7658348251766603e-07
0,1264,1.76583483994634e-07
0,1265,1.765834855247647e-07
0,1266,1.7658348640654082e-07
0,1267,1.7658348658748527e-07
0,1268,1.7658348627405217e-07
0,1269,1.7658348577697978e-07
0,1270,1.7658348528367753e-07
0,1271,1.7658348483444429e-07
0,1272,1.7658348473967273e-07
0,1273,1.7658348489192225e-07
0,1274,1.7658348549903565e-07
0,1275,1.7658348671930647e-07
0,1276,1.7658348925290738e-07
0,1277,1.7658349625338778e-07
0,1278,1.7658450100836967e-07
0,1279,7.456071400816525e-07
0,1280,7.456073744765585e-07
0,1281,7.456074239421764e-07
0,1282,7.456074503718405e-07
0,1283,7.456074539007424e-07
0,1284,7.456074282469655e-07
0,1285,7.456073536850946e-07
0,1286,7.456072269661621e-07
0,1287,7.456068575142429e-07
0,1288,7.456052769080525e-07
0,1289,7.45606267960206e-07
0,1290,7.456046138541919e-07
0,1291,4.5119540788408723e-07
0,1292,1.765835211524388e-07
0,1293,1.7658350331205002e-07
0,1294,1.7658349925946324e-07
0,1295,1.7658349751061337e-07
0,1296,1.765834968806902e-07
0,1297,1.7658349715205246e-07
0,1298,1.7658349845267664e-07
0,1299,1.765835020006122e-07
0,1300,1.7658351581764445e-07
0,1301,4.5119545855179226e-07
0,1302,7.456071731127543e-07
0,1303,7.456075198069191e-07
0,1304,7.456076030899226e-07
0,1305,7.456076189883413e-07
0,1306,7.456076295411267e-07
0,1307,7.456076246910212e-07
0,1308,7.456075592466891e-07
0,1309,7.456075090815e-07
0,1310,7.456074782064883e-07
0,1311,7.456074453825251e-07
0,1312,7.456074447959564e-07
0,1313,7.45607452806735e-07
0,1314,7.456073640056067e-07
0,1315,7.45606926919445e-07
0,1316,7.455818418691123e-07
0,1317,1.76583604060379e-07
0,1318,1.7658350080379615e-07
0,1319,1.765834909693739e-07
0,1320,1.7658348786049914e-07
0,1321,1.765834866381658e-07
0,1322,1.7658348628480313e-07
0,1323,1.76583486637777e-07
0,1324,1.7658348791267594e-07
0,1325,1.7658349162088793e-07
0,1326,1.7658351164092414e-07
0,1327,1.7658359753543518e-07
0,1328,1.7658360180880322e-07
0,1329,1.765836016075448e-07
0,1330,1.765835988857425e-07
0,1331,1.7658359603648248e-07
0,1332,1.765835947015306e-07
0,1333,1.7658359504443114e-07
0,1334,1.7658359735981222e-07
0,1335,1.7658360805438795e-07
0,1336,4.511955728909724e-07
0,1337,7.456072161416688e-07
0,1338,7.456074393546405e-07
0,1339,7.45607419381192e-07
0,1340,7.456073407244131e-07
0,1341,7.456070941518889e-07
0,1342,7.456065573716773e-07
0,1343,7.455987095543157e-07
0,1344,5.638974249351877e-07
0,1345,5.638977276889678e-07
0,1346,8.702914110113313e-06
0,1347,7.45603938882105e-07
0,1348,7.456061121991462e-07
0,1349,7.456070569459786e-07
0,1350,7.456074631868815e-07
0,1351,7.456076256034671e-07
0,1352,7.456077222108578e-07
0,1353,7.456075780931417e-07
0,1354,7.456075015967035e-07
0,1355,7.456074588556547e-07
0,1356,7.456073813392686e-07
0,1357,7.456072935648543e-07
0,1358,7.456073512516418e-07
0,1359,7.456074579671629e-07
0,1360,7.45607525782313e-07
0,1361,7.456077519843048e-07
0,1362,7.456079079571075e-07
0,1363,7.456076156405351e-07
0,1364,7.456075230132387e-07
0,1365,7.456074722220379e-07
0,1366,7.456074025698597e-07
0,1367,7.456072137756229e-07
0,1368,7.456063793342304e-07
0,1369,7.456033838532563e-07
0,1370,5.639774462380295e-07
0,1371,5.639976251207812e-07
0,1372,7.455955949298652e-07
0,1373,7.456066527177343e-07
0,1374,7.456074476490277e-07
0,1375,7.456076596097206e-07
0,1376,7.456080671096516e-07
0,1377,7.45607677891497e-07
0,1378,7.45607572692275e-07
0,1379,7.456075407023156e-07
0,1380,7.456075629465663e-07
0,1381,7.456076212277118e-07
0,1382,7.456081388454632e-07
0,1383,7.456089825297792e-07
0,1384,7.456090690710863e-07
0,1385,7.456091078992544e-07
0,1386,7.456090941688521e-07
0,1387,7.456089781836768e-07
0,1388,7.456082088605052e-07
0,1389,7.45607596854149e-07
0,1390,7.456075123975204e-07
0,1391,7.456073889148026e-07
0,1392,7.456069217476973e-07
0,1393,7.455931200131279e-07
0,1394,4.5119568705974477e-07
0,1395,4.511955667868854e-07
0,1396,4.511955301014158e-07
0,1397,4.51195523402383e-07
0,1398,4.5119554764326484e-07
0,1399,4.511964085738171e-07
0,1400,5.454444133088697e-07
0,1401,5.454438600351529e-07
0,1402,4.511955695918062e-07
0,1403,4.5119547489393434e-07
0,1404,4.511954538425906e-07
0,1405,4.5119545192059493e-07
0,1406,4.5119546459143025e-07
0,1407,4.511955929956518e-07
0,1408,7.456064104545122e-07
0,1409,7.456066035635738e-07
0,1410,7.456066173460467e-07
0,1411,7.456065740993329e-07
0,1412,7.456063104014338e-07
0,1413,4.511960728174954e-07
0,1414,4.511954203444298e-07
0,1415,1.7658355420413111e-07
0,1416,1.7658350046435109e-07
0,1417,1.7658349410748867e-07
0,1418,1.765834914721642e-07
0,1419,1.7658348998236453e-07
0,1420,1.7658348903881895e-07
0,1421,1.7658348836369304e-07
0,1422,1.7658348777236748e-07
0,1423,1.7658348714518235e-07
0,1424,1.7658348616436733e-07
0,1425,1.7658348489301365e-07
0,1426,1.765834836235819e-07
0,1427,1.7658348273226987e-07
0,1428,1.765834823131656e-07
0,1429,1.7658348231683833e-07
0,1430,1.765834829287201e-07
0,1431,1.7658348493383937e-07
0,1432,1.7658349258420325e-07
0,1433,1.7658351445725152e-07
0,1434,1.76583518371719e-07
0,1435,1.7658351942660112e-07
0,1436,1.7658351928519829e-07
0,1437,1.765835185501575e-07
0,1438,1.7658351743589666e-07
0,1439,1.765835160150908e-07
0,1440,1.76583515117274e-07
0,1441,1.7658351469126597e-07
0,1442,1.7658351487500054e-07
0,1443,1.7658351582308283e-07
0,1444,1.765835180807979e-07
0,1445,1.7658352504670454e-07
0,1446,1.7658355990708917e-07
0,1447,1.765835671217266e-07
0,1448,1.7658356797684745e-07
0,1449,1.7658356649099242e-07
0,1450,1.7658356423200213e-07
0,1451,1.7658356383446924e-07
0,1452,1.76583564891322e-07
0,1453,1.7658356966013146e-07
0,1454,4.511953528045806e-07
0,1455,7.456066973482357e-07
0,1456,7.456074751029359e-07
0,1457,7.456076479238796e-07
0,1458,7.456077197136658e-07
0,1459,7.456076444646174e-07
0,1460,7.456075419940154e-07
0,1461,7.456074817869237e-07
0,1462,7.456074125710742e-07
0,1463,7.456071463422204e-07
0,1464,7.456062111152523e-07
0,1465,7.456052082517479e-07
0,1466,7.456047617592277e-07
0,1467,7.456058609276948e-07
0,1468,7.456064792617904e-07
0,1469,7.456072598716472e-07
0,1470,7.456074965706827e-07
0,1471,7.456076768528466e-07
0,1472,7.456080157187414e-07
0,1473,7.456077015385291e-07
0,1474,7.456075539670515e-07
0,1475,7.456075255252877e-07
0,1476,7.45607482061193e-07
0,1477,7.4560747385847e-07
0,1478,7.456074783299519e-07
0,1479,7.456075204928837e-07
0,1480,7.456076374569461e-07
0,1481,7.4560898274345e-07
0,1482,7.456093719588891e-07
0,1483,7.456087292775057e-07
0,1484,7.456077424795075e-07
0,1485,7.456075949222668e-07
0,1486,7.45607524956605e-07
0,1487,7.456074540651295e-07
0,1488,7.456073323893989e-07
0,1489,7.456072110871505e-07
0,1490,7.456071378344283e-07
0,1491,7.456068689963081e-07
0,1492,7.456070790920107e-07
0,1493,7.45607331476216e-07
0,1494,7.456074946078312e-07
0,1495,7.456076107688319e-07
0,1496,7.456076257862229e-07
0,1497,7.456075452004485e-07
0,1498,7.456075122851632e-07
0,1499,7.456074542958121e-07
0,1500,7.456073614417955e-07
0,1501,7.456073399213378e-07
0,1502,7.456074459321427e-07
0,1503,7.45607538051692e-07
0,1504,7.456078092414315e-07
0,1505,7.456097628070366e-07
0,1506,7.456098206333153e-07
0,1507,7.456097428540981e-07
0,1508,7.456079555319717e-07
0,1509,7.456075882942289e-07
0,1510,7.456075084070788e-07
0,1511,7.456074250657927e-07
0,1512,7.456072954753269e-07
0,1513,7.456072022210838e-07
0,1514,7.456072270069145e-07
0,1515,7.456072331515219e-07
0,1516,7.456073518292607e-07
0,1517,7.456074581785044e-07
0,1518,7.456075675794926e-07
0,1519,7.456080280420256e-07
0,1520,7.456081229462245e-07
0,1521,7.456075945166023e-07
0,1522,7.456074931869165e-07
0,1523,7.45607461073785e-07
0,1524,7.456073980421111e-07
0,1525,7.456074281212845e-07
0,1526,7.456074997376457e-07
0,1527,7.45607588196339e-07
0,1528,7.45607783961413e-07
0,1529,7.456087310848385e-07
0,1530,7.456086948377508e-07
0,1531,7.456079747354063e-07
0,1532,7.456076377921306e-07
0,1533,7.456075323942251e-07
0,1534,7.456074678267755e-07
0,1535,7.456073508380018e-07
0,1536,7.456071415178358e-07
0,1537,7.456070316547487e-07
0,1538,7.456070298653865e-07
0,1539,7.456070944395159e-07
0,1540,7.456072130384891e-07
0,1541,7.456074009442408e-07
0,1542,7.456075217331161e-07
0,1543,7.456077436097442e-07
0,1544,7.456080501435953e-07
0,1545,7.45607843475171e-07
0,1546,7.456078783138241e-07
0,1547,7.456080640821628e-07
0,1548,7.456077529737951e-07
0,1549,7.456076615286975e-07
0,1550,7.45607659703189e-07
0,1551,7.456076231370291e-07
0,1552,7.45607562730822e-07
0,1553,7.456075496908598e-07
0,1554,7.456075412522331e-07
0,1555,7.456075005064925e-07
0,1556,7.456073961573764e-07
0,1557,7.45607036359993e-07
0,1558,7.456054839274687e-07
0,1559,4.511971566431634e-07
0,1560,4.5119591517334584e-07
0,1561,4.511956542664678e-07
0,1562,4.5119560471482355e-07
0,1563,4.5119558693877667e-07
0,1564,4.511955811707144e-07
0,1565,4.5119558658876063e-07
0,1566,4.5119560998000746e-07
0,1567,4.511957072533304e-07
0,1568,4.512009868680021e-07
0,1569,4.511959659138703e-07
0,1570,4.5119565324218474e-07
0,1571,4.5119559603752666e-07
0,1572,4.511955724905833e-07
0,1573,4.511955701579884e-07
0,1574,4.5119558626356435e-07
0,1575,4.511956738946522e-07
0,1576,7.456062022352807e-07
0,1577,7.456071993169839e-07
0,1578,7.45607313234567e-07
0,1579,7.456073338364039e-07
0,1580,7.456073114205951e-07
0,1581,7.456072780926286e-07
0,1582,7.456072204517773e-07
0,1583,7.456069470570824e-07
0,1584,7.456061240508058e-07
0,1585,7.455997654173374e-07
0,1586,5.639060827137257e-07
0,1587,5.638970861825615e-07
0,1588,5.638971638121502e-07
0,1589,5.638982930083063e-07
0,1590,7.456053125331351e-07
0,1591,7.456063214830253e-07
0,1592,7.456036904473399e-07
0,1593,5.638971886925538e-07
0,1594,5.638967006338061e-07
0,1595,5.638966727845672e-07
0,1596,5.638966490323268e-07
0,1597,5.638966447413985e-07
0,1598,5.63896666287811e-07
0,1599,5.638967924506444e-07
0,1600,7.456071691778508e-07
0,1601,7.456074749332515e-07
0,1602,7.456075307137795e-07
0,1603,7.456075277446648e-07
0,1604,7.456074659799455e-07
0,1605,7.45607343695327e-07
0,1606,7.456069898079449e-07
0,1607,7.455959579303375e-07
0,1608,5.638971675019714e-07
0,1609,5.638970761636203e-07
0,1610,5.638970721509999e-07
0,1611,5.638970769081047e-07
0,1612,5.638971291809337e-07
0,1613,7.455976083786973e-07
0,1614,7.456071693034082e-07
0,1615,7.456074479277795e-07
0,1616,7.456074783891442e-07
0,1617,7.456074024312631e-07
0,1618,7.456072097276762e-07
0,1619,7.456064470521784e-07
0,1620,5.638971789689917e-07
0,1621,5.638971777837791e-07
0,1622,5.638972397868145e-07
0,1623,7.456062884426908e-07
0,1624,7.456073903056764e-07
0,1625,7.456075246544294e-07
0,1626,7.456075806454316e-07
0,1627,7.456075710910642e-07
0,1628,7.456075079528709e-07
0,1629,7.456074361885313e-07
0,1630,7.456073234615852e-07
0,1631,7.456068399135064e-07
0,1632,7.456015928722e-07
0,1633,5.638980880169056e-07
0,1634,5.638973735791938e-07
0,1635,5.638974308143078e-07
0,1636,7.455963610117872e-07
0,1637,7.456065890827477e-07
0,1638,7.456073726362337e-07
0,1639,7.456074940765722e-07
0,1640,7.456075410100325e-07
0,1641,7.456075240384992e-07
0,1642,7.456074917519089e-07
0,1643,7.456074742341986e-07
0,1644,7.456074387711381e-07
0,1645,7.456074080425294e-07
0,1646,7.456074432778362e-07
0,1647,7.456074747362672e-07
0,1648,7.45607496703816e-07
0,1649,7.456075332760339e-07
0,1650,7.456075120855565e-07
0,1651,7.456074467497548e-07
0,1652,7.456072113570084e-07
0,1653,7.456059267983487e-07
0,1654,4.5119554697529296e-07
0,1655,1.765835296903289e-07
0,1656,1.7658351456676144e-07
0,1657,1.7658351141219433e-07
0,1658,1.7658351022101147e-07
0,1659,1.7658350988714708e-07
0,1660,1.7658351037554586e-07
0,1661,1.7658351249882452e-07
0,1662,1.7658352314286585e-07
0,1663,1.765835576461647e-07
0,1664,1.7658356214475498e-07
0,1665,1.7658356267889989e-07
0,1666,1.7658356226990367e-07
0,1667,1.7658356218983789e-07
0,1668,1.7658356188211166e-07
0,1669,1.7658356241386328e-07
0,1670,1.7658356457941778e-07
0,1671,1.7658356828957244e-07
0,1672,1.7658357225249655e-07
0,1673,1.7658357457971745e-07
0,1674,1.7658357476888913e-07
0,1675,1.7658357283899868e-07
0,1676,1.7658356497717937e-07
0,1677,1.7658351688026889e-07
0,1678,1.7658349924916247e-07
0,1679,1.7658349149527506e-07
0,1680,1.7658348854430587e-07
0,1681,1.7658348728195742e-07
0,1682,1.7658348698263588e-07
0,1683,1.7658348739852821e-07
0,1684,1.7658348854752333e-07
0,1685,1.7658349052828277e-07
0,1686,1.7658349274688017e-07
0,1687,1.7658349402200822e-07
0,1688,1.7658349406998248e-07
0,1689,1.7658349302544474e-07
0,1690,1.7658349154154297e-07
0,1691,1.765834904667365e-07
0,1692,1.765834898547878e-07
0,1693,1.7658349006836294e-07
0,1694,1.765834917572344e-07
0,1695,1.7658350152090314e-07
0,1696,4.5119559726220925e-07
0,1697,4.511962560230986e-07
0,1698,4.511962736226814e-07
0,1699,4.511962717903526e-07
0,1700,4.5119624532287864e-07
0,1701,4.5119602409105773e-07
0,1702,1.7658402303062648e-07
0,1703,1.7658350337527383e-07
0,1704,1.76583493123042e-07
0,1705,1.7658348938512244e-07
0,1706,1.765834875698563e-07
0,1707,1.7658348649621832e-07
0,1708,1.7658348600264502e-07
0,1709,1.7658348594580784e-07
0,1710,1.7658348612192632e-07
0,1711,1.76583486111972e-07
0,1712,1.7658348545945084e-07
0,1713,1.7658348413976588e-07
0,1714,1.7658348277084714e-07
0,1715,1.7658348184050638e-07
0,1716,1.7658348142581684e-07
0,1717,1.765834815039281e-07
0,1718,1.7658348234964222e-07
0,1719,1.76583484932183e-07
0,1720,1.7658349641336265e-07
0,1721,1.7658354822575097e-07
0,1722,1.7658355257284815e-07
0,1723,1.765835529537237e-07
0,1724,1.7658355188537715e-07
0,1725,1.7658355001650017e-07
0,1726,1.765835469566089e-07
0,1727,1.7658353926939696e-07
0,1728,1.765835267327469e-07
0,1729,1.7658351663777013e-07
0,1730,1.7658351144762572e-07
0,1731,1.7658350815031323e-07
0,1732,1.7658350574008055e-07
0,1733,1.7658350377753867e-07
0,1734,1.7658350139772337e-07
0,1735,1.7658349700810514e-07
0,1736,1.765834893199784e-07
0,1737,1.765834847045937e-07
0,1738,1.7658348268930285e-07
0,1739,1.7658348191606935e-07
0,1740,1.7658348179304332e-07
0,1741,1.7658348235229682e-07
0,1742,1.7658348415151127e-07
0,1743,1.7658348970021955e-07
0,1744,4.51193462656588e-07
0,1745,7.456071388439052e-07
0,1746,7.456073871095484e-07
0,1747,7.456074187989584e-07
0,1748,7.456074117127232e-07
0,1749,7.456073906061664e-07
0,1750,7.456073605367272e-07
0,1751,7.456072750834356e-07
0,1752,7.456071567351672e-07
0,1753,7.45607105423646e-07
0,1754,7.456070645523022e-07
0,1755,7.456070182649197e-07
0,1756,7.456069742661761e-07
0,1757,7.456069195406225e-07
0,1758,7.456068050816837e-07
0,1759,7.456042666586801e-07
0,1760,1.7658352211060967e-07
0,1761,1.7658348882243973e-07
0,1762,1.765834841896773e-07
0,1763,1.7658348266825027e-07
0,1764,1.7658348220180066e-07
0,1765,1.7658348255682648e-07
0,1766,1.7658348408026902e-07
0,1767,1.765834891132994e-07
0,1768,1.7658363026649885e-07
0,1769,4.5119560453961987e-07
0,1770,4.5119562824633395e-07
0,1771,4.5119562542561937e-07
0,1772,4.5119560718302165e-07
0,1773,4.5119555267574846e-07
0,1774,4.511954431263533e-07
0,1775,3.9047208182217227e-07
0,1776,3.9047157551687626e-07
0,1777,3.904715270475995e-07
0,1778,3.904715067461747e-07
0,1779,3.9047150233384795e-07
0,1780,3.9047151506898323e-07
0,1781,4.511930648182688e-07
0,1782,4.5119511380374657e-07
0,1783,4.511951050451396e-07
0,1784,4.511949568789313e-07
0,1785,1.7658352581541065e-07
0,1786,1.765835156871188e-07
0,1787,1.765835132889305e-07
0,1788,1.7658351275421046e-07
0,1789,1.7658351343063488e-07
0,1790,1.7658351668466484e-07
0,1791,1.7658357312424592e-07
0,1792,7.456071041986111e-07
0,1793,7.456075520307663e-07
0,1794,7.456077214604493e-07
0,1795,7.456076733152321e-07
0,1796,7.456075572122515e-07
0,1797,7.456074900228538e-07
0,1798,7.456074586654399e-07
0,1799,7.456073654750174e-07
0,1800,7.456072229003124e-07
0,1801,7.456071023968907e-07
0,1802,7.456069054430483e-07
0,1803,7.456069775809142e-07
0,1804,7.456072134356425e-07
0,1805,7.456074030366223e-07
0,1806,7.456075367842495e-07
0,1807,7.456076920662647e-07
0,1808,7.456076968548486e-07
0,1809,7.456075683701488e-07
0,1810,7.456075067690695e-07
0,1811,7.456074071269274e-07
0,1812,7.456069913533937e-07
0,1813,7.456061960668226e-07
0,1814,7.456070916158773e-07
0,1815,7.456074539737143e-07
0,1816,7.45607584282281e-07
0,1817,7.45608306449409e-07
0,1818,7.456084132109121e-07
0,1819,7.456083885719451e-07
0,1820,7.4560825553126e-07
0,1821,7.456078396615017e-07
0,1822,7.456076105137564e-07
0,1823,7.456075217714325e-07
0,1824,7.456074730824049e-07
0,1825,7.456074219422808e-07
0,1826,7.456073425009817e-07
0,1827,7.456072632359502e-07
0,1828,7.456072515110881e-07
0,1829,7.456073274323537e-07
0,1830,7.456074441202884e-07
0,1831,7.456074525733232e-07
0,1832,7.456072872024087e-07
0,1833,4.511982904412105e-07
0,1834,4.5119545773275714e-07
0,1835,4.511954193082476e-07
0,1836,4.511954118731347e-07
0,1837,4.511954170284279e-07
0,1838,4.5119544969127706e-07
0,1839,4.511963390311636e-07
0,1840,7.456073037565089e-07
0,1841,7.456075401843143e-07
0,1842,7.456076227957155e-07
0,1843,7.456076116653011e-07
0,1844,7.456075472077438e-07
0,1845,7.456074818033562e-07
0,1846,7.456074121531972e-07
0,1847,7.456071471221988e-07
0,1848,7.456062354776495e-07
0,1849,7.455773782725125e-07
0,1850,5.638988209489244e-07
0,1851,5.638980400239425e-07
0,1852,7.455814921097673e-07
0,1853,7.45606187375924e-07
0,1854,7.456072936667303e-07
0,1855,7.456074319856605e-07
0,1856,7.456073594131041e-07
0,1857,7.45606442610031e-07
0,1858,5.638970890497324e-07
0,1859,5.638970351794873e-07
0,1860,5.638970256782696e-07
0,1861,5.638970394380877e-07
0,1862,5.638971094288013e-07
0,1863,7.456067175932261e-07
0,1864,7.456074718745478e-07
0,1865,7.456077957182032e-07
0,1866,7.456082499436107e-07
0,1867,7.456082763715299e-07
0,1868,7.456080797270731e-07
0,1869,7.456077260735042e-07
0,1870,7.456075832781963e-07
0,1871,7.456075155978616e-07
0,1872,7.456074731621429e-07
0,1873,7.456074557486396e-07
0,1874,7.456074526240232e-07
0,1875,7.456074565662924e-07
0,1876,7.456074841050242e-07
0,1877,7.456075303528842e-07
0,1878,7.456077769720088e-07
0,1879,7.456083197937236e-07
0,1880,7.456082915227928e-07
0,1881,7.456076816023399e-07
0,1882,7.456075599831995e-07
0,1883,7.456075167894811e-07
0,1884,7.456074603126344e-07
0,1885,7.45607447947534e-07
0,1886,7.456074855323018e-07
0,1887,7.456075479370595e-07
0,1888,7.456077462015702e-07
0,1889,7.456084598069382e-07
0,1890,7.456085284658619e-07
0,1891,7.456084477016651e-07
0,1892,7.456079783852798e-07
0,1893,7.456076267800738e-07
0,1894,7.456075407189988e-07
0,1895,7.456074810432237e-07
0,1896,7.456074328661208e-07
0,1897,7.456073743218903e-07
0,1898,7.456073335266134e-07
0,1899,7.45607281603858e-07
0,1900,7.456072456289423e-07
0,1901,7.45607286496654e-07
0,1902,7.456073629269407e-07
0,1903,7.456073871306412e-07
0,1904,7.45607283042701e-07
0,1905,7.456066795212822e-07
0,1906,5.63898417111552e-07
0,1907,7.455343730848854e-07
0,1908,5.638972450175309e-07
0,1909,5.638970353653517e-07
0,1910,5.638970028993988e-07
0,1911,5.638970241786367e-07
0,1912,7.456041376447286e-07
0,1913,7.45607309204679e-07
0,1914,7.456074386488554e-07
0,1915,7.456074174275562e-07
0,1916,7.456072834702155e-07
0,1917,7.456068560939533e-07
0,1918,7.456058252993139e-07
0,1919,4.5119573066392855e-07
0,1920,4.5119542920932075e-07
0,1921,1.7658422121610857e-07
0,1922,1.7658390351309432e-07
0,1923,1.7658373719601688e-07
0,1924,1.7658369633706985e-07
0,1925,1.7658368042509007e-07
0,1926,1.7658365859449975e-07
0,1927,1.7658350824793462e-07
0,1928,1.7658348495743347e-07
0,1929,1.765834808200536e-07
0,1930,1.7658347955743495e-07
0,1931,1.765834791619684e-07
0,1932,1.7658347902306135e-07
0,1933,1.7658347907405866e-07
0,1934,1.7658347944306984e-07
0,1935,1.765834806144516e-07
0,1936,1.7658348513478735e-07
0,1937,4.51195681457972e-07
0,1938,5.454448095272891e-07
0,1939,5.454448290224165e-07
0,1940,5.454448243509146e-07
0,1941,5.454447943237999e-07
0,1942,5.454447128473788e-07
0,1943,4.5119599659622257e-07
0,1944,4.5119565891077656e-07
0,1945,4.5119562001446966e-07
0,1946,4.511956019503469e-07
0,1947,4.511956302668565e-07
0,1948,4.5119577803035316e-07
0,1949,5.454445898404513e-07
0,1950,5.45444681327477e-07
0,1951,5.454446483664299e-07
0,1952,4.511955034898276e-07
0,1953,1.7658348836606134e-07
0,1954,1.7658348297879415e-07
0,1955,1.765834815507652e-07
0,1956,1.7658348127558877e-07
0,1957,1.765834818463869e-07
0,1958,1.765834836725243e-07
0,1959,1.765834904198024e-07
0,1960,4.511954722093193e-07
0,1961,7.456070635372027e-07
0,1962,7.456071696771412e-07
0,1963,7.456071660511947e-07
0,1964,7.456071115289409e-07
0,1965,7.456069119082e-07
0,1966,7.456062849017001e-07
0,1967,5.638972878700644e-07
0,1968,5.638966503812404e-07
0,1969,5.63896614126731e-07
0,1970,5.638966363042694e-07
0,1971,5.638967079864654e-07
0,1972,7.456020238069542e-07
0,1973,7.456065311182299e-07
0,1974,7.456066237758399e-07
0,1975,7.456065436486e-07
0,1976,7.456029590427044e-07
0,1977,1.765834925815965e-07
0,1978,1.7658348410838755e-07
0,1979,1.7658348258435928e-07
0,1980,1.7658348227815306e-07
0,1981,1.7658348290200087e-07
0,1982,1.765834854755542e-07
0,1983,1.7658349803797523e-07
0,1984,7.45605291402255e-07
0,1985,7.45607231899863e-07
0,1986,7.456072871207987e-07
0,1987,7.456072717354803e-07
0,1988,7.45607182923266e-07
0,1989,7.456068573403674e-07
0,1990,7.456049953857089e-07
0,1991,5.638962971872513e-07
0,1992,5.638960869984513e-07
0,1993,5.638960529672577e-07
0,1994,5.638960270785275e-07
0,1995,5.638960992031593e-07
0,1996,7.455899897482394e-07
0,1997,7.456052640538803e-07
0,1998,7.456054285142954e-07
0,1999,7.456053286116856e-07
0,2000,7.456012197941141e-07
0,2001,1.7658349712069657e-07
0,2002,1.7658348612745744e-07
0,2003,1.765834837184013e-07
0,2004,1.765834829478224e-07
0,2005,1.765834831458316e-07
0,2006,1.7658348474870253e-07
0,2007,1.7658349174574694e-07
0,2008,4.5119553830596326e-07
0,2009,7.456062865623166e-07
0,2010,7.456063442667004e-07
0,2011,7.456063312529743e-07
0,2012,7.456062519385659e-07
0,2013,7.45605787065961e-07
0,2014,5.639607660000519e-07
0,2015,5.63896151967774e-07
0,2016,5.638960619015359e-07
0,2017,5.638960446804074e-07
0,2018,5.638960440496271e-07
0,2019,5.638960611979616e-07
0,2020,5.638961688884379e-07
0,2021,7.45605271604354e-07
0,2022,7.456055786704958e-07
0,2023,7.456055618304644e-07
0,2024,7.456053831470668e-07
0,2025,4.511943386611876e-07
0,2026,1.7658353746300306e-07
0,2027,1.7658353317860115e-07
0,2028,1.7658353201150706e-07
0,2029,1.7658353241429367e-07
0,2030,1.7658353496995598e-07
0,2031,1.765835562986026e-07
0,2032,7.45605601017263e-07
0,2033,7.456068983079053e-07
0,2034,7.456069567097852e-07
0,2035,7.456069490881387e-07
0,2036,7.456068821345345e-07
0,2037,7.456067308421868e-07
0,2038,7.456062935731575e-07
0,2039,7.455803932214462e-07
0,2040,5.638967781797978e-07
0,2041,5.638966182049693e-07
0,2042,5.638965612320611e-07
0,2043,5.638965033533037e-07
0,2044,5.638965402712415e-07
0,2045,7.456031056121658e-07
0,2046,7.456062249408544e-07
0,2047,7.456061865594452e-07
0,2048,7.456056651231694e-07
0,2049,1.7658357094025913e-07
0,2050,1.765834913926964e-07
0,2051,1.7658348757005239e-07
0,2052,1.7658348669304506e-07
0,2053,1.7658348694332212e-07
0,2054,1.765834887788404e-07
0,2055,1.7658349732750306e-07
0,2056,4.511956363516024e-07
0,2057,7.456069598544373e-07
0,2058,7.45607043731736e-07
0,2059,7.456070374063294e-07
0,2060,7.456069895615633e-07
0,2061,7.45606879220936e-07
0,2062,7.456067311621976e-07
0,2063,7.456061193600762e-07
0,2064,7.456052831676345e-07
0,2065,7.456032115598159e-07
0,2066,7.455951146562548e-07
0,2067,5.639173317036719e-07
0,2068,5.638984288305781e-07
0,2069,7.45601853857149e-07
0,2070,7.456017856200969e-07
0,2071,4.5119554237202803e-07
0,2072,1.765835366541336e-07
0,2073,1.7658349070928058e-07
0,2074,1.7658348404042163e-07
0,2075,1.7658348201336717e-07
0,2076,1.7658348128452158e-07
0,2077,1.7658348133789524e-07
0,2078,1.765834823126976e-07
0,2079,1.7658348556060351e-07
0,2080,1.7658350913955242e-07
0,2081,7.45606553662952e-07
0,2082,7.456068137859417e-07
0,2083,7.456068236402536e-07
0,2084,7.456067916000871e-07
0,2085,7.456067623915383e-07
0,2086,7.456067323519045e-07
0,2087,7.456066212476533e-07
0,2088,7.456064034097223e-07
0,2089,7.456061350134873e-07
0,2090,7.45606027106262e-07
0,2091,7.456055853390202e-07
0,2092,7.456048111268134e-07
0,2093,7.456048716289504e-07
0,2094,7.456041779829143e-07
0,2095,7.455986085041169e-07
0,2096,7.456008066349256e-07
0,2097,4.511968941404482e-07
0,2098,4.511956579533583e-07
0,2099,4.5119559744982874e-07
0,2100,4.51195543489749e-07
0,2101,4.5119552508409405e-07
0,2102,4.511955146387463e-07
0,2103,4.511955033888003e-07
0,2104,4.511955220751484e-07
0,2105,5.454410621417848e-07
0,2106,5.454446368613508e-07
0,2107,5.454446322954044e-07
0,2108,5.454446159956428e-07
0,2109,5.454445722363538e-07
0,2110,5.454444874498922e-07
0,2111,4.5120215270292743e-07
0,2112,4.5119564228596434e-07
0,2113,4.511955249020904e-07
0,2114,4.5119546702214376e-07
0,2115,4.51195254973705e-07
0,2116,4.5119540137320585e-07
0,2117,4.511955830322336e-07
0,2118,5.454425818050575e-07
0,2119,5.4544229331353e-07
0,2120,4.511955136393491e-07
0,2121,1.7658349987166435e-07
0,2122,1.765834903301266e-07
0,2123,1.765834883256799e-07
0,2124,1.765834877656793e-07
0,2125,1.7658348810415494e-07
0,2126,1.7658348991410257e-07
0,2127,1.7658349864970158e-07
0,2128,4.5119552092617364e-07
0,2129,7.456072486028055e-07
0,2130,7.456074711538277e-07
0,2131,7.456075108194083e-07
0,2132,7.456074966071424e-07
0,2133,7.456074655763479e-07
0,2134,7.456074348628028e-07
0,2135,7.456073683792596e-07
0,2136,7.456072938054794e-07
0,2137,7.456072709617106e-07
0,2138,7.456071858169745e-07
0,2139,7.45607159783261e-07
0,2140,7.456071530199045e-07
0,2141,7.456073099281146e-07
0,2142,7.456074365061297e-07
0,2143,7.456074373460222e-07
0,2144,7.456072197495701e-07
0,2145,5.638972576053943e-07
0,2146,5.638969741265705e-07
0,2147,5.638969696893596e-07
0,2148,5.638969532250144e-07
0,2149,5.638969430439782e-07
0,2150,5.638969692437745e-07
0,2151,5.638972293670014e-07
0,2152,7.456071665304595e-07
0,2153,7.456075260558285e-07
0,2154,7.456076475724846e-07
0,2155,7.456076477352132e-07
0,2156,7.456075754536126e-07
0,2157,7.456075059386554e-07
0,2158,7.456074439370447e-07
0,2159,7.456073223203184e-07
0,2160,7.456071332316005e-07
0,2161,7.456068127139453e-07
0,2162,7.456068034729751e-07
0,2163,7.456069527647919e-07
0,2164,7.456071627436785e-07
0,2165,7.456073580074682e-07
0,2166,7.456074237602998e-07
0,2167,7.456073668128483e-07
0,2168,7.4560698318968e-07
0,2169,4.51195556887015e-07
0,2170,4.5119538155162183e-07
0,2171,4.5119536393527624e-07
0,2172,4.5119535867051415e-07
0,2173,4.511953634698977e-07
0,2174,4.51195388030853e-07
0,2175,4.511955984663123e-07
0,2176,7.456070886634474e-07
0,2177,7.456074889222259e-07
0,2178,7.456075807497928e-07
0,2179,7.456075886492441e-07
0,2180,7.456075789007809e-07
0,2181,7.456075454890801e-07
0,2182,7.45607501514482e-07
0,2183,7.456074285016802e-07
0,2184,7.456072915787416e-07
0,2185,7.456071614876709e-07
0,2186,7.456070526670222e-07
0,2187,7.456069965217567e-07
0,2188,7.456071343305529e-07
0,2189,7.456072908785943e-07
0,2190,7.456073667153769e-07
0,2191,7.45607306072817e-07
0,2192,7.456066274026317e-07
0,2193,1.765835553212223e-07
0,2194,1.7658349901017127e-07
0,2195,1.7658349597470674e-07
0,2196,1.7658349499488697e-07
0,2197,1.7658349505111599e-07
0,2198,1.7658349638354836e-07
0,2199,1.7658350343507309e-07
0,2200,4.511956013870327e-07
0,2201,7.456072414266086e-07
0,2202,7.45607380840029e-07
0,2203,7.456073991363032e-07
0,2204,7.456073925259717e-07
0,2205,7.456073510212844e-07
0,2206,7.45607220699094e-07
0,2207,7.456066769613572e-07
0,2208,5.638973757399563e-07
0,2209,5.638969084678968e-07
0,2210,5.638968700734772e-07
0,2211,5.638969590589115e-07
0,2212,7.455647946340254e-07
0,2213,7.456064699563101e-07
0,2214,7.456070003770407e-07
0,2215,7.456070032081484e-07
0,2216,7.45606761649014e-07
0,2217,5.638966893204918e-07
0,2218,5.638964744874932e-07
0,2219,5.638964317485773e-07
0,2220,5.638964163302161e-07
0,2221,5.638964187647752e-07
0,2222,5.638964424793548e-07
0,2223,5.638965641825615e-07
0,2224,7.456064111090383e-07
0,2225,7.456067908952778e-07
0,2226,7.456068401058541e-07
0,2227,7.456068368348873e-07
0,2228,7.456068324329976e-07
0,2229,7.456067974664645e-07
0,2230,7.456066434758815e-07
0,2231,7.456056348960008e-07
0,2232,7.455916415054802e-07
0,2233,5.6389659032077e-07
0,2234,5.638964727158052e-07
0,2235,5.639751853227163e-07
0,2236,7.456039417335465e-07
0,2237,7.456053358616405e-07
0,2238,7.456053758562121e-07
0,2239,7.456013513775637e-07
0,2240,1.7658357291843555e-07
0,2241,1.7658348899022933e-07
0,2242,1.7658348428740034e-07
0,2243,1.7658348263409367e-07
0,2244,1.7658348203114428e-07
0,2245,1.7658348219607938e-07
0,2246,1.765834834373024e-07
0,2247,1.765834879212907e-07
0,2248,1.7658452266938272e-07
0,2249,7.456073155146662e-07
0,2250,7.456074951001217e-07
0,2251,7.456075316705863e-07
0,2252,7.456075369086702e-07
0,2253,7.456075186534297e-07
0,2254,7.456074839810406e-07
0,2255,7.456074324467497e-07
0,2256,7.45607334163794e-07
0,2257,7.456071771956225e-07
0,2258,7.456069517514677e-07
0,2259,7.45606804498156e-07
0,2260,7.456066282769747e-07
0,2261,7.456064905394682e-07
0,2262,7.456041946151059e-07
0,2263,1.7658384858630095e-07
0,2264,1.7658349379039342e-07
0,2265,1.765834839362624e-07
0,2266,1.7658348123112547e-07
0,2267,1.765834803188138e-07
0,2268,1.7658348004084174e-07
0,2269,1.7658348027110722e-07
0,2270,1.7658348123749092e-07
0,2271,1.765834841752303e-07
0,2272,1.7658350352149925e-07
0,2273,7.456068038909181e-07
0,2274,7.456070380151327e-07
0,2275,7.456070545036607e-07
0,2276,7.456070324945057e-07
0,2277,7.456069466244129e-07
0,2278,7.456065055340537e-07
0,2279,4.5119654025886826e-07
0,2280,4.511952881789737e-07
0,2281,3.904726146311851e-07
0,2282,3.9047238895334925e-07
0,2283,3.904725994728292e-07
0,2284,4.511942342547613e-07
0,2285,4.511955546158588e-07
0,2286,4.5119586570071113e-07
0,2287,4.5119557427782623e-07
0,2288,1.7658374004349093e-07
0,2289,1.7658349059629782e-07
0,2290,1.765834845709442e-07
0,2291,1.7658348308661298e-07
0,2292,1.7658348268073977e-07
0,2293,1.7658348302298174e-07
0,2294,1.7658348441030736e-07
0,2295,1.765834883477468e-07
0,2296,1.7658351598875061e-07
0,2297,7.45602332061839e-07
0,2298,7.456024617255596e-07
0,2299,7.456024649177591e-07
0,2300,7.456024364515584e-07
0,2301,7.456023647230466e-07
0,2302,7.456020457807863e-07
0,2303,4.512018447915179e-07
0,2304,4.5119972363977666e-07
0,2305,4.5119964711015844e-07
0,2306,4.5119961940667366e-07
0,2307,4.511996092522157e-07
0,2308,4.511996585419167e-07
0,2309,5.454510936442317e-07
0,2310,5.45451220635216e-07
0,2311,5.454512023060295e-07
0,2312,5.454510130756724e-07
0,2313,1.7658357208219337e-07
0,2314,1.7658350991759877e-07
0,2315,1.7658350569644395e-07
0,2316,1.7658350450338365e-07
0,2317,1.765835046284705e-07
0,2318,1.7658350680802647e-07
0,2319,1.7658352751592797e-07
0,2320,7.456064774731973e-07
0,2321,7.456074624321684e-07
0,2322,7.456075523649293e-07
0,2323,7.456075609491932e-07
0,2324,7.456075441944613e-07
0,2325,7.456075088914241e-07
0,2326,7.456074473621105e-07
0,2327,7.456073414777591e-07
0,2328,7.45607240731452e-07
0,2329,7.456071849875311e-07
0,2330,7.456071405723861e-07
0,2331,7.456071552426461e-07
0,2332,7.456072588721822e-07
0,2333,7.456073944518688e-07
0,2334,7.456074217146458e-07
0,2335,7.456073506686375e-07
0,2336,7.456069030854659e-07
0,2337,4.511955624301172e-07
0,2338,4.5119535958271443e-07
0,2339,4.511953337034574e-07
0,2340,4.5119532536204803e-07
0,2341,4.511953287242386e-07
0,2342,4.511953534925289e-07
0,2343,4.511956336374242e-07
0,2344,7.45607230732777e-07
0,2345,7.456075022192134e-07
0,2346,7.456075678387339e-07
0,2347,7.456075661700112e-07
0,2348,7.456075384052791e-07
0,2349,7.456074996417074e-07
0,2350,7.456074377523523e-07
0,2351,7.456072948503945e-07
0,2352,7.456069349034691e-07
0,2353,7.456059908164263e-07
0,2354,7.456037024410553e-07
0,2355,7.456045065882552e-07
0,2356,7.456057977900165e-07
0,2357,7.456070345976105e-07
0,2358,7.456071836225832e-07
0,2359,7.456071197615032e-07
0,2360,7.456066544468572e-07
0,2361,4.5119568764885957e-07
0,2362,4.511955840068585e-07
0,2363,4.5119556562709737e-07
0,2364,4.5119556072413355e-07
0,2365,4.511955662453738e-07
0,2366,4.511956004603312e-07
0,2367,4.5119621832984104e-07
0,2368,7.456071688461002e-07
0,2369,7.45607522698034e-07
0,2370,7.456076334063092e-07
0,2371,7.456076587626572e-07
0,2372,7.456076609881499e-07
0,2373,7.456076191807923e-07
0,2374,7.456075500258241e-07
0,2375,7.45607492144141e-07
0,2376,7.456074651792809e-07
0,2377,7.456074355124313e-07
0,2378,7.456074160386881e-07
0,2379,7.456073971816764e-07
0,2380,7.456073995367906e-07
0,2381,7.456073892134088e-07
0,2382,7.456072418132622e-07
0,2383,7.456057766822638e-07
0,2384,1.7658354358850901e-07
0,2385,1.7658348932267875e-07
0,2386,1.7658348413724639e-07
0,2387,1.7658348257703795e-07
0,2388,1.7658348200593997e-07
0,2389,1.765834821573814e-07
0,2390,1.7658348329138743e-07
0,2391,1.7658348716119e-07
0,2392,1.765835466270182e-07
0,2393,7.456070904146389e-07
0,2394,7.456074554626085e-07
0,2395,7.456075024592151e-07
0,2396,7.45607509387743e-07
0,2397,7.45607498216012e-07
0,2398,7.456074663261736e-07
0,2399,7.456074169728283e-07
0,2400,7.45607386479859e-07
0,2401,7.456073639399684e-07
0,2402,7.456073402391124e-07
0,2403,7.456073537696319e-07
0,2404,7.456073712059762e-07
0,2405,7.45607384042559e-07
0,2406,7.45607291353707e-07
0,2407,7.456066697247718e-07
0,2408,1.5293767290994094e-07
0,2409,1.7658349526947642e-07
0,2410,1.7658348708746595e-07
0,2411,1.7658348492182886e-07
0,2412,1.765834842312645e-07
0,2413,1.7658348443127397e-07
0,2414,1.765834859376649e-07
0,2415,1.7658349246300343e-07
0,2416,4.5119553752481423e-07
0,2417,7.456073713890404e-07
0,2418,7.456075307120956e-07
0,2419,7.456075687918069e-07
0,2420,7.456075691021072e-07
0,2421,7.456075434678562e-07
0,2422,7.456075108010107e-07
0,2423,7.4560746808158e-07
0,2424,7.456074173605542e-07
0,2425,7.456073864842805e-07
0,2426,7.456073422401633e-07
0,2427,7.456073392348989e-07
0,2428,7.456073326595566e-07
0,2429,7.456072897452066e-07
0,2430,7.456070233265531e-07
0,2431,7.455970111070789e-07
0,2432,1.765835367893205e-07
0,2433,1.765834926631696e-07
0,2434,1.7658348803055032e-07
0,2435,1.7658348678929045e-07
0,2436,1.7658348655960476e-07
0,2437,1.765834873255614e-07
0,2438,1.7658349020505796e-07
0,2439,1.765835069175762e-07
0,2440,7.456044301205958e-07
0,2441,7.456073839707204e-07
0,2442,7.456074995985917e-07
0,2443,7.456075192992144e-07
0,2444,7.456075092354262e-07
0,2445,7.456074787419741e-07
0,2446,7.456074273501203e-07
0,2447,7.456073272745955e-07
0,2448,7.456072250781866e-07
0,2449,7.456070983556355e-07
0,2450,7.456069847542092e-07
0,2451,7.456069094981829e-07
0,2452,7.456066472959052e-07
0,2453,7.456063383738787e-07
0,2454,7.456022682368036e-07
0,2455,4.511955204155466e-07
0,2456,1.7658376585124737e-07
0,2457,1.7658350956581328e-07
0,2458,1.7658349822664208e-07
0,2459,1.7658349506017881e-07
0,2460,1.765834936174581e-07
0,2461,1.7658349325448118e-07
0,2462,1.765834938730795e-07
0,2463,1.7658349697474856e-07
0,2464,1.7658352782651081e-07
0,2465,7.456067569918862e-07
0,2466,7.45607207950374e-07
0,2467,7.456072488207556e-07
0,2468,7.456072506690425e-07
0,2469,7.45607216085126e-07
0,2470,7.456070789981798e-07
0,2471,7.456064981023527e-07
0,2472,7.45599704010825e-07
0,2473,4.511954449322936e-07
0,2474,3.904723555948235e-07
0,2475,3.9047220741358373e-07
0,2476,4.5112738535493087e-07
0,2477,4.511956000702251e-07
0,2478,4.511958888562592e-07
0,2479,4.51195534180574e-07
0,2480,1.7658353981161705e-07
0,2481,1.7658352929213912e-07
0,2482,1.7658352695251766e-07
0,2483,1.7658352599747403e-07
0,2484,1.7658352554947958e-07
0,2485,1.765835258511745e-07
0,2486,1.765835272401781e-07
0,2487,1.7658353002870457e-07
0,2488,1.7658353572242574e-07
0,2489,4.511954574165936e-07
0,2490,7.456053500674334e-07
0,2491,7.456055818355073e-07
0,2492,7.456056320297734e-07
0,2493,7.456056365242573e-07
0,2494,7.456055678400395e-07
0,2495,7.456049755503351e-07
0,2496,7.455987260770571e-07
0,2497,7.456027830450212e-07
0,2498,7.456038946884252e-07
0,2499,7.456045445574829e-07
0,2500,7.456052719691068e-07
0,2501,7.456054610259814e-07
0,2502,7.45605498536622e-07
0,2503,7.456053935260071e-07
0,2504,4.511955478038504e-07
0,2505,1.7658349129438468e-07
0,2506,1.765834847166292e-07
0,2507,1.765834828715297e-07
0,2508,1.765834822783483e-07
0,2509,1.765834825343602e-07
0,2510,1.765834839813216e-07
0,2511,1.7658348951378294e-07
0,2512,4.5119445427713437e-07
0,2513,7.45607242588255e-07
0,2514,7.456074450332815e-07
0,2515,7.456074767169216e-07
0,2516,7.456074760746894e-07
0,2517,7.456074435858056e-07
0,2518,7.456073749173273e-07
0,2519,7.456072082147008e-07
0,2520,7.456067439966813e-07
0,2521,7.456061509781661e-07
0,2522,7.456055520380791e-07
0,2523,7.456056030312312e-07
0,2524,7.456065473598342e-07
0,2525,7.456069976297724e-07
0,2526,7.456069568643365e-07
0,2527,7.456066053611014e-07
0,2528,4.5119530168017743e-07
0,2529,1.7658349548471935e-07
0,2530,1.765834894454316e-07
0,2531,1.7658348789654886e-07
0,2532,1.7658348757062244e-07
0,2533,1.7658348822115348e-07
0,2534,1.7658349121214075e-07
0,2535,1.7658351897676437e-07
0,2536,7.456067023894811e-07
0,2537,7.456074720061377e-07
0,2538,7.456075800614566e-07
0,2539,7.456076082995784e-07
0,2540,7.456075946220834e-07
0,2541,7.456075611841686e-07
0,2542,7.45607510891728e-07
0,2543,7.456074632476188e-07
0,2544,7.45607396577044e-07
0,2545,7.456073504293541e-07
0,2546,7.45607333614422e-07
0,2547,7.456073719017986e-07
0,2548,7.456074093948548e-07
0,2549,7.456074613395484e-07
0,2550,7.456074564305164e-07
0,2551,7.456073571309314e-07
0,2552,7.456067330514063e-07
0,2553,1.7658368998051449e-07
0,2554,1.7658357417887732e-07
0,2555,1.7658357027771843e-07
0,2556,1.765835693051497e-07
0,2557,1.7658356979485629e-07
0,2558,1.7658357323362286e-07
0,2559,1.7658388391771003e-07
0,2560,7.456067935320083e-07
0,2561,7.456074440707912e-07
0,2562,7.456075269622367e-07
0,2563,7.456075412982626e-07
0,2564,7.456075336970042e-07
0,2565,7.456075074175596e-07
0,2566,7.456074754945667e-07
0,2567,7.456074134581701e-07
0,2568,7.456073590711434e-07
0,2569,7.456073071122298e-07
0,2570,7.456073209681235e-07
0,2571,7.456073303462724e-07
0,2572,7.456073363397691e-07
0,2573,7.456073273372336e-07
0,2574,7.45607188169141e-07
0,2575,7.456066313875152e-07
0,2576,4.5119583543684056e-07
0,2577,4.5119546532208934e-07
0,2578,4.5119540115717687e-07
0,2579,4.511953861678718e-07
0,2580,4.5119538082269577e-07
0,2581,4.5119538348704977e-07
0,2582,4.5119540920639375e-07
0,2583,4.511955929931039e-07
0,2584,7.456069884434747e-07
0,2585,7.456073908791211e-07
0,2586,7.456074681737134e-07
0,2587,7.456074789215468e-07
0,2588,7.456074592319169e-07
0,2589,7.456074306943775e-07
0,2590,7.45607375709066e-07
0,2591,7.456072634792706e-07
0,2592,7.45607033709117e-07
0,2593,7.456067141059677e-07
0,2594,7.456062702404695e-07
0,2595,7.45606189739583e-07
0,2596,7.456060970448594e-07
0,2597,7.456061263101103e-07
0,2598,7.456035204835603e-07
0,2599,4.5119555462991446e-07
0,2600,1.7658350826822233e-07
0,2601,1.7658348880557657e-07
0,2602,1.7658348419387054e-07
0,2603,1.765834824198731e-07
0,2604,1.7658348165937982e-07
0,2605,1.765834815600093e-07
0,2606,1.7658348222441306e-07
0,2607,1.765834843612722e-07
0,2608,1.7658349367732892e-07
0,2609,5.454437103099228e-07
0,2610,5.454443735346385e-07
0,2611,5.454443922170615e-07
0,2612,5.454443879154403e-07
0,2613,5.45444368925397e-07
0,2614,5.454443183658428e-07
0,2615,5.454440690206934e-07
0,2616,4.511957773003395e-07
0,2617,4.5119562590237525e-07
0,2618,4.5119560946974126e-07
0,2619,4.5119568607964464e-07
0,2620,4.5119653675141325e-07
0,2621,5.454436681505875e-07
0,2622,5.454437443821874e-07
0,2623,5.454394127414267e-07
0,2624,1.76583507642179e-07
0,2625,1.7658348424486404e-07
0,2626,1.7658348109011354e-07
0,2627,1.7658348007738867e-07
0,2628,1.7658347972157258e-07
0,2629,1.7658347981098495e-07
0,2630,1.7658348048447398e-07
0,2631,1.7658348220225552e-07
0,2632,1.765834872170061e-07
0,2633,1.76583579362907e-07
0,2634,1.7658359716063793e-07
0,2635,1.765835987467931e-07
0,2636,1.7658359836358988e-07
0,2637,1.765835966408299e-07
0,2638,1.765835910982749e-07
0,2639,1.7658357167963715e-07
0,2640,1.765835369302837e-07
0,2641,1.7658352354597095e-07
0,2642,1.765835179880732e-07
0,2643,1.7658351467129166e-07
0,2644,1.7658351248859194e-07
0,2645,1.7658351055718064e-07
0,2646,1.7658350794699228e-07
0,2647,1.7658350220957692e-07
0,2648,1.765834876042255e-07
0,2649,1.7658348179252409e-07
0,2650,1.7658348008463546e-07
0,2651,1.7658347951249859e-07
0,2652,1.7658347932624197e-07
0,2653,1.765834793613553e-07
0,2654,1.7658347966076916e-07
0,2655,1.7658348046997997e-07
0,2656,1.765834825434692e-07
0,2657,1.7658348907687318e-07
0,2658,1.765834972515547e-07
0,2659,1.765834994803889e-07
0,2660,1.7658349997526494e-07
0,2661,1.765834996835214e-07
0,2662,1.7658349861842955e-07
0,2663,1.7658349700557251e-07
0,2664,1.765834954082776e-07
0,2665,1.7658349419235333e-07
0,2666,1.7658349326561204e-07
0,2667,1.7658349250337048e-07
0,2668,1.7658349188289555e-07
0,2669,1.765834912346858e-07
0,2670,1.7658349014785147e-07
0,2671,1.7658348787558225e-07
0,2672,1.7658348386030303e-07
0,2673,1.7658348102583137e-07
0,2674,1.7658347987481608e-07
0,2675,1.7658347949843742e-07
0,2676,1.7658347940161308e-07
0,2677,1.7658347952522526e-07
0,2678,1.7658347996385195e-07
0,2679,1.765834809772176e-07
0,2680,1.7658348373008697e-07
0,2681,1.7658349686956232e-07
0,2682,1.765836134106461e-07
0,2683,1.765836184857012e-07
0,2684,1.7658361934734884e-07
0,2685,1.7658361882683397e-07
0,2686,1.7658361641011218e-07
0,2687,1.7658361231209901e-07
0,2688,1.765836095500114e-07
0,2689,1.765836084404969e-07
0,2690,1.765836086622929e-07
0,2691,1.7658360923717163e-07
0,2692,1.7658361049316776e-07
0,2693,1.7658361067689174e-07
0,2694,1.765836089779317e-07
0,2695,1.7658360113760712e-07
0,2696,1.765835042962032e-07
0,2697,1.7658348533439998e-07
0,2698,1.7658348191702056e-07
0,2699,1.7658348081349757e-07
0,2700,1.7658348050264368e-07
0,2701,1.765834808206012e-07
0,2702,1.7658348212005944e-07
0,2703,1.7658348604738022e-07
0,2704,1.7658351545323352e-07
0,2705,7.456068263275045e-07
0,2706,7.456073676953347e-07
0,2707,7.456074219205967e-07
0,2708,7.45607423654629e-07
0,2709,7.456074063208926e-07
0,2710,7.456073460742614e-07
0,2711,7.456072014482933e-07
0,2712,7.456069677129634e-07
0,2713,7.456066974594071e-07
0,2714,7.456065840253444e-07
0,2715,7.456067750742406e-07
0,2716,7.456070090427875e-07
0,2717,7.456071742991391e-07
0,2718,7.456071912528627e-07
0,2719,7.456071383132442e-07
0,2720,7.456067055824853e-07
0,2721,4.51194345810847e-07
0,2722,1.7658355282449698e-07
0,2723,1.7658354842108312e-07
0,2724,1.7658354723301862e-07
0,2725,1.7658354744956725e-07
0,2726,1.765835496973894e-07
0,2727,1.765835630132924e-07
0,2728,7.456032398031656e-07
0,2729,7.45607321602419e-07
0,2730,7.456074507564968e-07
0,2731,7.456074783055675e-07
0,2732,7.456074769088406e-07
0,2733,7.456074531218092e-07
0,2734,7.456074073377895e-07
0,2735,7.456073120372554e-07
0,2736,7.456071914297553e-07
0,2737,7.456069480026659e-07
0,2738,7.456068463493475e-07
0,2739,7.456068903753079e-07
0,2740,7.456068239187563e-07
0,2741,7.456066796540224e-07
0,2742,7.456056588148526e-07
0,2743,4.5119556638462604e-07
0,2744,1.7658351286579477e-07
0,2745,1.7658348938085382e-07
0,2746,1.7658348420924757e-07
0,2747,1.7658348214987924e-07
0,2748,1.7658348125347952e-07
0,2749,1.7658348105221602e-07
0,2750,1.765834815765311e-07
0,2751,1.7658348331593232e-07
0,2752,1.7658348978505964e-07
0,2753,4.511955446015729e-07
0,2754,7.456070278929721e-07
0,2755,7.45607155754176e-07
0,2756,7.456071796653825e-07
0,2757,7.456071715371612e-07
0,2758,7.456071319995385e-07
0,2759,7.456070398965165e-07
0,2760,7.456068517933959e-07
0,2761,7.456065786518368e-07
0,2762,7.4560677545981e-07
0,2763,7.456069047619897e-07
0,2764,7.456068859792002e-07
0,2765,7.456068034256632e-07
0,2766,7.456060962981626e-07
0,2767,4.511952489013444e-07
0,2768,1.7658349695012277e-07
0,2769,1.7658348675204556e-07
0,2770,1.7658348384254753e-07
0,2771,1.765834827107959e-07
0,2772,1.7658348217460794e-07
0,2773,1.765834822319995e-07
0,2774,1.7658348317765716e-07
0,2775,1.76583486256688e-07
0,2776,1.7658351183233538e-07
0,2777,7.456070761520508e-07
0,2778,7.456074875397394e-07
0,2779,7.456075489417998e-07
0,2780,7.456075589289468e-07
0,2781,7.456075424610965e-07
0,2782,7.456075094106587e-07
0,2783,7.456074745625746e-07
0,2784,7.456074358859762e-07
0,2785,7.456074198742769e-07
0,2786,7.456074055109919e-07
0,2787,7.456074199104842e-07
0,2788,7.456074397264795e-07
0,2789,7.456074611353982e-07
0,2790,7.456074422688116e-07
0,2791,7.456073537808585e-07
0,2792,7.456069944922895e-07
0,2793,4.5119578157633123e-07
0,2794,4.5119559870599215e-07
0,2795,4.511955781001268e-07
0,2796,4.511955713344494e-07
0,2797,4.5119557501486517e-07
0,2798,4.5119559956885784e-07
0,2799,4.5119583332017977e-07
0,2800,7.456072413951684e-07
0,2801,7.456075478658647e-07
0,2802,7.456079146745125e-07
0,2803,7.456080689743184e-07
0,2804,7.456080859138678e-07
0,2805,7.456078875550281e-07
0,2806,7.456076154695954e-07
0,2807,7.456075205450067e-07
0,2808,7.456074575098041e-07
0,2809,7.456074111454533e-07
0,2810,7.456073772192292e-07
0,2811,7.456073833000702e-07
0,2812,7.45607411591052e-07
0,2813,7.456074485826731e-07
0,2814,7.456074436429379e-07
0,2815,7.456074249736575e-07
0,2816,7.456073752085118e-07
0,2817,7.456071200134955e-07
0,2818,7.456067761908824e-07
0,2819,7.456068313190494e-07
0,2820,7.456065126193302e-07
0,2821,7.456069512165156e-07
0,2822,7.456073289913144e-07
0,2823,7.456074612475013e-07
0,2824,7.456075471034876e-07
0,2825,7.456076997499615e-07
0,2826,7.456079212348792e-07
0,2827,7.456080178765816e-07
0,2828,7.456079233159782e-07
0,2829,7.456076606697434e-07
0,2830,7.456075447145108e-07
0,2831,7.45607478370252e-07
0,2832,7.456074182394305e-07
0,2833,7.456073883348967e-07
0,2834,7.456073872810183e-07
0,2835,7.456074022387494e-07
0,2836,7.456074273175688e-07
0,2837,7.456074717946505e-07
0,2838,7.456075312451013e-07
0,2839,7.456076065864932e-07
0,2840,7.456076231336613e-07
0,2841,7.456075559922903e-07
0,2842,7.456074999656975e-07
0,2843,7.456074672665276e-07
0,2844,7.456073808782827e-07
0,2845,7.456071931475991e-07
0,2846,7.456071878400077e-07
0,2847,7.456072901730498e-07
0,2848,7.45607403148373e-07
0,2849,7.456075005847871e-07
0,2850,7.456075973199595e-07
0,2851,7.4560766263992e-07
0,2852,7.45607690316254e-07
0,2853,7.456076000128636e-07
0,2854,7.456075216437253e-07
0,2855,7.456074648274403e-07
0,2856,7.456073701911749e-07
0,2857,7.456072584250775e-07
0,2858,7.45607223756822e-07
0,2859,7.456071769874336e-07
0,2860,7.456072121501972e-07
0,2861,7.456073061494345e-07
0,2862,7.45607419736424e-07
0,2863,7.456074739210336e-07
0,2864,7.45607475030025e-07
0,2865,7.456073479417369e-07
0,2866,7.456069934153599e-07
0,2867,7.456037111482931e-07
0,2868,5.638974817821861e-07
0,2869,5.638974061168701e-07
0,2870,7.455932624849488e-07
0,2871,7.456063863814259e-07
0,2872,7.456073787778172e-07
0,2873,7.456075307138727e-07
0,2874,7.456076400185058e-07
0,2875,7.456076581792327e-07
0,2876,7.456076096173465e-07
0,2877,7.456075260435617e-07
0,2878,7.456073838427727e-07
0,2879,7.456066712711101e-07
0,2880,7.45477853997903e-07
0,2881,4.5119536192938194e-07
0,2882,1.7658388840905056e-07
0,2883,1.7658379245567006e-07
0,2884,1.7658373586007228e-07
0,2885,1.765835859790373e-07
0,2886,1.7658352951458353e-07
0,2887,1.765835126375016e-07
0,2888,1.7658350314581387e-07
0,2889,1.7658349915096975e-07
0,2890,1.7658349729969793e-07
0,2891,1.7658349663487617e-07
0,2892,1.765834967171146e-07
0,2893,1.7658349765585157e-07
0,2894,1.76583500766071e-07
0,2895,1.7658352651750822e-07
0,2896,7.455919639468777e-07
0,2897,7.456069977038606e-07
0,2898,7.456071504035011e-07
0,2899,7.456071779789297e-07
0,2900,7.45607168490238e-07
0,2901,7.456071236074173e-07
0,2902,7.456069876268028e-07
0,2903,7.456064821085834e-07
0,2904,7.456049966074844e-07
0,2905,7.454071435773434e-07
0,2906,4.5119623126392234e-07
0,2907,4.511959483891584e-07
0,2908,4.5119625654091353e-07
0,2909,4.5119592912627225e-07
0,2910,4.5119571032938646e-07
0,2911,4.5119561782809805e-07
0,2912,4.5119558736451745e-07
0,2913,4.5119556577184006e-07
0,2914,4.5119556356348455e-07
0,2915,4.5119556428509903e-07
0,2916,4.511955688387922e-07
0,2917,4.5119556582765614e-07
0,2918,4.511955789578493e-07
0,2919,4.5119564655850525e-07
0,2920,7.456034768862832e-07
0,2921,7.456070861801637e-07
0,2922,7.456073040994115e-07
0,2923,7.456073465021892e-07
0,2924,7.456073466075601e-07
0,2925,7.456073159209066e-07
0,2926,7.456072436902906e-07
0,2927,7.456070426323957e-07
0,2928,7.456062804872557e-07
0,2929,7.456043450818574e-07
0,2930,7.456028506136051e-07
0,2931,7.4560306893559e-07
0,2932,7.456038199493703e-07
0,2933,7.456012738104267e-07
0,2934,4.5119569586987167e-07
0,2935,4.5119230546829355e-07
0,2936,1.765835205357408e-07
0,2937,1.765835125486199e-07
0,2938,1.7658351052745698e-07
0,2939,1.7658350994908383e-07
0,2940,1.7658350974444617e-07
0,2941,1.7658351005467538e-07
0,2942,1.765835113347823e-07
0,2943,1.7658351575063864e-07
0,2944,1.7658363669228137e-07
0,2945,7.456064552465411e-07
0,2946,7.456074285525411e-07
0,2947,7.456075232180479e-07
0,2948,7.456075395579809e-07
0,2949,7.45607527112685e-07
0,2950,7.456074832784454e-07
0,2951,7.45607420257644e-07
0,2952,7.456073474646371e-07
0,2953,7.456073219829028e-07
0,2954,7.456073153332554e-07
0,2955,7.456073223389853e-07
0,2956,7.456073777864295e-07
0,2957,7.45607432001761e-07
0,2958,7.456074800583683e-07
0,2959,7.456075077122017e-07
0,2960,7.456075107043355e-07
0,2961,7.456074647952243e-07
0,2962,7.456074323863749e-07
0,2963,7.456074694614661e-07
0,2964,7.456074288777967e-07
0,2965,7.456073766158029e-07
0,2966,7.456073874698372e-07
0,2967,7.456074495219446e-07
0,2968,7.456075009834296e-07
0,2969,7.456075896408944e-07
0,2970,7.45607751588449e-07
0,2971,7.456078051596932e-07
0,2972,7.456077445811114e-07
0,2973,7.456076486917099e-07
0,2974,7.456075567867462e-07
0,2975,7.456074900692593e-07
0,2976,7.456074245574865e-07
0,2977,7.456073752147426e-07
0,2978,7.456073361169859e-07
0,2979,7.456073527322961e-07
0,2980,7.456073713645323e-07
0,2981,7.456073778910161e-07
0,2982,7.456073834607371e-07
0,2983,7.456073815197272e-07
0,2984,7.456071281371987e-07
0,2985,7.456047570884746e-07
0,2986,5.638971314783751e-07
0,2987,5.638969410591073e-07
0,2988,5.638968698841078e-07
0,2989,5.638968425059853e-07
0,2990,5.638968396777169e-07
0,2991,5.638968586642111e-07
0,2992,5.638969657580052e-07
0,2993,7.456070405810479e-07
0,2994,7.456073653805427e-07
0,2995,7.45607418468907e-07
0,2996,7.456074127721666e-07
0,2997,7.45607399978337e-07
0,2998,7.456073488450044e-07
0,2999,7.456072065272791e-07
0,3000,7.456068272309939e-07
0,3001,7.456066038992377e-07
0,3002,7.456063126809435e-07
0,3003,7.456061903809411e-07
0,3004,7.456065961042036e-07
0,3005,7.456069000255289e-07
0,3006,7.456068792041783e-07
0,3007,7.456066081933543e-07
0,3008,4.5119564521867023e-07
0,3009,1.7658352625509487e-07
0,3010,1.7658351709922224e-07
0,3011,1.7658351506412352e-07
0,3012,1.765835143038907e-07
0,3013,1.7658351442741267e-07
0,3014,1.76583516013088e-07
0,3015,1.7658352182141737e-07
0,3016,4.511953952479938e-07
0,3017,7.456069996145603e-07
0,3018,7.456073732631008e-07
0,3019,7.456074384237665e-07
0,3020,7.456074341013794e-07
0,3021,7.45607418248736e-07
0,3022,7.45607361433398e-07
0,3023,7.456072572257975e-07
0,3024,7.456071062756138e-07
0,3025,7.45607123257962e-07
0,3026,7.45607125106215e-07
0,3027,7.456072102977412e-07
0,3028,7.456072713497009e-07
0,3029,7.456073010749482e-07
0,3030,7.456072762115599e-07
0,3031,7.456071764291627e-07
0,3032,7.456067395620031e-07
0,3033,4.51195529931091e-07
0,3034,1.9499870080426602e-07
0,3035,1.9499868171868164e-07
0,3036,1.9499867668473942e-07
0,3037,1.9499867578423075e-07
0,3038,1.949986778951622e-07
0,3039,1.9499869174655817e-07
0,3040,4.5119775403177233e-07
0,3041,7.456073078367682e-07
0,3042,7.456074718290807e-07
0,3043,7.456075121547523e-07
0,3044,7.456075060353543e-07
0,3045,7.456074928893827e-07
0,3046,7.456074554932914e-07
0,3047,7.456073875384909e-07
0,3048,7.456073157798858e-07
0,3049,7.456072639038171e-07
0,3050,7.456072366379468e-07
0,3051,7.456072741192055e-07
0,3052,7.456073119362569e-07
0,3053,7.456073287210872e-07
0,3054,7.456072749785035e-07
0,3055,7.456071078176779e-07
0,3056,7.456054513267613e-07
0,3057,4.5119563736149944e-07
0,3058,4.5119557700195195e-07
0,3059,4.5119556324699747e-07
0,3060,4.5119556105043097e-07
0,3061,4.511955670935164e-07
0,3062,4.5119559843147386e-07
0,3063,4.511973139393315e-07
0,3064,7.456072491794656e-07
0,3065,7.456075118886434e-07
0,3066,7.456076084406483e-07
0,3067,7.456076638572503e-07
0,3068,7.45607656040356e-07
0,3069,7.456076388012856e-07
0,3070,7.456075773167005e-07
0,3071,7.456075150798366e-07
0,3072,7.456074868815982e-07
0,3073,7.456074593857618e-07
0,3074,7.456074425842298e-07
0,3075,7.456074377277342e-07
0,3076,7.456074405496109e-07
0,3077,7.456074139538741e-07
0,3078,7.456072873233514e-07
0,3079,7.456067474489115e-07
0,3080,7.455987120266744e-07
0,3081,5.638970542229801e-07
0,3082,5.638970008115558e-07
0,3083,5.638969836591115e-07
0,3084,5.638969759984032e-07
0,3085,5.6389697608415e-07
0,3086,5.638970134172085e-07
0,3087,7.455935649603364e-07
0,3088,7.456071751124567e-07
0,3089,7.456074713329634e-07
0,3090,7.456075589967636e-07
0,3091,7.456076261086274e-07
0,3092,7.456075920785247e-07
0,3093,7.456075485774875e-07
0,3094,7.456075105709447e-07
0,3095,7.456074636204285e-07
0,3096,7.45607398546072e-07
0,3097,7.456073594138038e-07
0,3098,7.456073250278287e-07
0,3099,7.456073027741048e-07
0,3100,7.456072818614865e-07
0,3101,7.456071663528316e-07
0,3102,7.456066413838456e-07
0,3103,7.45606602119032e-07
0,3104,7.456066717978935e-07
0,3105,7.456050775877509e-07
0,3106,5.638978206151381e-07
0,3107,5.638971531169362e-07
0,3108,5.638970709541203e-07
0,3109,5.638970697116992e-07
0,3110,5.638971023918007e-07
0,3111,7.455960742305887e-07
0,3112,7.456071891311756e-07
0,3113,7.456074653603409e-07
0,3114,7.456075489160178e-07
0,3115,7.456075890883138e-07
0,3116,7.456075696210284e-07
0,3117,7.456075370332433e-07
0,3118,7.456074921921509e-07
0,3119,7.456074226478457e-07
0,3120,7.456072979097437e-07
0,3121,7.456071552651737e-07
0,3122,7.456070161936649e-07
0,3123,7.456070231662131e-07
0,3124,7.456070863762332e-07
0,3125,7.456073022117681e-07
0,3126,7.456074372308426e-07
0,3127,7.456075317201207e-07
0,3128,7.456076215376022e-07
0,3129,7.456076348285842e-07
0,3130,7.456075968297087e-07
0,3131,7.456075419299137e-07
0,3132,7.456074466764814e-07
0,3133,7.456072080272084e-07
0,3134,7.45606640514058e-07
0,3135,7.45605467431768e-07
0,3136,7.456057703350732e-07
0,3137,7.456067778020356e-07
0,3138,7.456069982508339e-07
0,3139,7.45607160129872e-07
0,3140,7.456070813040745e-07
0,3141,7.456069519425533e-07
0,3142,7.456062285417354e-07
0,3143,1.2709814957808455e-06
0,3144,4.51195500160712e-07
0,3145,4.511954578836171e-07
0,3146,4.5119545198365315e-07
0,3147,4.5119550251983937e-07
0,3148,4.511955348358675e-07
0,3149,4.5119550228575165e-07
0,3150,4.5119538178570616e-07
0,3151,1.7658353558261025e-07
0,3152,1.765834978268904e-07
0,3153,1.765834922198279e-07
0,3154,1.7658349021712606e-07
0,3155,1.7658348917829987e-07
0,3156,1.7658348863743248e-07
0,3157,1.7658348875484438e-07
0,3158,1.7658348983385128e-07
0,3159,1.765834930973409e-07
0,3160,1.7658351112578496e-07
0,3161,4.511977879373984e-07
0,3162,7.456070244312518e-07
0,3163,7.456073831974589e-07
0,3164,7.456074440058831e-07
0,3165,7.45607452961061e-07
0,3166,7.456074085980983e-07
0,3167,7.456072566418106e-07
0,3168,7.456070677345677e-07
0,3169,7.456069864648363e-07
0,3170,7.45606983206558e-07
0,3171,7.456070718541853e-07
0,3172,7.456072420895592e-07
0,3173,7.456073284948955e-07
0,3174,7.4560739108381e-07
0,3175,7.456073227115358e-07
0,3176,7.456065187706156e-07
0,3177,5.639635969770869e-07
0,3178,7.455976106627386e-07
0,3179,7.456061982413493e-07
0,3180,7.456066925857456e-07
0,3181,7.456067477402282e-07
0,3182,7.456072189215175e-07
0,3183,7.4560742668915e-07
0,3184,7.456074942251451e-07
0,3185,7.456075603637494e-07
0,3186,7.456076536883301e-07
0,3187,7.456077002718913e-07
0,3188,7.456076819423609e-07
0,3189,7.456076114097106e-07
0,3190,7.456075456946871e-07
0,3191,7.456074817160948e-07
0,3192,7.456074173451789e-07
0,3193,7.45607368409519e-07
0,3194,7.456073263441383e-07
0,3195,7.456073338635716e-07
0,3196,7.45607365287015e-07
0,3197,7.45607399758659e-07
0,3198,7.456074463307005e-07
0,3199,7.456074536057886e-07
0,3200,7.456073914055369e-07
0,3201,7.456072506110072e-07
0,3202,7.456071460855033e-07
0,3203,7.456071988724831e-07
0,3204,7.456070035694859e-07
0,3205,7.456064187238696e-07
0,3206,7.456064638451114e-07
0,3207,7.456071860071199e-07
0,3208,7.456073785811006e-07
0,3209,7.456075020959887e-07
0,3210,7.45607594791783e-07
0,3211,7.456076167175612e-07
0,3212,7.456075753393766e-07
0,3213,7.456075251189389e-07
0,3214,7.456074612787907e-07
0,3215,7.456073189626358e-07
0,3216,7.456069954166548e-07
0,3217,7.456064046618369e-07
0,3218,7.456063663048206e-07
0,3219,7.456067246163998e-07
0,3220,7.456071217168719e-07
0,3221,7.456072721087017e-07
0,3222,7.456073320576432e-07
0,3223,7.456073035087026e-07
0,3224,7.456067857224256e-07
0,3225,7.456030241777118e-07
0,3226,7.456024563514201e-07
0,3227,7.456058580539119e-07
0,3228,7.4559419983356e-07
0,3229,5.638974253035369e-07
0,3230,5.63897614866988e-07
0,3231,7.456052222767636e-07
0,3232,7.456071797165568e-07
0,3233,7.456074520609563e-07
0,3234,7.456075269883152e-07
0,3235,7.456075667682435e-07
0,3236,7.456075432588406e-07
0,3237,7.456075085770817e-07
0,3238,7.456074507056613e-07
0,3239,7.456073259480894e-07
0,3240,7.456071198854037e-07
0,3241,7.456068944816017e-07
0,3242,7.45606588186409e-07
0,3243,7.456064429560897e-07
0,3244,7.456064559460125e-07
0,3245,7.456054320267191e-07
0,3246,4.51195692726961e-07
0,3247,1.7658351887348352e-07
0,3248,1.765834921209584e-07
0,3249,1.7658348687808025e-07
0,3250,1.7658348471821697e-07
0,3251,1.7658348352167747e-07
0,3252,1.7658348287620745e-07
0,3253,1.7658348279515995e-07
0,3254,1.7658348347580598e-07
0,3255,1.7658348571013702e-07
0,3256,1.7658349603739988e-07
0,3257,4.511958944259328e-07
0,3258,7.456071330193594e-07
0,3259,7.456072957941501e-07
0,3260,7.456073236364772e-07
0,3261,7.456073207326399e-07
0,3262,7.456072893257254e-07
0,3263,7.456071984788567e-07
0,3264,7.456069439050729e-07
0,3265,7.456066356829175e-07
0,3266,7.456061849860036e-07
0,3267,7.456060653074954e-07
0,3268,7.4560580367707e-07
0,3269,7.455957519950812e-07
0,3270,4.5119312071285154e-07
0,3271,1.7658349814334529e-07
0,3272,1.7658348604181267e-07
0,3273,1.7658348277070187e-07
0,3274,1.765834814989505e-07
0,3275,1.7658348097685973e-07
0,3276,1.7658348079700965e-07
0,3277,1.7658348099510228e-07
0,3278,1.76583481863447e-07
0,3279,1.7658348422122716e-07
0,3280,1.7658349357587258e-07
0,3281,4.5119630862747837e-07
0,3282,7.456071669898495e-07
0,3283,7.456072975977459e-07
0,3284,7.456073184490407e-07
0,3285,7.45607310375165e-07
0,3286,7.456072695994326e-07
0,3287,7.456071445681386e-07
0,3288,7.456067422676042e-07
0,3289,7.456062278536618e-07
0,3290,7.456057270045454e-07
0,3291,7.456061665153745e-07
0,3292,7.456065252974449e-07
0,3293,7.45606642290608e-07
0,3294,7.456065681904818e-07
0,3295,7.456060984229295e-07
0,3296,4.511958164970331e-07
0,3297,1.765835603808402e-07
0,3298,1.7658353777704603e-07
0,3299,1.7658353436092573e-07
0,3300,1.765835330716048e-07
0,3301,1.7658353299342662e-07
0,3302,1.7658353424276972e-07
0,3303,1.765835392848892e-07
0,3304,4.5119497851808877e-07
0,3305,7.456068042914393e-07
0,3306,7.456073293159906e-07
0,3307,7.456074193412628e-07
0,3308,7.45607435028501e-07
0,3309,7.456074317310662e-07
0,3310,7.456074074309123e-07
0,3311,7.456073337920024e-07
0,3312,7.456072061066781e-07
0,3313,7.456070373899902e-07
0,3314,7.456068665704583e-07
0,3315,7.456068427160657e-07
0,3316,7.456068604045413e-07
0,3317,7.456068113024462e-07
0,3318,7.456068132455059e-07
0,3319,7.456065804829967e-07
0,3320,7.456031065177219e-07
0,3321,4.5118367491491404e-07
0,3322,4.511829385498859e-07
0,3323,4.511829023557327e-07
0,3324,4.511828927616802e-07
0,3325,4.5118289275498863e-07
0,3326,4.5118290586986234e-07
0,3327,4.511829721248303e-07
0,3328,4.511956065045991e-07
0,3329,7.456071974608806e-07
0,3330,7.456074720278133e-07
0,3331,7.456075310401227e-07
0,3332,7.456075395636611e-07
0,3333,7.456075304005281e-07
0,3334,7.456074962097247e-07
0,3335,7.456074422037544e-07
0,3336,7.456073643826939e-07
0,3337,7.456073102414914e-07
0,3338,7.456072749618796e-07
0,3339,7.456072915605151e-07
0,3340,7.456073501229941e-07
0,3341,7.45607392079067e-07
0,3342,7.456074364696022e-07
0,3343,7.4560747096508e-07
0,3344,7.456074557900782e-07
0,3345,7.456072607710522e-07
0,3346,7.456067503880904e-07
0,3347,7.456051705973709e-07
0,3348,5.639105341642559e-07
0,3349,5.639056492171236e-07
0,3350,7.456052053968352e-07
0,3351,7.456070382233808e-07
0,3352,7.456073502368659e-07
0,3353,7.456075011256329e-07
0,3354,7.456075833460064e-07
0,3355,7.456076569910996e-07
0,3356,7.456076445159018e-07
0,3357,7.456075945362145e-07
0,3358,7.45607543924495e-07
0,3359,7.45607497677521e-07
0,3360,7.456074673475666e-07
0,3361,7.456074458207748e-07
0,3362,7.456074374053771e-07
0,3363,7.456074328894633e-07
0,3364,7.456074127532964e-07
0,3365,7.456072823546392e-07
0,3366,7.456063278176628e-07
0,3367,4.5119543921840246e-07
0,3368,1.7658350339005413e-07
0,3369,1.7658349152123535e-07
0,3370,1.7658348884686689e-07
0,3371,1.7658348778044182e-07
0,3372,1.7658348746523756e-07
0,3373,1.7658348785809822e-07
0,3374,1.7658348954524936e-07
0,3375,1.7658349578205714e-07
0,3376,4.5119511353046155e-07
0,3377,7.456071974083934e-07
0,3378,7.456075131697587e-07
0,3379,7.456075936490865e-07
0,3380,7.456076054166272e-07
0,3381,7.456075573501044e-07
0,3382,7.456075102879002e-07
0,3383,7.456074457934309e-07
0,3384,7.456073770298953e-07
0,3385,7.456073285327647e-07
0,3386,7.456073125433695e-07
0,3387,7.456073353843718e-07
0,3388,7.456073748931971e-07
0,3389,7.456073619589548e-07
0,3390,7.456073781810639e-07
0,3391,7.456073898096421e-07
0,3392,7.456073415348238e-07
0,3393,7.456072797633909e-07
0,3394,7.45607286141344e-07
0,3395,7.456073769726867e-07
0,3396,7.456073776471383e-07
0,3397,7.456074240662532e-07
0,3398,7.456074756453911e-07
0,3399,7.45607519968367e-07
0,3400,7.456075841982943e-07
0,3401,7.456076778041137e-07
0,3402,7.456076791018681e-07
0,3403,7.456075993562047e-07
0,3404,7.45607545558718e-07
0,3405,7.456074868509305e-07
0,3406,7.456073833034075e-07
0,3407,7.456070952955884e-07
0,3408,7.456066502407898e-07
0,3409,7.456063470410671e-07
0,3410,7.456060987621018e-07
0,3411,7.456063645210336e-07
0,3412,7.456067372295843e-07
0,3413,7.456068434173243e-07
0,3414,7.456069437854515e-07
0,3415,7.456071693669171e-07
0,3416,7.456073353564841e-07
0,3417,7.456073696726027e-07
0,3418,7.456073276311726e-07
0,3419,7.456071148109276e-07
0,3420,5.638945925536263e-07
0,3421,5.638971104015628e-07
0,3422,5.638970569865843e-07
0,3423,5.638970449945392e-07
0,3424,5.638975430897193e-07
0,3425,7.456068916904299e-07
0,3426,7.456073901896228e-07
0,3427,7.456074641358362e-07
0,3428,7.456074615987896e-07
0,3429,7.456074400846711e-07
0,3430,7.456073650376706e-07
0,3431,7.45607214064971e-07
0,3432,7.456067859892935e-07
0,3433,7.456058808356914e-07
0,3434,7.456023462068149e-07
0,3435,7.455767795164435e-07
0,3436,4.511957388274847e-07
0,3437,4.511955116706734e-07
0,3438,1.7658378932654146e-07
0,3439,1.7658350595705397e-07
0,3440,1.7658348904290504e-07
0,3441,1.7658348526648488e-07
0,3442,1.7658348393553057e-07
0,3443,1.7658348339932483e-07
0,3444,1.7658348332589004e-07
0,3445,1.765834837566245e-07
0,3446,1.7658348473605379e-07
0,3447,1.765834867217997e-07
0,3448,1.7658349197449623e-07
0,3449,1.765835310496101e-07
0,3450,5.45440745125359e-07
0,3451,5.454420580136777e-07
0,3452,5.454421033481804e-07
0,3453,5.454420993734511e-07
0,3454,5.454419365268049e-07
0,3455,4.5119546999912236e-07
0,3456,4.511945516022788e-07
0,3457,4.5119417421673567e-07
0,3458,4.511941389497566e-07
0,3459,4.5119511872034084e-07
0,3460,4.5119515325443145e-07
0,3461,4.511955040232026e-07
0,3462,5.453580160407305e-07
0,3463,5.454419977560198e-07
0,3464,5.454420214252611e-07
0,3465,4.511955407128836e-07
0,3466,4.5119404428982504e-07
0,3467,4.5119403920816776e-07
0,3468,4.5119405301730863e-07
0,3469,4.5119404207138476e-07
0,3470,4.5119405184606874e-07
0,3471,4.5119407954131867e-07
0,3472,4.5119425298341364e-07
0,3473,4.5119617793357263e-07
0,3474,7.455895351962194e-07
0,3475,7.455896242597178e-07
0,3476,7.455896370265609e-07
0,3477,7.455896198308248e-07
0,3478,7.455895437673237e-07
0,3479,7.455891828942407e-07
0,3480,4.511978923963051e-07
0,3481,4.511958523237993e-07
0,3482,4.511956828498521e-07
0,3483,4.511956470269619e-07
0,3484,4.5119564925479917e-07
0,3485,4.5119564885051204e-07
0,3486,4.511956529165277e-07
0,3487,4.5119558674211256e-07
0,3488,4.511954493461755e-07
0,3489,4.51195392732433e-07
0,3490,4.5119538093697576e-07
0,3491,4.5119539107643956e-07
0,3492,4.511953841313742e-07
0,3493,4.511953875509512e-07
0,3494,4.5119540701283083e-07
0,3495,4.511954884337001e-07
0,3496,4.5119604025938526e-07
0,3497,7.456071321457584e-07
0,3498,7.456074550068895e-07
0,3499,7.456075181811563e-07
0,3500,7.456075428610231e-07
0,3501,7.456075403055789e-07
0,3502,7.456075188114352e-07
0,3503,7.456074812408348e-07
0,3504,7.456074317669583e-07
0,3505,7.456074046944386e-07
0,3506,7.456074054148502e-07
0,3507,7.456074173582062e-07
0,3508,7.456074287848433e-07
0,3509,7.456074046842725e-07
0,3510,7.456073031675211e-07
0,3511,7.456070264753896e-07
0,3512,7.456031062447419e-07
0,3513,5.638970028620379e-07
0,3514,5.638969702844917e-07
0,3515,5.638969660109022e-07
0,3516,5.638969557127925e-07
0,3517,5.638969627689463e-07
0,3518,5.638970070345764e-07
0,3519,7.456043179511888e-07
0,3520,7.456072845939775e-07
0,3521,7.45607484102639e-07
0,3522,7.456075589981612e-07
0,3523,7.456075896707726e-07
0,3524,7.456075891621683e-07
0,3525,7.456075595208144e-07
0,3526,7.456075166234525e-07
0,3527,7.456074565854218e-07
0,3528,7.456073874588021e-07
0,3529,7.456073288270222e-07
0,3530,7.456073033829758e-07
0,3531,7.45607327071006e-07
0,3532,7.456073310068429e-07
0,3533,7.456073177964222e-07
0,3534,7.456072663870432e-07
0,3535,7.456071529950306e-07
0,3536,7.456068165888483e-07
0,3537,7.453132399483759e-07
0,3538,4.5119565070076233e-07
0,3539,4.5119555859282925e-07
0,3540,4.511955320319038e-07
0,3541,4.511955249791365e-07
0,3542,4.511955267402281e-07
0,3543,4.511955379622407e-07
0,3544,4.511955962200504e-07
0,3545,7.456055454392723e-07
0,3546,7.456068660239899e-07
0,3547,7.456069942441698e-07
0,3548,7.45607014636693e-07
0,3549,7.456070067065198e-07
0,3550,7.456069621589819e-07
0,3551,7.45606858117266e-07
0,3552,7.456065970701684e-07
0,3553,7.45605940616419e-07
0,3554,7.456053106177141e-07
0,3555,7.456054208809751e-07
0,3556,7.45606003945664e-07
0,3557,7.456062702916794e-07
0,3558,7.456060445343461e-07
0,3559,7.45601135292171e-07
0,3560,4.511956895976249e-07
0,3561,4.511955646959354e-07
0,3562,4.511955421677508e-07
0,3563,4.51195537651981e-07
0,3564,4.511955364789911e-07
0,3565,4.511955440961602e-07
0,3566,4.511955693575982e-07
0,3567,4.5119565622733383e-07
0,3568,7.455762877340847e-07
0,3569,7.456071038823781e-07
0,3570,7.456073574280723e-07
0,3571,7.456074250997977e-07
0,3572,7.456074385853923e-07
0,3573,7.456074251505299e-07
0,3574,7.456073856332292e-07
0,3575,7.456072940747037e-07
0,3576,7.456071989671136e-07
0,3577,7.456070856091669e-07
0,3578,7.456070007755985e-07
0,3579,7.456069460104665e-07
0,3580,7.45606915573564e-07
0,3581,7.456066473636357e-07
0,3582,7.456052747698314e-07
0,3583,4.5119548008799966e-07
0,3584,1.7658354404925767e-07
0,3585,1.7658353625991643e-07
0,3586,1.765835345113592e-07
0,3587,1.765835343307989e-07
0,3588,1.7658353486100594e-07
0,3589,1.765835361815015e-07
0,3590,1.7658353976212788e-07
0,3591,1.7658355841088382e-07
0,3592,4.511955623806759e-07
0,3593,7.45606535497951e-07
0,3594,7.456071247796042e-07
0,3595,7.45607218701853e-07
0,3596,7.456072357402104e-07
0,3597,7.456072249814978e-07
0,3598,7.456071774899732e-07
0,3599,7.456070814245107e-07
0,3600,7.456069100011325e-07
0,3601,7.456067417409445e-07
0,3602,7.456067918440496e-07
0,3603,7.45606732748714e-07
0,3604,7.45606509115243e-07
0,3605,7.456040006763382e-07
0,3606,4.5119549204354106e-07
0,3607,1.7658350876593635e-07
0,3608,1.7658348734442737e-07
0,3609,1.7658348339089897e-07
0,3610,1.7658348190201114e-07
0,3611,1.7658348116909005e-07
0,3612,1.7658348078491275e-07
0,3613,1.7658348076210173e-07
0,3614,1.7658348125474626e-07
0,3615,1.765834827041666e-07
0,3616,1.765834872062619e-07
0,3617,1.7658355988708776e-07
0,3618,7.45606273183045e-07
0,3619,7.456067331298907e-07
0,3620,7.456067819023358e-07
0,3621,7.456067883435419e-07
0,3622,7.456067557544422e-07
0,3623,7.456066507005254e-07
0,3624,7.4560665124367e-07
0,3625,7.456065377824886e-07
0,3626,7.456064944846648e-07
0,3627,7.456064415342483e-07
0,3628,7.456063298429491e-07
0,3629,7.456050633358201e-07
0,3630,1.7658404260484808e-07
0,3631,1.7658349098074702e-07
0,3632,1.7658348262768205e-07
0,3633,1.7658348037600294e-07
0,3634,1.7658347955494383e-07
0,3635,1.7658347930851357e-07
0,3636,1.765834792847094e-07
0,3637,1.7658347946266044e-07
0,3638,1.7658347994892045e-07
0,3639,1.7658348111539832e-07
0,3640,1.7658348455226034e-07
0,3641,1.7658351606553796e-07
0,3642,7.456066597192612e-07
0,3643,7.456069601907772e-07
0,3644,7.45606991953171e-07
0,3645,7.456069771058083e-07
0,3646,7.45606939898314e-07
0,3647,7.456067984539338e-07
0,3648,7.456065949445511e-07
0,3649,7.456065120077538e-07
0,3650,7.456065669390635e-07
0,3651,7.456066115963481e-07
0,3652,7.456065528211554e-07
0,3653,7.456063286434742e-07
0,3654,7.456054179811934e-07
0,3655,4.511954478972613e-07
0,3656,1.7658350063905036e-07
0,3657,1.7658348691715261e-07
0,3658,1.7658348372846236e-07
0,3659,1.765834827244344e-07
0,3660,1.7658348262239233e-07
0,3661,1.7658348315439806e-07
0,3662,1.7658348473641378e-07
0,3663,1.7658348950611263e-07
0,3664,1.765835418769159e-07
0,3665,7.456067415554951e-07
0,3666,7.456073396122673e-07
0,3667,7.456074253057063e-07
0,3668,7.456074370227808e-07
0,3669,7.456074143593708e-07
0,3670,7.456073890440666e-07
0,3671,7.456073317309019e-07
0,3672,7.456072440479841e-07
0,3673,7.456071825056923e-07
0,3674,7.456071617310184e-07
0,3675,7.456071447744793e-07
0,3676,7.456070949385369e-07
0,3677,7.456069391203346e-07
0,3678,7.456065948072149e-07
0,3679,7.456056384985522e-07
0,3680,4.511958792140156e-07
0,3681,4.5119566465091386e-07
0,3682,4.5119564004822527e-07
0,3683,4.5119563435739037e-07
0,3684,4.511956385817588e-07
0,3685,4.511956652693445e-07
0,3686,4.511958007566046e-07
0,3687,7.456048425235296e-07
0,3688,7.456072345090616e-07
0,3689,7.456074783278902e-07
0,3690,7.456075664556747e-07
0,3691,7.456076307803461e-07
0,3692,7.456076185698376e-07
0,3693,7.456075770789333e-07
0,3694,7.456075400653282e-07
0,3695,7.456074818285927e-07
0,3696,7.456074087524311e-07
0,3697,7.456073596614982e-07
0,3698,7.456073652311295e-07
0,3699,7.456073827256243e-07
0,3700,7.45607372419129e-07
0,3701,7.456073278547029e-07
0,3702,7.456073880518217e-07
0,3703,7.456074546267953e-07
0,3704,7.456074903152428e-07
0,3705,7.456074879685617e-07
0,3706,7.456074729727344e-07
0,3707,7.456074744074507e-07
0,3708,7.456074374145505e-07
0,3709,7.456073775622097e-07
0,3710,7.456073824373672e-07
0,3711,7.456074628460795e-07
0,3712,7.456074910864883e-07
0,3713,7.456075475604907e-07
0,3714,7.456075783432316e-07
0,3715,7.456075667307521e-07
0,3716,7.456075589880984e-07
0,3717,7.456075248621761e-07
0,3718,7.456075010846382e-07
0,3719,7.456074496845834e-07
0,3720,7.456073731314193e-07
0,3721,7.456073377828879e-07
0,3722,7.456072844901837e-07
0,3723,7.456073050776516e-07
0,3724,7.456073041740097e-07
0,3725,7.456073033148591e-07
0,3726,7.456073681966545e-07
0,3727,7.456073676829019e-07
0,3728,7.456072966098581e-07
0,3729,7.456068045444412e-07
0,3730,7.456022613229853e-07
0,3731,7.455939934275956e-07
0,3732,5.638980533003742e-07
0,3733,5.638973251713592e-07
0,3734,7.456050989697136e-07
0,3735,7.456068375648111e-07
0,3736,7.45607252646883e-07
0,3737,7.456073563396976e-07
0,3738,7.456073731219512e-07
0,3739,7.4560734500773e-07
0,3740,7.456072282658409e-07
0,3741,7.456070076889883e-07
0,3742,7.456063047713295e-07
0,3743,4.511962083962808e-07
0,3744,4.511955659925548e-07
0,3745,4.5119549264499883e-07
0,3746,4.511955346502978e-07
0,3747,4.511956116456571e-07
0,3748,4.511955746294516e-07
0,3749,4.511954518967713e-07
0,3750,1.7658379767397323e-07
0,3751,1.7658351832885616e-07
0,3752,1.765834995939667e-07
0,3753,1.7658349308003432e-07
0,3754,1.765834895768259e-07
0,3755,1.7658348738198905e-07
0,3756,1.7658348589804704e-07
0,3757,1.7658348507645346e-07
0,3758,1.765834850771044e-07
0,3759,1.765834862326619e-07
0,3760,1.7658349034454989e-07
0,3761,1.7658355703262654e-07
0,3762,4.5119456741571816e-07
0,3763,4.5119461036584343e-07
0,3764,4.51194619445276e-07
0,3765,4.5119461252152703e-07
0,3766,4.511946022563466e-07
0,3767,4.511945748360944e-07
0,3768,4.5119446710122844e-07
0,3769,4.511942204103246e-07
0,3770,4.511942615662884e-07
0,3771,4.5119438500397457e-07
0,3772,4.511943246128209e-07
0,3773,4.5119343392773424e-07
0,3774,1.7658354152616717e-07
0,3775,1.7658351705851045e-07
0,3776,1.7658351257613153e-07
0,3777,1.7658351124225284e-07
0,3778,1.7658351097524942e-07
0,3779,1.7658351159965797e-07
0,3780,1.7658351291485365e-07
0,3781,1.7658351590342772e-07
0,3782,1.7658352542308955e-07
0,3783,1.76583648515894e-07
0,3784,4.51195613248484e-07
0,3785,7.456069669288142e-07
0,3786,7.45607333991892e-07
0,3787,7.456074178121312e-07
0,3788,7.456074319928756e-07
0,3789,7.456074131911396e-07
0,3790,7.456073623774399e-07
0,3791,7.456072223226275e-07
0,3792,7.456069921908603e-07
0,3793,7.456066894260298e-07
0,3794,7.456066738076333e-07
0,3795,7.456066088010377e-07
0,3796,7.456064674021839e-07
0,3797,7.456059991598736e-07
0,3798,7.456031487193394e-07
0,3799,4.5119679692319713e-07
0,3800,4.511965959134459e-07
0,3801,4.511965658950997e-07
0,3802,4.511965621789527e-07
0,3803,4.5119657469990214e-07
0,3804,4.511965820686822e-07
0,3805,4.5119659488696054e-07
0,3806,4.511966396322773e-07
0,3807,4.511971825467506e-07
0,3808,7.456068325673388e-07
0,3809,7.456074315264704e-07
0,3810,7.456075267268327e-07
0,3811,7.456076045474867e-07
0,3812,7.456076567712675e-07
0,3813,7.456076300785928e-07
0,3814,7.456075898323814e-07
0,3815,7.456075276136118e-07
0,3816,7.45607483523653e-07
0,3817,7.456074671720495e-07
0,3818,7.456074602908437e-07
0,3819,7.456074626807336e-07
0,3820,7.456074611518628e-07
0,3821,7.45607440938482e-07
0,3822,7.456074477111897e-07
0,3823,7.456074609761069e-07
0,3824,7.456074491468056e-07
0,3825,7.456074029029808e-07
0,3826,7.456073921667112e-07
0,3827,7.456074328977372e-07
0,3828,7.456074316503253e-07
0,3829,7.456074202510355e-07
0,3830,7.456074421016734e-07
0,3831,7.456074698743743e-07
0,3832,7.456075006039521e-07
0,3833,7.456075609609381e-07
0,3834,7.456076166923247e-07
0,3835,7.456076381337203e-07
0,3836,7.456076095119587e-07
0,3837,7.456075615962535e-07
0,3838,7.456075296510395e-07
0,3839,7.456074789915185e-07
0,3840,7.456074298072849e-07
0,3841,7.456073896668323e-07
0,3842,7.456073595589649e-07
0,3843,7.456073612965344e-07
0,3844,7.456073761929234e-07
0,3845,7.456074022882653e-07
0,3846,7.456074601484947e-07
0,3847,7.456075094037503e-07
0,3848,7.456075113708386e-07
0,3849,7.456074806312828e-07
0,3850,7.456074293115555e-07
0,3851,7.456073784222599e-07
0,3852,7.456073022351106e-07
0,3853,7.456073145380287e-07
0,3854,7.456074000697894e-07
0,3855,7.456074526131761e-07
0,3856,7.456075030115416e-07
0,3857,7.456075588756447e-07
0,3858,7.456076160230281e-07
0,3859,7.456076294385917e-07
0,3860,7.456075920721279e-07
0,3861,7.456075501999351e-07
0,3862,7.456075355155161e-07
0,3863,7.456074853906999e-07
0,3864,7.456074514107298e-07
0,3865,7.456074135990435e-07
0,3866,7.456073844900228e-07
0,3867,7.456073606978447e-07
0,3868,7.456073498161666e-07
0,3869,7.456072670913156e-07
0,3870,7.45607204914962e-07
0,3871,7.456071188026534e-07
0,3872,7.456071365617799e-07
0,3873,7.456069475646517e-07
0,3874,7.456067065064153e-07
0,3875,7.456066237898211e-07
0,3876,5.638987785440698e-07
0,3877,5.638972464277662e-07
0,3878,5.638972133815635e-07
0,3879,5.638972378608902e-07
0,3880,7.456013852311819e-07
0,3881,7.456072152525095e-07
0,3882,7.45607458871147e-07
0,3883,7.456075255189874e-07
0,3884,7.456075401172107e-07
0,3885,7.456075079093571e-07
0,3886,7.456074812464354e-07
0,3887,7.456074226207423e-07
0,3888,7.456073553638563e-07
0,3889,7.456073027897156e-07
0,3890,7.456073104161445e-07
0,3891,7.45607311199506e-07
0,3892,7.456072670908463e-07
0,3893,7.456071856775597e-07
0,3894,7.456070298856967e-07
0,3895,7.45606348135166e-07
0,3896,4.511955643525635e-07
0,3897,1.7658350366290335e-07
0,3898,1.7658349036220756e-07
0,3899,1.765834875957141e-07
0,3900,1.7658348668983608e-07
0,3901,1.7658348675213111e-07
0,3902,1.76583487934e-07
0,3903,1.7658349199887427e-07
0,3904,1.7658352827290734e-07
0,3905,7.45606602911638e-07
0,3906,7.456072751586572e-07
0,3907,7.456073517357805e-07
0,3908,7.456073598240625e-07
0,3909,7.456073389987648e-07
0,3910,7.456073041949924e-07
0,3911,7.456072394951058e-07
0,3912,7.45607158569473e-07
0,3913,7.456071428050955e-07
0,3914,7.45607169925581e-07
0,3915,7.456071176907143e-07
0,3916,7.456069808548473e-07
0,3917,7.456063857310164e-07
0,3918,4.511957568513311e-07
0,3919,1.7658354517941265e-07
0,3920,1.7658349467024042e-07
0,3921,1.765834868315735e-07
0,3922,1.7658348408110885e-07
0,3923,1.7658348296244896e-07
0,3924,1.7658348261626701e-07
0,3925,1.7658348291370983e-07
0,3926,1.7658348409240616e-07
0,3927,1.7658348679260404e-07
0,3928,1.76583494838523e-07
0,3929,4.5119530100233253e-07
0,3930,7.456068383217028e-07
0,3931,7.456071966445984e-07
0,3932,7.456071396135075e-07
0,3933,7.456069095794388e-07
0,3934,7.456066567507123e-07
0,3935,7.456057162225919e-07
0,3936,7.456018359946963e-07
0,3937,7.456003124152278e-07
0,3938,7.456047088482068e-07
0,3939,7.45606194774872e-07
0,3940,7.456064508197504e-07
0,3941,7.456056970870825e-07
0,3942,7.456058344014351e-07
0,3943,7.456068572506801e-07
0,3944,7.456070296826273e-07
0,3945,7.456070840301095e-07
0,3946,7.456069144340963e-07
0,3947,7.456069377224253e-07
0,3948,7.456065235143745e-07
0,3949,5.638977009449545e-07
0,3950,5.638976856181085e-07
0,3951,5.638990858182649e-07
0,3952,7.456021493927685e-07
0,3953,7.456067318787536e-07
0,3954,7.456073249675895e-07
0,3955,7.456074496477222e-07
0,3956,7.456074676508315e-07
0,3957,7.45607449938451e-07
0,3958,7.456074376156802e-07
0,3959,7.456073046616855e-07
0,3960,7.456071404487277e-07
0,3961,7.456069108790211e-07
0,3962,7.456068453084761e-07
0,3963,7.456069315008344e-07
0,3964,7.456071488473898e-07
0,3965,7.456072412352537e-07
0,3966,7.456073764431115e-07
0,3967,7.456074362671919e-07
0,3968,7.456074232393356e-07
0,3969,7.456073369228191e-07
0,3970,7.456072187186632e-07
0,3971,7.456071702786786e-07
0,3972,7.456068794806583e-07
0,3973,7.456064962346891e-07
0,3974,7.456069634622895e-07
0,3975,7.456073157124636e-07
0,3976,7.456074299840217e-07
0,3977,7.456075024988342e-07
0,3978,7.456075410201258e-07
0,3979,7.456075581665697e-07
0,3980,7.456075638069536e-07
0,3981,7.456075297046872e-07
0,3982,7.45607494667791e-07
0,3983,7.456074302838934e-07
0,3984,7.456073320794712e-07
0,3985,7.456073117595099e-07
0,3986,7.456073098420306e-07
0,3987,7.456072890371023e-07
0,3988,7.456073058103673e-07
0,3989,7.456073033517576e-07
0,3990,7.456073546373477e-07
0,3991,7.456074049075554e-07
0,3992,7.456073792023417e-07
0,3993,7.456072317222487e-07
0,3994,7.456070454238012e-07
0,3995,7.456067274698302e-07
0,3996,5.639570795259218e-07
0,3997,5.638984839373965e-07
0,3998,5.639452370677113e-07
0,3999,7.456065665589253e-07
0,4000,7.456073252727941e-07
0,4001,7.456074956326276e-07
0,4002,7.45607585673016e-07
0,4003,7.456077164648387e-07
0,4004,7.456077320685934e-07
0,4005,7.456076780498075e-07
0,4006,7.456076196250238e-07
0,4007,7.456075446454708e-07
0,4008,7.456074985928299e-07
0,4009,7.456074795936081e-07
0,4010,7.456074689515014e-07
0,4011,7.456074690127639e-07
0,4012,7.456074598278944e-07
0,4013,7.456074427843379e-07
0,4014,7.45607407995968e-07
0,4015,7.456073345739714e-07
0,4016,7.456069146391867e-07
0,4017,5.638979904747208e-07
0,4018,5.638975255879807e-07
0,4019,5.638975180485794e-07
0,4020,5.638975002780365e-07
0,4021,5.638975175708392e-07
0,4022,5.638997656063779e-07
0,4023,7.456062966401605e-07
0,4024,7.456073767789533e-07
0,4025,7.456075312373984e-07
0,4026,7.456076302950369e-07
0,4027,7.456076965224576e-07
0,4028,7.45607645753876e-07
0,4029,7.456075994393901e-07
0,4030,7.456075571592205e-07
0,4031,7.456074996623445e-07
0,4032,7.456074535812297e-07
0,4033,7.456074360113049e-07
0,4034,7.456074113348601e-07
0,4035,7.456074116191582e-07
0,4036,7.456074162074222e-07
0,4037,7.456074191174428e-07
0,4038,7.45607451103821e-07
0,4039,7.456074745270213e-07
0,4040,7.456074504934829e-07
0,4041,7.456072922772998e-07
0,4042,7.456070902724678e-07
0,4043,7.456068762623228e-07
0,4044,7.456048093314441e-07
0,4045,5.640036663336264e-07
0,4046,7.456005917621114e-07
0,4047,7.456066985692862e-07
0,4048,7.456073044392903e-07
0,4049,7.456074749840176e-07
0,4050,7.456075387963187e-07
0,4051,7.456075701012215e-07
0,4052,7.456075561254269e-07
0,4053,7.456075234393183e-07
0,4054,7.456074957206428e-07
0,4055,7.456074075486872e-07
0,4056,7.456072887029021e-07
0,4057,7.456072408892153e-07
0,4058,7.456072575379918e-07
0,4059,7.456072732914104e-07
0,4060,7.456073026923339e-07
0,4061,7.456072854618186e-07
0,4062,7.456073221379116e-07
0,4063,7.456072750281566e-07
0,4064,7.456070542879553e-07
0,4065,7.456061789883412e-07
0,4066,7.456060428612697e-07
0,4067,7.456059734761152e-07
0,4068,7.456041085622742e-07
0,4069,7.455967837329054e-07
0,4070,7.456057177375052e-07
0,4071,7.456069812150972e-07
0,4072,7.456074084077073e-07
0,4073,7.456075066658077e-07
0,4074,7.456075767090882e-07
0,4075,7.45607630917125e-07
0,4076,7.456076433015751e-07
0,4077,7.456075894614606e-07
0,4078,7.45607540078381e-07
0,4079,7.456074710844574e-07
0,4080,7.456074111836037e-07
0,4081,7.45607309223639e-07
0,4082,7.456072052744394e-07
0,4083,7.456070938574552e-07
0,4084,7.456069913030546e-07
0,4085,7.456064717230159e-07
0,4086,7.45603610473728e-07
0,4087,4.511955583013076e-07
0,4088,1.7658359314354182e-07
0,4089,1.7658351884474285e-07
0,4090,1.7658351146912807e-07
0,4091,1.7658350924421223e-07
0,4092,1.7658350840682995e-07
0,4093,1.7658350846274895e-07
0,4094,1.7658350967174364e-07
0,4095,1.7658351409353218e-07
0,4096,1.765835435423834e-07
0,4097,7.456012110480653e-07
0,4098,7.456070580544533e-07
0,4099,7.456072714991344e-07
0,4100,7.456073111541169e-07
0,4101,7.456073178574899e-07
0,4102,7.456073085887166e-07
0,4103,7.456072676196557e-07
0,4104,7.456071655866209e-07
0,4105,7.456070109713985e-07
0,4106,7.456069147381253e-07
0,4107,7.456067898152041e-07
0,4108,7.456064710586896e-07
0,4109,7.456047935011301e-07
0,4110,4.511955122995073e-07
0,4111,1.765835024106706e-07
0,4112,1.765834866850046e-07
0,4113,1.765834832789589e-07
0,4114,1.7658348200552323e-07
0,4115,1.7658348144666232e-07
0,4116,1.7658348125858755e-07
0,4117,1.7658348151373463e-07
0,4118,1.7658348251189773e-07
0,4119,1.7658348523406342e-07
0,4120,1.7658349519187465e-07
0,4121,4.511955489273329e-07
0,4122,7.456072170824141e-07
0,4123,7.456074460056127e-07
0,4124,7.456074912485596e-07
0,4125,7.456074953595425e-07
0,4126,7.456074889665884e-07
0,4127,7.456074594485558e-07
0,4128,7.45607427231595e-07
0,4129,7.456073960037856e-07
0,4130,7.456073607976862e-07
0,4131,7.456073522974209e-07
0,4132,7.456073181311781e-07
0,4133,7.45607183165775e-07
0,4134,7.456069297738274e-07
0,4135,7.456065265884383e-07
0,4136,7.455148416022089e-07
0,4137,4.511955955201369e-07
0,4138,4.5119555348086175e-07
0,4139,4.511955467188656e-07
0,4140,4.511955349319481e-07
0,4141,4.5119552860100026e-07
0,4142,4.51195537102548e-07
0,4143,4.511955652644724e-07
0,4144,4.5119601710468763e-07
0,4145,7.456070992596771e-07
0,4146,7.456074235482298e-07
0,4147,7.45607483463456e-07
0,4148,7.456074971039797e-07
0,4149,7.456074868230665e-07
0,4150,7.456074635200331e-07
0,4151,7.456074065442365e-07
0,4152,7.456073383182619e-07
0,4153,7.45607302174353e-07
0,4154,7.456072257698432e-07
0,4155,7.456071598526127e-07
0,4156,7.456070858060326e-07
0,4157,7.45606960108017e-07
0,4158,7.456063405329284e-07
0,4159,4.5119555324145974e-07
0,4160,1.765835085649583e-07
0,4161,1.7658348974299175e-07
0,4162,1.7658348545770045e-07
0,4163,1.7658348357220976e-07
0,4164,1.7658348274137548e-07
0,4165,1.7658348272072735e-07
0,4166,1.7658348368168327e-07
0,4167,1.7658348703558645e-07
0,4168,1.7658350858765624e-07
0,4169,7.456065164961983e-07
0,4170,7.45607404263026e-07
0,4171,7.45607487973383e-07
0,4172,7.45607513007457e-07
0,4173,7.456075049431426e-07
0,4174,7.45607488463666e-07
0,4175,7.456074487645396e-07
0,4176,7.456073961159226e-07
0,4177,7.456073609295438e-07
0,4178,7.456073591665278e-07
0,4179,7.456073506353983e-07
0,4180,7.456073217645157e-07
0,4181,7.456072047608105e-07
0,4182,7.456067926630372e-07
0,4183,7.45369282604108e-07
0,4184,1.765835322689153e-07
0,4185,1.7658349616580542e-07
0,4186,1.765834922682409e-07
0,4187,1.7658349107913413e-07
0,4188,1.7658349085048224e-07
0,4189,1.7658349155235026e-07
0,4190,1.7658349423628893e-07
0,4191,1.765835086696647e-07
0,4192,4.511959456486951e-07
0,4193,7.456072265165451e-07
0,4194,7.456074428217175e-07
0,4195,7.456074985829924e-07
0,4196,7.456075078841325e-07
0,4197,7.456074899973479e-07
0,4198,7.456074651559502e-07
0,4199,7.456073902142884e-07
0,4200,7.456072846124563e-07
0,4201,7.456072333319281e-07
0,4202,7.456072151004553e-07
0,4203,7.456072263080954e-07
0,4204,7.456072401886225e-07
0,4205,7.456071821795762e-07
0,4206,7.456070925509052e-07
0,4207,7.456068284252731e-07
0,4208,7.456032548813804e-07
0,4209,4.5119560516927706e-07
0,4210,4.511954762193766e-07
0,4211,4.511954343331281e-07
0,4212,4.5119541551303855e-07
0,4213,4.5119541202667635e-07
0,4214,4.5119542290620977e-07
0,4215,4.511954619127834e-07
0,4216,4.511956813018757e-07
0,4217,7.456068724468036e-07
0,4218,7.456072944774408e-07
0,4219,7.456073661054284e-07
0,4220,7.456073766915903e-07
0,4221,7.456073549573144e-07
0,4222,7.456073066501987e-07
0,4223,7.456071711342886e-07
0,4224,7.45606886638822e-07
0,4225,7.456066995914314e-07
0,4226,7.456067013087382e-07
0,4227,7.456068704849245e-07
0,4228,7.456069069794593e-07
0,4229,7.45606800317718e-07
0,4230,7.456063282439592e-07
0,4231,4.511959916802229e-07
0,4232,1.7658351081577006e-07
0,4233,1.7658348966238894e-07
0,4234,1.7658348634068994e-07
0,4235,1.7658348523916806e-07
0,4236,1.7658348500550301e-07
0,4237,1.765834855928526e-07
0,4238,1.765834876499729e-07
0,4239,1.7658349511306205e-07
0,4240,1.7658448110226362e-07
0,4241,7.456070103660444e-07
0,4242,7.456073734302543e-07
0,4243,7.456074278129679e-07
0,4244,7.456074449700725e-07
0,4245,7.456074336531245e-07
0,4246,7.456074089507825e-07
0,4247,7.456073422603312e-07
0,4248,7.456072712063405e-07
0,4249,7.456071718155301e-07
0,4250,7.456071234228895e-07
0,4251,7.456070882197445e-07
0,4252,7.45606971071405e-07
0,4253,7.456063059677517e-07
0,4254,4.511961758607373e-07
0,4255,1.7658368197233042e-07
0,4256,1.7658349731488565e-07
0,4257,1.7658348683817992e-07
0,4258,1.7658348425786345e-07
0,4259,1.7658348347245046e-07
0,4260,1.7658348354716596e-07
0,4261,1.76583484246387e-07
0,4262,1.7658348595342817e-07
0,4263,1.7658349053445213e-07
0,4264,1.7658351831579534e-07
0,4265,7.456059683382657e-07
0,4266,7.456072554198741e-07
0,4267,7.456073751526941e-07
0,4268,7.456073974657103e-07
0,4269,7.4560739731864e-07
0,4270,7.456073882661346e-07
0,4271,7.456073292822093e-07
0,4272,7.456072146075329e-07
0,4273,7.456071239148513e-07
0,4274,7.456070822820181e-07
0,4275,7.456070641871955e-07
0,4276,7.456069813252809e-07
0,4277,7.456065179170757e-07
0,4278,7.456035372807539e-07
0,4279,4.511954690702745e-07
0,4280,1.7658362860170684e-07
0,4281,1.7658353412778415e-07
0,4282,1.7658351970564723e-07
0,4283,1.7658351484925117e-07
0,4284,1.765835127875374e-07
0,4285,1.7658351232074305e-07
0,4286,1.7658351295021558e-07
0,4287,1.7658351675643013e-07
0,4288,1.7658394436432996e-07
0,4289,7.45606498199858e-07
0,4290,7.456073597391813e-07
0,4291,7.456074591697786e-07
0,4292,7.456074823917578e-07
0,4293,7.456074779090527e-07
0,4294,7.456074609759019e-07
0,4295,7.456074037096933e-07
0,4296,7.45607316701129e-07
0,4297,7.456072644075764e-07
0,4298,7.456071758159328e-07
0,4299,7.456071926160368e-07
0,4300,7.456072037127597e-07
0,4301,7.456071218786061e-07
0,4302,7.45607113319079e-07
0,4303,7.456070457402205e-07
0,4304,7.456065470874979e-07
0,4305,4.511955889079233e-07
0,4306,1.765835890537343e-07
0,4307,1.765835236775465e-07
0,4308,1.7658351983983715e-07
0,4309,1.7658351909791634e-07
0,4310,1.7658351974223524e-07
0,4311,1.7658352261563443e-07
0,4312,1.7658369747122198e-07
0,4313,7.456069380605015e-07
0,4314,7.456073534796671e-07
0,4315,7.456074169439241e-07
0,4316,7.456074328533526e-07
0,4317,7.456074253197281e-07
0,4318,7.456073967528982e-07
0,4319,7.456073112504313e-07
0,4320,7.456071167722595e-07
0,4321,7.45606714029667e-07
0,4322,7.456056196789946e-07
0,4323,7.45601802163577e-07
0,4324,4.511960597795865e-07
0,4325,4.511956025196648e-07
0,4326,4.5119528612347884e-07
0,4327,1.7658350055165392e-07
0,4328,1.7658348735816117e-07
0,4329,1.765834842402024e-07
0,4330,1.7658348283049266e-07
0,4331,1.7658348218645666e-07
0,4332,1.7658348192840172e-07
0,4333,1.7658348212110553e-07
0,4334,1.7658348307050071e-07
0,4335,1.7658348547415745e-07
0,4336,1.7658349231256995e-07
0,4337,1.765845767549864e-07
0,4338,4.5119560309692455e-07
0,4339,4.5119564891722435e-07
0,4340,4.511956569757789e-07
0,4341,4.511956524951779e-07
0,4342,4.5119563084419416e-07
0,4343,4.5119554549456756e-07
0,4344,4.511950137953051e-07
0,4345,1.7658396651522367e-07
0,4346,1.7658360228107788e-07
0,4347,1.7658357011371506e-07
0,4348,1.7658355236313126e-07
0,4349,1.7658352284032262e-07
0,4350,1.7658350156345257e-07
0,4351,1.7658349204791705e-07
0,4352,1.765834873726213e-07
0,4353,1.7658348453852359e-07
0,4354,1.7658348308120128e-07
0,4355,1.7658348236678998e-07
0,4356,1.7658348217768818e-07
0,4357,1.7658348254944543e-07
0,4358,1.7658348384476337e-07
0,4359,1.7658348727522775e-07
0,4360,1.765835013400866e-07
0,4361,4.5119562666603305e-07
0,4362,7.456064849764574e-07
0,4363,7.456068033038243e-07
0,4364,7.456068512042693e-07
0,4365,7.456068572026585e-07
0,4366,7.456068412900688e-07
0,4367,7.456067317263232e-07
0,4368,7.456062096138067e-07
0,4369,7.45605722820433e-07
0,4370,7.456061623527005e-07
0,4371,7.456063520514228e-07
0,4372,7.456065255160048e-07
0,4373,7.45606533638363e-07
0,4374,7.456064351397086e-07
0,4375,7.456062108137187e-07
0,4376,7.456051132549496e-07
0,4377,4.513040800204963e-07
0,4378,4.513039291685464e-07
0,4379,4.513038869686179e-07
0,4380,4.5130387056437475e-07
0,4381,4.513038691484728e-07
0,4382,4.513038778305537e-07
0,4383,4.5130389425352815e-07
0,4384,4.5130397850999944e-07
0,4385,7.456064847367047e-07
0,4386,7.456070883855732e-07
0,4387,7.456072073842138e-07
0,4388,7.456072460695214e-07
0,4389,7.456072420826729e-07
0,4390,7.45607214394289e-07
0,4391,7.456071376239322e-07
0,4392,7.456069878125521e-07
0,4393,7.456069172566524e-07
0,4394,7.456068325385227e-07
0,4395,7.456068583939544e-07
0,4396,7.456068388150555e-07
0,4397,7.456067187076115e-07
0,4398,7.4560642618088e-07
0,4399,7.456033905180097e-07
0,4400,4.5119570575303686e-07
0,4401,4.5119557268750154e-07
0,4402,4.5119554815656e-07
0,4403,4.5119554105356535e-07
0,4404,4.5119552835215214e-07
0,4405,4.511955253518954e-07
0,4406,4.51195537403658e-07
0,4407,4.5119558322491836e-07
0,4408,4.511965861531835e-07
0,4409,7.456071437236875e-07
0,4410,7.456073976313069e-07
0,4411,7.45607456684916e-07
0,4412,7.456074680366059e-07
0,4413,7.456074631452905e-07
0,4414,7.456074378313568e-07
0,4415,7.456073740428641e-07
0,4416,7.456073042046435e-07
0,4417,7.45607172189695e-07
0,4418,7.456069783104975e-07
0,4419,7.456068659162507e-07
0,4420,7.456067292506949e-07
0,4421,7.456058751000705e-07
0,4422,4.511956170665663e-07
0,4423,1.7658351362277626e-07
0,4424,1.7658348935994312e-07
0,4425,1.7658348447332322e-07
0,4426,1.7658348248648674e-07
0,4427,1.765834814909702e-07
0,4428,1.7658348107030525e-07
0,4429,1.7658348114997379e-07
0,4430,1.7658348191314327e-07
0,4431,1.7658348397902825e-07
0,4432,1.765834907225612e-07
0,4433,4.5119454407431414e-07
0,4434,4.5119564249016535e-07
0,4435,4.511956963626314e-07
0,4436,4.5119570567366987e-07
0,4437,4.5119570436569684e-07
0,4438,4.5119569153666457e-07
0,4439,4.5119563903506714e-07
0,4440,4.511954654486293e-07
0,4441,1.7658397739554865e-07
0,4442,1.7658354591446276e-07
0,4443,1.7658351883799708e-07
0,4444,1.765835059476032e-07
0,4445,1.7658349401143852e-07
0,4446,1.7658348756896776e-07
0,4447,1.7658348396630582e-07
0,4448,1.7658348194755907e-07
0,4449,1.7658348089372133e-07
0,4450,1.7658348036168257e-07
0,4451,1.7658348009173233e-07
0,4452,1.765834798996011e-07
0,4453,1.765834797999193e-07
0,4454,1.7658347993892843e-07
0,4455,1.7658348048438673e-07
0,4456,1.7658348184594815e-07
0,4457,1.765834854416081e-07
0,4458,1.7658349904141027e-07
0,4459,1.7658351356466895e-07
0,4460,1.7658351653662847e-07
0,4461,1.7658351717865742e-07
0,4462,1.765835166889233e-07
0,4463,1.7658351517331242e-07
0,4464,1.765835125742185e-07
0,4465,1.765835089833659e-07
0,4466,1.7658350490443173e-07
0,4467,1.765834999497756e-07
0,4468,1.7658349493173177e-07
0,4469,1.765834898866714e-07
0,4470,1.7658348598480058e-07
0,4471,1.7658348332697552e-07
0,4472,1.765834816833191e-07
0,4473,1.7658348078921822e-07
0,4474,1.7658348029743724e-07
0,4475,1.765834801487262e-07
0,4476,1.7658348012674486e-07
0,4477,1.7658348033755738e-07
0,4478,1.765834809229897e-07
0,4479,1.7658348206810964e-07
0,4480,1.7658348423133226e-07
0,4481,1.7658349139357732e-07
0,4482,1.7658352821365696e-07
0,4483,1.765835468680965e-07
0,4484,1.7658354992446157e-07
0,4485,1.7658355057525393e-07
0,4486,1.7658354995293713e-07
0,4487,1.765835473221032e-07
0,4488,1.7658354021314328e-07
0,4489,1.7658352841895742e-07
0,4490,1.765835185518215e-07
0,4491,1.7658351272533934e-07
0,4492,1.7658350748096026e-07
0,4493,1.7658349950086127e-07
0,4494,1.7658349023865044e-07
0,4495,1.7658348484687322e-07
0,4496,1.765834825754358e-07
0,4497,1.7658348139317981e-07
0,4498,1.7658348081953268e-07
0,4499,1.7658348061494542e-07
0,4500,1.7658348069453137e-07
0,4501,1.7658348111230962e-07
0,4502,1.7658348208554243e-07
0,4503,1.765834842779915e-07
0,4504,1.76583490723224e-07
0,4505,1.76583563205607e-07
0,4506,7.456057428743616e-07
0,4507,7.456070043058692e-07
0,4508,7.45607133344161e-07
0,4509,7.456071731309248e-07
0,4510,7.456071590859649e-07
0,4511,7.456069203021915e-07
0,4512,7.456061880940148e-07
0,4513,7.456059234203576e-07
0,4514,7.456063052186188e-07
0,4515,7.456067737536247e-07
0,4516,7.456069867525734e-07
0,4517,7.456070722653859e-07
0,4518,7.456071385733341e-07
0,4519,7.456071016236021e-07
0,4520,7.456068813237648e-07
0,4521,7.455770053067128e-07
0,4522,5.638969237554523e-07
0,4523,5.638968733933517e-07
0,4524,5.638968649532495e-07
0,4525,5.638968746578703e-07
0,4526,5.638969194489556e-07
0,4527,5.638989510894483e-07
0,4528,7.456069718484323e-07
0,4529,7.456073912957885e-07
0,4530,7.456074965798273e-07
0,4531,7.456075277029484e-07
0,4532,7.456075427070207e-07
0,4533,7.456075328988416e-07
0,4534,7.456075170949788e-07
0,4535,7.4560747092901e-07
0,4536,7.456074257256585e-07
0,4537,7.456073939075434e-07
0,4538,7.456073731347245e-07
0,4539,7.456073740285509e-07
0,4540,7.456073836156425e-07
0,4541,7.456073804399635e-07
0,4542,7.456073839323617e-07
0,4543,7.456073967454663e-07
0,4544,7.456073698581063e-07
0,4545,7.456070678696898e-07
0,4546,7.456044667265154e-07
0,4547,7.453059611698303e-07
0,4548,5.638970615580635e-07
0,4549,5.638970176705506e-07
0,4550,5.638970115215166e-07
0,4551,5.638970410369725e-07
0,4552,7.455465098041645e-07
0,4553,7.456072960817348e-07
0,4554,7.456074809077255e-07
0,4555,7.456075334579799e-07
0,4556,7.456075495551025e-07
0,4557,7.456075444165331e-07
0,4558,7.456075304513687e-07
0,4559,7.456074937755519e-07
0,4560,7.456074567050703e-07
0,4561,7.456074333629632e-07
0,4562,7.456074002411154e-07
0,4563,7.456073677329802e-07
0,4564,7.456073269969262e-07
0,4565,7.456071849484219e-07
0,4566,7.456069115824159e-07
0,4567,7.456059513161764e-07
0,4568,7.455757866942334e-07
0,4569,4.51195516363939e-07
0,4570,4.5119531919680014e-07
0,4571,4.5119528451973884e-07
0,4572,4.5119527169440133e-07
0,4573,4.511952721966783e-07
0,4574,4.511952862431358e-07
0,4575,4.511953212471908e-07
0,4576,4.5119549287366046e-07
0,4577,7.456062548600367e-07
0,4578,7.456072735682309e-07
0,4579,7.456074055887326e-07
0,4580,7.456074439189436e-07
0,4581,7.456074509038636e-07
0,4582,7.4560744302828e-07
0,4583,7.456074004440476e-07
0,4584,7.456073503755421e-07
0,4585,7.456072771446293e-07
0,4586,7.456071765651538e-07
0,4587,7.456070085252707e-07
0,4588,7.456065912126171e-07
0,4589,7.45604235520087e-07
0,4590,4.5119558840208876e-07
0,4591,1.7658353790542997e-07
0,4592,1.7658349653822293e-07
0,4593,1.7658348967202267e-07
0,4594,1.765834866895557e-07
0,4595,1.7658348526244876e-07
0,4596,1.765834845985689e-07
0,4597,1.7658348451844552e-07
0,4598,1.7658348519472594e-07
0,4599,1.765834874355787e-07
0,4600,1.7658349600768003e-07
0,4601,4.511936246717748e-07
0,4602,7.456069025145759e-07
0,4603,7.456072601366448e-07
0,4604,7.456073148051168e-07
0,4605,7.456073221276642e-07
0,4606,7.456073054093666e-07
0,4607,7.456072565341408e-07
0,4608,7.456071538186261e-07
0,4609,7.456071214857217e-07
0,4610,7.45607053401642e-07
0,4611,7.456069997740329e-07
0,4612,7.456068760297462e-07
0,4613,7.456063084001152e-07
0,4614,4.5119554451712203e-07
0,4615,1.7658349314173178e-07
0,4616,1.7658348418835042e-07
0,4617,1.765834817968376e-07
0,4618,1.7658348092697627e-07
0,4619,1.7658348066346898e-07
0,4620,1.765834806717178e-07
0,4621,1.7658348105199367e-07
0,4622,1.7658348211950421e-07
0,4623,1.7658348467081234e-07
0,4624,1.7658349401477922e-07
0,4625,4.5119563771434626e-07
0,4626,7.456072973087738e-07
0,4627,7.456074646771987e-07
0,4628,7.456074973597566e-07
0,4629,7.45607494765786e-07
0,4630,7.456074806995689e-07
0,4631,7.456074395550739e-07
0,4632,7.456073992119738e-07
0,4633,7.456073669339097e-07
0,4634,7.456073429811274e-07
0,4635,7.456073151385632e-07
0,4636,7.456073076717967e-07
0,4637,7.456072026502517e-07
0,4638,7.456067229790749e-07
0,4639,4.511955897708364e-07
0,4640,1.7658350367308807e-07
0,4641,1.7658348972223732e-07
0,4642,1.765834865369335e-07
0,4643,1.765834851866118e-07
0,4644,1.7658348472469338e-07
0,4645,1.765834850774106e-07
0,4646,1.7658348676399847e-07
0,4647,1.765834934027924e-07
0,4648,4.5119493423130316e-07
0,4649,7.456071293127686e-07
0,4650,7.456074569803458e-07
0,4651,7.456075197514012e-07
0,4652,7.456075347573437e-07
0,4653,7.456075246568773e-07
0,4654,7.456075053329235e-07
0,4655,7.456074604018761e-07
0,4656,7.456074050765504e-07
0,4657,7.456073585723155e-07
0,4658,7.45607324052079e-07
0,4659,7.456073183786828e-07
0,4660,7.456073092795499e-07
0,4661,7.456072114624098e-07
0,4662,7.456068820814036e-07
0,4663,7.456052866980102e-07
0,4664,4.511957125623635e-07
0,4665,4.5119560315102624e-07
0,4666,4.5119558748889577e-07
0,4667,4.5119558614454437e-07
0,4668,4.5119558728415266e-07
0,4669,4.511956027182009e-07
0,4670,4.5119567753233004e-07
0,4671,7.456061022451182e-07
0,4672,7.456073557304217e-07
0,4673,7.456075098510616e-07
0,4674,7.4560760022605e-07
0,4675,7.45607660859904e-07
0,4676,7.456076269368189e-07
0,4677,7.456075719051917e-07
0,4678,7.456075368828475e-07
0,4679,7.456074862343854e-07
0,4680,7.456074325819836e-07
0,4681,7.456073931703351e-07
0,4682,7.45607379956411e-07
0,4683,7.45607387598322e-07
0,4684,7.456074167877533e-07
0,4685,7.456074497989396e-07
0,4686,7.456074749961759e-07
0,4687,7.456075172838197e-07
0,4688,7.456075381827229e-07
0,4689,7.456075205143865e-07
0,4690,7.456075011494243e-07
0,4691,7.456074533330304e-07
0,4692,7.45607268274463e-07
0,4693,7.456066656499352e-07
0,4694,7.456065688491143e-07
0,4695,7.456070623426609e-07
0,4696,7.456073801145724e-07
0,4697,7.456074959803617e-07
0,4698,7.456075822572302e-07
0,4699,7.456076997941732e-07
0,4700,7.456077091138819e-07
0,4701,7.456076570717778e-07
0,4702,7.456075967711059e-07
0,4703,7.456075245680032e-07
0,4704,7.456074793186155e-07
0,4705,7.456074518902657e-07
0,4706,7.456074472320672e-07
0,4707,7.456074471344891e-07
0,4708,7.456074563826607e-07
0,4709,7.456074586601358e-07
0,4710,7.456074787293584e-07
0,4711,7.456075019707075e-07
0,4712,7.45607502449996e-07
0,4713,7.45607485897312e-07
0,4714,7.456074693105994e-07
0,4715,7.456074393118806e-07
0,4716,7.456073717287446e-07
0,4717,7.456073384717036e-07
0,4718,7.456073625235345e-07
0,4719,7.456074379897452e-07
0,4720,7.456074851389092e-07
0,4721,7.456075449878822e-07
0,4722,7.456076213320341e-07
0,4723,7.456076877856482e-07
0,4724,7.456077008007719e-07
0,4725,7.456076491611169e-07
0,4726,7.456075890879411e-07
0,4727,7.456075248241104e-07
0,4728,7.456074815999852e-07
0,4729,7.456074538468084e-07
0,4730,7.45607438168918e-07
0,4731,7.45607436847262e-07
0,4732,7.456074456706806e-07
0,4733,7.456074246237499e-07
0,4734,7.456073961624197e-07
0,4735,7.456073146832305e-07
0,4736,7.456065847891275e-07
0,4737,5.63897280630877e-07
0,4738,5.638972190251848e-07
0,4739,5.638972182023601e-07
0,4740,5.63897205267303e-07
0,4741,5.638972341013921e-07
0,4742,5.639755517818037e-07
0,4743,7.45606930229953e-07
0,4744,7.456073703362648e-07
0,4745,7.456075061875001e-07
0,4746,7.456075766776531e-07
0,4747,7.456076716617069e-07
0,4748,7.456076798770371e-07
0,4749,7.45607628760818e-07
0,4750,7.456075815232304e-07
0,4751,7.45607529650411e-07
0,4752,7.456075031999624e-07
0,4753,7.456074786673556e-07
0,4754,7.456074658511609e-07
0,4755,7.456074560434545e-07
0,4756,7.456074470479816e-07
0,4757,7.456073684030917e-07
0,4758,7.4560690536412e-07
0,4759,4.5119548036048e-07
0,4760,1.765835970927766e-07
0,4761,1.7658359141039637e-07
0,4762,1.7658359017218455e-07
0,4763,1.765835901224671e-07
0,4764,1.7658359090299484e-07
0,4765,1.7658359316103348e-07
0,4766,1.7658360025918906e-07
0,4767,4.511946547745408e-07
0,4768,7.456053931176932e-07
0,4769,7.456073086181087e-07
0,4770,7.456074813166764e-07
0,4771,7.456075360616457e-07
0,4772,7.45607553828797e-07
0,4773,7.45607550990288e-07
0,4774,7.456075388045586e-07
0,4775,7.456075162510545e-07
0,4776,7.45607481196269e-07
0,4777,7.456074555781895e-07
0,4778,7.456074351701775e-07
0,4779,7.456074112527318e-07
0,4780,7.456073873091517e-07
0,4781,7.456072559543146e-07
0,4782,7.4560633687595e-07
0,4783,4.5119524385188287e-07
0,4784,1.765834957394353e-07
0,4785,1.7658348768219785e-07
0,4786,1.765834857277714e-07
0,4787,1.7658348518638012e-07
0,4788,1.7658348534581883e-07
0,4789,1.7658348634398024e-07
0,4790,1.7658348928893973e-07
0,4791,1.7658350184684353e-07
0,4792,4.5119547161212043e-07
0,4793,7.456071000111156e-07
0,4794,7.456074423304333e-07
0,4795,7.456075097027614e-07
0,4796,7.456075347012261e-07
0,4797,7.456075341043711e-07
0,4798,7.456075197317043e-07
0,4799,7.45607474987731e-07
0,4800,7.456074353993134e-07
0,4801,7.456073986233604e-07
0,4802,7.456073781736879e-07
0,4803,7.456073685422711e-07
0,4804,7.456073652269011e-07
0,4805,7.45607299088202e-07
0,4806,7.456071716612955e-07
0,4807,7.456069225247704e-07
0,4808,7.45605444174393e-07
0,4809,4.5119564582685175e-07
0,4810,4.5119545734658804e-07
0,4811,4.511954106697838e-07
0,4812,4.511953914593425e-07
0,4813,4.5119538500682847e-07
0,4814,4.511953901178812e-07
0,4815,4.511954213082059e-07
0,4816,4.5119574692008323e-07
0,4817,7.456071525172701e-07
0,4818,7.456074490500015e-07
0,4819,7.456075099597359e-07
0,4820,7.456075257009996e-07
0,4821,7.45607517847366e-07
0,4822,7.456074959484286e-07
0,4823,7.456074514177331e-07
0,4824,7.456073960999408e-07
0,4825,7.456073480518275e-07
0,4826,7.456073190546591e-07
0,4827,7.45607304348922e-07
0,4828,7.45607286021726e-07
0,4829,7.456071772804308e-07
0,4830,7.4560682283152e-07
0,4831,7.455570463248832e-07
0,4832,1.7658353055284899e-07
0,4833,1.7658349895044868e-07
0,4834,1.7658349436089044e-07
0,4835,1.7658349267936614e-07
0,4836,1.7658349203467708e-07
0,4837,1.7658349225460495e-07
0,4838,1.7658349365838206e-07
0,4839,1.765834987012499e-07
0,4840,1.7658363863421324e-07
0,4841,7.456067652120411e-07
0,4842,7.456073688793377e-07
0,4843,7.456074666862965e-07
0,4844,7.456074862138618e-07
0,4845,7.456074821215458e-07
0,4846,7.456074639944749e-07
0,4847,7.456074144477112e-07
0,4848,7.456073574726736e-07
0,4849,7.456073180113365e-07
0,4850,7.456072847792608e-07
0,4851,7.456072715777594e-07
0,4852,7.456072607987417e-07
0,4853,7.456071946804493e-07
0,4854,7.45606909352063e-07
0,4855,7.456004487880863e-07
0,4856,1.7658357112803617e-07
0,4857,1.7658349801892123e-07
0,4858,1.7658349218655856e-07
0,4859,1.765834902507431e-07
0,4860,1.765834895661228e-07
0,4861,1.7658348978459589e-07
0,4862,1.7658349144345994e-07
0,4863,1.7658349878606033e-07
0,4864,4.51195430382602e-07
0,4865,7.456071401364555e-07
0,4866,7.45607438014072e-07
0,4867,7.456075063446704e-07
0,4868,7.456075236420048e-07
0,4869,7.45607515916368e-07
0,4870,7.456075013286802e-07
0,4871,7.456074654316137e-07
0,4872,7.456074245943206e-07
0,4873,7.456073990886525e-07
0,4874,7.456073802136566e-07
0,4875,7.456073724111635e-07
0,4876,7.456073722861618e-07
0,4877,7.456073404124153e-07
0,4878,7.456072576868731e-07
0,4879,7.456068993197488e-07
0,4880,4.5119569596183235e-07
0,4881,1.7658352189704852e-07
0,4882,1.7658351181305733e-07
0,4883,1.7658350973583778e-07
0,4884,1.7658350925109014e-07
0,4885,1.765835099021006e-07
0,4886,1.7658351338234384e-07
0,4887,1.7658356958234123e-07
0,4888,7.456044109748763e-07
0,4889,7.45607320941115e-07
0,4890,7.456074904363617e-07
0,4891,7.456075408125112e-07
0,4892,7.456075506791525e-07
0,4893,7.456075405094615e-07
0,4894,7.456075155409342e-07
0,4895,7.456074701832584e-07
0,4896,7.456074121952761e-07
0,4897,7.456073523869286e-07
0,4898,7.456073115018171e-07
0,4899,7.456073120580179e-07
0,4900,7.45607319693698e-07
0,4901,7.456072929746875e-07
0,4902,7.456072413024861e-07
0,4903,7.456071516639895e-07
0,4904,7.456068454180957e-07
0,4905,4.511982160691919e-07
0,4906,4.511958550761075e-07
0,4907,4.5119580605098063e-07
0,4908,4.511957849395128e-07
0,4909,4.511957800058034e-07
0,4910,4.511957874489191e-07
0,4911,4.511958253672536e-07
0,4912,7.456007010411116e-07
0,4913,7.456072101706202e-07
0,4914,7.456074174684306e-07
0,4915,7.456074764372296e-07
0,4916,7.456074866496077e-07
0,4917,7.456074793549854e-07
0,4918,7.456074582627402e-07
0,4919,7.456074080054023e-07
0,4920,7.456073646506392e-07
0,4921,7.45607275488746e-07
0,4922,7.456071673394031e-07
0,4923,7.456070484136056e-07
0,4924,7.456070517698398e-07
0,4925,7.456069038120372e-07
0,4926,7.456058304534196e-07
0,4927,4.511955381134835e-07
0,4928,1.765835100737692e-07
0,4929,1.7658349464590644e-07
0,4930,1.7658349158419489e-07
0,4931,1.765834906251897e-07
0,4932,1.7658349028714689e-07
0,4933,1.765834905021518e-07
0,4934,1.7658349154687377e-07
0,4935,1.7658349461448405e-07
0,4936,1.765835153530185e-07
0,4937,7.456057456468461e-07
0,4938,7.456073475001431e-07
0,4939,7.456074681006162e-07
0,4940,7.456074915310976e-07
0,4941,7.456074943905639e-07
0,4942,7.456074896834138e-07
0,4943,7.456074569655024e-07
0,4944,7.456074180115414e-07
0,4945,7.456073724795614e-07
0,4946,7.456073194964292e-07
0,4947,7.456072531271389e-07
0,4948,7.456071097957133e-07
0,4949,7.456067745396865e-07
0,4950,7.456062907920756e-07
0,4951,7.456065127758957e-07
0,4952,7.456046803157749e-07
0,4953,1.7658358779700718e-07
0,4954,1.765834948826784e-07
0,4955,1.7658348864036407e-07
0,4956,1.7658348689915105e-07
0,4957,1.7658348665579043e-07
0,4958,1.7658348770580127e-07
0,4959,1.7658349194367482e-07
0,4960,1.765835192432782e-07
0,4961,7.456061732042344e-07
0,4962,7.45607323268482e-07
0,4963,7.456074257685539e-07
0,4964,7.456074473260422e-07
0,4965,7.456074414247348e-07
0,4966,7.456074100631197e-07
0,4967,7.456073253522051e-07
0,4968,7.456071657590243e-07
0,4969,7.45606837576097e-07
0,4970,7.456064970960962e-07
0,4971,7.456066048473963e-07
0,4972,7.456066219395437e-07
0,4973,7.456063551122306e-07
0,4974,7.456042943242025e-07
0,4975,4.5119561361873055e-07
0,4976,1.7658384783728327e-07
0,4977,1.7658351622018543e-07
0,4978,1.7658351114703236e-07
0,4979,1.7658350999297157e-07
0,4980,1.7658350992946824e-07
0,4981,1.7658351095929386e-07
0,4982,1.7658351488461606e-07
0,4983,1.7658353694897604e-07
0,4984,4.511955664723956e-07
0,4985,7.456069709180361e-07
0,4986,7.456073595893022e-07
0,4987,7.456074310360621e-07
0,4988,7.456074469544624e-07
0,4989,7.456074404979774e-07
0,4990,7.456074074837214e-07
0,4991,7.456073179186524e-07
0,4992,7.456071443295718e-07
0,4993,7.456068636656486e-07
0,4994,7.456064396733949e-07
0,4995,7.456058807120636e-07
0,4996,7.456057831192974e-07
0,4997,7.456055627185768e-07
0,4998,7.45605453172629e-07
0,4999,7.456040543307373e-07
0,5000,4.511954751392605e-07
0,5001,1.7658350930995385e-07
0,5002,1.7658349892004146e-07
0,5003,1.7658349668991849e-07
0,5004,1.7658349607826837e-07
0,5005,1.7658349656007596e-07
0,5006,1.7658349975888487e-07
0,5007,1.7658353158880586e-07
0,5008,4.511962170515955e-07
0,5009,7.456056204847482e-07
0,5010,7.456057457127131e-07
0,5011,7.45605762738963e-07
0,5012,7.456057391607879e-07
0,5013,7.456056836246898e-07
0,5014,7.456056059551076e-07
0,5015,7.456053556162835e-07
0,5016,7.456050318886954e-07
0,5017,7.456042061084231e-07
0,5018,7.456031834351017e-07
0,5019,7.456007948570053e-07
0,5020,7.455822005996781e-07
0,5021,4.5119568433231223e-07
0,5022,4.5119553455907236e-07
0,5023,1.765835165625608e-07
0,5024,1.7658348645029304e-07
0,5025,1.7658348239728105e-07
0,5026,1.7658348086722614e-07
0,5027,1.7658348012650006e-07
0,5028,1.7658347979947504e-07
0,5029,1.7658347983706e-07
0,5030,1.765834803903432e-07
0,5031,1.765834818989542e-07
0,5032,1.7658348654320493e-07
0,5033,1.7658356075595722e-07
0,5034,7.456053112452995e-07
0,5035,7.456056394178777e-07
0,5036,7.456056811526225e-07
0,5037,7.456056838081352e-07
0,5038,7.456056617704605e-07
0,5039,7.45605579899129e-07
0,5040,7.45605404409774e-07
0,5041,7.456050553598801e-07
0,5042,7.456042027344198e-07
0,5043,7.456043973987322e-07
0,5044,7.456041675446139e-07
0,5045,7.456028498133301e-07
0,5046,4.511955384855224e-07
0,5047,1.7658350821549792e-07
0,5048,1.7658348593076962e-07
0,5049,1.7658348183379238e-07
0,5050,1.765834804982607e-07
0,5051,1.7658348000738902e-07
0,5052,1.7658347988155296e-07
0,5053,1.7658348019999288e-07
0,5054,1.765834812312288e-07
0,5055,1.765834838003043e-07
0,5056,1.7658349393329592e-07
0,5057,7.456032914778251e-07
0,5058,7.456072819262472e-07
0,5059,7.456074067733623e-07
0,5060,7.456074350777357e-07
0,5061,7.456074338751912e-07
0,5062,7.456074198538465e-07
0,5063,7.456073615101815e-07
0,5064,7.456072545600188e-07
0,5065,7.456071786194493e-07
0,5066,7.456071264529194e-07
0,5067,7.456071041379228e-07
0,5068,7.456071048711874e-07
0,5069,7.456070647423781e-07
0,5070,7.456067922537746e-07
0,5071,7.455739543405406e-07
0,5072,1.7658351706118453e-07
0,5073,1.7658349029709995e-07
0,5074,1.765834859475811e-07
0,5075,1.765834845146542e-07
0,5076,1.7658348412816535e-07
0,5077,1.7658348461283717e-07
0,5078,1.7658348661945907e-07
0,5079,1.7658349511448972e-07
0,5080,4.511955109084759e-07
0,5081,7.456072662576217e-07
0,5082,7.456074900919818e-07
0,5083,7.456075396564366e-07
0,5084,7.456075443932007e-07
0,5085,7.456075248940025e-07
0,5086,7.456075020820839e-07
0,5087,7.456074607653701e-07
0,5088,7.456074142124021e-07
0,5089,7.456073696172203e-07
0,5090,7.456073422859065e-07
0,5091,7.456073280298931e-07
0,5092,7.456073046846215e-07
0,5093,7.456072359111756e-07
0,5094,7.456065097135684e-07
0,5095,4.5119525152072096e-07
0,5096,1.76583501720783e-07
0,5097,1.7658349411139095e-07
0,5098,1.7658349210976104e-07
0,5099,1.7658349157285523e-07
0,5100,1.7658349189161025e-07
0,5101,1.7658349340128808e-07
0,5102,1.7658349858099196e-07
0,5103,1.7658363886249455e-07
0,5104,7.456052335038007e-07
0,5105,7.456072827610388e-07
0,5106,7.456074485619801e-07
0,5107,7.45607495985693e-07
0,5108,7.456074904115978e-07
0,5109,7.456074522965416e-07
0,5110,7.456073682867805e-07
0,5111,7.456071171288231e-07
0,5112,7.456067350266482e-07
0,5113,7.456060658673198e-07
0,5114,7.456056802812695e-07
0,5115,7.456047850750649e-07
0,5116,7.456034503701285e-07
0,5117,7.456053711217333e-07
0,5118,7.456000203296277e-07
0,5119,5.638983031270381e-07
0,5120,5.638971488810176e-07
0,5121,5.638970725123848e-07
0,5122,5.638970653829746e-07
0,5123,5.638971141704545e-07
0,5124,5.638970840198221e-07
0,5125,5.638970796383443e-07
0,5126,5.63897114897573e-07
0,5127,5.638981296991936e-07
0,5128,7.456067166040881e-07
0,5129,7.456074190871919e-07
0,5130,7.456075257367664e-07
0,5131,7.456075907661793e-07
0,5132,7.456076067610396e-07
0,5133,7.456075790173394e-07
0,5134,7.456075306661204e-07
0,5135,7.456074817001757e-07
0,5136,7.456074415486964e-07
0,5137,7.456074213370131e-07
0,5138,7.456074004643374e-07
0,5139,7.456073924874232e-07
0,5140,7.456074098586324e-07
0,5141,7.456074390338624e-07
0,5142,7.456074622732514e-07
0,5143,7.456074694839125e-07
0,5144,7.456074474579896e-07
0,5145,7.456072748802087e-07
0,5146,7.45606580264391e-07
0,5147,7.456025006881095e-07
0,5148,5.638975150990395e-07
0,5149,5.638981939774255e-07
0,5150,7.456044470691101e-07
0,5151,7.456070645615739e-07
0,5152,7.456073006939833e-07
0,5153,7.456074483775099e-07
0,5154,7.456075185125986e-07
0,5155,7.456075750700574e-07
0,5156,7.456075803235472e-07
0,5157,7.456075668020045e-07
0,5158,7.456075276427074e-07
0,5159,7.45607481823419e-07
0,5160,7.456074349288934e-07
0,5161,7.456074077209144e-07
0,5162,7.456073948458154e-07
0,5163,7.456074035274084e-07
0,5164,7.456074251700794e-07
0,5165,7.456074473597913e-07
0,5166,7.456074579411997e-07
0,5167,7.456074473863763e-07
0,5168,7.456073659413649e-07
0,5169,7.456070009004918e-07
0,5170,7.456057179094072e-07
0,5171,7.456053846128708e-07
0,5172,7.456022637637683e-07
0,5173,7.456016806185757e-07
0,5174,7.45606626707194e-07
0,5175,7.456071552129847e-07
0,5176,7.456073821299721e-07
0,5177,7.456075027215395e-07
0,5178,7.456075889463866e-07
0,5179,7.456076842855234e-07
0,5180,7.456076507456242e-07
0,5181,7.456076018354193e-07
0,5182,7.456075364953317e-07
0,5183,7.456074897735364e-07
0,5184,7.456074380380515e-07
0,5185,7.45607411398479e-07
0,5186,7.456073868969872e-07
0,5187,7.456073897870432e-07
0,5188,7.456074023396565e-07
0,5189,7.456073927176891e-07
0,5190,7.45607282632095e-07
0,5191,7.456067844773125e-07
0,5192,4.511955768341276e-07
0,5193,1.7658349941723667e-07
0,5194,1.7658349087669368e-07
0,5195,1.765834889048268e-07
0,5196,1.765834883313927e-07
0,5197,1.765834886590691e-07
0,5198,1.76583490456617e-07
0,5199,1.7658349795050214e-07
0,5200,4.511955691470563e-07
0,5201,7.456072802423542e-07
0,5202,7.456074781448176e-07
0,5203,7.456075190735597e-07
0,5204,7.456075209637696e-07
0,5205,7.456075035812492e-07
0,5206,7.456074574045179e-07
0,5207,7.456073715372745e-07
0,5208,7.456072063479859e-07
0,5209,7.45606953434568e-07
0,5210,7.456065369784934e-07
0,5211,7.456059696817582e-07
0,5212,7.4560572770844e-07
0,5213,7.456045686719484e-07
0,5214,4.5119574187805015e-07
0,5215,1.7658384424481537e-07
0,5216,1.765834949332467e-07
0,5217,1.7658348467429661e-07
0,5218,1.76583482083507e-07
0,5219,1.7658348127438937e-07
0,5220,1.765834812055095e-07
0,5221,1.7658348187924967e-07
0,5222,1.7658348399148938e-07
0,5223,1.7658349158407291e-07
0,5224,4.5119550161990583e-07
0,5225,7.456072929863697e-07
0,5226,7.456074908955027e-07
0,5227,7.456075305270003e-07
0,5228,7.45607530448997e-07
0,5229,7.456075153573941e-07
0,5230,7.456074737373053e-07
0,5231,7.456074078736446e-07
0,5232,7.456072937793569e-07
0,5233,7.456071761971908e-07
0,5234,7.45607094343525e-07
0,5235,7.456070929305707e-07
0,5236,7.456071808133137e-07
0,5237,7.456071890133702e-07
0,5238,7.456069732638532e-07
0,5239,7.456057899740555e-07
0,5240,4.5119544561186305e-07
0,5241,1.7658350388054126e-07
0,5242,1.7658349410731927e-07
0,5243,1.765834920687549e-07
0,5244,1.7658349152117352e-07
0,5245,1.7658349200817426e-07
0,5246,1.7658349459348272e-07
0,5247,1.7658351184853107e-07
0,5248,7.456036140192216e-07
0,5249,7.456073767976321e-07
0,5250,7.456075112379577e-07
0,5251,7.45607544353463e-07
0,5252,7.456075367559281e-07
0,5253,7.456075135201118e-07
0,5254,7.456074773966994e-07
0,5255,7.456074204141673e-07
0,5256,7.45607377482509e-07
0,5257,7.45607349125789e-07
0,5258,7.456073309367255e-07
0,5259,7.456073330886432e-07
0,5260,7.456073407945458e-07
0,5261,7.456072855328152e-07
0,5262,7.456068419834466e-07
0,5263,4.511955760653046e-07
0,5264,1.765835031060694e-07
0,5265,1.765834884540761e-07
0,5266,1.7658348491410858e-07
0,5267,1.7658348365350036e-07
0,5268,1.7658348333471824e-07
0,5269,1.7658348380921297e-07
0,5270,1.7658348562070643e-07
0,5271,1.7658349240367682e-07
0,5272,4.5119476840584026e-07
0,5273,7.456071500561481e-07
0,5274,7.456074424708137e-07
0,5275,7.456074930517606e-07
0,5276,7.456074931422203e-07
0,5277,7.456074831057388e-07
0,5278,7.456074603251451e-07
0,5279,7.456074211048633e-07
0,5280,7.456073885145829e-07
0,5281,7.456073743164422e-07
0,5282,7.456073597560966e-07
0,5283,7.456073594395993e-07
0,5284,7.456073500192343e-07
0,5285,7.456072704132314e-07
0,5286,7.456068570490338e-07
0,5287,4.5119557374622835e-07
0,5288,1.7658350522960937e-07
0,5289,1.7658348910088783e-07
0,5290,1.7658348592500556e-07
0,5291,1.7658348490069963e-07
0,5292,1.765834848149621e-07
0,5293,1.7658348552967622e-07
0,5294,1.765834877312635e-07
0,5295,1.7658349562747701e-07
0,5296,4.5119545549924476e-07
0,5297,7.456071303315206e-07
0,5298,7.456074290103506e-07
0,5299,7.456074868557366e-07
0,5300,7.456074892677493e-07
0,5301,7.456074787917034e-07
0,5302,7.456074443677559e-07
0,5303,7.456074091787174e-07
0,5304,7.456073789778407e-07
0,5305,7.45607345589684e-07
0,5306,7.456073289439636e-07
0,5307,7.456073363331097e-07
0,5308,7.45607352294148e-07
0,5309,7.456073571033537e-07
0,5310,7.456073075682063e-07
0,5311,7.456071996577775e-07
0,5312,7.45606636770291e-07
0,5313,4.511960735080356e-07
0,5314,4.511958008845862e-07
0,5315,4.5119576788481614e-07
0,5316,4.5119575453930044e-07
0,5317,4.511957538981575e-07
0,5318,4.5119576692337614e-07
0,5319,4.511958283068001e-07
0,5320,7.456053583878804e-07
0,5321,7.456073055324608e-07
0,5322,7.456074491607884e-07
0,5323,7.456074809207902e-07
0,5324,7.456074733977027e-07
0,5325,7.456074554567063e-07
0,5326,7.456074017208853e-07
0,5327,7.456073125264254e-07
0,5328,7.45607236489572e-07
0,5329,7.456071831065165e-07
0,5330,7.45607104090489e-07
0,5331,7.456070719016175e-07
0,5332,7.456070694792557e-07
0,5333,7.456070770936059e-07
0,5334,7.456068993167503e-07
0,5335,7.456063482253309e-07
0,5336,4.511955918795571e-07
0,5337,1.76583509437661e-07
0,5338,1.765834967981676e-07
0,5339,1.7658349446736925e-07
0,5340,1.7658349394679382e-07
0,5341,1.7658349463048197e-07
0,5342,1.7658349824751297e-07
0,5343,1.7658354930578744e-07
0,5344,7.456045332132841e-07
0,5345,7.456071196963985e-07
0,5346,7.456072578167351e-07
0,5347,7.456072759643448e-07
0,5348,7.456072600645098e-07
0,5349,7.456072551040087e-07
0,5350,7.456071636679879e-07
0,5351,7.45606970127961e-07
0,5352,7.456066643750219e-07
0,5353,7.456062614080825e-07
0,5354,7.456061793652827e-07
0,5355,7.45605880538061e-07
0,5356,7.456064416391229e-07
0,5357,7.456065699223186e-07
0,5358,7.456063843069643e-07
0,5359,7.456057261161163e-07
0,5360,4.511955439579973e-07
0,5361,1.7658350614849866e-07
0,5362,1.7658349204106836e-07
0,5363,1.7658348931649837e-07
0,5364,1.7658348863047623e-07
0,5365,1.7658348902045274e-07
0,5366,1.765834912333568e-07
0,5367,1.7658350443482438e-07
0,5368,4.511955630470638e-07
0,5369,7.456070899133597e-07
0,5370,7.456073866362501e-07
0,5371,7.45607418775887e-07
0,5372,7.456073337835118e-07
0,5373,7.45607273835768e-07
0,5374,7.456070350010727e-07
0,5375,7.456064852971136e-07
0,5376,7.456049522732768e-07
0,5377,7.456034786286706e-07
0,5378,7.45604579975681e-07
0,5379,7.456059002196711e-07
0,5380,7.456068216701261e-07
0,5381,7.456070155643482e-07
0,5382,7.456071677754286e-07
0,5383,7.456072429046031e-07
0,5384,7.456070968378067e-07
0,5385,7.456052623063396e-07
0,5386,5.638975883518024e-07
0,5387,5.638971700550151e-07
0,5388,5.638971154382341e-07
0,5389,5.63897148412417e-07
0,5390,7.456049013528951e-07
0,5391,7.456071371253533e-07
0,5392,7.456073562593819e-07
0,5393,7.456074572661195e-07
0,5394,7.456075131985036e-07
0,5395,7.456075223622312e-07
0,5396,7.456074823765467e-07
0,5397,7.456074622574221e-07
0,5398,7.456074172859899e-07
0,5399,7.456073246742975e-07
0,5400,7.456071799191163e-07
0,5401,7.456070598311456e-07
0,5402,7.45606833201907e-07
0,5403,7.456069230230019e-07
0,5404,7.456071543387365e-07
0,5405,7.456073156716248e-07
0,5406,7.45607430641199e-07
0,5407,7.456074815685959e-07
0,5408,7.456074749727368e-07
0,5409,7.456074157129599e-07
0,5410,7.456072541752134e-07
0,5411,7.45606826880224e-07
0,5412,7.455217254798491e-07
0,5413,5.638976363135827e-07
0,5414,7.455875226668838e-07
0,5415,7.456066058613811e-07
0,5416,7.456073624405913e-07
0,5417,7.456074971734754e-07
0,5418,7.45607575220338e-07
0,5419,7.456076193148658e-07
0,5420,7.456075761640598e-07
0,5421,7.456075509645636e-07
0,5422,7.456075110426065e-07
0,5423,7.456074715513589e-07
0,5424,7.45607450754281e-07
0,5425,7.456074236585982e-07
0,5426,7.456074070383922e-07
0,5427,7.456073903383431e-07
0,5428,7.456073824685176e-07
0,5429,7.456073450102846e-07
0,5430,7.456072046176924e-07
0,5431,7.456067087248386e-07
0,5432,7.455961793518565e-07
0,5433,4.511955539862846e-07
0,5434,4.5119545421932207e-07
0,5435,4.511954336294114e-07
0,5436,4.511954274035854e-07
0,5437,4.511954313161729e-07
0,5438,4.5119544920253566e-07
0,5439,4.5119553817249797e-07
0,5440,7.45605593961199e-07
0,5441,7.456073089736914e-07
0,5442,7.456074785933385e-07
0,5443,7.45607526959162e-07
0,5444,7.456075374061394e-07
0,5445,7.456075283713794e-07
0,5446,7.456074954992267e-07
0,5447,7.456074539240053e-07
0,5448,7.456074391930249e-07
0,5449,7.456074159214537e-07
0,5450,7.456073928073205e-07
0,5451,7.456073813361362e-07
0,5452,7.456073546615508e-07
0,5453,7.456072781819228e-07
0,5454,7.456069196264388e-07
0,5455,4.5119618382186446e-07
0,5456,1.7658350790228885e-07
0,5457,1.7658348682972992e-07
0,5458,1.7658348328445361e-07
0,5459,1.765834822017312e-07
0,5460,1.7658348199844542e-07
0,5461,1.7658348249746302e-07
0,5462,1.7658348419240983e-07
0,5463,1.7658348978913683e-07
0,5464,1.7658391541317327e-07
0,5465,7.456071762557276e-07
0,5466,7.456075039081175e-07
0,5467,7.456075612868679e-07
0,5468,7.456075520670329e-07
0,5469,7.456075219610628e-07
0,5470,7.456074792026313e-07
0,5471,7.456074254578826e-07
0,5472,7.456073754371362e-07
0,5473,7.456073472132124e-07
0,5474,7.456073658928045e-07
0,5475,7.456073505994858e-07
0,5476,7.456073558378916e-07
0,5477,7.456074124461809e-07
0,5478,7.456074268944149e-07
0,5479,7.456074275610044e-07
0,5480,7.456074180411977e-07
0,5481,7.456072984835831e-07
0,5482,7.45607157884325e-07
0,5483,7.456061312146445e-07
0,5484,5.638975051513338e-07
0,5485,5.638974650345473e-07
0,5486,7.456062287910409e-07
0,5487,7.456071331714493e-07
0,5488,7.456074093966827e-07
0,5489,7.456075172064009e-07
0,5490,7.456075744812357e-07
0,5491,7.456075858359207e-07
0,5492,7.456075546801414e-07
0,5493,7.456075319751115e-07
0,5494,7.456074799372918e-07
0,5495,7.456073982283127e-07
0,5496,7.456072732265836e-07
0,5497,7.456072868365717e-07
0,5498,7.456072892980105e-07
0,5499,7.456073155662962e-07
0,5500,7.456073770549742e-07
0,5501,7.456074383932598e-07
0,5502,7.456074655076484e-07
0,5503,7.456074541731888e-07
0,5504,7.456073354615687e-07
0,5505,7.456055016213788e-07
0,5506,5.638973567831827e-07
0,5507,5.638972367107703e-07
0,5508,5.638971915145576e-07
0,5509,5.638971789695185e-07
0,5510,5.638972405894697e-07
0,5511,7.456038114308853e-07
0,5512,7.456073821409463e-07
0,5513,7.456075361928274e-07
0,5514,7.456076770509591e-07
0,5515,7.456077373003313e-07
0,5516,7.456076874881651e-07
0,5517,7.456076270945398e-07
0,5518,7.456075483248786e-07
0,5519,7.456074954651556e-07
0,5520,7.456074563532009e-07
0,5521,7.456074341406208e-07
0,5522,7.456074162310171e-07
0,5523,7.456073972856819e-07
0,5524,7.456074063332203e-07
0,5525,7.45607425465782e-07
0,5526,7.456073908576912e-07
0,5527,7.456071487420714e-07
0,5528,4.5125075214513687e-07
0,5529,4.511944463628261e-07
0,5530,4.511943801875809e-07
0,5531,4.51194369724559e-07
0,5532,4.511943674760355e-07
0,5533,4.511943730248958e-07
0,5534,4.511944030315716e-07
0,5535,4.5119528034482356e-07
0,5536,7.456068269608734e-07
0,5537,7.45607458906021e-07
0,5538,7.456075685853578e-07
0,5539,7.456076045466566e-07
0,5540,7.456076003263183e-07
0,5541,7.456075872284564e-07
0,5542,7.456075361016443e-07
0,5543,7.456074889668951e-07
0,5544,7.456074350753877e-07
0,5545,7.456073949948474e-07
0,5546,7.456073667789518e-07
0,5547,7.45607370037479e-07
0,5548,7.45607395456621e-07
0,5549,7.456074185477285e-07
0,5550,7.456074227731879e-07
0,5551,7.456074027409841e-07
0,5552,7.456072641104355e-07
0,5553,7.456047890028397e-07
0,5554,5.638965907434835e-07
0,5555,5.63896547123323e-07
0,5556,5.638965378497573e-07
0,5557,5.638965405578419e-07
0,5558,5.638965723385198e-07
0,5559,5.638968212362917e-07
0,5560,7.456071625890797e-07
0,5561,7.456074690519375e-07
0,5562,7.456075353119114e-07
0,5563,7.456075516250884e-07
0,5564,7.4560753656087e-07
0,5565,7.456075090208541e-07
0,5566,7.456074478586531e-07
0,5567,7.456073104215011e-07
0,5568,7.4560701993793e-07
0,5569,7.45606571308632e-07
0,5570,7.456061273490419e-07
0,5571,7.456066729053264e-07
0,5572,7.456069124875062e-07
0,5573,7.456069441218761e-07
0,5574,7.456068321025955e-07
0,5575,7.45606527146938e-07
0,5576,7.455960467390349e-07
0,5577,4.511957258838116e-07
0,5578,4.511956830796386e-07
0,5579,4.511956704643009e-07
0,5580,4.511956644825017e-07
0,5581,4.5119566803687725e-07
0,5582,4.511957034949995e-07
0,5583,4.512076866503597e-07
0,5584,7.456071613569347e-07
0,5585,7.456074469151007e-07
0,5586,7.45607500700507e-07
0,5587,7.456075103419527e-07
0,5588,7.456074959431804e-07
0,5589,7.456074666558185e-07
0,5590,7.456073871761828e-07
0,5591,7.456071246959783e-07
0,5592,7.45606361296308e-07
0,5593,7.456040998634288e-07
0,5594,7.45582036450988e-07
0,5595,4.511961003709012e-07
0,5596,4.511960199818383e-07
0,5597,5.454231281747327e-07
0,5598,4.511961264928111e-07
0,5599,4.511956089206064e-07
0,5600,4.5119555535603345e-07
0,5601,4.511955368286006e-07
0,5602,4.5119544965394154e-07
0,5603,4.511954487820702e-07
0,5604,4.5119538975949645e-07
0,5605,4.511953713674872e-07
0,5606,4.511953705919794e-07
0,5607,4.5119538603355945e-07
0,5608,4.511954894673598e-07
0,5609,7.456067592012429e-07
0,5610,7.456073129670774e-07
0,5611,7.456073767489006e-07
0,5612,7.456073859330535e-07
0,5613,7.45607377097558e-07
0,5614,7.456073471475825e-07
0,5615,7.45607294112395e-07
0,5616,7.456072011478084e-07
0,5617,7.45607026847193e-07
0,5618,7.456067967169979e-07
0,5619,7.456063323869837e-07
0,5620,7.456053640653118e-07
0,5621,4.5119910759807414e-07
0,5622,4.5119552046446953e-07
0,5623,1.7658351760728785e-07
0,5624,1.7658348774631655e-07
0,5625,1.7658348277739005e-07
0,5626,1.7658348111687513e-07
0,5627,1.7658348046590617e-07
0,5628,1.7658348022350948e-07
0,5629,1.7658348032661922e-07
0,5630,1.7658348093326888e-07
0,5631,1.7658348251391367e-07
0,5632,1.7658348715478898e-07
0,5633,1.7658353428884492e-07
0,5634,5.454429665523401e-07
0,5635,5.454430343686575e-07
0,5636,5.454430479692724e-07
0,5637,5.454430443390332e-07
0,5638,5.454430175041468e-07
0,5639,5.454429355160602e-07
0,5640,5.454425564327615e-07
0,5641,4.5119611853503314e-07
0,5642,4.511956162057657e-07
0,5643,4.512018402153699e-07
0,5644,5.45442220595577e-07
0,5645,5.454426485920468e-07
0,5646,5.454425389683601e-07
0,5647,5.454315143533183e-07
0,5648,4.511926319831351e-07
0,5649,1.7658372726567874e-07
0,5650,1.7658371992496003e-07
0,5651,1.7658371874183796e-07
0,5652,1.7658371828450285e-07
0,5653,1.765837186154344e-07
0,5654,1.7658372103804984e-07
0,5655,1.7658372906651822e-07
0,5656,4.5119549618157484e-07
0,5657,7.456068780300738e-07
0,5658,7.456073320829085e-07
0,5659,7.456074010812721e-07
0,5660,7.456074105836723e-07
0,5661,7.456074098555967e-07
0,5662,7.456073661590304e-07
0,5663,7.456072875195225e-07
0,5664,7.45607169517921e-07
0,5665,7.456070362133056e-07
0,5666,7.456069864423882e-07
0,5667,7.45607000806068e-07
0,5668,7.456070813054755e-07
0,5669,7.456071988211546e-07
0,5670,7.456071602703033e-07
0,5671,7.45606666379073e-07
0,5672,5.638967767005157e-07
0,5673,5.638966663959093e-07
0,5674,5.63896650418049e-07
0,5675,5.638966541637354e-07
0,5676,5.638966661528702e-07
0,5677,5.638967063962779e-07
0,5678,7.455951940998324e-07
0,5679,7.456069526018922e-07
0,5680,7.456072926830303e-07
0,5681,7.45607438033984e-07
0,5682,7.456074793818668e-07
0,5683,7.456074805027201e-07
0,5684,7.45607458594855e-07
0,5685,7.456074109942258e-07
0,5686,7.456073110751886e-07
0,5687,7.456070837857794e-07
0,5688,7.456062692359816e-07
0,5689,7.456052578257216e-07
0,5690,7.456059670433963e-07
0,5691,7.456063990194404e-07
0,5692,7.456067830824017e-07
0,5693,7.456069446306346e-07
0,5694,7.456068860175606e-07
0,5695,7.456064255647313e-07
0,5696,7.455596453939586e-07
0,5697,4.5119504840735323e-07
0,5698,1.7658352169471903e-07
0,5699,1.7658350311551508e-07
0,5700,1.765834981049603e-07
0,5701,1.7658349650221683e-07
0,5702,1.7658349604603157e-07
0,5703,1.7658349609562027e-07
0,5704,1.7658349641601683e-07
0,5705,1.7658349680218508e-07
0,5706,1.7658349673484427e-07
0,5707,1.7658349607062856e-07
0,5708,1.765834948224624e-07
0,5709,1.7658349311602433e-07
0,5710,1.765834906928096e-07
0,5711,1.765834882781859e-07
0,5712,1.7658348645057171e-07
0,5713,1.7658348523421758e-07
0,5714,1.765834844088674e-07
0,5715,1.7658348373621355e-07
0,5716,1.765834832226003e-07
0,5717,1.7658348272292202e-07
0,5718,1.765834821605345e-07
0,5719,1.765834814188805e-07
0,5720,1.7658348069663455e-07
0,5721,1.7658348020971173e-07
0,5722,1.7658348011588505e-07
0,5723,1.7658348027087895e-07
0,5724,1.7658348053876625e-07
0,5725,1.765834810995207e-07
0,5726,1.765834821485278e-07
0,5727,1.7658348400252368e-07
0,5728,1.7658348853747286e-07
0,5729,1.7658356482725666e-07
0,5730,5.454439285671148e-07
0,5731,5.454440886107291e-07
0,5732,5.454441254475652e-07
0,5733,5.454441451402782e-07
0,5734,5.454429340564615e-07
0,5735,4.511954727736313e-07
0,5736,4.5119529362076227e-07
0,5737,4.5119529351573527e-07
0,5738,4.5119530375718183e-07
0,5739,4.51195359530793e-07
0,5740,4.511955146705033e-07
0,5741,4.511957554901288e-07
0,5742,5.454443015343223e-07
0,5743,5.454443949322544e-07
0,5744,5.454441322093394e-07
0,5745,4.5119558492238424e-07
0,5746,4.5119543965322005e-07
0,5747,4.5119543482607753e-07
0,5748,4.511954757857804e-07
0,5749,4.511957003981928e-07
0,5750,7.456068460226977e-07
0,5751,7.456073586877509e-07
0,5752,7.456075012308733e-07
0,5753,7.456075634223108e-07
0,5754,7.456075861718862e-07
0,5755,7.456075798449719e-07
0,5756,7.456075541990318e-07
0,5757,7.456075155681071e-07
0,5758,7.456074458157638e-07
0,5759,7.456072791505084e-07
0,5760,7.456070264062175e-07
0,5761,7.456063207846178e-07
0,5762,7.456051536949233e-07
0,5763,7.456036244490991e-07
0,5764,7.456043455783e-07
0,5765,7.456053443827208e-07
0,5766,7.456058707672683e-07
0,5767,7.456037156953744e-07
0,5768,5.638966702040238e-07
0,5769,5.638965618123075e-07
0,5770,5.638965238973086e-07
0,5771,5.638965192952278e-07
0,5772,5.63896531348322e-07
0,5773,5.638965640538006e-07
0,5774,5.638966600732319e-07
0,5775,7.456059081966276e-07
0,5776,7.45607276640001e-07
0,5777,7.456074879745553e-07
0,5778,7.456075618461418e-07
0,5779,7.456075776523458e-07
0,5780,7.456075708362971e-07
0,5781,7.45607568396461e-07
0,5782,7.456075255568142e-07
0,5783,7.456074957238649e-07
0,5784,7.456074528480634e-07
0,5785,7.456074040672835e-07
0,5786,7.456073521397576e-07
0,5787,7.456073347653263e-07
0,5788,7.456073426185109e-07
0,5789,7.456073152041185e-07
0,5790,7.456071658907887e-07
0,5791,7.456066680628983e-07
0,5792,7.456043405019045e-07
0,5793,5.63897641327662e-07
0,5794,5.638973083646568e-07
0,5795,5.638973224799492e-07
0,5796,5.638973970003545e-07
0,5797,5.638975158157446e-07
0,5798,7.455935570618287e-07
0,5799,7.456066763596165e-07
0,5800,7.45607291073705e-07
0,5801,7.456074855750516e-07
0,5802,7.456075591908595e-07
0,5803,7.456075973267714e-07
0,5804,7.456075818925978e-07
0,5805,7.456075692088876e-07
0,5806,7.456075224906786e-07
0,5807,7.456074704218253e-07
0,5808,7.456074379455402e-07
0,5809,7.456074040336597e-07
0,5810,7.456073864752461e-07
0,5811,7.456073924245531e-07
0,5812,7.456074167422134e-07
0,5813,7.456074569907897e-07
0,5814,7.456075136991153e-07
0,5815,7.456075501186437e-07
0,5816,7.456075386448404e-07
0,5817,7.456074814314172e-07
0,5818,7.45607422617134e-07
0,5819,7.456072362949645e-07
0,5820,7.456066852191847e-07
0,5821,7.456065911743109e-07
0,5822,7.456072469143877e-07
0,5823,7.456074247972849e-07
0,5824,7.456074974789629e-07
0,5825,7.456075596287925e-07
0,5826,7.456076130808439e-07
0,5827,7.456075784131474e-07
0,5828,7.456075371869713e-07
0,5829,7.456075091039853e-07
0,5830,7.456074592115627e-07
0,5831,7.456073864395521e-07
0,5832,7.456071771403722e-07
0,5833,7.456072074899066e-07
0,5834,7.45607253915076e-07
0,5835,7.456073368206212e-07
0,5836,7.456074005254271e-07
0,5837,7.456074678960001e-07
0,5838,7.45607517676921e-07
0,5839,7.456075308124267e-07
0,5840,7.456074987911457e-07
0,5841,7.456073834087005e-07
0,5842,7.456071060837642e-07
0,5843,7.456065208880641e-07
0,5844,7.45596294637469e-07
0,5845,5.641204089277659e-07
0,5846,7.456065597068167e-07
0,5847,7.456073289613786e-07
0,5848,7.456074894115162e-07
0,5849,7.456076538647857e-07
0,5850,7.456080921289686e-07
0,5851,7.456082292730455e-07
0,5852,7.456080169725365e-07
0,5853,7.456076664745279e-07
0,5854,7.456075478395609e-07
0,5855,7.45607494718796e-07
0,5856,7.456074482906636e-07
0,5857,7.45607430545032e-07
0,5858,7.456074187499034e-07
0,5859,7.456074195361058e-07
0,5860,7.456074394320746e-07
0,5861,7.456074775945341e-07
0,5862,7.456075110045765e-07
0,5863,7.456075051191645e-07
0,5864,7.456074382916294e-07
0,5865,7.456058733887963e-07
0,5866,5.638971473765804e-07
0,5867,5.638970964900478e-07
0,5868,5.638970790409082e-07
0,5869,5.638970799008245e-07
0,5870,5.638971135553002e-07
0,5871,7.456046726812298e-07
0,5872,7.45607346413327e-07
0,5873,7.456075348296431e-07
0,5874,7.456076869961813e-07
0,5875,7.456077215810888e-07
0,5876,7.45607650058794e-07
0,5877,7.456075519858041e-07
0,5878,7.456075096477652e-07
0,5879,7.456074668508496e-07
0,5880,7.456074171540984e-07
0,5881,7.456073878445815e-07
0,5882,7.456073638972898e-07
0,5883,7.456073670001104e-07
0,5884,7.456073977067268e-07
0,5885,7.456074619842099e-07
0,5886,7.456074921161788e-07
0,5887,7.456074351385662e-07
0,5888,7.45607132066217e-07
0,5889,5.638975329771285e-07
0,5890,5.638971689791071e-07
0,5891,5.638971699734577e-07
0,5892,5.638971813049137e-07
0,5893,5.638972996014352e-07
0,5894,7.456066607362971e-07
0,5895,7.456073665102068e-07
0,5896,7.456075081494554e-07
0,5897,7.456076124562147e-07
0,5898,7.456076800301806e-07
0,5899,7.456076434386826e-07
0,5900,7.456075898045157e-07
0,5901,7.456075216092307e-07
0,5902,7.456074696018228e-07
0,5903,7.456074102906717e-07
0,5904,7.456073011956657e-07
0,5905,7.45607212783212e-07
0,5906,7.456070632522303e-07
0,5907,7.456070111305848e-07
0,5908,7.456070447062373e-07
0,5909,7.456072344134773e-07
0,5910,7.456073776062266e-07
0,5911,7.456073831458153e-07
0,5912,7.456072887438375e-07
0,5913,7.456062704201946e-07
0,5914,4.5119554133275926e-07
0,5915,4.511953990345377e-07
0,5916,4.5119537551049984e-07
0,5917,4.5119537087598787e-07
0,5918,4.511953790377788e-07
0,5919,4.51195418471047e-07
0,5920,4.51195979032537e-07
0,5921,7.456069506560509e-07
0,5922,7.456071593731954e-07
0,5923,7.456071953992567e-07
0,5924,7.456071915319092e-07
0,5925,7.456071514781538e-07
0,5926,7.456070622465752e-07
0,5927,7.456067549829528e-07
0,5928,7.456066084826194e-07
0,5929,7.456066101426126e-07
0,5930,7.456064683120667e-07
0,5931,7.456063176094589e-07
0,5932,7.456063575638184e-07
0,5933,7.456064806027231e-07
0,5934,7.456067408457493e-07
0,5935,7.456063426020384e-07
0,5936,7.456060058701787e-07
0,5937,5.638973342557062e-07
0,5938,5.638967193113535e-07
0,5939,5.638966642358737e-07
0,5940,5.638966390214579e-07
0,5941,5.638966367091138e-07
0,5942,5.638966619389134e-07
0,5943,5.638967911462764e-07
0,5944,7.456067932473426e-07
0,5945,7.45607396901666e-07
0,5946,7.456074796842966e-07
0,5947,7.456075023883185e-07
0,5948,7.456075016765533e-07
0,5949,7.456074737700059e-07
0,5950,7.456074295908985e-07
0,5951,7.456073684332308e-07
0,5952,7.456072761770314e-07
0,5953,7.456071958226952e-07
0,5954,7.456070975576813e-07
0,5955,7.456069720115404e-07
0,5956,7.456068525607417e-07
0,5957,7.456065470523189e-07
0,5958,7.456042782387046e-07
0,5959,1.7658403057148256e-07
0,5960,1.7658349180016415e-07
0,5961,1.7658348598550446e-07
0,5962,1.7658348453509056e-07
0,5963,1.7658348433616868e-07
0,5964,1.765834848662563e-07
0,5965,1.765834863860888e-07
0,5966,1.7658349022392265e-07
0,5967,1.7658351022615254e-07
0,5968,4.511968589712235e-07
0,5969,7.456072199555854e-07
0,5970,7.456074542073937e-07
0,5971,7.456074949437137e-07
0,5972,7.456075007994981e-07
0,5973,7.456074695422442e-07
0,5974,7.456074022477331e-07
0,5975,7.456072944540525e-07
0,5976,7.456071916748833e-07
0,5977,7.456070499519767e-07
0,5978,7.456070396857341e-07
0,5979,7.456071047999807e-07
0,5980,7.456071731736051e-07
0,5981,7.456073004208338e-07
0,5982,7.456073405191482e-07
0,5983,7.456072680051692e-07
0,5984,7.456068079593291e-07
0,5985,4.511956664813995e-07
0,5986,4.5119558588796623e-07
0,5987,4.511955714654532e-07
0,5988,4.5119556853548325e-07
0,5989,4.5119557322483044e-07
0,5990,4.511956008732208e-07
0,5991,4.5119647505254573e-07
0,5992,7.456072343529026e-07
0,5993,7.456075120728747e-07
0,5994,7.456076010237449e-07
0,5995,7.456076264188227e-07
0,5996,7.456076148638703e-07
0,5997,7.456075558184622e-07
0,5998,7.456074981520238e-07
0,5999,7.456074363505535e-07
0,6000,7.456073336461433e-07
0,6001,7.456072092282418e-07
0,6002,7.456071007626372e-07
0,6003,7.456070812512925e-07
0,6004,7.456070960790532e-07
0,6005,7.456072632019893e-07
0,6006,7.456073445097492e-07
0,6007,7.45607286728304e-07
0,6008,7.456069065217295e-07
0,6009,4.51195472727983e-07
0,6010,1.7658360343539532e-07
0,6011,1.7658359772408297e-07
0,6012,1.7658359654866044e-07
0,6013,1.765835968178708e-07
0,6014,1.765835997614077e-07
0,6015,1.765836571819444e-07
0,6016,7.456068002595438e-07
0,6017,7.456074070772693e-07
0,6018,7.456074692580816e-07
0,6019,7.456074738904777e-07
0,6020,7.456074493672222e-07
0,6021,7.456073887279708e-07
0,6022,7.456072174186015e-07
0,6023,7.45606697188299e-07
0,6024,7.456024137928867e-07
0,6025,5.638972823596408e-07
0,6026,5.638967808569081e-07
0,6027,5.638964839471453e-07
0,6028,5.638968150729039e-07
0,6029,7.456045180636136e-07
0,6030,7.45605762801386e-07
0,6031,7.456052488154391e-07
0,6032,4.511955492594952e-07
0,6033,1.765835081493599e-07
0,6034,1.7658349970464724e-07
0,6035,1.7658349815765337e-07
0,6036,1.765834980190106e-07
0,6037,1.7658349916712648e-07
0,6038,1.7658350434285566e-07
0,6039,3.329928271416353e-07
0,6040,7.45606548811686e-07
0,6041,7.456073776909638e-07
0,6042,7.456074684807815e-07
0,6043,7.45607488026204e-07
0,6044,7.45607480600937e-07
0,6045,7.456074356163317e-07
0,6046,7.456073518347156e-07
0,6047,7.456071795624544e-07
0,6048,7.456068341237635e-07
0,6049,7.45606521760337e-07
0,6050,7.456058873386581e-07
0,6051,7.456061586222505e-07
0,6052,7.456066228824065e-07
0,6053,7.456070271388349e-07
0,6054,7.456071874534523e-07
0,6055,7.456071107680207e-07
0,6056,7.456064862515706e-07
0,6057,4.5119564396129387e-07
0,6058,4.511954260325745e-07
0,6059,4.511953702263475e-07
0,6060,4.511953522419932e-07
0,6061,4.511953498860913e-07
0,6062,4.51195361897852e-07
0,6063,4.5119543166992774e-07
0,6064,7.456054357207738e-07
0,6065,7.456073908962752e-07
0,6066,7.456074864009324e-07
0,6067,7.456075024358692e-07
0,6068,7.456075013709658e-07
0,6069,7.456074527956067e-07
0,6070,7.456073843165826e-07
0,6071,7.456072774199777e-07
0,6072,7.456070870212742e-07
0,6073,7.456070271795349e-07
0,6074,7.456070408762762e-07
0,6075,7.456070957004769e-07
0,6076,7.456072066025955e-07
0,6077,7.45607337976357e-07
0,6078,7.456074166571916e-07
0,6079,7.456074008792073e-07
0,6080,7.456072744985967e-07
0,6081,7.456051672661393e-07
0,6082,5.638965982753208e-07
0,6083,5.638965474508469e-07
0,6084,5.638965355088852e-07
0,6085,5.638965409373584e-07
0,6086,5.638965877156897e-07
0,6087,7.456039827397786e-07
0,6088,7.456074209406186e-07
0,6089,7.456075893613464e-07
0,6090,7.456076771352812e-07
0,6091,7.456076929776705e-07
0,6092,7.456076767410162e-07
0,6093,7.456076053976096e-07
0,6094,7.456075357825399e-07
0,6095,7.456074897721015e-07
0,6096,7.456074601868534e-07
0,6097,7.456074282799575e-07
0,6098,7.456073881239771e-07
0,6099,7.456073450795262e-07
0,6100,7.456073323018343e-07
0,6101,7.456073313817837e-07
0,6102,7.456071959346425e-07
0,6103,7.456057905180336e-07
0,6104,4.511952557144031e-07
0,6105,1.765834976131738e-07
0,6106,1.765834883707861e-07
0,6107,1.7658348624076165e-07
0,6108,1.7658348560769812e-07
0,6109,1.765834859443069e-07
0,6110,1.765834877339376e-07
0,6111,1.7658349613101523e-07
0,6112,4.511994852946986e-07
0,6113,7.456073499231249e-07
0,6114,7.456074749184809e-07
0,6115,7.456075035709509e-07
0,6116,7.456075038222724e-07
0,6117,7.45607483151963e-07
0,6118,7.456074523163131e-07
0,6119,7.456074018383163e-07
0,6120,7.456073285834054e-07
0,6121,7.45607237295163e-07
0,6122,7.456071400241474e-07
0,6123,7.456070278489873e-07
0,6124,7.456069003553991e-07
0,6125,7.456066258016717e-07
0,6126,7.45604428879845e-07
0,6127,1.7658372296453522e-07
0,6128,1.765834921285855e-07
0,6129,1.765834834458134e-07
0,6130,1.765834808085691e-07
0,6131,1.7658347988367605e-07
0,6132,1.7658347964824874e-07
0,6133,1.76583479858174e-07
0,6134,1.7658348084451422e-07
0,6135,1.765834841606842e-07
0,6136,1.7658352336573546e-07
0,6137,7.456070986557511e-07
0,6138,7.456074295135051e-07
0,6139,7.456074690476617e-07
0,6140,7.456074721906554e-07
0,6141,7.456074468921733e-07
0,6142,7.456073972401895e-07
0,6143,7.456073062651443e-07
0,6144,7.456072356845282e-07
0,6145,7.456071593761685e-07
0,6146,7.456070675922154e-07
0,6147,7.456069387678401e-07
0,6148,7.45606804141179e-07
0,6149,7.456070334164316e-07
0,6150,7.456070749617832e-07
0,6151,7.456066934168915e-07
0,6152,4.511954789645646e-07
0,6153,1.7658349507401806e-07
0,6154,1.765834868068791e-07
0,6155,1.7658348509757084e-07
0,6156,1.7658348483718613e-07
0,6157,1.7658348562531048e-07
0,6158,1.7658348913663982e-07
0,6159,1.7658356400818215e-07
0,6160,7.456070585909064e-07
0,6161,7.456074984282446e-07
0,6162,7.456075654810092e-07
0,6163,7.456075747109273e-07
0,6164,7.456075546587267e-07
0,6165,7.456075065833813e-07
0,6166,7.456074628746059e-07
0,6167,7.456074050598808e-07
0,6168,7.456073291010221e-07
0,6169,7.456072842268531e-07
0,6170,7.456072965074722e-07
0,6171,7.456072885213813e-07
0,6172,7.456073331007642e-07
0,6173,7.45607405035825e-07
0,6174,7.456074355349742e-07
0,6175,7.456073491531126e-07
0,6176,7.456069450224957e-07
0,6177,4.51195910457578e-07
0,6178,4.5119568954251015e-07
0,6179,4.511956663830488e-07
0,6180,4.5119565995414836e-07
0,6181,4.51195663251568e-07
0,6182,4.511956939073912e-07
0,6183,7.455960830897097e-07
0,6184,7.456074071730704e-07
0,6185,7.456076169235122e-07
0,6186,7.456077346210204e-07
0,6187,7.456077362699615e-07
0,6188,7.456076717703304e-07
0,6189,7.45607558374684e-07
0,6190,7.456074928013353e-07
0,6191,7.456074346466959e-07
0,6192,7.456073674889551e-07
0,6193,7.456073379984815e-07
0,6194,7.456073495277028e-07
0,6195,7.456073737725115e-07
0,6196,7.456074170158796e-07
0,6197,7.456074811604531e-07
0,6198,7.456075320388677e-07
0,6199,7.456075104126343e-07
0,6200,7.456074354403454e-07
0,6201,7.456069132223395e-07
0,6202,5.639163822851072e-07
0,6203,5.638972436786801e-07
0,6204,5.638971971495679e-07
0,6205,5.638972265913964e-07
0,6206,7.456051367860399e-07
0,6207,7.456073172386239e-07
0,6208,7.456075135499426e-07
0,6209,7.456077058758037e-07
0,6210,7.456077979973469e-07
0,6211,7.456077407938001e-07
0,6212,7.456076519922923e-07
0,6213,7.456075464658412e-07
0,6214,7.456074961387315e-07
0,6215,7.456074411901253e-07
0,6216,7.456073739528702e-07
0,6217,7.456073331399903e-07
0,6218,7.456072887722301e-07
0,6219,7.456073028751745e-07
0,6220,7.456073397241824e-07
0,6221,7.456074052651541e-07
0,6222,7.456074633907403e-07
0,6223,7.45607447121787e-07
0,6224,7.45607253175518e-07
0,6225,7.456031247047746e-07
0,6226,4.511956095349255e-07
0,6227,4.511955297859892e-07
0,6228,4.511955078774312e-07
0,6229,4.51195503006575e-07
0,6230,4.51195511844366e-07
0,6231,4.511955632455931e-07
0,6232,7.456062750416487e-07
0,6233,7.45607247588426e-07
0,6234,7.456073163455411e-07
0,6235,7.456073252022108e-07
0,6236,7.456073137401576e-07
0,6237,7.456072562000439e-07
0,6238,7.456071163085835e-07
0,6239,7.456066732648037e-07
0,6240,7.456056023063455e-07
0,6241,7.456046015806743e-07
0,6242,7.456042480193965e-07
0,6243,7.456044839976663e-07
0,6244,7.456058856991581e-07
0,6245,7.456066803374645e-07
0,6246,7.456068815136306e-07
0,6247,7.456067043101113e-07
0,6248,7.456019291955306e-07
0,6249,1.7658351613230364e-07
0,6250,1.765835000749874e-07
0,6251,1.7658349777816355e-07
0,6252,1.7658349726418607e-07
0,6253,1.7658349796538917e-07
0,6254,1.7658350181479562e-07
0,6255,1.765844787382781e-07
0,6256,7.456070926935065e-07
0,6257,7.456074144010109e-07
0,6258,7.456074471598255e-07
0,6259,7.456074296870469e-07
0,6260,7.456073968081163e-07
0,6261,7.456073335448551e-07
0,6262,7.456072105031382e-07
0,6263,7.456069111374593e-07
0,6264,7.456067725054048e-07
0,6265,7.456063777100481e-07
0,6266,7.456061513117616e-07
0,6267,7.456060853038714e-07
0,6268,7.456062399943629e-07
0,6269,7.456065559101677e-07
0,6270,7.456063672763335e-07
0,6271,3.8242988775341e-07
0,6272,1.7658363580269222e-07
0,6273,1.7658349616489231e-07
0,6274,1.7658348804004175e-07
0,6275,1.7658348580164876e-07
0,6276,1.765834852082789e-07
0,6277,1.76583485609947e-07
0,6278,1.7658348779720968e-07
0,6279,1.7658350135900084e-07
0,6280,7.456056717804469e-07
0,6281,7.456071534675072e-07
0,6282,7.45607204529313e-07
0,6283,7.456071970043417e-07
0,6284,7.456071644587779e-07
0,6285,7.456070887161092e-07
0,6286,7.456069578775726e-07
0,6287,7.456065726407133e-07
0,6288,7.456059887085797e-07
0,6289,7.456055602630469e-07
0,6290,7.456059340525777e-07
0,6291,7.456061797464289e-07
0,6292,7.456063421586404e-07
0,6293,7.45606341224934e-07
0,6294,7.45605811623701e-07
0,6295,4.5119519589622317e-07
0,6296,1.7658349763389097e-07
0,6297,1.7658348676331407e-07
0,6298,1.765834835365556e-07
0,6299,1.765834823313192e-07
0,6300,1.7658348203903058e-07
0,6301,1.765834825737324e-07
0,6302,1.7658348455794775e-07
0,6303,1.7658349312592148e-07
0,6304,7.456001924494687e-07
0,6305,7.456073519296595e-07
0,6306,7.456074347260442e-07
0,6307,7.456074287568184e-07
0,6308,7.456074036980246e-07
0,6309,7.456073550849047e-07
0,6310,7.456072533922534e-07
0,6311,7.456071351443736e-07
0,6312,7.456070605950897e-07
0,6313,7.456070876614142e-07
0,6314,7.456071479140916e-07
0,6315,7.45607181151595e-07
0,6316,7.456072842897673e-07
0,6317,7.456073804241257e-07
0,6318,7.45607410560467e-07
0,6319,7.456073383129696e-07
0,6320,7.456069922236439e-07
0,6321,4.5119586159168484e-07
0,6322,4.511955943840523e-07
0,6323,4.511955714356885e-07
0,6324,4.51195566590206e-07
0,6325,4.511955734759452e-07
0,6326,4.511956144307997e-07
0,6327,7.456046764018237e-07
0,6328,7.456074186527504e-07
0,6329,7.45607569894703e-07
0,6330,7.456076104072352e-07
0,6331,7.4560758237531e-07
0,6332,7.456075407557363e-07
0,6333,7.456074867717804e-07
0,6334,7.456074350192667e-07
0,6335,7.456073749113456e-07
0,6336,7.456073244999324e-07
0,6337,7.45607317277484e-07
0,6338,7.456073450398444e-07
0,6339,7.456073804799198e-07
0,6340,7.456074195128175e-07
0,6341,7.45607481041694e-07
0,6342,7.456075261530153e-07
0,6343,7.456074972600032e-07
0,6344,7.456073391883612e-07
0,6345,7.45594408570354e-07
0,6346,5.638970034996809e-07
0,6347,5.638969786963895e-07
0,6348,5.638969743351117e-07
0,6349,5.638969905657673e-07
0,6350,5.638971261158756e-07
0,6351,7.456073084673724e-07
0,6352,7.456075621401012e-07
0,6353,7.456080707979346e-07
0,6354,7.456081824686595e-07
0,6355,7.456081678053435e-07
0,6356,7.456080844789499e-07
0,6357,7.456077153316696e-07
0,6358,7.456075658432123e-07
0,6359,7.456075028345015e-07
0,6360,7.456074620346677e-07
0,6361,7.456074456159606e-07
0,6362,7.456074331212912e-07
0,6363,7.456074367616863e-07
0,6364,7.456074633493678e-07
0,6365,7.456075077972286e-07
0,6366,7.456075659479073e-07
0,6367,7.45607650931387e-07
0,6368,7.456076048378919e-07
0,6369,7.456075126446e-07
0,6370,7.456074300275033e-07
0,6371,7.456071315829711e-07
0,6372,7.456054034532807e-07
0,6373,7.45605674789467e-07
0,6374,7.456071965967817e-07
0,6375,7.456074675684237e-07
0,6376,7.456076034260523e-07
0,6377,7.456081949797139e-07
0,6378,7.456082967567466e-07
0,6379,7.456082374383432e-07
0,6380,7.456080673225534e-07
0,6381,7.456076436973936e-07
0,6382,7.456075299440451e-07
0,6383,7.456074564065047e-07
0,6384,7.456073728304719e-07
0,6385,7.45607227384083e-07
0,6386,7.456069746356519e-07
0,6387,7.45606533309621e-07
0,6388,7.456063984593568e-07
0,6389,7.456069821897831e-07
0,6390,7.456073373263558e-07
0,6391,7.456074184676568e-07
0,6392,7.456073342339757e-07
0,6393,7.456063196650927e-07
0,6394,5.638970869525144e-07
0,6395,5.63897008790518e-07
0,6396,5.638969857460397e-07
0,6397,5.638969865244477e-07
0,6398,5.63897028531246e-07
0,6399,7.456067740060016e-07
0,6400,7.4560747090263e-07
0,6401,7.456075869192064e-07
0,6402,7.456075936456661e-07
0,6403,7.456075557696731e-07
0,6404,7.456075246146036e-07
0,6405,7.456074764237144e-07
0,6406,7.456073276103678e-07
0,6407,7.456065015936836e-07
0,6408,5.638971268051689e-07
0,6409,5.638970361965028e-07
0,6410,5.638970221053406e-07
0,6411,5.638970231367777e-07
0,6412,5.638970413496835e-07
0,6413,5.638970933198085e-07
0,6414,7.456009802424647e-07
0,6415,7.45607276810075e-07
0,6416,7.456073395129256e-07
0,6417,7.456071141787039e-07
0,6418,7.456064260631949e-07
0,6419,7.456062488811276e-07
0,6420,7.456060226370299e-07
0,6421,7.456068372410497e-07
0,6422,7.456072152398396e-07
0,6423,7.456073890586508e-07
0,6424,7.456075226751065e-07
0,6425,7.456077239353644e-07
0,6426,7.456077404019864e-07
0,6427,7.456076089431133e-07
0,6428,7.456075478418411e-07
0,6429,7.456074818224059e-07
0,6430,7.456073890701179e-07
0,6431,7.456072328878473e-07
0,6432,7.456069658860217e-07
0,6433,7.456063089286028e-07
0,6434,7.456027176822636e-07
0,6435,7.45584296745599e-07
0,6436,7.456040599447904e-07
0,6437,7.456065873230079e-07
0,6438,7.456070300834027e-07
0,6439,7.456072551382356e-07
0,6440,7.456073344796915e-07
0,6441,7.456073496965317e-07
0,6442,7.456073197963737e-07
0,6443,7.456073001465663e-07
0,6444,7.456072119719069e-07
0,6445,7.456069236713548e-07
0,6446,7.456070277335452e-07
0,6447,7.456072419740223e-07
0,6448,7.45607385957465e-07
0,6449,7.456074836347244e-07
0,6450,7.456074966406341e-07
0,6451,7.456075031071614e-07
0,6452,7.456074905300537e-07
0,6453,7.456074640146529e-07
0,6454,7.456074389667841e-07
0,6455,7.456074272339971e-07
0,6456,7.456073878403582e-07
0,6457,7.456073544032329e-07
0,6458,7.456073280053596e-07
0,6459,7.456073473910537e-07
0,6460,7.456073622390568e-07
0,6461,7.456073912338805e-07
0,6462,7.456073988613445e-07
0,6463,7.456073581018023e-07
0,6464,7.456071777462904e-07
0,6465,7.456067596565977e-07
0,6466,7.456056747997839e-07
0,6467,7.45605902399441e-07
0,6468,7.456054121478757e-07
0,6469,7.455877129411819e-07
0,6470,7.456049096754969e-07
0,6471,7.456069553293349e-07
0,6472,7.456073506882057e-07
0,6473,7.456074826080832e-07
0,6474,7.4560749606094e-07
0,6475,7.456074604234585e-07
0,6476,7.456073648998278e-07
0,6477,7.456071020767596e-07
0,6478,7.456060225896791e-07
0,6479,5.63906396272187e-07
0,6480,5.638984993033212e-07
0,6481,5.63898712391642e-07
0,6482,7.45602670336908e-07
0,6483,7.456066320830614e-07
0,6484,7.456071469169796e-07
0,6485,7.456073998844095e-07
0,6486,7.456075315080084e-07
0,6487,7.456075879266013e-07
0,6488,7.456075544187538e-07
0,6489,7.45607470749195e-07
0,6490,7.456073801050382e-07
0,6491,7.456072213615534e-07
0,6492,7.456069327813704e-07
0,6493,7.456072483452991e-07
0,6494,7.456074509862409e-07
0,6495,7.456075465629738e-07
0,6496,7.456078229855083e-07
0,6497,7.456098152383371e-07
0,6498,7.456099404219513e-07
0,6499,7.456097471085956e-07
0,6500,7.456086046776141e-07
0,6501,7.456077637944987e-07
0,6502,7.456075749766805e-07
0,6503,7.456075142407573e-07
0,6504,7.456074655112991e-07
0,6505,7.456074431506712e-07
0,6506,7.456074321295291e-07
0,6507,7.456074409457309e-07
0,6508,7.4560745833363e-07
0,6509,7.456075109370324e-07
0,6510,7.456076068026763e-07
0,6511,7.456076620629008e-07
0,6512,7.45607586799646e-07
0,6513,7.456075101691479e-07
0,6514,7.456074647443159e-07
0,6515,7.456074468398419e-07
0,6516,7.456073911038508e-07
0,6517,7.456073979131013e-07
0,6518,7.456074917712636e-07
0,6519,7.456076116070252e-07
0,6520,7.456082816499173e-07
0,6521,7.456099763911512e-07
0,6522,7.456099216971462e-07
0,6523,7.45609746456182e-07
0,6524,7.45608907880874e-07
0,6525,7.456077597802605e-07
0,6526,7.456075824321273e-07
0,6527,7.456075326162138e-07
0,6528,7.45607495080745e-07
0,6529,7.456074770919759e-07
0,6530,7.456074700041008e-07
0,6531,7.456074713598736e-07
0,6532,7.456074799100173e-07
0,6533,7.456075271694498e-07
0,6534,7.456076561890086e-07
0,6535,7.4560789257164e-07
0,6536,7.456077172553237e-07
0,6537,7.456075439875007e-07
0,6538,7.456074705389022e-07
0,6539,7.456074076483254e-07
0,6540,7.456072067730355e-07
0,6541,7.45607092319594e-07
0,6542,7.456073446297127e-07
0,6543,7.456074906461311e-07
0,6544,7.456076828399075e-07
0,6545,7.456093308822872e-07
0,6546,7.456092188816413e-07
0,6547,7.456082828980238e-07
0,6548,7.456077372304799e-07
0,6549,7.45607561393772e-07
0,6550,7.456074947299022e-07
0,6551,7.456074106321514e-07
0,6552,7.456072548422789e-07
0,6553,7.456070466093797e-07
0,6554,7.456067840196115e-07
0,6555,7.456066547881522e-07
0,6556,7.456068546853121e-07
0,6557,7.456072468677585e-07
0,6558,7.456074531782318e-07
0,6559,7.456074963138386e-07
0,6560,7.456074531558667e-07
0,6561,7.456072048359084e-07
0,6562,7.455986238351761e-07
0,6563,5.638973129757517e-07
0,6564,5.638972548705078e-07
0,6565,5.638972518165238e-07
0,6566,5.638975642938779e-07
0,6567,7.456073577165378e-07
0,6568,7.456075467483063e-07
0,6569,7.456076797798282e-07
0,6570,7.456076302264814e-07
0,6571,7.456075760221157e-07
0,6572,7.456075174165667e-07
0,6573,7.456074960740368e-07
0,6574,7.456074712738913e-07
0,6575,7.456074256552192e-07
0,6576,7.456073798952163e-07
0,6577,7.456073921431772e-07
0,6578,7.456073933251016e-07
0,6579,7.456074137588312e-07
0,6580,7.456074355817254e-07
0,6581,7.456074643620974e-07
0,6582,7.45607520656073e-07
0,6583,7.456075359946844e-07
0,6584,7.45607477099113e-07
0,6585,7.45607253840981e-07
0,6586,7.456058185341888e-07
0,6587,3.904723741595902e-07
0,6588,3.904719059238342e-07
0,6589,3.904718916136903e-07
0,6590,3.904718918843868e-07
0,6591,4.5116203180069604e-07
0,6592,4.511957011193753e-07
0,6593,4.51195722469371e-07
0,6594,4.5119569659621937e-07
0,6595,4.5119561249292043e-07
0,6596,4.5119522622023816e-07
0,6597,1.7658376739165175e-07
0,6598,1.7658351902395427e-07
0,6599,1.7658350266013577e-07
0,6600,1.765834978198329e-07
0,6601,1.7658349507367078e-07
0,6602,1.765834933946194e-07
0,6603,1.765834924639826e-07
0,6604,1.7658349195541893e-07
0,6605,1.7658349173843027e-07
0,6606,1.765834917363491e-07
0,6607,1.7658349176370827e-07
0,6608,1.7658349178104238e-07
0,6609,1.7658349182176095e-07
0,6610,1.7658349210650505e-07
0,6611,1.7658349295054543e-07
0,6612,1.7658349461706115e-07
0,6613,1.7658349850322799e-07
0,6614,1.765835154425177e-07
0,6615,4.5119572605434476e-07
0,6616,7.45606700412369e-07
0,6617,7.456071238881376e-07
0,6618,7.456071750752347e-07
0,6619,7.456071777070728e-07
0,6620,7.45607156810438e-07
0,6621,7.456071146902153e-07
0,6622,7.456070262163906e-07
0,6623,7.456067735576281e-07
0,6624,7.456065804851803e-07
0,6625,7.456052812359521e-07
0,6626,4.5119721169919707e-07
0,6627,4.5119552201487864e-07
0,6628,4.5118949503122134e-07
0,6629,1.7658359329784582e-07
0,6630,1.765835298776892e-07
0,6631,1.7658349867511003e-07
0,6632,1.7658348797711355e-07
0,6633,1.7658348354306717e-07
0,6634,1.7658348173139414e-07
0,6635,1.7658348111179632e-07
0,6636,1.76583481051283e-07
0,6637,1.7658348157262163e-07
0,6638,1.7658348340627516e-07
0,6639,1.765834893593862e-07
0,6640,7.455803148692333e-07
0,6641,7.45607291655659e-07
0,6642,7.456073545079008e-07
0,6643,7.456073426472203e-07
0,6644,7.456072829354937e-07
0,6645,7.45607136069171e-07
0,6646,7.456066466269423e-07
0,6647,7.45595801912476e-07
0,6648,5.638971092265553e-07
0,6649,5.638970144004121e-07
0,6650,5.638970170914274e-07
0,6651,5.638969952968969e-07
0,6652,5.638970447536989e-07
0,6653,7.456023084804672e-07
0,6654,7.456071824440012e-07
0,6655,7.456074299441502e-07
0,6656,7.456074302440405e-07
0,6657,7.456073233544864e-07
0,6658,7.45607031590874e-07
0,6659,7.45606389240218e-07
0,6660,7.456059254548477e-07
0,6661,7.456055755601807e-07
0,6662,7.456069641186926e-07
0,6663,7.456074259359344e-07
0,6664,7.456075004576356e-07
0,6665,7.456075269159633e-07
0,6666,7.456075107134563e-07
0,6667,7.456074701194887e-07
0,6668,7.456073699081998e-07
0,6669,7.456071517763365e-07
0,6670,7.456062687340688e-07
0,6671,5.638965829066635e-07
0,6672,5.638963804284655e-07
0,6673,5.63896335925617e-07
0,6674,5.638963199568013e-07
0,6675,5.638963195058376e-07
0,6676,5.638963238741085e-07
0,6677,5.638963479928177e-07
0,6678,5.638966666756199e-07
0,6679,7.456062511875001e-07
0,6680,7.456062472762763e-07
0,6681,5.638968773762226e-07
0,6682,5.638966756958059e-07
0,6683,5.638968255325072e-07
0,6684,5.638980232635864e-07
0,6685,7.456041669070183e-07
0,6686,7.456067803324618e-07
0,6687,7.45607146173654e-07
0,6688,7.456073208766134e-07
0,6689,7.456073831609552e-07
0,6690,7.456073944265019e-07
0,6691,7.456073861817729e-07
0,6692,7.456073077930427e-07
0,6693,7.456071191662338e-07
0,6694,7.45606721493657e-07
0,6695,7.455843897975638e-07
0,6696,5.638970328136819e-07
0,6697,5.63897003439777e-07
0,6698,5.638970221624578e-07
0,6699,5.638970693457013e-07
0,6700,5.638978207292369e-07
0,6701,7.456060085729101e-07
0,6702,7.45607274404227e-07
0,6703,7.456074457485924e-07
0,6704,7.456074606340207e-07
0,6705,7.456074066854657e-07
0,6706,7.456073271871512e-07
0,6707,7.456071156744404e-07
0,6708,7.455932242399815e-07
0,6709,5.638971961324694e-07
0,6710,7.45538799410992e-07
0,6711,7.456070351572113e-07
0,6712,7.456073851515707e-07
0,6713,7.456074512308285e-07
0,6714,7.45607446413764e-07
0,6715,7.45607408106643e-07
0,6716,7.456072540622649e-07
0,6717,7.456069698893315e-07
0,6718,7.456059138135572e-07
0,6719,5.638965455434439e-07
0,6720,5.63896177632132e-07
0,6721,5.638961295198627e-07
0,6722,5.638961150674173e-07
0,6723,5.638961146763371e-07
0,6724,5.638961634283687e-07
0,6725,7.455965250619233e-07
0,6726,7.4560569371735e-07
0,6727,7.456057465928142e-07
0,6728,7.456056810738993e-07
0,6729,7.456048119726283e-07
0,6730,4.511961893669758e-07
0,6731,4.5119563910774765e-07
0,6732,4.511955104266192e-07
0,6733,4.51195482387833e-07
0,6734,4.5119548433596307e-07
0,6735,4.5119552241303494e-07
0,6736,4.5119565647452176e-07
0,6737,5.454286370189086e-07
0,6738,5.454207582157961e-07
0,6739,4.5119590429540653e-07
0,6740,4.511955360663353e-07
0,6741,4.511955022092883e-07
0,6742,4.5119550884933034e-07
0,6743,4.5119549841470944e-07
0,6744,4.511954986437878e-07
0,6745,4.5119552414857496e-07
0,6746,4.5119560860185097e-07
0,6747,4.5119631322599144e-07
0,6748,7.456062643767517e-07
0,6749,7.45607298736724e-07
0,6750,7.456074886195743e-07
0,6751,7.456075864431231e-07
0,6752,7.456076194349649e-07
0,6753,7.456075542732928e-07
0,6754,7.456075015852855e-07
0,6755,7.456074744480134e-07
0,6756,7.456074466387207e-07
0,6757,7.456074336730501e-07
0,6758,7.456074836484463e-07
0,6759,7.456075526794496e-07
0,6760,7.456076642306818e-07
0,6761,7.456077705912012e-07
0,6762,7.456077601205204e-07
0,6763,7.456076528638316e-07
0,6764,7.456075432366941e-07
0,6765,7.456074686591937e-07
0,6766,7.456074019218304e-07
0,6767,7.45607267590899e-07
0,6768,7.456070328558567e-07
0,6769,7.456069424684237e-07
0,6770,7.456065819889941e-07
0,6771,7.456056938010199e-07
0,6772,7.456052166051563e-07
0,6773,7.456052454097331e-07
0,6774,7.456066245598248e-07
0,6775,7.4560677016437e-07
0,6776,7.456064784064887e-07
0,6777,7.456004819250909e-07
0,6778,5.638971034228092e-07
0,6779,5.638969752882542e-07
0,6780,5.638969452162281e-07
0,6781,5.63896938738486e-07
0,6782,5.638969498109532e-07
0,6783,5.638973451456683e-07
0,6784,7.45607332157073e-07
0,6785,7.456074896193527e-07
0,6786,7.456075130505591e-07
0,6787,7.456075146192845e-07
0,6788,7.456074658209422e-07
0,6789,7.456074097389788e-07
0,6790,7.456073427635043e-07
0,6791,7.456072947297414e-07
0,6792,7.45607081166784e-07
0,6793,7.456067812320278e-07
0,6794,7.456053312428614e-07
0,6795,7.456026738492301e-07
0,6796,7.455817628789701e-07
0,6797,7.454333838110893e-07
0,6798,7.456043129638689e-07
0,6799,7.456008730098487e-07
0,6800,5.638970527324579e-07
0,6801,5.638969748911261e-07
0,6802,5.638969690968075e-07
0,6803,5.638969992514888e-07
0,6804,5.638970258433275e-07
0,6805,5.638970681675361e-07
0,6806,5.638973421630925e-07
0,6807,7.456070523027625e-07
0,6808,7.456074777971681e-07
0,6809,7.456075962175072e-07
0,6810,7.456076934975132e-07
0,6811,7.45607703897272e-07
0,6812,7.456075898199046e-07
0,6813,7.456075269459839e-07
0,6814,7.456074893920446e-07
0,6815,7.456074452258223e-07
0,6816,7.456074010491577e-07
0,6817,7.456073567553943e-07
0,6818,7.456073445207945e-07
0,6819,7.456073769089085e-07
0,6820,7.456074201901135e-07
0,6821,7.456074856647879e-07
0,6822,7.456076232526e-07
0,6823,7.45608380077958e-07
0,6824,7.456082004303912e-07
0,6825,7.456076629057427e-07
0,6826,7.4560758227525e-07
0,6827,7.456075383588296e-07
0,6828,7.456075054181028e-07
0,6829,7.456074780566008e-07
0,6830,7.456075164430769e-07
0,6831,7.456076304503505e-07
0,6832,7.456089452036613e-07
0,6833,7.45609309745261e-07
0,6834,7.456093286126234e-07
0,6835,7.456093003478828e-07
0,6836,7.456087664667007e-07
0,6837,7.456077586899105e-07
0,6838,7.456075947088229e-07
0,6839,7.456075162911361e-07
0,6840,7.456074624487482e-07
0,6841,7.456074424581489e-07
0,6842,7.456074362246335e-07
0,6843,7.456074486212386e-07
0,6844,7.456074712596848e-07
0,6845,7.45607522465515e-07
0,6846,7.456077171516537e-07
0,6847,7.456088444388346e-07
0,6848,7.456086276273263e-07
0,6849,7.456078103375649e-07
0,6850,7.456075497945011e-07
0,6851,7.456074841782265e-07
0,6852,7.456074330858259e-07
0,6853,7.456074502357918e-07
0,6854,7.456075015513228e-07
0,6855,7.456075823536666e-07
0,6856,7.456080102373523e-07
0,6857,7.456085541526409e-07
0,6858,7.456081221317887e-07
0,6859,7.456077064502936e-07
0,6860,7.456075370789695e-07
0,6861,7.456074621117222e-07
0,6862,7.456073462295428e-07
0,6863,7.456066146803493e-07
0,6864,5.63897607375915e-07
0,6865,5.638973951345747e-07
0,6866,5.638973354073847e-07
0,6867,5.638973147911296e-07
0,6868,5.638973112450414e-07
0,6869,5.638973317147581e-07
0,6870,7.456035376158265e-07
0,6871,7.456072112551917e-07
0,6872,7.456073246060775e-07
0,6873,7.456071403771721e-07
0,6874,7.456059159075124e-07
0,6875,7.455872105816991e-07
0,6876,5.638975240193925e-07
0,6877,5.638974376378663e-07
0,6878,7.456010777023043e-07
0,6879,7.456069449748874e-07
0,6880,7.456072846938003e-07
0,6881,7.456074064855321e-07
0,6882,7.456074338638833e-07
0,6883,7.456074031007698e-07
0,6884,7.456072096058593e-07
0,6885,7.45606783641208e-07
0,6886,7.456046612716113e-07
0,6887,5.638974909815738e-07
0,6888,5.638973721888875e-07
0,6889,5.638973619386725e-07
0,6890,5.638973776604307e-07
0,6891,5.638974090339822e-07
0,6892,5.638974567192994e-07
0,6893,7.455995155135698e-07
0,6894,7.456073411461542e-07
0,6895,7.45607510019345e-07
0,6896,7.456075589444305e-07
0,6897,7.456075358768604e-07
0,6898,7.456075190391905e-07
0,6899,7.456075190554705e-07
0,6900,7.45607505559398e-07
0,6901,7.456075072003618e-07
0,6902,7.456075472215284e-07
0,6903,7.456075922628374e-07
0,6904,7.456076820669849e-07
0,6905,7.456078311103974e-07
0,6906,7.456077941053508e-07
0,6907,7.456077139320967e-07
0,6908,7.456075723650221e-07
0,6909,7.456075146944265e-07
0,6910,7.456074614807674e-07
0,6911,7.456073324108034e-07
0,6912,7.45607098430603e-07
0,6913,7.45606839328122e-07
0,6914,7.456067967855873e-07
0,6915,7.456069597463492e-07
0,6916,7.456072045119895e-07
0,6917,7.456073925418637e-07
0,6918,7.456075257992351e-07
0,6919,7.456077644029326e-07
0,6920,7.456081508534952e-07
0,6921,7.456078916214012e-07
0,6922,7.456076872089661e-07
0,6923,7.456076313632691e-07
0,6924,7.456075821846802e-07
0,6925,7.456075705007907e-07
0,6926,7.456076673588507e-07
0,6927,7.45608049731058e-07
0,6928,7.456089237193008e-07
0,6929,7.456091429692018e-07
0,6930,7.456091535498071e-07
0,6931,7.456091145195284e-07
0,6932,7.456082957450843e-07
0,6933,7.45607712872965e-07
0,6934,7.456075823847883e-07
0,6935,7.456075171024801e-07
0,6936,7.456074898149546e-07
0,6937,7.456074715760127e-07
0,6938,7.456074574659024e-07
0,6939,7.456074560455399e-07
0,6940,7.456074688610671e-07
0,6941,7.4560749359644e-07
0,6942,7.456075332191793e-07
0,6943,7.456075822671202e-07
0,6944,7.456076115707959e-07
0,6945,7.456075940902483e-07
0,6946,7.456075390352633e-07
0,6947,7.456075206100436e-07
0,6948,7.456075022337044e-07
0,6949,7.456074969081068e-07
0,6950,7.456075309580655e-07
0,6951,7.456076108149681e-07
0,6952,7.456078301615952e-07
0,6953,7.456083630145944e-07
0,6954,7.456085457470823e-07
0,6955,7.456084523555436e-07
0,6956,7.456077839733053e-07
0,6957,7.45607575427961e-07
0,6958,7.456074947041965e-07
0,6959,7.456073767924177e-07
0,6960,7.456066843419805e-07
0,6961,7.455999024199411e-07
0,6962,4.511975143788127e-07
0,6963,4.51197323311192e-07
0,6964,4.5119724611359176e-07
0,6965,4.511972190223915e-07
0,6966,4.5119738717598546e-07
0,6967,5.454285884956183e-07
0,6968,4.511974534336961e-07
0,6969,4.5119713472577086e-07
0,6970,4.511970932919616e-07
0,6971,4.511970844917806e-07
0,6972,4.5119708679674866e-07
0,6973,4.5119710383065916e-07
0,6974,4.5119721794491817e-07
0,6975,7.456068332686194e-07
0,6976,7.456074408389929e-07
0,6977,7.45607537781104e-07
0,6978,7.456076090164088e-07
0,6979,7.456076482903772e-07
0,6980,7.456075663804142e-07
0,6981,7.456075098391472e-07
0,6982,7.456074708749388e-07
0,6983,7.456074034118731e-07
0,6984,7.456073352922231e-07
0,6985,7.456072600167236e-07
0,6986,7.456072493943358e-07
0,6987,7.456072876964288e-07
0,6988,7.45607362565527e-07
0,6989,7.45607457094492e-07
0,6990,7.45607574740814e-07
0,6991,7.456079650041463e-07
0,6992,7.456080940106625e-07
0,6993,7.456077100443628e-07
0,6994,7.456075316723345e-07
0,6995,7.45607448939811e-07
0,6996,7.456073970249313e-07
0,6997,7.456074463813633e-07
0,6998,7.456075306789275e-07
0,6999,7.45607698187145e-07
0,7000,7.456082430615188e-07
0,7001,7.456083332829858e-07
0,7002,7.456083020241107e-07
0,7003,7.456080402594204e-07
0,7004,7.456075783933116e-07
0,7005,7.456074793437656e-07
0,7006,7.456073234852767e-07
0,7007,7.456064538053722e-07
0,7008,5.63897610680814e-07
0,7009,5.638974019201319e-07
0,7010,5.638973583143625e-07
0,7011,5.638973351634308e-07
0,7012,5.638973534707198e-07
0,7013,5.638975860036746e-07
0,7014,7.456069078943904e-07
0,7015,7.456073651745358e-07
0,7016,7.456073457851267e-07
0,7017,7.456072916229957e-07
0,7018,7.456067459898024e-07
0,7019,7.45604609267046e-07
0,7020,7.456051726882327e-07
0,7021,7.456064822722945e-07
0,7022,7.45607350054232e-07
0,7023,7.456074757323068e-07
0,7024,7.456075285194526e-07
0,7025,7.456075542011341e-07
0,7026,7.45607561184238e-07
0,7027,7.456075274204866e-07
0,7028,7.456074685439109e-07
0,7029,7.456073714015494e-07
0,7030,7.456072072134825e-07
0,7031,7.456064415224017e-07
0,7032,7.455991844365003e-07
0,7033,5.640010222673047e-07
0,7034,5.639896214053438e-07
0,7035,7.456040644838621e-07
0,7036,7.456061035810332e-07
0,7037,7.456071432675043e-07
0,7038,7.456074503380422e-07
0,7039,7.456075454659933e-07
0,7040,7.456075617733867e-07
0,7041,7.456075116672442e-07
0,7042,7.456074529730838e-07
0,7043,7.456073486733159e-07
0,7044,7.456070612097628e-07
0,7045,7.456067674370357e-07
0,7046,7.456061051751729e-07
0,7047,7.456062029912305e-07
0,7048,7.45606391090614e-07
0,7049,7.456060212014717e-07
0,7050,7.455839982136461e-07
0,7051,4.5119552651166644e-07
0,7052,1.765835384093684e-07
0,7053,1.7658350173674365e-07
0,7054,1.765834928424166e-07
0,7055,1.765834896188112e-07
0,7056,1.7658348843475444e-07
0,7057,1.7658348828074395e-07
0,7058,1.7658348892059518e-07
0,7059,1.7658349070024613e-07
0,7060,1.7658349506478329e-07
0,7061,1.7658350891185302e-07
0,7062,4.5119566443789524e-07
0,7063,5.454440865759002e-07
0,7064,5.454441156942552e-07
0,7065,5.454434268939709e-07
0,7066,4.5119531086896363e-07
0,7067,4.5119523969892606e-07
0,7068,4.5119526268902656e-07
0,7069,4.511953008752471e-07
0,7070,4.51195679125145e-07
0,7071,7.456071595136454e-07
0,7072,7.456074351421729e-07
0,7073,7.45607461588715e-07
0,7074,7.456074230201099e-07
0,7075,7.456072705245891e-07
0,7076,7.456067062339078e-07
0,7077,7.456054734493442e-07
0,7078,7.456001705714615e-07
0,7079,5.638971886042879e-07
0,7080,5.638970970446274e-07
0,7081,5.638971164305315e-07
0,7082,5.638971508148803e-07
0,7083,5.638974464516152e-07
0,7084,7.456051733663487e-07
0,7085,7.456071095864843e-07
0,7086,7.456074770489246e-07
0,7087,7.456076370115965e-07
0,7088,7.45607760196069e-07
0,7089,7.45607736683256e-07
0,7090,7.456076487421337e-07
0,7091,7.456075949392379e-07
0,7092,7.456075982366406e-07
0,7093,7.456076482985951e-07
0,7094,7.456077326413164e-07
0,7095,7.456078221753416e-07
0,7096,7.456078907953272e-07
0,7097,7.456078655293526e-07
0,7098,7.456077851507692e-07
0,7099,7.456076622862905e-07
0,7100,7.456075306242888e-07
0,7101,7.456074655929209e-07
0,7102,7.456073119158909e-07
0,7103,7.456064928918278e-07
0,7104,7.45598954946857e-07
0,7105,5.638969771183247e-07
0,7106,5.638968849521802e-07
0,7107,5.638968251922846e-07
0,7108,5.638968641894528e-07
0,7109,5.638971515752956e-07
0,7110,7.456042452394056e-07
0,7111,7.456063565655731e-07
0,7112,7.456062563040551e-07
0,7113,7.455558603941419e-07
0,7114,5.638965275970807e-07
0,7115,5.638964914153654e-07
0,7116,5.638964768338456e-07
0,7117,5.638964816958029e-07
0,7118,5.638965366613633e-07
0,7119,7.456057133060118e-07
0,7120,7.456066377165115e-07
0,7121,7.456066759434421e-07
0,7122,7.456066757614334e-07
0,7123,7.456066523825244e-07
0,7124,7.456065213368798e-07
0,7125,7.456058792529053e-07
0,7126,4.511958041138688e-07
0,7127,4.5119518069447543e-07
0,7128,1.7658353284854036e-07
0,7129,1.7658351063354786e-07
0,7130,1.765835036528694e-07
0,7131,1.765835001728303e-07
0,7132,1.7658349773129128e-07
0,7133,1.7658349613128332e-07
0,7134,1.7658349507102846e-07
0,7135,1.765834945222625e-07
0,7136,1.7658349409079238e-07
0,7137,1.7658349401463777e-07
0,7138,1.7658349440978838e-07
0,7139,1.7658349547647433e-07
0,7140,1.7658349800000402e-07
0,7141,1.7658350548645686e-07
0,7142,1.5137183095259192e-07
0,7143,7.456067610412102e-07
0,7144,7.456073941723412e-07
0,7145,7.456074755962953e-07
0,7146,7.456075045534397e-07
0,7147,7.456075154680386e-07
0,7148,7.456074819639756e-07
0,7149,7.456074357355025e-07
0,7150,7.456073595160745e-07
0,7151,7.456072141281648e-07
0,7152,7.456070850075482e-07
0,7153,7.456069393967807e-07
0,7154,7.456070119168448e-07
0,7155,7.456070741911899e-07
0,7156,7.456071662261155e-07
0,7157,7.456073842048149e-07
0,7158,7.45607517614598e-07
0,7159,7.456077019148049e-07
0,7160,7.456078767708808e-07
0,7161,7.456079022340142e-07
0,7162,7.456078891511109e-07
0,7163,7.456078068311704e-07
0,7164,7.456076748188071e-07
0,7165,7.456076120176617e-07
0,7166,7.456076579620484e-07
0,7167,7.456077049021986e-07
0,7168,7.456077380589662e-07
0,7169,7.456077664558881e-07
0,7170,7.456076769032603e-07
0,7171,7.456075608678187e-07
0,7172,7.456074568863862e-07
0,7173,7.456072860282499e-07
0,7174,7.456067947165009e-07
0,7175,5.638985398645069e-07
0,7176,5.638970834230806e-07
0,7177,5.638970451490837e-07
0,7178,5.638970284994467e-07
0,7179,5.638970404387047e-07
0,7180,5.638970548555917e-07
0,7181,5.638985578376787e-07
0,7182,7.456070685775298e-07
0,7183,7.45607430713373e-07
0,7184,7.456074378181278e-07
0,7185,7.456073090021416e-07
0,7186,7.456067610914766e-07
0,7187,7.456061143678453e-07
0,7188,7.456060474485392e-07
0,7189,7.456062764398003e-07
0,7190,7.45607046678418e-07
0,7191,7.456073542509194e-07
0,7192,7.456074284708651e-07
0,7193,7.456074196992833e-07
0,7194,7.456073526368965e-07
0,7195,7.45607136854855e-07
0,7196,7.456046419201136e-07
0,7197,4.5119418865733113e-07
0,7198,1.7658352472384183e-07
0,7199,1.7658351139630188e-07
0,7200,1.7658350837495653e-07
0,7201,1.7658350744795817e-07
0,7202,1.765835075792648e-07
0,7203,1.7658350874374409e-07
0,7204,1.7658351290411158e-07
0,7205,1.7658355736438563e-07
0,7206,7.456051240760276e-07
0,7207,7.45607114833518e-07
0,7208,7.456072253354491e-07
0,7209,7.456072401842044e-07
0,7210,7.456071658280388e-07
0,7211,7.456067292426091e-07
0,7212,5.638970821375844e-07
0,7213,5.638969154988395e-07
0,7214,7.455993815575911e-07
0,7215,7.456070768628216e-07
0,7216,7.45607285784406e-07
0,7217,7.456072833145918e-07
0,7218,7.456072398086249e-07
0,7219,7.456071613781326e-07
0,7220,7.45606802266624e-07
0,7221,7.456045220476907e-07
0,7222,4.5119555068299673e-07
0,7223,4.5119335489525564e-07
0,7224,4.511932579172829e-07
0,7225,4.511932363829322e-07
0,7226,4.511932311166573e-07
0,7227,4.5119323114246133e-07
0,7228,4.511932418425864e-07
0,7229,4.511932809569704e-07
0,7230,4.511955033995407e-07
0,7231,5.454436162172256e-07
0,7232,5.454436842048553e-07
0,7233,5.454427860954571e-07
0,7234,4.511951056926065e-07
0,7235,4.5119497720178094e-07
0,7236,4.5119498122863655e-07
0,7237,4.5119512204729144e-07
0,7238,7.456053249390033e-07
0,7239,7.456072878012355e-07
0,7240,7.456074192066625e-07
0,7241,7.456074530007648e-07
0,7242,7.456074630616053e-07
0,7243,7.456074537015202e-07
0,7244,7.456073940503108e-07
0,7245,7.456072719362508e-07
0,7246,7.456069793134963e-07
0,7247,7.456041494729e-07
0,7248,5.638970274560071e-07
0,7249,5.638969412119374e-07
0,7250,5.638969251655521e-07
0,7251,5.638969193767579e-07
0,7252,5.63896927876515e-07
0,7253,5.638969654760822e-07
0,7254,5.639394809535252e-07
0,7255,7.456071771408533e-07
0,7256,7.456073364921927e-07
0,7257,7.456072958817164e-07
0,7258,7.456072741815895e-07
0,7259,7.456071796086635e-07
0,7260,7.456067926007278e-07
0,7261,7.456064446292e-07
0,7262,7.456069750962294e-07
0,7263,7.45607241049867e-07
0,7264,7.456073868845866e-07
0,7265,7.456074524188007e-07
0,7266,7.456074786770439e-07
0,7267,7.456074853932715e-07
0,7268,7.456074415067852e-07
0,7269,7.456073822701391e-07
0,7270,7.456072467559823e-07
0,7271,7.456068133055792e-07
0,7272,7.456067184393188e-07
0,7273,7.456065296080159e-07
0,7274,7.456068485308317e-07
0,7275,7.456071133029599e-07
0,7276,7.456072517345726e-07
0,7277,7.456073798276874e-07
0,7278,7.45607457775603e-07
0,7279,7.456074996948892e-07
0,7280,7.456074997927113e-07
0,7281,7.456074593903968e-07
0,7282,7.456073881459643e-07
0,7283,7.456073423716381e-07
0,7284,7.456071191194081e-07
0,7285,7.456065949023011e-07
0,7286,7.456067785146868e-07
0,7287,7.456073451100719e-07
0,7288,7.456074719779298e-07
0,7289,7.456075009686252e-07
0,7290,7.456074773685068e-07
0,7291,7.456074427321742e-07
0,7292,7.456073071806633e-07
0,7293,7.456067997381916e-07
0,7294,7.45604846621602e-07
0,7295,5.638971921199286e-07
0,7296,5.638971654964176e-07
0,7297,5.638971217680334e-07
0,7298,5.638970995992466e-07
0,7299,5.638971848569667e-07
0,7300,5.638977161775089e-07
0,7301,7.456049948562032e-07
0,7302,7.4560686734528e-07
0,7303,7.45607171845698e-07
0,7304,7.456073077178075e-07
0,7305,7.456073273805559e-07
0,7306,7.456072991566677e-07
0,7307,7.456071628833847e-07
0,7308,7.456062390059161e-07
0,7309,7.456055027123741e-07
0,7310,7.456060571509493e-07
0,7311,7.456067463134028e-07
0,7312,7.456069135036391e-07
0,7313,7.4560693783329e-07
0,7314,7.456067186718446e-07
0,7315,7.456061290739585e-07
0,7316,7.455692488960884e-07
0,7317,4.5119557483416255e-07
0,7318,1.7658409633072364e-07
0,7319,1.7658352282851964e-07
0,7320,1.7658351241269313e-07
0,7321,1.765835097609684e-07
0,7322,1.7658350899081258e-07
0,7323,1.765835091378033e-07
0,7324,1.7658350957229562e-07
0,7325,1.7658351126138604e-07
0,7326,1.76583519887523e-07
0,7327,4.511955462223247e-07
0,7328,4.511957520826423e-07
0,7329,4.511957476324515e-07
0,7330,4.51195568088465e-07
0,7331,3.904723308282713e-07
0,7332,3.9047196086497294e-07
0,7333,3.904719652893682e-07
0,7334,3.904722329143373e-07
0,7335,5.45443503284281e-07
0,7336,5.454437593682483e-07
0,7337,5.454437891609534e-07
0,7338,5.454437806440134e-07
0,7339,5.454436852390588e-07
0,7340,4.511957206427478e-07
0,7341,4.511954399219514e-07
0,7342,4.511953077644642e-07
0,7343,4.511950094088552e-07
0,7344,4.511949814216025e-07
0,7345,4.5119498174441525e-07
0,7346,4.511949902162626e-07
0,7347,4.511950131352835e-07
0,7348,4.511950691620999e-07
0,7349,4.5119545394915414e-07
0,7350,7.456062711919839e-07
0,7351,7.456074492475347e-07
0,7352,7.456075382639381e-07
0,7353,7.456075047482081e-07
0,7354,7.456074577800923e-07
0,7355,7.456074644471784e-07
0,7356,7.456074825946628e-07
0,7357,7.456075411307449e-07
0,7358,7.45607743997748e-07
0,7359,7.456080990213808e-07
0,7360,7.456081804055532e-07
0,7361,7.456081572164304e-07
0,7362,7.45607670349126e-07
0,7363,7.456075057563078e-07
0,7364,7.456073701628179e-07
0,7365,7.456070957375244e-07
0,7366,7.456064229105603e-07
0,7367,5.638976619906276e-07
0,7368,5.638973757321161e-07
0,7369,5.638973603879228e-07
0,7370,5.638973652253128e-07
0,7371,5.638973900162256e-07
0,7372,5.638974772568838e-07
0,7373,5.639026749198473e-07
0,7374,7.456073743488598e-07
0,7375,7.456075467495362e-07
0,7376,7.456076112743073e-07
0,7377,7.45607522910995e-07
0,7378,7.456074898373112e-07
0,7379,7.456074605389718e-07
0,7380,7.4560742378412e-07
0,7381,7.456074725216606e-07
0,7382,7.456075528412566e-07
0,7383,7.456080937818145e-07
0,7384,1.1614507888805395e-06
0,7385,1.161451488523042e-06
0,7386,1.1614476296094939e-06
0,7387,7.456078063193287e-07
0,7388,7.456075555157038e-07
0,7389,7.456074991676874e-07
0,7390,7.456074445291563e-07
0,7391,7.456073050202278e-07
0,7392,7.456068338917137e-07
0,7393,7.456061789536467e-07
0,7394,7.456062753189199e-07
0,7395,7.456066097149422e-07
0,7396,7.456069420074226e-07
0,7397,7.456072557838984e-07
0,7398,7.45607486197304e-07
0,7399,7.456076310891946e-07
0,7400,7.45607641750573e-07
0,7401,7.456075028449776e-07
0,7402,7.456073940017098e-07
0,7403,7.456071243815224e-07
0,7404,7.456064929172659e-07
0,7405,7.456069124991072e-07
0,7406,7.456074111648961e-07
0,7407,7.45607579110347e-07
0,7408,7.456108367797921e-07
0,7409,1.161454371324231e-06
0,7410,7.456088588711377e-07
0,7411,7.456077422425992e-07
0,7412,7.456075806830754e-07
0,7413,7.456075179202532e-07
0,7414,7.456074675722675e-07
0,7415,7.456073794697974e-07
0,7416,7.456072040962555e-07
0,7417,7.45607100951739e-07
0,7418,7.456071206394935e-07
0,7419,7.456072090275458e-07
0,7420,7.456073468107463e-07
0,7421,7.456074547912739e-07
0,7422,7.456076054706408e-07
0,7423,1.1620748601469375e-06
0,7424,1.1614540795814388e-06
0,7425,7.456078584077384e-07
0,7426,7.456075846545283e-07
0,7427,7.456075333376741e-07
0,7428,7.456074858319448e-07
0,7429,7.456075071513287e-07
0,7430,7.456076620733752e-07
0,7431,1.161461077209959e-06
0,7432,1.1614619764000816e-06
0,7433,1.1614620547156332e-06
0,7434,1.161461998567686e-06
0,7435,1.161461528227441e-06
0,7436,7.45608431919283e-07
0,7437,7.456076739610574e-07
0,7438,7.456075526322139e-07
0,7439,7.456074832023785e-07
0,7440,7.456074342079514e-07
0,7441,7.456073685183017e-07
0,7442,7.456073186836367e-07
0,7443,7.456073016418979e-07
0,7444,7.456073167136007e-07
0,7445,7.456073615106423e-07
0,7446,7.456074468899811e-07
0,7447,7.45607501837559e-07
0,7448,7.456074867772031e-07
0,7449,7.456073746767208e-07
0,7450,7.45606971684562e-07
0,7451,7.456066519570191e-07
0,7452,7.456066398874518e-07
0,7453,7.45606772426131e-07
0,7454,7.45607408617309e-07
0,7455,7.456076383573997e-07
0,7456,1.1614065335812546e-06
0,7457,1.1614616241188044e-06
0,7458,1.1614615066169235e-06
0,7459,1.161456932971533e-06
0,7460,7.456085802631006e-07
0,7461,7.456078738231739e-07
0,7462,7.456076979386798e-07
0,7463,7.456075740239311e-07
0,7464,7.456075210172106e-07
0,7465,7.456074904582134e-07
0,7466,7.456074741225834e-07
0,7467,7.456074637711004e-07
0,7468,7.456074521023491e-07
0,7469,7.456074571301893e-07
0,7470,7.456074877018141e-07
0,7471,7.456075239699183e-07
0,7472,7.456074939781453e-07
0,7473,7.456073623182781e-07
0,7474,7.456071778323117e-07
0,7475,7.456071393561315e-07
0,7476,7.456071551824813e-07
0,7477,7.456072972861563e-07
0,7478,7.456074849181945e-07
0,7479,7.456077092954045e-07
0,7480,7.456096538638799e-07
0,7481,1.1614600485872494e-06
0,7482,1.1614199857185503e-06
0,7483,7.456087730467559e-07
0,7484,7.456078402028235e-07
0,7485,7.456076314134761e-07
0,7486,7.456075617047754e-07
0,7487,7.456075040458874e-07
0,7488,7.456074807514073e-07
0,7489,7.456074641052549e-07
0,7490,7.456074613631924e-07
0,7491,7.456074665158616e-07
0,7492,7.456074860498559e-07
0,7493,7.456075336779883e-07
0,7494,7.456078403414608e-07
0,7495,1.1614636079082493e-06
0,7496,1.1614639872849484e-06
0,7497,1.1614636522114504e-06
0,7498,7.45611389174248e-07
0,7499,7.456084848890678e-07
0,7500,7.456078799247198e-07
0,7501,7.45607881985529e-07
0,7502,7.456088589271333e-07
0,7503,1.1614644306700265e-06
0,7504,1.1614646867163364e-06
0,7505,1.1614647264464643e-06
0,7506,1.1614646346320433e-06
0,7507,1.1614642715828056e-06
0,7508,7.456097862482686e-07
0,7509,7.456079273887633e-07
0,7510,7.456076898683294e-07
0,7511,7.456075972493915e-07
0,7512,7.456075492151306e-07
0,7513,7.456075342145379e-07
0,7514,7.456075322565721e-07
0,7515,7.456075426911829e-07
0,7516,7.456075687650474e-07
0,7517,7.456076383406928e-07
0,7518,7.456080903913669e-07
0,7519,7020.092627584987
0,7520,8850.274247131982
0,7521,8965.39145469939
0,7522,8979.286966477395
0,7523,8867.650366266835
0,7524,5578.062592548979
0,7525,4388.095875309479
0,7526,8611.748587123246
0,7527,9745.147068182761
0,7528,9952.398802680236
0,7529,9976.975789268388
0,7530,9535.344796326337
0,7531,8059.305657828735
0,7532,369.90754863825623
0,7533,7.45608645679528e-07
0,7534,7.456079689074148e-07
0,7535,7.456077810046801e-07
0,7536,7.456077050160941e-07
0,7537,7.456076785566195e-07
0,7538,7.45607674824738e-07
0,7539,7.456076827265339e-07
0,7540,7.456077113723902e-07
0,7541,7.456078033951575e-07
0,7542,7.456087425120363e-07
0,7543,26561.990093670087
0,7544,26615.46524459263
0,7545,26618.136770555964
0,7546,26619.104878940303
0,7547,26619.04998708736
0,7548,26612.73834603313
0,7549,26591.65637642699
0,7550,26616.190467123044
0,7551,26620.142665641473
0,7552,26621.357929188263
0,7553,26620.820723770536
0,7554,26614.93689402249
0,7555,26006.78484171415
0,7556,7.458429720797763e-07
0,7557,7.456081092392222e-07
0,7558,7.456076325199841e-07
0,7559,7.456075190829059e-07
0,7560,7.456074479598397e-07
0,7561,7.456073815643184e-07
0,7562,7.456073453026381e-07
0,7563,7.456073015843556e-07
0,7564,7.456073145463347e-07
0,7565,7.456074009036087e-07
0,7566,7.456075272092112e-07
0,7567,7.456079341276185e-07
0,7568,7.456094624806699e-07
0,7569,7.456081510596986e-07
0,7570,7.456078033240779e-07
0,7571,7.456077097634105e-07
0,7572,7.456076049611691e-07
0,7573,7.456076318537452e-07
0,7574,7.456078375359826e-07
0,7575,7.456103083933094e-07
0,7576,1.1614545800322955e-06
0,7577,1.1614547432931933e-06
0,7578,7.456101608068358e-07
0,7579,7.456078262483114e-07
0,7580,7.456075899560042e-07
0,7581,7.456075268655649e-07
0,7582,7.456074811973278e-07
0,7583,7.456074154953521e-07
0,7584,7.456072532031008e-07
0,7585,7.456071840257167e-07
0,7586,7.456071781342756e-07
0,7587,7.456072476840323e-07
0,7588,7.456073241334992e-07
0,7589,7.456074238264056e-07
0,7590,7.456075501972229e-07
0,7591,7.456084250264305e-07
0,7592,7.45619805957037e-07
0,7593,7.45608055210958e-07
0,7594,7.456077193109829e-07
0,7595,7.456075933158061e-07
0,7596,7.456075341002901e-07
0,7597,7.456075416679755e-07
0,7598,7.456077759646274e-07
0,7599,7.458858658424808e-07
0,7600,1.161443921778082e-06
0,7601,1.1614433501732355e-06
0,7602,7.456083574530591e-07
0,7603,7.456076430147562e-07
0,7604,7.456075263487528e-07
0,7605,7.456074781001603e-07
0,7606,7.456074203918954e-07
0,7607,7.456073257868533e-07
0,7608,7.456072159720437e-07
0,7609,7.456071600916403e-07
0,7610,7.456072086790375e-07
0,7611,7.456072987037337e-07
0,7612,7.456073358376039e-07
0,7613,7.456074061700936e-07
0,7614,7.456074743279973e-07
0,7615,7.456075411600556e-07
0,7616,7.456075581179839e-07
0,7617,7.456074992875256e-07
0,7618,7.456074131259095e-07
0,7619,7.456073639675054e-07
0,7620,7.456073059781391e-07
0,7621,7.456073175911268e-07
0,7622,7.456074519365899e-07
0,7623,7.456075710309147e-07
0,7624,7.45607781489371e-07
0,7625,7.456080350806034e-07
0,7626,7.456076477922947e-07
0,7627,7.456075276723773e-07
0,7628,7.456074444730302e-07
0,7629,7.456072510747441e-07
0,7630,7.456066947391185e-07
0,7631,4.5119564910318027e-07
0,7632,4.5119222533748935e-07
0,7633,3.9047203743222144e-07
0,7634,3.9047190447932964e-07
0,7635,3.9047187563998215e-07
0,7636,3.90471859441485e-07
0,7637,3.904718792200465e-07
0,7638,4.5119261643865244e-07
0,7639,4.5119551214833563e-07
0,7640,4.5119551622677216e-07
0,7641,4.5119405715524754e-07
0,7642,3.904717930582695e-07
0,7643,3.904717669444199e-07
0,7644,3.9047175971743654e-07
0,7645,3.9047176276995016e-07
0,7646,3.904719190151028e-07
0,7647,4.51195505520645e-07
0,7648,4.5119553232922255e-07
0,7649,4.511955337325732e-07
0,7650,4.5119550792100933e-07
0,7651,4.5119541380024306e-07
0,7652,4.5119439589894433e-07
0,7653,3.904717627046134e-07
0,7654,3.904718757835051e-07
0,7655,3.9047172892914585e-07
0,7656,3.9047170872787593e-07
0,7657,3.904717032426193e-07
0,7658,3.904717032117602e-07
0,7659,3.9047170770165655e-07
0,7660,3.9047171599857297e-07
0,7661,3.904717506919227e-07
0,7662,4.5119540201065066e-07
0,7663,7.456068202495586e-07
0,7664,7.45607238978763e-07
0,7665,7.456071777984456e-07
0,7666,7.456069096355463e-07
0,7667,7.45605635486891e-07
0,7668,7.456056469177429e-07
0,7669,7.456070311758702e-07
0,7670,7.456074178601952e-07
0,7671,7.456075082528696e-07
0,7672,7.456075634936564e-07
0,7673,7.456076016708645e-07
0,7674,7.456075569811216e-07
0,7675,7.456074938332806e-07
0,7676,7.456074195299547e-07
0,7677,7.456072317478782e-07
0,7678,7.456068013432564e-07
0,7679,7.456016951970427e-07
0,7680,5.638971684010257e-07
0,7681,5.638971289637884e-07
0,7682,5.638971499097442e-07
0,7683,5.638971996920407e-07
0,7684,5.638974017076672e-07
0,7685,7.456051959017974e-07
0,7686,7.456072953306571e-07
0,7687,7.456075002933231e-07
0,7688,7.456075268790005e-07
0,7689,7.456074830706496e-07
0,7690,7.456074008600915e-07
0,7691,7.456073378300592e-07
0,7692,7.456073045508953e-07
0,7693,7.456073023152433e-07
0,7694,7.456074364338727e-07
0,7695,7.456075115048477e-07
0,7696,7.456075700523799e-07
0,7697,7.456076212089924e-07
0,7698,7.456075516727136e-07
0,7699,7.45607484999823e-07
0,7700,7.456073939637441e-07
0,7701,7.45607251691518e-07
0,7702,7.456070195988678e-07
0,7703,7.456051856838696e-07
0,7704,5.638977543498872e-07
0,7705,5.638973616708457e-07
0,7706,5.638973797107908e-07
0,7707,5.638975170546743e-07
0,7708,7.456003160377641e-07
0,7709,7.456068840992207e-07
0,7710,7.456074515450201e-07
0,7711,7.456075853065556e-07
0,7712,7.456076471956972e-07
0,7713,7.456075334770788e-07
0,7714,7.456074622427989e-07
0,7715,7.456073131917241e-07
0,7716,7.456067858627721e-07
0,7717,7.456070061052111e-07
0,7718,7.456074186926016e-07
0,7719,7.456075593079364e-07
0,7720,7.456076318545719e-07
0,7721,7.456075875225158e-07
0,7722,7.456074802651342e-07
0,7723,7.456072680684951e-07
0,7724,7.456055583631367e-07
0,7725,4.5119546025873983e-07
0,7726,1.7658353617451264e-07
0,7727,1.7658350495185075e-07
0,7728,1.7658349989063746e-07
0,7729,1.7658349825145718e-07
0,7730,1.7658349779978576e-07
0,7731,1.7658349815026343e-07
0,7732,1.7658349951474626e-07
0,7733,1.765835033102056e-07
0,7734,1.7658353158701396e-07
0,7735,7.455996559744176e-07
0,7736,7.456063731607087e-07
0,7737,7.456063291746841e-07
0,7738,7.456055332886999e-07
0,7739,7.456052236810137e-07
0,7740,7.456014419081707e-07
0,7741,5.638977393255912e-07
0,7742,7.456055810520696e-07
0,7743,7.456071442460916e-07
0,7744,7.456073310773465e-07
0,7745,7.456074045085368e-07
0,7746,7.456074093944804e-07
0,7747,7.456073742289301e-07
0,7748,7.456073268899799e-07
0,7749,7.456071409647046e-07
0,7750,7.456065296197642e-07
0,7751,5.638971262970356e-07
0,7752,5.638970035400674e-07
0,7753,5.638970125570415e-07
0,7754,5.638970476689424e-07
0,7755,5.638971246510066e-07
0,7756,7.455853888226842e-07
0,7757,7.456069841737595e-07
0,7758,7.456074765041334e-07
0,7759,7.45607713499229e-07
0,7760,7.456080145162629e-07
0,7761,7.456077400932649e-07
0,7762,7.456076150125821e-07
0,7763,7.45607609139066e-07
0,7764,7.456075959745172e-07
0,7765,7.456076646506526e-07
0,7766,7.456081676057656e-07
0,7767,7.456085284143369e-07
0,7768,7.456085787147295e-07
0,7769,7.456085824154757e-07
0,7770,7.456085245105009e-07
0,7771,7.456081871295463e-07
0,7772,7.456076079634638e-07
0,7773,7.456074949693602e-07
0,7774,7.456074096424391e-07
0,7775,7.456071251907878e-07
0,7776,7.456061320505491e-07
0,7777,4.511986067170416e-07
0,7778,4.511955787412477e-07
0,7779,4.5119541307381236e-07
0,7780,4.511952445214692e-07
0,7781,4.5119473497987373e-07
0,7782,4.5119479034643305e-07
0,7783,4.5119557086682285e-07
0,7784,4.5119556510898087e-07
0,7785,4.5119479435818777e-07
0,7786,4.5119433498581845e-07
0,7787,4.5119428982832363e-07
0,7788,4.5119426526516945e-07
0,7789,4.5119425662131173e-07
0,7790,4.5119427582078054e-07
0,7791,4.511957119629505e-07
0,7792,5.454425742658425e-07
0,7793,5.454425997204379e-07
0,7794,5.4544258300418e-07
0,7795,5.454425047475734e-07
0,7796,4.511958873474885e-07
0,7797,4.5119545564056374e-07
0,7798,4.5119516233671173e-07
0,7799,4.511941988528702e-07
0,7800,4.5119414605720327e-07
0,7801,4.511941290579381e-07
0,7802,4.511941214460884e-07
0,7803,4.511941212666343e-07
0,7804,4.5119412309791953e-07
0,7805,4.5119413517926057e-07
0,7806,4.511941514620375e-07
0,7807,4.5119430480257357e-07
0,7808,4.511954380979676e-07
0,7809,4.511944647012656e-07
0,7810,4.5119461847222826e-07
0,7811,4.511946282472663e-07
0,7812,4.5119450042185457e-07
0,7813,4.511953374647648e-07
0,7814,7.4560580062901e-07
0,7815,7.456073667500391e-07
0,7816,7.456075065313226e-07
0,7817,7.456075857398147e-07
0,7818,7.45607588033214e-07
0,7819,7.456075375379174e-07
0,7820,7.45607467127167e-07
0,7821,7.456073623304753e-07
0,7822,7.4560710098983e-07
0,7823,7.456046657015529e-07
0,7824,5.638973909499185e-07
0,7825,5.638972498543686e-07
0,7826,5.638972419287727e-07
0,7827,5.638972742070791e-07
0,7828,5.638973910788369e-07
0,7829,7.455944037088728e-07
0,7830,7.456073355808665e-07
0,7831,7.456075356578753e-07
0,7832,7.456076420424555e-07
0,7833,7.456076174688506e-07
0,7834,7.456075290878998e-07
0,7835,7.456074952172189e-07
0,7836,7.456074785370717e-07
0,7837,7.456074952769822e-07
0,7838,7.456076125033063e-07
0,7839,7.456103884226374e-07
0,7840,1.161209348925539e-06
0,7841,1.1612097361726445e-06
0,7842,7.456089831716794e-07
0,7843,7.456076742871296e-07
0,7844,7.456075343995824e-07
0,7845,7.456074665927468e-07
0,7846,7.456074043710973e-07
0,7847,7.456071992065749e-07
0,7848,7.4560568595266e-07
0,7849,7.454779549424734e-07
0,7850,7.454772111043972e-07
0,7851,7.454772965810906e-07
0,7852,7.45477941697836e-07
0,7853,7.456058735312605e-07
0,7854,7.456073849611814e-07
0,7855,7.456075732754267e-07
0,7856,7.456078063681009e-07
0,7857,7.456078297473571e-07
0,7858,7.456077754964401e-07
0,7859,7.456077143945936e-07
0,7860,7.456076659575736e-07
0,7861,7.456076874679888e-07
0,7862,7.456084060572581e-07
0,7863,1.1614588058781006e-06
0,7864,1.1614603915150534e-06
0,7865,1.1614606926354762e-06
0,7866,1.1614604570322726e-06
0,7867,7.456090714291413e-07
0,7868,7.456077375797133e-07
0,7869,7.456075815465916e-07
0,7870,7.456075114942564e-07
0,7871,7.456074466600049e-07
0,7872,7.456073032641354e-07
0,7873,7.456072188830791e-07
0,7874,7.456071769390223e-07
0,7875,7.456072139305672e-07
0,7876,7.456073110664185e-07
0,7877,7.456074350868074e-07
0,7878,7.456075584601716e-07
0,7879,7.456086919294615e-07
0,7880,1.1614609637290046e-06
0,7881,1.1614585079054792e-06
0,7882,7.456096128210407e-07
0,7883,7.456085008399552e-07
0,7884,7.456079674765796e-07
0,7885,7.456080678922152e-07
0,7886,1.1614565711073724e-06
0,7887,1.161462822793895e-06
0,7888,1.1614629586935518e-06
0,7889,1.161462976298996e-06
0,7890,1.1614590813184157e-06
0,7891,7.456082319870373e-07
0,7892,7.45607684822195e-07
0,7893,7.456075635650969e-07
0,7894,7.456075168904847e-07
0,7895,7.456074504373805e-07
0,7896,7.456073749153605e-07
0,7897,7.456073344050561e-07
0,7898,7.456073127163929e-07
0,7899,7.456073275804997e-07
0,7900,7.456073789138795e-07
0,7901,7.456074578684175e-07
0,7902,7.456075941146327e-07
0,7903,7.456089504635207e-07
0,7904,6102.189832790183
0,7905,7132.334130667884
0,7906,7581.051089802136
0,7907,7729.468343913372
0,7908,4406.820797503836
0,7909,5026.072568327284
0,7910,8200.909001527874
0,7911,9124.745998825716
0,7912,9346.051026945546
0,7913,9425.62404598396
0,7914,9205.494378841495
0,7915,8508.879543008134
0,7916,5122.164298089292
0,7917,7.456101635147002e-07
0,7918,7.456081706730345e-07
0,7919,7.456078708442793e-07
0,7920,7.456077771469634e-07
0,7921,7.456077485342074e-07
0,7922,7.456077426793649e-07
0,7923,7.456077518425623e-07
0,7924,7.456077837811118e-07
0,7925,7.456078874260233e-07
0,7926,7.456095173668938e-07
0,7927,22290.178503451574
0,7928,22744.252378683672
0,7929,22764.71003365994
0,7930,22702.414861266847
0,7931,22378.90501636478
0,7932,7106.360292818565
0,7933,3388.3427626552884
0,7934,21566.56470720146
0,7935,22820.16618251731
0,7936,22863.407253324476
0,7937,22855.648841483828
0,7938,22701.278126095534
0,7939,20695.893865596427
0,7940,662.8344512016295
0,7941,7.456084102985706e-07
0,7942,7.456077759660742e-07
0,7943,7.456075950078544e-07
0,7944,7.456075448537867e-07
0,7945,7.456075130101573e-07
0,7946,7.456074930335511e-07
0,7947,7.456074893513243e-07
0,7948,7.456074908472625e-07
0,7949,7.456075061913168e-07
0,7950,7.456075537889391e-07
0,7951,7.456076599374597e-07
0,7952,7.456081143554655e-07
0,7953,7.456084670759666e-07
0,7954,7.456082673076726e-07
0,7955,7.456081328099062e-07
0,7956,7.456078296079728e-07
0,7957,7.456077271310554e-07
0,7958,7.456078360521249e-07
0,7959,7.456082433306483e-07
0,7960,7.456117383583781e-07
0,7961,1.1614623786946936e-06
0,7962,1.1614334192384684e-06
0,7963,7.456090324860612e-07
0,7964,7.456078433360746e-07
0,7965,7.456076734986757e-07
0,7966,7.45607594729084e-07
0,7967,7.456075407554026e-07
0,7968,7.456075043461284e-07
0,7969,7.456074797332263e-07
0,7970,7.456074656434685e-07
0,7971,7.456074675616881e-07
0,7972,7.456074660458616e-07
0,7973,7.456074777924315e-07
0,7974,7.45607507726891e-07
0,7975,7.456075677874274e-07
0,7976,7.456076684187244e-07
0,7977,7.456076211602287e-07
0,7978,7.456075755884348e-07
0,7979,7.456075786384277e-07
0,7980,7.456075512382349e-07
0,7981,7.456075404669421e-07
0,7982,7.456076274246912e-07
0,7983,7.456083684185528e-07
0,7984,1.1614626817042743e-06
0,7985,1.1614633755886231e-06
0,7986,1.161463405484712e-06
0,7987,1.1614632757120986e-06
0,7988,1.16145252151097e-06
0,7989,7.456082990754688e-07
0,7990,7.456077878049029e-07
0,7991,7.456075929081715e-07
0,7992,7.456075415451795e-07
0,7993,7.456075178522923e-07
0,7994,7.456075074847022e-07
0,7995,7.456075115551733e-07
0,7996,7.456075232647719e-07
0,7997,7.456075718018926e-07
0,7998,7.45608186610637e-07
0,7999,1.1614633302497955e-06
0,8000,1.1614634359565393e-06
0,8001,1.1614626531163228e-06
0,8002,7.456079415063783e-07
0,8003,7.45607597231265e-07
0,8004,7.45607533679579e-07
0,8005,7.456075473802929e-07
0,8006,7.456076887085922e-07
0,8007,7.456102970720551e-07
0,8008,1.1614623138830359e-06
0,8009,1.1614616270573887e-06
0,8010,7.45608280675206e-07
0,8011,7.456076339327774e-07
0,8012,7.456075141351543e-07
0,8013,7.456074447487022e-07
0,8014,7.456073798240621e-07
0,8015,7.456072751943241e-07
0,8016,7.456072567605561e-07
0,8017,7.456072728257252e-07
0,8018,7.45607304618331e-07
0,8019,7.456073608611646e-07
0,8020,7.456074306462558e-07
0,8021,7.456075051384091e-07
0,8022,7.456077340000216e-07
0,8023,7106.294647895598
0,8024,27464.581005566706
0,8025,27464.581005566695
0,8026,27464.581005566713
0,8027,27464.581005566684
0,8028,27464.581005566713
0,8029,27464.581005566695
0,8030,27464.5810055667
0,8031,27464.581005566703
0,8032,27464.581005566703
0,8033,27464.5810055667
0,8034,27464.5810055667
0,8035,27464.581005566695
0,8036,11507.82907430797
0,8037,7.456104119928199e-07
0,8038,7.456082664251693e-07
0,8039,7.456078832703645e-07
0,8040,7.456077676295556e-07
0,8041,7.456077344462233e-07
0,8042,7.456077242509587e-07
0,8043,7.456077294188524e-07
0,8044,7.456077567947844e-07
0,8045,7.4560783813546e-07
0,8046,7.456086136788926e-07
0,8047,25620.588195625107
0,8048,26038.738502920376
0,8049,26046.86154045931
0,8050,26049.82393666319
0,8051,26050.663507021425
0,8052,26039.580093656466
0,8053,26028.202733715007
0,8054,26051.52323343478
0,8055,26056.567267935192
0,8056,26056.939039513036
0,8057,26053.123606880737
0,8058,26028.887075473867
0,8059,18534.78453227477
0,8060,7.456119156202884e-07
0,8061,7.456078633405567e-07
0,8062,7.456076051439893e-07
0,8063,7.456075127913721e-07
0,8064,7.456074410437919e-07
0,8065,7.456073885302005e-07
0,8066,7.456073596905989e-07
0,8067,7.456073388638036e-07
0,8068,7.456073547055898e-07
0,8069,7.456074266732224e-07
0,8070,7.456075319287805e-07
0,8071,7.456079340908404e-07
0,8072,7.45699054344676e-07
0,8073,1.1614491736638172e-06
0,8074,1.1614480004374451e-06
0,8075,1.1614432081226017e-06
0,8076,7.45608777440204e-07
0,8077,7.456078704630959e-07
0,8078,7.456078604251405e-07
0,8079,7.456079830466579e-07
0,8080,7.456080295189003e-07
0,8081,7.456078024267634e-07
0,8082,7.456075743301504e-07
0,8083,7.456074872755058e-07
0,8084,7.456073646565142e-07
0,8085,7.456069803511862e-07
0,8086,7.456047052734465e-07
0,8087,4.511958030988523e-07
0,8088,4.511956931248124e-07
0,8089,4.5119566981176364e-07
0,8090,4.5119566080748323e-07
0,8091,4.5119565971145817e-07
0,8092,4.5119566704431896e-07
0,8093,4.511956969366978e-07
0,8094,4.5119652059118674e-07
0,8095,7.45607394653915e-07
0,8096,7.456075153551511e-07
0,8097,7.456075380578771e-07
0,8098,7.456075724329542e-07
0,8099,7.456075913334542e-07
0,8100,7.45607548858113e-07
0,8101,7.456075419316738e-07
0,8102,7.456076149094898e-07
0,8103,7.456078920950231e-07
0,8104,7.456084094395894e-07
0,8105,7.456093537514432e-07
0,8106,7.456083203946172e-07
0,8107,7.456077740382272e-07
0,8108,7.456076316395662e-07
0,8109,7.456075609860222e-07
0,8110,7.456075140263885e-07
0,8111,7.456074650977285e-07
0,8112,7.456074080741813e-07
0,8113,7.456072649968199e-07
0,8114,7.456071671786345e-07
0,8115,7.456071994402442e-07
0,8116,7.456072409817757e-07
0,8117,7.456073501774685e-07
0,8118,7.456074515381795e-07
0,8119,7.456075135821519e-07
0,8120,7.456075531610979e-07
0,8121,7.456075832121498e-07
0,8122,7.456076083540206e-07
0,8123,7.456076715873289e-07
0,8124,7.456077154947776e-07
0,8125,7.456077925099185e-07
0,8126,7.456079025911572e-07
0,8127,7.456083202551278e-07
0,8128,7.456124947973705e-07
0,8129,1.1613661188537954e-06
0,8130,1.1613627801770787e-06
0,8131,7.456093664096882e-07
0,8132,7.456079420451015e-07
0,8133,7.456076917837115e-07
0,8134,7.456076083336308e-07
0,8135,7.456075273994988e-07
0,8136,7.456074788028402e-07
0,8137,7.45607444343092e-07
0,8138,7.456074198191639e-07
0,8139,7.456073866176272e-07
0,8140,7.456073316682265e-07
0,8141,7.456073213643147e-07
0,8142,7.456073917232589e-07
0,8143,7.456074592854189e-07
0,8144,7.456074938880514e-07
0,8145,7.456075217239207e-07
0,8146,7.456075516683311e-07
0,8147,7.456076237517328e-07
0,8148,7.456076095724148e-07
0,8149,7.45607584432526e-07
0,8150,7.456076161424597e-07
0,8151,7.456077287505281e-07
0,8152,7.456079635270954e-07
0,8153,7.456087878043365e-07
0,8154,7.456086646008837e-07
0,8155,7.456080530330042e-07
0,8156,7.456076895467449e-07
0,8157,7.456075802193079e-07
0,8158,7.456075264491448e-07
0,8159,7.456074637246288e-07
0,8160,7.456074031033295e-07
0,8161,7.456073042697973e-07
0,8162,7.456071449706318e-07
0,8163,7.456070954176983e-07
0,8164,7.456071438323228e-07
0,8165,7.456073027990432e-07
0,8166,7.456074677287331e-07
0,8167,7.456076271999124e-07
0,8168,7.456081434234611e-07
0,8169,7.456081624110378e-07
0,8170,7.456079268861628e-07
0,8171,7.456078693306399e-07
0,8172,7.456077155278271e-07
0,8173,7.45607660892054e-07
0,8174,7.456078331262647e-07
0,8175,7.456085572702625e-07
0,8176,1.1614560649775426e-06
0,8177,1.1614584170206465e-06
0,8178,1.1614580776238754e-06
0,8179,7.456137108192741e-07
0,8180,7.456083025024387e-07
0,8181,7.456077986742075e-07
0,8182,7.456076279331075e-07
0,8183,7.45607544948136e-07
0,8184,7.456074918186381e-07
0,8185,7.456074645921769e-07
0,8186,7.456074509852804e-07
0,8187,7.456074605758652e-07
0,8188,7.456074778320761e-07
0,8189,7.456075249222206e-07
0,8190,7.456077507264371e-07
0,8191,1.1614638680801552e-06
0,8192,1.1614646659079116e-06
0,8193,1.1614647085263845e-06
0,8194,1.1614644845636125e-06
0,8195,7.456506986022243e-07
0,8196,7.45608532394726e-07
0,8197,7.45608828999157e-07
0,8198,1.161464358609349e-06
0,8199,1.1614649408021547e-06
0,8200,1.1614649777703656e-06
0,8201,1.1614649303419856e-06
0,8202,1.1614646152474165e-06
0,8203,7.456151536527976e-07
0,8204,7.456085383890308e-07
0,8205,7.456079657869369e-07
0,8206,7.456077414009161e-07
0,8207,7.456076245945848e-07
0,8208,7.456075747435804e-07
0,8209,7.456075522547439e-07
0,8210,7.456075459050969e-07
0,8211,7.456075559711179e-07
0,8212,7.456075811863434e-07
0,8213,7.45607654663919e-07
0,8214,7.45608087843458e-07
0,8215,18536.65649588815
0,8216,27464.58100558119
0,8217,27464.581005581207
0,8218,27464.5810055812
0,8219,27464.581005581207
0,8220,27464.581005581207
0,8221,27464.581005581196
0,8222,27464.5810055812
0,8223,27464.5810055812
0,8224,27464.5810055812
0,8225,27464.5810055812
0,8226,27464.581005581203
0,8227,27464.581005581196
0,8228,13451.4440593286
0,8229,7.456118196459006e-07
0,8230,7.456082350568236e-07
0,8231,7.456079001031351e-07
0,8232,7.456077854213352e-07
0,8233,7.456077499846734e-07
0,8234,7.456077403739174e-07
0,8235,7.456077495733779e-07
0,8236,7.456077755717176e-07
0,8237,7.456078627551079e-07
0,8238,7.456086552590013e-07
0,8239,27464.581005577755
0,8240,27464.58100558345
0,8241,27464.581005583485
0,8242,27464.581005583485
0,8243,27464.58100558348
0,8244,27464.581005583485
0,8245,27464.58100558345
0,8246,27464.58100558345
0,8247,27464.58100558345
0,8248,27464.58100558345
0,8249,27464.58100558345
0,8250,27464.58100558345
0,8251,27464.581005582728
0,8252,13345.778660448525
0,8253,7.456108504387507e-07
0,8254,7.456080421336299e-07
0,8255,7.456076416909893e-07
0,8256,7.45607539848686e-07
0,8257,7.456075007264906e-07
0,8258,7.456074713548185e-07
0,8259,7.45607445796238e-07
0,8260,7.456074392322781e-07
0,8261,7.456074745375075e-07
0,8262,7.456075634635783e-07
0,8263,7.456083461512205e-07
0,8264,1.161460707011194e-06
0,8265,1.161442607083025e-06
0,8266,7.456116834884071e-07
0,8267,7.456095000790632e-07
0,8268,7.456080846620717e-07
0,8269,7.456078658825043e-07
0,8270,7.456080938786117e-07
0,8271,7.45608361669208e-07
0,8272,7.456087673853587e-07
0,8273,7.456093853242355e-07
0,8274,7.456078726017609e-07
0,8275,7.456076326607423e-07
0,8276,7.456075526841709e-07
0,8277,7.456074939994481e-07
0,8278,7.456074459458376e-07
0,8279,7.456073015177195e-07
0,8280,7.45607092847326e-07
0,8281,7.456069429691557e-07
0,8282,7.456069035078812e-07
0,8283,7.45607006892674e-07
0,8284,7.456070810578963e-07
0,8285,7.456072712505709e-07
0,8286,7.456074110456559e-07
0,8287,7.456075054686537e-07
0,8288,7.456075975941017e-07
0,8289,7.456078208304058e-07
0,8290,7.45608305144038e-07
0,8291,7.456094466673576e-07
0,8292,7.456092618791564e-07
0,8293,7.45609270168934e-07
0,8294,7.45611938286038e-07
0,8295,1.1614597050262475e-06
0,8296,1.1614616294801163e-06
0,8297,1.1614618375869906e-06
0,8298,1.161461724226447e-06
0,8299,1.1614606316677625e-06
0,8300,7.456091741764638e-07
0,8301,7.456079940185281e-07
0,8302,7.456077495108517e-07
0,8303,7.45607598286624e-07
0,8304,7.456075414962226e-07
0,8305,7.456075045773125e-07
0,8306,7.456074884621142e-07
0,8307,7.456074814407786e-07
0,8308,7.456074857766708e-07
0,8309,7.456074946167895e-07
0,8310,7.456075150025025e-07
0,8311,7.456075697393386e-07
0,8312,7.456076885169883e-07
0,8313,7.456079916700022e-07
0,8314,7.456085916013718e-07
0,8315,7.456229483933451e-07
0,8316,7.456100838537876e-07
0,8317,7.45608557390099e-07
0,8318,7.456087546308196e-07
0,8319,7.456116999030975e-07
0,8320,1.161460312438978e-06
0,8321,1.161460962176993e-06
0,8322,1.1614607504660747e-06
0,8323,7.456118168754744e-07
0,8324,7.456079164408913e-07
0,8325,7.456076174435108e-07
0,8326,7.45607524126716e-07
0,8327,7.456074372959185e-07
0,8328,7.456071909083134e-07
0,8329,7.456065227015566e-07
0,8330,7.45606315001602e-07
0,8331,7.456062836452453e-07
0,8332,7.45606282371323e-07
0,8333,7.456063834089806e-07
0,8334,7.456072353167804e-07
0,8335,7.456075032983605e-07
0,8336,7.456076055393114e-07
0,8337,7.456075765039012e-07
0,8338,7.456075307863787e-07
0,8339,7.45607509046902e-07
0,8340,7.456074768113675e-07
0,8341,7.456074982195611e-07
0,8342,7.456075879782771e-07
0,8343,7.456080673723589e-07
0,8344,7.456140600083779e-07
0,8345,1.1612383270238582e-06
0,8346,7.456086722957731e-07
0,8347,7.456078243031375e-07
0,8348,7.456076168570913e-07
0,8349,7.45607550774774e-07
0,8350,7.456075032341503e-07
0,8351,7.45607442514314e-07
0,8352,7.45607278924315e-07
0,8353,7.456070197549675e-07
0,8354,7.456069891129933e-07
0,8355,7.45607046751029e-07
0,8356,7.456071934379756e-07
0,8357,7.456073774892107e-07
0,8358,7.456075092653502e-07
0,8359,7.456078736463676e-07
0,8360,1.1614619867792879e-06
0,8361,1.1614640407510876e-06
0,8362,1.161464254167344e-06
0,8363,1.161464465095204e-06
0,8364,1.1614644007371324e-06
0,8365,1.1614645288554837e-06
0,8366,1.161464765790467e-06
0,8367,1.161464826720061e-06
0,8368,1.1614648630565445e-06
0,8369,1.1614648402173581e-06
0,8370,1.161464556042324e-06
0,8371,7.456168380291587e-07
0,8372,7.456081738730843e-07
0,8373,7.456078050201784e-07
0,8374,7.456076528240042e-07
0,8375,7.456075805778942e-07
0,8376,7.456075428417345e-07
0,8377,7.456075332184593e-07
0,8378,7.456075372621709e-07
0,8379,7.456075427165972e-07
0,8380,7.456075605568814e-07
0,8381,7.456076262828976e-07
0,8382,7.456080316278701e-07
0,8383,1.161464085785905e-06
0,8384,1.1614644119558398e-06
0,8385,1.1614644248010979e-06
0,8386,1.161464287351503e-06
0,8387,1.1614634855619837e-06
0,8388,7.456135575030851e-07
0,8389,7.456098269953611e-07
0,8390,1.1614636725601668e-06
0,8391,1.1614641504801063e-06
0,8392,1.1614641112542646e-06
0,8393,1.1614638330304197e-06
0,8394,7.456253115792334e-07
0,8395,7.456077319368916e-07
0,8396,7.456075462958772e-07
0,8397,7.456074796688179e-07
0,8398,7.456074048095554e-07
0,8399,7.456071517153942e-07
0,8400,7.456048079578175e-07
0,8401,5.639351653994872e-07
0,8402,5.639193971788431e-07
0,8403,5.639192578280997e-07
0,8404,7.454961768157482e-07
0,8405,7.456066781317653e-07
0,8406,7.456074040608867e-07
0,8407,7.456075562087462e-07
0,8408,7.456077254206383e-07
0,8409,7.456076736552531e-07
0,8410,7.45607645247081e-07
0,8411,7.456076190476879e-07
0,8412,7.456075668795233e-07
0,8413,7.456075706357247e-07
0,8414,7.456076483496e-07
0,8415,7.456079029863777e-07
0,8416,7.456087417902321e-07
0,8417,7.456092236980062e-07
0,8418,7.456078386894043e-07
0,8419,7.456075775726569e-07
0,8420,7.456075051201386e-07
0,8421,7.456074524168999e-07
0,8422,7.456073708794908e-07
0,8423,7.456071440037403e-07
0,8424,7.45606139471769e-07
0,8425,7.456044381625044e-07
0,8426,7.456052662613702e-07
0,8427,7.45605697737365e-07
0,8428,7.456066379884141e-07
0,8429,7.45607259023774e-07
0,8430,7.456074809944499e-07
0,8431,7.456076262141558e-07
0,8432,7.456079927412837e-07
0,8433,7.456077489262922e-07
0,8434,7.456075696577812e-07
0,8435,7.45607515857977e-07
0,8436,7.456074884361645e-07
0,8437,7.456075284794303e-07
0,8438,7.456076848080191e-07
0,8439,7.456092266619202e-07
0,8440,7.456150775086251e-07
0,8441,7.456086808517749e-07
0,8442,7.456076798610112e-07
0,8443,7.456075483564594e-07
0,8444,7.456074958896208e-07
0,8445,7.456074384034513e-07
0,8446,7.456073489177052e-07
0,8447,7.456068562300427e-07
0,8448,7.456053877592103e-07
0,8449,5.639072392702826e-07
0,8450,5.639049525413557e-07
0,8451,5.639047928685876e-07
0,8452,5.639047699593907e-07
0,8453,5.639316769498186e-07
0,8454,7.456055864029834e-07
0,8455,7.456072299358257e-07
0,8456,7.456074010921074e-07
0,8457,7.456074161665596e-07
0,8458,7.456073647281952e-07
0,8459,7.456072877642236e-07
0,8460,7.456071673651664e-07
0,8461,7.456072625229281e-07
0,8462,7.4560743630201e-07
0,8463,7.456074957357302e-07
0,8464,7.456074980934413e-07
0,8465,7.456075138763875e-07
0,8466,7.456075007079016e-07
0,8467,7.456074696181587e-07
0,8468,7.45607428993537e-07
0,8469,7.456074015492341e-07
0,8470,7.456073634862382e-07
0,8471,7.456072230750231e-07
0,8472,7.456069092974175e-07
0,8473,7.456061888072776e-07
0,8474,7.456049202694024e-07
0,8475,7.456051794280857e-07
0,8476,7.456057353154379e-07
0,8477,7.456064180122908e-07
0,8478,7.456070327542924e-07
0,8479,7.456073618344173e-07
0,8480,7.456074575017912e-07
0,8481,7.456074931143868e-07
0,8482,7.456075219172644e-07
0,8483,7.456075744035238e-07
0,8484,7.456075761495315e-07
0,8485,7.456075646407e-07
0,8486,7.456076035669817e-07
0,8487,7.456076714788359e-07
0,8488,7.456077815400117e-07
0,8489,7.456081298533224e-07
0,8490,7.456079865218308e-07
0,8491,7.456077329501971e-07
0,8492,7.456075991177649e-07
0,8493,7.456075240203405e-07
0,8494,7.4560746818669e-07
0,8495,7.456073450805918e-07
0,8496,7.456068158343333e-07
0,8497,7.456045391025331e-07
0,8498,7.456020678300873e-07
0,8499,7.456055236974477e-07
0,8500,7.456065338982344e-07
0,8501,7.456071979289087e-07
0,8502,7.456074707687259e-07
0,8503,7.45607671955258e-07
0,8504,7.456085620138791e-07
0,8505,7.456084050221431e-07
0,8506,7.456079751826397e-07
0,8507,7.456078566749885e-07
0,8508,7.456077623668128e-07
0,8509,7.456079172600839e-07
0,8510,7.45608785442175e-07
0,8511,7.45608871951222e-07
0,8512,7.456078921109015e-07
0,8513,7.456076448381165e-07
0,8514,7.456075250597668e-07
0,8515,7.456074244409162e-07
0,8516,7.456069957443956e-07
0,8517,4.5119650377906505e-07
0,8518,4.5119521718050265e-07
0,8519,1.7658360897900785e-07
0,8520,1.7658359891228046e-07
0,8521,1.7658359643815355e-07
0,8522,1.7658359581680025e-07
0,8523,1.7658359592677859e-07
0,8524,1.7658359616493672e-07
0,8525,1.7658359807518702e-07
0,8526,1.7658360860308107e-07
0,8527,4.511958699412647e-07
0,8528,7.456071640341332e-07
0,8529,7.456072998679178e-07
0,8530,7.456073008707913e-07
0,8531,7.456071874705946e-07
0,8532,7.456064483008252e-07
0,8533,7.456069309810899e-07
0,8534,7.456073491175694e-07
0,8535,7.456074926653763e-07
0,8536,7.456076054820012e-07
0,8537,7.456081997419686e-07
0,8538,7.456085870101619e-07
0,8539,7.456083308832161e-07
0,8540,7.456078038586302e-07
0,8541,7.45607653190866e-07
0,8542,7.456075594074153e-07
0,8543,7.456075002450879e-07
0,8544,7.456074473827832e-07
0,8545,7.456074263047647e-07
0,8546,7.456074209539949e-07
0,8547,7.456074245913255e-07
0,8548,7.456074510646677e-07
0,8549,7.456075127724104e-07
0,8550,7.456078275472229e-07
0,8551,5939.741832278935
0,8552,6663.708576497761
0,8553,6770.86423544052
0,8554,6762.004561476478
0,8555,6733.3179415208415
0,8556,6623.141251621274
0,8557,6435.918574196494
0,8558,6317.492955076472
0,8559,6182.395218542504
0,8560,5961.2290753461275
0,8561,5289.422607581445
0,8562,7.456086700988492e-07
0,8563,7.456076361768946e-07
0,8564,7.456074998676585e-07
0,8565,7.456074163933341e-07
0,8566,7.456072234613057e-07
0,8567,7.45604801348267e-07
0,8568,5.638995504414982e-07
0,8569,5.638993995490144e-07
0,8570,5.638993573749289e-07
0,8571,5.638993359354747e-07
0,8572,5.638993380046898e-07
0,8573,5.638994549836582e-07
0,8574,7.456072184617293e-07
0,8575,7.456075102913764e-07
0,8576,7.456076446913511e-07
0,8577,7.456076703160206e-07
0,8578,7.456076046943029e-07
0,8579,7.45607584378138e-07
0,8580,7.456075681511044e-07
0,8581,7.456075956160494e-07
0,8582,7.456077206020237e-07
0,8583,7.456084705087031e-07
0,8584,7.456118826662175e-07
0,8585,7.456119640917403e-07
0,8586,7.456118219623223e-07
0,8587,7.456086159230098e-07
0,8588,7.456077375173395e-07
0,8589,7.456075685795099e-07
0,8590,7.456074955996679e-07
0,8591,7.456074236533805e-07
0,8592,7.456073622020736e-07
0,8593,7.456072904698789e-07
0,8594,7.456072473608418e-07
0,8595,7.456072207320114e-07
0,8596,7.456072592268535e-07
0,8597,7.45607317586031e-07
0,8598,7.456073995337175e-07
0,8599,7.456074813593144e-07
0,8600,7.456075447395948e-07
0,8601,7.456075959945376e-07
0,8602,7.456076016113537e-07
0,8603,7.456076131472665e-07
0,8604,7.456075520293738e-07
0,8605,7.456075400432884e-07
0,8606,7.456075967638113e-07
0,8607,7.456078772000724e-07
0,8608,7.456095043605945e-07
0,8609,7.45610996243487e-07
0,8610,7.45610908584708e-07
0,8611,7.456101710226817e-07
0,8612,7.45607984296062e-07
0,8613,7.456076989889718e-07
0,8614,7.456075974549546e-07
0,8615,7.45607517480494e-07
0,8616,7.456074778631198e-07
0,8617,7.456074249573776e-07
0,8618,7.456073710730683e-07
0,8619,7.456072973220045e-07
0,8620,7.456072643794159e-07
0,8621,7.456071472425537e-07
0,8622,7.45607225661772e-07
0,8623,7.456073542676348e-07
0,8624,7.456074270483868e-07
0,8625,7.456074212633652e-07
0,8626,7.456073786958312e-07
0,8627,7.456073316073164e-07
0,8628,7.456070965432984e-07
0,8629,7.456063362398351e-07
0,8630,7.456064871452751e-07
0,8631,7.456069870637241e-07
0,8632,7.4560723708259e-07
0,8633,7.456072636794228e-07
0,8634,7.456071289448684e-07
0,8635,7.4560625201518e-07
0,8636,4.51195651976499e-07
0,8637,1.7658359545580074e-07
0,8638,1.7658351296244377e-07
0,8639,1.765834972062647e-07
0,8640,1.7658349171625368e-07
0,8641,1.7658348906383988e-07
0,8642,1.765834875509683e-07
0,8643,1.7658348665092592e-07
0,8644,1.7658348616174619e-07
0,8645,1.7658348603332117e-07
0,8646,1.7658348618079807e-07
0,8647,1.7658348659751118e-07
0,8648,1.7658348717893746e-07
0,8649,1.765834877611481e-07
0,8650,1.7658348838055407e-07
0,8651,1.7658348923342096e-07
0,8652,1.7658349031806867e-07
0,8653,1.7658349182885696e-07
0,8654,1.7658349441488328e-07
0,8655,1.765834983919681e-07
0,8656,1.765835035468789e-07
0,8657,1.7658350820956318e-07
0,8658,1.765835109937626e-07
0,8659,1.7658351294388782e-07
0,8660,1.765835143734736e-07
0,8661,1.7658351557547689e-07
0,8662,1.7658351677995477e-07
0,8663,1.7658351814744923e-07
0,8664,1.7658352009317666e-07
0,8665,1.7658352373695147e-07
0,8666,1.7658353494096712e-07
0,8667,1.7658360883563694e-07
0,8668,4.511955455608682e-07
0,8669,7.456065291130844e-07
0,8670,7.45607455754889e-07
0,8671,7.456077093670397e-07
0,8672,1.1614551302826078e-06
0,8673,1.1614592272025445e-06
0,8674,1.1614599442418806e-06
0,8675,1.161460374499405e-06
0,8676,1.161460550266856e-06
0,8677,1.1614606558985765e-06
0,8678,1.161461023185371e-06
0,8679,1.1614611308958052e-06
0,8680,1.1614611772664714e-06
0,8681,1.1614611533050985e-06
0,8682,1.1614609445561868e-06
0,8683,1.1614597480095917e-06
0,8684,7.45608714621381e-07
0,8685,7.456077990111844e-07
0,8686,7.456076015179717e-07
0,8687,7.456075278844405e-07
0,8688,7.456074680850359e-07
0,8689,7.456074252234679e-07
0,8690,7.456073711602839e-07
0,8691,7.45607355363382e-07
0,8692,7.456073609082393e-07
0,8693,7.456074397877488e-07
0,8694,7.456075435864916e-07
0,8695,7.456084465090054e-07
0,8696,1.161458589241862e-06
0,8697,1.1614583924789985e-06
0,8698,1.1614532426575248e-06
0,8699,7.456094124265844e-07
0,8700,7.456079604998843e-07
0,8701,7.456077810487919e-07
0,8702,7.456079492954053e-07
0,8703,7.456097423221919e-07
0,8704,1.1614563261725118e-06
0,8705,1.161455833422821e-06
0,8706,7.456085145501643e-07
0,8707,7.456076539048334e-07
0,8708,7.456075301142174e-07
0,8709,7.456074614629966e-07
0,8710,7.456073368797865e-07
0,8711,7.456068009516951e-07
0,8712,7.45602946083168e-07
0,8713,7.456025231222227e-07
0,8714,7.456024360790892e-07
0,8715,7.45602395210483e-07
0,8716,7.456023959869243e-07
0,8717,7.456027485096584e-07
0,8718,7.456072901475541e-07
0,8719,7.456075309223377e-07
0,8720,7.456077170981517e-07
0,8721,7.45607643758097e-07
0,8722,7.456075632878528e-07
0,8723,7.456075314511386e-07
0,8724,7.456075093485847e-07
0,8725,7.456075288761483e-07
0,8726,7.456076401621897e-07
0,8727,7.456080455964158e-07
0,8728,7.456174931872815e-07
0,8729,7.456106327067344e-07
0,8730,7.456077909018298e-07
0,8731,7.456075949120261e-07
0,8732,7.456075102450064e-07
0,8733,7.456074483858193e-07
0,8734,7.456073607257731e-07
0,8735,7.456069255408921e-07
0,8736,7.456026094626034e-07
0,8737,7.456023635013032e-07
0,8738,7.456023751168524e-07
0,8739,7.45602535577627e-07
0,8740,7.456054958135076e-07
0,8741,7.456071672523772e-07
0,8742,7.456074901890738e-07
0,8743,7.456077597265857e-07
0,8744,7.456097168450892e-07
0,8745,7.45608074089874e-07
0,8746,7.456076571194861e-07
0,8747,7.45607586499881e-07
0,8748,7.456075660131966e-07
0,8749,7.45607598362713e-07
0,8750,7.456084334480013e-07
0,8751,1.16144951874299e-06
0,8752,1.1614499017480936e-06
0,8753,1.161449897824183e-06
0,8754,1.1614497253738722e-06
0,8755,1.1614486941392584e-06
0,8756,7.456084872755018e-07
0,8757,7.456077785766737e-07
0,8758,7.456076175574215e-07
0,8759,7.456075392202079e-07
1,0,60291.885946832925
1,1,53599.96148017731
1,2,47678.01169864289
1,3,44899.76194408811
1,4,43664.92653313177
1,5,44961.44963708479
1,6,51474.18916019536
1,7,63171.40562639556
1,8,75837.07417228809
1,9,71444.39872219777
1,10,61541.62364162033
1,11,57434.187033241215
1,12,47736.13347000627
1,13,46292.889574755995
1,14,61188.07166517557
1,15,87408.82253013247
1,16,107216.0162825489
1,17,117579.24518975819
1,18,116606.0755129758
1,19,104753.60848932352
1,20,88644.2211462021
1,21,72454.73250533249
1,22,65228.98819205371
1,23,52079.32824550911
1,24,41056.98324296304
1,25,36784.30545208827
1,26,36690.61152805752
1,27,38338.68258341798
1,28,40584.17799610302
1,29,49920.85245548656
1,30,75464.66764690157
1,31,110539.79886974744
1,32,117579.24518975806
1,33,117579.24518975806
1,34,113667.7912521806
1,35,109048.9875494747
1,36,101171.60231834493
1,37,101302.80738956056
1,38,113143.52305846331
1,39,117579.24518975806
1,40,117579.24518975808
1,41,117579.24518975806
1,42,112524.8570046079
1,43,89435.94693094805
1,44,68093.2675013144
1,45,48238.485975409036
1,46,34263.042511888685
1,47,15654.188831823272
1,48,1.940023230109749e-06
1,49,1.939918380213846e-06
1,50,1.9399169386869895e-06
1,51,1.9399164162866835e-06
1,52,1.9399161987741995e-06
1,53,1.939916213735986e-06
1,54,1.9399163151238174e-06
1,55,1.939917533310278e-06
1,56,7220.640665826475
1,57,11254.254140639765
1,58,12009.469192097922
1,59,12405.191542746152
1,60,11498.981544201224
1,61,11536.02368896606
1,62,12734.975541633472
1,63,13074.66619355369
1,64,13593.111263267017
1,65,13837.309704113215
1,66,12995.58523729906
1,67,10457.74309717621
1,68,2958.6357267731473
1,69,9.5802014659247e-07
1,70,9.5801922057821e-07
1,71,1.9399255596889596e-07
1,72,1.939924974372532e-07
1,73,1.9399248585148148e-07
1,74,1.9399248091783304e-07
1,75,1.9399247810603941e-07
1,76,1.9399247638328367e-07
1,77,1.9399247543844552e-07
1,78,1.939924752477801e-07
1,79,1.939924759855475e-07
1,80,1.93992477454079e-07
1,81,1.9399247921573813e-07
1,82,1.939924816685829e-07
1,83,1.9399248494815557e-07
1,84,1.939924893751919e-07
1,85,1.939924967122201e-07
1,86,1.9399251657772954e-07
1,87,1.939931833723503e-07
1,88,9.58020136419594e-07
1,89,16861.030976499926
1,90,26721.5165920945
1,91,25594.21642118031
1,92,20374.140145156493
1,93,17911.437105866724
1,94,19618.829139562204
1,95,14529.758346933218
1,96,11724.24641365669
1,97,9807.3622581679
1,98,13902.732860392542
1,99,18880.30415263064
1,100,27308.317874754168
1,101,42304.060968344544
1,102,72713.73382726645
1,103,114867.10510385691
1,104,117579.2451897581
1,105,117579.2451897581
1,106,117579.2451897581
1,107,117579.2451897581
1,108,117579.2451897581
1,109,117579.2451897581
1,110,117579.2451897581
1,111,117579.2451897581
1,112,117579.2451897581
1,113,117579.2451897581
1,114,117579.24518975812
1,115,104827.07986754218
1,116,83933.117031035
1,117,64251.93027564563
1,118,51266.82552884663
1,119,35161.045268157875
1,120,20840.723213390258
1,121,17987.13255455014
1,122,17459.32743207807
1,123,18587.520421051187
1,124,22023.95986958413
1,125,34922.30011051686
1,126,66989.97512778148
1,127,108493.55933431411
1,128,117579.2451897581
1,129,117579.2451897581
1,130,117579.2451897581
1,131,117579.24518975799
1,132,107318.44543700556
1,133,103085.05202716247
1,134,113905.82589755014
1,135,117579.2451897581
1,136,117579.2451897581
1,137,117579.24518975809
1,138,117579.2451897581
1,139,100850.59268324169
1,140,80448.16450237439
1,141,62494.64770667638
1,142,43757.884959016126
1,143,27262.939127932492
1,144,9560.233985689036
1,145,5069.9908488250585
1,146,4505.752275704519
1,147,4286.3627412171745
1,148,4294.53433632784
1,149,10356.698339071098
1,150,39797.81867792098
1,151,80805.69396669054
1,152,109818.3350199022
1,153,117579.24518975809
1,154,117579.24518975809
1,155,117579.24518975809
1,156,117579.24518975809
1,157,113342.04447716707
1,158,110833.07318841909
1,159,116236.76377463428
1,160,114720.32399747023
1,161,113048.73487111999
1,162,93095.67188553263
1,163,65642.07217813618
1,164,41102.10734887949
1,165,19878.96499522223
1,166,5541.297318202871
1,167,9.58020177835026e-07
1,168,9.580196643490302e-07
1,169,9.58019559813838e-07
1,170,9.580195346710575e-07
1,171,9.580195440007968e-07
1,172,9.580196075631825e-07
1,173,9.580198487197544e-07
1,174,15.361804731907748
1,175,29516.08920726905
1,176,58005.981645338405
1,177,65961.85318686049
1,178,70175.67688003722
1,179,75929.34742938787
1,180,74272.35747040398
1,181,74249.53624601809
1,182,84083.4659654825
1,183,94374.50473574555
1,184,103428.96521410937
1,185,105408.06705500226
1,186,105181.87799250009
1,187,101853.66659226995
1,188,89669.40165421288
1,189,77709.57283498425
1,190,68146.75343157646
1,191,58213.07929614249
1,192,47798.429851605484
1,193,43657.740760897446
1,194,41204.42479707404
1,195,39356.48191478387
1,196,38515.136792840145
1,197,42926.56727684878
1,198,63300.959229579
1,199,90298.02856163691
1,200,101343.65249980176
1,201,91767.39164679713
1,202,79771.32703368028
1,203,68114.30883692426
1,204,51114.660533754555
1,205,36665.404611819395
1,206,45977.36581914811
1,207,56250.537961665366
1,208,69380.55260441192
1,209,78454.54468929346
1,210,70371.66187536946
1,211,60197.172223848764
1,212,45743.37868942512
1,213,35599.70735860551
1,214,27266.17675697676
1,215,12228.39985065751
1,216,2456.94559233577
1,217,1.939925543225302e-06
1,218,1.939924023778821e-06
1,219,1.9399233879634526e-06
1,220,1.939923217296424e-06
1,221,1.939923171748562e-06
1,222,1.939923353773713e-06
1,223,1.9399270027629117e-06
1,224,16717.615206879942
1,225,24838.972265241475
1,226,26705.791704966246
1,227,21026.419068186508
1,228,9408.176882477395
1,229,7468.244902924898
1,230,16670.827308714383
1,231,24437.026152938255
1,232,28277.11118055766
1,233,39914.3249162143
1,234,41835.03712801704
1,235,44270.08854706206
1,236,34836.42750818636
1,237,24340.77528599368
1,238,22749.992617457436
1,239,16306.221946801714
1,240,9755.836917744125
1,241,11345.15195762247
1,242,10408.057136184003
1,243,9660.977418144066
1,244,9425.537534979081
1,245,12146.30834364702
1,246,12005.099673523982
1,247,25031.76644777934
1,248,37176.31213123123
1,249,36401.787214889686
1,250,28686.92396903959
1,251,20047.66464843058
1,252,10298.747741445477
1,253,6308.158845841181
1,254,11949.526790741706
1,255,24843.60017864599
1,256,34247.87627365288
1,257,40266.646344222485
1,258,34968.87289142631
1,259,23508.179510548813
1,260,10989.431643711403
1,261,1065.6930481791226
1,262,9.580239892785168e-07
1,263,9.580208034613909e-07
1,264,9.580205528416992e-07
1,265,9.580204739111305e-07
1,266,9.580204527205413e-07
1,267,9.580204612701023e-07
1,268,9.58020512616772e-07
1,269,9.580207189004485e-07
1,270,9.580590357394385e-07
1,271,23570.080120038492
1,272,38131.074762636905
1,273,37970.82849000364
1,274,32460.45573113931
1,275,30828.056338628412
1,276,21152.97676099233
1,277,17422.025152601826
1,278,23586.200931030737
1,279,31924.206186369218
1,280,34717.615298310746
1,281,36397.51879607929
1,282,28774.486494371853
1,283,14521.284523192442
1,284,4421.892290630433
1,285,1.939924334114515e-06
1,286,1.9399231136182427e-06
1,287,1.939922709162477e-06
1,288,1.939922708539508e-06
1,289,1.9399230481961487e-06
1,290,1.9399240849202136e-06
1,291,1.9399301060131464e-06
1,292,7077.007987227127
1,293,23357.680515339434
1,294,56424.038527607125
1,295,99147.19303645202
1,296,108632.5019477001
1,297,108939.79801098607
1,298,108965.26676113337
1,299,108919.68047244602
1,300,107976.20147643241
1,301,107038.97442587075
1,302,108788.91474241123
1,303,109022.22090740026
1,304,108953.97574242031
1,305,108548.86989801511
1,306,100956.74623105228
1,307,74591.2519250888
1,308,43860.702673059626
1,309,18143.85453828066
1,310,4306.45485347521
1,311,1.9399375460267005e-07
1,312,1.9399256095082866e-07
1,313,1.939925492775559e-07
1,314,1.939925460807028e-07
1,315,1.9399254521462854e-07
1,316,1.939925458763925e-07
1,317,1.9399254879724248e-07
1,318,1.9399256385799396e-07
1,319,2047.0241540363154
1,320,8988.663844177858
1,321,9521.095932361979
1,322,9620.046841359961
1,323,9564.58607876833
1,324,6178.845901005294
1,325,7507.496054329962
1,326,11118.246597039892
1,327,11625.87247513918
1,328,11688.704053061849
1,329,11504.401977345928
1,330,10748.724449645515
1,331,6607.095048181261
1,332,9.580192889976859e-07
1,333,1.9399253130552508e-07
1,334,1.9399248131277994e-07
1,335,1.939924657809748e-07
1,336,1.9399246143315215e-07
1,337,1.939924599961294e-07
1,338,1.9399245982880144e-07
1,339,1.9399246072691217e-07
1,340,1.939924633614125e-07
1,341,1.939924713387188e-07
1,342,1.939925903505562e-07
1,343,6306.592167436386
1,344,7579.579681513902
1,345,7496.264477104315
1,346,826.3261665059779
1,347,1.9399113929233054e-06
1,348,1.939911013154735e-06
1,349,1.93991187559057e-06
1,350,1249.6863273314113
1,351,11670.267927609126
1,352,13225.275598425886
1,353,13644.919435895088
1,354,13622.703414260059
1,355,12883.735194613038
1,356,7270.489403759426
1,357,1.9399183276046637e-06
1,358,1.939916647778633e-06
1,359,1.939916169671584e-06
1,360,1.9399161293536356e-06
1,361,1.939916285938633e-06
1,362,1.9399167723112466e-06
1,363,1.939917990585121e-06
1,364,1.9399298752933926e-06
1,365,12833.72375491369
1,366,42566.999354210195
1,367,84439.23829709397
1,368,98220.88146231885
1,369,98844.36140677771
1,370,97417.71685662161
1,371,92401.59395155181
1,372,79792.18663548138
1,373,74529.13633340027
1,374,91486.85434429278
1,375,101175.15972031068
1,376,101614.45819111016
1,377,100478.2880613227
1,378,85093.6927301633
1,379,56515.69942450955
1,380,32532.172747041743
1,381,17422.906089155644
1,382,8492.143318764352
1,383,1.9399245466998556e-06
1,384,1.939922704572717e-06
1,385,1.9399220523954575e-06
1,386,1.939921832065166e-06
1,387,1.93992181581532e-06
1,388,1.939922035085011e-06
1,389,1.939922482274829e-06
1,390,1.939924783984257e-06
1,391,9380.311852144821
1,392,22140.908871305088
1,393,22101.707184007126
1,394,14126.486033997786
1,395,16611.196956588243
1,396,16590.90107314146
1,397,22779.11556177336
1,398,38975.56521611541
1,399,56605.79388567542
1,400,67222.58834929908
1,401,72120.92797422702
1,402,67357.6427542419
1,403,52453.64276304457
1,404,32969.893862155375
1,405,16120.544317839256
1,406,5549.1290136703665
1,407,9.580232627338108e-07
1,408,9.58022525728861e-07
1,409,9.58022391828358e-07
1,410,9.580223439856095e-07
1,411,9.580223360307436e-07
1,412,9.580223596134453e-07
1,413,9.580224448894325e-07
1,414,9.580225732582277e-07
1,415,9.580232153925396e-07
1,416,1139.3929506617649
1,417,7778.024222036063
1,418,8874.217149862501
1,419,12118.545082455352
1,420,15834.720499529585
1,421,18960.500060402435
1,422,32283.37537275193
1,423,52307.34946884436
1,424,79380.3454060122
1,425,100578.08034610144
1,426,102778.49174454364
1,427,96138.42422143646
1,428,85331.43512641049
1,429,70710.87610056344
1,430,58732.293055047885
1,431,43296.809924968875
1,432,34003.434139794306
1,433,28661.295002966366
1,434,25483.42698754224
1,435,26415.982536107145
1,436,32734.647216963644
1,437,45074.10964317984
1,438,75384.65618142896
1,439,116571.09968012472
1,440,117579.2451897581
1,441,117579.2451897581
1,442,117579.2451897581
1,443,117579.24518975812
1,444,117579.24518975809
1,445,113565.79394053548
1,446,117066.30749138111
1,447,117579.24518975812
1,448,117579.2451897581
1,449,117579.2451897581
1,450,117579.24518975812
1,451,117579.2451897581
1,452,107481.48757432062
1,453,99147.45022807353
1,454,90987.89941407692
1,455,81450.38837635945
1,456,72758.70384673715
1,457,70136.42261538506
1,458,69670.69800020008
1,459,70900.23567252373
1,460,75073.55954547749
1,461,83529.27369797717
1,462,100419.02988668343
1,463,117579.2451897581
1,464,117579.2451897581
1,465,117579.2451897581
1,466,117579.24518975812
1,467,117579.2451897581
1,468,110091.8445034004
1,469,105336.78058446484
1,470,112098.44073283765
1,471,117579.2451897581
1,472,117579.24518975812
1,473,117579.24518975812
1,474,117579.2451897581
1,475,108100.43677898282
1,476,89397.83282716373
1,477,71981.4065990535
1,478,55892.99670512526
1,479,38610.336946228635
1,480,24797.734692429894
1,481,19834.363921686007
1,482,18876.7862126772
1,483,18578.887086429644
1,484,18926.219934697536
1,485,24606.681177540606
1,486,51493.405043486106
1,487,87098.64272590645
1,488,110962.2292575248
1,489,102895.63845187362
1,490,89121.38025370226
1,491,79933.29417823268
1,492,68716.94369327764
1,493,68179.21027296083
1,494,83571.51356487775
1,495,109379.19914355133
1,496,117579.2451897581
1,497,117579.2451897581
1,498,117579.24518975812
1,499,105365.40327390307
1,500,89090.13599322623
1,501,76462.41570984156
1,502,64075.01257384892
1,503,45422.05332710245
1,504,29859.474450208174
1,505,25309.045043708145
1,506,24700.56786650031
1,507,25754.809648188733
1,508,27988.806492153977
1,509,38046.579499536274
1,510,66824.60616011293
1,511,102783.64905663212
1,512,117579.24518975812
1,513,117579.2451897581
1,514,117579.24518975812
1,515,117579.24518975813
1,516,117579.2451897581
1,517,117262.44032928193
1,518,117579.24518975812
1,519,117579.24518975812
1,520,117579.24518975812
1,521,117579.24518975812
1,522,117579.24518975812
1,523,117579.24518975812
1,524,117579.24518975812
1,525,109945.42478956831
1,526,103372.98085899469
1,527,98140.00596304209
1,528,94577.48690045139
1,529,92946.85503327203
1,530,92367.49034376835
1,531,92402.58918812104
1,532,93638.60401336043
1,533,96758.7409546987
1,534,106902.97154180268
1,535,117579.24519073882
1,536,117579.24519073882
1,537,117579.24519073882
1,538,117579.24519073882
1,539,117579.24519073882
1,540,117579.24519073882
1,541,117579.24519073882
1,542,117579.24519073882
1,543,117579.24519073882
1,544,117579.24519073882
1,545,117579.24519073882
1,546,117579.24519073882
1,547,117579.24519073882
1,548,117579.24519073882
1,549,109485.87696682283
1,550,98723.64014769654
1,551,85981.84641364263
1,552,73328.6716832799
1,553,63301.34545040402
1,554,57346.760562611074
1,555,53219.00567074558
1,556,52889.79524999703
1,557,54895.83725638551
1,558,64103.06821091816
1,559,79071.78441022559
1,560,95290.63688250452
1,561,104029.06277354308
1,562,100033.90592351189
1,563,95422.3314749185
1,564,80903.35198290276
1,565,69486.6872377558
1,566,73426.55982163541
1,567,92583.28486611255
1,568,109849.7236915899
1,569,117579.2451897581
1,570,117579.2451897581
1,571,114047.70222061161
1,572,100210.43372578664
1,573,87340.77666277906
1,574,76664.58489419828
1,575,64760.84794063284
1,576,55424.4769919448
1,577,48908.87945092567
1,578,44056.61435642672
1,579,42236.4817835287
1,580,43470.18559308168
1,581,48338.61255747047
1,582,53900.86006857972
1,583,65770.15419151112
1,584,79499.21610849036
1,585,86418.17792704886
1,586,88465.14026678485
1,587,93349.34307951995
1,588,90688.00245995475
1,589,86323.86146235172
1,590,87981.36792115106
1,591,99110.5579289201
1,592,115111.40640336585
1,593,117579.2451897581
1,594,117579.2451897581
1,595,117579.2451897581
1,596,115877.34689847047
1,597,102636.30163705429
1,598,91274.5375331067
1,599,77552.94490660264
1,600,68199.74151760802
1,601,62579.66164576658
1,602,63464.72103058588
1,603,64203.94508719925
1,604,69642.92330400545
1,605,82753.1656365224
1,606,103197.5031826261
1,607,117579.24519073882
1,608,117579.24519073882
1,609,117579.24519073882
1,610,117579.24519073882
1,611,117579.24519073882
1,612,117579.24519073882
1,613,117579.24519073882
1,614,117579.24519073882
1,615,117579.24519073882
1,616,117579.24519073882
1,617,117579.24519073882
1,618,117579.24519073882
1,619,115029.90526432073
1,620,92881.77756339662
1,621,72769.99037244222
1,622,57448.63633538899
1,623,37581.86105450138
1,624,16181.231847882465
1,625,3035.1048049856417
1,626,1.9399809102611416e-06
1,627,1.939964664427145e-06
1,628,1.939962986318538e-06
1,629,113.20454845937974
1,630,21889.91164602539
1,631,59516.29619373491
1,632,81258.35649324986
1,633,75967.66946205293
1,634,71028.95052654111
1,635,67673.553441183
1,636,60427.27923591957
1,637,65318.29420664264
1,638,81498.65898349255
1,639,99586.10381415332
1,640,111904.08317026473
1,641,113410.83335158174
1,642,105101.05298240909
1,643,83620.46040880324
1,644,62668.9109728316
1,645,46654.18106084137
1,646,29028.064623909075
1,647,6934.26773552133
1,648,1.93992138934117e-06
1,649,1.9399196343926478e-06
1,650,1.939919166620844e-06
1,651,1.9399189866784047e-06
1,652,1.939919009752985e-06
1,653,1.939919366978268e-06
1,654,1.9399246522198863e-06
1,655,25985.73131460713
1,656,41743.94137089131
1,657,48025.69357897778
1,658,49897.329549742295
1,659,45866.23708167928
1,660,34075.470876551
1,661,22728.21665290641
1,662,14859.311755124249
1,663,15371.768516000937
1,664,18564.108532839226
1,665,20421.99478405303
1,666,13792.252452094524
1,667,9.580215127683632e-07
1,668,1.939929508863101e-07
1,669,1.939925814032286e-07
1,670,1.9399256665853307e-07
1,671,1.939925593607098e-07
1,672,1.9399255581021958e-07
1,673,1.9399255477339111e-07
1,674,1.9399255478632785e-07
1,675,1.93992555715152e-07
1,676,1.939925581605827e-07
1,677,1.939925650679297e-07
1,678,1.9399392376924763e-07
1,679,11346.736824654588
1,680,16680.28385497376
1,681,17490.952923039797
1,682,17621.4184451609
1,683,17855.149262793984
1,684,15409.773722648011
1,685,11793.290172882938
1,686,14682.58623236151
1,687,17452.460302920415
1,688,19616.300045103806
1,689,20263.776183498245
1,690,18580.009805052014
1,691,14800.328878504943
1,692,7150.573856750591
1,693,9.58019798404022e-07
1,694,9.580186337994662e-07
1,695,1.939925321058179e-07
1,696,1.939925120102687e-07
1,697,1.9399250713124796e-07
1,698,1.9399250530046078e-07
1,699,1.9399250494678387e-07
1,700,1.9399250574667096e-07
1,701,1.9399250915049827e-07
1,702,1.9399252854060964e-07
1,703,2915.870579381262
1,704,12138.253093651485
1,705,12208.851425515892
1,706,9857.23633660909
1,707,2218.414791741201
1,708,1.9399186639646726e-06
1,709,1.9399204870327905e-06
1,710,15089.616201468432
1,711,24557.64403180391
1,712,28479.455017569606
1,713,29249.803750534593
1,714,27082.43743463003
1,715,19767.27123136384
1,716,168.9191965719787
1,717,1.939925456457539e-07
1,718,1.9399246790117027e-07
1,719,1.9399245334122702e-07
1,720,1.939924483064149e-07
1,721,1.9399244609329653e-07
1,722,1.93992445158976e-07
1,723,1.9399244508406948e-07
1,724,1.939924458380728e-07
1,725,1.939924475065981e-07
1,726,1.9399245132724102e-07
1,727,1.939924639431022e-07
1,728,1.9399254648866265e-07
1,729,1.9399257192064987e-07
1,730,1.9399257715726674e-07
1,731,1.9399257994431854e-07
1,732,1.9399258231918123e-07
1,733,1.9399258840212547e-07
1,734,1.9399260667154957e-07
1,735,1.939926571602723e-07
1,736,1.9399267389883511e-07
1,737,1.9399267748185478e-07
1,738,1.939926771028482e-07
1,739,1.9399267385373908e-07
1,740,1.9399266561342649e-07
1,741,1.9399264115424645e-07
1,742,1.93992545881318e-07
1,743,1.9399247924397312e-07
1,744,1.9399246466244493e-07
1,745,1.9399245943429246e-07
1,746,1.9399245704208083e-07
1,747,1.9399245594567884e-07
1,748,1.9399245571943042e-07
1,749,1.9399245620519195e-07
1,750,1.939924574666019e-07
1,751,1.9399245970778076e-07
1,752,1.9399246195744352e-07
1,753,1.9399246356116742e-07
1,754,1.9399246462290797e-07
1,755,1.9399246545058283e-07
1,756,1.9399246588024114e-07
1,757,1.9399246627246652e-07
1,758,1.9399246680745592e-07
1,759,1.939924673502321e-07
1,760,1.9399246792622466e-07
1,761,1.9399246822145545e-07
1,762,1.9399246790348267e-07
1,763,1.9399246617024659e-07
1,764,1.939924624593944e-07
1,765,1.93992457980778e-07
1,766,1.9399245441421532e-07
1,767,1.93992452016149e-07
1,768,1.939924506506709e-07
1,769,1.9399245020743974e-07
1,770,1.9399245055852897e-07
1,771,1.939924518439201e-07
1,772,1.9399245488407382e-07
1,773,1.9399246550274735e-07
1,774,9.58019639876324e-07
1,775,27253.054624108856
1,776,60019.448559096185
1,777,71592.98529426154
1,778,84830.34168009015
1,779,95003.9558904924
1,780,95896.06706130272
1,781,96823.01777791494
1,782,100465.59238442247
1,783,101822.86729504791
1,784,102348.38779731632
1,785,103364.08886380159
1,786,103413.32172855946
1,787,95953.38961767977
1,788,71889.32346436755
1,789,48331.5997052589
1,790,28538.24050549518
1,791,10753.203037670883
1,792,1.9399601840325333e-06
1,793,1.939933200012189e-06
1,794,1.939928334734283e-06
1,795,1.939926723881e-06
1,796,1.939926907214031e-06
1,797,1223.2129299867422
1,798,15571.340581981329
1,799,45999.43657374971
1,800,68821.26744088905
1,801,65428.21483289859
1,802,50280.806728663214
1,803,43364.74793182726
1,804,26063.554137572526
1,805,16686.578069448064
1,806,17215.566911594557
1,807,20277.45669554102
1,808,28859.909347633307
1,809,42497.188264587436
1,810,49811.12358507174
1,811,44880.322124641934
1,812,37534.01174774414
1,813,40334.81592709794
1,814,44614.933552942464
1,815,30736.17378914563
1,816,17519.378605931142
1,817,6486.190392208423
1,818,1.9399269944268743e-06
1,819,1.9399243274091988e-06
1,820,1.9399238633813754e-06
1,821,1.939923908138522e-06
1,822,4286.537765476793
1,823,34257.43943777095
1,824,55011.8578573577
1,825,45442.80058964788
1,826,31209.551882117317
1,827,24879.932090184182
1,828,10656.72254678576
1,829,1.9403715661126677e-06
1,830,2681.213093218047
1,831,18379.21265585954
1,832,41834.76297260493
1,833,47958.3045557538
1,834,37250.863706360156
1,835,22880.04141525532
1,836,8950.1112816043
1,837,9.580215213721003e-07
1,838,9.58020049954674e-07
1,839,9.580197319230386e-07
1,840,9.58019636401212e-07
1,841,9.58019620305665e-07
1,842,9.580196415151972e-07
1,843,9.580197284343098e-07
1,844,9.580200362948719e-07
1,845,397.1963013106309
1,846,40841.15666381254
1,847,93488.3446632104
1,848,105515.8615823342
1,849,101221.35668535571
1,850,76757.55502279034
1,851,59547.68889465668
1,852,39113.546107415765
1,853,24072.693299314345
1,854,34810.86096306378
1,855,63854.8825625318
1,856,101869.5151776238
1,857,109260.17835560835
1,858,108956.81428934431
1,859,94650.43801903183
1,860,72023.76547885682
1,861,49858.909063846346
1,862,36336.14661978719
1,863,19169.206117083613
1,864,3042.8228719263648
1,865,1.939939797603965e-06
1,866,1.9399359419527135e-06
1,867,1.939937192497073e-06
1,868,1.9399447546140483e-06
1,869,9902.099711558361
1,870,41463.1104657997
1,871,89338.47001398452
1,872,107457.65319251394
1,873,97882.82363709722
1,874,89330.10808675973
1,875,82533.39693944214
1,876,67858.44600710076
1,877,60696.89465054475
1,878,69317.95052911136
1,879,83711.75303645924
1,880,103471.92465187116
1,881,110526.48188153972
1,882,110624.01809370643
1,883,110174.68256622684
1,884,103217.45080026057
1,885,89641.7393757998
1,886,79809.15217120583
1,887,65210.77783665274
1,888,57914.0865806487
1,889,51348.62663191138
1,890,51814.816437063106
1,891,55133.0403656429
1,892,59382.17067649706
1,893,65897.03571956932
1,894,77634.55111528464
1,895,94831.36995368412
1,896,104998.62999270298
1,897,95941.18555165094
1,898,76638.26725258632
1,899,55763.26278173294
1,900,35807.025898764536
1,901,24820.7746595673
1,902,29838.794676226662
1,903,49546.08969700225
1,904,78196.24967825893
1,905,98789.74738048595
1,906,96218.7009856266
1,907,80159.69575678468
1,908,57814.34495469904
1,909,38943.94796334253
1,910,28792.962254351078
1,911,15483.301578152657
1,912,5278.175875123292
1,913,1.9404021136991347e-06
1,914,1.9399298258466043e-06
1,915,1.9399319312873785e-06
1,916,1.93993062218795e-06
1,917,1.9399802690185623e-06
1,918,3317.1194673453
1,919,14536.678838885855
1,920,13733.554832598164
1,921,1.939927871133459e-06
1,922,1.93992400749468e-06
1,923,1.939923862310936e-06
1,924,1.939923383413185e-06
1,925,1.9399239233014145e-06
1,926,7955.37688242603
1,927,34267.708959864154
1,928,58314.751231968075
1,929,70355.79387275683
1,930,73657.15454624205
1,931,65583.42347909996
1,932,51592.30336358313
1,933,37084.71709450418
1,934,24897.283234493203
1,935,9804.064859201877
1,936,9.58023443607146e-07
1,937,9.580190457473943e-07
1,938,9.58017422939278e-07
1,939,9.58015774868899e-07
1,940,9.58015372044444e-07
1,941,9.580153734632615e-07
1,942,9.580199126010582e-07
1,943,1.7034437066574149e-06
1,944,1.7034427004539867e-06
1,945,9.580194820508738e-07
1,946,1.9399252981161053e-07
1,947,1.939924940177295e-07
1,948,1.9399248736674295e-07
1,949,1.9399248567238483e-07
1,950,1.9399248566796078e-07
1,951,1.9399248631501602e-07
1,952,1.93992486933871e-07
1,953,1.9399248695453437e-07
1,954,1.9399248608705405e-07
1,955,1.9399248329093137e-07
1,956,1.939924783529004e-07
1,957,1.9399246924529467e-07
1,958,1.9399246059882215e-07
1,959,1.9399245503624413e-07
1,960,1.9399245195256817e-07
1,961,1.9399245063747752e-07
1,962,1.9399245024472444e-07
1,963,1.9399245065219049e-07
1,964,1.939924519899757e-07
1,965,1.9399245500630152e-07
1,966,1.939924622904435e-07
1,967,1.939924730377356e-07
1,968,1.9399247641136027e-07
1,969,1.9399247704425566e-07
1,970,1.9399247647373662e-07
1,971,1.9399247529418818e-07
1,972,1.9399247426079105e-07
1,973,1.939924740853646e-07
1,974,1.9399247535327805e-07
1,975,1.939924801231391e-07
1,976,1.9399248999039024e-07
1,977,1.9399249488658796e-07
1,978,1.9399249659868972e-07
1,979,1.939924962516832e-07
1,980,1.9399249411594298e-07
1,981,1.9399248876767361e-07
1,982,1.9399247707025703e-07
1,983,1.9399245875363118e-07
1,984,1.9399245102197627e-07
1,985,1.939924478757393e-07
1,986,1.9399244643340229e-07
1,987,1.9399244606644305e-07
1,988,1.9399244661277252e-07
1,989,1.9399244833395787e-07
1,990,1.9399245184512628e-07
1,991,1.939924562350829e-07
1,992,1.9399245813347008e-07
1,993,1.939924585349891e-07
1,994,1.9399245828907427e-07
1,995,1.9399245771130716e-07
1,996,1.9399245721524994e-07
1,997,1.9399245732818823e-07
1,998,1.9399245832401692e-07
1,999,1.9399246050282113e-07
1,1000,1.9399246343839508e-07
1,1001,1.939924654572854e-07
1,1002,1.9399246590970857e-07
1,1003,1.9399246490509107e-07
1,1004,1.9399246243330324e-07
1,1005,1.9399245869345457e-07
1,1006,1.9399245478733334e-07
1,1007,1.9399245079587946e-07
1,1008,1.9399244810821597e-07
1,1009,1.9399244685554826e-07
1,1010,1.9399244650682225e-07
1,1011,1.939924469133303e-07
1,1012,1.9399244834627288e-07
1,1013,1.9399245198285214e-07
1,1014,1.9399246500408974e-07
1,1015,1.9399250267421565e-07
1,1016,1.9399250906893154e-07
1,1017,1.9399251023263369e-07
1,1018,1.939925106534566e-07
1,1019,1.9399251140825443e-07
1,1020,1.939925121097688e-07
1,1021,1.9399251444764243e-07
1,1022,1.9399252428043117e-07
1,1023,1.9399265479044183e-07
1,1024,9.58018961738155e-07
1,1025,9.580193933423397e-07
1,1026,9.580194702725046e-07
1,1027,9.580194119492175e-07
1,1028,9.580189127900928e-07
1,1029,6.873231240075468e-07
1,1030,6.873223946000643e-07
1,1031,6.873221958821657e-07
1,1032,6.873221617047979e-07
1,1033,6.873221785994494e-07
1,1034,6.873222486659657e-07
1,1035,6.873224374199582e-07
1,1036,6.873262752586304e-07
1,1037,2382.995996826933
1,1038,30328.618179317593
1,1039,68706.12135399347
1,1040,78873.20889082205
1,1041,65411.71360042589
1,1042,59569.78852040736
1,1043,44659.27235481845
1,1044,28999.638869156253
1,1045,20243.275068236144
1,1046,30357.16794232273
1,1047,35044.37231792031
1,1048,45890.2880172993
1,1049,64376.19585135913
1,1050,77094.50271355615
1,1051,72615.10896820891
1,1052,67327.12509604376
1,1053,63343.22121568411
1,1054,56253.99294486448
1,1055,45356.1637895888
1,1056,36365.347266398516
1,1057,29253.660214732878
1,1058,23553.397974133088
1,1059,19397.33896908376
1,1060,20904.259272314124
1,1061,26765.584628303368
1,1062,37776.27330379545
1,1063,57981.27118486474
1,1064,76182.52444969071
1,1065,84756.47287531933
1,1066,85536.8600298076
1,1067,80833.88924386566
1,1068,69997.73802016827
1,1069,61501.65936198442
1,1070,66791.58207570652
1,1071,79175.5797105039
1,1072,94968.01821060768
1,1073,104375.7695505122
1,1074,104554.71980242478
1,1075,103003.3076675958
1,1076,90614.73485567601
1,1077,67726.80841437807
1,1078,49872.50831166284
1,1079,26806.78352890974
1,1080,11445.407787581593
1,1081,2648.7175786296284
1,1082,9.580222732941032e-07
1,1083,9.58019658684145e-07
1,1084,9.580192019232037e-07
1,1085,9.580190920530592e-07
1,1086,9.580197474759797e-07
1,1087,1.7034176905139992e-06
1,1088,1.703408641279886e-06
1,1089,9.580191419495e-07
1,1090,1.9399253429138737e-07
1,1091,1.9399251813387137e-07
1,1092,1.9399251208008878e-07
1,1093,1.9399251030872604e-07
1,1094,1.9399251080294605e-07
1,1095,1.939925144916534e-07
1,1096,1.9399252384831816e-07
1,1097,1.9399252755669193e-07
1,1098,1.9399252764946406e-07
1,1099,1.9399252480423042e-07
1,1100,1.9399251481245613e-07
1,1101,1.939924822513204e-07
1,1102,1.939924665101372e-07
1,1103,1.9399246014249586e-07
1,1104,1.9399245777872675e-07
1,1105,1.9399245670918503e-07
1,1106,1.939924564759977e-07
1,1107,1.9399245717166756e-07
1,1108,1.9399245927846296e-07
1,1109,1.9399246508352703e-07
1,1110,1.9399249747151567e-07
1,1111,1.9399254196166034e-07
1,1112,1.9399254669085874e-07
1,1113,1.9399254784877903e-07
1,1114,1.9399254806785648e-07
1,1115,1.9399254746027128e-07
1,1116,1.939925451960802e-07
1,1117,1.9399254342958877e-07
1,1118,1.9399254410479684e-07
1,1119,1.9399254589098096e-07
1,1120,1.939925475390987e-07
1,1121,1.9399254854701116e-07
1,1122,1.9399254692336335e-07
1,1123,1.939925408759369e-07
1,1124,1.9399252486941214e-07
1,1125,1.9399247581691763e-07
1,1126,1.939924613127227e-07
1,1127,1.9399245654623706e-07
1,1128,1.9399245423852036e-07
1,1129,1.9399245328716853e-07
1,1130,1.9399245315959097e-07
1,1131,1.939924538861284e-07
1,1132,1.9399245601339998e-07
1,1133,1.9399246134787795e-07
1,1134,1.9399250093357226e-07
1,1135,7748.234779638921
1,1136,9444.448889160134
1,1137,9516.882346320077
1,1138,9185.835577218588
1,1139,7570.912890261581
1,1140,2067.26171630397
1,1141,1.9399331970936317e-06
1,1142,1927.1405040027755
1,1143,9143.030168376383
1,1144,9882.025968408865
1,1145,10042.995764381676
1,1146,9903.747051786957
1,1147,9033.95416730814
1,1148,2817.6841346362403
1,1149,9.580186023152313e-07
1,1150,1.9399252965872447e-07
1,1151,1.9399247319483312e-07
1,1152,1.9399246381735508e-07
1,1153,1.9399246055448675e-07
1,1154,1.9399245931282793e-07
1,1155,1.939924591899099e-07
1,1156,1.9399246006734625e-07
1,1157,1.9399246246871345e-07
1,1158,1.9399246727650804e-07
1,1159,1.93992471643898e-07
1,1160,1.9399247305882334e-07
1,1161,1.93992473031576e-07
1,1162,1.9399247266351222e-07
1,1163,1.939924725595635e-07
1,1164,1.9399247297680853e-07
1,1165,1.9399247482273558e-07
1,1166,1.939924818958842e-07
1,1167,1.939926448144393e-07
1,1168,1.9399248328794727e-07
1,1169,1.9399249081563834e-07
1,1170,1.9399249150947437e-07
1,1171,1.9399248857719539e-07
1,1172,1.9399247674835571e-07
1,1173,1.9399253176000145e-07
1,1174,1.9399251770296114e-07
1,1175,1.9399248856767812e-07
1,1176,1.939924829006906e-07
1,1177,1.9399248122441493e-07
1,1178,1.939924809574962e-07
1,1179,1.939924818385714e-07
1,1180,1.9399248454883798e-07
1,1181,1.939924954849727e-07
1,1182,9.580193898280373e-07
1,1183,5398.007634962654
1,1184,5662.314302579382
1,1185,5687.086963517042
1,1186,5605.071381493679
1,1187,4444.116402027131
1,1188,1.939905060752129e-06
1,1189,1.9399046595938217e-06
1,1190,1.939904865491024e-06
1,1191,1.939906149763822e-06
1,1192,6081.972679771139
1,1193,18338.43577096991
1,1194,21878.022617793944
1,1195,21824.76766207146
1,1196,19244.24604538276
1,1197,13264.788111877006
1,1198,5729.357764797947
1,1199,1.939937638168283e-06
1,1200,1.9399211002767703e-06
1,1201,1.9399206604346243e-06
1,1202,1.939921078207625e-06
1,1203,1.9399220470690432e-06
1,1204,1.93992479169988e-06
1,1205,2798.442828570173
1,1206,22354.833969784795
1,1207,38749.309299856286
1,1208,44565.94091438954
1,1209,41842.94498619996
1,1210,36877.68476962498
1,1211,29487.79415063158
1,1212,19754.087104322352
1,1213,8257.58318536945
1,1214,11717.835128127328
1,1215,15942.969682680474
1,1216,20482.578915899303
1,1217,24646.74956357929
1,1218,20835.575319239262
1,1219,9862.893963433937
1,1220,9.58019255427307e-07
1,1221,1.939925210093534e-07
1,1222,1.9399247208294906e-07
1,1223,1.9399245615751755e-07
1,1224,1.9399245116949468e-07
1,1225,1.939924487909635e-07
1,1226,1.9399244758271673e-07
1,1227,1.939924471448549e-07
1,1228,1.9399244729815093e-07
1,1229,1.939924480247756e-07
1,1230,1.9399244902990216e-07
1,1231,1.939924499920181e-07
1,1232,1.939924501788058e-07
1,1233,1.9399244933814254e-07
1,1234,1.939924478735167e-07
1,1235,1.9399244653659716e-07
1,1236,1.9399244584901562e-07
1,1237,1.9399244619303805e-07
1,1238,1.9399244846295506e-07
1,1239,1.9399245715153104e-07
1,1240,1.9399252167080143e-07
1,1241,1.939925380580963e-07
1,1242,1.939925398347801e-07
1,1243,1.9399253868065958e-07
1,1244,1.9399253401403236e-07
1,1245,1.9399252204022893e-07
1,1246,1.939924958677994e-07
1,1247,1.9399246679090574e-07
1,1248,1.9399245550331335e-07
1,1249,1.9399245045148095e-07
1,1250,1.939924475560733e-07
1,1251,1.939924458131336e-07
1,1252,1.9399244480688303e-07
1,1253,1.9399244417732495e-07
1,1254,1.9399244372289262e-07
1,1255,1.939924433363898e-07
1,1256,1.939924426281847e-07
1,1257,1.9399244184988e-07
1,1258,1.9399244128238148e-07
1,1259,1.9399244104987263e-07
1,1260,1.939924410757859e-07
1,1261,1.9399244141411543e-07
1,1262,1.9399244228227592e-07
1,1263,1.939924437423659e-07
1,1264,1.93992445868865e-07
1,1265,1.9399244807170377e-07
1,1266,1.9399244934130536e-07
1,1267,1.9399244960181288e-07
1,1268,1.9399244915058657e-07
1,1269,1.9399244843490302e-07
1,1270,1.9399244772471164e-07
1,1271,1.9399244707791897e-07
1,1272,1.93992446941434e-07
1,1273,1.9399244716063174e-07
1,1274,1.939924480347274e-07
1,1275,1.9399244979155673e-07
1,1276,1.939924534392821e-07
1,1277,1.9399246351812968e-07
1,1278,1.9399391620117935e-07
1,1279,21343.035455072502
1,1280,34858.08773998306
1,1281,41477.083475868865
1,1282,46420.30328111631
1,1283,47169.09867063953
1,1284,42172.45617515518
1,1285,32775.949478101196
1,1286,24672.299901960185
1,1287,15159.829153169483
1,1288,6018.9117318538365
1,1289,9559.520579272703
1,1290,4814.640778157022
1,1291,9.580187837494616e-07
1,1292,1.9399249936671123e-07
1,1293,1.9399247368078947e-07
1,1294,1.939924678461377e-07
1,1295,1.9399246532825857e-07
1,1296,1.939924644212811e-07
1,1297,1.9399246481201316e-07
1,1298,1.9399246668452687e-07
1,1299,1.9399247179260057e-07
1,1300,1.9399249168582155e-07
1,1301,9.580190562153391e-07
1,1302,22426.656554778147
1,1303,64058.36745952873
1,1304,81477.25163032385
1,1305,83522.76921014495
1,1306,84722.41744756835
1,1307,84176.98055193311
1,1308,73942.85881769905
1,1309,61147.49010992252
1,1310,52664.2875967376
1,1311,45190.24137362362
1,1312,45044.77353741072
1,1313,46615.32586598813
1,1314,33651.87107144369
1,1315,16272.012427807116
1,1316,629.2496743218813
1,1317,1.939926187410872e-07
1,1318,1.9399247006960596e-07
1,1319,1.9399245591053884e-07
1,1320,1.93992451434616e-07
1,1321,1.9399244967479493e-07
1,1322,1.9399244916600342e-07
1,1323,1.9399244967422996e-07
1,1324,1.9399245150971478e-07
1,1325,1.939924568485897e-07
1,1326,1.9399248567251358e-07
1,1327,1.939926093481508e-07
1,1328,1.9399261550124886e-07
1,1329,1.9399261521148312e-07
1,1330,1.93992611292343e-07
1,1331,1.9399260718952123e-07
1,1332,1.9399260526728583e-07
1,1333,1.9399260576100863e-07
1,1334,1.9399260909484984e-07
1,1335,1.9399262449369537e-07
1,1336,9.580196711412079e-07
1,1337,24200.50431129638
1,1338,43996.555579926055
1,1339,40578.55308275788
1,1340,31620.68573731987
1,1341,19996.555462716922
1,1342,11684.08706097775
1,1343,1754.0376956344617
1,1344,1.9399282528470747e-06
1,1345,1.9399325328513296e-06
1,1346,0.5865032101337435
1,1347,4029.5012873606133
1,1348,8779.056619902043
1,1349,19019.55419945957
1,1350,48896.62666148839
1,1351,84130.99977047868
1,1352,91872.77617792567
1,1353,77438.51768299895
1,1354,58906.05404289245
1,1355,47928.40428755905
1,1356,35538.07833417024
1,1357,28209.6001977927
1,1358,32520.70495230699
1,1359,47728.18196870468
1,1360,65675.7495366303
1,1361,93448.98668787013
1,1362,99093.06520788145
1,1363,82950.35091529015
1,1364,64916.69544946458
1,1365,51043.73313222906
1,1366,38128.522433763355
1,1367,24090.852701363794
1,1368,10301.790833219422
1,1369,3536.6725650818867
1,1370,1.9411897305642137e-06
1,1371,1.941548079753769e-06
1,1372,1312.9193060707803
1,1373,12582.267733234234
1,1374,45553.123204162206
1,1375,87456.71061968783
1,1376,102493.59742857741
1,1377,88932.50467236697
1,1378,76469.87542109496
1,1379,69559.14634717234
1,1380,74578.76125381816
1,1381,83629.50988000026
1,1382,103633.83210794664
1,1383,110131.37228170369
1,1384,110462.8569204939
1,1385,110599.642806425
1,1386,110549.96158419874
1,1387,110111.36492468862
1,1388,104592.05777423366
1,1389,80451.65461488836
1,1390,61962.35583647295
1,1391,36389.14019624687
1,1392,16186.741002461018
1,1393,1113.1609207597946
1,1394,9.58020285252458e-07
1,1395,9.580196383086692e-07
1,1396,9.580194410016412e-07
1,1397,9.580194049731524e-07
1,1398,9.580195353470982e-07
1,1399,9.580241686525258e-07
1,1400,1.7034570056143145e-06
1,1401,1.703450577840745e-06
1,1402,9.580196533951595e-07
1,1403,9.580191440959764e-07
1,1404,9.58019030888146e-07
1,1405,9.580190205523078e-07
1,1406,9.58019088691741e-07
1,1407,9.58019779275189e-07
1,1408,10688.996074027033
1,1409,12373.029506453491
1,1410,12513.347731656557
1,1411,12087.077337753224
1,1412,9999.881241286217
1,1413,9.580223609537123e-07
1,1414,9.580188507532846e-07
1,1415,1.9399254695462056e-07
1,1416,1.9399246958084254e-07
1,1417,1.9399246042858462e-07
1,1418,1.9399245663443183e-07
1,1419,1.9399245448950554e-07
1,1420,1.9399245313106968e-07
1,1421,1.9399245215905194e-07
1,1422,1.939924513077313e-07
1,1423,1.9399245040468746e-07
1,1424,1.9399244899261493e-07
1,1425,1.9399244716223771e-07
1,1426,1.9399244533461336e-07
1,1427,1.9399244405134574e-07
1,1428,1.9399244344791438e-07
1,1429,1.939924434532092e-07
1,1430,1.9399244433421832e-07
1,1431,1.939924472210108e-07
1,1432,1.9399245823545708e-07
1,1433,1.9399248972750594e-07
1,1434,1.939924953633015e-07
1,1435,1.9399249688215608e-07
1,1436,1.939924966785573e-07
1,1437,1.9399249562020065e-07
1,1438,1.939924940160219e-07
1,1439,1.9399249197038057e-07
1,1440,1.9399249067772783e-07
1,1441,1.939924900643523e-07
1,1442,1.9399249032888832e-07
1,1443,1.939924916938743e-07
1,1444,1.9399249494447503e-07
1,1445,1.939925049737839e-07
1,1446,1.9399255516665327e-07
1,1447,1.9399256555453235e-07
1,1448,1.939925667857083e-07
1,1449,1.9399256464629873e-07
1,1450,1.9399256139365663e-07
1,1451,1.9399256082129953e-07
1,1452,1.9399256234294848e-07
1,1453,1.9399256920917204e-07
1,1454,9.580184875781879e-07
1,1455,13107.021492088044
1,1456,51788.76570767129
1,1457,86460.17918241506
1,1458,91753.14132483605
1,1459,86099.31350541559
1,1460,69871.79804312761
1,1461,53479.145485222245
1,1462,39535.158335927765
1,1463,21574.574248928904
1,1464,9285.777048889302
1,1465,5870.546972092762
1,1466,5052.608273555147
1,1467,7705.372425638556
1,1468,11032.294641170864
1,1469,26273.44554271211
1,1470,57486.194067665994
1,1471,88848.16766546441
1,1472,101547.79125920699
1,1473,90585.6766779969
1,1474,72661.29435408064
1,1475,65605.37340819334
1,1476,53547.79310260425
1,1477,51448.211815528215
1,1478,52578.06535631676
1,1479,64223.939977464644
1,1480,85386.46180554872
1,1481,110088.76521124992
1,1482,111410.56955937127
1,1483,108870.55848376315
1,1484,92960.04836810788
1,1485,80150.21724159294
1,1486,65446.274317051655
1,1487,46875.003815757846
1,1488,30922.44294377918
1,1489,23967.43175998312
1,1490,21277.6944803431
1,1491,15311.35826451937
1,1492,19566.403701768875
1,1493,30849.726200191406
1,1494,56937.662397807886
1,1495,82328.00634287989
1,1496,84128.36277256902
1,1497,70638.88062935502
1,1498,61920.90983308849
1,1499,46922.49566216503
1,1500,33451.518686081996
1,1501,31528.260559601644
1,1502,45204.93494964583
1,1503,68888.64299193866
1,1504,95926.18341785215
1,1505,112304.87891636255
1,1506,112416.5516283273
1,1507,112264.46848664005
1,1508,100258.32770385816
1,1509,79132.87494666204
1,1510,60826.02463202955
1,1511,41449.061404498985
1,1512,28313.914109424106
1,1513,23597.749509892583
1,1514,24660.76764223855
1,1515,24942.02766961725
1,1516,32558.13282460309
1,1517,47764.59118624602
1,1518,75485.22643417945
1,1519,101772.82053810041
1,1520,103375.34006936639
1,1521,80087.80419326415
1,1522,56547.2854235372
1,1523,48408.87191468055
1,1524,37525.647309567394
1,1525,41954.25796804311
1,1526,58375.22040961976
1,1527,79117.26253106938
1,1528,94905.75699099651
1,1529,108874.28492590631
1,1530,108671.89636554444
1,1531,100690.65414769531
1,1532,85416.25175737446
1,1533,67434.21515026786
1,1534,49979.20471108886
1,1535,32473.417495601785
1,1536,21398.935396137476
1,1537,18395.992750685768
1,1538,18355.274523684155
1,1539,19987.71152306327
1,1540,24054.5129258134
1,1541,37911.708251661425
1,1542,64568.93696478187
1,1543,93021.15694933888
1,1544,102195.98396335648
1,1545,97158.85661506517
1,1546,98255.78977976652
1,1547,102452.6740767282
1,1548,93501.15606453689
1,1549,87629.28653821099
1,1550,87474.93097106402
1,1551,83850.98735966765
1,1552,74538.18773111708
1,1553,71710.35450454705
1,1554,69700.05041009994
1,1555,58603.03842929134
1,1556,37298.357233361414
1,1557,18533.49827355689
1,1558,6560.619469036322
1,1559,9.580281991421045e-07
1,1560,9.58021512571567e-07
1,1561,9.580201088439011e-07
1,1562,9.58019842306712e-07
1,1563,9.580197466949001e-07
1,1564,9.580197156707057e-07
1,1565,9.580197448120475e-07
1,1566,9.58019870627689e-07
1,1567,9.58020393881357e-07
1,1568,9.580489164352233e-07
1,1569,9.580217856324817e-07
1,1570,9.580201033351444e-07
1,1571,9.580197956339532e-07
1,1572,9.580196689841673e-07
1,1573,9.580196564377764e-07
1,1574,9.58019743063033e-07
1,1575,9.580202144284113e-07
1,1576,9219.118593337895
1,1577,23499.582929087726
1,1578,29580.76651575939
1,1579,31127.331706320874
1,1580,29422.34656742853
1,1581,27280.3471829767
1,1582,24358.75041714504
1,1583,16651.855359574245
1,1584,8829.061125825474
1,1585,1980.3186542093013
1,1586,1.9400520044125476e-06
1,1587,1.9399234675259756e-06
1,1588,1.939924563798998e-06
1,1589,1.9399405340337828e-06
1,1590,6088.223357172249
1,1591,9896.6615180788
1,1592,3781.774220052886
1,1593,1.939924915178649e-06
1,1594,1.9399180258933643e-06
1,1595,1.9399176330249144e-06
1,1596,1.9399172979731716e-06
1,1597,1.9399172374456338e-06
1,1598,1.9399175413808826e-06
1,1599,1.9399193213424096e-06
1,1600,22331.20231516799
1,1601,51745.404025479984
1,1602,67265.13245987074
1,1603,66419.37767771211
1,1604,49569.97068444507
1,1605,31853.319708458283
1,1606,17505.55529685117
1,1607,1352.875584212456
1,1608,1.9399246159168673e-06
1,1609,1.9399233260600554e-06
1,1610,1.9399232694018386e-06
1,1611,1.9399233365721883e-06
1,1612,1.93992407472254e-06
1,1613,1568.1466864742629
1,1614,22363.93490351415
1,1615,45579.25127926424
1,1616,52575.05486906737
1,1617,38088.27463244867
1,1618,23931.187283138323
1,1619,10794.210337104107
1,1620,1.939924777869655e-06
1,1621,1.939924761130922e-06
1,1622,1.939925636901976e-06
1,1623,9730.91564688231
1,1624,36572.20075385907
1,1625,65381.808977406574
1,1626,77918.16656885714
1,1627,76196.42366920896
1,1628,60703.24096959636
1,1629,43365.79761803536
1,1630,30263.89477432444
1,1631,14898.085436065296
1,1632,2548.862798720107
1,1633,1.9399376311802745e-06
1,1634,1.9399275271135078e-06
1,1635,1.939928335916829e-06
1,1636,1405.2221992176464
1,1637,11978.291498873015
1,1638,34605.78552037527
1,1639,56796.62546165645
1,1640,69631.98801076155
1,1641,65205.71476258857
1,1642,56170.8995797125
1,1643,51565.169038609936
1,1644,43874.59264596843
1,1645,38920.39229341505
1,1646,44734.45185870687
1,1647,51703.504647329915
1,1648,57555.66473547136
1,1649,67698.7356499984
1,1650,61894.365869972455
1,1651,45354.83360369144
1,1652,23980.46808363079
1,1653,7954.406102011189
1,1654,9.580195317552482e-07
1,1655,1.9399251165940648e-07
1,1656,1.9399248988493633e-07
1,1657,1.9399248534307875e-07
1,1658,1.9399248362813942e-07
1,1659,1.9399248314740926e-07
1,1660,1.9399248385055757e-07
1,1661,1.9399248690765194e-07
1,1662,1.9399250223261163e-07
1,1663,1.9399255191202488e-07
1,1664,1.9399255838927566e-07
1,1665,1.9399255915822403e-07
1,1666,1.9399255856932776e-07
1,1667,1.939925584540144e-07
1,1668,1.9399255801094586e-07
1,1669,1.9399255877650948e-07
1,1670,1.9399256189451823e-07
1,1671,1.9399256723666185e-07
1,1672,1.9399257294263577e-07
1,1673,1.9399257629348202e-07
1,1674,1.9399257656590306e-07
1,1675,1.9399257378720131e-07
1,1676,1.9399256246738355e-07
1,1677,1.9399249321601452e-07
1,1678,1.939924678313197e-07
1,1679,1.9399245666769058e-07
1,1680,1.9399245241911477e-07
1,1681,1.9399245060164888e-07
1,1682,1.939924501707378e-07
1,1683,1.9399245076952403e-07
1,1684,1.939924524237565e-07
1,1685,1.9399245527555127e-07
1,1686,1.9399245846966847e-07
1,1687,1.939924603055319e-07
1,1688,1.9399246037460576e-07
1,1689,1.9399245887080887e-07
1,1690,1.9399245673432327e-07
1,1691,1.9399245518687285e-07
1,1692,1.9399245430584254e-07
1,1693,1.939924546132867e-07
1,1694,1.9399245704485317e-07
1,1695,1.939924711020197e-07
1,1696,9.580198022383369e-07
1,1697,9.580233485007214e-07
1,1698,9.58023443281516e-07
1,1699,9.58023433412874e-07
1,1700,9.580232908772597e-07
1,1701,9.580220996333754e-07
1,1702,1.9399322224248049e-07
1,1703,1.9399247377187431e-07
1,1704,1.939924590112461e-07
1,1705,1.939924536296841e-07
1,1706,1.9399245101617325e-07
1,1707,1.9399244947042706e-07
1,1708,1.9399244875984773e-07
1,1709,1.9399244867801503e-07
1,1710,1.939924489315752e-07
1,1711,1.9399244891719003e-07
1,1712,1.9399244797780593e-07
1,1713,1.9399244607775856e-07
1,1714,1.9399244410690263e-07
1,1715,1.9399244276746148e-07
1,1716,1.9399244217036762e-07
1,1717,1.939924422828841e-07
1,1718,1.9399244350048972e-07
1,1719,1.9399244721857388e-07
1,1720,1.9399246374853873e-07
1,1721,1.939925383476257e-07
1,1722,1.9399254460650632e-07
1,1723,1.9399254515487375e-07
1,1724,1.939925436167085e-07
1,1725,1.9399254092584577e-07
1,1726,1.9399253652014196e-07
1,1727,1.939925254519777e-07
1,1728,1.939925074015438e-07
1,1729,1.9399249286682858e-07
1,1730,1.9399248539427173e-07
1,1731,1.939924806468816e-07
1,1732,1.93992477176735e-07
1,1733,1.939924743510907e-07
1,1734,1.9399247092483903e-07
1,1735,1.9399246460485347e-07
1,1736,1.9399245353582606e-07
1,1737,1.9399244689094746e-07
1,1738,1.9399244398950047e-07
1,1739,1.9399244287626794e-07
1,1740,1.9399244269917283e-07
1,1741,1.9399244350425817e-07
1,1742,1.9399244609465263e-07
1,1743,1.9399245408328125e-07
1,1744,9.580083303084652e-07
1,1745,21299.722370843767
1,1746,36330.52948576886
1,1747,40724.349225112404
1,1748,39635.04919962431
1,1749,36774.91048689645
1,1750,33484.192422548425
1,1751,27156.932425342187
1,1752,21955.484513294254
1,1753,20338.423436149365
1,1754,19227.22776280166
1,1755,18118.61128855334
1,1756,17181.694249453554
1,1757,16141.892462278667
1,1758,14336.867297703615
1,1759,4380.199796219278
1,1760,1.9399250074637374e-07
1,1761,1.9399245281950894e-07
1,1762,1.939924461496166e-07
1,1763,1.9399244395912503e-07
1,1764,1.9399244328758206e-07
1,1765,1.9399244379878508e-07
1,1766,1.9399244599210574e-07
1,1767,1.9399245323831845e-07
1,1768,1.93992656476549e-07
1,1769,9.580198413886808e-07
1,1770,9.580199689075666e-07
1,1771,9.580199537348077e-07
1,1772,9.580198556075214e-07
1,1773,9.580195624272294e-07
1,1774,9.580189732656601e-07
1,1775,6.873233808853483e-07
1,1776,6.873215084773868e-07
1,1777,6.873213293403064e-07
1,1778,6.873212543111681e-07
1,1779,6.873212380046031e-07
1,1780,6.873212850700905e-07
1,1781,9.58006197840235e-07
1,1782,9.580172025912903e-07
1,1783,9.580171555090114e-07
1,1784,9.580163591272588e-07
1,1785,1.9399250608026642e-07
1,1786,1.9399249149784207e-07
1,1787,1.939924880450681e-07
1,1788,1.9399248727517022e-07
1,1789,1.9399248824904127e-07
1,1790,1.9399249293410586e-07
1,1791,1.939925741963267e-07
1,1792,20281.035258496417
1,1793,72259.54991077232
1,1794,91922.1570252537
1,1795,88634.1868451458
1,1796,73382.2651550399
1,1797,55697.73734311398
1,1798,47898.34468304166
1,1799,33883.036390394074
1,1800,24507.853503401544
1,1801,20231.004138328935
1,1802,15918.734710740102
1,1803,17245.560196428134
1,1804,24088.143477278572
1,1805,38206.54539880666
1,1806,68571.5354376593
1,1807,89954.33090531983
1,1808,90279.33787018187
1,1809,75645.58379451968
1,1810,60375.829465815084
1,1811,38762.815940225075
1,1812,17517.29553298804
1,1813,9192.495688529154
1,1814,19912.922244376587
1,1815,46873.9531792017
1,1816,78500.69272402479
1,1817,105776.6775397187
1,1818,106794.41245611523
1,1819,106578.77606123155
1,1820,105221.19028438305
1,1821,97042.81677109275
1,1822,82316.35502588555
1,1823,64591.319643115414
1,1824,51268.79900402608
1,1825,40962.44927425381
1,1826,31766.747730056653
1,1827,26464.7369108497
1,1828,25857.902069461572
1,1829,30558.173876229164
1,1830,44840.922337310134
1,1831,46527.61729725932
1,1832,27788.89535374813
1,1833,9.580343169033534e-07
1,1834,9.580190518071222e-07
1,1835,9.580188451810444e-07
1,1836,9.580188051995308e-07
1,1837,9.580188329212962e-07
1,1838,9.580190085636135e-07
1,1839,9.580237941490072e-07
1,1840,28778.004839659214
1,1841,69461.67165189485
1,1842,83998.25642710055
1,1843,82612.53461593208
1,1844,71164.7007597122
1,1845,53466.21555471789
1,1846,39442.294927199546
1,1847,21599.736694405612
1,1848,9419.154574066337
1,1849,527.9036486990791
1,1850,1.9399480167144634e-06
1,1851,1.939936952104989e-06
1,1852,611.0514889523724
1,1853,9154.420716292008
1,1854,28146.886381776232
1,1855,42445.90003024353
1,1856,33138.1388876342
1,1857,10752.13957618472
1,1858,1.9399235080042436e-06
1,1859,1.9399227473747895e-06
1,1860,1.9399226132316182e-06
1,1861,1.9399228075013216e-06
1,1862,1.9399237957727777e-06
1,1863,13313.218308630328
1,1864,50954.92727483479
1,1865,95423.91822924913
1,1866,105173.39783272568
1,1867,105470.22801345211
1,1868,102764.4785154658
1,1869,92086.20520988511
1,1870,78334.69809093037
1,1871,62878.53444224556
1,1872,51291.555367548426
1,1873,47252.091914836055
1,1874,46586.62741682087
1,1875,47427.879268756944
1,1876,54101.85388863793
1,1877,66916.22748049015
1,1878,94610.88057547009
1,1879,105875.61901399457
1,1880,105574.29751739261
1,1881,89207.9773648063
1,1882,73970.610431275
1,1883,63208.28743514385
1,1884,48247.03157249128
1,1885,45617.001208473324
1,1886,54476.59118806335
1,1887,71305.95020576385
1,1888,93155.64579566827
1,1889,107157.33789357665
1,1890,107683.1793766679
1,1891,107062.10103177444
1,1892,100788.50462224905
1,1893,84252.52661259612
1,1894,69561.06256117817
1,1895,53285.639457917794
1,1896,42777.13716908408
1,1897,34764.66144663451
1,1898,31021.40710909577
1,1899,27481.73458520526
1,1900,25552.461802964026
1,1901,27772.644832767262
1,1902,33601.0467321049
1,1903,36185.563487414496
1,1904,27571.714052132604
1,1905,12894.557235710075
1,1906,1.9399422920801754e-06
1,1907,212.5879790117855
1,1908,1.9399257107892426e-06
1,1909,1.9399227500071714e-06
1,1910,1.939922291643769e-06
1,1911,1.939922592065749e-06
1,1912,4228.8160127259525
1,1913,29225.534655821473
1,1914,43800.491156334196
1,1915,40240.520309943364
1,1916,27589.099512064648
1,1917,15111.555582862447
1,1918,7561.139246670174
1,1919,9.58020519822627e-07
1,1920,9.58018898423916e-07
1,1921,1.9399350783986072e-07
1,1922,1.9399305005286095e-07
1,1923,1.9399281047269958e-07
1,1924,1.9399275163175087e-07
1,1925,1.9399272871874647e-07
1,1926,1.9399269728279237e-07
1,1927,1.9399248078745858e-07
1,1928,1.939924472549353e-07
1,1929,1.9399244129831332e-07
1,1930,1.9399243948047474e-07
1,1931,1.9399243891108903e-07
1,1932,1.9399243871113843e-07
1,1933,1.9399243878452452e-07
1,1934,1.9399243931574716e-07
1,1935,1.9399244100229987e-07
1,1936,1.9399244751031405e-07
1,1937,9.580202551203654e-07
1,1938,1.7034616134618585e-06
1,1939,1.703461840294097e-06
1,1940,1.7034617859357915e-06
1,1941,1.7034614365691106e-06
1,1942,1.703460488698104e-06
1,1943,9.580219508014907e-07
1,1944,9.580201338528403e-07
1,1945,9.580199246236846e-07
1,1946,9.580198274583668e-07
1,1947,9.580199797697816e-07
1,1948,9.580207746796484e-07
1,1949,1.703459057997487e-06
1,1950,1.7034601220558744e-06
1,1951,1.70345973867109e-06
1,1952,9.580192978840949e-07
1,1953,1.9399245216250275e-07
1,1954,1.9399244440631014e-07
1,1955,1.93992442350324e-07
1,1956,1.9399244195411334e-07
1,1957,1.939924427759047e-07
1,1958,1.9399244540503314e-07
1,1959,1.9399245511934992e-07
1,1960,9.580191296606614e-07
1,1961,19336.986659611455
1,1962,22662.643991814977
1,1963,22534.105788794765
1,1964,20713.52330264108
1,1965,16129.591402147797
1,1966,9719.656784948902
1,1967,1.9399263162333635e-06
1,1968,1.9399173168988624e-06
1,1969,1.939916805511069e-06
1,1970,1.939917118332276e-06
1,1971,1.9399181295437425e-06
1,1972,2727.802673968069
1,1973,11473.928568411495
1,1974,12317.34715430176
1,1975,11568.405435431665
1,1976,3230.6893495893405
1,1977,1.939924582317403e-07
1,1978,1.9399244603255326e-07
1,1979,1.9399244383842368e-07
1,1980,1.939924433974922e-07
1,1981,1.939924442956978e-07
1,1982,1.939924480009096e-07
1,1983,1.9399246608746775e-07
1,1984,6033.210266307013
1,1985,25145.67243091061
1,1986,28189.632954304026
1,1987,27266.655027049674
1,1988,23059.026249417264
1,1989,15208.142689668473
1,1990,5449.534404228789
1,1991,1.939912336727253e-06
1,1992,1.9399093749562673e-06
1,1993,1.939908895560095e-06
1,1994,1.939908530890165e-06
1,1995,1.939909546883559e-06
1,1996,898.4236161111882
1,1997,5979.854112545826
1,1998,6361.486646748751
1,1999,6117.563991048563
1,2000,2401.023314132556
1,2001,1.9399246476680193e-07
1,2002,1.9399244893950511e-07
1,2003,1.9399244547105681e-07
1,2004,1.9399244436166642e-07
1,2005,1.9399244464674553e-07
1,2006,1.9399244695446646e-07
1,2007,1.9399245702831824e-07
1,2008,9.58019485129659e-07
1,2009,9942.56760660635
1,2010,10329.772177972545
1,2011,10240.872040050483
1,2012,9727.744505048935
1,2013,7528.698311559716
1,2014,1.940964605947789e-06
1,2015,1.939910290035078e-06
1,2016,1.939909021152191e-06
1,2017,1.9399087785648957e-06
1,2018,1.9399087696793507e-06
1,2019,1.9399090112410584e-06
1,2020,1.9399105284585556e-06
1,2021,6042.729037285244
1,2022,6830.948316454845
1,2023,6781.483477883247
1,2024,6301.048968599841
1,2025,9.580130366489596e-07
1,2026,1.9399252285010593e-07
1,2027,1.939925166815436e-07
1,2028,1.939925150011056e-07
1,2029,1.9399251558107415e-07
1,2030,1.9399251926071657e-07
1,2031,1.9399254996967923e-07
1,2032,6849.898609290154
1,2033,16007.654412171405
1,2034,17094.91903746648
1,2035,16946.401288349854
1,2036,15739.801568780164
1,2037,13584.641630598318
1,2038,9794.657652138701
1,2039,583.9364196309962
1,2040,1.939919119900282e-06
1,2041,1.93991686300074e-06
1,2042,1.9399160594412912e-06
1,2043,1.9399152432170193e-06
1,2044,1.9399157638335757e-06
1,2045,3330.2959655524132
1,2046,9387.410609053622
1,2047,9172.69483748754
1,2048,7035.643427408263
1,2049,1.9399257105203452e-07
1,2050,1.9399245652001123e-07
1,2051,1.939924510164189e-07
1,2052,1.9399244975375534e-07
1,2053,1.939924501141272e-07
1,2054,1.9399245275670568e-07
1,2055,1.9399246506450437e-07
1,2056,9.580200124825294e-07
1,2057,17066.397486308477
1,2058,18940.28163540882
1,2059,18786.376260831606
1,2060,17692.235004839247
1,2061,15625.402854164617
1,2062,13543.823096625309
1,2063,8823.705951226473
1,2064,6035.527311399157
1,2065,3409.4416182646755
1,2066,1261.1850049973948
1,2067,1.940217110740422e-06
1,2068,1.9399424653494655e-06
1,2069,2653.987291678771
1,2070,2617.151264505765
1,2071,9.580195069980134e-07
1,2072,1.939925216859701e-07
1,2073,1.9399245553612063e-07
1,2074,1.939924459347396e-07
1,2075,1.9399244301637905e-07
1,2076,1.9399244196697384e-07
1,2077,1.9399244204387426e-07
1,2078,1.9399244344726047e-07
1,2079,1.939924481233372e-07
1,2080,1.9399248207105993e-07
1,2081,11706.668990728725
1,2082,14676.974986457803
1,2083,14821.885180635029
1,2084,14369.6959410525
1,2085,13982.679870040301
1,2086,13606.427825733172
1,2087,12379.41811277247
1,2088,10534.253138457036
1,2089,8919.063343135947
1,2090,8406.606273017696
1,2091,6814.994184742735
1,2092,5132.579648154733
1,2093,5232.6295034986015
1,2094,4272.560439194245
1,2095,1734.4876211839749
1,2096,2252.0536284462028
1,2097,9.580267843947772e-07
1,2098,9.580201286832118e-07
1,2099,9.58019803235454e-07
1,2100,9.580195130094062e-07
1,2101,9.580194140188917e-07
1,2102,9.580193578426875e-07
1,2103,9.580192973400625e-07
1,2104,9.580193978369947e-07
1,2105,1.7034181843483291e-06
1,2106,1.7034596049160224e-06
1,2107,1.7034595518120304e-06
1,2108,1.7034593622478254e-06
1,2109,1.703458853363109e-06
1,2110,1.7034578675005605e-06
1,2111,9.580552418649934e-07
1,2112,9.580200444037893e-07
1,2113,9.580194130409108e-07
1,2114,9.580191017657556e-07
1,2115,9.58017961572896e-07
1,2116,9.580187487384118e-07
1,2117,9.580197256869821e-07
1,2118,1.7034357562963897e-06
1,2119,1.7034324168177734e-06
1,2120,9.580193524682973e-07
1,2121,1.9399246872753307e-07
1,2122,1.939924549901181e-07
1,2123,1.939924521043336e-07
1,2124,1.9399245129811664e-07
1,2125,1.939924517853859e-07
1,2126,1.9399245439125141e-07
1,2127,1.9399246696826174e-07
1,2128,9.580193916575607e-07
1,2129,25650.102235412214
1,2130,50867.62417786308
1,2131,61716.372227281114
1,2132,57631.302732945864
1,2133,49515.146726931845
1,2134,43170.48792182837
1,2135,34188.697935282195
1,2136,28262.028671822987
1,2137,26909.264481199385
1,2138,22995.434100030503
1,2139,22046.522915687587
1,2140,21812.668495850277
1,2141,29280.004758485036
1,2142,43324.60334460094
1,2143,43426.344085936056
1,2144,24344.94261292907
1,2145,1.9399258885995237e-06
1,2146,1.939921885444491e-06
1,2147,1.9399218228091287e-06
1,2148,1.9399215903905047e-06
1,2149,1.9399214466765455e-06
1,2150,1.939921816519909e-06
1,2151,1.939925489706772e-06
1,2152,22270.941273064524
1,2153,65750.83730850244
1,2154,86491.8409831863
1,2155,86513.65304193796
1,2156,77047.27413581693
1,2157,60174.17829639144
1,2158,44848.16347595886
1,2159,30200.574826367003
1,2160,21170.788099247617
1,2161,14511.255269722575
1,2162,14386.07027829675
1,2163,16781.62363129646
1,2164,22155.52455783982
1,2165,33126.663181081065
1,2166,41191.81631867812
1,2167,33903.551262087574
1,2168,17372.902336570158
1,2169,9.580195850626908e-07
1,2170,9.58018642156456e-07
1,2171,9.580185474334594e-07
1,2172,9.580185191255404e-07
1,2173,9.580185449309683e-07
1,2174,9.58018676995314e-07
1,2175,9.580198087003275e-07
1,2176,19807.488286318352
1,2177,55381.2341552761
1,2178,78097.92113522468
1,2179,79393.13880889524
1,2180,77763.66089814581
1,2181,70869.08568367579
1,2182,58986.10924224257
1,2183,42088.05674794413
1,2184,28136.306363015767
1,2185,22119.49423777615
1,2186,18938.780367670945
1,2187,17662.381381174844
1,2188,21221.150548947673
1,2189,28062.315030885853
1,2190,33942.72655922662
1,2191,28943.80758476458
1,2192,12325.39177731012
1,2193,1.9399254856298197e-07
1,2194,1.939924674871702e-07
1,2195,1.9399246311693506e-07
1,2196,1.939924617061949e-07
1,2197,1.9399246178717465e-07
1,2198,1.9399246370547558e-07
1,2199,1.9399247385801248e-07
1,2200,9.58019824411142e-07
1,2201,25353.253123625003
1,2202,35708.741540179195
1,2203,37967.120513045855
1,2204,37103.92088320369
1,2205,32654.341684195242
1,2206,24446.60742768626
1,2207,12858.385549674935
1,2208,1.939927557686342e-06
1,2209,1.9399209586290497e-06
1,2210,1.9399204167279717e-06
1,2211,1.939921672744496e-06
1,2212,370.13398168498793
1,2213,10959.60806646525
1,2214,17682.01684037911
1,2215,17724.70245708856
1,2216,13787.707886984628
1,2217,1.939917866295606e-06
1,2218,1.939914836413292e-06
1,2219,1.939914233828266e-06
1,2220,1.9399140164584835e-06
1,2221,1.939914050779913e-06
1,2222,1.9399143851127416e-06
1,2223,1.939916101213927e-06
1,2224,10507.54175686891
1,2225,14235.47953277844
1,2226,14943.078363233877
1,2227,14899.754080959137
1,2228,14838.125104972381
1,2229,14347.512802217228
1,2230,12537.091866965678
1,2231,6949.6059359923765
1,2232,991.1806257116133
1,2233,1.939916469712643e-06
1,2234,1.9399148112176327e-06
1,2235,1.941311294442569e-06
1,2236,4021.2729880758884
1,2237,6140.707227453013
1,2238,6223.546198871644
1,2239,2440.090792503216
1,2240,1.9399257390036492e-07
1,2241,1.939924530611327e-07
1,2242,1.9399244629031555e-07
1,2243,1.939924439099556e-07
1,2244,1.9399244304187982e-07
1,2245,1.9399244327935313e-07
1,2246,1.9399244506643426e-07
1,2247,1.939924515221001e-07
1,2248,1.9399394353811825e-07
1,2249,29562.036276454866
1,2250,57206.9133694874
1,2251,67516.76170665826
1,2252,68884.47073128924
1,2253,63970.63789106173
1,2254,54223.04755971977
1,2255,42768.63248495069
1,2256,31092.276165739135
1,2257,22663.69291197363
1,2258,16754.59509533661
1,2259,14392.825809792563
1,2260,12339.317909621132
1,2261,11077.926250347631
1,2262,4293.003643629273
1,2263,1.9399297090538069e-07
1,2264,1.939924599720813e-07
1,2265,1.939924457847919e-07
1,2266,1.9399244189011153e-07
1,2267,1.9399244057662262e-07
1,2268,1.9399244017641818e-07
1,2269,1.939924405079274e-07
1,2270,1.9399244189924424e-07
1,2271,1.9399244612874232e-07
1,2272,1.939924739824052e-07
1,2273,14446.00257862574
1,2274,18814.06688939013
1,2275,19229.570461089275
1,2276,18684.757107004974
1,2277,16833.9867853354
1,2278,11281.674936745969
1,2279,9.580248775430154e-07
1,2280,9.580181400983339e-07
1,2281,6.873253517338443e-07
1,2282,6.873245165362648e-07
1,2283,6.873252959802129e-07
1,2284,9.580124759947619e-07
1,2285,9.580195728521078e-07
1,2286,9.580212466089711e-07
1,2287,9.580196786104935e-07
1,2288,1.9399281456497155e-07
1,2289,1.9399245537342e-07
1,2290,1.939924466985829e-07
1,2291,1.9399244456145354e-07
1,2292,1.9399244397711092e-07
1,2293,1.9399244446989436e-07
1,2294,1.9399244646724633e-07
1,2295,1.939924521361126e-07
1,2296,1.939924919322912e-07
1,2297,3067.3506593625366
1,2298,3144.8675252083035
1,2299,3146.9376402494127
1,2300,3130.2013553606016
1,2301,3087.8487106601046
1,2302,2908.6661047492494
1,2303,9.580535816092355e-07
1,2304,9.58042079441819e-07
1,2305,9.5804166511218e-07
1,2306,9.580415151381866e-07
1,2307,9.58041460168076e-07
1,2308,9.580417270023533e-07
1,2309,1.7035353387406633e-06
1,2310,1.7035368384291119e-06
1,2311,1.7035366219566352e-06
1,2312,1.7035343875091924e-06
1,2313,1.9399257269599926e-07
1,2314,1.939924831911619e-07
1,2315,1.93992477113731e-07
1,2316,1.9399247539592362e-07
1,2317,1.9399247557612564e-07
1,2318,1.9399247871412013e-07
1,2319,1.9399250852863125e-07
1,2320,11012.88422877786
1,2321,48723.78323082677
1,2322,72528.90753443466
1,2323,74367.03110564526
1,2324,70577.13081797509
1,2325,61087.33129586789
1,2326,45568.80471736682
1,2327,31736.023911404078
1,2328,25364.095626555812
1,2329,22977.958995340497
1,2330,21417.93799354255
1,2331,21906.17880492961
1,2332,26267.573222711366
1,2333,37076.11728343958
1,2334,40873.66514508745
1,2335,32389.28741145373
1,2336,15903.790197100901
1,2337,9.580196148760076e-07
1,2338,9.580185240301491e-07
1,2339,9.580183848837846e-07
1,2340,9.580183400348198e-07
1,2341,9.580183581119022e-07
1,2342,9.580184912844991e-07
1,2343,9.580199978813077e-07
1,2344,24793.20944852942
1,2345,59181.168381067524
1,2346,75830.45359086426
1,2347,75497.90407119232
1,2348,69225.82070013971
1,2349,58511.38192338625
1,2350,43710.24223510258
1,2351,28320.02994144568
1,2352,16445.17660194003
1,2353,8222.143886714708
1,2354,3798.514375548555
1,2355,4678.052731254548
1,2356,7478.062670052874
1,2357,18483.439813112403
1,2358,22854.771530381535
1,2359,20687.641305308953
1,2360,12578.2342276819
1,2361,9.580202884141202e-07
1,2362,9.5801973092253e-07
1,2363,9.580196320664328e-07
1,2364,9.58019605696095e-07
1,2365,9.580196353919147e-07
1,2366,9.580198194204477e-07
1,2367,9.580231442726888e-07
1,2368,22287.263928909062
1,2369,64852.01388379572
1,2370,85122.60101365494
1,2371,87551.94699043393
1,2372,87740.65669848697
1,2373,83524.93304524114
1,2374,71904.6572768254
1,2375,56387.053230752565
1,2376,49459.46901274487
1,2377,43332.738951159576
1,2378,40111.19228471416
1,2379,37478.55651035445
1,2380,37746.65641997496
1,2381,36398.331047409985
1,2382,25308.199528495294
1,2383,7393.710060322752
1,2384,1.9399253167013973e-07
1,2385,1.9399245353969785e-07
1,2386,1.9399244607411124e-07
1,2387,1.9399244382783746e-07
1,2388,1.939924430055726e-07
1,2389,1.9399244322363615e-07
1,2390,1.9399244485627352e-07
1,2391,1.9399245042772506e-07
1,2392,1.9399253604499968e-07
1,2393,19847.120891354585
1,2394,47192.71071078519
1,2395,59341.48005456897
1,2396,61324.3386837224
1,2397,58137.13101654684
1,2398,49752.73060467346
1,2399,40272.821685274386
1,2400,36200.77970879282
1,2401,33782.08571664421
1,2402,31637.92986546065
1,2403,32799.05601003272
1,2404,34467.86140882022
1,2405,35816.72311054606
1,2406,28005.011455936066
1,2407,12764.865783034333
1,2408,1.6586080152792639e-07
1,2409,1.9399246210161954e-07
1,2410,1.9399245032167484e-07
1,2411,1.9399244720366694e-07
1,2412,1.9399244620948574e-07
1,2413,1.9399244649737953e-07
1,2414,1.9399244866623789e-07
1,2415,1.9399245806101573e-07
1,2416,9.580194809281214e-07
1,2417,34361.208693670065
1,2418,67139.33957467308
1,2419,75929.2371311712
1,2420,75989.02446482184
1,2421,70416.31351690099
1,2422,61665.53297330739
1,2423,50155.274823516214
1,2424,40324.07102064717
1,2425,36188.26434479228
1,2426,31795.114957467067
1,2427,31520.87512451743
1,2428,30951.428277473136
1,2429,27914.986944321794
1,2430,18183.799105209597
1,2431,1485.8328752232815
1,2432,1.9399252188058947e-07
1,2433,1.939924583490984e-07
1,2434,1.9399245167934838e-07
1,2435,1.939924498922715e-07
1,2436,1.9399244956161863e-07
1,2437,1.9399245066442757e-07
1,2438,1.939924548101287e-07
1,2439,1.939924788719156e-07
1,2440,4570.766564363499
1,2441,35755.87270615453
1,2442,58570.86677467405
1,2443,64203.017217885375
1,2444,61343.18829233573
1,2445,52865.814992421
1,2446,41906.68992898986
1,2447,30572.053487836856
1,2448,24622.580974663782
1,2449,20131.602845468184
1,2450,17404.86758905928
1,2451,15989.89907642887
1,2452,12529.640085390294
1,2453,9998.591023525389
1,2454,2848.9205145122296
1,2455,9.580193889114087e-07
1,2456,1.9399285173343627e-07
1,2457,1.939924826847514e-07
1,2458,1.9399246635911206e-07
1,2459,1.939924618002198e-07
1,2460,1.939924597231468e-07
1,2461,1.93992459200469e-07
1,2462,1.9399246009110552e-07
1,2463,1.9399246455667338e-07
1,2464,1.9399250897599085e-07
1,2465,13716.102290988722
1,2466,24066.264273819805
1,2467,25998.790036687853
1,2468,26093.541494347755
1,2469,24426.65023923656
1,2470,19679.77779371958
1,2471,11182.931399643965
1,2472,1967.2773570896438
1,2473,9.58018982974013e-07
1,2474,6.873243930321356e-07
1,2475,6.873238448477926e-07
1,2476,9.576564440987667e-07
1,2477,9.58019817335808e-07
1,2478,9.580213711609681e-07
1,2479,9.580194629470418e-07
1,2480,1.9399252623188497e-07
1,2481,1.9399251108606004e-07
1,2482,1.9399250771750064e-07
1,2483,1.9399250634245615e-07
1,2484,1.9399250569745157e-07
1,2485,1.9399250613185835e-07
1,2486,1.9399250813166756e-07
1,2487,1.939925121465165e-07
1,2488,1.9399252034423857e-07
1,2489,9.580190501098443e-07
1,2490,6282.313407061456
1,2491,6921.392052343646
1,2492,7075.8815246731
1,2493,7090.24699010585
1,2494,6880.487667117304
1,2495,5468.12952636694
1,2496,1757.7689671102835
1,2497,3133.811275568406
1,2498,3994.085951029646
1,2499,4763.474962099143
1,2500,6095.60447910827
1,2501,6573.150518349491
1,2502,6675.222148473901
1,2503,6390.795007143951
1,2504,9.580195362118985e-07
1,2505,1.9399245637844915e-07
1,2506,1.9399244690825488e-07
1,2507,1.9399244425183844e-07
1,2508,1.9399244339782424e-07
1,2509,1.9399244376647416e-07
1,2510,1.939924458495789e-07
1,2511,1.9399245381479044e-07
1,2512,9.580136579124983e-07
1,2513,25344.85168923041
1,2514,45218.97844498452
1,2515,52537.30430475714
1,2516,52374.34684825491
1,2517,44958.61560991676
1,2518,34894.68365485746
1,2519,23897.943717469687
1,2520,13623.83887416504
1,2521,8970.943747432537
1,2522,6709.915567951624
1,2523,6855.871435931444
1,2524,11601.571612452544
1,2525,17638.565918713935
1,2526,16792.50764049207
1,2527,12041.660943674817
1,2528,9.58018212690101e-07
1,2529,1.9399246241144217e-07
1,2530,1.9399245371648464e-07
1,2531,1.9399245148648152e-07
1,2532,1.9399245101722188e-07
1,2533,1.9399245195381077e-07
1,2534,1.9399245626005343e-07
1,2535,1.9399249623431733e-07
1,2536,13097.238694835714
1,2537,50974.350846905065
1,2538,77925.48442607411
1,2539,82180.12398101072
1,2540,80255.59546270843
1,2541,74333.53615174982
1,2542,61651.13506398545
1,2543,49015.538196326146
1,2544,37433.551969567656
1,2545,32517.76986865549
1,2546,31099.968521113402
1,2547,34580.66282209341
1,2548,39120.47637740039
1,2549,48486.72766272561
1,2550,47358.79190065747
1,2551,32977.18935410613
1,2552,13492.973362229779
1,2553,1.939927424624083e-07
1,2554,1.939925757139658e-07
1,2555,1.9399257009701588e-07
1,2556,1.9399256869662393e-07
1,2557,1.9399256940168484e-07
1,2558,1.9399257435295325e-07
1,2559,1.9399302179177946e-07
1,2560,14232.603334805011
1,2561,44814.18919762985
1,2562,66180.38035825074
1,2563,69904.94684249506
1,2564,67962.23623215155
1,2565,60692.15752013906
1,2566,51961.55270400942
1,2567,39726.77616304866
1,2568,33302.07909914756
1,2569,29145.023976940643
1,2570,30112.786686879976
1,2571,30802.2521502615
1,2572,31251.35374218852
1,2573,30505.491050421657
1,2574,23038.671028300916
1,2575,12386.408473297653
1,2576,9.580210835233244e-07
1,2577,9.580190926213065e-07
1,2578,9.580187475776582e-07
1,2579,9.580186669775096e-07
1,2580,9.580186382366754e-07
1,2581,9.580186525624556e-07
1,2582,9.580187908598593e-07
1,2583,9.580197792618872e-07
1,2584,17454.86226631362
1,2585,36642.029476325006
1,2586,50331.00324626519
1,2587,53072.72218118992
1,2588,48241.958451858634
1,2589,42541.876688401746
1,2590,34966.45973898349
1,2591,26489.880375204382
1,2592,18476.850035497733
1,2593,13268.693279777011
1,2594,9623.081230279508
1,2595,9167.673933627
1,2596,8689.033647148723
1,2597,8809.485116352698
1,2598,3640.9744093210816
1,2599,9.580195729246172e-07
1,2600,1.9399248081653722e-07
1,2601,1.9399245279524822e-07
1,2602,1.9399244615569322e-07
1,2603,1.939924436015433e-07
1,2604,1.9399244250667274e-07
1,2605,1.9399244236358262e-07
1,2606,1.9399244332023348e-07
1,2607,1.939924463966419e-07
1,2608,1.939924598092553e-07
1,2609,1.7034488350557041e-06
1,2610,1.7034565418589106e-06
1,2611,1.7034567591086517e-06
1,2612,1.7034567090853998e-06
1,2613,1.7034564882638563e-06
1,2614,1.7034559003858637e-06
1,2615,1.7034530021075667e-06
1,2616,9.580207708182895e-07
1,2617,9.58019956308917e-07
1,2618,9.580198679081846e-07
1,2619,9.58020280011926e-07
1,2620,9.580248593220255e-07
1,2621,1.703448346278005e-06
1,2622,1.703449231407289e-06
1,2623,1.7033991609814698e-06
1,2624,1.939924799151815e-07
1,2625,1.939924462290827e-07
1,2626,1.9399244168706418e-07
1,2627,1.939924402290113e-07
1,2628,1.9399243971676305e-07
1,2629,1.9399243984548157e-07
1,2630,1.939924408152047e-07
1,2631,1.9399244328823258e-07
1,2632,1.9399245050816016e-07
1,2633,1.939925831832082e-07
1,2634,1.9399260880986053e-07
1,2635,1.9399261109377475e-07
1,2636,1.9399261054193533e-07
1,2637,1.9399260806134344e-07
1,2638,1.9399260008070065e-07
1,2639,1.9399257211962214e-07
1,2640,1.9399252208386467e-07
1,2641,1.9399250281307484e-07
1,2642,1.9399249481097332e-07
1,2643,1.9399249003558792e-07
1,2644,1.9399248689302877e-07
1,2645,1.9399248411227805e-07
1,2646,1.9399248035425629e-07
1,2647,1.9399247209374958e-07
1,2648,1.9399245106559e-07
1,2649,1.9399244269839526e-07
1,2650,1.9399244023947725e-07
1,2651,1.9399243941584443e-07
1,2652,1.9399243914765517e-07
1,2653,1.9399243919816628e-07
1,2654,1.939924396292349e-07
1,2655,1.9399244079426435e-07
1,2656,1.9399244377941936e-07
1,2657,1.939924531858634e-07
1,2658,1.9399246495541076e-07
1,2659,1.9399246816425532e-07
1,2660,1.9399246887678282e-07
1,2661,1.9399246845676375e-07
1,2662,1.9399246692328005e-07
1,2663,1.9399246460117226e-07
1,2664,1.9399246230147611e-07
1,2665,1.939924605508894e-07
1,2666,1.9399245921660414e-07
1,2667,1.939924581191891e-07
1,2668,1.9399245722584463e-07
1,2669,1.939924562925888e-07
1,2670,1.9399245472788857e-07
1,2671,1.9399245145630173e-07
1,2672,1.9399244567540267e-07
1,2673,1.9399244159451143e-07
1,2674,1.9399243993737024e-07
1,2675,1.9399243939560373e-07
1,2676,1.939924392561118e-07
1,2677,1.9399243943406496e-07
1,2678,1.9399244006561526e-07
1,2679,1.9399244152453634e-07
1,2680,1.9399244548791362e-07
1,2681,1.9399246440532638e-07
1,2682,1.939926322107703e-07
1,2683,1.9399263951832344e-07
1,2684,1.939926407590573e-07
1,2685,1.9399264000961525e-07
1,2686,1.939926365296795e-07
1,2687,1.9399263062855087e-07
1,2688,1.9399262665118993e-07
1,2689,1.939926250536231e-07
1,2690,1.9399262537307227e-07
1,2691,1.9399262620103258e-07
1,2692,1.9399262800983417e-07
1,2693,1.939926282744193e-07
1,2694,1.9399262582815428e-07
1,2695,1.9399261453882207e-07
1,2696,1.9399247509784934e-07
1,2697,1.9399244779763355e-07
1,2698,1.9399244287762404e-07
1,2699,1.9399244128884434e-07
1,2700,1.9399244084123317e-07
1,2701,1.939924412990316e-07
1,2702,1.939924431699114e-07
1,2703,1.9399244882416464e-07
1,2704,1.9399249116127437e-07
1,2705,14676.771287250012
1,2706,34175.28159216009
1,2707,41226.69984051222
1,2708,41505.233497142064
1,2709,38846.26978047419
1,2710,32147.374620856557
1,2711,23621.417823773074
1,2712,17071.44877428931
1,2713,13081.553906738483
1,2714,11932.358663774417
1,2715,14013.03028373158
1,2716,17924.072743025783
1,2717,22552.85215839649
1,2718,23174.582357791936
1,2719,21278.606085883155
1,2720,13082.244211180396
1,2721,9.580130750664845e-07
1,2722,1.9399254496745247e-07
1,2723,1.9399253862744135e-07
1,2724,1.9399253691687525e-07
1,2725,1.939925372287316e-07
1,2726,1.9399254046509373e-07
1,2727,1.9399255963746596e-07
1,2728,3435.425805335363
1,2729,30060.667205805003
1,2730,46357.43271143238
1,2731,52887.984492561045
1,2732,52517.999394468374
1,2733,46867.53862353342
1,2734,38856.26460203406
1,2735,29454.3342439587
1,2736,23213.188086458573
1,2737,16691.326108469944
1,2738,14996.323978546032
1,2739,15673.747741106017
1,2740,14648.794072366918
1,2741,12838.302071202022
1,2742,7001.395534270492
1,2743,9.580196361469937e-07
1,2744,1.9399248743596333e-07
1,2745,1.9399245362349906e-07
1,2746,1.9399244617777875e-07
1,2747,1.9399244321282124e-07
1,2748,1.9399244192231572e-07
1,2749,1.9399244163249662e-07
1,2750,1.9399244238742236e-07
1,2751,1.9399244489170322e-07
1,2752,1.9399245420543695e-07
1,2753,9.58019518989076e-07
1,2754,18370.693181980077
1,2755,22034.984916443824
1,2756,22920.38468427983
1,2757,22616.552346259177
1,2758,21247.698382126735
1,2759,18687.36561172681
1,2760,15103.444559176367
1,2761,11888.290779591569
1,2762,14031.022417015496
1,2763,15948.430124871486
1,2764,15624.570018866083
1,2765,14370.542150347543
1,2766,8722.576173247815
1,2767,9.580179289219104e-07
1,2768,1.9399246452126402e-07
1,2769,1.9399244983864075e-07
1,2770,1.9399244564984175e-07
1,2771,1.9399244402043073e-07
1,2772,1.9399244324855502e-07
1,2773,1.9399244333115682e-07
1,2774,1.9399244469253782e-07
1,2775,1.9399244912554404e-07
1,2776,1.939924859480246e-07
1,2777,19473.66809712662
1,2778,55027.33192772047
1,2779,71674.90837770271
1,2780,73892.03579268609
1,2781,70126.79358642618
1,2782,61243.88488101748
1,2783,51740.978597591384
1,2784,43412.698406224714
1,2785,40719.60004922809
1,2786,38612.45820905209
1,2787,40703.30927644744
1,2788,44066.2017767773
1,2789,48448.49918572339
1,2790,44475.03602123215
1,2791,32683.39634741107
1,2792,17587.306339744187
1,2793,9.580207937227515e-07
1,2794,9.580198099837281e-07
1,2795,9.58019699151981e-07
1,2796,9.580196627628323e-07
1,2797,9.580196825583616e-07
1,2798,9.580198146243269e-07
1,2799,9.580210721231893e-07
1,2800,25337.484867665764
1,2801,71283.24499399433
1,2802,99366.00237206492
1,2803,102653.21661686202
1,2804,102929.91965759305
1,2805,98572.30878034727
1,2806,82941.66469323888
1,2807,64250.77727075365
1,2808,47637.93584813827
1,2809,39334.581030725
1,2810,35089.07046817145
1,2811,35764.59807933274
1,2812,39395.390823479356
1,2813,45749.128705095754
1,2814,44769.645764805224
1,2815,41446.702264941196
1,2816,34865.76861498801
1,2817,20738.42072660991
1,2818,14007.596118020008
1,2819,14757.64749240263
1,2820,11296.576987313498
1,2821,16725.82464409223
1,2822,30667.836035867884
1,2823,48456.03019883177
1,2824,71093.17343063395
1,2825,90466.41299676937
1,2826,99436.18045236703
1,2827,101600.99962743625
1,2828,99488.30279116388
1,2829,87543.77261196074
1,2830,70530.59003592437
1,2831,52595.38798019755
1,2832,40376.06426460726
1,2833,36337.02752561946
1,2834,36212.94583246061
1,2835,38086.57803254958
1,2836,41829.803186304314
1,2837,50943.89861129905
1,2838,67134.17378892908
1,2839,81787.099954708
1,2840,83831.34044901718
1,2841,73101.26788078427
1,2842,58442.75076663485
1,2843,49850.151191963465
1,2844,35479.000964272804
1,2845,23243.831333680286
1,2846,23037.858908059665
1,2847,27993.145536820495
1,2848,38207.661849908276
1,2849,58616.02169766742
1,2850,80498.16772072884
1,2851,87706.52995567402
1,2852,89823.90851561929
1,2853,80884.20884437217
1,2854,64537.2899090103
1,2855,49274.05094878132
1,2856,34335.88428875142
1,2857,26201.8741034595
1,2858,24532.285804947664
1,2859,22639.39768991557
1,2860,24030.59383768984
1,2861,29029.732559780856
1,2862,40607.72333676433
1,2863,51463.81710090391
1,2864,51742.37734075565
1,2865,32237.22138950793
1,2866,17588.7168088884
1,2867,3833.5420337711603
1,2868,1.939929056244144e-06
1,2869,1.9399279868961917e-06
1,2870,1105.6128486476807
1,2871,10357.347411493844
1,2872,35253.080713893105
1,2873,66988.20670652197
1,2874,85673.99909163195
1,2875,87384.30141488143
1,2876,82235.47925748365
1,2877,65751.58210397174
1,2878,35769.554297553506
1,2879,12781.426653882832
1,2880,117.33280603173928
1,2881,9.580185366428932e-07
1,2882,1.939930282597671e-07
1,2883,1.939928900609182e-07
1,2884,1.9399280855439188e-07
1,2885,1.9399259270696968e-07
1,2886,1.939925114065646e-07
1,2887,1.9399248710723493e-07
1,2888,1.9399247344154163e-07
1,2889,1.9399246769000157e-07
1,2890,1.9399246502462605e-07
1,2891,1.9399246406739666e-07
1,2892,1.939924641858178e-07
1,2893,1.9399246553744606e-07
1,2894,1.939924700152493e-07
1,2895,1.9399250709119516e-07
1,2896,1015.2855911162665
1,2897,17736.487263063376
1,2898,21916.42747718831
1,2899,22925.54750845885
1,2900,22569.923843862292
1,2901,21037.249705726197
1,2902,17542.72155541908
1,2903,11066.274067155247
1,2904,5438.535854113037
1,2905,71.79909844216182
1,2906,9.580232139034896e-07
1,2907,9.580216913156985e-07
1,2908,9.580233500061632e-07
1,2909,9.58021587658063e-07
1,2910,9.580204104283997e-07
1,2911,9.580199128411717e-07
1,2912,9.580197489846572e-07
1,2913,9.580196328469263e-07
1,2914,9.580196209693288e-07
1,2915,9.580196248507557e-07
1,2916,9.580196493427472e-07
1,2917,9.580196331469521e-07
1,2918,9.580197037675245e-07
1,2919,9.580200673811877e-07
1,2920,3608.0280735151896
1,2921,19790.12033788613
1,2922,29065.487626679485
1,2923,32381.402707681544
1,2924,32387.91167983745
1,2925,29902.45929367449
1,2926,25557.147074415887
1,2927,18691.579460698737
1,2928,9680.25862704602
1,2929,4468.24021571777
1,2930,3167.061081106282
1,2931,3308.794310111571
1,2932,3901.4107943814224
1,2933,2417.2980507534908
1,2934,9.58020332643704e-07
1,2935,9.580021158907722e-07
1,2936,1.9399249847882165e-07
1,2937,1.9399248697919658e-07
1,2938,1.9399248406921828e-07
1,2939,1.9399248323655779e-07
1,2940,1.9399248294188688e-07
1,2941,1.9399248338851973e-07
1,2942,1.939924852315567e-07
1,2943,1.939924915893589e-07
1,2944,1.9399266572884828e-07
1,2945,10874.217069579963
1,2946,42015.09108399493
1,2947,65007.14339593455
1,2948,69297.25875980651
1,2949,66049.48290940862
1,2950,53895.389143644534
1,2951,40732.310654189125
1,2952,32225.636728211088
1,2953,30176.401154252533
1,2954,29691.729887869384
1,2955,30197.09791269186
1,2956,35171.22390577453
1,2957,42656.166178361455
1,2958,53048.76344370961
1,2959,60645.41137414866
1,2960,61492.67998502669
1,2961,49294.614809563354
1,2962,42721.73231199634
1,2963,50401.026739782945
1,2964,42118.651930754655
1,2965,35032.81341442841
1,2966,36256.10458810474
1,2967,45958.90376902023
1,2968,58756.43362298937
1,2969,79351.49334578453
1,2970,93430.46279230951
1,2971,95792.28271410578
1,2972,93077.76929068317
1,2973,86475.75424302938
1,2974,73278.09205285266
1,2975,55704.41575380666
1,2976,41385.97882067119
1,2977,34873.5979674708
1,2978,31243.065037137
1,2979,32658.730278937986
1,2980,34454.57808448263
1,2981,35137.8203424559
1,2982,35742.15628168198
1,2983,35501.63528735639
1,2984,20994.80616831913
1,2985,5064.523904366036
1,2986,1.939924107159633e-06
1,2987,1.93992141866129e-06
1,2988,1.9399204140635923e-06
1,2989,1.939920027680284e-06
1,2990,1.939919987766167e-06
1,2991,1.9399202557159056e-06
1,2992,1.939921767311137e-06
1,2993,18618.355237657066
1,2994,33773.17368728079
1,2995,40428.83310654073
1,2996,39618.20185661889
1,2997,37854.852710699735
1,2998,32332.17177126064
1,2999,23802.959674553367
1,3000,14714.66820018365
1,3001,12115.159442192244
1,3002,9878.427166605228
1,3003,9173.95990820747
1,3004,12037.521825515421
1,3005,15810.333705910334
1,3006,15444.889798178529
1,3007,12090.38180157476
1,3008,9.580200601786125e-07
1,3009,1.939925067132804e-07
1,3010,1.9399249353090325e-07
1,3011,1.9399249060085112e-07
1,3012,1.9399248950628041e-07
1,3013,1.9399248968414802e-07
1,3014,1.9399249196713983e-07
1,3015,1.9399250032973433e-07
1,3016,9.58018715801434e-07
1,3017,17694.087618651665
1,3018,34705.29414609692
1,3019,44025.86069382377
1,3020,43212.21190816511
1,3021,40533.17002177414
1,3022,33532.728163759566
1,3023,26188.103242846817
1,3024,20368.662926869016
1,3025,20873.033468242655
1,3026,20928.88855685918
1,3027,23986.371006147947
1,3028,26924.324976001666
1,3029,28699.67130986822
1,3030,27162.27012203817
1,3031,22594.422468450142
1,3032,13539.049610833557
1,3033,9.580194400873945e-07
1,3034,2.2135677416190634e-07
1,3035,2.2135674205785585e-07
1,3036,2.2135673359563248e-07
1,3037,2.2135673208208117e-07
1,3038,2.2135673563026491e-07
1,3039,2.2135675892232842e-07
1,3040,9.580314222675047e-07
1,3041,29089.11794461548
1,3042,51054.3229369809
1,3043,62143.53230357698
1,3044,60369.65618816821
1,3045,56635.17361551862
1,3046,47277.79118555454
1,3047,36303.60434162399
1,3048,29747.893067049215
1,3049,26541.152093659293
1,3050,25165.7954997979
1,3051,27092.92309472853
1,3052,29434.145356785382
1,3053,30627.85350924383
1,3054,27064.872567590293
1,3055,20357.064723998323
1,3056,6439.549313317547
1,3057,9.580200179081617e-07
1,3058,9.58019693246342e-07
1,3059,9.580196192651426e-07
1,3060,9.58019607451154e-07
1,3061,9.580196399538512e-07
1,3062,9.580198085076851e-07
1,3063,9.580290473485854e-07
1,3064,25670.415868624696
1,3065,61811.55806531716
1,3066,82153.97212637344
1,3067,87955.94673170318
1,3068,87273.03132829607
1,3069,85625.89045508376
1,3070,77365.54817311956
1,3071,62774.59798916238
1,3072,54875.300511609545
1,3073,48066.703589918194
1,3074,44575.47634265716
1,3075,43642.123256605
1,3076,44136.93124124321
1,3077,39679.10311377152
1,3078,27811.26108559747
1,3079,13657.217442224408
1,3080,1761.0913640626586
1,3081,1.9399230162571045e-06
1,3082,1.9399222621640884e-06
1,3083,1.9399220200173655e-06
1,3084,1.939921911871499e-06
1,3085,1.939921913082478e-06
1,3086,1.939922440130095e-06
1,3087,1133.6311142922907
1,3088,22570.05775526666
1,3089,50778.039004411796
1,3090,73751.8987485806
1,3091,84232.89732299141
1,3092,79756.2085301988
1,3093,71447.90803992773
1,3094,61435.57036336208
1,3095,48986.91187535604
1,3096,37603.293925273356
1,3097,33274.57761036695
1,3098,30368.510519029594
1,3099,28798.351954828224
1,3100,27494.350307273384
1,3101,22253.33775861151
1,3102,12478.313286020677
1,3103,12096.026235467334
1,3104,12797.421103079474
1,3105,5610.512243235475
1,3106,1.93993384727125e-06
1,3107,1.939924412750777e-06
1,3108,1.9399232524975886e-06
1,3109,1.939923234954723e-06
1,3110,1.9399236964136446e-06
1,3111,1379.3151630758912
1,3112,23103.506881686506
1,3113,49365.08601822716
1,3114,71490.69434905429
1,3115,79242.02327113261
1,3116,75865.1908635491
1,3117,68617.75689588735
1,3118,56276.5626297959
1,3119,41086.65214988785
1,3120,28506.464688151656
1,3121,21882.54457060597
1,3122,18065.833191495523
1,3123,18221.931749733747
1,3124,19787.399489424322
1,3125,28785.947253008893
1,3126,43582.97134138693
1,3127,67262.8518709336
1,3128,83661.07338461671
1,3129,85133.39858380283
1,3130,80445.60892879224
1,3131,69854.02951001258
1,3132,45348.134906968735
1,3133,23862.1259828155
1,3134,12467.031499313554
1,3135,6478.051128911106
1,3136,7382.102611797029
1,3137,14036.751219536029
1,3138,17672.004703772593
1,3139,22016.62027635314
1,3140,19621.916438394983
1,3141,16716.5074933522
1,3142,9352.279535202084
1,3143,2.6181839089013317
1,3144,9.580192799787162e-07
1,3145,9.580190526214156e-07
1,3146,9.580190208939534e-07
1,3147,9.58019292667229e-07
1,3148,9.580194664667042e-07
1,3149,9.580192914085754e-07
1,3150,9.580186434118672e-07
1,3151,1.9399252014317074e-07
1,3152,1.939924657836328e-07
1,3153,1.9399245771087518e-07
1,3154,1.939924548274844e-07
1,3155,1.9399245333188848e-07
1,3156,1.939924525531933e-07
1,3157,1.9399245272218908e-07
1,3158,1.9399245427569918e-07
1,3159,1.9399245897422228e-07
1,3160,1.939924849306923e-07
1,3161,9.580316052965218e-07
1,3162,18263.97123482311
1,3163,35767.633290843245
1,3164,44881.35848428589
1,3165,46683.32612232858
1,3166,38980.35024224715
1,3167,26133.064889865644
1,3168,19304.91302401773
1,3169,17439.27173266187
1,3170,17371.109277233303
1,3171,19405.759132938227
1,3172,25393.323895884194
1,3173,30638.358605822603
1,3174,36669.58122721466
1,3175,30199.473522800414
1,3176,11358.138667072488
1,3177,1.9409545496712786e-06
1,3178,1571.5881264845373
1,3179,9215.546417536007
1,3180,13018.632430443658
1,3181,13657.151491926465
1,3182,24322.600251148087
1,3183,41727.44905578818
1,3184,56839.93112747748
1,3185,74041.21907357105
1,3186,86946.35374626178
1,3187,90515.83535185509
1,3188,89239.77708922101
1,3189,82425.63053060899
1,3190,70765.84042799902
1,3191,53465.100261632804
1,3192,40245.80187384665
1,3193,34158.62243815659
1,3194,30470.124824903127
1,3195,31054.695532442674
1,3196,33844.23164889619
1,3197,37762.05706868113
1,3198,45289.99867712212
1,3199,46779.790231928964
1,3200,36707.09359835024
1,3201,25801.778370130538
1,3202,21559.70453229221
1,3203,23478.734642788626
1,3204,17780.172352416823
1,3205,10576.769038146256
1,3206,10910.533610841614
1,3207,22973.02105323847
1,3208,35223.69272018689
1,3209,59034.11060349014
1,3210,80128.45386490178
1,3211,83077.42064580237
1,3212,76938.20907888163
1,3213,65485.16186652939
1,3214,48449.92314570376
1,3215,29913.17315186524
1,3216,17605.882223775796
1,3217,10479.782708403529
1,3218,10217.782992431858
1,3219,13378.498989370406
1,3220,20789.16441656226
1,3221,26935.253508430214
1,3222,30899.385657999883
1,3223,28842.596285496165
1,3224,14142.39320569013
1,3225,3287.306900085059
1,3226,2953.295517162999
1,3227,7706.58824243064
1,3228,1198.1249570865436
1,3229,1.939928258047803e-06
1,3230,1.939930937592926e-06
1,3231,5902.251187978635
1,3232,22743.817509156892
1,3233,46445.56242436302
1,3234,66005.61950466814
1,3235,75363.16617798319
1,3236,70202.07844473679
1,3237,60884.873521788446
1,3238,46167.36331856597
1,3239,30433.326669192364
1,3240,20742.386281670788
1,3241,15739.90508618109
1,3242,11964.211171398889
1,3243,10754.272016343795
1,3244,10820.233871889723
1,3245,6377.56540822532
1,3246,9.580203157400604e-07
1,3247,1.9399249608567236e-07
1,3248,1.9399245756853214e-07
1,3249,1.9399245002015907e-07
1,3250,1.939924469105783e-07
1,3251,1.939924451878954e-07
1,3252,1.9399244425855964e-07
1,3253,1.9399244414190118e-07
1,3254,1.9399244512182936e-07
1,3255,1.9399244833862164e-07
1,3256,1.9399246320725334e-07
1,3257,9.580214009386824e-07
1,3258,21152.690026202752
1,3259,28543.137087541592
1,3260,30531.19528011714
1,3261,30313.76330562658
1,3262,28149.00352789453
1,3263,23557.927219695423
1,3264,16627.300292156644
1,3265,12425.465002555153
1,3266,9135.568138211273
1,3267,8531.542407980593
1,3268,7477.731741077551
1,3269,1327.11784006504
1,3270,9.58006493551956e-07
1,3271,1.939924662392459e-07
1,3272,1.9399244881617458e-07
1,3273,1.939924441066951e-07
1,3274,1.9399244227573175e-07
1,3275,1.9399244152403066e-07
1,3276,1.9399244126512403e-07
1,3277,1.9399244155036153e-07
1,3278,1.9399244280052371e-07
1,3279,1.939924461950633e-07
1,3280,1.9399245966320057e-07
1,3281,9.580236304950962e-07
1,3282,22318.897281139034
1,3283,28675.342326894566
1,3284,30146.6874982106
1,3285,29563.71635518476
1,3286,26979.157106763432
1,3287,21584.841038466104
1,3288,13607.061065794582
1,3289,9379.142225932435
1,3290,7237.173429893141
1,3291,9045.84263243607
1,3292,11404.81416684676
1,3293,12468.998862058737
1,3294,11747.47471867012
1,3295,8703.922793294654
1,3296,9.580209816204903e-07
1,3297,1.9399255584746108e-07
1,3298,1.9399252330237493e-07
1,3299,1.939925183838884e-07
1,3300,1.9399251652753606e-07
1,3301,1.9399251641499842e-07
1,3302,1.9399251821375504e-07
1,3303,1.9399252547338899e-07
1,3304,9.580164753935117e-07
1,3305,14375.441330913452
1,3306,30717.490980457536
1,3307,40763.38346681886
1,3308,43439.07788697311
1,3309,42831.96178719618
1,3310,38951.65738250505
1,3311,31094.434900186996
1,3312,23801.56531259131
1,3313,18562.767786234814
1,3314,15302.058182700568
1,3315,14938.213057515231
1,3316,15197.194400045693
1,3317,14473.99327140639
1,3318,14475.771950315415
1,3319,11842.50790762683
1,3320,3340.536266838685
1,3321,9.579559496666998e-07
1,3322,9.579520448269507e-07
1,3323,9.579518527563583e-07
1,3324,9.57951801843078e-07
1,3325,9.579518018089359e-07
1,3326,9.579518714110934e-07
1,3327,9.579522230433706e-07
1,3328,9.580198519442021e-07
1,3329,23413.75605662069
1,3330,51004.75533893475
1,3331,67152.98492578696
1,3332,69332.16762180992
1,3333,66956.00348108009
1,3334,57422.22950643694
1,3335,44528.49188457867
1,3336,33794.10359256984
1,3337,29340.514780030808
1,3338,27134.002018036208
1,3339,28116.094196724018
1,3340,32449.34271491974
1,3341,36815.299440422175
1,3342,43436.21120102737
1,3343,50747.1245871647
1,3344,47258.62848794529
1,3345,26352.100475636125
1,3346,13701.858526781678
1,3347,5799.939478288252
1,3348,1.9401170038789418e-06
1,3349,1.9400459872062086e-06
1,3350,5873.9548625736725
1,3351,18580.88772730171
1,3352,32456.54061492099
1,3353,58787.46852684425
1,3354,78351.41862953814
1,3355,87269.59491659653
1,3356,86126.03194857732
1,3357,80128.09980938894
1,3358,70369.89573825871
1,3359,57832.53513112674
1,3360,49899.15893515802
1,3361,45219.54500437648
1,3362,43610.54770328861
1,3363,42784.236775415746
1,3364,39523.93721812927
1,3365,27474.233259615412
1,3366,9958.750162343857
1,3367,9.580189522477403e-07
1,3368,1.9399247379313738e-07
1,3369,1.93992456705154e-07
1,3370,1.9399245285469384e-07
1,3371,1.9399245131930178e-07
1,3372,1.9399245086554877e-07
1,3373,1.939924514311923e-07
1,3374,1.9399245386014566e-07
1,3375,1.939924628394835e-07
1,3376,9.58017201154265e-07
1,3377,23393.09539915688
1,3378,62182.1666346691
1,3379,80039.36952962345
1,3380,81697.47939668536
1,3381,73426.46828014764
1,3382,61385.686231041924
1,3383,45225.16617063479
1,3384,35097.307601328546
1,3385,30668.252816548025
1,3386,29493.559638034167
1,3387,31202.96442858294
1,3388,34856.73364811267
1,3389,33542.08597206836
1,3390,35208.00564722412
1,3391,36538.751180305415
1,3392,31700.060137077733
1,3393,27394.840341775413
1,3394,27770.657398670155
1,3395,35071.35930706552
1,3396,35143.021796202855
1,3397,41312.994109473766
1,3398,51913.30115023913
1,3399,64085.65264370505
1,3400,78470.52207575577
1,3401,88925.42477765029
1,3402,89024.35578082946
1,3403,80795.35594922389
1,3404,70726.01312897878
1,3405,54815.09098834939
1,3406,35751.12860302737
1,3407,20022.41894118576
1,3408,12562.890456861647
1,3409,10091.326616523036
1,3410,8707.526138409665
1,3411,10208.156241086595
1,3412,13530.414124743804
1,3413,14941.821920797887
1,3414,16598.182292069294
1,3415,22362.40241493859
1,3416,31156.860575437975
1,3417,34263.51319315226
1,3418,30554.14909557523
1,3419,20601.512446200053
1,3420,1.941305133487271e-06
1,3421,1.9399238095278e-06
1,3422,1.9399230552819927e-06
1,3423,1.939922885962966e-06
1,3424,1.939929922861374e-06
1,3425,15696.79403371875
1,3426,36537.369689140214
1,3427,49136.26495863788
1,3428,48574.1993051408
1,3429,44112.713144656416
1,3430,33801.13451901251
1,3431,24090.57494380292
1,3432,14132.830752913307
1,3433,7766.33930760555
1,3434,2884.014967730326
1,3435,517.1644925675904
1,3436,9.580205637408346e-07
1,3437,9.580193418809445e-07
1,3438,1.9399288554547364e-07
1,3439,1.9399247748907247e-07
1,3440,1.9399245313696757e-07
1,3441,1.939924476999859e-07
1,3442,1.9399244578372632e-07
1,3443,1.9399244501173118e-07
1,3444,1.9399244490604603e-07
1,3445,1.939924455261851e-07
1,3446,1.9399244693626542e-07
1,3447,1.9399244979514137e-07
1,3448,1.9399245735759383e-07
1,3449,1.9399251361657436e-07
1,3450,1.7034144885023995e-06
1,3451,1.7034296674701556e-06
1,3452,1.7034301923502353e-06
1,3453,1.70343014633246e-06
1,3454,1.7034282611670489e-06
1,3455,9.580191177770195e-07
1,3456,9.580141807507373e-07
1,3457,9.58012153534811e-07
1,3458,9.580119641707972e-07
1,3459,9.580172290096042e-07
1,3460,9.580174146700173e-07
1,3461,9.580193007545472e-07
1,3462,1.7025523657110642e-06
1,3463,1.7034289699256554e-06
1,3464,1.7034292439201395e-06
1,3465,9.580194980769675e-07
1,3466,9.580114559549015e-07
1,3467,9.580114286733898e-07
1,3468,9.580115028109887e-07
1,3469,9.580114440459841e-07
1,3470,9.580114965250691e-07
1,3471,9.580116452193178e-07
1,3472,9.580125765581217e-07
1,3473,9.580229273162785e-07
1,3474,1049.2300031668183
1,3475,1056.7931408994546
1,3476,1057.911471714253
1,3477,1056.539915419794
1,3478,1050.436442821081
1,3479,1023.2271717217552
1,3480,9.580321676135876e-07
1,3481,9.580211743881536e-07
1,3482,9.580202626071507e-07
1,3483,9.580200699062505e-07
1,3484,9.580200818902861e-07
1,3485,9.58020079715712e-07
1,3486,9.580201015874546e-07
1,3487,9.58019745641093e-07
1,3488,9.580190067091399e-07
1,3489,9.580187022757544e-07
1,3490,9.580186388505778e-07
1,3491,9.580186933711748e-07
1,3492,9.580186560268271e-07
1,3493,9.580186744144589e-07
1,3494,9.58018779064641e-07
1,3495,9.580192169115432e-07
1,3496,9.58022185754322e-07
1,3497,21101.360729187658
1,3498,47093.07591720416
1,3499,63706.272360124785
1,3500,70234.28799304628
1,3501,69581.66454600227
1,3502,63846.647833844116
1,3503,53389.62958199983
1,3504,42626.95549235817
1,3505,38451.78082827186
1,3506,38533.65471764907
1,3507,40233.5055458097
1,3508,42036.26891213449
1,3509,38362.85632209066
1,3510,28807.39634704269
1,3511,18297.63746298364
1,3512,3342.233261135239
1,3513,1.939922291113628e-06
1,3514,1.939921831209832e-06
1,3515,1.939921770881713e-06
1,3516,1.9399216255114587e-06
1,3517,1.9399217251161432e-06
1,3518,1.9399223500194706e-06
1,3519,4446.538751896972
1,3520,27658.174092167686
1,3521,54048.99038673188
1,3522,73780.415506556
1,3523,79414.12843383927
1,3524,79340.32647448416
1,3525,73918.008316866
1,3526,63190.76783672084
1,3527,47454.95611603226
1,3528,36273.90089743922
1,3529,30694.905237360395
1,3530,28874.40731250971
1,3531,30544.612340322277
1,3532,30828.575079729926
1,3533,29818.80712095424
1,3534,26602.685292260758
1,3535,21775.89006961034
1,3536,14553.698159613426
1,3537,42.79381855107587
1,3538,9.580200896630128e-07
1,3539,9.580195942348718e-07
1,3540,9.580194513813862e-07
1,3541,9.58019413450841e-07
1,3542,9.580194229220652e-07
1,3543,9.580194832764593e-07
1,3544,9.580197966153629e-07
1,3545,6684.998913419807
1,3546,15380.24411927392
1,3547,17763.967906066886
1,3548,18220.690182820475
1,3549,18042.750776026296
1,3550,17101.76879021536
1,3551,15270.827800232251
1,3552,12094.376260849976
1,3553,8023.147875498016
1,3554,6096.915449899632
1,3555,6362.953728163594
1,3556,8288.380459110203
1,3557,9631.493864345683
1,3558,8456.713602371152
1,3559,2368.394104440314
1,3560,9.580202989007913e-07
1,3561,9.58019627059804e-07
1,3562,9.580195058949902e-07
1,3563,9.580194816080924e-07
1,3564,9.580194752997637e-07
1,3565,9.580195162667256e-07
1,3566,9.580196521330669e-07
1,3567,9.580201193913824e-07
1,3568,511.42273195536853
1,3569,20254.928402891823
1,3570,33142.04065372835
1,3571,41700.55941833977
1,3572,44104.41982888866
1,3573,41698.02076575947
1,3574,36134.5651024167
1,3575,28279.370111812645
1,3576,23511.869610215483
1,3577,19780.44020655605
1,3578,17739.680872130688
1,3579,16642.612829414
1,3580,16075.99122489782
1,3581,12499.022266462736
1,3582,6009.524594462591
1,3583,9.580191720308283e-07
1,3584,1.9399253233309293e-07
1,3585,1.9399252111814293e-07
1,3586,1.9399251860051114e-07
1,3587,1.9399251834067107e-07
1,3588,1.9399251910394093e-07
1,3589,1.9399252100519109e-07
1,3590,1.9399252616055717e-07
1,3591,1.9399255301112636e-07
1,3592,9.580196146120755e-07
1,3593,11465.213977088233
1,3594,20973.190614697905
1,3595,24503.34585844359
1,3596,25302.91353392696
1,3597,24792.955779808646
1,3598,22801.833981667583
1,3599,19726.902628354008
1,3600,16037.67331112836
1,3601,13605.653417712347
1,3602,14237.653298951876
1,3603,13477.606558339947
1,3604,11249.663600631919
1,3605,4085.6102954039466
1,3606,9.580192363260974e-07
1,3607,1.9399248153312625e-07
1,3608,1.9399245069155634e-07
1,3609,1.9399244499956016e-07
1,3610,1.939924428559705e-07
1,3611,1.9399244180080884e-07
1,3612,1.939924412477192e-07
1,3613,1.939924412149009e-07
1,3614,1.939924419240945e-07
1,3615,1.9399244401086857e-07
1,3616,1.9399245049266962e-07
1,3617,1.9399255513722988e-07
1,3618,9657.345229960334
1,3619,13604.643935022998
1,3620,14234.616320400557
1,3621,14324.38827252513
1,3622,13896.012165779308
1,3623,12677.433492805896
1,3624,12682.837257013336
1,3625,11590.23173200158
1,3626,11220.756303467178
1,3627,10798.750778079768
1,3628,10010.514090155664
1,3629,5593.7107884769175
1,3630,1.9399325045517522e-07
1,3631,1.939924559269179e-07
1,3632,1.939924439007653e-07
1,3633,1.9399244065899234e-07
1,3634,1.939924394768901e-07
1,3635,1.9399243912206545e-07
1,3636,1.9399243908778603e-07
1,3637,1.9399243934404568e-07
1,3638,1.9399244004411841e-07
1,3639,1.939924417234815e-07
1,3640,1.9399244667168536e-07
1,3641,1.9399249204284932e-07
1,3642,12678.37116658388
1,3643,17062.751868572286
1,3644,17723.253371765175
1,3645,17412.483839580716
1,3646,16679.654492494174
1,3647,14403.65902412836
1,3648,12074.687765839271
1,3649,11337.298878043403
1,3650,11815.146519980877
1,3651,12233.215249065024
1,3652,11678.116844026634
1,3653,9985.70394720011
1,3654,6330.923493893103
1,3655,9.580189989187814e-07
1,3656,1.93992469832402e-07
1,3657,1.9399245007646558e-07
1,3658,1.9399244548561223e-07
1,3659,1.9399244404008867e-07
1,3660,1.9399244389317504e-07
1,3661,1.9399244465907748e-07
1,3662,1.9399244693680244e-07
1,3663,1.9399245380381204e-07
1,3664,1.9399252920569906e-07
1,3665,13567.80254439188
1,3666,31546.268797046065
1,3667,41733.001702681264
1,3668,43807.14107932911
1,3669,39978.62978883567
1,3670,36546.5506268687
1,3671,30943.049720081093
1,3672,25517.70827104867
1,3673,22878.465940867678
1,3674,22116.302994627447
1,3675,21527.56346531641
1,3676,20005.38220314615
1,3677,16494.430694571085
1,3678,12004.956717024788
1,3679,6941.522693747784
1,3680,9.580213190531682e-07
1,3681,9.5802016469249e-07
1,3682,9.58020032351361e-07
1,3683,9.580200017404203e-07
1,3684,9.580200244632853e-07
1,3685,9.580201680185274e-07
1,3686,9.580208969065467e-07
1,3687,5206.1513479378345
1,3688,25021.488079979285
1,3689,52583.73785190722
1,3690,75315.75725686277
1,3691,84756.93471458912
1,3692,83352.03672125422
1,3693,77282.31778345193
1,3694,69416.23433986217
1,3695,53521.75496935145
1,3696,39015.522967924146
1,3697,33325.17312841375
1,3698,33865.04096299646
1,3699,35718.13328038291
1,3700,34593.87506571052
1,3701,30603.686252154832
1,3702,36329.94279421459
1,3703,47023.14936496883
1,3704,55779.08094555433
1,3705,55141.38131962364
1,3706,51250.93323185991
1,3707,51607.330036408515
1,3708,43613.22709759209
1,3709,35130.69342286538
1,3710,35670.405344448525
1,3711,48836.665442963014
1,3712,55987.87523690481
1,3713,71206.6142233841
1,3714,77476.83153190782
1,3715,75324.70799646724
1,3716,73747.13090613733
1,3717,65425.77329867846
1,3718,58759.264981575325
1,3719,45971.6943538127
1,3720,34648.564065909966
1,3721,31374.235390504873
1,3722,27661.9339877651
1,3723,28958.97042250167
1,3724,28897.98682435346
1,3725,28840.36934831763
1,3726,34128.79657822195
1,3727,34075.52522782066
1,3728,28404.49515693073
1,3729,14398.952249431248
1,3730,2855.252353809789
1,3731,1177.6056654152333
1,3732,1.9399371401600794e-06
1,3733,1.939926843162531e-06
1,3734,5645.453995075428
1,3735,14855.080941841901
1,3736,25900.91734429244
1,3737,32971.73574151779
1,3738,34629.379985350504
1,3739,31958.14093401781
1,3740,24723.5914870753
1,3741,17857.646480669064
1,3742,9802.20425351066
1,3743,9.580230905800258e-07
1,3744,9.580196340371566e-07
1,3745,9.58019239560757e-07
1,3746,9.580194654685132e-07
1,3747,9.580198795906799e-07
1,3748,9.580196804919773e-07
1,3749,9.580190204277397e-07
1,3750,1.9399289756769178e-07
1,3751,1.9399249530143674e-07
1,3752,1.9399246832773352e-07
1,3753,1.9399245894935763e-07
1,3754,1.9399245390567877e-07
1,3755,1.9399245074569445e-07
1,3756,1.939924486091699e-07
1,3757,1.9399244742630447e-07
1,3758,1.9399244742723705e-07
1,3759,1.9399244909103592e-07
1,3760,1.9399245501089752e-07
1,3761,1.939925510271719e-07
1,3762,9.5801426554026e-07
1,3763,9.580144963137156e-07
1,3764,9.580145451000622e-07
1,3765,9.580145078970741e-07
1,3766,9.580144527394948e-07
1,3767,9.580143054085931e-07
1,3768,9.580137266026555e-07
1,3769,9.580124015248754e-07
1,3770,9.58012622571279e-07
1,3771,9.58013285576598e-07
1,3772,9.580129611882241e-07
1,3773,9.580081792830362e-07
1,3774,1.9399252870053708e-07
1,3775,1.939924934724097e-07
1,3776,1.9399248701891396e-07
1,3777,1.9399248509845055e-07
1,3778,1.939924847139789e-07
1,3779,1.93992485612968e-07
1,3780,1.9399248750655336e-07
1,3781,1.9399249180935622e-07
1,3782,1.9399250551547925e-07
1,3783,1.9399268275446293e-07
1,3784,9.580198882115542e-07
1,3785,17029.367754637187
1,3786,31126.466328625687
1,3787,40590.221071924396
1,3788,42958.21019120455
1,3789,39855.14597764372
1,3790,33654.23958000386
1,3791,24493.513011817842
1,3792,17560.343964130472
1,3793,12988.965877318873
1,3794,12814.777695784784
1,3795,12148.954920179473
1,3796,10924.560463457128
1,3797,8234.772600020493
1,3798,3353.24186566721
1,3799,9.580262587972538e-07
1,3800,9.580251761319752e-07
1,3801,9.580250144793185e-07
1,3802,9.580249944686564e-07
1,3803,9.580250618938783e-07
1,3804,9.580251015757896e-07
1,3805,9.580251706045566e-07
1,3806,9.580254115777628e-07
1,3807,9.580283367645585e-07
1,3808,14808.11277204883
1,3809,42549.06028399811
1,3810,65951.08419939173
1,3811,81565.18173807173
1,3812,87261.63634715391
1,3813,84646.3904047525
1,3814,79399.46251507488
1,3815,66187.83834565162
1,3816,53958.7966483635
1,3817,49850.562389782215
1,3818,48262.75736876967
1,3819,48801.81860026031
1,3820,48453.184557074
1,3821,44266.91521301718
1,3822,45585.04401591137
1,3823,48409.83734364376
1,3824,45873.00029976227
1,3825,38189.581069517466
1,3826,36812.44925442077
1,3827,42796.13485458034
1,3828,42577.53227042495
1,3829,40697.925030946135
1,3830,44478.162831453665
1,3831,50482.43684109886
1,3832,58629.24934699701
1,3833,74161.60789552171
1,3834,83076.30987717645
1,3835,85452.17442485764
1,3836,82175.05407234647
1,3837,74290.94223891034
1,3838,66714.04352945519
1,3839,52755.60510162429
1,3840,42252.0089747636
1,3841,36499.16528177108
1,3842,33285.43819554953
1,3843,33451.81046210426
1,3844,34968.1036694371
1,3845,38095.44520078174
1,3846,48209.609929497405
1,3847,61107.823651008504
1,3848,61663.86408765529
1,3849,53176.381721592
1,3850,42166.63082607515
1,3851,35209.85112233527
1,3852,28762.099478979653
1,3853,29599.957046748605
1,3854,37801.47894924786
1,3855,46576.010324433184
1,3856,59301.36018799361
1,3857,73719.11858374625
1,3858,82990.46297976137
1,3859,84536.50361777107
1,3860,79717.10946094828
1,3861,71808.18596513325
1,3862,68239.02865061063
1,3863,54426.48092686471
1,3864,46318.98517242173
1,3865,39675.51314334824
1,3866,35886.63922946842
1,3867,33390.48990664389
1,3868,32387.44131375581
1,3869,26663.31294296888
1,3870,23726.380433502312
1,3871,20707.19456114913
1,3872,21258.600147395
1,3873,16675.992173833885
1,3874,13187.7709434305
1,3875,12328.262512249783
1,3876,1.9399474152851973e-06
1,3877,1.9399257307130567e-06
1,3878,1.939925263922293e-06
1,3879,1.9399256096983675e-06
1,3880,2472.1348946065764
1,3881,24163.820328257614
1,3882,47905.13122886121
1,3883,65603.72468532415
1,3884,69419.0070521584
1,3885,60687.11538481862
1,3886,53328.87256173874
1,3887,41054.352854911
1,3888,32895.98369632989
1,3889,28812.374272697154
1,3890,29320.426568682182
1,3891,29365.20457789879
1,3892,26656.448207883997
1,3893,22953.757601138834
1,3894,18349.026342054418
1,3895,10054.761315590526
1,3896,9.58019625217365e-07
1,3897,1.9399247418596755e-07
1,3898,1.9399245503635764e-07
1,3899,1.9399245105335207e-07
1,3900,1.9399244974911784e-07
1,3901,1.9399244983892112e-07
1,3902,1.9399245154041465e-07
1,3903,1.9399245739277365e-07
1,3904,1.939925096187237e-07
1,3905,12041.465609138493
1,3906,27177.41526652242
1,3907,32783.329675112866
1,3908,33555.37861205009
1,3909,31654.212909660488
1,3910,29021.237072778407
1,3911,25333.60352539959
1,3912,22035.89046391322
1,3913,21502.752127494026
1,3914,22422.792066398382
1,3915,20689.600682456643
1,3916,17303.65503781115
1,3917,10296.822826371706
1,3918,9.5802066071269e-07
1,3919,1.939925339606803e-07
1,3920,1.9399246123884957e-07
1,3921,1.9399244995327396e-07
1,3922,1.9399244599326872e-07
1,3923,1.9399244438276686e-07
1,3924,1.9399244388433117e-07
1,3925,1.9399244431252242e-07
1,3926,1.939924460096029e-07
1,3927,1.939924498971343e-07
1,3928,1.9399246148112555e-07
1,3929,9.580182090458163e-07
1,3930,14870.383655490503
1,3931,23439.043696663157
1,3932,21397.691461191444
1,3933,15998.17653727059
1,3934,12631.024821998284
1,3935,7198.351942107425
1,3936,2644.1502708998546
1,3937,2118.970383893433
1,3938,4963.558528434098
1,3939,9189.913205754634
1,3940,10813.02020434291
1,3941,7137.160590602571
1,3942,7604.108558233166
1,3943,15145.43918156183
1,3944,18366.176130777247
1,3945,19719.29456606228
1,3946,16073.395404166005
1,3947,16488.049534470334
1,3948,11401.318067096308
1,3949,1.939932154803876e-06
1,3950,1.9399319380497846e-06
1,3951,1.9399517746323565e-06
1,3952,2809.5479634916405
1,3953,13478.820803322122
1,3954,30373.37502532417
1,3955,45965.014968907024
1,3956,49943.726278106406
1,3957,46021.12456480436
1,3958,43629.87069563755
1,3959,28928.474909005447
1,3960,21379.58130333128
1,3961,16010.355534140619
1,3962,14966.486440554898
1,3963,16369.984758253679
1,3964,21651.80807171764
1,3965,25339.305077151002
1,3966,34990.627631010444
1,3967,43379.1608806444
1,3968,41156.75130707099
1,3969,31294.015519314853
1,3970,24306.317050641504
1,3971,22389.845747760693
1,3972,15486.394547208803
1,3973,11163.885379951127
1,3974,16959.859053514705
1,3975,29681.91528026446
1,3976,42275.282067866785
1,3977,59153.20509179785
1,3978,69628.76120515294
1,3979,73572.32124263729
1,3980,74741.93703214475
1,3981,66724.75636152198
1,3982,56957.69569597803
1,3983,42327.531747815054
1,3984,30906.741718377485
1,3985,29405.014612520503
1,3986,29272.943040737035
1,3987,27926.65037722445
1,3988,29000.11864918907
1,3989,28836.933820302136
1,3990,32824.45471826055
1,3991,38445.23500228055
1,3992,35294.698775500394
1,3993,24896.154134650256
1,3994,18740.17731567539
1,3995,13423.427348377318
1,3996,1.9408520396908618e-06
1,3997,1.9399432404368572e-06
1,3998,1.9406519277916765e-06
1,3999,11767.843318867499
1,4000,30384.734138062227
1,4001,57225.456948468396
1,4002,78712.84173972666
1,4003,91517.90373848492
1,4004,92409.75445767159
1,4005,88940.35051124553
1,4006,83427.75657926932
1,4007,70507.85550976051
1,4008,58051.62758905989
1,4009,52901.28422490412
1,4010,50244.52974943378
1,4011,50257.273925823654
1,4012,48126.53464568146
1,4013,44589.0467344912
1,4014,38864.46240308592
1,4015,31101.956165648928
1,4016,16079.568892978834
1,4017,1.9399362503356714e-06
1,4018,1.939929675393651e-06
1,4019,1.939929568823347e-06
1,4020,1.9399293176413642e-06
1,4021,1.939929562070631e-06
1,4022,1.9399614296156784e-06
1,4023,9799.685222625723
1,4024,35035.520000980396
1,4025,67132.00854141085
1,4026,84637.41131158099
1,4027,90257.52848001035
1,4028,86203.47152609934
1,4029,80808.55047209244
1,4030,73355.47209225943
1,4031,58355.68519336189
1,4032,46778.13087356899
1,4033,43338.101870754734
1,4034,39348.84620723501
1,4035,39389.33664610186
1,4036,40066.0446342555
1,4037,40509.449774665954
1,4038,46254.08345167937
1,4039,51610.11965603647
1,4040,46125.63175054173
1,4041,28125.403181757843
1,4042,19880.59131555277
1,4043,15436.447969246516
1,4044,5125.1544850625605
1,4045,1.9416766066578884e-06
1,4046,2202.045130956624
1,4047,13077.050620783051
1,4048,28904.862560241454
1,4049,51720.7332141954
1,4050,69067.09534274483
1,4051,75966.03426415741
1,4052,73124.30503136304
1,4053,65023.46948083819
1,4054,57240.57145496677
1,4055,38801.98193573673
1,4056,27901.338390482288
1,4057,25316.660849791235
1,4058,26148.52143227651
1,4059,26999.436619434124
1,4060,28786.498109798045
1,4061,27704.86100598941
1,4062,30141.990585685675
1,4063,27097.291376415465
1,4064,18944.571169247305
1,4065,9104.767184351293
1,4066,8443.211418871208
1,4067,8142.81588714012
1,4068,4194.535772354376
1,4069,1450.1134231468345
1,4070,7203.905197819017
1,4071,17315.04905959688
1,4072,38925.810050885186
1,4073,60324.12710085245
1,4074,77187.1606810394
1,4075,84710.56113268569
1,4076,85981.5314933128
1,4077,79326.6021982408
1,4078,69396.60833286853
1,4079,50760.882410644386
1,4080,39322.89965685744
1,4081,29240.24621723069
1,4082,23748.311271712777
1,4083,19991.562551162944
1,4084,17524.452227844395
1,4085,10967.003573704325
1,4086,3746.4836269349635
1,4087,9.580195926710965e-07
1,4088,1.939926030215584e-07
1,4089,1.9399249604410507e-07
1,4090,1.939924854249843e-07
1,4091,1.9399248222166324e-07
1,4092,1.9399248101598892e-07
1,4093,1.9399248109659342e-07
1,4094,1.9399248283721648e-07
1,4095,1.9399248920352373e-07
1,4096,1.939925316034901e-07
1,4097,2405.155149090495
1,4098,19043.197233332787
1,4099,27045.11130586519
1,4100,29583.953084559475
1,4101,30070.696609983617
1,4102,29399.197681778147
1,4103,26831.90598554226
1,4104,22288.243942519948
1,4105,17976.40450007057
1,4106,16091.915247690378
1,4107,14182.763592092939
1,4108,10929.688352932251
1,4109,5101.778671899559
1,4110,9.580193452624525e-07
1,4111,1.939924723830613e-07
1,4112,1.9399244974222469e-07
1,4113,1.9399244483846635e-07
1,4114,1.9399244300504998e-07
1,4115,1.9399244220045085e-07
1,4116,1.9399244192969338e-07
1,4117,1.939924422969872e-07
1,4118,1.9399244373406752e-07
1,4119,1.9399244765323053e-07
1,4120,1.9399246198980102e-07
1,4121,9.580195422544283e-07
1,4122,24185.58516820557
1,4123,45292.68794760519
1,4124,56251.926043515865
1,4125,57396.458377143346
1,4126,55611.86684583675
1,4127,48185.42517654367
1,4128,41900.78191004254
1,4129,37337.78746169062
1,4130,33445.33376733971
1,4131,32631.45984735382
1,4132,29848.60195478302
1,4133,22865.073671262744
1,4134,16341.420478492339
1,4135,11406.348073622965
1,4136,167.20071669411223
1,4137,9.580197928511722e-07
1,4138,9.58019566740992e-07
1,4139,9.58019530372616e-07
1,4140,9.580194669797385e-07
1,4141,9.58019432930027e-07
1,4142,9.580194786530587e-07
1,4143,9.580196301182232e-07
1,4144,9.580220611254823e-07
1,4145,20119.787198786125
1,4146,41234.331712768704
1,4147,54150.26788239484
1,4148,57931.88367078688
1,4149,55054.865868374625
1,4150,49127.190123054155
1,4151,38730.98749045914
1,4152,31448.473514251564
1,4153,28786.49715114256
1,4154,24645.909937667016
1,4155,22041.180502685158
1,4156,19761.633921698995
1,4157,16879.992965004636
1,4158,10004.919025433057
1,4159,9.58019565457334e-07
1,4160,1.939924812437603e-07
1,4161,1.9399245414486478e-07
1,4162,1.9399244797524958e-07
1,4163,1.9399244526069618e-07
1,4164,1.9399244406442647e-07
1,4165,1.93992444034688e-07
1,4166,1.9399244541825786e-07
1,4167,1.939924502469894e-07
1,4168,1.9399248127642953e-07
1,4169,11315.580125693354
1,4170,38315.93945788983
1,4171,55298.12747605147
1,4172,62398.49447461632
1,4173,60084.23841777383
1,4174,55447.82701890975
1,4175,45891.977485473304
1,4176,37367.08144500555
1,4177,33479.477065048115
1,4178,33294.72269721736
1,4179,32485.7297437757
1,4180,30106.31914143686
1,4181,23684.65809180953
1,4182,14217.937062873196
1,4183,58.53602530673691
1,4184,1.939925153720874e-07
1,4185,1.9399246339203866e-07
1,4186,1.9399245778058345e-07
1,4187,1.9399245606857231e-07
1,4188,1.939924557394009e-07
1,4189,1.9399245674989766e-07
1,4190,1.9399246061399082e-07
1,4191,1.9399248139452032e-07
1,4192,9.580216765840202e-07
1,4193,24594.894121048845
1,4194,44656.89183983633
1,4195,58302.67437165988
1,4196,60953.04974798461
1,4197,55869.00167137397
1,4198,49472.80937944796
1,4199,36612.2221604945
1,4200,27710.672122600212
1,4201,25007.172774295334
1,4202,24186.896736780673
1,4203,24669.941221645327
1,4204,25289.268953191466
1,4205,22823.35871970845
1,4206,19932.15900294469
1,4207,14707.80112583812
1,4208,3442.9574796311954
1,4209,9.580198447542002e-07
1,4210,9.580191512241212e-07
1,4211,9.58018925975194e-07
1,4212,9.5801882477247e-07
1,4213,9.580188060251033e-07
1,4214,9.580188645282663e-07
1,4215,9.580190742868887e-07
1,4216,9.580202542777912e-07
1,4217,15369.86871117209
1,4218,28350.450861885474
1,4219,34166.81452718798
1,4220,35302.25049468446
1,4221,33068.18039713241
1,4222,29179.461075500833
1,4223,22470.24151258763
1,4224,15628.440428912638
1,4225,13107.309830158169
1,4226,13125.661077269902
1,4227,15362.023378697731
1,4228,15939.065726855968
1,4229,14302.15045625955
1,4230,9921.609583895239
1,4231,9.58021924311562e-07
1,4232,1.939924844843576e-07
1,4233,1.9399245402882296e-07
1,4234,1.9399244924650966e-07
1,4235,1.939924476605997e-07
1,4236,1.9399244732416246e-07
1,4237,1.9399244816983e-07
1,4238,1.9399245113148323e-07
1,4239,1.939924618763757e-07
1,4240,1.9399388326213225e-07
1,4241,17908.992607891287
1,4242,34715.474101834276
1,4243,42121.73772301678
1,4244,45313.857582608805
1,4245,43152.29947830156
1,4246,39162.34215410516
1,4247,31800.19548671591
1,4248,26928.975624859693
1,4249,22483.58956065655
1,4250,20866.51137419942
1,4251,19829.402419464728
1,4252,17091.78405488796
1,4253,9787.179359362448
1,4254,9.580229156876986e-07
1,4255,1.9399273093383758e-07
1,4256,1.9399246504645918e-07
1,4257,1.939924499627785e-07
1,4258,1.9399244624778433e-07
1,4259,1.939924451169928e-07
1,4260,1.9399244522451602e-07
1,4261,1.9399244623124432e-07
1,4262,1.9399244868890195e-07
1,4263,1.9399245528438667e-07
1,4264,1.9399249528266819e-07
1,4265,8099.579430346204
1,4266,26052.120450462084
1,4267,35027.28146413634
1,4268,37706.004541510476
1,4269,37680.85823351044
1,4270,36534.886134127744
1,4271,30784.054106849457
1,4272,24175.97582587705
1,4273,20893.48880998053
1,4274,19693.752838377197
1,4275,19205.868587936435
1,4276,17304.283369049484
1,4277,11309.189012404166
1,4278,3661.684623083026
1,4279,9.580191127797792e-07
1,4280,1.93992654078193e-07
1,4281,1.9399251804831765e-07
1,4282,1.9399249728368696e-07
1,4283,1.939924902915113e-07
1,4284,1.9399248732319868e-07
1,4285,1.9399248665110769e-07
1,4286,1.9399248755746851e-07
1,4287,1.9399249303740068e-07
1,4288,1.9399310888462951e-07
1,4289,11179.26754920345
1,4290,33272.23920942491
1,4291,48154.94411847314
1,4292,53904.645504813394
1,4293,52708.48689140665
1,4294,48556.45827461637
1,4295,38343.56738974094
1,4296,29798.461755849406
1,4297,26559.92257115276
1,4298,22630.220510249877
1,4299,23261.834693942586
1,4300,23692.972283420102
1,4301,20813.55950484409
1,4302,20537.584724263692
1,4303,18715.227233791626
1,4304,11551.76995304477
1,4305,9.580197572897746e-07
1,4306,1.9399259713245594e-07
1,4307,1.9399250300205975e-07
1,4308,1.9399249747676135e-07
1,4309,1.9399249640852405e-07
1,4310,1.9399249733613185e-07
1,4311,1.9399250147321356e-07
1,4312,1.9399275325250945e-07
1,4313,16469.572837279473
1,4314,32765.551041155148
1,4315,40411.6537683951
1,4316,43082.47529128422
1,4317,41769.33411972178
1,4318,37544.65494720394
1,4319,29420.47703150358
1,4320,20660.003324161724
1,4321,13260.08600525657
1,4322,6893.831834018461
1,4323,2629.895556680508
1,4324,9.580222907543321e-07
1,4325,9.580198305035045e-07
1,4326,9.580181290454552e-07
1,4327,1.9399246970658373e-07
1,4328,1.939924507113659e-07
1,4329,1.9399244622236741e-07
1,4330,1.9399244419276466e-07
1,4331,1.9399244326550753e-07
1,4332,1.9399244289399634e-07
1,4333,1.9399244317147332e-07
1,4334,1.9399244453822536e-07
1,4335,1.9399244799891822e-07
1,4336,1.9399245784440653e-07
1,4337,1.939940229553497e-07
1,4338,9.58019833619532e-07
1,4339,9.580200800886843e-07
1,4340,9.580201234379705e-07
1,4341,9.580200993350957e-07
1,4342,9.580199828710944e-07
1,4343,9.580195237971162e-07
1,4344,9.580166651243213e-07
1,4345,1.9399314078705482e-07
1,4346,1.9399261617873715e-07
1,4347,1.9399256986212602e-07
1,4348,1.939925443044281e-07
1,4349,1.9399250179715284e-07
1,4350,1.9399247116334572e-07
1,4351,1.9399245746338316e-07
1,4352,1.9399245073219952e-07
1,4353,1.93992446651858e-07
1,4354,1.9399244455368286e-07
1,4355,1.939924435252002e-07
1,4356,1.9399244325283253e-07
1,4357,1.9399244378807858e-07
1,4358,1.9399244565302067e-07
1,4359,1.9399245059196644e-07
1,4360,1.9399247084167818e-07
1,4361,9.580199603831693e-07
1,4362,11111.692865202867
1,4363,14495.43712865191
1,4364,15203.13297624977
1,4365,15298.747547937412
1,4366,15055.006540733952
1,4367,13571.98011621556
1,4368,9303.407439667442
1,4369,7234.848519264708
1,4370,9051.09464015876
1,4371,10167.550453709964
1,4372,11472.454279901367
1,4373,11538.604710052092
1,4374,10746.484081045513
1,4375,9304.550141143445
1,4376,5661.3369086848725
1,4377,9.586060796622876e-07
1,4378,9.586052386979214e-07
1,4379,9.58605003554101e-07
1,4380,9.586049121618414e-07
1,4381,9.586049042741012e-07
1,4382,9.58604952641197e-07
1,4383,9.586050441343654e-07
1,4384,9.586055136484956e-07
1,4385,11071.543482628947
1,4386,19889.150912017092
1,4387,23971.672895881187
1,4388,25773.779582224954
1,4389,25569.953604811257
1,4390,24270.855671200123
1,4391,21372.319665895324
1,4392,17500.33980760978
1,4393,16156.194869791394
1,4394,14806.546939483896
1,4395,15187.15036302133
1,4396,14884.830722148963
1,4397,13307.970271598526
1,4398,10616.27999010296
1,4399,3537.999368390824
1,4400,9.580203858096819e-07
1,4401,9.580196700431449e-07
1,4402,9.580195381053086e-07
1,4403,9.580194999029368e-07
1,4404,9.580194315915897e-07
1,4405,9.580194154557442e-07
1,4406,9.580194802727077e-07
1,4407,9.580197267194475e-07
1,4408,9.580251250186292e-07
1,4409,21458.555613980563
1,4410,37518.40814613672
1,4411,47676.42708860887
1,4412,50322.65490223625
1,4413,49149.97112842802
1,4414,43828.16183758076
1,4415,34786.78592835509
1,4416,28914.28900703144
1,4417,22484.349687901937
1,4418,17275.32653432043
1,4419,15285.01326771664
1,4420,13414.085205878204
1,4421,7734.051163080545
1,4422,9.580199087487794e-07
1,4423,1.9399248852580844e-07
1,4424,1.9399245359336925e-07
1,4425,1.9399244655794493e-07
1,4426,1.939924436974723e-07
1,4427,1.9399244226414857e-07
1,4428,1.939924416585649e-07
1,4429,1.9399244177326757e-07
1,4430,1.9399244287197857e-07
1,4431,1.9399244584635085e-07
1,4432,1.939924555551831e-07
1,4433,9.580141410149852e-07
1,4434,9.58020045521761e-07
1,4435,9.580203353241669e-07
1,4436,9.58020385414026e-07
1,4437,9.580203783777233e-07
1,4438,9.58020309361899e-07
1,4439,9.58020026935334e-07
1,4440,9.580190933049603e-07
1,4441,1.9399315647346804e-07
1,4442,1.9399253501910302e-07
1,4443,1.93992496034559e-07
1,4444,1.9399247747547675e-07
1,4445,1.939924602904073e-07
1,4446,1.9399245101489677e-07
1,4447,1.9399244582804647e-07
1,4448,1.9399244292162825e-07
1,4449,1.9399244140435761e-07
1,4450,1.9399244063837301e-07
1,4451,1.9399244024967552e-07
1,4452,1.939924399730354e-07
1,4453,1.9399243982955057e-07
1,4454,1.9399244002970615e-07
1,4455,1.939924408150336e-07
1,4456,1.9399244277525842e-07
1,4457,1.939924479520197e-07
1,4458,1.9399246753224168e-07
1,4459,1.9399248844227066e-07
1,4460,1.939924927212592e-07
1,4461,1.9399249364553815e-07
1,4462,1.9399249294053484e-07
1,4463,1.9399249075835012e-07
1,4464,1.939924870163195e-07
1,4465,1.9399248184631668e-07
1,4466,1.9399247597364667e-07
1,4467,1.939924688401495e-07
1,4468,1.939924616153481e-07
1,4469,1.9399245435171446e-07
1,4470,1.9399244873415976e-07
1,4471,1.939924449075673e-07
1,4472,1.9399244254107244e-07
1,4473,1.939924412538839e-07
1,4474,1.9399244054584483e-07
1,4475,1.93992440331814e-07
1,4476,1.9399244030012735e-07
1,4477,1.9399244060365398e-07
1,4478,1.9399244144649835e-07
1,4479,1.9399244309517852e-07
1,4480,1.9399244620957298e-07
1,4481,1.93992456521264e-07
1,4482,1.9399250953396618e-07
1,4483,1.939925363927194e-07
1,4484,1.9399254079325039e-07
1,4485,1.939925417302933e-07
1,4486,1.9399254083422815e-07
1,4487,1.9399253704641963e-07
1,4488,1.9399252681073288e-07
1,4489,1.939925098293486e-07
1,4490,1.939924956227553e-07
1,4491,1.9399248723391125e-07
1,4492,1.9399247968330455e-07
1,4493,1.9399246819386335e-07
1,4494,1.939924548585112e-07
1,4495,1.9399244709581763e-07
1,4496,1.939924438255276e-07
1,4497,1.9399244212341913e-07
1,4498,1.9399244129751118e-07
1,4499,1.9399244100301053e-07
1,4500,1.9399244111756666e-07
1,4501,1.9399244171903035e-07
1,4502,1.9399244312019395e-07
1,4503,1.9399244627674524e-07
1,4504,1.9399245555613686e-07
1,4505,1.9399255991532834e-07
1,4506,7293.927230952189
1,4507,17816.28080985501
1,4508,21201.61590205433
1,4509,22561.854580264015
1,4510,22056.996263180903
1,4511,16194.313422127376
1,4512,9158.10866833815
1,4513,7942.750620289243
1,4514,9827.431808881249
1,4515,13984.551922282366
1,4516,17438.479382075988
1,4517,19403.758213105717
1,4518,21297.290528076042
1,4519,20182.22514764798
1,4520,15516.484714698166
1,4521,522.6674855133911
1,4522,1.939921174411872e-06
1,4523,1.939920463586085e-06
1,4524,1.9399203444706877e-06
1,4525,1.939920481435109e-06
1,4526,1.9399211136242274e-06
1,4527,1.9399498620479875e-06
1,4528,17149.54638266631
1,4529,36694.787902640215
1,4530,57541.057578091735
1,4531,66268.86933888965
1,4532,70121.50342229103
1,4533,67628.1572657189
1,4534,63322.27472024556
1,4535,50760.482562045225
1,4536,41597.46600957408
1,4537,37047.60366673538
1,4538,34670.26158348005
1,4539,34758.194849939115
1,4540,35802.6790781287
1,4541,35436.43803024013
1,4542,35818.94660760526
1,4543,37348.83917046875
1,4544,34278.360809122445
1,4545,19304.232013950463
1,4546,4631.945335200364
1,4547,28.080734400266575
1,4548,1.9399231198309245e-06
1,4549,1.9399225001816747e-06
1,4550,1.9399224133661102e-06
1,4551,1.9399228300830913e-06
1,4552,257.6826723093897
1,4553,28374.51091903409
1,4554,53219.092388708516
1,4555,67731.65194495043
1,4556,71712.11875772473
1,4557,70513.42689465625
1,4558,66982.11035206812
1,4559,56752.60170705653
1,4560,47474.11052608401
1,4561,42882.93810353544
1,4562,37832.01362559093
1,4563,34080.72246421358
1,4564,30491.4036867492
1,4565,22928.38117035766
1,4566,16021.231587968643
1,4567,8054.202754642012
1,4568,504.17670472839575
1,4569,9.580193671210762e-07
1,4570,9.580183068836308e-07
1,4571,9.580181204445877e-07
1,4572,9.58018051492545e-07
1,4573,9.580180541932586e-07
1,4574,9.580181297101626e-07
1,4575,9.580183179080424e-07
1,4576,9.580192407900525e-07
1,4577,9528.764456833564
1,4578,26997.97914649163
1,4579,38643.73065800923
1,4580,45069.013807687385
1,4581,46499.55146772259
1,4582,44889.20518197539
1,4583,37962.21712928016
1,4584,32492.30056153602
1,4585,27248.735587324165
1,4586,22633.38217234644
1,4587,17891.545166394135
1,4588,11971.566144986164
1,4589,4333.457080018354
1,4590,9.580197545694605e-07
1,4591,1.9399252348753972e-07
1,4592,1.939924639282698e-07
1,4593,1.9399245404273717e-07
1,4594,1.9399244974879936e-07
1,4595,1.9399244769412528e-07
1,4596,1.939924467383189e-07
1,4597,1.9399244662297504e-07
1,4598,1.9399244759661739e-07
1,4599,1.9399245082284645e-07
1,4600,1.9399246316435535e-07
1,4601,9.580092006315218e-07
1,4602,15837.975111042206
1,4603,26404.22177133059
1,4604,29847.483621403633
1,4605,30397.295194607872
1,4606,29181.49400156078
1,4607,26230.55512285826
1,4608,21881.3928913232
1,4609,20833.973137568613
1,4610,18960.84608629982
1,4611,17716.870288167156
1,4612,15418.132974244247
1,4613,9794.144072860572
1,4614,9.580195185344192e-07
1,4615,1.939924590381182e-07
1,4616,1.9399244614770654e-07
1,4617,1.93992442704521e-07
1,4618,1.939924414522048e-07
1,4619,1.9399244107284925e-07
1,4620,1.9399244108470517e-07
1,4621,1.9399244163221286e-07
1,4622,1.9399244316908893e-07
1,4623,1.939924468423337e-07
1,4624,1.93992460295171e-07
1,4625,9.580200198127356e-07
1,4626,28376.44515598081
1,4627,49366.713039294846
1,4628,57986.90510183285
1,4629,57248.2982068918
1,4630,53404.00546263102
1,4631,44102.48842922127
1,4632,37766.347780540964
1,4633,34065.33758136204
1,4634,31843.652270093207
1,4635,29670.122574078974
1,4636,29104.805852829013
1,4637,23585.069138783318
1,4638,13343.57683633214
1,4639,9.58019761931156e-07
1,4640,1.9399247420060682e-07
1,4641,1.939924541150289e-07
1,4642,1.939924495290231e-07
1,4643,1.939924475849063e-07
1,4644,1.9399244691992785e-07
1,4645,1.939924474276555e-07
1,4646,1.9399244985596596e-07
1,4647,1.9399245941396028e-07
1,4648,9.580162373449274e-07
1,4649,20980.631649663264
1,4650,47533.936113348725
1,4651,64236.948580964025
1,4652,68291.96052014307
1,4653,65585.50716748793
1,4654,60136.06798887947
1,4655,48365.06742233315
1,4656,38531.99009876529
1,4657,33241.19786517663
1,4658,30331.922746314398
1,4659,29890.199361833675
1,4660,29211.964058719972
1,4661,23965.698053550568
1,4662,15525.43863814109
1,4663,6037.512933722475
1,4664,9.580204224361353e-07
1,4665,9.580198338920428e-07
1,4666,9.58019749650642e-07
1,4667,9.580197424191219e-07
1,4668,9.580197485490722e-07
1,4669,9.58019831563783e-07
1,4670,9.580202339929513e-07
1,4671,8755.838537449636
1,4672,32925.37928257104
1,4673,61256.07352320927
1,4674,80974.88450322559
1,4675,87626.93863560345
1,4676,84307.60908888221
1,4677,76338.13240917189
1,4678,68614.28484052379
1,4679,54682.35187905743
1,4680,42755.382267417765
1,4681,36947.78194916713
1,4682,35399.62060197721
1,4683,36271.94091752914
1,4684,40174.893055127664
1,4685,46008.34635581651
1,4686,51749.72480832141
1,4687,63338.07414385867
1,4688,68925.71503297449
1,4689,64233.880111417726
1,4690,58780.93123425896
1,4691,46734.426811004385
1,4692,26731.614622554345
1,4693,12718.520743782516
1,4694,11777.853759655256
1,4695,19144.076571106954
1,4696,35399.543892365575
1,4697,57331.239401042054
1,4698,78147.64663969757
1,4699,90470.95796598801
1,4700,91067.1719542908
1,4701,87234.13368883512
1,4702,80423.84250116456
1,4703,65348.866228116574
1,4704,52842.594057846785
1,4705,46428.055118572585
1,4706,45477.14297490295
1,4707,45458.068132690554
1,4708,47384.614054285295
1,4709,47883.26360365807
1,4710,52690.47177766242
1,4711,59012.336957081
1,4712,59147.38536808708
1,4713,54572.64460660286
1,4714,50344.40220745411
1,4715,43949.94491799911
1,4716,34497.66571187668
1,4717,31424.510347413823
1,4718,33571.60927123362
1,4719,43704.68292957542
1,4720,54371.98406187197
1,4721,70597.14551297195
1,4722,83627.9263648341
1,4723,89650.57051471819
1,4724,90537.02957537577
1,4725,86521.75700052301
1,4726,79259.10712123934
1,4727,65415.72947336776
1,4728,53432.50546148209
1,4729,46838.508027538766
1,4730,43734.94683191567
1,4731,43490.90572497947
1,4732,45159.20692009168
1,4733,41383.43396211772
1,4734,37297.86102830545
1,4735,29622.877929398193
1,4736,11960.202382916805
1,4737,1.9399262138707464e-06
1,4738,1.9399253436308786e-06
1,4739,1.9399253320096475e-06
1,4740,1.9399251493039293e-06
1,4741,1.939925556588094e-06
1,4742,1.9413517220844006e-06
1,4743,16356.260494892636
1,4744,34349.282525380644
1,4745,60186.71320728428
1,4746,77182.7796611589
1,4747,88475.30860954137
1,4748,89115.94347239229
1,4749,84497.11947629371
1,4750,78048.39995142719
1,4751,66735.56282219189
1,4752,59376.41052107159
1,4753,52688.550914549596
1,4754,49529.119516897925
1,4755,47306.7183578467
1,4756,45409.53770930543
1,4757,34083.53085964263
1,4758,15916.530327363771
1,4759,9.580191734960021e-07
1,4760,1.9399260870675883e-07
1,4761,1.93992600525005e-07
1,4762,1.9399259874212348e-07
1,4763,1.9399259867058646e-07
1,4764,1.9399259979439335e-07
1,4765,1.9399260304561413e-07
1,4766,1.9399261326589673e-07
1,4767,9.580147353706012e-07
1,4768,6291.774688899574
1,4769,29127.634381708765
1,4770,53401.7838090447
1,4771,68563.41417534775
1,4772,72829.49480723786
1,4773,72185.47638355203
1,4774,69259.10643041485
1,4775,63199.335983021
1,4776,53441.65520694095
1,4777,47292.40979041084
1,4778,43248.11230242172
1,4779,39366.67386337164
1,4780,36192.12190687041
1,4781,26016.366249399714
1,4782,10011.298430406758
1,4783,9.580179017736947e-07
1,4784,1.93992462778232e-07
1,4785,1.9399245117789132e-07
1,4786,1.939924483640267e-07
1,4787,1.93992447584598e-07
1,4788,1.939924478141312e-07
1,4789,1.9399244925121747e-07
1,4790,1.9399245349117133e-07
1,4791,1.9399247157133947e-07
1,4792,9.58019126449722e-07
1,4793,20114.790582790145
1,4794,44509.8315582605
1,4795,61356.02733332064
1,4796,68248.95033258786
1,4797,68085.22584062563
1,4798,64192.06103982544
1,4799,51845.750370334594
1,4800,43305.615327814005
1,4801,37674.547929830704
1,4802,35230.05590490592
1,4803,34196.20673132081
1,4804,33833.350743228606
1,4805,28546.305778961712
1,4806,22436.63232262547
1,4807,16208.336718997623
1,4808,6419.032619122486
1,4809,9.580200634492879e-07
1,4810,9.580190497319592e-07
1,4811,9.580187987288496e-07
1,4812,9.58018695430478e-07
1,4813,9.58018660734721e-07
1,4814,9.5801868821702e-07
1,4815,9.580188559347782e-07
1,4816,9.580206072807134e-07
1,4817,21747.039864858376
1,4818,45853.31232172883
1,4819,61476.43108910184
1,4820,65899.04866784874
1,4821,63710.54962756111
1,4822,57486.324454649905
1,4823,46416.776909917375
1,4824,37350.1644305309
1,4825,32287.152414583074
1,4826,29966.022032318895
1,4827,28924.221629636664
1,4828,27728.839397490676
1,4829,22618.923777174223
1,4830,14626.92652888171
1,4831,320.96394936038587
1,4832,1.9399251290125927e-07
1,4833,1.9399246740120823e-07
1,4834,1.9399246079346863e-07
1,4835,1.9399245837249515e-07
1,4836,1.9399245744418855e-07
1,4837,1.9399245776091788e-07
1,4838,1.9399245978203506e-07
1,4839,1.9399246704241524e-07
1,4840,1.9399266852566806e-07
1,4841,13858.255015560775
1,4842,34170.826170203865
1,4843,49890.54762285368
1,4844,54920.425428943374
1,4845,53808.373452351036
1,4846,49255.64295711441
1,4847,39886.33201551715
1,4848,33145.522227002024
1,4849,29900.69875066199
1,4850,27715.550051968057
1,4851,26938.478464221884
1,4852,26321.0541817795
1,4853,23277.257935009256
1,4854,15964.959240423594
1,4855,2163.436046656108
1,4856,1.9399257132233628e-07
1,4857,1.939924660600349e-07
1,4858,1.9399245766292125e-07
1,4859,1.939924548758974e-07
1,4860,1.9399245389023735e-07
1,4861,1.9399245420478643e-07
1,4862,1.9399245659315337e-07
1,4863,1.9399246716449216e-07
1,4864,9.580189047328173e-07
1,4865,21319.369475337873
1,4866,43715.381551187216
1,4867,60424.24252563314
1,4868,65307.6691828221
1,4869,63140.50131939786
1,4870,58989.10006372966
1,4871,49527.89565552201
1,4872,41462.71098311627
1,4873,37742.97200991987
1,4874,35465.50032020795
1,4875,34608.35180078027
1,4876,34568.344699798094
1,4877,31567.10192731284
1,4878,26117.672896577307
1,4879,15804.79813987408
1,4880,9.580203331417865e-07
1,4881,1.9399250043870258e-07
1,4882,1.93992485920103e-07
1,4883,1.9399248292945244e-07
1,4884,1.939924822315083e-07
1,4885,1.9399248316882818e-07
1,4886,1.9399248817944396e-07
1,4887,1.9399256909651666e-07
1,4888,4556.454657581029
1,4889,30000.35264498395
1,4890,55865.71854273834
1,4891,69770.05237791063
1,4892,72115.34746248617
1,4893,69676.14789257958
1,4894,62981.13684165638
1,4895,50635.94271802362
1,4896,39535.74003476461
1,4897,32679.578219159597
1,4898,29439.554010538628
1,4899,29468.334739025024
1,4900,29988.75391904921
1,4901,28173.520005277584
1,4902,25334.29107829128
1,4903,21727.39722760941
1,4904,14958.351038698434
1,4905,9.580339148378028e-07
1,4906,9.58021189119073e-07
1,4907,9.58020925344465e-07
1,4908,9.580208117616463e-07
1,4909,9.580207852183036e-07
1,4910,9.580208252627111e-07
1,4911,9.58021029271125e-07
1,4912,2238.5871004419605
1,4913,23911.180872864687
1,4914,40296.73460126867
1,4915,52332.159675232426
1,4916,55043.952978470494
1,4917,53081.13801173565
1,4918,47944.29979201831
1,4919,38938.69279098896
1,4920,33810.58056698636
1,4921,27157.430376192544
1,4922,22314.52441840375
1,4923,18825.64110314559
1,4924,18881.695211902643
1,4925,15864.356155610334
1,4926,7567.176966083027
1,4927,9.580194840942323e-07
1,4928,1.9399248341602713e-07
1,4929,1.9399246120384085e-07
1,4930,1.939924567957679e-07
1,4931,1.9399245541506183e-07
1,4932,1.939924549282559e-07
1,4933,1.9399245523787524e-07
1,4934,1.9399245674200755e-07
1,4935,1.9399246115850256e-07
1,4936,1.9399249101697553e-07
1,4937,7284.000316445439
1,4938,32131.516884910565
1,4939,50194.76856852756
1,4940,56339.42670213383
1,4941,57132.90013971547
1,4942,55818.86032923027
1,4943,47634.663820213376
1,4944,40411.54843164646
1,4945,34611.717520560574
1,4946,29979.036724817866
1,4947,25937.99565778605
1,4948,20449.323264716204
1,4949,14004.395274473873
1,4950,9744.57481997864
1,4951,11257.140703042209
1,4952,4920.528055326785
1,4953,1.9399259532356457e-07
1,4954,1.939924615447013e-07
1,4955,1.939924525574166e-07
1,4956,1.9399245005051673e-07
1,4957,1.9399244970011275e-07
1,4958,1.9399245121184294e-07
1,4959,1.9399245731327707e-07
1,4960,1.9399249661800207e-07
1,4961,9049.867773089349
1,4962,30232.22470752579
1,4963,41797.91383729899
1,4964,45816.634764438015
1,4965,44630.3437423776
1,4966,39335.300889260434
1,4967,30439.272211466687
1,4968,22262.836269860403
1,4969,14870.449260857453
1,4970,11185.01711090206
1,4971,12120.755229941518
1,4972,12264.349737816648
1,4973,10107.665593716265
1,4974,4409.235933178896
1,4975,9.58019890203447e-07
1,4976,1.9399296982378399e-07
1,4977,1.9399249226538267e-07
1,4978,1.939924849612329e-07
1,4979,1.939924832996863e-07
1,4980,1.9399248320822877e-07
1,4981,1.9399248469090827e-07
1,4982,1.9399249034245948e-07
1,4983,1.9399252211026584e-07
1,4984,9.580196366185065e-07
1,4985,17103.764214010673
1,4986,33324.60083772192
1,4987,42695.00150752302
1,4988,45724.08395072147
1,4989,44435.452209270574
1,4990,38951.61273430093
1,4991,29879.77555995573
1,4992,21528.404219521333
1,4993,15258.439114513072
1,4994,10740.349648063588
1,4995,7779.6115617341675
1,4996,7420.342137464539
1,4997,6727.773763459414
1,4998,6428.686790959529
1,4999,4129.064582692058
1,5000,9.58019145417707e-07
1,5001,1.9399248231629715e-07
1,5002,1.9399246735745898e-07
1,5003,1.9399246414658154e-07
1,5004,1.9399246326597898e-07
1,5005,1.9399246395968456e-07
1,5006,1.9399246856515855e-07
1,5007,1.9399251439286057e-07
1,5008,9.580231374408226e-07
1,5009,7048.059130832696
1,5010,7465.741790556575
1,5011,7525.635081154167
1,5012,7442.88350178041
1,5013,7254.298351903557
1,5014,7004.580564551763
1,5015,6304.7872346129825
1,5016,5586.1717261741205
1,5017,4335.013041357087
1,5018,3399.6680993661016
1,5019,2260.9902101751736
1,5020,619.9445443004141
1,5021,9.580202705785574e-07
1,5022,9.580194649781251e-07
1,5023,1.9399249275841005e-07
1,5024,1.9399244940420602e-07
1,5025,1.9399244356906297e-07
1,5026,1.9399244136621572e-07
1,5027,1.9399244029978176e-07
1,5028,1.9399243982896527e-07
1,5029,1.9399243988306526e-07
1,5030,1.9399244067964046e-07
1,5031,1.9399244285169636e-07
1,5032,1.9399244953799657e-07
1,5033,1.939925563882247e-07
1,5034,6190.830065754806
1,5035,7113.161417099738
1,5036,7248.356727318833
1,5037,7257.571211333618
1,5038,7186.141826230172
1,5039,6930.19068903477
1,5040,6434.86630381574
1,5041,5633.981450821712
1,5042,4328.855599142291
1,5043,4570.812016340187
1,5044,4290.064795527856
1,5045,3182.6143733762615
1,5046,9.580194860952359e-07
1,5047,1.9399248074063375e-07
1,5048,1.9399244865630558e-07
1,5049,1.9399244275778667e-07
1,5050,1.9399244083502526e-07
1,5051,1.9399244012829655e-07
1,5052,1.939924399471289e-07
1,5053,1.9399244040555076e-07
1,5054,1.939924418902064e-07
1,5055,1.9399244558901632e-07
1,5056,1.9399246017779765e-07
1,5057,3467.801135881606
1,5058,27475.7230009822
1,5059,38856.65093636131
1,5060,43436.80604920261
1,5061,43213.93056815392
1,5062,40829.55442918765
1,5063,33555.89487784828
1,5064,26048.08170904733
1,5065,22737.85789412788
1,5066,20967.55411207372
1,5067,20296.362968827652
1,5068,20295.661443304343
1,5069,19176.78429564826
1,5070,14166.856107776232
1,5071,483.74059010769236
1,5072,1.9399249347630266e-07
1,5073,1.93992454942647e-07
1,5074,1.939924486805612e-07
1,5075,1.9399244661745153e-07
1,5076,1.9399244606100425e-07
1,5077,1.9399244675883573e-07
1,5078,1.9399244964785082e-07
1,5079,1.9399246187843144e-07
1,5080,9.580193377811085e-07
1,5081,26542.45987047455
1,5082,55782.46914829624
1,5083,69518.46251898045
1,5084,70678.84874104586
1,5085,65634.0524115232
1,5086,59205.63891033873
1,5087,48454.39933379073
1,5088,39844.20514244873
1,5089,34337.935178913925
1,5090,31787.93417654605
1,5091,30618.867603532613
1,5092,28910.58693969982
1,5093,25019.708019333484
1,5094,11255.16819439109
1,5095,9.58017943004687e-07
1,5096,1.939924713897788e-07
1,5097,1.939924604342191e-07
1,5098,1.9399245755240463e-07
1,5099,1.9399245677933037e-07
1,5100,1.9399245723834684e-07
1,5101,1.9399245941181898e-07
1,5102,1.9399246686929017e-07
1,5103,1.939926688543431e-07
1,5104,5912.692130853487
1,5105,27515.00709937386
1,5106,45819.21714614409
1,5107,57533.0244874049
1,5108,55931.7371293098
1,5109,46545.246236007806
1,5110,34133.17910500448
1,5111,20659.164894457328
1,5112,13503.410805048099
1,5113,8553.06345781379
1,5114,7086.803195885528
1,5115,5086.033545545579
1,5116,3587.7007937216063
1,5117,6237.054728407826
1,5118,2048.13259012436
1,5119,1.939940676686579e-06
1,5120,1.939924352924779e-06
1,5121,1.9399232744984088e-06
1,5122,1.9399231738316465e-06
1,5123,1.939923862739399e-06
1,5124,1.9399234369861553e-06
1,5125,1.939923375117344e-06
1,5126,1.939923873009199e-06
1,5127,1.9399382209797715e-06
1,5128,13295.574220968407
1,5129,40495.93339027943
1,5130,65661.89099831188
1,5131,79536.15084558855
1,5132,81832.34042441475
1,5133,77604.35282804011
1,5134,66988.51359556685
1,5135,53465.59557121946
1,5136,44377.744921636106
1,5137,40873.191636904965
1,5138,37866.2124291605
1,5139,36852.40636827324
1,5140,39147.16841604752
1,5141,43896.48597424714
1,5142,48688.2953892417
1,5143,50377.54489826735
1,5144,45515.87281835559
1,5145,27106.39194057851
1,5146,11892.622440841522
1,5147,2975.8906732792216
1,5148,1.9399295271559124e-06
1,5149,1.9399391314070633e-06
1,5150,4619.2183356798605
1,5151,19221.35750155244
1,5152,28676.968881122775
1,5153,45706.02949448758
1,5154,63673.593594017344
1,5155,76894.03024158439
1,5156,77817.87380912207
1,5157,75335.19603702475
1,5158,66173.5212936917
1,5159,53488.05266743185
1,5160,43147.095500807656
1,5161,38839.756807780344
1,5162,37136.06996929255
1,5163,38262.586257000214
1,5164,41474.7322376493
1,5165,45493.32084066046
1,5166,47712.07524945377
1,5167,45495.72086909216
1,5168,33905.45052374663
1,5169,17726.157950505505
1,5170,7203.064289334776
1,5171,6265.529939371901
1,5172,2841.8670625521495
1,5173,2579.0584689640914
1,5174,12326.12559707733
1,5175,21869.302086752217
1,5176,35626.024902152094
1,5177,59216.44930776031
1,5178,79237.83780132372
1,5179,89415.12702872776
1,5180,86681.00005845238
1,5181,81154.51110457316
1,5182,68500.46205044078
1,5183,55620.89854980421
1,5184,43722.43589388969
1,5185,39375.75392193359
1,5186,36188.7033542313
1,5187,36526.669744974795
1,5188,38101.75070848086
1,5189,36849.00100732495
1,5190,27518.327691170485
1,5191,14130.380939046314
1,5192,9.580196923494628e-07
1,5193,1.9399246807329414e-07
1,5194,1.9399245577709727e-07
1,5195,1.9399245293813675e-07
1,5196,1.939924521125888e-07
1,5197,1.9399245258435734e-07
1,5198,1.9399245517229202e-07
1,5199,1.939924659616139e-07
1,5200,9.580196510045073e-07
1,5201,27305.40009086087
1,5202,52660.05026528566
1,5203,64141.36797859266
1,5204,64670.22940009839
1,5205,59735.31969079002
1,5206,47726.776440909554
1,5207,34497.6527760952
1,5208,23803.436045052138
1,5209,16785.562167502412
1,5210,11511.05034052422
1,5211,8130.115185803763
1,5212,7221.996736542803
1,5213,4753.614138469777
1,5214,9.580205801570277e-07
1,5215,1.9399296465142896e-07
1,5216,1.9399246161749786e-07
1,5217,1.9399244684727868e-07
1,5218,1.9399244311731488e-07
1,5219,1.939924419524252e-07
1,5220,1.9399244185315717e-07
1,5221,1.9399244282323351e-07
1,5222,1.939924458642224e-07
1,5223,1.939924567955214e-07
1,5224,9.580192878270525e-07
1,5225,28087.76461464631
1,5226,56032.18948143162
1,5227,67208.37467706663
1,5228,67185.14173997738
1,5229,63020.95595860493
1,5230,51546.74841609135
1,5231,38911.04372487847
1,5232,28271.050928585617
1,5233,22646.025018717875
1,5234,20027.45731115049
1,5235,19985.755785511825
1,5236,22783.46751808258
1,5237,23039.238517467493
1,5238,17128.9818668166
1,5239,7422.019657617708
1,5240,9.580189866287873e-07
1,5241,1.9399247449925285e-07
1,5242,1.9399246042831188e-07
1,5243,1.9399245749335712e-07
1,5244,1.93992456704927e-07
1,5245,1.9399245740613983e-07
1,5246,1.9399246112826687e-07
1,5247,1.9399248597127142e-07
1,5248,3722.08676069135
1,5249,34956.047494820654
1,5250,61789.8320184285
1,5251,70677.24168686784
1,5252,68778.50781918854
1,5253,62454.55094627047
1,5254,52468.29714480949
1,5255,40796.98248447212
1,5256,35177.68246730659
1,5257,32392.60952908131
1,5258,30870.705706599027
1,5259,31016.058093590615
1,5260,31593.94252291261
1,5261,27647.657173731477
1,5262,14917.951201472073
1,5263,9.580196882144376e-07
1,5264,1.9399247338432032e-07
1,5265,1.939924522891994e-07
1,5266,1.939924471926047e-07
1,5267,1.9399244537758673e-07
1,5268,1.9399244491872865e-07
1,5269,1.9399244560188275e-07
1,5270,1.939924482099065e-07
1,5271,1.9399245797555265e-07
1,5272,9.580153460654421e-07
1,5273,21642.847135753458
1,5274,44575.86106787644
1,5275,56744.21886779615
1,5276,56763.70674463658
1,5277,54015.01225502643
1,5278,48385.32127041723
1,5279,40914.8291993713
1,5280,36435.79501387378
1,5281,34831.28311259629
1,5282,33355.50722946357
1,5283,33303.144816588465
1,5284,32396.469919822925
1,5285,26793.083338049484
1,5286,15137.530983344246
1,5287,9.58019675741105e-07
1,5288,1.939924764416561e-07
1,5289,1.939924532203859e-07
1,5290,1.9399244864797416e-07
1,5291,1.9399244717323813e-07
1,5292,1.9399244704976614e-07
1,5293,1.939924480788434e-07
1,5294,1.939924512485652e-07
1,5295,1.9399246261698572e-07
1,5296,9.580190397997424e-07
1,5297,21021.45388909039
1,5298,42141.20223157258
1,5299,55026.82686345615
1,5300,55676.34590645652
1,5301,52860.248171651096
1,5302,45004.138505434865
1,5303,39115.39599992338
1,5304,35336.560962164505
1,5305,32084.506658698352
1,5306,30722.461411115655
1,5307,31294.53098287894
1,5308,32639.587663049824
1,5309,33056.28253000775
1,5310,29103.58202356406
1,5311,23484.904161391
1,5312,12430.391648067898
1,5313,9.580223646233843e-07
1,5314,9.580208975602156e-07
1,5315,9.58020720018969e-07
1,5316,9.58020648222244e-07
1,5317,9.58020644773092e-07
1,5318,9.58020714846786e-07
1,5319,9.58021045100331e-07
1,5320,6209.664733686038
1,5321,28949.93786854788
1,5322,46002.8356788407
1,5323,53544.68488074251
1,5324,51581.18925610077
1,5325,47345.31231686626
1,5326,38080.499652560975
1,5327,29499.30893696404
1,5328,25153.377616978985
1,5329,22898.522173590838
1,5330,20298.99070285189
1,5331,19417.33747103852
1,5332,19345.408376550913
1,5333,19514.65687884504
1,5334,15795.599550237814
1,5335,10048.5836032489
1,5336,9.580197732737166e-07
1,5337,1.939924825002007e-07
1,5338,1.9399246430242967e-07
1,5339,1.939924609467079e-07
1,5340,1.9399246019715574e-07
1,5341,1.9399246118154694e-07
1,5342,1.9399246638912837e-07
1,5343,1.9399253990188035e-07
1,5344,4712.736567148537
1,5345,20777.647106829994
1,5346,26360.45394644453
1,5347,27383.422682164102
1,5348,26484.212423036974
1,5349,26222.431356013887
1,5350,22258.737424829833
1,5351,17143.64996237075
1,5352,12729.321619978196
1,5353,9572.166601350144
1,5354,9116.48964402823
1,5355,7778.718623253459
1,5356,10747.70565224416
1,5357,11781.783037358766
1,5358,10322.88019091288
1,5359,7222.948943046272
1,5360,9.580195155274963e-07
1,5361,1.9399247776464448e-07
1,5362,1.9399245745350845e-07
1,5363,1.9399245353084466e-07
1,5364,1.9399245254315088e-07
1,5365,1.939924531046304e-07
1,5366,1.9399245629059066e-07
1,5367,1.9399247529731458e-07
1,5368,9.580196181958516e-07
1,5369,19853.24094400633
1,5370,36257.133629502256
1,5371,40612.000512178776
1,5372,31093.43913313706
1,5373,27063.127284432394
1,5374,18495.046141548297
1,5375,11081.630839298838
1,5376,5366.103107347586
1,5377,3608.275588916832
1,5378,4776.929240725285
1,5379,7851.3520106672195
1,5380,14625.23319854936
1,5381,18044.98761458349
1,5382,22303.312998136797
1,5383,25417.64307806672
1,5384,20068.221573561517
1,5385,5992.434802028686
1,5386,1.939930562714609e-06
1,5387,1.939924651976903e-06
1,5388,1.93992388065357e-06
1,5389,1.939924346317854e-06
1,5390,5292.257362910617
1,5391,21282.33179922626
1,5392,32978.68206075867
1,5393,47569.05802493826
1,5394,62195.99409846229
1,5395,64754.26021605986
1,5396,53633.82342146732
1,5397,48684.0946500859
1,5398,40235.794885416195
1,5399,30353.579275822445
1,5400,22758.159938988887
1,5401,19095.295322055317
1,5402,14794.03321155416
1,5403,16226.270847797143
1,5404,21848.120802124904
1,5405,29694.631863112427
1,5406,42391.74928347285
1,5407,53420.12578898105
1,5408,51728.520005033424
1,5409,39997.06765686237
1,5410,25999.50961841153
1,5411,14710.751727171442
1,5412,179.21302803403574
1,5413,1.9399312409310778e-06
1,5414,795.6660001061902
1,5415,12132.57883256098
1,5416,33580.2406536952
1,5417,57666.11241653151
1,5418,76936.69131162345
1,5419,83417.91878813886
1,5420,77110.48740473606
1,5421,72005.26153954153
1,5422,61590.04365683228
1,5423,50897.626612049076
1,5424,46202.51773661402
1,5425,41245.0507931917
1,5426,38752.11365312589
1,5427,36583.35120917365
1,5428,35648.529876817454
1,5429,31944.459403531142
1,5430,23698.01024048239
1,5431,13200.151132612138
1,5432,1385.4154604687978
1,5433,9.580195694613366e-07
1,5434,9.580190329141133e-07
1,5435,9.580189221911997e-07
1,5436,9.580188887116295e-07
1,5437,9.580189097515552e-07
1,5438,9.580190059355142e-07
1,5439,9.58019484409647e-07
1,5440,6830.341929166229
1,5441,29160.482038101774
1,5442,52707.81960923121
1,5443,66195.48860181037
1,5444,68945.6136400356
1,5445,66573.25159508172
1,5446,57343.90024290041
1,5447,46953.754866677016
1,5448,44007.847228912535
1,5449,40093.73305752846
1,5450,36930.82475563872
1,5451,35558.04113972557
1,5452,32817.26599151595
1,5453,27233.33443278604
1,5454,16141.704069885714
1,5455,9.580229585460106e-07
1,5456,1.9399248028969205e-07
1,5457,1.9399244995056938e-07
1,5458,1.9399244484631326e-07
1,5459,1.9399244328754987e-07
1,5460,1.9399244299481698e-07
1,5461,1.939924437132051e-07
1,5462,1.9399244615355954e-07
1,5463,1.9399245421126877e-07
1,5464,1.9399306717749545e-07
1,5465,22581.21347540642
1,5466,59562.65246568545
1,5467,74312.45062690556
1,5468,72290.46390268029
1,5469,64660.33770616346
1,5470,52837.01679018181
1,5471,41560.409871287884
1,5472,34923.6284781568
1,5473,32196.67698388945
1,5474,33932.083641058445
1,5475,32489.180006231243
1,5476,32962.010706649315
1,5477,39528.380534654156
1,5478,41772.20563053284
1,5479,41880.95912035872
1,5480,40356.804035300454
1,5481,28540.53958655679
1,5482,21977.293763711154
1,5483,8875.055942729672
1,5484,1.9399293865614536e-06
1,5485,1.9399288195443037e-06
1,5486,9390.445873060884
1,5487,21159.581942329893
1,5488,39081.629942832464
1,5489,63308.79563297234
1,5490,76788.98594028635
1,5491,78739.8971602829
1,5492,72815.4114125177
1,5493,67322.11414653382
1,5494,52994.97279970811
1,5495,37569.215815608724
1,5496,27011.271205171546
1,5497,27803.989127215977
1,5498,27953.16010625622
1,5499,29682.427206165103
1,5500,35061.23830267287
1,5501,43760.13450531254
1,5502,49417.48654512343
1,5503,46886.004467862134
1,5504,31179.352925176223
1,5505,6579.489853486107
1,5506,1.9399272897788604e-06
1,5507,1.939925593445635e-06
1,5508,1.939924955060457e-06
1,5509,1.9399247778743373e-06
1,5510,1.9399256482355274e-06
1,5511,3906.6183807690236
1,5512,35623.025458518394
1,5513,68409.11314362132
1,5514,88886.02868340178
1,5515,92741.04704901674
1,5516,89667.51176486944
1,5517,84307.18993508919
1,5518,71399.49821412265
1,5519,57206.92656420595
1,5520,47399.10682650431
1,5521,43031.80800950274
1,5522,40098.12251976417
1,5523,37464.71015489965
1,5524,38647.71626411257
1,5525,41491.971792035125
1,5526,36563.9112182939
1,5527,21627.04576396604
1,5528,9.583315818531306e-07
1,5529,9.580136166820312e-07
1,5530,9.580132613393092e-07
1,5531,9.580132051581482e-07
1,5532,9.580131930848285e-07
1,5533,9.580132228793785e-07
1,5534,9.58013384002294e-07
1,5535,9.580180979756971e-07
1,5536,14686.809754594424
1,5537,47885.25919021584
1,5538,75800.01973600063
1,5539,81655.09639053553
1,5540,81059.01124666305
1,5541,79069.1892111638
1,5542,68485.09140161815
1,5543,55480.5117152254
1,5544,43241.04508513059
1,5545,37211.66907970666
1,5546,34042.6539853402
1,5547,34365.50678622926
1,5548,37232.76184607659
1,5549,40402.499563033496
1,5550,41007.98124318495
1,5551,37981.134327767446
1,5552,26320.206385360576
1,5553,5096.862806742368
1,5554,1.9399164762664553e-06
1,5555,1.939915861145308e-06
1,5556,1.939915730379298e-06
1,5557,1.939915768567399e-06
1,5558,1.939916216718674e-06
1,5559,1.9399197276910433e-06
1,5560,21993.62199932557
1,5561,50176.896209381026
1,5562,68356.59983261765
1,5563,72344.00056383565
1,5564,68708.62729372003
1,5565,61149.04595919383
1,5566,45633.85923761372
1,5567,29333.731185143137
1,5568,18156.84425180203
1,5569,11811.992079282403
1,5570,8849.429270510038
1,5571,12808.287312765427
1,5572,16037.567674133576
1,5573,16583.763299165596
1,5574,14748.305669874999
1,5575,11393.309335653652
1,5576,1364.364110960587
1,5577,9.580204940863474e-07
1,5578,9.580202638203492e-07
1,5579,9.580201959593085e-07
1,5580,9.580201637818923e-07
1,5581,9.580201829016824e-07
1,5582,9.580203736440899e-07
1,5583,9.580854330515091e-07
1,5584,22041.87750389411
1,5585,45472.8144138123
1,5586,58949.97498171712
1,5587,61710.04062348824
1,5588,57593.226281436306
1,5589,49871.69773096132
1,5590,36216.31711289976
1,5591,20886.73493516619
1,5592,10187.639010866375
1,5593,4187.20812487325
1,5594,621.6935937714366
1,5595,9.580225093010975e-07
1,5596,9.580220766210657e-07
1,5597,1.7032154318939431e-06
1,5598,9.580226499178096e-07
1,5599,9.580198649330661e-07
1,5600,9.580195768299371e-07
1,5601,9.58019477183182e-07
1,5602,9.580190083639272e-07
1,5603,9.580190036755625e-07
1,5604,9.580186862897626e-07
1,5605,9.580185873951152e-07
1,5606,9.580185832253075e-07
1,5607,9.580186662550108e-07
1,5608,9.580192224706475e-07
1,5609,13783.099908426917
1,5610,29560.31633780107
1,5611,35249.584226451836
1,5612,36313.760073221296
1,5613,35290.92738266358
1,5614,32309.090638308026
1,5615,28323.795163596315
1,5616,23604.38246447694
1,5617,18314.089052327854
1,5618,14280.997388013337
1,5619,9978.786442522056
1,5620,6204.7613316809
1,5621,9.58038725050632e-07
1,5622,9.580193891747614e-07
1,5623,1.9399249426258217e-07
1,5624,1.939924512702179e-07
1,5625,1.939924441163428e-07
1,5626,1.9399244172559486e-07
1,5627,1.9399244078842744e-07
1,5628,1.9399244043944055e-07
1,5629,1.9399244058785427e-07
1,5630,1.9399244146127823e-07
1,5631,1.939924437369178e-07
1,5632,1.9399245041858134e-07
1,5633,1.93992518280425e-07
1,5634,1.70344018200959e-06
1,5635,1.7034409696688142e-06
1,5636,1.7034411276475536e-06
1,5637,1.7034410854831412e-06
1,5638,1.7034407737950946e-06
1,5639,1.703439821608096e-06
1,5640,1.7034354212064356e-06
1,5641,9.580226075169734e-07
1,5642,9.5801990436308e-07
1,5643,9.580535606834458e-07
1,5644,1.703431526083225e-06
1,5645,1.7034364908470682e-06
1,5646,1.703435218749637e-06
1,5647,1.7033088433622415e-06
1,5648,9.580038689809108e-07
1,5649,1.9399279615067772e-07
1,5650,1.9399278558003858e-07
1,5651,1.9399278387638003e-07
1,5652,1.939927832177179e-07
1,5653,1.9399278369434927e-07
1,5654,1.9399278718290274e-07
1,5655,1.9399279874388603e-07
1,5656,9.580192585801703e-07
1,5657,15468.89038640713
1,5658,30942.33451333246
1,5659,38079.00028215786
1,5660,39393.29477340256
1,5661,39262.706721657014
1,5662,33970.30885460001
1,5663,27849.428605688903
1,5664,22382.77818739289
1,5665,18526.225856162055
1,5666,17431.59078166202
1,5667,17726.186658897117
1,5668,19625.961595718854
1,5669,23364.411225348602
1,5670,21881.637066916148
1,5671,12701.401848339616
1,5672,1.9399190991146965e-06
1,5673,1.9399175429310207e-06
1,5674,1.9399173175476694e-06
1,5675,1.939917370383457e-06
1,5676,1.9399175395036814e-06
1,5677,1.9399181072113936e-06
1,5678,1275.842392392608
1,5679,16737.496331337676
1,5680,28096.257814874432
1,5681,43732.697702286605
1,5682,53066.91769083862
1,5683,53381.04753164133
1,5684,48015.10941548174
1,5685,39350.55190715549
1,5686,29375.76781788286
1,5687,19729.228446841687
1,5688,9616.176703654004
1,5689,5976.029487871778
1,5690,8124.274534165893
1,5691,10447.972788882451
1,5692,14107.478941730016
1,5693,16598.710687432744
1,5694,15567.140034385997
1,5695,10594.84253114906
1,5696,335.19928858808356
1,5697,9.580168510748364e-07
1,5698,1.9399250014747317e-07
1,5699,1.9399247339784828e-07
1,5700,1.9399246618401002e-07
1,5701,1.9399246387643732e-07
1,5702,1.9399246321967338e-07
1,5703,1.9399246329098509e-07
1,5704,1.9399246375232158e-07
1,5705,1.939924643083445e-07
1,5706,1.939924642113135e-07
1,5707,1.9399246325503193e-07
1,5708,1.9399246145807948e-07
1,5709,1.9399245900122315e-07
1,5710,1.9399245551239608e-07
1,5711,1.9399245203597042e-07
1,5712,1.9399244940469307e-07
1,5713,1.9399244765339146e-07
1,5714,1.9399244646520498e-07
1,5715,1.9399244549679645e-07
1,5716,1.9399244475728078e-07
1,5717,1.9399244403786182e-07
1,5718,1.9399244322823724e-07
1,5719,1.9399244216053103e-07
1,5720,1.9399244112059903e-07
1,5721,1.9399244041954375e-07
1,5722,1.939924402845267e-07
1,5723,1.939924405076572e-07
1,5724,1.939924408933401e-07
1,5725,1.939924417006489e-07
1,5726,1.9399244321091372e-07
1,5727,1.9399244588007378e-07
1,5728,1.9399245240925446e-07
1,5729,1.939925622502458e-07
1,5730,1.7034513732331293e-06
1,5731,1.7034532321429517e-06
1,5732,1.70345366009327e-06
1,5733,1.703453888886383e-06
1,5734,1.7034398359344318e-06
1,5735,9.580191326965393e-07
1,5736,9.580181693668323e-07
1,5737,9.580181688020612e-07
1,5738,9.580182238654607e-07
1,5739,9.580185237466404e-07
1,5740,9.580193580149468e-07
1,5741,9.58020653394793e-07
1,5742,1.7034557062622769e-06
1,5743,1.703456791861471e-06
1,5744,1.7034537387001434e-06
1,5745,9.580197358562903e-07
1,5746,9.580189545862594e-07
1,5747,9.580189286279047e-07
1,5748,9.580191488963967e-07
1,5749,9.580203570165146e-07
1,5750,14975.762924968207
1,5751,33164.66414068194
1,5752,58846.95861753757
1,5753,74814.81452725329
1,5754,78931.19994650364
1,5755,77838.05205045955
1,5756,72763.8602608525
1,5757,62832.16787756007
1,5758,45088.0405750113
1,5759,27290.726958269468
1,5760,18262.714194121112
1,5761,9916.586999303609
1,5762,5749.711530217828
1,5763,3728.7062827233112
1,5764,4467.220144897506
1,5765,6162.059292353184
1,5766,7709.3502951765
1,5767,3811.5928252381086
1,5768,1.9399175967439454e-06
1,5769,1.9399160679737997e-06
1,5770,1.9399155333082126e-06
1,5771,1.9399154684178655e-06
1,5772,1.9399156383808133e-06
1,5773,1.939916099587956e-06
1,5774,1.9399174538482268e-06
1,5775,7882.435681371884
1,5776,27136.956412219275
1,5777,55083.20370254598
1,5778,74384.565242921
1,5779,77406.51660579875
1,5780,76152.59041815916
1,5781,75679.42312313012
1,5782,65624.02842946503
1,5783,57259.053454725356
1,5784,46628.28378127384
1,5785,38341.572708953194
1,5786,32607.512167864537
1,5787,31128.662916567948
1,5788,31769.736565400308
1,5789,29649.33290886635
1,5790,22240.477791213172
1,5791,12756.547073963446
1,5792,4472.779052904539
1,5793,1.939931311659569e-06
1,5794,1.939926605689187e-06
1,5795,1.9399268051114733e-06
1,5796,1.9399278580631445e-06
1,5797,1.939929537280226e-06
1,5798,1149.4404837351262
1,5799,12854.893206715531
1,5800,28063.371431813506
1,5801,54479.93311404634
1,5802,73793.55867936122
1,5803,80509.48468563861
1,5804,78089.29565401503
1,5805,75806.05297299166
1,5806,64777.76181104712
1,5807,50612.41763837579
1,5808,43697.23401955125
1,5809,38334.398543737145
1,5810,36125.066496670996
1,5811,36836.71815997682
1,5812,40152.72173043091
1,5813,47513.58213314909
1,5814,62322.872834511225
1,5815,71789.44078031383
1,5816,69033.40615299865
1,5817,53383.03640831376
1,5818,41062.092265970576
1,5819,25100.67378690624
1,5820,12926.019601095802
1,5821,11979.97650712825
1,5822,25611.35390771674
1,5823,41411.3072717888
1,5824,57739.37346731684
1,5825,73873.78307774627
1,5826,82623.20827969415
1,5827,77480.14954572722
1,5828,68662.9961786094
1,5829,61018.87754698377
1,5830,47993.9573323902
1,5831,36111.20023803478
1,5832,22634.48184189083
1,5833,23823.677022419943
1,5834,25962.319943216968
1,5835,31283.52105382801
1,5836,37854.821760706094
1,5837,49989.75939777499
1,5838,63429.00789749092
1,5839,67007.38606029282
1,5840,58100.75624684155
1,5841,35759.87535373981
1,5842,20321.202176752824
1,5843,11363.11710294722
1,5844,1389.6741290906984
1,5845,1.9470049518466654e-06
1,5846,11695.155294853981
1,5847,30661.98272604941
1,5848,55511.09935796613
1,5849,86943.9659067635
1,5850,102931.083953233
1,5851,104874.9761741147
1,5852,101589.25930241446
1,5853,88026.53647642341
1,5854,71268.46161061067
1,5855,56979.46220582443
1,5856,45688.794972958334
1,5857,42381.0119623196
1,5858,40457.373419815056
1,5859,40578.61611496898
1,5860,43967.73750007682
1,5861,52385.06073942424
1,5862,61545.88426339348
1,5863,59874.24462751165
1,5864,43730.245605986274
1,5865,7780.718636418198
1,5866,1.9399243316730203e-06
1,5867,1.9399236130709897e-06
1,5868,1.9399233666783346e-06
1,5869,1.9399233788203757e-06
1,5870,1.9399238540505215e-06
1,5871,4922.244163684974
1,5872,32069.303603357894
1,5873,68012.45672753885
1,5874,89571.854652267
1,5875,91811.36287786912
1,5876,86589.3430465726
1,5877,72201.92611946311
1,5878,61173.56717328469
1,5879,49755.73084208557
1,5880,40222.88292995907
1,5881,36294.76028624976
1,5882,33718.11489117674
1,5883,34024.15808386635
1,5884,37500.86134993557
1,5885,48604.719909988824
1,5886,56229.23679191372
1,5887,43163.36406917772
1,5888,21129.759730343274
1,5889,1.939929779858543e-06
1,5890,1.9399246367749994e-06
1,5891,1.9399246508176063e-06
1,5892,1.9399248108597654e-06
1,5893,1.939926481877175e-06
1,5894,12687.771631261281
1,5895,33971.59120837361
1,5896,60745.164205871755
1,5897,82565.09530574821
1,5898,89130.69623122191
1,5899,86011.02807160484
1,5900,79389.06109631786
1,5901,64539.589596281105
1,5902,50412.94653318016
1,5903,39211.10750650012
1,5904,28715.78976181594
1,5905,24071.519056836874
1,5906,19186.520502625528
1,5907,17961.060341587432
1,5908,18732.68267943247
1,5909,25033.996635279615
1,5910,35086.92559653606
1,5911,35670.49475027405
1,5912,27850.28491349299
1,5913,9631.278387935705
1,5914,9.580195014070945e-07
1,5915,9.580187361633573e-07
1,5916,9.580186096728949e-07
1,5917,9.580185847536565e-07
1,5918,9.580186286386605e-07
1,5919,9.58018840678546e-07
1,5920,9.580218562322916e-07
1,5921,16705.71822994707
1,5922,22030.014478283196
1,5923,23376.24569966899
1,5924,23214.1724654017
1,5925,21747.12419200163
1,5926,19148.45675953172
1,5927,13747.484282907628
1,5928,12151.191432188376
1,5929,12164.580221348542
1,5930,10944.970032051999
1,5931,9899.030240867858
1,5932,10153.000055906725
1,5933,11031.277367684828
1,5934,13530.060562957777
1,5935,10046.825147016132
1,5936,8276.783818697972
1,5937,1.939926971483862e-06
1,5938,1.9399182893815295e-06
1,5939,1.9399175124179462e-06
1,5940,1.939917156749232e-06
1,5941,1.939917124132263e-06
1,5942,1.9399174800229204e-06
1,5943,1.9399193029305154e-06
1,5944,14242.533793107115
1,5945,37367.6268659687
1,5946,53115.40093084493
1,5947,59410.41874517887
1,5948,59197.24109679333
1,5949,51588.46153339954
1,5950,42274.62611674056
1,5951,34178.380215014295
1,5952,27191.121148176775
1,5953,23375.35469808495
1,5954,20096.8596087152
1,5955,17138.490475194092
1,5956,15065.43400010617
1,5957,11553.310502743509
1,5958,4389.437237694273
1,5959,1.9399323311228743e-07
1,5960,1.9399245710666964e-07
1,5961,1.9399244873515842e-07
1,5962,1.9399244664690117e-07
1,5963,1.939924463605007e-07
1,5964,1.9399244712373922e-07
1,5965,1.939924493117871e-07
1,5966,1.939924548373032e-07
1,5967,1.9399248363546118e-07
1,5968,9.580265950885073e-07
1,5969,24311.294740259287
1,5970,47006.188512707515
1,5971,57310.337824070404
1,5972,58965.857936774715
1,5973,50544.03549273629
1,5974,38144.38758923454
1,5975,28316.693406006194
1,5976,23236.144376349304
1,5977,18871.411403178994
1,5978,18624.771500784696
1,5979,20324.50144747071
1,5980,22531.791902337776
1,5981,28647.28563762776
1,5982,31553.946043787957
1,5983,26659.896421077443
1,5984,14435.008744221997
1,5985,9.58020174547061e-07
1,5986,9.580197410403115e-07
1,5987,9.580196634672385e-07
1,5988,9.580196477086987e-07
1,5989,9.58019672930504e-07
1,5990,9.580198216414866e-07
1,5991,9.580245266192948e-07
1,5992,24963.46818859367
1,5993,61919.84302183757
1,5994,81227.52392901195
1,5995,84405.41783535523
1,5996,83040.1602068585
1,5997,73208.90504825895
1,5998,58026.274284007086
1,5999,43455.605326035744
1,6000,31083.337733729102
1,6001,23940.163154099097
1,6002,20204.668464675604
1,6003,19668.060326271603
1,6004,20074.6643475303
1,6005,26472.396591423487
1,6006,31882.465484760272
1,6007,27723.714227471766
1,6008,15941.581957805503
1,6009,9.580191324506286e-07
1,6010,1.9399261783865576e-07
1,6011,1.9399260961518472e-07
1,6012,1.9399260792273073e-07
1,6013,1.939926083103474e-07
1,6014,1.9399261254860466e-07
1,6015,1.9399269522960823e-07
1,6016,14321.95857439625
1,6017,38810.60334119468
1,6018,50689.90962485075
1,6019,51861.4475610642
1,6020,46176.80007750239
1,6021,36484.79324048883
1,6022,24286.36440754008
1,6023,13086.65836213747
1,6024,2922.203501534241
1,6025,1.9399262383996754e-06
1,6026,1.9399191576905485e-06
1,6027,1.9399149696151046e-06
1,6028,1.9399196405065045e-06
1,6029,4687.9016804098155
1,6030,7311.295745746611
1,6031,5922.279328084684
1,6032,9.580195440409732e-07
1,6033,1.9399248064532222e-07
1,6034,1.9399246848707397e-07
1,6035,1.9399246625979237e-07
1,6036,1.9399246606015263e-07
1,6037,1.9399246771311456e-07
1,6038,1.9399247516490893e-07
1,6039,4.673734825031292e-07
1,6040,11593.248055566177
1,6041,35117.423928336895
1,6042,50390.598114222295
1,6043,55503.12663596052
1,6044,53478.690361502704
1,6045,43385.2576994459
1,6046,32606.37047402849
1,6047,22763.60659870715
1,6048,14816.875943827194
1,6049,11384.723266785892
1,6050,7805.951673699045
1,6051,9008.186832681082
1,6052,12299.221861529863
1,6053,18313.25824741255
1,6054,23000.748818662516
1,6055,20422.52594560682
1,6056,11054.890675129622
1,6057,9.58020053414746e-07
1,6058,9.580188813396985e-07
1,6059,9.580185812592424e-07
1,6060,9.580184845593286e-07
1,6061,9.5801847189252e-07
1,6062,9.58018536477915e-07
1,6063,9.58018911654137e-07
1,6064,6409.094735752599
1,6065,36608.03003559677
1,6066,54859.32453702044
1,6067,59343.26341813052
1,6068,59015.22432785489
1,6069,46671.75882164398
1,6070,35906.634832327756
1,6071,27283.20469158978
1,6072,19821.925908070898
1,6073,18327.958501022116
1,6074,18647.080096983005
1,6075,20058.745451878982
1,6076,23818.23825957505
1,6077,31358.935308819866
1,6078,40007.85949416263
1,6079,37694.08434104807
1,6080,26861.25848085827
1,6081,5778.5336003631755
1,6082,1.939916582514555e-06
1,6083,1.9399158657967252e-06
1,6084,1.939915697404793e-06
1,6085,1.9399157739517434e-06
1,6086,1.939916433601555e-06
1,6087,4066.850983286158
1,6088,40600.00851379347
1,6089,79341.8430165528
1,6090,88993.97800979647
1,6091,90150.99102441956
1,6092,88976.17753035456
1,6093,81744.12400897035
1,6094,68419.46350368182
1,6095,55708.56156034663
1,6096,48291.623408716514
1,6097,42049.53611470697
1,6098,36362.92748489269
1,6099,32017.089161092044
1,6100,30944.599818105875
1,6101,30812.229423442583
1,6102,23307.95134609604
1,6103,7439.797870881431
1,6104,9.580179655520705e-07
1,6105,1.9399246547590827e-07
1,6106,1.9399245216931967e-07
1,6107,1.9399244910258437e-07
1,6108,1.9399244819108628e-07
1,6109,1.9399244867577802e-07
1,6110,1.939924512524336e-07
1,6111,1.9399246334195106e-07
1,6112,9.580407813599276e-07
1,6113,32301.19020645027
1,6114,51863.40692516155
1,6115,59747.13812074094
1,6116,59819.51037064902
1,6117,54049.36655520208
1,6118,46637.85016878515
1,6119,38090.081564992266
1,6120,30666.795844169912
1,6121,25177.350398290888
1,6122,21379.141080978887
1,6123,18327.976987758124
1,6124,15825.769339253711
1,6125,12285.977028497518
1,6126,4573.189885877576
1,6127,1.9399278996795893e-07
1,6128,1.9399245757950545e-07
1,6129,1.9399244507860697e-07
1,6130,1.9399244128172672e-07
1,6131,1.9399243995016213e-07
1,6132,1.939924396112041e-07
1,6133,1.939924399134187e-07
1,6134,1.9399244133348552e-07
1,6135,1.939924461077935e-07
1,6136,1.939925025534694e-07
1,6137,20072.21651406923
1,6138,42275.82268790879
1,6139,50560.80417804176
1,6140,51355.90922111419
1,6141,45604.44953527563
1,6142,37523.40310700119
1,6143,29078.029204080438
1,6144,25118.416980084803
1,6145,22044.219082261287
1,6146,19311.22459798062
1,6147,16525.049132933473
1,6148,14401.624928644127
1,6149,18451.805495777393
1,6150,19418.9023877803
1,6151,12934.452304792041
1,6152,9.580191659892607e-07
1,6153,1.939924618201598e-07
1,6154,1.9399244991761048e-07
1,6155,1.939924474567731e-07
1,6156,1.9399244708182464e-07
1,6157,1.9399244821657096e-07
1,6158,1.9399245327183723e-07
1,6159,1.939925610709337e-07
1,6160,19022.2532923179
1,6161,58042.138690681364
1,6162,75252.91394915234
1,6163,77000.90601498698
1,6164,72960.0268024007
1,6165,60424.180669345435
1,6166,48913.26102505301
1,6167,38545.625184519304
1,6168,30740.30583544308
1,6169,27693.781756678054
1,6170,28448.39545408946
1,6171,27948.050004464865
1,6172,31034.5899005356
1,6173,38463.552449316674
1,6174,43206.24857616288
1,6175,32264.53654951266
1,6176,16628.500334041943
1,6177,9.580214871663417e-07
1,6178,9.580202985861897e-07
1,6179,9.580201740046617e-07
1,6180,9.58020139422258e-07
1,6181,9.580201571595583e-07
1,6182,9.58020322066712e-07
1,6183,1374.8239589732002
1,6184,38703.26185294252
1,6185,83188.78312581443
1,6186,92685.2054098525
1,6187,92761.91108682062
1,6188,88531.41995285683
1,6189,73656.32964658822
1,6190,56491.6017894226
1,6191,43136.37839078336
1,6192,34096.59660264358
1,6193,31416.914996896845
1,6194,32397.555700406916
1,6195,34740.34330759736
1,6196,40216.704420671515
1,6197,53323.01585654812
1,6198,67339.6740374049
1,6199,61394.42397095052
1,6200,43240.65813127685
1,6201,16067.473900223837
1,6202,1.94020307976037e-06
1,6203,1.9399256918736755e-06
1,6204,1.939925034648872e-06
1,6205,1.939925450508134e-06
1,6206,5729.358542619772
1,6207,29814.28352595591
1,6208,62284.90738571629
1,6209,90888.0082508186
1,6210,95552.21497115356
1,6211,92916.34077277419
1,6212,86799.20753157076
1,6213,70958.75306654448
1,6214,57392.187988212696
1,6215,44321.52656357534
1,6216,34755.57587191229
1,6217,31021.380574510476
1,6218,27939.904430923463
1,6219,28835.05083473588
1,6220,31552.810335298684
1,6221,38498.695102055855
1,6222,48910.62805562325
1,6223,45378.749887962505
1,6224,25908.836212697865
1,6225,3362.1546490384753
1,6226,9.580198682335266e-07
1,6227,9.580194393031233e-07
1,6228,9.580193214759885e-07
1,6229,9.580192952808103e-07
1,6230,9.580193428105259e-07
1,6231,9.580196192602603e-07
1,6232,9633.782139732943
1,6233,25757.338461056544
1,6234,29967.4955356644
1,6235,30639.987400426897
1,6236,29781.39252203043
1,6237,26224.130261818256
1,6238,20688.568836275193
1,6239,12820.265366652027
1,6240,6852.158390736147
1,6241,4808.868094979822
1,6242,4352.679041334409
1,6243,4647.18452607189
1,6244,7799.7307128205875
1,6245,12885.608046262503
1,6246,15523.214726222157
1,6247,13117.847601947959
1,6248,2683.631227325277
1,6249,1.9399249213886729e-07
1,6250,1.9399246902024056e-07
1,6251,1.9399246571338412e-07
1,6252,1.9399246497338564e-07
1,6253,1.9399246598300656e-07
1,6254,1.9399247152517194e-07
1,6255,1.9399387980014766e-07
1,6256,19922.701968392597
1,6257,39978.959090488876
1,6258,45816.751228051144
1,6259,42496.24984469789
1,6260,37539.09735292478
1,6261,31093.258172107406
1,6262,23992.558734044764
1,6263,16034.684665016894
1,6264,13979.048597008017
1,6265,10302.674576235964
1,6266,8970.98076131808
1,6267,8644.596325284065
1,6268,9437.061700731409
1,6269,11631.82638290682
1,6270,10181.129022388497
1,6271,7.399974048446892e-07
1,6272,1.9399266444841652e-07
1,6273,1.93992463390658e-07
1,6274,1.939924516930991e-07
1,6275,1.9399244847040387e-07
1,6276,1.939924476161288e-07
1,6277,1.9399244819442698e-07
1,6278,1.939924513434634e-07
1,6279,1.9399247086895434e-07
1,6280,7045.379275746682
1,6281,21973.773287811415
1,6282,23949.171918475586
1,6283,23636.05497167591
1,6284,22378.404142907515
1,6285,19971.63244221982
1,6286,16938.25239222219
1,6287,11839.621549628413
1,6288,8215.478871494299
1,6289,6730.3690048596245
1,6290,7987.539002200063
1,6291,9115.528905078252
1,6292,10059.4738213916
1,6293,10045.431825103979
1,6294,7495.1459656515535
1,6295,9.580176439506045e-07
1,6296,1.9399246550571875e-07
1,6297,1.9399244985495715e-07
1,6298,1.9399244520928128e-07
1,6299,1.9399244347411057e-07
1,6300,1.939924430532741e-07
1,6301,1.9399244382308984e-07
1,6302,1.9399244667977198e-07
1,6303,1.9399245901543212e-07
1,6304,2095.5691954068384
1,6305,32590.887322588635
1,6306,43330.07090547588
1,6307,42253.27423149507
1,6308,38396.760085602844
1,6309,32936.97146992086
1,6310,25999.49587656577
1,6311,21248.800555743597
1,6312,19138.52139388477
1,6313,19847.281241045897
1,6314,21660.08560242336
1,6315,22832.01805777406
1,6316,27678.181191376323
1,6317,35461.277643690846
1,6318,39273.36219328578
1,6319,31373.9532141795
1,6320,17537.490394010954
1,6321,9.580212242427748e-07
1,6322,9.580197867367124e-07
1,6323,9.580196633067359e-07
1,6324,9.580196372457242e-07
1,6325,9.580196742809964e-07
1,6326,9.580198945636542e-07
1,6327,4926.705341602375
1,6328,40387.83602229927
1,6329,76019.33455128233
1,6330,82391.07801145561
1,6331,78228.79338472952
1,6332,69600.65227304428
1,6333,54847.08746190855
1,6334,43208.935934067325
1,6335,34871.56128850804
1,6336,30361.515617479363
1,6337,29827.050537390776
1,6338,31999.27843268497
1,6339,35447.3163603133
1,6340,40554.69515075762
1,6341,53184.551327176756
1,6342,65593.6411252489
1,6343,57474.48554550801
1,6344,31401.30645287441
1,6345,1203.577676074929
1,6346,1.9399223001110154e-06
1,6347,1.9399219499563838e-06
1,6348,1.9399218883879034e-06
1,6349,1.939922117517153e-06
1,6350,1.939924031418631e-06
1,6351,29189.107437399092
1,6352,74409.3112988279
1,6353,102661.62814831865
1,6354,104349.82020753583
1,6355,104148.2169763606
1,6356,102872.40987680572
1,6357,91464.60843331738
1,6358,75169.0397874002
1,6359,59273.06579211454
1,6360,48650.011756959626
1,6361,45165.3455539041
1,6362,42835.76413498483
1,6363,43486.03655649891
1,6364,48948.287029317966
1,6365,60669.12435589126
1,6366,75173.26918834944
1,6367,86681.66724182408
1,6368,81554.18459428332
1,6369,62033.826148918735
1,6370,42294.27693661135
1,6371,21088.05709589323
1,6372,6309.950552590489
1,6373,7063.167107007616
1,6374,23380.989139783396
1,6375,49927.28136337769
1,6376,81364.97147214662
1,6377,104455.04851043844
1,6378,105664.71808520476
1,6379,104995.78567940714
1,6380,102536.34766567427
1,6381,85999.82921413923
1,6382,66785.88048327304
1,6383,47375.92138181857
1,6384,34602.079973778564
1,6385,24688.49576265871
1,6386,17181.554399110017
1,6387,11473.672873469808
1,6388,10439.289596719165
1,6389,17337.678163439457
1,6390,31309.386374364127
1,6391,40369.911512772276
1,6392,31048.770179958778
1,6393,9941.459360689129
1,6394,1.9399234783928324e-06
1,6395,1.939922374809245e-06
1,6396,1.939922049477673e-06
1,6397,1.939922060464883e-06
1,6398,1.9399226535132594e-06
1,6399,13983.744821392078
1,6400,50543.05841527226
1,6401,78783.54184640963
1,6402,79868.34698732357
1,6403,72937.20779197858
1,6404,65216.158642290946
1,6405,51955.11058182822
1,6406,30507.11040707909
1,6407,11212.897927287231
1,6408,1.9399240411585478e-06
1,6409,1.9399227617338208e-06
1,6410,1.939922562787967e-06
1,6411,1.9399225773491816e-06
1,6412,1.9399228344920197e-06
1,6413,1.939923568301097e-06
1,6414,2350.1271313639895
1,6415,27212.230291045656
1,6416,31508.299662591777
1,6417,20572.601798860844
1,6418,10641.93091752242
1,6419,9499.737123790266
1,6420,8363.192504527746
1,6421,14849.844639933612
1,6422,24159.66581104441
1,6423,36423.48374651464
1,6424,64818.91264656747
1,6425,91958.88922125413
1,6426,92860.1102743244
1,6427,82101.9704130611
1,6428,71261.15113807401
1,6429,53476.351615070605
1,6430,36419.39465650215
1,6431,24939.160402812602
1,6432,17006.09760704996
1,6433,9845.248258329828
1,6434,3087.035781238355
1,6435,680.6621452861461
1,6436,4141.401982382728
1,6437,11943.899774222604
1,6438,18362.241674264387
1,6439,26019.195599306404
1,6440,31086.34899007652
1,6441,32366.313003331026
1,6442,29965.804109374163
1,6443,28614.63057782249
1,6444,24006.15649639201
1,6445,16219.618539092735
1,6446,18305.15752403387
1,6447,25361.87086113075
1,6448,36044.99561929228
1,6449,53948.02055535803
1,6450,57494.35678046182
1,6451,59312.53136078034
1,6452,55804.39419926513
1,6453,49071.66146233729
1,6454,43863.38125574289
1,6455,41799.61537445492
1,6456,36264.629829414866
1,6457,32788.42119173681
1,6458,30577.094427321517
1,6459,32161.37294101489
1,6460,33525.09323543365
1,6461,36668.98568081526
1,6462,37625.12147282656
1,6463,33129.24609379235
1,6464,22649.10847415162
1,6465,13790.236866432748
1,6466,7064.675898258956
1,6467,7855.629145983879
1,6468,6333.013913853341
1,6469,800.3142200140883
1,6470,5292.059280711313
1,6471,16798.637839581428
1,6472,32453.09790152214
1,6473,53681.42879718895
1,6474,57339.79431922457
1,6475,48259.81224469798
1,6476,33794.77699671166
1,6477,20214.201907456598
1,6478,8378.494029797746
1,6479,1.940056541326666e-06
1,6480,1.939943454971966e-06
1,6481,1.9399464750078613e-06
1,6482,3090.5094167475236
1,6483,12389.995837881896
1,6484,21585.611858798457
1,6485,37771.314667290935
1,6486,67198.99370638008
1,6487,79070.64476235202
1,6488,72755.5020015071
1,6489,50679.39666798252
1,6490,35385.37528719532
1,6491,24411.51171222739
1,6492,16379.326509000528
1,6493,25673.16259796094
1,6494,46227.6885313084
1,6495,70965.65256344939
1,6496,96437.57290940468
1,6497,112388.78567182423
1,6498,112622.67422820716
1,6499,112250.05108997916
1,6500,108100.17659719358
1,6501,94007.12204580888
1,6502,76876.07542633679
1,6503,62473.070198965186
1,6504,49427.465012362925
1,6505,44660.239649645286
1,6506,42638.68545082531
1,6507,44239.27000436192
1,6508,47796.014264957186
1,6509,61539.27879581279
1,6510,81816.18875248676
1,6511,87657.85780057864
1,6512,78890.43061792335
1,6513,61322.103686553455
1,6514,49248.23544900763
1,6515,45383.1455444365
1,6516,36656.09545063501
1,6517,37506.296433106836
1,6518,56154.17624995967
1,6519,82443.21826488696
1,6520,105401.38689613098
1,6521,112679.5335457911
1,6522,112584.11189223375
1,6523,112246.45192752403
1,6524,109709.79276521903
1,6525,93816.42699545666
1,6526,78175.06739200832
1,6527,67490.18710865083
1,6528,57068.815501130295
1,6529,52256.90090232425
1,6530,50496.061278050816
1,6531,50826.050734503624
1,6532,52980.640998357165
1,6533,66043.28293242099
1,6534,87151.73577747318
1,6535,98650.01858469307
1,6536,91554.92455194179
1,6537,70348.07431310715
1,6538,50626.931175592304
1,6539,38813.31245000491
1,6540,23782.361003217768
1,6541,19920.440895843796
1,6542,31923.80112070012
1,6543,55845.96217618121
1,6544,89289.72117050944
1,6545,111262.76820236251
1,6546,110923.9693569467
1,6547,105419.66756048748
1,6548,92679.3524732365
1,6549,74242.50437515296
1,6550,56968.47898804887
1,6551,39236.373541501205
1,6552,26003.767465402998
1,6553,18750.311377407623
1,6554,14106.275443828625
1,6555,12607.21109527258
1,6556,15102.019209989152
1,6557,25608.164874490165
1,6558,46682.273468584644
1,6559,57414.197231499835
1,6560,46681.60221983289
1,6561,23730.56215532934
1,6562,1765.9133695329979
1,6563,1.939926670810869e-06
1,6564,1.9399258499546145e-06
1,6565,1.9399258068162904e-06
1,6566,1.9399302225255437e-06
1,6567,33107.70660155215
1,6568,70989.55697000278
1,6569,89048.53086117255
1,6570,84604.35823060277
1,6571,77044.72938544353
1,6572,63355.86861050904
1,6573,57346.687545611
1,6574,50815.775152482245
1,6575,41564.581901238555
1,6576,35385.76559191774
1,6577,36814.36930559505
1,6578,36961.60464089984
1,6579,39720.03329001974
1,6580,43273.808451169534
1,6581,49169.330547630605
1,6582,64245.16138049817
1,6583,68340.33973653727
1,6584,52210.48339972241
1,6585,25949.889810397643
1,6586,7563.73988107595
1,6587,6.873244618226035e-07
1,6588,6.873227298442275e-07
1,6589,6.873226769350056e-07
1,6590,6.873226779358682e-07
1,6591,9.578404357324461e-07
1,6592,9.580203609283466e-07
1,6593,9.580204757872983e-07
1,6594,9.580203365953024e-07
1,6595,9.580198841703228e-07
1,6596,9.580178069882922e-07
1,6597,1.9399285395148352e-07
1,6598,1.9399249630224852e-07
1,6599,1.939924727422702e-07
1,6600,1.9399246577347518e-07
1,6601,1.939924618197202e-07
1,6602,1.9399245940235508e-07
1,6603,1.9399245806241842e-07
1,6604,1.939924573302279e-07
1,6605,1.9399245701780063e-07
1,6606,1.9399245701483856e-07
1,6607,1.9399245705414343e-07
1,6608,1.939924570791309e-07
1,6609,1.9399245713779556e-07
1,6610,1.9399245754776797e-07
1,6611,1.9399245876298243e-07
1,6612,1.9399246116236164e-07
1,6613,1.9399246675741914e-07
1,6614,1.9399249114569998e-07
1,6615,9.58020495028885e-07
1,6616,13083.172291112605
1,6617,21012.632454661576
1,6618,22783.727735370354
1,6619,22883.091902450884
1,6620,22112.742766812484
1,6621,20728.192434137414
1,6622,18373.844816347424
1,6623,14005.11514009968
1,6624,11883.933246281915
1,6625,6025.853584291115
1,6626,9.580284946330515e-07
1,6627,9.58019397512764e-07
1,6628,9.579870277044227e-07
1,6629,1.9399260324373174e-07
1,6630,1.939925119293889e-07
1,6631,1.9399246700484932e-07
1,6632,1.9399245160250724e-07
1,6633,1.9399244521866387e-07
1,6634,1.9399244261038853e-07
1,6635,1.9399244171824854e-07
1,6636,1.9399244163117864e-07
1,6637,1.9399244238174978e-07
1,6638,1.93992445021716e-07
1,6639,1.9399245359261708e-07
1,6640,592.0733421090431
1,6641,28132.733729553744
1,6642,32936.3737242091
1,6643,31869.885934857237
1,6644,27616.90709031394
1,6645,21265.762935670165
1,6646,12534.125949377985
1,6647,1334.790263492121
1,6648,1.9399237929400217e-06
1,6649,1.9399224540153095e-06
1,6650,1.939922492007407e-06
1,6651,1.9399221843150724e-06
1,6652,1.939922882563457e-06
1,6653,2875.1282857229817
1,6654,22866.79135894343
1,6655,42311.93896471801
1,6656,42361.24336256686
1,6657,30258.86415805898
1,6658,18427.845991399507
1,6659,10379.666970016662
1,6660,7954.271912313867
1,6661,6774.385497292334
1,6662,16993.819111874698
1,6663,41618.186724258
1,6664,58695.70836055238
1,6665,66175.12663986528
1,6666,61621.32571831201
1,6667,50545.38382142212
1,6668,34239.024773004036
1,6669,21706.753942774547
1,6670,9597.063544443428
1,6671,1.9399163654883965e-06
1,6672,1.9399135106429335e-06
1,6673,1.9399128833543885e-06
1,6674,1.939912658278639e-06
1,6675,1.9399126519253904e-06
1,6676,1.9399127134897643e-06
1,6677,1.9399130534300595e-06
1,6678,1.939917546989833e-06
1,6679,9250.239491600038
1,6680,9276.610274919865
1,6681,1.9399205198317968e-06
1,6682,1.939917674162594e-06
1,6683,1.9399197881893483e-06
1,6684,1.9399367146773712e-06
1,6685,4260.842402840685
1,6686,14048.202941014917
1,6687,21542.08923994285
1,6688,30053.648734175928
1,6689,35786.003983891416
1,6690,37140.03473122673
1,6691,36126.91960405026
1,6692,29146.028736420565
1,6693,20729.728774068182
1,6694,13352.422807254823
1,6695,687.5476594790946
1,6696,1.9399227139808747e-06
1,6697,1.9399222992725137e-06
1,6698,1.9399225636017352e-06
1,6699,1.939923229790641e-06
1,6700,1.9399338489265556e-06
1,6701,8302.419493719952
1,6702,27078.973199312746
1,6703,45217.900456022064
1,6704,48387.67206113982
1,6705,38710.967179666324
1,6706,30542.191655828687
1,6707,20630.050800745394
1,6708,1100.6856064547692
1,6709,1.9399250202976334e-06
1,6710,225.86715079668795
1,6711,18508.531536295897
1,6712,35990.379167763705
1,6713,46397.360781395415
1,6714,45420.93763936688
1,6715,38936.960306180496
1,6716,25977.303396789997
1,6717,17102.150440453806
1,6718,7915.058628969209
1,6719,1.939915838224495e-06
1,6720,1.9399106519398657e-06
1,6721,1.9399099740505346e-06
1,6722,1.939909770435571e-06
1,6723,1.9399097649234803e-06
1,6724,1.9399104517945116e-06
1,6725,1417.6224223909444
1,6726,7119.0424908224795
1,6727,7290.87587368863
1,6728,7078.864353971904
1,6729,5117.155553624697
1,6730,9.580229883662934e-07
1,6731,9.580200273067749e-07
1,6732,9.580193351878121e-07
1,6733,9.580191843969265e-07
1,6734,9.580191948733078e-07
1,6735,9.5801939965262e-07
1,6736,9.580201207254898e-07
1,6737,1.7032768631712107e-06
1,6738,1.7031892774907082e-06
1,6739,9.580214540443516e-07
1,6740,9.580194730821738e-07
1,6741,9.580192909952775e-07
1,6742,9.580193267054683e-07
1,6743,9.58019270587889e-07
1,6744,9.580192718199288e-07
1,6745,9.580194089865097e-07
1,6746,9.58019863217323e-07
1,6747,9.580236552013634e-07
1,6748,9603.064460636397
1,6749,28524.79943941915
1,6750,55297.83276956937
1,6751,78894.26598345845
1,6752,83473.97358872509
1,6753,72780.39175784061
1,6754,58969.80649661493
1,6755,51667.79672337464
1,6756,45411.65589317358
1,6757,42970.345132184
1,6758,54026.173200843725
1,6759,72424.77181188505
1,6760,87879.11627067348
1,6761,94380.00547488165
1,6762,93883.45279490924
1,6763,86870.48276885942
1,6764,70172.6481459952
1,6765,50174.677248170105
1,6766,38036.0478659514
1,6767,26688.04435035151
1,6768,18432.87836326367
1,6769,16565.604871522537
1,6770,11900.933613805722
1,6771,7129.231940521525
1,6772,5885.344554466742
1,6773,5948.642113624877
1,6774,12304.649712869801
1,6775,13930.28956780402
1,6776,11029.317590057275
1,6777,2183.3297809505198
1,6778,1.939923710968056e-06
1,6779,1.9399219018483073e-06
1,6780,1.9399214773419435e-06
1,6781,1.9399213859027853e-06
1,6782,1.9399215421989107e-06
1,6783,1.939927125343819e-06
1,6784,30836.824219060236
1,6785,55377.144143807716
1,6786,62024.79554699137
1,6787,62486.65384422544
1,6788,49402.1739838625
1,6789,39026.41758907892
1,6790,31713.672515079557
1,6791,28226.39101325827
1,6792,19619.635191024365
1,6793,14067.328556886
1,6794,6139.56475111323
1,6795,3062.1820222481847
1,6796,614.2520408610227
1,6797,80.72435745544911
1,6798,4430.7659915383365
1,6799,2296.379231876557
1,6800,1.9399229952023387e-06
1,6801,1.9399218962387604e-06
1,6802,1.9399218144427877e-06
1,6803,1.939922240135411e-06
1,6804,1.9399226155604913e-06
1,6805,1.9399232131370856e-06
1,6806,1.9399270831681038e-06
1,6807,18916.484734984813
1,6808,52439.22334412126
1,6809,80348.6093828467
1,6810,90059.29888887683
1,6811,90746.09446961098
1,6812,79376.97100598135
1,6813,65990.83947036741
1,6814,55514.378010279455
1,6815,45078.43152342335
1,6816,37931.41254893258
1,6817,33020.353923978044
1,6818,31927.3809077107
1,6819,35041.71470141073
1,6820,40677.36769206463
1,6821,54506.18906412874
1,6822,83852.01023250807
1,6823,106413.2809209027
1,6824,104464.27234932026
1,6825,87735.5613854337
1,6826,78154.42538213317
1,6827,68970.07268387036
1,6828,59981.027335335966
1,6829,52507.08610598306
1,6830,63095.41735463654
1,6831,84655.39177635674
1,6832,109937.97579116863
1,6833,111226.08255214615
1,6834,111279.10367437381
1,6835,111197.15949775346
1,6836,109079.31984484057
1,6837,93769.06456133616
1,6838,80123.65755330364
1,6839,63055.03243568946
1,6840,48724.33559223074
1,6841,44531.583151643004
1,6842,43370.53525467047
1,6843,45746.386094029294
1,6844,50807.77600032357
1,6845,64770.57796997684
1,6846,91552.88340473956
1,6847,109481.02123708854
1,6848,108284.77325308863
1,6849,95967.97411346145
1,6850,71723.69349145176
1,6851,54107.073342128075
1,6852,42810.50565277023
1,6853,46076.06032465117
1,6854,58889.96719796366
1,6855,78166.56889767062
1,6856,101436.03218057424
1,6857,107827.20273288996
1,6858,103379.51678978998
1,6859,90897.62122166678
1,6860,68637.62696610966
1,6861,48640.502435603754
1,6862,32071.555869660853
1,6863,12229.309178379652
1,6864,1.9399308315066913e-06
1,6865,1.9399278316243324e-06
1,6866,1.939926987697089e-06
1,6867,1.939926696422008e-06
1,6868,1.939926646322862e-06
1,6869,1.9399269355225836e-06
1,6870,3655.789984542014
1,6871,23952.21683093668
1,6872,30280.93600056396
1,6873,21343.417517200072
1,6874,7906.55407701638
1,6875,780.1177906412838
1,6876,1.9399296531399406e-06
1,6877,1.9399284322542434e-06
1,6878,2356.059899527978
1,6879,16595.029667166138
1,6880,27625.292155864423
1,6881,38598.41762778507
1,6882,42886.799309438575
1,6883,38139.02339919573
1,6884,23887.98834633081
1,6885,14092.996481325166
1,6886,4896.144984840618
1,6887,1.939929186151927e-06
1,6888,1.9399275073864154e-06
1,6889,1.9399273625543998e-06
1,6890,1.9399275846996526e-06
1,6891,1.9399280280288367e-06
1,6892,1.9399287019168654e-06
1,6893,1948.0215631012807
1,6894,31641.90245610487
1,6895,61271.01522767518
1,6896,73728.38117108561
1,6897,68328.8085377049
1,6898,63814.17225538608
1,6899,63820.50792781723
1,6900,60018.81860108758
1,6901,60483.59883296385
1,6902,71121.16353205321
1,6903,79749.94190127327
1,6904,89236.74329495881
1,6905,96729.22079808344
1,6906,95330.10797174957
1,6907,91359.06600765155
1,6908,76394.82782827767
1,6909,62600.1889910676
1,6910,48503.88696716266
1,6911,30926.917763832338
1,6912,20097.438608677177
1,6913,14865.588730722391
1,6914,14269.75129845483
1,6915,16880.04526769872
1,6916,23694.276665371428
1,6917,36837.57937147082
1,6918,65676.62447872195
1,6919,94033.63820079232
1,6920,103788.61643969116
1,6921,98627.29226855758
1,6922,89608.65043131297
1,6923,84749.76893577646
1,6924,78137.86010539056
1,6925,76052.03788984717
1,6926,88103.20440626628
1,6927,102177.73892020369
1,6928,109846.86639805148
1,6929,110696.78258042819
1,6930,110731.61752668257
1,6931,110596.05966848804
1,6932,105565.2765283013
1,6933,91297.09672721507
1,6934,78172.02493736122
1,6935,63281.64909458962
1,6936,55624.218846580035
1,6937,50885.03716645027
1,6938,47610.26291306504
1,6939,47301.215666957694
1,6940,50226.749059746246
1,6941,56664.28306436195
1,6942,67651.96457943696
1,6943,78147.91965453795
1,6944,82438.04130382833
1,6945,80026.11941968715
1,6946,69138.68043795414
1,6947,64259.06452872092
1,6948,59081.672192116464
1,6949,57584.07141139736
1,6950,67062.71272601098
1,6951,82346.98448493524
1,6952,96695.51269715591
1,6953,106274.73413425164
1,6954,107786.78371045829
1,6955,107080.09526169261
1,6956,94910.8749133456
1,6957,76956.47018968326
1,6958,56955.669229520085
1,6959,34998.02801750732
1,6960,12925.074377807417
1,6961,2044.6495005789677
1,6962,9.580301240540386e-07
1,6963,9.580290940083982e-07
1,6964,9.580286779201087e-07
1,6965,9.580285319135736e-07
1,6966,9.580294383360733e-07
1,6967,1.70327652920016e-06
1,6968,9.580297956018073e-07
1,6969,9.58028077633053e-07
1,6970,9.58027854366254e-07
1,6971,9.58027806947581e-07
1,6972,9.580278193673406e-07
1,6973,9.580279111514242e-07
1,6974,9.580285260994784e-07
1,6975,14805.582382671022
1,6976,44202.88277526614
1,6977,68824.47356126207
1,6978,82142.21429746487
1,6979,86473.54604467453
1,6980,75262.98810534315
1,6981,61245.85650986407
1,6982,50737.42302470914
1,6983,38268.14221360298
1,6984,31183.77021004298
1,6985,26297.107382695944
1,6986,25750.236086976096
1,6987,27857.471678217225
1,6988,33586.720092593125
1,6989,47552.032165835924
1,6990,76845.70679652241
1,6991,100513.8919819872
1,6992,102992.88073973454
1,6993,91131.42358900364
1,6994,67270.19273344745
1,6995,45826.900756058225
1,6996,37411.15719807634
1,6997,45311.401671012674
1,6998,67009.58084896677
1,6999,90373.13346703029
1,7000,105059.92354037923
1,7001,106038.9469898541
1,7002,105717.562428231
1,7003,102047.70053950061
1,7004,77488.41095656608
1,7005,52840.4709384627
1,7006,30251.607023420183
1,7007,10854.62395491061
1,7008,1.939930878317913e-06
1,7009,1.9399279275713526e-06
1,7010,1.939927311406844e-06
1,7011,1.9399269843026554e-06
1,7012,1.939927242969448e-06
1,7013,1.939930529445811e-06
1,7014,15975.797430788518
1,7015,33817.163531033686
1,7016,32025.81492137689
1,7017,28079.23576282872
1,7018,13634.532773336707
1,7019,4822.310520775397
1,7020,5793.235612880778
1,7021,11056.361872610934
1,7022,32404.291078365615
1,7023,51903.25415636014
1,7024,66399.95296738856
1,7025,72706.30238358061
1,7026,74201.375322174
1,7027,66105.62713060995
1,7028,50138.36179526292
1,7029,34458.689739546244
1,7030,23824.60606182308
1,7031,10748.772540898635
1,7032,1848.6324414431756
1,7033,1.9416104145278507e-06
1,7034,1.941402428593813e-06
1,7035,4151.407001019674
1,7036,8733.031749227604
1,7037,21479.182799404654
1,7038,46090.40410380873
1,7039,70724.3559143872
1,7040,74363.61652189343
1,7041,61759.15047555255
1,7042,46641.07349596321
1,7043,32287.215099448946
1,7044,19135.960900362068
1,7045,13911.973674777373
1,7046,8746.697091356
1,7047,9243.506324687949
1,7048,10372.669492361174
1,7049,8334.76731152205
1,7050,688.7931269972166
1,7051,9.580194216970658e-07
1,7052,1.9399252421307003e-07
1,7053,1.9399247141279692e-07
1,7054,1.9399245860718427e-07
1,7055,1.9399245396612558e-07
1,7056,1.9399245226139639e-07
1,7057,1.939924520396491e-07
1,7058,1.9399245296077455e-07
1,7059,1.939924555231136e-07
1,7060,1.9399246180682158e-07
1,7061,1.9399248174323616e-07
1,7062,9.580201635638761e-07
1,7063,1.7034532081869897e-06
1,7064,1.703453546477468e-06
1,7065,1.703445549760891e-06
1,7066,9.580182620951476e-07
1,7067,9.58017879456179e-07
1,7068,9.580180030557214e-07
1,7069,9.5801820836242e-07
1,7070,9.580202425848537e-07
1,7071,22006.23285013713
1,7072,43271.70892698236
1,7073,48648.56462713774
1,7074,41161.329714833846
1,7075,26851.349729915717
1,7076,13170.298990525456
1,7077,6494.966439117294
1,7078,2083.1738172735663
1,7079,1.9399249139583525e-06
1,7080,1.939923620909995e-06
1,7081,1.9399238946645248e-06
1,7082,1.9399243802448236e-06
1,7083,1.9399285569070678e-06
1,7084,5804.527587189336
1,7085,20436.932665503537
1,7086,52258.99403432516
1,7087,85378.21016100205
1,7088,93921.9760025405
1,7089,92726.99069263841
1,7090,86537.30631558082
1,7091,80211.94641861368
1,7092,80700.6927602925
1,7093,86501.03864542698
1,7094,92506.99039714271
1,7095,96507.74174233557
1,7096,98719.84018457457
1,7097,97965.3752774703
1,7098,95038.84114440484
1,7099,87723.2408653418
1,7100,67000.59843835798
1,7101,49447.40711947181
1,7102,29414.917048651187
1,7103,11147.870877653306
1,7104,1809.9897378744422
1,7105,1.9399219276815857e-06
1,7106,1.939920626722557e-06
1,7107,1.93991978333898e-06
1,7108,1.9399203336858847e-06
1,7109,1.9399243910017287e-06
1,7110,4347.132131153147
1,7111,10133.967350119086
1,7112,9516.323844794777
1,7113,303.57329629378626
1,7114,1.939915585186975e-06
1,7115,1.939915074974802e-06
1,7116,1.9399148693659296e-06
1,7117,1.939914937920331e-06
1,7118,1.9399157130064353e-06
1,7119,7191.044820684264
1,7120,12428.678457312693
1,7121,12832.988160731962
1,7122,12833.552647782102
1,7123,12587.326952410045
1,7124,11364.201935973715
1,7125,7764.5688771168625
1,7126,9.580209149834326e-07
1,7127,9.580175622200735e-07
1,7128,1.9399251620659613e-07
1,7129,1.9399248422204674e-07
1,7130,1.939924741715756e-07
1,7131,1.9399246916127324e-07
1,7132,1.9399246564600604e-07
1,7133,1.9399246334235255e-07
1,7134,1.939924618159111e-07
1,7135,1.9399246102583687e-07
1,7136,1.9399246040458056e-07
1,7137,1.9399246029499736e-07
1,7138,1.939924608639028e-07
1,7139,1.9399246239966163e-07
1,7140,1.9399246603281972e-07
1,7141,1.93992476811408e-07
1,7142,1.636524945477013e-07
1,7143,13844.145382139002
1,7144,37035.37674138949
1,7145,51904.080339738815
1,7146,59759.876248686705
1,7147,62843.50481129784
1,7148,53537.14702455422
1,7149,43314.03820892163
1,7150,33315.734090956634
1,7151,24138.05623478998
1,7152,19757.854805740073
1,7153,16522.633093328972
1,7154,17974.06171386474
1,7155,19463.77851414626
1,7156,22260.127100474474
1,7157,35880.915410285306
1,7158,63456.87184214298
1,7159,90631.38688722566
1,7160,98272.60831850604
1,7161,99007.6498464015
1,7162,98640.95563752302
1,7163,95890.49085321683
1,7164,88726.41590298247
1,7165,82535.81521794923
1,7166,87345.31675567206
1,7167,90835.25793089336
1,7168,92766.70213569823
1,7169,94176.05215870777
1,7170,88870.8761497089
1,7171,74146.473514059
1,7172,47478.878470619966
1,7173,27751.302564107387
1,7174,14272.75761020415
1,7175,1.939944030822233e-06
1,7176,1.9399234285648318e-06
1,7177,1.939922888141887e-06
1,7178,1.9399226530683163e-06
1,7179,1.939922821635408e-06
1,7180,1.9399230251910794e-06
1,7181,1.9399442854203133e-06
1,7182,19311.753455751514
1,7183,42337.26927643172
1,7184,43616.48873494523
1,7185,29196.459951877147
1,7186,13823.433388273876
1,7187,8783.889097737763
1,7188,8469.681968818684
1,7189,9655.469933890636
1,7190,18772.322878323157
1,7191,32793.17479621364
1,7192,42073.09179031347
1,7193,40647.750557869345
1,7194,32635.862772759283
1,7195,21233.15172648508
1,7196,4861.114520730069
1,7197,9.580122306457632e-07
1,7198,1.9399250450869504e-07
1,7199,1.9399248532016312e-07
1,7200,1.9399248097012547e-07
1,7201,1.9399247963542686e-07
1,7202,1.9399247982452273e-07
1,7203,1.939924815010779e-07
1,7204,1.939924874910264e-07
1,7205,1.9399255150461728e-07
1,7206,5687.5164669570195
1,7207,20640.487776996328
1,7208,24753.7092331166
1,7209,25459.418560396778
1,7210,22333.274567221237
1,7211,13448.620882002187
1,7212,1.939923410426353e-06
1,7213,1.939921057865424e-06
1,7214,1891.0262508716446
1,7215,19571.326897203035
1,7216,27912.948911599564
1,7217,27751.626145346818
1,7218,25381.44101866002
1,7219,22128.596606384468
1,7220,14339.82741074203
1,7221,4697.1370599481415
1,7222,9.580195516984831e-07
1,7223,9.580077577821825e-07
1,7224,9.580072377755373e-07
1,7225,9.580071223139555e-07
1,7226,9.580070940787932e-07
1,7227,9.58007094216636e-07
1,7228,9.580071515881426e-07
1,7229,9.580073613152994e-07
1,7230,9.58019297398352e-07
1,7231,1.703447744408397e-06
1,7232,1.7034485336532397e-06
1,7233,1.7034381169817674e-06
1,7234,9.580171589974386e-07
1,7235,9.58016468356467e-07
1,7236,9.580164899991177e-07
1,7237,9.580172469105512e-07
1,7238,6129.588361466745
1,7239,27839.039720748813
1,7240,40610.66879577189
1,7241,46815.680096417156
1,7242,49015.530981258555
1,7243,46858.594631355925
1,7244,36993.29760946442
1,7245,26907.964270840715
1,7246,17283.463475619807
1,7247,4244.713736867201
1,7248,1.939922638337336e-06
1,7249,1.9399214208173614e-06
1,7250,1.939921194315493e-06
1,7251,1.9399211126067375e-06
1,7252,1.9399212325830117e-06
1,7253,1.939921763331329e-06
1,7254,1.9405631381061726e-06
1,7255,22650.21968748889
1,7256,31234.408034689593
1,7257,28350.672188336557
1,7258,27062.47884724125
1,7259,22746.5844366758
1,7260,14235.847297074957
1,7261,10775.540762697447
1,7262,17204.03806574405
1,7263,25343.30151603406
1,7264,36168.15912581383
1,7265,46530.49492079536
1,7266,52672.90691757596
1,7267,54435.83795321839
1,7268,44352.402490724504
1,7269,35642.76017549906
1,7270,25621.914358308648
1,7271,14512.031042358729
1,7272,13310.12304594813
1,7273,11444.552575900792
1,7274,15018.802358089632
1,7275,20548.662735746304
1,7276,25870.15529604542
1,7277,35371.033086210366
1,7278,47679.430120901714
1,7279,58368.91153396139
1,7280,58396.20677426427
1,7281,48037.20788011957
1,7282,36325.30904821433
1,7283,31760.527460270972
1,7284,20723.388024101725
1,7285,12025.411285250855
1,7286,14046.842794438597
1,7287,31994.151779734744
1,7288,50986.983671439884
1,7289,58735.35452267236
1,7290,52338.49014225705
1,7291,44586.975090125976
1,7292,29107.430387386845
1,7293,14340.192116088932
1,7294,5209.590542147448
1,7295,1.939924963618024e-06
1,7296,1.939924587596673e-06
1,7297,1.939923970042136e-06
1,7298,1.9399236569898784e-06
1,7299,1.93992486103694e-06
1,7300,1.9399323701597938e-06
1,7301,5451.942121614821
1,7302,15304.529487603837
1,7303,22452.77639151402
1,7304,29120.451238855858
1,7305,30534.20974812427
1,7306,28557.13049320488
1,7307,22134.52698258837
1,7308,9435.314514675456
1,7309,6569.449238275355
1,7310,8510.345563924393
1,7311,13633.718795550818
1,7312,16048.001530203857
1,7313,16465.245694539637
1,7314,13281.741617028922
1,7315,8851.992248670536
1,7316,418.53380487304224
1,7317,9.580196815923273e-07
1,7318,1.9399332787865883e-07
1,7319,1.9399250177984118e-07
1,7320,1.9399248678348284e-07
1,7321,1.9399248296570121e-07
1,7322,1.939924818568326e-07
1,7323,1.9399248206846378e-07
1,7324,1.9399248269402387e-07
1,7325,1.9399248512598167e-07
1,7326,1.9399249754551332e-07
1,7327,9.580195277118382e-07
1,7328,9.580206351132436e-07
1,7329,9.580206111700684e-07
1,7330,9.580196453148345e-07
1,7331,6.873243017479472e-07
1,7332,6.873229329913952e-07
1,7333,6.873229493507219e-07
1,7334,6.873239391492174e-07
1,7335,1.7034464347206126e-06
1,7336,1.703449407151684e-06
1,7337,1.7034497530665904e-06
1,7338,1.7034496541798103e-06
1,7339,1.7034485465544256e-06
1,7340,9.580204659267777e-07
1,7341,9.580189560323038e-07
1,7342,9.580182453976345e-07
1,7343,9.58016641515819e-07
1,7344,9.580164911009686e-07
1,7345,9.58016492836424e-07
1,7346,9.580165383674976e-07
1,7347,9.580166615445975e-07
1,7348,9.580169626786067e-07
1,7349,9.580190314671201e-07
1,7350,9635.871627810036
1,7351,45776.87503221056
1,7352,68894.50449526831
1,7353,59775.40802831917
1,7354,47691.01900232054
1,7355,49195.70199876519
1,7356,53694.90687372718
1,7357,69662.75602853889
1,7358,93042.05421142069
1,7359,103076.54469742758
1,7360,104265.777230932
1,7361,103942.00162687594
1,7362,88330.3053505833
1,7363,60057.106169984094
1,7364,34317.01772389214
1,7365,20026.83342025865
1,7366,10615.576177290131
1,7367,1.9399316037391415e-06
1,7368,1.9399275574888885e-06
1,7369,1.939927340678554e-06
1,7370,1.9399274090283532e-06
1,7371,1.939927759325381e-06
1,7372,1.9399289922131423e-06
1,7373,1.94000299202612e-06
1,7374,34809.064973259876
1,7375,71038.11155481124
1,7376,82422.12336916357
1,7377,64894.96912498681
1,7378,55626.550697825485
1,7379,48282.58731216561
1,7380,41227.202299840836
1,7381,51093.02865051293
1,7382,72377.88973783534
1,7383,102871.68249713776
1,7384,117579.24518975808
1,7385,117579.24518975808
1,7386,117579.24518975808
1,7387,95804.74792150261
1,7388,72991.63696010264
1,7389,58206.730159023304
1,7390,44923.98046380303
1,7391,28930.653973774002
1,7392,14785.818216030471
1,7393,9107.582332351982
1,7394,9643.347180676164
1,7395,12153.78074059638
1,7396,16546.200336677302
1,7397,26046.841668917026
1,7398,54635.478222296275
1,7399,84717.81184740686
1,7400,85812.31990183856
1,7401,59242.750862846326
1,7402,37010.40617076725
1,7403,20851.31969305837
1,7404,11130.7027197954
1,7405,16017.130695364394
1,7406,39303.990888203654
1,7407,77596.41781443365
1,7408,113699.34516893927
1,7409,117579.24518975809
1,7410,109473.34476110747
1,7411,92939.88221500798
1,7412,77868.92251499394
1,7413,63492.361791049916
1,7414,49902.851829602376
1,7415,35300.831671192886
1,7416,23663.70218790243
1,7417,20153.386220806846
1,7418,20728.49546650752
1,7419,23864.73178457225
1,7420,32097.486564289713
1,7421,47007.512558252354
1,7422,81615.11237999464
1,7423,117579.24518975912
1,7424,117579.24518975809
1,7425,97616.30139007322
1,7426,78524.72283857926
1,7427,67656.96899464031
1,7428,54522.617953619265
1,7429,60447.4457413922
1,7430,87650.85624531991
1,7431,117579.2451897581
1,7432,117579.2451897581
1,7433,117579.2451897581
1,7434,117579.2451897581
1,7435,117579.24518975812
1,7436,106830.22246364188
1,7437,88618.94704207362
1,7438,72348.8405584397
1,7439,53829.18017602055
1,7440,42992.84668951614
1,7441,34140.23341512152
1,7442,29872.02075406741
1,7443,28697.73922610219
1,7444,29728.485262733866
1,7445,33442.466159756426
1,7446,45366.2767894173
1,7447,58923.833002387226
1,7448,54757.03184776339
1,7449,34771.5848427646
1,7450,17073.742153055042
1,7451,12499.597665871332
1,7452,12376.819929917692
1,7453,13886.551058009025
1,7454,38927.52847574297
1,7455,85443.00632781281
1,7456,117579.24518975796
1,7457,117579.2451897581
1,7458,117579.24518975812
1,7459,117579.24518975809
1,7460,107931.40892888652
1,7461,98101.15089576482
1,7462,90333.48279388333
1,7463,76687.8028279876
1,7464,64349.675390655044
1,7465,55778.96618602229
1,7466,51493.73615587155
1,7467,49006.52553181675
1,7468,46440.72399165147
1,7469,47512.02440515411
1,7470,55017.84967583985
1,7471,65142.212765658405
1,7472,56730.72411515058
1,7473,33512.22770840477
1,7474,22608.429381827795
1,7475,21271.576439524943
1,7476,21794.330550998777
1,7477,28391.532888790436
1,7478,54268.19955222988
1,7479,91046.38716890816
1,7480,111972.3866071715
1,7481,117579.2451897581
1,7482,117579.2451897579
1,7483,109056.78935740357
1,7484,97017.30412654529
1,7485,84719.72291045217
1,7486,74277.10923694957
1,7487,59552.08478278013
1,7488,53157.15930062305
1,7489,49048.53251079768
1,7490,48412.87468047028
1,7491,49594.08030820059
1,7492,54523.06648008135
1,7493,67689.82760667446
1,7494,97033.36884502246
1,7495,117579.2451897581
1,7496,117579.24518975812
1,7497,117579.2451897581
1,7498,114204.68811093362
1,7499,107289.20865554198
1,7500,98354.08361247554
1,7501,98425.9834634681
1,7502,109510.6369241687
1,7503,117579.2451897581
1,7504,117579.2451897581
1,7505,117579.2451897581
1,7506,117579.24518975812
1,7507,117579.2451897581
1,7508,112260.10212684977
1,7509,99610.30672447839
1,7510,89804.06916038516
1,7511,80440.04975605408
1,7512,71406.67088386536
1,7513,67641.73642383616
1,7514,67096.55283604255
1,7515,69756.18290353249
1,7516,75526.59284494014
1,7517,85429.70523707094
1,7518,102999.20923622699
1,7519,117579.24519073882
1,7520,117579.24519073882
1,7521,117579.24519073882
1,7522,117579.24519073882
1,7523,117579.24519073882
1,7524,117579.24519073883
1,7525,117579.24519073882
1,7526,117579.24519073882
1,7527,117579.24519073882
1,7528,117579.24519073882
1,7529,117579.24519073882
1,7530,117579.24519073882
1,7531,117579.24519073882
1,7532,117579.24519073877
1,7533,108445.97694104945
1,7534,100575.708309508
1,7535,94684.9816782158
1,7536,90597.78269938003
1,7537,88693.83647296259
1,7538,88402.11253762142
1,7539,89020.24364106396
1,7540,90991.77089870618
1,7541,95581.9075886232
1,7542,109035.44935376846
1,7543,117579.24519073883
1,7544,117579.24519073883
1,7545,117579.24519073883
1,7546,117579.24519073885
1,7547,117579.24519073883
1,7548,117579.24519073883
1,7549,117579.24519073883
1,7550,117579.24519073883
1,7551,117579.24519073885
1,7552,117579.24519073885
1,7553,117579.24519073885
1,7554,117579.24519073883
1,7555,117579.24519073882
1,7556,117490.80106213219
1,7557,103122.58260065256
1,7558,84752.7601156023
1,7559,63752.53262121608
1,7560,45555.00617082656
1,7561,35502.32263235357
1,7562,31948.332060395707
1,7563,28677.80652780656
1,7564,29563.548260272717
1,7565,37876.86721841099
1,7566,66034.84948041213
1,7567,99736.8278301312
1,7568,111528.17114013812
1,7569,103779.55036673397
1,7570,95687.7129885921
1,7571,91094.94336236412
1,7572,81561.7154990805
1,7573,84788.64732437285
1,7574,96938.0018105221
1,7575,113080.19108322456
1,7576,117579.24518975809
1,7577,117579.24518975809
1,7578,112867.59183058032
1,7579,96545.36299360718
1,7580,79384.73451619345
1,7581,65954.20241752255
1,7582,53309.959226344654
1,7583,39944.680455318376
1,7584,25913.86023351222
1,7585,22882.798843727494
1,7586,22662.942008875183
1,7587,25638.626781484207
1,7588,30284.356541214165
1,7589,41245.02313008915
1,7590,71809.06908065098
1,7591,106778.47020417084
1,7592,116376.37841383321
1,7593,102275.81845904693
1,7594,91683.7961428674
1,7595,79909.22667128794
1,7596,67872.15668140278
1,7597,69779.49540239264
1,7598,94553.83712180819
1,7599,117495.2886817443
1,7600,117579.24518975808
1,7601,117579.24518975806
1,7602,106069.7565465209
1,7603,85874.87955658743
1,7604,65773.63858613155
1,7605,52475.82647470455
1,7606,40666.59080066254
1,7607,30380.88249376714
1,7608,24148.712575652175
1,7609,21995.672733267933
1,7610,23846.141772061095
1,7611,28504.857361447102
1,7612,31182.980453740525
1,7613,38600.11272210442
1,7614,51555.620806770385
1,7615,69659.46596667268
1,7616,73561.21154281806
1,7617,58247.28761717603
1,7618,39600.85559403943
1,7619,33701.415756378396
1,7620,29004.040115061587
1,7621,29813.701044772646
1,7622,46436.97953408926
1,7623,76167.4334252546
1,7624,94829.47975215889
1,7625,101940.38196245609
1,7626,86429.49908742329
1,7627,66219.44135050931
1,7628,44967.82472841029
1,7629,25880.77369895413
1,7630,13187.427884552148
1,7631,9.580200810717033e-07
1,7632,9.580016844928738e-07
1,7633,6.873232161334743e-07
1,7634,6.873227245070509e-07
1,7635,6.873226178790452e-07
1,7636,6.873225579901397e-07
1,7637,6.873226311171419e-07
1,7638,9.58003790549441e-07
1,7639,9.580193444546981e-07
1,7640,9.58019366389687e-07
1,7641,9.580115252028197e-07
1,7642,6.873223125711338e-07
1,7643,6.873222160336114e-07
1,7644,6.873221893175943e-07
1,7645,6.873222006018095e-07
1,7646,6.873227782746526e-07
1,7647,9.580193088139878e-07
1,7648,9.580194529977623e-07
1,7649,9.580194605457305e-07
1,7650,9.580193217236339e-07
1,7651,9.580188155626875e-07
1,7652,9.580133448449637e-07
1,7653,6.873222003622449e-07
1,7654,6.873226184335283e-07
1,7655,6.873220755071355e-07
1,7656,6.87322000832948e-07
1,7657,6.873219805571832e-07
1,7658,6.873219804430726e-07
1,7659,6.873219970396888e-07
1,7660,6.873220277088121e-07
1,7661,6.873221559550976e-07
1,7662,9.580187521663168e-07
1,7663,14566.625216663117
1,7664,25220.54164035592
1,7665,22689.69804691172
1,7666,16007.653687099746
1,7667,6952.562106987461
1,7668,6986.169959433875
1,7669,18416.58340105942
1,7670,40349.66841227488
1,7671,60849.230187490684
1,7672,74814.9949788965
1,7673,81293.46415807094
1,7674,73406.18835739503
1,7675,56749.14201920502
1,7676,40575.50196851622
1,7677,24909.639593183627
1,7678,14355.823538988478
1,7679,2594.8772405884347
1,7680,1.9399246286147314e-06
1,7681,1.9399240716569245e-06
1,7682,1.9399243674616802e-06
1,7683,1.939925070562615e-06
1,7684,1.9399279245880076e-06
1,7685,5851.352249577091
1,7686,28331.198699712713
1,7687,58527.00772838194
1,7688,65968.93573630908
1,7689,53810.179003555575
1,7690,37917.86589501237
1,7691,31388.433312070578
1,7692,28934.372471533577
1,7693,28785.26477948081
1,7694,43425.04141004589
1,7695,61706.75417884528
1,7696,75965.11122655847
1,7697,83621.01038584967
1,7698,72146.28596742559
1,7699,54322.1585050496
1,7700,37028.67833359717
1,7701,25869.46177196198
1,7702,18147.81873981415
1,7703,5829.0712348327315
1,7704,1.939932909965468e-06
1,7705,1.939927358845107e-06
1,7706,1.939927613753445e-06
1,7707,1.9399295547987988e-06
1,7708,2129.0247354091757
1,7709,15575.623116955248
1,7710,46347.0521814266
1,7711,78659.61784517135
1,7712,86354.82847141351
1,7713,67719.40231581061
1,7714,48697.212213278675
1,7715,29533.4331695536
1,7716,14139.234046925976
1,7717,17846.11605426994
1,7718,40480.05663652516
1,7719,73835.35066076538
1,7720,84861.5568097087
1,7721,79062.15381583387
1,7722,53062.43215327939
1,7723,26676.8091148494
1,7724,6722.005023651755
1,7725,9.580190653940084e-07
1,7726,1.9399252099522744e-07
1,7727,1.9399247604170916e-07
1,7728,1.9399246875491172e-07
1,7729,1.9399246639481874e-07
1,7730,1.939924657445202e-07
1,7731,1.939924662491748e-07
1,7732,1.9399246821366952e-07
1,7733,1.9399247367812555e-07
1,7734,1.9399251439029152e-07
1,7735,1955.8570501897666
1,7736,10229.570852926423
1,7737,9963.592062385063
1,7738,6650.261399120802
1,7739,5896.7787314967745
1,7740,2485.261696116506
1,7741,1.939932698041301e-06
1,7742,6790.042744431535
1,7743,21517.010379695377
1,7744,30835.69862126027
1,7745,38398.59540556021
1,7746,39063.47909933677
1,7747,34731.87662581601
1,7748,30479.223274222823
1,7749,21392.37033543133
1,7750,11447.04719473183
1,7751,1.939924033991341e-06
1,7752,1.939922300688204e-06
1,7753,1.939922427987234e-06
1,7754,1.939922923719717e-06
1,7755,1.939924010746304e-06
1,7756,722.7898596964061
1,7757,17379.245943864553
1,7758,52120.70135782379
1,7759,91369.65851477698
1,7760,101621.01349208356
1,7761,92872.4387495873
1,7762,82907.21590478673
1,7763,82163.62716242805
1,7764,80341.89537520803
1,7765,87914.97118188831
1,7766,104120.90199108756
1,7767,107742.49352547385
1,7768,108084.99502136324
1,7769,108106.48324623513
1,7770,107705.73350134952
1,7771,104389.72938636097
1,7772,82005.11788628007
1,7773,57057.60043898345
1,7774,39089.71922354389
1,7775,20880.936500729917
1,7776,8875.703766584817
1,7777,9.58036025541745e-07
1,7778,9.580197026160001e-07
1,7779,9.580188116578351e-07
1,7780,9.580179053560986e-07
1,7781,9.580151665335022e-07
1,7782,9.58015464011541e-07
1,7783,9.580196602568514e-07
1,7784,9.580196292872398e-07
1,7785,9.580154855426408e-07
1,7786,9.5801301787338e-07
1,7787,9.580127753836122e-07
1,7788,9.580126434892964e-07
1,7789,9.58012597076597e-07
1,7790,9.580127001640778e-07
1,7791,9.580204192307797e-07
1,7792,1.7034356575178672e-06
1,7793,1.7034359524032873e-06
1,7794,1.7034357587368068e-06
1,7795,1.7034348522085296e-06
1,7796,9.580213628791204e-07
1,7797,9.580190405600188e-07
1,7798,9.580174635155308e-07
1,7799,9.580122868858235e-07
1,7800,9.580120034473592e-07
1,7801,9.580119121883242e-07
1,7802,9.580118713246698e-07
1,7803,9.580118703615798e-07
1,7804,9.58011880192234e-07
1,7805,9.580119450484151e-07
1,7806,9.580120324608397e-07
1,7807,9.580128557325714e-07
1,7808,9.580189462233133e-07
1,7809,9.58013714432415e-07
1,7810,9.580145404420146e-07
1,7811,9.580145929738155e-07
1,7812,9.580139063580495e-07
1,7813,9.580184050913412e-07
1,7814,7488.512849846418
1,7815,33924.48530610468
1,7816,60293.277226917555
1,7817,78801.88345612117
1,7818,79150.37799925118
1,7819,68769.8423775943
1,7820,49793.475829125025
1,7821,33540.451477131384
1,7822,20187.38810947757
1,7823,4905.816141487032
1,7824,1.939927772558062e-06
1,7825,1.939925779108474e-06
1,7826,1.9399256671523006e-06
1,7827,1.939926123124136e-06
1,7828,1.939927774377909e-06
1,7829,1256.533739923524
1,7830,31203.739325272527
1,7831,68298.16806345106
1,7832,85858.59411469848
1,7833,83179.80138441463
1,7834,66559.47563673212
1,7835,57101.881470468674
1,7836,52615.82710638705
1,7837,57105.25013981232
1,7838,82533.54707431945
1,7839,113148.6814032994
1,7840,117579.24518975591
1,7841,117579.24518975592
1,7842,110009.23754224133
1,7843,88651.20325250491
1,7844,67950.23105000371
1,7845,49677.052458225306
1,7846,38357.26912122352
1,7847,23469.34032861688
1,7848,7097.358275698488
1,7849,37.33954553312228
1,7850,37.067160487236734
1,7851,37.10606474038064
1,7852,37.372213996756855
1,7853,7741.042053985857
1,7854,35924.143497010286
1,7855,76560.74975720173
1,7856,95815.40898845108
1,7857,96676.28896123994
1,7858,94533.67021525824
1,7859,91377.91641705422
1,7860,87968.69010843949
1,7861,89600.27415304414
1,7862,106562.5238253076
1,7863,117579.2451897581
1,7864,117579.24518975809
1,7865,117579.2451897581
1,7866,117579.2451897581
1,7867,110348.74913245426
1,7868,92692.96465015775
1,7869,78014.25334783432
1,7870,61682.59569472633
1,7871,45333.40240613288
1,7872,28795.366867657533
1,7873,24268.885398082257
1,7874,22580.28447206213
1,7875,24048.574201960066
1,7876,29314.54347967393
1,7877,43136.84128687637
1,7878,73607.37234110193
1,7879,108623.8454794609
1,7880,117579.2451897581
1,7881,117579.24518975809
1,7882,111894.64585827019
1,7883,107386.52815033574
1,7884,100535.77930315306
1,7885,102500.5937009484
1,7886,117579.2451897581
1,7887,117579.2451897581
1,7888,117579.2451897581
1,7889,117579.2451897581
1,7890,117579.24518975812
1,7891,104839.41135655879
1,7892,89417.27372316971
1,7893,74651.57644182094
1,7894,63163.35358430213
1,7895,46045.637178234596
1,7896,34710.780072296206
1,7897,30936.741189843087
1,7898,29285.46591298935
1,7899,30360.0020147176
1,7900,35070.63739042709
1,7901,47540.69617936555
1,7902,79976.52460342694
1,7903,109980.7371167091
1,7904,117579.24519073883
1,7905,117579.24519073882
1,7906,117579.24519073882
1,7907,117579.24519073882
1,7908,117579.24519073882
1,7909,117579.24519073883
1,7910,117579.24519073882
1,7911,117579.24519073882
1,7912,117579.24519073882
1,7913,117579.24519073882
1,7914,117579.24519073882
1,7915,117579.24519073882
1,7916,117579.24519073883
1,7917,112942.95429917691
1,7918,104091.32837473275
1,7919,97915.87820208419
1,7920,94400.38112900588
1,7921,93006.07092871456
1,7922,92697.79759313793
1,7923,93180.29245096308
1,7924,94689.65739147365
1,7925,98398.42277050753
1,7926,111765.89047621626
1,7927,117579.24519073882
1,7928,117579.24519073882
1,7929,117579.24519073882
1,7930,117579.24519073882
1,7931,117579.24519073882
1,7932,117579.24519073882
1,7933,117579.24519073883
1,7934,117579.24519073882
1,7935,117579.24519073882
1,7936,117579.24519073882
1,7937,117579.24519073882
1,7938,117579.24519073882
1,7939,117579.24519073882
1,7940,117579.24519073879
1,7941,106771.19445435799
1,7942,94562.69709442489
1,7943,80074.32444232439
1,7944,70472.71421515249
1,7945,62043.610718532604
1,7946,56429.59268263879
1,7947,55431.89071858909
1,7948,55849.48390970715
1,7949,60153.776500771666
1,7950,72592.68082212626
1,7951,87461.16039145815
1,7952,103247.65244565289
1,7953,107127.90849305212
1,7954,105253.39920932078
1,7955,103528.28207324859
1,7956,96672.39652927029
1,7957,92127.77152530878
1,7958,96896.79962325377
1,7959,104976.01080054003
1,7960,114436.67779038895
1,7961,117579.2451897581
1,7962,117579.24518975803
1,7963,110203.57416139907
1,7964,97132.68747864093
1,7965,88569.17122669828
1,7966,80098.4334047756
1,7967,69537.04084614944
1,7968,59647.53633169154
1,7969,52907.7991348872
1,7970,49428.79225537183
1,7971,49880.74246055285
1,7972,49521.57004391519
1,7973,52405.26871082834
1,7974,60600.03192259046
1,7975,75490.2489559628
1,7976,88149.92627968676
1,7977,83572.75370429446
1,7978,76957.2236548426
1,7979,77500.14329210146
1,7980,72024.61339966588
1,7981,69464.16905883784
1,7982,84301.98714880105
1,7983,106271.78747215867
1,7984,117579.2451897581
1,7985,117579.2451897581
1,7986,117579.2451897581
1,7987,117579.2451897581
1,7988,117579.24518975809
1,7989,105594.03119438197
1,7990,95060.49777650398
1,7991,79825.52576724849
1,7992,69723.47153825454
1,7993,63444.536940478225
1,7994,60517.5538148258
1,7995,61671.04584341136
1,7996,64943.483884712245
1,7997,76266.1587517874
1,7998,104271.12719331667
1,7999,117579.2451897581
1,8000,117579.2451897581
1,8001,117579.2451897581
1,8002,99926.33844245946
1,8003,80475.34408052752
1,8004,67731.55280956069
1,8005,71129.49431334373
1,8006,89701.96071396851
1,8007,113085.85377638879
1,8008,117579.2451897581
1,8009,117579.2451897581
1,8010,105391.02914898618
1,8011,84972.02333303132
1,8012,62382.00945963192
1,8013,44898.07049298717
1,8014,35251.918285510095
1,8015,26944.3983821852
1,8016,25928.020938053436
1,8017,26788.82534015531
1,8018,28732.989538828733
1,8019,33238.22584518626
1,8020,42254.70395119032
1,8021,59827.37205954359
1,8022,92551.433896419
1,8023,117579.24519073882
1,8024,117579.24519126947
1,8025,117579.24519126945
1,8026,117579.24519126945
1,8027,117579.24519126945
1,8028,117579.24519126945
1,8029,117579.24519126947
1,8030,117579.24519126945
1,8031,117579.24519126945
1,8032,117579.24519126945
1,8033,117579.24519126945
1,8034,117579.24519126945
1,8035,117579.24519126945
1,8036,117579.24519073882
1,8037,113307.81508465738
1,8038,105254.35175130308
1,8039,98262.27174921973
1,8040,93985.09412473699
1,8041,92325.42453821127
1,8042,91747.30276081922
1,8043,92015.57366274667
1,8044,93418.84816751628
1,8045,96779.6313596627
1,8046,108268.60301649572
1,8047,117579.24519073883
1,8048,117579.24519073882
1,8049,117579.24519073882
1,8050,117579.24519073883
1,8051,117579.24519073883
1,8052,117579.24519073882
1,8053,117579.24519073882
1,8054,117579.24519073883
1,8055,117579.24519073883
1,8056,117579.24519073883
1,8057,117579.24519073883
1,8058,117579.24519073882
1,8059,117579.24519073882
1,8060,114581.76288504584
1,8061,97661.97347300062
1,8062,81521.86959259448
1,8063,62010.0413005232
1,8064,44217.002875994345
1,8065,36314.73496277565
1,8066,33253.55413204948
1,8067,31414.31721555955
1,8068,32793.41969149268
1,8069,41688.45399001064
1,8070,67287.2514027259
1,8071,99728.53417995213
1,8072,117377.56108880538
1,8073,117579.24518975808
1,8074,117579.24518975808
1,8075,117579.24518975806
1,8076,109027.05446256635
1,8077,97984.87527236453
1,8078,97687.56857214952
1,8079,100866.69702476793
1,8080,101805.70566478182
1,8081,95670.63803500996
1,8082,76767.0928525773
1,8083,54942.647232930445
1,8084,33785.39880573748
1,8085,17319.127048318664
1,8086,5055.064507200049
1,8087,9.580209095055215e-07
1,8088,9.580203178610682e-07
1,8089,9.58020192452189e-07
1,8090,9.580201440158228e-07
1,8091,9.580201381202837e-07
1,8092,9.580201775655984e-07
1,8093,9.580203383666245e-07
1,8094,9.580247718421398e-07
1,8095,37272.785767718786
1,8096,62867.740979026996
1,8097,68945.59557329034
1,8098,76456.14615631806
1,8099,79646.15506202537
1,8100,71532.20147898889
1,8101,69876.28676852935
1,8102,82882.89263173466
1,8103,98667.18068157611
1,8104,106663.26156530803
1,8105,111256.13178286186
1,8106,105826.48174345004
1,8107,94490.44923121174
1,8108,84788.05647046643
1,8109,74168.65457236255
1,8110,62413.840035178146
1,8111,49330.72579928012
1,8112,38870.74822746473
1,8113,26528.148068691873
1,8114,22257.291472795725
1,8115,23475.121893346575
1,8116,25299.643908913295
1,8117,32395.761015940196
1,8118,46326.331160765185
1,8119,62270.21924319582
1,8120,72461.64468064773
1,8121,78286.8722320409
1,8122,82002.64400966576
1,8123,88414.58917674456
1,8124,91425.69523788975
1,8125,95228.6068242313
1,8126,98885.80200624562
1,8127,105742.54400978843
1,8128,114745.95321966958
1,8129,117579.24518975787
1,8130,117579.24518975786
1,8131,111262.504648784
1,8132,99937.74020952251
1,8133,89927.34680367296
1,8134,82019.77957337022
1,8135,66102.30209922358
1,8136,52692.42111646606
1,8137,44889.31040840983
1,8138,40608.07993827631
1,8139,36122.328167250475
1,8140,30861.222009684967
1,8141,30078.26872612037
1,8142,36733.89814976033
1,8143,48008.088828393535
1,8144,56740.01290465839
1,8145,64561.68124394014
1,8146,72147.57368521109
1,8147,83913.25888697674
1,8148,82189.21295336603
1,8149,78513.44053666289
1,8150,83015.22367814899
1,8151,92229.78089547972
1,8152,100451.34564342351
1,8153,109140.93764681045
1,8154,108470.52540040745
1,8155,102242.28341721791
1,8156,89780.48914627913
1,8157,77802.82635801732
1,8158,65850.44874501054
1,8159,49011.52003379039
1,8160,38188.82622289764
1,8161,28880.032200956222
1,8162,21502.5920751873
1,8163,20004.0030079725
1,8164,21463.54205241157
1,8165,28779.02280947764
1,8166,49943.61139406707
1,8167,84290.56293736665
1,8168,103675.48715735486
1,8169,103940.8812664707
1,8170,99561.38187348553
1,8171,97965.07399869406
1,8172,91441.41676540757
1,8173,87540.61690275355
1,8174,96768.12611552293
1,8175,107737.21743880714
1,8176,117579.24518975809
1,8177,117579.24518975809
1,8178,117579.24518975809
1,8179,115343.46915469454
1,8180,105616.79991185604
1,8181,95496.7411429029
1,8182,84354.1517805275
1,8183,70556.37819257469
1,8184,56140.56008323598
1,8185,49183.035997489365
1,8186,46190.28207439658
1,8187,48250.88906051776
1,8188,52387.99525204701
1,8189,65350.37710364113
1,8190,93290.09212833298
1,8191,117579.24518975809
1,8192,117579.2451897581
1,8193,117579.2451897581
1,8194,117579.24518975812
1,8195,117205.59940745818
1,8196,107649.67930445162
1,8197,109374.52353381715
1,8198,117579.2451897581
1,8199,117579.24518975812
1,8200,117579.24518975812
1,8201,117579.24518975812
1,8202,117579.24518975812
1,8203,115735.40762263864
1,8204,107679.27235760985
1,8205,100522.21762770074
1,8206,92914.37434349679
1,8207,83959.08348548035
1,8208,76686.80808587016
1,8209,72023.9376738283
1,8210,70516.6580196274
1,8211,72848.42264015332
1,8212,77798.50448882721
1,8213,86946.22988116439
1,8214,102858.16077518728
1,8215,117579.24519073882
1,8216,117579.24519128138
1,8217,117579.24519128138
1,8218,117579.24519128138
1,8219,117579.24519128138
1,8220,117579.24519128138
1,8221,117579.24519128138
1,8222,117579.24519128138
1,8223,117579.24519128138
1,8224,117579.24519128138
1,8225,117579.2451912814
1,8226,117579.24519128138
1,8227,117579.24519128138
1,8228,117579.2451907388
1,8229,114562.3121485903
1,8230,104834.09179705754
1,8231,98661.10568801289
1,8232,94773.13320920801
1,8233,93259.06663663646
1,8234,92781.63822619473
1,8235,93111.40722686563
1,8236,94132.3184617125
1,8237,97376.03608203356
1,8238,108703.81176821831
1,8239,117579.24519127846
1,8240,117579.24519128329
1,8241,117579.24519128332
1,8242,117579.2451912833
1,8243,117579.24519128332
1,8244,117579.24519128332
1,8245,117579.2451912833
1,8246,117579.24519128332
1,8247,117579.24519128332
1,8248,117579.24519128332
1,8249,117579.24519128332
1,8250,117579.24519128332
1,8251,117579.24519128267
1,8252,117579.2451907388
1,8253,113798.0094554323
1,8254,102039.61783928979
1,8255,85697.2547320922
1,8256,69231.96562084659
1,8257,58567.61027148315
1,8258,50755.05032259019
1,8259,45112.4985073523
1,8260,43861.91433871577
1,8261,51569.16681798239
1,8262,74644.3645643949
1,8263,106062.73227003375
1,8264,117579.2451897581
1,8265,117579.24518975806
1,8266,114393.73177720096
1,8267,111625.08791973915
1,8268,102772.23956995292
1,8269,97865.2382920645
1,8270,102925.49709953273
1,8271,106217.47227834459
1,8272,109040.79214155112
1,8273,111339.60406097844
1,8274,98068.07450156879
1,8275,84869.2555689929
1,8276,72350.34058906935
1,8277,56745.196718165236
1,8278,45182.90699388725
1,8279,28676.442071376252
1,8280,19884.05374392929
1,8281,16475.845253878033
1,8282,15773.38432901237
1,8283,17767.36166625736
1,8284,19563.768018310624
1,8285,26850.198664040323
1,8286,39277.46740255141
1,8287,59974.18430167856
1,8288,80529.32562590223
1,8289,96354.11558474228
1,8290,105657.31935147251
1,8291,111496.27542724262
1,8292,110983.27373161273
1,8293,111004.96490049656
1,8294,114553.06319398094
1,8295,117579.24518975812
1,8296,117579.2451897581
1,8297,117579.2451897581
1,8298,117579.2451897581
1,8299,117579.2451897581
1,8300,110701.13313024586
1,8301,101099.18764818109
1,8302,93312.98213167296
1,8303,80637.74732306848
1,8304,69739.84489354046
1,8305,59735.85671780996
1,8306,55249.320914348275
1,8307,53379.08586826194
1,8308,54526.79486389084
1,8309,56940.19782820082
1,8310,62685.6650173987
1,8311,75902.63172893862
1,8312,89700.23002762315
1,8313,101055.03599824435
1,8314,108019.40152842524
1,8315,116603.98920852193
1,8316,112770.49872325825
1,8317,107788.4699063222
1,8318,108969.27930919596
1,8319,114408.27527290455
1,8320,117579.2451897581
1,8321,117579.2451897581
1,8322,117579.2451897581
1,8323,114475.21438708725
1,8324,99288.65283799825
1,8325,83150.20176909775
1,8326,65195.579832062875
1,8327,43536.911442922115
1,8328,23124.183404240648
1,8329,11282.252819082843
1,8330,9779.9594451557
1,8331,9590.073461430777
1,8332,9582.75629794248
1,8333,10224.58368333831
1,8334,25021.66279322695
1,8335,59341.48850009311
1,8336,81626.60496990911
1,8337,77124.41485236735
1,8338,66984.76994917994
1,8339,60984.554422700065
1,8340,52169.00610516345
1,8341,57927.81219910763
1,8342,79063.6485424717
1,8343,102478.0201397839
1,8344,115450.63285113838
1,8345,117579.2451897575
1,8346,108508.44977911147
1,8347,96468.22562518409
1,8348,83068.8108522388
1,8349,71911.35358370228
1,8350,59327.870965267386
1,8351,44508.077792777935
1,8352,27269.0784426477
1,8353,18016.05998134211
1,8354,17331.638472902767
1,8355,18614.93578644353
1,8356,23139.11609105887
1,8357,35014.601856430665
1,8358,60990.425866272744
1,8359,98071.28750758941
1,8360,117579.2451897581
1,8361,117579.2451897581
1,8362,117579.2451897581
1,8363,117579.2451897581
1,8364,117579.2451897581
1,8365,117579.24518975812
1,8366,117579.2451897581
1,8367,117579.2451897581
1,8368,117579.24518975812
1,8369,117579.24518975812
1,8370,117579.24518975812
1,8371,116039.98704497034
1,8372,104138.27695220607
1,8373,95795.43663166987
1,8374,86855.40995255629
1,8375,77797.60493857194
1,8376,69909.797809059
1,8377,67442.22913855755
1,8378,68491.24097978557
1,8379,69863.81798581386
1,8380,73952.6852921882
1,8381,84159.24819861088
1,8382,101863.80089723223
1,8383,117579.2451897581
1,8384,117579.2451897581
1,8385,117579.2451897581
1,8386,117579.2451897581
1,8387,117579.2451897581
1,8388,115312.30350565314
1,8389,112343.64282070164
1,8390,117579.2451897581
1,8391,117579.2451897581
1,8392,117579.2451897581
1,8393,117579.2451897581
1,8394,116668.73251990652
1,8395,92382.2857007434
1,8396,70891.91178827354
1,8397,52917.4662639876
1,8398,38428.16325480625
1,8399,21746.90217926491
1,8400,5163.962198779497
1,8401,1.9404875843840737e-06
1,8402,1.9402471508640903e-06
1,8403,1.9402450802172e-06
1,8404,137.7186483784867
1,8405,12850.423752267005
1,8406,38323.19191068101
1,8407,73153.17206361132
1,8408,92040.86164342954
1,8409,88605.95146954073
1,8410,86155.58145215604
1,8411,83360.74270592278
1,8412,75350.03992836301
1,8413,76072.08970072417
1,8414,86446.36695937617
1,8415,98945.55734003437
1,8416,108894.11058626068
1,8417,110852.69648866974
1,8418,96990.57229250213
1,8419,77336.12261887184
1,8420,59886.172307439294
1,8421,46517.59803529656
1,8422,34385.72888895748
1,8423,21466.876595257927
1,8424,8894.065443130645
1,8425,4582.752047320221
1,8426,5986.148728934262
1,8427,7132.788935980892
1,8428,12421.234593783636
1,8429,26208.840276156912
1,8430,53257.50750767361
1,8431,84183.61679351509
1,8432,101076.21400527761
1,8433,93289.75361255117
1,8434,75885.54141812118
1,8435,62922.400813419634
1,8436,55239.769894744255
1,8437,66393.34453695307
1,8438,89439.82800767639
1,8439,110862.2734771362
1,8440,115706.0082092967
1,8441,108558.42660872279
1,8442,89079.66023912719
1,8443,71388.01302194102
1,8444,57297.63678407041
1,8445,43769.313283791394
1,8446,32303.70329271538
1,8447,15125.625254758752
1,8448,6295.365802320771
1,8449,1.940068614583584e-06
1,8450,1.940035597052722e-06
1,8451,1.940033300032028e-06
1,8452,1.9400329706722723e-06
1,8453,1.94043576893788e-06
1,8454,6823.242803303925
1,8455,24804.460136438418
1,8456,37930.238298645054
1,8457,40054.87890171998
1,8458,33774.59383419649
1,8459,27836.894246632513
1,8460,22272.21634232646
1,8461,26400.699137523567
1,8462,43379.39974332245
1,8463,57249.71250743578
1,8464,57908.03676894684
1,8465,62366.63225448428
1,8466,58642.03008388835
1,8467,50400.06182464032
1,8468,42096.51237916705
1,8469,37979.33593958817
1,8470,33645.261435386405
1,8471,24479.142926004493
1,8472,15962.539244173064
1,8473,9151.706979442572
1,8474,5308.0390708345
1,8475,5801.4401204606675
1,8476,7256.820173618179
1,8477,10562.906486778518
1,8478,18411.96607542164
1,8479,33484.27089442261
1,8480,47608.882541250256
1,8481,56519.97501090382
1,8482,64608.871875149656
1,8483,76769.70500344683
1,8484,77084.91253821102
1,8485,74905.63900147195
1,8486,81383.31097161927
1,8487,88431.83538990826
1,8488,94805.9277427931
1,8489,103479.93892863143
1,8490,100946.21132869842
1,8491,92455.52589115711
1,8492,80762.3774767414
1,8493,65188.6312728189
1,8494,50058.6072300579
1,8495,31962.22193907624
1,8496,14527.200700885842
1,8497,4721.0671394084375
1,8498,2750.996213991024
1,8499,6625.714907347191
1,8500,11469.398150554187
1,8501,23425.537327019454
1,8502,50686.073454654215
1,8503,88476.56588528503
1,8504,107820.2025447446
1,8505,106611.49338529537
1,8506,100712.77076092116
1,8507,97595.2806021709
1,8508,93957.06874631572
1,8509,99339.5994921248
1,8510,109155.00912090478
1,8511,109577.80056018698
1,8512,98669.08775329404
1,8513,86143.01470046426
1,8514,65507.31501583308
1,8515,41395.53425322172
1,8516,17673.435531395753
1,8517,9.580246811648064e-07
1,8518,9.58017758376736e-07
1,8519,1.9399262582188877e-07
1,8520,1.939926113270993e-07
1,8521,1.9399260776475316e-07
1,8522,1.9399260687004411e-07
1,8523,1.939926070284469e-07
1,8524,1.9399260737135802e-07
1,8525,1.9399261012178412e-07
1,8526,1.9399262528051444e-07
1,8527,9.580212691866208e-07
1,8528,22295.614131974038
1,8529,28656.498998099854
1,8530,28700.47478592025
1,8531,23043.680072444506
1,8532,10810.647044929765
1,8533,16361.67432687289
1,8534,32327.906304064796
1,8535,56411.1205521755
1,8536,81654.889599912
1,8537,104452.47796914878
1,8538,107988.35352601444
1,8539,105920.36568418569
1,8540,95722.6405858784
1,8541,86887.8907899746
1,8542,73824.78185271058
1,8543,58501.289517369296
1,8544,45474.54297790981
1,8545,41627.718470519445
1,8546,40758.853229323926
1,8547,41332.949122141275
1,8548,46193.75140589424
1,8549,61985.93482896506
1,8550,96451.08934711163
1,8551,117579.24519073883
1,8552,117579.24519073883
1,8553,117579.24519073883
1,8554,117579.24519073883
1,8555,117579.24519073883
1,8556,117579.24519073883
1,8557,117579.24519073883
1,8558,117579.24519073883
1,8559,117579.24519073883
1,8560,117579.24519073883
1,8561,117579.24519073883
1,8562,108429.72366151298
1,8563,85232.91832058338
1,8564,58398.98551245335
1,8565,40085.09903131024
1,8566,24512.09165859197
1,8567,5147.574077626605
1,8568,1.939958363425812e-06
1,8569,1.939956220838889e-06
1,8570,1.939955622134792e-06
1,8571,1.9399553178042634e-06
1,8572,1.93995534718003e-06
1,8573,1.9399570079219747e-06
1,8574,24303.616432932682
1,8575,61362.17903107919
1,8576,86102.48707882268
1,8577,88340.33645723379
1,8578,81537.56388176112
1,8579,78498.92101110486
1,8580,75597.09314547406
1,8581,80251.73122097092
1,8582,91756.05466701914
1,8583,107137.98010776409
1,8584,114600.79251937017
1,8585,114650.77253911088
1,8586,114562.49887293788
1,8587,108157.79938605629
1,8588,92694.88642570349
1,8589,75675.41046380036
1,8590,57207.023275203326
1,8591,41210.78898039636
1,8592,33517.60519851035
1,8593,27993.341943287425
1,8594,25615.01392145274
1,8595,24372.53542353316
1,8596,26219.213320919665
1,8597,29796.166151587837
1,8598,37710.48589017013
1,8599,53350.05323312966
1,8600,70521.55289251423
1,8601,80300.14604991484
1,8602,81105.15747765066
1,8603,82630.8279725158
1,8604,72217.27770213138
1,8605,69375.81651508066
1,8606,80414.66774698485
1,8607,98204.36880051451
1,8608,111623.77433602465
1,8609,113930.31922251474
1,8610,113846.35915632879
1,8611,112925.1661140587
1,8612,100888.80193395844
1,8613,90408.9661121312
1,8614,80513.89830608138
1,8615,63371.357739376435
1,8616,52444.87662222471
1,8617,41420.23252136358
1,8618,34404.72191018775
1,8619,28423.07827935195
1,8620,26493.632535061777
1,8621,21576.092974817853
1,8622,24593.312440120695
1,8623,32768.87774838134
1,8624,41761.330420702834
1,8625,40823.5711821048
1,8626,35214.94526761501
1,8627,30849.059141937912
1,8628,20038.905734658783
1,8629,10017.504816992237
1,8630,11091.341882994138
1,8631,17424.624713005287
1,8632,25124.872608104037
1,8633,26462.059430508787
1,8634,21001.70419262552
1,8635,9506.70696900057
1,8636,9.580200965303934e-07
1,8637,1.9399260635118307e-07
1,8638,1.9399248757509527e-07
1,8639,1.9399246489012993e-07
1,8640,1.9399245698591662e-07
1,8641,1.9399245316701775e-07
1,8642,1.9399245098895554e-07
1,8643,1.939924496931476e-07
1,8644,1.9399244898892695e-07
1,8645,1.939924488039773e-07
1,8646,1.939924490162895e-07
1,8647,1.93992449616237e-07
1,8648,1.9399245045334442e-07
1,8649,1.9399245129154197e-07
1,8650,1.9399245218336263e-07
1,8651,1.9399245341118347e-07
1,8652,1.9399245497285642e-07
1,8653,1.939924571480167e-07
1,8654,1.9399246087120762e-07
1,8655,1.9399246659713001e-07
1,8656,1.9399247401898516e-07
1,8657,1.939924807321397e-07
1,8658,1.9399248474075362e-07
1,8659,1.9399248754843152e-07
1,8660,1.9399248960666907e-07
1,8661,1.9399249133728358e-07
1,8662,1.9399249307146665e-07
1,8663,1.9399249504032528e-07
1,8664,1.9399249784166737e-07
1,8665,1.939925030879184e-07
1,8666,1.9399251921922212e-07
1,8667,1.9399262561637317e-07
1,8668,9.580195241484485e-07
1,8669,11466.546515782164
1,8670,47236.9851958333
1,8671,91067.9625066523
1,8672,117579.24518975808
1,8673,117579.2451897581
1,8674,117579.2451897581
1,8675,117579.24518975809
1,8676,117579.2451897581
1,8677,117579.2451897581
1,8678,117579.2451897581
1,8679,117579.2451897581
1,8680,117579.2451897581
1,8681,117579.2451897581
1,8682,117579.2451897581
1,8683,117579.24518975812
1,8684,108731.80823517605
1,8685,95468.51349173511
1,8686,81027.265627248
1,8687,66162.90389914747
1,8688,49963.79410979543
1,8689,41402.861702274706
1,8690,34352.763629434885
1,8691,32812.22749255
1,8692,33338.02695450791
1,8693,43967.27002831337
1,8694,70205.06399335113
1,8695,106934.78378214045
1,8696,117579.2451897581
1,8697,117579.24518975809
1,8698,117579.24518975808
1,8699,111395.4611051458
1,8700,100357.05896210311
1,8701,94764.66619884489
1,8702,100100.10917035017
1,8703,112153.70414371292
1,8704,117579.24518975809
1,8705,117579.2451897581
1,8706,107449.22900920945
1,8707,86928.44200296461
1,8708,66807.22537432892
1,8709,48473.899358415554
1,8710,31260.6665602524
1,8711,14312.538638888022
1,8712,3118.413998101798
1,8713,2878.946382465029
1,8714,2834.768706704044
1,8715,2814.6424522739258
1,8716,2815.2568985271464
1,8717,3004.262069315653
1,8718,27973.45003015271
1,8719,67038.24598662749
1,8720,91551.36284131
1,8721,86008.48069126117
1,8722,74632.02427164438
1,8723,67181.58459594677
1,8724,61086.63227098919
1,8725,66499.8041311409
1,8726,85657.66609818874
1,8727,102105.98776148993
1,8728,116126.54275992405
1,8729,113493.07507189174
1,8730,95202.66908218779
1,8731,80148.59232386798
1,8732,61340.232830189496
1,8733,45690.7010229585
1,8734,33378.607593676315
1,8735,16247.221716451926
1,8736,2929.9302549468125
1,8737,2801.877846211266
1,8738,2807.851973860821
1,8739,2890.780191140634
1,8740,6562.711912930547
1,8741,22263.530805753897
1,8742,55715.1621310524
1,8743,93816.27141263324
1,8744,112102.98150617185
1,8745,102597.75287739474
1,8746,87235.459185544
1,8747,78840.5666696104
1,8748,75172.6698469928
1,8749,80642.98990723798
1,8750,106822.05098343447
1,8751,117579.24518975809
1,8752,117579.24518975809
1,8753,117579.24518975809
1,8754,117579.24518975808
1,8755,117579.24518975808
1,8756,107252.17361346976
1,8757,94667.8058670529
1,8758,83178.18593287704
1,8759,69179.4667718903
2,0,13925.259999985208
2,1,13061.099999985207
2,2,13736.139999985207
2,3,13886.139999985207
2,4,14129.099999985207
2,5,14465.019999985208
2,6,14125.899999985206
2,7,13777.799999985207
2,8,14884.599999985207
2,9,26008.399999985206
2,10,40512.54999998521
2,11,51267.10999998521
2,12,55940.209999985214
2,13,51578.42999998521
2,14,38865.08999998521
2,15,22289.01999998521
2,16,14741.319999985208
2,17,18599.89999998669
2,18,22014.21999998521
2,19,24417.57999998521
2,20,25704.839999985208
2,21,27172.239999985202
2,22,23745.739999985213
2,23,21942.419999985206
2,24,21171.21999998521
2,25,19455.07999998521
2,26,18096.01999998521
2,27,17147.87999998521
2,28,18171.019999985205
2,29,20058.319999985208
2,30,22809.779999985207
2,31,25129.15999998521
2,32,27372.23999998669
2,33,38617.72999998669
2,34,48486.40999998519
2,35,54000.74999998523
2,36,53839.04999998521
2,37,48006.49999998521
2,38,39215.489999985206
2,39,30765.839999986685
2,40,27430.579999986694
2,41,32933.499999986685
2,42,37329.2999999852
2,43,40746.81999998521
2,44,42687.95999998521
2,45,44977.1999999852
2,46,44713.07999998521
2,47,45631.0799999852
2,48,49564.65999998356
2,49,52991.15999998356
2,50,54878.459999983555
2,51,57704.919999983555
2,52,60456.37999998355
2,53,61488.499999983556
2,54,66538.17999998358
2,55,67666.45999998358
2,56,69277.2099999852
2,57,75824.6399999852
2,58,82214.7099999852
2,59,86557.9699999852
2,60,85793.8799999852
2,61,79071.5999999852
2,62,71151.9699999852
2,63,68491.3399999852
2,64,66864.4999999852
2,65,68919.75999998521
2,66,73876.4799999852
2,67,76786.91999998518
2,68,77726.0799999852
2,69,75247.71999998145
2,70,73465.55999998144
2,71,72745.29740275761
2,72,71432.0997897299
2,73,69679.80788905107
2,74,67392.93599439635
2,75,66562.0024779579
2,76,67853.51047236766
2,77,71998.56794595855
2,78,77624.36811300166
2,79,79465.0935460573
2,80,82292.79215164592
2,81,91210.31183845078
2,82,98805.2845685339
2,83,106532.6437291008
2,84,106304.522338478
2,85,101496.83887476729
2,86,94777.27756134546
2,87,87462.52945599267
2,88,82833.45999998144
2,89,80355.09999998519
2,90,77030.5399999852
2,91,72757.83999998521
2,92,67356.85999998519
2,93,60416.679999985194
2,94,51514.19999998521
2,95,44754.159999985204
2,96,38924.2999999852
2,97,35752.93999998521
2,98,31831.53999998521
2,99,28849.29999998521
2,100,26101.03999998521
2,101,24543.87999998521
2,102,24348.979999985208
2,103,22368.71999998521
2,104,20560.969999986693
2,105,27361.32999998669
2,106,34328.14999998669
2,107,37200.65999998669
2,108,37878.589999986696
2,109,33441.68999998669
2,110,28118.079999986683
2,111,25514.079999986687
2,112,25855.45999998669
2,113,30410.239999986683
2,114,32297.539999986686
2,115,32813.59999998521
2,116,35123.99999998521
2,117,37434.39999998521
2,118,36579.21999998522
2,119,36156.1199999852
2,120,37095.27999998521
2,121,35724.03999998521
2,122,34784.87999998521
2,123,33149.51999998521
2,124,32294.339999985208
2,125,31091.059999985206
2,126,29551.85999998521
2,127,27157.47999998521
2,128,26465.139999986688
2,129,34980.16999998668
2,130,41781.41999998669
2,131,48440.37999998669
2,132,51031.29999998521
2,133,47967.5999999852
2,134,39264.1099999852
2,135,28984.469999986693
2,136,23686.98999998669
2,137,27625.439999986687
2,138,31642.999999986692
2,139,34889.35999998521
2,140,36173.419999985206
2,141,37193.35999998521
2,142,39752.4999999852
2,143,39317.21999998522
2,144,41108.3599999852
2,145,41021.17999998521
2,146,41873.15999998521
2,147,44033.559999985206
2,148,44984.899999985195
2,149,44723.97999998521
2,150,44982.31999998521
2,151,43707.23999998521
2,152,41828.919999985206
2,153,39889.179999986685
2,154,38904.43999998668
2,155,37317.43999998669
2,156,39652.58999998668
2,157,40455.74999998521
2,158,40416.879999985205
2,159,35694.479999985204
2,160,37227.3199999852
2,161,43135.37999998521
2,162,49559.4999999852
2,163,55635.51999998522
2,164,59494.09999998521
2,165,62581.479999985204
2,166,62503.2799999852
2,167,65833.61999998144
2,168,69608.21999998145
2,169,71843.61999998146
2,170,71864.77999998145
2,171,71621.81999998145
2,172,69743.49999998145
2,173,67685.03999998145
2,174,68783.1799999852
2,175,69383.2199999852
2,176,68863.9599999852
2,177,70233.86999998521
2,178,72202.72999998521
2,179,71651.7799999852
2,180,67980.4199999852
2,181,62400.2599999852
2,182,54778.15999998521
2,183,46691.75999998521
2,184,38474.87999998521
2,185,34613.09999998521
2,186,32386.67999998521
2,187,30076.279999985207
2,188,28104.999999985208
2,189,25785.61999998521
2,190,22875.17999998521
2,191,18500.53999998521
2,192,15665.099999985207
2,193,13861.779999985207
2,194,13945.759999985206
2,195,15136.859999985209
2,196,18047.299999985207
2,197,22911.059999985213
2,198,28722.959999985203
2,199,35557.99999998521
2,200,42905.64999998522
2,201,55570.319999985215
2,202,67257.89999998518
2,203,77193.68999998519
2,204,82693.6099999852
2,205,85846.9599999852
2,206,78453.4899999852
2,207,70620.81999998521
2,208,63032.42999998521
2,209,62169.9399999852
2,210,61398.73999998519
2,211,56945.89999998521
2,212,54707.2999999852
2,213,51100.659999985204
2,214,47502.9999999852
2,215,46983.739999985206
2,216,47487.61999998521
2,217,48843.47999998357
2,218,50541.65999998357
2,219,55078.47999998355
2,220,57313.87999998357
2,221,60839.73999998356
2,222,64881.659999983574
2,223,64638.69999998356
2,224,63510.82999998521
2,225,69565.4499999852
2,226,76319.42999998521
2,227,85635.14999998518
2,228,90585.2699999852
2,229,85230.70999998519
2,230,74106.2499999852
2,231,67675.3599999852
2,232,67576.03999998521
2,233,68365.1999999852
2,234,67465.15999998519
2,235,59898.03999998521
2,236,57008.759999985195
2,237,56147.7999999852
2,238,51094.9199999852
2,239,46654.2599999852
2,240,43986.7799999852
2,241,37892.7999999852
2,242,35576.6199999852
2,243,34535.519999985205
2,244,34181.63999998521
2,245,33413.63999998521
2,246,37170.27999998521
2,247,34916.919999985206
2,248,35486.56999998521
2,249,44430.529999985214
2,250,58168.909999985204
2,251,72546.2799999852
2,252,78220.7099999852
2,253,75742.7499999852
2,254,68050.79999998519
2,255,57800.45999998519
2,256,54703.66999998523
2,257,59074.199999985205
2,258,64052.07999998521
2,259,68090.7999999852
2,260,70758.2799999852
2,261,70683.2799999852
2,262,66146.45999998144
2,263,67169.59999998145
2,264,66737.51999998145
2,265,66473.39999998146
2,266,66125.29999998145
2,267,66293.25999998144
2,268,66893.29999998145
2,269,66902.27999998145
2,270,69380.63999998145
2,271,69812.7199999852
2,272,71867.6599999852
2,273,81632.7599999852
2,274,92182.3699999852
2,275,96786.56999998521
2,276,99891.7899999852
2,277,97060.1699999852
2,278,90799.9199999852
2,279,82971.81999998521
2,280,81530.38999998519
2,281,85213.6999999852
2,282,85315.63999998519
2,283,85408.59999998519
2,284,81492.9799999852
2,285,79521.69999998357
2,286,75081.03999998358
2,287,69956.35999998357
2,288,63112.33999998357
2,289,56352.29999998357
2,290,49076.19999998357
2,291,42550.13999998356
2,292,37911.37999998521
2,293,35066.95999998521
2,294,33179.65999998522
2,295,30437.17999998521
2,296,29656.999999985204
2,297,33163.75999998521
2,298,39332.43999998521
2,299,43858.1899999852
2,300,45169.47999998522
2,301,41326.72999998521
2,302,33167.639999985215
2,303,26719.329999985213
2,304,25838.409999985204
2,305,33974.559999985206
2,306,42952.0399999852
2,307,48860.09999998521
2,308,56127.21999998521
2,309,61776.9399999852
2,310,62469.9399999852
2,311,67039.4419659258
2,312,68012.37200078604
2,313,73165.55157519708
2,314,78008.64551905538
2,315,80824.31274787054
2,316,81852.72735937785
2,317,84630.89615648745
2,318,89201.06749554507
2,319,90742.89999998521
2,320,93649.5699999852
2,321,99901.3999999852
2,322,105606.8199999852
2,323,109616.8899999852
2,324,110611.9699999852
2,325,103449.3699999852
2,326,89998.33999998521
2,327,79724.6799999852
2,328,77506.42999998521
2,329,83734.11999998521
2,330,85873.3599999852
2,331,89140.87999998522
2,332,91469.23999998145
2,333,90701.23111409738
2,334,85823.6235601133
2,335,86213.2266173854
2,336,85161.80973527295
2,337,82947.49072190699
2,338,80790.33721757903
2,339,79086.87226587442
2,340,77470.91942284377
2,341,77850.72304970077
2,342,82735.98574471104
2,343,83263.57999998519
2,344,86170.29999998519
2,345,99804.6399999852
2,346,116947.02999998521
2,347,128140.68999998357
2,348,129186.63999998357
2,349,120260.68999998357
2,350,107102.85999998522
2,351,90505.22999998521
2,352,80980.7899999852
2,353,82873.15999998519
2,354,79647.3399999852
2,355,77942.75999998521
2,356,78881.9199999852
2,357,79040.89999998357
2,358,75782.35999998356
2,359,71923.77999998357
2,360,64722.67999998355
2,361,59399.899999983565
2,362,53750.179999983564
2,363,48607.53999998356
2,364,44148.91999998356
2,365,41070.519999985205
2,366,39111.419999985206
2,367,36465.09999998521
2,368,36728.8999999852
2,369,43069.58999998521
2,370,51699.37999998521
2,371,60202.85999998521
2,372,64176.459999985214
2,373,61817.08999998521
2,374,48913.269999985205
2,375,31366.919999985206
2,376,26156.579999985202
2,377,38213.919999985206
2,378,51382.6999999852
2,379,58751.75999998519
2,380,62622.519999985205
2,381,62718.67999998521
2,382,59997.35999998521
2,383,59997.35999998357
2,384,58806.25999998356
2,385,58470.33999998355
2,386,57618.35999998354
2,387,56070.17999998357
2,388,53243.71999998356
2,389,52727.65999998357
2,390,54614.95999998356
2,391,55131.019999985205
2,392,58914.769999985205
2,393,70788.0799999852
2,394,84954.05999998521
2,395,88447.2699999852
2,396,85303.4699999852
2,397,73950.9199999852
2,398,56945.04999998522
2,399,42662.24999998521
2,400,36386.029999985214
2,401,39128.75999998521
2,402,42291.139999985215
2,403,46911.9399999852
2,404,52387.9199999852
2,405,59403.09999998519
2,406,62136.59999998519
2,407,64438.01999998146
2,408,66991.37999998145
2,409,66220.17999998144
2,410,65206.01999998145
2,411,63687.97999998144
2,412,61737.85999998145
2,413,58140.19999998144
2,414,60009.53999998145
2,415,59313.33999998145
2,416,60687.70999998521
2,417,65178.8899999852
2,418,73056.34999998518
2,419,79420.59999998519
2,420,75895.05999998521
2,421,68691.07999998519
2,422,56903.17999998521
2,423,44104.62999998521
2,424,32182.5999999852
2,425,29791.619999985203
2,426,31162.85999998521
2,427,30223.699999985205
2,428,28177.41999998521
2,429,28600.519999985205
2,430,28000.479999985208
2,431,27484.419999985206
2,432,25513.139999985207
2,433,24406.019999985205
2,434,24913.099999985207
2,435,24397.03999998521
2,436,22941.819999985208
2,437,23025.799999985207
2,438,22941.819999985208
2,439,21570.579999985206
2,440,23779.69999998669
2,441,28712.70999998669
2,442,36806.44999998668
2,443,38492.41999998668
2,444,40530.539999986686
2,445,41952.56999998522
2,446,37114.1499999852
2,447,26527.33999998669
2,448,20248.059999986686
2,449,21288.49999998669
2,450,22395.619999986688
2,451,22647.55999998669
2,452,20853.219999985213
2,453,17951.759999985206
2,454,16664.499999985208
2,455,15377.239999985208
2,456,14438.079999985208
2,457,12127.679999985208
2,458,11188.519999985207
2,459,10765.419999985206
2,460,10258.339999985208
2,461,10174.359999985209
2,462,11017.359999985207
2,463,12040.499999986685
2,464,13327.439999986686
2,465,23141.03999998669
2,466,36583.689999986695
2,467,45517.58999998668
2,468,49891.4699999852
2,469,48015.0099999852
2,470,40961.23999998521
2,471,29877.789999986693
2,472,21882.84999998669
2,473,23850.21999998669
2,474,27096.57999998669
2,475,31198.119999985218
2,476,33337.3599999852
2,477,34369.47999998521
2,478,35233.6399999852
2,479,35497.75999998521
2,480,36542.05999998521
2,481,39719.81999998521
2,482,40323.059999985206
2,483,40671.15999998521
2,484,41199.39999998521
2,485,39756.35999998521
2,486,39852.51999998521
2,487,41310.93999998521
2,488,41431.80999998521
2,489,52091.739999985206
2,490,65160.589999985204
2,491,73767.11999998521
2,492,75888.53999998521
2,493,70506.1299999852
2,494,59294.159999985204
2,495,40879.92999998521
2,496,29663.58999998668
2,497,29828.15999998669
2,498,32504.619999986688
2,499,32861.699999985205
2,500,32513.59999998521
2,501,30710.279999985207
2,502,29687.139999985207
2,503,31058.379999985205
2,504,32861.699999985205
2,505,33641.87999998521
2,506,33989.97999998521
2,507,33557.89999998521
2,508,34497.059999985206
2,509,33905.99999998521
2,510,34338.07999998521
2,511,32966.83999998521
2,512,32899.889999986684
2,513,35535.79999998669
2,514,39532.83999998668
2,515,40733.58999998668
2,516,40976.14999998668
2,517,38713.9299999852
2,518,33426.55999998668
2,519,25061.469999986686
2,520,16987.889999986688
2,521,14753.499999986685
2,522,13034.159999986688
2,523,11314.819999986687
2,524,10966.719999986688
2,525,9763.439999985207
2,526,8392.199999985209
2,527,6165.779999985209
2,528,5046.4799999852075
2,529,4614.399999985208
2,530,4698.379999985208
2,531,5985.639999985208
2,532,5985.639999985208
2,533,6840.819999985208
2,534,7779.979999985208
2,535,8887.099999988712
2,536,9301.87999998871
2,537,14194.909999988711
2,538,20259.499999988715
2,539,26078.159999988715
2,540,32226.63999998871
2,541,33486.849999988706
2,542,29317.249999988715
2,543,20019.419999988713
2,544,11808.94999998871
2,545,11209.679999988712
2,546,11041.71999998871
2,547,10441.679999988712
2,548,10357.69999998871
2,549,10441.679999985208
2,550,10441.679999985208
2,551,9070.439999985208
2,552,10441.679999985208
2,553,10957.739999985208
2,554,11473.799999985207
2,555,12929.019999985208
2,556,13445.07999998521
2,557,14816.319999985208
2,558,15596.499999985208
2,559,16460.659999985208
2,560,19130.94999998521
2,561,24844.409999985208
2,562,35552.82999998521
2,563,43969.419999985206
2,564,50294.19999998521
2,565,50832.48999998522
2,566,43582.01999998521
2,567,30105.989999985206
2,568,20906.63999998521
2,569,19449.29999998669
2,570,19881.37999998669
2,571,20745.53999998521
2,572,21168.639999985207
2,573,21759.699999985205
2,574,22434.739999985206
2,575,21063.4999999852
2,576,19692.259999985206
2,577,18837.07999998521
2,578,19005.03999998521
2,579,18656.93999998521
2,580,17369.67999998521
2,581,15398.399999985208
2,582,15566.359999985209
2,583,14966.319999985208
2,584,15230.11999998521
2,585,19340.08999998521
2,586,26588.799999985207
2,587,31724.389999985207
2,588,32328.049999985207
2,589,30061.83999998521
2,590,25434.79999998521
2,591,17295.60999998521
2,592,10606.959999985207
2,593,9241.599999986687
2,594,9748.679999986685
2,595,9748.679999986687
2,596,9748.679999985208
2,597,10771.819999985208
2,598,11203.899999985208
2,599,11203.899999985208
2,600,10348.719999985207
2,601,10432.699999985209
2,602,9061.459999985209
2,603,9832.659999985208
2,604,10264.739999985208
2,605,10348.719999985207
2,606,10348.719999985207
2,607,10855.799999988712
2,608,12310.699999988712
2,609,19327.259999988717
2,610,27318.489999988713
2,611,33518.13999998871
2,612,38063.70999998871
2,613,36315.5499999887
2,614,30227.75999998871
2,615,22161.31999998871
2,616,16670.349999988714
2,617,18387.03999998871
2,618,22743.71999998871
2,619,25570.179999985212
2,620,27964.55999998521
2,621,30367.919999985206
2,622,30883.979999985208
2,623,32507.15999998521
2,624,36269.5799999852
2,625,39939.03999998521
2,626,42165.459999983555
2,627,45759.91999998356
2,628,48322.259999983566
2,629,50293.539999985216
2,630,55082.299999985196
2,631,55871.4599999852
2,632,58462.6399999852
2,633,66893.53999998518
2,634,73947.5099999852
2,635,78710.2299999852
2,636,78158.4699999852
2,637,69395.4499999852
2,638,57938.2799999852
2,639,45432.84999998522
2,640,38163.319999985215
2,641,40982.71999998522
2,642,41678.91999998521
2,643,44166.25999998521
2,644,45786.23999998521
2,645,45606.099999985214
2,646,47397.23999998519
2,647,50559.61999998522
2,648,54136.119999983566
2,649,58576.77999998357
2,650,63197.57999998355
2,651,68493.41999998357
2,652,71583.99999998357
2,653,70833.95999998356
2,654,71107.05999998357
2,655,69408.8799999852
2,656,65807.6999999852
2,657,65325.76999998521
2,658,67937.8899999852
2,659,76080.44999998521
2,660,85415.8899999852
2,661,91372.5599999852
2,662,96739.0099999852
2,663,94656.0799999852
2,664,91408.1899999852
2,665,90397.37999998519
2,666,92548.7999999852
2,667,96737.51999998142
2,668,96754.97206492545
2,669,93600.90539206058
2,670,85668.96151951574
2,671,80751.7785377494
2,672,78175.15986831176
2,673,74054.78367255634
2,674,71996.49965476847
2,675,71374.96752963147
2,676,72392.66981292889
2,677,76879.11195534313
2,678,80163.05167318686
2,679,80540.9799999852
2,680,84753.98999998518
2,681,91552.4299999852
2,682,97489.62999998519
2,683,100527.7799999852
2,684,101446.3199999852
2,685,100159.33999998521
2,686,95320.7799999852
2,687,89127.8599999852
2,688,81627.09999998519
2,689,78098.53999998521
2,690,79901.8599999852
2,691,78869.73999998519
2,692,77921.5999999852
2,693,78503.67999998144
2,694,74486.11999998144
2,695,74045.1876513592
2,696,73149.82972565148
2,697,74237.78019441829
2,698,76857.01690244561
2,699,78144.94674462867
2,700,81344.1770291891
2,701,83404.79390470272
2,702,87737.56549703231
2,703,89594.1199999852
2,704,90042.30999998518
2,705,99950.59999998519
2,706,109081.99999998519
2,707,118386.66999998521
2,708,123344.87999998359
2,709,114204.77999998357
2,710,95027.52999998521
2,711,76624.2099999852
2,712,61731.21999998521
2,713,60699.3399999852
2,714,64683.5599999852
2,715,73045.6199999852
2,716,84171.3199999852
2,717,89382.19457622504
2,718,88315.0840467733
2,719,87449.53210792651
2,720,88569.56501778917
2,721,87282.71495928471
2,722,86404.24417305636
2,723,85849.57050629906
2,724,82885.45505819569
2,725,85835.06806930824
2,726,87695.14764210684
2,727,85834.54904892576
2,728,84991.5813331813
2,729,89179.63200794812
2,730,101834.43429088595
2,731,112363.36517306019
2,732,115663.72317281328
2,733,110511.34120872008
2,734,101212.03807992664
2,735,90082.00628479781
2,736,76787.7394986373
2,737,73699.18929719432
2,738,78433.6185241988
2,739,82477.24758332697
2,740,81968.13621790861
2,741,80914.36242154583
2,742,79858.07400876396
2,743,78315.50656490625
2,744,77952.63430817793
2,745,77556.0440510353
2,746,77550.43726017742
2,747,78121.54919363209
2,748,77041.24621226569
2,749,76826.65655074526
2,750,78085.8179396278
2,751,75330.0311408991
2,752,79199.17489633773
2,753,86763.80468808749
2,754,95910.42424286382
2,755,101725.37794155827
2,756,102399.41583078592
2,757,98075.09584187227
2,758,91968.69288708903
2,759,89359.81026938444
2,760,85586.07586612535
2,761,88967.14514599027
2,762,91862.6051946008
2,763,93062.97076215906
2,764,95825.97236123483
2,765,95143.07252844931
2,766,92007.22620227361
2,767,87068.27150344645
2,768,84940.80120829381
2,769,82393.01253452005
2,770,81063.31356576076
2,771,80514.68451027783
2,772,81184.97144568236
2,773,78782.00650325208
2,774,75659.29999998145
2,775,72325.7599999852
2,776,66746.5699999852
2,777,65083.639999985215
2,778,60668.34999998521
2,779,55422.83999998521
2,780,49651.44999998521
2,781,42882.33999998521
2,782,36591.2599999852
2,783,32080.41999998521
2,784,29223.18999998521
2,785,29294.15999998521
2,786,31013.499999985204
2,787,34884.259999985195
2,788,39346.07999998521
2,789,43555.95999998521
2,790,46730.519999985205
2,791,47933.7999999852
2,792,47102.97999998356
2,793,44015.59999998357
2,794,45125.91999998356
2,795,49821.71999998356
2,796,51183.97999998357
2,797,50760.87999998522
2,798,60338.39999998521
2,799,64007.8599999852
2,800,63705.37999998521
2,801,70177.0199999852
2,802,83188.18999998519
2,803,89493.3999999852
2,804,94819.7199999852
2,805,94552.5299999852
2,806,91851.22999998518
2,807,87474.8299999852
2,808,79911.10999998522
2,809,75445.7799999852
2,810,72796.25999998521
2,811,66816.3999999852
2,812,60059.55999998521
2,813,47847.89999998521
2,814,35854.83999998521
2,815,34416.91999998521
2,816,34203.43999998521
2,817,37683.77999998521
2,818,44438.03999998356
2,819,49922.99999998357
2,820,55248.979999983574
2,821,62039.15999998356
2,822,67713.23999998519
2,823,69726.8399999852
2,824,69524.7199999852
2,825,80204.31999998521
2,826,93526.57999998522
2,827,99968.4899999852
2,828,104594.0199999852
2,829,106275.27999998357
2,830,101509.2699999852
2,831,87761.86999998521
2,832,66921.9199999852
2,833,64074.57999998522
2,834,72887.2999999852
2,835,75986.8599999852
2,836,77217.0799999852
2,837,79020.39999998146
2,838,77913.27999998143
2,839,78093.41999998144
2,840,76899.11999998144
2,841,73649.55999998143
2,842,70735.91999998146
2,843,64995.81999998145
2,844,57884.47999998146
2,845,51196.239999985206
2,846,42698.899999985195
2,847,34117.57999998521
2,848,34941.44999998521
2,849,47898.73999998522
2,850,67620.85999998517
2,851,80266.3599999852
2,852,87235.3499999852
2,853,90200.08999998521
2,854,81244.1299999852
2,855,61107.54999998521
2,856,35398.629999985205
2,857,25882.39999998521
2,858,32399.47999998521
2,859,37377.35999998521
2,860,40035.85999998521
2,861,43285.41999998521
2,862,42430.239999985206
2,863,42787.319999985215
2,864,44074.5799999852
2,865,44074.57999998356
2,866,44074.579999983565
2,867,43651.47999998357
2,868,45022.71999998356
2,869,45022.7199999852
2,870,44683.59999998521
2,871,38418.45999998521
2,872,40153.4999999852
2,873,51379.19999998521
2,874,60336.20999998522
2,875,66522.2999999852
2,876,69893.4199999852
2,877,67910.61999998518
2,878,60305.70999998523
2,879,49135.6099999852
2,880,34732.839999985204
2,881,25762.53999998521
2,882,24823.379999985205
2,883,23029.03999998521
2,884,20709.659999985208
2,885,18990.319999985208
2,886,15899.73999998521
2,887,14612.479999985208
2,888,12629.019999985208
2,889,11932.819999985208
2,890,9529.459999985207
2,891,6954.9399999852085
2,892,5055.459999985208
2,893,4359.259999985208
2,894,4095.1399999852083
2,895,4602.219999985208
2,896,11187.719999985211
2,897,28757.67999998521
2,898,47252.8999999852
2,899,64188.13999998521
2,900,71900.1299999852
2,901,71201.45999998522
2,902,62791.64999998521
2,903,48855.46999998521
2,904,31528.45999998521
2,905,26211.87999998521
2,906,34489.9599999852
2,907,39530.65999998521
2,908,43992.479999985204
2,909,47674.1199999852
2,910,47515.13999998521
2,911,47188.19999998523
2,912,46345.199999985205
2,913,45163.07999998357
2,914,45691.31999998356
2,915,43645.039999983564
2,916,43825.179999983564
2,917,43666.19999998356
2,918,44869.47999998521
2,919,45469.519999985205
2,920,56671.809999985206
2,921,77881.73999998356
2,922,92583.1099999836
2,923,99137.83999998358
2,924,99877.47999998357
2,925,86635.49999998356
2,926,68145.06999998521
2,927,47856.639999985215
2,928,32801.769999985205
2,929,33584.79999998521
2,930,39585.81999998521
2,931,41050.01999998521
2,932,41142.97999998521
2,933,41487.879999985205
2,934,41559.679999985216
2,935,44956.03999998521
2,936,47941.47999998146
2,937,51350.01999998145
2,938,52625.09999998145
2,939,56630.47999998146
2,940,61248.07999998145
2,941,67152.93999998145
2,942,74768.15999998145
2,943,81972.4599999833
2,944,98010.4199999833
2,945,117545.25999998146
2,946,132220.76839200128
2,947,143440.28972657176
2,948,149295.851543826
2,949,143374.17230999272
2,950,130065.27206828633
2,951,116187.63231592835
2,952,104648.52301315089
2,953,103264.61333070537
2,954,102024.93094220283
2,955,100111.6807987494
2,956,92771.72634460786
2,957,91403.86867140466
2,958,88892.69093634514
2,959,85188.50940630228
2,960,84556.47375070368
2,961,81096.9997404274
2,962,80879.45101555894
2,963,80349.95546458545
2,964,81615.82742625431
2,965,85199.33674253043
2,966,92263.07278723936
2,967,94051.06210343668
2,968,97470.69683916282
2,969,106737.24204652097
2,970,120974.16114951004
2,971,135622.58222830345
2,972,143192.71772121568
2,973,146038.92214874525
2,974,142487.09295663988
2,975,124944.9996130566
2,976,104179.09565636565
2,977,96454.1461877452
2,978,90516.22983481492
2,979,85098.45825009762
2,980,81169.04714331529
2,981,79793.71421737157
2,982,77886.47712588136
2,983,80663.08045673299
2,984,81944.26788925007
2,985,82663.09770411598
2,986,85887.86303735655
2,987,87231.87105378258
2,988,88296.01139689884
2,989,90084.64817907612
2,990,96325.38326499023
2,991,98252.56560004574
2,992,106027.53986424112
2,993,117958.5214905382
2,994,128542.58494570226
2,995,138977.2258240299
2,996,143618.50003142317
2,997,141559.65097631587
2,998,136689.56417457564
2,999,124801.44756996525
2,1000,108521.34079731192
2,1001,98557.69961071998
2,1002,96741.05061053718
2,1003,95772.45579791459
2,1004,94404.00420474338
2,1005,92355.36758843658
2,1006,85626.49132852655
2,1007,85001.81740880723
2,1008,85762.94756829116
2,1009,84247.15111912866
2,1010,83592.0573995063
2,1011,84933.62986422643
2,1012,86315.89864605891
2,1013,88521.72855654171
2,1014,92642.37545767773
2,1015,95202.6206637919
2,1016,101447.76141265572
2,1017,116405.28258173741
2,1018,128939.16771894015
2,1019,135127.95373605523
2,1020,138539.67280314476
2,1021,136844.5163748004
2,1022,125705.29326409168
2,1023,114032.68103100081
2,1024,97676.94999998144
2,1025,89926.88999998145
2,1026,89560.77999998147
2,1027,88876.75999998147
2,1028,88453.65999998145
2,1029,86314.41999997938
2,1030,79911.45999997939
2,1031,76325.97999997939
2,1032,73079.61999997939
2,1033,69755.0599999794
2,1034,64714.3599999794
2,1035,60264.719999979396
2,1036,55118.87999997939
2,1037,49285.81999998521
2,1038,46111.25999998521
2,1039,45331.07999998521
2,1040,54115.4399999852
2,1041,68387.7399999852
2,1042,76099.34999998519
2,1043,87698.31999998521
2,1044,92177.03999998518
2,1045,91587.4899999852
2,1046,82767.4099999852
2,1047,77488.4699999852
2,1048,68717.6699999852
2,1049,61373.75999998522
2,1050,55306.71999998522
2,1051,49146.71999998521
2,1052,41234.03999998521
2,1053,33504.699999985205
2,1054,28862.73999998521
2,1055,25517.01999998521
2,1056,24736.839999985208
2,1057,24556.699999985212
2,1058,26086.919999985214
2,1059,28220.37999998521
2,1060,27968.439999985207
2,1061,27548.53999998521
2,1062,27551.73999998521
2,1063,26120.87999998521
2,1064,28211.40999998521
2,1065,34238.79999998521
2,1066,40257.499999985215
2,1067,47340.7999999852
2,1068,49592.58999998521
2,1069,47404.839999985204
2,1070,38871.33999998521
2,1071,29379.259999985206
2,1072,19325.85999998521
2,1073,11960.629999985209
2,1074,13570.71999998521
2,1075,17159.399999985206
2,1076,21687.23999998521
2,1077,28186.35999998521
2,1078,32300.079999985206
2,1079,37604.89999998521
2,1080,40611.49999998521
2,1081,42426.99999998521
2,1082,44326.47999998146
2,1083,46825.99999998145
2,1084,49070.37999998145
2,1085,50966.659999981464
2,1086,51914.79999998146
2,1087,53609.52999998331
2,1088,64325.90999998331
2,1089,81896.08999998146
2,1090,101291.8770924549
2,1091,112531.07952298305
2,1092,122595.22244900512
2,1093,126104.35975723174
2,1094,118341.3981727311
2,1095,98564.92109560546
2,1096,71195.18389639605
2,1097,62914.14387111268
2,1098,72253.33196025965
2,1099,80598.63650653604
2,1100,85906.41597065254
2,1101,89165.81917043673
2,1102,87911.73696458733
2,1103,87650.81460074637
2,1104,80529.80606143932
2,1105,77730.76335664287
2,1106,79552.73527038765
2,1107,79730.42194045216
2,1108,79430.87947531654
2,1109,80768.99633604835
2,1110,85074.65853436146
2,1111,89444.36471056323
2,1112,101008.89564358818
2,1113,109141.03312975555
2,1114,115420.25235060551
2,1115,121027.62754433892
2,1116,125976.21796951376
2,1117,128967.33525684506
2,1118,122189.26055511215
2,1119,111070.57127170521
2,1120,100511.75775899098
2,1121,93833.38192357196
2,1122,96287.77506427064
2,1123,96911.29184457405
2,1124,92728.61812329825
2,1125,94073.27684355518
2,1126,94303.55502611298
2,1127,87383.0299068741
2,1128,83024.89162467567
2,1129,79337.0863444197
2,1130,79684.2209222022
2,1131,80719.29654731651
2,1132,79454.77104119863
2,1133,83463.75679834382
2,1134,87323.13806200886
2,1135,82186.5999999852
2,1136,81354.0299999852
2,1137,91176.37999998522
2,1138,101641.94999998521
2,1139,109840.78999998521
2,1140,109638.28999998521
2,1141,106793.1899999836
2,1142,101090.7399999852
2,1143,88732.32999998519
2,1144,78253.8299999852
2,1145,75082.4899999852
2,1146,76178.5199999852
2,1147,78167.7599999852
2,1148,80985.2399999852
2,1149,82260.31999998145
2,1150,80095.70721148382
2,1151,79033.58576929412
2,1152,77730.26803633086
2,1153,78751.98143088394
2,1154,79885.4149357329
2,1155,79776.68045834906
2,1156,80293.5161648628
2,1157,81040.37671048057
2,1158,84901.97916069182
2,1159,89598.51670551456
2,1160,103011.65383102206
2,1161,120194.60698883489
2,1162,135060.31342548484
2,1163,144517.9337638045
2,1164,147261.74975313377
2,1165,142498.22957281047
2,1166,130360.51686515605
2,1167,112684.76429457049
2,1168,91830.50411082272
2,1169,78964.24657799142
2,1170,78897.58687206189
2,1171,81639.96956083008
2,1172,83262.74034065107
2,1173,84505.02123946027
2,1174,81194.08417180766
2,1175,81657.16757361713
2,1176,82006.17163598025
2,1177,80046.28409956573
2,1178,78838.15201370475
2,1179,77180.22859594051
2,1180,77132.49864804202
2,1181,74697.07845396074
2,1182,76036.87999998144
2,1183,77135.0199999852
2,1184,81599.7999999852
2,1185,89500.43999998522
2,1186,100574.62999998522
2,1187,112306.32999998522
2,1188,123307.15999998357
2,1189,129232.77999998358
2,1190,126010.23999998358
2,1191,111245.54999998359
2,1192,93033.49999998519
2,1193,79717.2699999852
2,1194,72974.4799999852
2,1195,68953.7199999852
2,1196,65449.019999985205
2,1197,62790.51999998522
2,1198,59942.89999998521
2,1199,55216.95999998356
2,1200,51958.419999983555
2,1201,50917.31999998356
2,1202,47988.91999998356
2,1203,45585.55999998357
2,1204,45576.579999983565
2,1205,48742.159999985204
2,1206,51991.7199999852
2,1207,56389.0999999852
2,1208,63595.11999998522
2,1209,72664.84999998519
2,1210,82263.28999998521
2,1211,92135.7299999852
2,1212,95831.34999998519
2,1213,98753.2999999852
2,1214,93768.09999998519
2,1215,87758.80999998521
2,1216,80700.2999999852
2,1217,75494.10999998522
2,1218,80737.11999998518
2,1219,85531.65999998519
2,1220,90158.23999998142
2,1221,89262.46426896137
2,1222,84810.21336995435
2,1223,85645.87773790152
2,1224,83536.89147805067
2,1225,81025.206795614
2,1226,80408.91293398815
2,1227,79260.69820692326
2,1228,78662.15603807791
2,1229,74921.20763550383
2,1230,74826.31267012117
2,1231,71870.74944704447
2,1232,80062.87909201966
2,1233,101864.93116239517
2,1234,120659.74492517623
2,1235,135021.40508114608
2,1236,141860.42810803105
2,1237,140668.35499591325
2,1238,125961.00768261109
2,1239,107632.09405995911
2,1240,86951.52406017025
2,1241,67722.66204915842
2,1242,68429.92092046929
2,1243,72815.42157833205
2,1244,77750.3223215995
2,1245,79671.6228432281
2,1246,78830.43803742153
2,1247,78617.48521587181
2,1248,78273.9566254914
2,1249,76845.6244162467
2,1250,77626.986737812
2,1251,78728.22685868661
2,1252,76713.7186990862
2,1253,76041.23579665598
2,1254,78922.71695482332
2,1255,80684.30368476993
2,1256,96989.1541324263
2,1257,111954.35802347056
2,1258,122670.5919168411
2,1259,128972.39776181262
2,1260,126210.49055724336
2,1261,122037.94858975898
2,1262,114865.65465129465
2,1263,109220.76223320005
2,1264,101056.03439702388
2,1265,96970.57206814778
2,1266,98517.12026204437
2,1267,97571.75564946253
2,1268,98112.30039529354
2,1269,95095.17218576102
2,1270,89219.08242226408
2,1271,88506.72468198545
2,1272,79689.22923040706
2,1273,80215.81665877062
2,1274,78377.61196748936
2,1275,78251.8876068802
2,1276,77343.29333234753
2,1277,78375.75393309815
2,1278,80852.83268868426
2,1279,71568.6399999852
2,1280,69752.04999998519
2,1281,68622.69999998521
2,1282,66569.74999998519
2,1283,67315.12999998519
2,1284,68086.0199999852
2,1285,73385.6699999852
2,1286,79675.4199999852
2,1287,87259.6599999852
2,1288,93136.97999998521
2,1289,92642.62999998519
2,1290,98657.49999998522
2,1291,102462.23999998144
2,1292,101591.31623056962
2,1293,100449.77424372257
2,1294,95145.7190355287
2,1295,91009.50475986421
2,1296,87915.14012636468
2,1297,81831.08034888611
2,1298,75574.2482558445
2,1299,69079.34054085659
2,1300,62876.91321413449
2,1301,58251.77999998145
2,1302,50111.519999985205
2,1303,41573.4799999852
2,1304,41938.86999998521
2,1305,46672.93999998521
2,1306,49753.84999998521
2,1307,52910.46999998521
2,1308,57940.7399999852
2,1309,60879.499999985215
2,1310,64150.59999998521
2,1311,66558.0899999852
2,1312,63622.839999985204
2,1313,64061.349999985214
2,1314,73645.6599999852
2,1315,79631.2999999852
2,1316,82109.65999998519
2,1317,86144.26212987292
2,1318,86786.62396221026
2,1319,86364.5616949352
2,1320,84933.51597483663
2,1321,84379.0604403179
2,1322,85412.36646181802
2,1323,84484.65331453852
2,1324,84156.91582192075
2,1325,83351.0289236389
2,1326,86952.85821065924
2,1327,87555.43532449908
2,1328,91075.91809922353
2,1329,105767.77733376292
2,1330,123220.52965829776
2,1331,135532.94693455513
2,1332,139577.32240890854
2,1333,137268.97413664716
2,1334,132534.3073192623
2,1335,119604.79098461574
2,1336,101975.43999998146
2,1337,80544.4899999852
2,1338,69922.35999998519
2,1339,65058.59999998519
2,1340,60590.379999985205
2,1341,58615.89999998521
2,1342,55441.33999998521
2,1343,52371.919999985206
2,1344,48870.41999998357
2,1345,43472.63999998357
2,1346,40130.119999989154
2,1347,37453.65999998521
2,1348,36658.09999998521
2,1349,37849.199999985205
2,1350,38104.339999985204
2,1351,39402.81999998521
2,1352,48594.4999999852
2,1353,62142.60999998521
2,1354,77209.7699999852
2,1355,85856.25999998524
2,1356,87842.05999998521
2,1357,86063.00999998522
2,1358,81127.48999998519
2,1359,69403.37999998519
2,1360,56273.04999998521
2,1361,42937.20999998521
2,1362,40808.35999998521
2,1363,41945.61999998521
2,1364,41945.61999998521
2,1365,40406.41999998521
2,1366,39458.279999985214
2,1367,38254.999999985215
2,1368,38246.01999998521
2,1369,38753.09999998521
2,1370,40463.45999998357
2,1371,40379.47999998357
2,1372,41657.75999998522
2,1373,42164.83999998521
2,1374,40625.63999998521
2,1375,37911.88999998521
2,1376,42417.12999998521
2,1377,55469.87999998522
2,1378,66762.3099999852
2,1379,72860.12999998519
2,1380,64119.59999998521
2,1381,52239.72999998521
2,1382,37349.3199999852
2,1383,25632.86999998521
2,1384,18193.14999998521
2,1385,14430.16999998521
2,1386,14691.319999985208
2,1387,15897.799999985205
2,1388,16836.959999985207
2,1389,22120.619999985207
2,1390,24347.03999998521
2,1391,29748.01999998521
2,1392,35497.099999985214
2,1393,41846.21999998521
2,1394,48954.35999998145
2,1395,54694.45999998145
2,1396,58736.37999998146
2,1397,60560.85999998145
2,1398,62451.35999998147
2,1399,63165.839999981465
2,1400,71226.77999998331
2,1401,84640.1299999833
2,1402,101189.27999998146
2,1403,116325.87999998144
2,1404,123502.18999998145
2,1405,121560.47999998146
2,1406,112505.35999998146
2,1407,88356.94999998146
2,1408,60610.989999985206
2,1409,40462.31999998521
2,1410,41445.5599999852
2,1411,53812.999999985215
2,1412,63723.2399999852
2,1413,71170.49999998145
2,1414,72373.77999998145
2,1415,70560.79476767087
2,1416,73267.65187445955
2,1417,73111.65191170326
2,1418,71797.51258066708
2,1419,70003.02799544344
2,1420,67841.29505839031
2,1421,66268.33453656326
2,1422,67159.88987674133
2,1423,69099.88796348775
2,1424,82684.69105758808
2,1425,97573.53854536988
2,1426,112771.46918814405
2,1427,125574.54915337452
2,1428,124979.97163400309
2,1429,123497.54353703916
2,1430,122462.96354038683
2,1431,112455.0673408201
2,1432,93870.45065490867
2,1433,76356.49863665667
2,1434,74588.13606572998
2,1435,74606.73763625245
2,1436,75370.72609313176
2,1437,73556.51068401682
2,1438,71461.58266705411
2,1439,71650.49493610434
2,1440,69977.1500241289
2,1441,71074.84301380451
2,1442,71518.14261156355
2,1443,70710.30287586212
2,1444,71098.62358716219
2,1445,71381.39985251785
2,1446,70664.48503571443
2,1447,74096.70760733327
2,1448,93261.99911578695
2,1449,114189.91182465406
2,1450,134552.41243060248
2,1451,145850.18305841775
2,1452,143076.39644512336
2,1453,130385.87057321754
2,1454,109477.95999998145
2,1455,87530.9999999852
2,1456,59854.1899999852
2,1457,39154.8699999852
2,1458,36867.03999998521
2,1459,37056.159999985204
2,1460,37224.11999998521
2,1461,37295.919999985206
2,1462,37028.59999998521
2,1463,37688.259999985195
2,1464,37495.9399999852
2,1465,36115.7199999852
2,1466,35503.49999998521
2,1467,34204.05999998521
2,1468,34707.93999998521
2,1469,33249.519999985205
2,1470,31191.05999998521
2,1471,31818.15999998521
2,1472,38365.57999998522
2,1473,50902.949999985205
2,1474,66193.1099999852
2,1475,72947.0799999852
2,1476,75119.4799999852
2,1477,70627.81999998521
2,1478,67742.48999998519
2,1479,57798.91999998521
2,1480,41709.3999999852
2,1481,25167.54999998521
2,1482,21006.459999985207
2,1483,23325.839999985208
2,1484,23691.89999998521
2,1485,21465.47999998521
2,1486,21558.439999985207
2,1487,22410.419999985206
2,1488,24192.579999985206
2,1489,24867.61999998521
2,1490,25374.69999998521
2,1491,29479.43999998521
2,1492,29470.45999998521
2,1493,30568.59999998521
2,1494,31666.739999985206
2,1495,35971.66999998521
2,1496,49377.46999998521
2,1497,63246.289999985194
2,1498,72839.8299999852
2,1499,84417.6999999852
2,1500,87439.67999998521
2,1501,82831.65999998519
2,1502,72265.2399999852
2,1503,54959.89999998521
2,1504,35238.36999998521
2,1505,17412.76999998521
2,1506,12845.03999998521
2,1507,14996.45999998521
2,1508,19110.17999998521
2,1509,22020.61999998521
2,1510,24318.839999985208
2,1511,25677.899999985213
2,1512,25749.699999985212
2,1513,25053.499999985208
2,1514,23250.17999998521
2,1515,23493.139999985207
2,1516,21434.67999998521
2,1517,20147.419999985206
2,1518,20231.39999998521
2,1519,23856.69999998521
2,1520,37340.0799999852
2,1521,57349.21999998521
2,1522,75998.5199999852
2,1523,83368.84999998519
2,1524,84797.5199999852
2,1525,76297.37999998519
2,1526,64054.53999998521
2,1527,48523.18999998522
2,1528,35647.89999998521
2,1529,26308.23999998521
2,1530,26924.839999985208
2,1531,28569.179999985205
2,1532,27969.139999985207
2,1533,28908.299999985207
2,1534,30699.43999998521
2,1535,30954.579999985202
2,1536,29814.119999985207
2,1537,28085.79999998521
2,1538,26957.51999998521
2,1539,26354.279999985207
2,1540,26438.259999985203
2,1541,25910.019999985212
2,1542,26585.059999985213
2,1543,28886.989999985206
2,1544,37482.129999985205
2,1545,46343.519999985205
2,1546,49849.04999998521
2,1547,49344.57999998522
2,1548,49926.639999985215
2,1549,47749.92999998521
2,1550,45564.439999985225
2,1551,44873.84999998521
2,1552,47340.38999998521
2,1553,48890.699999985205
2,1554,50337.77999998521
2,1555,52912.29999998521
2,1556,55490.019999985205
2,1557,56936.25999998521
2,1558,56429.17999998522
2,1559,52504.57999998146
2,1560,50203.15999998146
2,1561,53629.65999998146
2,1562,55865.05999998146
2,1563,56816.39999998145
2,1564,57164.49999998145
2,1565,57860.69999998144
2,1566,59919.15999998145
2,1567,65235.40999998145
2,1568,73163.93999998145
2,1569,85443.79999998145
2,1570,95796.57999998143
2,1571,104531.73999998142
2,1572,107563.90999998142
2,1573,105172.86999998144
2,1574,98916.08999998147
2,1575,85934.58999998146
2,1576,66315.55999998521
2,1577,51206.9399999852
2,1578,44473.279999985214
2,1579,43437.95999998521
2,1580,43266.7999999852
2,1581,40449.31999998521
2,1582,38990.89999998521
2,1583,40455.09999998521
2,1584,40296.11999998521
2,1585,40992.31999998521
2,1586,41160.27999998357
2,1587,42360.359999983564
2,1588,42021.23999998356
2,1589,42378.31999998357
2,1590,39992.919999985206
2,1591,43932.379999985205
2,1592,59015.0499999852
2,1593,71844.52999998357
2,1594,87014.18999998356
2,1595,96891.75999998357
2,1596,102334.19999998357
2,1597,101972.76999998357
2,1598,91717.42999998358
2,1599,74897.09999998356
2,1600,49380.82999998521
2,1601,28678.71999998521
2,1602,24897.75999998521
2,1603,29581.379999985205
2,1604,38528.71999998521
2,1605,43815.57999998521
2,1606,46959.9999999852
2,1607,48742.159999985204
2,1608,47370.91999998357
2,1609,47193.97999998356
2,1610,46581.75999998356
2,1611,47088.83999998357
2,1612,47259.99999998357
2,1613,48202.3599999852
2,1614,50335.819999985215
2,1615,53945.96999998522
2,1616,63989.9899999852
2,1617,79547.8999999852
2,1618,93680.43999998519
2,1619,105265.58999998521
2,1620,114066.99999998357
2,1621,108470.32999998359
2,1622,104561.02999998357
2,1623,90036.5899999852
2,1624,68589.2799999852
2,1625,49965.48999998521
2,1626,42129.5399999852
2,1627,39488.9999999852
2,1628,39662.739999985206
2,1629,40796.79999998521
2,1630,40550.639999985215
2,1631,40568.599999985214
2,1632,41177.6199999852
2,1633,40922.47999998356
2,1634,41627.65999998357
2,1635,41720.61999998356
2,1636,40367.33999998521
2,1637,41060.339999985204
2,1638,42764.2999999852
2,1639,48281.2599999852
2,1640,54556.32999998521
2,1641,63016.2599999852
2,1642,73025.30999998521
2,1643,78267.04999998523
2,1644,77907.48999998519
2,1645,75266.2499999852
2,1646,69124.14999998521
2,1647,61477.0599999852
2,1648,54030.50999998521
2,1649,46221.39999998521
2,1650,49230.119999985196
2,1651,54883.03999998521
2,1652,59935.919999985206
2,1653,63269.45999998521
2,1654,66519.01999998144
2,1655,69745.91411200083
2,1656,72167.90851300857
2,1657,72649.76774309715
2,1658,74021.57148422384
2,1659,77754.92307925475
2,1660,81458.5991679522
2,1661,83599.56381617782
2,1662,84615.50687035978
2,1663,85415.40117931776
2,1664,93978.7277365472
2,1665,107671.41127253122
2,1666,120207.46969832582
2,1667,126811.2388691818
2,1668,128302.83655701722
2,1669,126050.6468714185
2,1670,119175.40773410199
2,1671,107698.78638093942
2,1672,93084.55725157852
2,1673,78961.49233495936
2,1674,75493.37046041523
2,1675,79876.6031891926
2,1676,83715.96517079893
2,1677,86699.82239051705
2,1678,82713.03483007137
2,1679,81995.35445566452
2,1680,80759.64385474853
2,1681,83706.46886978982
2,1682,82735.88719983108
2,1683,78177.0879247868
2,1684,73966.82761416085
2,1685,71593.64677158277
2,1686,73768.1104324214
2,1687,77784.80478545986
2,1688,93811.77190010117
2,1689,117495.87843348095
2,1690,136024.314860043
2,1691,144094.23908955022
2,1692,152156.48979047095
2,1693,151879.74914553395
2,1694,142526.17999037143
2,1695,120756.09575610899
2,1696,95547.19999998146
2,1697,67594.39999998146
2,1698,55745.19999998146
2,1699,54577.799999981464
2,1700,60812.799999981464
2,1701,66396.49999998143
2,1702,72764.35281729882
2,1703,73563.89787282936
2,1704,71819.35745825546
2,1705,72727.94496220915
2,1706,71644.3563215744
2,1707,75443.4846075679
2,1708,78194.82585147826
2,1709,80584.87945778295
2,1710,85096.70068324816
2,1711,93721.07130156737
2,1712,113383.342646553
2,1713,132804.3384145622
2,1714,147970.83421106802
2,1715,157226.91232486154
2,1716,155532.73994686414
2,1717,155172.2867781235
2,1718,152083.31577302323
2,1719,138908.2088128128
2,1720,115708.40360530917
2,1721,90219.74315431714
2,1722,74490.1366240532
2,1723,74308.36632258845
2,1724,74437.2288519219
2,1725,69935.842234889
2,1726,63023.93195999798
2,1727,60052.25902654313
2,1728,60665.91518665163
2,1729,61475.309902626424
2,1730,60252.5586034435
2,1731,59514.352149753024
2,1732,58971.41984285321
2,1733,56480.30800478647
2,1734,57412.69813991392
2,1735,71577.7825721142
2,1736,98410.55987672848
2,1737,121793.55652177057
2,1738,136466.95852798066
2,1739,141119.34355455727
2,1740,140231.10908905562
2,1741,133856.15307391674
2,1742,121347.5866552825
2,1743,107792.53160263524
2,1744,84166.22999998144
2,1745,56220.28999998521
2,1746,41208.95999998521
2,1747,39039.6199999852
2,1748,36099.0799999852
2,1749,33308.53999998521
2,1750,31109.059999985206
2,1751,30091.69999998521
2,1752,28474.299999985207
2,1753,25488.859999985205
2,1754,24465.71999998521
2,1755,24126.599999985207
2,1756,24558.67999998521
2,1757,26022.87999998521
2,1758,29189.80999998521
2,1759,47526.389999985215
2,1760,78095.202582076
2,1761,102623.05495480071
2,1762,121061.14747847487
2,1763,132321.32041364908
2,1764,134135.9788981893
2,1765,127236.4809548129
2,1766,115443.4381865412
2,1767,100340.263671477
2,1768,80164.95501297251
2,1769,53555.549999981464
2,1770,45640.719999981455
2,1771,54341.899999981455
2,1772,60141.619999981456
2,1773,63043.079999981455
2,1774,62010.95999998144
2,1775,60982.0399999794
2,1776,59856.95999997939
2,1777,58824.839999979384
2,1778,58815.859999979395
2,1779,58119.65999997938
2,1780,58035.67999997939
2,1781,58974.83999998145
2,1782,60593.58999998146
2,1783,76763.44999998143
2,1784,104436.17999998144
2,1785,127028.6823488016
2,1786,142499.2458443973
2,1787,155011.35988491212
2,1788,154413.3990469168
2,1789,145050.08092437542
2,1790,131592.65218114445
2,1791,110648.33772746606
2,1792,76817.9099999852
2,1793,43191.029999985214
2,1794,30168.959999985203
2,1795,30671.119999985207
2,1796,31526.299999985207
2,1797,32972.53999998521
2,1798,29290.899999985206
2,1799,28003.639999985207
2,1800,26293.279999985214
2,1801,25606.059999985206
2,1802,27313.219999985213
2,1803,26890.11999998521
2,1804,25095.77999998521
2,1805,24156.619999985214
2,1806,22211.299999985207
2,1807,28609.56999998521
2,1808,43042.129999985205
2,1809,57956.31999998519
2,1810,71668.6499999852
2,1811,87308.2699999852
2,1812,95364.4899999852
2,1813,94980.2199999852
2,1814,85916.77999998518
2,1815,66280.3299999852
2,1816,43540.2099999852
2,1817,20800.43999998521
2,1818,9114.479999985208
2,1819,8677.479999985208
2,1820,8170.399999985208
2,1821,7579.339999985208
2,1822,8443.499999985206
2,1823,9223.679999985208
2,1824,9655.759999985208
2,1825,12482.21999998521
2,1826,17028.01999998521
2,1827,20709.659999985208
2,1828,23536.11999998521
2,1829,28165.89999998521
2,1830,35269.6099999852
2,1831,52740.8999999852
2,1832,77594.49999998519
2,1833,106460.06999998144
2,1834,133679.1499999815
2,1835,151558.63999998145
2,1836,153594.59999998147
2,1837,142938.40999998144
2,1838,124707.56999998147
2,1839,98038.27999998145
2,1840,67670.3899999852
2,1841,37878.51999998521
2,1842,24339.139999985204
2,1843,26212.53999998521
2,1844,28174.83999998521
2,1845,31076.299999985207
2,1846,32090.459999985207
2,1847,34634.83999998521
2,1848,35648.99999998521
2,1849,38466.47999998521
2,1850,38973.55999998356
2,1851,39744.75999998356
2,1852,40251.839999985204
2,1853,42046.17999998521
2,1854,45036.169999985206
2,1855,54466.32999998522
2,1856,75609.4799999852
2,1857,97570.56999998522
2,1858,117897.65999998357
2,1859,129464.88999998357
2,1860,130678.12999998356
2,1861,123057.75999998358
2,1862,109913.98999998356
2,1863,86690.61999998521
2,1864,59585.31999998521
2,1865,31424.999999985208
2,1866,17698.14999998521
2,1867,14873.359999985207
2,1868,12307.81999998521
2,1869,10765.419999985208
2,1870,10849.399999985208
2,1871,10333.339999985208
2,1872,9817.279999985209
2,1873,8878.119999985209
2,1874,8203.079999985208
2,1875,8119.099999985207
2,1876,6588.879999985209
2,1877,6588.879999985207
2,1878,6069.369999985209
2,1879,16260.889999985207
2,1880,31511.149999985206
2,1881,49589.209999985214
2,1882,63305.44999998522
2,1883,72185.39999998518
2,1884,76084.2399999852
2,1885,71935.63999998521
2,1886,64338.879999985205
2,1887,51131.32999998521
2,1888,34234.47999998521
2,1889,19654.959999985207
2,1890,13888.079999985206
2,1891,15151.619999985207
2,1892,14719.539999985209
2,1893,15742.679999985205
2,1894,16183.739999985206
2,1895,16099.759999985206
2,1896,17744.099999985207
2,1897,18608.25999998521
2,1898,18956.35999998521
2,1899,20768.659999985208
2,1900,22832.89999998521
2,1901,24636.219999985206
2,1902,26711.019999985205
2,1903,34937.909999985204
2,1904,52510.839999985204
2,1905,72343.58999998521
2,1906,88050.78999998358
2,1907,90270.15999998522
2,1908,90185.07999998359
2,1909,91438.39999998357
2,1910,89988.27999998358
2,1911,82645.79999998356
2,1912,69250.52999998521
2,1913,52917.8399999852
2,1914,42238.12999998521
2,1915,43073.23999998521
2,1916,48633.19999998521
2,1917,53770.0599999852
2,1918,53779.0399999852
2,1919,54295.09999998146
2,1920,53695.059999981444
2,1921,53268.618972675766
2,1922,51411.46106240098
2,1923,51739.258756677424
2,1924,52641.0207202783
2,1925,51337.98240933122
2,1926,52853.4637650155
2,1927,68536.4779127308
2,1928,98473.86382850133
2,1929,124086.39236334221
2,1930,131920.86524089467
2,1931,128362.94427009262
2,1932,124327.18683988127
2,1933,121851.73473700148
2,1934,125005.2415601301
2,1935,125205.080420438
2,1936,106580.26841397709
2,1937,74206.55999998144
2,1938,50916.229999983305
2,1939,49035.13999998331
2,1940,49551.199999983306
2,1941,51861.59999998331
2,1942,51693.63999998331
2,1943,50754.47999998145
2,1944,49035.13999998146
2,1945,47579.919999981445
2,1946,47570.939999981456
2,1947,45515.679999981454
2,1948,44219.439999981456
2,1949,42839.21999998331
2,1950,44989.5999999833
2,1951,65887.72999998332
2,1952,105988.24999998145
2,1953,139862.82867454903
2,1954,160570.26877377825
2,1955,169002.12466746807
2,1956,164535.76454551762
2,1957,154461.19620007783
2,1958,145628.78754878126
2,1959,126506.37509452249
2,1960,99499.86999998144
2,1961,62905.88999998521
2,1962,38432.08999998521
2,1963,41855.81999998521
2,1964,47928.639999985215
2,1965,52294.2999999852
2,1966,51607.07999998522
2,1967,51016.01999998356
2,1968,51364.119999983566
2,1969,49410.79999998357
2,1970,44622.039999983564
2,1971,42134.69999998357
2,1972,38170.97999998521
2,1973,34396.37999998521
2,1974,39976.45999998521
2,1975,62413.78999998521
2,1976,96133.32999998519
2,1977,132957.4993543027
2,1978,160839.53770618665
2,1979,166754.4727720178
2,1980,164175.90341880577
2,1981,156667.82516767806
2,1982,140554.47328483523
2,1983,118807.3332295311
2,1984,86644.22999998521
2,1985,51032.979999985204
2,1986,31185.50999998521
2,1987,38903.09999998521
2,1988,48657.559999985206
2,1989,53530.29999998521
2,1990,54985.51999998521
2,1991,53869.419999983555
2,1992,51139.11999998356
2,1993,46941.41999998357
2,1994,46002.25999998357
2,1995,42320.61999998355
2,1996,39494.15999998521
2,1997,39758.27999998521
2,1998,46033.9199999852
2,1999,68043.83999998521
2,2000,96615.2999999852
2,2001,129335.60887075392
2,2002,150909.09790224853
2,2003,161164.38375853674
2,2004,162717.57419734763
2,2005,158761.82318597822
2,2006,146350.45733206382
2,2007,125161.35272831519
2,2008,97446.11999998144
2,2009,60076.67999998521
2,2010,42766.79999998521
2,2011,48942.2199999852
2,2012,55873.419999985206
2,2013,59894.179999985194
2,2014,59285.159999983574
2,2015,56533.69999998356
2,2016,54223.299999983574
2,2017,50109.57999998356
2,2018,47283.11999998356
2,2019,45311.83999998357
2,2020,44036.75999998355
2,2021,40712.19999998521
2,2022,42194.209999985214
2,2023,58934.4699999852
2,2024,84646.0099999852
2,2025,115209.43999998142
2,2026,138520.32796045893
2,2027,150933.16441262895
2,2028,154985.5358872922
2,2029,145933.04617846195
2,2030,132603.2614495597
2,2031,111912.86588853483
2,2032,85337.49999998522
2,2033,58729.369999985196
2,2034,44780.6099999852
2,2035,47751.73999998521
2,2036,53383.4999999852
2,2037,52603.3199999852
2,2038,50632.03999998521
2,2039,48660.7599999852
2,2040,44379.079999983565
2,2041,42248.81999998356
2,2042,41648.77999998356
2,2043,43020.01999998356
2,2044,44211.119999983566
2,2045,45159.25999998521
2,2046,47941.39999998521
2,2047,65236.16999998521
2,2048,90089.7799999852
2,2049,118723.12338561603
2,2050,144309.29525004415
2,2051,160574.14718273454
2,2052,160639.26380217355
2,2053,153880.40525168797
2,2054,140419.5961128087
2,2055,121032.96740238338
2,2056,94641.27999998145
2,2057,61218.95999998522
2,2058,42138.10999998521
2,2059,46489.4599999852
2,2060,49210.77999998521
2,2061,48757.53999998521
2,2062,44199.559999985206
2,2063,41532.07999998521
2,2064,39476.81999998521
2,2065,37769.65999998521
2,2066,37517.71999998521
2,2067,38469.05999998357
2,2068,40104.41999998356
2,2069,39504.379999985205
2,2070,44416.989999985206
2,2071,63412.45999998145
2,2072,85586.45136027604
2,2073,109168.45931229698
2,2074,130072.13019202609
2,2075,140654.84282280254
2,2076,141056.2505043695
2,2077,136221.33069212106
2,2078,128222.41854414677
2,2079,113197.93782739823
2,2080,90257.98925501446
2,2081,59567.37999998521
2,2082,41852.379999985205
2,2083,46966.399999985195
2,2084,49189.61999998522
2,2085,44820.7599999852
2,2086,39776.8599999852
2,2087,36875.39999998521
2,2088,34586.159999985204
2,2089,32803.99999998521
2,2090,31357.759999985217
2,2091,32296.919999985206
2,2092,34184.21999998521
2,2093,35132.3599999852
2,2094,39159.01999998521
2,2095,48419.579999985195
2,2096,56861.7999999852
2,2097,68296.71999998143
2,2098,82390.77999998143
2,2099,89665.51999998145
2,2100,92841.53999998145
2,2101,88942.81999998145
2,2102,86054.86999998144
2,2103,88169.84999998144
2,2104,81411.39999998146
2,2105,70169.73999998329
2,2106,59998.32999998331
2,2107,61319.449999983306
2,2108,57311.299999983305
2,2109,53428.359999983324
2,2110,48702.41999998331
2,2111,48006.21999998145
2,2112,45347.71999998145
2,2113,44999.619999981456
2,2114,45347.71999998146
2,2115,47829.27999998146
2,2116,49203.71999998146
2,2117,52624.43999998145
2,2118,60734.629999983306
2,2119,80589.49999998331
2,2120,104946.71999998145
2,2121,128927.86649953229
2,2122,148920.84746473184
2,2123,156464.53022138926
2,2124,154528.10506652843
2,2125,149422.05827804713
2,2126,139542.72935537336
2,2127,120143.01214433782
2,2128,97353.27999998145
2,2129,67077.22999998518
2,2130,45744.729999985204
2,2131,35957.21999998521
2,2132,32198.139999985204
2,2133,29812.73999998521
2,2134,26488.17999998521
2,2135,23595.699999985205
2,2136,20694.23999998521
2,2137,18383.839999985208
2,2138,20262.159999985204
2,2139,21369.279999985207
2,2140,24015.59999998521
2,2141,25893.919999985214
2,2142,30995.03999998521
2,2143,49915.40999998521
2,2144,80058.2299999852
2,2145,106796.61999998355
2,2146,121796.53999998356
2,2147,123301.77999998357
2,2148,121902.42999998356
2,2149,122765.28999998356
2,2150,113265.06999998358
2,2151,97435.0099999836
2,2152,74720.24999998522
2,2153,42631.229999985204
2,2154,20022.569999985208
2,2155,18113.17999998521
2,2156,21273.119999985207
2,2157,24360.499999985208
2,2158,26424.73999998521
2,2159,26949.779999985203
2,2160,27042.739999985206
2,2161,27822.919999985206
2,2162,26472.839999985208
2,2163,25122.75999998521
2,2164,23856.65999998521
2,2165,22665.55999998521
2,2166,28704.86999998521
2,2167,50392.26999998521
2,2168,80147.43999998522
2,2169,111502.41999998143
2,2170,135864.2499999815
2,2171,144302.67999998148
2,2172,144186.60999998148
2,2173,135811.9999999815
2,2174,123003.79999998145
2,2175,100411.92999998145
2,2176,71636.4999999852
2,2177,41997.09999998521
2,2178,19857.319999985208
2,2179,17771.51999998521
2,2180,19215.319999985208
2,2181,20154.479999985208
2,2182,19215.319999985208
2,2183,20154.479999985204
2,2184,21525.71999998521
2,2185,21948.819999985208
2,2186,22887.979999985208
2,2187,24259.21999998521
2,2188,24259.21999998521
2,2189,26137.539999985212
2,2190,33452.49999998521
2,2191,53244.699999985205
2,2192,84880.84999998519
2,2193,116068.88663995461
2,2194,140367.9417237176
2,2195,147351.74217882726
2,2196,148986.16626633966
2,2197,145381.42249450355
2,2198,138299.2630656842
2,2199,118323.60867280928
2,2200,92465.84999998145
2,2201,59684.22999998521
2,2202,38375.5499999852
2,2203,33487.9199999852
2,2204,34865.6999999852
2,2205,37869.09999998521
2,2206,40272.45999998521
2,2207,40956.47999998521
2,2208,43779.73999998356
2,2209,44043.85999998357
2,2210,43711.13999998356
2,2211,40962.87999998356
2,2212,39666.63999998521
2,2213,39465.33999998521
2,2214,43307.31999998521
2,2215,57063.509999985195
2,2216,81157.25999998521
2,2217,105339.82999998357
2,2218,119439.44999998357
2,2219,130018.02999998358
2,2220,132296.50999998354
2,2221,125805.33999998358
2,2222,115279.97999998357
2,2223,98594.04999998356
2,2224,78373.4399999852
2,2225,61720.139999985215
2,2226,52093.19999998521
2,2227,51531.6499999852
2,2228,48878.01999998521
2,2229,45883.59999998522
2,2230,46147.71999998522
2,2231,45124.57999998521
2,2232,44017.45999998521
2,2233,42994.31999998356
2,2234,41115.99999998357
2,2235,37782.45999998356
2,2236,35472.059999985206
2,2237,35564.0399999852
2,2238,37828.1499999852
2,2239,56159.61999998521
2,2240,85415.46172180831
2,2241,116638.22536507579
2,2242,131547.70255629084
2,2243,139285.50611773884
2,2244,140561.33840832178
2,2245,136497.5056238402
2,2246,125825.88397947817
2,2247,109202.45494040019
2,2248,82038.68665849284
2,2249,44934.39999998522
2,2250,21579.84999998521
2,2251,13840.479999985208
2,2252,13834.839999985206
2,2253,16054.859999985209
2,2254,17431.879999985205
2,2255,17869.73999998521
2,2256,20282.07999998521
2,2257,22769.419999985206
2,2258,25511.899999985202
2,2259,26283.099999985207
2,2260,28086.419999985206
2,2261,29558.61999998521
2,2262,39467.32999998521
2,2263,63628.476006063465
2,2264,88269.30971189891
2,2265,113184.01954922288
2,2266,130751.43715939924
2,2267,134602.0272528776
2,2268,131223.98703965958
2,2269,126171.31796903246
2,2270,121445.74393928726
2,2271,107470.15027308451
2,2272,83592.28521265683
2,2273,49785.62999998521
2,2274,27622.609999985205
2,2275,26139.399999985202
2,2276,34784.29999998521
2,2277,42567.479999985204
2,2278,47599.199999985205
2,2279,49804.45999998146
2,2280,51073.75999998145
2,2281,51332.0999999794
2,2282,50978.219999979396
2,2283,49094.1199999794
2,2284,49697.359999981454
2,2285,51931.77999998146
2,2286,61570.99999998146
2,2287,83500.03999998145
2,2288,107695.67677872886
2,2289,132196.41708001544
2,2290,152877.2007376646
2,2291,158209.25893400618
2,2292,154908.428273724
2,2293,148891.1309828734
2,2294,139945.64083674885
2,2295,127185.11114761063
2,2296,105930.1783475248
2,2297,70960.53999998521
2,2298,46583.3299999852
2,2299,46885.47999998521
2,2300,53223.17999998521
2,2301,54087.33999998521
2,2302,53232.15999998521
2,2303,51353.83999998146
2,2304,49043.43999998145
2,2305,47513.219999981455
2,2306,47006.13999998146
2,2307,46931.13999998146
2,2308,44620.739999981466
2,2309,43932.5399999833
2,2310,49991.64999998331
2,2311,65942.89999998333
2,2312,88992.52999998331
2,2313,115071.72866694929
2,2314,133611.04636583218
2,2315,146114.50655592766
2,2316,151425.91728348477
2,2317,148380.00466167787
2,2318,132810.23983448025
2,2319,109341.82852302342
2,2320,78785.55999998517
2,2321,44094.58999998522
2,2322,22542.74999998521
2,2323,20204.35999998521
2,2324,23628.419999985206
2,2325,25935.61999998521
2,2326,27642.77999998521
2,2327,26955.559999985206
2,2328,23018.779999985207
2,2329,20804.53999998521
2,2330,20552.59999998521
2,2331,20552.599999985207
2,2332,19793.57999998521
2,2333,17839.279999985207
2,2334,26803.45999998521
2,2335,50264.44999998521
2,2336,80743.33999998521
2,2337,109875.51999998146
2,2338,131099.8399999815
2,2339,142552.08999998146
2,2340,145838.1599999815
2,2341,138530.14999998148
2,2342,123488.77999998146
2,2343,97954.24999998145
2,2344,65630.4799999852
2,2345,35286.10999998521
2,2346,15781.799999985205
2,2347,15995.099999985208
2,2348,22491.779999985207
2,2349,25825.319999985208
2,2350,27355.53999998521
2,2351,28642.79999998521
2,2352,29413.99999998521
2,2353,31640.419999985203
2,2354,33443.739999985206
2,2355,33284.75999998521
2,2356,34148.919999985206
2,2357,32794.65999998521
2,2358,40903.659999985204
2,2359,59206.819999985215
2,2360,82908.96999998522
2,2361,110395.21999998145
2,2362,129295.33999998147
2,2363,139996.15999998146
2,2364,140463.47999998147
2,2365,131995.86999998146
2,2366,114835.41999998143
2,2367,93818.04999998145
2,2368,68763.28999998521
2,2369,36869.239999985206
2,2370,15737.349999985207
2,2371,10219.119999985209
2,2372,9436.499999985208
2,2373,10459.639999985207
2,2374,10711.579999985208
2,2375,10531.439999985207
2,2376,10174.359999985209
2,2377,9394.179999985208
2,2378,9046.07999998521
2,2379,9553.159999985208
2,2380,8781.959999985209
2,2381,9222.039999985207
2,2382,19916.009999985214
2,2383,44641.65999998522
2,2384,76735.25278023345
2,2385,102459.79986859867
2,2386,121717.10079078571
2,2387,129714.09043290337
2,2388,129916.13836543405
2,2389,125459.81591308513
2,2390,116490.70814189676
2,2391,100886.82672597178
2,2392,77329.88003060126
2,2393,49140.789999985216
2,2394,27609.919999985203
2,2395,21401.85999998521
2,2396,22167.419999985206
2,2397,21639.179999985205
2,2398,20519.87999998521
2,2399,18029.339999985208
2,2400,16574.119999985207
2,2401,13663.679999985208
2,2402,13063.639999985207
2,2403,11356.47999998521
2,2404,9985.239999985208
2,2405,9494.159999985206
2,2406,20265.119999985207
2,2407,46467.16999998521
2,2408,81347.45432240271
2,2409,107994.36911380503
2,2410,126753.5858424542
2,2411,136730.7639040619
2,2412,138054.99047968612
2,2413,133543.36322295235
2,2414,120652.620844817
2,2415,101209.3283832554
2,2416,75094.69999998146
2,2417,40415.099999985214
2,2418,16543.58999998521
2,2419,10435.139999985207
2,2420,12319.999999985208
2,2421,14987.479999985211
2,2422,14996.459999985207
2,2423,14921.459999985209
2,2424,14762.479999985208
2,2425,12884.159999985208
2,2426,13748.319999985208
2,2427,12377.079999985208
2,2428,11944.999999985208
2,2429,13941.259999985206
2,2430,25633.389999985204
2,2431,49295.62999998522
2,2432,76943.03992203179
2,2433,101005.5927585112
2,2434,119434.5091569992
2,2435,127646.75988119317
2,2436,128686.1946394539
2,2437,117785.71048886325
2,2438,102043.07284283818
2,2439,82682.63489795191
2,2440,58268.2499999852
2,2441,31580.88999998521
2,2442,14023.499999985208
2,2443,11926.279999985207
2,2444,17387.639999985215
2,2445,21912.279999985207
2,2446,23382.879999985205
2,2447,23563.01999998521
2,2448,25018.239999985206
2,2449,24088.059999985206
2,2450,23916.89999998521
2,2451,23586.75999998521
2,2452,26947.239999985206
2,2453,29984.07999998521
2,2454,39971.659999985204
2,2455,56699.31999998145
2,2456,73493.5295838249
2,2457,90414.12053957174
2,2458,104551.19809676922
2,2459,113298.62859191722
2,2460,118193.74763492479
2,2461,116873.40683064524
2,2462,112491.29848554658
2,2463,96953.77980434109
2,2464,78652.57804120013
2,2465,52813.4799999852
2,2466,32332.759999985203
2,2467,26018.87999998521
2,2468,26157.459999985207
2,2469,29923.07999998521
2,2470,35650.99999998521
2,2471,37943.43999998521
2,2472,39128.75999998521
2,2473,45031.039999981454
2,2474,50582.01999997939
2,2475,52883.43999997939
2,2476,49981.97999998145
2,2477,49586.41999998146
2,2478,58657.57999998145
2,2479,83651.71999998146
2,2480,114837.21871754328
2,2481,130519.08708254581
2,2482,134295.65711666062
2,2483,136182.20483167138
2,2484,135329.1688421394
2,2485,130095.87305163781
2,2486,122147.73560686974
2,2487,114954.60777007745
2,2488,112228.72726065562
2,2489,93734.67999998144
2,2490,70460.28999998521
2,2491,56231.45999998521
2,2492,49643.479999985204
2,2493,45547.7199999852
2,2494,46147.75999998521
2,2495,44287.3999999852
2,2496,39591.59999998521
2,2497,34622.69999998521
2,2498,32480.25999998521
2,2499,32057.159999985208
2,2500,31718.03999998521
2,2501,34217.92999998521
2,2502,41448.239999985206
2,2503,63214.05999998521
2,2504,99498.78999998144
2,2505,130577.06966389646
2,2506,148471.4940399228
2,2507,156877.7883345093
2,2508,157080.9744109137
2,2509,152184.03613708136
2,2510,142892.43077238937
2,2511,124146.46866613695
2,2512,97431.68999998143
2,2513,61003.249999985215
2,2514,33793.03999998521
2,2515,23833.68999998521
2,2516,24264.999999985208
2,2517,28384.499999985208
2,2518,29743.55999998521
2,2519,30175.63999998521
2,2520,30682.71999998521
2,2521,30430.779999985207
2,2522,30769.89999998521
2,2523,31109.019999985205
2,2524,30076.89999998521
2,2525,30164.449999985216
2,2526,43996.29999998522
2,2527,67823.5099999852
2,2528,103345.65999998144
2,2529,129303.84974429979
2,2530,145683.57258299738
2,2531,153428.7832509983
2,2532,152524.47936980333
2,2533,146028.95575188965
2,2534,130878.1213363562
2,2535,107930.4034549639
2,2536,75815.4099999852
2,2537,43593.81999998521
2,2538,19969.709999985207
2,2539,13445.849999985207
2,2540,15833.679999985206
2,2541,16181.779999985207
2,2542,16181.779999985207
2,2543,14303.459999985209
2,2544,13871.379999985209
2,2545,13439.29999998521
2,2546,13007.219999985211
2,2547,10696.819999985208
2,2548,9757.659999985208
2,2549,9425.079999985206
2,2550,22785.80999998521
2,2551,50482.08999998522
2,2552,82252.8699999852
2,2553,112535.80148359116
2,2554,133396.87340392522
2,2555,146526.46250030285
2,2556,148607.82222887024
2,2557,141475.1937914133
2,2558,126233.87403734027
2,2559,102429.72808451542
2,2560,74495.30999998517
2,2561,45227.27999998521
2,2562,25868.029999985207
2,2563,21148.249999985208
2,2564,22530.89999998521
2,2565,23395.05999998521
2,2566,20577.57999998521
2,2567,19215.319999985208
2,2568,18360.139999985207
2,2569,16904.919999985206
2,2570,13730.359999985209
2,2571,12359.119999985209
2,2572,12011.019999985208
2,2573,13996.839999985204
2,2574,25319.659999985208
2,2575,45734.739999985206
2,2576,73182.60999998146
2,2577,96668.32999998143
2,2578,113394.43999998145
2,2579,121160.77999998145
2,2580,122006.29999998146
2,2581,116330.96999998145
2,2582,99480.09999998147
2,2583,78633.16999998143
2,2584,52403.9699999852
2,2585,32998.21999998522
2,2586,19076.869999985207
2,2587,18459.64999998521
2,2588,25738.179999985212
2,2589,27868.43999998521
2,2590,28279.359999985205
2,2591,28531.299999985207
2,2592,29302.499999985208
2,2593,29305.699999985205
2,2594,30160.879999985205
2,2595,29476.85999998521
2,2596,29992.919999985206
2,2597,30016.439999985207
2,2598,38626.379999985205
2,2599,54880.50999998144
2,2600,79789.34654515811
2,2601,100268.08113369896
2,2602,116017.06916141653
2,2603,126052.53958726187
2,2604,125931.94028729002
2,2605,123101.55020871671
2,2606,117557.57114408858
2,2607,106780.29826342316
2,2608,87831.15574667613
2,2609,63099.68999998331
2,2610,42338.69999998331
2,2611,39530.849999983315
2,2612,45090.03999998331
2,2613,47229.279999983315
2,2614,46374.099999983315
2,2615,44654.75999998331
2,2616,43283.51999998146
2,2617,41057.09999998145
2,2618,40033.95999998145
2,2619,39178.77999998146
2,2620,39769.83999998146
2,2621,43299.77999998331
2,2622,53568.519999983306
2,2623,78932.47999998328
2,2624,112738.319131575
2,2625,142628.09928512853
2,2626,158570.25803348338
2,2627,158478.34536009646
2,2628,152860.47521858136
2,2629,149673.07358301847
2,2630,146971.51301708625
2,2631,138681.6452730023
2,2632,121579.58496681006
2,2633,93536.17762898904
2,2634,65279.96502297312
2,2635,57278.02127764153
2,2636,60605.12185104945
2,2637,60514.72418055209
2,2638,60660.05639827094
2,2639,59251.69863492447
2,2640,56816.64188652324
2,2641,56826.57494540376
2,2642,55943.81204609564
2,2643,56388.74958557465
2,2644,55256.73967719414
2,2645,57136.22365514553
2,2646,67290.87286262697
2,2647,89395.70553969622
2,2648,122868.05704502121
2,2649,150383.06062646932
2,2650,160257.1368973375
2,2651,155515.38956393616
2,2652,147617.67577447995
2,2653,143025.65236103782
2,2654,144694.6757490519
2,2655,144438.3989610727
2,2656,133174.59304428834
2,2657,108407.61987647234
2,2658,81737.66199542794
2,2659,68535.37205786312
2,2660,69520.16648938366
2,2661,68193.8057143698
2,2662,67522.56376974835
2,2663,65867.63292631919
2,2664,63241.01441306563
2,2665,60146.51456876332
2,2666,57860.369081994766
2,2667,58060.84743029324
2,2668,57351.256472083696
2,2669,58172.285095426276
2,2670,68799.0864580967
2,2671,93348.39050288642
2,2672,126629.9862335124
2,2673,150749.86415205334
2,2674,158242.40256589348
2,2675,152989.91930023886
2,2676,147226.80311809393
2,2677,143549.0632576928
2,2678,143893.6582012288
2,2679,143725.47666699308
2,2680,130206.71631191012
2,2681,107164.66314294844
2,2682,78195.96604169681
2,2683,63966.87670553214
2,2684,62854.42598640825
2,2685,61910.66989219803
2,2686,61807.73182962037
2,2687,60338.83907622506
2,2688,56902.90712786715
2,2689,53812.2623850419
2,2690,49451.61612025314
2,2691,46367.612788922495
2,2692,43030.98079312063
2,2693,45374.80421719593
2,2694,57783.25479762333
2,2695,82364.07645395663
2,2696,112193.51568281051
2,2697,138522.56697619963
2,2698,155512.41458643248
2,2699,158683.34555887527
2,2700,155343.53552990267
2,2701,151493.628007751
2,2702,144002.50356898454
2,2703,127751.010987277
2,2704,103600.36009578315
2,2705,71472.1299999852
2,2706,42604.679999985216
2,2707,31779.009999985206
2,2708,32879.57999998521
2,2709,31940.41999998521
2,2710,31001.259999985206
2,2711,29555.01999998521
2,2712,27169.61999998521
2,2713,26662.53999998521
2,2714,26239.439999985207
2,2715,24961.159999985208
2,2716,24114.959999985207
2,2717,25942.62999998521
2,2718,37820.29999998521
2,2719,55535.9199999852
2,2720,80427.69999998521
2,2721,109274.88999998146
2,2722,131565.7586271956
2,2723,143690.7130450957
2,2724,146140.5848899902
2,2725,140355.72322268187
2,2726,127709.5725536074
2,2727,108307.47423188726
2,2728,82877.8599999852
2,2729,54154.869999985196
2,2730,33104.83999998521
2,2731,24164.159999985204
2,2732,24498.39999998521
2,2733,25701.679999985205
2,2734,24501.599999985207
2,2735,23562.439999985207
2,2736,23814.379999985205
2,2737,25281.779999985207
2,2738,24513.779999985207
2,2739,23040.59999998521
2,2740,24306.699999985205
2,2741,28351.809999985206
2,2742,39485.489999985206
2,2743,60707.08999998147
2,2744,86598.02032277729
2,2745,109595.87646168913
2,2746,124923.66015437084
2,2747,134109.78256390116
2,2748,134472.70599076923
2,2749,131748.10665843912
2,2750,126230.00143434331
2,2751,117385.05610563616
2,2752,99087.63118198472
2,2753,74690.69999998146
2,2754,46721.419999985206
2,2755,36133.7899999852
2,2756,34922.659999985204
2,2757,34922.659999985204
2,2758,33983.49999998521
2,2759,32189.159999985208
2,2760,30646.75999998521
2,2761,29620.41999998521
2,2762,24924.61999998521
2,2763,20144.839999985204
2,2764,19460.81999998521
2,2765,20949.02999998521
2,2766,32815.63999998521
2,2767,58451.90999998146
2,2768,84068.49023540397
2,2769,104339.97173431283
2,2770,117572.96255090377
2,2771,120650.45568648579
2,2772,122564.78578999765
2,2773,121590.321943588
2,2774,114255.74276003668
2,2775,101172.19599150209
2,2776,78317.26191613515
2,2777,47279.45999998522
2,2778,21592.049999985204
2,2779,11543.559999985207
2,2780,12046.899999985208
2,2781,12478.979999985208
2,2782,11887.919999985208
2,2783,9334.55999998521
2,2784,8311.419999985208
2,2785,6433.099999985207
2,2786,6517.079999985208
2,2787,5145.839999985208
2,2788,4881.719999985207
2,2789,8092.079999985208
2,2790,23976.70999998521
2,2791,49829.69999998521
2,2792,76932.84999998519
2,2793,104922.87999998145
2,2794,126178.04999998146
2,2795,135805.15999998144
2,2796,137266.38999998145
2,2797,130052.51999998145
2,2798,115660.72999998146
2,2799,94479.31999998144
2,2800,66425.44999998521
2,2801,37518.47999998521
2,2802,14010.88999998521
2,2803,5326.569999985207
2,2804,4290.659999985208
2,2805,4554.779999985208
2,2806,5851.0199999852075
2,2807,7222.259999985208
2,2808,9352.519999985208
2,2809,10807.739999985206
2,2810,12178.97999998521
2,2811,12253.97999998521
2,2812,12845.039999985209
2,2813,16805.599999985207
2,2814,32294.659999985204
2,2815,52375.53999998521
2,2816,70377.1999999852
2,2817,84843.32999998519
2,2818,92828.7699999852
2,2819,94710.77999998521
2,2820,92378.59999998519
2,2821,83343.8499999852
2,2822,72316.6799999852
2,2823,58381.999999985215
2,2824,40813.919999985206
2,2825,27450.67999998521
2,2826,17675.62999998521
2,2827,11574.21999998521
2,2828,10885.319999985208
2,2829,12772.619999985209
2,2830,13888.71999998521
2,2831,14647.739999985208
2,2832,14035.519999985208
2,2833,12832.23999998521
2,2834,11628.959999985207
2,2835,10944.939999985207
2,2836,11452.019999985208
2,2837,13698.879999985205
2,2838,18607.349999985207
2,2839,27593.479999985208
2,2840,40252.20999998521
2,2841,52520.11999998521
2,2842,65228.62999998521
2,2843,72843.7599999852
2,2844,77121.1499999852
2,2845,79137.2499999852
2,2846,76954.4099999852
2,2847,70878.92999998521
2,2848,60863.75999998521
2,2849,46917.0699999852
2,2850,29485.19999998521
2,2851,20418.68999998521
2,2852,16829.25999998521
2,2853,16574.119999985207
2,2854,17258.139999985207
2,2855,16402.95999998521
2,2856,17510.07999998521
2,2857,18878.119999985207
2,2858,18631.95999998521
2,2859,20276.29999998521
2,2860,22184.75999998521
2,2861,26850.42999998521
2,2862,34430.52999998521
2,2863,45676.82999998522
2,2864,59383.8699999852
2,2865,77097.94999998523
2,2866,90089.0799999852
2,2867,101507.85999998519
2,2868,103589.14999998357
2,2869,98962.96999998356
2,2870,90848.4099999852
2,2871,81564.33999998518
2,2872,61571.11999998522
2,2873,40086.779999985214
2,2874,23614.589999985208
2,2875,17154.589999985208
2,2876,17842.17999998521
2,2877,21964.879999985205
2,2878,30645.559999985213
2,2879,36901.71999998521
2,2880,42809.77999998521
2,2881,47346.59999998146
2,2882,48980.28125435586
2,2883,47477.27802070571
2,2884,46243.18615097122
2,2885,48979.18797238562
2,2886,55648.23493853199
2,2887,64950.84385753487
2,2888,81389.48688987528
2,2889,93994.2283755011
2,2890,106059.9684588553
2,2891,114211.49268470303
2,2892,112735.60639897273
2,2893,106223.05322814078
2,2894,95743.66064260527
2,2895,77744.68031291677
2,2896,59485.53999998521
2,2897,42030.69999998521
2,2898,30085.85999998521
2,2899,24655.799999985207
2,2900,26508.71999998521
2,2901,31729.55999998521
2,2902,35302.85999998521
2,2903,35893.919999985206
2,2904,37181.179999985216
2,2905,37529.27999998521
2,2906,38552.419999981445
2,2907,39404.39999998144
2,2908,37429.91999998146
2,2909,41060.81999998145
2,2910,50144.729999981464
2,2911,65909.84999998145
2,2912,81563.96999998143
2,2913,97345.16999998144
2,2914,101956.81999998144
2,2915,104142.91999998144
2,2916,99550.44999998146
2,2917,97517.22999998144
2,2918,92358.15999998145
2,2919,80780.23999998147
2,2920,63748.51999998522
2,2921,48331.92999998521
2,2922,31756.769999985216
2,2923,22508.89999998521
2,2924,21490.089999985208
2,2925,26983.11999998521
2,2926,30412.819999985208
2,2927,32987.33999998521
2,2928,35045.79999998521
2,2929,34952.839999985204
2,2930,33749.559999985206
2,2931,32630.259999985214
2,2932,31682.119999985203
2,2933,33269.29999998522
2,2934,41275.18999998146
2,2935,57602.369999981456
2,2936,79835.18943433613
2,2937,96731.61472728172
2,2938,104264.07098065222
2,2939,104347.57705693123
2,2940,104059.76974128555
2,2941,101534.21881121164
2,2942,97697.32961284583
2,2943,88738.48637749178
2,2944,73341.40057316139
2,2945,55310.93999998521
2,2946,34833.6399999852
2,2947,21542.50999998521
2,2948,17853.01999998521
2,2949,17853.019999985205
2,2950,19308.23999998521
2,2951,18453.05999998521
2,2952,17513.899999985213
2,2953,15203.499999985208
2,2954,14264.33999998521
2,2955,14264.33999998521
2,2956,13409.159999985208
2,2957,15235.359999985207
2,2958,22427.02999998521
2,2959,35080.39999998521
2,2960,48490.50999998521
2,2961,62107.9399999852
2,2962,70235.6199999852
2,2963,68156.89999998521
2,2964,69454.2299999852
2,2965,68956.3099999852
2,2966,66013.54999998519
2,2967,57547.149999985195
2,2968,46524.41999998522
2,2969,32407.46999998521
2,2970,18653.739999985206
2,2971,10973.089999985208
2,2972,8808.899999985206
2,2973,9589.079999985206
2,2974,10465.419999985206
2,2975,11170.599999985207
2,2976,11782.819999985208
2,2977,12130.919999985208
2,2978,13070.079999985208
2,2979,12298.879999985207
2,2980,13246.039999985209
2,2981,19081.269999985205
2,2982,31989.099999985207
2,2983,48975.039999985216
2,2984,72960.6899999852
2,2985,90519.50999998521
2,2986,101478.5499999836
2,2987,108849.79999998357
2,2988,113032.08999998358
2,2989,117303.56999998359
2,2990,116600.03999998358
2,2991,106341.26999998357
2,2992,90429.8899999836
2,2993,68427.00999998521
2,2994,46184.25999998521
2,2995,31076.889999985207
2,2996,29596.71999998521
2,2997,28054.319999985215
2,2998,27795.979999985204
2,2999,27624.81999998521
2,3000,27969.71999998521
2,3001,26355.5199999852
2,3002,26799.779999985207
2,3003,27579.959999985207
2,3004,27257.81999998521
2,3005,28555.979999985208
2,3006,40475.01999998521
2,3007,61136.65999998521
2,3008,90965.18999998145
2,3009,115996.5174523175
2,3010,131444.07407814535
2,3011,136105.1280694634
2,3012,136673.73193243274
2,3013,134719.99420667885
2,3014,125477.74883661572
2,3015,113432.62042976549
2,3016,92807.02999998146
2,3017,66712.7999999852
2,3018,43366.489999985206
2,3019,29552.349999985207
2,3020,29787.409999985208
2,3021,29969.21999998521
2,3022,29978.199999985205
2,3023,26812.619999985207
2,3024,23638.059999985206
2,3025,19440.35999998521
2,3026,17985.139999985207
2,3027,15233.679999985208
2,3028,13954.419999985208
2,3029,16960.219999985213
2,3030,30288.979999985215
2,3031,51390.109999985216
2,3032,75214.1099999852
2,3033,99791.02999998145
2,3034,118435.35999987212
2,3035,131744.3899998721
2,3036,138715.6699998721
2,3037,137973.67999987208
2,3038,130629.2599998721
2,3039,111151.86999987208
2,3040,84351.76999998145
2,3041,55216.0599999852
2,3042,32726.02999998521
2,3043,20187.60999998521
2,3044,20074.569999985204
2,3045,20247.39999998521
2,3046,20679.47999998521
2,3047,19401.199999985212
2,3048,16403.579999985206
2,3049,15200.299999985209
2,3050,14852.199999985209
2,3051,13141.839999985208
2,3052,12558.77999998521
2,3053,16196.749999985206
2,3054,31473.44999998521
2,3055,54312.01999998521
2,3056,82319.88999998521
2,3057,108163.44999998147
2,3058,124844.15999998146
2,3059,133947.73999998145
2,3060,131566.37999998147
2,3061,124436.89999998144
2,3062,111044.74999998143
2,3063,88308.72999998144
2,3064,62031.30999998521
2,3065,36073.96999998521
2,3066,17866.19999998521
2,3067,6714.099999985208
2,3068,5330.089999985208
2,3069,4131.679999985208
2,3070,4131.679999985208
2,3071,4215.65999998521
2,3072,3783.579999985208
2,3073,3783.579999985208
2,3074,3858.579999985208
2,3075,3858.579999985208
2,3076,4118.5199999852075
2,3077,9275.169999985206
2,3078,23024.479999985208
2,3079,43006.6899999852
2,3080,63443.389999985215
2,3081,82547.12999998358
2,3082,93166.74999998357
2,3083,98933.49999998357
2,3084,98077.90999998357
2,3085,93853.79999998362
2,3086,81534.01999998357
2,3087,66200.1099999852
2,3088,49534.249999985215
2,3089,31858.009999985206
2,3090,17853.819999985208
2,3091,8577.039999985209
2,3092,10208.609999985209
2,3093,14336.179999985206
2,3094,15980.519999985208
2,3095,16412.599999985207
2,3096,16160.659999985208
2,3097,14705.439999985207
2,3098,14537.47999998521
2,3099,14696.459999985207
2,3100,15643.61999998521
2,3101,19594.62999998521
2,3102,29665.50999998521
2,3103,37610.00999998521
2,3104,46592.879999985205
2,3105,58571.36999998521
2,3106,69178.99999998359
2,3107,79518.37999998359
2,3108,87949.23999998356
2,3109,83388.06999998356
2,3110,72712.29999998356
2,3111,58193.08999998522
2,3112,43049.279999985214
2,3113,29555.539999985205
2,3114,18950.51999998521
2,3115,13570.29999998521
2,3116,13725.48999998521
2,3117,15701.639999985207
2,3118,16997.879999985213
2,3119,17438.93999998521
2,3120,19260.219999985213
2,3121,20049.379999985205
2,3122,21345.619999985203
2,3123,21513.579999985206
2,3124,22713.659999985204
2,3125,23113.65999998521
2,3126,26951.26999998521
2,3127,29006.30999998521
2,3128,31571.25999998521
2,3129,36095.53999998521
2,3130,43380.129999985205
2,3131,53043.22999998521
2,3132,64893.379999985205
2,3133,74407.6799999852
2,3134,80330.47999998523
2,3135,82188.67999998521
2,3136,78431.55999998521
2,3137,72192.2899999852
2,3138,65095.22999998521
2,3139,55089.429999985216
2,3140,51793.61999998522
2,3141,49072.29999998521
2,3142,48397.259999985195
2,3143,46774.07999998656
2,3144,45411.81999998145
2,3145,42690.499999981446
2,3146,41499.399999981455
2,3147,40647.41999998145
2,3148,41942.679999981454
2,3149,49339.27999998145
2,3150,64825.90999998145
2,3151,89409.07705637519
2,3152,114641.72357872187
2,3153,127942.51080320103
2,3154,131053.11728208243
2,3155,133280.25050512727
2,3156,137130.24293695757
2,3157,136447.52009385393
2,3158,130502.48557170745
2,3159,120406.24707538693
2,3160,103042.89599663613
2,3161,82441.31999998142
2,3162,62608.059999985206
2,3163,45112.889999985215
2,3164,36190.32999998521
2,3165,31994.29999998521
2,3166,30019.819999985208
2,3167,28741.53999998521
2,3168,25324.01999998521
2,3169,23013.61999998521
2,3170,21822.51999998521
2,3171,20790.399999985206
2,3172,19184.19999998521
2,3173,22298.109999985205
2,3174,32009.229999985208
2,3175,53437.93999998521
2,3176,79627.9999999852
2,3177,94047.04999998357
2,3178,96205.69999998521
2,3179,93686.7999999852
2,3180,87240.90999998525
2,3181,81887.9499999852
2,3182,72914.8899999852
2,3183,59661.65999998522
2,3184,47241.909999985204
2,3185,35331.2099999852
2,3186,23207.959999985207
2,3187,15483.729999985206
2,3188,11809.719999985207
2,3189,12157.819999985208
2,3190,11905.879999985209
2,3191,12593.099999985208
2,3192,12677.079999985208
2,3193,12845.039999985207
2,3194,13868.179999985208
2,3195,13784.199999985207
2,3196,14308.25999998521
2,3197,18297.139999985207
2,3198,27098.4799999852
2,3199,43462.18999998522
2,3200,63647.22999998522
2,3201,76436.28999998518
2,3202,83094.58999998521
2,3203,84499.83999998521
2,3204,84155.50999998521
2,3205,83851.27999998521
2,3206,81503.0399999852
2,3207,71387.9399999852
2,3208,60595.94999998522
2,3209,44546.4999999852
2,3210,27410.03999998521
2,3211,20083.70999998521
2,3212,19367.239999985213
2,3213,22445.639999985207
2,3214,25440.059999985206
2,3215,26979.25999998521
2,3216,26715.139999985204
2,3217,27738.27999998521
2,3218,26631.159999985208
2,3219,24827.839999985208
2,3220,22273.499999985204
2,3221,24739.709999985207
2,3222,35636.7499999852
2,3223,54177.82999998521
2,3224,77598.83999998523
2,3225,90846.48999998522
2,3226,95054.50999998522
2,3227,94423.4999999852
2,3228,94875.60999998519
2,3229,94942.07999998356
2,3230,91305.28999998355
2,3231,82098.56999998518
2,3232,67687.8899999852
2,3233,51040.33999998521
2,3234,34471.31999998521
2,3235,22762.169999985206
2,3236,21277.889999985207
2,3237,22896.959999985207
2,3238,24436.159999985208
2,3239,24604.119999985207
2,3240,25711.239999985206
2,3241,24856.059999985206
2,3242,25456.099999985207
2,3243,25624.059999985206
2,3244,25292.93999998521
2,3245,31328.74999998521
2,3246,44824.719999981455
2,3247,69588.3600085814
2,3248,93264.08421094375
2,3249,110586.4703211958
2,3250,117504.74791637601
2,3251,122039.81226804157
2,3252,124410.01551751776
2,3253,124082.56277913586
2,3254,119481.50393423434
2,3255,109401.40774377325
2,3256,89990.28697194532
2,3257,67792.04999998143
2,3258,43683.56999998521
2,3259,26104.329999985206
2,3260,19840.589999985208
2,3261,20097.399999985213
2,3262,21720.57999998521
2,3263,24295.099999985207
2,3264,26953.599999985214
2,3265,26878.599999985214
2,3266,27742.75999998521
2,3267,26887.579999985206
2,3268,26904.559999985206
2,3269,33360.269999985205
2,3270,48516.039999981454
2,3271,68967.61178354606
2,3272,92157.51865182763
2,3273,108980.06548561568
2,3274,115237.98378186474
2,3275,116598.95329417427
2,3276,116561.80924346583
2,3277,115967.34810820644
2,3278,112062.5696861015
2,3279,102284.53898029536
2,3280,85029.64675104542
2,3281,62651.89999998146
2,3282,38878.50999998521
2,3283,24031.559999985206
2,3284,20422.709999985207
2,3285,21459.69999998521
2,3286,22755.939999985207
2,3287,24295.139999985207
2,3288,27460.71999998521
2,3289,27535.71999998521
2,3290,27958.819999985208
2,3291,26662.57999998521
2,3292,26322.479999985204
2,3293,30355.929999985205
2,3294,43099.839999985204
2,3295,63800.7999999852
2,3296,88273.06999998145
2,3297,109357.18165812467
2,3298,125472.9323594226
2,3299,133377.48076835353
2,3300,136285.99580766034
2,3301,133399.89730494222
2,3302,126470.77208910295
2,3303,113371.00550079525
2,3304,92917.33999998147
2,3305,68426.0499999852
2,3306,45061.22999998521
2,3307,27383.999999985215
2,3308,22420.889999985204
2,3309,20715.39999998521
2,3310,18753.099999985207
2,3311,18669.11999998521
2,3312,18501.159999985208
2,3313,19872.399999985206
2,3314,21411.599999985203
2,3315,21759.69999998521
2,3316,23306.89999998521
2,3317,29836.259999985206
2,3318,41655.92999998521
2,3319,60662.69999998521
2,3320,83780.9099999852
2,3321,105132.44999998144
2,3322,122810.27999998143
2,3323,135216.90999998144
2,3324,136684.07999998148
2,3325,132882.81999998147
2,3326,123477.66999998147
2,3327,107217.18999998145
2,3328,86638.84999998145
2,3329,61137.21999998522
2,3330,37944.24999998521
2,3331,23610.999999985208
2,3332,19054.00999998521
2,3333,17507.499999985208
2,3334,16820.279999985207
2,3335,15616.999999985208
2,3336,14845.799999985207
2,3337,14329.739999985208
2,3338,14597.059999985207
2,3339,14261.139999985207
2,3340,13678.079999985208
2,3341,17227.079999985213
2,3342,26332.15999998521
2,3343,38942.24999998521
2,3344,55165.59999998521
2,3345,74690.66999998518
2,3346,87159.4799999852
2,3347,95108.84999998519
2,3348,95897.69999998357
2,3349,91439.33999998358
2,3350,84025.3499999852
2,3351,72992.97999998521
2,3352,60639.219999985224
2,3353,42365.929999985216
2,3354,25499.299999985207
2,3355,13466.13999998521
2,3356,9686.769999985207
2,3357,9943.579999985206
2,3358,8908.259999985208
2,3359,7017.759999985208
2,3360,7101.739999985208
2,3361,5637.539999985208
2,3362,4182.319999985208
2,3363,3075.1999999852087
2,3364,3871.379999985209
2,3365,11278.42999998521
2,3366,29080.049999985215
2,3367,52972.34999998145
2,3368,76678.42378478321
2,3369,96702.7008698162
2,3370,105222.04141440864
2,3371,111989.66833028641
2,3372,113421.58765324837
2,3373,110535.52700111439
2,3374,100480.81549847161
2,3375,86873.73407286048
2,3376,67588.67999998144
2,3377,42085.45999998522
2,3378,19844.799999985207
2,3379,9109.459999985205
2,3380,7049.429999985208
2,3381,10753.899999985206
2,3382,12398.239999985208
2,3383,13853.459999985207
2,3384,14285.539999985209
2,3385,13694.479999985208
2,3386,13262.39999998521
2,3387,12482.21999998521
2,3388,12413.599999985208
2,3389,19628.079999985202
2,3390,31893.55999998521
2,3391,48303.21999998522
2,3392,65408.43999998522
2,3393,74198.99999998519
2,3394,77956.6399999852
2,3395,75866.57999998519
2,3396,71835.1599999852
2,3397,63027.56999998521
2,3398,54309.15999998521
2,3399,44327.479999985204
2,3400,32089.91999998521
2,3401,23671.479999985208
2,3402,19314.64999998521
2,3403,19258.859999985212
2,3404,21118.289999985212
2,3405,27094.03999998521
2,3406,31681.499999985208
2,3407,32095.619999985207
2,3408,31666.739999985213
2,3409,29104.39999998521
2,3410,27988.299999985207
2,3411,26524.09999998521
2,3412,25076.87999998521
2,3413,26438.739999985206
2,3414,30586.449999985212
2,3415,35940.67999998521
2,3416,41647.679999985216
2,3417,49408.82999998521
2,3418,57229.089999985204
2,3419,66723.12999998519
2,3420,77927.29999998357
2,3421,79087.54999998357
2,3422,78779.70999998358
2,3423,77490.80999998357
2,3424,65658.47999998358
2,3425,54179.269999985205
2,3426,39180.72999998521
2,3427,27500.93999998521
2,3428,24146.29999998521
2,3429,24227.83999998521
2,3430,26874.159999985204
2,3431,27384.43999998521
2,3432,29010.819999985208
2,3433,30130.119999985203
2,3434,32122.559999985206
2,3435,33166.85999998521
2,3436,35757.37999998145
2,3437,40585.99999998146
2,3438,49536.4659434966
2,3439,64476.1987397838
2,3440,87612.95431810088
2,3441,104419.36894002862
2,3442,109205.42698760096
2,3443,112874.70281641453
2,3444,112348.69242650193
2,3445,104359.25026386195
2,3446,99770.3350880537
2,3447,95801.16675493713
2,3448,87602.13380147016
2,3449,77130.94892965052
2,3450,63040.08999998331
2,3451,49327.35999998331
2,3452,43760.069999983316
2,3453,46423.43999998331
2,3454,49262.07999998331
2,3455,51740.439999981456
2,3456,49006.93999998146
2,3457,46780.51999998145
2,3458,45925.33999998144
2,3459,43614.939999981456
2,3460,45765.37999998145
2,3461,48850.76999998145
2,3462,54914.64999998332
2,3463,68443.59999998331
2,3464,82143.56999998332
2,3465,98246.63999998146
2,3466,113374.67999998145
2,3467,116862.39999998144
2,3468,112040.34999998145
2,3469,109812.10999998145
2,3470,108677.27999998146
2,3471,106253.78999998145
2,3472,96740.06999998145
2,3473,82046.75999998146
2,3474,58029.679999985216
2,3475,40977.5099999852
2,3476,35128.979999985204
2,3477,35729.7799999852
2,3478,38379.29999998521
2,3479,38886.379999985205
2,3480,38454.29999998145
2,3481,38538.27999998145
2,3482,39393.45999998145
2,3483,39477.43999998145
2,3484,40864.679999981454
2,3485,46787.989999981466
2,3486,59667.109999981454
2,3487,78670.93999998148
2,3488,100342.04999998143
2,3489,116753.52999998146
2,3490,124934.75999998148
2,3491,120682.17999998145
2,3492,121047.61999998146
2,3493,117646.76999998146
2,3494,112009.57999998148
2,3495,99744.43999998145
2,3496,84633.77999998146
2,3497,61708.979999985204
2,3498,36141.08999998521
2,3499,20524.91999998521
2,3500,12733.35999998521
2,3501,10768.619999985209
2,3502,8626.179999985208
2,3503,6819.659999985209
2,3504,6723.499999985207
2,3505,6204.239999985208
2,3506,4829.799999985208
2,3507,3722.6799999852083
2,3508,4362.4399999852085
2,3509,13043.749999985212
2,3510,33307.96999998521
2,3511,58546.849999985214
2,3512,83516.85999998519
2,3513,101989.31999998356
2,3514,110022.15999998356
2,3515,112518.28999998354
2,3516,111930.07999998356
2,3517,106475.59999998358
2,3518,97620.14999998358
2,3519,81859.5799999852
2,3520,61401.3599999852
2,3521,40660.61999998522
2,3522,21900.179999985212
2,3523,11722.509999985208
2,3524,7833.719999985208
2,3525,9043.539999985209
2,3526,9823.719999985207
2,3527,11119.959999985209
2,3528,11119.959999985207
2,3529,11552.039999985209
2,3530,11468.05999998521
2,3531,10096.819999985208
2,3532,11492.39999998521
2,3533,17682.06999998521
2,3534,32444.97999998521
2,3535,52641.03999998521
2,3536,72378.00999998521
2,3537,91892.2999999852
2,3538,106534.27999998145
2,3539,119240.62999998145
2,3540,124810.29999998145
2,3541,123764.48999998142
2,3542,120842.99999998145
2,3543,114495.55999998146
2,3544,97396.27999998145
2,3545,74117.0799999852
2,3546,54248.949999985205
2,3547,35859.01999998521
2,3548,30363.959999985207
2,3549,29842.25999998521
2,3550,30090.999999985208
2,3551,27876.75999998521
2,3552,26508.71999998521
2,3553,27619.03999998521
2,3554,28045.33999998521
2,3555,28036.359999985212
2,3556,28055.32999998521
2,3557,30594.439999985214
2,3558,44468.94999998521
2,3559,69598.6199999852
2,3560,94483.87999998144
2,3561,114094.85999998145
2,3562,124637.77999998143
2,3563,126857.96999998146
2,3564,124321.24999998145
2,3565,116637.35999998145
2,3566,107309.36999998144
2,3567,95671.27999998145
2,3568,81127.56999998518
2,3569,60469.7599999852
2,3570,40797.53999998521
2,3571,24826.27999998521
2,3572,19331.21999998521
2,3573,20360.89999998521
2,3574,20789.779999985207
2,3575,20618.619999985207
2,3576,20099.35999998521
2,3577,19412.139999985207
2,3578,18976.85999998521
2,3579,18989.03999998521
2,3580,18929.39999998521
2,3581,24355.619999985203
2,3582,36079.47999998521
2,3583,57873.06999998145
2,3584,84987.91305288638
2,3585,107205.25018073553
2,3586,117186.06931900683
2,3587,116013.4772606139
2,3588,109376.98017869577
2,3589,101749.16097419432
2,3590,93296.29165811394
2,3591,81495.24489953458
2,3592,67836.05999998143
2,3593,53803.0499999852
2,3594,39060.54999998521
2,3595,27257.029999985207
2,3596,23807.79999998521
2,3597,25683.679999985212
2,3598,28342.17999998521
2,3599,27994.079999985213
2,3600,26187.559999985206
2,3601,24741.319999985208
2,3602,21071.85999998521
2,3603,19877.559999985206
2,3604,21608.809999985206
2,3605,30109.09999998521
2,3606,43770.109999981454
2,3607,63263.97868953449
2,3608,88700.05661800328
2,3609,105269.81981246283
2,3610,110178.68377006604
2,3611,112988.0176919845
2,3612,113648.39971225447
2,3613,112500.59597010033
2,3614,111335.64403676332
2,3615,106112.67243670642
2,3616,92988.27714097458
2,3617,74523.0326839109
2,3618,52664.89999998521
2,3619,35371.46999998522
2,3620,29362.019999985205
2,3621,28060.139999985207
2,3622,28978.139999985207
2,3623,28272.959999985207
2,3624,26724.779999985207
2,3625,25851.639999985207
2,3626,23532.259999985206
2,3627,22089.21999998521
2,3628,21240.579999985206
2,3629,29080.38999998521
2,3630,49721.6509375138
2,3631,73765.80719095342
2,3632,102176.1722050457
2,3633,118364.90809097106
2,3634,122010.18111023163
2,3635,120486.80365232931
2,3636,118416.82717316734
2,3637,115174.40746833241
2,3638,116129.05527676274
2,3639,116429.16683673061
2,3640,104252.53062649991
2,3641,82176.71177098287
2,3642,52129.519999985205
2,3643,32142.829999985206
2,3644,26547.699999985205
2,3645,29959.579999985202
2,3646,31570.579999985213
2,3647,31390.43999998521
2,3648,29503.139999985207
2,3649,26583.71999998521
2,3650,23841.239999985206
2,3651,21953.93999998521
2,3652,23163.75999998521
2,3653,30784.32999998521
2,3654,48103.419999985206
2,3655,78605.81999998145
2,3656,106630.33782565125
2,3657,128186.19331809683
2,3658,144916.42835299642
2,3659,150768.49499613018
2,3660,143776.03326319307
2,3661,139385.59276466526
2,3662,133088.08767364884
2,3663,119803.707101509
2,3664,98766.37239228249
2,3665,69536.19999998521
2,3666,43603.08999998522
2,3667,25654.38999998521
2,3668,21480.059999985206
2,3669,24286.11999998521
2,3670,24202.139999985207
2,3671,21384.659999985204
2,3672,19074.25999998521
2,3673,17703.01999998521
2,3674,16331.779999985207
2,3675,16067.659999985206
2,3676,18134.379999985213
2,3677,26656.00999998521
2,3678,43461.4699999852
2,3679,64292.35999998522
2,3680,89647.96999998145
2,3681,112266.42999998145
2,3682,126980.99999998145
2,3683,134072.18999998143
2,3684,128229.38999998145
2,3685,110673.26999998145
2,3686,96030.13999998146
2,3687,82070.73999998522
2,3688,63379.00999998521
2,3689,43922.809999985206
2,3690,25668.11999998521
2,3691,14003.299999985205
2,3692,10890.959999985207
2,3693,10975.699999985207
2,3694,11830.879999985209
2,3695,12854.019999985208
2,3696,14213.07999998521
2,3697,14200.89999998521
2,3698,12325.779999985205
2,3699,11206.479999985208
2,3700,13529.679999985208
2,3701,21436.5199999852
2,3702,30367.98999998521
2,3703,40062.17999998521
2,3704,48155.08999998522
2,3705,54982.14999998521
2,3706,62017.51999998521
2,3707,64606.44999998521
2,3708,66261.9699999852
2,3709,67122.52999998521
2,3710,65065.35999998521
2,3711,54676.74999998521
2,3712,47381.429999985216
2,3713,35979.9199999852
2,3714,27324.67999998521
2,3715,22748.309999985206
2,3716,18732.849999985207
2,3717,19421.73999998521
2,3718,19091.59999998521
2,3719,17900.499999985208
2,3720,17129.29999998521
2,3721,15497.139999985207
2,3722,16265.139999985211
2,3723,15409.959999985209
2,3724,16980.87999998521
2,3725,22308.669999985206
2,3726,31354.77999998521
2,3727,47664.86999998522
2,3728,64779.83999998521
2,3729,80508.21999998522
2,3730,93017.7799999852
2,3731,96943.66999998521
2,3732,96134.66999998357
2,3733,93663.96999998357
2,3734,84199.02999998521
2,3735,75553.1999999852
2,3736,64635.96999998521
2,3737,57196.67999998521
2,3738,50543.55999998521
2,3739,45555.68999998521
2,3740,45459.5899999852
2,3741,45917.69999998521
2,3742,47997.31999998521
2,3743,48432.59999998145
2,3744,46728.63999998146
2,3745,44592.59999998145
2,3746,41169.29999998145
2,3747,38337.05999998145
2,3748,39454.16999998146
2,3749,44471.11999998145
2,3750,54131.83979606909
2,3751,68642.85055612381
2,3752,85043.43445315868
2,3753,97787.38247218412
2,3754,105734.80168323281
2,3755,110778.87493092298
2,3756,114219.5250193589
2,3757,119696.5156545412
2,3758,121721.80694678714
2,3759,112295.35945677292
2,3760,99220.36192543352
2,3761,80492.87543383008
2,3762,62584.74999998145
2,3763,51225.30999998146
2,3764,45200.48999998145
2,3765,49306.89999998145
2,3766,50687.11999998145
2,3767,49324.85999998145
2,3768,48997.919999981474
2,3769,47044.59999998146
2,3770,44314.29999998145
2,3771,40548.679999981454
2,3772,39381.919999981445
2,3773,43530.889999981446
2,3774,54259.738660239585
2,3775,70862.63611658785
2,3776,89696.48839180068
2,3777,99711.97513205542
2,3778,105432.16310097577
2,3779,104158.0901572527
2,3780,101202.01037634147
2,3781,93177.03232613463
2,3782,83333.65498737324
2,3783,74310.60524623693
2,3784,64735.969999981455
2,3785,47994.65999998521
2,3786,32581.749999985208
2,3787,17148.159999985208
2,3788,12331.419999985206
2,3789,15653.539999985209
2,3790,21045.53999998521
2,3791,24211.119999985207
2,3792,25573.37999998521
2,3793,25996.479999985208
2,3794,24193.159999985208
2,3795,24268.159999985208
2,3796,26250.89999998521
2,3797,33762.29999998521
2,3798,50858.39999998521
2,3799,74990.53999998141
2,3800,101016.60999998145
2,3801,119436.50999998144
2,3802,123297.84999998147
2,3803,114941.46999998143
2,3804,110571.77999998146
2,3805,105804.53999998145
2,3806,99710.41999998144
2,3807,88158.70999998145
2,3808,71031.53999998521
2,3809,50326.04999998522
2,3810,32181.15999998521
2,3811,16962.16999998521
2,3812,8712.599999985208
2,3813,6483.739999985208
2,3814,5724.719999985209
2,3815,5133.659999985208
2,3816,5049.679999985208
2,3817,4026.539999985208
2,3818,3510.4799999852075
2,3819,3246.3599999852077
2,3820,5074.0199999852075
2,3821,13013.839999985208
2,3822,24691.309999985206
2,3823,39315.2599999852
2,3824,54439.25999998522
2,3825,65626.8599999852
2,3826,71099.3999999852
2,3827,70181.6499999852
2,3828,66982.6199999852
2,3829,63714.04999998521
2,3830,59687.48999998521
2,3831,53824.50999998521
2,3832,45945.29999998522
2,3833,34400.34999998521
2,3834,24112.559999985206
2,3835,16703.329999985206
2,3836,13785.109999985209
2,3837,14222.05999998521
2,3838,14486.179999985208
2,3839,14054.099999985207
2,3840,12766.839999985208
2,3841,12682.859999985209
2,3842,13114.939999985207
2,3843,13030.959999985207
2,3844,13658.539999985209
2,3845,17033.47999998521
2,3846,23248.379999985205
2,3847,31651.96999998521
2,3848,44842.03999998521
2,3849,56471.63999998522
2,3850,67841.22999998521
2,3851,74887.40999998522
2,3852,75526.5599999852
2,3853,70557.6999999852
2,3854,63762.79999998522
2,3855,56164.12999998521
2,3856,45439.919999985206
2,3857,34542.1499999852
2,3858,23988.089999985208
2,3859,17058.68999998521
2,3860,15072.36999998521
2,3861,15500.339999985208
2,3862,13277.119999985207
2,3863,12761.059999985207
2,3864,12328.979999985208
2,3865,12244.999999985208
2,3866,12244.999999985208
2,3867,12677.079999985206
2,3868,12769.059999985207
2,3869,16463.51999998521
2,3870,21697.309999985206
2,3871,30754.05999998521
2,3872,39849.03999998521
2,3873,49945.1199999852
2,3874,57860.58999998522
2,3875,63780.959999985214
2,3876,71789.67999998356
2,3877,74524.56999998355
2,3878,73811.88999998357
2,3879,68837.82999998359
2,3880,59002.91999998523
2,3881,47042.52999998521
2,3882,33785.76999998521
2,3883,21936.389999985207
2,3884,16511.15999998521
2,3885,18038.939999985207
2,3886,18206.89999998521
2,3887,17087.59999998521
2,3888,16571.53999998521
2,3889,15536.21999998521
2,3890,13309.799999985205
2,3891,12790.53999998521
2,3892,15684.369999985209
2,3893,22962.129999985205
2,3894,37953.09999998521
2,3895,61006.88999998522
2,3896,88283.94999998146
2,3897,111837.0816355731
2,3898,131134.83603960916
2,3899,141390.28274713148
2,3900,143664.92073244645
2,3901,140463.63404676036
2,3902,132180.94242980957
2,3903,118782.88314124856
2,3904,99036.33211906266
2,3905,69729.86999998521
2,3906,43927.80999998521
2,3907,29418.359999985212
2,3908,26724.63999998521
2,3909,27997.279999985207
2,3910,28333.199999985205
2,3911,24567.579999985206
2,3912,22764.259999985206
2,3913,18578.73999998521
2,3914,13697.019999985208
2,3915,13840.619999985205
2,3916,17083.69999998521
2,3917,26618.61999998521
2,3918,43250.94999998145
2,3919,65195.941891693474
2,3920,86856.33194846583
2,3921,106998.29765920101
2,3922,120652.13338705648
2,3923,126536.8196184834
2,3924,126588.27442681964
2,3925,121010.34448173785
2,3926,110165.20542163057
2,3927,101770.13317901576
2,3928,90972.63359157737
2,3929,74533.24999998143
2,3930,51389.83999998521
2,3931,41420.529999985214
2,3932,42821.819999985215
2,3933,45090.65999998522
2,3934,46005.45999998521
2,3935,43514.919999985206
2,3936,39833.279999985214
2,3937,36067.65999998521
2,3938,31785.979999985204
2,3939,27768.41999998521
2,3940,26170.21999998521
2,3941,28854.33999998521
2,3942,31929.29999998521
2,3943,33941.04999998521
2,3944,41263.49999998521
2,3945,47519.33999998521
2,3946,55569.4399999852
2,3947,60664.98999998521
2,3948,62588.40999998522
2,3949,67636.41999998358
2,3950,64366.24999998357
2,3951,61665.389999983556
2,3952,58578.02999998521
2,3953,54253.169999985206
2,3954,45656.50999998521
2,3955,35483.43999998521
2,3956,30245.10999998521
2,3957,28803.739999985206
2,3958,25986.259999985206
2,3959,26322.179999985205
2,3960,25383.019999985205
2,3961,25206.07999998521
2,3962,24341.919999985206
2,3963,23477.759999985206
2,3964,21707.75999998521
2,3965,24688.119999985203
2,3966,31090.10999998521
2,3967,42241.45999998523
2,3968,57171.18999998521
2,3969,69696.21999998523
2,3970,78648.6699999852
2,3971,82580.51999998519
2,3972,83554.10999998522
2,3973,81876.64999998518
2,3974,76499.32999998519
2,3975,66377.36999998521
2,3976,55703.91999998521
2,3977,43286.629999985205
2,3978,32015.489999985213
2,3979,23636.749999985208
2,3980,17968.049999985207
2,3981,18479.999999985208
2,3982,20106.37999998521
2,3983,20181.379999985205
2,3984,19569.159999985208
2,3985,16910.659999985208
2,3986,15455.439999985207
2,3987,16310.619999985209
2,3988,17201.749999985204
2,3989,22574.87999998521
2,3990,32479.359999985212
2,3991,45318.20999998521
2,3992,60805.45999998521
2,3993,73658.97999998521
2,3994,82093.41999998521
2,3995,88149.70999998522
2,3996,93743.73999998358
2,3997,91508.35999998357
2,3998,87639.38999998358
2,3999,77463.6399999852
2,4000,62907.04999998522
2,4001,44339.01999998521
2,4002,26290.569999985208
2,4003,12374.069999985208
2,4004,6853.769999985208
2,4005,4620.799999985207
2,4006,3681.639999985208
2,4007,2742.479999985208
2,4008,2742.479999985208
2,4009,2310.3999999852076
2,4010,2394.379999985208
2,4011,2394.379999985208
2,4012,5241.279999985209
2,4013,12663.77999998521
2,4014,28524.049999985207
2,4015,49591.11999998521
2,4016,72496.45999998519
2,4017,91402.59999998355
2,4018,103904.94999998354
2,4019,106961.18999998356
2,4020,106367.42999998355
2,4021,99375.53999998358
2,4022,88157.6899999836
2,4023,78639.6299999852
2,4024,59866.90999998522
2,4025,38065.33999998521
2,4026,22409.259999985203
2,4027,12934.389999985206
2,4028,10540.689999985208
2,4029,9498.699999985207
2,4030,9750.63999998521
2,4031,10098.739999985206
2,4032,9594.859999985207
2,4033,8139.639999985207
2,4034,9066.619999985209
2,4035,9066.619999985207
2,4036,10204.88999998521
2,4037,15195.589999985206
2,4038,24010.119999985207
2,4039,37016.51999998522
2,4040,53940.639999985215
2,4041,71479.2999999852
2,4042,81229.47999998517
2,4043,86746.73999998519
2,4044,90024.53999998521
2,4045,89531.04999998357
2,4046,85857.5199999852
2,4047,76550.01999998519
2,4048,63666.9199999852
2,4049,47495.01999998521
2,4050,31953.179999985216
2,4051,21727.159999985208
2,4052,18519.249999985208
2,4053,19092.21999998521
2,4054,19515.319999985208
2,4055,21993.67999998521
2,4056,21138.499999985208
2,4057,19176.19999998521
2,4058,17117.73999998521
2,4059,16598.479999985208
2,4060,17022.929999985212
2,4061,22943.24999998521
2,4062,33744.71999998521
2,4063,51925.489999985206
2,4064,70617.3199999852
2,4065,83390.15999998522
2,4066,88421.79999998523
2,4067,91322.17999998521
2,4068,90564.8699999852
2,4069,87994.91999998521
2,4070,82424.56999998521
2,4071,73597.65999998519
2,4072,56963.6299999852
2,4073,41542.96999998521
2,4074,26089.26999998521
2,4075,15207.289999985209
2,4076,9259.709999985209
2,4077,8985.839999985208
2,4078,10705.179999985208
2,4079,13288.679999985208
2,4080,14668.89999998521
2,4081,16724.15999998521
2,4082,17936.419999985206
2,4083,19496.77999998521
2,4084,20627.049999985207
2,4085,27003.419999985206
2,4086,38005.609999985216
2,4087,54596.41999998145
2,4088,74408.72824622132
2,4089,92669.78855580973
2,4090,106326.60301886851
2,4091,113610.59624035002
2,4092,116110.031529717
2,4093,112120.75508372816
2,4094,103718.05440021088
2,4095,91163.6463188391
2,4096,79212.92557281055
2,4097,62499.9699999852
2,4098,44609.47999998521
2,4099,27851.239999985206
2,4100,20970.709999985207
2,4101,18801.199999985205
2,4102,19056.33999998521
2,4103,18624.25999998521
2,4104,19995.499999985208
2,4105,21441.73999998521
2,4106,20586.559999985206
2,4107,20670.53999998521
2,4108,22996.82999998521
2,4109,28915.61999998521
2,4110,43271.36999998145
2,4111,65263.10718360391
2,4112,90597.42832705009
2,4113,107185.19561222811
2,4114,112273.21553330019
2,4115,115025.72854453856
2,4116,116997.59537698819
2,4117,116021.04637797504
2,4118,111565.0699374175
2,4119,100392.09795219277
2,4120,85711.6590116808
2,4121,67938.29999998145
2,4122,41968.71999998521
2,4123,21344.36999998521
2,4124,11378.409999985208
2,4125,9145.439999985208
2,4126,7606.239999985209
2,4127,5895.879999985208
2,4128,5556.759999985208
2,4129,5553.5599999852075
2,4130,6924.799999985207
2,4131,6585.679999985208
2,4132,9247.519999985208
2,4133,20778.929999985205
2,4134,38933.14999998521
2,4135,58733.3899999852
2,4136,82699.1899999852
2,4137,106528.40999998144
2,4138,117233.68999998143
2,4139,117769.58999998146
2,4140,119567.47999998144
2,4141,122730.17999998144
2,4142,116904.65999998144
2,4143,106919.06999998145
2,4144,85237.03999998144
2,4145,61355.0799999852
2,4146,34755.26999998521
2,4147,18481.349999985207
2,4148,12281.049999985207
2,4149,12355.919999985208
2,4150,13979.09999998521
2,4151,14738.11999998521
2,4152,13534.839999985208
2,4153,11815.499999985208
2,4154,13693.819999985208
2,4155,15488.159999985208
2,4156,18242.09999998521
2,4157,24885.889999985215
2,4158,43717.72999998521
2,4159,74412.48999998147
2,4160,102546.32819056048
2,4161,121479.72526061485
2,4162,132642.24902901842
2,4163,140980.12734666895
2,4164,144880.23596937445
2,4165,144675.54011303242
2,4166,138678.092903023
2,4167,123265.92295364264
2,4168,101167.99224869291
2,4169,70098.1199999852
2,4170,38236.98999998521
2,4171,19556.60999998521
2,4172,10636.709999985207
2,4173,10531.439999985207
2,4174,10951.339999985208
2,4175,10335.919999985208
2,4176,9720.499999985208
2,4177,9105.079999985206
2,4178,7049.819999985207
2,4179,6629.919999985207
2,4180,8528.679999985208
2,4181,18686.149999985206
2,4182,39833.57999998522
2,4183,69168.27999998518
2,4184,98969.5734638729
2,4185,121197.38794890247
2,4186,134354.2825369085
2,4187,139561.51555793092
2,4188,139792.80905327917
2,4189,133602.7926933258
2,4190,122543.50347268174
2,4191,105571.67297474702
2,4192,82924.19999998144
2,4193,56482.4399999852
2,4194,33013.099999985214
2,4195,16417.35999998521
2,4196,11488.689999985205
2,4197,13513.679999985208
2,4198,15133.659999985208
2,4199,17524.839999985208
2,4200,17524.839999985208
2,4201,16081.799999985209
2,4202,14977.879999985213
2,4203,14050.89999998521
2,4204,13977.88999998521
2,4205,20678.239999985206
2,4206,34531.6499999852
2,4207,55178.459999985214
2,4208,79771.4199999852
2,4209,98542.53999998145
2,4210,112087.38999998146
2,4211,122579.54999998146
2,4212,130222.88999998145
2,4213,130514.92999998144
2,4214,120206.55999998146
2,4215,105989.44999998144
2,4216,88231.69999998144
2,4217,65138.06999998521
2,4218,41464.67999998521
2,4219,25200.549999985207
2,4220,20649.509999985206
2,4221,23118.759999985206
2,4222,26100.999999985208
2,4223,26940.799999985207
2,4224,26592.69999998521
2,4225,25224.65999998521
2,4226,23517.499999985204
2,4227,20703.21999998521
2,4228,20118.69999998521
2,4229,25913.119999985207
2,4230,42943.559999985206
2,4231,70095.06999998144
2,4232,101740.32242985537
2,4233,125248.5256077945
2,4234,138237.46059034593
2,4235,142910.3512105437
2,4236,142872.5407181248
2,4237,137097.02380100175
2,4238,127171.5109292204
2,4239,112315.46294889318
2,4240,93231.40403230459
2,4241,62866.12999998522
2,4242,37389.89999998521
2,4243,25059.109999985212
2,4244,18199.09999998521
2,4245,18203.69999998521
2,4246,18894.11999998521
2,4247,18617.819999985208
2,4248,17942.779999985207
2,4249,18026.75999998521
2,4250,16823.479999985208
2,4251,15952.919999985208
2,4252,17444.20999998521
2,4253,26725.239999985206
2,4254,41555.88999998146
2,4255,61942.66038979356
2,4256,84024.46141951188
2,4257,108993.46252129975
2,4258,124596.0824556017
2,4259,129964.75837404732
2,4260,121922.58739841133
2,4261,114276.4611999368
2,4262,106288.99015253082
2,4263,95664.02072141485
2,4264,80101.64878768768
2,4265,57135.61999998522
2,4266,36321.889999985215
2,4267,21945.709999985203
2,4268,17639.70999998521
2,4269,16607.45999998521
2,4270,16628.619999985207
2,4271,19031.979999985208
2,4272,20403.21999998521
2,4273,19548.039999985212
2,4274,17924.8599999852
2,4275,16133.71999998521
2,4276,16074.07999998521
2,4277,22845.579999985206
2,4278,33388.06999998521
2,4279,51068.74999998146
2,4280,66181.65979868043
2,4281,77467.43009306074
2,4282,88082.76438058857
2,4283,99882.81139636882
2,4284,110313.0358033848
2,4285,109758.50850760279
2,4286,106776.51027285939
2,4287,91035.37147377041
2,4288,71470.5695352319
2,4289,52550.589999985204
2,4290,31543.959999985207
2,4291,17715.589999985208
2,4292,12134.759999985206
2,4293,11536.619999985207
2,4294,11959.71999998521
2,4295,13079.01999998521
2,4296,15221.459999985207
2,4297,14366.279999985207
2,4298,16160.619999985209
2,4299,15221.459999985207
2,4300,15663.529999985209
2,4301,23251.01999998521
2,4302,34479.27999998521
2,4303,50556.129999985205
2,4304,71655.8399999852
2,4305,93109.47999998146
2,4306,107676.15246374378
2,4307,126454.15655160662
2,4308,137621.75604853203
2,4309,138078.52404957183
2,4310,130554.56231778282
2,4311,119558.48501148002
2,4312,94297.37104336072
2,4313,64096.429999985216
2,4314,37904.909999985204
2,4315,22518.539999985212
2,4316,15298.27999998521
2,4317,13765.619999985207
2,4318,15061.859999985209
2,4319,17297.25999998521
2,4320,20039.739999985206
2,4321,23733.55999998521
2,4322,27859.45999998521
2,4323,31285.95999998521
2,4324,36122.579999981455
2,4325,44202.04999998146
2,4326,62023.69999998145
2,4327,91534.19121363276
2,4328,119684.76323298218
2,4329,130851.35404502184
2,4330,137944.42378874228
2,4331,138299.75139220495
2,4332,138539.37047264268
2,4333,139093.43266871542
2,4334,134482.74918873105
2,4335,123882.79026234947
2,4336,111187.34777345171
2,4337,90738.95640359144
2,4338,64059.65999998146
2,4339,44314.999999981446
2,4340,35375.179999981454
2,4341,35120.79999998146
2,4342,40248.67999998145
2,4343,44005.319999981446
2,4344,47518.999999981446
2,4345,47838.73004422099
2,4346,48722.132742924805
2,4347,48453.337029155766
2,4348,47345.59227403767
2,4349,55494.72854838348
2,4350,71532.71614548005
2,4351,92720.50778656211
2,4352,110231.15718345871
2,4353,125730.43897828399
2,4354,134149.00015591274
2,4355,139577.0729588283
2,4356,139316.3587595303
2,4357,137424.12625479497
2,4358,131257.46069210075
2,4359,119585.52996936016
2,4360,102531.19190901906
2,4361,81747.49999998143
2,4362,60543.4899999852
2,4363,40763.27999998521
2,4364,32441.909999985208
2,4365,30398.05999998521
2,4366,29617.879999985213
2,4367,30973.73999998521
2,4368,31828.919999985206
2,4369,30289.71999998521
2,4370,26872.199999985205
2,4371,25161.839999985204
2,4372,23479.019999985212
2,4373,26424.459999985207
2,4374,38170.7199999852
2,4375,55746.1899999852
2,4376,74360.4499999852
2,4377,91771.96999998146
2,4378,102702.48999998144
2,4379,113420.73999998144
2,4380,118184.39999998146
2,4381,113864.13999998147
2,4382,107177.96999998146
2,4383,102317.86999998146
2,4384,89085.00999998146
2,4385,68042.9099999852
2,4386,50751.459999985214
2,4387,36145.94999998521
2,4388,26734.48999998521
2,4389,26292.659999985215
2,4390,26976.679999985212
2,4391,25362.479999985204
2,4392,24183.55999998521
2,4393,21990.479999985204
2,4394,21747.519999985205
2,4395,20469.23999998521
2,4396,21337.21999998521
2,4397,27180.98999998521
2,4398,40378.24999998521
2,4399,63390.97999998521
2,4400,87857.39999998144
2,4401,105231.86999998146
2,4402,112952.80999998146
2,4403,115634.72999998144
2,4404,119554.06999998145
2,4405,120660.23999998147
2,4406,113677.31999998145
2,4407,100489.48999998147
2,4408,82085.52999998146
2,4409,57853.3799999852
2,4410,35510.31999998521
2,4411,20063.029999985207
2,4412,14817.089999985208
2,4413,13448.279999985207
2,4414,15092.61999998521
2,4415,16040.759999985206
2,4416,16904.91999998521
2,4417,19065.319999985208
2,4418,21657.79999998521
2,4419,22014.87999998521
2,4420,23062.999999985208
2,4421,30034.739999985206
2,4422,44961.429999981454
2,4423,67582.08912894351
2,4424,91760.36071543153
2,4425,110513.02148633744
2,4426,120015.29378881864
2,4427,125816.27617628682
2,4428,125975.80125426225
2,4429,123593.11750027738
2,4430,118354.50157808069
2,4431,109839.62485680047
2,4432,95228.4408371911
2,4433,74674.01999998146
2,4434,56581.02999998145
2,4435,40976.90999998145
2,4436,34543.73999998145
2,4437,33509.179999981454
2,4438,36230.49999998145
2,4439,41166.05999998146
2,4440,45006.679999981454
2,4441,49771.79751857781
2,4442,51284.458688951214
2,4443,51588.07913936695
2,4444,50363.1249754663
2,4445,57346.69215347286
2,4446,66311.81968850072
2,4447,79909.61499810017
2,4448,95471.59422816153
2,4449,104171.26767844331
2,4450,107281.95436652555
2,4451,108885.43105521926
2,4452,108546.21489226367
2,4453,108470.6356494164
2,4454,109054.65758722971
2,4455,110694.34132456162
2,4456,108457.45847753348
2,4457,98443.94302459047
2,4458,80738.553299802
2,4459,61186.17334876577
2,4460,48616.63859796052
2,4461,45302.67469833227
2,4462,47409.992766062416
2,4463,47406.18245116112
2,4464,48215.440293154374
2,4465,48863.574504665754
2,4466,47780.81622689105
2,4467,50731.54967308878
2,4468,54093.14496860988
2,4469,64616.24967262087
2,4470,81746.3651833306
2,4471,104405.17046880562
2,4472,124432.71684246711
2,4473,131541.48343316704
2,4474,137783.2986669743
2,4475,135842.68510510307
2,4476,135435.16154395376
2,4477,133632.35203597776
2,4478,132102.10732441978
2,4479,127888.38639401697
2,4480,123565.89361340232
2,4481,105641.70992375912
2,4482,85287.40857280973
2,4483,62817.13629937889
2,4484,49577.90710876074
2,4485,44204.1147452796
2,4486,43018.328177909505
2,4487,43831.436484614445
2,4488,47894.55630630467
2,4489,50356.429723525514
2,4490,52494.153561748906
2,4491,49993.444976142055
2,4492,47629.95329738299
2,4493,56299.97111744709
2,4494,76524.59156608314
2,4495,105189.68264494633
2,4496,123112.55054731395
2,4497,132715.84113405185
2,4498,136718.64197552096
2,4499,138877.33995418926
2,4500,136431.79142110667
2,4501,134002.70880466053
2,4502,133085.91311894293
2,4503,125392.17656670933
2,4504,110040.5353449292
2,4505,92554.28538217464
2,4506,67078.5499999852
2,4507,47357.40999998521
2,4508,38000.95999998521
2,4509,33725.819999985215
2,4510,32702.679999985212
2,4511,33293.739999985206
2,4512,32513.559999985213
2,4513,29939.039999985205
2,4514,26941.41999998521
2,4515,23352.73999998521
2,4516,21670.89999998521
2,4517,24232.04999998521
2,4518,32461.86999998521
2,4519,49183.00999998521
2,4520,67523.9599999852
2,4521,85960.9499999852
2,4522,98574.58999998355
2,4523,108225.78999998356
2,4524,108503.85999998356
2,4525,103894.3399999836
2,4526,96426.45999998359
2,4527,83943.94999998357
2,4528,67486.6299999852
2,4529,50579.709999985214
2,4530,31588.85999998521
2,4531,20549.17999998521
2,4532,13761.369999985207
2,4533,12394.999999985208
2,4534,11287.879999985209
2,4535,11203.89999998521
2,4536,10264.739999985206
2,4537,9832.659999985208
2,4538,9916.639999985207
2,4539,9736.499999985208
2,4540,10608.019999985208
2,4541,15509.549999985205
2,4542,25805.669999985214
2,4543,39923.58999998522
2,4544,55244.789999985216
2,4545,72608.2399999852
2,4546,87738.1599999852
2,4547,94201.05999998518
2,4548,100204.39999998357
2,4549,103363.70999998358
2,4550,104275.15999998357
2,4551,95049.91999998357
2,4552,79925.1099999852
2,4553,57522.81999998519
2,4554,35052.819999985215
2,4555,18983.889999985204
2,4556,11349.979999985208
2,4557,8683.25999998521
2,4558,6870.959999985208
2,4559,5406.759999985208
2,4560,4542.5999999852065
2,4561,3846.3999999852076
2,4562,5469.579999985208
2,4563,7428.679999985208
2,4564,10679.839999985208
2,4565,21115.879999985205
2,4566,37208.11999998521
2,4567,59389.59999998521
2,4568,79145.7999999852
2,4569,96994.70999998145
2,4570,114101.78999998145
2,4571,125524.36999998144
2,4572,130646.79999998145
2,4573,125642.35999998145
2,4574,115356.41999998146
2,4575,105666.70999998144
2,4576,91851.72999998143
2,4577,69909.7699999852
2,4578,46481.28999998521
2,4579,27824.90999998521
2,4580,17422.79999998521
2,4581,13829.09999998521
2,4582,11869.999999985208
2,4583,11702.039999985209
2,4584,12641.199999985207
2,4585,13580.359999985207
2,4586,15458.679999985208
2,4587,18708.23999998521
2,4588,24631.65999998521
2,4589,33220.2999999852
2,4590,45486.829999981455
2,4591,64778.290490426865
2,4592,85683.60528999951
2,4593,100873.05475563068
2,4594,112725.43995772632
2,4595,118736.49716328787
2,4596,119379.45052631857
2,4597,118872.17389563296
2,4598,114886.18352190776
2,4599,105197.00842742994
2,4600,90566.19163683156
2,4601,75828.71999998145
2,4602,49470.32999998522
2,4603,29301.01999998521
2,4604,20096.639999985207
2,4605,19155.03999998521
2,4606,20958.35999998521
2,4607,21378.259999985203
2,4608,22062.27999998521
2,4609,18644.75999998521
2,4610,18053.69999998521
2,4611,17369.67999998521
2,4612,18420.35999998521
2,4613,24608.619999985203
2,4614,41906.489999981466
2,4615,69562.96942289388
2,4616,93939.98130239695
2,4617,109278.79198668044
2,4618,113121.29410337556
2,4619,112597.46918620206
2,4620,113779.57532153913
2,4621,112804.0509520365
2,4622,108074.811035847
2,4623,99793.2181131172
2,4624,84838.94031838367
2,4625,63890.35999998146
2,4626,35714.90999998522
2,4627,15536.329999985208
2,4628,8214.499999985208
2,4629,8547.979999985208
2,4630,8967.879999985209
2,4631,9303.799999985207
2,4632,9039.679999985208
2,4633,8355.659999985208
2,4634,8187.699999985209
2,4635,9210.839999985208
2,4636,9238.379999985209
2,4637,17849.539999985212
2,4638,38720.00999998522
2,4639,70351.94999998147
2,4640,101303.40623609161
2,4641,121347.02045678862
2,4642,130739.2976991706
2,4643,138248.16429953696
2,4644,141101.96230007324
2,4645,138066.3923168177
2,4646,129109.4674979436
2,4647,112646.86268817216
2,4648,90206.55999998146
2,4649,59193.669999985206
2,4650,30413.339999985215
2,4651,12544.469999985206
2,4652,6505.669999985208
2,4653,7099.159999985208
2,4654,7963.319999985208
2,4655,8911.459999985207
2,4656,9427.519999985208
2,4657,9868.57999998521
2,4658,10300.659999985208
2,4659,9709.599999985207
2,4660,10241.659999985208
2,4661,18568.269999985212
2,4662,37133.35999998521
2,4663,61032.039999985194
2,4664,89023.60999998143
2,4665,112126.66999998146
2,4666,122177.31999998142
2,4667,123432.94999998144
2,4668,121764.54999998143
2,4669,111431.91999998142
2,4670,97142.37999998144
2,4671,75992.82999998519
2,4672,55231.23999998521
2,4673,36535.2999999852
2,4674,20019.71999998521
2,4675,10337.489999985206
2,4676,8454.919999985206
2,4677,10255.799999985209
2,4678,10930.839999985208
2,4679,11077.639999985207
2,4680,11467.399999985208
2,4681,11629.579999985206
2,4682,11116.71999998521
2,4683,10516.679999985208
2,4684,9753.479999985206
2,4685,10883.119999985205
2,4686,18006.369999985207
2,4687,26190.139999985207
2,4688,36106.69999998521
2,4689,45700.99999998522
2,4690,53746.72999998522
2,4691,64328.84999998522
2,4692,73349.97999998523
2,4693,77901.1799999852
2,4694,77230.67999998521
2,4695,70509.8099999852
2,4696,57332.239999985206
2,4697,41856.769999985205
2,4698,24310.089999985208
2,4699,10806.079999985208
2,4700,5727.159999985208
2,4701,4533.619999985208
2,4702,4449.639999985208
2,4703,5133.659999985208
2,4704,5733.699999985209
2,4705,6165.779999985209
2,4706,5226.619999985209
2,4707,5142.639999985207
2,4708,5582.719999985207
2,4709,9980.889999985207
2,4710,17656.629999985213
2,4711,29063.489999985213
2,4712,42309.709999985214
2,4713,51790.83999998521
2,4714,59049.37999998522
2,4715,66121.18999998519
2,4716,68552.8299999852
2,4717,66100.79999998519
2,4718,63476.579999985195
2,4719,55193.739999985206
2,4720,45592.46999998521
2,4721,33615.29999998521
2,4722,20773.679999985212
2,4723,11130.279999985207
2,4724,5812.8099999852075
2,4725,4710.5599999852075
2,4726,4890.699999985208
2,4727,4806.719999985207
2,4728,5070.839999985208
2,4729,5586.899999985208
2,4730,5934.999999985208
2,4731,5934.999999985207
2,4732,6459.0599999852075
2,4733,13437.569999985206
2,4734,26539.019999985205
2,4735,46595.17999998521
2,4736,71401.8199999852
2,4737,93395.66999998357
2,4738,102520.33999998357
2,4739,104223.33999998357
2,4740,101925.47999998355
2,4741,94171.56999998356
2,4742,85105.27999998358
2,4743,71711.1699999852
2,4744,56823.769999985205
2,4745,38428.10999998522
2,4746,22773.519999985205
2,4747,8840.799999985207
2,4748,3428.9399999852085
2,4749,3258.539999985208
2,4750,3258.539999985208
2,4751,1887.2999999852082
2,4752,1887.299999985208
2,4753,1887.2999999852082
2,4754,1371.239999985208
2,4755,1371.239999985208
2,4756,1895.2999999852082
2,4757,9475.22999998521
2,4758,27624.299999985207
2,4759,56246.92999998146
2,4760,85761.35969671862
2,4761,105716.04116930004
2,4762,112818.68154380246
2,4763,114660.62137293915
2,4764,109916.68739024813
2,4765,99988.48376430807
2,4766,89342.41579101133
2,4767,75421.48999998145
2,4768,58707.9399999852
2,4769,39015.97999998522
2,4770,20340.28999998521
2,4771,7820.099999985207
2,4772,2405.7999999852077
2,4773,1887.2999999852082
2,4774,2235.399999985208
2,4775,948.1399999852081
2,4776,1887.2999999852082
2,4777,1971.2799999852077
2,4778,1971.2799999852082
2,4779,2910.439999985208
2,4780,2918.4399999852085
2,4781,10162.899999985208
2,4782,27788.90999998521
2,4783,51727.30999998146
2,4784,77332.08974115041
2,4785,99000.37756272011
2,4786,110987.92362556749
2,4787,114726.86720662855
2,4788,113687.55128108057
2,4789,106951.3729312863
2,4790,95269.23598695097
2,4791,80314.49876466618
2,4792,65539.47999998146
2,4793,42723.90999998522
2,4794,23488.41999998521
2,4795,11365.63999998521
2,4796,4909.429999985209
2,4797,3615.619999985208
2,4798,3615.619999985208
2,4799,5493.9399999852085
2,4800,6349.119999985207
2,4801,6940.179999985208
2,4802,6940.179999985208
2,4803,7024.159999985208
2,4804,7716.17999998521
2,4805,16053.339999985208
2,4806,31423.599999985207
2,4807,51616.389999985215
2,4808,73991.0099999852
2,4809,93444.25999998144
2,4810,109049.90999998144
2,4811,119594.72999998147
2,4812,124548.10999998145
2,4813,127140.75999998144
2,4814,123646.58999998144
2,4815,108455.47999998147
2,4816,84829.13999998145
2,4817,58194.029999985214
2,4818,31360.809999985206
2,4819,14259.789999985203
2,4820,7803.57999998521
2,4821,7801.139999985207
2,4822,9424.319999985208
2,4823,9940.379999985209
2,4824,10024.359999985209
2,4825,10363.47999998521
2,4826,10279.499999985208
2,4827,10195.519999985208
2,4828,11226.659999985208
2,4829,19485.36999998521
2,4830,37287.5499999852
2,4831,65863.25999998521
2,4832,96072.52484953261
2,4833,114998.74965748066
2,4834,125752.70114060421
2,4835,131948.83556021357
2,4836,135017.14365620213
2,4837,131514.04218272836
2,4838,124865.98884334
2,4839,112523.10489784814
2,4840,93015.47093430565
2,4841,65815.8399999852
2,4842,40266.269999985205
2,4843,20419.78999998521
2,4844,13888.579999985206
2,4845,13211.099999985208
2,4846,13811.13999998521
2,4847,13882.93999998521
2,4848,12667.479999985208
2,4849,11719.339999985208
2,4850,11719.339999985208
2,4851,11551.379999985207
2,4852,12246.599999985208
2,4853,18114.37999998521
2,4854,35750.7099999852
2,4855,64303.83999998521
2,4856,93720.15590561285
2,4857,113909.28197960988
2,4858,126697.76638461214
2,4859,134795.63157121747
2,4860,137764.21498053992
2,4861,136179.0587059658
2,4862,126483.88238846291
2,4863,109828.46575722472
2,4864,88122.44999998143
2,4865,58645.24999998521
2,4866,34243.21999998521
2,4867,16728.75999998521
2,4868,10179.999999985208
2,4869,10009.599999985208
2,4870,9661.499999985208
2,4871,8638.359999985209
2,4872,7699.199999985208
2,4873,6844.0199999852075
2,4874,6760.039999985208
2,4875,6760.039999985208
2,4876,7284.099999985208
2,4877,13051.899999985208
2,4878,26795.589999985208
2,4879,51575.01999998521
2,4880,81825.87999998145
2,4881,107793.30275191
2,4882,125862.16252713282
2,4883,136244.94167537996
2,4884,137286.10592798045
2,4885,131348.8568536306
2,4886,116750.91432905378
2,4887,97486.1956000852
2,4888,76159.14999998521
2,4889,50881.47999998521
2,4890,26005.64999998521
2,4891,10615.759999985208
2,4892,5898.319999985207
2,4893,5811.899999985208
2,4894,7531.239999985208
2,4895,8404.379999985207
2,4896,9541.63999998521
2,4897,11110.97999998521
2,4898,11891.159999985208
2,4899,11384.079999985208
2,4900,11908.139999985207
2,4901,17325.389999985207
2,4902,29413.81999998521
2,4903,46543.01999998521
2,4904,65359.179999985216
2,4905,87248.85999998145
2,4906,103964.51999998145
2,4907,113430.30999998146
2,4908,120885.79999998143
2,4909,122480.08999998144
2,4910,116153.91999998144
2,4911,100864.38999998146
2,4912,78019.3799999852
2,4913,55326.64999998521
2,4914,34495.749999985215
2,4915,18406.65999998521
2,4916,13483.439999985208
2,4917,13052.119999985209
2,4918,13907.299999985209
2,4919,13718.179999985206
2,4920,13445.079999985206
2,4921,15398.399999985208
2,4922,17435.69999998521
2,4923,19485.17999998521
2,4924,18554.019999985212
2,4925,21744.20999998521
2,4926,34543.35999998521
2,4927,54632.54999998146
2,4928,80001.15439800799
2,4929,102862.50641153818
2,4930,116233.39937683911
2,4931,114973.75909060426
2,4932,114031.76296017406
2,4933,111188.87697001663
2,4934,106216.16549283653
2,4935,99557.52223294064
2,4936,82608.72679184846
2,4937,58920.09999998521
2,4938,33853.31999998521
2,4939,15499.329999985208
2,4940,9584.829999985208
2,4941,8311.419999985208
2,4942,7381.239999985209
2,4943,8845.439999985208
2,4944,8674.279999985209
2,4945,9262.13999998521
2,4946,10462.219999985207
2,4947,12442.479999985208
2,4948,16918.079999985206
2,4949,22855.309999985206
2,4950,28848.879999985205
2,4951,31369.82999998521
2,4952,45961.449999985205
2,4953,70984.14843845884
2,4954,91148.07771687151
2,4955,109302.30717111067
2,4956,120026.33954868872
2,4957,120052.62880329335
2,4958,106758.88870320548
2,4959,89904.76091010353
2,4960,75649.9304767176
2,4961,52980.089999985204
2,4962,30951.8199999852
2,4963,15299.129999985209
2,4964,9561.379999985209
2,4965,9913.439999985208
2,4966,13573.919999985208
2,4967,16898.479999985208
2,4968,20403.17999998521
2,4969,23991.85999998521
2,4970,25534.259999985206
2,4971,24163.01999998521
2,4972,24603.099999985207
2,4973,30563.839999985204
2,4974,46989.96999998522
2,4975,69751.82999998143
2,4976,91736.40349359433
2,4977,113764.44356992673
2,4978,130728.8605073272
2,4979,136355.88164607275
2,4980,133601.62061178088
2,4981,125471.15349930522
2,4982,112900.68440137208
2,4983,100228.0076957213
2,4984,84739.58999998144
2,4985,62173.37999998521
2,4986,37607.879999985205
2,4987,20394.82999998521
2,4988,13545.34999998521
2,4989,12620.039999985209
2,4990,15812.55999998521
2,4991,18749.93999998521
2,4992,20894.959999985207
2,4993,23366.919999985206
2,4994,25758.09999998521
2,4995,28065.29999998521
2,4996,29771.479999985208
2,4997,34814.669999985206
2,4998,45029.53999998521
2,4999,62290.379999985205
2,5000,86953.41999998146
2,5001,108706.79360538317
2,5002,126474.99272180375
2,5003,136709.15650358394
2,5004,140055.8090258327
2,5005,136771.65409322619
2,5006,118884.64667084941
2,5007,99505.85340735786
2,5008,80705.91999998144
2,5009,59868.909999985204
2,5010,41346.82999998522
2,5011,34409.30999998521
2,5012,38211.629999985205
2,5013,41628.239999985206
2,5014,40596.1199999852
2,5015,37769.65999998521
2,5016,32644.97999998521
2,5017,31457.07999998521
2,5018,30878.19999998521
2,5019,31826.33999998521
2,5020,34933.89999998522
2,5021,42745.529999981445
2,5022,56691.68999998145
2,5023,83776.21223816981
2,5024,116915.903258993
2,5025,134035.65957620743
2,5026,139942.85538765544
2,5027,142309.99583580202
2,5028,140107.71484603014
2,5029,139329.89339241775
2,5030,139781.35406484996
2,5031,134316.07860608317
2,5032,116942.41196801621
2,5033,92402.76473209953
2,5034,63059.399999985224
2,5035,41782.68999998522
2,5036,32772.80999998521
2,5037,30635.239999985206
2,5038,30635.239999985206
2,5039,30710.23999998521
2,5040,29422.979999985208
2,5041,29338.999999985208
2,5042,30278.159999985208
2,5043,29338.999999985208
2,5044,30727.21999998521
2,5045,36831.04999998521
2,5046,56597.63999998146
2,5047,85472.71464046474
2,5048,116673.86006281088
2,5049,138303.81436813995
2,5050,144397.56335654517
2,5051,142565.2471395394
2,5052,142162.05072717232
2,5053,140375.30551030673
2,5054,137016.07918796362
2,5055,126981.08707467314
2,5056,106219.7659164883
2,5057,75126.1399999852
2,5058,44638.76999998522
2,5059,25944.259999985206
2,5060,18394.349999985207
2,5061,17279.91999998521
2,5062,16508.71999998521
2,5063,16844.639999985207
2,5064,17783.799999985207
2,5065,17267.739999985206
2,5066,17099.779999985207
2,5067,17099.779999985207
2,5068,17539.85999998521
2,5069,21357.89999998521
2,5070,36757.249999985215
2,5071,65798.60999998522
2,5072,97404.84817696059
2,5073,119029.42568479842
2,5074,134531.57781088512
2,5075,142444.18460113934
2,5076,143657.43848363674
2,5077,138581.75206207417
2,5078,127988.3625399548
2,5079,109970.18145233051
2,5080,86531.12999998145
2,5081,53778.52999998522
2,5082,24315.06999998521
2,5083,8766.279999985209
2,5084,5657.029999985209
2,5085,8233.219999985207
2,5086,9529.459999985207
2,5087,9274.319999985208
2,5088,9958.339999985208
2,5089,10306.439999985208
2,5090,9874.359999985209
2,5091,9358.299999985207
2,5092,9798.379999985209
2,5093,13424.73999998521
2,5094,31139.609999985212
2,5095,57902.74999998146
2,5096,84485.93416307434
2,5097,105392.50915567865
2,5098,117504.40159732912
2,5099,122765.53059549886
2,5100,119203.85629442596
2,5101,108340.39078233867
2,5102,94629.02474574628
2,5103,76714.10682986364
2,5104,57110.46999998521
2,5105,37955.50999998522
2,5106,22792.199999985216
2,5107,13384.80999998521
2,5108,15264.689999985208
2,5109,22275.75999998521
2,5110,27130.53999998521
2,5111,31478.239999985213
2,5112,31121.159999985208
2,5113,30941.019999985212
2,5114,29824.919999985214
2,5115,30304.439999985214
2,5116,31240.39999998521
2,5117,30169.80999998521
2,5118,34766.39999998521
2,5119,42682.44999998356
2,5120,54237.13999998357
2,5121,64091.65999998358
2,5122,70334.36999998357
2,5123,72551.48999998356
2,5124,73177.12999998356
2,5125,70210.71999998356
2,5126,65343.789999983564
2,5127,56847.459999983555
2,5128,46793.07999998521
2,5129,31963.819999985204
2,5130,19148.789999985205
2,5131,10201.41999998521
2,5132,7949.469999985209
2,5133,8386.41999998521
2,5134,7963.319999985208
2,5135,8404.379999985207
2,5136,9268.539999985209
2,5137,8413.359999985209
2,5138,8929.41999998521
2,5139,9529.459999985207
2,5140,9952.55999998521
2,5141,12801.449999985209
2,5142,20241.139999985207
2,5143,34084.42999998521
2,5144,50777.429999985216
2,5145,68955.6699999852
2,5146,83364.93999998519
2,5147,92164.61999998521
2,5148,95165.83999998355
2,5149,88141.49999998359
2,5150,82021.67999998521
2,5151,70230.9199999852
2,5152,60928.14999998521
2,5153,48293.79999998521
2,5154,32409.449999985212
2,5155,18643.989999985213
2,5156,14702.199999985209
2,5157,13004.019999985208
2,5158,10957.73999998521
2,5159,10450.659999985208
2,5160,10459.639999985207
2,5161,10036.539999985209
2,5162,9688.439999985208
2,5163,8917.23999998521
2,5164,8749.279999985207
2,5165,12038.249999985208
2,5166,21052.27999998521
2,5167,37286.0899999852
2,5168,58151.07999998522
2,5169,75060.63999998521
2,5170,86576.5299999852
2,5171,90077.5799999852
2,5172,88926.9399999852
2,5173,84635.69999998521
2,5174,76961.80999998521
2,5175,68508.51999998522
2,5176,56447.6099999852
2,5177,39700.78999998521
2,5178,22351.559999985206
2,5179,10012.379999985207
2,5180,8372.569999985208
2,5181,8620.399999985208
2,5182,8788.359999985209
2,5183,8365.259999985208
2,5184,9304.419999985208
2,5185,8797.339999985208
2,5186,9229.41999998521
2,5187,8638.359999985209
2,5188,8911.459999985207
2,5189,14538.25999998521
2,5190,30047.4499999852
2,5191,54556.60999998521
2,5192,84629.61999998147
2,5193,112360.59884781601
2,5194,131028.28828286886
2,5195,139009.488298961
2,5196,139525.48647814005
2,5197,135837.3996158315
2,5198,125970.96240791975
2,5199,109938.78339843269
2,5200,84384.90999998146
2,5201,51636.789999985216
2,5202,21721.459999985203
2,5203,6004.709999985207
2,5204,4462.7299999852075
2,5205,7387.019999985208
2,5206,11329.579999985206
2,5207,14924.039999985209
2,5208,18428.73999998521
2,5209,21501.35999998521
2,5210,24573.979999985208
2,5211,27214.519999985212
2,5212,29251.819999985208
2,5213,36802.77999998521
2,5214,53560.08999998146
2,5215,78683.6834637109
2,5216,105347.18393808373
2,5217,129052.43557109535
2,5218,145223.0233502894
2,5219,148034.90892523405
2,5220,145876.4267422673
2,5221,140625.27206511574
2,5222,130302.38810082385
2,5223,112453.20083861353
2,5224,86479.28999998143
2,5225,51457.809999985206
2,5226,21588.34999998521
2,5227,8160.999999985208
2,5228,7658.449999985208
2,5229,9550.619999985209
2,5230,12112.959999985207
2,5231,14075.259999985206
2,5232,16460.659999985208
2,5233,17897.919999985206
2,5234,18479.999999985208
2,5235,18122.91999998521
2,5236,16319.599999985207
2,5237,19340.999999985204
2,5238,35450.169999985206
2,5239,60042.83999998521
2,5240,88176.46999998145
2,5241,110549.4503694973
2,5242,129807.4317901005
2,5243,138612.90034741396
2,5244,140871.3650387568
2,5245,135773.76060054803
2,5246,122213.59433031807
2,5247,102742.32017007937
2,5248,76651.5799999852
2,5249,45454.499999985215
2,5250,19341.35999998521
2,5251,8235.999999985208
2,5252,9422.64999998521
2,5253,12748.879999985207
2,5254,13168.779999985207
2,5255,13759.839999985208
2,5256,13939.97999998521
2,5257,12148.839999985208
2,5258,10957.73999998521
2,5259,9418.539999985209
2,5260,7531.239999985208
2,5261,11161.249999985206
2,5262,27654.709999985203
2,5263,53031.579999981455
2,5264,80436.86830138545
2,5265,103561.47377260914
2,5266,118963.89669392115
2,5267,126924.92726580494
2,5268,127525.78537835213
2,5269,121776.6895991989
2,5270,109916.37220307166
2,5271,93795.30034416987
2,5272,72650.60999998145
2,5273,43720.83999998522
2,5274,21553.879999985205
2,5275,11665.699999985209
2,5276,12768.369999985207
2,5277,14819.519999985208
2,5278,14819.519999985212
2,5279,14819.519999985208
2,5280,12593.099999985207
2,5281,9766.63999998521
2,5282,8311.419999985208
2,5283,6349.119999985209
2,5284,4977.879999985208
2,5285,9123.949999985207
2,5286,22540.91999998521
2,5287,46504.53999998146
2,5288,70873.38613250405
2,5289,92981.91994668703
2,5290,107925.44794166836
2,5291,116887.54782081276
2,5292,114406.09579167329
2,5293,107440.22231372431
2,5294,96821.18191771123
2,5295,83284.42621084052
2,5296,64124.91999998145
2,5297,40290.57999998522
2,5298,23206.749999985204
2,5299,14165.419999985206
2,5300,15528.809999985206
2,5301,16715.79999998521
2,5302,16442.69999998521
2,5303,13184.159999985208
2,5304,11296.859999985207
2,5305,10705.799999985209
2,5306,10198.71999998521
2,5307,9259.55999998521
2,5308,9175.579999985208
2,5309,13149.139999985207
2,5310,25804.299999985207
2,5311,44466.829999985224
2,5312,69147.8799999852
2,5313,91303.01999998144
2,5314,107866.26999998145
2,5315,118055.44999998143
2,5316,123723.27999998145
2,5317,121022.85999998145
2,5318,111884.37999998145
2,5319,96031.93999998146
2,5320,74701.43999998522
2,5321,49626.37999998521
2,5322,27379.949999985205
2,5323,16630.739999985206
2,5324,18157.169999985206
2,5325,19953.17999998521
2,5326,21492.37999998521
2,5327,21132.09999998521
2,5328,18485.77999998521
2,5329,17126.71999998521
2,5330,17822.919999985206
2,5331,18171.019999985205
2,5332,19362.119999985207
2,5333,23239.519999985212
2,5334,36897.159999985204
2,5335,57225.02999998521
2,5336,84408.63999998145
2,5337,108366.24276945765
2,5338,128202.62142318024
2,5339,140883.72060076537
2,5340,143636.34353902293
2,5341,135253.2411393712
2,5342,118585.06508133387
2,5343,98283.13084313933
2,5344,75929.3599999852
2,5345,53442.8799999852
2,5346,34343.75999998521
2,5347,29297.30999998521
2,5348,31846.879999985213
2,5349,28090.239999985206
2,5350,30820.539999985205
2,5351,30136.519999985212
2,5352,28345.379999985213
2,5353,28009.459999985207
2,5354,26893.35999998521
2,5355,27904.319999985208
2,5356,26533.07999998521
2,5357,29647.029999985214
2,5358,41173.76999998522
2,5359,59520.19999998521
2,5360,85866.65999998146
2,5361,108317.25166374586
2,5362,127940.23242515893
2,5363,141858.9728881247
2,5364,143762.85046688313
2,5365,137957.7237156183
2,5366,125495.89514999164
2,5367,105121.73262294084
2,5368,84843.06999998145
2,5369,59571.82999998521
2,5370,38797.81999998521
2,5371,32966.57999998521
2,5372,40150.84999998522
2,5373,40671.779999985214
2,5374,39816.59999998521
2,5375,36977.959999985214
2,5376,34658.57999998521
2,5377,32771.27999998521
2,5378,30535.879999985213
2,5379,28300.479999985208
2,5380,25306.05999998521
2,5381,28676.129999985213
2,5382,36072.32999998522
2,5383,48765.059999985206
2,5384,66254.6799999852
2,5385,82840.56999998522
2,5386,93634.04999998356
2,5387,100843.18999998357
2,5388,102808.67999998356
2,5389,95581.54999998359
2,5390,81817.28999998522
2,5391,68600.8899999852
2,5392,57573.93999998521
2,5393,46299.32999998522
2,5394,32412.06999998521
2,5395,25339.989999985206
2,5396,29071.67999998521
2,5397,28987.69999998521
2,5398,26593.31999998521
2,5399,24538.059999985206
2,5400,23082.839999985208
2,5401,22386.639999985207
2,5402,23841.85999998521
2,5403,22818.719999985206
2,5404,20940.399999985206
2,5405,21656.399999985206
2,5406,24012.19999998521
2,5407,31982.619999985207
2,5408,46693.86999998521
2,5409,60716.77999998523
2,5410,74296.28999998522
2,5411,84640.20999998522
2,5412,91122.8499999852
2,5413,90014.91999998358
2,5414,85013.66999998517
2,5415,75038.29999998519
2,5416,57619.32999998521
2,5417,40377.55999998521
2,5418,23347.679999985205
2,5419,13350.579999985206
2,5420,14096.379999985209
2,5421,14012.39999998521
2,5422,12725.139999985207
2,5423,10930.79999998521
2,5424,9991.639999985207
2,5425,9136.459999985207
2,5426,8281.279999985207
2,5427,8365.259999985208
2,5428,8197.299999985207
2,5429,10528.13999998521
2,5430,17278.49999998521
2,5431,30924.949999985205
2,5432,49171.029999985214
2,5433,69854.60999998145
2,5434,89113.57999998145
2,5435,101586.68999998146
2,5436,104362.76999998145
2,5437,97018.79999998143
2,5438,86218.31999998145
2,5439,70458.26999998146
2,5440,50970.76999998522
2,5441,33533.79999998521
2,5442,17444.819999985208
2,5443,7994.049999985208
2,5444,6610.039999985208
2,5445,7474.199999985209
2,5446,8233.219999985207
2,5447,8053.079999985208
2,5448,7788.95999998521
2,5449,6585.679999985208
2,5450,6333.739999985208
2,5451,5490.739999985208
2,5452,6102.959999985208
2,5453,9905.999999985208
2,5454,21801.259999985206
2,5455,42980.06999998146
2,5456,69857.744890948
2,5457,94897.15925082652
2,5458,113235.57068667433
2,5459,120153.75350308293
2,5460,118431.44011495961
2,5461,113823.9495960723
2,5462,103678.74794936138
2,5463,89225.96662262543
2,5464,68740.59678022478
2,5465,41002.94999998521
2,5466,18826.209999985207
2,5467,10749.56999998521
2,5468,12562.999999985208
2,5469,15746.539999985209
2,5470,16334.399999985208
2,5471,15554.219999985207
2,5472,15029.179999985208
2,5473,13732.939999985208
2,5474,11245.599999985207
2,5475,12157.19999998521
2,5476,13740.639999985211
2,5477,15419.179999985208
2,5478,24493.25999998521
2,5479,39353.86999998521
2,5480,53992.95999998521
2,5481,68197.4999999852
2,5482,77080.0199999852
2,5483,88680.4699999852
2,5484,94688.9799999836
2,5485,90576.84999998359
2,5486,79258.44999998518
2,5487,69267.6699999852
2,5488,54548.01999998521
2,5489,37481.98999998521
2,5490,24321.35999998521
2,5491,17526.299999985207
2,5492,17906.89999998521
2,5493,18069.07999998521
2,5494,19167.21999998521
2,5495,20349.33999998521
2,5496,20601.279999985214
2,5497,16928.61999998521
2,5498,15386.21999998521
2,5499,14179.73999998521
2,5500,12556.55999998521
2,5501,12844.319999985206
2,5502,19695.59999998521
2,5503,36115.43999998521
2,5504,59697.0699999852
2,5505,82717.23999998519
2,5506,95718.34999998356
2,5507,101744.06999998358
2,5508,101802.24999998357
2,5509,98912.05999998357
2,5510,92150.71999998357
2,5511,80775.35999998519
2,5512,56208.57999998522
2,5513,33380.56999998521
2,5514,14424.23999998521
2,5515,4882.259999985208
2,5516,4614.399999985207
2,5517,5553.5599999852075
2,5518,6420.919999985208
2,5519,6936.9799999852075
2,5520,6601.059999985209
2,5521,6084.999999985208
2,5522,6336.9399999852085
2,5523,7708.179999985208
2,5524,8224.239999985208
2,5525,10978.179999985206
2,5526,22842.819999985208
2,5527,47914.569999985215
2,5528,80891.35999998143
2,5529,108592.92999998142
2,5530,127313.13999998146
2,5531,132904.74999998146
2,5532,131131.69999998147
2,5533,125403.17999998147
2,5534,114247.65999998145
2,5535,94501.11999998144
2,5536,67952.4199999852
2,5537,39060.889999985215
2,5538,14593.729999985208
2,5539,5321.239999985208
2,5540,4704.779999985208
2,5541,4281.679999985208
2,5542,5397.779999985209
2,5543,6078.599999985208
2,5544,7962.699999985208
2,5545,8910.839999985208
2,5546,9598.05999998521
2,5547,9094.179999985208
2,5548,8503.11999998521
2,5549,11350.019999985208
2,5550,20186.259999985206
2,5551,35344.959999985214
2,5552,57713.43999998522
2,5553,83682.41999998518
2,5554,109642.57999998357
2,5555,122830.16999998357
2,5556,122389.56999998358
2,5557,118514.74999998359
2,5558,106623.40999998357
2,5559,87991.93999998356
2,5560,61752.709999985214
2,5561,33689.40999998522
2,5562,13503.399999985208
2,5563,5414.199999985208
2,5564,8038.319999985209
2,5565,12139.859999985207
2,5566,17252.35999998521
2,5567,22364.85999998521
2,5568,25179.139999985207
2,5569,26982.459999985203
2,5570,27765.839999985208
2,5571,24444.479999985208
2,5572,22926.43999998521
2,5573,27144.57999998521
2,5574,38495.46999998522
2,5575,55933.76999998523
2,5576,79590.2899999852
2,5577,103292.52999998145
2,5578,115310.65999998146
2,5579,122148.95999998144
2,5580,125023.88999998145
2,5581,121816.86999998144
2,5582,105567.12999998142
2,5583,84175.44999998147
2,5584,59955.839999985204
2,5585,33185.14999998521
2,5586,15718.769999985208
2,5587,8920.979999985208
2,5588,11305.839999985206
2,5589,14969.519999985207
2,5590,19908.279999985207
2,5591,27082.43999998521
2,5592,32810.35999998521
2,5593,33917.4799999852
2,5594,34769.45999998521
2,5595,38858.819999981446
2,5596,38423.539999981454
2,5597,37853.89999998331
2,5598,43538.80999998146
2,5599,56761.73999998145
2,5600,68876.36999998144
2,5601,79034.58999998144
2,5602,90314.24999998146
2,5603,92736.76999998146
2,5604,100638.11999998146
2,5605,108258.14999998144
2,5606,107758.10999998145
2,5607,97468.45999998145
2,5608,77839.73999998145
2,5609,51953.11999998521
2,5610,29587.049999985207
2,5611,19796.909999985208
2,5612,19028.779999985207
2,5613,20483.999999985208
2,5614,20396.819999985208
2,5615,19532.659999985208
2,5616,19439.699999985212
2,5617,21485.97999998521
2,5618,22932.219999985206
2,5619,25824.699999985212
2,5620,28651.159999985204
2,5621,35429.919999981445
2,5622,43140.02999998146
2,5623,60039.28787648739
2,5624,84352.86637867236
2,5625,105400.893295393
2,5626,114993.04622800078
2,5627,115813.07796706073
2,5628,114138.71656211042
2,5629,112446.02260576584
2,5630,111020.05870573164
2,5631,105656.51180614169
2,5632,92916.9699449279
2,5633,76152.4329382084
2,5634,50014.55999998331
2,5635,39199.659999983305
2,5636,35180.41999998331
2,5637,35519.5399999833
2,5638,36797.819999983316
2,5639,37061.93999998331
2,5640,37149.119999983304
2,5641,37404.259999981456
2,5642,37479.259999981456
2,5643,34652.79999998146
2,5644,34568.81999998331
2,5645,35682.479999983305
2,5646,46243.71999998331
2,5647,66957.88999998331
2,5648,91747.02999998146
2,5649,111645.66176284417
2,5650,127658.59794870738
2,5651,129469.71391078919
2,5652,127483.31097420209
2,5653,124134.27749567427
2,5654,116766.5848602108
2,5655,106532.04052764869
2,5656,87567.43999998145
2,5657,64629.699999985205
2,5658,40882.33999998521
2,5659,28169.20999998521
2,5660,26284.339999985208
2,5661,24397.03999998521
2,5662,23973.939999985207
2,5663,22359.739999985213
2,5664,21252.619999985207
2,5665,21516.739999985206
2,5666,20925.67999998521
2,5667,20418.59999998521
2,5668,20070.499999985208
2,5669,19812.919999985206
2,5670,30374.699999985205
2,5671,57154.029999985214
2,5672,88534.9499999836
2,5673,111638.66999998357
2,5674,121187.61999998357
2,5675,120298.89999998355
2,5676,114125.61999998354
2,5677,102824.26999998356
2,5678,85255.8099999852
2,5679,70602.59999998519
2,5680,56226.44999998521
2,5681,37343.639999985215
2,5682,23487.37999998521
2,5683,19356.489999985213
2,5684,22527.07999998521
2,5685,28086.41999998521
2,5686,29970.51999998521
2,5687,30333.379999985205
2,5688,32058.499999985204
2,5689,31560.39999998521
2,5690,28478.79999998521
2,5691,26495.339999985204
2,5692,24775.999999985208
2,5693,26397.71999998521
2,5694,36115.05999998521
2,5695,57077.389999985215
2,5696,80770.81999998521
2,5697,97811.22999998144
2,5698,110958.92048568882
2,5699,120858.16410137335
2,5700,127412.52393496175
2,5701,125814.27206954655
2,5702,118992.96847897957
2,5703,110051.41168273622
2,5704,99386.23232667136
2,5705,85480.38830398528
2,5706,77438.44308241026
2,5707,75408.7218880994
2,5708,77249.1743560195
2,5709,75091.76632976497
2,5710,74664.70975868254
2,5711,72934.5469553303
2,5712,71063.84499942837
2,5713,68784.91152692462
2,5714,65072.748493485225
2,5715,66470.15616152933
2,5716,66006.459515656
2,5717,70971.29831458542
2,5718,80384.87694429216
2,5719,101809.18660049584
2,5720,122897.17128610026
2,5721,136206.910398394
2,5722,137609.8980585501
2,5723,136164.50121385872
2,5724,136304.8831838066
2,5725,132813.0146573628
2,5726,129662.21289051753
2,5727,126284.53383762643
2,5728,116104.44375874966
2,5729,93297.58276949645
2,5730,68212.37999998331
2,5731,58507.56999998331
2,5732,54996.3199999833
2,5733,51491.61999998332
2,5734,53438.53999998331
2,5735,55130.31999998146
2,5736,54280.91999998145
2,5737,51745.51999998144
2,5738,50413.39999998145
2,5739,47697.859999981454
2,5740,44718.19999998146
2,5741,45241.77999998146
2,5742,46994.699999983306
2,5743,57170.36999998331
2,5744,78851.2299999833
2,5745,94646.16999998144
2,5746,108352.68999998146
2,5747,115034.94999998144
2,5748,109086.92999998142
2,5749,93708.77999998146
2,5750,73410.8599999852
2,5751,55659.86999998522
2,5752,32934.769999985205
2,5753,17864.729999985215
2,5754,9429.199999985209
2,5755,6565.429999985208
2,5756,9060.839999985206
2,5757,13933.579999985206
2,5758,19250.57999998521
2,5759,24726.559999985206
2,5760,27892.139999985207
2,5761,30625.639999985207
2,5762,31660.959999985207
2,5763,32503.959999985207
2,5764,32503.959999985207
2,5765,33966.28999998521
2,5766,36250.529999985214
2,5767,46829.86999998521
2,5768,66432.33999998357
2,5769,85047.31999998358
2,5770,102683.38999998357
2,5771,108055.69999998357
2,5772,99986.81999998358
2,5773,87605.07999998354
2,5774,75940.37999998358
2,5775,59554.039999985216
2,5776,42991.72999998521
2,5777,26118.889999985207
2,5778,14568.029999985209
2,5779,11534.949999985207
2,5780,11023.759999985208
2,5781,10084.599999985208
2,5782,11446.859999985209
2,5783,10423.719999985207
2,5784,11278.89999998521
2,5785,12641.159999985208
2,5786,14087.39999998521
2,5787,14087.399999985208
2,5788,13580.31999998521
2,5789,15810.649999985206
2,5790,22381.48999998521
2,5791,34349.62999998521
2,5792,48308.99999998522
2,5793,60584.22999998357
2,5794,72919.31999998358
2,5795,77500.02999998357
2,5796,72410.28999998358
2,5797,65690.91999998357
2,5798,58165.349999985214
2,5799,48957.90999998521
2,5800,39525.17999998521
2,5801,26477.84999998521
2,5802,17622.709999985207
2,5803,13183.539999985209
2,5804,13711.779999985207
2,5805,12604.659999985208
2,5806,11917.43999998521
2,5807,12253.359999985209
2,5808,11485.359999985209
2,5809,11581.519999985208
2,5810,11497.539999985209
2,5811,10990.459999985207
2,5812,10822.499999985208
2,5813,12214.749999985206
2,5814,13695.47999998521
2,5815,22835.73999998521
2,5816,38181.129999985205
2,5817,54473.96999998521
2,5818,66700.31999998522
2,5819,79594.5499999852
2,5820,83881.6099999852
2,5821,79974.0799999852
2,5822,70184.5099999852
2,5823,58197.8499999852
2,5824,44963.53999998521
2,5825,33241.60999998521
2,5826,23273.079999985206
2,5827,20938.729999985204
2,5828,22989.879999985213
2,5829,24361.119999985214
2,5830,24361.119999985207
2,5831,22989.879999985213
2,5832,21111.55999998521
2,5833,17354.919999985206
2,5834,14885.539999985207
2,5835,11719.959999985207
2,5836,9841.639999985206
2,5837,9591.049999985209
2,5838,16551.879999985213
2,5839,30581.39999998521
2,5840,48742.089999985204
2,5841,67686.2099999852
2,5842,81130.72999998518
2,5843,88923.41999998518
2,5844,91488.21999998522
2,5845,87576.17999998358
2,5846,77945.0399999852
2,5847,63427.039999985216
2,5848,45037.19999998522
2,5849,24176.919999985206
2,5850,9365.179999985208
2,5851,4201.809999985208
2,5852,4881.719999985208
2,5853,5220.839999985208
2,5854,6159.999999985209
2,5855,6243.9799999852075
2,5856,6592.079999985208
2,5857,5568.939999985208
2,5858,5568.939999985208
2,5859,5568.9399999852085
2,5860,5568.939999985208
2,5861,7464.239999985208
2,5862,16859.029999985207
2,5863,33921.68999998521
2,5864,56449.929999985216
2,5865,85169.36999998521
2,5866,105652.87999998359
2,5867,115756.12999998359
2,5868,117499.94999998358
2,5869,111894.17999998356
2,5870,99191.79999998359
2,5871,79676.07999998519
2,5872,58060.94999998521
2,5873,33575.51999998521
2,5874,14764.50999998521
2,5875,10549.259999985208
2,5876,12341.159999985208
2,5877,13280.31999998521
2,5878,10894.91999998521
2,5879,9448.679999985208
2,5880,8941.599999985208
2,5881,8434.519999985208
2,5882,8950.57999998521
2,5883,8875.57999998521
2,5884,8791.599999985207
2,5885,8883.57999998521
2,5886,19229.379999985205
2,5887,43706.519999985205
2,5888,70797.03999998518
2,5889,92803.52999998357
2,5890,104765.47999998355
2,5891,106325.39999998355
2,5892,101110.76999998355
2,5893,91689.22999998357
2,5894,76951.77999998521
2,5895,60084.049999985225
2,5896,39840.219999985195
2,5897,23937.829999985206
2,5898,14969.46999998521
2,5899,15339.729999985208
2,5900,16976.759999985206
2,5901,17681.939999985207
2,5902,17165.879999985205
2,5903,15614.49999998521
2,5904,15941.439999985207
2,5905,16013.239999985208
2,5906,18227.479999985208
2,5907,19166.639999985207
2,5908,20709.03999998521
2,5909,23094.439999985203
2,5910,29922.959999985207
2,5911,43804.65999998521
2,5912,60401.409999985226
2,5913,82531.6399999852
2,5914,105939.96999998145
2,5915,124746.94999998143
2,5916,132805.98999998142
2,5917,132940.8799999815
2,5918,123966.46999998145
2,5919,106721.67999998144
2,5920,83317.35999998145
2,5921,59794.16999998522
2,5922,43258.14999998521
2,5923,39214.84999998521
2,5924,39735.7799999852
2,5925,36927.27999998521
2,5926,33338.59999998521
2,5927,31628.23999998521
2,5928,28894.73999998521
2,5929,24873.97999998521
2,5930,24177.77999998521
2,5931,24681.659999985208
2,5932,25185.539999985212
2,5933,27486.729999985208
2,5934,30128.44999998521
2,5935,41627.10999998521
2,5936,54133.57999998521
2,5937,71642.04999998356
2,5938,83751.67999998358
2,5939,93584.77999998357
2,5940,100974.51999998356
2,5941,99342.51999998356
2,5942,86460.9199999836
2,5943,70479.77999998357
2,5944,51290.83999998522
2,5945,29773.749999985208
2,5946,17034.36999998521
2,5947,14112.049999985207
2,5948,13780.999999985208
2,5949,15089.419999985212
2,5950,16631.819999985208
2,5951,16979.91999998521
2,5952,17328.01999998521
2,5953,16388.85999998521
2,5954,16820.939999985207
2,5955,18192.179999985212
2,5956,19131.339999985208
2,5957,22904.959999985207
2,5958,33134.77999998521
2,5959,54598.754329350864
2,5960,83148.97032720599
2,5961,105908.50720838136
2,5962,118518.51993228629
2,5963,119350.42950778168
2,5964,113935.66181378874
2,5965,103838.35547627778
2,5966,93295.0763352937
2,5967,77475.78198052978
2,5968,59105.38999998145
2,5969,40132.279999985214
2,5970,21900.419999985206
2,5971,17359.029999985207
2,5972,16160.619999985209
2,5973,17099.779999985207
2,5974,19410.179999985205
2,5975,19410.17999998521
2,5976,18638.979999985208
2,5977,19062.079999985206
2,5978,18038.93999998521
2,5979,16667.69999998521
2,5980,16751.67999998521
2,5981,17275.739999985206
2,5982,26332.349999985207
2,5983,45723.8899999852
2,5984,72426.98999998522
2,5985,102760.16999998147
2,5986,121600.40999998145
2,5987,129616.85999998145
2,5988,127525.94999998143
2,5989,121605.51999998144
2,5990,109014.90999998146
2,5991,85589.03999998145
2,5992,58813.859999985216
2,5993,29890.07999998521
2,5994,10122.97999998521
2,5995,5396.109999985209
2,5996,6433.099999985208
2,5997,8320.399999985208
2,5998,10048.719999985207
2,5999,11353.93999998521
2,6000,13514.339999985208
2,6001,15665.759999985208
2,6002,17235.099999985207
2,6003,17667.17999998521
2,6004,19395.499999985208
2,6005,20888.21999998521
2,6006,29226.759999985203
2,6007,46788.92999998521
2,6008,71111.0499999852
2,6009,98413.69999998143
2,6010,121400.20256608693
2,6011,137775.93050073282
2,6012,139772.38876689784
2,6013,135085.95077373195
2,6014,121098.75486702331
2,6015,97453.22071129072
2,6016,67955.61999998521
2,6017,36347.60999998521
2,6018,17421.329999985206
2,6019,16291.029999985207
2,6020,22446.91999998521
2,6021,25264.39999998521
2,6022,29960.19999998521
2,6023,32420.599999985207
2,6024,33950.8199999852
2,6025,34541.87999998357
2,6026,34109.79999998356
2,6027,35988.11999998356
2,6028,35988.119999983566
2,6029,37451.339999985204
2,6030,45442.3899999852
2,6031,65459.3699999852
2,6032,91151.72999998146
2,6033,115115.22093760894
2,6034,135969.60813618108
2,6035,144935.33102644613
2,6036,142696.51396256685
2,6037,130929.004938635
2,6038,115393.21496076099
2,6039,94802.7099999685
2,6040,70782.2499999852
2,6041,44294.79999998521
2,6042,26350.749999985208
2,6043,21547.78999998521
2,6044,22500.79999998521
2,6045,24577.21999998521
2,6046,25357.399999985213
2,6047,25432.39999998521
2,6048,25339.439999985207
2,6049,24907.35999998521
2,6050,26428.599999985203
2,6051,25639.439999985207
2,6052,25198.379999985205
2,6053,26661.59999998521
2,6054,33111.97999998521
2,6055,50545.8899999852
2,6056,75685.4399999852
2,6057,97980.45999998144
2,6058,113141.49999998146
2,6059,126170.00999998143
2,6060,134115.46999998146
2,6061,133124.84999998144
2,6062,122405.61999998147
2,6063,102572.21999998143
2,6064,75538.4999999852
2,6065,44481.839999985204
2,6066,27519.73999998521
2,6067,24770.369999985207
2,6068,23571.959999985207
2,6069,25534.259999985206
2,6070,24679.079999985206
2,6071,22716.77999998521
2,6072,21861.59999998521
2,6073,19899.299999985207
2,6074,18453.05999998521
2,6075,17429.91999998521
2,6076,16490.75999998521
2,6077,16930.839999985208
2,6078,22386.96999998521
2,6079,37898.0399999852
2,6080,60740.20999998521
2,6081,86949.8999999852
2,6082,111162.69999998358
2,6083,125815.07999998359
2,6084,128701.0399999836
2,6085,122227.74999998357
2,6086,104759.61999998357
2,6087,80944.19999998523
2,6088,48842.28999998521
2,6089,20359.639999985207
2,6090,4984.7699999852075
2,6091,2578.629999985207
2,6092,3690.6199999852074
2,6093,4206.679999985208
2,6094,4722.739999985208
2,6095,4290.659999985208
2,6096,4713.759999985208
2,6097,4629.779999985208
2,6098,6433.099999985208
2,6099,8743.499999985208
2,6100,9523.679999985208
2,6101,10911.89999998521
2,6102,21155.32999998521
2,6103,43828.679999985216
2,6104,70764.19999998146
2,6105,96428.20850420895
2,6106,116970.53478434733
2,6107,126628.08783599138
2,6108,129925.43747386156
2,6109,122766.48412397587
2,6110,109937.80151942417
2,6111,90826.68177486531
2,6112,63395.35999998143
2,6113,33463.90999998521
2,6114,17559.94999998521
2,6115,14121.689999985208
2,6116,14285.539999985209
2,6117,13928.459999985207
2,6118,13646.379999985209
2,6119,14228.459999985207
2,6120,14735.539999985209
2,6121,15326.599999985205
2,6122,16181.779999985207
2,6123,17544.03999998521
2,6124,18915.279999985207
2,6125,22596.919999985206
2,6126,33428.43999998521
2,6127,55827.06803208587
2,6128,80043.21912760724
2,6129,103270.23187157055
2,6130,121313.62258597756
2,6131,127144.0086487043
2,6132,122123.99427264325
2,6133,121806.96830789058
2,6134,118604.1365760489
2,6135,103013.75929372142
2,6136,76022.74236316001
2,6137,45243.359999985216
2,6138,23123.319999985208
2,6139,19510.449999985205
2,6140,19344.159999985208
2,6141,18656.93999998521
2,6142,18317.819999985208
2,6143,18053.69999998521
2,6144,16514.499999985208
2,6145,15998.439999985207
2,6146,17096.57999998521
2,6147,19556.97999998521
2,6148,23481.57999998521
2,6149,25854.799999985207
2,6150,36517.599999985214
2,6151,60806.749999985215
2,6152,93576.33999998144
2,6153,118611.34842472937
2,6154,140852.3418844134
2,6155,151932.14768595388
2,6156,149388.4443344985
2,6157,141156.252340259
2,6158,124824.91865155433
2,6159,98494.75421748303
2,6160,64815.4199999852
2,6161,31024.939999985203
2,6162,15588.879999985207
2,6163,14627.19999998521
2,6164,17030.559999985206
2,6165,18242.819999985208
2,6166,16883.75999998521
2,6167,15344.55999998521
2,6168,14237.439999985207
2,6169,13298.279999985209
2,6170,11419.959999985207
2,6171,11768.05999998521
2,6172,11260.979999985208
2,6173,11693.059999985207
2,6174,20293.23999998521
2,6175,44147.33999998521
2,6176,71434.67999998521
2,6177,96942.90999998145
2,6178,117418.37999998144
2,6179,128510.88999998146
2,6180,130325.10999998143
2,6181,125321.52999998146
2,6182,108657.79999998146
2,6183,83088.21999998522
2,6184,51050.39999998522
2,6185,21231.879999985213
2,6186,8683.709999985207
2,6187,9175.579999985208
2,6188,11918.05999998521
2,6189,13712.399999985206
2,6190,15083.639999985211
2,6191,14651.55999998521
2,6192,13712.39999998521
2,6193,12341.159999985208
2,6194,10537.839999985206
2,6195,9166.599999985208
2,6196,7879.339999985208
2,6197,6940.179999985208
2,6198,13578.059999985207
2,6199,33592.15999998521
2,6200,57645.65999998521
2,6201,80573.3999999852
2,6202,95798.95999998358
2,6203,104570.38999998357
2,6204,104620.65999998357
2,6205,96852.60999998354
2,6206,82889.9499999852
2,6207,64207.6499999852
2,6208,40607.25999998521
2,6209,19899.04999998521
2,6210,11052.809999985207
2,6211,12350.17999998521
2,6212,14426.599999985208
2,6213,15806.819999985208
2,6214,14594.55999998521
2,6215,13814.379999985207
2,6216,13105.99999998521
2,6217,12325.819999985208
2,6218,13097.019999985208
2,6219,12484.799999985209
2,6220,12643.779999985207
2,6221,14858.019999985208
2,6222,22181.379999985205
2,6223,38614.2599999852
2,6224,64192.65999998522
2,6225,88945.3699999852
2,6226,108217.71999998145
2,6227,122800.88999998147
2,6228,131074.68999998146
2,6229,132818.57999998145
2,6230,123544.55999998147
2,6231,102837.84999998145
2,6232,73099.91999998521
2,6233,47361.79999998522
2,6234,36168.729999985204
2,6235,35632.99999998521
2,6236,36067.659999985204
2,6237,35620.19999998521
2,6238,34600.2599999852
2,6239,33832.2599999852
2,6240,31851.999999985208
2,6241,30216.63999998521
2,6242,29352.47999998521
2,6243,29256.319999985208
2,6244,29004.379999985213
2,6245,31053.85999998521
2,6246,38230.789999985216
2,6247,58207.52999998521
2,6248,84299.26999998516
2,6249,111376.33827122345
2,6250,132705.67474701587
2,6251,143251.17842453276
2,6252,145309.04832132763
2,6253,137022.07319229422
2,6254,120149.60571383854
2,6255,96100.72944596992
2,6256,62786.229999985204
2,6257,32214.739999985206
2,6258,23008.529999985203
2,6259,30940.39999998521
2,6260,35461.83999998521
2,6261,34255.35999998521
2,6262,32452.03999998521
2,6263,31251.959999985207
2,6264,28509.479999985215
2,6265,27486.339999985208
2,6266,26643.33999998521
2,6267,26391.399999985206
2,6268,26223.43999998521
2,6269,25539.419999985203
2,6270,31337.109999985212
2,6271,50875.67999997269
2,6272,75145.12734442926
2,6273,97761.95806154386
2,6274,116319.37965057258
2,6275,129899.82323941542
2,6276,132398.9755131108
2,6277,125966.46731666625
2,6278,109906.33831263476
2,6279,87391.81321879626
2,6280,57950.72999998521
2,6281,30612.079999985206
2,6282,24864.139999985207
2,6283,33236.699999985205
2,6284,38457.53999998521
2,6285,38877.4399999852
2,6286,37422.21999998521
2,6287,36906.15999998521
2,6288,34238.67999998521
2,6289,31319.25999998521
2,6290,27976.739999985206
2,6291,25750.31999998521
2,6292,23788.01999998521
2,6293,23271.959999985207
2,6294,29980.2899999852
2,6295,53694.829999981455
2,6296,77933.00547480151
2,6297,97572.65079249392
2,6298,113861.85740992286
2,6299,124691.14059800355
2,6300,126579.48711054002
2,6301,120216.20537309119
2,6302,107639.50100961399
2,6303,87581.51511923134
2,6304,58632.44999998521
2,6305,30365.839999985208
2,6306,25966.38999998521
2,6307,33488.63999998521
2,6308,36654.21999998521
2,6309,33647.61999998521
2,6310,30905.139999985207
2,6311,26275.35999998521
2,6312,22848.85999998521
2,6313,19074.259999985206
2,6314,16331.779999985205
2,6315,15392.619999985209
2,6316,13082.219999985207
2,6317,11710.97999998521
2,6318,19115.509999985206
2,6319,42467.8299999852
2,6320,70549.2099999852
2,6321,97068.23999998144
2,6322,120750.61999998146
2,6323,134242.47999998144
2,6324,135442.52999998143
2,6325,125209.07999998146
2,6326,106822.65999998146
2,6327,80845.4399999852
2,6328,48101.539999985194
2,6329,21866.05999998521
2,6330,15058.379999985207
2,6331,19590.31999998521
2,6332,23871.999999985208
2,6333,24904.119999985207
2,6334,22941.81999998521
2,6335,19524.299999985207
2,6336,15758.679999985205
2,6337,12932.219999985207
2,6338,10189.739999985208
2,6339,7879.339999985208
2,6340,6508.099999985207
2,6341,5136.859999985208
2,6342,11707.209999985207
2,6343,33172.9199999852
2,6344,64047.03999998522
2,6345,91297.98999998519
2,6346,112459.14999998355
2,6347,123805.42999998355
2,6348,124841.48999998358
2,6349,115237.03999998356
2,6350,94515.87999998356
2,6351,65190.96999998522
2,6352,34419.449999985205
2,6353,10592.58999998521
2,6354,2665.0499999852077
2,6355,4122.699999985209
2,6356,4986.859999985209
2,6357,5418.939999985208
2,6358,5851.0199999852075
2,6359,6535.039999985208
2,6360,6186.939999985208
2,6361,5151.619999985207
2,6362,5391.379999985209
2,6363,5127.259999985208
2,6364,4007.959999985208
2,6365,4259.899999985208
2,6366,10997.849999985207
2,6367,20120.169999985214
2,6368,35907.62999998521
2,6369,53155.42999998521
2,6370,69166.0599999852
2,6371,84643.3799999852
2,6372,90255.7399999852
2,6373,84790.9699999852
2,6374,72396.26999998523
2,6375,53407.22999998521
2,6376,31119.079999985213
2,6377,12281.66999998521
2,6378,4040.3999999852085
2,6379,4815.699999985208
2,6380,6363.879999985208
2,6381,9112.139999985207
2,6382,11080.219999985207
2,6383,13819.499999985208
2,6384,14767.639999985207
2,6385,17758.85999998521
2,6386,21341.139999985207
2,6387,25199.71999998521
2,6388,28110.159999985204
2,6389,30936.61999998521
2,6390,37364.569999985215
2,6391,47591.23999998522
2,6392,65889.12999998519
2,6393,85440.7399999852
2,6394,104825.56999998356
2,6395,117507.87999998358
2,6396,122415.72999998358
2,6397,116224.80999998358
2,6398,100006.59999998356
2,6399,75071.5099999852
2,6400,45316.44999998521
2,6401,22007.329999985213
2,6402,18550.129999985205
2,6403,23490.559999985206
2,6404,26220.859999985212
2,6405,26058.679999985205
2,6406,31288.499999985208
2,6407,36173.419999985206
2,6408,42939.85999998356
2,6409,47803.61999998356
2,6410,50764.69999998357
2,6411,52357.739999983576
2,6412,52084.63999998355
2,6413,54028.97999998357
2,6414,56831.33999998521
2,6415,56460.699999985205
2,6416,66501.53999998521
2,6417,78835.6099999852
2,6418,89221.92999998522
2,6419,92282.37999998519
2,6420,89125.8199999852
2,6421,79975.5999999852
2,6422,72223.36999998521
2,6423,62148.339999985226
2,6424,41888.71999998521
2,6425,24143.40999998521
2,6426,20510.139999985207
2,6427,25203.499999985208
2,6428,28704.999999985204
2,6429,30148.03999998521
2,6430,30642.93999998521
2,6431,28503.69999998521
2,6432,28995.399999985206
2,6433,29319.139999985215
2,6434,31797.499999985208
2,6435,32988.599999985214
2,6436,31458.37999998521
2,6437,29748.019999985216
2,6438,31714.75999998521
2,6439,35102.30999998522
2,6440,43425.82999998521
2,6441,52537.04999998521
2,6442,59548.69999998521
2,6443,63551.96999998521
2,6444,63749.70999998521
2,6445,62175.329999985195
2,6446,56402.0499999852
2,6447,50089.08999998521
2,6448,42533.35999998521
2,6449,34056.84999998521
2,6450,33526.809999985206
2,6451,33849.63999998521
2,6452,34011.819999985215
2,6453,30915.459999985207
2,6454,26879.93999998521
2,6455,21125.07999998521
2,6456,18448.61999998521
2,6457,16381.179999985208
2,6458,15517.019999985208
2,6459,13629.71999998521
2,6460,12681.579999985208
2,6461,12081.539999985209
2,6462,15066.98999998521
2,6463,24010.58999998521
2,6464,40211.4299999852
2,6465,53589.14999998521
2,6466,63759.42999998521
2,6467,69215.36999998521
2,6468,67916.8699999852
2,6469,66083.83999998518
2,6470,59223.749999985215
2,6471,50295.11999998522
2,6472,41194.11999998522
2,6473,32735.359999985212
2,6474,34614.449999985205
2,6475,42121.1799999852
2,6476,48695.29999998521
2,6477,48188.21999998521
2,6478,46234.89999998521
2,6479,43417.41999998356
2,6480,40842.89999998356
2,6481,36654.17999998357
2,6482,31019.219999985206
2,6483,25300.279999985203
2,6484,21891.73999998521
2,6485,19506.339999985208
2,6486,17334.319999985208
2,6487,26397.389999985207
2,6488,42791.63999998522
2,6489,61453.019999985205
2,6490,74659.41999998521
2,6491,83689.6199999852
2,6492,84718.0799999852
2,6493,74029.76999998522
2,6494,59542.7899999852
2,6495,41933.019999985205
2,6496,23497.909999985208
2,6497,10296.629999985207
2,6498,5823.319999985207
2,6499,5820.879999985208
2,6500,6927.999999985208
2,6501,6240.779999985207
2,6502,6663.879999985208
2,6503,6147.819999985208
2,6504,7086.9799999852075
2,6505,6738.879999985208
2,6506,6738.879999985208
2,6507,5883.699999985208
2,6508,5967.679999985208
2,6509,5112.499999985208
2,6510,8550.459999985209
2,6511,21291.449999985212
2,6512,39177.08999998521
2,6513,55080.69999998521
2,6514,66309.9999999852
2,6515,70987.8599999852
2,6516,72413.6499999852
2,6517,66910.2899999852
2,6518,53597.20999998522
2,6519,35034.18999998521
2,6520,18024.729999985204
2,6521,7266.619999985207
2,6522,5373.419999985208
2,6523,5553.5599999852075
2,6524,5892.679999985207
2,6525,6495.919999985208
2,6526,5979.859999985209
2,6527,3162.379999985208
2,6528,2475.159999985208
2,6529,2139.2399999852078
2,6530,1971.2799999852077
2,6531,1887.2999999852082
2,6532,2826.459999985208
2,6533,2394.379999985208
2,6534,5333.259999985207
2,6535,14566.459999985209
2,6536,31452.32999998521
2,6537,49598.54999998521
2,6538,65498.64999998522
2,6539,75039.8999999852
2,6540,80342.6599999852
2,6541,77727.6799999852
2,6542,68423.6299999852
2,6543,51288.949999985205
2,6544,27995.929999985216
2,6545,10117.099999985207
2,6546,8124.739999985209
2,6547,11878.939999985208
2,6548,16742.69999998521
2,6549,18449.85999998521
2,6550,18869.759999985206
2,6551,20324.979999985208
2,6552,20492.93999998521
2,6553,21600.059999985206
2,6554,23310.419999985206
2,6555,24672.67999998521
2,6556,25695.819999985208
2,6557,26550.999999985208
2,6558,29737.019999985212
2,6559,42893.47999998521
2,6560,61663.8099999852
2,6561,80671.7399999852
2,6562,98397.3699999852
2,6563,113542.40999998357
2,6564,119856.14999998355
2,6565,110991.37999998358
2,6566,91761.56999998358
2,6567,64776.8699999852
2,6568,38825.11999998521
2,6569,27604.61999998521
2,6570,30761.789999985205
2,6571,32302.659999985208
2,6572,30868.59999998521
2,6573,25236.839999985204
2,6574,20532.05999998521
2,6575,17114.539999985205
2,6576,13432.899999985208
2,6577,9076.21999998521
2,6578,7717.159999985208
2,6579,6261.9399999852085
2,6580,6429.8999999852085
2,6581,9835.23999998521
2,6582,15815.35999998521
2,6583,31803.019999985212
2,6584,53150.38999998521
2,6585,75213.6399999852
2,6586,93454.83999998518
2,6587,114206.13999997941
2,6588,125974.5099999794
2,6589,120156.8799999794
2,6590,113916.82999997938
2,6591,97710.44999998147
2,6592,78420.29999998146
2,6593,70687.49999998146
2,6594,74883.18999998145
2,6595,78812.65999998145
2,6596,79151.77999998146
2,6597,75014.49691721264
2,6598,72377.36188829388
2,6599,69746.96808607149
2,6600,65677.68932610903
2,6601,63440.01751678731
2,6602,64040.4402772846
2,6603,62414.27840201778
2,6604,61235.66841850924
2,6605,61080.74915118005
2,6606,61183.2895477819
2,6607,66984.55208286128
2,6608,77178.44448376421
2,6609,90347.54989985847
2,6610,102067.28522061218
2,6611,107205.62196601882
2,6612,104763.54567193959
2,6613,95778.51573362027
2,6614,82411.32080884986
2,6615,63792.22999998146
2,6616,49516.70999998522
2,6617,36638.57999998521
2,6618,36167.539999985216
2,6619,39570.43999998521
2,6620,36983.739999985206
2,6621,33541.8599999852
2,6622,31051.319999985208
2,6623,30007.019999985205
2,6624,28467.819999985208
2,6625,30651.91999998521
2,6626,34300.219999981455
2,6627,39475.539999981454
2,6628,44336.09999998145
2,6629,49251.228729230745
2,6630,55016.15001581602
2,6631,68459.67510406568
2,6632,86438.01087177164
2,6633,106346.89917237264
2,6634,121396.33600569601
2,6635,124868.22780110314
2,6636,123755.76932825823
2,6637,122790.48398617705
2,6638,109881.03607581678
2,6639,94910.01626550624
2,6640,62332.429999985216
2,6641,35092.17999998521
2,6642,37807.10999998521
2,6643,44877.7999999852
2,6644,44461.09999998521
2,6645,43366.15999998521
2,6646,42762.919999985206
2,6647,42171.859999985216
2,6648,41064.73999998356
2,6649,40293.539999983564
2,6650,39183.21999998356
2,6651,41658.37999998356
2,6652,41910.319999983556
2,6653,41151.29999998521
2,6654,42435.8499999852
2,6655,46281.3299999852
2,6656,59087.389999985215
2,6657,73954.5299999852
2,6658,86726.66999998518
2,6659,94389.16999998521
2,6660,91491.4599999852
2,6661,86952.1599999852
2,6662,77388.04999998522
2,6663,56217.31999998521
2,6664,40636.75999998522
2,6665,34105.05999998521
2,6666,37015.79999998521
2,6667,41222.47999998521
2,6668,43604.67999998521
2,6669,44720.7799999852
2,6670,46779.23999998521
2,6671,49857.63999998356
2,6672,51141.69999998356
2,6673,53536.07999998356
2,6674,55675.31999998355
2,6675,55147.07999998356
2,6676,58216.49999998357
2,6677,61466.05999998355
2,6678,62330.70999998356
2,6679,68958.7099999852
2,6680,82141.1399999852
2,6681,99012.35999998354
2,6682,105357.56999998356
2,6683,105177.09999998356
2,6684,98246.97999998358
2,6685,88639.88999998521
2,6686,78561.12999998519
2,6687,69060.89999998518
2,6688,57704.859999985216
2,6689,52947.79999998521
2,6690,53279.26999998521
2,6691,52009.0599999852
2,6692,49365.93999998521
2,6693,47562.61999998521
2,6694,44639.9999999852
2,6695,44543.83999998521
2,6696,44279.719999983565
2,6697,43085.41999998357
2,6698,40523.079999983565
2,6699,38803.73999998356
2,6700,37180.55999998357
2,6701,37360.699999985205
2,6702,39340.809999985206
2,6703,44588.99999998521
2,6704,54570.919999985206
2,6705,67326.4599999852
2,6706,77304.07999998519
2,6707,86790.78999998521
2,6708,96470.72999998518
2,6709,96424.85999998357
2,6710,89645.64999998521
2,6711,73852.0499999852
2,6712,57072.889999985215
2,6713,47722.70999998521
2,6714,47300.02999998521
2,6715,48085.07999998521
2,6716,50320.47999998521
2,6717,48862.05999998521
2,6718,48270.999999985215
2,6719,48178.039999983564
2,6720,49204.37999998356
2,6721,47740.17999998358
2,6722,45777.87999998356
2,6723,44490.619999983566
2,6724,42348.179999983564
2,6725,42264.199999985205
2,6726,45102.56999998521
2,6727,52648.00999998521
2,6728,69922.02999998518
2,6729,90681.84999998519
2,6730,102928.46999998145
2,6731,110334.15999998145
2,6732,118667.39999998146
2,6733,120881.55999998147
2,6734,112903.51999998145
2,6735,100487.45999998145
2,6736,90587.68999998146
2,6737,85549.62999998331
2,6738,86219.78999998333
2,6739,85621.41999998144
2,6740,84330.95999998144
2,6741,79538.99999998145
2,6742,69799.29999998143
2,6743,63987.399999981455
2,6744,59462.759999981456
2,6745,52615.539999981454
2,6746,43536.119999981456
2,6747,35554.83999998146
2,6748,28089.61999998521
2,6749,20531.43999998521
2,6750,19583.78999998521
2,6751,24204.489999985206
2,6752,34156.45999998522
2,6753,48042.509999985225
2,6754,60975.89999998521
2,6755,67580.23999998519
2,6756,67084.87999998522
2,6757,63339.66999998521
2,6758,54216.569999985215
2,6759,40171.309999985206
2,6760,27165.49999998521
2,6761,20846.82999998521
2,6762,21961.249999985208
2,6763,25815.71999998521
2,6764,27090.799999985204
2,6765,30253.179999985216
2,6766,29049.89999998521
2,6767,27078.619999985214
2,6768,28017.77999998521
2,6769,25116.31999998521
2,6770,26235.619999985207
2,6771,29314.019999985212
2,6772,31531.459999985207
2,6773,34877.17999998521
2,6774,36445.53999998521
2,6775,44607.789999985194
2,6776,57811.519999985205
2,6777,74010.3499999852
2,6778,85906.89999998357
2,6779,96967.40999998357
2,6780,100950.05999998357
2,6781,98180.85999998356
2,6782,91064.97999998358
2,6783,70560.48999998356
2,6784,43925.029999985214
2,6785,28302.10999998521
2,6786,29823.28999998521
2,6787,30776.29999998521
2,6788,33170.67999998521
2,6789,33590.57999998521
2,6790,32798.21999998522
2,6791,28081.25999998521
2,6792,26877.979999985208
2,6793,26710.019999985212
2,6794,30148.69999998521
2,6795,31687.89999998521
2,6796,33566.21999998521
2,6797,35771.47999998521
2,6798,37477.65999998521
2,6799,46218.69999998521
2,6800,63644.69999998356
2,6801,82014.70999998356
2,6802,91618.24999998357
2,6803,89466.51999998359
2,6804,85034.39999998357
2,6805,77990.48999998358
2,6806,67438.99999998356
2,6807,50190.73999998521
2,6808,30306.39999998521
2,6809,19808.999999985208
2,6810,19792.52999998521
2,6811,20481.41999998521
2,6812,19974.33999998521
2,6813,19974.339999985208
2,6814,18171.01999998521
2,6815,15596.499999985208
2,6816,13877.159999985208
2,6817,13445.07999998521
2,6818,12929.019999985207
2,6819,11473.799999985207
2,6820,10702.599999985208
2,6821,9847.419999985206
2,6822,8392.199999985209
2,6823,13710.569999985206
2,6824,27481.01999998521
2,6825,43035.73999998521
2,6826,52428.75999998521
2,6827,59822.57999998522
2,6828,60719.039999985216
2,6829,59893.58999998521
2,6830,51282.98999998521
2,6831,35765.209999985214
2,6832,16048.549999985207
2,6833,4552.3999999852085
2,6834,2994.419999985208
2,6835,4017.559999985208
2,6836,5388.799999985209
2,6837,6327.959999985208
2,6838,5727.919999985209
2,6839,6667.079999985208
2,6840,7606.239999985209
2,6841,6667.079999985208
2,6842,6151.0199999852075
2,6843,5127.879999985207
2,6844,4695.799999985208
2,6845,3756.639999985208
2,6846,3840.619999985208
2,6847,10219.539999985207
2,6848,24339.12999998521
2,6849,38014.30999998521
2,6850,56436.35999998521
2,6851,68966.19999998521
2,6852,71257.6999999852
2,6853,63831.569999985215
2,6854,53815.639999985215
2,6855,39653.7199999852
2,6856,22829.319999985208
2,6857,17259.699999985205
2,6858,22632.839999985204
2,6859,27682.51999998521
2,6860,31109.019999985205
2,6861,33680.339999985204
2,6862,34796.4399999852
2,6863,37715.859999985216
2,6864,41238.51999998356
2,6865,42714.89999998356
2,6866,46585.65999998357
2,6867,49337.119999983566
2,6868,51488.53999998357
2,6869,54759.25999998356
2,6870,57849.839999985204
2,6871,64444.89999998521
2,6872,72635.70999998519
2,6873,83207.7799999852
2,6874,95504.64999998518
2,6875,102187.26999998518
2,6876,101930.26999998359
2,6877,98121.07999998357
2,6878,88907.2099999852
2,6879,77128.56999998522
2,6880,67930.0799999852
2,6881,61938.2999999852
2,6882,59856.99999998521
2,6883,59667.879999985205
2,6884,58371.63999998521
2,6885,55029.1199999852
2,6886,52034.69999998521
2,6887,50063.41999998357
2,6888,47669.03999998356
2,6889,46213.81999998356
2,6890,43819.439999983566
2,6891,42280.23999998357
2,6892,43219.39999998357
2,6893,42787.31999998521
2,6894,40308.95999998521
2,6895,42039.20999998521
2,6896,46630.6399999852
2,6897,54864.58999998521
2,6898,61175.89999998522
2,6899,63000.9599999852
2,6900,60771.679999985194
2,6901,55101.55999998521
2,6902,46446.639999985215
2,6903,38848.99999998521
2,6904,30877.20999998521
2,6905,27104.54999998521
2,6906,28636.439999985207
2,6907,28024.21999998521
2,6908,26979.919999985206
2,6909,25776.639999985204
2,6910,25353.53999998521
2,6911,26556.819999985208
2,6912,25365.71999998521
2,6913,25101.59999998521
2,6914,24246.419999985206
2,6915,23055.319999985208
2,6916,21516.11999998521
2,6917,21084.03999998521
2,6918,20051.91999998521
2,6919,22564.249999985208
2,6920,28472.65999998521
2,6921,36721.90999998521
2,6922,45853.2799999852
2,6923,50653.23999998521
2,6924,50126.8799999852
2,6925,45991.1399999852
2,6926,36431.30999998521
2,6927,25283.029999985207
2,6928,15972.96999998521
2,6929,10710.819999985208
2,6930,10540.419999985206
2,6931,9592.279999985207
2,6932,8992.239999985208
2,6933,8476.179999985208
2,6934,7453.039999985209
2,6935,6936.9799999852075
2,6936,6852.999999985208
2,6937,5481.759999985208
2,6938,5313.799999985207
2,6939,5229.819999985208
2,6940,4797.739999985208
2,6941,4281.679999985207
2,6942,3765.619999985208
2,6943,6895.539999985207
2,6944,15556.489999985208
2,6945,27052.689999985207
2,6946,39453.41999998521
2,6947,45565.62999998521
2,6948,45098.779999985214
2,6949,39530.62999998521
2,6950,29458.539999985205
2,6951,18268.85999998521
2,6952,8525.569999985208
2,6953,4632.219999985207
2,6954,5917.039999985208
2,6955,7804.339999985208
2,6956,11485.979999985208
2,6957,15083.639999985207
2,6958,20652.579999985206
2,6959,26053.55999998521
2,6960,32045.599999985207
2,6961,35727.239999985206
2,6962,38901.79999998146
2,6963,39765.95999998145
2,6964,41494.27999998145
2,6965,43222.59999998145
2,6966,43579.67999998146
2,6967,48252.259999983304
2,6968,59872.74999998146
2,6969,74760.29999998145
2,6970,93061.25999998144
2,6971,106181.54999998143
2,6972,103841.13999998146
2,6973,91576.13999998146
2,6974,72953.52999998143
2,6975,52207.72999998521
2,6976,33230.03999998521
2,6977,25760.10999998521
2,6978,23959.21999998521
2,6979,22587.97999998521
2,6980,22512.979999985208
2,6981,23020.05999998521
2,6982,21216.739999985206
2,6983,19845.499999985208
2,6984,18042.17999998521
2,6985,17610.099999985207
2,6986,16745.93999998521
2,6987,15881.779999985209
2,6988,15017.619999985207
2,6989,14078.459999985207
2,6990,12707.21999998521
2,6991,16667.77999998521
2,6992,25982.389999985204
2,6993,40725.34999998522
2,6994,59197.679999985216
2,6995,74248.0199999852
2,6996,74882.66999998518
2,6997,64579.95999998521
2,6998,49055.39999998522
2,6999,32162.13999998521
2,7000,16144.71999998521
2,7001,10114.749999985208
2,7002,13520.079999985208
2,7003,19916.63999998521
2,7004,26400.379999985213
2,7005,31789.17999998521
2,7006,36577.93999998521
2,7007,39224.2599999852
2,7008,41354.51999998356
2,7009,41366.69999998357
2,7010,42414.19999998356
2,7011,44841.91999998357
2,7012,45136.179999983564
2,7013,47296.57999998356
2,7014,50546.1399999852
2,7015,59127.71999998521
2,7016,72413.2799999852
2,7017,79760.19999998518
2,7018,92600.39999998524
2,7019,100331.92999998521
2,7020,95108.2599999852
2,7021,86149.5499999852
2,7022,70159.9599999852
2,7023,55651.68999998522
2,7024,44560.93999998522
2,7025,41659.8099999852
2,7026,41473.1199999852
2,7027,43435.4199999852
2,7028,42919.3599999852
2,7029,42919.3599999852
2,7030,40512.79999998521
2,7031,39393.4999999852
2,7032,37419.01999998521
2,7033,35264.399999983565
2,7034,34070.09999998356
2,7035,31420.57999998521
2,7036,30988.49999998521
2,7037,30052.53999998521
2,7038,30655.779999985207
2,7039,34673.09999998521
2,7040,43999.699999985205
2,7041,56643.28999998521
2,7042,69429.72999998521
2,7043,80443.73999998519
2,7044,85209.0599999852
2,7045,83514.59999998519
2,7046,85204.0499999852
2,7047,82277.81999998521
2,7048,78435.37999998522
2,7049,80407.74999998522
2,7050,88466.45999998519
2,7051,92069.89999998146
2,7052,91552.75923029496
2,7053,88096.48524148412
2,7054,86936.07717323463
2,7055,86456.84335899966
2,7056,84999.34088897609
2,7057,80222.6965930771
2,7058,74857.77080787614
2,7059,69366.5193899487
2,7060,64941.21909783276
2,7061,65667.58684067501
2,7062,64209.81999998147
2,7063,65006.74999998331
2,7064,79488.71999998331
2,7065,97155.6199999833
2,7066,115267.85999998142
2,7067,123836.46999998145
2,7068,118283.83999998146
2,7069,112561.75999998146
2,7070,96818.77999998146
2,7071,68969.1499999852
2,7072,46687.7199999852
2,7073,47356.0599999852
2,7074,56927.9399999852
2,7075,66168.91999998521
2,7076,66340.0799999852
2,7077,61311.5599999852
2,7078,55130.39999998521
2,7079,51016.679999983564
2,7080,46399.079999983565
2,7081,42201.37999998355
2,7082,39962.77999998357
2,7083,36701.039999983564
2,7084,33022.59999998521
2,7085,30703.219999985213
2,7086,26769.639999985207
2,7087,25238.449999985212
2,7088,29890.899999985206
2,7089,36646.309999985206
2,7090,45580.2199999852
2,7091,51934.58999998521
2,7092,47117.059999985206
2,7093,37730.17999998521
2,7094,30801.479999985215
2,7095,23748.98999998521
2,7096,15505.489999985211
2,7097,18216.78999998521
2,7098,24276.51999998521
2,7099,28108.159999985208
2,7100,31429.519999985212
2,7101,32188.53999998521
2,7102,35702.21999998521
2,7103,39044.739999985206
2,7104,40851.25999998522
2,7105,41715.41999998356
2,7106,40017.23999998357
2,7107,40197.37999998357
2,7108,40215.33999998356
2,7109,41943.65999998357
2,7110,42975.77999998521
2,7111,47147.7199999852
2,7112,59205.419999985206
2,7113,77610.27999998521
2,7114,96830.92999998358
2,7115,106944.37999998358
2,7116,109502.32999998357
2,7117,100837.62999998358
2,7118,82695.37999998359
2,7119,64723.2599999852
2,7120,46386.489999985206
2,7121,43226.81999998521
2,7122,48794.07999998522
2,7123,50945.4999999852
2,7124,54204.03999998521
2,7125,56418.2799999852
2,7126,59823.619999981456
2,7127,60339.679999981454
2,7128,59809.33897419443
2,7129,59494.12783807174
2,7130,59445.98062049124
2,7131,57597.759203194095
2,7132,60298.44071060738
2,7133,63154.31228639007
2,7134,70381.39919127837
2,7135,73180.83463670539
2,7136,88131.20032899023
2,7137,99582.74644715701
2,7138,107212.76810330768
2,7139,113786.06834010273
2,7140,107756.52829569769
2,7141,96002.00129285452
2,7142,77970.5540097923
2,7143,53898.669999985206
2,7144,37200.80999998521
2,7145,36099.07999998521
2,7146,38409.47999998521
2,7147,38142.15999998521
2,7148,36494.61999998522
2,7149,34619.49999998521
2,7150,32576.41999998521
2,7151,29233.89999998521
2,7152,25702.25999998521
2,7153,24238.059999985206
2,7154,22011.639999985204
2,7155,21483.39999998521
2,7156,22401.399999985206
2,7157,21462.23999998521
2,7158,21123.119999985203
2,7159,23526.849999985207
2,7160,28404.73999998521
2,7161,32163.26999998521
2,7162,36326.77999998521
2,7163,41588.409999985226
2,7164,42752.229999985204
2,7165,41430.8799999852
2,7166,35914.089999985204
2,7167,30959.80999998521
2,7168,27183.109999985205
2,7169,26736.919999985206
2,7170,31957.759999985214
2,7171,38801.77999998521
2,7172,44961.77999998521
2,7173,47620.27999998521
2,7174,47377.319999985215
2,7175,48325.45999998356
2,7176,48757.539999983564
2,7177,48325.45999998356
2,7178,48757.539999983564
2,7179,45772.099999983555
2,7180,46552.27999998357
2,7181,46129.17999998358
2,7182,48100.45999998521
2,7183,50443.40999998521
2,7184,61547.8499999852
2,7185,77482.28999998522
2,7186,92738.39999998521
2,7187,98340.2399999852
2,7188,94033.89999998518
2,7189,87711.12999998519
2,7190,78598.74999998522
2,7191,64472.36999998522
2,7192,52979.629999985205
2,7193,53342.45999998521
2,7194,60099.2999999852
2,7195,67627.3399999852
2,7196,72752.01999998519
2,7197,77453.59999998145
2,7198,77268.26798453597
2,7199,77447.34328988098
2,7200,77335.78284326858
2,7201,78214.85259712533
2,7202,75158.18507450246
2,7203,72431.22578030838
2,7204,66114.78919595887
2,7205,60395.48729214155
2,7206,57275.4199999852
2,7207,56918.34999998519
2,7208,60467.8999999852
2,7209,67274.9799999852
2,7210,81190.80999998518
2,7211,94166.4999999852
2,7212,103724.56999998356
2,7213,103030.57999998357
2,7214,91016.0999999852
2,7215,73597.60999998519
2,7216,53441.849999985214
2,7217,53650.81999998521
2,7218,60339.0599999852
2,7219,62142.37999998518
2,7220,63342.45999998521
2,7221,62910.37999998522
2,7222,63678.37999998144
2,7223,65553.49999998145
2,7224,67596.57999998145
2,7225,70339.05999998144
2,7226,70348.03999998145
2,7227,72139.17999998145
2,7228,70939.09999998144
2,7229,70423.03999998144
2,7230,69655.03999998145
2,7231,70757.1599999833
2,7232,78568.99999998332
2,7233,98251.65999998331
2,7234,115716.34999998147
2,7235,124763.36999998146
2,7236,124860.10999998143
2,7237,110548.79999998145
2,7238,87407.73999998519
2,7239,62556.5799999852
2,7240,47923.10999998521
2,7241,45273.379999985205
2,7242,45705.4599999852
2,7243,45969.5799999852
2,7244,46140.739999985206
2,7245,45876.6199999852
2,7246,44832.31999998521
2,7247,44643.19999998521
2,7248,45138.09999998356
2,7249,48111.35999998356
2,7250,49977.49999998357
2,7251,53059.09999998357
2,7252,55297.69999998357
2,7253,57520.91999998357
2,7254,62732.77999998356
2,7255,65978.8899999852
2,7256,71918.8099999852
2,7257,79239.5799999852
2,7258,83896.67999998522
2,7259,89040.09999998519
2,7260,90564.3899999852
2,7261,87533.91999998518
2,7262,80882.2599999852
2,7263,73092.02999998521
2,7264,64042.56999998521
2,7265,58817.81999998521
2,7266,56159.3199999852
2,7267,52225.739999985206
2,7268,48040.2199999852
2,7269,43590.57999998521
2,7270,40683.33999998521
2,7271,38028.03999998521
2,7272,34094.459999985214
2,7273,30751.939999985203
2,7274,25870.219999985213
2,7275,21504.559999985206
2,7276,18162.03999998521
2,7277,13889.339999985208
2,7278,11230.839999985208
2,7279,12325.209999985209
2,7280,22091.429999985205
2,7281,36545.75999998521
2,7282,50247.749999985215
2,7283,59433.75999998521
2,7284,63900.30999998521
2,7285,63793.659999985204
2,7286,58417.3499999852
2,7287,44922.89999998521
2,7288,33752.89999998521
2,7289,35663.7599999852
2,7290,45937.47999998521
2,7291,51758.3599999852
2,7292,53558.479999985204
2,7293,54851.519999985205
2,7294,52369.95999998521
2,7295,50902.559999983576
2,7296,47904.93999998356
2,7297,44571.399999983565
2,7298,43041.179999983564
2,7299,39866.619999983566
2,7300,37883.15999998357
2,7301,34201.51999998521
2,7302,32146.259999985214
2,7303,34964.229999985204
2,7304,40053.03999998521
2,7305,46189.96999998521
2,7306,54432.32999998521
2,7307,66848.70999998519
2,7308,74695.7899999852
2,7309,70991.9399999852
2,7310,65755.14999998521
2,7311,60724.2999999852
2,7312,62153.89999998521
2,7313,69681.9399999852
2,7314,73117.4199999852
2,7315,71926.31999998521
2,7316,71674.3799999852
2,7317,67992.73999998145
2,7318,66985.15195185922
2,7319,66571.4159721383
2,7320,70359.97131534522
2,7321,73872.49751234268
2,7322,72893.28688161934
2,7323,66338.71770600954
2,7324,74651.63737240386
2,7325,82791.90185352277
2,7326,87925.21539162206
2,7327,88544.72999998144
2,7328,90706.16999998144
2,7329,100996.85999998145
2,7330,112830.27999998145
2,7331,124363.91999997938
2,7332,128313.45999997939
2,7333,128784.3699999794
2,7334,115021.8499999794
2,7335,95178.58999998329
2,7336,82800.70999998332
2,7337,81438.43999998331
2,7338,82047.45999998332
2,7339,82749.43999998331
2,7340,80183.89999998146
2,7341,76850.35999998145
2,7342,69319.11999998144
2,7343,66408.67999998145
2,7344,64083.51999998145
2,7345,61842.33999998145
2,7346,60381.33999998145
2,7347,58242.09999998145
2,7348,57240.11999998145
2,7349,56568.27999998145
2,7350,57423.45999998523
2,7351,53951.489999985206
2,7352,55679.20999998521
2,7353,67274.4599999852
2,7354,79038.1099999852
2,7355,80285.51999998518
2,7356,72685.51999998519
2,7357,58037.47999998521
2,7358,41905.149999985224
2,7359,29128.22999998521
2,7360,25109.839999985208
2,7361,33041.13999998521
2,7362,42873.799999985196
2,7363,49972.95999998521
2,7364,55118.79999998521
2,7365,54545.699999985205
2,7366,51494.239999985206
2,7367,51335.25999998356
2,7368,51251.27999998356
2,7369,51938.499999983556
2,7370,52457.75999998355
2,7371,51698.739999983576
2,7372,49136.39999998356
2,7373,47099.09999998358
2,7374,44206.61999998521
2,7375,44418.009999985195
2,7376,51895.80999998521
2,7377,67292.68999998522
2,7378,76665.37999998519
2,7379,83105.51999998522
2,7380,82442.3099999852
2,7381,71549.77999998518
2,7382,57374.45999998521
2,7383,37693.19999998521
2,7384,23806.40999998669
2,7385,22263.579999986687
2,7386,26122.15999998669
2,7387,30487.819999985208
2,7388,33566.2199999852
2,7389,32962.97999998521
2,7390,31927.659999985208
2,7391,31759.69999998521
2,7392,31591.739999985202
2,7393,31507.75999998521
2,7394,30136.519999985205
2,7395,29104.39999998521
2,7396,29104.39999998521
2,7397,31066.699999985212
2,7398,32605.89999998521
2,7399,36569.0599999852
2,7400,50315.95999998521
2,7401,71240.1899999852
2,7402,88540.93999998519
2,7403,100409.36999998521
2,7404,101484.7399999852
2,7405,93578.77999998521
2,7406,78133.3899999852
2,7407,53705.5299999852
2,7408,33483.059999985206
2,7409,31267.99999998668
2,7410,32984.13999998521
2,7411,32548.85999998521
2,7412,30922.47999998521
2,7413,30067.29999998521
2,7414,29212.11999998521
2,7415,28179.999999985208
2,7416,26460.659999985208
2,7417,25005.43999998521
2,7418,23634.19999998521
2,7419,22262.959999985207
2,7420,19952.559999985206
2,7421,18665.299999985207
2,7422,16597.85999998521
2,7423,16245.989999986688
2,7424,28935.93999998669
2,7425,48392.75999998522
2,7426,63832.56999998521
2,7427,72504.13999998521
2,7428,75660.6099999852
2,7429,67279.47999998521
2,7430,49596.709999985214
2,7431,24559.379999986686
2,7432,7073.279999986687
2,7433,6816.459999986688
2,7434,9117.879999986688
2,7435,11851.379999986688
2,7436,13813.679999985208
2,7437,15691.999999985208
2,7438,16547.17999998521
2,7439,17918.41999998521
2,7440,18773.59999998521
2,7441,19808.919999985206
2,7442,20496.139999985207
2,7443,20928.219999985213
2,7444,21276.319999985208
2,7445,22140.479999985208
2,7446,21888.53999998521
2,7447,24125.77999998521
2,7448,39055.51999998521
2,7449,61501.38999998522
2,7450,79456.0199999852
2,7451,91977.88999998517
2,7452,89573.28999998524
2,7453,77852.0799999852
2,7454,55222.769999985205
2,7455,26060.499999985208
2,7456,8299.349999986687
2,7457,6270.919999986687
2,7458,8938.399999986686
2,7459,9202.519999986687
2,7460,8422.339999985208
2,7461,7558.179999985208
2,7462,6261.9399999852085
2,7463,6252.959999985209
2,7464,6168.979999985208
2,7465,7024.159999985208
2,7466,7531.239999985208
2,7467,8386.419999985208
2,7468,10264.739999985206
2,7469,11287.879999985207
2,7470,11878.939999985208
2,7471,14297.979999985213
2,7472,30634.92999998521
2,7473,53101.089999985204
2,7474,67510.55999998521
2,7475,75528.86999998518
2,7476,72469.40999998522
2,7477,61947.24999998521
2,7478,41890.0799999852
2,7479,18514.689999985207
2,7480,9580.289999985207
2,7481,13007.219999986686
2,7482,15749.699999986686
2,7483,16181.779999985207
2,7484,15749.699999985207
2,7485,14810.539999985207
2,7486,12932.21999998521
2,7487,12500.139999985207
2,7488,10537.839999985208
2,7489,9598.679999985208
2,7490,9166.599999985208
2,7491,9250.579999985208
2,7492,9250.579999985208
2,7493,9250.579999985208
2,7494,9250.579999985208
2,7495,9766.319999986687
2,7496,18700.76999998669
2,7497,30694.81999998669
2,7498,42184.47999998521
2,7499,49332.72999998521
2,7500,52110.60999998522
2,7501,47504.70999998522
2,7502,36778.82999998522
2,7503,20176.08999998669
2,7504,10189.949999986688
2,7505,10030.759999986687
2,7506,11485.979999986688
2,7507,11053.899999986688
2,7508,11053.89999998521
2,7509,11560.979999985208
2,7510,11560.979999985208
2,7511,10621.819999985208
2,7512,10621.819999985208
2,7513,10621.819999985206
2,7514,10621.819999985208
2,7515,9682.659999985208
2,7516,8743.499999985208
2,7517,8743.499999985208
2,7518,8311.419999985208
2,7519,8835.479999988711
2,7520,13740.449999988712
2,7521,22087.74999998871
2,7522,27597.36999998871
2,7523,31317.62999998871
2,7524,33050.46999998871
2,7525,29101.759999988713
2,7526,22371.189999988714
2,7527,12625.38999998871
2,7528,8923.689999988712
2,7529,8227.43999998871
2,7530,8743.499999988711
2,7531,7720.359999988712
2,7532,6781.199999988712
2,7533,6349.119999985207
2,7534,5917.039999985208
2,7535,4545.799999985207
2,7536,3606.6399999852074
2,7537,3606.6399999852083
2,7538,2667.479999985208
2,7539,2667.479999985208
2,7540,2667.479999985208
2,7541,2667.4799999852075
2,7542,2667.479999985208
2,7543,2667.4799999887114
2,7544,5660.809999988711
2,7545,11098.299999988712
2,7546,15794.859999988714
2,7547,19487.979999988715
2,7548,20170.909999988715
2,7549,18171.509999988713
2,7550,12502.959999988712
2,7551,6427.27999998871
2,7552,2910.439999988712
2,7553,4017.5599999887113
2,7554,5124.679999988712
2,7555,6063.8399999887115
2,7556,7519.059999985209
2,7557,8542.199999985209
2,7558,9913.439999985208
2,7559,12223.839999985208
2,7560,14102.159999985208
2,7561,16412.55999998521
2,7562,17435.69999998521
2,7563,19914.05999998521
2,7564,22053.29999998521
2,7565,24783.599999985207
2,7566,26754.879999985205
2,7567,28474.21999998521
2,7568,35455.92999998521
2,7569,44935.33999998522
2,7570,53623.07999998522
2,7571,58481.96999998521
2,7572,59394.23999998521
2,7573,52543.39999998521
2,7574,43906.199999985205
2,7575,32926.53999998521
2,7576,28336.44999998669
2,7577,30730.779999986684
2,7578,32366.139999985215
2,7579,31775.079999985213
2,7580,31259.019999985212
2,7581,29635.839999985204
2,7582,28012.65999998521
2,7583,25966.379999985205
2,7584,25450.319999985208
2,7585,23563.01999998521
2,7586,22623.85999998521
2,7587,21336.59999998521
2,7588,21240.439999985207
2,7589,22431.539999985205
2,7590,23022.599999985207
2,7591,24047.089999985215
2,7592,32399.389999985215
2,7593,45762.129999985205
2,7594,55951.77999998521
2,7595,65204.5699999852
2,7596,67646.85999998522
2,7597,61613.72999998522
2,7598,45300.569999985215
2,7599,30036.979999985208
2,7600,27449.15999998669
2,7601,31492.999999986692
2,7602,36383.699999985205
2,7603,38099.83999998521
2,7604,39374.919999985206
2,7605,37667.75999998521
2,7606,35528.519999985205
2,7607,31582.75999998521
2,7608,29440.319999985208
2,7609,26190.759999985206
2,7610,23025.17999998521
2,7611,19871.779999985207
2,7612,19271.739999985213
2,7613,17996.659999985204
2,7614,17396.619999985207
2,7615,17161.65999998521
2,7616,27358.849999985214
2,7617,46875.6299999852
2,7618,64246.41999998521
2,7619,71939.80999998521
2,7620,71372.51999998519
2,7621,64520.519999985205
2,7622,50371.199999985205
2,7623,31701.479999985208
2,7624,23768.53999998521
2,7625,28489.59999998521
2,7626,37220.91999998521
2,7627,43125.779999985214
2,7628,47407.45999998522
2,7629,51773.11999998521
2,7630,53237.319999985215
2,7631,55463.73999998145
2,7632,55472.71999998145
2,7633,55301.55999997939
2,7634,56408.679999979395
2,7635,55724.6599999794
2,7636,56072.759999979404
2,7637,54974.61999997939
2,7638,54806.65999998145
2,7639,56089.48999998146
2,7640,66825.26999998145
2,7641,82875.99999998145
2,7642,99533.63999997941
2,7643,112235.65999997938
2,7644,111231.23999997939
2,7645,102481.99999997941
2,7646,87674.33999997939
2,7647,73621.81999998145
2,7648,73269.35999998145
2,7649,82086.57999998146
2,7650,87307.41999998144
2,7651,88246.57999998145
2,7652,84657.89999998144
2,7653,82776.3799999794
2,7654,70219.19999997939
2,7655,66957.4599999794
2,7656,66327.2799999794
2,7657,65184.239999979385
2,7658,64809.19999997939
2,7659,64704.05999997939
2,7660,67785.6599999794
2,7661,70696.0999999794
2,7662,75404.07999998145
2,7663,75769.15999998519
2,7664,79017.5799999852
2,7665,89862.92999998521
2,7666,100067.2299999852
2,7667,109092.85999998519
2,7668,104202.59999998519
2,7669,91027.46999998522
2,7670,74032.3199999852
2,7671,59438.89999998521
2,7672,52273.79999998522
2,7673,52291.75999998521
2,7674,51520.55999998521
2,7675,52291.75999998521
2,7676,51955.8399999852
2,7677,52727.03999998521
2,7678,50671.77999998521
2,7679,48520.3599999852
2,7680,48268.41999998356
2,7681,48268.41999998356
2,7682,45198.999999983556
2,7683,42975.779999983555
2,7684,42459.71999998356
2,7685,43482.8599999852
2,7686,47596.57999998522
2,7687,50687.159999985204
2,7688,60363.90999998521
2,7689,72792.5299999852
2,7690,86675.35999998522
2,7691,93034.03999998521
2,7692,89775.96999998522
2,7693,85014.2699999852
2,7694,74444.06999998521
2,7695,61970.9999999852
2,7696,55173.33999998521
2,7697,54909.21999998522
2,7698,55152.1799999852
2,7699,55743.239999985206
2,7700,55575.2799999852
2,7701,52844.97999998521
2,7702,48488.29999998521
2,7703,46433.039999985194
2,7704,43090.51999998356
2,7705,41287.19999998356
2,7706,39915.95999998356
2,7707,39483.87999998356
2,7708,38196.6199999852
2,7709,36993.33999998521
2,7710,36306.11999998521
2,7711,38084.829999985195
2,7712,46851.45999998521
2,7713,63940.01999998521
2,7714,79681.73999998519
2,7715,94130.58999998523
2,7716,99613.86999998521
2,7717,92163.1899999852
2,7718,75680.3399999852
2,7719,52530.67999998521
2,7720,45105.13999998521
2,7721,53339.879999985205
2,7722,63019.33999998521
2,7723,69620.3999999852
2,7724,74838.03999998521
2,7725,78165.17999998145
2,7726,77334.9957026279
2,7727,77074.97108396856
2,7728,76230.81258317437
2,7729,77170.08314805361
2,7730,77429.54253338696
2,7731,76031.90077158588
2,7732,74874.30231239364
2,7733,77743.39439382798
2,7734,83971.27211416348
2,7735,87792.4699999852
2,7736,91457.02999998521
2,7737,99428.5399999852
2,7738,107112.83999998521
2,7739,109915.4099999852
2,7740,107602.64999998521
2,7741,106817.26999998356
2,7742,98398.84999998519
2,7743,84732.2299999852
2,7744,78029.9399999852
2,7745,76319.5799999852
2,7746,69979.4399999852
2,7747,64137.3999999852
2,7748,57032.45999998521
2,7749,54716.279999985214
2,7750,52841.15999998522
2,7751,55427.85999998356
2,7752,57411.31999998356
2,7753,53570.69999998356
2,7754,48526.79999998357
2,7755,44752.19999998356
2,7756,39363.39999998521
2,7757,36033.059999985206
2,7758,33638.67999998521
2,7759,31663.219999985206
2,7760,37918.61999998521
2,7761,50016.529999985214
2,7762,60248.7999999852
2,7763,62943.56999998521
2,7764,59284.1699999852
2,7765,49737.5199999852
2,7766,37092.54999998521
2,7767,22830.789999985205
2,7768,15106.51999998521
2,7769,16472.83999998521
2,7770,20229.479999985208
2,7771,24493.199999985205
2,7772,29188.999999985208
2,7773,34316.879999985205
2,7774,35415.019999985205
2,7775,35922.09999998521
2,7776,37641.43999998521
2,7777,40890.99999998145
2,7778,43801.43999998146
2,7779,47143.95999998146
2,7780,49295.37999998145
2,7781,55125.23999998146
2,7782,61378.19999998146
2,7783,65592.87999998144
2,7784,78530.04999998145
2,7785,94902.02999998145
2,7786,107490.67999998144
2,7787,115375.02999998145
2,7788,116389.34999998145
2,7789,111580.74999998146
2,7790,100093.71999998143
2,7791,82003.64999998146
2,7792,72868.9499999833
2,7793,75520.13999998331
2,7794,76975.35999998331
2,7795,77998.49999998331
2,7796,77818.35999998145
2,7797,76963.17999998145
2,7798,72690.47999998144
2,7799,69872.99999998145
2,7800,67214.49999998146
2,7801,65579.13999998145
2,7802,65147.05999998146
2,7803,64198.91999998145
2,7804,64873.95999998144
2,7805,64027.759999981456
2,7806,68309.43999998146
2,7807,67634.39999998143
2,7808,74360.59999998145
2,7809,86680.39999998146
2,7810,93491.80999998146
2,7811,101019.39999998146
2,7812,101549.17999998141
2,7813,90201.44999998144
2,7814,69574.8899999852
2,7815,47775.2799999852
2,7816,36777.31999998521
2,7817,35922.13999998521
2,7818,37293.37999998521
2,7819,39096.69999998522
2,7820,42862.31999998521
2,7821,44308.55999998521
2,7822,44392.53999998522
2,7823,44635.49999998521
2,7824,45226.559999983554
2,7825,46333.67999998355
2,7826,48379.95999998356
2,7827,48896.01999998356
2,7828,48397.919999983555
2,7829,47458.75999998521
2,7830,48746.019999985205
2,7831,48587.039999985216
2,7832,52070.2499999852
2,7833,58289.559999985206
2,7834,72147.3399999852
2,7835,80095.14999998518
2,7836,77991.3899999852
2,7837,70370.2399999852
2,7838,53620.809999985206
2,7839,33990.74999998521
2,7840,27790.859999986686
2,7841,31904.579999986683
2,7842,36186.259999985195
2,7843,38580.63999998521
2,7844,40026.87999998521
2,7845,41125.019999985205
2,7846,38457.53999998521
2,7847,37002.31999998521
2,7848,37593.379999985205
2,7849,39132.57999998521
2,7850,41451.95999998521
2,7851,42832.179999985216
2,7852,42757.17999998521
2,7853,43612.35999998521
2,7854,46006.739999985206
2,7855,43696.339999985204
2,7856,46135.72999998521
2,7857,50191.289999985216
2,7858,55219.3599999852
2,7859,59337.06999998519
2,7860,56587.3199999852
2,7861,50716.2399999852
2,7862,39146.79999998521
2,7863,27806.409999986692
2,7864,23805.97999998669
2,7865,24754.119999986688
2,7866,25693.279999986687
2,7867,26200.359999985205
2,7868,26107.399999985202
2,7869,25084.25999998521
2,7870,25516.339999985208
2,7871,25000.279999985207
2,7872,25864.439999985207
2,7873,24925.279999985207
2,7874,25000.279999985207
2,7875,24652.17999998521
2,7876,24136.119999985207
2,7877,23620.05999998521
2,7878,24559.219999985202
2,7879,25066.29999998521
2,7880,29902.349999986687
2,7881,36125.29999998669
2,7882,45551.75999998522
2,7883,50752.67999998521
2,7884,50505.22999998521
2,7885,44477.919999985206
2,7886,31742.029999986684
2,7887,21184.679999986693
2,7888,20895.539999986686
2,7889,26887.57999998669
2,7890,30917.31999998669
2,7891,30410.239999985206
2,7892,29471.07999998521
2,7893,28880.019999985205
2,7894,26569.61999998521
2,7895,27001.699999985205
2,7896,25555.459999985207
2,7897,25132.35999998521
2,7898,26419.61999998521
2,7899,26935.67999998521
2,7900,26503.599999985207
2,7901,26578.599999985207
2,7902,26494.61999998521
2,7903,25555.459999985207
2,7904,25853.26999998871
2,7905,28467.869999988714
2,7906,31611.43999998871
2,7907,34491.73999998871
2,7908,35975.709999988714
2,7909,30619.489999988717
2,7910,23706.899999988713
2,7911,13151.83999998871
2,7912,9457.659999988711
2,7913,8086.419999988711
2,7914,7654.3399999887115
2,7915,6367.079999988711
2,7916,5851.019999988712
2,7917,4563.759999985208
2,7918,4563.759999985208
2,7919,4131.679999985208
2,7920,3699.5999999852083
2,7921,3351.499999985208
2,7922,2835.4399999852085
2,7923,2403.3599999852077
2,7924,1971.2799999852082
2,7925,1971.2799999852082
2,7926,1971.2799999852077
2,7927,1539.1999999887112
2,7928,4289.499999988712
2,7929,13438.80999998871
2,7930,22687.299999988718
2,7931,29991.959999988714
2,7932,35169.059999988705
2,7933,32136.999999988715
2,7934,21304.789999988716
2,7935,9180.25999998871
2,7936,5547.779999988711
2,7937,6654.899999988711
2,7938,8785.159999988711
2,7939,9724.319999988711
2,7940,9892.27999998871
2,7941,10144.219999985207
2,7942,10228.199999985209
2,7943,9373.019999985207
2,7944,8265.89999998521
2,7945,8181.919999985209
2,7946,9121.079999985208
2,7947,8953.119999985207
2,7948,9385.199999985209
2,7949,9637.139999985207
2,7950,9033.89999998521
2,7951,10489.119999985209
2,7952,12735.789999985207
2,7953,20397.159999985204
2,7954,27814.239999985213
2,7955,33276.559999985206
2,7956,34473.7099999852
2,7957,31009.56999998521
2,7958,23752.569999985208
2,7959,17775.599999985207
2,7960,14929.779999985209
2,7961,17408.139999986688
2,7962,20825.65999998669
2,7963,20057.659999985208
2,7964,19889.699999985212
2,7965,17927.399999985206
2,7966,16820.279999985207
2,7967,14425.899999985208
2,7968,12379.619999985209
2,7969,11872.539999985207
2,7970,11788.55999998521
2,7971,10765.419999985208
2,7972,11281.479999985208
2,7973,11197.49999998521
2,7974,11545.599999985207
2,7975,11377.63999998521
2,7976,15211.939999985207
2,7977,26777.709999985207
2,7978,38626.89999998522
2,7979,45814.71999998522
2,7980,46476.529999985214
2,7981,41809.54999998521
2,7982,28305.49999998521
2,7983,12856.269999985212
2,7984,5754.859999986687
2,7985,6090.7799999866875
2,7986,5910.639999986688
2,7987,5478.559999986687
2,7988,5394.579999986687
2,7989,5310.599999985208
2,7990,3591.259999985208
2,7991,3423.299999985208
2,7992,3339.3199999852077
2,7993,3423.299999985208
2,7994,4194.499999985208
2,7995,4026.539999985208
2,7996,4797.739999985208
2,7997,5652.919999985208
2,7998,6508.099999985208
2,7999,7954.339999986688
2,8000,15889.979999986685
2,8001,34341.47999998668
2,8002,54527.5699999852
2,8003,69817.22999998518
2,8004,73183.5099999852
2,8005,66062.6399999852
2,8006,52662.53999998521
2,8007,35649.71999998521
2,8008,31385.27999998669
2,8009,37647.219999986686
2,8010,41766.71999998521
2,8011,44845.1199999852
2,8012,48007.499999985215
2,8013,49102.43999998521
2,8014,46188.7999999852
2,8015,43803.39999998521
2,8016,38423.57999998521
2,8017,33466.85999998521
2,8018,30217.29999998521
2,8019,26535.65999998521
2,8020,22602.079999985206
2,8021,19691.639999985207
2,8022,16349.119999985209
2,8023,13609.839999988711
2,8024,13535.3299999987
2,8025,12518.729999998697
2,8026,13981.7899999987
2,8027,13837.719999998699
2,8028,15515.7899999987
2,8029,13117.429999998696
2,8030,10091.3499999987
2,8031,7782.979999998699
2,8032,6931.1999999987
2,8033,6424.1199999987
2,8034,6424.1199999987
2,8035,5484.9599999987
2,8036,5484.959999988711
2,8037,5484.959999985208
2,8038,4545.799999985208
2,8039,4629.779999985208
2,8040,5568.9399999852085
2,8041,5136.859999985208
2,8042,5220.839999985209
2,8043,5220.839999985208
2,8044,4365.659999985208
2,8045,4797.739999985208
2,8046,3774.5999999852074
2,8047,4206.679999988712
2,8048,6890.529999988712
2,8049,13335.139999988713
2,8050,17576.38999998871
2,8051,20512.339999988715
2,8052,20960.87999998872
2,8053,17748.049999988714
2,8054,10844.38999998871
2,8055,6008.539999988712
2,8056,6790.179999988712
2,8057,8941.599999988712
2,8058,10312.839999988711
2,8059,12116.159999988711
2,8060,13487.399999985208
2,8061,14858.639999985207
2,8062,15290.719999985206
2,8063,16736.959999985207
2,8064,18267.179999985205
2,8065,18774.259999985206
2,8066,19206.339999985208
2,8067,20577.57999998521
2,8068,22032.799999985207
2,8069,23995.09999998521
2,8070,25957.39999998521
2,8071,28351.779999985207
2,8072,32210.849999985214
2,8073,34719.59999998668
2,8074,38219.84999998668
2,8075,40964.65999998669
2,8076,43586.3299999852
2,8077,45432.44999998521
2,8078,44067.00999998521
2,8079,42019.279999985214
2,8080,45391.31999998521
2,8081,51728.2599999852
2,8082,55829.79999998522
2,8083,59403.09999998519
2,8084,62133.39999998521
2,8085,62901.39999998521
2,8086,61278.2199999852
2,8087,62388.539999981454
2,8088,63243.71999998145
2,8089,64288.01999998145
2,8090,66862.53999998144
2,8091,68656.87999998145
2,8092,68912.01999998144
2,8093,68483.13999998145
2,8094,68654.29999998145
2,8095,66163.75999998521
2,8096,65485.63999998521
2,8097,67133.28999998521
2,8098,65767.61999998518
2,8099,65722.83999998521
2,8100,66582.1899999852
2,8101,62701.46999998521
2,8102,53219.11999998521
2,8103,43489.24999998521
2,8104,42580.239999985206
2,8105,42403.29999998521
2,8106,38298.55999998521
2,8107,35472.09999998521
2,8108,31199.39999998521
2,8109,28381.919999985206
2,8110,26428.599999985207
2,8111,24043.19999998521
2,8112,23452.139999985207
2,8113,25930.499999985208
2,8114,26182.43999998521
2,8115,25050.959999985207
2,8116,24951.59999998521
2,8117,23925.25999998521
2,8118,22050.13999998521
2,8119,22473.239999985213
2,8120,28337.299999985207
2,8121,35332.71999998522
2,8122,39640.519999985205
2,8123,40355.60999998521
2,8124,36196.0499999852
2,8125,28766.389999985207
2,8126,23173.189999985203
2,8127,18974.42999998521
2,8128,17780.59999998521
2,8129,18719.75999998669
2,8130,17939.57999998669
2,8131,16916.43999998521
2,8132,15725.339999985208
2,8133,15218.25999998521
2,8134,14288.079999985208
2,8135,15941.39999998521
2,8136,16046.539999985205
2,8137,15635.619999985209
2,8138,15560.619999985207
2,8139,17186.999999985208
2,8140,20352.57999998521
2,8141,22230.89999998521
2,8142,22662.979999985208
2,8143,23602.139999985207
2,8144,28149.779999985207
2,8145,32039.559999985213
2,8146,34916.0399999852
2,8147,35478.269999985205
2,8148,34142.519999985205
2,8149,30382.939999985214
2,8150,24235.87999998521
2,8151,18568.68999998521
2,8152,18681.339999985208
2,8153,20229.519999985212
2,8154,21009.699999985205
2,8155,20850.71999998521
2,8156,21714.879999985205
2,8157,21723.85999998521
2,8158,21891.819999985208
2,8159,22998.939999985207
2,8160,21795.659999985208
2,8161,23166.899999985206
2,8162,26257.47999998521
2,8163,27448.57999998521
2,8164,28891.61999998521
2,8165,31877.059999985206
2,8166,36656.83999998521
2,8167,37944.09999998521
2,8168,41039.279999985214
2,8169,46225.84999998522
2,8170,52125.129999985205
2,8171,55040.489999985206
2,8172,54958.979999985204
2,8173,52467.4399999852
2,8174,45320.84999998521
2,8175,38611.77999998521
2,8176,33809.79999998669
2,8177,31235.279999986684
2,8178,28228.67999998669
2,8179,23682.879999985205
2,8180,19653.13999998521
2,8181,16580.51999998521
2,8182,14270.119999985207
2,8183,12307.819999985208
2,8184,11800.739999985206
2,8185,11809.71999998521
2,8186,12325.779999985207
2,8187,11470.599999985208
2,8188,11470.599999985208
2,8189,11302.63999998521
2,8190,12157.819999985206
2,8191,12157.819999986687
2,8192,15089.839999986685
2,8193,24219.489999986687
2,8194,34675.62999998669
2,8195,43487.76999998521
2,8196,47237.28999998521
2,8197,40935.239999985206
2,8198,28199.11999998669
2,8199,16646.28999998669
2,8200,17141.47999998669
2,8201,21507.13999998669
2,8202,23997.67999998669
2,8203,23661.75999998521
2,8204,19476.239999985206
2,8205,16217.699999985209
2,8206,14330.399999985208
2,8207,13307.259999985208
2,8208,11587.919999985208
2,8209,12346.93999998521
2,8210,13202.119999985209
2,8211,12011.019999985208
2,8212,11071.859999985207
2,8213,10216.679999985208
2,8214,9520.479999985208
2,8215,9436.499999988711
2,8216,9525.029999999628
2,8217,10740.799999999625
2,8218,11781.299999999623
2,8219,12053.469999999625
2,8220,12053.469999999625
2,8221,10749.179999999622
2,8222,7474.259999999625
2,8223,4815.699999999625
2,8224,5415.739999999625
2,8225,6438.879999999625
2,8226,6354.899999999625
2,8227,6102.959999999624
2,8228,6018.979999988711
2,8229,5586.899999985208
2,8230,6526.0599999852075
2,8231,5154.819999985209
2,8232,5586.899999985208
2,8233,5851.0199999852075
2,8234,5851.0199999852075
2,8235,4395.799999985208
2,8236,4395.799999985207
2,8237,4395.799999985208
2,8238,4395.799999985208
2,8239,3531.639999999391
2,8240,5063.329999999785
2,8241,5229.0499999997855
2,8242,7971.589999999784
2,8243,9619.439999999786
2,8244,9182.439999999784
2,8245,7715.999999999785
2,8246,4977.939999999785
2,8247,2240.319999999785
2,8248,2742.4799999997854
2,8249,4188.719999999786
2,8250,5211.859999999786
2,8251,5211.859999999732
2,8252,6234.999999988711
2,8253,6318.9799999852075
2,8254,6751.0599999852075
2,8255,7774.199999985209
2,8256,7942.159999985208
2,8257,9481.359999985209
2,8258,12466.799999985209
2,8259,15968.299999985209
2,8260,18794.75999998521
2,8261,21105.159999985208
2,8262,24270.739999985206
2,8263,26149.059999985213
2,8264,30599.189999986687
2,8265,37473.39999998669
2,8266,43763.709999985214
2,8267,47600.64999998521
2,8268,49453.099999985214
2,8269,47727.419999985206
2,8270,42844.4699999852
2,8271,40601.2499999852
2,8272,42840.49999998521
2,8273,44115.57999998522
2,8274,45483.61999998521
2,8275,44037.379999985205
2,8276,41475.0399999852
2,8277,41646.199999985205
2,8278,39506.95999998521
2,8279,39338.99999998521
2,8280,38399.83999998521
2,8281,36521.51999998521
2,8282,34991.29999998521
2,8283,32173.819999985208
2,8284,31582.75999998521
2,8285,29704.439999985207
2,8286,28513.33999998521
2,8287,26034.979999985204
2,8288,25612.369999985207
2,8289,26376.919999985206
2,8290,27068.179999985205
2,8291,27940.399999985206
2,8292,25967.85999998521
2,8293,20822.41999998521
2,8294,15083.839999985204
2,8295,11209.889999986686
2,8296,10363.479999986686
2,8297,10531.439999986687
2,8298,11122.499999986687
2,8299,11629.57999998669
2,8300,10849.399999985208
2,8301,10333.339999985208
2,8302,9394.179999985208
2,8303,9046.07999998521
2,8304,7506.879999985208
2,8305,8362.05999998521
2,8306,8362.05999998521
2,8307,8362.05999998521
2,8308,7590.859999985208
2,8309,7506.879999985208
2,8310,8530.019999985208
2,8311,8362.05999998521
2,8312,9910.729999985208
2,8313,11631.299999985209
2,8314,14818.029999985207
2,8315,16971.69999998521
2,8316,17150.62999998521
2,8317,14316.599999985208
2,8318,10104.539999985209
2,8319,6482.279999985209
2,8320,5895.879999986688
2,8321,7774.199999986688
2,8322,10591.679999986687
2,8323,14948.35999998521
2,8324,17849.819999985208
2,8325,20412.159999985208
2,8326,24165.59999998521
2,8327,28086.999999985208
2,8328,32791.77999998521
2,8329,38255.5799999852
2,8330,44247.61999998521
2,8331,47506.159999985204
2,8332,50257.61999998521
2,8333,50446.7399999852
2,8334,53717.45999998519
2,8335,54845.73999998521
2,8336,56069.8599999852
2,8337,64161.3099999852
2,8338,73620.5999999852
2,8339,79311.9399999852
2,8340,80688.92999998521
2,8341,72274.9499999852
2,8342,57758.95999998521
2,8343,43172.709999985214
2,8344,38895.39999998521
2,8345,39747.37999998668
2,8346,39144.13999998521
2,8347,37076.69999998521
2,8348,35096.4399999852
2,8349,32525.119999985203
2,8350,30985.91999998521
2,8351,29530.69999998521
2,8352,30901.939999985218
2,8353,33560.4399999852
2,8354,33305.29999998521
2,8355,32726.419999985206
2,8356,31535.31999998521
2,8357,31208.379999985205
2,8358,33179.65999998522
2,8359,32240.499999985208
2,8360,31646.72999998669
2,8361,32145.899999986694
2,8362,35302.32999998668
2,8363,35922.41999998668
2,8364,34016.069999986685
2,8365,28258.929999986693
2,8366,21845.679999986685
2,8367,19616.43999998669
2,8368,20819.91999998669
2,8369,22707.219999986686
2,8370,24690.679999986693
2,8371,24702.85999998521
2,8372,23511.75999998521
2,8373,21372.519999985212
2,8374,20340.39999998521
2,8375,17769.079999985206
2,8376,14942.619999985207
2,8377,12200.139999985207
2,8378,9532.659999985208
2,8379,8911.459999985207
2,8380,8215.259999985208
2,8381,6579.899999985209
2,8382,8362.05999998521
2,8383,11083.379999986688
2,8384,14421.469999986686
2,8385,20353.279999986687
2,8386,31388.28999998669
2,8387,40827.319999986685
2,8388,42133.36999998521
2,8389,39544.779999985214
2,8390,29180.40999998669
2,8391,21101.439999986687
2,8392,22752.699999986686
2,8393,28321.63999998669
2,8394,33890.57999998521
2,8395,38943.45999998521
2,8396,41685.9399999852
2,8397,43141.159999985204
2,8398,42634.07999998522
2,8399,42126.9999999852
2,8400,42634.07999998521
2,8401,41778.89999998356
2,8402,42736.01999998356
2,8403,42321.89999998355
2,8404,42414.85999998521
2,8405,42150.73999998521
2,8406,44545.11999998521
2,8407,45652.239999985206
2,8408,48995.129999985205
2,8409,56394.4599999852
2,8410,61117.38999998521
2,8411,64844.10999998521
2,8412,65695.1599999852
2,8413,60351.13999998521
2,8414,52456.49999998522
2,8415,44811.8599999852
2,8416,43000.1399999852
2,8417,44794.47999998521
2,8418,45997.75999998521
2,8419,48224.17999998521
2,8420,48488.29999998521
2,8421,47117.05999998521
2,8422,45154.75999998521
2,8423,42328.29999998521
2,8424,40365.99999998521
2,8425,38562.679999985216
2,8426,36252.27999998521
2,8427,35820.19999998521
2,8428,34956.03999998521
2,8429,34091.87999998521
2,8430,35538.11999998521
2,8431,39030.63999998521
2,8432,43579.9399999852
2,8433,53627.3199999852
2,8434,67470.3999999852
2,8435,77406.13999998523
2,8436,78058.2099999852
2,8437,66347.2199999852
2,8438,50718.36999998521
2,8439,37626.169999985206
2,8440,38934.479999985204
2,8441,46324.699999985205
2,8442,50963.45999998522
2,8443,51986.59999998521
2,8444,50183.2799999852
2,8445,48887.03999998521
2,8446,46492.65999998521
2,8447,46228.53999998522
2,8448,44350.2199999852
2,8449,43918.13999998357
2,8450,44350.21999998357
2,8451,44266.23999998357
2,8452,44605.359999983564
2,8453,44785.49999998356
2,8454,47095.8999999852
2,8455,46588.819999985215
2,8456,50979.13999998521
2,8457,60418.6699999852
2,8458,70969.7799999852
2,8459,79397.1999999852
2,8460,80464.4399999852
2,8461,72759.61999998521
2,8462,59005.51999998522
2,8463,50557.39999998521
2,8464,54645.09999998521
2,8465,57987.619999985196
2,8466,57564.519999985205
2,8467,56202.25999998522
2,8468,52952.699999985205
2,8469,48671.01999998521
2,8470,45412.479999985204
2,8471,42669.99999998521
2,8472,39495.43999998521
2,8473,38292.15999998521
2,8474,37860.07999998521
2,8475,36404.85999998521
2,8476,35456.71999998521
2,8477,34856.67999998521
2,8478,34688.71999998521
2,8479,33581.59999998521
2,8480,35224.63999998521
2,8481,38785.21999998521
2,8482,41625.55999998521
2,8483,42225.49999998521
2,8484,39546.56999998519
2,8485,34652.40999998521
2,8486,27175.21999998521
2,8487,22798.699999985212
2,8488,24172.039999985205
2,8489,25966.379999985213
2,8490,27928.67999998521
2,8491,29026.81999998521
2,8492,29194.77999998521
2,8493,31157.079999985206
2,8494,33035.3999999852
2,8495,34574.59999998521
2,8496,37052.95999998521
2,8497,38592.15999998521
2,8498,38349.199999985205
2,8499,36218.93999998521
2,8500,35618.89999998521
2,8501,35883.01999998521
2,8502,37254.25999998521
2,8503,36579.21999998521
2,8504,39581.319999985215
2,8505,45600.39999998521
2,8506,52434.79999998521
2,8507,56383.45999998521
2,8508,54571.5499999852
2,8509,46355.36999998521
2,8510,38717.019999985205
2,8511,38411.519999985205
2,8512,49447.3399999852
2,8513,60149.93999998521
2,8514,65454.75999998521
2,8515,70243.5199999852
2,8516,73837.97999998523
2,8517,76577.25999998146
2,8518,76238.13999998145
2,8519,76163.35553595852
2,8520,75780.73839359275
2,8521,74923.1920809116
2,8522,72261.94455784267
2,8523,70891.21503931315
2,8524,77051.77135757158
2,8525,83388.05686658871
2,8526,88654.73054850625
2,8527,92083.37999998144
2,8528,92087.92999998521
2,8529,93491.02999998518
2,8530,96694.28999998521
2,8531,102206.61999998521
2,8532,105650.50999998521
2,8533,97355.5799999852
2,8534,86043.17999998521
2,8535,71360.94999998521
2,8536,60320.519999985205
2,8537,49530.739999985206
2,8538,40171.81999998521
2,8539,31662.299999985204
2,8540,27437.659999985208
2,8541,23221.999999985204
2,8542,21745.619999985207
2,8543,20269.239999985206
2,8544,18465.91999998521
2,8545,16326.679999985208
2,8546,15387.519999985207
2,8547,15303.539999985207
2,8548,14715.679999985208
2,8549,12672.599999985208
2,8550,9702.539999985207
2,8551,9450.59999998871
2,8552,11498.349999988712
2,8553,15797.34999998871
2,8554,22748.739999988713
2,8555,26624.759999988713
2,8556,26362.749999988715
2,8557,24870.74999998871
2,8558,23899.149999988713
2,8559,24045.11999998871
2,8560,28583.859999988716
2,8561,34308.57999998871
2,8562,40057.65999998521
2,8563,44435.49999998521
2,8564,50346.7599999852
2,8565,51898.13999998521
2,8566,51937.25999998521
2,8567,52903.35999998521
2,8568,53335.43999998357
2,8569,53746.35999998357
2,8570,54241.25999998355
2,8571,56221.51999998356
2,8572,56083.69999998355
2,8573,55081.719999983565
2,8574,53455.33999998521
2,8575,53275.19999998521
2,8576,53011.44999998521
2,8577,56926.919999985206
2,8578,64317.5499999852
2,8579,68253.0399999852
2,8580,66015.1999999852
2,8581,58264.8599999852
2,8582,49663.7999999852
2,8583,40238.02999998521
2,8584,33988.69999998521
2,8585,31336.599999985207
2,8586,30907.71999998521
2,8587,30202.53999998521
2,8588,29242.219999985213
2,8589,30001.23999998521
2,8590,31795.57999998521
2,8591,30688.459999985207
2,8592,28990.279999985214
2,8593,26940.799999985207
2,8594,25578.53999998521
2,8595,25170.819999985208
2,8596,23979.71999998521
2,8597,23220.69999998521
2,8598,23052.73999998521
2,8599,21681.499999985208
2,8600,21580.909999985208
2,8601,24712.139999985215
2,8602,32079.169999985206
2,8603,39252.8599999852
2,8604,43093.379999985205
2,8605,38534.239999985206
2,8606,28230.779999985203
2,8607,17263.879999985205
2,8608,14063.07999998521
2,8609,16289.499999985204
2,8610,17228.659999985208
2,8611,16205.519999985208
2,8612,17333.79999998521
2,8613,16142.699999985209
2,8614,14762.479999985208
2,8615,15617.659999985208
2,8616,17411.999999985208
2,8617,18699.25999998521
2,8618,20154.479999985208
2,8619,22632.839999985208
2,8620,23739.959999985207
2,8621,28171.639999985204
2,8622,30980.139999985207
2,8623,34145.71999998521
2,8624,39026.1399999852
2,8625,48694.89999998521
2,8626,59971.93999998521
2,8627,70735.4799999852
2,8628,74830.9599999852
2,8629,74753.99999998519
2,8630,70470.44999998521
2,8631,66328.84999998519
2,8632,66695.1999999852
2,8633,72780.19999998521
2,8634,76131.6999999852
2,8635,79038.9399999852
2,8636,82210.29999998145
2,8637,85504.24195179745
2,8638,82879.2278775348
2,8639,79667.25284750662
2,8640,79545.95886602573
2,8641,76423.33709533169
2,8642,74618.50808160857
2,8643,73980.45447625582
2,8644,74966.69983874535
2,8645,74841.6043454128
2,8646,78551.14399854408
2,8647,82947.21668700181
2,8648,88797.94790640665
2,8649,98220.43447267686
2,8650,109440.98495763195
2,8651,116559.65482681846
2,8652,115221.78862481068
2,8653,111055.32205251676
2,8654,102995.56434249223
2,8655,98128.90846263767
2,8656,97890.59310877066
2,8657,98807.14918047987
2,8658,99679.30732502331
2,8659,96208.11573571108
2,8660,91411.59503779205
2,8661,86598.58369832297
2,8662,81773.17750639872
2,8663,75505.66126775976
2,8664,70171.12247134262
2,8665,66185.18596443144
2,8666,59200.08724840165
2,8667,54411.79064562665
2,8668,48499.23999998146
2,8669,43794.45999998521
2,8670,40124.9999999852
2,8671,35843.31999998521
2,8672,33012.42999998668
2,8673,35866.55999998669
2,8674,38369.10999998669
2,8675,39302.90999998668
2,8676,35257.60999998668
2,8677,30444.229999986692
2,8678,22336.38999998669
2,8679,17978.60999998669
2,8680,18326.17999998669
2,8681,21575.73999998669
2,8682,24048.31999998669
2,8683,22932.21999998669
2,8684,21044.91999998521
2,8685,19577.51999998521
2,8686,18878.119999985207
2,8687,16987.619999985207
2,8688,16984.419999985206
2,8689,17656.25999998521
2,8690,20470.53999998521
2,8691,21661.639999985207
2,8692,23716.89999998521
2,8693,24832.999999985208
2,8694,26972.23999998521
2,8695,26897.239999985206
2,8696,28273.02999998669
2,8697,33944.76999998669
2,8698,42072.40999998668
2,8699,49586.04999998521
2,8700,52395.55999998521
2,8701,50886.72999998521
2,8702,46026.489999985206
2,8703,38612.79999998521
2,8704,34280.37999998668
2,8705,37887.01999998669
2,8706,41913.559999985206
2,8707,44656.03999998521
2,8708,46375.37999998521
2,8709,47830.59999998519
2,8710,48769.7599999852
2,8711,48157.53999998521
2,8712,47716.47999998521
2,8713,49510.81999998521
2,8714,50185.8599999852
2,8715,51464.1399999852
2,8716,51971.2199999852
2,8717,51623.11999998521
2,8718,52301.35999998521
2,8719,50930.11999998521
2,8720,50769.839999985204
2,8721,59410.459999985214
2,8722,69588.17999998521
2,8723,76254.55999998521
2,8724,75981.2699999852
2,8725,67762.5499999852
2,8726,54488.68999998522
2,8727,44488.109999985216
2,8728,40311.4999999852
2,8729,45277.19999998521
2,8730,49378.73999998521
2,8731,48787.67999998521
2,8732,49726.839999985204
2,8733,49558.87999998521
2,8734,47512.59999998521
2,8735,46996.53999998521
2,8736,47512.59999998521
2,8737,45793.25999998521
2,8738,44011.09999998521
2,8739,42207.77999998521
2,8740,39717.23999998521
2,8741,37658.77999998521
2,8742,35441.339999985204
2,8743,34670.139999985215
2,8744,38259.84999998521
2,8745,49357.6099999852
2,8746,61985.479999985204
2,8747,69242.3999999852
2,8748,67500.0199999852
2,8749,59259.71999998521
2,8750,41707.15999998521
2,8751,29359.91999998669
2,8752,24549.619999986688
2,8753,26617.05999998669
2,8754,25506.739999986687
2,8755,23016.19999998669
2,8756,21896.89999998521
2,8757,19829.459999985207
2,8758,17254.939999985207
2,8759,14779.779999985205
