STO,T,value
0,0,1.5438834010177038e-08
0,1,1.5439445735013405e-08
0,2,1.543999534982738e-08
0,3,1.5440413813873143e-08
0,4,1.5440804223784506e-08
0,5,1.5441133507864774e-08
0,6,1.5441411291069605e-08
0,7,1.54416466649526e-08
0,8,1.5441851840081536e-08
0,9,1.5441960745713037e-08
0,10,1.5442021449884355e-08
0,11,1.5442058396448463e-08
0,12,1.5442048431683515e-08
0,13,1.544201203176059e-08
0,14,1.54419615443245e-08
0,15,1.5442008717945777e-08
0,16,4.4061915267680355e-08
0,17,3.4619040151143805e-08
0,18,2.8558798777310985e-08
0,19,2.434003349325331e-08
0,20,2.1234379642242604e-08
0,21,1.8852571735858122e-08
0,22,1.54415291951336e-08
0,23,1.5440538907224145e-08
0,24,1.5440250570110763e-08
0,25,1.5439912685347734e-08
0,26,1.5439501569322953e-08
0,27,1.5438991869689785e-08
0,28,1.5438344147118677e-08
0,29,1.5437492192594903e-08
0,30,1.543626357160815e-08
0,31,443.99121237657533
0,32,314.7613287351614
0,33,288.06540042511415
0,34,2.6392567460583596e-07
0,35,9.836575146784736e-08
0,36,6.067916578139025e-08
0,37,4.399183091200983e-08
0,38,3.457716252187014e-08
0,39,2.853751891653683e-08
0,40,363.62848606690056
0,41,506.9054662916692
0,42,2.3403574272914127e-08
0,43,2.4997556134530644e-08
0,44,2.6201276722278367e-08
0,45,3.214198174361849e-08
0,46,4.1780946922935025e-08
0,47,3.040831625626881e-08
0,48,3.280396944279349e-08
0,49,3.579076441375664e-08
0,50,4.012962114635589e-08
0,51,4.7980888732306916e-08
0,52,1.8097298139785876e-08
0,53,5.151939606535866e-08
0,54,4.053233641392918e-08
0,55,3.344970091802177e-08
0,56,2.851567968457927e-08
0,57,2.4881815293079502e-08
0,58,2.2094134938563614e-08
0,59,1.988800512559298e-08
0,60,1.8098768046843954e-08
0,61,1.8098811826206007e-08
0,62,1.8098776529618034e-08
0,63,1.8098528460566162e-08
0,64,525.0827823393789
0,65,532.5665995808243
0,66,647.9305237922822
0,67,2.5373321906348016e-08
0,68,3.217748969208125e-08
0,69,3.9789986192643155e-08
0,70,5.2366979832087354e-08
0,71,9.80817844382963e-08
0,72,610.8299683758053
0,73,805.2954810559173
0,74,896.313563651609
0,75,929.1258130550481
0,76,940.1619624264758
0,77,943.0381461055812
0,78,942.4345694511449
0,79,942.7954838273029
0,80,944.0831175080904
0,81,939.168362724084
0,82,932.6696334540544
0,83,916.9249508541587
0,84,869.9887663536837
0,85,753.1364499662128
0,86,666.069347128619
0,87,9.181484034432414e-08
0,88,3.2615205014111047e-08
0,89,1.6875480849000554e-07
0,90,8.140961270191281e-08
0,91,5.939688675774609e-08
0,92,4.8289327228059344e-08
0,93,4.126846684673023e-08
0,94,3.628496704081362e-08
0,95,3.2481707691349915e-08
0,96,2.9427567868913325e-08
0,97,2.6875839717191088e-08
0,98,2.4670156815489975e-08
0,99,2.2698622302597533e-08
0,100,2.0866340181190047e-08
0,101,1.9059178729863193e-08
0,102,1.7007315117170457e-08
0,103,354.04583992938603
0,104,207.0267438519954
0,105,168.43170786183498
0,106,148.70169634434723
0,107,142.1142431160469
0,108,122.51612274672748
0,109,52.83284449656022
0,110,146.62091079773026
0,111,163.78993164888126
0,112,199.37119925353068
0,113,342.54876002638076
0,114,2.2415938414662432e-08
0,115,2.9741260828908207e-08
0,116,4.96002033647234e-08
0,117,1.5434606353988045e-08
0,118,1.5435288293905178e-08
0,119,1.5435707632847884e-08
0,120,1.543594580918343e-08
0,121,1.5436055378473718e-08
0,122,1.5436045222392826e-08
0,123,1.54359125573601e-08
0,124,1.5435628205091195e-08
0,125,1.5435113666514654e-08
0,126,1.543481111114857e-08
0,127,421.6587892611997
0,128,262.1850529060324
0,129,221.03159988513283
0,130,207.7281618333167
0,131,1.4609258530066775e-07
0,132,7.344830346197727e-08
0,133,4.921817578909998e-08
0,134,3.71005094493824e-08
0,135,211.290582067713
0,136,273.56653325133175
0,137,450.53928054181665
0,138,2.426723081918743e-08
0,139,2.699740235317252e-08
0,140,3.0166519261414204e-08
0,141,1.5434763165846397e-08
0,142,1.5435524693228282e-08
0,143,1.543606791780886e-08
0,144,1.543639343499978e-08
0,145,1.5436585951473735e-08
0,146,1.5436668530899414e-08
0,147,1.5436545871922797e-08
0,148,1.5436384548199455e-08
0,149,1.5436216780755977e-08
0,150,1.5435899277924835e-08
0,151,1.5435279393174548e-08
0,152,505.3342664755897
0,153,393.8218225373992
0,154,358.7902066233465
0,155,582.061119130576
0,156,7.190015658904475e-08
0,157,5.810581477566835e-08
0,158,4.987938331958681e-08
0,159,4.452509854249617e-08
0,160,4.086934431645709e-08
0,161,3.8307066635385805e-08
0,162,3.6491859319303255e-08
0,163,2.9215276504541537e-08
0,164,3.398835868472145e-08
0,165,3.305926746779628e-08
0,166,3.233074106468887e-08
0,167,3.173265548353006e-08
0,168,1.6880402077021188e-08
0,169,1.68811853014993e-08
0,170,1.6881560082051894e-08
0,171,1.688170675166818e-08
0,172,1.6881685763682524e-08
0,173,1.6881448921760988e-08
0,174,1.0576917918731627e-07
0,175,1.0764518369584745e-07
0,176,1.0762550400937815e-07
0,177,1.0760504091360137e-07
0,178,1.0758500117408025e-07
0,179,1.0756616988007997e-07
0,180,1.0754632831074733e-07
0,181,1.075274939345229e-07
0,182,1.0751332937724623e-07
0,183,146.26983676244294
0,184,148.01213703934835
0,185,143.78687363158426
0,186,143.61123593467235
0,187,144.75040536093329
0,188,1.701736338316712e-07
0,189,1.0749820149296297e-07
0,190,1.0750630128921444e-07
0,191,1.0751545712155673e-07
0,192,1.0752509574945169e-07
0,193,1.0753547911290513e-07
0,194,1.0754628216082804e-07
0,195,1.0755744009232683e-07
0,196,1.0756899570912826e-07
0,197,1.0758128568427749e-07
0,198,1.0759512649412338e-07
0,199,1.0763441199047462e-07
0,200,727.4065964915625
0,201,1.7865054374998366e-07
0,202,1.1433873256602321e-07
0,203,1.1821064865062344e-07
0,204,1.2248379653336243e-07
0,205,1.272317077429387e-07
0,206,1.3255143224461148e-07
0,207,1.3856468249895263e-07
0,208,1.4543773832665806e-07
0,209,1.5339753511582513e-07
0,210,1.6275449642353897e-07
0,211,1.7398594353486307e-07
0,212,1.8780393596195383e-07
0,213,2.0539550458484107e-07
0,214,2.287109527194782e-07
0,215,4.123568413912429e-08
0,216,3.4178037254311774e-08
0,217,2.9231263982718394e-08
0,218,2.5569446212464383e-08
0,219,2.2747366430008018e-08
0,220,2.0503707192157106e-08
0,221,1.867412641397452e-08
0,222,1.714802763465813e-08
0,223,1.7148159421776784e-08
0,224,71.99770107027801
0,225,61.22082240309523
0,226,54.55911725912991
0,227,49.907741467065065
0,228,46.06191228179059
0,229,43.39508680076103
0,230,42.09491500285536
0,231,40.690880620632775
0,232,39.46437202591124
0,233,38.51441135160682
0,234,37.672285365084036
0,235,36.989535717209684
0,236,36.375173192367825
0,237,35.84637301111353
0,238,35.49242426343913
0,239,35.14486962011064
0,240,34.75723675947083
0,241,34.76168219749369
0,242,34.72122710125187
0,243,34.76067486518222
0,244,34.90781046160305
0,245,35.29156213792596
0,246,35.625415001971106
0,247,36.34023729218494
0,248,37.0002197109425
0,249,37.69612203567053
0,250,38.4972340444139
0,251,39.43217759076871
0,252,40.34675685050757
0,253,41.39205448085714
0,254,43.93360333385213
0,255,46.85537587201942
0,256,50.31776553048431
0,257,54.64977466836832
0,258,61.27668922428601
0,259,68.63449545788238
0,260,4.391951008790292e-08
0,261,3.5321088899204834e-08
0,262,2.9586421179874517e-08
0,263,2.548892791786033e-08
0,264,1.7149997370854113e-08
0,265,1.7150386282318452e-08
0,266,1.715059252315883e-08
0,267,1.7150553761857126e-08
0,268,1.7150357087091758e-08
0,269,1.7149864303089407e-08
0,270,1.7151040035313524e-08
0,271,114.66802099010684
0,272,78.51538815473268
0,273,64.10474354330687
0,274,56.04925199326729
0,275,50.87218422587206
0,276,47.05093464617586
0,277,44.24178074777742
0,278,42.27167562198415
0,279,40.69252973139304
0,280,39.06127576971412
0,281,37.950064896247824
0,282,36.40648565241826
0,283,5.8168624654914263e-08
0,284,4.386557325043722e-08
0,285,3.5277592655204055e-08
0,286,2.954979093307866e-08
0,287,2.545723293785932e-08
0,288,2.2386291003315627e-08
0,289,1.9999835409639696e-08
0,290,1.8089776494949363e-08
0,291,1.7147194009026093e-08
0,292,5.4040464403254666e-08
0,293,3.328134020410173e-08
0,294,2.4379093650102448e-08
0,295,384.7841102799743
0,296,248.83663298075746
0,297,206.28756509370695
0,298,191.5159192609312
0,299,147.64652184707603
0,300,7.953932252394743e-08
0,301,5.3299152794069964e-08
0,302,4.017938057684575e-08
0,303,219.52328482144765
0,304,263.5491463722423
0,305,385.85681917532116
0,306,2.6076097579863148e-08
0,307,2.8740949544958584e-08
0,308,3.876734632315607e-08
0,309,3.69283705897448e-08
0,310,4.663941520069095e-08
0,311,8.409192274214474e-08
0,312,618.1483691549603
0,313,797.4689014844164
0,314,892.9732001244103
0,315,914.729881893348
0,316,885.1935203223549
0,317,767.5423358426073
0,318,649.3195610066855
0,319,524.4303209874853
0,320,329.17230626217224
0,321,1.9692481458526015e-07
0,322,9.899374634390575e-08
0,323,6.633340017565402e-08
0,324,5.000024775618961e-08
0,325,4.020016241577587e-08
0,326,153.89615658017397
0,327,195.13897733231727
0,328,209.61111538630098
0,329,251.05463209615044
0,330,384.69649110497596
0,331,3.088825496117651e-08
0,332,4.3821238443445963e-08
0,333,8.697089953452837e-08
0,334,649.5186164939822
0,335,792.3577930133596
0,336,902.2892320877472
0,337,939.8418660636136
0,338,944.1029647733357
0,339,919.6201436362786
0,340,832.7848559303295
0,341,597.9585499334511
0,342,4.6019212262219257e-08
0,343,453.8151643671445
0,344,263.07616907010987
0,345,1.729622557014956e-07
0,346,8.695932739893105e-08
0,347,5.827282045301526e-08
0,348,4.392558165569843e-08
0,349,3.531721241830857e-08
0,350,92.94849243163765
0,351,131.53562279011012
0,352,127.06371264252729
0,353,128.96273523027614
0,354,133.50843138380756
0,355,73.9774427119463
0,356,4.392861090025789e-08
0,357,3.532171290080799e-08
0,358,2.958298673004373e-08
0,359,2.548278318824452e-08
0,360,1.7149374839513806e-08
0,361,1.715668337920237e-08
0,362,1.8104402075413425e-08
0,363,1.714883061390969e-08
0,364,1.71491314541069e-08
0,365,3.8075752612539825e-07
0,366,2.521940724518315e-07
0,367,2.0075032321721837e-07
0,368,421.21576793272254
0,369,250.35965512856075
0,370,209.47504551160563
0,371,142.01960291128222
0,372,1.7113354667391834e-07
0,373,1.7112340972285246e-07
0,374,158.35586111765747
0,375,214.93598907845072
0,376,258.6015309254353
0,377,393.0365411111334
0,378,1.7744050613828868e-07
0,379,1.8416958215587763e-07
0,380,1.9179162486624335e-07
0,381,4.517838846930365e-08
0,382,3.634750411751346e-08
0,383,3.045623752007519e-08
0,384,2.624600936355521e-08
0,385,2.3086796873765097e-08
0,386,2.0628366254319997e-08
0,387,1.8660985570899104e-08
0,388,1.7049448470031096e-08
0,389,1.704982064219994e-08
0,390,1.7050099807203498e-08
0,391,2.9205163164621383e-07
0,392,2.92093130058505e-07
0,393,2.92097745567977e-07
0,394,2.9208912812094326e-07
0,395,2.9211103794228544e-07
0,396,2.9213041989243184e-07
0,397,2.921668500407721e-07
0,398,2.9221201205948235e-07
0,399,2.9226100526453733e-07
0,400,2.9232625162048994e-07
0,401,2.9250405225858056e-07
0,402,2.9239141719942336e-07
0,403,2.924379557174171e-07
0,404,2.9247214063116015e-07
0,405,3.2888802935197186e-08
0,406,2.755858602678982e-08
0,407,2.382308592347712e-08
0,408,2.1036610653502773e-08
0,409,1.7051865946362383e-08
0,410,1.705184898157655e-08
0,411,1.7051782140099265e-08
0,412,1.7051503808738756e-08
0,413,1.705115798920486e-08
0,414,1.7050564686186517e-08
0,415,1.7049482678632352e-08
0,416,1.0852845045163074e-07
0,417,7.690381941692279e-08
0,418,6.204488023182165e-08
0,419,5.29808843945063e-08
0,420,4.669937266028141e-08
0,421,4.200169893582296e-08
0,422,3.8304660297371756e-08
0,423,3.5285247102822875e-08
0,424,3.27485042420764e-08
0,425,1.1062965387524692e-07
0,426,5.932520990670036e-08
0,427,4.082638714804929e-08
0,428,3.12244563513192e-08
0,429,2.5319513652356345e-08
0,430,2.428735557420946e-08
0,431,2.3307519809570495e-08
0,432,2.2368707710742887e-08
0,433,2.145942276049424e-08
0,434,2.056669153580916e-08
0,435,1.967366166113723e-08
0,436,1.8753851739420084e-08
0,437,1.7753021637442913e-08
0,438,1.649234001912042e-08
0,439,312.0294633040423
0,440,191.9247854346539
0,441,153.95342486691732
0,442,136.86217851188118
0,443,128.8337814059527
0,444,123.63755007520261
0,445,115.83886339197667
0,446,120.90960006218404
0,447,122.87959217745238
0,448,144.76369909129153
0,449,184.93366789196924
0,450,311.43339370894415
0,451,3.0921147274357935e-08
0,452,2.89457082682376e-08
0,453,2.7394448979479384e-08
0,454,2.612247931005595e-08
0,455,1.3539907473636241e-08
0,456,1.3539852208971598e-08
0,457,1.3540151009364392e-08
0,458,1.354027068662071e-08
0,459,1.3540260155983543e-08
0,460,1.3540092862741296e-08
0,461,1.3539731071665953e-08
0,462,1.3540253669162982e-08
0,463,417.64234492004994
0,464,245.0748336011461
0,465,205.13045060143247
0,466,186.5384747950476
0,467,3.353367808500501e-08
0,468,2.695959557241892e-08
0,469,2.2578147741741705e-08
0,470,1.944872296784833e-08
0,471,145.98410212723977
0,472,210.15311532736345
0,473,254.29697390934595
0,474,383.1797047520334
0,475,2.1686055962953708e-08
0,476,3.813127517492983e-08
0,477,1.5436419520865088e-08
0,478,1.543531833341535e-08
0,479,1.5436231214083896e-08
0,480,1.543680955553069e-08
0,481,1.5437201405977435e-08
0,482,1.543747442070695e-08
0,483,1.5437652358332726e-08
0,484,1.5437752154814365e-08
0,485,1.5437791513736777e-08
0,486,1.5437802192054138e-08
0,487,2.1675596750728827e-08
0,488,2.12280447225661e-08
0,489,1.8847815450475893e-08
0,490,1.6964453647066806e-08
0,491,1.543722201846322e-08
0,492,1.5436809971855855e-08
0,493,1.543642031087239e-08
0,494,1.543587844420929e-08
0,495,9.844003006952227e-08
0,496,555.802487936346
0,497,645.113672633019
0,498,3.4582030326393864e-08
0,499,2.8535328932672275e-08
0,500,2.4324761559450287e-08
0,501,2.1223912846602896e-08
0,502,1.543626438629799e-08
0,503,1.5436384284467277e-08
0,504,1.543650781370926e-08
0,505,1.5436515479213438e-08
0,506,1.543646272247105e-08
0,507,1.543630839625968e-08
0,508,1.543601964844035e-08
0,509,1.5435538081530996e-08
0,510,1.5434597227511276e-08
0,511,4.3610782891561717e-08
0,512,306.09014720757204
0,513,177.7633923896426
0,514,143.45700342017759
0,515,128.2768272430197
0,516,117.82084651662862
0,517,70.50449354253557
0,518,112.35366417135297
0,519,115.31578445552387
0,520,113.93148512696222
0,521,126.61726365450616
0,522,139.68709945814555
0,523,3.493050098710718e-08
0,524,2.7456797842680082e-08
0,525,2.2657268149138158e-08
0,526,1.93144981011398e-08
0,527,1.6852754800134566e-08
0,528,1.49611018605068e-08
0,529,1.225756131383542e-08
0,530,1.2257648538999645e-08
0,531,1.2257619094494543e-08
0,532,1.225748889453945e-08
0,533,1.2257130615743822e-08
0,534,1.7033287585527777e-08
0,535,391.8859349433517
0,536,227.7740596796894
0,537,189.68749503786108
0,538,175.02538570267498
0,539,170.8432347118841
0,540,3.082872395264937e-08
0,541,2.4787411314328346e-08
0,542,2.0759690544497312e-08
0,543,1.7883005711104852e-08
0,544,214.84096505529536
0,545,257.1302556816135
0,546,420.8126691095398
0,547,2.2360316840289325e-08
0,548,1.9814326273653356e-08
0,549,2.43764731168226e-08
0,550,3.1585284448189087e-08
0,551,5.4033474958465125e-08
0,552,1.5434475496930203e-08
0,553,1.5434833771385634e-08
0,554,1.543515608620248e-08
0,555,1.5435284523990228e-08
0,556,1.543525977552049e-08
0,557,1.5435065282817025e-08
0,558,1.543465982407617e-08
0,559,461.4423784891772
0,560,381.99718775616776
0,561,399.45402729213527
0,562,1.5584144900517385e-07
0,563,7.832961198842785e-08
0,564,5.2483518903137505e-08
0,565,1.5435281871985975e-08
0,566,3.180326679959661e-08
0,567,2.6635246175472238e-08
0,568,9.842817599240838e-08
0,569,155.80373931281656
0,570,84.33641412959882
0,571,3.4588923575210127e-08
0,572,2.854069299453149e-08
0,573,2.432874247381011e-08
0,574,2.1227018018125097e-08
0,575,1.543833616556279e-08
0,576,1.543854686769182e-08
0,577,1.543875536361512e-08
0,578,1.5438969566455087e-08
0,579,1.5439121774245526e-08
0,580,1.5439216410241614e-08
0,581,1.5439257944210803e-08
0,582,1.5439243670457115e-08
0,583,1.5439183673819195e-08
0,584,1.543908732887823e-08
0,585,1.5438938452571712e-08
0,586,1.5438688522319098e-08
0,587,1.5438494835581036e-08
0,588,1.543788111446589e-08
0,589,1.543714085526477e-08
0,590,1.5436203620483002e-08
0,591,65.16533075308928
0,592,382.656875761667
0,593,289.9804086506494
0,594,281.2849544101231
0,595,293.548016303742
0,596,3.955019514229844e-08
0,597,3.1799269046133705e-08
0,598,2.663184507692678e-08
0,599,2.2940385212659995e-08
0,600,1.543531064581886e-08
0,601,1.543542486797971e-08
0,602,1.543548016482483e-08
0,603,1.543529322463304e-08
0,604,1.5434996755627284e-08
0,605,1.54343193452866e-08
0,606,3.4065750805061104
0,607,342.1527996832314
0,608,195.09261148528316
0,609,158.80563799331495
0,610,142.37744057851248
0,611,134.19737335394396
0,612,112.93496520709643
0,613,2.2576307581799964e-08
0,614,121.38782474284602
0,615,142.36469372591563
0,616,160.72985608005638
0,617,198.84278553592364
0,618,335.70743664341967
0,619,1.9788730652351523e-08
0,620,2.7234723163606313e-08
0,621,4.449077244732079e-08
0,622,1.6584846995293634e-08
0,623,1.7882083114822712e-08
0,624,1.8928442408019567e-08
0,625,1.989873813213448e-08
0,626,2.0847834238599397e-08
0,627,2.1803346577267788e-08
0,628,2.2783641209354644e-08
0,629,2.3803479927000595e-08
0,630,2.487644574585525e-08
0,631,2.6016922628032177e-08
0,632,4.161889342086143e-08
0,633,3.552825136198716e-08
0,634,3.1076049647313006e-08
0,635,3.1935388942473767e-08
0,636,3.390261567523398e-08
0,637,3.615255016254965e-08
0,638,3.876994830131862e-08
0,639,4.187820781832426e-08
0,640,4.5666176580727016e-08
0,641,5.043992257279772e-08
0,642,5.6737590331220385e-08
0,643,6.562848715007937e-08
0,644,7.962695053117413e-08
0,645,1.0681956520192006e-07
0,646,2.0406233034220875e-07
0,647,2.1069749431984214e-08
0,648,2.261760889689008e-08
0,649,2.29022903538699e-08
0,650,1.8431752846388027e-08
0,651,1.84323584145417e-08
0,652,1.843252102671735e-08
0,653,1.8432321313495724e-08
0,654,1.8431661408557955e-08
0,655,420.54962206924455
0,656,299.26382162653937
0,657,255.8335872881225
0,658,250.4756458401682
0,659,274.77430222648474
0,660,364.2621963042317
0,661,182.8408247180152
0,662,2.140510084903003e-08
0,663,2.0563377871802614e-08
0,664,2.056405450150757e-08
0,665,1056.8377909560465
0,666,3.10356265244223e-08
0,667,4.521742008142029e-08
0,668,9.124639146695858e-08
0,669,636.624559692929
0,670,749.0971480273403
0,671,816.80147980532
0,672,868.7432008555186
0,673,891.659479824682
0,674,892.1166562045414
0,675,867.6666564441306
0,676,784.9574151420869
0,677,562.8843692357976
0,678,356.1171632711261
0,679,213.79897010090434
0,680,170.70149999074098
0,681,153.95193811273194
0,682,144.67954962320704
0,683,143.99889193008667
0,684,5.517028673648574e-08
0,685,4.620698714941123e-08
0,686,3.980489357283725e-08
0,687,25.73182935170579
0,688,197.69672696113517
0,689,239.86653009053805
0,690,401.4569007824288
0,691,3.915428357323278e-08
0,692,5.0614011538215845e-08
0,693,6.82777819746279e-08
0,694,1.3058807027798033e-07
0,695,693.9139184742218
0,696,734.5565041289602
0,697,873.226073599586
0,698,920.4805264180627
0,699,923.1465944813684
0,700,880.0814995402325
0,701,741.5164652042636
0,702,681.9586353300878
0,703,2.0527691415092716e-07
0,704,388.443584485236
0,705,6.075771065566917e-08
0,706,5.177084257397237e-08
0,707,4.515807298951613e-08
0,708,4.008818732501615e-08
0,709,3.607802105757554e-08
0,710,3.282702275893295e-08
0,711,531.9070161557025
0,712,353.7199231820513
0,713,326.5747119056499
0,714,362.8760866704485
0,715,472.9222621564471
0,716,4.9630144334443754e-08
0,717,1.1710214112545844e-07
0,718,614.6805431727631
0,719,823.6135310584698
0,720,917.2179064360939
0,721,949.7030315124013
0,722,959.516022957907
0,723,959.8455858540518
0,724,951.7499033494478
0,725,920.7668751478582
0,726,827.7078575450936
0,727,607.0250601022896
0,728,544.8827240527535
0,729,370.87373693621396
0,730,344.6653422597331
0,731,389.6147448687147
0,732,4.771367013912031e-08
0,733,4.771265622700117e-08
0,734,303.02099404132804
0,735,365.2211365861734
0,736,389.8766939702392
0,737,568.7966527741253
0,738,6.659778201755862e-07
0,739,3.752745943489907e-07
0,740,2.9087328131625076e-07
0,741,2.742079644313519e-07
0,742,3.7911197184271796e-07
0,743,631.0899712685676
0,744,808.9715084654797
0,745,907.3659799774508
0,746,943.0473672217677
0,747,953.9071034495051
0,748,955.2223903313534
0,749,949.4809260550691
0,750,935.8978799692187
0,751,949.9367068382212
0,752,973.8038779350649
0,753,963.2631723231191
0,754,953.5011445476239
0,755,951.6236014802896
0,756,946.4333260378879
0,757,943.2740711334628
0,758,943.629790053434
0,759,943.0372371652022
0,760,946.2001270358014
0,761,951.0773695154362
0,762,962.1799740628986
0,763,981.2429450684435
0,764,976.0625668275484
0,765,921.6633029698595
0,766,938.0049210349238
0,767,951.595748727898
0,768,957.505381668897
0,769,958.3170684726572
0,770,950.9253422025246
0,771,922.6603718005756
0,772,832.557327389742
0,773,599.1705211470031
0,774,1.2202312704380134e-07
0,775,6.084534232425609e-07
0,776,3.0089296175511053e-07
0,777,2.2423902664800584e-07
0,778,1.8594693917460092e-07
0,779,379.6090321278329
0,780,232.58349273454184
0,781,196.39437910717498
0,782,186.33170070252203
0,783,185.08089811072153
0,784,194.1366948230112
0,785,220.9015792763318
0,786,291.005525380023
0,787,161.9566747333938
0,788,1.6275940447235985e-07
0,789,1.6396916201454883e-07
0,790,1.651914693313525e-07
0,791,8.491818291371468e-08
0,792,5.7323901793986294e-08
0,793,4.3369854523871664e-08
0,794,3.494731045095543e-08
0,795,2.9311576130126643e-08
0,796,2.5276222158116413e-08
0,797,1.7444817414745406e-07
0,798,1.7601197423077679e-07
0,799,1.7749561266621784e-07
0,800,1.7901179017804558e-07
0,801,1.8056106845223876e-07
0,802,1.8214875203623453e-07
0,803,1.8378082201396073e-07
0,804,1.8545412116811833e-07
0,805,1.8717287281658332e-07
0,806,1.8894606504873544e-07
0,807,1.9077219360366616e-07
0,808,1.9265387904068973e-07
0,809,1.9459177587528333e-07
0,810,1.9658696813758367e-07
0,811,1.986418356210559e-07
0,812,2.0076179700739805e-07
0,813,2.0295397630762661e-07
0,814,2.0522010608394186e-07
0,815,2.0752496738592066e-07
0,816,9.492308079677976e-08
0,817,6.174746461293506e-08
0,818,4.5874284587059215e-08
0,819,3.6567823579169425e-08
0,820,3.045183712647182e-08
0,821,2.6126093213201738e-08
0,822,2.258810399065228e-07
0,823,2.289124533935889e-07
0,824,2.319884601533601e-07
0,825,2.351799434538145e-07
0,826,2.3850734110842167e-07
0,827,2.4198688203320626e-07
0,828,2.4559693477947436e-07
0,829,1.0225017710987019e-07
0,830,2.5321398009162e-07
0,831,2.576034142857226e-07
0,832,2.620143469348325e-07
0,833,2.666895388931203e-07
0,834,2.7161189349375744e-07
0,835,2.7665985782268816e-07
0,836,3.7911459098835456e-08
0,837,3.139101020799363e-08
0,838,2.682374613177107e-08
0,839,1.7052219870531137e-08
0,840,1.7052346912245958e-08
0,841,1.7052442378791732e-08
0,842,1.705234805760052e-08
0,843,1.7052006075485017e-08
0,844,1.705122918739611e-08
0,845,7.892757074812412e-08
0,846,5.36516034189822e-08
0,847,461.98955966982885
0,848,1.6693288766044304e-07
0,849,8.373097961806848e-08
0,850,5.606721692530457e-08
0,851,4.224825093424484e-08
0,852,4.224297599583369e-08
0,853,4.223808905848232e-08
0,854,4.2233725084381887e-08
0,855,4.222955391428582e-08
0,856,248.51928235420084
0,857,228.30688855877278
0,858,1.6626279624861406e-07
0,859,8.358456798820534e-08
0,860,5.600923221383728e-08
0,861,4.2220800661158615e-08
0,862,4.222008523710073e-08
0,863,4.221848833571085e-08
0,864,3.394435965308303e-08
0,865,2.8428036817033654e-08
0,866,2.448794344691018e-08
0,867,2.1533138746229524e-08
0,868,1.923543270306144e-08
0,869,4.2215574941419684e-08
0,870,4.221614330859782e-08
0,871,4.221763032530469e-08
0,872,128.1034323608119
0,873,1.6608947220480316e-07
0,874,8.354487475821992e-08
0,875,5.599386201410897e-08
0,876,4.2216397726774885e-08
0,877,4.221655452603108e-08
0,878,4.2216967607716096e-08
0,879,4.221782320037174e-08
0,880,174.15187098442263
0,881,193.15125491313574
0,882,233.89928316378945
0,883,379.878425579992
0,884,1.8759287060313265e-07
0,885,9.517758826404555e-08
0,886,6.420721870325406e-08
0,887,4.865642103065354e-08
0,888,5.081206714891204e-08
0,889,5.323139776522147e-08
0,890,5.597430031360328e-08
0,891,5.912145872924424e-08
0,892,6.27850208282567e-08
0,893,6.712631244868469e-08
0,894,7.238724514671091e-08
0,895,7.895072459165842e-08
0,896,8.746712853287752e-08
0,897,9.915220759789832e-08
0,898,1.1664466033007909e-07
0,899,1.4718501005465024e-07
0,900,2.2325001310111105e-07
0,901,1.7147646078587348e-08
0,902,37.65399989374683
0,903,42.13938310090613
0,904,44.89003826353425
0,905,48.3851897883986
0,906,52.89460299923691
0,907,59.41227524372058
0,908,70.29231734289493
0,909,92.63267977759197
0,910,142.9812659062938
0,911,2.3574191453633737e-08
0,912,2.708650938248726e-08
0,913,2.9013941629927096e-08
0,914,3.0038450114089474e-08
0,915,3.0403945080284295e-08
0,916,3.024917164908125e-08
0,917,2.9677296707904103e-08
0,918,2.8777452617682252e-08
0,919,2.7631329081465928e-08
0,920,2.6312706392799033e-08
0,921,2.4884921688361024e-08
0,922,2.3395742279925407e-08
0,923,2.186402750550313e-08
0,924,2.186470141440951e-08
0,925,2.1864689667509265e-08
0,926,2.1863975651481023e-08
0,927,383.6124232329875
0,928,249.82903728348575
0,929,209.0326458127166
0,930,195.42215069131802
0,931,195.49742696396922
0,932,209.26506424132705
0,933,248.21740265833876
0,934,357.1238492259967
0,935,3.096851241056822e-08
0,936,3.94164534627564e-08
0,937,4.803346283066811e-08
0,938,6.049694515092595e-08
0,939,9.073996464513455e-08
0,940,2.9063913275661926e-08
0,941,130.78802032675634
0,942,4.1350961577541227e-07
0,943,2.408878282923949e-07
0,944,2.00792569237106e-07
0,945,2.5579077523248963e-07
0,946,622.0334944933122
0,947,773.4484881586682
0,948,872.695853959332
0,949,909.3910568014336
0,950,922.7944145984836
0,951,932.6679379428899
0,952,939.8672214868948
0,953,942.0145932820843
0,954,949.6314988586104
0,955,962.3518212844232
0,956,998.5782320585145
0,957,940.1249497833678
0,958,908.9714140980371
0,959,934.7423427485336
0,960,950.4612173644259
0,961,958.9835600966062
0,962,960.8505997434299
0,963,958.3985445371534
0,964,948.3899156228894
0,965,923.7499838259771
0,966,908.5091302190933
0,967,1020.1508996374304
0,968,976.5857341135519
0,969,961.6004895656961
0,970,957.9528802385969
0,971,941.2128588003052
0,972,932.8775577380823
0,973,932.9105175481523
0,974,925.7664628715963
0,975,918.8501767777019
0,976,966.465477629196
0,977,957.1294672897338
0,978,950.6728758611526
0,979,949.7875020011298
0,980,958.2442076499677
0,981,977.4564132503396
0,982,992.1203619094401
0,983,897.5922623526327
0,984,931.8877872502037
0,985,952.644924129941
0,986,960.2197441094756
0,987,962.1425715130241
0,988,960.1795283737335
0,989,955.4389300086951
0,990,956.2080255728997
0,991,975.8903545988826
0,992,971.6469716302001
0,993,966.0322695485124
0,994,963.2368113558792
0,995,959.8568971403502
0,996,955.8905370355629
0,997,952.2803890914414
0,998,945.761666667945
0,999,942.1823109642575
0,1000,970.7657381865022
0,1001,971.3843944390941
0,1002,967.4520659387465
0,1003,968.7683144354418
0,1004,970.257168068654
0,1005,955.3476247243487
0,1006,953.7821866252795
0,1007,952.0608605900773
0,1008,956.9664043953027
0,1009,961.645927152345
0,1010,963.0010488046429
0,1011,960.7569250907894
0,1012,952.9136908586163
0,1013,934.9935382609686
0,1014,934.4206515353326
0,1015,998.7961436919257
0,1016,973.1845754927167
0,1017,957.7324518289887
0,1018,951.2232016574474
0,1019,949.6335260157666
0,1020,945.2755373413004
0,1021,941.1733846582263
0,1022,942.0843945353022
0,1023,946.5789332884814
0,1024,952.6853662154036
0,1025,953.1515428943808
0,1026,951.7197764105813
0,1027,948.6316132370733
0,1028,945.9597005638794
0,1029,944.4017872281925
0,1030,945.3795293025769
0,1031,942.7981700579369
0,1032,938.138604386814
0,1033,927.889826277718
0,1034,898.9020096481826
0,1035,813.9823888554205
0,1036,595.4413624102847
0,1037,197.5895853539669
0,1038,144.543208545623
0,1039,110.06291737604889
0,1040,94.3874716932727
0,1041,84.40373865354685
0,1042,78.44723925723417
0,1043,74.29524120042312
0,1044,71.34130446334892
0,1045,35.34010158899384
0,1046,63.2721507768173
0,1047,65.75479171755917
0,1048,67.32694368107494
0,1049,68.5686022135189
0,1050,70.01992889779798
0,1051,71.92516719185559
0,1052,74.8089928390451
0,1053,79.1225626585994
0,1054,85.48619275440015
0,1055,95.11023421254598
0,1056,110.81344209234672
0,1057,123.68170991859519
0,1058,1.7148978974112258e-08
0,1059,1.714904188172798e-08
0,1060,1.714889040162524e-08
0,1061,28.699763184439497
0,1062,128.48576949438709
0,1063,107.10447357615503
0,1064,94.49429137003709
0,1065,86.76483800821279
0,1066,81.69051598996133
0,1067,78.27049718200136
0,1068,75.9641750241355
0,1069,74.63121253992772
0,1070,74.47927940498988
0,1071,75.23557918940736
0,1072,76.96439539902293
0,1073,81.25870690174409
0,1074,85.79967471516993
0,1075,90.30058571276045
0,1076,98.31958376314111
0,1077,114.05731839741621
0,1078,149.6086042717885
0,1079,205.54700439691047
0,1080,2.6909759391975554e-08
0,1081,3.231892757346358e-08
0,1082,3.6305588464951124e-08
0,1083,3.979052594462921e-08
0,1084,4.321184467758236e-08
0,1085,4.699452212171182e-08
0,1086,5.1789587967528995e-08
0,1087,5.9006820604533717e-08
0,1088,7.318772938123201e-08
0,1089,1.2964894070967943e-07
0,1090,645.4467458482571
0,1091,779.5088825005216
0,1092,866.786683725878
0,1093,882.9417242996626
0,1094,809.3532596964653
0,1095,585.6517735173288
0,1096,738.7284767252429
0,1097,563.4310528725163
0,1098,745.8404696888962
0,1099,4.6679720560265743e-07
0,1100,3.758735331168216e-07
0,1101,684.8126708134879
0,1102,765.7540835010968
0,1103,885.8755279263419
0,1104,937.2234552866212
0,1105,951.7447119882095
0,1106,948.1578925116602
0,1107,922.2289602581578
0,1108,835.2490276393169
0,1109,594.052147659564
0,1110,317.13244018642536
0,1111,431.6937402631184
0,1112,355.1941184488187
0,1113,373.0245473260866
0,1114,570.9551529756261
0,1115,5.396010141929791e-07
0,1116,4.0402696084768965e-07
0,1117,3.6169410499698156e-08
0,1118,3.6170724462674666e-08
0,1119,683.4176741031025
0,1120,717.6523329494986
0,1121,5.169854233040387e-07
0,1122,3.004734846943848e-07
0,1123,2.502390504695838e-07
0,1124,3.1863085687169846e-07
0,1125,634.1617145801811
0,1126,806.783356504598
0,1127,910.0169521890832
0,1128,944.7630067118841
0,1129,955.4530042298763
0,1130,952.825165484625
0,1131,932.8640819448764
0,1132,867.3973326613548
0,1133,674.5870686251351
0,1134,741.8527028639969
0,1135,494.4550641629506
0,1136,300.71513308015045
0,1137,242.36915792323876
0,1138,2.1497647795929082e-07
0,1139,1.4408301575815794e-07
0,1140,1.0862114692587938e-07
0,1141,8.73386752745257e-08
0,1142,7.314886762955185e-08
0,1143,6.301336530015476e-08
0,1144,238.8009652432826
0,1145,293.6049606862232
0,1146,478.0547187685957
0,1147,6.343665969733533e-08
0,1148,8.101339512843237e-08
0,1149,1.0861732727932179e-07
0,1150,2.0665641539869845e-07
0,1151,603.9248060921594
0,1152,828.4705421492333
0,1153,917.105987109649
0,1154,945.1063233581945
0,1155,949.510337877682
0,1156,938.1870713349527
0,1157,910.5332796622293
0,1158,980.3523982846862
0,1159,985.8467621759987
0,1160,963.9160222109681
0,1161,951.2109158538487
0,1162,941.5994472159925
0,1163,931.5967120360164
0,1164,902.8931827330512
0,1165,815.768417214375
0,1166,581.9698366257653
0,1167,572.3573256776699
0,1168,432.16562801797227
0,1169,433.32075082928344
0,1170,610.1562938165898
0,1171,8.829417706452021e-07
0,1172,5.490041746748992e-07
0,1173,6.0758883595061e-07
0,1174,639.5691365864028
0,1175,624.4731716671687
0,1176,838.0357971873631
0,1177,916.8408505817999
0,1178,933.2632064903232
0,1179,910.7098149887225
0,1180,819.3765285908473
0,1181,606.7810573033709
0,1182,520.8055863579749
0,1183,336.7498339495559
0,1184,299.3134481740871
0,1185,304.39887331236275
0,1186,3.4664496766280027e-07
0,1187,2.3239505713099095e-07
0,1188,1.7522541449801186e-07
0,1189,6.838665890576679e-08
0,1190,6.838673453533287e-08
0,1191,1.0162607323952063e-07
0,1192,8.934914251732527e-08
0,1193,376.85094987582465
0,1194,374.31099084891554
0,1195,451.46882581785957
0,1196,267.5726300301048
0,1197,8.094966563067913e-08
0,1198,8.317129406865684e-08
0,1199,8.131897791495153e-08
0,1200,7.759421857922813e-08
0,1201,7.289338818921437e-08
0,1202,7.29002625032935e-08
0,1203,7.290271773958447e-08
0,1204,7.289985249545039e-08
0,1205,7.288889919828897e-08
0,1206,118.48328037399507
0,1207,465.39213824067014
0,1208,326.3747341920134
0,1209,303.95093028245674
0,1210,334.47018126941174
0,1211,499.32873572965036
0,1212,8.543892844323014e-08
0,1213,8.213642858139413e-08
0,1214,8.213920659127193e-08
0,1215,8.214000538004143e-08
0,1216,8.262077774546877e-08
0,1217,676.1861328690676
0,1218,768.0372976476544
0,1219,1.22889658390614e-07
0,1220,1.8181351898281383e-07
0,1221,3.6954969892847526e-07
0,1222,630.8599744285185
0,1223,809.3474481473731
0,1224,912.2175958922688
0,1225,947.8018527047236
0,1226,959.1687641929984
0,1227,962.6208157959308
0,1228,963.0200654778002
0,1229,963.8951563440675
0,1230,965.1322161264918
0,1231,969.5450559315241
0,1232,970.9792824244896
0,1233,967.8825730725529
0,1234,963.6365243505247
0,1235,960.1452598859473
0,1236,951.6920813988365
0,1237,923.2708817458051
0,1238,834.0470770106818
0,1239,596.12679275761
0,1240,715.4888470102684
0,1241,573.8064205952704
0,1242,758.7047285408238
0,1243,1.7369134764325285e-06
0,1244,1.0099454624906906e-06
0,1245,8.414289488829383e-07
0,1246,1.0713657708589716e-06
0,1247,614.0377939348881
0,1248,824.9267704906147
0,1249,917.1398999228653
0,1250,948.9477124971942
0,1251,959.7647031543614
0,1252,964.114006288163
0,1253,965.8490609420901
0,1254,966.5134664554924
0,1255,968.0601906481471
0,1256,967.1730112962115
0,1257,966.5709517708797
0,1258,966.4637753549725
0,1259,967.0483345561428
0,1260,966.7765366549713
0,1261,965.702363990008
0,1262,964.7499529817163
0,1263,963.2968661889377
0,1264,964.0159750377251
0,1265,968.4597988855187
0,1266,970.3185116775414
0,1267,969.0702039345706
0,1268,966.1862396056928
0,1269,964.9727256476629
0,1270,965.2417685530996
0,1271,963.6094550308226
0,1272,964.1918383643641
0,1273,960.798857795106
0,1274,952.0873104900105
0,1275,923.3009262733309
0,1276,835.0501040491068
0,1277,597.5906701691753
0,1278,3.064116722481503e-07
0,1279,406.12038343642365
0,1280,239.734120508284
0,1281,202.89948335192983
0,1282,191.11934188432002
0,1283,192.271997226827
0,1284,206.5916544320721
0,1285,244.35647695917956
0,1286,364.9065422281933
0,1287,2.939244748732125e-08
0,1288,3.3658127639243517e-08
0,1289,3.9425572774575215e-08
0,1290,4.997657454760033e-08
0,1291,9.042716053423328e-08
0,1292,690.949728560756
0,1293,753.2609620132308
0,1294,888.1816915431691
0,1295,934.8728679753481
0,1296,946.2208463353838
0,1297,939.0426277222226
0,1298,901.6683680327333
0,1299,795.0542301549365
0,1300,646.9775507579362
0,1301,4.33689029567859e-08
0,1302,238.74551500782684
0,1303,197.87062149785606
0,1304,150.8611718179257
0,1305,131.05946252707437
0,1306,121.0976883497009
0,1307,115.95692913926645
0,1308,113.53032755471212
0,1309,113.93336246751205
0,1310,117.39844778307288
0,1311,124.64374335578391
0,1312,140.39059962188355
0,1313,176.05058622417724
0,1314,306.4615448359076
0,1315,2.9572446215351243e-08
0,1316,4.467415028375541e-08
0,1317,9.191258078223262e-08
0,1318,612.9653711517132
0,1319,824.4702611631695
0,1320,916.6978188750459
0,1321,947.2572421837763
0,1322,951.9939423591898
0,1323,937.3535084030472
0,1324,880.6297793416406
0,1325,716.1123394814142
0,1326,722.6160756692005
0,1327,825.7641236091346
0,1328,674.4836934356466
0,1329,2.820220909506999e-07
0,1330,1.4175227090000293e-07
0,1331,2.7927661496628597e-08
0,1332,2.7927726399576115e-08
0,1333,2.7927634539923635e-08
0,1334,2.7926892238351592e-08
0,1335,2.7925497350579138e-08
0,1336,3.0901747036648234e-08
0,1337,178.09098847363487
0,1338,94.51380986094561
0,1339,72.92603852203972
0,1340,62.228922962187376
0,1341,55.50497068944447
0,1342,49.37575330456267
0,1343,1.723085158367361e-07
0,1344,8.676969037091288e-08
0,1345,5.818337883133084e-08
0,1346,0.12700006932052604
0,1347,36.91435589960159
0,1348,36.32256613202708
0,1349,35.41095312440801
0,1350,34.52214212875189
0,1351,33.89867776775106
0,1352,33.611076741630875
0,1353,32.287886564634185
0,1354,31.604082880720522
0,1355,31.0935702481811
0,1356,30.652279482163635
0,1357,30.288428569194206
0,1358,30.050148207647574
0,1359,29.9021029991428
0,1360,29.811097474087198
0,1361,30.550481940893185
0,1362,30.858823128048336
0,1363,29.80918005323251
0,1364,29.631693268902605
0,1365,29.666028419862954
0,1366,29.59297227610169
0,1367,4.38591906896772e-08
0,1368,3.527401930349973e-08
0,1369,2.9548246443068734e-08
0,1370,2.545702929296486e-08
0,1371,2.2387973255367182e-08
0,1372,2.000063203597813e-08
0,1373,1.809067579929929e-08
0,1374,31.731658368479565
0,1375,32.19985472795433
0,1376,32.62720000568792
0,1377,32.985130947599664
0,1378,33.4930007648781
0,1379,34.141969975958
0,1380,34.981705595814354
0,1381,36.001345255340006
0,1382,37.334365324127674
0,1383,39.576585888181555
0,1384,42.93023320443226
0,1385,45.76251737681021
0,1386,49.141365176104244
0,1387,52.911174195408165
0,1388,56.08375378437016
0,1389,65.46448682257278
0,1390,85.05001225659286
0,1391,156.3376099691318
0,1392,2.6440723593978353e-08
0,1393,3.45041462107535e-08
0,1394,4.423102969463747e-08
0,1395,6.37347570277993e-08
0,1396,2.3675704927167602e-08
0,1397,1.4973209024716312e-07
0,1398,9.264187461308397e-08
0,1399,6.728388369308075e-08
0,1400,5.2945184262819455e-08
0,1401,4.3723053516982093e-08
0,1402,3.729282060662239e-08
0,1403,2.3676506041062876e-08
0,1404,2.3677018579052627e-08
0,1405,2.3677410824519962e-08
0,1406,2.3677318468773837e-08
0,1407,2.3676642324696587e-08
0,1408,29.929821976319527
0,1409,526.4766182936107
0,1410,477.93766297934985
0,1411,667.481041825915
0,1412,3.38679786718516e-08
0,1413,4.496117370470946e-08
0,1414,6.139847171256056e-08
0,1415,1.185713158130189e-07
0,1416,598.9712768225368
0,1417,832.3442328191977
0,1418,920.4130027680121
0,1419,949.3392930093213
0,1420,959.2067475066593
0,1421,963.1301877489328
0,1422,964.9846150986834
0,1423,967.4158664024881
0,1424,966.9568942244872
0,1425,965.4881451573882
0,1426,964.168341814222
0,1427,963.8571126167041
0,1428,962.3681104384868
0,1429,953.0155551514348
0,1430,922.3555883735036
0,1431,828.5750504448131
0,1432,603.9499312469003
0,1433,608.7534740593023
0,1434,413.9383390015067
0,1435,414.50071316024093
0,1436,610.807472929062
0,1437,5.654166890892718e-07
0,1438,4.393870460425958e-07
0,1439,3.956063878425526e-08
0,1440,3.956491617874069e-08
0,1441,3.956688835571293e-08
0,1442,3.9567641478225745e-08
0,1443,3.9567395904475337e-08
0,1444,3.956605594018943e-08
0,1445,3.956334702559451e-08
0,1446,647.0147650227595
0,1447,593.72359105384
0,1448,3.995913941665422e-07
0,1449,2.0084400760615956e-07
0,1450,3.956236867387684e-08
0,1451,3.956288504441963e-08
0,1452,3.956205268980118e-08
0,1453,3.955900437737812e-08
0,1454,4.53591157484066e-08
0,1455,4.316797761821315e-07
0,1456,2.126026704480017e-07
0,1457,1.5800899132658469e-07
0,1458,1.3111774637854083e-07
0,1459,1.1361789241064852e-07
0,1460,1.016519090181597e-07
0,1461,9.26730240368497e-08
0,1462,8.56112844221116e-08
0,1463,7.986679672377706e-08
0,1464,7.507277756464334e-08
0,1465,7.099312213962414e-08
0,1466,6.74666142311248e-08
0,1467,6.437975596234474e-08
0,1468,6.164450293536688e-08
0,1469,5.919924628293888e-08
0,1470,5.699467099187387e-08
0,1471,5.499574640471311e-08
0,1472,1.4106734492634523e-07
0,1473,7.375460330816817e-08
0,1474,5.0121872162075826e-08
0,1475,4.876853018489569e-08
0,1476,4.7504364570075325e-08
0,1477,4.631981702155877e-08
0,1478,4.5206550756848765e-08
0,1479,4.4157590604155606e-08
0,1480,4.3167353039147655e-08
0,1481,494.6943833355595
0,1482,313.14683246697723
0,1483,1.6626343220702239e-07
0,1484,8.358371253016695e-08
0,1485,5.60081362267531e-08
0,1486,4.2218468559917437e-08
0,1487,4.221668611957899e-08
0,1488,4.2215090723685144e-08
0,1489,4.2213566454299845e-08
0,1490,4.221212021151611e-08
0,1491,4.22105012219532e-08
0,1492,4.2209353464140744e-08
0,1493,4.220829487669182e-08
0,1494,4.220727742707171e-08
0,1495,4.220655444273655e-08
0,1496,4.220537539103436e-08
0,1497,4.220353309063358e-08
0,1498,4.2202105281292555e-08
0,1499,4.220065694822802e-08
0,1500,4.2199219078859634e-08
0,1501,4.2197923581635056e-08
0,1502,4.2196840606786206e-08
0,1503,4.2195873613034966e-08
0,1504,74.6318185085769
0,1505,82.82365401340505
0,1506,82.06417329683578
0,1507,49.43763735356002
0,1508,8.348980748614789e-08
0,1509,5.596751562337557e-08
0,1510,4.21951610293496e-08
0,1511,4.21944174331724e-08
0,1512,4.2194571401326004e-08
0,1513,4.219481426270751e-08
0,1514,4.219519476211824e-08
0,1515,4.2195561150935857e-08
0,1516,4.219607103992832e-08
0,1517,4.219662672419076e-08
0,1518,4.219740358516784e-08
0,1519,1.6586907525397787e-07
0,1520,8.348631578414386e-08
0,1521,5.596649145294205e-08
0,1522,4.219884084523493e-08
0,1523,4.219920606663108e-08
0,1524,4.2199558313752523e-08
0,1525,4.2200091846321234e-08
0,1526,4.220075412532295e-08
0,1527,4.220166307285499e-08
0,1528,53.72215654182423
0,1529,99.77284114820492
0,1530,1.6600980798307774e-07
0,1531,8.352720117697993e-08
0,1532,5.598722210849009e-08
0,1533,4.2208800448818135e-08
0,1534,4.220954477471761e-08
0,1535,4.221080191897474e-08
0,1536,4.221203782333184e-08
0,1537,4.221341776123027e-08
0,1538,4.221491571486044e-08
0,1539,4.221648955607648e-08
0,1540,4.221813446848643e-08
0,1541,4.2219912631762503e-08
0,1542,4.222176740811156e-08
0,1543,4.2231431068899756e-08
0,1544,207.85417922574024
0,1545,225.7608139999259
0,1546,364.09150570097137
0,1547,1.9977911291916184e-07
0,1548,1.0282054908117625e-07
0,1549,7.020809364446609e-08
0,1550,5.376486590709536e-08
0,1551,5.864041697628406e-08
0,1552,6.489398579963182e-08
0,1553,7.333594704726429e-08
0,1554,8.565666772685117e-08
0,1555,1.0619034743220848e-07
0,1556,1.5154456777021017e-07
0,1557,3.293709112212956e-08
0,1558,3.195292318611292e-08
0,1559,3.1045351489413176e-08
0,1560,3.01568283124635e-08
0,1561,2.924352322409028e-08
0,1562,2.8274500938757767e-08
0,1563,2.7229943978105596e-08
0,1564,2.6113038591930892e-08
0,1565,2.4922470438026943e-08
0,1566,2.3673697205951896e-08
0,1567,2.238692550721592e-08
0,1568,2.1082206043572787e-08
0,1569,1.9774524616725242e-08
0,1570,1.84619494367944e-08
0,1571,1.8462405962551946e-08
0,1572,1.846270862146103e-08
0,1573,1.8462720861686817e-08
0,1574,1.8462441084105642e-08
0,1575,1.846166631133583e-08
0,1576,373.4418474451576
0,1577,237.10429720047225
0,1578,197.45755642277382
0,1579,182.62922393704557
0,1580,179.7518178782272
0,1581,188.3353338706011
0,1582,214.76617005913388
0,1583,291.4201283506179
0,1584,183.09362016977033
0,1585,1.7907930866312475e-07
0,1586,9.021335504582348e-08
0,1587,6.051429181698102e-08
0,1588,4.5647554233573103e-08
0,1589,3.672132650115855e-08
0,1590,3.076764400925948e-08
0,1591,2.6512859009593322e-08
0,1592,2.3320518752577285e-08
0,1593,2.0836695629074107e-08
0,1594,1.8848580101777968e-08
0,1595,1.722024793974228e-08
0,1596,1.7220611766454634e-08
0,1597,1.7220705875663992e-08
0,1598,1.7220529602618895e-08
0,1599,1.7219967667039853e-08
0,1600,351.4104290149517
0,1601,206.01286108115497
0,1602,169.0850493917548
0,1603,152.89651559237348
0,1604,144.06114847663937
0,1605,134.2864605755657
0,1606,8.695023213039317e-08
0,1607,5.827308313478477e-08
0,1608,4.392902107089395e-08
0,1609,3.5320859027961266e-08
0,1610,2.9581625972772708e-08
0,1611,2.5482101661730288e-08
0,1612,2.240757773277482e-08
0,1613,2.0016461972067838e-08
0,1614,1.8104140140618553e-08
0,1615,216.7594976366217
0,1616,259.6188719450954
0,1617,413.86916626936403
0,1618,1.8700966247708683e-08
0,1619,1.791858712878633e-08
0,1620,1.791915767097906e-08
0,1621,1.7919320963776176e-08
0,1622,1.7919159758779748e-08
0,1623,1.7918543794116575e-08
0,1624,420.5746179434526
0,1625,278.41781588510236
0,1626,237.42184681347177
0,1627,228.24348726683328
0,1628,239.2911774180865
0,1629,279.69045990415066
0,1630,364.3605948259437
0,1631,2.1228783120095526e-08
0,1632,2.0393489280096262e-08
0,1633,2.0394132367896207e-08
0,1634,2.0394529611410196e-08
0,1635,2.039455175068642e-08
0,1636,2.039421382448654e-08
0,1637,2.0393265453300135e-08
0,1638,272.6905099691355
0,1639,164.28331352735694
0,1640,130.73996389250323
0,1641,114.50140557157091
0,1642,105.20112130012754
0,1643,99.89175587208481
0,1644,96.45127275925392
0,1645,94.71822870347393
0,1646,96.89035495338615
0,1647,100.53919013773896
0,1648,106.41671680725209
0,1649,116.59830929753869
0,1650,134.0765793139144
0,1651,172.28538514104767
0,1652,242.71589296932044
0,1653,3.6137662111776156e-08
0,1654,8.491021787127072e-08
0,1655,685.7629411008627
0,1656,748.9906210537664
0,1657,883.8052827139251
0,1658,927.5730666961833
0,1659,926.4465443566419
0,1660,878.6976071433054
0,1661,725.8558020961874
0,1662,703.6848046029343
0,1663,514.324110008923
0,1664,321.98493932901357
0,1665,286.2498816473689
0,1666,292.6004652551171
0,1667,347.07274041096366
0,1668,3.407409826908551e-08
0,1669,3.4074713032073204e-08
0,1670,3.407447809833055e-08
0,1671,532.4252202620975
0,1672,504.01247479001466
0,1673,518.0604230948594
0,1674,115.05242970254588
0,1675,2.617556014206687e-07
0,1676,3.1648698566147425e-07
0,1677,734.7756784458368
0,1678,690.5707176432845
0,1679,844.0737234611692
0,1680,922.1650555734575
0,1681,948.3352872400816
0,1682,956.0728618529788
0,1683,955.1839959370794
0,1684,950.0623763121524
0,1685,953.9944238994319
0,1686,976.6970009492976
0,1687,975.753490862974
0,1688,975.8593983410713
0,1689,972.1243179629344
0,1690,949.6336213354092
0,1691,950.0304368343735
0,1692,943.0486870036093
0,1693,914.9453966521995
0,1694,821.6850035508494
0,1695,608.4369513487226
0,1696,556.5782006960952
0,1697,361.2863475664572
0,1698,336.61187244161596
0,1699,389.25390567713123
0,1700,404.2696734741407
0,1701,1.6568974676029998e-07
0,1702,2.667407407234393e-07
0,1703,612.5288053582908
0,1704,825.6618115013606
0,1705,915.7633197251478
0,1706,948.4722308852313
0,1707,958.2686843455056
0,1708,961.409608814381
0,1709,963.2480234293657
0,1710,966.975329581936
0,1711,970.475015052637
0,1712,969.3087801830933
0,1713,965.3762378057381
0,1714,963.8223407490021
0,1715,963.730730775932
0,1716,961.670190781564
0,1717,951.7263626852458
0,1718,918.8745362272729
0,1719,819.1942440502294
0,1720,615.7386719955533
0,1721,741.0559582277635
0,1722,563.4718256921203
0,1723,743.4722141854729
0,1724,7.815716663528644e-07
0,1725,4.40852724228457e-07
0,1726,3.4167666273165424e-07
0,1727,3.220871794027227e-07
0,1728,4.451955143122189e-07
0,1729,560.8017036187941
0,1730,745.8243052219136
0,1731,826.0004096839807
0,1732,858.2858045991583
0,1733,909.2193185699073
0,1734,986.9175728790019
0,1735,1096.274261860617
0,1736,729.475553489532
0,1737,878.9324810898232
0,1738,936.6416871150627
0,1739,954.335577966457
0,1740,951.9728359021549
0,1741,925.6524274794298
0,1742,837.6080910461942
0,1743,592.0553867197041
0,1744,1.2222353326291394e-07
0,1745,371.2593487769311
0,1746,285.28075431124665
0,1747,234.95586341289868
0,1748,220.87372012014328
0,1749,226.60606469461064
0,1750,258.3246884728864
0,1751,348.09307778275473
0,1752,102.60648254740764
0,1753,8.378291892074008e-08
0,1754,1.0353741679075198e-07
0,1755,1.202355524625371e-07
0,1756,1.3822033755072662e-07
0,1757,1.6232485093280462e-07
0,1758,2.0617281896174165e-07
0,1759,3.7369615050390596e-07
0,1760,729.7138055804494
0,1761,646.4999215226545
0,1762,856.8361757397356
0,1763,929.750459572757
0,1764,944.8394115887708
0,1765,923.7991118506047
0,1766,836.9603127402575
0,1767,591.5636456586548
0,1768,563.2388135030538
0,1769,441.6493021139315
0,1770,432.56879861450915
0,1771,610.5430840184545
0,1772,5.810869150077837e-07
0,1773,4.6007429238260856e-07
0,1774,4.118049991143173e-07
0,1775,4.1724132619091634e-07
0,1776,5.569818959596943e-07
0,1777,9.980715987722598e-08
0,1778,9.981575274741578e-08
0,1779,9.981896125102832e-08
0,1780,216.1350882337834
0,1781,1083.9006779566773
0,1782,1.4842635700780364e-06
0,1783,9.218453540198309e-07
0,1784,1.0195850079523436e-06
0,1785,633.1593529959006
0,1786,798.6875320487828
0,1787,893.8773991057117
0,1788,902.9664446229006
0,1789,827.3078200542883
0,1790,589.2305463570037
0,1791,1.9428688579093962e-07
0,1792,4.6857206836842117e-07
0,1793,2.308326876502122e-07
0,1794,795.3142072351305
0,1795,1.722001690927788e-07
0,1796,1.7156663666449213e-07
0,1797,1.7152684702161167e-07
0,1798,1.7149296010912987e-07
0,1799,1.71459132141576e-07
0,1800,1.7142665303533883e-07
0,1801,1.7139638621373773e-07
0,1802,1.713664054870962e-07
0,1803,1.7134182753175686e-07
0,1804,1.71321123937048e-07
0,1805,1.7130171149707654e-07
0,1806,1.712856307454645e-07
0,1807,1.7131780897573258e-07
0,1808,1.713037188769888e-07
0,1809,1.7122828333579303e-07
0,1810,1.7120552639498425e-07
0,1811,1.7118487354169602e-07
0,1812,1.7116187178351015e-07
0,1813,1.7113659389516645e-07
0,1814,1.7113474644941322e-07
0,1815,1.7112890406486723e-07
0,1816,1.711254801848184e-07
0,1817,198.92111595451195
0,1818,200.3174238625473
0,1819,213.8363093421758
0,1820,254.615779584357
0,1821,384.99515639000015
0,1822,1.7965558205411034e-07
0,1823,1.8934233143226586e-07
0,1824,2.0074779376793922e-07
0,1825,2.1442581419822758e-07
0,1826,2.3124511640447367e-07
0,1827,2.5262763301132874e-07
0,1828,2.8095525886557074e-07
0,1829,3.215467277350374e-07
0,1830,3.862896488934721e-07
0,1831,5.144079794850635e-07
0,1832,1.006342049471331e-06
0,1833,7.884507447230877e-08
0,1834,521.102504742211
0,1835,691.0854233336988
0,1836,746.1974897286314
0,1837,693.6117279495512
0,1838,516.3349951821714
0,1839,4.8593143393928825e-08
0,1840,4.551606257673069e-07
0,1841,2.2960024886238832e-07
0,1842,700.6900541225923
0,1843,388.2861731011524
0,1844,1.7137120504923825e-07
0,1845,1.7135929006496667e-07
0,1846,1.713592200747291e-07
0,1847,1.7135760821385647e-07
0,1848,1.7133946228381253e-07
0,1849,8.613955635232656e-08
0,1850,5.772111002815878e-08
0,1851,4.351008940939744e-08
0,1852,1.7113137454466128e-07
0,1853,1.0831225997996459e-07
0,1854,1.7135893127414301e-07
0,1855,1.7140578496905776e-07
0,1856,1.7140386363807066e-07
0,1857,3.139514446842573e-08
0,1858,2.6760925726998985e-08
0,1859,1.699100107754658e-08
0,1860,1.6979722456090748e-08
0,1861,1.6979569944474673e-08
0,1862,1.6979452311388377e-08
0,1863,9.19366987766723e-08
0,1864,6.870318928490409e-08
0,1865,388.80812692423444
0,1866,276.84287443061163
0,1867,229.69125940294015
0,1868,1.679329846996974e-07
0,1869,8.442420917089105e-08
0,1870,5.6571519806463604e-08
0,1871,5.6559176893733844e-08
0,1872,5.655749171396034e-08
0,1873,5.655599870805968e-08
0,1874,5.655459377717343e-08
0,1875,5.65532415027002e-08
0,1876,5.6552023393272044e-08
0,1877,5.6550998037778444e-08
0,1878,119.82883957230612
0,1879,141.19282919306806
0,1880,1.6779318474046366e-07
0,1881,8.439252992397815e-08
0,1882,5.6559696296397085e-08
0,1883,5.65547122605961e-08
0,1884,5.6555803627908376e-08
0,1885,5.6557175609138444e-08
0,1886,5.65587908745211e-08
0,1887,5.6560702102675193e-08
0,1888,5.6626213114329674e-08
0,1889,223.10135685434847
0,1890,267.49845851978864
0,1891,401.03625248402733
0,1892,1.8988580594966257e-07
0,1893,9.637617435165823e-08
0,1894,6.503446383336478e-08
0,1895,6.889840051343369e-08
0,1896,7.345949048358257e-08
0,1897,7.894961020638166e-08
0,1898,8.574337713176613e-08
0,1899,9.440904992579727e-08
0,1900,3.1092989769889725e-08
0,1901,1.2126777392458294e-07
0,1902,1.447143568769735e-07
0,1903,1.8848228961764499e-07
0,1904,3.231924460482907e-07
0,1905,2.168563530731353e-08
0,1906,2.156865977886443e-08
0,1907,2.0953860050339392e-08
0,1908,2.0036966126563946e-08
0,1909,1.8943076068398675e-08
0,1910,1.774089149526276e-08
0,1911,1.774124930149532e-08
0,1912,1.7741102728776215e-08
0,1913,424.2729139057842
0,1914,363.2889774331041
0,1915,381.85487682554117
0,1916,561.019243514767
0,1917,2.396228326555222e-08
0,1918,2.8448391629805743e-08
0,1919,3.182682476136759e-08
0,1920,3.4804191364142564e-08
0,1921,3.774291061733507e-08
0,1922,4.100640835918312e-08
0,1923,4.515763162426937e-08
0,1924,5.1421934458451707e-08
0,1925,6.375229555111308e-08
0,1926,1.128862950977393e-07
0,1927,704.0024351955989
0,1928,737.8151701410004
0,1929,891.0688111074548
0,1930,944.0278949265802
0,1931,959.8777863939057
0,1932,962.3535169129561
0,1933,955.5582430865198
0,1934,928.8547412680066
0,1935,839.411091193174
0,1936,589.1777242780485
0,1937,617.7360639774419
0,1938,427.1570317636894
0,1939,416.62549504119227
0,1940,586.4814036043371
0,1941,8.993193746830916e-08
0,1942,6.833763633168073e-08
0,1943,5.522047069532156e-08
0,1944,4.6406561214733515e-08
0,1945,4.007611479662116e-08
0,1946,3.530855339019029e-08
0,1947,3.158811028794727e-08
0,1948,2.8602796954015335e-08
0,1949,2.6151860633635837e-08
0,1950,522.6547172497
0,1951,490.92060441950787
0,1952,7.017945439724235e-08
0,1953,591.2209004873769
0,1954,836.7087457785043
0,1955,923.8737758117774
0,1956,942.9527552456186
0,1957,922.8950739350014
0,1958,834.9797301982321
0,1959,594.0452212497398
0,1960,5.8758134899306036e-08
0,1961,605.8384252252407
0,1962,421.5110425636256
0,1963,419.57826239449355
0,1964,601.0722665687166
0,1965,4.453392252210198e-08
0,1966,3.6100476961865196e-08
0,1967,3.0404538093041386e-08
0,1968,2.62983050592425e-08
0,1969,2.319731644462967e-08
0,1970,2.0772130719133716e-08
0,1971,1.882255230798986e-08
0,1972,1.7219148248318744e-08
0,1973,1.7219348442350154e-08
0,1974,679.7069321401452
0,1975,760.8627267985245
0,1976,4.5405585227062276e-08
0,1977,598.309674487493
0,1978,830.6117572890143
0,1979,921.11088556663
0,1980,940.0386419811813
0,1981,915.9308182759778
0,1982,821.3207485324565
0,1983,611.9874553369024
0,1984,4.341466285460321e-08
0,1985,616.8420279114897
0,1986,422.10065921299605
0,1987,421.111688832047
0,1988,587.9456240848556
0,1989,2.4157951425666407e-08
0,1990,2.6889306814091487e-08
0,1991,2.7862983284671105e-08
0,1992,2.7883984069041346e-08
0,1993,2.7286661394954032e-08
0,1994,2.6281065626860596e-08
0,1995,2.5016897982955863e-08
0,1996,2.3598927303940937e-08
0,1997,2.208300091451217e-08
0,1998,528.8559116056449
0,1999,3.794570289840387e-08
0,2000,8.340741011406009e-08
0,2001,607.219479958856
0,2002,825.1997637724078
0,2003,917.9487109500674
0,2004,940.242638389354
0,2005,920.9481356152335
0,2006,833.5162022397222
0,2007,595.2562509416867
0,2008,527.6025835242624
0,2009,345.6107575156434
0,2010,322.20261031945904
0,2011,354.62559295020617
0,2012,497.9584543473346
0,2013,5.8651061711262244e-08
0,2014,5.049682016612401e-08
0,2015,4.439679776398653e-08
0,2016,3.964932375802831e-08
0,2017,3.583826012828486e-08
0,2018,3.269875166514696e-08
0,2019,3.005177478637407e-08
0,2020,2.776121269477738e-08
0,2021,2.776128446126675e-08
0,2022,645.7382073408396
0,2023,806.400864427186
0,2024,4.647381546184714e-08
0,2025,1.040810236124589e-07
0,2026,589.9796908989642
0,2027,818.2297356610177
0,2028,878.3273346291979
0,2029,822.3900861431949
0,2030,594.7628364970343
0,2031,386.82796004040523
0,2032,514.6448540021972
0,2033,346.35455473701785
0,2034,319.622916096785
0,2035,349.52067137163334
0,2036,517.8570027550277
0,2037,7.618008200044953e-08
0,2038,6.673292681606282e-08
0,2039,5.9468270944888454e-08
0,2040,5.367066788735639e-08
0,2041,4.8903445697454735e-08
0,2042,4.488386638104022e-08
0,2043,4.141894440105003e-08
0,2044,3.83676436771613e-08
0,2045,3.5605728598676694e-08
0,2046,3.5607667569091043e-08
0,2047,677.3368449108209
0,2048,6.021565069976747e-08
0,2049,1.3374213424642459e-07
0,2050,590.0350249700095
0,2051,833.4877036408146
0,2052,912.7983686357574
0,2053,909.8267663001777
0,2054,826.4072123571272
0,2055,601.838210347161
0,2056,8.328026474471316e-08
0,2057,559.1902263919299
0,2058,369.46136287568476
0,2059,344.29860601757963
0,2060,392.2466763102524
0,2061,382.8031285205663
0,2062,5.1669867208411536e-08
0,2063,6.189954456920893e-08
0,2064,6.923902780063367e-08
0,2065,7.542399817470665e-08
0,2066,8.119002188496083e-08
0,2067,8.712756467570192e-08
0,2068,9.396045385426648e-08
0,2069,1.0290659453412489e-07
0,2070,1.1669026282561373e-07
0,2071,1.4417847311843594e-07
0,2072,2.5436810213047036e-07
0,2073,596.141009413332
0,2074,834.4423947989538
0,2075,923.9001490215951
0,2076,948.4508679921204
0,2077,942.9533662576482
0,2078,899.5051901928879
0,2079,763.7698349110208
0,2080,677.1616715990691
0,2081,501.7104051935884
0,2082,305.7079809711754
0,2083,268.3772635039921
0,2084,263.50110611604606
0,2085,289.16040451387954
0,2086,419.54283936594004
0,2087,1.1536940035150232e-07
0,2088,1.1482702988151465e-07
0,2089,1.1487825643080292e-07
0,2090,1.1546188840550159e-07
0,2091,1.1656339156908475e-07
0,2092,1.182182598767666e-07
0,2093,1.2052321166220652e-07
0,2094,1.2366407299666416e-07
0,2095,1.2797795262043548e-07
0,2096,1.3408889675434687e-07
0,2097,1.4324482854789918e-07
0,2098,1.5836241310860483e-07
0,2099,1.884595264114487e-07
0,2100,2.8743711921817416e-07
0,2101,7.187388500313162e-08
0,2102,7.186979735816844e-08
0,2103,7.186625155420495e-08
0,2104,417.89253404889485
0,2105,823.1402330916839
0,2106,158.76240660498118
0,2107,4.4335482933809426e-07
0,2108,3.2942433916409745e-07
0,2109,2.7030414985972605e-07
0,2110,2.3496167434256042e-07
0,2111,2.1243864901492873e-07
0,2112,1.9784455299859242e-07
0,2113,1.8873181925708202e-07
0,2114,1.8387614218474393e-07
0,2115,1.8282380587458357e-07
0,2116,1.8584993080120724e-07
0,2117,1.9433850767872074e-07
0,2118,2.1238180170600474e-07
0,2119,2.544754649984695e-07
0,2120,4.355088791146468e-07
0,2121,606.7000852389967
0,2122,824.994282651611
0,2123,916.6309339384304
0,2124,937.8719849650254
0,2125,916.787339169332
0,2126,827.1592830610557
0,2127,603.539153087786
0,2128,1.5945477008336324e-07
0,2129,258.52538964688233
0,2130,142.8825946448688
0,2131,113.44888233716458
0,2132,98.50295721525967
0,2133,89.86546555526623
0,2134,84.52854521562304
0,2135,80.9975134894337
0,2136,78.84903096062996
0,2137,77.87365002686654
0,2138,77.68231485971904
0,2139,78.5382366683168
0,2140,79.84796486654297
0,2141,79.4051999880561
0,2142,88.5423250697673
0,2143,96.43936577669608
0,2144,77.82494797804513
0,2145,3.531782775072602e-08
0,2146,2.9581179254433576e-08
0,2147,2.54832742014093e-08
0,2148,2.240868015923047e-08
0,2149,1.7148745193310195e-08
0,2150,1.8105198040212352e-08
0,2151,1.714868791922929e-08
0,2152,175.37801814704787
0,2153,134.0204287163652
0,2154,122.71778881820246
0,2155,110.83369137120118
0,2156,100.33339471489333
0,2157,94.75230458073648
0,2158,92.84436816301337
0,2159,92.47615852304604
0,2160,93.57223180115969
0,2161,96.01020806479946
0,2162,101.14228763491614
0,2163,1.7279871249566234e-07
0,2164,8.694672739018039e-08
0,2165,137.5030619410141
0,2166,177.1698524736021
0,2167,313.403295438149
0,2168,3.4217007451328794e-08
0,2169,3.329729974951384e-08
0,2170,1.7566074399547152e-08
0,2171,1.7566707620626212e-08
0,2172,1.756688093318274e-08
0,2173,1.756676535211846e-08
0,2174,1.756628843197256e-08
0,2175,1.756806487202109e-08
0,2176,295.26000934507493
0,2177,168.65812126403569
0,2178,137.43774284452493
0,2179,121.41819839846747
0,2180,112.55056273529138
0,2181,107.14696070118582
0,2182,104.5474578216469
0,2183,104.26725738350903
0,2184,106.12676743212639
0,2185,107.05253730135159
0,2186,1.7279893454327593e-07
0,2187,8.693458065803326e-08
0,2188,5.8271990363837256e-08
0,2189,147.534947263669
0,2190,196.00973200535918
0,2191,339.9897053026757
0,2192,4.016550955603836e-08
0,2193,7.721058603487652e-08
0,2194,589.2398765547501
0,2195,834.3306887216244
0,2196,911.5939414971841
0,2197,908.6001289428726
0,2198,824.2928515507291
0,2199,601.991859987335
0,2200,4.494953918353638e-08
0,2201,383.875392145166
0,2202,224.26678503647437
0,2203,185.5414833451909
0,2204,170.54471107242998
0,2205,163.48368922436498
0,2206,149.49757715522543
0,2207,8.696189059237652e-08
0,2208,5.8280192037647304e-08
0,2209,4.3933917720562264e-08
0,2210,3.532461699773349e-08
0,2211,2.9584699884042546e-08
0,2212,2.5484695528298762e-08
0,2213,2.2409823081494463e-08
0,2214,271.7746680408325
0,2215,499.0156939727558
0,2216,2.3135545593107207e-08
0,2217,2.5895749194921523e-08
0,2218,2.777353125542849e-08
0,2219,1.846151090986018e-08
0,2220,1.846228276909754e-08
0,2221,1.8462624569348294e-08
0,2222,1.8462838119652714e-08
0,2223,1.8462423425379598e-08
0,2224,1.8461877145171707e-08
0,2225,401.64594515184547
0,2226,305.4602311301696
0,2227,288.0024459319866
0,2228,320.96095677931294
0,2229,503.19275168815534
0,2230,2.4878810019020515e-08
0,2231,2.9428853623907146e-08
0,2232,3.2771475403995645e-08
0,2233,3.561277680226376e-08
0,2234,3.8276644310217874e-08
0,2235,4.1032720993363194e-08
0,2236,4.421715313233048e-08
0,2237,4.839947371110568e-08
0,2238,5.485787162801337e-08
0,2239,6.775434072677584e-08
0,2240,1.1952065690424478e-07
0,2241,591.0063844799248
0,2242,837.5418807564087
0,2243,924.0162394885999
0,2244,943.3686440212516
0,2245,924.0008733747406
0,2246,837.4633048334241
0,2247,589.92850954773
0,2248,4.888605509935145e-08
0,2249,382.44380130936435
0,2250,238.22180286182808
0,2251,197.87848206520425
0,2252,183.28547341177875
0,2253,181.03438157988708
0,2254,189.6820580035212
0,2255,215.32485391531415
0,2256,283.17717230714163
0,2257,176.95197467460062
0,2258,3.262304215309597e-08
0,2259,4.090840069963215e-08
0,2260,4.865550875661983e-08
0,2261,5.835159495022157e-08
0,2262,7.525451376697012e-08
0,2263,1.383953904007904e-07
0,2264,602.7321446019284
0,2265,830.3213968016835
0,2266,922.7001662808605
0,2267,952.7240221619805
0,2268,958.4362092577619
0,2269,949.4135020350092
0,2270,911.7829546016872
0,2271,796.1664547174956
0,2272,641.9910038305042
0,2273,172.35071357497543
0,2274,518.1560488841291
0,2275,389.656541464987
0,2276,399.2149196377247
0,2277,568.6217765100114
0,2278,3.894843525911691e-08
0,2279,4.6756973748107765e-08
0,2280,5.233727673283387e-08
0,2281,5.703306607821241e-08
0,2282,6.140698504012923e-08
0,2283,6.590941464650057e-08
0,2284,7.108679871034281e-08
0,2285,7.786159938137898e-08
0,2286,8.82955636681207e-08
0,2287,1.0909726975934014e-07
0,2288,1.9252872264429398e-07
0,2289,593.7471075209843
0,2290,835.0922746085113
0,2291,924.0934015715957
0,2292,946.5788017865324
0,2293,936.4500618470505
0,2294,880.8488905469371
0,2295,712.4019527586133
0,2296,724.9619948783328
0,2297,628.4037792280234
0,2298,416.8173820046284
0,2299,415.26207314572446
0,2300,587.5167648232145
0,2301,1.7510281964523114e-07
0,2302,1.4790264928115021e-07
0,2303,1.3157361527970832e-07
0,2304,1.20929331830707e-07
0,2305,1.1400596820325968e-07
0,2306,1.0978122696992353e-07
0,2307,1.0774644505117314e-07
0,2308,1.0775656817573398e-07
0,2309,1.1004849327033675e-07
0,2310,1.1550429825633347e-07
0,2311,1.266141858473276e-07
0,2312,1.5208153169286344e-07
0,2313,2.609212012802159e-07
0,2314,593.807162656122
0,2315,825.1353094524686
0,2316,893.3994573874797
0,2317,859.5499684061302
0,2318,690.3664727081059
0,2319,733.3981802809293
0,2320,268.01048120046033
0,2321,156.58260683067596
0,2322,125.31562437474543
0,2323,109.65504204276401
0,2324,100.47317903768595
0,2325,94.71188611604086
0,2326,91.28607053856992
0,2327,89.5332698811823
0,2328,89.33234938086808
0,2329,90.66525481736454
0,2330,93.67977343844683
0,2331,91.33221283490286
0,2332,93.45115968297566
0,2333,121.63499741856477
0,2334,155.0529620450532
0,2335,277.28313050047586
0,2336,5.33604782193038e-08
0,2337,9.256756334533273e-08
0,2338,507.86829067465743
0,2339,675.8317624662754
0,2340,723.939009970172
0,2341,674.7408646764928
0,2342,505.48198061443736
0,2343,4.782641060328786e-08
0,2344,308.7741129700565
0,2345,176.62126310360952
0,2346,143.82458822162224
0,2347,127.53220631774886
0,2348,118.37347502396736
0,2349,113.494064781958
0,2350,111.8295093976673
0,2351,112.55357888837523
0,2352,115.17721886612883
0,2353,118.32054131166628
0,2354,1.7287728366240638e-07
0,2355,8.696587706098888e-08
0,2356,5.82864236760419e-08
0,2357,4.3940494925156755e-08
0,2358,229.18018386166383
0,2359,372.3192567874522
0,2360,2.7474706641662707e-08
0,2361,2.5604645704002996e-08
0,2362,1.7391698424231572e-08
0,2363,1.7392350603263244e-08
0,2364,1.739258607623046e-08
0,2365,1.7392564864340116e-08
0,2366,1.7392260940400877e-08
0,2367,1.7391804506221146e-08
0,2368,281.48031372048644
0,2369,159.9083722723957
0,2370,131.86591400871376
0,2371,116.13514993366708
0,2372,107.24720000451794
0,2373,101.38050757035474
0,2374,96.76145638604649
0,2375,94.67578800848568
0,2376,95.02457011851152
0,2377,97.29412565147715
0,2378,101.93778988464405
0,2379,110.07002108882283
0,2380,126.05953855530076
0,2381,160.5049111295795
0,2382,267.6543417174913
0,2383,3.645126784700153e-08
0,2384,7.273175620524006e-08
0,2385,592.3570750321643
0,2386,836.2478224533675
0,2387,924.0295070165151
0,2388,943.6050980454261
0,2389,924.3988798565538
0,2390,837.9443871647475
0,2391,589.3091411622767
0,2392,4.401488679726121e-08
0,2393,295.407330542795
0,2394,168.09482229992815
0,2395,134.75239200160155
0,2396,119.12916765309171
0,2397,110.47381104109004
0,2398,105.55028078102619
0,2399,103.22216560261552
0,2400,102.05551465309766
0,2401,101.90376354724853
0,2402,105.26395056386936
0,2403,114.53670039547264
0,2404,131.10197020872
0,2405,166.2664529096434
0,2406,290.24167793149314
0,2407,4.016493143825739e-08
0,2408,7.721121110744781e-08
0,2409,599.549293612853
0,2410,831.4281853636087
0,2411,919.9150273043678
0,2412,940.7537512549118
0,2413,920.9496117105042
0,2414,833.6868507858737
0,2415,594.8856240606065
0,2416,4.441214744331848e-08
0,2417,310.7260192681706
0,2418,176.68298550788967
0,2419,142.74669322124097
0,2420,126.77315514312797
0,2421,117.89733571858098
0,2422,113.28749658390892
0,2423,111.119388101805
0,2424,110.65960172865442
0,2425,114.00324574978212
0,2426,119.75163315139923
0,2427,135.43904601669297
0,2428,169.61967484717186
0,2429,299.29372505663036
0,2430,3.558432165466955e-08
0,2431,4.59748753526144e-08
0,2432,8.469461378566039e-08
0,2433,593.1817645709152
0,2434,834.5561463301837
0,2435,920.6119468021742
0,2436,935.4527800793703
0,2437,905.0931117575032
0,2438,794.7436342528598
0,2439,643.9879928427465
0,2440,4.4015190189121455e-08
0,2441,411.9447597510268
0,2442,250.17813557728434
0,2443,210.37309851038881
0,2444,197.49986170173807
0,2445,198.84866850371657
0,2446,214.65975753550208
0,2447,250.05468688430796
0,2448,314.44103163404037
0,2449,2.4914708839537508e-08
0,2450,3.0210505856820025e-08
0,2451,3.4464037683312634e-08
0,2452,3.8647324564802495e-08
0,2453,4.3504567355290335e-08
0,2454,5.0353553845801304e-08
0,2455,6.324302883763713e-08
0,2456,1.134169004031601e-07
0,2457,629.7151125196531
0,2458,809.6528049520532
0,2459,908.7212400193148
0,2460,934.901475626582
0,2461,921.7356468077528
0,2462,845.3651600507417
0,2463,622.3825751019774
0,2464,659.4090851523048
0,2465,4.84956223200777e-08
0,2466,544.5973109415293
0,2467,349.2387245697229
0,2468,321.8544390691777
0,2469,355.88208652319
0,2470,476.42743896265415
0,2471,3.0586239158296826e-08
0,2472,3.699918074658227e-08
0,2473,4.1869651023389645e-08
0,2474,4.633224058886063e-08
0,2475,5.10201434685074e-08
0,2476,5.67377843128716e-08
0,2477,6.508343950807681e-08
0,2478,8.116483745380086e-08
0,2479,1.445504089209865e-07
0,2480,626.2402649468182
0,2481,784.1099269379365
0,2482,892.0284187700562
0,2483,927.8237091864571
0,2484,934.2476983863213
0,2485,927.1662836251423
0,2486,901.43077348654
0,2487,821.0554676099582
0,2488,588.4078602440518
0,2489,437.20650534329843
0,2490,268.4095346614699
0,2491,226.91856301848068
0,2492,213.52402497896023
0,2493,218.8240759046689
0,2494,1.1464348336677629e-07
0,2495,8.642743807382605e-08
0,2496,6.949497327475823e-08
0,2497,5.8204994354883765e-08
0,2498,5.01400581726143e-08
0,2499,4.4091241837844355e-08
0,2500,3.93867867065425e-08
0,2501,3.562365388504044e-08
0,2502,683.1172969426547
0,2503,5.872691238712727e-08
0,2504,1.2807583278714866e-07
0,2505,594.3100350495629
0,2506,834.9812229522843
0,2507,922.6064214790304
0,2508,942.48594323862
0,2509,923.0642138774815
0,2510,836.1458304588834
0,2511,591.89904612441
0,2512,7.438242725262543e-08
0,2513,430.36484599497925
0,2514,260.8751588022166
0,2515,222.00535788771924
0,2516,211.7833089981046
0,2517,217.7564429590756
0,2518,238.26955212355088
0,2519,189.52251365639617
0,2520,5.831493340331537e-08
0,2521,4.3962208426630213e-08
0,2522,3.5348497054282486e-08
0,2523,2.9605338892485782e-08
0,2524,2.5502938751572625e-08
0,2525,2.2427777909894074e-08
0,2526,277.4228196680326
0,2527,3.2010823629284336e-08
0,2528,6.746092301257803e-08
0,2529,594.9525122756307
0,2530,832.3098655187252
0,2531,916.1365448912015
0,2532,924.8993917151291
0,2533,869.7898126667092
0,2534,689.2637329907146
0,2535,737.2625039182325
0,2536,4.353805526798954e-08
0,2537,287.41411499730697
0,2538,160.68803643025475
0,2539,128.20722192936324
0,2540,112.7862500410686
0,2541,104.09593485142229
0,2542,98.80656944066315
0,2543,95.61330567968088
0,2544,93.21326066514101
0,2545,92.00026585566187
0,2546,93.41485380232328
0,2547,100.55406595912403
0,2548,110.45060781754995
0,2549,127.4390258144449
0,2550,160.4338882597603
0,2551,282.8825986677425
0,2552,3.179956557492305e-08
0,2553,7.434120584719954e-08
0,2554,587.9245789931666
0,2555,816.1330272934072
0,2556,876.0116504034705
0,2557,815.9948753543882
0,2558,584.5306295009299
0,2559,9.098395810208367e-08
0,2560,3.232567683494585e-08
0,2561,301.71698316538095
0,2562,169.60910067874195
0,2563,135.83429626502985
0,2564,120.18962125854758
0,2565,111.50295927161932
0,2566,106.56888305083254
0,2567,103.26222227748438
0,2568,101.45819279328714
0,2569,100.07953034724389
0,2570,106.58027592982309
0,2571,116.49708623989842
0,2572,133.8255121498011
0,2573,170.5210965653008
0,2574,270.35424021289
0,2575,3.396643195260364e-08
0,2576,4.175555241901183e-08
0,2577,4.823099221034835e-08
0,2578,2.976513080663249e-08
0,2579,2.9767417177601615e-08
0,2580,2.9768335700481983e-08
0,2581,2.97685322816536e-08
0,2582,2.9768198989137292e-08
0,2583,2.9767010505089652e-08
0,2584,2.9766046700065092e-08
0,2585,440.6352632305344
0,2586,268.65076872096574
0,2587,229.26885155878773
0,2588,219.38196852699613
0,2589,229.25646735954223
0,2590,267.7089091612687
0,2591,393.097771542353
0,2592,4.002510661681771e-08
0,2593,4.8859798721176276e-08
0,2594,5.58680163034866e-08
0,2595,6.272857094875687e-08
0,2596,7.066997534499572e-08
0,2597,8.184379898306608e-08
0,2598,1.0284021438894278e-07
0,2599,1.845088395409475e-07
0,2600,656.9701874002775
0,2601,786.9412316159094
0,2602,903.8954352553176
0,2603,945.7296641042597
0,2604,956.8022300578101
0,2605,951.8153518390583
0,2606,923.3031945750884
0,2607,830.935698167502
0,2608,600.9688107976424
0,2609,573.5145085564723
0,2610,375.7503272778673
0,2611,347.3768133200145
0,2612,399.37314296526733
0,2613,351.9852073553373
0,2614,1.3119605564364625e-07
0,2615,1.209644843753869e-07
0,2616,1.1451941024202296e-07
0,2617,1.1091619543757516e-07
0,2618,1.0977016502623121e-07
0,2619,1.1117445702230055e-07
0,2620,1.1590712227061795e-07
0,2621,1.2636303303422206e-07
0,2622,1.5110424642580142e-07
0,2623,2.580787029471507e-07
0,2624,668.6069144330883
0,2625,771.6033285513222
0,2626,903.8520685034779
0,2627,947.4004637340862
0,2628,958.0959591483639
0,2629,953.6486549201479
0,2630,927.3214251321339
0,2631,838.36012559765
0,2632,590.9552645390302
0,2633,679.3534902636534
0,2634,522.0699556346725
0,2635,621.0091595756552
0,2636,225.56739294980878
0,2637,8.253470548554281e-07
0,2638,5.092002272296444e-07
0,2639,5.328478332004838e-07
0,2640,6.198810674597286e-08
0,2641,6.190565020595707e-08
0,2642,6.191108267886256e-08
0,2643,6.191153472434098e-08
0,2644,6.1914276723189e-08
0,2645,725.7923447747146
0,2646,868.9800348885915
0,2647,1.277584921672778e-06
0,2648,594.8317726079173
0,2649,835.2800930187792
0,2650,926.6390273936696
0,2651,955.1007562976835
0,2652,962.753912249855
0,2653,962.7538652211969
0,2654,955.5226530690285
0,2655,929.2819596288607
0,2656,846.9985415859626
0,2657,659.3987880823464
0,2658,1148.174408052888
0,2659,906.2537810139667
0,2660,855.3127421166104
0,2661,908.3335643620142
0,2662,1109.4551222196321
0,2663,717.0949717827
0,2664,803.4541303678405
0,2665,897.9895689828469
0,2666,934.6366069576055
0,2667,947.5920521544413
0,2668,954.7144875471444
0,2669,963.11197682094
0,2670,973.4305721039159
0,2671,971.7040731711744
0,2672,943.2615630037498
0,2673,953.8067718231115
0,2674,962.1238851306896
0,2675,965.3517791835401
0,2676,965.4118589484133
0,2677,962.6489813360646
0,2678,952.7804595677212
0,2679,919.326849114223
0,2680,817.8730271499755
0,2681,617.1438779592028
0,2682,698.843878590801
0,2683,506.8396260026042
0,2684,597.3524491534323
0,2685,244.96404363798922
0,2686,1.3288668265559397e-06
0,2687,8.075083751358462e-07
0,2688,7.765096940190539e-07
0,2689,9.593931594894774e-08
0,2690,170.42265003098544
0,2691,1.3188129296553847e-06
0,2692,7.4841990229833e-07
0,2693,5.816642779253502e-07
0,2694,5.492187267132527e-07
0,2695,7.603071394762188e-07
0,2696,666.5218221538175
0,2697,774.4616183034083
0,2698,903.1124334718363
0,2699,945.6724610914456
0,2700,953.5305196197119
0,2701,939.0900916142136
0,2702,880.8628328180498
0,2703,707.8373535992113
0,2704,728.11124267513
0,2705,313.832810626725
0,2706,183.02195082899453
0,2707,147.37938995971288
0,2708,131.13258579884186
0,2709,122.75535544083212
0,2710,118.55080058796433
0,2711,117.13834669161038
0,2712,118.39618962846185
0,2713,93.119552223235
0,2714,1.7272171144895598e-07
0,2715,8.691401474279726e-08
0,2716,5.8260877344986565e-08
0,2717,151.4728761013872
0,2718,203.39555860356987
0,2719,347.80458336280526
0,2720,4.0162983148535835e-08
0,2721,7.720887847505599e-08
0,2722,589.9989226893595
0,2723,819.9294793339853
0,2724,890.1829111724678
0,2725,863.1421793919274
0,2726,712.8883265402242
0,2727,709.251520357708
0,2728,318.0753765270313
0,2729,255.37684706100967
0,2730,205.0108558467613
0,2731,186.93783641861717
0,2732,181.98624604877293
0,2733,187.2636624432737
0,2734,207.83429233048412
0,2735,253.70777527577783
0,2736,251.80710798026465
0,2737,4.2681821955608645e-08
0,2738,4.233008657804967e-08
0,2739,4.2943831710592364e-08
0,2740,4.483219978429872e-08
0,2741,4.8929800793342246e-08
0,2742,5.856309222415976e-08
0,2743,1.0011824536452498e-07
0,2744,692.8363740199933
0,2745,752.6785659010634
0,2746,891.8885244179708
0,2747,941.70386662959
0,2748,955.7863252911712
0,2749,952.3608223495012
0,2750,925.8104611476837
0,2751,836.1752235196018
0,2752,593.6494258549064
0,2753,4.3368679788513846e-08
0,2754,524.8896607678549
0,2755,332.25517027063245
0,2756,299.97228992874335
0,2757,309.0096573469871
0,2758,384.25757860856066
0,2759,197.61564289077606
0,2760,5.259826400088577e-08
0,2761,4.9113811284119734e-08
0,2762,4.725015843091128e-08
0,2763,4.680058501840351e-08
0,2764,4.794572610718954e-08
0,2765,5.156985859008825e-08
0,2766,6.084471064421524e-08
0,2767,1.0267573274849034e-07
0,2768,605.6290639289953
0,2769,828.7477517780187
0,2770,920.6430072972778
0,2771,951.3860406443242
0,2772,955.9886167490188
0,2773,943.0259200357236
0,2774,893.438848633328
0,2775,742.9364592958699
0,2776,697.7819632887464
0,2777,271.5616591728912
0,2778,153.28963629484596
0,2779,122.70612631313504
0,2780,107.61555627084232
0,2781,98.60065326908267
0,2782,92.95624356607048
0,2783,89.70285399848794
0,2784,88.13364986100473
0,2785,88.03334889295971
0,2786,89.29786347772024
0,2787,92.24118527175973
0,2788,95.94862859533762
0,2789,104.5031157645045
0,2790,118.30745974602881
0,2791,144.2446477991268
0,2792,3.841530808737438e-08
0,2793,3.170229624944857e-08
0,2794,1.7149774386659256e-08
0,2795,1.715020719935675e-08
0,2796,1.7150363411344674e-08
0,2797,1.7150314589991898e-08
0,2798,1.7150059548510393e-08
0,2799,1.714940937312838e-08
0,2800,77.66162237685684
0,2801,52.8686297478157
0,2802,51.748171148079074
0,2803,44.23838504375027
0,2804,39.384821631739
0,2805,35.79190903887953
0,2806,29.55488460099253
0,2807,27.78863090916146
0,2808,26.483369440595872
0,2809,25.40817862416131
0,2810,24.50513641078341
0,2811,23.737991649191667
0,2812,23.07466348804318
0,2813,22.500085185773962
0,2814,21.975249095132792
0,2815,21.506172545424096
0,2816,21.079851635889522
0,2817,20.66349959121497
0,2818,20.283819968333283
0,2819,19.99202146986214
0,2820,19.681102033251815
0,2821,19.489311563598
0,2822,19.318978337164594
0,2823,19.141730886797735
0,2824,18.99184823824143
0,2825,19.119435333625862
0,2826,20.217974005607186
0,2827,20.081268184372448
0,2828,19.889266911821053
0,2829,18.50431835101966
0,2830,18.264861573099633
0,2831,18.166249801631174
0,2832,18.09696089238679
0,2833,18.044453912983787
0,2834,18.012028827931932
0,2835,17.992463024889506
0,2836,17.98403885945611
0,2837,17.994691100044292
0,2838,18.02668214376933
0,2839,18.103030327708176
0,2840,18.153624345569657
0,2841,18.139140763215934
0,2842,18.16750478316962
0,2843,18.225647074133036
0,2844,18.286654279281972
0,2845,18.351665219458965
0,2846,18.45768854563603
0,2847,18.5921947800354
0,2848,18.74673990984147
0,2849,18.926778937708704
0,2850,19.16365635107577
0,2851,19.462388458244984
0,2852,19.776451724824877
0,2853,19.80580103613897
0,2854,20.004532039683074
0,2855,20.2673801740258
0,2856,20.562085391997815
0,2857,20.890766478855014
0,2858,21.279287143485867
0,2859,21.710311321648053
0,2860,22.207629975953772
0,2861,22.784520488428495
0,2862,23.44791458607187
0,2863,24.134904762334887
0,2864,24.96569839970347
0,2865,25.45883473053314
0,2866,5.8122000259096045e-08
0,2867,4.3843338695433306e-08
0,2868,3.526671017839959e-08
0,2869,2.954488967706222e-08
0,2870,2.5455958454370198e-08
0,2871,2.2388268584442775e-08
0,2872,36.452843707488185
0,2873,39.76014562416184
0,2874,43.58665826140204
0,2875,48.99752333737028
0,2876,57.67487479479677
0,2877,75.08763530087741
0,2878,141.19765944407507
0,2879,2.3314170919161827e-08
0,2880,2.8211175356508954e-08
0,2881,3.25128603765042e-08
0,2882,3.721717512693507e-08
0,2883,4.358308590224027e-08
0,2884,5.5236117465957437e-08
0,2885,9.992441010841081e-08
0,2886,503.99218957709314
0,2887,721.4781320817846
0,2888,751.7488175330557
0,2889,880.1512159189289
0,2890,929.6928191436475
0,2891,942.6137470984896
0,2892,927.500085899622
0,2893,859.1749217166437
0,2894,658.5335206983854
0,2895,738.2618294195627
0,2896,223.26235912229998
0,2897,363.8316861053268
0,2898,274.5882020203179
0,2899,251.232335774921
0,2900,259.508802780957
0,2901,305.2469922907712
0,2902,370.329621713452
0,2903,4.0081239568349016e-08
0,2904,3.711892039921685e-08
0,2905,3.474782846158396e-08
0,2906,3.276347353308091e-08
0,2907,3.102768471644106e-08
0,2908,2.9445580790342564e-08
0,2909,2.795309068738785e-08
0,2910,2.6509815019799615e-08
0,2911,2.509347898433639e-08
0,2912,2.3695144011969893e-08
0,2913,1.8279074506781935e-08
0,2914,1.828001132253481e-08
0,2915,1.8280288960463326e-08
0,2916,1.8280307549831245e-08
0,2917,1.828020040121035e-08
0,2918,1.8279825955350967e-08
0,2919,1.8278938689121377e-08
0,2920,362.5401409569764
0,2921,244.43796175328242
0,2922,242.49812276161828
0,2923,227.5398126088952
0,2924,232.65382582960177
0,2925,264.56724489099344
0,2926,387.82514478277864
0,2927,85.9377463730729
0,2928,3.124500341029397e-08
0,2929,3.292604156069013e-08
0,2930,3.480290431526526e-08
0,2931,3.711588310891504e-08
0,2932,4.030777729286842e-08
0,2933,4.54066184077444e-08
0,2934,5.580012752028882e-08
0,2935,9.794604015876413e-08
0,2936,607.9208099675672
0,2937,816.3968619111396
0,2938,909.9476226563859
0,2939,941.0693205058863
0,2940,941.6286820031629
0,2941,915.7932291392709
0,2942,828.2803514788751
0,2943,591.1578624727957
0,2944,4.341416229054903e-08
0,2945,163.93075625761784
0,2946,89.07597326058048
0,2947,68.81452584211569
0,2948,58.68327252512956
0,2949,52.37023431679266
0,2950,47.983784771383995
0,2951,44.78319541259315
0,2952,42.35581291581538
0,2953,40.474434535363926
0,2954,38.981790937130405
0,2955,37.76989276442452
0,2956,36.80067603285899
0,2957,36.01446988301331
0,2958,35.37223667199218
0,2959,34.84270696633713
0,2960,34.385595511931776
0,2961,33.961614527569736
0,2962,33.65255817712
0,2963,33.48489832421844
0,2964,33.32019363017942
0,2965,33.22691148574364
0,2966,33.24449535844734
0,2967,33.36814647367631
0,2968,33.570774522797066
0,2969,33.988521127111625
0,2970,35.091645126712535
0,2971,35.59565447335113
0,2972,36.02126756648457
0,2973,36.16605266314447
0,2974,36.523402505034724
0,2975,37.306178443970886
0,2976,38.3391733503022
0,2977,39.633004087912894
0,2978,41.25615232029873
0,2979,43.339558588640166
0,2980,46.009190436866874
0,2981,48.6166847674612
0,2982,53.49490606180104
0,2983,60.763601976003415
0,2984,4.883851080831041e-08
0,2985,3.8398142289592686e-08
0,2986,3.169142305605067e-08
0,2987,2.7019057402213496e-08
0,2988,2.35768387991791e-08
0,2989,1.7149337170806677e-08
0,2990,1.7149645544525083e-08
0,2991,1.714966335843434e-08
0,2992,1.71492602803033e-08
0,2993,310.5014917913188
0,2994,238.7905002834281
0,2995,216.82680658821272
0,2996,214.26455107627314
0,2997,232.06360178179193
0,2998,279.1541436613662
0,2999,319.7302702208077
0,3000,1.0704006384082605e-07
0,3001,8.100030826608227e-08
0,3002,6.767440379318432e-08
0,3003,6.023708354992494e-08
0,3004,5.6320077257207145e-08
0,3005,5.517356950058129e-08
0,3006,5.722809130573358e-08
0,3007,6.563594155639359e-08
0,3008,1.0754545384401566e-07
0,3009,622.8926254755077
0,3010,804.9371370658006
0,3011,904.7896610346959
0,3012,928.9780380478435
0,3013,909.345798488178
0,3014,824.1586950924594
0,3015,598.247207037681
0,3016,4.3730565468180435e-08
0,3017,287.14732664778325
0,3018,162.49077298384557
0,3019,129.91650546897384
0,3020,114.29733889500433
0,3021,105.65664842979412
0,3022,100.48243843908142
0,3023,97.56861474845174
0,3024,96.41859112209603
0,3025,97.64085870991394
0,3026,100.12232741422565
0,3027,86.42781068273204
0,3028,108.93385799393431
0,3029,127.93373652819427
0,3030,161.0137210784827
0,3031,271.949450990689
0,3032,4.549431895352422e-08
0,3033,8.355002956408268e-08
0,3034,644.4853579944662
0,3035,755.1790793811095
0,3036,863.0097091826872
0,3037,874.1200928774828
0,3038,793.3373759828232
0,3039,593.5951922571473
0,3040,4.5663873664222876e-08
0,3041,278.5524355293494
0,3042,154.70290331959043
0,3043,123.54879434472178
0,3044,108.31651832826225
0,3045,99.6912577278058
0,3046,94.3585318625261
0,3047,91.16615606953918
0,3048,89.69637196922174
0,3049,89.69938508990462
0,3050,91.22346335163598
0,3051,94.22980033975016
0,3052,96.08034847137188
0,3053,106.46415162427925
0,3054,120.21649153656072
0,3055,126.5485244425382
0,3056,3.5327277585297287e-08
0,3057,2.9589652851220517e-08
0,3058,1.7149779481047438e-08
0,3059,1.7150217281813537e-08
0,3060,1.7150371509755532e-08
0,3061,1.715030786800958e-08
0,3062,1.7149970518554432e-08
0,3063,1.7149877271756752e-08
0,3064,181.03381960771648
0,3065,125.6873710066856
0,3066,110.65355675955836
0,3067,99.89825632906908
0,3068,92.20187064984825
0,3069,87.01903729382879
0,3070,80.65008974671471
0,3071,78.04610913712791
0,3072,77.38541606667583
0,3073,77.6532395774109
0,3074,78.95228025312775
0,3075,81.29018024490556
0,3076,84.22165891058305
0,3077,89.62661206631628
0,3078,89.73232210190177
0,3079,4.392309799540765e-08
0,3080,3.5319281152022364e-08
0,3081,2.9582105114110045e-08
0,3082,2.5483582734535918e-08
0,3083,2.2409380898074863e-08
0,3084,1.715005068273173e-08
0,3085,1.7149103054386444e-08
0,3086,1.7148746261516997e-08
0,3087,93.20449303516362
0,3088,106.17538966890292
0,3089,88.19294351952502
0,3090,78.79476239344854
0,3091,75.06775224798879
0,3092,68.27761594639232
0,3093,64.1899257892671
0,3094,61.6447198332899
0,3095,59.865437829470615
0,3096,58.646504691917386
0,3097,57.9290670286271
0,3098,57.62173207485729
0,3099,57.694155023729465
0,3100,57.959432228888694
0,3101,1.7249672463838842e-07
0,3102,8.683816452861263e-08
0,3103,5.822189440244117e-08
0,3104,4.3899585482805596e-08
0,3105,3.530160556684472e-08
0,3106,2.956798937699015e-08
0,3107,2.547188994147712e-08
0,3108,2.2397969842191022e-08
0,3109,1.7148197563690728e-08
0,3110,1.8097674358779985e-08
0,3111,48.614671497492985
0,3112,56.073350853608225
0,3113,54.29512511187764
0,3114,52.98326399125747
0,3115,52.07481426009334
0,3116,50.97514364776359
0,3117,50.173807359188544
0,3118,49.670785846176635
0,3119,49.42120559738647
0,3120,49.39568775604384
0,3121,49.59860966099111
0,3122,50.07221443107297
0,3123,50.94595791308427
0,3124,52.19555356083338
0,3125,54.02998651417398
0,3126,56.369894026857644
0,3127,59.57487423069194
0,3128,64.42731999512542
0,3129,69.0199175639345
0,3130,77.540790454063
0,3131,92.40422652926232
0,3132,125.59456581824546
0,3133,4.394067099270488e-08
0,3134,3.533751057551338e-08
0,3135,2.9602493592179518e-08
0,3136,2.5504519605089836e-08
0,3137,2.243028801617299e-08
0,3138,2.003882128509088e-08
0,3139,150.39199592567434
0,3140,2.3486578751282736e-08
0,3141,2.6693536524555168e-08
0,3142,2.917180085690581e-08
0,3143,3.128422984759145e-08
0,3144,3.322937404509179e-08
0,3145,3.517199333548989e-08
0,3146,3.729709445487902e-08
0,3147,3.987219118321985e-08
0,3148,4.338144067597368e-08
0,3149,4.894062379915033e-08
0,3150,6.021739093941338e-08
0,3151,1.0580042111700029e-07
0,3152,597.5188402602998
0,3153,833.3974668279698
0,3154,922.9162063853428
0,3155,950.6074495225082
0,3156,953.7292999150411
0,3157,942.5088660717174
0,3158,901.9895459011489
0,3159,780.9635159525549
0,3160,660.4945499221668
0,3161,4.512256437701342e-08
0,3162,124.94874905081164
0,3163,65.23419954550745
0,3164,49.94152770476941
0,3165,42.31442736784258
0,3166,37.54299796871692
0,3167,34.18272597627946
0,3168,31.692277986598906
0,3169,29.785887812370046
0,3170,28.28090220673604
0,3171,27.06340407175659
0,3172,26.06441423371464
0,3173,25.19727869110904
0,3174,24.446048532699685
0,3175,23.756199485837175
0,3176,22.986445453837497
0,3177,1.7177622319689326e-07
0,3178,20.65704370485465
0,3179,21.516938300674788
0,3180,21.198897082088383
0,3181,20.849340767881763
0,3182,20.601232236355123
0,3183,20.351960366660162
0,3184,20.110127434828527
0,3185,19.91102818337591
0,3186,19.80959903876961
0,3187,19.720269092214583
0,3188,19.499939998076666
0,3189,19.229528513265798
0,3190,19.04211869103781
0,3191,18.894197253157813
0,3192,18.77603833751671
0,3193,18.67582365875822
0,3194,18.59562851969591
0,3195,18.536281092533564
0,3196,18.493621632812314
0,3197,18.464749586464162
0,3198,18.450784334543727
0,3199,18.441466415126516
0,3200,18.427002011372856
0,3201,18.415706204842348
0,3202,18.425903957021216
0,3203,18.46981865914994
0,3204,18.492192956151968
0,3205,18.482398449024956
0,3206,18.558981920393357
0,3207,18.734221591689156
0,3208,18.863969601086335
0,3209,19.013551033499873
0,3210,19.206369796263534
0,3211,19.378534205525686
0,3212,19.506623591203766
0,3213,19.661578247961614
0,3214,19.844993020145306
0,3215,20.04290628355748
0,3216,20.24952682733341
0,3217,20.444761556607055
0,3218,20.752150778170346
0,3219,21.15375637675527
0,3220,21.60950719682396
0,3221,22.07749376255907
0,3222,22.584091259832142
0,3223,23.136735214460057
0,3224,23.658498407473843
0,3225,23.65821562655461
0,3226,24.101154882668848
0,3227,1.7185615821377798e-07
0,3228,8.663680181041924e-08
0,3229,5.812871997691615e-08
0,3230,4.3848561480745176e-08
0,3231,30.359701729975157
0,3232,32.60114865955847
0,3233,34.7860172635506
0,3234,37.3893050711624
0,3235,41.023752149155875
0,3236,46.193258558981746
0,3237,54.56507329823369
0,3238,71.3403698283588
0,3239,129.526630217497
0,3240,3.601502810526337e-08
0,3241,3.7131791137891724e-08
0,3242,3.884815542846043e-08
0,3243,4.1564583136306777e-08
0,3244,4.6271927484299775e-08
0,3245,5.6309396502037684e-08
0,3246,9.788022145893567e-08
0,3247,732.630569268292
0,3248,702.8850574757146
0,3249,874.2756509835897
0,3250,936.5967896137024
0,3251,956.0560933497433
0,3252,959.3062198352251
0,3253,951.6315162778948
0,3254,921.6142632905938
0,3255,827.6849361243904
0,3256,605.1574100842615
0,3257,4.3414700950709614e-08
0,3258,450.8729083064045
0,3259,306.9709656272504
0,3260,266.5945475708173
0,3261,265.84110896148115
0,3262,302.85674843629886
0,3263,454.8637211710388
0,3264,2.597211292815996e-08
0,3265,3.1894790303555023e-08
0,3266,3.6958805412802553e-08
0,3267,4.2436611642894344e-08
0,3268,4.979777841452958e-08
0,3269,6.321067551566387e-08
0,3270,1.1452158078147372e-07
0,3271,611.2035001561474
0,3272,824.5107232293813
0,3273,919.49994428933
0,3274,951.9022675500881
0,3275,961.8547887009845
0,3276,962.0465924459731
0,3277,953.4663760392882
0,3278,923.8169816445932
0,3279,831.5388984617953
0,3280,600.8227327871593
0,3281,5.052795628303602e-08
0,3282,496.67647905161243
0,3283,310.32455470252603
0,3284,275.0878366406322
0,3285,278.47806319997585
0,3286,322.97885227425786
0,3287,364.45421385917234
0,3288,6.959290104736578e-08
0,3289,5.969310860704186e-08
0,3290,5.366479101004992e-08
0,3291,4.9998541063886665e-08
0,3292,4.8021159869832955e-08
0,3293,4.7502596754573864e-08
0,3294,4.860353812710552e-08
0,3295,5.219017573471018e-08
0,3296,6.162945632232959e-08
0,3297,1.0377922879773415e-07
0,3298,588.7345533418898
0,3299,823.7068355647215
0,3300,900.7800336649992
0,3301,899.8901937670418
0,3302,820.057010889707
0,3303,591.8137262924653
0,3304,4.3538248601457266e-08
0,3305,402.1347073367387
0,3306,247.95528783020208
0,3307,209.29484517764683
0,3308,196.68678994842168
0,3309,198.9166437909057
0,3310,217.77920780873058
0,3311,275.82501972122446
0,3312,299.40749803174293
0,3313,1.0706983496683374e-07
0,3314,8.101377661401984e-08
0,3315,6.768267370136651e-08
0,3316,6.024288632560434e-08
0,3317,5.632422122435899e-08
0,3318,5.517622486664775e-08
0,3319,5.7226704787913805e-08
0,3320,6.56375174670331e-08
0,3321,1.0754721734286782e-07
0,3322,578.2880948599385
0,3323,795.8339327200104
0,3324,871.4125813073667
0,3325,863.198057003444
0,3326,766.8146365044115
0,3327,613.7929341544284
0,3328,4.401465111407058e-08
0,3329,182.22033502423463
0,3330,97.32748062182378
0,3331,75.67265931203575
0,3332,64.809670481965
0,3333,58.09287247520841
0,3334,53.43566046492642
0,3335,50.04863335905805
0,3336,47.47376966421609
0,3337,45.51604273960513
0,3338,43.98226183338518
0,3339,42.79724000843105
0,3340,41.88942199339592
0,3341,41.17097481267963
0,3342,40.62712196012373
0,3343,40.23766702149698
0,3344,39.91936860875616
0,3345,39.57992317937554
0,3346,39.23363129034452
0,3347,37.48192198048048
0,3348,1.7215597960027309e-07
0,3349,8.674141766330573e-08
0,3350,39.00230090674158
0,3351,40.26948146696602
0,3352,40.899773052394515
0,3353,41.66719238447216
0,3354,42.6931733904504
0,3355,44.06291426081074
0,3356,45.26233900777035
0,3357,46.571259681177466
0,3358,48.13540709953786
0,3359,50.468568592553794
0,3360,53.66830201460533
0,3361,58.09127549102587
0,3362,64.75904824103421
0,3363,75.81936300714669
0,3364,98.2991486972641
0,3365,176.81379611958914
0,3366,3.644889566389024e-08
0,3367,7.273055863276268e-08
0,3368,617.868766443324
0,3369,817.8506520233217
0,3370,915.9457921930299
0,3371,946.5359895092437
0,3372,947.8361247012762
0,3373,921.8315874977079
0,3374,834.1032675782044
0,3375,596.2043235494026
0,3376,4.3730004844225135e-08
0,3377,173.7713071093821
0,3378,92.8933255822412
0,3379,72.44126463122632
0,3380,61.92890911090307
0,3381,55.11119933961922
0,3382,50.552056627753764
0,3383,47.25278199185781
0,3384,44.7620147584637
0,3385,42.8467506028938
0,3386,41.34032552833029
0,3387,40.15005070482005
0,3388,39.19898162795064
0,3389,38.39018409845664
0,3390,37.75545839358459
0,3391,37.25466298736627
0,3392,36.82587367035334
0,3393,36.499262643852354
0,3394,36.312842970165356
0,3395,36.27321236035916
0,3396,36.26364914016017
0,3397,36.381500804291484
0,3398,36.60979880853379
0,3399,36.94894069291476
0,3400,37.48100300966628
0,3401,38.299871889919785
0,3402,38.93600059729489
0,3403,39.46260971946345
0,3404,40.29316264869131
0,3405,41.38000557774964
0,3406,42.73165708165105
0,3407,44.31648871690911
0,3408,46.25842730116691
0,3409,48.905565405420575
0,3410,11.383154473932478
0,3411,1.6832934426270671e-07
0,3412,8.548252822047464e-08
0,3413,5.7566293581319246e-08
0,3414,4.351641415495464e-08
0,3415,3.505221585449941e-08
0,3416,98.62986061888581
0,3417,129.43603566729297
0,3418,222.72180227929283
0,3419,2.0327106097308318e-08
0,3420,1.866318810272668e-08
0,3421,1.722675816291609e-08
0,3422,1.7227136056924627e-08
0,3423,1.7227296483186068e-08
0,3424,1.7227159216221644e-08
0,3425,1.7226648252710288e-08
0,3426,479.8252651189842
0,3427,303.263737809436
0,3428,266.24988329120157
0,3429,268.1810456508527
0,3430,307.9880224486029
0,3431,422.49204535724226
0,3432,2.422655689811147e-08
0,3433,2.9613748575771495e-08
0,3434,3.425888351464183e-08
0,3435,3.9300204004752795e-08
0,3436,4.6088796767443916e-08
0,3437,5.847546829496303e-08
0,3438,1.0589547398153257e-07
0,3439,650.2938044199096
0,3440,791.5491938842811
0,3441,906.2867822992722
0,3442,947.2552259440164
0,3443,959.7291108606836
0,3444,960.6125946558761
0,3445,953.3226332892668
0,3446,925.4365690219348
0,3447,836.7519413740216
0,3448,594.2356407553433
0,3449,60.768951816787094
0,3450,699.452636840004
0,3451,548.8730574978672
0,3452,738.9053527762418
0,3453,3.4008004533493024e-07
0,3454,1.8111313092609906e-07
0,3455,1.281617253151156e-07
0,3456,1.0196249856085117e-07
0,3457,8.657117526071959e-08
0,3458,7.664149339565236e-08
0,3459,6.986573300430299e-08
0,3460,6.507519190060516e-08
0,3461,6.161103757249399e-08
0,3462,5.906568877122269e-08
0,3463,5.71687653255903e-08
0,3464,5.572950235793392e-08
0,3465,5.4605070746527665e-08
0,3466,5.3665724129367954e-08
0,3467,2.8617068854564452e-08
0,3468,4.505466980833666e-08
0,3469,2.8617007685734577e-08
0,3470,2.861783117999537e-08
0,3471,2.8618135835212032e-08
0,3472,2.8617498755952107e-08
0,3473,2.8616283979093765e-08
0,3474,315.3028525326259
0,3475,415.3627338548998
0,3476,414.7444838157272
0,3477,601.6804867511489
0,3478,3.799361076483243e-08
0,3479,4.4209645720883145e-08
0,3480,4.834135575951942e-08
0,3481,5.134846080124644e-08
0,3482,5.357584823844513e-08
0,3483,5.51974428866103e-08
0,3484,5.631221537098237e-08
0,3485,5.697735754199221e-08
0,3486,5.722409949031722e-08
0,3487,5.706769444589738e-08
0,3488,5.6514991077818684e-08
0,3489,3.526676345735473e-08
0,3490,3.527038744860532e-08
0,3491,3.5272442446920935e-08
0,3492,3.527291001317358e-08
0,3493,3.5272749847069837e-08
0,3494,3.527179384786046e-08
0,3495,3.5269909557265e-08
0,3496,3.526699294753512e-08
0,3497,261.16693859461
0,3498,145.11932901160054
0,3499,115.56514089726114
0,3500,101.46306270545388
0,3501,92.815321312859
0,3502,87.14683861215511
0,3503,83.53296305939833
0,3504,81.40800089905031
0,3505,80.58981384928632
0,3506,80.88875975627163
0,3507,82.27116264366259
0,3508,83.69210546178334
0,3509,87.28469270410429
0,3510,88.53253613432908
0,3511,4.395646158868817e-08
0,3512,3.533969289028064e-08
0,3513,2.9595696117463305e-08
0,3514,2.549310751776381e-08
0,3515,2.2416635829556415e-08
0,3516,1.7140161082538816e-08
0,3517,1.8109426637539654e-08
0,3518,1.7148031291546698e-08
0,3519,140.83940350361854
0,3520,121.93294847270523
0,3521,105.34749087833788
0,3522,96.94172783718318
0,3523,91.60020190737369
0,3524,87.5062632001722
0,3525,84.33499866103435
0,3526,82.60349102405084
0,3527,82.24900564596841
0,3528,83.12111128877976
0,3529,85.33796048779269
0,3530,89.25619061744399
0,3531,95.73482658402513
0,3532,102.43140152662902
0,3533,117.68766708234746
0,3534,149.13086367608793
0,3535,209.9103066814046
0,3536,4.5107782036636146e-08
0,3537,3.687348747924413e-08
0,3538,3.1237903846376256e-08
0,3539,1.7219804421527503e-08
0,3540,1.722028423522604e-08
0,3541,1.7220530572932405e-08
0,3542,1.7220536429836587e-08
0,3543,1.7220272801585684e-08
0,3544,1.7219580428214863e-08
0,3545,432.0419664257586
0,3546,305.00139124141947
0,3547,266.2208824706003
0,3548,264.6030157248105
0,3549,301.67246255378797
0,3550,478.4602804270034
0,3551,2.1899273329928273e-07
0,3552,1.1495792670180725e-07
0,3553,8.014045953535934e-08
0,3554,6.265505400529487e-08
0,3555,5.212515351676715e-08
0,3556,4.506868645058078e-08
0,3557,3.998128403765984e-08
0,3558,3.6103253991346404e-08
0,3559,3.3008824811627153e-08
0,3560,3.044123735236839e-08
0,3561,1.791892084440576e-08
0,3562,1.79197051380258e-08
0,3563,1.7920086412261615e-08
0,3564,1.7920194049430785e-08
0,3565,1.792007282794023e-08
0,3566,1.791969094431503e-08
0,3567,1.7918826957213902e-08
0,3568,136.84603610799482
0,3569,332.59811609461354
0,3570,231.1829861335443
0,3571,201.67292728332762
0,3572,191.62300786458846
0,3573,194.04388765688753
0,3574,211.15755445992892
0,3575,247.13454066182595
0,3576,301.740943631066
0,3577,4.268151149366603e-08
0,3578,4.232889661932106e-08
0,3579,4.294265062826082e-08
0,3580,4.483169025059253e-08
0,3581,4.8928729694749126e-08
0,3582,5.8562187402674284e-08
0,3583,1.001171374659214e-07
0,3584,603.2522172246452
0,3585,804.350355841335
0,3586,896.7579587361546
0,3587,921.6589947431522
0,3588,906.6020502066885
0,3589,830.6633268013002
0,3590,618.6101046085101
0,3591,654.8136529595428
0,3592,355.8112891092334
0,3593,2.109842870172884e-07
0,3594,294.61671556979724
0,3595,246.6739096230484
0,3596,233.56516525374144
0,3597,243.38049323768797
0,3598,285.68033563023937
0,3599,388.2720913864686
0,3600,3.46598467188363e-08
0,3601,3.803206481589236e-08
0,3602,4.165356158061605e-08
0,3603,4.613746070331455e-08
0,3604,5.27694204682688e-08
0,3605,6.565421703081623e-08
0,3606,1.1665999827548395e-07
0,3607,667.018267110493
0,3608,775.4300461420631
0,3609,902.4768736601135
0,3610,946.8047584166895
0,3611,960.373320360001
0,3612,961.9756010464856
0,3613,954.8363134665125
0,3614,927.6926921328253
0,3615,838.7155063204829
0,3616,590.4408262789369
0,3617,416.7471349040622
0,3618,321.77206379490013
0,3619,270.20987639643045
0,3620,267.20844628027953
0,3621,304.2686419705635
0,3622,467.79383637201494
0,3623,8.39284021183725e-08
0,3624,7.838054765451317e-08
0,3625,7.540849663692267e-08
0,3626,7.469529096545404e-08
0,3627,7.650687593398393e-08
0,3628,8.221842946024602e-08
0,3629,9.713291668779738e-08
0,3630,1.6390196170006262e-07
0,3631,597.4529851767242
0,3632,833.7492789842266
0,3633,925.4776309955625
0,3634,954.5610325058716
0,3635,963.1947510236533
0,3636,964.036939734442
0,3637,959.1409594667285
0,3638,940.3846897076986
0,3639,877.7097380752559
0,3640,692.5466921299795
0,3641,737.1003636969134
0,3642,536.4651679217129
0,3643,346.96477582182325
0,3644,315.20871649650036
0,3645,342.3558210215773
0,3646,507.00551853738216
0,3647,5.225067045565746e-08
0,3648,4.843564225989993e-08
0,3649,4.616185565833761e-08
0,3650,4.511318906629821e-08
0,3651,4.523704842802326e-08
0,3652,4.678802348274312e-08
0,3653,5.067915512399978e-08
0,3654,6.027223615760378e-08
0,3655,1.0238416697741124e-07
0,3656,619.1891949561472
0,3657,817.4157057757736
0,3658,915.6513958297867
0,3659,947.4082775559314
0,3660,950.1703309857817
0,3661,925.3158376318837
0,3662,837.4118630574498
0,3663,591.7358185728995
0,3664,4.3368369705276276e-08
0,3665,304.6008848854959
0,3666,177.2240329877095
0,3667,142.73332400903345
0,3668,126.66509406794066
0,3669,117.93221099371037
0,3670,113.63394482323626
0,3671,112.13197655984749
0,3672,113.19993560990142
0,3673,117.41442116516552
0,3674,125.35799884817625
0,3675,101.3107675037181
0,3676,95.69590352128607
0,3677,5.829204040246587e-08
0,3678,4.394437621710529e-08
0,3679,3.533422531685836e-08
0,3680,2.959334340839841e-08
0,3681,1.7150214321799305e-08
0,3682,1.7150482961693434e-08
0,3683,1.7150600606245168e-08
0,3684,1.715053015854205e-08
0,3685,1.7150212274225904e-08
0,3686,1.7149545863990397e-08
0,3687,110.5060939316034
0,3688,79.07490001590101
0,3689,64.25522531494035
0,3690,56.23920714662187
0,3691,51.15044997383636
0,3692,47.21008684191451
0,3693,44.14927881343966
0,3694,41.836403468659164
0,3695,39.98513472432241
0,3696,38.51288150819298
0,3697,37.33071123122292
0,3698,36.401209819043615
0,3699,35.63891716248
0,3700,34.99062717237132
0,3701,34.437023401019246
0,3702,34.04535465503618
0,3703,33.760920149492726
0,3704,33.54256078536782
0,3705,33.35976378208144
0,3706,33.237104033024615
0,3707,33.20283464570645
0,3708,33.202190804703946
0,3709,33.26286872305987
0,3710,33.44031241856713
0,3711,33.75291894828335
0,3712,34.115153479017394
0,3713,34.62582018166981
0,3714,35.21394563675176
0,3715,35.83237721650166
0,3716,36.59843036256732
0,3717,37.47842990488523
0,3718,38.53187639943844
0,3719,39.60478751877105
0,3720,40.58682171155977
0,3721,41.79382554481368
0,3722,39.5451259324967
0,3723,45.42586687521192
0,3724,49.359340691184826
0,3725,55.06155891199788
0,3726,70.04021343972113
0,3727,92.14751968752638
0,3728,148.10491798804895
0,3729,2.0413323803846118e-08
0,3730,2.061612320780471e-08
0,3731,2.0044474154702087e-08
0,3732,1.9086252229623066e-08
0,3733,1.7918322541382424e-08
0,3734,1.7918662463639162e-08
0,3735,1.7918528508654877e-08
0,3736,311.7134268912681
0,3737,312.70163372747004
0,3738,300.1213938646486
0,3739,334.84699222764266
0,3740,460.42267521283304
0,3741,2.4355213018577326e-08
0,3742,2.896574255166037e-08
0,3743,3.242655525132122e-08
0,3744,3.5472651978098505e-08
0,3745,3.8476694902201986e-08
0,3746,4.181026466295673e-08
0,3747,4.604845573485971e-08
0,3748,5.2441256881699744e-08
0,3749,6.501998390356348e-08
0,3750,1.151378689714694e-07
0,3751,706.3266281836909
0,3752,745.2101988108386
0,3753,878.2771892807282
0,3754,932.4920623115673
0,3755,952.3613419403001
0,3756,957.0571200762873
0,3757,950.7849848873088
0,3758,924.4309913682335
0,3759,837.4511765251018
0,3760,591.0207105563234
0,3761,495.4746954729568
0,3762,459.83338958066184
0,3763,444.58504269165235
0,3764,648.1068712346425
0,3765,3.624216832251296e-07
0,3766,1.963345763471465e-07
0,3767,1.4206415415427866e-07
0,3768,1.1649516828264887e-07
0,3769,1.0320938332991083e-07
0,3770,9.728371066346512e-08
0,3771,9.798408907160726e-08
0,3772,1.0974556414767309e-07
0,3773,1.7570226383797406e-07
0,3774,474.9201025816031
0,3775,609.2985261613619
0,3776,828.8637660691878
0,3777,912.9989019875184
0,3778,935.8760394963382
0,3779,933.7433437816383
0,3780,899.027062437863
0,3781,798.2921889058998
0,3782,632.012558588361
0,3783,1.1368281502162336e-07
0,3784,4.033744820142079e-08
0,3785,377.96625787913456
0,3786,225.46066154692622
0,3787,188.03499715931403
0,3788,173.40595233781232
0,3789,169.4372999135871
0,3790,174.396990475056
0,3791,190.6054484554968
0,3792,231.41226002032124
0,3793,1.7312664994220185e-07
0,3794,8.704608679692318e-08
0,3795,5.833100482362621e-08
0,3796,4.3969851788383464e-08
0,3797,3.535228370118862e-08
0,3798,2.9607125190151285e-08
0,3799,2.55035491954885e-08
0,3800,2.2421442338856008e-08
0,3801,1.7150865922256652e-08
0,3802,1.7151347775031157e-08
0,3803,1.7151537703700872e-08
0,3804,1.7151554198420688e-08
0,3805,1.7151378437586578e-08
0,3806,1.71509680128779e-08
0,3807,1.715039851158702e-08
0,3808,94.97911546428939
0,3809,57.40084223769127
0,3810,45.21157974201262
0,3811,38.93095934401619
0,3812,34.94837088217189
0,3813,31.8440802190306
0,3814,29.507532975333135
0,3815,27.68258164050413
0,3816,26.256435994082583
0,3817,25.093108170283436
0,3818,24.121621544328857
0,3819,23.292990229651092
0,3820,22.572821274354986
0,3821,21.935216753769062
0,3822,21.381107884720702
0,3823,20.89372160502506
0,3824,20.449317268590598
0,3825,20.04092553899648
0,3826,19.68310486143075
0,3827,19.37217913881025
0,3828,19.0802615340392
0,3829,18.81276474370666
0,3830,18.57813012386587
0,3831,18.367111310394392
0,3832,18.178121668263966
0,3833,18.02780240424057
0,3834,17.907418416571588
0,3835,17.78147210329667
0,3836,17.617250763099115
0,3837,17.463331276892685
0,3838,17.341528718605797
0,3839,17.228307662106626
0,3840,17.135121436829735
0,3841,17.053456788935343
0,3842,16.98819086011957
0,3843,16.937273949740817
0,3844,16.89765941707714
0,3845,16.86942079379137
0,3846,16.85710907489326
0,3847,16.858618688858012
0,3848,16.85439282532115
0,3849,16.848342832340947
0,3850,16.849525695186834
0,3851,16.86291232801896
0,3852,16.883047637867787
0,3853,16.92524784521986
0,3854,16.988742728935943
0,3855,17.058899839432367
0,3856,17.14311878481543
0,3857,17.249810174956647
0,3858,17.384727855668856
0,3859,17.50325327867998
0,3860,17.586787496904115
0,3861,17.69093822717547
0,3862,17.82961417749102
0,3863,17.968179220018374
0,3864,18.136432613239265
0,3865,18.319656633783133
0,3866,18.52847602333685
0,3867,18.7600625797422
0,3868,19.016871794006814
0,3869,19.287135844213292
0,3870,19.592400452714486
0,3871,19.930872446353593
0,3872,20.319978745140098
0,3873,18.034458560288634
0,3874,1.7156936677641859e-07
0,3875,8.649065570057039e-08
0,3876,5.8048745463610163e-08
0,3877,4.379724646593321e-08
0,3878,3.523468944795173e-08
0,3879,2.9521343881421972e-08
0,3880,23.536377170828118
0,3881,25.351261349044712
0,3882,26.25506895383296
0,3883,27.28605771206146
0,3884,28.47035750292169
0,3885,29.83336813825567
0,3886,31.529570797465826
0,3887,33.63321472397527
0,3888,35.728112566986354
0,3889,38.46325164022983
0,3890,44.12513623818945
0,3891,53.296936811233586
0,3892,70.15825263382317
0,3893,101.63520766642122
0,3894,3.558017965611714e-08
0,3895,4.597410951770914e-08
0,3896,8.469965518445024e-08
0,3897,623.3543283485287
0,3898,812.8274346110954
0,3899,911.8051541220414
0,3900,937.5824191447557
0,3901,921.3142614664572
0,3902,839.1007551840331
0,3903,600.8849322164463
0,3904,354.3432067684652
0,3905,346.84651278277374
0,3906,208.0436595913209
0,3907,169.76849000467982
0,3908,152.0824324954944
0,3909,143.58570679628
0,3910,140.37114924893197
0,3911,137.06184898014757
0,3912,110.00812694773872
0,3913,117.40900989220457
0,3914,188.18297078707417
0,3915,278.15308497713966
0,3916,56.48700761875137
0,3917,2.982476287917695e-08
0,3918,4.076016203540916e-08
0,3919,7.876295490945003e-08
0,3920,601.924371640743
0,3921,831.9456481788751
0,3922,921.8586772576891
0,3923,951.4263366904969
0,3924,957.964924913929
0,3925,951.208593364584
0,3926,923.1165043889939
0,3927,833.9428170345368
0,3928,599.0986791493265
0,3929,4.336748036587934e-08
0,3930,92.76808239701731
0,3931,47.83468154075738
0,3932,36.30059243786867
0,3933,30.52287799630141
0,3934,26.934423408764086
0,3935,24.296664879496788
0,3936,21.86076783980963
0,3937,20.31066222516063
0,3938,19.79666642671252
0,3939,19.032325801141987
0,3940,18.24620001792102
0,3941,17.46639472135942
0,3942,16.872544363174118
0,3943,16.432835205196035
0,3944,15.968746585653953
0,3945,15.54533434731912
0,3946,15.14602269086028
0,3947,14.799000312812607
0,3948,14.231245827523598
0,3949,1.71548246414232e-07
0,3950,8.63943029962179e-08
0,3951,5.798479480462605e-08
0,3952,13.117425331915653
0,3953,13.138921435495318
0,3954,12.954242157159928
0,3955,12.758662912144066
0,3956,12.568467932371538
0,3957,12.387604055768271
0,3958,12.22067877727251
0,3959,12.053950111190886
0,3960,11.90054966378401
0,3961,11.751616944854158
0,3962,11.621794225800494
0,3963,11.50631703324019
0,3964,11.404218003060366
0,3965,11.302364965305976
0,3966,11.209601017001825
0,3967,11.119723916315262
0,3968,11.028735795385138
0,3969,10.937669203679501
0,3970,10.851436950274522
0,3971,10.773818871208208
0,3972,10.689556569897219
0,3973,10.606684674408582
0,3974,10.56126735542013
0,3975,10.516882598679521
0,3976,10.466504058961348
0,3977,10.41978360587014
0,3978,10.37469789571897
0,3979,10.329907529003416
0,3980,10.286127869150974
0,3981,10.237353039551566
0,3982,10.193168200464827
0,3983,10.149711613970693
0,3984,10.109782399749838
0,3985,10.075814619376274
0,3986,10.046745324870429
0,3987,10.018527284254743
0,3988,9.994337439244466
0,3989,9.971359344623552
0,3990,9.953014626941776
0,3991,9.93813493010704
0,3992,9.920663196752379
0,3993,9.899651230030805
0,3994,9.880710554583269
0,3995,9.842306440478302
0,3996,1.7176788354470937e-07
0,3997,8.627180732927414e-08
0,3998,5.7919603279691094e-08
0,3999,9.817329953534992
0,4000,9.835876417648382
0,4001,9.839165710143448
0,4002,9.849410929148657
0,4003,9.93913552137936
0,4004,9.969277741644975
0,4005,9.892085554495507
0,4006,9.864533089657543
0,4007,9.852216338937838
0,4008,9.855355863617483
0,4009,9.864039619801757
0,4010,9.877748112044983
0,4011,9.89494947223037
0,4012,9.914185315409705
0,4013,9.936433710845966
0,4014,9.936896350720174
0,4015,9.86573548634102
0,4016,8.627327681400498e-08
0,4017,5.7901825567927185e-08
0,4018,4.369717436929389e-08
0,4019,3.516252225378155e-08
0,4020,2.9466353415251673e-08
0,4021,2.539440579326979e-08
0,4022,2.2339385892023757e-08
0,4023,10.157304895833757
0,4024,10.196543142417191
0,4025,10.214777270806005
0,4026,10.25432263008143
0,4027,10.325241543055558
0,4028,10.299345938727482
0,4029,10.305380266825145
0,4030,10.32443867253707
0,4031,10.347745307947829
0,4032,10.380341560729882
0,4033,10.418197176125524
0,4034,10.460479758935193
0,4035,10.507810977495295
0,4036,10.55874258461509
0,4037,10.613069828596851
0,4038,10.673264537331047
0,4039,10.737953522454617
0,4040,10.801444399779927
0,4041,10.860298625759592
0,4042,10.925039138489947
0,4043,10.993974933402031
0,4044,10.975486093670384
0,4045,1.7161589240145955e-07
0,4046,10.996101682382998
0,4047,11.339493519895145
0,4048,11.468711747602425
0,4049,11.588262924307054
0,4050,11.711969020322604
0,4051,11.840805289338393
0,4052,11.965558822956067
0,4053,12.095439559171417
0,4054,12.237775776082765
0,4055,12.38301010426087
0,4056,12.54205003345238
0,4057,12.717255628110294
0,4058,12.912592423912086
0,4059,13.122261435935046
0,4060,13.349637076753917
0,4061,13.59179029886164
0,4062,13.859221600583869
0,4063,14.143925658041695
0,4064,14.441205140414754
0,4065,14.722204850620486
0,4066,15.089845350179502
0,4067,15.502280912725194
0,4068,15.814654021789034
0,4069,15.689256439669482
0,4070,17.062327528144962
0,4071,17.878669648893208
0,4072,18.744242229092887
0,4073,19.732346099790913
0,4074,20.94251920479328
0,4075,22.46654763999612
0,4076,24.360938870630577
0,4077,26.64965142897009
0,4078,30.190078444282214
0,4079,35.863131171087694
0,4080,47.25458076751404
0,4081,86.93752012266299
0,4082,4.266086444407814e-08
0,4083,4.2310313642766753e-08
0,4084,4.2927855203338705e-08
0,4085,4.481886604464839e-08
0,4086,4.8918524395354676e-08
0,4087,5.8553439007342015e-08
0,4088,1.0010618021475597e-07
0,4089,614.4590438382548
0,4090,814.8881177824196
0,4091,907.085613935066
0,4092,930.3217077183199
0,4093,911.7580561723852
0,4094,825.9343438190941
0,4095,595.7509761546609
0,4096,4.353830956584049e-08
0,4097,307.5804268089704
0,4098,278.81307236168817
0,4099,220.1645890268922
0,4100,202.72645572377448
0,4101,201.38802571409664
0,4102,215.64020244899703
0,4103,257.2910364620513
0,4104,364.3961914380996
0,4105,3.194940431365008e-08
0,4106,3.460616491584884e-08
0,4107,3.802454713296437e-08
0,4108,4.322550883466167e-08
0,4109,5.351570889336249e-08
0,4110,9.463054742010703e-08
0,4111,628.5730024487575
0,4112,809.5447114901357
0,4113,914.168297873673
0,4114,950.2887268371048
0,4115,961.1763968272526
0,4116,961.4525484303437
0,4117,952.6412155496167
0,4118,922.2789213830997
0,4119,830.1941827288347
0,4120,603.3218089859545
0,4121,4.341443093301814e-08
0,4122,325.8584511399549
0,4123,186.20095878881085
0,4124,151.09310666994483
0,4125,135.15509012917977
0,4126,127.25196036644518
0,4127,123.76648764200966
0,4128,124.12359340494613
0,4129,128.31280053600796
0,4130,136.92070696744315
0,4131,151.23362687888005
0,4132,191.51390190062608
0,4133,266.56931511006144
0,4134,4.717900708161324e-08
0,4135,3.9798819237778324e-08
0,4136,3.452009329400703e-08
0,4137,3.053006331459255e-08
0,4138,1.7391867721987454e-08
0,4139,1.7392711499051867e-08
0,4140,1.739294749915818e-08
0,4141,1.7393009678837173e-08
0,4142,1.7392878473752128e-08
0,4143,1.7392508897996767e-08
0,4144,1.7391876590646028e-08
0,4145,351.5139718111081
0,4146,205.45288439784392
0,4147,168.56503081400012
0,4148,152.88587500929287
0,4149,146.1860719764181
0,4150,143.82825792585615
0,4151,146.68337206163238
0,4152,154.01483883316104
0,4153,174.91804208168764
0,4154,200.3148688170315
0,4155,203.6367861895202
0,4156,3.83825113505447e-08
0,4157,4.3215583663116846e-08
0,4158,5.3102190653591026e-08
0,4159,9.320427278297486e-08
0,4160,655.3973396074578
0,4161,787.5524106991286
0,4162,904.7549860278612
0,4163,944.6955332878571
0,4164,953.8709790161265
0,4165,944.5099400465068
0,4166,902.0663612469517
0,4167,774.1114776393599
0,4168,667.2009392625869
0,4169,301.36627171637474
0,4170,178.83027471527893
0,4171,143.70208286656134
0,4172,127.74697388433071
0,4173,119.0482031082815
0,4174,114.66325766319912
0,4175,112.46240806944826
0,4176,111.69971480736746
0,4177,114.73655456500549
0,4178,123.64855594240285
0,4179,140.13508720112407
0,4180,175.4172964607901
0,4181,284.5433191091071
0,4182,3.560263499991493e-08
0,4183,4.607109499132992e-08
0,4184,8.442793193733024e-08
0,4185,592.3261569967256
0,4186,835.0106271836286
0,4187,919.7224559089926
0,4188,934.711673395257
0,4189,905.549724301747
0,4190,800.0371851497692
0,4191,637.8043079924729
0,4192,4.4015088639744095e-08
0,4193,308.34809403042647
0,4194,174.28812176807614
0,4195,140.78017105178665
0,4196,125.1230540577465
0,4197,116.49458248903089
0,4198,112.08496062629031
0,4199,110.26872447445089
0,4200,110.94676950283487
0,4201,114.76029843878786
0,4202,117.2463853102137
0,4203,113.41901617083239
0,4204,143.27979191407562
0,4205,173.45804502646985
0,4206,187.50198503684214
0,4207,3.9988292183656146e-08
0,4208,3.694976087871251e-08
0,4209,3.451324517492324e-08
0,4210,1.7566408376943807e-08
0,4211,1.7566251815727586e-08
0,4212,1.7566690648088335e-08
0,4213,1.7566857291798614e-08
0,4214,1.756681131319683e-08
0,4215,1.7566505181784698e-08
0,4216,1.756574996515233e-08
0,4217,443.59891172141187
0,4218,278.33386061805396
0,4219,240.15366603116223
0,4220,233.57690186955486
0,4221,245.5677492056895
0,4222,297.29589567653574
0,4223,309.473014573498
0,4224,7.037480280588839e-08
0,4225,6.110175627335463e-08
0,4226,5.578400508020879e-08
0,4227,5.3111039564527436e-08
0,4228,5.2745910829378483e-08
0,4229,5.52973702168486e-08
0,4230,6.399020917375366e-08
0,4231,1.0577388829105582e-07
0,4232,674.00355217397
0,4233,767.5670539500836
0,4234,898.8775674631263
0,4235,941.644434684463
0,4236,946.2943498968688
0,4237,921.1940568941191
0,4238,832.8168986349236
0,4239,598.5094616508003
0,4240,4.353825394672983e-08
0,4241,376.90928054650783
0,4242,224.3816275944871
0,4243,185.72022446375865
0,4244,170.52470923578363
0,4245,164.60539181529776
0,4246,167.86876480242927
0,4247,176.97288204578913
0,4248,195.28777792040546
0,4249,155.26796204259932
0,4250,70.01609864833857
0,4251,160.44528095592526
0,4252,3.037798127387224e-08
0,4253,3.6464075378112764e-08
0,4254,4.705869988314465e-08
0,4255,8.659765551954186e-08
0,4256,609.2449046678436
0,4257,825.0552152701744
0,4258,919.1703755378738
0,4259,949.0797126597797
0,4260,953.4093838838801
0,4261,936.1796226080254
0,4262,874.5441776419354
0,4263,698.4232289484821
0,4264,734.5995605766448
0,4265,384.0243201379535
0,4266,250.80388818512108
0,4267,207.38046232472732
0,4268,193.11123365784206
0,4269,193.2268255823735
0,4270,207.74434034965486
0,4271,243.92480920189973
0,4272,303.6884779904708
0,4273,9.98305044442311
0,4274,2.5524502165472286e-08
0,4275,54.11259222368503
0,4276,2.7236896714696266e-08
0,4277,3.197341469921827e-08
0,4278,3.8056034359168305e-08
0,4279,4.881620827944781e-08
0,4280,8.932593263367105e-08
0,4281,727.0189408551743
0,4282,704.0872066663937
0,4283,846.9528260334407
0,4284,906.3138104371325
0,4285,905.7407958031102
0,4286,825.6108485001802
0,4287,589.3550276312488
0,4288,7.567321003830875e-08
0,4289,2.7019656700270152e-08
0,4290,345.3368029484326
0,4291,200.92115602162315
0,4292,163.8171663046494
0,4293,147.60320698762953
0,4294,140.04066943849958
0,4295,136.27351174982138
0,4296,132.4046690121279
0,4297,130.0279623317887
0,4298,31.75606111323946
0,4299,112.66752954173053
0,4300,161.77502882101655
0,4301,1.7156406630915947e-08
0,4302,155.27851565848275
0,4303,244.5957382523713
0,4304,2.984618243339387e-08
0,4305,4.510217445082254e-08
0,4306,9.28072094643354e-08
0,4307,591.0255261094779
0,4308,818.6774836044934
0,4309,880.10077901241
0,4310,821.9653763823168
0,4311,585.8431628392352
0,4312,9.362377295567899e-08
0,4313,3.325534822709163e-08
0,4314,457.9000099897713
0,4315,280.8553805708686
0,4316,242.89759817823048
0,4317,237.41930734120663
0,4318,257.10467847610846
0,4319,323.8380660550967
0,4320,247.98495948661477
0,4321,3.294383777055585e-08
0,4322,4.131404894747333e-08
0,4323,4.9139383175620755e-08
0,4324,5.893260416149073e-08
0,4325,7.600488812162264e-08
0,4326,1.397784010264628e-07
0,4327,617.0818943003726
0,4328,819.0240489143832
0,4329,918.0077182022685
0,4330,950.8074378935719
0,4331,961.0944464858488
0,4332,961.3286715073007
0,4333,952.9397837812253
0,4334,924.5974382283341
0,4335,836.1898302305436
0,4336,595.5897724974321
0,4337,515.663565391452
0,4338,351.726545979218
0,4339,319.5494612264859
0,4340,342.34426341505184
0,4341,518.7161634467981
0,4342,1.4403674115546442e-07
0,4343,1.250541584802209e-07
0,4344,1.141726229368249e-07
0,4345,1.0870269615657229e-07
0,4346,1.0795223256236382e-07
0,4347,1.1317789483805153e-07
0,4348,1.309817547672312e-07
0,4349,2.1648527651909558e-07
0,4350,632.3264831027768
0,4351,813.1793881840599
0,4352,909.503864321763
0,4353,944.1550039809307
0,4354,957.9816526887269
0,4355,962.3085988410397
0,4356,960.6355598601945
0,4357,949.989535235005
0,4358,916.110630893476
0,4359,816.6944855410192
0,4360,620.9130258571123
0,4361,479.58279441374685
0,4362,295.3560668920291
0,4363,254.4863274883818
0,4364,256.62627509406957
0,4365,292.93357006051093
0,4366,469.0149656319971
0,4367,1.0560374017098875e-07
0,4368,1.0016151727966949e-07
0,4369,9.614311758486126e-08
0,4370,9.312089499753185e-08
0,4371,9.079434405045083e-08
0,4372,8.893756028796748e-08
0,4373,8.737009084002791e-08
0,4374,8.594040742164965e-08
0,4375,8.452490158258863e-08
0,4376,8.301605493755016e-08
0,4377,8.132417154162175e-08
0,4378,7.93797357258254e-08
0,4379,4.895758857651833e-08
0,4380,4.8960394402768385e-08
0,4381,4.896382094281916e-08
0,4382,4.896570325879109e-08
0,4383,4.896451317542666e-08
0,4384,4.896233104746743e-08
0,4385,4.895788496967737e-08
0,4386,356.66422104216
0,4387,268.97753598277427
0,4388,246.0007932346474
0,4389,250.42960277670727
0,4390,288.93453520418274
0,4391,434.1082848560867
0,4392,6.66862629975694e-08
0,4393,7.87973739205212e-08
0,4394,8.738253684977264e-08
0,4395,9.435568003195226e-08
0,4396,1.004866928266268e-07
0,4397,1.0629092314098053e-07
0,4398,1.1225798903447481e-07
0,4399,1.1898485364540104e-07
0,4400,1.2739168927569362e-07
0,4401,6.216739003349559e-08
0,4402,6.217189659779999e-08
0,4403,6.217828726317454e-08
0,4404,6.217976509487975e-08
0,4405,6.218000627815346e-08
0,4406,6.217827335328757e-08
0,4407,6.217278072147297e-08
0,4408,6.216124059184227e-08
0,4409,326.5920881594986
0,4410,250.95054957675634
0,4411,203.121393043168
0,4412,185.31731798739693
0,4413,181.20289787146683
0,4414,187.43073596741164
0,4415,205.80451497467698
0,4416,256.4281947289939
0,4417,251.15230782491733
0,4418,8.697219647918995e-08
0,4419,1.1241663226320973e-07
0,4420,1.4000369414704787e-07
0,4421,1.850467516899886e-07
0,4422,3.4789144020874784e-07
0,4423,699.3620837418042
0,4424,745.1586429200377
0,4425,890.3928121852819
0,4426,942.1454619622701
0,4427,958.2255958749945
0,4428,960.8736117942251
0,4429,953.6476627497769
0,4430,925.6733848919607
0,4431,836.2724101537519
0,4432,594.4616266210503
0,4433,495.8605884205549
0,4434,320.90005271726886
0,4435,285.0604583403139
0,4436,284.4254093494987
0,4437,343.8527554400631
0,4438,317.90073514739817
0,4439,2.992296447313367e-07
0,4440,3.0667154673520583e-07
0,4441,3.4834698279043175e-07
0,4442,5.650185526034695e-07
0,4443,683.4488307234249
0,4444,855.6776541658047
0,4445,724.4768624377592
0,4446,869.9665660915923
0,4447,931.2562711740231
0,4448,953.7821741245399
0,4449,962.5073546207591
0,4450,965.7136194461407
0,4451,967.0001624821607
0,4452,966.7979854574289
0,4453,965.1361323316504
0,4454,960.4448718217997
0,4455,945.010515248598
0,4456,895.1005693117347
0,4457,749.6255905605794
0,4458,693.1559236485206
0,4459,618.7540766497987
0,4460,420.5836084891515
0,4461,424.28506590322263
0,4462,584.377245292249
0,4463,1.6995468486902168e-06
0,4464,9.893620069293839e-07
0,4465,8.243302342474633e-07
0,4466,1.0499909659808602e-06
0,4467,701.5217314460664
0,4468,779.7920502691796
0,4469,854.7696346540056
0,4470,919.1557097585091
0,4471,947.6210666379194
0,4472,959.2306070885154
0,4473,964.2414630997081
0,4474,965.7918937140204
0,4475,966.6411817707045
0,4476,965.7190117924733
0,4477,962.8909007157763
0,4478,954.117120974233
0,4479,925.2942602171788
0,4480,833.1997431167595
0,4481,598.2843054271099
0,4482,567.5681850325747
0,4483,428.6999752023334
0,4484,426.1887059629117
0,4485,625.5431291192237
0,4486,2.122121955447278e-06
0,4487,1.225145428853519e-06
0,4488,9.984660010425427e-07
0,4489,1.1248556170207272e-06
0,4490,1.608986618619921e-07
0,4491,1.6114475898443606e-07
0,4492,792.3746457242042
0,4493,740.153254732439
0,4494,691.5396369725471
0,4495,864.2040750585138
0,4496,933.4778522389286
0,4497,956.0919098239561
0,4498,963.2799977580489
0,4499,964.8938997590094
0,4500,962.8915651844153
0,4501,954.2626377868021
0,4502,925.6448695973653
0,4503,836.0745950907701
0,4504,595.0055070779623
0,4505,3.2197778761396383e-07
0,4506,240.0486656294985
0,4507,139.94680556147094
0,4508,109.74847139479968
0,4509,95.24940875047842
0,4510,86.61422436067976
0,4511,80.43146807176629
0,4512,75.37009832569356
0,4513,72.7012210322675
0,4514,72.15872989835218
0,4515,72.53087875216818
0,4516,73.16090610775954
0,4517,1.7275235131205277e-07
0,4518,61.400646860551205
0,4519,5.8293221955490234e-08
0,4520,4.392013749637423e-08
0,4521,3.531487538136575e-08
0,4522,2.9577347393230588e-08
0,4523,2.5478696510335466e-08
0,4524,1.7150577112878357e-08
0,4525,1.9994295229444257e-08
0,4526,1.8101643166128586e-08
0,4527,1.7148433757364396e-08
0,4528,77.05814594768229
0,4529,71.5077996058608
0,4530,67.53451482223572
0,4531,64.65030610780833
0,4532,62.55465773128779
0,4533,60.86931824975175
0,4534,59.71632428096509
0,4535,58.91825373221794
0,4536,58.617964357707606
0,4537,58.73658407446362
0,4538,59.2938191737834
0,4539,60.32279655330586
0,4540,61.88007406769365
0,4541,64.05334625251882
0,4542,67.08209256098746
0,4543,70.09611924937826
0,4544,75.48835640245451
0,4545,5.8256464490051313e-08
0,4546,4.3922547321582266e-08
0,4547,3.5319085645942234e-08
0,4548,2.9581965512495814e-08
0,4549,2.548159887268996e-08
0,4550,1.7148092975121884e-08
0,4551,2.0016844907785886e-08
0,4552,38.94951680464813
0,4553,116.62980728651966
0,4554,106.69729679513691
0,4555,101.03181677007184
0,4556,97.68263621899212
0,4557,95.72708604135761
0,4558,95.32455385563617
0,4559,96.34114425036726
0,4560,99.39538921289521
0,4561,103.73839342330075
0,4562,112.85943345911824
0,4563,129.65331660204717
0,4564,167.502107064157
0,4565,223.56565296433473
0,4566,3.55746592603989e-08
0,4567,3.6115699131018895e-08
0,4568,3.701582336156886e-08
0,4569,3.840452573548181e-08
0,4570,1.8098048710466245e-08
0,4571,1.809886638354054e-08
0,4572,1.8099230438453737e-08
0,4573,1.8099342416243245e-08
0,4574,1.809924837277042e-08
0,4575,1.809894544007657e-08
0,4576,1.809803325807807e-08
0,4577,347.50249840532473
0,4578,215.04862992732998
0,4579,174.93502526004264
0,4580,159.17273167854538
0,4581,153.2128152957086
0,4582,153.84226826309643
0,4583,160.06890227691622
0,4584,176.10202718892654
0,4585,210.94383843000492
0,4586,297.17126330141434
0,4587,2.9393375083499966e-08
0,4588,3.365851255567357e-08
0,4589,3.942610246372854e-08
0,4590,4.9978339415481345e-08
0,4591,9.042212177185719e-08
0,4592,600.7244631104802
0,4593,834.0103387579734
0,4594,921.2032231929093
0,4595,950.3649491779669
0,4596,957.3356781629756
0,4597,950.737810427125
0,4598,921.6939872032107
0,4599,831.3394248465906
0,4600,601.1457285848433
0,4601,4.336881387824752e-08
0,4602,425.43866532960493
0,4603,259.0600264783225
0,4604,217.44189394477033
0,4605,205.96891039946132
0,4606,209.6945238372178
0,4607,227.07292170310723
0,4608,214.7791554529847
0,4609,288.54390282249324
0,4610,3.735351720981567e-08
0,4611,4.002100977866036e-08
0,4612,4.4734167476373585e-08
0,4613,5.462791596031938e-08
0,4614,9.529064399508224e-08
0,4615,599.7019132911446
0,4616,832.3648762713502
0,4617,924.1038160305587
0,4618,953.8193641048989
0,4619,962.5629144713412
0,4620,962.164712006008
0,4621,953.3435742296986
0,4622,923.6713806655603
0,4623,831.7109595432007
0,4624,601.0934485940932
0,4625,4.3368428377229206e-08
0,4626,327.292129582868
0,4627,186.15722507662426
0,4628,150.84072595441805
0,4629,134.83523461055293
0,4630,126.4961855795716
0,4631,121.39700770061914
0,4632,120.51524815043457
0,4633,122.99181103183035
0,4634,130.22882009913107
0,4635,144.79698233096326
0,4636,182.59042701239758
0,4637,299.8582029861432
0,4638,3.6451938652555375e-08
0,4639,7.27342996638614e-08
0,4640,624.6331809263302
0,4641,812.8110677804974
0,4642,914.1938890547087
0,4643,946.0109786488426
0,4644,947.9370303849034
0,4645,922.6630901970581
0,4646,834.3169534036872
0,4647,595.6821255167862
0,4648,4.373051124708071e-08
0,4649,295.046663788703
0,4650,167.25431597668705
0,4651,134.71401023107893
0,4652,119.28509579070968
0,4653,110.51729010898633
0,4654,105.58603052820561
0,4655,103.08844974161786
0,4656,102.8756971812275
0,4657,104.87580445452639
0,4658,109.25827590750134
0,4659,112.57443067657304
0,4660,127.60015646656343
0,4661,146.5622299709439
0,4662,4.3940470459965326e-08
0,4663,3.533300193762489e-08
0,4664,2.959358624753683e-08
0,4665,1.7149989917475785e-08
0,4666,1.7150406511440514e-08
0,4667,1.715057451928719e-08
0,4668,1.7150513914652407e-08
0,4669,1.715019878604276e-08
0,4670,1.7149502599458357e-08
0,4671,80.37101725607064
0,4672,53.987204410688804
0,4673,43.46976197192283
0,4674,37.80601379529238
0,4675,34.16840967412358
0,4676,31.182008186422006
0,4677,28.92288773019991
0,4678,27.221709463633054
0,4679,25.83846220865595
0,4680,24.703673126143975
0,4681,23.748232275236717
0,4682,22.941606819332662
0,4683,22.245717664718235
0,4684,21.641597923772277
0,4685,21.110282769019495
0,4686,20.635160921037183
0,4687,20.224618516838937
0,4688,19.84919707190108
0,4689,19.48875716799505
0,4690,19.16429811239263
0,4691,18.86246560678394
0,4692,18.567798703878072
0,4693,18.25947095137323
0,4694,18.035803671343544
0,4695,17.89652889039276
0,4696,17.760750781138693
0,4697,17.624025979630712
0,4698,17.519310403293233
0,4699,17.55665094922635
0,4700,17.458322303991537
0,4701,17.235441304059446
0,4702,17.07494453601708
0,4703,16.950092144446906
0,4704,16.86418929245703
0,4705,16.7931943433149
0,4706,16.74120174244881
0,4707,16.698640793635125
0,4708,16.667081181231882
0,4709,16.642491165731823
0,4710,16.63020844914933
0,4711,16.630798778846128
0,4712,16.632485199888137
0,4713,16.63721673514272
0,4714,16.651833627534185
0,4715,16.672756809537223
0,4716,16.697035635864015
0,4717,16.737544236709088
0,4718,16.79572093294814
0,4719,16.873073570037686
0,4720,16.95796964423808
0,4721,17.065710096123865
0,4722,17.21862036847186
0,4723,17.4420863231839
0,4724,17.603162908991536
0,4725,17.623992789305557
0,4726,17.707604425387377
0,4727,17.833149391643136
0,4728,18.00021491201864
0,4729,18.190094484349043
0,4730,18.407929621166108
0,4731,18.651653024985368
0,4732,18.924041157658866
0,4733,19.21005226033251
0,4734,19.404939724045114
0,4735,19.34232419124294
0,4736,5.80731030270956e-08
0,4737,4.381141721020957e-08
0,4738,3.524380352239642e-08
0,4739,2.9527510909000548e-08
0,4740,2.5442074755607335e-08
0,4741,2.2376927028195016e-08
0,4742,2.0014375912515337e-08
0,4743,23.499730232943694
0,4744,24.136567287240382
0,4745,24.843409285452577
0,4746,25.693470664856683
0,4747,27.028772320797557
0,4748,28.14059234260344
0,4749,29.127970963989046
0,4750,30.467886336247332
0,4751,32.190526528615486
0,4752,34.56176874717578
0,4753,37.79947462914881
0,4754,42.51109834124374
0,4755,50.13799898088089
0,4756,65.57482658118992
0,4757,125.08643717237214
0,4758,4.015897746727145e-08
0,4759,7.720353550311437e-08
0,4760,584.6087526848902
0,4761,808.7281370492085
0,4762,894.7923916272305
0,4763,913.5574688803706
0,4764,890.9410990546163
0,4765,803.129287005731
0,4766,596.1408092838059
0,4767,4.4412318471034125e-08
0,4768,275.3610536270013
0,4769,171.82558205864302
0,4770,136.8912645225702
0,4771,121.11964245477392
0,4772,112.32890420116397
0,4773,107.29108865080575
0,4774,104.13596794661214
0,4775,103.597418151246
0,4776,105.30404846127783
0,4777,109.61769793642492
0,4778,117.87841213681398
0,4779,133.1757938482868
0,4780,167.39751578821958
0,4781,282.075610358307
0,4782,3.645109872178965e-08
0,4783,7.273331195810817e-08
0,4784,599.9034362013075
0,4785,831.532674073108
0,4786,921.634552391596
0,4787,948.5118447425247
0,4788,946.6296901848231
0,4789,915.6029079884989
0,4790,818.8535145704982
0,4791,617.6476821964691
0,4792,4.3730516599156644e-08
0,4793,297.84942313186383
0,4794,169.12800484669404
0,4795,136.22012130621212
0,4796,120.9853247783704
0,4797,112.45581617960188
0,4798,107.69088557019957
0,4799,105.30539798509776
0,4800,105.48596445431058
0,4801,108.02557037897512
0,4802,112.61405179618198
0,4803,119.88878408643703
0,4804,138.63118247167785
0,4805,173.9426168596576
0,4806,239.77685605360506
0,4807,3.998401390278123e-08
0,4808,3.694695285868778e-08
0,4809,3.451161723674862e-08
0,4810,1.7566571848085406e-08
0,4811,1.7566165320599035e-08
0,4812,1.756662717344843e-08
0,4813,1.756679636228604e-08
0,4814,1.7566742138807847e-08
0,4815,1.7566442340633957e-08
0,4816,1.7565740709962128e-08
0,4817,311.7815704358178
0,4818,177.798727017284
0,4819,143.79784491512365
0,4820,128.11964018783095
0,4821,119.69512194328668
0,4822,115.26870468375199
0,4823,112.5835846626323
0,4824,112.78666751817956
0,4825,115.30526051861683
0,4826,122.42812140847843
0,4827,138.52616183573835
0,4828,175.28371087859142
0,4829,274.62488406487057
0,4830,3.6452520285577285e-08
0,4831,7.273482500490323e-08
0,4832,501.1356624149875
0,4833,611.4370448495896
0,4834,840.3058857512797
0,4835,921.5405516856817
0,4836,938.5241655464914
0,4837,918.6818869576806
0,4838,833.302276004281
0,4839,595.0667826522841
0,4840,4.373064246426139e-08
0,4841,307.08744167048104
0,4842,178.79473615491514
0,4843,144.30174828037408
0,4844,128.34430272797522
0,4845,119.89160048928031
0,4846,115.66310287332279
0,4847,113.4095146486645
0,4848,111.86003161040432
0,4849,114.1376797442605
0,4850,119.82681322527988
0,4851,135.02072408487567
0,4852,170.46669789992768
0,4853,289.1956066873452
0,4854,3.558076836253501e-08
0,4855,4.5975031626242606e-08
0,4856,8.469967857398437e-08
0,4857,597.6616189318681
0,4858,833.2411269710075
0,4859,919.066970979784
0,4860,937.975678930717
0,4861,916.9284428476348
0,4862,829.6545005106988
0,4863,600.368817265808
0,4864,4.401494667540261e-08
0,4865,296.09477780328064
0,4866,167.29745324194047
0,4867,134.6474539415122
0,4868,119.28194557225139
0,4869,110.63764219853682
0,4870,105.85809740495327
0,4871,103.52099230566583
0,4872,103.43614885529026
0,4873,104.59721485220108
0,4874,107.39340878208321
0,4875,115.78502477737682
0,4876,131.852790408483
0,4877,164.30723033160032
0,4878,283.289819641632
0,4879,4.549397873692692e-08
0,4880,8.354908164426658e-08
0,4881,628.57197529265
0,4882,801.1397585589549
0,4883,896.8862533279579
0,4884,904.229415787211
0,4885,826.8041532297547
0,4886,590.3906064814053
0,4887,4.566248638623508e-08
0,4888,239.07274633115088
0,4889,152.8570429533977
0,4890,119.68743918692535
0,4891,104.55768496636904
0,4892,95.5169529955961
0,4893,89.67158441542728
0,4894,85.83487856792098
0,4895,83.49412982671086
0,4896,82.49006804906898
0,4897,82.60906648735414
0,4898,83.95871780354346
0,4899,86.7642211755859
0,4900,89.88156075040862
0,4901,93.55173412774104
0,4902,101.5569394912643
0,4903,109.70330573638755
0,4904,4.393238935766324e-08
0,4905,3.532675196285756e-08
0,4906,2.958850717349736e-08
0,4907,1.7149869883830354e-08
0,4908,1.7150009597354578e-08
0,4909,1.715009501246191e-08
0,4910,1.714995407504623e-08
0,4911,1.714943298126477e-08
0,4912,188.74712475273603
0,4913,190.90840694692332
0,4914,161.53251849409688
0,4915,148.3635454783656
0,4916,142.68280165502657
0,4917,142.09369256197905
0,4918,145.7927366674308
0,4919,156.55787310673352
0,4920,181.48559905582184
0,4921,233.7295518782159
0,4922,162.95673656183928
0,4923,3.721784983861862e-08
0,4924,4.0030549682486846e-08
0,4925,4.474540039841647e-08
0,4926,5.4638324651589386e-08
0,4927,9.530273024959193e-08
0,4928,644.9805284280404
0,4929,794.8235777722794
0,4930,905.7636133885533
0,4931,945.257836399193
0,4932,952.3824709030484
0,4933,940.0875687079243
0,4934,892.4538226094977
0,4935,750.0721722575443
0,4936,690.9832402326559
0,4937,317.6278598349904
0,4938,202.26766858491763
0,4939,163.54247881847257
0,4940,146.64306837153342
0,4941,138.87806577473734
0,4942,136.72699489461021
0,4943,138.7516665650659
0,4944,143.99668981752728
0,4945,158.72979850991936
0,4946,191.6592255793686
0,4947,309.1764832233802
0,4948,4.323122917000667e-08
0,4949,4.355299083223595e-08
0,4950,4.522643012088638e-08
0,4951,4.9147482685087194e-08
0,4952,5.8610492593725314e-08
0,4953,9.983268149336424e-08
0,4954,596.9384514663685
0,4955,831.9473431744896
0,4956,914.463144698471
0,4957,922.5795365924077
0,4958,868.0220294747426
0,4959,692.7817826388457
0,4960,736.9189994303844
0,4961,396.1696071655687
0,4962,259.681396007392
0,4963,216.6519809099457
0,4964,204.01901349580143
0,4965,207.36010000900362
0,4966,228.70669634766847
0,4967,287.39195262005154
0,4968,248.01925339368196
0,4969,3.570966838827933e-08
0,4970,3.641238959328319e-08
0,4971,3.7533382082052325e-08
0,4972,3.926134595291932e-08
0,4973,4.200058629233054e-08
0,4974,4.675168583725828e-08
0,4975,5.688784448446281e-08
0,4976,9.887570566255032e-08
0,4977,596.346339445051
0,4978,824.988612117177
0,4979,907.8640158111796
0,4980,911.6505219451981
0,4981,843.7270299847164
0,4982,646.4971080279855
0,4983,715.7864474338459
0,4984,7.567202180860477e-08
0,4985,2.701977687875483e-08
0,4986,462.4703263365401
0,4987,285.83383486711807
0,4988,247.97238956912247
0,4989,243.90939368321122
0,4990,266.91371465643937
0,4991,345.378818844903
0,4992,195.52152212888438
0,4993,2.5834934334395603e-08
0,4994,3.138108587276848e-08
0,4995,3.5821075978273974e-08
0,4996,4.0182601219084164e-08
0,4997,4.5242536693030646e-08
0,4998,5.237341482324491e-08
0,4999,6.578800008604749e-08
0,5000,1.1799490160338858e-07
0,5001,619.3869970496809
0,5002,812.7710846234411
0,5003,903.5281335075185
0,5004,909.5114235237626
0,5005,833.449407223925
0,5006,601.4426006962724
0,5007,402.4899398378038
0,5008,528.691026686173
0,5009,335.2102578949098
0,5010,301.66580740137834
0,5011,326.4014038326664
0,5012,456.7331955156059
0,5013,99.29830846242294
0,5014,6.646950416682275e-08
0,5015,6.471678763936631e-08
0,5016,6.407351769225749e-08
0,5017,6.452379490889314e-08
0,5018,6.625977510491942e-08
0,5019,6.984991834851147e-08
0,5020,7.683774512730129e-08
0,5021,9.257720053577889e-08
0,5022,1.593228679537366e-07
0,5023,735.0527055158278
0,5024,696.9740851332169
0,5025,877.4354189216123
0,5026,939.6097496942767
0,5027,958.0720884619758
0,5028,961.2722692881604
0,5029,954.7466282984528
0,5030,927.974248731868
0,5031,838.7971278565266
0,5032,590.1934404263166
0,5033,417.9683285966263
0,5034,320.3364355816201
0,5035,269.75147616874625
0,5036,265.28471663077386
0,5037,301.0075274209749
0,5038,473.6515152399996
0,5039,1.0762979578524297e-07
0,5040,1.0050461064199732e-07
0,5041,9.669984810903743e-08
0,5042,9.578542878358094e-08
0,5043,9.810872286137326e-08
0,5044,1.0543273606811589e-07
0,5045,1.2456045523150073e-07
0,5046,2.1018532195542661e-07
0,5047,668.1107991078444
0,5048,774.2678461053583
0,5049,902.2494142008918
0,5050,946.9658676844928
0,5051,960.2578851218608
0,5052,961.3253880947905
0,5053,953.2291103367537
0,5054,923.5318599982952
0,5055,830.3395847167693
0,5056,602.2663408164391
0,5057,298.7441577381472
0,5058,228.4938990919876
0,5059,181.10872619294457
0,5060,162.24684773624526
0,5061,154.605211799648
0,5062,154.1138207666909
0,5063,156.25332609938494
0,5064,150.94464752711477
0,5065,111.14440203537414
0,5066,5.830774283268025e-08
0,5067,4.395124152516421e-08
0,5068,134.95111467316843
0,5069,315.39384638254154
0,5070,4.017316935489286e-08
0,5071,7.722145600355223e-08
0,5072,726.2469701625168
0,5073,711.1708145386663
0,5074,878.2952692524976
0,5075,935.1564205588114
0,5076,944.5350812122105
0,5077,920.4360921734232
0,5078,830.9123261129185
0,5079,600.1456116854212
0,5080,4.401501277447923e-08
0,5081,310.6121102528921
0,5082,176.45971919988656
0,5083,142.76480840463927
0,5084,126.88743169511727
0,5085,118.19278089426764
0,5086,113.79067603482066
0,5087,110.95076262005007
0,5088,111.36995375934444
0,5089,114.07208986654496
0,5090,121.13906760614721
0,5091,136.37524051364326
0,5092,169.71583106630857
0,5093,295.66952821413634
0,5094,3.645275776331902e-08
0,5095,7.27352649817749e-08
0,5096,602.5054087729752
0,5097,829.0340627157798
0,5098,916.645313951184
0,5099,937.9550397364214
0,5100,918.9177784905493
0,5101,833.5110498307172
0,5102,595.4683582043122
0,5103,4.401530123040423e-08
0,5104,297.16994872941183
0,5105,191.67848063537335
0,5106,153.6477649828736
0,5107,137.088966872383
0,5108,128.14568137964815
0,5109,123.87684638113221
0,5110,123.22870978080839
0,5111,125.37129575794975
0,5112,131.55631628604638
0,5113,2.9277391672745965e-07
0,5114,1.0923587682564861e-07
0,5115,6.740330650716639e-08
0,5116,4.88727913247852e-08
0,5117,3.841614056816008e-08
0,5118,3.170067374232385e-08
0,5119,2.7023526337773782e-08
0,5120,2.3579090939534277e-08
0,5121,2.0936890298252022e-08
0,5122,1.8846007956630813e-08
0,5123,1.715035460575956e-08
0,5124,1.715026791048729e-08
0,5125,1.7150182732654214e-08
0,5126,1.714985170865477e-08
0,5127,1.7149673513417477e-08
0,5128,89.44884576907165
0,5129,62.64880558388296
0,5130,51.4115206301149
0,5131,45.112322392368746
0,5132,40.82154695961823
0,5133,37.57869470437067
0,5134,35.101586761781334
0,5135,33.18828069482408
0,5136,31.65643656166821
0,5137,30.412273600537006
0,5138,29.365053170326746
0,5139,28.479003079634605
0,5140,27.72920033085582
0,5141,27.088304076342887
0,5142,26.52860174345467
0,5143,26.036899745891436
0,5144,25.593120170561996
0,5145,25.15500349376885
0,5146,24.44666638212568
0,5147,1.7180393696675732e-07
0,5148,8.659393433670191e-08
0,5149,5.8099652376281184e-08
0,5150,23.18273138161234
0,5151,23.422124255436497
0,5152,23.258321560608646
0,5153,23.120276131928165
0,5154,23.00486346257225
0,5155,22.931118291805575
0,5156,22.83723758399927
0,5157,22.747580272434625
0,5158,22.661269194956308
0,5159,22.606185875192054
0,5160,22.577954462437347
0,5161,22.58676203278819
0,5162,22.62177008878203
0,5163,22.685248597923795
0,5164,22.776571677142854
0,5165,22.89386403614247
0,5166,23.03065095558282
0,5167,23.188467557024758
0,5168,23.35125792929022
0,5169,23.48799718508972
0,5170,23.496477296644997
0,5171,23.70984652017999
0,5172,23.43281833040432
0,5173,23.653753647049296
0,5174,25.038283383319854
0,5175,25.624457036543735
0,5176,26.223438907158457
0,5177,26.903594943126183
0,5178,27.728496677363072
0,5179,28.828549585018248
0,5180,29.70452087738089
0,5181,30.72415827355853
0,5182,31.97934353786503
0,5183,33.60445288011753
0,5184,35.618732562301425
0,5185,37.939036667041975
0,5186,41.33595199057718
0,5187,46.55784921469916
0,5188,55.19057776491619
0,5189,72.38558278135719
0,5190,132.1728329018113
0,5191,4.0160545192685995e-08
0,5192,7.720589175003937e-08
0,5193,603.2664946149245
0,5194,827.6208137690313
0,5195,917.2718830576854
0,5196,938.8306940444357
0,5197,917.3894140611969
0,5198,830.1475863450557
0,5199,599.7703976679754
0,5200,4.4412561986704535e-08
0,5201,414.07991585944046
0,5202,248.24619579032466
0,5203,208.13017765303812
0,5204,195.4809269034938
0,5205,197.42881504007858
0,5206,214.18270982865042
0,5207,260.1942661007642
0,5208,310.2569927664651
0,5209,3.6032570909488436e-08
0,5210,3.714595861983085e-08
0,5211,3.885961434600872e-08
0,5212,4.157399050187257e-08
0,5213,4.62797525649982e-08
0,5214,5.6316415239998033e-08
0,5215,9.788727970285827e-08
0,5216,605.094054891564
0,5217,828.0198234557636
0,5218,921.0303128336044
0,5219,949.7937630881345
0,5220,950.3369494453524
0,5221,924.0411738906552
0,5222,834.509112797898
0,5223,596.2338411711003
0,5224,4.3368490872912476e-08
0,5225,349.99939441365797
0,5226,202.78625639881338
0,5227,166.3687239709248
0,5228,150.38281320163992
0,5229,143.34623319296563
0,5230,141.81389646194904
0,5231,145.7821828100296
0,5232,149.38366568475013
0,5233,1.7320736938521305e-07
0,5234,8.697456820367017e-08
0,5235,5.8289832343345123e-08
0,5236,193.4332067884963
0,5237,404.7036268494804
0,5238,4.049176478957453e-08
0,5239,5.045599156225275e-08
0,5240,8.979381797789561e-08
0,5241,611.4872868188241
0,5242,820.9058530786602
0,5243,912.8133018774857
0,5244,930.4816217831435
0,5245,897.8351219260954
0,5246,779.0542365995002
0,5247,660.311352502069
0,5248,258.2966413970256
0,5249,179.8745809166979
0,5250,141.01727700986785
0,5251,123.6170415220879
0,5252,113.8559672230627
0,5253,108.32211436407857
0,5254,105.39853888727954
0,5255,103.2801683372404
0,5256,104.0231194025679
0,5257,107.33045972415476
0,5258,114.59928374399982
0,5259,130.41058347681488
0,5260,165.3092840969665
0,5261,292.66494005438074
0,5262,3.645146456445397e-08
0,5263,7.273346754870934e-08
0,5264,626.3282503331166
0,5265,812.1953314621105
0,5266,913.0259201198496
0,5267,946.166462447053
0,5268,948.7547661220282
0,5269,923.4263599245503
0,5270,834.7220270589075
0,5271,595.4324982931453
0,5272,4.373054231271201e-08
0,5273,309.0602019130829
0,5274,175.9418737152708
0,5275,141.81050991454308
0,5276,125.87531546777272
0,5277,117.47370066018088
0,5278,113.04818510091744
0,5279,109.75848775579821
0,5280,110.1812383685139
0,5281,113.96009714519495
0,5282,121.697865954958
0,5283,137.76369120524666
0,5284,172.56641467039915
0,5285,298.86241825687773
0,5286,3.645185889046462e-08
0,5287,7.273387507837799e-08
0,5288,636.127311048183
0,5289,802.8913506587835
0,5290,910.2982661897453
0,5291,944.8018178607726
0,5292,947.6387049805187
0,5293,921.5784550916751
0,5294,832.5813167938379
0,5295,599.3880128057663
0,5296,4.3730515710158297e-08
0,5297,271.2728258865481
0,5298,151.40386915798913
0,5299,120.59865057532909
0,5300,105.60994543657982
0,5301,97.00264597073985
0,5302,91.62269552379676
0,5303,88.43929784315989
0,5304,86.86978934975383
0,5305,86.5433244108115
0,5306,87.5682990428663
0,5307,90.09548525455595
0,5308,91.92308508669889
0,5309,99.28505979716851
0,5310,109.37826722315627
0,5311,124.33112661935955
0,5312,3.84102559308934e-08
0,5313,3.169876883600694e-08
0,5314,2.702291467555348e-08
0,5315,1.7149728806132463e-08
0,5316,1.7150051551513096e-08
0,5317,1.7150128697166514e-08
0,5318,1.714996985655075e-08
0,5319,1.714943843620777e-08
0,5320,232.04041110988126
0,5321,185.01454760061125
0,5322,159.04033162861398
0,5323,147.04628507018683
0,5324,141.9287935841236
0,5325,142.36140516969613
0,5326,148.14467539641896
0,5327,162.23157861229024
0,5328,191.20574932520466
0,5329,108.16224848648521
0,5330,8.704532927887858e-08
0,5331,5.833479000116057e-08
0,5332,4.3976233764880487e-08
0,5333,250.01262948113342
0,5334,4.051258697523858e-08
0,5335,5.047667344239786e-08
0,5336,8.981810932781945e-08
0,5337,631.0671858327578
0,5338,802.995844176046
0,5339,899.6505786830955
0,5340,907.1251458066441
0,5341,829.9539094213583
0,5342,591.3360349129483
0,5343,4.494978338680781e-08
0,5344,377.7472029220265
0,5345,287.4544793384055
0,5346,241.01326846487135
0,5347,229.0819266801532
0,5348,239.26632603331512
0,5349,277.6495006248591
0,5350,395.78729555246326
0,5351,1.0644822035600155e-07
0,5352,8.018758731253108e-08
0,5353,6.660789589842315e-08
0,5354,5.8805797687064775e-08
0,5355,5.4309820876327684e-08
0,5356,5.214667339177402e-08
0,5357,5.212456637391111e-08
0,5358,5.4928509938542225e-08
0,5359,6.383730793140002e-08
0,5360,1.0597081476219807e-07
0,5361,630.5684074751816
0,5362,806.4081863756966
0,5363,907.4085136722503
0,5364,932.4155974457188
0,5365,909.0983546215728
0,5366,810.2753958347081
0,5367,624.2888682444495
0,5368,4.353739284812286e-08
0,5369,151.92332186779112
0,5370,80.14875259832712
0,5371,61.610744403476986
0,5372,52.275342354309636
0,5373,46.596703404895536
0,5374,42.55678324300267
0,5375,39.41242610917548
0,5376,36.54217639399281
0,5377,34.279784988461
0,5378,33.375090475294144
0,5379,32.72532322737336
0,5380,32.07937128817068
0,5381,31.305079235878246
0,5382,30.635006724172953
0,5383,29.877550137836387
0,5384,1.7195213434289462e-07
0,5385,8.665119132097131e-08
0,5386,5.812591521452593e-08
0,5387,4.3840030281994265e-08
0,5388,3.52604033081717e-08
0,5389,2.9537635847163955e-08
0,5390,26.1506842471901
0,5391,26.293902006684487
0,5392,26.01138342644319
0,5393,25.76380970522706
0,5394,25.56046289322544
0,5395,25.36660353524591
0,5396,25.169534179617035
0,5397,25.02897898749813
0,5398,24.911657782604014
0,5399,24.812684687695594
0,5400,24.740274696346884
0,5401,24.69990543474755
0,5402,24.671406852810637
0,5403,24.738468037640093
0,5404,24.867789159912245
0,5405,25.017376812405576
0,5406,25.19507666542906
0,5407,25.39817721007927
0,5408,25.606891824581826
0,5409,25.829418994660735
0,5410,26.0704518517554
0,5411,26.196279503614015
0,5412,1.7187252736940205e-07
0,5413,8.663452493449294e-08
0,5414,23.67656015845462
0,5415,27.900154213307555
0,5416,28.66356559354121
0,5417,29.37026068453344
0,5418,30.223730418829188
0,5419,31.21531838626587
0,5420,32.11750311205672
0,5421,33.282814145253035
0,5422,34.68210850106053
0,5423,36.429629572415436
0,5424,38.68004761210201
0,5425,41.59712971948418
0,5426,45.3178732696359
0,5427,50.699299882134376
0,5428,60.15642249011813
0,5429,79.205246776451
0,5430,131.33766053774426
0,5431,3.997633331256792e-08
0,5432,3.6944343986585056e-08
0,5433,3.4512377800371334e-08
0,5434,1.7565663668866457e-08
0,5435,1.75663692745521e-08
0,5436,1.7566628895520622e-08
0,5437,1.7566632339122905e-08
0,5438,1.7566385618672845e-08
0,5439,1.7565636250650512e-08
0,5440,277.94124280533424
0,5441,171.513285451044
0,5442,136.92165186572845
0,5443,121.07572539116772
0,5444,112.19936493828885
0,5445,107.11953942181114
0,5446,104.41640441891309
0,5447,102.82108353650958
0,5448,104.75768931091912
0,5449,108.91708763812525
0,5450,116.7547753051035
0,5451,132.13654798920345
0,5452,164.80789205421772
0,5453,286.6177099592742
0,5454,3.6452131408536365e-08
0,5455,7.273394091026654e-08
0,5456,663.4460010264792
0,5457,777.9514725488011
0,5458,902.9416994561702
0,5459,944.1937627261201
0,5460,949.2342517453438
0,5461,924.8895618772614
0,5462,836.8796605117215
0,5463,592.6495848563293
0,5464,4.372983712319737e-08
0,5465,145.70967212654168
0,5466,76.93763875758366
0,5467,59.38814711001983
0,5468,50.36097335584774
0,5469,44.75869399184526
0,5470,40.90801492260038
0,5471,38.0745576954393
0,5472,35.906445971612165
0,5473,34.18131545733938
0,5474,32.80478013382678
0,5475,31.641491104355104
0,5476,30.670757922577003
0,5477,29.872047979994218
0,5478,29.166502838952177
0,5479,28.55681434485475
0,5480,28.02678709689558
0,5481,27.526102629267577
0,5482,27.08749287726821
0,5483,1.7190763125992672e-07
0,5484,8.663814229551521e-08
0,5485,5.8121159702108696e-08
0,5486,25.589484331392534
0,5487,25.517606639006058
0,5488,25.359256051010576
0,5489,25.223102679185995
0,5490,25.127858683376665
0,5491,25.016397778881455
0,5492,24.87416989584321
0,5493,24.784712055445286
0,5494,24.709313095636496
0,5495,24.664095400886552
0,5496,24.65067672677368
0,5497,24.70039066668434
0,5498,24.781309775298386
0,5499,24.897846775356847
0,5500,25.05831298545099
0,5501,25.259339265565355
0,5502,25.485335029862593
0,5503,25.655491153269093
0,5504,25.444430373441822
0,5505,8.662009179576742e-08
0,5506,5.8114764473923516e-08
0,5507,4.383625486770724e-08
0,5508,3.5259922335162885e-08
0,5509,2.953851985407514e-08
0,5510,2.545021832346881e-08
0,5511,27.646667436868768
0,5512,29.01749140017576
0,5513,29.66372281759881
0,5514,30.945558122044392
0,5515,31.862356438715143
0,5516,32.6415720341904
0,5517,33.31786977911993
0,5518,34.21340032458145
0,5519,35.604735949493204
0,5520,37.39225178990221
0,5521,39.64348553907302
0,5522,42.24841892209919
0,5523,46.14550048977574
0,5524,52.1645505283555
0,5525,62.30542423106747
0,5526,83.19147521308835
0,5527,131.61815372582575
0,5528,6.328085630539847e-08
0,5529,604.449633697035
0,5530,754.3727659375209
0,5531,851.9455503069961
0,5532,859.6014226110002
0,5533,784.7549982307776
0,5534,565.9683223829701
0,5535,4.566241163663458e-08
0,5536,252.60001536978976
0,5537,142.35001040106448
0,5538,114.81637635010514
0,5539,100.66609305222633
0,5540,91.84834090029162
0,5541,86.12582119243648
0,5542,81.6326830787734
0,5543,79.19498376724323
0,5544,78.02409036442532
0,5545,77.88659984881443
0,5546,78.74759647071336
0,5547,80.73615211729297
0,5548,83.60862544116972
0,5549,87.97202821564369
0,5550,96.1113001707407
0,5551,109.53335020181491
0,5552,129.66422146757841
0,5553,3.5324740853892925e-08
0,5554,1.7156306751043914e-08
0,5555,1.7149614397483757e-08
0,5556,1.714998164376299e-08
0,5557,1.7150052814852572e-08
0,5558,1.715000324598983e-08
0,5559,1.7149409602630264e-08
0,5560,220.08416761457465
0,5561,158.96268658510988
0,5562,137.53104653705506
0,5563,125.64299189448913
0,5564,118.6118927039316
0,5565,115.12432682400915
0,5566,114.59729024247576
0,5567,116.99439866022443
0,5568,122.38064101444226
0,5569,132.1736187626299
0,5570,150.7253303407313
0,5571,1.7305564299231594e-07
0,5572,8.702461408586278e-08
0,5573,5.832006589144562e-08
0,5574,4.396214072388983e-08
0,5575,3.534632123057264e-08
0,5576,2.960226823679724e-08
0,5577,2.5498921014637378e-08
0,5578,1.715031642232745e-08
0,5579,1.7150610197029823e-08
0,5580,1.715066639045254e-08
0,5581,1.7150490948743177e-08
0,5582,1.7150025215540983e-08
0,5583,1.7151977857876864e-08
0,5584,296.83579343558745
0,5585,260.8658321194995
0,5586,220.26890842913733
0,5587,207.98436415110862
0,5588,212.26222268014607
0,5589,238.0703542418265
0,5590,323.3436216247739
0,5591,187.71177949069792
0,5592,2.7333795439271732e-08
0,5593,2.8756839878170165e-08
0,5594,2.9868692709243406e-08
0,5595,3.073798847306084e-08
0,5596,3.140778174920105e-08
0,5597,3.190442654196665e-08
0,5598,3.224224555600441e-08
0,5599,3.24265366027728e-08
0,5600,3.24558501221242e-08
0,5601,3.2323967898913614e-08
0,5602,3.2021911720921006e-08
0,5603,3.1543504668581616e-08
0,5604,1.9597942772777105e-08
0,5605,1.959877264220427e-08
0,5606,1.9599097646089836e-08
0,5607,1.9599108703013984e-08
0,5608,1.9598753093300487e-08
0,5609,1.959795428730911e-08
0,5610,442.78783245156086
0,5611,268.35159487709683
0,5612,229.13610382180755
0,5613,220.03774025673246
0,5614,229.60093889964062
0,5615,266.76518450969013
0,5616,391.3206052698597
0,5617,2.6912580704918616e-08
0,5618,3.3641116278058524e-08
0,5619,3.9967761329221256e-08
0,5620,4.790241146176717e-08
0,5621,6.175147310047381e-08
0,5622,1.1351862338943627e-07
0,5623,738.1984341696655
0,5624,692.5257754830438
0,5625,873.4207332438748
0,5626,937.893293644897
0,5627,957.8408206926778
0,5628,961.3887749782959
0,5629,954.7212492692868
0,5630,927.6244301712841
0,5631,838.6258421720765
0,5632,590.8038193178627
0,5633,257.3514530642249
0,5634,474.4474407029748
0,5635,375.40230042448366
0,5636,380.2970028683189
0,5637,560.5018024569306
0,5638,1.1516842558162226e-07
0,5639,9.840226418113751e-08
0,5640,8.805780810455213e-08
0,5641,8.154583380228474e-08
0,5642,7.765740912100299e-08
0,5643,7.584764096008241e-08
0,5644,7.601951411325683e-08
0,5645,7.859627490833633e-08
0,5646,8.510705285077937e-08
0,5647,1.0119068877530797e-07
0,5648,1.7184568108785658e-07
0,5649,583.5909992293655
0,5650,791.3841815709029
0,5651,881.1893193911611
0,5652,899.7363971703965
0,5653,875.4694506272876
0,5654,788.3408567125987
0,5655,591.4138080566656
0,5656,6.329395941076407e-08
0,5657,353.4545910643383
0,5658,224.6374050300234
0,5659,185.19632073414667
0,5660,168.79710341655672
0,5661,163.42445493911026
0,5662,164.1552461378948
0,5663,166.93261231205378
0,5664,57.40631742557911
0,5665,2.2408695924820937e-08
0,5666,2.0017798003102043e-08
0,5667,1.8105245612896263e-08
0,5668,1.714898116647747e-08
0,5669,495.13346837850673
0,5670,639.3392934047426
0,5671,2.1960881309959676e-08
0,5672,2.445931145103047e-08
0,5673,1.8646532782262817e-08
0,5674,1.8647432060967976e-08
0,5675,1.8647862213250178e-08
0,5676,1.8647957624274636e-08
0,5677,1.864776814205566e-08
0,5678,1.864736759875203e-08
0,5679,1.8646564446600717e-08
0,5680,411.10061124636474
0,5681,273.5445908994789
0,5682,232.52870458101597
0,5683,222.03657394700375
0,5684,231.1754997843807
0,5685,269.31622283996114
0,5686,408.29779677951245
0,5687,2.5623258069242932e-08
0,5688,3.061663588891075e-08
0,5689,3.421650023321417e-08
0,5690,3.725538659225835e-08
0,5691,4.009156268127827e-08
0,5692,4.301487590207073e-08
0,5693,4.6382859649195555e-08
0,5694,5.0795541137517734e-08
0,5695,5.758919854226719e-08
0,5696,7.114823567889246e-08
0,5697,1.2554686295711574e-07
0,5698,688.4051137928612
0,5699,748.4440696632614
0,5700,877.690475868366
0,5701,928.8626434818608
0,5702,946.4732124650666
0,5703,952.377954742927
0,5704,956.4075818719451
0,5705,962.1007034246156
0,5706,962.9562776762269
0,5707,963.2067463032517
0,5708,964.3839665180784
0,5709,968.1006997072395
0,5710,959.1721485550547
0,5711,954.3930480175176
0,5712,957.6863632535841
0,5713,961.2216502978063
0,5714,964.2821980500798
0,5715,965.0215617102573
0,5716,966.2138018513413
0,5717,966.8815286770015
0,5718,967.4114934622306
0,5719,966.8157568153957
0,5720,966.4985154251353
0,5721,966.2360471618393
0,5722,966.4902723078548
0,5723,966.2109801938603
0,5724,963.3325124645153
0,5725,954.8835949415009
0,5726,927.69298941802
0,5727,839.0392513124103
0,5728,590.6345060835974
0,5729,476.69073213416755
0,5730,389.2941920513634
0,5731,348.1974989617823
0,5732,3.612045943107234e-07
0,5733,1.8164304916014839e-07
0,5734,1.2172733281636493e-07
0,5735,9.176025147457692e-08
0,5736,7.377545092027051e-08
0,5737,6.17864706358882e-08
0,5738,5.32237105786476e-08
0,5739,4.6803702657999973e-08
0,5740,4.180960739870855e-08
0,5741,3.781499560183486e-08
0,5742,5.6445520846798273e-08
0,5743,4.9250040680691486e-08
0,5744,4.3729680138881414e-08
0,5745,3.936141356443109e-08
0,5746,3.581865081259453e-08
0,5747,3.58176273859237e-08
0,5748,3.581625163987613e-08
0,5749,3.581315753872896e-08
0,5750,309.3857152007745
0,5751,178.4295723832444
0,5752,145.3114083180538
0,5753,131.36278689860683
0,5754,123.48384710540164
0,5755,119.39898963316436
0,5756,118.10272658230161
0,5757,119.6151478286061
0,5758,124.9209773902871
0,5759,135.61950944889813
0,5760,152.02839677221417
0,5761,1.7297396640838982e-07
0,5762,8.699810774700448e-08
0,5763,5.830591399922242e-08
0,5764,4.395372421531766e-08
0,5765,3.5340729530455384e-08
0,5766,2.9598245621700994e-08
0,5767,2.5496354933070444e-08
0,5768,2.2419997921919554e-08
0,5769,2.0027276504724136e-08
0,5770,1.7150342791374506e-08
0,5771,1.7150597905287492e-08
0,5772,1.715064011762843e-08
0,5773,1.7150428364304406e-08
0,5774,1.7149810417492657e-08
0,5775,93.83264920747908
0,5776,59.487965319433805
0,5777,47.12578178626885
0,5778,40.628474872121345
0,5779,36.348427836040536
0,5780,33.25599038754502
0,5781,30.961571378863734
0,5782,29.096830361702796
0,5783,27.633051482588776
0,5784,26.422796402427775
0,5785,25.413993357534824
0,5786,24.55168359936207
0,5787,23.82557256166238
0,5788,23.203046121695554
0,5789,22.64955340775761
0,5790,17.805436106702313
0,5791,1.7148943801941906e-07
0,5792,8.643994599438797e-08
0,5793,5.801402260949479e-08
0,5794,4.377088404237722e-08
0,5795,3.5213515980905765e-08
0,5796,2.95034746240854e-08
0,5797,2.5422416357864433e-08
0,5798,17.589373282781644
0,5799,18.664569173434046
0,5800,18.415318471063646
0,5801,18.16648388558678
0,5802,17.944222827280477
0,5803,17.741307843964673
0,5804,17.516847635923053
0,5805,17.31755211097174
0,5806,17.120606466624697
0,5807,16.946513667047665
0,5808,16.799911524684234
0,5809,16.663308362546037
0,5810,16.54569735787463
0,5811,16.44253544555188
0,5812,16.3528495322776
0,5813,16.277177112383917
0,5814,16.217919553361938
0,5815,16.168745196316205
0,5816,16.107293300448653
0,5817,16.039879173295017
0,5818,15.988921798674562
0,5819,15.933983622774726
0,5820,15.86082038216505
0,5821,15.836381205120068
0,5822,15.886643057749001
0,5823,15.908022199071452
0,5824,15.929843124206654
0,5825,15.968864895121419
0,5826,16.02642607426843
0,5827,16.031532993112403
0,5828,16.049769850371128
0,5829,16.08726915785978
0,5830,16.129940834514812
0,5831,16.18274686426288
0,5832,16.22977761453826
0,5833,16.317074288991947
0,5834,16.415392091959582
0,5835,16.528898067319954
0,5836,16.65290924232104
0,5837,16.79459144302865
0,5838,16.95031259795045
0,5839,17.110720660985532
0,5840,17.268074508355546
0,5841,17.426727461078336
0,5842,17.59385414865115
0,5843,17.75214485140248
0,5844,16.967404424682446
0,5845,1.7055859476703327e-07
0,5846,18.524050361129206
0,5847,18.91233493588613
0,5848,19.271285562990705
0,5849,19.805958484950455
0,5850,21.55122508234981
0,5851,22.086777667324057
0,5852,22.632627279374343
0,5853,21.896967810922927
0,5854,22.3045015966581
0,5855,23.030633414262265
0,5856,23.88945741652655
0,5857,24.921055289965153
0,5858,26.152943792517636
0,5859,27.659230368244394
0,5860,29.556416232483002
0,5861,31.933622681228766
0,5862,35.30476508392139
0,5863,40.23558317678875
0,5864,48.271645418223464
0,5865,4.390159544227876e-08
0,5866,3.531350041321291e-08
0,5867,1.714887358293565e-08
0,5868,1.714889225148421e-08
0,5869,1.7148705685223587e-08
0,5870,2.0014346119659465e-08
0,5871,80.45588302501123
0,5872,68.80141453003095
0,5873,60.25864593325491
0,5874,62.665734063567825
0,5875,57.85179014618906
0,5876,49.94043731478939
0,5877,45.38921237192017
0,5878,43.50128649258001
0,5879,42.040618999226474
0,5880,40.86527202795304
0,5881,39.949571859276574
0,5882,39.215972284111466
0,5883,38.6531736462922
0,5884,38.24400943095199
0,5885,37.99712751840172
0,5886,37.8257479393448
0,5887,37.4154751352471
0,5888,8.67404788768765e-08
0,5889,5.8171503905551274e-08
0,5890,4.3868725575063865e-08
0,5891,3.5280798436906706e-08
0,5892,2.9552921088447503e-08
0,5893,2.5460601802393173e-08
0,5894,37.33528055852021
0,5895,37.76679359092852
0,5896,38.132176909067326
0,5897,39.05714254407523
0,5898,41.50832328364467
0,5899,41.08349113176932
0,5900,40.67761054725458
0,5901,41.300796555410976
0,5902,42.37652347126374
0,5903,43.769729233704325
0,5904,45.48910810519955
0,5905,47.739563556808356
0,5906,50.62477076659998
0,5907,54.311037994705295
0,5908,1.7248524455127094e-07
0,5909,51.83249078896366
0,5910,78.3164901304861
0,5911,101.83688806253853
0,5912,188.03215485465861
0,5913,4.538995899526098e-08
0,5914,8.243665311507718e-08
0,5915,3.759062267735228e-08
0,5916,3.7592679198890627e-08
0,5917,3.759318919103815e-08
0,5918,3.759263884011528e-08
0,5919,3.759074693791912e-08
0,5920,4.5427565195519303e-08
0,5921,312.11764151878714
0,5922,177.0728296197277
0,5923,142.50145829516012
0,5924,126.56900083080122
0,5925,117.9546126185345
0,5926,113.35279639959636
0,5927,110.67000361341671
0,5928,111.72643748387155
0,5929,116.47099155783157
0,5930,124.82118784475584
0,5931,2.9267933713763997e-07
0,5932,1.0922258413453628e-07
0,5933,6.7399063475161e-08
0,5934,4.887126598907351e-08
0,5935,3.841522416854736e-08
0,5936,3.1700247972617224e-08
0,5937,2.702330446387649e-08
0,5938,2.357899645425923e-08
0,5939,2.0936680583211143e-08
0,5940,1.7149893047457403e-08
0,5941,1.714998326331709e-08
0,5942,1.714984428737899e-08
0,5943,1.7149401516376023e-08
0,5944,254.9571156945803
0,5945,190.09270194772813
0,5946,164.82197871806517
0,5947,153.80357404217318
0,5948,150.32461366793444
0,5949,151.9681347722879
0,5950,159.4253286254277
0,5951,177.74181364947816
0,5952,209.5143800365643
0,5953,250.3589306884377
0,5954,4.3224497088060186e-08
0,5955,4.355661735789721e-08
0,5956,4.522938216281082e-08
0,5957,4.9149461001028977e-08
0,5958,5.861210121859328e-08
0,5959,9.983547893308009e-08
0,5960,593.8639109127669
0,5961,835.2720960835597
0,5962,923.2862327983798
0,5963,947.8014061728037
0,5964,942.0546727650423
0,5965,901.0663582533203
0,5966,776.132381284998
0,5967,666.5063217775372
0,5968,4.35382776518481e-08
0,5969,281.636197059654
0,5970,157.54471566107537
0,5971,125.80054783885154
0,5972,110.6605630349905
0,5973,101.70481098453973
0,5974,96.28168720920324
0,5975,93.14727200531838
0,5976,91.79255277370967
0,5977,91.83980707556898
0,5978,93.87549633062157
0,5979,98.12152786049026
0,5980,17.861493830256585
0,5981,109.14936993199424
0,5982,127.3031634471162
0,5983,156.1011913543846
0,5984,3.841340566194582e-08
0,5985,3.1701499503526025e-08
0,5986,1.7149806121497402e-08
0,5987,1.715025175587492e-08
0,5988,1.715041512209624e-08
0,5989,1.7150365728471064e-08
0,5990,1.7150073753500252e-08
0,5991,1.7149712186322822e-08
0,5992,204.761678011448
0,5993,144.28048699787934
0,5994,123.67180446012584
0,5995,111.57787208650511
0,5996,104.25324079259866
0,5997,98.81032989202
0,5998,96.07986752178
0,5999,95.65644568756426
0,6000,96.88205575558531
0,6001,100.10292554684044
0,6002,104.57973268919163
0,6003,1.728061916479967e-07
0,6004,8.694032577430291e-08
0,6005,128.9845276417552
0,6006,179.24288033613053
0,6007,312.8156485331466
0,6008,4.5494358556102434e-08
0,6009,8.354933765787425e-08
0,6010,594.3894078982024
0,6011,807.359074547773
0,6012,871.21905260716
0,6013,812.9804031115007
0,6014,581.2256064005309
0,6015,4.6600334773604774e-08
0,6016,429.42334818188607
0,6017,273.18246197665263
0,6018,232.83291283528663
0,6019,222.85479462777457
0,6020,233.8346845008944
0,6021,276.7836706860805
0,6022,379.08812705185267
0,6023,4.1830592659641494e-08
0,6024,4.05132465273363e-08
0,6025,3.984417987660063e-08
0,6026,3.9763277864487447e-08
0,6027,4.029643427956136e-08
0,6028,4.158899839557694e-08
0,6029,4.401875805329911e-08
0,6030,4.858014186958574e-08
0,6031,5.8690496710433007e-08
0,6032,1.0128007506877317e-07
0,6033,610.29182156537
0,6034,817.8507239937079
0,6035,905.1288942373053
0,6036,907.6270422093102
0,6037,828.4131067490308
0,6038,595.6627397530731
0,6039,4.3368443285808677e-08
0,6040,313.16475554665
0,6041,186.6183368628117
0,6042,150.8120938080751
0,6043,134.60227944182114
0,6044,126.2170479741398
0,6045,122.11894096948599
0,6046,121.45420835837369
0,6047,123.72435564169649
0,6048,104.12968981597024
0,6049,1.7277717781634915e-07
0,6050,8.692984113579558e-08
0,6051,5.826784405541858e-08
0,6052,4.392800652380503e-08
0,6053,3.5322061691974024e-08
0,6054,257.6495841172818
0,6055,407.50870722886486
0,6056,2.8179094553820396e-08
0,6057,3.063226169605038e-08
0,6058,1.7919744084722686e-08
0,6059,1.7919133897708516e-08
0,6060,1.7919547470333826e-08
0,6061,1.7919626272261917e-08
0,6062,1.791941737716926e-08
0,6063,1.79188054059615e-08
0,6064,241.23197799982498
0,6065,146.25977142682876
0,6066,114.70775745656293
0,6067,99.5906169885117
0,6068,90.76918515316278
0,6069,84.82363253240311
0,6070,81.07051649614945
0,6071,78.68172220954474
0,6072,77.18391217227946
0,6073,76.9478452279119
0,6074,77.74898348714554
0,6075,79.615812705834
0,6076,81.91514764950979
0,6077,85.21324632811537
0,6078,94.6443965567737
0,6079,106.79041078075188
0,6080,125.77939638927481
0,6081,3.532286032437447e-08
0,6082,2.958552697871175e-08
0,6083,1.7149201815538017e-08
0,6084,1.7149453303014965e-08
0,6085,1.714935057337851e-08
0,6086,1.7149659526555542e-08
0,6087,153.29490312883578
0,6088,131.2672139281294
0,6089,116.28355486952908
0,6090,106.34672590891105
0,6091,99.15583511227666
0,6092,94.5498955852817
0,6093,90.2560404138831
0,6094,87.20350505233954
0,6095,87.25345895042689
0,6096,88.51208671145847
0,6097,90.82137554452375
0,6098,95.32515965012098
0,6099,102.2605360960823
0,6100,117.15260607360766
0,6101,151.92547403673382
0,6102,247.57667304268915
0,6103,4.0165318586544724e-08
0,6104,7.721208961009496e-08
0,6105,604.0227497500613
0,6106,827.878924502022
0,6107,918.136253248514
0,6108,938.8291479125862
0,6109,918.3725481754072
0,6110,829.3404907341346
0,6111,601.1900383838254
0,6112,4.441386945976881e-08
0,6113,385.63487196501114
0,6114,225.2441176370351
0,6115,187.09461454498492
0,6116,172.17027471388974
0,6117,166.58289957403832
0,6118,170.96382679100202
0,6119,185.0644937969136
0,6120,216.67458904233374
0,6121,288.72098515442804
0,6122,49.84932680187561
0,6123,3.261332752549508e-08
0,6124,3.626325707762717e-08
0,6125,4.1595966755920716e-08
0,6126,5.187284822589697e-08
0,6127,9.238147356109853e-08
0,6128,599.5583484934953
0,6129,832.725693624775
0,6130,923.4840357423684
0,6131,951.4955274481792
0,6132,953.4278350227468
0,6133,931.0927154369728
0,6134,849.5564623956625
0,6135,613.2676067014122
0,6136,617.8918418335403
0,6137,356.1547492688804
0,6138,209.3015541588379
0,6139,171.57484408938691
0,6140,155.7707221877086
0,6141,149.20198850842598
0,6142,148.96414772149154
0,6143,154.78857728301577
0,6144,158.23327205204737
0,6145,12.990519402323654
0,6146,8.698456256977692e-08
0,6147,5.829396959261768e-08
0,6148,4.394408196487285e-08
0,6149,3.533414517718742e-08
0,6150,531.0196252826402
0,6151,4.017061286606553e-08
0,6152,7.721842096171632e-08
0,6153,599.3609914776624
0,6154,828.0290839551169
0,6155,911.9323242349388
0,6156,914.3548101767675
0,6157,834.3280609796996
0,6158,588.7060449081387
0,6159,4.4949091419152216e-08
0,6160,262.072351714962
0,6161,147.72094608590172
0,6162,118.47101919555611
0,6163,103.53812808665248
0,6164,94.35166596792524
0,6165,88.24294571790571
0,6166,84.75167030040313
0,6167,82.7775572673131
0,6168,81.9447184390273
0,6169,82.3234452584287
0,6170,83.98977769645623
0,6171,86.93141070082392
0,6172,87.99672348450211
0,6173,98.27691950929167
0,6174,112.29814270304685
0,6175,136.09773832520537
0,6176,3.841421054397897e-08
0,6177,3.1701878028181086e-08
0,6178,1.714958059218538e-08
0,6179,1.714991329323552e-08
0,6180,1.714998907056481e-08
0,6181,1.7149813045412376e-08
0,6182,1.714929751926318e-08
0,6183,92.44156980789082
0,6184,83.91749338166669
0,6185,71.30676669909398
0,6186,63.1866811751194
0,6187,56.939463092240544
0,6188,52.0866065106417
0,6189,47.10753181737223
0,6190,44.67651401926717
0,6191,42.86520335163029
0,6192,41.4173909118488
0,6193,40.288079566587676
0,6194,39.39822743496125
0,6195,38.68925491579572
0,6196,38.14537046096159
0,6197,37.77017968474559
0,6198,37.53085326830316
0,6199,37.261820035575354
0,6200,36.88297319778256
0,6201,1.7211894967427257e-07
0,6202,8.671812494340713e-08
0,6203,5.816204719051783e-08
0,6204,4.3863234586967524e-08
0,6205,3.527736669386457e-08
0,6206,35.874546330091455
0,6207,36.87429080413128
0,6208,37.209303099840476
0,6209,38.98071589524782
0,6210,39.62738023132524
0,6211,40.04209657853154
0,6212,39.99297593358218
0,6213,39.986568243471226
0,6214,40.88788132210103
0,6215,42.069448807933185
0,6216,43.548677120388625
0,6217,45.46249175226663
0,6218,47.90719488105029
0,6219,51.18814078221743
0,6220,55.41294620454412
0,6221,61.54695734192401
0,6222,73.01179385714133
0,6223,95.35672394409877
0,6224,168.3333277021804
0,6225,3.634038974188297e-08
0,6226,3.1045246708710154e-08
0,6227,1.7219490650261047e-08
0,6228,1.7219994230894322e-08
0,6229,1.7220130134732012e-08
0,6230,1.7219989602963796e-08
0,6231,1.7219406928179452e-08
0,6232,385.7215154960254
0,6233,247.58031824514953
0,6234,206.1395931608452
0,6235,191.88955572815053
0,6236,191.58011446650647
0,6237,199.69077389679478
0,6238,94.43537736250256
0,6239,8.699575037259054e-08
0,6240,5.830007063390715e-08
0,6241,4.394774527173367e-08
0,6242,3.5335147006368016e-08
0,6243,2.9593132468832493e-08
0,6244,2.5491741257695812e-08
0,6245,2.2415892549051454e-08
0,6246,530.9627512506366
0,6247,3.2003657831476234e-08
0,6248,6.745068430934155e-08
0,6249,666.6213720112637
0,6250,769.7286759276731
0,6251,888.9886629336858
0,6252,903.6271388437411
0,6253,828.5907498464019
0,6254,591.0357754804137
0,6255,4.373084180109884e-08
0,6256,442.7713016572212
0,6257,275.18006194597655
0,6258,236.0234168205013
0,6259,227.57911349393126
0,6260,239.09418148661047
0,6261,278.4176507952289
0,6262,348.93427353544206
0,6263,6.959079070109847e-08
0,6264,5.969125134247592e-08
0,6265,5.3662669211131445e-08
0,6266,4.9995990934894414e-08
0,6267,4.801782027744316e-08
0,6268,4.7497859257219274e-08
0,6269,4.8596544916990254e-08
0,6270,5.217789627957463e-08
0,6271,6.159751734932461e-08
0,6272,1.038625554888894e-07
0,6273,602.183728195298
0,6274,829.830863114757
0,6275,917.5311845329743
0,6276,937.2513639311157
0,6277,912.4576196195119
0,6278,813.6146638615635
0,6279,620.458988810352
0,6280,446.60152025520944
0,6281,321.9097698403805
0,6282,278.96844068712494
0,6283,274.53212192115467
0,6284,310.9110685223915
0,6285,415.0770785809931
0,6286,5.200794333483827e-08
0,6287,4.7951709025783956e-08
0,6288,4.5397593307104156e-08
0,6289,4.39696596306178e-08
0,6290,4.3515690553457725e-08
0,6291,4.407261418665144e-08
0,6292,4.5949028420123504e-08
0,6293,5.009434474711734e-08
0,6294,5.990233753986614e-08
0,6295,1.0231303923008319e-07
0,6296,607.8151968598004
0,6297,827.4599950198644
0,6298,919.264853752063
0,6299,948.5326429160677
0,6300,949.5294242154523
0,6301,923.0533516514889
0,6302,832.0250943185456
0,6303,599.1082253611306
0,6304,210.5584843583647
0,6305,166.49522012515573
0,6306,125.13533245996945
0,6307,106.97969929330232
0,6308,96.96044890803196
0,6309,90.80812357325593
0,6310,86.82567931133919
0,6311,84.46938347503942
0,6312,83.48885200602008
0,6313,83.94096303379166
0,6314,85.6578912558428
0,6315,88.69903439955341
0,6316,88.13726328655474
0,6317,100.5672386927544
0,6318,115.1680207385769
0,6319,140.5781542110704
0,6320,3.8419721312639215e-08
0,6321,3.170460683526007e-08
0,6322,1.7149556222068317e-08
0,6323,1.7149910606352144e-08
0,6324,1.7149982005415564e-08
0,6325,1.7149802908559132e-08
0,6326,1.7149452336912902e-08
0,6327,153.69573896879433
0,6328,118.67991559909535
0,6329,104.54870149162501
0,6330,94.43825282613764
0,6331,83.554253770782
0,6332,77.01869528094532
0,6333,73.55544166316136
0,6334,71.49048165927077
0,6335,70.30130261904718
0,6336,69.84235650865352
0,6337,70.15188480491342
0,6338,71.21519981189262
0,6339,73.09040254903847
0,6340,75.96012885600405
0,6341,79.78666924484057
0,6342,86.50875988608678
0,6343,96.33577051377218
0,6344,108.72222136317217
0,6345,3.5322280673809455e-08
0,6346,2.9584462073742123e-08
0,6347,1.7148913782143545e-08
0,6348,1.7149045392171326e-08
0,6349,1.7148748186551836e-08
0,6350,1.7601006304690558e-08
0,6351,9.083774157715263e-08
0,6352,6.019109025593306e-08
0,6353,454.0562455951889
0,6354,276.22799325662385
0,6355,235.7944555539947
0,6356,1.6693891077070337e-07
0,6357,8.39287859194499e-08
0,6358,5.62404065026893e-08
0,6359,4.7149394455703905e-08
0,6360,4.714874405677296e-08
0,6361,4.714820642541859e-08
0,6362,4.7147693877427075e-08
0,6363,4.714723278623987e-08
0,6364,4.7146846462644144e-08
0,6365,4.714656262075833e-08
0,6366,4.7146477154896783e-08
0,6367,4.714730007567561e-08
0,6368,4.714601690230608e-08
0,6369,4.714488936386125e-08
0,6370,4.7144213833123945e-08
0,6371,4.714336290121627e-08
0,6372,4.7141168838291765e-08
0,6373,4.714107359258781e-08
0,6374,4.714234241236741e-08
0,6375,4.714247789585653e-08
0,6376,4.7143014411146734e-08
0,6377,149.23846420518308
0,6378,153.63249781907842
0,6379,135.59324830108773
0,6380,1.6681758653814193e-07
0,6381,8.390765691332596e-08
0,6382,5.623287765984473e-08
0,6383,4.715686707437169e-08
0,6384,4.715993903463327e-08
0,6385,4.716300785736284e-08
0,6386,4.7166019973174606e-08
0,6387,4.716888307124568e-08
0,6388,4.7172125350236e-08
0,6389,4.717619960210395e-08
0,6390,4.7179546173584444e-08
0,6391,4.718292011065303e-08
0,6392,4.7184681894053403e-08
0,6393,2.6081997283850346e-08
0,6394,2.2756728199776707e-08
0,6395,1.6550608779075025e-08
0,6396,1.6550559317043468e-08
0,6397,1.6550677482198592e-08
0,6398,1.6550718198110137e-08
0,6399,4.720032328002629e-08
0,6400,4.72007816701474e-08
0,6401,1.0562890993466871e-07
0,6402,6.512487371323767e-08
0,6403,4.720102153694895e-08
0,6404,4.719869313716044e-08
0,6405,4.719762157302446e-08
0,6406,4.719519712288457e-08
0,6407,2.608433383641568e-08
0,6408,2.2757589836730713e-08
0,6409,2.020600355378093e-08
0,6410,1.6551392246465246e-08
0,6411,1.6549902882403072e-08
0,6412,1.6549538267753564e-08
0,6413,1.6549111077677716e-08
0,6414,4.693562525043152e-08
0,6415,4.669976218928698e-08
0,6416,4.6460740651251226e-08
0,6417,4.6224337647185856e-08
0,6418,4.599045731505186e-08
0,6419,4.5760064496587916e-08
0,6420,4.55324785540037e-08
0,6421,4.530874697192158e-08
0,6422,4.508734104055205e-08
0,6423,4.486843780792792e-08
0,6424,4.465228776580842e-08
0,6425,4.444426870952987e-08
0,6426,4.423808314017941e-08
0,6427,4.401846670363174e-08
0,6428,4.381142117601105e-08
0,6429,4.36069395007597e-08
0,6430,4.340485551627824e-08
0,6431,4.320504707180982e-08
0,6432,4.3007407999614633e-08
0,6433,4.2811635783772926e-08
0,6434,4.261558884196306e-08
0,6435,4.241010160014393e-08
0,6436,4.2237048792206965e-08
0,6437,4.205241622952323e-08
0,6438,4.1868043270653905e-08
0,6439,4.168544921653297e-08
0,6440,4.150463692429064e-08
0,6441,4.132563265680687e-08
0,6442,4.1148420528358196e-08
0,6443,4.097304351963931e-08
0,6444,4.079937964970653e-08
0,6445,4.062729715697416e-08
0,6446,4.045730996780027e-08
0,6447,4.0289131519839283e-08
0,6448,4.0122583817675756e-08
0,6449,3.9957683016267646e-08
0,6450,3.9794236554031414e-08
0,6451,3.963235364505069e-08
0,6452,3.947196914463137e-08
0,6453,3.931308449333932e-08
0,6454,3.915571725531073e-08
0,6455,3.89998569886419e-08
0,6456,3.884541024500569e-08
0,6457,3.869241002193936e-08
0,6458,3.854082812486029e-08
0,6459,3.839068318997732e-08
0,6460,3.824189442342546e-08
0,6461,3.809446352347868e-08
0,6462,3.794832220289641e-08
0,6463,3.780341491236352e-08
0,6464,3.7659657846670583e-08
0,6465,3.751700931735639e-08
0,6466,3.737517899674286e-08
0,6467,3.72354710452365e-08
0,6468,3.709648982414644e-08
0,6469,3.6948450132726475e-08
0,6470,3.682238441188258e-08
0,6471,3.668856413367326e-08
0,6472,3.655484788546876e-08
0,6473,3.6422102123623724e-08
0,6474,3.6290284921321853e-08
0,6475,3.61594406393049e-08
0,6476,3.602960104784748e-08
0,6477,3.59006943742159e-08
0,6478,2.9652805277762976e-08
0,6479,2.529129553497571e-08
0,6480,2.207580357271261e-08
0,6481,1.960728369449337e-08
0,6482,3.5266488355615655e-08
0,6483,3.514411606425193e-08
0,6484,3.5020829335159656e-08
0,6485,3.4898381814686696e-08
0,6486,3.477690198291824e-08
0,6487,3.465631877526724e-08
0,6488,3.4536317727214814e-08
0,6489,3.441714976160575e-08
0,6490,3.429896872532564e-08
0,6491,3.4181656916227893e-08
0,6492,3.406516123022563e-08
0,6493,3.394993773294438e-08
0,6494,3.3835549257439244e-08
0,6495,3.372200554362689e-08
0,6496,297.28853689586686
0,6497,329.82330730494533
0,6498,266.5462947508496
0,6499,1.6454293596773035e-07
0,6500,8.274009740392475e-08
0,6501,5.544760833398873e-08
0,6502,4.179694559279897e-08
0,6503,3.360582056839164e-08
0,6504,3.3605067314066946e-08
0,6505,3.360466173157119e-08
0,6506,3.3604275796079183e-08
0,6507,3.360391717711512e-08
0,6508,3.360357298503306e-08
0,6509,3.3603302690083986e-08
0,6510,3.360326222750983e-08
0,6511,3.3603286574482565e-08
0,6512,3.3602442192606134e-08
0,6513,3.360184347414363e-08
0,6514,3.360139700332108e-08
0,6515,3.360101091946956e-08
0,6516,3.360058633422331e-08
0,6517,3.360023630926231e-08
0,6518,3.360001231780975e-08
0,6519,3.36000463264062e-08
0,6520,111.23795961644555
0,6521,112.02129321744061
0,6522,113.8666785912051
0,6523,1.6442170877177835e-07
0,6524,8.271449989875727e-08
0,6525,5.543897953786547e-08
0,6526,4.1793888682767875e-08
0,6527,3.3604785810195355e-08
0,6528,3.360457074375278e-08
0,6529,3.360537534489625e-08
0,6530,3.360620394242213e-08
0,6531,3.360704925370377e-08
0,6532,3.3607909592251134e-08
0,6533,3.36088606293721e-08
0,6534,3.36103507468633e-08
0,6535,5.544486183707049e-08
0,6536,4.1798700947890126e-08
0,6537,3.3612354725091236e-08
0,6538,3.361304970482987e-08
0,6539,3.3613838060653906e-08
0,6540,3.3614542264601664e-08
0,6541,3.361534348931595e-08
0,6542,3.361641332630432e-08
0,6543,3.3617485528608475e-08
0,6544,3.3619464405889156e-08
0,6545,817.2159178403732
0,6546,1.9137375412300005e-07
0,6547,9.76044802143873e-08
0,6548,6.613285712248876e-08
0,6549,5.0297929352379866e-08
0,6550,4.074043032015114e-08
0,6551,4.281379591351402e-08
0,6552,4.5164785517578273e-08
0,6553,4.786453641426782e-08
0,6554,5.1012602279195394e-08
0,6555,5.4753496378752225e-08
0,6556,5.9306204146884474e-08
0,6557,6.502149715141028e-08
0,6558,7.25058534428014e-08
0,6559,8.29255550012834e-08
0,6560,9.89133715068979e-08
0,6561,5.1850749413913074e-08
0,6562,4.4512208179321516e-08
0,6563,3.927620609858539e-08
0,6564,1.7148155351593737e-08
0,6565,1.714838482669016e-08
0,6566,2.547845774042803e-08
0,6567,93.0130859700084
0,6568,83.28296325087106
0,6569,77.35602765034042
0,6570,72.96045490653856
0,6571,69.90096617982142
0,6572,67.69849568895724
0,6573,66.34958516284426
0,6574,65.54551286332462
0,6575,64.9728151385991
0,6576,64.55735000646982
0,6577,65.85505848789717
0,6578,67.5145157926422
0,6579,70.36514265552532
0,6580,74.30628390573332
0,6581,80.02592578159448
0,6582,88.93864138525335
0,6583,103.45229044088357
0,6584,133.35130242597353
0,6585,220.45830366639427
0,6586,2.746144945891014e-08
0,6587,5.1588548053205555e-08
0,6588,2.1774596246643406e-08
0,6589,2.1775209997474163e-08
0,6590,2.1775091105886643e-08
0,6591,717.7669434695905
0,6592,883.7992973097133
0,6593,3.041170019616292e-07
0,6594,1.7143325457813757e-07
0,6595,1.3283685293996356e-07
0,6596,1.252048511681496e-07
0,6597,1.730892105865768e-07
0,6598,689.5513053555155
0,6599,753.9838152284001
0,6600,887.243519494556
0,6601,934.1659880732299
0,6602,950.6867033770781
0,6603,957.9516953939195
0,6604,960.7084678581388
0,6605,961.9683780174313
0,6606,964.0870256384624
0,6607,964.3393704205052
0,6608,963.8455279935611
0,6609,960.8329822584681
0,6610,954.7571964137377
0,6611,941.2102057989235
0,6612,897.726753637422
0,6613,776.2893860416123
0,6614,664.6409553837113
0,6615,9.543889230078989e-08
0,6616,3.3894179122751975e-08
0,6617,486.19358622453086
0,6618,300.47971014331324
0,6619,263.39264782331566
0,6620,263.6799365739247
0,6621,300.7900585463181
0,6622,433.46406077135305
0,6623,3.2867407013921165e-08
0,6624,4.00829141313709e-08
0,6625,4.5816778457691005e-08
0,6626,5.143378833916915e-08
0,6627,5.7938683697397525e-08
0,6628,6.709400235460421e-08
0,6629,8.430123704982536e-08
0,6630,1.512322689148414e-07
0,6631,623.1388041590992
0,6632,818.2144828341189
0,6633,913.1832785886398
0,6634,947.9332775188017
0,6635,958.2253590397652
0,6636,953.5805316622158
0,6637,926.0495612721269
0,6638,837.3310853649996
0,6639,592.7009735254284
0,6640,138.3851363663953
0,6641,200.6289591955673
0,6642,136.9564506647846
0,6643,113.74137371943434
0,6644,101.33280927535714
0,6645,1.7279744703751934e-07
0,6646,8.689748802930073e-08
0,6647,5.824396110059389e-08
0,6648,4.390918068215583e-08
0,6649,3.530594683921534e-08
0,6650,2.956971321678732e-08
0,6651,2.5472167246958757e-08
0,6652,2.2399132333995907e-08
0,6653,55.55479804873305
0,6654,59.14801477912448
0,6655,58.07764838756451
0,6656,57.03757512473628
0,6657,56.20626611127343
0,6658,55.56426900177299
0,6659,54.91684196781848
0,6660,54.79752667778308
0,6661,55.117227963152374
0,6662,57.77741306219942
0,6663,60.10007273732982
0,6664,62.67247500247883
0,6665,66.1486161429097
0,6666,69.87137813436745
0,6667,76.03600700765658
0,6668,84.87288076490809
0,6669,74.69806848349317
0,6670,3.840635277897606e-08
0,6671,3.1696987045535884e-08
0,6672,2.7022915447471544e-08
0,6673,1.7149920242832533e-08
0,6674,1.7150256191061404e-08
0,6675,1.7150473077422027e-08
0,6676,1.7150375695429827e-08
0,6677,1.7150100195497173e-08
0,6678,1.7149659716653452e-08
0,6679,264.41276851548366
0,6680,1.7296183440625407e-07
0,6681,8.694982724005208e-08
0,6682,5.82638850850329e-08
0,6683,4.391868388700594e-08
0,6684,3.531245487202293e-08
0,6685,71.94147227964908
0,6686,70.23736501005685
0,6687,66.30679042914585
0,6688,63.34231999387024
0,6689,61.07676596854163
0,6690,59.354914435386256
0,6691,58.11871107376307
0,6692,57.1172411922302
0,6693,1.7245647790714775e-07
0,6694,8.682164701893545e-08
0,6695,5.821147213012272e-08
0,6696,4.389206109302329e-08
0,6697,3.52959235496304e-08
0,6698,2.9563521309005053e-08
0,6699,2.5468308027187884e-08
0,6700,2.2397170933400337e-08
0,6701,52.60424766024391
0,6702,53.84728470855566
0,6703,54.39563057737183
0,6704,55.0256194006538
0,6705,55.83875226309707
0,6706,57.06014760819147
0,6707,58.3641046967396
0,6708,1.7247629597788908e-07
0,6709,8.684339626479948e-08
0,6710,28.516286366022456
0,6711,70.24813788707777
0,6712,76.25483695531643
0,6713,84.089773505841
0,6714,97.72310321268785
0,6715,125.59254672479067
0,6716,214.45694279744592
0,6717,3.7583064266783026e-08
0,6718,3.292216060813753e-08
0,6719,2.9337614990169813e-08
0,6720,2.647688573496497e-08
0,6721,2.4124726872661224e-08
0,6722,2.2141697538533516e-08
0,6723,2.043242115258581e-08
0,6724,1.8927247609161734e-08
0,6725,1.756498567680726e-08
0,6726,1.7565351237772142e-08
0,6727,681.9228278576372
0,6728,752.7594756380516
0,6729,2.56786654679743e-08
0,6730,3.544828892712028e-08
0,6731,5.511599248561426e-08
0,6732,2.1011333244962582e-08
0,6733,2.1012336727873362e-08
0,6734,2.1012926051259867e-08
0,6735,8.265288617767411e-08
0,6736,5.99136058359768e-08
0,6737,4.708693089892956e-08
0,6738,3.885157273976876e-08
0,6739,3.311685370843611e-08
0,6740,2.8894003879186534e-08
0,6741,2.5654585865563835e-08
0,6742,2.309205127248447e-08
0,6743,2.101405723568009e-08
0,6744,2.1013913536981044e-08
0,6745,2.101353134685528e-08
0,6746,2.101279678004252e-08
0,6747,2.1011762151133958e-08
0,6748,203.52233001014415
0,6749,113.29315149872728
0,6750,88.59524566498713
0,6751,77.53433251849417
0,6752,70.38440114713185
0,6753,64.08075685538847
0,6754,60.18511268134167
0,6755,57.516517623090024
0,6756,55.540857044177436
0,6757,54.107238497820134
0,6758,53.21257623743016
0,6759,52.81653187295315
0,6760,53.742706039405306
0,6761,54.292101759759866
0,6762,54.46322456615836
0,6763,54.183261075759184
0,6764,53.73394033437536
0,6765,54.590538028324936
0,6766,56.01140669738052
0,6767,57.887821768620924
0,6768,60.37112647913455
0,6769,64.01525613785384
0,6770,68.78840936716466
0,6771,2.920667868454123e-07
0,6772,1.0912552387731171e-07
0,6773,6.736433317515846e-08
0,6774,4.8854769747763444e-08
0,6775,3.8406531418644764e-08
0,6776,3.1695188667039254e-08
0,6777,2.7020290502302005e-08
0,6778,2.3577222929450773e-08
0,6779,2.0935813653151638e-08
0,6780,1.7149643423554584e-08
0,6781,1.714969535741124e-08
0,6782,1.714959270932034e-08
0,6783,1.7149366687014813e-08
0,6784,231.8719481974874
0,6785,170.0753863878919
0,6786,146.93739607858896
0,6787,135.6509440208004
0,6788,129.52327394766152
0,6789,128.45938577114288
0,6790,131.6574599070072
0,6791,140.50787220503867
0,6792,2.929271011564141e-07
0,6793,1.0925493374903277e-07
0,6794,6.740992559812965e-08
0,6795,4.8876134779604575e-08
0,6796,3.841808444054383e-08
0,6797,3.170200632034354e-08
0,6798,2.7024528420254497e-08
0,6799,2.3579852822326104e-08
0,6800,2.093744707923578e-08
0,6801,1.715857618368513e-08
0,6802,1.715031571755877e-08
0,6803,1.7150381207178247e-08
0,6804,1.7150293253489455e-08
0,6805,1.7149956253062704e-08
0,6806,1.7149344072190574e-08
0,6807,2.081262724729961e-07
0,6808,1.368666965652376e-07
0,6809,1.0832060447723115e-07
0,6810,9.199164029287973e-08
0,6811,8.107725398788978e-08
0,6812,7.311220816430704e-08
0,6813,6.69814167842211e-08
0,6814,6.206650189831501e-08
0,6815,5.8009434734432026e-08
0,6816,5.458444220652058e-08
0,6817,5.1640937164314454e-08
0,6818,4.907420270779968e-08
0,6819,4.6808783405109084e-08
0,6820,4.478870452640692e-08
0,6821,4.297158158770236e-08
0,6822,4.13250725785644e-08
0,6823,6.961696859098627e-07
0,6824,1.2488928955271003e-07
0,6825,6.903211901538957e-08
0,6826,4.786450946596204e-08
0,6827,3.672175073719683e-08
0,6828,3.604999674687961e-08
0,6829,3.540535717702604e-08
0,6830,3.478599553740703e-08
0,6831,3.4190434013461315e-08
0,6832,424.9977297003609
0,6833,261.9042810790993
0,6834,221.79988433382692
0,6835,203.24824559532692
0,6836,1.6454189020085014e-07
0,6837,8.274332011244244e-08
0,6838,5.545096212854607e-08
0,6839,3.361405855752635e-08
0,6840,3.3612377634838794e-08
0,6841,3.361266857599234e-08
0,6842,3.361298694481811e-08
0,6843,3.361333201628978e-08
0,6844,3.361369651274092e-08
0,6845,3.361413503168593e-08
0,6846,3.361656829432272e-08
0,6847,1.647113005029887e-07
0,6848,8.278907675684686e-08
0,6849,5.547179258485666e-08
0,6850,4.181150334813655e-08
0,6851,3.361638450774301e-08
0,6852,3.361656035021077e-08
0,6853,3.361697999821039e-08
0,6854,3.361746923496073e-08
0,6855,3.361812677980721e-08
0,6856,328.58571019494946
0,6857,1.648024997650795e-07
0,6858,8.282139038716114e-08
0,6859,5.5490825505942736e-08
0,6860,4.1824182722553e-08
0,6861,3.3627937163269834e-08
0,6862,3.3628221382579976e-08
0,6863,2.5715355518406537e-08
0,6864,2.2437321906790438e-08
0,6865,1.9922865338162498e-08
0,6866,1.79330393800412e-08
0,6867,1.631961926273212e-08
0,6868,1.631987586532923e-08
0,6869,1.6320033606950237e-08
0,6870,3.3639859129390047e-08
0,6871,3.364187208616722e-08
0,6872,3.364213016038921e-08
0,6873,3.364208041571631e-08
0,6874,2.817107762608526e-08
0,6875,2.4263834979605268e-08
0,6876,2.1334151546702185e-08
0,6877,1.9056113765402577e-08
0,6878,3.363998692003107e-08
0,6879,3.364300567856659e-08
0,6880,3.364337814089504e-08
0,6881,3.364363882784097e-08
0,6882,3.364382159651069e-08
0,6883,3.3643933194727794e-08
0,6884,3.3643040503303e-08
0,6885,2.8171180631027752e-08
0,6886,2.4263794598834167e-08
0,6887,2.133404031113038e-08
0,6888,1.905589983419083e-08
0,6889,1.7233845108750005e-08
0,6890,1.6320795235310307e-08
0,6891,1.6320740525011787e-08
0,6892,1.632060330629436e-08
0,6893,3.363836933339867e-08
0,6894,3.3641308326997396e-08
0,6895,3.36403441054969e-08
0,6896,3.363929794744332e-08
0,6897,3.363801674040318e-08
0,6898,3.363677324606844e-08
0,6899,3.363558394284846e-08
0,6900,3.363436478754468e-08
0,6901,3.363318817550744e-08
0,6902,3.363212695484314e-08
0,6903,3.363114302298083e-08
0,6904,3.363091596617025e-08
0,6905,8.284886609941826e-08
0,6906,5.549767114592372e-08
0,6907,4.1825599393715705e-08
0,6908,3.362535785990823e-08
0,6909,3.362400970635871e-08
0,6910,3.3622787648964197e-08
0,6911,3.3621529349428666e-08
0,6912,3.3620250202230347e-08
0,6913,3.361898595811595e-08
0,6914,3.361786139361735e-08
0,6915,3.361686400918455e-08
0,6916,3.361593121135279e-08
0,6917,3.361499882454885e-08
0,6918,3.361413411228926e-08
0,6919,3.3639048725115435e-08
0,6920,1.6438091717142908e-07
0,6921,8.269529250407644e-08
0,6922,5.542623884752002e-08
0,6923,4.1784524060165115e-08
0,6924,3.3608100175972085e-08
0,6925,3.3607046812683563e-08
0,6926,3.360671853282015e-08
0,6927,113.48330814662874
0,6928,111.77099333299658
0,6929,111.31558912010946
0,6930,112.83282063289256
0,6931,1.6460685724932825e-07
0,6932,8.27375723588239e-08
0,6933,5.544935759631091e-08
0,6934,4.1799706345498555e-08
0,6935,3.3608426812517045e-08
0,6936,3.3608549387102076e-08
0,6937,3.360923452057059e-08
0,6938,3.360993226812829e-08
0,6939,3.361065247099021e-08
0,6940,3.3611397126432935e-08
0,6941,3.361216912266263e-08
0,6942,3.3612994045786686e-08
0,6943,3.361389930243026e-08
0,6944,3.361478376286321e-08
0,6945,3.3615425596021013e-08
0,6946,3.361595076233011e-08
0,6947,3.3616639605525103e-08
0,6948,3.361733820514374e-08
0,6949,3.361807165314117e-08
0,6950,3.361890336361478e-08
0,6951,3.3619992633585386e-08
0,6952,298.54471012206477
0,6953,543.1871293624366
0,6954,2.0912109432132185e-07
0,6955,1.1007133722539008e-07
0,6956,7.687439415807597e-08
0,6957,6.023262247610095e-08
0,6958,5.023389910962915e-08
0,6959,5.81767515621696e-08
0,6960,3.898087242923398e-08
0,6961,3.549936685631934e-08
0,6962,3.272074794058742e-08
0,6963,3.040804907198047e-08
0,6964,2.840895447449906e-08
0,6965,2.6623593987512746e-08
0,6966,2.4986742004374238e-08
0,6967,2.3456884018729327e-08
0,6968,2.2008788667833036e-08
0,6969,2.0627406716579663e-08
0,6970,1.7565576274805556e-08
0,6971,1.756600606688869e-08
0,6972,1.7566171041127524e-08
0,6973,1.756602668740096e-08
0,6974,1.7565477314845186e-08
0,6975,130.94773071621736
0,6976,68.74681194820486
0,6977,52.91905400895793
0,6978,45.45348694107465
0,6979,41.167734926458344
0,6980,36.51425671707594
0,6981,33.83943061603381
0,6982,31.833342651914318
0,6983,30.217046548457517
0,6984,28.903104359773103
0,6985,27.79663604050217
0,6986,26.881975500568768
0,6987,26.107648201843805
0,6988,25.44421837884166
0,6989,24.881166551978772
0,6990,24.456571690734638
0,6991,44.97357490150961
0,6992,43.860303305334526
0,6993,24.1813129617696
0,6994,22.986991260515854
0,6995,22.694431386578124
0,6996,22.46836832806256
0,6997,22.300188440050018
0,6998,22.18478529792173
0,6999,22.629818373250874
0,7000,39.081595298979664
0,7001,38.90512178442867
0,7002,38.74150824294143
0,7003,38.55802009107621
0,7004,21.970112759875988
0,7005,21.90805822063974
0,7006,21.444942198313086
0,7007,8.656244685967458e-08
0,7008,5.80830495177753e-08
0,7009,4.38159983564426e-08
0,7010,3.524572050403875e-08
0,7011,2.9527858402583258e-08
0,7012,2.5441706904156945e-08
0,7013,2.2376242359124174e-08
0,7014,22.869679641455928
0,7015,23.013194002828083
0,7016,23.106625652636268
0,7017,23.233877266533224
0,7018,23.308693311673053
0,7019,23.18473584755056
0,7020,23.512856839003724
0,7021,24.010491016161836
0,7022,24.517447618622462
0,7023,24.95044638182945
0,7024,25.43413882168724
0,7025,25.97468352082282
0,7026,26.57066409533538
0,7027,27.195690512727257
0,7028,27.919166654670075
0,7029,28.77217932563828
0,7030,29.77283695408181
0,7031,30.22440154265648
0,7032,1.720144804787441e-07
0,7033,8.669764362098566e-08
0,7034,5.816014138375407e-08
0,7035,4.38671564176893e-08
0,7036,3.528288736938829e-08
0,7037,2.9556904512630322e-08
0,7038,46.104346038941465
0,7039,50.57027773174464
0,7040,56.69655164903687
0,7041,66.44928522372435
0,7042,86.08349858094346
0,7043,159.52488354670032
0,7044,2.3052863581621573e-08
0,7045,2.7034440354500557e-08
0,7046,3.0239327521638655e-08
0,7047,3.3247124957831004e-08
0,7048,3.646045117778056e-08
0,7049,4.04229786442361e-08
0,7050,4.626648060316056e-08
0,7051,5.759813420944191e-08
0,7052,1.0238508294662958e-07
0,7053,616.8440695076123
0,7054,822.6382030360705
0,7055,913.9226074459693
0,7056,945.2563130987759
0,7057,952.0985292708839
0,7058,943.2325935141874
0,7059,907.8141779120201
0,7060,810.3002240737799
0,7061,633.6464847330788
0,7062,1031.87805249864
0,7063,2.3586464442906688e-07
0,7064,1.1847618424656262e-07
0,7065,7.93743537506593e-08
0,7066,5.982559209508911e-08
0,7067,2.3346409867943177e-08
0,7068,2.3346594141695576e-08
0,7069,2.334608241084013e-08
0,7070,2.5862554029050207e-08
0,7071,258.923624413219
0,7072,143.24519885486345
0,7073,113.00679531997287
0,7074,98.16187269614726
0,7075,87.88127528140258
0,7076,1.72646989398523e-07
0,7077,8.687537253551116e-08
0,7078,5.823420296268588e-08
0,7079,4.390363822381107e-08
0,7080,3.530238686962192e-08
0,7081,2.956728162745734e-08
0,7082,2.5470482233972818e-08
0,7083,2.239808911546514e-08
0,7084,55.14702689456392
0,7085,55.476978667619164
0,7086,54.72630958262234
0,7087,54.949818663062
0,7088,55.16091817739836
0,7089,54.8149596184008
0,7090,54.21365135486182
0,7091,54.00385349070458
0,7092,54.69173021878634
0,7093,56.21515693451823
0,7094,58.28646307556411
0,7095,59.815705321042316
0,7096,62.10639470139999
0,7097,65.60538439406113
0,7098,70.40487926246622
0,7099,77.93173526888214
0,7100,90.51411400267865
0,7101,116.95301916124532
0,7102,195.76313467041356
0,7103,2.721308731203515e-08
0,7104,2.8500125460085586e-08
0,7105,2.945192596942104e-08
0,7106,3.012859905113116e-08
0,7107,3.0565134294492305e-08
0,7108,3.078096368839327e-08
0,7109,3.078548663315613e-08
0,7110,3.058258611048561e-08
0,7111,3.017460438765811e-08
0,7112,2.956606905334206e-08
0,7113,2.876721849647389e-08
0,7114,2.7795765497860305e-08
0,7115,1.9403483975578042e-08
0,7116,1.940400701806383e-08
0,7117,1.940430449277891e-08
0,7118,1.9404140522609546e-08
0,7119,1.94036536040969e-08
0,7120,418.9089381408282
0,7121,332.55622697515423
0,7122,328.17829831596214
0,7123,402.33310404177774
0,7124,307.63306643749354
0,7125,2.9094027071718175e-08
0,7126,4.3165663277054656e-08
0,7127,8.79940897988824e-08
0,7128,725.0265585520592
0,7129,682.2424176654599
0,7130,844.4053096240943
0,7131,918.7231621019491
0,7132,942.5065774937317
0,7133,952.6182946242315
0,7134,956.9003567447709
0,7135,961.0593135875735
0,7136,959.6438674255824
0,7137,956.5109669225101
0,7138,947.317027078268
0,7139,917.726333577989
0,7140,829.3773788461544
0,7141,601.2181687435659
0,7142,5.052759454014669e-08
0,7143,160.5578034125644
0,7144,85.69783185102237
0,7145,66.10146600782063
0,7146,56.416624987291016
0,7147,50.43281467027202
0,7148,46.20398646692921
0,7149,43.11127103575362
0,7150,40.72998779799604
0,7151,38.814086150201206
0,7152,37.285825084151234
0,7153,36.01270683853856
0,7154,35.04980222313499
0,7155,34.24083863781179
0,7156,33.57060955283714
0,7157,33.076622477912444
0,7158,32.68694386790874
0,7159,33.718471429875905
0,7160,33.98923206053182
0,7161,33.73545285318631
0,7162,33.5238492976632
0,7163,33.30537854119618
0,7164,32.19792443197161
0,7165,31.60023988020314
0,7166,32.040016758253586
0,7167,33.01615409800946
0,7168,33.47297301934432
0,7169,33.83735892544806
0,7170,33.56879915860755
0,7171,32.74388731138174
0,7172,33.05504976089052
0,7173,31.70495580709473
0,7174,5.81603253954548e-08
0,7175,4.386385280658148e-08
0,7176,3.5278573810309404e-08
0,7177,2.9551993331905122e-08
0,7178,2.5460169716399127e-08
0,7179,2.2390929035996795e-08
0,7180,2.000334883111348e-08
0,7181,1.809384166332747e-08
0,7182,41.85748084229458
0,7183,43.43074169947408
0,7184,45.10028699172469
0,7185,47.052853151847415
0,7186,1.724345945028794e-07
0,7187,8.683371384389169e-08
0,7188,5.822428862288997e-08
0,7189,4.3903584155251816e-08
0,7190,3.5306435855405075e-08
0,7191,68.90604580390982
0,7192,78.14543158449759
0,7193,91.90258077448173
0,7194,120.19736663282728
0,7195,185.90824879602008
0,7196,3.0720668923400155e-08
0,7197,6.601884070263461e-08
0,7198,660.7956428459604
0,7199,777.704127624979
0,7200,892.4910196895437
0,7201,926.1186198638175
0,7202,912.8631823206482
0,7203,828.8986305960624
0,7204,594.1234883785601
0,7205,4.3421878244469204e-08
0,7206,344.94474884557246
0,7207,229.05060409577584
0,7208,184.49428842044836
0,7209,166.8512012969418
0,7210,146.89473935352788
0,7211,5.827372665208124e-08
0,7212,4.3928468636961204e-08
0,7213,3.532007364145527e-08
0,7214,2.9580919373270085e-08
0,7215,2.5482825643165528e-08
0,7216,177.44232441227615
0,7217,192.42460295285454
0,7218,229.23617319467496
0,7219,376.6613174872641
0,7220,2.645896791080902e-08
0,7221,3.801120383441171e-08
0,7222,7.605762954909963e-08
0,7223,511.0413332470751
0,7224,503.687461796466
0,7225,662.5027446292014
0,7226,721.8651156042284
0,7227,717.4680078452112
0,7228,651.8248272207418
0,7229,490.0200850420614
0,7230,1065.2774088863223
0,7231,2.1561689690671021e-07
0,7232,1.0835138613773617e-07
0,7233,7.258267951928065e-08
0,7234,5.470576987312299e-08
0,7235,2.134622636213018e-08
0,7236,2.1345437432722538e-08
0,7237,2.4639631432938047e-08
0,7238,318.0521422848434
0,7239,208.17639416172062
0,7240,168.00547951214926
0,7241,151.09425839268866
0,7242,143.70512822666507
0,7243,139.88260786650707
0,7244,141.29833427436526
0,7245,137.1510821031242
0,7246,4.8866917174850285e-08
0,7247,3.841179772254435e-08
0,7248,3.169750877944725e-08
0,7249,2.7021006227402177e-08
0,7250,2.357682988212784e-08
0,7251,1.7149752163221838e-08
0,7252,1.715460232125745e-08
0,7253,1.7148541494215792e-08
0,7254,1.715779233304977e-08
0,7255,93.51551874188719
0,7256,71.86265638032138
0,7257,61.10416139048296
0,7258,54.606440565302535
0,7259,50.10975899830176
0,7260,46.60771517739475
0,7261,43.96747730887815
0,7262,42.427393663063945
0,7263,41.074729251571085
0,7264,39.94028539565031
0,7265,38.98968861320744
0,7266,38.193906577742894
0,7267,37.53143146328725
0,7268,36.94288454968318
0,7269,36.477108168194015
0,7270,36.086383833467686
0,7271,35.667797719974914
0,7272,35.501169533640876
0,7273,35.3841448232105
0,7274,35.56427129649406
0,7275,35.82275597939743
0,7276,36.116548548648986
0,7277,36.513635741335264
0,7278,37.01783707165922
0,7279,37.623978194612825
0,7280,38.31561362284114
0,7281,39.10669988244161
0,7282,40.07322087561453
0,7283,41.311905936984914
0,7284,42.713757794328615
0,7285,44.28781777567522
0,7286,46.87745997662833
0,7287,50.68605031763566
0,7288,55.502359244572624
0,7289,62.435246628848766
0,7290,73.36692145321348
0,7291,95.94988568266508
0,7292,156.1624438736432
0,7293,5.917039249050276e-08
0,7294,4.497439801575998e-08
0,7295,3.634728335279565e-08
0,7296,3.054901072390112e-08
0,7297,2.6383735700512604e-08
0,7298,2.324639229547536e-08
0,7299,2.07978262545311e-08
0,7300,1.8832917750689313e-08
0,7301,1.7219228534583983e-08
0,7302,1.7219442480842425e-08
0,7303,1.7220619589074953e-08
0,7304,475.01883144185945
0,7305,452.2607714543029
0,7306,619.7240558344238
0,7307,4.380202704528934
0,7308,2.3217923731448474e-08
0,7309,2.74571027384541e-08
0,7310,3.057259988720475e-08
0,7311,3.322145811680973e-08
0,7312,3.57053732763312e-08
0,7313,3.82763936197786e-08
0,7314,4.124484168465509e-08
0,7315,4.514508470534833e-08
0,7316,5.116827995210342e-08
0,7317,6.319702490773714e-08
0,7318,1.1148322482938569e-07
0,7319,634.9860728390482
0,7320,797.5641174105286
0,7321,900.6038704869629
0,7322,935.7003194786323
0,7323,940.6120496086326
0,7324,910.0828600832704
0,7325,811.4537074968199
0,7326,613.6403413868579
0,7327,612.8451057526871
0,7328,416.5819811309421
0,7329,415.7102578601251
0,7330,602.8626548040614
0,7331,4.914910400072997e-07
0,7332,2.6568611617666215e-08
0,7333,2.6568603461884122e-08
0,7334,447.3021497542944
0,7335,2.681364335488032e-07
0,7336,390.1680180188709
0,7337,662.3734250572855
0,7338,7.227429210493431e-08
0,7339,6.044362819097518e-08
0,7340,5.207961019886411e-08
0,7341,4.582686351985735e-08
0,7342,4.095667193473152e-08
0,7343,2.6956373406242874e-08
0,7344,2.6946315690115104e-08
0,7345,2.694768518984357e-08
0,7346,2.6948095206993873e-08
0,7347,2.6948037619077097e-08
0,7348,2.694737005675481e-08
0,7349,2.6945619467975648e-08
0,7350,3.1362349339861565e-07
0,7351,1.5389320923153704e-07
0,7352,1.1394632561018993e-07
0,7353,9.394127553319874e-08
0,7354,8.141597264417586e-08
0,7355,7.263088947084156e-08
0,7356,6.602734226299797e-08
0,7357,6.082657207919732e-08
0,7358,357.9969558863077
0,7359,442.08130837284176
0,7360,377.6997542152109
0,7361,1.6801488274953555e-07
0,7362,8.444795142139336e-08
0,7363,5.658275372482052e-08
0,7364,5.657930960386231e-08
0,7365,3.42928839757188e-08
0,7366,2.8719048261742388e-08
0,7367,2.473811568752673e-08
0,7368,2.1752662730035636e-08
0,7369,1.9430753926320566e-08
0,7370,1.7572735374964902e-08
0,7371,1.6644896941811905e-08
0,7372,1.664467997291639e-08
0,7373,1.6645567320711866e-08
0,7374,4.5889989719207055e-08
0,7375,3.91315875428614e-08
0,7376,3.432364059517874e-08
0,7377,3.06412092798877e-08
0,7378,2.7668249151169212e-08
0,7379,2.5163234890604772e-08
0,7380,2.2967240477267696e-08
0,7381,2.0954334168981416e-08
0,7382,1.8980118521288037e-08
0,7383,8.600587534129576e-08
0,7384,764.5745768699837
0,7385,927.6463155349068
0,7386,2.854649476915347e-08
0,7387,2.4333665554612994e-08
0,7388,2.1231442882761037e-08
0,7389,1.5440617506333584e-08
0,7390,1.544128509166637e-08
0,7391,1.5441862531771853e-08
0,7392,1.5442308177796073e-08
0,7393,1.544267935369154e-08
0,7394,1.544309983665219e-08
0,7395,1.5443501500394063e-08
0,7396,1.544385495593845e-08
0,7397,1.5444166333472857e-08
0,7398,1.5444445292982835e-08
0,7399,1.5444735941381468e-08
0,7400,1.5444901675600283e-08
0,7401,1.544491021136644e-08
0,7402,1.5444962782476475e-08
0,7403,1.5444970448995397e-08
0,7404,1.544490069794808e-08
0,7405,1.5444964636365628e-08
0,7406,1.5445023332094773e-08
0,7407,1.544504194530328e-08
0,7408,3.463696263152457e-08
0,7409,2.8575954094320344e-08
0,7410,2.4349182761930515e-08
0,7411,2.1241404519938212e-08
0,7412,1.8858274457061503e-08
0,7413,1.5444758591820053e-08
0,7414,1.5444324865351888e-08
0,7415,1.544412520609981e-08
0,7416,1.5443895840465456e-08
0,7417,1.5443645020421672e-08
0,7418,1.5443372970755755e-08
0,7419,1.5443066492419258e-08
0,7420,1.5442719318677883e-08
0,7421,1.5442314518559355e-08
0,7422,1.544189839913806e-08
0,7423,2.8556740885588423e-08
0,7424,2.433786825184456e-08
0,7425,2.12316753484157e-08
0,7426,1.8849906868419804e-08
0,7427,1.5440566770052766e-08
0,7428,1.5438171499469462e-08
0,7429,1.5437213815841898e-08
0,7430,1.543584808166447e-08
0,7431,489.3579362859878
0,7432,327.8094772592954
0,7433,303.6247325924529
0,7434,327.77299327366364
0,7435,295.3243417768998
0,7436,3.456885121975702e-08
0,7437,2.8530340370459356e-08
0,7438,2.4323192212025245e-08
0,7439,1.5436318837379017e-08
0,7440,1.5437092623158934e-08
0,7441,1.5437654179070704e-08
0,7442,1.5438046858642424e-08
0,7443,1.5438339144081305e-08
0,7444,1.5438567471173645e-08
0,7445,1.543872757247259e-08
0,7446,1.5438833873093226e-08
0,7447,1.5438877875850054e-08
0,7448,1.543883387407409e-08
0,7449,1.5438701315147486e-08
0,7450,1.5438463417421404e-08
0,7451,1.5438110610433204e-08
0,7452,1.54377580604636e-08
0,7453,1.5437348760120008e-08
0,7454,1.543681575606428e-08
0,7455,1.5435933415697197e-08
0,7456,566.5861118452245
0,7457,455.5573585629677
0,7458,486.3238456257683
0,7459,5.248139799045266e-08
0,7460,3.956074222417628e-08
0,7461,3.180785193156689e-08
0,7462,2.6639035912320684e-08
0,7463,2.2946935442199403e-08
0,7464,1.5438997355068376e-08
0,7465,1.5439441689733127e-08
0,7466,1.5439954345416413e-08
0,7467,1.5440325552104915e-08
0,7468,1.5440685218254114e-08
0,7469,1.5440983864205697e-08
0,7470,1.5441234732425327e-08
0,7471,1.544144034317992e-08
0,7472,1.5441567444447933e-08
0,7473,1.544162605698489e-08
0,7474,1.544164559669667e-08
0,7475,1.5441652448581656e-08
0,7476,1.544162896040885e-08
0,7477,1.544158850214948e-08
0,7478,1.5441526991621433e-08
0,7479,1.5441610038383988e-08
0,7480,6.081080639877627e-08
0,7481,4.40594187765616e-08
0,7482,3.4615803694366585e-08
0,7483,2.8556259355672385e-08
0,7484,2.4338168128260578e-08
0,7485,2.1232885085370408e-08
0,7486,1.8851304793750663e-08
0,7487,1.543992086614271e-08
0,7488,1.5439537737047042e-08
0,7489,1.54391757853607e-08
0,7490,1.5438743442180346e-08
0,7491,1.5438191014346237e-08
0,7492,1.5437463052172935e-08
0,7493,1.5436429983326267e-08
0,7494,1.543551438142377e-08
0,7495,392.8652497514644
0,7496,230.14774247238648
0,7497,189.95926937112333
0,7498,167.72074822042472
0,7499,1.3201360842039853e-07
0,7500,6.637618709767648e-08
0,7501,4.448029795693225e-08
0,7502,3.352962419984776e-08
0,7503,154.70706040431972
0,7504,169.03258151543326
0,7505,187.44882952371492
0,7506,228.63930312466542
0,7507,327.4792154529843
0,7508,1.9363081309247906e-08
0,7509,2.2776861519884092e-08
0,7510,2.6546891950907596e-08
0,7511,1.4230347108971507e-08
0,7512,1.4230718981231394e-08
0,7513,1.423099572806431e-08
0,7514,1.4231102902475664e-08
0,7515,1.4231076421027336e-08
0,7516,1.4230907269240642e-08
0,7517,1.4230472603379057e-08
0,7518,1.423097304558755e-08
0,7519,380.05230806209073
0,7520,225.03809487432824
0,7521,185.5823626916884
0,7522,170.47924961779873
0,7523,155.9159375084115
0,7524,1.114832604990273e-07
0,7525,5.6051765998240636e-08
0,7526,3.7561112280161055e-08
0,7527,121.74821997090838
0,7528,195.5477001275708
0,7529,239.72691795416966
0,7530,373.9092090336754
0,7531,1.781001450593296e-08
0,7532,1.8951606428786868e-08
0,7533,1.9947321589287213e-08
0,7534,2.0866698385016484e-08
0,7535,1.1778966430030764e-08
0,7536,1.1779367721789647e-08
0,7537,1.1779559604572842e-08
0,7538,1.177964536052115e-08
0,7539,1.177964553707331e-08
0,7540,1.1779546943212438e-08
0,7541,1.1779343423165553e-08
0,7542,1.177896833617338e-08
0,7543,330.14217780689006
0,7544,202.96352943333488
0,7545,164.48877685013812
0,7546,148.02269638039056
0,7547,140.23061559712943
0,7548,63.707152561522875
0,7549,1.9640706811377786e-08
0,7550,132.95762658559556
0,7551,148.2250957295059
0,7552,165.56491803020435
0,7553,203.72552450617965
0,7554,347.9718865765517
0,7555,1.6590904064100928e-08
0,7556,2.1344496957966902e-08
0,7557,2.8461162164228847e-08
0,7558,5.1009232332492247e-08
0,7559,1.543445876791938e-08
0,7560,1.5434923934898683e-08
0,7561,1.5435252370553482e-08
0,7562,1.5435387143602187e-08
0,7563,1.5435362247072783e-08
0,7564,1.5435172816615988e-08
0,7565,1.54347421613724e-08
0,7566,1.5434818835912868e-08
0,7567,535.572296539334
0,7568,340.1275265066553
0,7569,309.3260063197646
0,7570,326.13113162644544
0,7571,1.5036661916962386e-07
0,7572,7.558574905329408e-08
0,7573,5.0647768300087306e-08
0,7574,3.817699552913597e-08
0,7575,3.069424199599825e-08
0,7576,2.5707696685383052e-08
0,7577,536.8430386471664
0,7578,2.2505693082586984e-08
0,7579,2.2509269312522814e-08
0,7580,2.22136674198989e-08
0,7581,1.5436348199740558e-08
0,7582,1.5438049773333618e-08
0,7583,1.5439555582921627e-08
0,7584,1.544068940465347e-08
0,7585,1.544155441105033e-08
0,7586,1.5442335159740922e-08
0,7587,1.5443017549933994e-08
0,7588,1.5443615528213368e-08
0,7589,1.544415155030339e-08
0,7590,1.544465951516226e-08
0,7591,2.857222560256523e-08
0,7592,2.435151454348452e-08
0,7593,2.1244077087607363e-08
0,7594,1.886116253890468e-08
0,7595,1.6975851142329244e-08
0,7596,1.5447133851307577e-08
0,7597,1.5447399159201097e-08
0,7598,1.5448572137429723e-08
0,7599,4.412277211548039e-08
0,7600,239.86992759996642
0,7601,453.5470032984138
0,7602,2.6734518661035688e-08
0,7603,2.5091500411042282e-08
0,7604,1.8481286978087576e-08
0,7605,1.9456477539606543e-08
0,7606,2.0393339748755448e-08
0,7607,2.132529247318306e-08
0,7608,2.227301388594397e-08
0,7609,2.325166175514188e-08
0,7610,2.4274471327934057e-08
0,7611,2.5354338666102433e-08
0,7612,2.650493547829948e-08
0,7613,2.774176527715972e-08
0,7614,2.908282531780435e-08
0,7615,3.0550633642876976e-08
0,7616,3.217254564218832e-08
0,7617,3.398408323146613e-08
0,7618,3.6031868751199784e-08
0,7619,3.837953928522217e-08
0,7620,4.109301209188611e-08
0,7621,4.436895611412286e-08
0,7622,4.836252959301894e-08
0,7623,5.339387438456545e-08
0,7624,6.005195139834556e-08
0,7625,6.948664988331655e-08
0,7626,8.442841641579507e-08
0,7627,1.1380889659823963e-07
0,7628,2.242884824599559e-07
0,7629,2.36166321993859e-08
0,7630,2.959679342632546e-08
0,7631,3.6088801326925805e-08
0,7632,4.6091444963017336e-08
0,7633,7.43046591077421e-08
0,7634,2.177503309581881e-08
0,7635,2.1775387221930384e-08
0,7636,2.1775264435248303e-08
0,7637,612.1763474478194
0,7638,401.8530015952347
0,7639,3.2210756148399935e-07
0,7640,1.9832009665038527e-07
0,7641,2.0736427487622056e-07
0,7642,2.4051596612221517e-08
0,7643,2.405191793639606e-08
0,7644,2.4052144127843902e-08
0,7645,2.4051773670069745e-08
0,7646,688.1638263844214
0,7647,821.2443850186407
0,7648,134.66797682193234
0,7649,2.8475728837900434e-07
0,7650,1.4612463268256007e-07
0,7651,9.939851685466172e-08
0,7652,7.583261157250365e-08
0,7653,6.15701105762117e-08
0,7654,5.199998636774215e-08
0,7655,2.439453090975107e-08
0,7656,2.439568832320041e-08
0,7657,2.4396521657869856e-08
0,7658,2.4396904292366047e-08
0,7659,2.439692733591093e-08
0,7660,2.4396542555300913e-08
0,7661,2.4395660965327093e-08
0,7662,2.439391993132691e-08
0,7663,161.10130318436504
0,7664,85.68599852948643
0,7665,65.71940668853689
0,7666,55.712283098068795
0,7667,48.73250154951905
0,7668,44.85959307418396
0,7669,42.869262518675946
0,7670,40.8435162303481
0,7671,39.127901874162255
0,7672,37.82198661615091
0,7673,36.83191938001883
0,7674,35.52312204915645
0,7675,34.532320708148774
0,7676,33.73629811725604
0,7677,11.601768401295491
0,7678,8.669097016546917e-08
0,7679,5.814594273803624e-08
0,7680,4.3852124164042423e-08
0,7681,3.5268648743708576e-08
0,7682,2.9543546396008745e-08
0,7683,2.5452879394376708e-08
0,7684,2.238443011505804e-08
0,7685,28.729666365122554
0,7686,28.92269897755186
0,7687,28.677138041561133
0,7688,28.41721469371428
0,7689,28.140330392937084
0,7690,27.913753211663025
0,7691,27.758730492570955
0,7692,27.661386279131108
0,7693,27.616302948637717
0,7694,27.669624861190037
0,7695,27.76389022638679
0,7696,27.927839720396488
0,7697,28.182962053043642
0,7698,28.192228534307585
0,7699,28.33510553353662
0,7700,28.55277676089038
0,7701,28.8260063945544
0,7702,28.841078161172767
0,7703,1.7194087283280536e-07
0,7704,8.665990230440328e-08
0,7705,5.813599385486116e-08
0,7706,4.38496998084924e-08
0,7707,3.526982288502525e-08
0,7708,30.012405932320085
0,7709,32.62928665157147
0,7710,33.623595041595756
0,7711,34.74844240179814
0,7712,36.091998361724954
0,7713,36.973647468144186
0,7714,38.432815170234555
0,7715,39.150781933342856
0,7716,1.7219386938457362e-07
0,7717,8.676073242216379e-08
0,7718,48.18879037862588
0,7719,53.17975374748866
0,7720,59.76140787654878
0,7721,70.24510521343409
0,7722,91.34821882136119
0,7723,160.78583544487995
0,7724,3.344466319258341e-08
0,7725,6.506507067450943e-08
0,7726,4.7752833709903495e-08
0,7727,599.2565133557966
0,7728,829.88969143685
0,7729,915.7470978747534
0,7730,936.9601827670367
0,7731,920.8719604785462
0,7732,843.8209625982995
0,7733,620.261969873659
0,7734,627.0565363789864
0,7735,179.92020050622176
0,7736,124.8249593132307
0,7737,92.6689485606847
0,7738,76.8284162591922
0,7739,68.45503262636637
0,7740,1.7264606268820861e-07
0,7741,8.687633127200576e-08
0,7742,55.56321077347018
0,7743,54.19094979651735
0,7744,52.081072876096535
0,7745,50.396712206402256
0,7746,49.00855472201785
0,7747,47.673170250387464
0,7748,46.167536787646355
0,7749,8.67855806289486e-08
0,7750,5.8190854708473386e-08
0,7751,4.387940254976265e-08
0,7752,3.528617742113848e-08
0,7753,2.955635336327725e-08
0,7754,2.546317627396714e-08
0,7755,2.2392547972542218e-08
0,7756,33.71441900977048
0,7757,42.48014048910661
0,7758,42.66864382932413
0,7759,44.955335732223446
0,7760,46.53973326771898
0,7761,43.249351801086846
0,7762,43.577822884141355
0,7763,44.22924597576449
0,7764,45.076099781914806
0,7765,46.23824186895738
0,7766,47.94226493725642
0,7767,54.63262592107895
0,7768,58.024924930346
0,7769,62.08284804579033
0,7770,67.1850804420532
0,7771,67.01922703324395
0,7772,77.44132182233584
0,7773,99.43665038462126
0,7774,183.72725733244576
0,7775,2.2826837573476736e-08
0,7776,2.668842222637615e-08
0,7777,2.957637100525377e-08
0,7778,3.204061869586513e-08
0,7779,3.434909638933535e-08
0,7780,3.672782452404248e-08
0,7781,3.945520286599899e-08
0,7782,4.299261187599876e-08
0,7783,4.8337267402032125e-08
0,7784,5.8529000595429123e-08
0,7785,9.268575019553179e-08
0,7786,2.3348701145987618e-08
0,7787,2.3346010299479602e-08
0,7788,2.334657370204178e-08
0,7789,2.33466324250132e-08
0,7790,2.334640071823907e-08
0,7791,792.8871768077937
0,7792,863.0955751014751
0,7793,3.1608481203249366e-07
0,7794,1.7269187826951787e-07
0,7795,1.2666485103149318e-07
0,7796,1.06129612672783e-07
0,7797,9.758572326117553e-08
0,7798,9.910259437857663e-08
0,7799,1.2282652671040547e-07
0,7800,2.5384991977524387e-08
0,7801,2.538738476099534e-08
0,7802,2.5388694940821165e-08
0,7803,2.5389498237171366e-08
0,7804,2.538992683356924e-08
0,7805,2.539011277362857e-08
0,7806,2.5390004911785604e-08
0,7807,4.001405769020575e-08
0,7808,3.4910404669396926e-08
0,7809,3.099571450615525e-08
0,7810,2.7898490292781604e-08
0,7811,2.5387605992726464e-08
0,7812,2.5386542940360196e-08
0,7813,2.5384445931324594e-08
0,7814,5.242290871816354e-07
0,7815,2.595135192319238e-07
0,7816,1.9327440451717822e-07
0,7817,1.6014995538494049e-07
0,7818,1.3941820316425743e-07
0,7819,1.248942450688236e-07
0,7820,1.1399783985129139e-07
0,7821,1.0542499938437215e-07
0,7822,4.620070643539812e-08
0,7823,3.5758156378215436e-08
0,7824,2.9216578055554635e-08
0,7825,2.4730463089065537e-08
0,7826,2.1459316647255927e-08
0,7827,1.896404134173592e-08
0,7828,1.6987553893683352e-08
0,7829,5.7452656731280893e-08
0,7830,4.944040709023065e-08
0,7831,4.3758517365203e-08
0,7832,3.9450476513531226e-08
0,7833,3.602385860483414e-08
0,7834,3.320128896696473e-08
0,7835,3.0811918088165984e-08
0,7836,2.87429022677897e-08
0,7837,2.691594938932583e-08
0,7838,2.527375660047487e-08
0,7839,481.33377552989003
0,7840,309.72704437119273
0,7841,314.92862411509
0,7842,5.436870642998743e-08
0,7843,4.098219461205299e-08
0,7844,3.2945380072093525e-08
0,7845,2.3769914138149816e-08
0,7846,2.3769984585229518e-08
0,7847,2.376995293537927e-08
0,7848,2.0902228840825166e-08
0,7849,1.8671448819879724e-08
0,7850,1.6887056139037337e-08
0,7851,1.5995105204657416e-08
0,7852,1.599501165390027e-08
0,7853,2.2990693048214434e-08
0,7854,2.2237108331992774e-08
0,7855,2.1501415695258485e-08
0,7856,2.1029033466669477e-08
0,7857,2.271895617583764e-08
0,7858,1.9362162895265482e-08
0,7859,1.863292478482994e-08
0,7860,1.7853090371917083e-08
0,7861,1.693842533323774e-08
0,7862,613.951431656154
0,7863,2.6439097328779864e-07
0,7864,325.77206174083335
0,7865,324.1996844396014
0,7866,324.58332483506086
0,7867,3.458079839916816e-08
0,7868,2.8535535982185172e-08
0,7869,2.4325191050243803e-08
0,7870,1.543594304425444e-08
0,7871,1.543614391937996e-08
0,7872,1.5436322292141806e-08
0,7873,1.5436399728222493e-08
0,7874,1.5436326068343434e-08
0,7875,1.5436194609145116e-08
0,7876,1.54359313255858e-08
0,7877,1.5435467851889734e-08
0,7878,1.543457728414425e-08
0,7879,351.3274111768365
0,7880,207.09014724202532
0,7881,168.96581241623898
0,7882,152.10988946863785
0,7883,144.46948528684484
0,7884,132.36691827359905
0,7885,132.18729170524168
0,7886,1.519503701790032e-07
0,7887,176.12778875359254
0,7888,215.0113558454901
0,7889,368.34389944057244
0,7890,3.4306695473962443e-08
0,7891,3.1017886612672566e-08
0,7892,2.838833652143142e-08
0,7893,2.6201427255540574e-08
0,7894,1.54345661350392e-08
0,7895,1.543524305131573e-08
0,7896,1.5435638101566652e-08
0,7897,1.5435848921423098e-08
0,7898,1.5435891996565346e-08
0,7899,1.5435832834344664e-08
0,7900,1.5435636552914292e-08
0,7901,1.5435245171579806e-08
0,7902,1.5434458278215752e-08
0,7903,2.6464677990167287e-08
0,7904,352.1655224900818
0,7905,204.20844168695365
0,7906,167.5956029597822
0,7907,152.01385498833784
0,7908,142.0173054345535
0,7909,140.15274542751135
0,7910,1.1372439726243426e-07
0,7911,147.4029889121416
0,7912,171.4565066635567
0,7913,211.0188234053401
0,7914,359.968207885114
0,7915,2.275560232859765e-08
0,7916,2.2410680592117302e-08
0,7917,2.215306869218599e-08
0,7918,2.19504205628806e-08
0,7919,1.1778971133001633e-08
0,7920,1.1779348725041232e-08
0,7921,1.177954301869534e-08
0,7922,1.17796279280681e-08
0,7923,1.177962766978065e-08
0,7924,1.1779528742346344e-08
0,7925,1.177931978372791e-08
0,7926,1.1778980043725557e-08
0,7927,408.56689757681437
0,7928,239.16281778864047
0,7929,198.7317833710366
0,7930,175.35405644178732
0,7931,2.893012553651804e-08
0,7932,2.325946834127909e-08
0,7933,1.947931061401344e-08
0,7934,1.6779393870332802e-08
0,7935,184.73705745266648
0,7936,200.93477666386627
0,7937,241.67786034995422
0,7938,398.8347503854972
0,7939,1.5973637864780314e-08
0,7940,1.9629713975843248e-08
0,7941,2.3827040332851263e-08
0,7942,3.061801546581729e-08
0,7943,5.204766096855441e-08
0,7944,1.4625287415937827e-08
0,7945,1.4625783328288657e-08
0,7946,1.462601000692444e-08
0,7947,1.4626069669243538e-08
0,7948,1.4625973782760851e-08
0,7949,1.4625683245392992e-08
0,7950,52.625739253276286
0,7951,458.98025286106514
0,7952,415.97217055091454
0,7953,511.9070683101643
0,7954,1.477861918949624e-07
0,7955,7.427476301962777e-08
0,7956,4.9765635589005426e-08
0,7957,3.7510716238844206e-08
0,7958,3.01581221075957e-08
0,7959,2.5256655088699164e-08
0,7960,2.1755734678462473e-08
0,7961,253.9412269097017
0,7962,2.029865139787924e-08
0,7963,2.0761699209524562e-08
0,7964,2.0733140573447244e-08
0,7965,2.0341640570166572e-08
0,7966,1.9684587709018343e-08
0,7967,1.54355545724002e-08
0,7968,1.5435769154821042e-08
0,7969,1.5436503743492333e-08
0,7970,1.54370433475678e-08
0,7971,1.5437437418465674e-08
0,7972,1.5437711437488275e-08
0,7973,1.5437896238899848e-08
0,7974,1.543800956129995e-08
0,7975,1.543807419308173e-08
0,7976,1.5438137849198443e-08
0,7977,1.5437963386111982e-08
0,7978,1.543772753912551e-08
0,7979,1.543743957839122e-08
0,7980,1.5437005491995037e-08
0,7981,1.5436398957015935e-08
0,7982,1.5435506151368746e-08
0,7983,373.5587967365585
0,7984,270.9540029880359
0,7985,239.43149945410198
0,7986,240.48461776212625
0,7987,263.96255146916445
0,7988,4.399091405064896e-08
0,7989,3.457794855974447e-08
0,7990,2.8533297905883738e-08
0,7991,2.4323269550388822e-08
0,7992,1.543568943348104e-08
0,7993,1.543549552363111e-08
0,7994,1.5435553482517824e-08
0,7995,1.5435422964108836e-08
0,7996,1.5435191276819854e-08
0,7997,1.5434732850086593e-08
0,7998,484.63213029377573
0,7999,407.4152603626196
0,8000,452.1821109998704
0,8001,7.834077962243832e-08
0,8002,5.24789586881728e-08
0,8003,3.9558061920707687e-08
0,8004,1.5435904087399933e-08
0,8005,1.5437257306914593e-08
0,8006,2.294356775943914e-08
0,8007,4.401806993920975e-08
0,8008,3.459651280448363e-08
0,8009,2.854401546865647e-08
0,8010,2.4329994307902496e-08
0,8011,2.1227521216367042e-08
0,8012,1.5437866928830733e-08
0,8013,1.5437905722497566e-08
0,8014,1.5437943056342078e-08
0,8015,1.5437916685509477e-08
0,8016,1.5437849355101057e-08
0,8017,1.5437716901408132e-08
0,8018,1.5437501937956295e-08
0,8019,1.5437186231333057e-08
0,8020,1.543672690508977e-08
0,8021,1.5436034216102614e-08
0,8022,1.543489160753558e-08
0,8023,1.4268114837083032e-08
0,8024,247.25712549977536
0,8025,221.67926103393447
0,8026,171.02089437024392
0,8027,150.92378320213265
0,8028,139.28313360301655
0,8029,132.74372456242347
0,8030,136.66222908231498
0,8031,145.07949934884144
0,8032,162.26339552252156
0,8033,199.8875223158133
0,8034,341.19943147473424
0,8035,1.0717671743391691e-08
0,8036,1.45136919137489e-08
0,8037,1.9824365598276715e-08
0,8038,3.659313672765835e-08
0,8039,1.1778922000791153e-08
0,8040,1.177923254661205e-08
0,8041,1.1779399426756329e-08
0,8042,1.1779451753190733e-08
0,8043,1.1779407859269168e-08
0,8044,1.1779251480983265e-08
0,8045,1.1778886837434687e-08
0,8046,404.2411345476014
0,8047,1.0524680473304965e-07
0,8048,172.51768562351828
0,8049,146.73194922589198
0,8050,134.45228985796624
0,8051,128.51805882492144
0,8052,110.48589266561355
0,8053,1.5494999999820185e-08
0,8054,131.59614705646132
0,8055,141.32486254867447
0,8056,158.24218650586624
0,8057,196.0633616437111
0,8058,323.82643149307137
0,8059,1.554354388473034e-08
0,8060,2.1631087000476603e-08
0,8061,3.576353144839605e-08
0,8062,3.020528664194854e-08
0,8063,1.543440234809492e-08
0,8064,1.5434885211584713e-08
0,8065,1.5435190041661163e-08
0,8066,1.5435298639274216e-08
0,8067,1.5435243280214527e-08
0,8068,1.5435004193316867e-08
0,8069,1.543445103638221e-08
0,8070,1.5436555789743485e-08
0,8071,738.1234558805854
0,8072,559.4044110362801
0,8073,750.4721325445407
0,8074,1.8228850560115628e-07
0,8075,9.862066944421003e-08
0,8076,7.124999147635187e-08
0,8077,5.830083047902231e-08
0,8078,5.148028447815974e-08
0,8079,4.8251527815113416e-08
0,8080,4.8067357154681425e-08
0,8081,5.235363912063759e-08
0,8082,7.233486123792252e-08
0,8083,1.5435813998364797e-08
0,8084,1.5437927679182287e-08
0,8085,1.543926953399999e-08
0,8086,1.544027226364437e-08
0,8087,1.5441017771012502e-08
0,8088,1.544083311911749e-08
0,8089,1.544120728466826e-08
0,8090,1.54416388434978e-08
0,8091,1.5442028544928783e-08
0,8092,1.5442375372975683e-08
0,8093,1.5442768200535917e-08
0,8094,1.5444096632464857e-08
0,8095,1.5444379464611165e-08
0,8096,1.5444552331829955e-08
0,8097,1.5444692434535325e-08
0,8098,1.5444821183024923e-08
0,8099,1.544491102871088e-08
0,8100,1.5444919791019387e-08
0,8101,1.544492846172128e-08
0,8102,1.5444976223029263e-08
0,8103,4.4087875247668504e-08
0,8104,3.463597948136525e-08
0,8105,2.8570762056656825e-08
0,8106,2.4349040820557174e-08
0,8107,2.1241421398214875e-08
0,8108,1.885841137305952e-08
0,8109,1.6973063244537796e-08
0,8110,1.544453836554584e-08
0,8111,1.544441661124276e-08
0,8112,1.5444281933387006e-08
0,8113,1.5444101744095242e-08
0,8114,1.5443899211751454e-08
0,8115,1.5443679346447106e-08
0,8116,1.544342004486252e-08
0,8117,1.544312859264995e-08
0,8118,1.5442792197677268e-08
0,8119,1.5442398132722176e-08
0,8120,1.5441934970002397e-08
0,8121,1.5441389483256007e-08
0,8122,1.544074142038772e-08
0,8123,1.5440031700298827e-08
0,8124,1.543917931552636e-08
0,8125,1.5441667309835702e-08
0,8126,1338.837018619876
0,8127,2.669408068623879e-07
0,8128,9.875445302060372e-08
0,8129,6.083631827271427e-08
0,8130,4.4074053982721625e-08
0,8131,3.462895814549386e-08
0,8132,2.85678706397976e-08
0,8133,2.4348453250759263e-08
0,8134,2.1242116698545315e-08
0,8135,1.5442409996072512e-08
0,8136,1.5441538461042156e-08
0,8137,1.5441931035317517e-08
0,8138,1.544223722212052e-08
0,8139,1.5442540256400725e-08
0,8140,1.544279068058366e-08
0,8141,1.5443006105331336e-08
0,8142,1.5443197198822126e-08
0,8143,1.5443354314772083e-08
0,8144,1.5443469858302637e-08
0,8145,1.5443551075233468e-08
0,8146,1.5443603288294207e-08
0,8147,1.5443672241992142e-08
0,8148,1.5443621959107732e-08
0,8149,1.5443529893512743e-08
0,8150,1.5443462093238207e-08
0,8151,1.544367864683516e-08
0,8152,3.4626687219126986e-08
0,8153,2.8564470739769884e-08
0,8154,2.4344275600434248e-08
0,8155,2.123760054954812e-08
0,8156,1.8855221997168717e-08
0,8157,1.697036186626606e-08
0,8158,1.5442075899117156e-08
0,8159,1.5441769528103122e-08
0,8160,1.544147256509081e-08
0,8161,1.544111523077249e-08
0,8162,1.5440685732911333e-08
0,8163,1.5440191436707836e-08
0,8164,1.543960444854204e-08
0,8165,1.543888881191954e-08
0,8166,1.5437962127688685e-08
0,8167,1.5436684157059787e-08
0,8168,535.8547027270216
0,8169,151.76215335034766
0,8170,1.5561427499838137e-07
0,8171,7.825684370343206e-08
0,8172,5.24447025437497e-08
0,8173,3.95342435105864e-08
0,8174,124.89494616506067
0,8175,237.94159434392822
0,8176,2.6395207898414e-07
0,8177,272.17730054025895
0,8178,6.069137520678939e-08
0,8179,4.3995740157102723e-08
0,8180,3.4580592849960676e-08
0,8181,2.8534700928523347e-08
0,8182,2.4324104148228337e-08
0,8183,2.122280387086139e-08
0,8184,1.5435668296243096e-08
0,8185,1.54358235344667e-08
0,8186,1.543584815457029e-08
0,8187,1.543575184855896e-08
0,8188,1.5435536202271512e-08
0,8189,1.5435116383420266e-08
0,8190,1.5434572678233192e-08
0,8191,327.2013757497484
0,8192,188.7168138621157
0,8193,152.1918521668724
0,8194,135.22303311202214
0,8195,123.79464162130714
0,8196,114.7573123220801
0,8197,116.36714654460009
0,8198,122.07303685169525
0,8199,131.84977207556256
0,8200,150.85976525531748
0,8201,187.0550306111777
0,8202,297.9102197153762
0,8203,3.029740000291744e-08
0,8204,2.780932368911214e-08
0,8205,2.580847107114034e-08
0,8206,2.4129082198429906e-08
0,8207,2.2658523033565594e-08
0,8208,1.3539556415286574e-08
0,8209,1.3540003183117841e-08
0,8210,1.3540183705583239e-08
0,8211,1.3540216398713804e-08
0,8212,1.3540096074246387e-08
0,8213,1.353978064671881e-08
0,8214,1.3540018201764161e-08
0,8215,1.2932535897256371e-08
0,8216,314.7005121263437
0,8217,196.90092588756335
0,8218,160.51640798056928
0,8219,144.49019410428932
0,8220,135.6529196526453
0,8221,130.0994174503358
0,8222,134.31939671194553
0,8223,142.85979245210044
0,8224,159.5623446740305
0,8225,196.74264806583895
0,8226,332.15544089848515
0,8227,9.780612333017643e-09
0,8228,1.3266919032955835e-08
0,8229,1.8179660217267768e-08
0,8230,3.4123293957264887e-08
0,8231,1.1778920326849067e-08
0,8232,1.1779223479451304e-08
0,8233,1.1779389781505761e-08
0,8234,1.1779442207253085e-08
0,8235,1.1779400130517041e-08
0,8236,1.1779243329590496e-08
0,8237,1.177888318539623e-08
0,8238,3.060579580363196e-08
0,8239,1.1548238769691727e-08
0,8240,327.4942705112365
0,8241,196.01272370154274
0,8242,159.21678318483893
0,8243,143.23356368911203
0,8244,134.66739656933973
0,8245,129.52320571547173
0,8246,133.40954285435157
0,8247,142.49324994501114
0,8248,159.76371999221806
0,8249,197.98197834207133
0,8250,324.20356549718304
0,8251,2.7518197474316423e-09
0,8252,1.2884096616939229e-08
0,8253,1.913627227760216e-08
0,8254,3.4997119097454437e-08
0,8255,1.735638412839855e-08
0,8256,1.2702739000978943e-08
0,8257,1.2703103376253552e-08
0,8258,1.2703273961424974e-08
0,8259,1.2703314721370374e-08
0,8260,1.2703239615111407e-08
0,8261,1.2703015172439318e-08
0,8262,4.3182605281392994e-08
0,8263,370.12946949806224
0,8264,306.7051193847318
0,8265,304.4785649256456
0,8266,364.0910088370283
0,8267,365.60249690411223
0,8268,1.6978758451486253e-07
0,8269,9.19453857334252e-08
0,8270,6.649617648563598e-08
0,8271,5.448496757414547e-08
0,8272,4.821052829893306e-08
0,8273,4.534445068344749e-08
0,8274,4.5475772552509874e-08
0,8275,5.0368623649828194e-08
0,8276,7.557945340211922e-08
0,8277,1.5434625206793375e-08
0,8278,1.543552799940455e-08
0,8279,1.5436008457022618e-08
0,8280,1.5436304134842005e-08
0,8281,1.54364670465302e-08
0,8282,1.543652159728837e-08
0,8283,1.543647679552028e-08
0,8284,1.5436319318390393e-08
0,8285,1.5436032406823298e-08
0,8286,1.5435556529544363e-08
0,8287,1.543480476184042e-08
0,8288,9.929929964793208e-08
0,8289,5.7909438375087835e-08
0,8290,367.25314538272124
0,8291,222.02148233823928
0,8292,183.4906115679291
0,8293,168.6774903407681
0,8294,165.2882766220288
0,8295,170.29891418298894
0,8296,182.9165543038728
0,8297,221.99034940453103
0,8298,366.0631721438356
0,8299,5.3298452117099635e-08
0,8300,4.059335897955795e-08
0,8301,3.2849941620619906e-08
0,8302,2.7634993410858145e-08
0,8303,2.3883153359484252e-08
0,8304,2.105051314700855e-08
0,8305,1.5434740871447946e-08
0,8306,1.543530201704171e-08
0,8307,1.5435585408560105e-08
0,8308,1.5435682299923717e-08
0,8309,1.543569260517897e-08
0,8310,1.5435567475746058e-08
0,8311,1.5435287316400357e-08
0,8312,1.543481905911113e-08
0,8313,253.2674767588759
0,8314,189.08656251674537
0,8315,163.6697579196227
0,8316,151.0709788872275
0,8317,145.68966260550695
0,8318,147.6198319737915
0,8319,136.4555093603001
0,8320,1.5567502840182872e-07
0,8321,192.08364950512873
0,8322,234.56517696904046
0,8323,3.95513158295952e-08
0,8324,3.1803698179280374e-08
0,8325,2.6637531802089137e-08
0,8326,1.543828409587593e-08
0,8327,1.5438798910947743e-08
0,8328,1.5439502412554416e-08
0,8329,1.5440070210565377e-08
0,8330,1.544027190716886e-08
0,8331,1.5440643958689718e-08
0,8332,1.544096477356876e-08
0,8333,1.5441287459968796e-08
0,8334,1.544173728149275e-08
0,8335,1.5441971602056395e-08
0,8336,1.5442166391028267e-08
0,8337,1.5442225037165327e-08
0,8338,1.5442239311828728e-08
0,8339,1.5442234407533374e-08
0,8340,1.5442188715577703e-08
0,8341,1.5442127023704982e-08
0,8342,1.5442073096432518e-08
0,8343,4.4064857724959434e-08
0,8344,3.462109319614723e-08
0,8345,2.8560426339257285e-08
0,8346,2.434115555453238e-08
0,8347,2.123524192332451e-08
0,8348,1.8853379070082145e-08
0,8349,1.6968677450252e-08
0,8350,1.5440851681514187e-08
0,8351,1.5440560085267053e-08
0,8352,1.5440252816691167e-08
0,8353,1.5439866869150964e-08
0,8354,1.5439437787713225e-08
0,8355,1.543892432921889e-08
0,8356,1.543828210410845e-08
0,8357,1.543741860776127e-08
0,8358,1.5436107659114133e-08
0,8359,1.5436691538543652e-08
0,8360,337.01619560800583
0,8361,195.14587626559165
0,8362,158.9887854179014
0,8363,143.62736735741385
0,8364,136.03350395439855
0,8365,134.19279271442542
0,8366,133.78981691351848
0,8367,139.3536183962212
0,8368,157.64312193281253
0,8369,196.3678574876216
0,8370,315.84106384912667
0,8371,3.065226629052112e-08
0,8372,2.8448462232366813e-08
0,8373,2.6688639080647776e-08
0,8374,2.5218879527936757e-08
0,8375,1.350619130527837e-08
0,8376,1.3506628525721868e-08
0,8377,1.3506859899322364e-08
0,8378,1.350694773155849e-08
0,8379,1.3506912539479137e-08
0,8380,1.3506716424455163e-08
0,8381,1.3506325824041009e-08
0,8382,235.61272845264304
0,8383,216.97891892397575
0,8384,183.56947237585146
0,8385,170.31062480239532
0,8386,164.97884840358233
0,8387,3.460305571355434e-08
0,8388,2.782019045724675e-08
0,8389,2.3299186459904654e-08
0,8390,50.71019330957867
0,8391,204.3181022505119
0,8392,244.30698394346533
0,8393,407.8143004182663
0,8394,2.065344189234122e-08
0,8395,2.7390855666217155e-08
0,8396,4.075705027668114e-08
0,8397,1.591639110431209e-08
0,8398,1.6411796292355516e-08
0,8399,1.6769191313797054e-08
0,8400,1.7071371970874065e-08
0,8401,1.734264366477732e-08
0,8402,1.759387402381355e-08
0,8403,1.783104169826295e-08
0,8404,1.805781033223421e-08
0,8405,1.827664833648076e-08
0,8406,1.8489295459552364e-08
0,8407,1.8697329469364118e-08
0,8408,1.8901198573826965e-08
0,8409,1.910147949308363e-08
0,8410,1.9299427026556713e-08
0,8411,1.9495380908647982e-08
0,8412,1.968972711656751e-08
0,8413,1.988293969851129e-08
0,8414,2.0075395346321097e-08
0,8415,5.102892479833058e-08
0,8416,3.9704791518343433e-08
0,8417,3.256054622369816e-08
0,8418,2.7641269673469172e-08
0,8419,2.4046497603864722e-08
0,8420,2.1303876087282712e-08
0,8421,2.1519042252597046e-08
0,8422,2.173526632336326e-08
0,8423,2.1952628897669912e-08
0,8424,2.217114532037604e-08
0,8425,2.2391021596758774e-08
0,8426,2.261325217733546e-08
0,8427,2.2837243684857176e-08
0,8428,2.3063407360884072e-08
0,8429,2.329168173223039e-08
0,8430,2.3522204051989548e-08
0,8431,2.3755330103404984e-08
0,8432,3.3374394217645584e-08
0,8433,2.8218265556402897e-08
0,8434,2.4476736230362293e-08
0,8435,2.472498989743635e-08
0,8436,2.4976709355729144e-08
0,8437,2.5232064496546428e-08
0,8438,2.54915990130203e-08
0,8439,1.1009594739641462e-07
0,8440,6.786669508721031e-08
0,8441,4.9217080533635424e-08
0,8442,3.870423669061885e-08
0,8443,3.19543132840157e-08
0,8444,2.72534890517519e-08
0,8445,2.7577514512393015e-08
0,8446,2.7908395661143352e-08
0,8447,2.8245205654121592e-08
0,8448,2.4539950550622037e-08
0,8449,2.1719394099455205e-08
0,8450,1.9499480663109274e-08
0,8451,1.7705304218346065e-08
0,8452,1.622183720203119e-08
0,8453,1.622629943205515e-08
0,8454,2.999374841582066e-08
0,8455,2.999620600422387e-08
0,8456,2.999798723834335e-08
0,8457,2.999966482538467e-08
0,8458,3.000128827948206e-08
0,8459,3.000290662542868e-08
0,8460,3.0004511538120544e-08
0,8461,3.000625804652516e-08
0,8462,3.000809399289473e-08
0,8463,3.0009875893585096e-08
0,8464,3.0011586667214653e-08
0,8465,3.001332889426752e-08
0,8466,3.0015023681132755e-08
0,8467,3.0016699957258447e-08
0,8468,3.00183813679454e-08
0,8469,3.0020091302815827e-08
0,8470,3.002180153636701e-08
0,8471,3.002345008305314e-08
0,8472,3.0025021228536003e-08
0,8473,3.0026401860781224e-08
0,8474,3.0027537801000066e-08
0,8475,3.002943784557487e-08
0,8476,3.003149539584828e-08
0,8477,3.00336358354005e-08
0,8478,3.003577185224811e-08
0,8479,3.003779875662216e-08
0,8480,3.0039712523411923e-08
0,8481,3.004158695467263e-08
0,8482,3.004347058987127e-08
0,8483,3.004544596193649e-08
0,8484,3.004729276578783e-08
0,8485,3.004910448007621e-08
0,8486,3.005109854173029e-08
0,8487,3.005338091043825e-08
0,8488,3.0062606156964545e-08
0,8489,6.412737156464849e-08
0,8490,4.641811714669897e-08
0,8491,3.645296043849628e-08
0,8492,3.006350216449961e-08
0,8493,3.0064154004426726e-08
0,8494,3.006599383070186e-08
0,8495,3.00678096949062e-08
0,8496,3.0069418324995276e-08
0,8497,3.007014935879634e-08
0,8498,3.007086167678102e-08
0,8499,3.00746262370354e-08
0,8500,3.007717846091292e-08
0,8501,3.0079590683573175e-08
0,8502,3.008186416683775e-08
0,8503,3.008471962328928e-08
0,8504,524.1833035946029
0,8505,2.041843787971016e-07
0,8506,1.0665815548322648e-07
0,8507,7.385706530827494e-08
0,8508,5.733257089771734e-08
0,8509,4.7339874281782416e-08
0,8510,4.516159453299911e-08
0,8511,5.072095729604807e-08
0,8512,5.84513580253283e-08
0,8513,7.033358191440144e-08
0,8514,9.231380673924573e-08
0,8515,1.5824406911663655e-07
0,8516,3.33312799718634e-08
0,8517,4.3772907720043635e-08
0,8518,8.183446449153945e-08
0,8519,614.5232569690039
0,8520,761.2357225773876
0,8521,865.1892138356958
0,8522,899.9556689936131
0,8523,901.9370642165538
0,8524,865.4490638438533
0,8525,755.470682374877
0,8526,617.9812952736546
0,8527,4.3189888219371815e-08
0,8528,1.668949691730284e-07
0,8529,8.249495548113173e-08
0,8530,6.048170194658992e-08
0,8531,4.929196461209964e-08
0,8532,4.2198500444845034e-08
0,8533,3.715927200938587e-08
0,8534,3.331409276746526e-08
0,8535,3.0229594787498955e-08
0,8536,2.7658586542982083e-08
0,8537,2.9158845185178186e-07
0,8538,8.89651558248799e-08
0,8539,5.3162838365642794e-08
0,8540,3.809559594301524e-08
0,8541,2.9759359776538393e-08
0,8542,2.4450289763560312e-08
0,8543,2.07608673166746e-08
0,8544,2.0123176327339513e-08
0,8545,1.9479525878400838e-08
0,8546,1.8818015642197886e-08
0,8547,1.811803951400393e-08
0,8548,1.7334768663290902e-08
0,8549,1.6315669866756257e-08
0,8550,126.03049535336218
0,8551,256.18175704612753
0,8552,182.97942559196068
0,8553,153.62780701395968
0,8554,139.72456452089898
0,8555,133.35632144825587
0,8556,131.0843414806668
0,8557,132.1278892827726
0,8558,139.3057808768986
0,8559,155.14483916658358
0,8560,191.18557925850757
0,8561,307.2511990648395
0,8562,2.230653302648467e-08
0,8563,3.958270361698393e-08
0,8564,1.543514022807197e-08
0,8565,1.543653388993872e-08
0,8566,1.5437400755002e-08
0,8567,1.543799777611212e-08
0,8568,1.5438405842531995e-08
0,8569,1.5438662674046533e-08
0,8570,1.5438820378387927e-08
0,8571,1.543877090716098e-08
0,8572,1.543918460498623e-08
0,8573,1.5439426725739067e-08
0,8574,1.5439504552083408e-08
0,8575,1.5439719375156475e-08
0,8576,1.885051475543798e-08
0,8577,1.6966754564949274e-08
0,8578,1.5439267627508397e-08
0,8579,1.543902401274699e-08
0,8580,1.5438765855336204e-08
0,8581,1.5438462618469435e-08
0,8582,1.5438384388134424e-08
0,8583,2.6537667714401003e-07
0,8584,296.90484545363114
0,8585,1238.5147266518743
0,8586,4.7550829916490935e-08
0,8587,3.9272652865980325e-08
0,8588,3.358135231361744e-08
0,8589,2.940459591341908e-08
0,8590,1.7905797900905123e-08
0,8591,1.8422362669238317e-08
0,8592,1.890940548157218e-08
0,8593,1.9378931388682342e-08
0,8594,1.9838276312277904e-08
0,8595,2.02923175988917e-08
0,8596,2.0744555642576576e-08
0,8597,2.119769847418071e-08
0,8598,2.1653972002760104e-08
0,8599,2.2115280004527093e-08
0,8600,2.25833201982261e-08
0,8601,2.305966471796296e-08
0,8602,2.3545715365091307e-08
0,8603,2.404302986710956e-08
0,8604,2.455290189496811e-08
0,8605,2.5077104899905525e-08
0,8606,2.561723277312938e-08
0,8607,4.288496956906694e-07
0,8608,1.3906252132944242e-07
0,8609,8.506459601711699e-08
0,8610,6.214050502657278e-08
0,8611,4.940108164949291e-08
0,8612,4.125536883428237e-08
0,8613,3.556885402780896e-08
0,8614,3.827552005925699e-08
0,8615,4.1514803039730886e-08
0,8616,4.5503764862545005e-08
0,8617,5.060453420391357e-08
0,8618,5.747966440362455e-08
0,8619,6.746268003578876e-08
0,8620,1.9572445028585335e-08
0,8621,1.8472348184697202e-08
0,8622,1.73151315578421e-08
0,8623,1.4293174104175596e-07
0,8624,1.6404224253543172e-07
0,8625,1.9765045059709583e-07
0,8626,2.643002352114578e-07
0,8627,5.216684854879566e-07
0,8628,2.055424921538419e-08
0,8629,2.1336622169509272e-08
0,8630,2.096713805594007e-08
0,8631,2.007849027979672e-08
0,8632,1.8907999949607627e-08
0,8633,9.554853668203423
0,8634,2.716261119470358e-08
0,8635,3.524030011916755e-08
0,8636,4.7616635234737045e-08
0,8637,9.118923388014885e-08
0,8638,682.6256536975906
0,8639,767.8729368387161
0,8640,889.5327720872411
0,8641,938.0785813106132
0,8642,955.3587223186357
0,8643,961.4334965804057
0,8644,963.3514465518336
0,8645,964.3510976883888
0,8646,964.3630671393367
0,8647,964.8241813611896
0,8648,965.5202587324392
0,8649,964.4349329681604
0,8650,961.4361344740513
0,8651,957.8281466172981
0,8652,945.4418696283082
0,8653,909.0793551428674
0,8654,818.6378317258292
0,8655,621.2463166275259
0,8656,3.607348846961931
0,8657,544.0912097377261
0,8658,359.945346749082
0,8659,339.5171038800358
0,8660,382.86106175222136
0,8661,2.771480014063482e-07
0,8662,2.7377488967586505e-08
0,8663,2.7377674210043052e-08
0,8664,2.7377693300732503e-08
0,8665,2.7377110308110904e-08
0,8666,2.737605823171954e-08
0,8667,3.643698392048869e-08
0,8668,2.91640595226632e-08
0,8669,7.071114230100246e-08
0,8670,3.106471886841431e-08
0,8671,1.995534983761769e-08
0,8672,340.5580707316292
0,8673,194.71531468055633
0,8674,158.92229527492034
0,8675,143.5908864147003
0,8676,134.45391722241857
0,8677,114.27329729340255
0,8678,132.9288740381359
0,8679,142.27685598916767
0,8680,159.4734368638246
0,8681,196.61277840280502
0,8682,330.194273128543
0,8683,2.5514227596262122e-08
0,8684,2.9450786054930386e-08
0,8685,3.636945480051107e-08
0,8686,5.8288369469293086e-08
0,8687,1.5434700293145374e-08
0,8688,1.5434768433840757e-08
0,8689,1.543514874490694e-08
0,8690,1.5435307575869915e-08
0,8691,1.5435306578886725e-08
0,8692,1.543513793458627e-08
0,8693,1.543473844452745e-08
0,8694,1.0949692980863075e-07
0,8695,272.47455217815025
0,8696,218.18752733305752
0,8697,197.23443460972808
0,8698,192.23843971435494
0,8699,198.659207198053
0,8700,2.635061924451316e-07
0,8701,9.83147719532245e-08
0,8702,6.067064964009332e-08
0,8703,4.399005640652018e-08
0,8704,242.3971823534378
0,8705,212.18948982284945
0,8706,2.4325860675731675e-08
0,8707,2.1226893539674275e-08
0,8708,1.5440348441833696e-08
0,8709,1.5439653641156133e-08
0,8710,1.5440544193178992e-08
0,8711,1.5441188617537635e-08
0,8712,1.5441232360221467e-08
0,8713,1.54416214428322e-08
0,8714,1.5442051979923165e-08
0,8715,1.5442431922560508e-08
0,8716,1.5442771053917172e-08
0,8717,1.5443200844082625e-08
0,8718,1.5444155514066912e-08
0,8719,1.5444429319632128e-08
0,8720,1.5444906331769193e-08
0,8721,1.5444836698530606e-08
0,8722,1.5444853793615516e-08
0,8723,1.5444904436709157e-08
0,8724,1.544493404277563e-08
0,8725,1.5444956529926592e-08
0,8726,1.5445042129905642e-08
0,8727,2.8576564048491933e-08
0,8728,2.435359771021283e-08
0,8729,2.1244837764607133e-08
0,8730,1.8861007031339847e-08
0,8731,1.6975152255247953e-08
0,8732,1.5444828808386515e-08
0,8733,1.544451768118592e-08
0,8734,1.5444375929322648e-08
0,8735,1.544415447124738e-08
0,8736,1.5443412888042286e-08
0,8737,1.5443115809376094e-08
0,8738,1.5442864462061076e-08
0,8739,1.5442618301921617e-08
0,8740,1.544260856732432e-08
0,8741,1.5442364940809484e-08
0,8742,1.5441927640509414e-08
0,8743,1.5442100796939133e-08
0,8744,2.1234868229857388e-08
0,8745,1.885232026465437e-08
0,8746,1.6967406933695998e-08
0,8747,1.5439063307059423e-08
0,8748,1.5437668039155523e-08
0,8749,1.5436349195688674e-08
0,8750,412.01928568442
0,8751,295.22479225431977
0,8752,264.3209319793643
0,8753,275.0372645802097
0,8754,331.7932796644379
0,8755,4.3998107229813524e-08
0,8756,3.458353407320084e-08
0,8757,2.853855216234901e-08
0,8758,2.4328263814319323e-08
0,8759,2.122680393277707e-08
1,0,1.543429471069197e-08
1,1,1.543418354728737e-08
1,2,1.5434155952222803e-08
1,3,1.5434104520199287e-08
1,4,1.5434106903184183e-08
1,5,1.5434116144042587e-08
1,6,1.543413182413524e-08
1,7,1.5434156009946405e-08
1,8,1.5434195750812913e-08
1,9,1.5434183742862195e-08
1,10,1.543416433401531e-08
1,11,1.5434159785931192e-08
1,12,1.543414700984187e-08
1,13,1.5434145759744906e-08
1,14,1.5434168566557632e-08
1,15,1.543432478521679e-08
1,16,4.399892206102791e-08
1,17,3.4581287650548454e-08
1,18,2.853380611460678e-08
1,19,2.4322350341066177e-08
1,20,2.12212580687771e-08
1,21,1.8842490701004793e-08
1,22,1.5434915785738693e-08
1,23,1.5434152459785683e-08
1,24,1.5434126741290424e-08
1,25,1.5434116963548657e-08
1,26,1.543411309744634e-08
1,27,1.5434111222926853e-08
1,28,1.5434109178163907e-08
1,29,1.5434116225330644e-08
1,30,1.5434164117545876e-08
1,31,8273.287464062576
1,32,22025.107965908745
1,33,16014.041073117622
1,34,2.6430929231179663e-07
1,35,9.841815035849374e-08
1,36,6.069827941487029e-08
1,37,4.4001392495495524e-08
1,38,3.45827578300496e-08
1,39,2.8541161616891917e-08
1,40,3306.4376939516046
1,41,2480.1681444373953
1,42,2.340443259849108e-08
1,43,2.499831970829839e-08
1,44,2.6202046342916068e-08
1,45,3.214318138613259e-08
1,46,4.178305350951446e-08
1,47,3.040935553522562e-08
1,48,3.280516495171565e-08
1,49,3.579219529317197e-08
1,50,4.013140194655395e-08
1,51,4.7983414215371236e-08
1,52,1.809744552152309e-08
1,53,5.151919481058789e-08
1,54,4.053134064667201e-08
1,55,3.344841759246413e-08
1,56,2.8514304596320543e-08
1,57,2.48804327835721e-08
1,58,2.2092784694841715e-08
1,59,1.9886708003457665e-08
1,60,1.8097540791309886e-08
1,61,1.8097491467263384e-08
1,62,1.8097600605825558e-08
1,63,1.809784896169295e-08
1,64,1909.8916821267087
1,65,8258.22987043096
1,66,3489.8845411377215
1,67,2.5373923356603582e-08
1,68,3.217832757594443e-08
1,69,3.979133009442609e-08
1,70,5.2369387313080885e-08
1,71,9.808819394601363e-08
1,72,10256.276130282376
1,73,12979.070328170834
1,74,14183.65580321088
1,75,14751.041513584243
1,76,14683.346753426262
1,77,14114.318661488238
1,78,13647.616736825572
1,79,14585.44434862362
1,80,15958.139913160785
1,81,15039.969983491825
1,82,14426.358666569646
1,83,13516.570669772853
1,84,11884.908296167268
1,85,9955.186259619288
1,86,5754.168163206297
1,87,9.181770990382681e-08
1,88,3.2615998267059455e-08
1,89,1.687891181158111e-07
1,90,8.14213563563287e-08
1,91,5.9403837838333136e-08
1,92,4.829379679314468e-08
1,93,4.127141335164773e-08
1,94,3.62870460847683e-08
1,95,3.248317320291347e-08
1,96,2.9428573557040502e-08
1,97,2.6876476840140972e-08
1,98,2.4670537782303653e-08
1,99,2.2698810613119223e-08
1,100,2.0866455857183002e-08
1,101,1.9059258329872503e-08
1,102,1.7007491860074895e-08
1,103,8685.212556145327
1,104,24740.322113034443
1,105,18574.99682505148
1,106,4702.633392263451
1,107,4721.15752791855
1,108,775.0819171410865
1,109,82.41917635934153
1,110,2512.6214738706108
1,111,3580.3516572165204
1,112,3939.624607643736
1,113,4349.074745202249
1,114,2.2417146205724962e-08
1,115,2.9742711314605336e-08
1,116,4.960267894646116e-08
1,117,1.543403028546099e-08
1,118,1.543390615497469e-08
1,119,1.5433884253728276e-08
1,120,1.5433875872438907e-08
1,121,1.543387654943338e-08
1,122,1.543387686384015e-08
1,123,1.5433876670140656e-08
1,124,1.5433874344538854e-08
1,125,1.5433875264950266e-08
1,126,1.5434304055222123e-08
1,127,6450.181352449413
1,128,23155.567020287584
1,129,19882.64901218578
1,130,10172.001155619819
1,131,1.462575511711672e-07
1,132,7.348948493904252e-08
1,133,4.923622332155583e-08
1,134,3.711047414177692e-08
1,135,1522.578825737697
1,136,7360.002332869439
1,137,8120.516292369932
1,138,2.4268131064645172e-08
1,139,2.6997543913004953e-08
1,140,3.0165509614776804e-08
1,141,1.5434079043069455e-08
1,142,1.5433949302724604e-08
1,143,1.5433981541994587e-08
1,144,1.5434000424532468e-08
1,145,1.543402034156185e-08
1,146,1.543403703938831e-08
1,147,1.54339471202917e-08
1,148,1.54339185866943e-08
1,149,1.5434003522506344e-08
1,150,1.54341094876545e-08
1,151,1.5434213743308902e-08
1,152,7591.403828995563
1,153,14843.072223410594
1,154,2515.1606566044593
1,155,6597.143597063404
1,156,7.191558844043882e-08
1,157,5.8114989706543614e-08
1,158,4.988606616882743e-08
1,159,4.453016443499197e-08
1,160,4.087322143523015e-08
1,161,3.830999533657877e-08
1,162,3.649396639919468e-08
1,163,2.9216240823786246e-08
1,164,3.3989103892029856e-08
1,165,3.3059403891973085e-08
1,166,3.233023159565534e-08
1,167,3.173145022963275e-08
1,168,1.6879824652123334e-08
1,169,1.6879784947016862e-08
1,170,1.6879782695826905e-08
1,171,1.6879784163426683e-08
1,172,1.6879801186715386e-08
1,173,1.6879799362396153e-08
1,174,1.0577686694449896e-07
1,175,1.0762109701320717e-07
1,176,1.0762244030961226e-07
1,177,1.0762239846756703e-07
1,178,1.0762217137190813e-07
1,179,1.0762258313096813e-07
1,180,1.0762135222400378e-07
1,181,1.0762057285994948e-07
1,182,1.0762420488446731e-07
1,183,1361.4139807397905
1,184,10189.533240292574
1,185,18953.90705105202
1,186,15438.82750256971
1,187,5174.930706684072
1,188,1.7050781131900273e-07
1,189,1.076262994643886e-07
1,190,1.0762728760868806e-07
1,191,1.0762911292964256e-07
1,192,1.0763114672394524e-07
1,193,1.0763365917956151e-07
1,194,1.0763629456237247e-07
1,195,1.0763897758364453e-07
1,196,1.0764174661257429e-07
1,197,1.0764494393707309e-07
1,198,1.0764939892052012e-07
1,199,1.0767960932766695e-07
1,200,5990.472857199066
1,201,1.7876228109299465e-07
1,202,1.143887519293083e-07
1,203,1.182691546690399e-07
1,204,1.2255147900788266e-07
1,205,1.2730932685059957e-07
1,206,1.3263997910450574e-07
1,207,1.3866519683698925e-07
1,208,1.4555151055885328e-07
1,209,1.5352615789117883e-07
1,210,1.6289911369823744e-07
1,211,1.7414866285280915e-07
1,212,1.8798627890792628e-07
1,213,2.0559960133481256e-07
1,214,2.2892228583538867e-07
1,215,4.1243843812527824e-08
1,216,3.418290339896263e-08
1,217,2.9234285589693575e-08
1,218,2.5571352163437195e-08
1,219,2.274856467477884e-08
1,220,2.0504447655786238e-08
1,221,1.8674579614629693e-08
1,222,1.7148321333205466e-08
1,223,1.714852559269348e-08
1,224,106.43150289760192
1,225,108.90214788773629
1,226,110.51512727397605
1,227,111.36398646830054
1,228,109.49243843117921
1,229,109.47092304603703
1,230,115.48518166872165
1,231,118.57203310347545
1,232,120.91546819067015
1,233,123.90563519068652
1,234,126.23006822307231
1,235,128.73524301664366
1,236,130.48028407651364
1,237,131.89289524072692
1,238,134.38250327914662
1,239,135.74645248814704
1,240,135.18138259483504
1,241,139.63474286670356
1,242,142.3225206772768
1,243,145.26406222254133
1,244,148.94323814006668
1,245,155.91009212735338
1,246,160.64032640875308
1,247,171.9636855094719
1,248,180.78227822978218
1,249,188.1829304317912
1,250,195.15344138846734
1,251,201.80755726170068
1,252,203.15379621471993
1,253,202.27069943018853
1,254,233.1385236982305
1,255,266.1354373944548
1,256,297.9688756084264
1,257,325.85928462100236
1,258,375.9138388579262
1,259,344.5495577571326
1,260,4.394835528931753e-08
1,261,3.533418080508047e-08
1,262,2.9591578415922237e-08
1,263,2.548971974619419e-08
1,264,1.7148982472893655e-08
1,265,1.714888547370275e-08
1,266,1.714887944896407e-08
1,267,1.714883568764382e-08
1,268,1.714883740268225e-08
1,269,1.7148846320146863e-08
1,270,1.7150488958225915e-08
1,271,172.11082590568608
1,272,117.38607519827211
1,273,93.77056546512208
1,274,80.18873982898904
1,275,71.31543468087419
1,276,64.52160493392891
1,277,59.445457881654534
1,278,55.837068028044854
1,279,52.80892659480863
1,280,49.59699108866207
1,281,47.18011520597932
1,282,44.04572461099734
1,283,5.818832461765148e-08
1,284,4.387606425777172e-08
1,285,3.5283777377487246e-08
1,286,2.9553658728651548e-08
1,287,2.5459731553485786e-08
1,288,2.2387921544161606e-08
1,289,2.0000903928987e-08
1,290,1.809045780393537e-08
1,291,1.71476732710724e-08
1,292,5.4047819144399385e-08
1,293,3.3284186180899326e-08
1,294,2.438063209967648e-08
1,295,3398.0080339638807
1,296,20158.141726348604
1,297,21889.560896638468
1,298,19032.139945476734
1,299,638.7755671958942
1,300,7.959356983332363e-08
1,301,5.332245737984983e-08
1,302,4.019205392721809e-08
1,303,3980.5217103598216
1,304,5446.8014712936365
1,305,2119.546640327668
1,306,2.607776910570271e-08
1,307,2.874259044089415e-08
1,308,3.877001409161447e-08
1,309,3.693046953658172e-08
1,310,4.664227422852477e-08
1,311,8.409791143465105e-08
1,312,12528.71514122434
1,313,14992.916609682326
1,314,14433.37645594008
1,315,14082.478600242974
1,316,14213.865977130261
1,317,14517.710057003293
1,318,9901.204373645636
1,319,18805.762755296622
1,320,21491.39337299037
1,321,1.971419585377102e-07
1,322,9.905493951145009e-08
1,323,6.636349196490322e-08
1,324,5.0018779579583973e-08
1,325,4.0213061720501366e-08
1,326,655.3872435093216
1,327,9466.666882447586
1,328,12301.790581335039
1,329,10968.550507031401
1,330,2973.9446489122515
1,331,3.088974288162688e-08
1,332,4.3823513986447334e-08
1,333,8.697630876169883e-08
1,334,13155.11891920421
1,335,25357.389782726434
1,336,25812.23405145698
1,337,26327.028467575095
1,338,26815.159752072912
1,339,26671.627994877992
1,340,26171.79448037807
1,341,23452.146952540512
1,342,4.6022364070521724e-08
1,343,3686.126555649773
1,344,1599.5793178899373
1,345,1.731418240263319e-07
1,346,8.70117009817373e-08
1,347,5.829919192265273e-08
1,348,4.394211861720942e-08
1,349,3.5328907209785754e-08
1,350,208.39806358475144
1,351,725.7487190827135
1,352,613.8354840235072
1,353,578.2408223391469
1,354,519.0365316044788
1,355,115.55190543534768
1,356,4.394104758730728e-08
1,357,3.532773767555582e-08
1,358,2.9585777457321634e-08
1,359,2.5483779270885938e-08
1,360,1.7149340551176256e-08
1,361,1.71565548075021e-08
1,362,1.8104220063316922e-08
1,363,1.71486430636204e-08
1,364,1.714915728970277e-08
1,365,3.811285511141796e-07
1,366,2.524160640896586e-07
1,367,2.0091155570979894e-07
1,368,12945.263320861452
1,369,11970.569611743025
1,370,7425.1723401911195
1,371,492.5842334165331
1,372,1.713801942085358e-07
1,373,1.7137158707383683e-07
1,374,691.3641862630673
1,375,16760.483187522852
1,376,22560.555278214342
1,377,3817.5038272466595
1,378,1.7760510646666464e-07
1,379,1.8432164425322074e-07
1,380,1.9192964654697066e-07
1,381,4.518475643644493e-08
1,382,3.635045200954567e-08
1,383,3.0457475104295136e-08
1,384,2.6246308078035148e-08
1,385,2.3086549420055555e-08
1,386,2.062779195509569e-08
1,387,1.8660218481419467e-08
1,388,1.7048589963483858e-08
1,389,1.704853694101707e-08
1,390,1.7048645931385748e-08
1,391,2.916458090563797e-07
1,392,2.916913621940848e-07
1,393,2.9169911849375634e-07
1,394,2.916905756631424e-07
1,395,2.9170520037013255e-07
1,396,2.9171314653051806e-07
1,397,2.917318997838086e-07
1,398,2.9175385366495867e-07
1,399,2.917745167706253e-07
1,400,2.9180466949631917e-07
1,401,2.919277591954513e-07
1,402,2.917932638251525e-07
1,403,2.917924402050091e-07
1,404,2.917761490784125e-07
1,405,3.286130469100986e-08
1,406,2.7541369719732137e-08
1,407,2.38112013440495e-08
1,408,2.102782999271365e-08
1,409,1.7048709084203955e-08
1,410,1.7048640108755907e-08
1,411,1.7048640520010732e-08
1,412,1.7048560541469175e-08
1,413,1.7048568052967515e-08
1,414,1.7048570533276496e-08
1,415,1.7048605713641384e-08
1,416,1.0853091463509685e-07
1,417,7.691195449910317e-08
1,418,6.205203366403293e-08
1,419,5.298680398321874e-08
1,420,4.670418790079324e-08
1,421,4.2005625915712233e-08
1,422,3.830787663216303e-08
1,423,3.528793065096976e-08
1,424,3.2750728365786856e-08
1,425,1.106525565300494e-07
1,426,5.9331137610164615e-08
1,427,4.082866690936283e-08
1,428,3.122543817766428e-08
1,429,2.5319920068976267e-08
1,430,2.4287510532663162e-08
1,431,2.3307484469092663e-08
1,432,2.236851937734453e-08
1,433,2.1459134114976163e-08
1,434,2.0566341245432078e-08
1,435,1.9673294378923472e-08
1,436,1.8753531078387635e-08
1,437,1.77528294790911e-08
1,438,1.6492416173555555e-08
1,439,3045.0404105727307
1,440,14905.62277731305
1,441,15157.540374549226
1,442,11143.133263994594
1,443,12197.955090489126
1,444,5392.558882382402
1,445,1366.1751412810463
1,446,1731.573361519518
1,447,1100.5171005357124
1,448,2260.23976342009
1,449,5078.817618783008
1,450,3284.3222068552504
1,451,3.092485686772718e-08
1,452,2.8947936152872594e-08
1,453,2.739547804109788e-08
1,454,2.612249377057871e-08
1,455,1.3539651536820582e-08
1,456,1.3539201190927328e-08
1,457,1.3539197397968e-08
1,458,1.3539197249378093e-08
1,459,1.3539198900340175e-08
1,460,1.3539182182198479e-08
1,461,1.353918611320046e-08
1,462,1.3540063250118788e-08
1,463,18128.491676930862
1,464,17886.964630464412
1,465,13331.922532668103
1,466,4159.096085991443
1,467,3.354346668561271e-08
1,468,2.696586391195491e-08
1,469,2.2582517635633435e-08
1,470,1.9451945843892195e-08
1,471,525.6993772928557
1,472,8499.907113994394
1,473,11442.03729119073
1,474,2689.3772832741884
1,475,2.1686637923916283e-08
1,476,3.813221545641965e-08
1,477,1.543582847368861e-08
1,478,1.5433925698720043e-08
1,479,1.5433916708839195e-08
1,480,1.5433923818046014e-08
1,481,1.5433927659538635e-08
1,482,1.5433935508870985e-08
1,483,1.5433943548629893e-08
1,484,1.543395476407287e-08
1,485,1.543398039058035e-08
1,486,1.5434050741947023e-08
1,487,2.166845200884181e-08
1,488,2.1221455812542095e-08
1,489,1.884283773224304e-08
1,490,1.6960598422462354e-08
1,491,1.543418134783588e-08
1,492,1.5434021929675783e-08
1,493,1.5434020262171147e-08
1,494,1.543408338276314e-08
1,495,9.84111564291323e-08
1,496,1323.8876547543239
1,497,6000.211598259062
1,498,3.4581918447463265e-08
1,499,2.853352604517532e-08
1,500,2.4322194455101234e-08
1,501,2.122100390054252e-08
1,502,1.543422090909752e-08
1,503,1.5434031396138024e-08
1,504,1.5433981930823367e-08
1,505,1.5433928099634932e-08
1,506,1.5433917016071598e-08
1,507,1.543391353035145e-08
1,508,1.5433909190500216e-08
1,509,1.5433911643700755e-08
1,510,1.5433901198105696e-08
1,511,4.361423316634304e-08
1,512,4518.223661814933
1,513,7205.3319055923985
1,514,7284.267447904343
1,515,8827.760790617742
1,516,3635.7725251427883
1,517,176.54261313343315
1,518,3849.981747864258
1,519,10790.779664428248
1,520,2103.236302725326
1,521,9249.1925427831
1,522,5231.769686987301
1,523,3.4942229865812574e-08
1,524,2.746235679169923e-08
1,525,2.265989205141024e-08
1,526,1.9315555684488767e-08
1,527,1.68529122641761e-08
1,528,1.496072194463231e-08
1,529,1.225696335076537e-08
1,530,1.2256926376057745e-08
1,531,1.2256900663390073e-08
1,532,1.2256901912867008e-08
1,533,1.2256906802871222e-08
1,534,1.7033558370170316e-08
1,535,12584.717364769982
1,536,11105.581403644892
1,537,11126.025478998932
1,538,9117.360405473431
1,539,6030.049740168578
1,540,3.083745840803517e-08
1,541,2.4792830184135428e-08
1,542,2.0763326600847933e-08
1,543,1.788558185937376e-08
1,544,7156.941454580642
1,545,12632.568415692886
1,546,6910.251728365858
1,547,2.236134131912754e-08
1,548,1.9814842707554207e-08
1,549,2.4377143201988476e-08
1,550,3.15863244836378e-08
1,551,5.403585810585549e-08
1,552,1.5434097900956983e-08
1,553,1.5433848288446756e-08
1,554,1.543383155075215e-08
1,555,1.5433825018964305e-08
1,556,1.5433826561590873e-08
1,557,1.543383313888641e-08
1,558,1.5433906267840137e-08
1,559,3914.4617029690403
1,560,14779.29333287837
1,561,18470.093491895725
1,562,1.5590179043738282e-07
1,563,7.83344814569173e-08
1,564,5.248094015752338e-08
1,565,1.5434643493187773e-08
1,566,3.179980812330894e-08
1,567,2.6632280183172655e-08
1,568,9.838097958332821e-08
1,569,101.90662756421726
1,570,62.34827704151773
1,571,3.457784489587472e-08
1,572,2.8531455296749617e-08
1,573,2.4320798065515648e-08
1,574,2.1220037028686097e-08
1,575,1.5434143289376703e-08
1,576,1.5433983651118484e-08
1,577,1.5433911312273704e-08
1,578,1.5433914551849466e-08
1,579,1.5433919492308044e-08
1,580,1.543392537251749e-08
1,581,1.5433933665979707e-08
1,582,1.543394079676215e-08
1,583,1.5433957528483477e-08
1,584,1.5433996126633083e-08
1,585,1.5434046522172875e-08
1,586,1.5434070421475144e-08
1,587,1.5434237499272868e-08
1,588,1.5434103141541357e-08
1,589,1.5434008856755622e-08
1,590,1.5434019945794177e-08
1,591,62.51154963252096
1,592,7782.478680303478
1,593,5601.555832232154
1,594,7808.14307430296
1,595,2817.1770680251548
1,596,3.955502056215407e-08
1,597,3.1800302505964004e-08
1,598,2.6631099707838472e-08
1,599,2.2938741937483418e-08
1,600,1.5434072247398658e-08
1,601,1.543395542505164e-08
1,602,1.543395387557427e-08
1,603,1.5433866986143413e-08
1,604,1.54338658734623e-08
1,605,1.543387165227343e-08
1,606,3.4666025104106573
1,607,12834.853642893437
1,608,12027.000707912865
1,609,10167.92963271103
1,610,6885.758759008338
1,611,4715.322579381154
1,612,658.1340644285325
1,613,2.258261202268654e-08
1,614,892.5608680348057
1,615,3963.476811129434
1,616,8125.293492017964
1,617,11424.159892367166
1,618,4965.538939488266
1,619,1.97893339753495e-08
1,620,2.7235579250746238e-08
1,621,4.449260644538922e-08
1,622,1.6584857312182036e-08
1,623,1.7881834187092883e-08
1,624,1.8928065734280573e-08
1,625,1.989830316825113e-08
1,626,2.084739210022501e-08
1,627,2.1802941724457034e-08
1,628,2.2783314488330006e-08
1,629,2.3803271732580368e-08
1,630,2.4876399669848063e-08
1,631,2.6017083892022755e-08
1,632,4.1619887857836414e-08
1,633,3.552935585292977e-08
1,634,3.107716450239829e-08
1,635,3.193684648079083e-08
1,636,3.390457349439468e-08
1,637,3.6155125296455945e-08
1,638,3.877329206956729e-08
1,639,4.188252273005377e-08
1,640,4.5671752401619256e-08
1,641,5.0447178350217854e-08
1,642,5.674711181003384e-08
1,643,6.564138062671674e-08
1,644,7.964545615599529e-08
1,645,1.0684982233307122e-07
1,646,2.04132323741767e-07
1,647,2.1069788774465717e-08
1,648,2.2617310018173842e-08
1,649,2.2901818191131982e-08
1,650,1.8431401834897917e-08
1,651,1.843135072447587e-08
1,652,1.8431340691943204e-08
1,653,1.843130775814686e-08
1,654,1.8431325183010497e-08
1,655,2407.046888837665
1,656,14708.401142412142
1,657,18189.68255762314
1,658,19249.606079181005
1,659,15595.673096080802
1,660,6255.576678057068
1,661,257.5095496543581
1,662,2.1405383149346373e-08
1,663,2.0563478278786638e-08
1,664,2.0563865093346377e-08
1,665,3231.9886432417516
1,666,3.1036348683154445e-08
1,667,4.521894972337972e-08
1,668,9.125143580412606e-08
1,669,4107.214373990558
1,670,5772.218030971488
1,671,5460.0611463007845
1,672,5014.236028099312
1,673,5060.977657550944
1,674,5116.080917455851
1,675,5138.750925308173
1,676,5169.8409122012645
1,677,5264.746213195235
1,678,5576.832341263689
1,679,22864.545665209138
1,680,6037.631749282861
1,681,4460.575018207729
1,682,2575.480815668113
1,683,2252.332946440565
1,684,5.520206181068219e-08
1,685,4.622822326958017e-08
1,686,3.9819877635195115e-08
1,687,30.067584410339325
1,688,7957.744529890687
1,689,16316.259481867644
1,690,8592.025859747024
1,691,3.915637303613317e-08
1,692,5.0616725525765623e-08
1,693,6.828225140276495e-08
1,694,1.3059987893234933e-07
1,695,6559.4442890271885
1,696,16651.060106380042
1,697,17442.29263989623
1,698,17102.97275023035
1,699,16944.373940573576
1,700,16476.5404718833
1,701,16690.496538627987
1,702,7655.133129040827
1,703,2.053140400220708e-07
1,704,508.02972369243594
1,705,6.076091839377399e-08
1,706,5.17730147591065e-08
1,707,4.515963676882779e-08
1,708,4.0089384839631017e-08
1,709,3.607901348113288e-08
1,710,3.282796044484277e-08
1,711,7647.25757052823
1,712,21541.035387212774
1,713,27142.695833929338
1,714,18003.416562227827
1,715,2329.0906379455273
1,716,4.9632876770384676e-08
1,717,1.1711111748003019e-07
1,718,20670.103402327317
1,719,27334.35055738103
1,720,28612.168969626287
1,721,30522.00165780308
1,722,31892.86507788866
1,723,32032.734150908753
1,724,31602.655903266368
1,725,28952.085900745544
1,726,27083.87741357199
1,727,23157.54744258129
1,728,6173.278929748654
1,729,13995.93973017506
1,730,9349.421927866779
1,731,4067.5999539618592
1,732,4.7714874371404406e-08
1,733,4.771342510263274e-08
1,734,779.7911867730811
1,735,10898.161271027146
1,736,26651.309280297988
1,737,8531.343941247198
1,738,6.673276842452834e-07
1,739,3.7567650337447375e-07
1,740,2.9110527352126537e-07
1,741,2.743850180264443e-07
1,742,3.7931074670620327e-07
1,743,14814.140968625892
1,744,23742.96720238433
1,745,25408.426781045648
1,746,25930.577493697867
1,747,25872.635305542837
1,748,26060.46413263447
1,749,25766.79140885062
1,750,24801.196439078958
1,751,23001.388368686155
1,752,21055.28656693131
1,753,20149.942261806606
1,754,18239.998142082793
1,755,18581.42404411493
1,756,15835.987136659334
1,757,14373.760604263276
1,758,14695.491162965398
1,759,14884.192251681363
1,760,17617.831112787662
1,761,22100.46582816192
1,762,27589.797864053435
1,763,23558.503887104733
1,764,18352.828469104083
1,765,24355.44796666069
1,766,27610.843607653875
1,767,28828.429187576927
1,768,29038.917030374985
1,769,29647.157927309432
1,770,29568.49641098188
1,771,28424.253888394644
1,772,26545.400643019075
1,773,24444.660488131234
1,774,1.220343320266522e-07
1,775,6.092411022843441e-07
1,776,3.01222953500845e-07
1,777,2.2445975019633126e-07
1,778,1.861146624501631e-07
1,779,3679.3406679611817
1,780,3973.9529852056035
1,781,4405.974044444151
1,782,8362.11355899625
1,783,10525.849887510476
1,784,11410.460963472024
1,785,15567.97607116211
1,786,15788.708930969542
1,787,2949.118858851578
1,788,1.6331365483481658e-07
1,789,1.6453552384860766e-07
1,790,1.6576791132135956e-07
1,791,8.508541159563945e-08
1,792,5.740267002726199e-08
1,793,4.341577089091403e-08
1,794,3.497748754273112e-08
1,795,2.9332998137940515e-08
1,796,2.5292273432151786e-08
1,797,1.7510396599446846e-07
1,798,1.7670223961639827e-07
1,799,1.7820281589348507e-07
1,800,1.7973520124902795e-07
1,801,1.8129970959010326e-07
1,802,1.8290217026635503e-07
1,803,1.8454922406552937e-07
1,804,1.8623680302215224e-07
1,805,1.8796944211728404e-07
1,806,1.8975727907369865e-07
1,807,1.9159808942314648e-07
1,808,1.9349445150627182e-07
1,809,1.9544657058580208e-07
1,810,1.974550955720247e-07
1,811,1.995221476469404e-07
1,812,2.0165339501435693e-07
1,813,2.038564730992543e-07
1,814,2.0613253645711477e-07
1,815,2.0843872495566562e-07
1,816,9.51122579016014e-08
1,817,6.182533941884985e-08
1,818,4.591593885006518e-08
1,819,3.659341599776176e-08
1,820,3.046896886498078e-08
1,821,2.6138251485230873e-08
1,822,2.2683022451281624e-07
1,823,2.298817800339462e-07
1,824,2.3296060822845365e-07
1,825,2.3614860069062012e-07
1,826,2.394673908547474e-07
1,827,2.4293314627950096e-07
1,828,2.465170027883697e-07
1,829,1.0237728453651855e-07
1,830,2.5404236064912873e-07
1,831,2.584183283692017e-07
1,832,2.6276695735797957e-07
1,833,2.6735914484594557e-07
1,834,2.7215978599834335e-07
1,835,2.7704407021245624e-07
1,836,3.791190860488199e-08
1,837,3.138958024300796e-08
1,838,2.682142743236311e-08
1,839,1.705076608915417e-08
1,840,1.7050716664591964e-08
1,841,1.7050716385226945e-08
1,842,1.7050713015994155e-08
1,843,1.7050700007587412e-08
1,844,1.705071352418682e-08
1,845,7.893286334445494e-08
1,846,5.36557234443751e-08
1,847,814.4801351276062
1,848,1.670101242711862e-07
1,849,8.375312047693051e-08
1,850,5.6078796435780594e-08
1,851,4.2255807980637035e-08
1,852,4.225154939660529e-08
1,853,4.224765656638072e-08
1,854,4.224426883494013e-08
1,855,4.224105284789993e-08
1,856,5012.552533481572
1,857,17206.134121542385
1,858,1.6648297126330884e-07
1,859,8.364255493773019e-08
1,860,5.603614406706956e-08
1,861,4.223660264625204e-08
1,862,4.2236301896673805e-08
1,863,4.223508927439284e-08
1,864,3.395538294300956e-08
1,865,2.843596644230942e-08
1,866,2.449397402544984e-08
1,867,2.153791759944938e-08
1,868,1.9239344803675192e-08
1,869,4.223469453170297e-08
1,870,4.223574863154424e-08
1,871,4.223774615123404e-08
1,872,726.2385801225906
1,873,1.66381504733686e-07
1,874,8.362071319943263e-08
1,875,5.602783342039731e-08
1,876,4.223564964839888e-08
1,877,4.223545299205479e-08
1,878,4.223551421933671e-08
1,879,4.2236024588169954e-08
1,880,5692.388161243774
1,881,18844.27843592728
1,882,21689.74353411587
1,883,6677.680487794737
1,884,1.8776964037309695e-07
1,885,9.522627588822254e-08
1,886,6.423049361050379e-08
1,887,4.8670374143576695e-08
1,888,5.082772821923267e-08
1,889,5.32490094714636e-08
1,890,5.599415861750836e-08
1,891,5.914393060990343e-08
1,892,6.281057497619963e-08
1,893,6.715557009997228e-08
1,894,7.242105999816966e-08
1,895,7.899034019280896e-08
1,896,8.751450858181774e-08
1,897,9.921077178130832e-08
1,898,1.1672183356305243e-07
1,899,1.473020421265093e-07
1,900,2.23525946219913e-07
1,901,1.714814516271234e-08
1,902,39.903691641497375
1,903,45.76606184111736
1,904,49.868545783016735
1,905,55.05646081279193
1,906,61.51472911575007
1,907,70.64194442409678
1,908,85.76772954257453
1,909,116.63622018736878
1,910,177.64627429244572
1,911,2.3574475420338326e-08
1,912,2.708634529367907e-08
1,913,2.9013410831136893e-08
1,914,3.003761969279324e-08
1,915,3.040288387227806e-08
1,916,3.024795802949014e-08
1,917,2.967601625891101e-08
1,918,2.8776192692981875e-08
1,919,2.763016949480787e-08
1,920,2.631171515528433e-08
1,921,2.4884143868356303e-08
1,922,2.339519389183537e-08
1,923,2.1863685950915647e-08
1,924,2.1863665883661582e-08
1,925,2.1863673991172962e-08
1,926,2.1863713101916415e-08
1,927,3037.706632958714
1,928,11251.796785477085
1,929,15082.16949524831
1,930,16648.137229856817
1,931,13713.014458018059
1,932,9569.985399849156
1,933,5585.779671869368
1,934,1774.906318606007
1,935,3.096951642189881e-08
1,936,3.9417790054678884e-08
1,937,4.803557661349717e-08
1,938,6.050066294835139e-08
1,939,9.074902874206038e-08
1,940,2.9064888520411927e-08
1,941,141.6737395062609
1,942,4.137160312422169e-07
1,943,2.4097935783634877e-07
1,944,2.0085796104664052e-07
1,945,2.5586244565864815e-07
1,946,7212.177948473985
1,947,8304.958967042206
1,948,7386.398088242808
1,949,7402.189310444431
1,950,8503.78607504064
1,951,11448.206665962583
1,952,16967.777434329608
1,953,21110.86316234398
1,954,23601.900508064937
1,955,17815.081226949744
1,956,15785.534862118711
1,957,17263.578947404858
1,958,25166.651504817608
1,959,28030.882951392927
1,960,28028.030308295278
1,961,29774.010793311558
1,962,30164.688853067135
1,963,29777.952091319417
1,964,28332.809273420695
1,965,26928.540681662147
1,966,24047.546617137716
1,967,24025.766898565464
1,968,32492.88374754501
1,969,28216.18797723232
1,970,20257.734764303852
1,971,14868.073666918452
1,972,12434.236777953729
1,973,11212.614725961774
1,974,11291.06368560357
1,975,13301.082330108771
1,976,17608.77253431476
1,977,22551.443957496893
1,978,25352.08474264979
1,979,22151.268547962158
1,980,19040.910482077335
1,981,16847.432499149392
1,982,17126.86874510009
1,983,26378.27377580895
1,984,27880.311967110854
1,985,29611.9892479532
1,986,30711.73444197986
1,987,31005.26166982772
1,988,29856.909880561812
1,989,28614.885238660034
1,990,29386.312365164642
1,991,34824.94444400424
1,992,37691.75559690166
1,993,33095.547888145345
1,994,29835.2204674318
1,995,26747.492700124658
1,996,23308.06185166515
1,997,21813.06299938316
1,998,22045.781367103915
1,999,23111.370371876925
1,1000,24160.716213839343
1,1001,31868.508614621955
1,1002,34436.385229233434
1,1003,28653.022416508258
1,1004,24002.615624886857
1,1005,24600.23614563261
1,1006,28308.063399500403
1,1007,29050.680239907353
1,1008,29042.019512590567
1,1009,30859.175424101493
1,1010,31828.924648033448
1,1011,30936.195235704752
1,1012,28930.361225376353
1,1013,27282.95603916422
1,1014,26100.720092725336
1,1015,26852.572500729093
1,1016,31185.349683263845
1,1017,23406.391923416206
1,1018,18634.710733053686
1,1019,17084.91923170633
1,1020,14408.330563978832
1,1021,13261.660483223064
1,1022,14736.031924717652
1,1023,16396.436510064592
1,1024,19515.883782685636
1,1025,23037.115573592346
1,1026,23726.84446908877
1,1027,19767.162681246595
1,1028,16502.14037147778
1,1029,14865.505831058272
1,1030,14816.712908398515
1,1031,13380.807841891286
1,1032,12278.900677885485
1,1033,12053.013911364325
1,1034,12400.803248681796
1,1035,12266.878182973258
1,1036,10707.260271761541
1,1037,711.5854865291061
1,1038,5081.1084008836515
1,1039,5187.083106829059
1,1040,5085.260783969522
1,1041,2977.21261992469
1,1042,2521.9113892920423
1,1043,2087.018817336643
1,1044,1730.8208101007142
1,1045,68.1588553322032
1,1046,544.7179458380979
1,1047,901.5504480754688
1,1048,1315.4087849150114
1,1049,1595.880030979557
1,1050,1698.899026621718
1,1051,1626.4419355941545
1,1052,1554.7163722447326
1,1053,1500.6518867793957
1,1054,1407.7289076741336
1,1055,1209.5320490217084
1,1056,894.8403660948347
1,1057,348.97986439490705
1,1058,1.7149083000068266e-08
1,1059,1.714880810849839e-08
1,1060,1.7148854369816057e-08
1,1061,32.05207577700841
1,1062,943.0631250471158
1,1063,1385.5172413194578
1,1064,1552.1528781194284
1,1065,1624.5599750183746
1,1066,1631.9803493604588
1,1067,1592.260938175362
1,1068,1507.144125482026
1,1069,1438.2012929844968
1,1070,1510.925737857187
1,1071,1654.8069587423288
1,1072,1904.232335225554
1,1073,4590.530574077944
1,1074,8686.781295190362
1,1075,3662.1466738074596
1,1076,2720.780818026757
1,1077,2960.6573170277993
1,1078,3783.535092020053
1,1079,730.2648235199666
1,1080,2.6910439645006244e-08
1,1081,3.2319572709216395e-08
1,1082,3.6306363748949365e-08
1,1083,3.9791568058175e-08
1,1084,4.321328221693315e-08
1,1085,4.699649635736715e-08
1,1086,5.179229189024705e-08
1,1087,5.9010596660478694e-08
1,1088,7.319343966029693e-08
1,1089,1.2966172312103928e-07
1,1090,8433.73744317405
1,1091,14189.843508810207
1,1092,13323.261855326695
1,1093,11804.828286314305
1,1094,12205.663407482047
1,1095,14131.995322998979
1,1096,17817.476457251316
1,1097,36053.03041319384
1,1098,22792.989120614333
1,1099,4.67186784340037e-07
1,1100,3.76046296169275e-07
1,1101,8727.818738957805
1,1102,23444.260258624403
1,1103,25730.418074301804
1,1104,27817.651237091657
1,1105,28491.162196157962
1,1106,27616.710855384692
1,1107,26948.406751831768
1,1108,26218.476819514606
1,1109,24401.082510076147
1,1110,585.0680293376168
1,1111,19831.603019540842
1,1112,22332.00506769358
1,1113,18589.14643113744
1,1114,15325.673443262895
1,1115,5.403785328370655e-07
1,1116,4.043208306843036e-07
1,1117,3.617023823154959e-08
1,1118,3.6170947886947184e-08
1,1119,5188.094845262325
1,1120,2627.0543476143844
1,1121,5.174416967035269e-07
1,1122,3.0064299067394983e-07
1,1123,2.5035081875886896e-07
1,1124,3.187489665040159e-07
1,1125,15387.06258093017
1,1126,25411.203465873532
1,1127,27925.511232699544
1,1128,28415.86315889771
1,1129,29568.722990755537
1,1130,29261.853190586215
1,1131,28060.091730856602
1,1132,27453.635470398545
1,1133,25275.862009378132
1,1134,4004.087121087356
1,1135,27842.78758077161
1,1136,24265.768409550095
1,1137,2688.5594357899704
1,1138,2.1526642118467132e-07
1,1139,1.4421470022706983e-07
1,1140,1.0869635556845644e-07
1,1141,8.738735945031638e-08
1,1142,7.318301406683005e-08
1,1143,6.303871309788843e-08
1,1144,2393.875681234842
1,1145,9516.983199715434
1,1146,9955.521684575033
1,1147,6.344228033582501e-08
1,1148,8.102062095825726e-08
1,1149,1.086290822806859e-07
1,1150,2.0668622341982147e-07
1,1151,21061.797321630453
1,1152,25068.212973447182
1,1153,25369.681259549907
1,1154,25315.399250656068
1,1155,25324.174596102293
1,1156,24977.00447749687
1,1157,24705.29938140566
1,1158,19427.870408758954
1,1159,29901.53655974546
1,1160,30288.09507236253
1,1161,20365.681534587162
1,1162,14626.658391339244
1,1163,12581.648829236103
1,1164,11069.086103931666
1,1165,10698.30421225797
1,1166,11558.605567715147
1,1167,4065.4860714935153
1,1168,23269.586155622223
1,1169,40120.614234919616
1,1170,9207.809528076494
1,1171,8.848041794636214e-07
1,1172,5.496680781091889e-07
1,1173,6.08099531264881e-07
1,1174,1428.0693116577522
1,1175,20289.909856236354
1,1176,21162.565159660593
1,1177,21452.221805410492
1,1178,21648.795885417127
1,1179,21829.44727457215
1,1180,21201.093002398728
1,1181,17977.30109921716
1,1182,10793.20009976918
1,1183,32900.45575310981
1,1184,13687.77915532793
1,1185,4171.589193443419
1,1186,3.470677690800496e-07
1,1187,2.324986304546282e-07
1,1188,1.752319317666973e-07
1,1189,6.837939457613959e-08
1,1190,6.837962594306716e-08
1,1191,1.0162904227842154e-07
1,1192,8.936596884819481e-08
1,1193,4595.658301550451
1,1194,13011.176454766155
1,1195,7909.60279700431
1,1196,409.4320533640536
1,1197,8.094801238830323e-08
1,1198,8.31638022980388e-08
1,1199,8.130931584863848e-08
1,1200,7.758461167018272e-08
1,1201,7.288471881704164e-08
1,1202,7.288318169453446e-08
1,1203,7.288325009820477e-08
1,1204,7.288329936539504e-08
1,1205,7.288341551604154e-08
1,1206,141.8679277978481
1,1207,16552.686156152115
1,1208,23364.85043595315
1,1209,18748.608893133078
1,1210,12822.537535073268
1,1211,5032.945043752125
1,1212,8.544134037595779e-08
1,1213,8.213252229171439e-08
1,1214,8.212834216723324e-08
1,1215,8.212961498258245e-08
1,1216,8.262227451044744e-08
1,1217,8410.845603839369
1,1218,4720.934050090729
1,1219,1.229016552300354e-07
1,1220,1.8183638629711138e-07
1,1221,3.6963799838405894e-07
1,1222,16729.77272936836
1,1223,26270.597037994732
1,1224,28248.95951102682
1,1225,29878.307673679145
1,1226,30881.626207645844
1,1227,31418.860617258673
1,1228,30993.59660723333
1,1229,31926.531420712203
1,1230,33026.2470825839
1,1231,38258.05007544876
1,1232,40585.830684689856
1,1233,36055.20579770051
1,1234,32471.643686548712
1,1235,31091.607998815205
1,1236,29643.08049110563
1,1237,27402.049476796557
1,1238,26329.524566071195
1,1239,26277.453990552134
1,1240,7623.248236054058
1,1241,34707.36693886464
1,1242,34332.88081298831
1,1243,1.7441772704740455e-06
1,1244,1.0123719403720526e-06
1,1245,8.429487485487209e-07
1,1246,1.0728507263088084e-06
1,1247,19774.238118149347
1,1248,26609.763914146704
1,1249,28830.395694164436
1,1250,30229.71100654486
1,1251,31529.792717263947
1,1252,33268.113738330016
1,1253,34361.171194152346
1,1254,34888.43636731512
1,1255,36957.816133941655
1,1256,35716.29922068628
1,1257,34909.475352712136
1,1258,34824.1958824533
1,1259,35299.00624853599
1,1260,35029.475816407525
1,1261,33957.37113546806
1,1262,32994.11492908467
1,1263,31635.265523665326
1,1264,32329.05932158683
1,1265,36203.129988288056
1,1266,39191.67160586923
1,1267,37785.98444739188
1,1268,34108.860153668735
1,1269,32806.01058594684
1,1270,33314.833753448744
1,1271,31452.999752826967
1,1272,32899.81037602824
1,1273,31495.38145720121
1,1274,30802.58097328546
1,1275,28975.521048991734
1,1276,27427.362119877496
1,1277,24645.815335365405
1,1278,3.0649996233872087e-07
1,1279,9179.944364428155
1,1280,8331.559080368466
1,1281,10657.023985479489
1,1282,13693.94907702658
1,1283,14769.63772643939
1,1284,11788.068139934816
1,1285,6088.032280751247
1,1286,2155.281337372441
1,1287,2.939465266070239e-08
1,1288,3.36603805920998e-08
1,1289,3.942816019819774e-08
1,1290,4.998002539304469e-08
1,1291,9.043426702912344e-08
1,1292,8168.039824467647
1,1293,22903.51652359973
1,1294,25864.958211191428
1,1295,25621.690853522283
1,1296,24163.370115027905
1,1297,24721.445855710557
1,1298,25285.10417390062
1,1299,24016.328827948368
1,1300,12821.010023943389
1,1301,4.337269179354326e-08
1,1302,703.534023531774
1,1303,9731.30734279029
1,1304,9871.422236690156
1,1305,8147.266305496573
1,1306,7700.807354333178
1,1307,7219.769060259273
1,1308,5391.75006411408
1,1309,4455.790256364344
1,1310,3997.288707177253
1,1311,3506.3950910508743
1,1312,4214.215161135388
1,1313,6674.254062645598
1,1314,5049.696326367274
1,1315,2.9573402136142307e-08
1,1316,4.467587316542618e-08
1,1317,9.191793553103573e-08
1,1318,20791.591881838212
1,1319,27272.32341790544
1,1320,28295.658899012047
1,1321,29566.571119889686
1,1322,29812.41024559225
1,1323,29225.35891742053
1,1324,27574.053467638427
1,1325,26442.189852124156
1,1326,6340.019338447343
1,1327,20904.613459840988
1,1328,20010.90726909639
1,1329,2.820383883530924e-07
1,1330,1.4171558804823266e-07
1,1331,2.7924627001789626e-08
1,1332,2.792407641822068e-08
1,1333,2.7924043762955877e-08
1,1334,2.792405344431207e-08
1,1335,2.792442203644534e-08
1,1336,3.090174960844694e-08
1,1337,4292.296252604998
1,1338,2888.777414903675
1,1339,2037.8176250269744
1,1340,1591.6539759455788
1,1341,1246.5809610997903
1,1342,627.5600382562532
1,1343,1.7312628138347556e-07
1,1344,8.701357473046563e-08
1,1345,5.830351354434686e-08
1,1346,0.13242783517978501
1,1347,449.6681763643674
1,1348,634.7611480837078
1,1349,757.6021754077315
1,1350,840.0296500592881
1,1351,1033.5149136235848
1,1352,1835.1830790134593
1,1353,854.8195753190895
1,1354,757.4086520868008
1,1355,717.7605363033732
1,1356,678.5909432895435
1,1357,647.7005928448676
1,1358,647.1528508548778
1,1359,663.5767009849299
1,1360,684.1820864799353
1,1361,1756.1952716630876
1,1362,4821.551579750306
1,1363,734.1719797190112
1,1364,610.6072538532826
1,1365,575.570918559854
1,1366,494.7077452654407
1,1367,4.3953661325384595e-08
1,1368,3.533526494815039e-08
1,1369,2.9591204905631073e-08
1,1370,2.5488818384885735e-08
1,1371,2.241244566289659e-08
1,1372,2.0020053666267246e-08
1,1373,1.810647052098355e-08
1,1374,532.615760775886
1,1375,611.3435223421257
1,1376,643.0280288087873
1,1377,609.0429282818143
1,1378,590.4954445218984
1,1379,580.4258416422921
1,1380,585.9893049053805
1,1381,596.687361094962
1,1382,638.7810099218619
1,1383,941.9710517755784
1,1384,4536.260431388214
1,1385,11965.490407005926
1,1386,13169.842806817192
1,1387,3242.355729322412
1,1388,836.0052771053774
1,1389,929.7676728872037
1,1390,1244.1200607605913
1,1391,1529.6988280352273
1,1392,2.6441429654612168e-08
1,1393,3.4505284552859624e-08
1,1394,4.423329435002642e-08
1,1395,6.374130130788432e-08
1,1396,2.36760839106062e-08
1,1397,1.4973840025382526e-07
1,1398,9.264311671049197e-08
1,1399,6.72831245908948e-08
1,1400,5.29435994595334e-08
1,1401,4.372112870191131e-08
1,1402,3.729078573719096e-08
1,1403,2.3675432977393975e-08
1,1404,2.3675044678378503e-08
1,1405,2.3675028113537912e-08
1,1406,2.3675024269248387e-08
1,1407,2.3675008782673962e-08
1,1408,30.31423899283936
1,1409,27095.711468449135
1,1410,32485.993709937582
1,1411,15046.253788824457
1,1412,3.386908721275011e-08
1,1413,4.4962888431512936e-08
1,1414,6.140163867812459e-08
1,1415,1.1858039053700982e-07
1,1416,21363.497583099244
1,1417,24863.025519785446
1,1418,26711.525182739813
1,1419,28177.03767712692
1,1420,29807.790252488838
1,1421,31518.35575601451
1,1422,32917.29261078356
1,1423,35762.38039102926
1,1424,35041.33064986468
1,1425,33623.32154153017
1,1426,32432.782125099362
1,1427,32688.55529621194
1,1428,33322.755907625404
1,1429,32023.426405527014
1,1430,28812.53372354726
1,1431,26336.00519293257
1,1432,24869.46875497898
1,1433,13760.783185781422
1,1434,23542.705787466544
1,1435,24429.614921668854
1,1436,14930.392096005651
1,1437,5.661372304522835e-07
1,1438,4.396848645486177e-07
1,1439,3.9557688806204526e-08
1,1440,3.9557460147431024e-08
1,1441,3.9557389238698037e-08
1,1442,3.9557375199926535e-08
1,1443,3.95573880222232e-08
1,1444,3.9557412859472156e-08
1,1445,3.9557725380856795e-08
1,1446,12464.959846943271
1,1447,27561.22203701109
1,1448,3.997247787085605e-07
1,1449,2.00798946245809e-07
1,1450,3.955755407621559e-08
1,1451,3.955728815310171e-08
1,1452,3.955725596344414e-08
1,1453,3.955734329117897e-08
1,1454,4.535966666524235e-08
1,1455,4.321467455956269e-07
1,1456,2.1280811936683834e-07
1,1457,1.5815193453645217e-07
1,1458,1.3127844076800356e-07
1,1459,1.1370715036184418e-07
1,1460,1.01726767677958e-07
1,1461,9.273745118186516e-08
1,1462,8.566752610888865e-08
1,1463,7.991635241378649e-08
1,1464,7.511668897453841e-08
1,1465,7.103227905974857e-08
1,1466,6.750177311249208e-08
1,1467,6.441160569338141e-08
1,1468,6.167336894149632e-08
1,1469,5.922545776329921e-08
1,1470,5.70184672697222e-08
1,1471,5.5017436593861194e-08
1,1472,1.4119796067958452e-07
1,1473,7.379034588488606e-08
1,1474,5.0137893542458406e-08
1,1475,4.878296485124852e-08
1,1476,4.751733749508278e-08
1,1477,4.633143866762776e-08
1,1478,4.521691220908452e-08
1,1479,4.416677594057313e-08
1,1480,4.317544304857716e-08
1,1481,10399.292382062338
1,1482,10197.847316001575
1,1483,1.664487177031426e-07
1,1484,8.363646925195543e-08
1,1485,5.6034287500865345e-08
1,1486,4.2234707253406e-08
1,1487,4.223421694353268e-08
1,1488,4.2233907448407026e-08
1,1489,4.223366045127535e-08
1,1490,4.2233483540136615e-08
1,1491,4.223311737832383e-08
1,1492,4.223322947162153e-08
1,1493,4.223342531998428e-08
1,1494,4.223365540764816e-08
1,1495,4.2234184590865314e-08
1,1496,4.223422918643848e-08
1,1497,4.2233569056630404e-08
1,1498,4.223333252937483e-08
1,1499,4.223306418386192e-08
1,1500,4.2232796581542493e-08
1,1501,4.223266921583418e-08
1,1502,4.223275726507168e-08
1,1503,4.223295959389378e-08
1,1504,615.095849818601
1,1505,18438.597123901112
1,1506,20011.288961392154
1,1507,124.65971799291432
1,1508,8.364012114048009e-08
1,1509,5.60358847472348e-08
1,1510,4.2234101997373806e-08
1,1511,4.223308334484494e-08
1,1512,4.22330131092592e-08
1,1513,4.2233031354023626e-08
1,1514,4.223318973588296e-08
1,1515,4.2233326940292304e-08
1,1516,4.223361025622487e-08
1,1517,4.223393582576581e-08
1,1518,4.223448953771542e-08
1,1519,1.6638480261046886e-07
1,1520,8.362442755539031e-08
1,1521,5.6029228371710785e-08
1,1522,4.223470401310518e-08
1,1523,4.223472521716555e-08
1,1524,4.223472648215166e-08
1,1525,4.223491306287622e-08
1,1526,4.223522915891608e-08
1,1527,4.2235798967934027e-08
1,1528,117.10419706439586
1,1529,8042.334568161379
1,1530,1.6647913054755885e-07
1,1531,8.364638313320836e-08
1,1532,5.603942766591269e-08
1,1533,4.2237491523250306e-08
1,1534,4.22370479985913e-08
1,1535,4.223713108987391e-08
1,1536,4.223718250517361e-08
1,1537,4.2237373944201324e-08
1,1538,4.2237677594718327e-08
1,1539,4.223804918231246e-08
1,1540,4.223848327517828e-08
1,1541,4.2239043501068755e-08
1,1542,4.2239670811338456e-08
1,1543,4.224830009225594e-08
1,1544,4970.694781728732
1,1545,1708.940409395613
1,1546,2037.6406798400494
1,1547,1.999728280285991e-07
1,1548,1.0287316469329304e-07
1,1549,7.023320002708295e-08
1,1550,5.377985606594914e-08
1,1551,5.8658250824438266e-08
1,1552,6.491568782010222e-08
1,1553,7.336311664833304e-08
1,1554,8.56922806304007e-08
1,1555,1.0624109181479489e-07
1,1556,1.5163340802345224e-07
1,1557,3.29404024032698e-08
1,1558,3.1955137199563574e-08
1,1559,3.104667098967784e-08
1,1560,3.0157418317243966e-08
1,1561,2.9243529522132608e-08
1,1562,2.827406104153769e-08
1,1563,2.7229206449340594e-08
1,1564,2.6112088122244077e-08
1,1565,2.4921428454961493e-08
1,1566,2.3672661746934105e-08
1,1567,2.238597011019954e-08
1,1568,2.108138138878199e-08
1,1569,1.977385745909158e-08
1,1570,1.8461430453202405e-08
1,1571,1.8461196636194766e-08
1,1572,1.8461180189250997e-08
1,1573,1.846117364548441e-08
1,1574,1.8461175167480644e-08
1,1575,1.846120239849892e-08
1,1576,3359.347346284548
1,1577,10653.964269510745
1,1578,14249.82403610967
1,1579,13638.391300951409
1,1580,10334.717173554396
1,1581,9320.22053645495
1,1582,8916.517996753406
1,1583,5862.332700257091
1,1584,328.18062720488234
1,1585,1.7925977589843727e-07
1,1586,9.025575683811943e-08
1,1587,6.05308110068192e-08
1,1588,4.565529778373861e-08
1,1589,3.672520428624161e-08
1,1590,3.0769547077284505e-08
1,1591,2.6513654640762912e-08
1,1592,2.3320657532935476e-08
1,1593,2.083643276925827e-08
1,1594,1.8848074475438152e-08
1,1595,1.7219617826837066e-08
1,1596,1.7219568802081186e-08
1,1597,1.7219563722275523e-08
1,1598,1.7219568815196644e-08
1,1599,1.721961411871317e-08
1,1600,6734.595649806995
1,1601,12198.430220131433
1,1602,15506.789959974556
1,1603,12806.04155894032
1,1604,5490.84375693475
1,1605,1507.0845784786538
1,1606,8.703282405255906e-08
1,1607,5.830911856670673e-08
1,1608,4.394878528305888e-08
1,1609,3.5333137202891215e-08
1,1610,2.958987627824081e-08
1,1611,2.5487951133739756e-08
1,1612,2.2411890243528458e-08
1,1613,2.0019737672528638e-08
1,1614,1.8106693184193577e-08
1,1615,6745.592895431039
1,1616,10966.23367686295
1,1617,4707.883695194594
1,1618,1.8700984809361684e-08
1,1619,1.7918240359179622e-08
1,1620,1.7918190183722707e-08
1,1621,1.7918190833048e-08
1,1622,1.7918192272177306e-08
1,1623,1.7918219631876827e-08
1,1624,3465.4089605710824
1,1625,14813.219986577993
1,1626,20165.23830083348
1,1627,19082.96605753607
1,1628,12100.823349607244
1,1629,5672.478070236325
1,1630,1363.3612664682294
1,1631,2.1228705991857105e-08
1,1632,2.0392910459305052e-08
1,1633,2.039265984677248e-08
1,1634,2.0392658398576534e-08
1,1635,2.0392659199049775e-08
1,1636,2.0392667136991935e-08
1,1637,2.0392699943496166e-08
1,1638,2547.6064434733344
1,1639,7856.2613967389125
1,1640,8897.76399607229
1,1641,6612.606964183965
1,1642,4696.0850206011355
1,1643,3901.733699784301
1,1644,2821.541127722968
1,1645,2141.718254618186
1,1646,2995.8423720886726
1,1647,4066.460351470559
1,1648,5212.677293031041
1,1649,7977.25053924328
1,1650,8776.94275584501
1,1651,7155.740987831325
1,1652,1003.2647892840785
1,1653,3.61390717709494e-08
1,1654,8.491493082146142e-08
1,1655,7992.906256661711
1,1656,19917.037680391324
1,1657,21241.241384643905
1,1658,21366.333968751067
1,1659,20517.06204899099
1,1660,19828.20569378953
1,1661,20064.18594424431
1,1662,6943.328969994969
1,1663,16769.691124635297
1,1664,22996.810362482764
1,1665,14980.891039764665
1,1666,6696.2898906020955
1,1667,2386.806995420532
1,1668,3.4073092485379134e-08
1,1669,3.40728032484491e-08
1,1670,3.40733945066181e-08
1,1671,5291.6777539027635
1,1672,16745.063215923226
1,1673,2195.85687052731
1,1674,130.92350370399194
1,1675,2.61896559525666e-07
1,1676,3.166143304139473e-07
1,1677,3246.095451776912
1,1678,19691.05827301192
1,1679,26639.95932869488
1,1680,27686.248991260993
1,1681,27358.478211715155
1,1682,27664.255961670435
1,1683,28043.329490577496
1,1684,27907.563942576933
1,1685,27442.73343890992
1,1686,29545.079543743046
1,1687,39434.83629811291
1,1688,38394.671229261185
1,1689,28005.426481226397
1,1690,26694.63556184958
1,1691,27796.599156468685
1,1692,24619.929324429384
1,1693,22879.042475358227
1,1694,23932.818922793984
1,1695,22077.421416937865
1,1696,14797.883273359736
1,1697,23327.549226935724
1,1698,20157.152606494452
1,1699,17295.18294118675
1,1700,1085.7279436520084
1,1701,1.6574837958974013e-07
1,1702,2.668277952945649e-07
1,1703,19527.82234391506
1,1704,26045.034184285254
1,1705,27648.6861369589
1,1706,29592.8857856724
1,1707,29524.332930914043
1,1708,29765.293688341975
1,1709,31227.036853944523
1,1710,35394.33914280098
1,1711,40112.01730685109
1,1712,37978.69122271154
1,1713,33511.42212530533
1,1714,32127.24985623023
1,1715,32719.556572382422
1,1716,33181.528113903274
1,1717,31664.471126457778
1,1718,28643.751767260557
1,1719,26351.104772087936
1,1720,21848.525257515583
1,1721,18735.507406414017
1,1722,34936.036914051634
1,1723,22991.95166941052
1,1724,7.829310691934849e-07
1,1725,4.4131780186935227e-07
1,1726,3.4195480735324697e-07
1,1727,3.2230619938640416e-07
1,1728,4.4544311766708464e-07
1,1729,3266.9468421233923
1,1730,3366.8524747167867
1,1731,3511.921285269789
1,1732,3834.676032456645
1,1733,6397.398552592535
1,1734,10274.727959019368
1,1735,6865.820807221484
1,1736,26193.88982397119
1,1737,27526.44547198609
1,1738,29308.208241985183
1,1739,32035.41886552424
1,1740,32069.03213300546
1,1741,29920.472095463578
1,1742,27675.477137675858
1,1743,26741.21423202544
1,1744,1.222379389128318e-07
1,1745,1527.7037064880085
1,1746,18018.00139382699
1,1747,19822.278867903984
1,1748,15262.033932766373
1,1749,11089.924984324947
1,1750,8008.152432193576
1,1751,2810.7770543987485
1,1752,124.62361998963212
1,1753,8.379073862612677e-08
1,1754,1.0354553830368139e-07
1,1755,1.202465322087834e-07
1,1756,1.3823650466514032e-07
1,1757,1.6234944013362443e-07
1,1758,2.062128829194269e-07
1,1759,3.737956032068691e-07
1,1760,2676.1190434752903
1,1761,26761.084332240585
1,1762,27512.415894186077
1,1763,30319.18056340204
1,1764,31143.860215482226
1,1765,29800.74205466603
1,1766,27408.33080868387
1,1767,26768.842857464573
1,1768,3425.0460664194097
1,1769,36436.03256595753
1,1770,27928.183726415034
1,1771,8874.23363122839
1,1772,5.820299821187322e-07
1,1773,4.6066599452681276e-07
1,1774,4.122646064228007e-07
1,1775,4.1766444907492296e-07
1,1776,5.574059505213417e-07
1,1777,9.980525334918995e-08
1,1778,9.980209827961412e-08
1,1779,9.980614045839657e-08
1,1780,214.34775384120266
1,1781,5506.391589341776
1,1782,1.487032672085626e-06
1,1783,9.230018182273224e-07
1,1784,1.0206075983102206e-06
1,1785,14438.552038932074
1,1786,22948.802576145838
1,1787,21727.700834801402
1,1788,20557.661433873338
1,1789,21331.274759334046
1,1790,22488.597359652136
1,1791,1.94321397160071e-07
1,1792,4.6886638823935914e-07
1,1793,2.3093336141950067e-07
1,1794,3432.744945870448
1,1795,1.7229354892117112e-07
1,1796,1.7166472759564885e-07
1,1797,1.7164415067801053e-07
1,1798,1.7162825412817342e-07
1,1799,1.7161104195600194e-07
1,1800,1.7159390483338904e-07
1,1801,1.7157780576504866e-07
1,1802,1.715607516323387e-07
1,1803,1.715482378735107e-07
1,1804,1.7153871526614443e-07
1,1805,1.7152946457424357e-07
1,1806,1.7152272062826573e-07
1,1807,1.7156731284129873e-07
1,1808,1.7156079372675909e-07
1,1809,1.7148619744432022e-07
1,1810,1.7146791150227797e-07
1,1811,1.714508754013951e-07
1,1812,1.7143021707440378e-07
1,1813,1.7140601103084858e-07
1,1814,1.7140667988617343e-07
1,1815,1.7140200573665114e-07
1,1816,1.7139908409908276e-07
1,1817,13165.717150247247
1,1818,24968.186029433862
1,1819,21352.42432904579
1,1820,11942.931555280962
1,1821,1801.491974251128
1,1822,1.7985043118212652e-07
1,1823,1.895661309693009e-07
1,1824,2.010064365509385e-07
1,1825,2.1472605141479922e-07
1,1826,2.3159616540413042e-07
1,1827,2.5304303044023984e-07
1,1828,2.814363312745845e-07
1,1829,3.22150828840277e-07
1,1830,3.871046338132459e-07
1,1831,5.156144417527717e-07
1,1832,1.0090438530302058e-06
1,1833,7.885391184654124e-08
1,1834,2371.8061197576408
1,1835,2332.6543718443136
1,1836,2263.2046561938428
1,1837,2306.436452357966
1,1838,2340.3891481730425
1,1839,4.8592038452554426e-08
1,1840,4.554585666793746e-07
1,1841,2.297077410614494e-07
1,1842,9068.580602818982
1,1843,1281.7416163204257
1,1844,1.7145802240576473e-07
1,1845,1.7143963381379182e-07
1,1846,1.7143263529272577e-07
1,1847,1.7142322097886062e-07
1,1848,1.7139613332108733e-07
1,1849,8.615178017249499e-08
1,1850,5.772550141549122e-08
1,1851,4.351193461018811e-08
1,1852,1.7114867816321448e-07
1,1853,1.0831507966600469e-07
1,1854,1.713549875478025e-07
1,1855,1.7138938461535354e-07
1,1856,1.713744950556891e-07
1,1857,3.139361153697658e-08
1,1858,2.6759461045456565e-08
1,1859,1.6990239712386752e-08
1,1860,1.6978890714764816e-08
1,1861,1.697891639623796e-08
1,1862,1.697924893036501e-08
1,1863,9.195204253418686e-08
1,1864,6.87170784114473e-08
1,1865,2061.839186098442
1,1866,15956.102291909767
1,1867,13856.198768302665
1,1868,1.681594204863495e-07
1,1869,8.448538457656106e-08
1,1870,5.6600563868073293e-08
1,1871,5.658926049531863e-08
1,1872,5.658895742613728e-08
1,1873,5.658882814311907e-08
1,1874,5.658876520825938e-08
1,1875,5.658873212126866e-08
1,1876,5.6588814341679424e-08
1,1877,5.658907386964034e-08
1,1878,696.7489442234945
1,1879,7105.5402596430085
1,1880,1.6811955010664664e-07
1,1881,8.447457102442671e-08
1,1882,5.659553633817401e-08
1,1883,5.658891587651492e-08
1,1884,5.6588606919736305e-08
1,1885,5.6588565327531906e-08
1,1886,5.658875091205085e-08
1,1887,5.658921685134971e-08
1,1888,5.6655331834277144e-08
1,1889,13852.568493972514
1,1890,19599.119416620397
1,1891,3535.3786283818918
1,1892,1.9004860405823394e-07
1,1893,9.642129898276787e-08
1,1894,6.505608849026391e-08
1,1895,6.892341383209341e-08
1,1896,7.348863165472107e-08
1,1897,7.898359770570646e-08
1,1898,8.578333473455797e-08
1,1899,9.445385232336118e-08
1,1900,3.109828627638212e-08
1,1901,1.2133840890480186e-07
1,1902,1.4481507984207107e-07
1,1903,1.8863477005068296e-07
1,1904,3.234922086205313e-07
1,1905,2.1686041441359874e-08
1,1906,2.156859782670865e-08
1,1907,2.0953616081936647e-08
1,1908,2.003670463481135e-08
1,1909,1.894288618475723e-08
1,1910,1.774080280141286e-08
1,1911,1.7740800524469714e-08
1,1912,1.7740821695123106e-08
1,1913,5366.595118356695
1,1914,21854.206585310134
1,1915,21101.80547144851
1,1916,7714.39345818691
1,1917,2.3962761070078445e-08
1,1918,2.8448863836464012e-08
1,1919,3.182740716550458e-08
1,1920,3.4804982749437534e-08
1,1921,3.774400494441086e-08
1,1922,4.100791082888125e-08
1,1923,4.515968492702153e-08
1,1924,5.14247934621688e-08
1,1925,6.375662172342734e-08
1,1926,1.1289598574726724e-07
1,1927,8351.65262640175
1,1928,26902.997284336026
1,1929,28156.68444511564
1,1930,32367.85869896779
1,1931,34848.92595164069
1,1932,35143.677824680955
1,1933,34612.24554785972
1,1934,32568.99023375227
1,1935,28074.099327626227
1,1936,26631.370223106092
1,1937,14420.031990663614
1,1938,42970.52504030678
1,1939,12998.5151454871
1,1940,6274.423809667523
1,1941,8.995796211367919e-08
1,1942,6.835119681342485e-08
1,1943,5.522835546866795e-08
1,1944,4.6411439973825927e-08
1,1945,4.007924004348828e-08
1,1946,3.531058936311591e-08
1,1947,3.15894435567596e-08
1,1948,2.8603676772694184e-08
1,1949,2.6152484912479653e-08
1,1950,2115.6327800771423
1,1951,994.6644962279292
1,1952,7.018274551787358e-08
1,1953,26884.2705306952
1,1954,27118.842178054914
1,1955,30385.01183535774
1,1956,31453.3483255759
1,1957,30035.42876035014
1,1958,26968.52425160916
1,1959,26857.55739379191
1,1960,5.876254259978153e-08
1,1961,10291.739626412462
1,1962,32311.798961330383
1,1963,24828.295216220555
1,1964,9231.662184549623
1,1965,4.4539168959189374e-08
1,1966,3.610343170440172e-08
1,1967,3.0406277467212746e-08
1,1968,2.629933302616578e-08
1,1969,2.319790101732347e-08
1,1970,2.0772430212175844e-08
1,1971,1.882267137213832e-08
1,1972,1.7219172820110963e-08
1,1973,1.721929951950589e-08
1,1974,6840.781528473333
1,1975,4056.300061873741
1,1976,4.540697968080827e-08
1,1977,26320.809922898366
1,1978,25571.898657589732
1,1979,29414.50162050183
1,1980,30171.892663407194
1,1981,27838.147322324658
1,1982,26516.4585246293
1,1983,22631.938367092
1,1984,4.3418254812578843e-08
1,1985,15233.710294489258
1,1986,33133.85740853536
1,1987,22163.752312355537
1,1988,6132.175976434625
1,1989,2.415828403732069e-08
1,1990,2.6889180409226857e-08
1,1991,2.7862623894436112e-08
1,1992,2.7883550539181386e-08
1,1993,2.7286278233969267e-08
1,1994,2.6280824474730593e-08
1,1995,2.5016853852945887e-08
1,1996,2.3599103345190386e-08
1,1997,2.2083389491930433e-08
1,1998,838.3474786996807
1,1999,3.794686009282066e-08
1,2000,8.341153675045705e-08
1,2001,23641.88720744203
1,2002,26523.617011414957
1,2003,28657.88811480192
1,2004,29811.879140034194
1,2005,28427.584322660037
1,2006,26428.830895414358
1,2007,26618.208997633104
1,2008,7992.896414250217
1,2009,13653.389080856246
1,2010,30851.66034199478
1,2011,20495.476875665343
1,2012,3670.0732776608893
1,2013,5.866004027268686e-08
1,2014,5.050208102640711e-08
1,2015,4.439980031325911e-08
1,2016,3.965093123755865e-08
1,2017,3.583902534462567e-08
1,2018,3.269905777506817e-08
1,2019,3.0051908191193515e-08
1,2020,2.7761415194530728e-08
1,2021,2.7761233239144775e-08
1,2022,4460.879728648296
1,2023,7291.791513030621
1,2024,4.647574151914934e-08
1,2025,1.0408772098922936e-07
1,2026,20540.84599212415
1,2027,20676.154172302056
1,2028,18385.613226850503
1,2029,19191.244447285266
1,2030,20788.726650288605
1,2031,529.1159471348984
1,2032,5648.573031690679
1,2033,14863.375466645206
1,2034,28671.521987307984
1,2035,21507.89873340499
1,2036,5972.12677168532
1,2037,7.619455027078133e-08
1,2038,6.674128812143105e-08
1,2039,5.947274963875957e-08
1,2040,5.367268660319189e-08
1,2041,4.8903983826498556e-08
1,2042,4.488363140420053e-08
1,2043,4.141845376369344e-08
1,2044,3.8367277500610144e-08
1,2045,3.560575998284659e-08
1,2046,3.560747953203902e-08
1,2047,1014.8245910214846
1,2048,6.021839489477542e-08
1,2049,1.337525795631824e-07
1,2050,26517.786340169267
1,2051,26293.049799615535
1,2052,27128.660522120106
1,2053,26522.634459408986
1,2054,26574.89236565963
1,2055,24676.41190992834
1,2056,8.32852546408234e-08
1,2057,12006.174532917492
1,2058,31077.110087141908
1,2059,22574.87249193219
1,2060,10086.998605218496
1,2061,918.3402746793058
1,2062,5.167237705932696e-08
1,2063,6.19017818982579e-08
1,2064,6.924160195106695e-08
1,2065,7.542738512486438e-08
1,2066,8.11946355751416e-08
1,2067,8.713382526789849e-08
1,2068,9.396886007724981e-08
1,2069,1.0291789050300522e-07
1,2070,1.167058299850188e-07
1,2071,1.442018444740951e-07
1,2072,2.544166495185309e-07
1,2073,26505.982623861302
1,2074,27119.279785158986
1,2075,29973.695997228184
1,2076,31792.591589122076
1,2077,31052.53154652402
1,2078,28049.584224273378
1,2079,26297.978893791966
1,2080,11085.528000793365
1,2081,28068.04195922509
1,2082,21019.118090652417
1,2083,16012.062174086708
1,2084,6269.442868363898
1,2085,3242.695646292235
1,2086,2052.1352528171024
1,2087,1.1540761650511908e-07
1,2088,1.1486004997496942e-07
1,2089,1.1490747839506101e-07
1,2090,1.1548838786344369e-07
1,2091,1.1658807806330727e-07
1,2092,1.1824193843833306e-07
1,2093,1.2054663675084402e-07
1,2094,1.2368799295528867e-07
1,2095,1.2800316886844333e-07
1,2096,1.3411642825722188e-07
1,2097,1.4327609048909572e-07
1,2098,1.5839985879968397e-07
1,2099,1.885093015614877e-07
1,2100,2.875256787913689e-07
1,2101,7.18750387446762e-08
1,2102,7.186713917206502e-08
1,2103,7.186417262082534e-08
1,2104,622.9328158035781
1,2105,6602.507619148096
1,2106,180.02098900627672
1,2107,4.4396541967951135e-07
1,2108,3.2972691011877095e-07
1,2109,2.7051515564922727e-07
1,2110,2.351243668182899e-07
1,2111,2.1257119500059049e-07
1,2112,1.9795712639326317e-07
1,2113,1.8883053962980598e-07
1,2114,1.839653638732936e-07
1,2115,1.8290691782455013e-07
1,2116,1.8593028136435147e-07
1,2117,1.9441977586759514e-07
1,2118,2.124693673694652e-07
1,2119,2.5458091985650446e-07
1,2120,4.356958945744599e-07
1,2121,22978.40729045429
1,2122,26076.833333414863
1,2123,27484.83778800184
1,2124,27861.11262692521
1,2125,26614.415831862734
1,2126,26004.868299435468
1,2127,23983.79677155697
1,2128,1.59475284881611e-07
1,2129,5220.249390602636
1,2130,4507.189098380998
1,2131,4050.2576973372807
1,2132,2819.4455769933625
1,2133,2249.782570538231
1,2134,1967.9180968347493
1,2135,1725.2880551846865
1,2136,1560.8559494979893
1,2137,1487.2188018829818
1,2138,1378.054131067888
1,2139,1330.2175949296038
1,2140,1160.8744883064082
1,2141,703.2828968142204
1,2142,1259.7181429902564
1,2143,1262.506351232288
1,2144,220.45556848633592
1,2145,3.533179631828707e-08
1,2146,2.958856967755948e-08
1,2147,2.548695537839187e-08
1,2148,2.241012178520014e-08
1,2149,1.7148773652942985e-08
1,2150,1.810533053292639e-08
1,2151,1.714891412482597e-08
1,2152,1128.509672863384
1,2153,1535.36861234792
1,2154,14289.02745509532
1,2155,12055.587707900331
1,2156,2281.6710641579175
1,2157,1533.5328636102654
1,2158,1473.285774360162
1,2159,1426.2208408367485
1,2160,1378.426545160917
1,2161,1275.8900271061834
1,2162,1248.1779333724871
1,2163,1.7319829393664982e-07
1,2164,8.704298801915126e-08
1,2165,1670.9745911530742
1,2166,3849.5045936083816
1,2167,5068.845639135066
1,2168,3.422071513318862e-08
1,2169,3.3298507958868346e-08
1,2170,1.756571492298595e-08
1,2171,1.756570435999043e-08
1,2172,1.756569902727767e-08
1,2173,1.7565701761791403e-08
1,2174,1.756572594541214e-08
1,2175,1.7567915164876894e-08
1,2176,4861.969143904747
1,2177,6151.52171359748
1,2178,14078.9986794407
1,2179,11791.002763995504
1,2180,8991.392865558682
1,2181,5590.968340066978
1,2182,4220.511379306829
1,2183,3611.809861158837
1,2184,3191.6704402180117
1,2185,1531.8860911384381
1,2186,1.7318511433714822e-07
1,2187,8.702833234360658e-08
1,2188,5.831096785872074e-08
1,2189,1357.9126856261278
1,2190,5533.726427733028
1,2191,5750.12559982634
1,2192,4.0170076682934216e-08
1,2193,7.721842680286908e-08
1,2194,25161.52633959968
1,2195,26741.982248874934
1,2196,25797.673537260544
1,2197,24916.970812556887
1,2198,24885.083394347366
1,2199,23784.67002142807
1,2200,4.495592418973473e-08
1,2201,11774.82139375144
1,2202,17721.283900591476
1,2203,16813.207950663284
1,2204,15892.055142027384
1,2205,6732.755731412423
1,2206,1235.231274634592
1,2207,8.703207333426457e-08
1,2208,5.830985915813281e-08
1,2209,4.3949610935485085e-08
1,2210,3.533397567430049e-08
1,2211,2.959070188805448e-08
1,2212,2.5488728282487807e-08
1,2213,2.2412616415204553e-08
1,2214,1314.4229730167447
1,2215,5179.717625668273
1,2216,2.313573337870564e-08
1,2217,2.5895463416681123e-08
1,2218,2.7772775271726473e-08
1,2219,1.8460985744038976e-08
1,2220,1.846092188120387e-08
1,2221,1.8460928901104618e-08
1,2222,1.8461097908246884e-08
1,2223,1.8460899372411217e-08
1,2224,1.846096331460992e-08
1,2225,8253.294454182014
1,2226,14669.634139437418
1,2227,11004.968734729739
1,2228,11497.481339230719
1,2229,8176.652441602279
1,2230,2.4879326655592634e-08
1,2231,2.9429332131809528e-08
1,2232,3.277204201602665e-08
1,2233,3.561353006413043e-08
1,2234,3.827767104443039e-08
1,2235,4.103411009469444e-08
1,2236,4.421901059364523e-08
1,2237,4.840195732581931e-08
1,2238,5.486127870926434e-08
1,2239,6.775940579902527e-08
1,2240,1.1953159208152831e-07
1,2241,26535.75944149723
1,2242,27870.88679229422
1,2243,30553.310346216593
1,2244,31596.447551045127
1,2245,30180.333914744646
1,2246,27337.22418491422
1,2247,26633.80896540327
1,2248,4.888611745668375e-08
1,2249,4289.970062032299
1,2250,13599.52416607026
1,2251,14498.155472096381
1,2252,13445.088718218825
1,2253,11229.44653817374
1,2254,9063.58413673998
1,2255,6862.593282830623
1,2256,3407.4077689083115
1,2257,267.7258468316083
1,2258,3.262414534774613e-08
1,2259,4.090973691423872e-08
1,2260,4.865744712836484e-08
1,2261,5.8354635696146755e-08
1,2262,7.525970119043183e-08
1,2263,1.3840859299058222e-07
1,2264,25317.256995422307
1,2265,27050.980480335467
1,2266,29287.85423113249
1,2267,32870.7925423725
1,2268,33655.38895197658
1,2269,32380.785326687463
1,2270,28866.242977486458
1,2271,25993.311128108846
1,2272,16385.41896872718
1,2273,220.48442013686565
1,2274,24890.883733771883
1,2275,27160.256259110465
1,2276,18375.572804432675
1,2277,6016.298774393333
1,2278,3.894989604329472e-08
1,2279,4.6758264943943184e-08
1,2280,5.233875687313754e-08
1,2281,5.703500703041958e-08
1,2282,6.140962155696823e-08
1,2283,6.591298204767647e-08
1,2284,7.109157667954148e-08
1,2285,7.786799715790683e-08
1,2286,8.83043278153791e-08
1,2287,1.0911029637250774e-07
1,2288,1.925571895184156e-07
1,2289,26712.066246901886
1,2290,26509.113010077657
1,2291,29947.834171624738
1,2292,31251.58551901278
1,2293,29960.79564717752
1,2294,27870.469294944687
1,2295,26555.035064330863
1,2296,6314.335382086999
1,2297,33146.579725526644
1,2298,22192.629520836927
1,2299,14987.84967936776
1,2300,6336.437065243023
1,2301,1.7522866689031807e-07
1,2302,1.4796297089576978e-07
1,2303,1.3162210844361983e-07
1,2304,1.2097000382551822e-07
1,2305,1.1404120909236468e-07
1,2306,1.0981265108448183e-07
1,2307,1.0777527545303837e-07
1,2308,1.0778386270917512e-07
1,2309,1.100752643162881e-07
1,2310,1.1553186393709633e-07
1,2311,1.266446986227936e-07
1,2312,1.5211834562180323e-07
1,2313,2.60986227208868e-07
1,2314,23471.945963241338
1,2315,24565.246006108642
1,2316,22233.74356431223
1,2317,21147.46754422783
1,2318,23851.345921004002
1,2319,5206.4799273347335
1,2320,3193.7317307180233
1,2321,7232.833319774543
1,2322,12375.44022287996
1,2323,10134.58790669474
1,2324,6757.259905313
1,2325,4635.2157168494305
1,2326,3635.6292963050623
1,2327,3060.978400559914
1,2328,2813.7037438527855
1,2329,2810.4721232257393
1,2330,2899.8483718246216
1,2331,847.622896843783
1,2332,584.4453144132929
1,2333,3273.8043890220456
1,2334,6448.850327133597
1,2335,5959.07232650355
1,2336,5.337186692950304e-08
1,2337,9.258372253603104e-08
1,2338,1407.1712558139066
1,2339,1342.7489140565606
1,2340,1318.6529114164152
1,2341,1322.0831121579126
1,2342,1380.7667393858374
1,2343,4.782720956939896e-08
1,2344,5964.187528300348
1,2345,8278.053789067175
1,2346,17449.988850096186
1,2347,13280.578123125159
1,2348,7709.371326539276
1,2349,5460.77733733016
1,2350,4707.499991686227
1,2351,4098.735559971957
1,2352,3054.784196792407
1,2353,1650.4853804090505
1,2354,1.7325900279486486e-07
1,2355,8.705160494286771e-08
1,2356,5.83201009483707e-08
1,2357,4.39569196007412e-08
1,2358,2455.637934757217
1,2359,2553.3959732291914
1,2360,2.7476199230538553e-08
1,2361,2.56047227427202e-08
1,2362,1.7391256464269428e-08
1,2363,1.739122337003827e-08
1,2364,1.7391216039723664e-08
1,2365,1.7391217121028984e-08
1,2366,1.7391214679585263e-08
1,2367,1.7391419627321426e-08
1,2368,3815.6114120257084
1,2369,3813.827975740054
1,2370,13437.340579645394
1,2371,14349.769423106776
1,2372,13018.66088074107
1,2373,6812.640183033032
1,2374,2871.780953615726
1,2375,2059.5985945024363
1,2376,1896.514277306254
1,2377,1847.0000755712638
1,2378,1888.833571231344
1,2379,1977.4914110244474
1,2380,2609.32943096974
1,2381,4057.1010690287653
1,2382,2207.996154281694
1,2383,3.6455163228543545e-08
1,2384,7.27386500966494e-08
1,2385,26767.0578717394
1,2386,27144.14499833195
1,2387,30668.41257683426
1,2388,31808.56786619078
1,2389,30471.6999871881
1,2390,27529.882172180616
1,2391,26449.746988886112
1,2392,4.401590145922135e-08
1,2393,6185.932130107121
1,2394,10051.363875114224
1,2395,10106.342419062954
1,2396,8795.429649802572
1,2397,7292.903715992369
1,2398,5943.311663966117
1,2399,5160.49991888739
1,2400,3267.430523321897
1,2401,1957.619506944944
1,2402,1706.642716708378
1,2403,2230.816565587858
1,2404,3337.9883771392983
1,2405,6154.327411092298
1,2406,4472.8875181776075
1,2407,4.017010660978731e-08
1,2408,7.721988432342895e-08
1,2409,25179.65368311535
1,2410,26895.854922639275
1,2411,28606.846248164507
1,2412,29627.766401835837
1,2413,28128.084517103787
1,2414,26325.157602787633
1,2415,26446.36893487888
1,2416,4.4417457600885236e-08
1,2417,7493.061141327743
1,2418,10837.426176577654
1,2419,13503.8325881161
1,2420,11270.05318071051
1,2421,7520.090549830588
1,2422,5843.923766823128
1,2423,4083.858739459853
1,2424,2623.402196270488
1,2425,2360.644173478338
1,2426,1822.9379753734495
1,2427,2247.4575856835286
1,2428,3142.277586138948
1,2429,3914.5303320780686
1,2430,3.558889916920478e-08
1,2431,4.5980037663399136e-08
1,2432,8.470324558312631e-08
1,2433,26560.207899654677
1,2434,26818.001821990438
1,2435,28838.6378428902
1,2436,28014.17315935099
1,2437,27065.27370943783
1,2438,26854.29805738764
1,2439,15153.007677091702
1,2440,4.4020682820644674e-08
1,2441,7620.452671335758
1,2442,16963.90826025236
1,2443,16768.926236746494
1,2444,13753.64299283021
1,2445,10407.598250878966
1,2446,7139.286336608652
1,2447,3052.7277729763864
1,2448,956.9534702425487
1,2449,2.4915301144812023e-08
1,2450,3.021113274613807e-08
1,2451,3.446486162765963e-08
1,2452,3.864849622434651e-08
1,2453,4.350626694020758e-08
1,2454,5.0356061277075635e-08
1,2455,6.324701301640094e-08
1,2456,1.1342627705578556e-07
1,2457,15926.150218697578
1,2458,25367.88528768593
1,2459,27920.634116573714
1,2460,26702.823456870014
1,2461,25186.10836917109
1,2462,24130.376149629712
1,2463,25592.883445481493
1,2464,1581.2930114131634
1,2465,4.8500380249561045e-08
1,2466,15697.415210616578
1,2467,22256.25031109317
1,2468,21958.41776014053
1,2469,14196.15205750603
1,2470,2555.2606524833486
1,2471,3.05871473053929e-08
1,2472,3.700007918816138e-08
1,2473,4.187077019228159e-08
1,2474,4.6333784535038136e-08
1,2475,5.102231954001843e-08
1,2476,5.674084652137839e-08
1,2477,6.508783218460695e-08
1,2478,8.117163502063698e-08
1,2479,1.445659896724921e-07
1,2480,9746.866252347363
1,2481,12557.401690842897
1,2482,13375.261177710761
1,2483,13875.874612151763
1,2484,13142.972313438395
1,2485,12940.456109458542
1,2486,13765.986683029196
1,2487,13920.288754992345
1,2488,11797.67548047882
1,2489,9321.135195497622
1,2490,29177.580261274557
1,2491,19848.580786321945
1,2492,8713.708221032215
1,2493,6802.753704571889
1,2494,1.1473148332424919e-07
1,2495,8.647246811545187e-08
1,2496,6.952076404244595e-08
1,2497,5.8220698958266206e-08
1,2498,5.014992681106603e-08
1,2499,4.409750286293575e-08
1,2500,3.939071817833558e-08
1,2501,3.562605176423789e-08
1,2502,2799.737823924327
1,2503,5.873060372809524e-08
1,2504,1.2808556406795262e-07
1,2505,26564.872974636794
1,2506,27092.066625038875
1,2507,29823.62065695775
1,2508,30972.74486213902
1,2509,29650.102774658062
1,2510,26952.153257384085
1,2511,26850.66879044412
1,2512,7.438578633834009e-08
1,2513,9456.815202126985
1,2514,16004.853293917085
1,2515,17412.348553426138
1,2516,16426.707581687464
1,2517,11550.803331117879
1,2518,4870.769753755792
1,2519,566.0445162411237
1,2520,5.833363429327983e-08
1,2521,4.397164293121295e-08
1,2522,3.535377477836138e-08
1,2523,2.9608448000414034e-08
1,2524,2.550480282473847e-08
1,2525,2.242888544674683e-08
1,2526,375.1537595909396
1,2527,3.201178207630373e-08
1,2528,6.746396448157796e-08
1,2529,25580.91317068801
1,2530,26286.337391841327
1,2531,27575.70029930355
1,2532,27460.824479525065
1,2533,25590.566881542123
1,2534,25849.420560965613
1,2535,5023.859266806556
1,2536,4.354043684742028e-08
1,2537,8233.011052612177
1,2538,10319.470860417827
1,2539,8984.453233724702
1,2540,6984.522853898212
1,2541,5641.424025261767
1,2542,4367.544194944425
1,2543,3287.7178754260876
1,2544,2037.834433381724
1,2545,1389.2890601320485
1,2546,1214.7671688162563
1,2547,1894.9078011153815
1,2548,2935.471731877232
1,2549,5854.882521007579
1,2550,8154.222535243431
1,2551,5363.976644126005
1,2552,3.180064932016869e-08
1,2553,7.434481324582686e-08
1,2554,20437.570275410082
1,2555,19773.056129650835
1,2556,18335.852890870214
1,2557,18562.469105187196
1,2558,20552.693826820036
1,2559,9.099300497180946e-08
1,2560,3.232669174283692e-08
1,2561,9302.919466484487
1,2562,12875.76781928348
1,2563,11042.53240453035
1,2564,9253.532092386904
1,2565,7321.01089100543
1,2566,5773.563316104575
1,2567,3396.3001810426917
1,2568,2113.8287016976014
1,2569,1245.4220934303778
1,2570,1697.889961648675
1,2571,2313.8491422201923
1,2572,3391.749826043988
1,2573,5177.695698144378
1,2574,1757.434397956098
1,2575,3.396720050560375e-08
1,2576,4.1755164765249115e-08
1,2577,4.822893504793132e-08
1,2578,2.9763618636164166e-08
1,2579,2.976358242391325e-08
1,2580,2.9763562942189344e-08
1,2581,2.9763557657987855e-08
1,2582,2.9763646993017978e-08
1,2583,2.9763679832302384e-08
1,2584,2.9764817946919175e-08
1,2585,9863.833480171239
1,2586,18320.638011743707
1,2587,17541.179991240635
1,2588,12494.649252173109
1,2589,9720.205056226123
1,2590,6412.510035734634
1,2591,2310.4801645843877
1,2592,4.0026735314137134e-08
1,2593,4.8861479949730815e-08
1,2594,5.587020650049175e-08
1,2595,6.273167050076435e-08
1,2596,7.067446124346482e-08
1,2597,8.185042195219341e-08
1,2598,1.0285073823054726e-07
1,2599,1.8453364338048535e-07
1,2600,13121.4430820192
1,2601,27089.164442995563
1,2602,28025.23821812368
1,2603,30799.554545979554
1,2604,32433.399546903987
1,2605,31815.376297823645
1,2606,29371.967130525656
1,2607,26562.528189663346
1,2608,25746.451903889414
1,2609,19196.444443411754
1,2610,36289.42620203831
1,2611,13128.630822473971
1,2612,7325.269015484358
1,2613,723.7255078395373
1,2614,1.3124336462722692e-07
1,2615,1.2100454782954157e-07
1,2616,1.1455453949503155e-07
1,2617,1.109479586335982e-07
1,2618,1.0979979406510474e-07
1,2619,1.1120308440522189e-07
1,2620,1.1593601370798328e-07
1,2621,1.2639406411471858e-07
1,2622,1.5114157101076605e-07
1,2623,2.5814462915559923e-07
1,2624,12254.631064618325
1,2625,25986.01847153591
1,2626,28789.606237600303
1,2627,32770.28469667748
1,2628,33994.92423356783
1,2629,33439.67802413499
1,2630,31428.834756162698
1,2631,27871.77944776935
1,2632,26897.81584637877
1,2633,7796.120695018888
1,2634,32555.837135983093
1,2635,36007.86444180736
1,2636,303.6737173857174
1,2637,8.265342867728055e-07
1,2638,5.096918963637615e-07
1,2639,5.332505388057828e-07
1,2640,6.198824901633041e-08
1,2641,6.190247484320655e-08
1,2642,6.190234947348733e-08
1,2643,6.190238854791001e-08
1,2644,6.190924613129272e-08
1,2645,4103.963610468051
1,2646,8240.13475324281
1,2647,1.2794557017305544e-06
1,2648,27242.52851298429
1,2649,26654.78828163874
1,2650,30983.79196533542
1,2651,34039.24681596552
1,2652,34952.8087887095
1,2653,34737.45521699056
1,2654,33443.62057040255
1,2655,30230.440796511466
1,2656,26197.602223706184
1,2657,25512.427885257366
1,2658,14549.305972264216
1,2659,23978.435553917498
1,2660,20959.52608965866
1,2661,16269.067052360864
1,2662,7103.186711511093
1,2663,9498.05860023578
1,2664,15256.84794821512
1,2665,17306.147383410847
1,2666,18901.36820368736
1,2667,19855.24943380042
1,2668,21913.105692558645
1,2669,25966.62317876652
1,2670,29316.270053577722
1,2671,28699.213736005888
1,2672,28384.872411553446
1,2673,28571.93503859726
1,2674,32210.484129414264
1,2675,34563.25038092574
1,2676,35020.23305089316
1,2677,34562.025735356554
1,2678,33118.94215341103
1,2679,29412.630435992385
1,2680,26263.285855532336
1,2681,21800.839768170405
1,2682,19197.368902362123
1,2683,29149.983991405203
1,2684,27966.887692317134
1,2685,349.25540306789065
1,2686,1.3320935519313317e-06
1,2687,8.088670360844588e-07
1,2688,7.777286177978061e-07
1,2689,9.595257215570829e-08
1,2690,199.2153600261981
1,2691,1.3211897674507596e-06
1,2692,7.493568572183385e-07
1,2693,5.82277511913679e-07
1,2694,5.497355667983053e-07
1,2695,7.609472499938699e-07
1,2696,12373.003449561233
1,2697,26490.458391480293
1,2698,28140.072191879688
1,2699,31860.62901667515
1,2700,32786.7545734809
1,2701,31213.54612101507
1,2702,27978.456160915408
1,2703,26618.647152315338
1,2704,6144.913779111281
1,2705,5267.90198153738
1,2706,12980.369371374356
1,2707,13015.11955111673
1,2708,10806.729290878542
1,2709,9309.088436306261
1,2710,7424.789141137403
1,2711,5491.761729127187
1,2712,4173.376430765696
1,2713,343.42279478962286
1,2714,1.730570416149887e-07
1,2715,8.699775417711573e-08
1,2716,5.8296105663119746e-08
1,2717,996.391925518132
1,2718,3128.067889802537
1,2719,3726.477449273179
1,2720,4.016726359347151e-08
1,2721,7.721639668981225e-08
1,2722,19979.520066470785
1,2723,19757.661512367566
1,2724,18302.696898121838
1,2725,18230.437564308253
1,2726,19898.6017844225
1,2727,6385.93667009919
1,2728,1081.2723768109613
1,2729,11676.259549609515
1,2730,16345.343564862464
1,2731,17664.85240934901
1,2732,12245.246529776154
1,2733,7901.293301347044
1,2734,6249.936986867395
1,2735,2972.041645466578
1,2736,527.2496276162158
1,2737,4.2687953374379516e-08
1,2738,4.2335596071830465e-08
1,2739,4.2948975824080404e-08
1,2740,4.483722721044663e-08
1,2741,4.893504024269243e-08
1,2742,5.856920729535738e-08
1,2743,1.0012877622019923e-07
1,2744,8993.801717571656
1,2745,26886.790598392814
1,2746,28111.538730853183
1,2747,30505.316711059935
1,2748,32455.313943664678
1,2749,32306.60182212385
1,2750,30316.045064971506
1,2751,27051.14053685688
1,2752,26995.987129334757
1,2753,4.3372296222421284e-08
1,2754,16594.214004982696
1,2755,25792.78239134259
1,2756,22795.39095450046
1,2757,7569.523152610451
1,2758,3637.3598426759677
1,2759,274.22564547473104
1,2760,5.2605585831608866e-08
1,2761,4.912012546773851e-08
1,2762,4.7255791098908665e-08
1,2763,4.680580042693255e-08
1,2764,4.79511527015102e-08
1,2765,5.157729777507811e-08
1,2766,6.085048564170663e-08
1,2767,1.0268591691402651e-07
1,2768,23732.76757524682
1,2769,27279.044310461963
1,2770,28669.299368369164
1,2771,32356.198765898756
1,2772,32580.22379940285
1,2773,30853.187588720775
1,2774,28020.783232642163
1,2775,26127.41004388261
1,2776,8896.705041496092
1,2777,4980.094520562312
1,2778,6835.617584451159
1,2779,8974.417010941363
1,2780,7740.746662487254
1,2781,5300.412535359621
1,2782,3840.4722014304457
1,2783,3282.5283808987115
1,2784,2996.097421765841
1,2785,2968.536386508271
1,2786,2999.3792219117868
1,2787,3268.528124946168
1,2788,2414.744924593014
1,2789,3045.749635783914
1,2790,3282.0941212860007
1,2791,2476.567213292572
1,2792,3.8424653043179927e-08
1,2793,3.1703818065386e-08
1,2794,1.7148794010522675e-08
1,2795,1.7148751062164317e-08
1,2796,1.7148739249825694e-08
1,2797,1.7148741174941848e-08
1,2798,1.714876904651693e-08
1,2799,1.7148805670944245e-08
1,2800,418.26135852373704
1,2801,304.08511480691124
1,2802,8193.16653977881
1,2803,12331.904908683178
1,2804,11145.664654741444
1,2805,5055.726911473368
1,2806,246.94112936403334
1,2807,232.22885054449256
1,2808,228.5240917737966
1,2809,226.78744999782552
1,2810,225.84414022496463
1,2811,226.0665594442458
1,2812,226.96197253614707
1,2813,228.38460272241127
1,2814,228.28369293865512
1,2815,227.70758194226664
1,2816,226.35090788593996
1,2817,221.4087706751622
1,2818,216.2954233011575
1,2819,217.25115807241036
1,2820,212.92625420279577
1,2821,219.39374282152008
1,2822,226.28162991631822
1,2823,230.57483308831726
1,2824,236.6112071829054
1,2825,289.53779920660116
1,2826,4394.5485724780365
1,2827,5940.792108508594
1,2828,4411.41650514654
1,2829,264.87002145149575
1,2830,242.8798783041554
1,2831,239.92281750503727
1,2832,239.34538938543196
1,2833,240.43290868786332
1,2834,242.61677615629296
1,2835,245.4176336554104
1,2836,248.76185533405618
1,2837,253.484633934508
1,2838,260.8097298699928
1,2839,275.0950534397282
1,2840,282.5760367955612
1,2841,272.93722319072435
1,2842,270.21869449252654
1,2843,271.2300598743691
1,2844,270.52064413963404
1,2845,268.3387926047962
1,2846,271.8662613599127
1,2847,278.7348639847167
1,2848,287.27387664865506
1,2849,298.5956497048864
1,2850,320.35306208907383
1,2851,358.4215078992444
1,2852,403.8817762961861
1,2853,340.7715828266604
1,2854,330.7763837700382
1,2855,331.3154523570731
1,2856,332.34066741684967
1,2857,334.8531175502046
1,2858,341.87197366659973
1,2859,349.07062655375074
1,2860,360.8187648952219
1,2861,377.3252601589087
1,2862,399.1173415609442
1,2863,402.71032042492607
1,2864,415.27041471342136
1,2865,330.99103922608805
1,2866,5.82954255139048e-08
1,2867,4.3940956353097154e-08
1,2868,3.532820279610586e-08
1,2869,2.9586516972243373e-08
1,2870,2.54855734572776e-08
1,2871,2.2410108069154968e-08
1,2872,525.7503359338323
1,2873,743.7583099641198
1,2874,878.9680395037215
1,2875,1027.1248102135185
1,2876,1235.5371221113796
1,2877,1616.299288382653
1,2878,2125.279747350765
1,2879,2.3314875631197217e-08
1,2880,2.821189109946458e-08
1,2881,3.251376923736783e-08
1,2882,3.72184453810125e-08
1,2883,4.358495632727908e-08
1,2884,5.5239124175422173e-08
1,2885,9.993162432061641e-08
1,2886,819.7007649576273
1,2887,7133.665703021179
1,2888,21296.035617915782
1,2889,25220.217778217047
1,2890,25120.336812134305
1,2891,25120.102675443537
1,2892,24823.610970092173
1,2893,24167.366103594388
1,2894,23721.62375212568
1,2895,3278.1898291822545
1,2896,351.87878631253443
1,2897,13756.159510054164
1,2898,25965.442142231932
1,2899,15558.656183018524
1,2900,12612.332749621159
1,2901,7214.851395478934
1,2902,1204.1752248640698
1,2903,4.008558321599653e-08
1,2904,3.712185440017299e-08
1,2905,3.474965758520817e-08
1,2906,3.2764426362781086e-08
1,2907,3.1027947717552154e-08
1,2908,2.9445317673208282e-08
1,2909,2.7952452515814566e-08
1,2910,2.6508940929824816e-08
1,2911,2.5092492030799238e-08
1,2912,2.369414843541711e-08
1,2913,1.827845227159484e-08
1,2914,1.827852395384848e-08
1,2915,1.8278438109834154e-08
1,2916,1.8278348675758774e-08
1,2917,1.8278342569904833e-08
1,2918,1.8278342833145733e-08
1,2919,1.827836138308935e-08
1,2920,1398.449731456369
1,2921,1531.4988965657883
1,2922,14269.137797974287
1,2923,21172.071539004166
1,2924,19373.222465596824
1,2925,12715.694503547415
1,2926,6104.567802481792
1,2927,98.85325510392965
1,2928,3.124718301268555e-08
1,2929,3.292813144802856e-08
1,2930,3.480501738399133e-08
1,2931,3.711813548547044e-08
1,2932,4.031030983339093e-08
1,2933,4.540965694109077e-08
1,2934,5.580420853017865e-08
1,2935,9.795427373680875e-08
1,2936,16648.91265122833
1,2937,19794.669476764353
1,2938,20408.695903063355
1,2939,22825.00745119531
1,2940,22207.09278240666
1,2941,20819.729099605094
1,2942,19935.293563624167
1,2943,19287.131271924267
1,2944,4.34133096984229e-08
1,2945,2773.9731453062714
1,2946,3518.851134506731
1,2947,2975.893829417797
1,2948,2448.846316273402
1,2949,1980.4595729549692
1,2950,1615.0371482327382
1,2951,1392.898640600667
1,2952,1249.286274990372
1,2953,1175.154854578369
1,2954,1125.1496571920054
1,2955,1090.1332172288355
1,2956,1087.5028811479185
1,2957,1094.2447638993706
1,2958,1111.6565357767597
1,2959,1122.0296707624473
1,2960,1102.8698016201952
1,2961,1029.9566269582947
1,2962,989.7414518878612
1,2963,1004.2624320308618
1,2964,963.167216158307
1,2965,926.8285499829361
1,2966,923.9362083423979
1,2967,951.2600191161127
1,2968,989.6020831593793
1,2969,1164.8422574029576
1,2970,4655.059465110412
1,2971,6792.271116623815
1,2972,4607.936618294961
1,2973,1710.948348613835
1,2974,1146.112767241459
1,2975,1061.812107487022
1,2976,1036.9569066865395
1,2977,1042.2909566537855
1,2978,1061.5778668900439
1,2979,1118.2566022066137
1,2980,1189.5866242231073
1,2981,847.2642618554104
1,2982,929.0754421109782
1,2983,1000.3036955315439
1,2984,4.8888411040307826e-08
1,2985,3.8422522591508186e-08
1,2986,3.170348191209723e-08
1,2987,2.7024447600314456e-08
1,2988,2.3578347447952093e-08
1,2989,1.7148764701617383e-08
1,2990,1.7148754517269307e-08
1,2991,1.7148801680436505e-08
1,2992,1.7148791804716743e-08
1,2993,2672.5142650777657
1,2994,4984.296349097163
1,2995,7012.9423420382045
1,2996,7337.712265541338
1,2997,9066.219417912755
1,2998,5006.488653301316
1,2999,870.5109194254828
1,3000,1.0708179013967447e-07
1,3001,8.102452558567889e-08
1,3002,6.769115506365326e-08
1,3003,6.024993166796154e-08
1,3004,5.633068487446974e-08
1,3005,5.5182927888554e-08
1,3006,5.7237011305692244e-08
1,3007,6.564528311801615e-08
1,3008,1.0755961941426241e-07
1,3009,15531.695150913498
1,3010,21315.764819023734
1,3011,22328.94250738873
1,3012,21366.72170996761
1,3013,20285.45861425224
1,3014,21562.292415261298
1,3015,20078.873886641708
1,3016,4.373368720892069e-08
1,3017,6316.411257695341
1,3018,10335.095602293115
1,3019,10782.148160833261
1,3020,8245.481185924898
1,3021,7034.056180982757
1,3022,5633.657761559278
1,3023,4519.51576328751
1,3024,3691.569651051788
1,3025,4194.419044109881
1,3026,3739.395862700295
1,3027,426.2385040403337
1,3028,1572.7501300439683
1,3029,3410.208782690581
1,3030,4256.6910575432885
1,3031,2505.857047150228
1,3032,4.5501743116452525e-08
1,3033,8.356158716079992e-08
1,3034,7253.433374808932
1,3035,11233.45939344323
1,3036,9673.665360261159
1,3037,9203.405879470998
1,3038,9674.564781452984
1,3039,11651.683708212222
1,3040,4.5665846909554385e-08
1,3041,8208.761230833743
1,3042,8947.994338386141
1,3043,9791.654228370588
1,3044,7300.095487481233
1,3045,6046.551679279751
1,3046,4875.23327038036
1,3047,4082.209361250578
1,3048,3724.2555530724308
1,3049,3680.2036161613355
1,3050,3920.4885562986015
1,3051,4022.980127525867
1,3052,1727.1845634365127
1,3053,2950.665189715159
1,3054,2750.645572460639
1,3055,637.5207748383262
1,3056,3.533492113665717e-08
1,3057,2.9590916706492582e-08
1,3058,1.7148820246246744e-08
1,3059,1.714880004319297e-08
1,3060,1.7148797808025487e-08
1,3061,1.714880205413389e-08
1,3062,1.714878999651824e-08
1,3063,1.7149319430098008e-08
1,3064,2175.3314325460033
1,3065,1723.7454396158078
1,3066,5209.946772813103
1,3067,10390.777107797974
1,3068,7268.31631512932
1,3069,4625.123451583364
1,3070,1332.293834493918
1,3071,1056.2702468475895
1,3072,1010.2656355340816
1,3073,980.5826334638577
1,3074,966.6787718989046
1,3075,947.2570409197492
1,3076,838.0344431101032
1,3077,795.812396185909
1,3078,433.645791321462
1,3079,4.3947028698807726e-08
1,3080,3.533180514296092e-08
1,3081,2.9588778175905294e-08
1,3082,2.5486950776732918e-08
1,3083,2.2410756443528093e-08
1,3084,1.7150140846847867e-08
1,3085,1.7148879752479693e-08
1,3086,1.7148701383529495e-08
1,3087,178.8986160236567
1,3088,864.0395427375925
1,3089,976.9754751322382
1,3090,1162.3399367144657
1,3091,3159.8152807821425
1,3092,1374.4340852482055
1,3093,1065.6004423219226
1,3094,982.3722948604802
1,3095,932.5990276601001
1,3096,895.6614694477231
1,3097,880.9306529047673
1,3098,871.0877798151178
1,3099,867.0778193561522
1,3100,827.9721597204052
1,3101,1.73176955010852e-07
1,3102,8.702059403893994e-08
1,3103,5.8304572050189244e-08
1,3104,4.3946288483925065e-08
1,3105,3.533142064262055e-08
1,3106,2.9588574384081112e-08
1,3107,2.5486895108707796e-08
1,3108,2.2409295103581472e-08
1,3109,1.71549235395461e-08
1,3110,1.8105532031181863e-08
1,3111,213.08040183139812
1,3112,896.0756028735319
1,3113,1027.4772032518683
1,3114,1183.5085378991673
1,3115,1404.3987692010105
1,3116,1292.6342978562245
1,3117,1196.0302578013727
1,3118,1131.7728617986409
1,3119,1085.2100366335756
1,3120,1039.2067894835827
1,3121,1005.7632929307907
1,3122,982.1174303838471
1,3123,1012.5589745278776
1,3124,1070.2649848397825
1,3125,1224.0984737753274
1,3126,1413.2637608038742
1,3127,1771.667333695221
1,3128,3430.3642590384684
1,3129,2089.972521559938
1,3130,2430.7415425400045
1,3131,3072.1159039542317
1,3132,3604.968359560937
1,3133,4.3962686396846245e-08
1,3134,3.534995213994111e-08
1,3135,2.9609924941582683e-08
1,3136,2.550902705820285e-08
1,3137,2.2432986272098325e-08
1,3138,2.004035976829212e-08
1,3139,192.2880883428082
1,3140,2.34870744114024e-08
1,3141,2.6694005634942097e-08
1,3142,2.9172324410481115e-08
1,3143,3.128487311970915e-08
1,3144,3.323019127481888e-08
1,3145,3.5173036561881124e-08
1,3146,3.7298424207118876e-08
1,3147,3.987388903100805e-08
1,3148,4.338363795905318e-08
1,3149,4.894358250676328e-08
1,3150,6.022185757755265e-08
1,3151,1.0580871431090425e-07
1,3152,23650.49581359733
1,3153,26266.558576020903
1,3154,28982.109757058588
1,3155,30865.081188416203
1,3156,28986.640502344475
1,3157,27242.21374768538
1,3158,26735.527086296628
1,3159,25943.51017137155
1,3160,12310.87239203486
1,3161,4.5126877672976764e-08
1,3162,3866.8304835135314
1,3163,2852.264227130326
1,3164,2203.720693041635
1,3165,1827.15000192729
1,3166,1522.9194181869223
1,3167,1257.4654480803465
1,3168,1081.9856548575829
1,3169,995.1211586298949
1,3170,949.3760422557684
1,3171,938.2751639081574
1,3172,958.8114208465164
1,3173,958.1889922034395
1,3174,955.820420164552
1,3175,900.1853132481233
1,3176,681.2017733318224
1,3177,1.7319160167689348e-07
1,3178,222.7052351463706
1,3179,622.3075458433217
1,3180,680.1433519249364
1,3181,677.3690702585594
1,3182,748.4613804122827
1,3183,793.7649126662914
1,3184,817.1784782988761
1,3185,870.0828277229954
1,3186,1114.7660127541064
1,3187,1545.2585139916607
1,3188,1290.4770684872055
1,3189,919.3920627572725
1,3190,809.4919265561654
1,3191,756.1707800397803
1,3192,726.1051969652232
1,3193,709.3865995548392
1,3194,697.466529201034
1,3195,697.6066525330232
1,3196,703.880432416472
1,3197,712.3938014138472
1,3198,727.9049129207478
1,3199,731.1154599411244
1,3200,711.0827339378036
1,3201,681.3029447585203
1,3202,665.0920815620523
1,3203,675.9391280845965
1,3204,647.9594485260476
1,3205,577.8661450536694
1,3206,585.225553424271
1,3207,686.0590823978969
1,3208,731.5152233956833
1,3209,790.4582919778649
1,3210,909.6857198302083
1,3211,972.6124828313953
1,3212,897.2097552362775
1,3213,845.7317016815829
1,3214,811.0891802389172
1,3215,771.6464861196348
1,3216,716.0982473610488
1,3217,636.2840473155234
1,3218,640.5287165272746
1,3219,704.9484730800447
1,3220,795.4497088047998
1,3221,853.0780543094331
1,3222,896.0216876340176
1,3223,912.2946124435279
1,3224,802.305989697582
1,3225,403.69527013352166
1,3226,331.78647513829316
1,3227,1.7315968473387375e-07
1,3228,8.702352551474856e-08
1,3229,5.830658154629473e-08
1,3230,4.3948749142609254e-08
1,3231,675.4737118485311
1,3232,1263.3260896648019
1,3233,1631.5909292612407
1,3234,1703.1315497186695
1,3235,2056.4460501148337
1,3236,2361.854080360181
1,3237,2829.4942240827168
1,3238,3314.1156756633263
1,3239,1652.3514769445808
1,3240,3.6027673956094436e-08
1,3241,3.714243567671063e-08
1,3242,3.8857394255916594e-08
1,3243,4.1572940228478924e-08
1,3244,4.62799667216393e-08
1,3245,5.6318038477844526e-08
1,3246,9.789362465129645e-08
1,3247,5310.663493124508
1,3248,25842.601147045603
1,3249,27764.62209242744
1,3250,30337.26838337086
1,3251,32321.745098564374
1,3252,32489.655137228725
1,3253,31181.97904867505
1,3254,28688.688574977357
1,3255,26467.3053717861
1,3256,24417.00997047396
1,3257,4.3413729893890403e-08
1,3258,3530.4651815010516
1,3259,17606.37209578263
1,3260,20704.672999039427
1,3261,18471.02469030207
1,3262,12377.83205776168
1,3263,3973.1289674598097
1,3264,2.597277485920393e-08
1,3265,3.189553977818831e-08
1,3266,3.695983839182985e-08
1,3267,4.2438138300641504e-08
1,3268,4.980010834231132e-08
1,3269,6.321450201613425e-08
1,3270,1.1453090781185981e-07
1,3271,22578.232520777874
1,3272,27300.395539368033
1,3273,28706.615354836693
1,3274,31947.064102826498
1,3275,34296.20593550834
1,3276,34250.88187868241
1,3277,32573.040982865838
1,3278,29658.407585058434
1,3279,26853.32232990457
1,3280,25770.694569977863
1,3281,5.053200675942098e-08
1,3282,13474.584522051111
1,3283,21511.255864782932
1,3284,22164.06831092855
1,3285,12516.925456550505
1,3286,5983.147757424212
1,3287,1013.5140797641627
1,3288,6.960823029198045e-08
1,3289,5.970455251266588e-08
1,3290,5.3673978034448255e-08
1,3291,5.000632293979259e-08
1,3292,4.802806966433331e-08
1,3293,4.7509053125391885e-08
1,3294,4.8609995392932435e-08
1,3295,5.219747858940159e-08
1,3296,6.164098577040726e-08
1,3297,1.0378466978357148e-07
1,3298,18268.698479725124
1,3299,19109.112753714515
1,3300,17877.41717657624
1,3301,17391.386193351555
1,3302,18112.366092021413
1,3303,18376.611837960718
1,3304,4.354300144674393e-08
1,3305,5238.213847116825
1,3306,10892.388964864627
1,3307,13422.207550277979
1,3308,12588.193118334108
1,3309,11977.20037984176
1,3310,11466.867078628258
1,3311,10306.980985913735
1,3312,771.4440664415387
1,3313,1.0711410752613942e-07
1,3314,8.103912445464048e-08
1,3315,6.77000738258935e-08
1,3316,6.025615802900884e-08
1,3317,5.6335121812184764e-08
1,3318,5.518578684960096e-08
1,3319,5.723569400526362e-08
1,3320,6.564697871007429e-08
1,3321,1.0756151804014512e-07
1,3322,8439.55494645149
1,3323,7627.779725591791
1,3324,7296.055315093028
1,3325,7204.1101983631925
1,3326,7613.403408452792
1,3327,7896.895176170281
1,3328,4.401468255879994e-08
1,3329,4993.629984992561
1,3330,4250.923747817827
1,3331,3897.4450131377607
1,3332,3242.8316132202517
1,3333,2683.7590389601683
1,3334,2193.388094003623
1,3335,1873.549921120858
1,3336,1653.9481765751568
1,3337,1535.571846312344
1,3338,1460.8254406468766
1,3339,1443.0003726558884
1,3340,1471.4891611317605
1,3341,1495.091433256911
1,3342,1538.5255421671131
1,3343,1588.8502433726358
1,3344,1548.0115473678993
1,3345,1333.0164242575897
1,3346,1070.3833225835344
1,3347,452.39609744281637
1,3348,1.7311392528146703e-07
1,3349,8.70206963840336e-08
1,3350,692.6027962278306
1,3351,1213.1045361419297
1,3352,1433.5575138531283
1,3353,1707.707618569315
1,3354,2293.7232171534724
1,3355,4414.515790059342
1,3356,4147.55092193451
1,3357,2888.9573552527254
1,3358,1981.2463112841492
1,3359,1833.2384718878548
1,3360,1824.9134924295302
1,3361,1873.2259435836427
1,3362,2107.0813196411623
1,3363,2634.363938719518
1,3364,3607.6322197595296
1,3365,2283.4375244957023
1,3366,3.6454771464312897e-08
1,3367,7.274005467947965e-08
1,3368,19820.447916866648
1,3369,26451.099937753534
1,3370,28392.371764475934
1,3371,29994.881470379394
1,3372,29538.22901761743
1,3373,27586.067606569013
1,3374,26938.154937180178
1,3375,25726.69017630898
1,3376,4.373018522553588e-08
1,3377,4397.2661327135365
1,3378,4066.729378189696
1,3379,5002.083999183512
1,3380,4202.147756355823
1,3381,2561.623388881275
1,3382,2014.5437223932415
1,3383,1711.0531588880413
1,3384,1539.7626321210148
1,3385,1443.0607483251438
1,3386,1394.1753219804723
1,3387,1386.0365039069054
1,3388,1399.732378042273
1,3389,1367.260969247359
1,3390,1367.7739120582112
1,3391,1367.5896392212433
1,3392,1315.416549029269
1,3393,1265.2162996751592
1,3394,1268.2042803620648
1,3395,1342.1917332857163
1,3396,1347.5581740983496
1,3397,1407.0345785527677
1,3398,1502.7277805860924
1,3399,1640.850470868503
1,3400,2021.7404709276143
1,3401,3736.9215156448645
1,3402,3936.739939704346
1,3403,2482.6686351421845
1,3404,2168.755891606119
1,3405,2052.2955091174385
1,3406,1975.3876528756919
1,3407,1765.6444380850435
1,3408,1519.8764945342302
1,3409,1460.8662705545728
1,3410,15.883103528058722
1,3411,1.6828524094456834e-07
1,3412,8.555804638538404e-08
1,3413,5.761178652069092e-08
1,3414,4.3543866864412554e-08
1,3415,3.506953029248905e-08
1,3416,1649.3809700000122
1,3417,3525.014842640474
1,3418,2042.280748623745
1,3419,2.0328193276655923e-08
1,3420,1.8663149741624327e-08
1,3421,1.7226413089767295e-08
1,3422,1.7226274721907374e-08
1,3423,1.7226274836961553e-08
1,3424,1.7226285428193763e-08
1,3425,1.7226346718481387e-08
1,3426,8542.223259914528
1,3427,19034.858143835114
1,3428,19601.979491355876
1,3429,17475.33606524176
1,3430,9874.161771849056
1,3431,2134.9372592539985
1,3432,2.4227100627537238e-08
1,3433,2.9614381040988846e-08
1,3434,3.4259768158725076e-08
1,3435,3.930152068766052e-08
1,3436,4.6090811044074607e-08
1,3437,5.84787805713602e-08
1,3438,1.0590355596613128e-07
1,3439,14101.407394021506
1,3440,26807.872097508633
1,3441,27542.314276782985
1,3442,30753.90840333599
1,3443,32864.56835609714
1,3444,32631.803963484752
1,3445,32094.004924048004
1,3446,30016.056272160466
1,3447,27604.928875571062
1,3448,25903.8317957977
1,3449,65.00157289228665
1,3450,18173.13975614542
1,3451,31715.283732922515
1,3452,26710.070928743393
1,3453,3.4035185766300097e-07
1,3454,1.8119990747409603e-07
1,3455,1.2820846883240269e-07
1,3456,1.0199309867091636e-07
1,3457,8.659320772942387e-08
1,3458,7.665818668278583e-08
1,3459,6.987873052449094e-08
1,3460,6.50853828785766e-08
1,3461,6.161897879393202e-08
1,3462,5.907172614570759e-08
1,3463,5.717311374019016e-08
1,3464,5.573230027425827e-08
1,3465,5.460640883115937e-08
1,3466,5.366564611478748e-08
1,3467,2.861663832203222e-08
1,3468,4.5051342754473945e-08
1,3469,2.8614601541647027e-08
1,3470,2.8614461740980053e-08
1,3471,2.8614486322774038e-08
1,3472,2.861419156142397e-08
1,3473,2.8614137419396467e-08
1,3474,553.2034127731041
1,3475,11954.7853101827
1,3476,13308.362910792863
1,3477,8610.886423057886
1,3478,3.79945740915883e-08
1,3479,4.420985370882723e-08
1,3480,4.834104059812282e-08
1,3481,5.13476730818152e-08
1,3482,5.357457655660218e-08
1,3483,5.519562584215703e-08
1,3484,5.630975906276782e-08
1,3485,5.6974151438511905e-08
1,3486,5.722003287495951e-08
1,3487,5.706268376310395e-08
1,3488,5.6509005583471616e-08
1,3489,3.526396464876587e-08
1,3490,3.5263868411023705e-08
1,3491,3.526418284021792e-08
1,3492,3.5263938543596686e-08
1,3493,3.526385112302704e-08
1,3494,3.5263773733394254e-08
1,3495,3.526383241022609e-08
1,3496,3.526458830809318e-08
1,3497,4991.190719859483
1,3498,4745.624746108517
1,3499,4680.712777423356
1,3500,4711.3897572872065
1,3501,3755.7873667906924
1,3502,2867.430331313133
1,3503,2354.704568487004
1,3504,2070.169513150515
1,3505,1953.7708849513942
1,3506,1925.8394836854643
1,3507,1936.0895537310344
1,3508,1468.5532964600698
1,3509,1347.7676109947997
1,3510,738.7461202916878
1,3511,4.3987395060265586e-08
1,3512,3.5357050056759214e-08
1,3513,2.9606095700438948e-08
1,3514,2.549953842114714e-08
1,3515,2.2420634826775395e-08
1,3516,1.7142363130066835e-08
1,3517,1.8110807260884252e-08
1,3518,1.7148742870545954e-08
1,3519,615.6247296220535
1,3520,1697.1480496812476
1,3521,2125.10282412657
1,3522,3402.59294636562
1,3523,5624.172581423226
1,3524,5329.414230451251
1,3525,3382.229355338835
1,3526,2622.122161003151
1,3527,2369.1338539447743
1,3528,2325.948369443677
1,3529,2423.3190641961182
1,3530,2736.510753286309
1,3531,3630.0782213474963
1,3532,1976.2707006354622
1,3533,2021.2250263085332
1,3534,1937.4230302968786
1,3535,733.4332827253626
1,3536,4.511900675898675e-08
1,3537,3.68776640770189e-08
1,3538,3.123847798261448e-08
1,3539,1.721924079624648e-08
1,3540,1.7219125063685278e-08
1,3541,1.721911775883587e-08
1,3542,1.721912021941915e-08
1,3543,1.7219109546949703e-08
1,3544,1.7219118460158823e-08
1,3545,2554.8759685967993
1,3546,10825.47341523869
1,3547,18540.2137672356
1,3548,18792.354279203195
1,3549,17174.044559851623
1,3550,8776.534000489431
1,3551,2.1918111337850509e-07
1,3552,1.1500459847990315e-07
1,3553,8.016251293102225e-08
1,3554,6.26674804317124e-08
1,3555,5.2132578546020426e-08
1,3556,4.5073056521739566e-08
1,3557,3.9983595395877295e-08
1,3558,3.610409717662278e-08
1,3559,3.300860266208501e-08
1,3560,3.0440252800572834e-08
1,3561,1.7918315255638692e-08
1,3562,1.7918250674455274e-08
1,3563,1.7918254895325482e-08
1,3564,1.7918249729315583e-08
1,3565,1.7918237847330522e-08
1,3566,1.7918231190041192e-08
1,3567,1.7918253489623484e-08
1,3568,179.259541577793
1,3569,8780.743633066013
1,3570,14759.414226023302
1,3571,19649.4442786616
1,3572,13701.022431364305
1,3573,9132.86290687634
1,3574,6746.848508054556
1,3575,2865.4805120274596
1,3576,848.4199540157382
1,3577,4.26877164209444e-08
1,3578,4.2334450264463835e-08
1,3579,4.2947825390822903e-08
1,3580,4.483674847931718e-08
1,3581,4.8933986051297065e-08
1,3582,5.8568322603135556e-08
1,3583,1.0012769508172458e-07
1,3584,12820.570184925853
1,3585,14284.718375826695
1,3586,13862.007310305118
1,3587,15014.797883807492
1,3588,15781.725926625588
1,3589,15367.114355625134
1,3590,14185.138669355778
1,3591,1560.035005344518
1,3592,766.6982922691386
1,3593,2.1115061273882171e-07
1,3594,9051.991632724421
1,3595,19620.852626782173
1,3596,20292.890230518184
1,3597,16385.187209017204
1,3598,8784.28836785321
1,3599,1761.5876324190626
1,3600,3.466253836018648e-08
1,3601,3.803464133583594e-08
1,3602,4.1656275258870055e-08
1,3603,4.6140559892080414e-08
1,3604,5.2773250775644057e-08
1,3605,6.56595435197813e-08
1,3606,1.1667118061501637e-07
1,3607,12073.807097317014
1,3608,26840.005171657263
1,3609,28056.595352362365
1,3610,31658.799378866315
1,3611,34117.4538965604
1,3612,34382.78162301038
1,3613,33474.572706228166
1,3614,31245.829709947047
1,3615,27767.707397600658
1,3616,26755.13448305122
1,3617,1877.2474347401806
1,3618,27950.595778539835
1,3619,15368.652263213567
1,3620,13953.238202343362
1,3621,12459.751412940119
1,3622,5054.010899714395
1,3623,8.395091760058119e-08
1,3624,7.839964069237355e-08
1,3625,7.542520656170768e-08
1,3626,7.471062181693764e-08
1,3627,7.652162029807947e-08
1,3628,8.223354692601047e-08
1,3629,9.715019254627553e-08
1,3630,1.6393078055453774e-07
1,3631,26801.257063401514
1,3632,26928.926445431327
1,3633,30504.8968928895
1,3634,33541.29724777561
1,3635,35154.98115908523
1,3636,35262.050359448345
1,3637,34676.675691845354
1,3638,32726.395219951843
1,3639,28707.657349439458
1,3640,26132.25837092653
1,3641,5328.743437851955
1,3642,13279.8808411673
1,3643,29535.97048203836
1,3644,18256.415168103355
1,3645,10854.183577493302
1,3646,4737.045922770007
1,3647,5.225856264720998e-08
1,3648,4.844232712716606e-08
1,3649,4.6167740480840226e-08
1,3650,4.511855465829534e-08
1,3651,4.524212875829051e-08
1,3652,4.679305109492657e-08
1,3653,5.068443900015351e-08
1,3654,6.027845233488914e-08
1,3655,1.023949034745247e-07
1,3656,20448.38610322576
1,3657,27013.985770559077
1,3658,27930.44182416059
1,3659,30633.018917700072
1,3660,31958.58983447193
1,3661,30065.84224930068
1,3662,27497.56385828978
1,3663,26578.337011663905
1,3664,4.336674336701137e-08
1,3665,4742.454866314462
1,3666,9937.250607995386
1,3667,11350.122635844611
1,3668,9805.024910897693
1,3669,7470.977660803138
1,3670,6730.854222720529
1,3671,5874.817466849498
1,3672,5227.067275603641
1,3673,5465.847633813579
1,3674,5295.342559101581
1,3675,346.38972374368046
1,3676,216.56245191495987
1,3677,5.831637295291252e-08
1,3678,4.3952701223201834e-08
1,3679,3.5335995278280526e-08
1,3680,2.9592029346427466e-08
1,3681,1.7148918918446306e-08
1,3682,1.7148831620933608e-08
1,3683,1.714882416528862e-08
1,3684,1.714882899223123e-08
1,3685,1.7148820624108142e-08
1,3686,1.7148862620587814e-08
1,3687,1372.4093711057744
1,3688,3559.47921700282
1,3689,3196.469685547618
1,3690,3512.653894755072
1,3691,4741.933315007387
1,3692,3532.37622897259
1,3693,2420.104224952928
1,3694,1977.3415521409536
1,3695,1672.5952513750913
1,3696,1493.8231010332531
1,3697,1406.5602244976483
1,3698,1387.682358782805
1,3699,1385.3041806525232
1,3700,1359.2935031725863
1,3701,1309.0001132848506
1,3702,1354.484353144754
1,3703,1431.8073199633338
1,3704,1497.218935692005
1,3705,1494.686689771432
1,3706,1471.2382068312313
1,3707,1485.6975828133784
1,3708,1439.7975505045013
1,3709,1386.9422213331663
1,3710,1414.7187380528228
1,3711,1560.8675435205398
1,3712,1669.769447752418
1,3713,1961.39140725953
1,3714,2283.7007184465974
1,3715,2328.252488840805
1,3716,2454.8053002625024
1,3717,2433.503630738978
1,3718,2377.4098035842753
1,3719,1810.7073362246604
1,3720,1127.1140069690516
1,3721,797.4716003554456
1,3722,257.3850001416548
1,3723,497.46682019135454
1,3724,520.6753718083411
1,3725,549.6154374986494
1,3726,2331.2437357728595
1,3727,2830.0355805851673
1,3728,809.2269426006025
1,3729,2.041393012499853e-08
1,3730,2.061614214599774e-08
1,3731,2.0044322326705975e-08
1,3732,1.9086107768550323e-08
1,3733,1.7918253104941777e-08
1,3734,1.7918244369504545e-08
1,3735,1.7918293535840288e-08
1,3736,969.6480388401465
1,3737,6459.8240123872565
1,3738,8401.151565517892
1,3739,7434.205454479508
1,3740,2424.4865712632977
1,3741,2.435571890665032e-08
1,3742,2.8966236506509588e-08
1,3743,3.2427161625782493e-08
1,3744,3.5473474641223464e-08
1,3745,3.847783186340724e-08
1,3746,4.181182626693193e-08
1,3747,4.605059336959446e-08
1,3748,5.2444237802663643e-08
1,3749,6.502448438886149e-08
1,3750,1.151479349781998e-07
1,3751,6592.68753814047
1,3752,20794.598622388417
1,3753,26136.904384613477
1,3754,28686.34330688413
1,3755,30631.988842529376
1,3756,31097.361627590206
1,3757,29496.82720695059
1,3758,27765.321580144384
1,3759,26971.22474838796
1,3760,26469.346054142858
1,3761,1614.2463701728163
1,3762,20525.444798467317
1,3763,29913.202651621054
1,3764,24610.602170491402
1,3765,3.62767513499649e-07
1,3766,1.9644574632469406e-07
1,3767,1.4212546748835434e-07
1,3768,1.1653711746909652e-07
1,3769,1.032417916525455e-07
1,3770,9.731103170972869e-08
1,3771,9.800911527098181e-08
1,3772,1.0977134261056063e-07
1,3773,1.757402210939105e-07
1,3774,733.9047087796973
1,3775,17852.106041767922
1,3776,18570.004406990673
1,3777,18540.649000605197
1,3778,18642.177881693224
1,3779,20313.654789417087
1,3780,19745.768302476772
1,3781,18235.283602807154
1,3782,11802.759607947884
1,3783,1.1368801539615107e-07
1,3784,4.033859593084748e-08
1,3785,6319.192250232786
1,3786,10222.182173723213
1,3787,13730.7071471949
1,3788,13795.644222587283
1,3789,11017.50768617216
1,3790,9105.93826344356
1,3791,6931.996452187261
1,3792,4981.804729204441
1,3793,1.733119083619991e-07
1,3794,8.708395693594114e-08
1,3795,5.834353802713904e-08
1,3796,4.397434045114119e-08
1,3797,3.535345522223259e-08
1,3798,2.960672571187639e-08
1,3799,2.5502347736112448e-08
1,3800,2.2419841747695746e-08
1,3801,1.714956380293188e-08
1,3802,1.7149570536921738e-08
1,3803,1.7149554080531857e-08
1,3804,1.714955621047413e-08
1,3805,1.714955599106888e-08
1,3806,1.7149565769708502e-08
1,3807,1.7149769238332017e-08
1,3808,2847.5888752529445
1,3809,2317.5284729476543
1,3810,1930.6595566237925
1,3811,2103.8220758499187
1,3812,2579.5236660977102
1,3813,1760.4628971034263
1,3814,1329.9233674960983
1,3815,1087.1665027794702
1,3816,983.0042765000624
1,3817,931.0002946818108
1,3818,894.1715598806487
1,3819,867.9784696963424
1,3820,842.8541627152989
1,3821,811.3549060890156
1,3822,796.1575183165237
1,3823,785.7613362949543
1,3824,765.2702718833076
1,3825,735.2550142144878
1,3826,720.5732460256532
1,3827,722.9227938444327
1,3828,712.7832017809156
1,3829,700.348371881549
1,3830,699.5288282923311
1,3831,702.8014494564825
1,3832,710.8343214598302
1,3833,749.4842736905949
1,3834,819.539414938736
1,3835,861.5363592785556
1,3836,793.9428988646757
1,3837,728.8678781659603
1,3838,699.7489392572569
1,3839,669.8017277653973
1,3840,651.0812993307447
1,3841,639.3602298482475
1,3842,631.8361779643562
1,3843,631.2992033784761
1,3844,633.7523724387897
1,3845,639.2661201601621
1,3846,655.8912907526156
1,3847,677.8676412222137
1,3848,679.9294372875377
1,3849,666.3897157819985
1,3850,650.6418594570257
1,3851,640.2696515607316
1,3852,628.1725374585351
1,3853,632.9662411018718
1,3854,653.6188664749659
1,3855,672.4768987181506
1,3856,698.8873234023775
1,3857,745.6209564772752
1,3858,832.8538368905948
1,3859,873.3121881138769
1,3860,809.7956132171856
1,3861,768.7421875079847
1,3862,765.5392739831573
1,3863,741.6860017551145
1,3864,736.8159584506177
1,3865,734.6381165013862
1,3866,738.2228908930109
1,3867,745.1346430379347
1,3868,757.1219688800754
1,3869,752.6915664066291
1,3870,756.0780379969909
1,3871,756.6705300017004
1,3872,782.3627814628201
1,3873,114.61036719212296
1,3874,1.7273027970668583e-07
1,3875,8.690946636925152e-08
1,3876,5.825412272426585e-08
1,3877,4.391754435752903e-08
1,3878,3.531306308344795e-08
1,3879,2.9576143599211504e-08
1,3880,359.2994526511457
1,3881,1090.5086050224272
1,3882,1325.935841681881
1,3883,1580.3337448915381
1,3884,1803.2131911010576
1,3885,1860.6187257616248
1,3886,2052.3504135318867
1,3887,2253.4054489091973
1,3888,1147.4249894708812
1,3889,737.8597998577067
1,3890,1056.6313882391578
1,3891,1569.4398449182972
1,3892,1253.0423138326594
1,3893,351.5226412065752
1,3894,3.558994723151039e-08
1,3895,4.5984179826282715e-08
1,3896,8.471454976708781e-08
1,3897,18921.781014731565
1,3898,26870.600191122718
1,3899,27966.364049167718
1,3900,28365.66103370933
1,3901,27730.085810184075
1,3902,27151.66307009252
1,3903,26551.57517626845
1,3904,468.06379077473844
1,3905,5124.0485634760535
1,3906,18475.150797618648
1,3907,24557.16288942428
1,3908,11230.116614521961
1,3909,6539.4654107392425
1,3910,4362.712744097903
1,3911,1907.184349038011
1,3912,373.2674743748824
1,3913,367.6541221537774
1,3914,1992.5285481620347
1,3915,1670.9066424351652
1,3916,63.29783585395059
1,3917,2.9826383156941446e-08
1,3918,4.076235248188923e-08
1,3919,7.876801895382159e-08
1,3920,24483.19961004273
1,3921,27616.076773290155
1,3922,28892.763046174186
1,3923,31346.6458676941
1,3924,32079.974672326123
1,3925,30856.89516892575
1,3926,29402.839152044144
1,3927,27740.299887324913
1,3928,25179.91281722561
1,3929,4.3371533934171726e-08
1,3930,3438.7560519294343
1,3931,2349.1050308951303
1,3932,1587.7510931293004
1,3933,1186.175755057857
1,3934,968.0527085464355
1,3935,696.425633213377
1,3936,356.33663271565274
1,3937,295.845191208193
1,3938,501.5333343064678
1,3939,632.2426778092106
1,3940,638.4262103043282
1,3941,534.567173752406
1,3942,530.3801705646745
1,3943,618.8220997901808
1,3944,619.9041333677176
1,3945,607.7675301084407
1,3946,571.6067642619881
1,3947,560.5844987220544
1,3948,326.34025080028283
1,3949,1.7304891542673558e-07
1,3950,8.699605318475499e-08
1,3951,5.8298642531106476e-08
1,3952,289.05564010868136
1,3953,474.95598116479096
1,3954,515.3531251652204
1,3955,524.4561406394787
1,3956,518.7729676618801
1,3957,505.8667211401389
1,3958,495.3321718952934
1,3959,471.38193270730005
1,3960,451.6190983940209
1,3961,430.9089857992405
1,3962,422.0078005410996
1,3963,422.2082057660722
1,3964,430.882713619888
1,3965,432.6095420727847
1,3966,439.49830250416517
1,3967,442.038044762312
1,3968,436.07480008352934
1,3969,423.52681395652434
1,3970,411.4664349837986
1,3971,405.2204615798011
1,3972,386.9203829076286
1,3973,367.17291953110697
1,3974,385.7406722755286
1,3975,403.05049407922473
1,3976,410.458822849383
1,3977,418.87246487551937
1,3978,425.66107940936183
1,3979,428.4050570650164
1,3980,427.91433566670145
1,3981,415.6329649970834
1,3982,406.16168986289523
1,3983,395.5339432373364
1,3984,385.83125579650846
1,3985,382.99135603660613
1,3986,381.5283605973363
1,3987,378.98755322749975
1,3988,378.83405315804225
1,3989,377.5796759620073
1,3990,379.99677330897026
1,3991,382.94985182160434
1,3992,379.9629094340993
1,3993,370.048031079407
1,3994,360.6624135509413
1,3995,331.4131407410136
1,3996,1.7306708146626326e-07
1,3997,8.70023226112748e-08
1,3998,5.833879016278558e-08
1,3999,339.91088090626897
1,4000,371.3339008286021
1,4001,387.0478246698605
1,4002,409.77150456436345
1,4003,618.0371044904331
1,4004,754.6358250218077
1,4005,484.855207282491
1,4006,425.1413356160728
1,4007,396.4920847103436
1,4008,387.0548959811315
1,4009,384.39148435631535
1,4010,383.41478654202615
1,4011,383.983704805995
1,4012,383.4502130064657
1,4013,382.1846367815119
1,4014,351.7398343007676
1,4015,265.3957319377449
1,4016,8.699276094393962e-08
1,4017,5.829125285929202e-08
1,4018,4.3938412166718655e-08
1,4019,3.5326452533796914e-08
1,4020,2.9585056784359816e-08
1,4021,2.548450208151158e-08
1,4022,2.241046322165702e-08
1,4023,337.9496442878703
1,4024,385.2047239185345
1,4025,407.2573589985187
1,4026,451.73075915045024
1,4027,568.1566169146419
1,4028,468.1797989812291
1,4029,436.73129224547915
1,4030,421.4016177083102
1,4031,408.7516600263799
1,4032,403.4666817179403
1,4033,403.2185601947663
1,4034,402.65391969660453
1,4035,404.82186603137967
1,4036,407.5547533992786
1,4037,410.26318629845434
1,4038,416.73950015589475
1,4039,423.0082304594001
1,4040,422.36373589143676
1,4041,410.5761412532716
1,4042,401.16606772914
1,4043,393.160639474797
1,4044,301.4413969779188
1,4045,1.7313298490174989e-07
1,4046,222.8664143413697
1,4047,396.766860291519
1,4048,436.38193539482506
1,4049,461.0771990154766
1,4050,483.537113331936
1,4051,502.77413547993115
1,4052,502.54371855928235
1,4053,496.2914986479371
1,4054,494.7183279754334
1,4055,484.8505318412585
1,4056,478.5719098472228
1,4057,481.3808700735404
1,4058,490.73405502400834
1,4059,500.7515065192451
1,4060,513.1388562831082
1,4061,521.2513941675799
1,4062,536.7768451058325
1,4063,542.8797858375387
1,4064,532.0551717642234
1,4065,472.35073683171674
1,4066,473.23628974963964
1,4067,479.482485016991
1,4068,378.61886326477014
1,4069,196.23492111956233
1,4070,496.98542504742204
1,4071,646.9928578853517
1,4072,760.5714488196443
1,4073,857.0577306288999
1,4074,1020.8141347676989
1,4075,1349.7798406699012
1,4076,1674.885936239257
1,4077,1237.7053534144154
1,4078,1406.1578320233293
1,4079,1617.0963355343936
1,4080,1933.078572740807
1,4081,1062.2909658853835
1,4082,4.268887481263209e-08
1,4083,4.23327194877887e-08
1,4084,4.2946423510549525e-08
1,4085,4.483479534295442e-08
1,4086,4.893291962695023e-08
1,4087,5.8567772159784446e-08
1,4088,1.001259323281259e-07
1,4089,16591.55460425191
1,4090,21882.572589679912
1,4091,22461.793023447535
1,4092,21542.823529483947
1,4093,20814.436070887266
1,4094,21308.794222556964
1,4095,20707.231420921107
1,4096,4.354111497499797e-08
1,4097,834.7516617110037
1,4098,13315.772895611984
1,4099,11763.894605793754
1,4100,14822.119111541922
1,4101,14139.047651074454
1,4102,12451.173879920198
1,4103,7547.975437981548
1,4104,1788.7607481230662
1,4105,3.195231907623827e-08
1,4106,3.46089847113256e-08
1,4107,3.802747504776517e-08
1,4108,4.3228808467526785e-08
1,4109,5.3519935781766936e-08
1,4110,9.463873971363027e-08
1,4111,18423.466705424187
1,4112,26899.64442830948
1,4113,28333.067647001088
1,4114,31868.027349582986
1,4115,34059.890654132236
1,4116,33812.61701036316
1,4117,32038.82766516778
1,4118,29099.887878946443
1,4119,27263.205925569542
1,4120,24839.95848143123
1,4121,4.3420370314701823e-08
1,4122,7731.314507456871
1,4123,9838.90278466229
1,4124,10223.052814472556
1,4125,8763.579204943691
1,4126,7774.066941871842
1,4127,6462.557202537866
1,4128,6091.880975877282
1,4129,6402.08416035206
1,4130,5553.335580762428
1,4131,3129.3991987198597
1,4132,3673.1173938383777
1,4133,1020.2052258116915
1,4134,4.718776260304047e-08
1,4135,3.9802820786653565e-08
1,4136,3.452133656660209e-08
1,4137,3.0529640091060185e-08
1,4138,1.7391281208405747e-08
1,4139,1.739134724676705e-08
1,4140,1.7391260397561786e-08
1,4141,1.7391233555999095e-08
1,4142,1.7391219478037073e-08
1,4143,1.7391223841896607e-08
1,4144,1.7391371632218797e-08
1,4145,7032.149971477606
1,4146,11773.808784717525
1,4147,13821.04735815383
1,4148,13864.529310585805
1,4149,12528.550163196827
1,4150,6472.806181045019
1,4151,4429.651107074749
1,4152,2720.2695759904504
1,4153,2507.7826988836805
1,4154,1125.846675986982
1,4155,387.0541645783158
1,4156,3.838753754789175e-08
1,4157,4.322050573466303e-08
1,4158,5.3107852906341844e-08
1,4159,9.321399888573766e-08
1,4160,13156.398807050782
1,4161,26669.062728223143
1,4162,28523.57670489851
1,4163,30354.456221789264
1,4164,31050.373774294258
1,4165,30032.561804458368
1,4166,27524.41634593838
1,4167,26558.778062894067
1,4168,12128.777252299913
1,4169,3675.7855089504005
1,4170,9830.982874103569
1,4171,11016.029429038594
1,4172,11604.964588444394
1,4173,9460.654660151838
1,4174,8356.268899100955
1,4175,5162.8133725690095
1,4176,2820.442909380576
1,4177,2322.4052101017537
1,4178,2776.9434143782637
1,4179,3454.021490150581
1,4180,4146.824215002758
1,4181,2035.359420509923
1,4182,3.5607727827279185e-08
1,4183,4.60790911865547e-08
1,4184,8.443200421912153e-08
1,4185,25490.89879244508
1,4186,26495.803260837183
1,4187,27513.88616573335
1,4188,26607.02193477763
1,4189,25924.95683451501
1,4190,26117.16940349242
1,4191,15730.211969424377
1,4192,4.401273877592386e-08
1,4193,7862.378569091601
1,4194,9445.528283159265
1,4195,11261.179435766544
1,4196,10448.002453891386
1,4197,8013.500239406076
1,4198,7013.233991119301
1,4199,5657.053171176944
1,4200,5037.760887077778
1,4201,5798.982774145989
1,4202,2251.58577423405
1,4203,707.4403961168239
1,4204,1674.160830871006
1,4205,1112.1803071118302
1,4206,380.50887850240235
1,4207,3.999401476344872e-08
1,4208,3.695251339470108e-08
1,4209,3.451370483384549e-08
1,4210,1.756600385127073e-08
1,4211,1.756523421636222e-08
1,4212,1.7565201793401283e-08
1,4213,1.7565196601946513e-08
1,4214,1.7565209637163544e-08
1,4215,1.75652210467956e-08
1,4216,1.756525548482081e-08
1,4217,6450.974587458595
1,4218,15227.68100448731
1,4219,20298.795935755494
1,4220,20540.722186036095
1,4221,8324.808228568698
1,4222,5088.586879518076
1,4223,731.927169644905
1,4224,7.039136597034327e-08
1,4225,6.111416707587676e-08
1,4226,5.579405176178086e-08
1,4227,5.3119680080977825e-08
1,4228,5.275379005717306e-08
1,4229,5.530502486806704e-08
1,4230,6.399850597126104e-08
1,4231,1.057869199861365e-07
1,4232,11037.349222541916
1,4233,26372.17223456212
1,4234,27622.08401580407
1,4235,29876.323200271414
1,4236,29663.057576206233
1,4237,28136.715279591634
1,4238,27114.839213792508
1,4239,25381.862336502534
1,4240,4.3541517193302476e-08
1,4241,7177.24583612009
1,4242,15273.697813647093
1,4243,16883.002363484145
1,4244,15205.002876211343
1,4245,8008.781346348424
1,4246,7068.310633865466
1,4247,4023.3631911318075
1,4248,2284.976097774757
1,4249,414.24808396509644
1,4250,91.76946014619068
1,4251,233.0982891502678
1,4252,3.038012644535708e-08
1,4253,3.646643819364275e-08
1,4254,4.706181714955873e-08
1,4255,8.660420282764769e-08
1,4256,22973.35071200629
1,4257,26861.9301247895
1,4258,28086.218865437382
1,4259,30325.811424322303
1,4260,31688.245706845162
1,4261,29989.408244639253
1,4262,27747.03159267081
1,4263,26413.4375768336
1,4264,5254.0900787897535
1,4265,3142.628951368932
1,4266,17200.636584995686
1,4267,14277.599468793724
1,4268,12617.703908926378
1,4269,11494.31657499282
1,4270,10940.198604737832
1,4271,5616.441418208712
1,4272,1305.6156794103715
1,4273,10.338044205622005
1,4274,2.5526499583385998e-08
1,4275,58.01675623143849
1,4276,2.723795163910039e-08
1,4277,3.1974636773899034e-08
1,4278,3.805767431752649e-08
1,4279,4.8818662825027455e-08
1,4280,8.933195556025397e-08
1,4281,3864.111522493581
1,4282,17930.558931658947
1,4283,23268.77050289042
1,4284,21540.92262287074
1,4285,20516.08934753403
1,4286,20142.499112382524
1,4287,22342.686130842514
1,4288,7.567595350303877e-08
1,4289,2.701974593443898e-08
1,4290,7634.613152592015
1,4291,15316.397836645447
1,4292,16358.565799763195
1,4293,13961.165598249063
1,4294,11451.797248864437
1,4295,6067.889624717116
1,4296,2330.4836883952858
1,4297,1275.2495365983732
1,4298,40.22262080142079
1,4299,353.7952993579497
1,4300,1082.7226747383177
1,4301,1.7158589670384272e-08
1,4302,344.05483920941276
1,4303,493.35233332729376
1,4304,2.9847150040972946e-08
1,4305,4.510393296385581e-08
1,4306,9.281266390261448e-08
1,4307,23289.317301992054
1,4308,21760.399709870755
1,4309,20587.82003805746
1,4310,22282.223531786556
1,4311,23170.97872322682
1,4312,9.363199545400411e-08
1,4313,3.3256242449321803e-08
1,4314,10349.713463043678
1,4315,16010.553808115877
1,4316,17164.329189808326
1,4317,15168.983435618009
1,4318,11936.172113722718
1,4319,5594.765866481776
1,4320,438.97811508089575
1,4321,3.2944963995252576e-08
1,4322,4.1315412040129386e-08
1,4323,4.9141358984466986e-08
1,4324,5.893569720245758e-08
1,4325,7.601016886935844e-08
1,4326,1.39791899328223e-07
1,4327,20750.641460596325
1,4328,26731.26734199418
1,4329,28976.382280386657
1,4330,31390.182663014926
1,4331,33715.4840232661
1,4332,33515.97240722452
1,4333,31735.78485021993
1,4334,29506.1696318484
1,4335,27902.254770976993
1,4336,26130.963566645816
1,4337,5551.082728298468
1,4338,27425.782328222253
1,4339,27164.26932616735
1,4340,10397.079246635896
1,4341,6125.2823619080655
1,4342,1.4410024698426104e-07
1,4343,1.2510225393130457e-07
1,4344,1.142120304876965e-07
1,4345,1.0873690400078472e-07
1,4346,1.0798352614155553e-07
1,4347,1.1320863150064274e-07
1,4348,1.3101576845281674e-07
1,4349,2.1653826070270514e-07
1,4350,15480.019597471437
1,4351,25693.428467753314
1,4352,28880.183167240426
1,4353,29197.00793639594
1,4354,31239.03155443156
1,4355,32789.3752347933
1,4356,32665.23804149705
1,4357,30734.90237137902
1,4358,28350.29562868748
1,4359,27100.9701828011
1,4360,19932.664032401353
1,4361,13756.580042606452
1,4362,20341.30378799416
1,4363,9714.507073519178
1,4364,13306.95871775091
1,4365,11657.164517539582
1,4366,7886.981851943319
1,4367,1.0563803784086328e-07
1,4368,1.0018845722451907e-07
1,4369,9.61642682995045e-08
1,4370,9.313720624483368e-08
1,4371,9.080646466583459e-08
1,4372,8.89459451336417e-08
1,4373,8.73750525537799e-08
1,4374,8.594215410390269e-08
1,4375,8.45236250684295e-08
1,4376,8.301194564949927e-08
1,4377,8.13174570448924e-08
1,4378,7.937071358940745e-08
1,4379,4.895312323213041e-08
1,4380,4.895034953646246e-08
1,4381,4.8950382091001495e-08
1,4382,4.8950975272097914e-08
1,4383,4.895016928314178e-08
1,4384,4.8950111526296144e-08
1,4385,4.8950588978216103e-08
1,4386,5360.5666444822555
1,4387,14262.87585387643
1,4388,18971.882322710368
1,4389,15753.9443216501
1,4390,10660.633414944527
1,4391,3425.402650354198
1,4392,6.668959057598946e-08
1,4393,7.879938033156328e-08
1,4394,8.738378007755628e-08
1,4395,9.435637100409342e-08
1,4396,1.0048672710571136e-07
1,4397,1.0628979123331614e-07
1,4398,1.1225460239242023e-07
1,4399,1.1897706549706029e-07
1,4400,1.273750144787744e-07
1,4401,6.215998380034387e-08
1,4402,6.215487040315041e-08
1,4403,6.215522351719991e-08
1,4404,6.215401024555639e-08
1,4405,6.21538209092778e-08
1,4406,6.21540555873859e-08
1,4407,6.2153732710705e-08
1,4408,6.215374187152218e-08
1,4409,1238.4167934945403
1,4410,10595.772807027804
1,4411,15569.168038759251
1,4412,15100.494582520749
1,4413,13734.073189391647
1,4414,10661.064674278665
1,4415,5726.272020010974
1,4416,3503.1396360668887
1,4417,535.0942503571576
1,4418,8.69804861282678e-08
1,4419,1.124273934787368e-07
1,4420,1.4002054165738673e-07
1,4421,1.8507669002310544e-07
1,4422,3.4797244533816413e-07
1,4423,8424.79283189597
1,4424,26785.758647878647
1,4425,28091.01043121276
1,4426,30809.14080057855
1,4427,32948.72222401002
1,4428,33593.681796369114
1,4429,32554.289520957438
1,4430,30139.745102937006
1,4431,27462.94961837025
1,4432,26753.951247944944
1,4433,7759.844589552634
1,4434,25945.561216038397
1,4435,28697.319990651416
1,4436,7506.305888601971
1,4437,6087.873814025082
1,4438,666.590492317662
1,4439,2.9950291065430163e-07
1,4440,3.069263405772638e-07
1,4441,3.4861444709894523e-07
1,4442,5.653982305550915e-07
1,4443,2729.26816210722
1,4444,5229.021899425868
1,4445,22954.693586695965
1,4446,28156.242308640103
1,4447,29222.264936303472
1,4448,30786.365165719923
1,4449,33131.354834166355
1,4450,34752.581583120744
1,4451,35795.51925990958
1,4452,35747.47490694835
1,4453,35071.92884038397
1,4454,34118.14898691756
1,4455,31975.666122704843
1,4456,28348.923987360606
1,4457,26815.22144539344
1,4458,9343.931706120977
1,4459,16545.37066694762
1,4460,26983.316432818225
1,4461,27297.888951817353
1,4462,5836.919936510831
1,4463,1.7073285638608948e-06
1,4464,9.920541676328425e-07
1,4465,8.259500059708963e-07
1,4466,1.0515542790575077e-06
1,4467,5968.968196051277
1,4468,15677.480790506528
1,4469,25783.505459396696
1,4470,28686.702683177118
1,4471,29688.095869872046
1,4472,31391.398045520164
1,4473,33663.14550875672
1,4474,34492.06491078928
1,4475,35529.97204645438
1,4476,35081.67950789894
1,4477,34293.0052113846
1,4478,33002.42650585651
1,4479,30629.820849804328
1,4480,26798.336000133284
1,4481,26134.377136582592
1,4482,3922.582775542367
1,4483,21087.747810908513
1,4484,29649.65039249867
1,4485,22003.51500811798
1,4486,2.1351151635378915e-06
1,4487,1.2295237514846173e-06
1,4488,1.0011120114913766e-06
1,4489,1.1272037705170254e-06
1,4490,1.6091708657112462e-07
1,4491,1.6115694852786452e-07
1,4492,1697.4634475559265
1,4493,4371.4014331928265
1,4494,25693.78661093793
1,4495,27310.479199675785
1,4496,29933.21837027839
1,4497,32376.19832931279
1,4498,34084.792755955605
1,4499,34768.65461204149
1,4500,34404.577628904946
1,4501,32969.16825825196
1,4502,30189.748395336675
1,4503,27504.56186972968
1,4504,26551.93830261874
1,4505,3.220721898471732e-07
1,4506,2485.7536525251808
1,4507,5190.921516334672
1,4508,4053.479546726096
1,4509,3274.912064433042
1,4510,2644.8661988190097
1,4511,1845.0318007831027
1,4512,1169.573791972597
1,4513,1022.4934971601762
1,4514,1156.2116786005386
1,4515,1399.3745681460919
1,4516,1534.4278583722194
1,4517,1.7347688582346004e-07
1,4518,272.9243013537896
1,4519,5.8370029670118005e-08
1,4520,4.39605354248188e-08
1,4521,3.534011312559935e-08
1,4522,2.95944698116734e-08
1,4523,2.549097993396606e-08
1,4524,1.7155997112220815e-08
1,4525,2.0000828373848003e-08
1,4526,1.8107596446077947e-08
1,4527,1.715378483879945e-08
1,4528,1114.5354123614118
1,4529,1333.578522753298
1,4530,1479.816925036155
1,4531,1573.953153393312
1,4532,1629.4726936240286
1,4533,1527.5780182511776
1,4534,1439.740434781791
1,4535,1319.635282530455
1,4536,1258.208196554314
1,4537,1228.710509655492
1,4538,1215.1517218103922
1,4539,1221.467230842334
1,4540,1237.5666676693354
1,4541,1246.4858885198394
1,4542,1259.5535778566934
1,4543,957.8327121147981
1,4544,871.6317248832952
1,4545,5.831685942586889e-08
1,4546,4.395243843828404e-08
1,4547,3.5335438460362743e-08
1,4548,2.9591302070413532e-08
1,4549,2.5486899922358766e-08
1,4550,1.714978425527072e-08
1,4551,2.002019635946703e-08
1,4552,52.325396911302214
1,4553,1459.6195010122892
1,4554,1801.5028714704938
1,4555,2248.6629342402866
1,4556,2667.230445806874
1,4557,2725.0683488089535
1,4558,2708.8614282654744
1,4559,2584.884128123375
1,4560,2646.0591802454505
1,4561,2142.038749850534
1,4562,2218.984674857366
1,4563,2422.989575969461
1,4564,2856.0911695152545
1,4565,720.8439207415439
1,4566,3.557973345719894e-08
1,4567,3.6119221069808765e-08
1,4568,3.7017752665866835e-08
1,4569,3.840451642169048e-08
1,4570,1.8097469476814236e-08
1,4571,1.8097411838902187e-08
1,4572,1.8097396717243108e-08
1,4573,1.809739770936941e-08
1,4574,1.809741634960674e-08
1,4575,1.8097484329560683e-08
1,4576,1.80974626581448e-08
1,4577,3580.437814440494
1,4578,13264.772360526782
1,4579,10687.98128300194
1,4580,11279.55562937053
1,4581,11289.223559190339
1,4582,10654.248815563804
1,4583,6908.700152999483
1,4584,4912.064229552177
1,4585,2938.2223668500496
1,4586,1148.289780305046
1,4587,2.939580879782216e-08
1,4588,3.366095452593781e-08
1,4589,3.9428869854652435e-08
1,4590,4.998198850100457e-08
1,4591,9.042930345463658e-08
1,4592,23504.705691831223
1,4593,27663.647924790315
1,4594,28787.96698938897
1,4595,30666.35870462157
1,4596,31539.175606948174
1,4597,30264.274877214422
1,4598,28062.753466050224
1,4599,26952.02772864086
1,4600,24868.66217651352
1,4601,4.337357135314522e-08
1,4602,9298.827516690479
1,4603,24540.05191528659
1,4604,14467.885094425237
1,4605,12626.32743299869
1,4606,9331.108412327309
1,4607,4847.386488063801
1,4608,853.3051512808082
1,4609,698.6039806684009
1,4610,3.735966035036379e-08
1,4611,4.0024924257366546e-08
1,4612,4.473826163482362e-08
1,4613,5.463288230158855e-08
1,4614,9.529962082559164e-08
1,4615,25967.890318137113
1,4616,26984.58210963155
1,4617,29625.54519948128
1,4618,32832.97882303836
1,4619,34781.498862168235
1,4620,34297.076883249254
1,4621,32488.457527922546
1,4622,29719.377118559078
1,4623,27098.16211243391
1,4624,25540.536822854505
1,4625,4.3371071152625243e-08
1,4626,9608.004618966434
1,4627,12665.44715413277
1,4628,13043.013634619774
1,4629,11124.613784019995
1,4630,8314.870928093189
1,4631,4214.780313664053
1,4632,3294.0010986654192
1,4633,2791.077087820741
1,4634,2644.4737904892827
1,4635,2540.1531197338154
1,4636,4056.2234009220347
1,4637,2366.8370607613974
1,4638,3.645543061107486e-08
1,4639,7.27407361294255e-08
1,4640,18523.787143225945
1,4641,26562.181451217766
1,4642,28607.033797723725
1,4643,30154.771814818017
1,4644,29820.52291796229
1,4645,28159.89220699223
1,4646,26738.960708891445
1,4647,26175.674278918577
1,4648,4.372799464018984e-08
1,4649,6109.471525792284
1,4650,8169.891737504573
1,4651,10294.35988463576
1,4652,10129.24061546297
1,4653,7824.090169039328
1,4654,6363.79120955457
1,4655,5113.00563114336
1,4656,4695.71471823231
1,4657,4884.0618670959
1,4658,4999.590786712277
1,4659,1930.7106733153867
1,4660,2852.187562197993
1,4661,1642.6945618558414
1,4662,4.3954167978995805e-08
1,4663,3.533742456427781e-08
1,4664,2.959353563648475e-08
1,4665,1.7148917407454724e-08
1,4666,1.714889629032026e-08
1,4667,1.714890407026706e-08
1,4668,1.714889867387775e-08
1,4669,1.7148879060694332e-08
1,4670,1.7148900567948454e-08
1,4671,1961.767825581855
1,4672,2207.1238046695657
1,4673,1810.5188068122811
1,4674,1980.704525733981
1,4675,2656.233001713408
1,4676,1626.3797940396764
1,4677,1180.5558950949942
1,4678,1032.0662271224824
1,4679,922.678595044814
1,4680,851.6742443646286
1,4681,805.357115903528
1,4682,775.6353930946319
1,4683,755.8338108915373
1,4684,745.3111452504653
1,4685,739.2759715359103
1,4686,733.7137676340806
1,4687,742.6262885407423
1,4688,743.7361082782165
1,4689,716.7700673147928
1,4690,693.2100351673732
1,4691,662.5426407850327
1,4692,614.6435689880738
1,4693,539.3161656485953
1,4694,525.1509428317066
1,4695,568.4318137055856
1,4696,606.0580252100946
1,4697,632.3152931888145
1,4698,683.4532918626107
1,4699,1054.039690052933
1,4700,1139.0445430007208
1,4701,796.1319263831821
1,4702,678.0482522020743
1,4703,619.243294979213
1,4704,597.7363048431865
1,4705,587.3822864119849
1,4706,584.3722796596735
1,4707,582.7927279391807
1,4708,583.8821983536124
1,4709,583.4323472799128
1,4710,588.7015051107514
1,4711,596.4996492791174
1,4712,596.449033840907
1,4713,590.343919510607
1,4714,585.4049321368922
1,4715,578.122746824038
1,4716,565.8939966016225
1,4717,561.8504132793408
1,4718,566.8257562688273
1,4719,582.8646528129556
1,4720,598.3707323946892
1,4721,629.4592189468061
1,4722,711.4422532505243
1,4723,963.9246205604104
1,4724,1103.7469021313418
1,4725,794.3532960102272
1,4726,689.4410958834768
1,4727,643.5809035612108
1,4728,629.5911221813927
1,4729,626.6159227501382
1,4730,629.0733806983976
1,4731,636.2643463107603
1,4732,647.097389900604
1,4733,642.4925262266676
1,4734,530.9616193710716
1,4735,339.12332534556293
1,4736,5.8303377072831076e-08
1,4737,4.394519596657244e-08
1,4738,3.533069685712775e-08
1,4739,2.958822453157263e-08
1,4740,2.5486703555618623e-08
1,4741,2.2411008710055124e-08
1,4742,2.0043264281669842e-08
1,4743,671.5081310048353
1,4744,767.036579961006
1,4745,852.0735959902443
1,4746,995.633437433827
1,4747,2657.320884119394
1,4748,3273.1001185565747
1,4749,1615.2834025963546
1,4750,1260.4865888503175
1,4751,1092.569245813549
1,4752,1099.962618585077
1,4753,1172.464359546216
1,4754,1310.2013492321043
1,4755,1558.7243901210998
1,4756,2143.366537892776
1,4757,2898.704285477602
1,4758,4.017015926912769e-08
1,4759,7.721977855304246e-08
1,4760,11163.678649118592
1,4761,10370.6522624449
1,4762,10434.871110756796
1,4763,10691.760001607745
1,4764,10889.261113267925
1,4765,11132.95549981227
1,4766,10534.232974652534
1,4767,4.4416494529486076e-08
1,4768,2001.6113261778316
1,4769,6747.659185768626
1,4770,7607.409169171282
1,4771,9610.242919019129
1,4772,10007.30874849565
1,4773,8839.103112927529
1,4774,5044.290143116247
1,4775,4160.737933491694
1,4776,3737.4147204432397
1,4777,3573.4659279134503
1,4778,3653.9126357539876
1,4779,3880.415402233303
1,4780,5043.0314764802315
1,4781,2756.893290923282
1,4782,3.645486770608694e-08
1,4783,7.274009966843525e-08
1,4784,25235.560058430507
1,4785,26725.8820248509
1,4786,28248.3429488379
1,4787,30546.387805613274
1,4788,29882.595791467258
1,4789,27881.324360488685
1,4790,26945.60923041281
1,4791,20351.186782647914
1,4792,4.3735731598446796e-08
1,4793,6009.964814081671
1,4794,7788.297239152024
1,4795,8759.368108166245
1,4796,9534.347599266597
1,4797,8344.965423657617
1,4798,6914.79321661731
1,4799,5246.465966006603
1,4800,4919.869900497292
1,4801,5103.834366493358
1,4802,4046.660723193558
1,4803,2611.2299461394628
1,4804,3676.038445858675
1,4805,2866.173385098686
1,4806,841.4868574429167
1,4807,3.9990159502686126e-08
1,4808,3.6949990357068314e-08
1,4809,3.451225675731674e-08
1,4810,1.7566197288042593e-08
1,4811,1.756521767935852e-08
1,4812,1.756518709244314e-08
1,4813,1.7565177441525922e-08
1,4814,1.7565179953297095e-08
1,4815,1.75651963101335e-08
1,4816,1.7565264902410946e-08
1,4817,6874.7032087986645
1,4818,9726.990525447516
1,4819,11775.341356953026
1,4820,11881.542223309814
1,4821,10166.736925812242
1,4822,7982.627186192703
1,4823,4121.94417212731
1,4824,2979.9938081438504
1,4825,2198.436600620879
1,4826,1964.3131789002698
1,4827,2276.8658197433865
1,4828,3187.9320900629195
1,4829,1526.0688957309296
1,4830,3.645610453473317e-08
1,4831,7.274138265048375e-08
1,4832,808.7971701060135
1,4833,24155.94427933758
1,4834,26699.828142653467
1,4835,27821.702939868297
1,4836,26448.342411765814
1,4837,25800.975786500036
1,4838,25929.727754460455
1,4839,24860.66302157879
1,4840,4.3735315915313536e-08
1,4841,4771.602825110666
1,4842,9836.502437481033
1,4843,12121.351022718653
1,4844,11688.337699723983
1,4845,10439.420912961366
1,4846,9605.636100213971
1,4847,5497.85578259697
1,4848,2478.3449211866077
1,4849,1902.3015225792408
1,4850,1533.5380792105514
1,4851,1761.8061492524055
1,4852,2642.2102832532246
1,4853,2384.588255581775
1,4854,3.558520408237251e-08
1,4855,4.598008145158727e-08
1,4856,8.470839125091303e-08
1,4857,24459.6697663613
1,4858,27282.5172768167
1,4859,28237.946874096047
1,4860,27369.844532574683
1,4861,25888.189633275422
1,4862,26286.19425488662
1,4863,24639.999397862124
1,4864,4.40144623627665e-08
1,4865,6537.2267352694535
1,4866,8097.4791273824785
1,4867,9333.789580023338
1,4868,9086.55960182987
1,4869,7447.7916397610015
1,4870,6470.439050994797
1,4871,5469.9336901760025
1,4872,5139.025696379619
1,4873,3628.6934956431264
1,4874,2377.860610647732
1,4875,2630.73454356951
1,4876,3490.236266864474
1,4877,3853.8199058362998
1,4878,3099.9060475124234
1,4879,4.5501243082593534e-08
1,4880,8.356043648325134e-08
1,4881,15316.813218117577
1,4882,22900.10237359127
1,4883,22550.520733275967
1,4884,21411.18402763596
1,4885,21397.87905184896
1,4886,22687.34472625468
1,4887,4.5669122071766404e-08
1,4888,1423.9321089756306
1,4889,6223.795333770957
1,4890,6690.075750438598
1,4891,8835.441691622489
1,4892,8143.952275889329
1,4893,6163.242194932982
1,4894,4561.137867173665
1,4895,3625.0784895146467
1,4896,3213.6422671520704
1,4897,3032.450811774624
1,4898,3042.9779093734655
1,4899,3340.1058318943515
1,4900,2246.51283087193
1,4901,1282.8940868648724
1,4902,1000.3147735774447
1,4903,564.9298166342551
1,4904,4.394909375738786e-08
1,4905,3.533282300846743e-08
1,4906,2.9589403724075415e-08
1,4907,1.7149033267247052e-08
1,4908,1.7148762703971492e-08
1,4909,1.7148749664627717e-08
1,4910,1.7148760487469228e-08
1,4911,1.714874990784137e-08
1,4912,481.1498971366897
1,4913,6782.081177521187
1,4914,10016.792888826527
1,4915,12688.656693941695
1,4916,12591.232901915475
1,4917,10194.748090714766
1,4918,6286.250396224956
1,4919,4750.302923184987
1,4920,4190.605334936985
1,4921,2050.799127441425
1,4922,251.60930085715734
1,4923,3.722234194602895e-08
1,4924,4.0034976684742566e-08
1,4925,4.474999176242827e-08
1,4926,5.464373096974377e-08
1,4927,9.53122757143388e-08
1,4928,14242.217899489991
1,4929,25892.454575001637
1,4930,26315.112106465327
1,4931,29722.679057754638
1,4932,29715.287318754403
1,4933,28146.132519631672
1,4934,26844.495046967066
1,4935,25628.816766209773
1,4936,8966.82036794486
1,4937,2366.803701707022
1,4938,9573.57462252747
1,4939,11688.24904456458
1,4940,11192.105148337776
1,4941,10409.216563060567
1,4942,10292.196832936252
1,4943,8440.32104800104
1,4944,4253.020906293917
1,4945,3590.8820201668987
1,4946,2869.4088830927235
1,4947,1987.7172210595907
1,4948,4.3239227294738624e-08
1,4949,4.3559920714339494e-08
1,4950,4.5232896808972275e-08
1,4951,4.915393277554216e-08
1,4952,5.861769630640187e-08
1,4953,9.984430324984567e-08
1,4954,25642.13782145089
1,4955,27097.318333707943
1,4956,26613.17761159995
1,4957,26008.87363230912
1,4958,26247.84749135881
1,4959,26685.993256860027
1,4960,4951.456534102118
1,4961,3284.822757570256
1,4962,16279.38085391777
1,4963,14647.684010372175
1,4964,14405.12762953671
1,4965,13060.373727871658
1,4966,9880.560818256328
1,4967,4636.293550758618
1,4968,469.25264343894753
1,4969,3.571335921747677e-08
1,4970,3.64157931558441e-08
1,4971,3.7536639554753735e-08
1,4972,3.926459860157836e-08
1,4973,4.200400014353639e-08
1,4974,4.6755514861575136e-08
1,4975,5.689267342577322e-08
1,4976,9.888478747334742e-08
1,4977,21884.544896239277
1,4978,22218.884959410952
1,4979,22228.893182900636
1,4980,21998.71600333927
1,4981,22445.48769237458
1,4982,22144.674935329993
1,4983,2393.836327027623
1,4984,7.567073293389035e-08
1,4985,2.7020240712766853e-08
1,4986,9697.588721965121
1,4987,16799.793233645985
1,4988,17789.963806815354
1,4989,15952.429899064155
1,4990,11357.291368311531
1,4991,4778.15899482926
1,4992,288.26996722819786
1,4993,2.583556979157388e-08
1,4994,3.138176468938376e-08
1,4995,3.582196796159278e-08
1,4996,4.018386925568355e-08
1,4997,4.524437412598708e-08
1,4998,5.2376126533624535e-08
1,4999,6.579230991897423e-08
1,5000,1.1800505893513782e-07
1,5001,18726.267823889313
1,5002,25594.33164169977
1,5003,25674.18946018297
1,5004,24048.4604638019
1,5005,22914.9266781357
1,5006,25429.951691389066
1,5007,561.3162348051843
1,5008,16245.698321059905
1,5009,23703.283143489574
1,5010,14343.311734059009
1,5011,15450.649321395596
1,5012,6806.668453048143
1,5013,113.88501851419977
1,5014,6.648083281300091e-08
1,5015,6.472711741267826e-08
1,5016,6.408318514720441e-08
1,5017,6.453309754159972e-08
1,5018,6.626903474772237e-08
1,5019,6.985953755148794e-08
1,5020,7.684836769845623e-08
1,5021,9.259032702261486e-08
1,5022,1.5934698693265896e-07
1,5023,5439.828034559768
1,5024,26596.825088810045
1,5025,28280.664034345547
1,5026,32042.90927208781
1,5027,34115.18812162248
1,5028,34530.12869507667
1,5029,33778.73773321084
1,5030,31742.83377891586
1,5031,27897.54230719136
1,5032,26777.66260577104
1,5033,1920.649477889028
1,5034,27421.350901532973
1,5035,17503.154706203968
1,5036,12466.503976703945
1,5037,10933.317465805781
1,5038,6418.519463276151
1,5039,1.0766741980742687e-07
1,5040,1.0053614306608939e-07
1,5041,9.672755686174238e-08
1,5042,9.581080593873794e-08
1,5043,9.813308773854096e-08
1,5044,1.0545765712683568e-07
1,5045,1.2458897133478422e-07
1,5046,2.1023292917638067e-07
1,5047,12090.410730708862
1,5048,26938.13339800045
1,5049,27976.819900830476
1,5050,31969.06886719507
1,5051,34267.726521776036
1,5052,34129.03216619435
1,5053,32775.104518147855
1,5054,29939.850466017797
1,5055,26835.098497149
1,5056,25480.89935882394
1,5057,1112.8021004541615
1,5058,11522.806627831127
1,5059,14311.97744578107
1,5060,14295.276218075944
1,5061,13353.426658095124
1,5062,13760.870844442912
1,5063,5523.984018720314
1,5064,1389.6453161374043
1,5065,285.2229559081522
1,5066,5.8336388987478e-08
1,5067,4.396512089100118e-08
1,5068,249.54028700026305
1,5069,857.9435193700838
1,5070,4.017664994759222e-08
1,5071,7.72280502448592e-08
1,5072,6059.220182793351
1,5073,26505.824498304035
1,5074,27356.400328898413
1,5075,29465.25967573651
1,5076,29646.4369997062
1,5077,27974.846830884817
1,5078,26588.726939326956
1,5079,25331.13090528138
1,5080,4.4013696185266906e-08
1,5081,7358.561799135317
1,5082,9850.24576287459
1,5083,12911.387649439732
1,5084,11303.756496291879
1,5085,8304.542958960863
1,5086,7006.23762051632
1,5087,3717.698000227872
1,5088,2975.970005881166
1,5089,2335.398892387002
1,5090,2146.7158587378585
1,5091,2446.705767474982
1,5092,3021.8417130264097
1,5093,3284.4334669471527
1,5094,3.645642950460189e-08
1,5095,7.274194018468648e-08
1,5096,23253.138451260365
1,5097,26378.943456685913
1,5098,26464.0788965512
1,5099,26876.92094659832
1,5100,26609.43196779349
1,5101,26439.389502519305
1,5102,24909.397390267688
1,5103,4.4020688818918654e-08
1,5104,1871.5326109272273
1,5105,6311.0978329078835
1,5106,6102.917865543841
1,5107,6071.244410136875
1,5108,4651.0364601700985
1,5109,3537.496210628795
1,5110,2819.626147032648
1,5111,2096.605711324832
1,5112,1589.7478859467292
1,5113,2.9361073917646844e-07
1,5114,1.0934343470872662e-07
1,5115,6.74380292442218e-08
1,5116,4.888749944251811e-08
1,5117,3.842297452247452e-08
1,5118,3.1703772281923664e-08
1,5119,2.7024642229207265e-08
1,5120,2.3579075480559573e-08
1,5121,2.093619902254442e-08
1,5122,1.88449035935563e-08
1,5123,1.7149001383100714e-08
1,5124,1.7148755835757405e-08
1,5125,1.7148742564045388e-08
1,5126,1.7148752439263707e-08
1,5127,1.7149503196694512e-08
1,5128,1127.3701733257324
1,5129,1457.1663942692135
1,5130,1545.8689023103582
1,5131,1748.5082116340434
1,5132,1741.228132898748
1,5133,1455.2307162850846
1,5134,1234.6627195473309
1,5135,1113.163702873136
1,5136,1043.3194369938453
1,5137,1003.3367309971846
1,5138,969.2345638571722
1,5139,946.2085706864619
1,5140,938.2994196646429
1,5141,939.7351476972394
1,5142,941.8931787556688
1,5143,935.1340119131219
1,5144,909.8559722729947
1,5145,834.4325043107322
1,5146,545.3378826540732
1,5147,1.7311977240188942e-07
1,5148,8.701244167972689e-08
1,5149,5.830410528451826e-08
1,5150,462.2022151286655
1,5151,751.7372824228431
1,5152,800.2067232661553
1,5153,849.8736762682744
1,5154,898.7321883954702
1,5155,976.6249335331894
1,5156,984.7430794086054
1,5157,958.0541328981859
1,5158,903.1440972301834
1,5159,863.1271442799707
1,5160,837.9713133544909
1,5161,828.8190340728491
1,5162,827.2731884706606
1,5163,834.9987047142824
1,5164,849.6292429104608
1,5165,867.2802564920809
1,5166,881.3749215543346
1,5167,883.9375970406702
1,5168,856.6909498765287
1,5169,772.4417517859542
1,5170,585.7611185919272
1,5171,554.945590819824
1,5172,350.83969318000413
1,5173,329.2934244830719
1,5174,748.7335956133146
1,5175,881.1189431109764
1,5176,982.2381412292461
1,5177,1106.2836871717475
1,5178,1361.1317458553208
1,5179,2603.887919442369
1,5180,2090.7626148402555
1,5181,1694.3954972542263
1,5182,1495.649885953371
1,5183,1500.9084268778986
1,5184,1506.523774176415
1,5185,1168.8364995661766
1,5186,1140.7234117712665
1,5187,1356.6955529310992
1,5188,1897.2074736568973
1,5189,2754.36343423952
1,5190,1720.8306137070629
1,5191,4.0171034535641415e-08
1,5192,7.722127610399995e-08
1,5193,23547.612195671765
1,5194,25912.37279652543
1,5195,26968.056979117886
1,5196,28375.126850106117
1,5197,26041.1862150787
1,5198,26000.750114387887
1,5199,24512.73775399662
1,5200,4.441323394071986e-08
1,5201,9868.964415075647
1,5202,17444.276748687716
1,5203,13485.2870087198
1,5204,11482.495843964676
1,5205,10423.8434146082
1,5206,8137.040978949757
1,5207,4922.855948254802
1,5208,898.7316334549944
1,5209,3.603660465392337e-08
1,5210,3.7149706706686924e-08
1,5211,3.88632506843095e-08
1,5212,4.157770732807648e-08
1,5213,4.6283824515450534e-08
1,5214,5.6321438146473006e-08
1,5215,9.789651221771669e-08
1,5216,24510.421521470667
1,5217,26889.83941406236
1,5218,28902.83134399693
1,5219,32010.76358297953
1,5220,32060.942681750286
1,5221,29669.754571279136
1,5222,27138.35170480044
1,5223,26573.55478334773
1,5224,4.336860806856724e-08
1,5225,8059.2054163688135
1,5226,11535.257456389085
1,5227,14154.076124614268
1,5228,11922.208418662096
1,5229,9766.914531311351
1,5230,7754.136839169149
1,5231,7543.493235113776
1,5232,2601.0753854677523
1,5233,1.7353073707851246e-07
1,5234,8.703875610946096e-08
1,5235,5.831483622509558e-08
1,5236,613.8003465062667
1,5237,2713.3282379430907
1,5238,4.049628480200419e-08
1,5239,5.046121115117398e-08
1,5240,8.98029015551291e-08
1,5241,21210.35086010448
1,5242,25867.79486650089
1,5243,26549.547784685183
1,5244,25560.43622358161
1,5245,24723.978939962773
1,5246,25833.9036397274
1,5247,12509.940124763105
1,5248,1168.2808368868573
1,5249,8405.366617970752
1,5250,11274.822635860957
1,5251,13088.08744283838
1,5252,9967.893751855469
1,5253,7563.739707744748
1,5254,5556.13151346839
1,5255,2820.3227323728493
1,5256,2194.2303922113206
1,5257,1891.1683737805672
1,5258,1817.2480652670488
1,5259,2357.0180362625256
1,5260,4022.2505881026214
1,5261,4536.9352973070845
1,5262,3.645524931144488e-08
1,5263,7.274027276010591e-08
1,5264,18452.012557357666
1,5265,27068.82824741623
1,5266,28014.208048950568
1,5267,30284.668309965215
1,5268,30711.76592233531
1,5269,28926.00739031848
1,5270,26979.510439322752
1,5271,26381.490062239267
1,5272,4.373354322619456e-08
1,5273,7151.404177452771
1,5274,10654.105778674893
1,5275,11338.742245670543
1,5276,9295.08824990169
1,5277,8145.6043469116275
1,5278,6831.853885380836
1,5279,3215.7729890315904
1,5280,2653.6529978989684
1,5281,2610.303063247251
1,5282,2638.3109733349297
1,5283,3390.1517228512403
1,5284,4805.602858987138
1,5285,3932.9027025586206
1,5286,3.645553617257624e-08
1,5287,7.27405444363421e-08
1,5288,16562.29776238959
1,5289,26731.94587685622
1,5290,27701.72863027344
1,5291,29474.19888813366
1,5292,30045.604629735695
1,5293,28468.273664151733
1,5294,27207.411731142005
1,5295,25187.85806069735
1,5296,4.372984169202532e-08
1,5297,6373.866249914627
1,5298,7700.026690083735
1,5299,7736.294597088884
1,5300,6157.362529513214
1,5301,5113.545343659319
1,5302,4185.261921385759
1,5303,3751.0578342135436
1,5304,3554.5684800241524
1,5305,3439.0493089451365
1,5306,3510.1845896368595
1,5307,3851.905447409992
1,5308,1907.7886462385952
1,5309,2378.5231750924163
1,5310,2061.212043980625
1,5311,1218.1068846644994
1,5312,3.842267977224769e-08
1,5313,3.17033932828319e-08
1,5314,2.702345611463604e-08
1,5315,1.7148808076812583e-08
1,5316,1.714875408741364e-08
1,5317,1.714875059732619e-08
1,5318,1.71487592550905e-08
1,5319,1.7148759356622645e-08
1,5320,1395.8535438230374
1,5321,7429.932227554481
1,5322,10724.431237625646
1,5323,11784.615537135543
1,5324,9653.551960463807
1,5325,8719.560104062974
1,5326,7548.996388363721
1,5327,7188.849255800872
1,5328,5066.599713811259
1,5329,210.57770148564367
1,5330,8.70966893983644e-08
1,5331,5.8353173556485835e-08
1,5332,4.398389141536805e-08
1,5333,376.8697388602621
1,5334,4.0515941152424414e-08
1,5335,5.048081708808376e-08
1,5336,8.982599607601299e-08
1,5337,16853.86770559513
1,5338,26146.49040452479
1,5339,25516.042796439247
1,5340,24123.584541772165
1,5341,24405.724044723156
1,5342,26018.008356479808
1,5343,4.4947810109926016e-08
1,5344,1581.0802611263914
1,5345,11941.699565168541
1,5346,19625.690324224073
1,5347,18660.758652449833
1,5348,15761.084950923569
1,5349,7028.764894859967
1,5350,2064.4173426369493
1,5351,1.0648790625408333e-07
1,5352,8.021077923152451e-08
1,5353,6.662397637536611e-08
1,5354,5.8818095769789754e-08
1,5355,5.431987985877649e-08
1,5356,5.2155369584912985e-08
1,5357,5.213250491905029e-08
1,5358,5.493624690412432e-08
1,5359,6.384574277953654e-08
1,5360,1.0598406494987474e-07
1,5361,17222.847464336406
1,5362,26552.586762652187
1,5363,26446.383627155417
1,5364,26351.792033703437
1,5365,25702.040322791403
1,5366,26135.89857872913
1,5367,18843.50142035765
1,5368,4.3536890591073434e-08
1,5369,5072.585964729961
1,5370,4373.78499817148
1,5371,3215.1697714010074
1,5372,2295.4874709761657
1,5373,1936.9914224396214
1,5374,1528.8171047936305
1,5375,1127.5201774688635
1,5376,690.2510857700884
1,5377,505.07203419052576
1,5378,613.9765666658278
1,5379,830.5384191652089
1,5380,1094.1321562441422
1,5381,1149.1894212093669
1,5382,1197.0067957639249
1,5383,991.5364644341774
1,5384,1.7316522463102805e-07
1,5385,8.701961276768265e-08
1,5386,5.830378640159093e-08
1,5387,4.394567088619592e-08
1,5388,3.5330956717301765e-08
1,5389,2.958850505992993e-08
1,5390,582.5107100406188
1,5391,990.9672769599376
1,5392,1066.6405821700237
1,5393,1123.2593336181324
1,5394,1185.1556819849914
1,5395,1188.804348852474
1,5396,1113.510173655073
1,5397,1083.5957195789013
1,5398,1042.027293305654
1,5399,989.394026187165
1,5400,934.1722007936378
1,5401,897.4305343726854
1,5402,839.3960235341574
1,5403,862.6243145983059
1,5404,929.6825697360628
1,5405,991.8235218270847
1,5406,1061.2679019170976
1,5407,1117.896420664227
1,5408,1121.1037090455195
1,5409,1080.5288891766756
1,5410,1010.8561994437446
1,5411,783.9480605516994
1,5412,1.7315264766947468e-07
1,5413,8.702329321837513e-08
1,5414,142.03932806801248
1,5415,876.1954823872974
1,5416,1173.339271363024
1,5417,1353.7655580176463
1,5418,1695.4359075865448
1,5419,2279.3520904404704
1,5420,1881.2280696317669
1,5421,1826.7205146754363
1,5422,1766.6783057447967
1,5423,1792.7017291918557
1,5424,1940.3304644146301
1,5425,2166.3768408289
1,5426,1900.0588468515516
1,5427,1682.9624569223297
1,5428,2173.363077978793
1,5429,2581.6951002747255
1,5430,812.5976019736895
1,5431,3.9990175540902616e-08
1,5432,3.6951668600807496e-08
1,5433,3.45147205112355e-08
1,5434,1.7565199623736553e-08
1,5435,1.756517554745183e-08
1,5436,1.7565168993036347e-08
1,5437,1.7565172756796755e-08
1,5438,1.7565192626454974e-08
1,5439,1.756518881486431e-08
1,5440,2191.260491153194
1,5441,7153.722007991806
1,5442,8592.688155859763
1,5443,10445.694480966627
1,5444,9984.861756553048
1,5445,8387.014872850867
1,5446,6132.9859528613815
1,5447,3305.54045231449
1,5448,3284.601394592563
1,5449,3107.4941808433164
1,5450,3006.714968249815
1,5451,3495.845452845701
1,5452,4045.8970430177283
1,5453,3529.17478175866
1,5454,3.645593425267757e-08
1,5455,7.27407713439868e-08
1,5456,12619.489894127819
1,5457,26735.17031590498
1,5458,27756.26911180166
1,5459,31055.865280009046
1,5460,31907.13948394754
1,5461,29941.386263559125
1,5462,27433.42169754242
1,5463,26814.777397018886
1,5464,4.3733515142925614e-08
1,5465,3893.7605429844875
1,5466,3245.7412697272475
1,5467,3043.13473192596
1,5468,2226.703821935601
1,5469,1740.8101259665239
1,5470,1466.1769529187975
1,5471,1295.325727522682
1,5472,1186.2445622687737
1,5473,1117.109234195545
1,5474,1086.1951337406383
1,5475,1042.1378124103742
1,5476,1014.4108848477148
1,5477,1018.545666586333
1,5478,1003.5821706331275
1,5479,982.5421538421461
1,5480,958.321508233386
1,5481,892.4089923508511
1,5482,834.9542095162802
1,5483,1.7322546341913395e-07
1,5484,8.703839194714737e-08
1,5485,5.831378991358674e-08
1,5486,644.7073827053985
1,5487,785.3720338151314
1,5488,854.7205232035851
1,5489,919.9753940118396
1,5490,1004.9907803971258
1,5491,1025.2221642196487
1,5492,950.4117727884651
1,5493,911.7534784090623
1,5494,858.5597293667188
1,5495,815.3774590702576
1,5496,777.5760794091161
1,5497,780.4258565576787
1,5498,781.2317805411502
1,5499,788.9023721848272
1,5500,808.8772769291282
1,5501,835.9275002329798
1,5502,854.8887819843119
1,5503,771.2348896602794
1,5504,486.7990493751222
1,5505,8.701127517632315e-08
1,5506,5.8300037893935664e-08
1,5507,4.394361954120795e-08
1,5508,3.532974265413644e-08
1,5509,2.958745256408785e-08
1,5510,2.548638039157671e-08
1,5511,435.7405604682818
1,5512,868.830098721413
1,5513,1000.7736213610617
1,5514,3283.093214710626
1,5515,6894.566988036412
1,5516,4113.688627289155
1,5517,1781.5481953747342
1,5518,1218.976179673916
1,5519,1183.863771408377
1,5520,1226.1977237795043
1,5521,1295.519860084577
1,5522,1099.997003331391
1,5523,1148.8440442485805
1,5524,1421.6901679569112
1,5525,2099.6029719770613
1,5526,3205.741256873272
1,5527,679.7619004271102
1,5528,6.32943377114399e-08
1,5529,6835.247974804036
1,5530,6102.075616861235
1,5531,6050.354687105455
1,5532,5972.349934930339
1,5533,5989.963329647009
1,5534,6632.0268297838775
1,5535,4.566446615643756e-08
1,5536,3519.0099013214463
1,5537,3975.5415016979764
1,5538,7393.816698828351
1,5539,9663.958791642104
1,5540,7139.214823356392
1,5541,5096.543839092951
1,5542,2724.9217622918936
1,5543,2257.747330804622
1,5544,2055.803466630047
1,5545,1984.6177556231848
1,5546,1968.3712617933916
1,5547,2034.148301735045
1,5548,1880.313122033063
1,5549,1661.674580736059
1,5550,1832.6644629457587
1,5551,1908.4577155985842
1,5552,1089.1999195786511
1,5553,3.53326677174652e-08
1,5554,1.715666754444997e-08
1,5555,1.714874933283136e-08
1,5556,1.7148737798004446e-08
1,5557,1.7148735848592e-08
1,5558,1.714887030394914e-08
1,5559,1.7148832258512248e-08
1,5560,2560.8723243775025
1,5561,4147.984271756307
1,5562,9630.861279525354
1,5563,11574.198699958744
1,5564,7502.207266342035
1,5565,5227.997939367561
1,5566,4203.093223987028
1,5567,3770.828311388204
1,5568,3205.9119256282293
1,5569,2649.3904777530356
1,5570,2335.6002550529724
1,5571,1.7333190204291788e-07
1,5572,8.708214030882439e-08
1,5573,5.833978789789002e-08
1,5574,4.396975352061503e-08
1,5575,3.534889235893467e-08
1,5576,2.9602416240893606e-08
1,5577,2.549780539873016e-08
1,5578,1.7149285574614623e-08
1,5579,1.7149253461284887e-08
1,5580,1.714923340378864e-08
1,5581,1.714921275783489e-08
1,5582,1.7149225710706766e-08
1,5583,1.7151574897117486e-08
1,5584,1234.0874420708788
1,5585,11984.532401050074
1,5586,15921.660963044405
1,5587,15470.507579593272
1,5588,13000.105450889814
1,5589,11401.688075851176
1,5590,7208.260039988944
1,5591,278.876466283069
1,5592,2.733514537769924e-08
1,5593,2.8757807638957173e-08
1,5594,2.986938054765404e-08
1,5595,3.0738452857139445e-08
1,5596,3.1408049995069006e-08
1,5597,3.190450738501375e-08
1,5598,3.2242136112185115e-08
1,5599,3.2426227231246193e-08
1,5600,3.2455326554057856e-08
1,5601,3.232321960107675e-08
1,5602,3.202093919677307e-08
1,5603,3.154231512275446e-08
1,5604,1.959738812871517e-08
1,5605,1.9597326136704796e-08
1,5606,1.9597321535076337e-08
1,5607,1.959733895666026e-08
1,5608,1.959733240481637e-08
1,5609,1.9597434649699257e-08
1,5610,11222.598467145173
1,5611,17674.42859322486
1,5612,16383.940952657342
1,5613,13751.747123535208
1,5614,9626.803865733578
1,5615,5773.421920187117
1,5616,2230.555069376486
1,5617,2.6913332397033338e-08
1,5618,3.364200616796589e-08
1,5619,3.996905974875016e-08
1,5620,4.790445051714733e-08
1,5621,6.175495727774884e-08
1,5622,1.1352753243904108e-07
1,5623,5017.142211783738
1,5624,27094.32681045106
1,5625,27574.010829061946
1,5626,31110.90915094026
1,5627,33979.68628628429
1,5628,34535.7938875043
1,5629,33626.1521904855
1,5630,31336.529840676518
1,5631,27840.09223149051
1,5632,26840.40919546842
1,5633,389.7375744092727
1,5634,30446.208779463308
1,5635,30371.758584498366
1,5636,9256.457351983605
1,5637,6199.33370093552
1,5638,1.1520594056341172e-07
1,5639,9.843040470090489e-08
1,5640,8.808050974001835e-08
1,5641,8.156502457587521e-08
1,5642,7.767425793104275e-08
1,5643,7.586296740574785e-08
1,5644,7.603398135115711e-08
1,5645,7.861056207206002e-08
1,5646,8.51220603294105e-08
1,5647,1.0120831685812577e-07
1,5648,1.7187604334128526e-07
1,5649,7626.570203268451
1,5650,6817.415349552633
1,5651,7058.908253296063
1,5652,6957.979999217468
1,5653,6809.799458222082
1,5654,7197.189958025458
1,5655,7479.658680200325
1,5656,6.329831174675378e-08
1,5657,2943.1115352268002
1,5658,10812.48043087067
1,5659,17157.281943148682
1,5660,15634.618550054684
1,5661,14416.959850394374
1,5662,7869.913362627679
1,5663,2629.3515217214476
1,5664,80.29811141966944
1,5665,2.2412001331418376e-08
1,5666,2.001979603258032e-08
1,5667,1.8106365367741886e-08
1,5668,1.7149551828227205e-08
1,5669,2855.285262294035
1,5670,2872.6365401836492
1,5671,2.1960813798045648e-08
1,5672,2.4458654664251373e-08
1,5673,1.864591307735287e-08
1,5674,1.8645876497723436e-08
1,5675,1.8645908415148004e-08
1,5676,1.864589503708253e-08
1,5677,1.864584147830836e-08
1,5678,1.8645861812398133e-08
1,5679,1.8645981877817464e-08
1,5680,3142.5933380368174
1,5681,13032.189975673875
1,5682,18781.121154518503
1,5683,17388.9816797191
1,5684,13132.389170481381
1,5685,8151.727943361249
1,5686,3034.492730060166
1,5687,2.5623856848928976e-08
1,5688,3.061717748076417e-08
1,5689,3.421713041748699e-08
1,5690,3.725621585962466e-08
1,5691,4.0092689718896235e-08
1,5692,4.30163990246344e-08
1,5693,4.6384900886979824e-08
1,5694,5.0798291396210937e-08
1,5695,5.759291379371488e-08
1,5696,7.115374602106146e-08
1,5697,1.2555898440417743e-07
1,5698,7364.118389261307
1,5699,18242.619186796986
1,5700,18065.760628940345
1,5701,17810.65257015544
1,5702,19446.86089899186
1,5703,21242.992763030263
1,5704,23421.283049046433
1,5705,29234.271264694282
1,5706,31240.23722999762
1,5707,29101.069703930712
1,5708,26715.930916611822
1,5709,27626.972744918134
1,5710,27567.367744690928
1,5711,28455.648774892226
1,5712,29188.921693926706
1,5713,30711.01532454117
1,5714,32868.061557514
1,5715,33223.38059898899
1,5716,34566.60887751934
1,5717,35307.275880933514
1,5718,36222.867109622865
1,5719,35312.599924851274
1,5720,34836.01276492495
1,5721,34554.36732923499
1,5722,35135.72750554953
1,5723,35617.51243669016
1,5724,34650.299050746085
1,5725,33349.80998939335
1,5726,31466.746750569728
1,5727,28249.74788610893
1,5728,26409.920626927265
1,5729,2005.0614351197996
1,5730,23315.751812333274
1,5731,14182.859535438178
1,5732,3.6171015351476156e-07
1,5733,1.8175083700216837e-07
1,5734,1.2176511295707514e-07
1,5735,9.177541309359394e-08
1,5736,7.378107971514538e-08
1,5737,6.178748301277029e-08
1,5738,5.322228752610808e-08
1,5739,4.6800932512992496e-08
1,5740,4.180609500632559e-08
1,5741,3.781110820404594e-08
1,5742,5.6434959824614816e-08
1,5743,4.9240565930381804e-08
1,5744,4.372111677964475e-08
1,5745,3.93536317336212e-08
1,5746,3.581158991553435e-08
1,5747,3.581087722072504e-08
1,5748,3.581088974887088e-08
1,5749,3.581112554308381e-08
1,5750,4332.562565774014
1,5751,4871.9390604566415
1,5752,5652.26674367718
1,5753,10788.008343096539
1,5754,13565.51649157058
1,5755,11317.273956125331
1,5756,7574.778858080948
1,5757,5407.617797830265
1,5758,4736.257300162559
1,5759,4636.9197694222885
1,5760,2910.3389565884027
1,5761,1.732527396366057e-07
1,5762,8.706026858145408e-08
1,5763,5.8329192616476456e-08
1,5764,4.3964162472997744e-08
1,5765,3.5345629651752607e-08
1,5766,2.9600372484819398e-08
1,5767,2.5496958557503732e-08
1,5768,2.2419714961330865e-08
1,5769,2.0026461410594114e-08
1,5770,1.7149346397797458e-08
1,5771,1.714931069635823e-08
1,5772,1.7149316416497084e-08
1,5773,1.714932575924e-08
1,5774,1.7149350579602506e-08
1,5775,1703.4950438056792
1,5776,1820.3889702663207
1,5777,1451.1039758425227
1,5778,1367.1577831742202
1,5779,1196.7274736182178
1,5780,1012.873654338019
1,5781,908.0978954318201
1,5782,779.2591626294511
1,5783,711.4284427484763
1,5784,657.4418176572614
1,5785,616.1852162373458
1,5786,583.0179361730394
1,5787,560.329972837944
1,5788,543.6658505110348
1,5789,524.9690289921094
1,5790,75.45709770652185
1,5791,1.7246500744828907e-07
1,5792,8.683378937346723e-08
1,5793,5.8218945697101484e-08
1,5794,4.389711282361611e-08
1,5795,3.529977935327335e-08
1,5796,2.9566641977676037e-08
1,5797,2.547101160820607e-08
1,5798,152.41614392786533
1,5799,378.44095531517024
1,5800,401.81290224909804
1,5801,413.0137812282012
1,5802,423.40517494922864
1,5803,431.41151974297213
1,5804,416.37371804006784
1,5805,404.54546511576245
1,5806,385.76621434183824
1,5807,371.8591715404184
1,5808,363.42767430578573
1,5809,355.94388589429826
1,5810,350.38385069326597
1,5811,346.6776057794346
1,5812,344.4579874862585
1,5813,344.0273617822246
1,5814,347.33176300306235
1,5815,350.38337361608643
1,5816,344.588923496615
1,5817,333.05907465909615
1,5818,325.08657530916145
1,5819,313.4538292654694
1,5820,294.2857788255479
1,5821,289.6767765128781
1,5822,306.62911766651035
1,5823,312.4849008217067
1,5824,316.3167613701569
1,5825,323.40266218956333
1,5826,334.96462745979125
1,5827,322.94062352038264
1,5828,313.1351335217953
1,5829,307.3833036279709
1,5830,300.9137496411722
1,5831,295.0154167264262
1,5832,286.0331277016648
1,5833,285.51331476544834
1,5834,285.5644546152943
1,5835,287.0657369621471
1,5836,288.42169853842756
1,5837,291.10003153876795
1,5838,294.59308885370154
1,5839,294.98028951367974
1,5840,290.0988476629808
1,5841,281.7108911515593
1,5842,272.1566509484793
1,5843,258.3995482856232
1,5844,137.48142917194102
1,5845,1.726810261984044e-07
1,5846,256.6728346267974
1,5847,273.87760522130156
1,5848,281.0167997233995
1,5849,317.62188697928616
1,5850,7853.266511579151
1,5851,10677.277964775514
1,5852,6796.91836719432
1,5853,333.28455460281594
1,5854,292.55176433643487
1,5855,288.92415218903403
1,5856,288.10014088830644
1,5857,289.9155240802171
1,5858,292.2965200638252
1,5859,295.52316556322194
1,5860,300.0603275657282
1,5861,297.04124935173814
1,5862,303.8399843950521
1,5863,306.976883022934
1,5864,298.12474294142066
1,5865,4.3937459868907734e-08
1,5866,3.532553269995349e-08
1,5867,1.7148966841354623e-08
1,5868,1.7148629497435683e-08
1,5869,1.7148640188865115e-08
1,5870,2.0017135715968813e-08
1,5871,262.44440156899987
1,5872,333.9383458716632
1,5873,355.5870652566635
1,5874,2730.923158022125
1,5875,4590.5734489515235
1,5876,577.0243772303097
1,5877,371.3454891076342
1,5878,364.514662851955
1,5879,362.23973438917477
1,5880,361.6713381800471
1,5881,363.8996241283901
1,5882,366.9306872291145
1,5883,372.05576519114595
1,5884,379.57752235751667
1,5885,391.8008992776877
1,5886,401.78281804316873
1,5887,373.8084268403175
1,5888,8.701506645714325e-08
1,5889,5.83002091087846e-08
1,5890,4.3943593301685785e-08
1,5891,3.532993103000164e-08
1,5892,2.9587751538220653e-08
1,5893,2.5486670805404814e-08
1,5894,405.0179085908126
1,5895,456.75861059121104
1,5896,491.7519193772517
1,5897,626.9533568606739
1,5898,3060.1677915993996
1,5899,1103.611151653182
1,5900,641.1334125301087
1,5901,594.4028280437557
1,5902,603.6143412756028
1,5903,624.4709968572297
1,5904,646.4048950320195
1,5905,683.1224833174947
1,5906,721.512773313314
1,5907,729.9378740451033
1,5908,1.7316324480256325e-07
1,5909,183.12786119222915
1,5910,1156.6340804900276
1,5911,1759.9017890247856
1,5912,2343.687169188552
1,5913,4.540069536935814e-08
1,5914,8.245269657190986e-08
1,5915,3.758958002280315e-08
1,5916,3.7589488742053646e-08
1,5917,3.758947207918085e-08
1,5918,3.75894965286649e-08
1,5919,3.758972575750513e-08
1,5920,4.543303303156923e-08
1,5921,7836.2432605812755
1,5922,10389.296755122747
1,5923,9010.902326492818
1,5924,7146.546305110149
1,5925,5438.098084251036
1,5926,4140.05222025321
1,5927,2608.485977239081
1,5928,2305.665293095168
1,5929,2389.39612352857
1,5930,2177.08404678109
1,5931,2.935682292285412e-07
1,5932,1.0933780839250055e-07
1,5933,6.743615363673727e-08
1,5934,4.888686161390847e-08
1,5935,3.8422362001501724e-08
1,5936,3.170338560714808e-08
1,5937,2.7024324813347772e-08
1,5938,2.3578813556383106e-08
1,5939,2.093578332624488e-08
1,5940,1.7148790158105022e-08
1,5941,1.714874789447116e-08
1,5942,1.7148742774912546e-08
1,5943,1.7148794991813732e-08
1,5944,3168.231113699057
1,5945,8840.714010728856
1,5946,11898.841614404608
1,5947,13257.088052295248
1,5948,12946.099594806383
1,5949,8468.841709180297
1,5950,5178.3127056029425
1,5951,3873.4189708204635
1,5952,1819.6361588505874
1,5953,623.2159472371931
1,5954,4.32315860937732e-08
1,5955,4.356297873944542e-08
1,5956,4.5235390660472094e-08
1,5957,4.9155509960918816e-08
1,5958,5.8618924417622176e-08
1,5959,9.984673543484649e-08
1,5960,26529.28242872618
1,5961,26581.02872449068
1,5962,28368.24409313038
1,5963,30574.111005373357
1,5964,29770.231628547506
1,5965,28126.462712842636
1,5966,26465.82807599074
1,5967,11790.715714134281
1,5968,4.3544229076476824e-08
1,5969,7324.20737960857
1,5970,9287.92322969107
1,5971,9428.002582741177
1,5972,8208.773907521998
1,5973,5676.997685779143
1,5974,4322.343954652444
1,5975,3530.8182492219503
1,5976,3150.0238376758593
1,5977,2779.6808320062364
1,5978,2926.413564436599
1,5979,3495.2197183070493
1,5980,21.782515842173517
1,5981,1799.7594146258514
1,5982,4213.434846114724
1,5983,3464.234581144746
1,5984,3.8422003509829775e-08
1,5985,3.170271652983621e-08
1,5986,1.714879110990578e-08
1,5987,1.714877054953624e-08
1,5988,1.7148767125771468e-08
1,5989,1.7148768755090164e-08
1,5990,1.7148765900216437e-08
1,5991,1.7149046643523592e-08
1,5992,3866.3850168206063
1,5993,4708.539898370657
1,5994,12880.125217906067
1,5995,14842.995654207907
1,5996,10971.222736634045
1,5997,4294.490807119887
1,5998,3082.967835232425
1,5999,2849.942128285073
1,6000,2709.689819853666
1,6001,2677.434772822467
1,6002,2000.021439457128
1,6003,1.7320438765194455e-07
1,6004,8.703521550454505e-08
1,6005,878.2232739126036
1,6006,4196.483701529438
1,6007,4428.002890339014
1,6008,4.5501180249059314e-08
1,6009,8.35601444014629e-08
1,6010,19192.009678398434
1,6011,18959.80822944136
1,6012,17931.497788657914
1,6013,17767.200588758496
1,6014,19689.11029417389
1,6015,4.6598864526286785e-08
1,6016,5174.247142339293
1,6017,17600.241547855723
1,6018,19483.634388005667
1,6019,13923.54621121257
1,6020,11116.438165222475
1,6021,7662.220326713351
1,6022,1703.1682102846798
1,6023,4.1836259798837293e-08
1,6024,4.051817719799485e-08
1,6025,3.984858701192896e-08
1,6026,3.976733126787946e-08
1,6027,4.030028362866418e-08
1,6028,4.159279437158876e-08
1,6029,4.4022680209362855e-08
1,6030,4.858446919702933e-08
1,6031,5.8695840238631323e-08
1,6032,1.0128987229561862e-07
1,6033,21241.783858865307
1,6034,24749.879929122966
1,6035,24160.450348653736
1,6036,23696.76782109943
1,6037,24794.337261789133
1,6038,24593.720161993948
1,6039,4.3373887764342324e-08
1,6040,3850.495436316555
1,6041,10206.181378006464
1,6042,12503.514449014152
1,6043,12526.1256224558
1,6044,10623.169341802191
1,6045,7864.721665576809
1,6046,6477.232831550359
1,6047,5187.897237019632
1,6048,472.9710919661295
1,6049,1.730997363318641e-07
1,6050,8.700810041798823e-08
1,6051,5.8299910557893834e-08
1,6052,4.3944228585537405e-08
1,6053,3.5331197992088915e-08
1,6054,3845.8625590445145
1,6055,3105.324378785423
1,6056,2.8180411613464658e-08
1,6057,3.06326344740138e-08
1,6058,1.791950520447735e-08
1,6059,1.7918389873688198e-08
1,6060,1.7918366469845992e-08
1,6061,1.791836267988516e-08
1,6062,1.791837278859997e-08
1,6063,1.7918441222306074e-08
1,6064,1953.3951231354717
1,6065,6795.633721705874
1,6066,6433.442007108266
1,6067,5309.360436147903
1,6068,4352.156158919811
1,6069,3117.3930502851163
1,6070,2594.504401711738
1,6071,2223.265539034591
1,6072,1867.112041671629
1,6073,1776.6527724401458
1,6074,1788.1605238746824
1,6075,1862.0998030446226
1,6076,1588.8284175393517
1,6077,1260.180548778106
1,6078,2059.2335605629273
1,6079,2138.5433533936944
1,6080,1357.4421647526995
1,6081,3.533239151988233e-08
1,6082,2.9588199500796974e-08
1,6083,1.714874187972747e-08
1,6084,1.714872197784473e-08
1,6085,1.7148723793202354e-08
1,6086,1.7149677640087457e-08
1,6087,571.7636090596275
1,6088,1600.4472510011237
1,6089,4644.505670053459
1,6090,15551.513311617862
1,6091,15698.78003572539
1,6092,11527.089762283464
1,6093,3374.6214811966342
1,6094,1798.721117310294
1,6095,1744.091164876544
1,6096,1677.5002573853762
1,6097,1517.2731620991733
1,6098,1457.6386742949394
1,6099,1311.7698618568434
1,6100,1561.1592789049023
1,6101,2790.480935133579
1,6102,1558.2381332529371
1,6103,4.017076638941164e-08
1,6104,7.72211252646844e-08
1,6105,24160.88547110244
1,6106,26985.044438840767
1,6107,28475.58448439023
1,6108,28615.306294676004
1,6109,27671.359765915076
1,6110,26664.292370616306
1,6111,25198.279127005655
1,6112,4.4420138862524274e-08
1,6113,11339.37616427064
1,6114,14406.423759737001
1,6115,15462.25780378028
1,6116,13046.79468201948
1,6117,6906.561012419418
1,6118,6226.291334060533
1,6119,4886.0601389589065
1,6120,3060.2809681345047
1,6121,1274.852750916617
1,6122,54.59737749749818
1,6123,3.26160057503787e-08
1,6124,3.6266018398862046e-08
1,6125,4.159905026916282e-08
1,6126,5.187675544402647e-08
1,6127,9.238921853940902e-08
1,6128,26081.351351271765
1,6129,27374.403478111806
1,6130,29831.477854665314
1,6131,33001.68723897607
1,6132,33968.42950463665
1,6133,32417.874446819813
1,6134,28624.303939715035
1,6135,25877.14814018496
1,6136,1290.898532721401
1,6137,7011.807126976169
1,6138,13439.850540081916
1,6139,13583.918830647617
1,6140,12119.648350261637
1,6141,9729.841253026963
1,6142,8481.583431627041
1,6143,7931.034511449429
1,6144,2207.340366299289
1,6145,14.27461302032819
1,6146,8.704162738240964e-08
1,6147,5.831527523642423e-08
1,6148,4.395363043963599e-08
1,6149,3.5338641471874634e-08
1,6150,2144.196968337628
1,6151,4.0173110039384624e-08
1,6152,7.722375151775413e-08
1,6153,25543.160190141105
1,6154,26309.02705654751
1,6155,27691.75080251803
1,6156,28314.399248598667
1,6157,26482.320322128595
1,6158,26402.81483105396
1,6159,4.495163960163565e-08
1,6160,4428.713243757011
1,6161,5882.8997072383745
1,6162,9945.755619441312
1,6163,8409.959315503971
1,6164,4970.887627959592
1,6165,3079.912035612313
1,6166,2637.859317469134
1,6167,2381.0853299295286
1,6168,2194.804940147746
1,6169,2136.5576159091843
1,6170,2218.543948453542
1,6171,2279.068360331921
1,6172,1122.5218081330402
1,6173,1929.2196382791822
1,6174,2576.0157266963565
1,6175,2054.939592591388
1,6176,3.8424474653087786e-08
1,6177,3.1704099425214555e-08
1,6178,1.7148824589309925e-08
1,6179,1.7148741376579735e-08
1,6180,1.7148728971019893e-08
1,6181,1.7148728116455128e-08
1,6182,1.7148775214787036e-08
1,6183,264.37092900060475
1,6184,1114.7548987091475
1,6185,2930.599117613778
1,6186,11360.699769589737
1,6187,8689.81886788809
1,6188,3078.112114135683
1,6189,865.1733193126914
1,6190,782.628034551002
1,6191,747.7199542526386
1,6192,722.6077741629553
1,6193,711.9423588714131
1,6194,711.6881169581768
1,6195,715.2064462336674
1,6196,725.609245668248
1,6197,751.0263262516802
1,6198,790.0209958053985
1,6199,769.9855693455603
1,6200,670.5930336192102
1,6201,1.7312247653747024e-07
1,6202,8.701056627338896e-08
1,6203,5.8299790999437274e-08
1,6204,4.394341335688161e-08
1,6205,3.5330002780637945e-08
1,6206,472.4548141666047
1,6207,702.7017073588838
1,6208,778.9218612325739
1,6209,3736.998670645883
1,6210,9061.105002953187
1,6211,5727.73493327135
1,6212,1643.0151502917706
1,6213,909.4709525310069
1,6214,889.5906880783166
1,6215,896.3573820701556
1,6216,915.7996586928788
1,6217,960.2904513546714
1,6218,1017.5339424067919
1,6219,1124.9497346381884
1,6220,1143.7546659011985
1,6221,1158.0526414157835
1,6222,1806.1150339638575
1,6223,2765.165363591418
1,6224,1743.4253504411495
1,6225,3.635026460442088e-08
1,6226,3.104821988276154e-08
1,6227,1.7219099531764272e-08
1,6228,1.721905844618722e-08
1,6229,1.7219051608205433e-08
1,6230,1.7219060055498998e-08
1,6231,1.721906715990314e-08
1,6232,3512.6759060093627
1,6233,15051.707616228243
1,6234,17599.885556629746
1,6235,16283.587345079728
1,6236,15726.622938384187
1,6237,7036.125763541774
1,6238,167.37968885921507
1,6239,8.705058738989603e-08
1,6240,5.832218327069525e-08
1,6241,4.395879118318616e-08
1,6242,3.534127838634478e-08
1,6243,2.9596716496648503e-08
1,6244,2.5493867630775163e-08
1,6245,2.24171269097791e-08
1,6246,1285.5111766466155
1,6247,3.200469808554076e-08
1,6248,6.745374715940464e-08
1,6249,11467.244979495383
1,6250,25278.49600290729
1,6251,25007.76316692571
1,6252,23542.24775358609
1,6253,23821.171601032216
1,6254,25462.815792032812
1,6255,4.372968555992616e-08
1,6256,7569.617944346237
1,6257,18606.546514107285
1,6258,20469.810458794
1,6259,15456.795551501502
1,6260,9136.99112098
1,6261,4301.974200221535
1,6262,1121.7602015576442
1,6263,6.960778811646875e-08
1,6264,5.970372667742286e-08
1,6265,5.367252663991527e-08
1,6266,5.000420686897847e-08
1,6267,4.8024974756919196e-08
1,6268,4.750435755742179e-08
1,6269,4.860274160556539e-08
1,6270,5.218419253908178e-08
1,6271,6.160465362613714e-08
1,6272,1.0387433262033774e-07
1,6273,24512.348882787588
1,6274,27427.06017651173
1,6275,27892.145846332587
1,6276,28384.685003296177
1,6277,26880.58385101265
1,6278,26292.89532832524
1,6279,20315.907185536227
1,6280,2699.9459626455664
1,6281,25181.088882950662
1,6282,30700.163723617174
1,6283,10405.039358184258
1,6284,5925.894501756037
1,6285,1751.3635624268813
1,6286,5.201637747140613e-08
1,6287,4.7958699331043775e-08
1,6288,4.5403627090094816e-08
1,6289,4.3975039805520396e-08
1,6290,4.3520647878372875e-08
1,6291,4.407735094635553e-08
1,6292,4.5953762674229596e-08
1,6293,5.009938821813603e-08
1,6294,5.990834519739271e-08
1,6295,1.023235617526473e-07
1,6296,23154.46240669631
1,6297,27555.810495758207
1,6298,28593.596623989088
1,6299,30999.05761407912
1,6300,31211.280964654714
1,6301,29150.117044471575
1,6302,26575.89244333631
1,6303,26098.201738246564
1,6304,666.283385485679
1,6305,10216.329733780653
1,6306,8709.487241626257
1,6307,6059.114836519572
1,6308,4798.471172266045
1,6309,3969.907781925097
1,6310,3228.6368361922378
1,6311,2755.142453259801
1,6312,2556.3172131628266
1,6313,2673.653118433789
1,6314,2950.521623807421
1,6315,3223.3992574078056
1,6316,1046.3480625875309
1,6317,2886.8558620017793
1,6318,4914.804736499757
1,6319,3781.8822426167494
1,6320,3.8430052636068894e-08
1,6321,3.1706812934085687e-08
1,6322,1.7148790475366295e-08
1,6323,1.7148745328184945e-08
1,6324,1.7148738566127804e-08
1,6325,1.7148744260686263e-08
1,6326,1.7148936333687647e-08
1,6327,753.6540623912491
1,6328,1330.3335057300137
1,6329,3367.349205960144
1,6330,6235.794453748764
1,6331,1500.8250267167946
1,6332,961.5992371408477
1,6333,840.14366383613
1,6334,782.5264329443291
1,6335,740.087135735807
1,6336,709.0706128288165
1,6337,691.3162524764081
1,6338,682.5014880951875
1,6339,677.0553995364746
1,6340,671.8688083773364
1,6341,637.4131521813557
1,6342,654.9452708853721
1,6343,631.3640381698249
1,6344,479.30891725518336
1,6345,3.53319722225408e-08
1,6346,2.9587545181438405e-08
1,6347,1.714869534015948e-08
1,6348,1.7148665040428928e-08
1,6349,1.714868461880268e-08
1,6350,1.7601064182970228e-08
1,6351,9.085616900507117e-08
1,6352,6.020190686799765e-08
1,6353,11580.834173044283
1,6354,16499.797626619136
1,6355,10775.938114882632
1,6356,1.6714657136477316e-07
1,6357,8.398382768120703e-08
1,6358,5.626600538129699e-08
1,6359,4.7167791463680975e-08
1,6360,4.716764136215146e-08
1,6361,4.716759629570929e-08
1,6362,4.7167566313887146e-08
1,6363,4.7167578621214884e-08
1,6364,4.7167657337396135e-08
1,6365,4.716783117960575e-08
1,6366,4.7168199252379075e-08
1,6367,4.716949469082634e-08
1,6368,4.7168606250287215e-08
1,6369,4.716786696726277e-08
1,6370,4.716758359165165e-08
1,6371,4.7167107903206855e-08
1,6372,4.716523085302192e-08
1,6373,4.7165514978148775e-08
1,6374,4.7167202600101224e-08
1,6375,4.7167706520316783e-08
1,6376,4.716861659212582e-08
1,6377,10330.011604679554
1,6378,15401.504087066573
1,6379,726.2157190178428
1,6380,1.6706698916548997e-07
1,6381,8.396421614496224e-08
1,6382,5.6254353600397817e-08
1,6383,4.716914813156502e-08
1,6384,4.716924046492576e-08
1,6385,4.716930003556709e-08
1,6386,4.7169273165235774e-08
1,6387,4.716906837339772e-08
1,6388,4.7169213480963276e-08
1,6389,4.717015233445042e-08
1,6390,4.7170334921109696e-08
1,6391,4.717051317220034e-08
1,6392,4.716908273812783e-08
1,6393,2.607624814684404e-08
1,6394,2.275160699123863e-08
1,6395,1.6547506859444447e-08
1,6396,1.6547217144472734e-08
1,6397,1.654720271395527e-08
1,6398,1.6547211433617362e-08
1,6399,4.717204694509202e-08
1,6400,4.7173032286674653e-08
1,6401,1.0549136991545925e-07
1,6402,6.507372507604566e-08
1,6403,4.717476632105206e-08
1,6404,4.717298182587944e-08
1,6405,4.7172397762686126e-08
1,6406,4.717049298423392e-08
1,6407,2.6076944111221207e-08
1,6408,2.2752075235185393e-08
1,6409,2.0201744593215934e-08
1,6410,1.6548582034095634e-08
1,6411,1.6547258265648887e-08
1,6412,1.654719254630391e-08
1,6413,1.654720368555627e-08
1,6414,4.692103132033609e-08
1,6415,4.668594316624658e-08
1,6416,4.644781433916481e-08
1,6417,4.621230775214783e-08
1,6418,4.5979317454790945e-08
1,6419,4.5749788321745486e-08
1,6420,4.552304509228115e-08
1,6421,4.530012169064624e-08
1,6422,4.507950645403654e-08
1,6423,4.4861373288270455e-08
1,6424,4.4645969037979854e-08
1,6425,4.4438636634692714e-08
1,6426,4.423313461416798e-08
1,6427,4.401426968851402e-08
1,6428,4.380789548780612e-08
1,6429,4.3604061133273124e-08
1,6430,4.340260126565906e-08
1,6431,4.320339470368034e-08
1,6432,4.3006335977111856e-08
1,6433,4.2811122250566895e-08
1,6434,4.261561158914128e-08
1,6435,4.2410621131834005e-08
1,6436,4.2238078932135673e-08
1,6437,4.205392210288435e-08
1,6438,4.1870004848689325e-08
1,6439,4.168784940169969e-08
1,6440,4.150745946639709e-08
1,6441,4.1328861646487214e-08
1,6442,4.115204005651765e-08
1,6443,4.097703807583067e-08
1,6444,4.080373346850534e-08
1,6445,4.0631993883664995e-08
1,6446,4.046233692962505e-08
1,6447,4.0294475340867054e-08
1,6448,4.012823094414608e-08
1,6449,3.9963621028536224e-08
1,6450,3.980045234174939e-08
1,6451,3.963883523179561e-08
1,6452,3.947870468155748e-08
1,6453,3.932006234931546e-08
1,6454,3.91629266155693e-08
1,6455,3.90072875265299e-08
1,6456,3.885305142865776e-08
1,6457,3.8700251658892854e-08
1,6458,3.854886081428277e-08
1,6459,3.839889798884749e-08
1,6460,3.8250282060899954e-08
1,6461,3.810301566435349e-08
1,6462,3.795703092088795e-08
1,6463,3.78122711822002e-08
1,6464,3.7668652792585537e-08
1,6465,3.7526133359413755e-08
1,6466,3.7384418168948206e-08
1,6467,3.724483055523648e-08
1,6468,3.71059548400079e-08
1,6469,3.695785743180357e-08
1,6470,3.6832039992118763e-08
1,6471,3.669832542749728e-08
1,6472,3.65646940000066e-08
1,6473,3.643202646426988e-08
1,6474,3.630028085914905e-08
1,6475,3.616950214042989e-08
1,6476,3.6039722665990714e-08
1,6477,3.591086966279257e-08
1,6478,2.9659885706959078e-08
1,6479,2.529650780508166e-08
1,6480,2.2079822239412208e-08
1,6481,1.961049359891883e-08
1,6482,3.527687416270494e-08
1,6483,3.5154581038930046e-08
1,6484,3.5031337934514665e-08
1,6485,3.490892799694101e-08
1,6486,3.478748152267849e-08
1,6487,3.4666927208059934e-08
1,6488,3.45469457871297e-08
1,6489,3.442779205316493e-08
1,6490,3.4309621782992064e-08
1,6491,3.4192315259095306e-08
1,6492,3.407581849842507e-08
1,6493,3.3960594681114445e-08
1,6494,3.3846199679017164e-08
1,6495,3.3732642548589173e-08
1,6496,638.6257642407783
1,6497,12824.257760828179
1,6498,13683.49472916114
1,6499,1.6482244363650363e-07
1,6500,8.281389876009146e-08
1,6501,5.5481873146533665e-08
1,6502,4.1817000328936784e-08
1,6503,3.361915768610422e-08
1,6504,3.3618737944415985e-08
1,6505,3.36186731265885e-08
1,6506,3.361862710345311e-08
1,6507,3.3618607808984474e-08
1,6508,3.3618602039978596e-08
1,6509,3.361867108530686e-08
1,6510,3.3618975849374034e-08
1,6511,3.361934662851927e-08
1,6512,3.361881986672536e-08
1,6513,3.3618544828547636e-08
1,6514,3.3618425502774415e-08
1,6515,3.361836720081225e-08
1,6516,3.3618267677029484e-08
1,6517,3.361824399023423e-08
1,6518,3.3618349683350976e-08
1,6519,3.361872197257977e-08
1,6520,6420.326598638407
1,6521,16214.647089173272
1,6522,14481.022994196406
1,6523,1.6483603312096758e-07
1,6524,8.281815913695992e-08
1,6525,5.5484069531168705e-08
1,6526,4.1818529923035464e-08
1,6527,3.362004254582851e-08
1,6528,3.361909022297929e-08
1,6529,3.361918468454758e-08
1,6530,3.361930132134356e-08
1,6531,3.361943256091301e-08
1,6532,3.36195765987776e-08
1,6533,3.3619810669820584e-08
1,6534,3.362059177285386e-08
1,6535,5.547026189439241e-08
1,6536,4.1812117272534523e-08
1,6537,3.362038516282909e-08
1,6538,3.3620334970699175e-08
1,6539,3.362037717683983e-08
1,6540,3.362033183738878e-08
1,6541,3.362038226444497e-08
1,6542,3.3620701032250364e-08
1,6543,3.36210188804558e-08
1,6544,3.3622244895845543e-08
1,6545,12401.121043661215
1,6546,1.9145768947580882e-07
1,6547,9.762951120481059e-08
1,6548,6.614565825025453e-08
1,6549,5.0305994008419195e-08
1,6550,4.0746129802080304e-08
1,6551,4.282049096942099e-08
1,6552,4.5172640217534864e-08
1,6553,4.787375219082008e-08
1,6554,5.1023432507809273e-08
1,6555,5.4766276176574974e-08
1,6556,5.932139674889625e-08
1,6557,6.503975689983277e-08
1,6558,7.252813428234185e-08
1,6559,8.295332733758041e-08
1,6560,9.894933098732704e-08
1,6561,5.1859675782536287e-08
1,6562,4.451751051503367e-08
1,6563,3.9279180049498126e-08
1,6564,1.714848096163641e-08
1,6565,1.7148718927282675e-08
1,6566,2.5481307441463477e-08
1,6567,162.84682830530028
1,6568,169.34805039436904
1,6569,177.0324725529492
1,6570,181.79163645025122
1,6571,186.76595625722885
1,6572,191.3968066635557
1,6573,197.73861185287953
1,6574,204.34085529649818
1,6575,208.62551334987867
1,6576,210.11989287680336
1,6577,225.22533271352057
1,6578,240.14065479226562
1,6579,263.8876197000073
1,6580,293.75570966401307
1,6581,335.1510963035966
1,6582,401.64544479134577
1,6583,502.9658238580847
1,6584,704.9252781377915
1,6585,824.3652006446316
1,6586,2.746233171101978e-08
1,6587,5.159074164419041e-08
1,6588,2.1774483224204776e-08
1,6589,2.1774491917876508e-08
1,6590,2.1774542827548358e-08
1,6591,5917.4688350253855
1,6592,19796.764542085904
1,6593,3.0427462503068584e-07
1,6594,1.7148987010960084e-07
1,6595,1.328721614463535e-07
1,6596,1.252336315337864e-07
1,6597,1.73124030791212e-07
1,6598,7603.725828822231
1,6599,19859.029959054635
1,6600,23942.15819695562
1,6601,25731.650821243566
1,6602,26161.538292130004
1,6603,27454.405456882992
1,6604,28475.0524971033
1,6605,29462.505685317312
1,6606,31548.901196875344
1,6607,32194.23846612032
1,6608,31728.22900557707
1,6609,29266.523321768145
1,6610,26701.58579534334
1,6611,26331.859767256905
1,6612,24962.89297228443
1,6613,23133.95554587909
1,6614,10668.301497817634
1,6615,9.544068700937736e-08
1,6616,3.3895434029222596e-08
1,6617,14131.068599675269
1,6618,20489.228971594577
1,6619,18017.5411664202
1,6620,13042.38931064698
1,6621,8332.903933468673
1,6622,2650.364010050441
1,6623,3.2868490635306875e-08
1,6624,4.008404910302451e-08
1,6625,4.58182530519482e-08
1,6626,5.1435879471219115e-08
1,6627,5.794171352989949e-08
1,6628,6.709847408402814e-08
1,6629,8.430832532845206e-08
1,6630,1.51248867593897e-07
1,6631,18871.556095764747
1,6632,27748.76087663362
1,6633,28166.00815933739
1,6634,30266.026783982386
1,6635,33038.46324932224
1,6636,32955.82801145616
1,6637,30109.744445554166
1,6638,27578.215810217822
1,6639,26943.848256739788
1,6640,224.2712445411112
1,6641,10231.244771191587
1,6642,7153.5540501932355
1,6643,4932.025338779834
1,6644,3457.956434005258
1,6645,1.7330220362793956e-07
1,6646,8.703471691920049e-08
1,6647,5.831030695683197e-08
1,6648,4.3949339115131316e-08
1,6649,3.533343434446146e-08
1,6650,2.9590044317244745e-08
1,6651,2.5488025384515776e-08
1,6652,2.2411994807631602e-08
1,6653,468.10866004434706
1,6654,1953.404609224961
1,6655,2489.2227512300233
1,6656,2410.041910660076
1,6657,2055.868736997591
1,6658,1637.1022178819405
1,6659,1181.1907835398733
1,6660,988.217257810511
1,6661,880.940106154503
1,6662,1572.2177323710614
1,6663,2330.8773568485226
1,6664,2949.9604827120097
1,6665,3981.7465838171415
1,6666,2574.888068917616
1,6667,2423.5338251727153
1,6668,1774.6022389647549
1,6669,237.4332717111183
1,6670,3.8422335997441166e-08
1,6671,3.170322797559731e-08
1,6672,2.7024026114707352e-08
1,6673,1.7148979989552296e-08
1,6674,1.7148801627642636e-08
1,6675,1.714882414149377e-08
1,6676,1.7148751699241514e-08
1,6677,1.7148732649202868e-08
1,6678,1.7148935210837055e-08
1,6679,1960.922531933674
1,6680,1.7320666824901534e-07
1,6681,8.703236905216894e-08
1,6682,5.830997619974277e-08
1,6683,4.394996455977368e-08
1,6684,3.533602088405264e-08
1,6685,691.5302345225643
1,6686,1722.1203437596018
1,6687,2154.086115479405
1,6688,2474.2956748322954
1,6689,2595.322647359282
1,6690,2534.4658225425233
1,6691,2431.775047873225
1,6692,2066.8912687182383
1,6693,1.732241603736532e-07
1,6694,8.703186011539059e-08
1,6695,5.830907287873889e-08
1,6696,4.394862781079774e-08
1,6697,3.533301759820021e-08
1,6698,2.9589844992733313e-08
1,6699,2.5488042548893063e-08
1,6700,2.241259997269246e-08
1,6701,1073.8543015642472
1,6702,2069.2161857739197
1,6703,2622.1745808539904
1,6704,2773.425024409107
1,6705,2544.3611258856636
1,6706,2376.895223965798
1,6707,1771.356168752545
1,6708,1.7318776462574683e-07
1,6709,8.703104818155066e-08
1,6710,48.74116412793162
1,6711,2334.501748823729
1,6712,3825.6455034203505
1,6713,3833.5927681494213
1,6714,4927.60144162656
1,6715,5804.293579555606
1,6716,2102.148527742803
1,6717,3.75926188671868e-08
1,6718,3.292811684558035e-08
1,6719,2.9341277725788224e-08
1,6720,2.6479057161438792e-08
1,6721,2.4125938019295596e-08
1,6722,2.21423157096362e-08
1,6723,2.0432710232672448e-08
1,6724,1.8927400946106384e-08
1,6725,1.7565147082259118e-08
1,6726,1.7565394974193013e-08
1,6727,9121.076495789674
1,6728,4014.236096354688
1,6729,2.5679212368979413e-08
1,6730,3.544912247137956e-08
1,6731,5.511728087972896e-08
1,6732,2.1010617637569497e-08
1,6733,2.1010477256789986e-08
1,6734,2.101055955540222e-08
1,6735,8.261415675862892e-08
1,6736,5.989214961697314e-08
1,6737,4.707298986404571e-08
1,6738,3.884160974951744e-08
1,6739,3.3109271989763094e-08
1,6740,2.88879758552542e-08
1,6741,2.5649641735622905e-08
1,6742,2.3087889199959328e-08
1,6743,2.1010494718933236e-08
1,6744,2.1010474229145255e-08
1,6745,2.1010480432831502e-08
1,6746,2.1010508646133558e-08
1,6747,2.1010834318731307e-08
1,6748,2509.751649860305
1,6749,2818.484979568729
1,6750,2414.8023305425936
1,6751,3495.309786712187
1,6752,4121.529505070546
1,6753,1797.2997955112871
1,6754,1445.9554896669538
1,6755,1319.9416779504472
1,6756,1229.4734009236017
1,6757,1173.8672952878264
1,6758,1193.969069319131
1,6759,1315.1025346621636
1,6760,3153.5715448755527
1,6761,9363.306624841682
1,6762,8676.74179792427
1,6763,2708.440638158542
1,6764,1267.4496859717542
1,6765,1151.1864321724104
1,6766,1117.0498749712974
1,6767,1068.6971920134615
1,6768,1001.6751030796586
1,6769,997.1789020819155
1,6770,911.2310165834012
1,6771,2.935160010089622e-07
1,6772,1.0933170971691311e-07
1,6773,6.743410413700718e-08
1,6774,4.888585091974881e-08
1,6775,3.842203871156361e-08
1,6776,3.1703156618268896e-08
1,6777,2.702417201701682e-08
1,6778,2.3578717592839056e-08
1,6779,2.0935841976412123e-08
1,6780,1.7148896877625802e-08
1,6781,1.7148723239300404e-08
1,6782,1.714871135099309e-08
1,6783,1.7148988157162357e-08
1,6784,1890.6366481400612
1,6785,2314.3151688837943
1,6786,2433.4205588578916
1,6787,2333.342518355054
1,6788,1930.421437296407
1,6789,1752.8868782078264
1,6790,1632.3661434079638
1,6791,1569.8427921178416
1,6792,2.9372547739306334e-07
1,6793,1.0935370825704185e-07
1,6794,6.744105952192429e-08
1,6795,4.888890948289684e-08
1,6796,3.842370894719581e-08
1,6797,3.170427652115894e-08
1,6798,2.7025040303914685e-08
1,6799,2.3579376514456276e-08
1,6800,2.0936392153449298e-08
1,6801,1.71573769635186e-08
1,6802,1.7148772443020794e-08
1,6803,1.7148718786817507e-08
1,6804,1.7148724179381615e-08
1,6805,1.7148727965585008e-08
1,6806,1.7148855405618767e-08
1,6807,2.0824430890673202e-07
1,6808,1.3694365307939682e-07
1,6809,1.0837787178543626e-07
1,6810,9.203790093684975e-08
1,6811,8.111527581961236e-08
1,6812,7.31434747835378e-08
1,6813,6.700806952607003e-08
1,6814,6.208950968442778e-08
1,6815,5.802943835719334e-08
1,6816,5.4601970703308845e-08
1,6817,5.165636660090569e-08
1,6818,4.908783025321477e-08
1,6819,4.6820863201297485e-08
1,6820,4.479943529906843e-08
1,6821,4.2981109917528354e-08
1,6822,4.1333544545385514e-08
1,6823,6.983655498637477e-07
1,6824,1.2496448715186125e-07
1,6825,6.90553088555202e-08
1,6826,4.7875644334061487e-08
1,6827,3.67282917744196e-08
1,6828,3.605624684162068e-08
1,6829,3.541132500969939e-08
1,6830,3.479169133585418e-08
1,6831,3.419586944678084e-08
1,6832,11073.823904155832
1,6833,23568.11952893965
1,6834,25674.059444632447
1,6835,5485.09195549778
1,6836,1.647628409287517e-07
1,6837,8.279987463925115e-08
1,6838,5.547616100371166e-08
1,6839,3.362334329058361e-08
1,6840,3.362145581112594e-08
1,6841,3.362157501749462e-08
1,6842,3.362172087072022e-08
1,6843,3.3621892609557295e-08
1,6844,3.362208280386671e-08
1,6845,3.3622346901983726e-08
1,6846,3.362463560463804e-08
1,6847,1.6490279223894955e-07
1,6848,8.283575316267e-08
1,6849,5.549205494724871e-08
1,6850,4.1822620282352995e-08
1,6851,3.362333148033546e-08
1,6852,3.3623264990932504e-08
1,6853,3.3623444207159594e-08
1,6854,3.3623692452113105e-08
1,6855,3.3624109500738015e-08
1,6856,4254.79862615171
1,6857,1.6490461283215916e-07
1,6858,8.283666802341358e-08
1,6859,5.5493034036494914e-08
1,6860,4.1822797465335094e-08
1,6861,3.362532161827543e-08
1,6862,3.362389236988641e-08
1,6863,2.57118731226959e-08
1,6864,2.2433915694022676e-08
1,6865,1.9919587701672372e-08
1,6866,1.7929910531383307e-08
1,6867,1.6316643922251672e-08
1,6868,1.63166420822996e-08
1,6869,1.6316655856458008e-08
1,6870,3.36250216241896e-08
1,6871,3.362680330098544e-08
1,6872,3.3626878361731635e-08
1,6873,3.3626653159855445e-08
1,6874,2.8160173713350238e-08
1,6875,2.4255682583031293e-08
1,6876,2.1327796395121962e-08
1,6877,1.905100028785957e-08
1,6878,3.36237857995959e-08
1,6879,3.362656316820199e-08
1,6880,3.362677426205327e-08
1,6881,3.362687559225238e-08
1,6882,3.362690002532432e-08
1,6883,3.362685415730438e-08
1,6884,3.3625835326397155e-08
1,6885,2.815906572064129e-08
1,6886,2.4254759767919885e-08
1,6887,2.1327014223942873e-08
1,6888,1.9050260705212466e-08
1,6889,1.7229207644078968e-08
1,6890,1.6316652765045248e-08
1,6891,1.6316662750567586e-08
1,6892,1.6316676157845532e-08
1,6893,3.362246366216191e-08
1,6894,3.3626357662308386e-08
1,6895,3.3626464278968874e-08
1,6896,3.3626487666504e-08
1,6897,3.362627771647924e-08
1,6898,3.3626100148286887e-08
1,6899,3.362597136196202e-08
1,6900,3.362580905604299e-08
1,6901,3.3625684381371904e-08
1,6902,3.362566950495258e-08
1,6903,3.362572742703063e-08
1,6904,3.3626532123156986e-08
1,6905,8.282835936594061e-08
1,6906,5.549131601367618e-08
1,6907,4.1823557300597566e-08
1,6908,3.362503332093533e-08
1,6909,3.3624676987062873e-08
1,6910,3.362444235663933e-08
1,6911,3.3624167073899476e-08
1,6912,3.362386642916359e-08
1,6913,3.362357636157884e-08
1,6914,3.362342304381779e-08
1,6915,3.3623394637734424e-08
1,6916,3.362342839544649e-08
1,6917,3.362345947456255e-08
1,6918,3.362355636934479e-08
1,6919,3.364994485885572e-08
1,6920,1.6462382151718222e-07
1,6921,8.276533617104212e-08
1,6922,5.5460618911880744e-08
1,6923,4.1805584516204004e-08
1,6924,3.362299444844652e-08
1,6925,3.362281183726394e-08
1,6926,3.362337492567177e-08
1,6927,4825.401577563686
1,6928,12016.184016741327
1,6929,18224.735063624998
1,6930,18786.04843715399
1,6931,1.650367984961851e-07
1,6932,8.283953353146957e-08
1,6933,5.5493803781019653e-08
1,6934,4.18241380769168e-08
1,6935,3.3623671058642614e-08
1,6936,3.362322238936299e-08
1,6937,3.362335120806484e-08
1,6938,3.362349090264263e-08
1,6939,3.3623651520431775e-08
1,6940,3.3623835025152796e-08
1,6941,3.3624044282955126e-08
1,6942,3.3624305353024226e-08
1,6943,3.362464603486623e-08
1,6944,3.362496287911401e-08
1,6945,3.36250299148871e-08
1,6946,3.362497618143441e-08
1,6947,3.362508708903506e-08
1,6948,3.362520576101404e-08
1,6949,3.3625357609606604e-08
1,6950,3.3625606756812834e-08
1,6951,3.362611406093857e-08
1,6952,1554.480602831659
1,6953,8714.332516401708
1,6954,2.092737476061101e-07
1,6955,1.1011378312254252e-07
1,6956,7.689499617145738e-08
1,6957,6.0244879352401e-08
1,6958,5.024191553643239e-08
1,6959,5.8186453746388934e-08
1,6960,3.898451686165964e-08
1,6961,3.5501698820219205e-08
1,6962,3.272210360803746e-08
1,6963,3.040867599329942e-08
1,6964,2.8409052328468183e-08
1,6965,2.6623331761728176e-08
1,6966,2.4986263854526235e-08
1,6967,2.3456309894356338e-08
1,6968,2.2008214278315018e-08
1,6969,2.0626902132903524e-08
1,6970,1.7565252338577915e-08
1,6971,1.756512689622054e-08
1,6972,1.7565124910880344e-08
1,6973,1.7565130967115095e-08
1,6974,1.756518048834748e-08
1,6975,348.16487657155756
1,6976,181.96017436130379
1,6977,138.53731456035175
1,6978,120.02470457486488
1,6979,110.96070738725902
1,6980,91.09735104046382
1,6981,82.58347792219234
1,6982,76.4632698571733
1,6983,71.48173216214168
1,6984,67.42774977774528
1,6985,63.990579222712825
1,6986,61.150470043904534
1,6987,58.74061282311553
1,6988,56.67544496237953
1,6989,54.93312507040938
1,6990,53.81080728233716
1,6991,6181.749825648443
1,6992,9017.802779146876
1,6993,56.92323802633967
1,6994,51.310873638250186
1,6995,50.82988508600475
1,6996,50.59488247256396
1,6997,50.58202733076892
1,6998,50.771819133133015
1,6999,54.651239676490576
1,7000,12445.59014339196
1,7001,19506.17902303189
1,7002,16853.446286048937
1,7003,7389.612986782733
1,7004,52.34931002002569
1,7005,51.95568435084059
1,7006,49.3610506434599
1,7007,8.68088735832517e-08
1,7008,5.820753928813526e-08
1,7009,4.389108160860573e-08
1,7010,3.529609054840334e-08
1,7011,2.956411739012883e-08
1,7012,2.5469157623372033e-08
1,7013,2.2397831287340107e-08
1,7014,59.86194127844079
1,7015,61.72340050553132
1,7016,62.896131052273006
1,7017,64.07097650275885
1,7018,64.55535571242442
1,7019,63.17486225018573
1,7020,65.31230821665837
1,7021,68.78683744728065
1,7022,72.25637154479226
1,7023,74.85637388224248
1,7024,77.62886436870266
1,7025,80.5388117857161
1,7026,83.48132424999778
1,7027,85.9776212528272
1,7028,88.69987901865234
1,7029,91.88048460713954
1,7030,95.51052651121576
1,7031,90.96636317083384
1,7032,1.727300090014882e-07
1,7033,8.691522709532195e-08
1,7034,5.826031547508646e-08
1,7035,4.392324655800705e-08
1,7036,3.53179855178495e-08
1,7037,2.9580506855427798e-08
1,7038,163.13664655597884
1,7039,187.35657239871776
1,7040,216.27445139316126
1,7041,258.8127188306069
1,7042,342.2672659726807
1,7043,591.7564516398689
1,7044,2.3053645478389093e-08
1,7045,2.7035127172646452e-08
1,7046,3.024008948145966e-08
1,7047,3.324807811332716e-08
1,7048,3.646170881221227e-08
1,7049,4.042468476691955e-08
1,7050,4.626887809102201e-08
1,7051,5.760185985752785e-08
1,7052,1.023927390207685e-07
1,7053,19326.91096925104
1,7054,26932.513233416892
1,7055,27483.239115905893
1,7056,27321.308562046204
1,7057,28139.824052880806
1,7058,28242.387642800622
1,7059,27820.359449758267
1,7060,25904.661320003288
1,7061,15416.224537822292
1,7062,3606.2064405487495
1,7063,2.3586192907890536e-07
1,7064,1.1846881072721924e-07
1,7065,7.93679494875667e-08
1,7066,5.982016410622018e-08
1,7067,2.334529749591465e-08
1,7068,2.3345630051088776e-08
1,7069,2.3345839904792337e-08
1,7070,2.5862767307070804e-08
1,7071,5621.4806080543985
1,7072,5480.150037644004
1,7073,4078.31166595099
1,7074,2949.2666615611474
1,7075,1590.285113371646
1,7076,1.731732289727379e-07
1,7077,8.702411883986091e-08
1,7078,5.830587165646552e-08
1,7079,4.3946787362993546e-08
1,7080,3.533176022188316e-08
1,7081,2.9588895309909613e-08
1,7082,2.548726110382111e-08
1,7083,2.2411644384117882e-08
1,7084,679.0053618747154
1,7085,1165.4817435687191
1,7086,1407.2306815684233
1,7087,2758.9403404868285
1,7088,8406.766445766929
1,7089,6603.295077328804
1,7090,2705.639180250715
1,7091,1796.393440616868
1,7092,1850.2413750751457
1,7093,2733.0095107939724
1,7094,5983.494205335264
1,7095,3418.502877338589
1,7096,2615.4204859648207
1,7097,2558.1377837593363
1,7098,2343.5709803428604
1,7099,2458.9172081339107
1,7100,2681.7569862077958
1,7101,3364.1501061013278
1,7102,1414.0481147007633
1,7103,2.721659604121746e-08
1,7104,2.850263012950396e-08
1,7105,2.9453684925693097e-08
1,7106,3.012977719136492e-08
1,7107,3.056584249881404e-08
1,7108,3.078127997901015e-08
1,7109,3.078547133062164e-08
1,7110,3.0582292302945465e-08
1,7111,3.017408468423041e-08
1,7112,2.956538339483509e-08
1,7113,2.876643314608877e-08
1,7114,2.7794950627248725e-08
1,7115,1.9403070790656652e-08
1,7116,1.940286925232297e-08
1,7117,1.9402900937901067e-08
1,7118,1.9402828055012106e-08
1,7119,1.9402860331958115e-08
1,7120,5817.240970334872
1,7121,12873.715238139432
1,7122,13481.598256938938
1,7123,11968.142625417482
1,7124,565.7075425749408
1,7125,2.9094875686536728e-08
1,7126,4.316723304047113e-08
1,7127,8.799898336684156e-08
1,7128,2917.819123373085
1,7129,14278.79407188384
1,7130,19314.835910042424
1,7131,22939.545138334553
1,7132,24507.864638202223
1,7133,25915.893513737727
1,7134,26293.168010692516
1,7135,29229.371238757678
1,7136,27608.28646226012
1,7137,26432.422026850705
1,7138,25679.270244885378
1,7139,24721.38468666042
1,7140,24042.506178655356
1,7141,20499.161010111897
1,7142,5.053176134030491e-08
1,7143,2413.4594739023732
1,7144,1749.7191292643226
1,7145,1336.5674758552298
1,7146,1127.9197006215036
1,7147,989.4132093356147
1,7148,853.0425183765195
1,7149,760.5053370221697
1,7150,688.8398108783678
1,7151,626.0034687822331
1,7152,580.6728462810977
1,7153,542.0148443374386
1,7154,528.8284681390954
1,7155,516.4117124492316
1,7156,508.19071674441716
1,7157,515.9626571388742
1,7158,530.6982422586633
1,7159,1577.8844645199208
1,7160,8384.445972303147
1,7161,9432.054683474085
1,7162,8770.165818303049
1,7163,5458.871065099827
1,7164,864.2646045967625
1,7165,576.4407396594655
1,7166,738.745088920381
1,7167,1877.3880782367794
1,7168,3479.71302368008
1,7169,5119.670503975313
1,7170,1410.8759019429217
1,7171,549.8884716485829
1,7172,512.2166058180245
1,7173,267.07510114840505
1,7174,5.8300583798843585e-08
1,7175,4.394378948979007e-08
1,7176,3.532984675733169e-08
1,7177,2.958747155258108e-08
1,7178,2.5486048357470148e-08
1,7179,2.2410571837820094e-08
1,7180,2.0018705164082356e-08
1,7181,1.810617003514088e-08
1,7182,727.6442496876768
1,7183,865.0992595837159
1,7184,923.7878583436867
1,7185,925.6866181507926
1,7186,1.7325668136470738e-07
1,7187,8.704705227195113e-08
1,7188,5.831695778065133e-08
1,7189,4.395358754222836e-08
1,7190,3.5336833018686814e-08
1,7191,1160.0744027081703
1,7192,1924.3360447800342
1,7193,2593.5508672224128
1,7194,3341.041041916989
1,7195,914.3259153311624
1,7196,3.072288882847657e-08
1,7197,6.602341068027745e-08
1,7198,10803.185678815193
1,7199,22881.617567021145
1,7200,22966.2379015639
1,7201,22089.653528541363
1,7202,22666.097771503893
1,7203,22855.37268181496
1,7204,22103.610947253954
1,7205,4.3425890036330917e-08
1,7206,2321.376522646522
1,7207,18313.718782349028
1,7208,11808.043212585455
1,7209,8017.838308441409
1,7210,1335.9838680636706
1,7211,5.830795962858792e-08
1,7212,4.39477224645042e-08
1,7213,3.5332367260126885e-08
1,7214,2.9589427855166556e-08
1,7215,2.548907337204871e-08
1,7216,10783.448988628017
1,7217,12021.741925074972
1,7218,7608.5330144472755
1,7219,4452.811369596232
1,7220,2.645995760984423e-08
1,7221,3.801271990281724e-08
1,7222,7.606170576804913e-08
1,7223,893.9774098525071
1,7224,1318.8205574010472
1,7225,1276.339969672157
1,7226,1272.9113236792487
1,7227,1266.6844196969612
1,7228,1282.0068997700662
1,7229,1368.904188082962
1,7230,7526.6317039619935
1,7231,2.1562751225423266e-07
1,7232,1.0835001907121488e-07
1,7233,7.258019623886721e-08
1,7234,5.470327223640911e-08
1,7235,2.134567721836817e-08
1,7236,2.134539392741969e-08
1,7237,2.4639869895840086e-08
1,7238,1921.3141704044247
1,7239,5998.462662156168
1,7240,5162.3431660117585
1,7241,4486.881680936491
1,7242,3955.1495353658765
1,7243,2472.286462025838
1,7244,1803.0395636334372
1,7245,779.1135921567441
1,7246,4.888764931383085e-08
1,7247,3.84224420272569e-08
1,7248,3.170326266224363e-08
1,7249,2.702409258900263e-08
1,7250,2.3578343978847342e-08
1,7251,1.715011604041058e-08
1,7252,1.715486558357318e-08
1,7253,1.7148763145953284e-08
1,7254,1.7160188670169526e-08
1,7255,1393.0374461236422
1,7256,1465.958410618555
1,7257,1374.958860485403
1,7258,1317.0668406389225
1,7259,1224.8860820400207
1,7260,1028.9831000496656
1,7261,903.4127600306185
1,7262,1067.57132625086
1,7263,1175.0321307612942
1,7264,1256.8471143378297
1,7265,1311.9991223306197
1,7266,1340.473969439542
1,7267,1344.5687167435847
1,7268,1276.7184668383295
1,7269,1219.3736056859505
1,7270,1136.3543575851534
1,7271,967.2099365591356
1,7272,941.0442767049545
1,7273,891.0709308450334
1,7274,993.9208699306623
1,7275,1105.1773256993279
1,7276,1186.4923090324178
1,7277,1292.30607798087
1,7278,1406.788247903428
1,7279,1525.2069879441196
1,7280,1569.5271734942914
1,7281,1528.9903257156923
1,7282,1479.5382203653323
1,7283,1490.3361110028222
1,7284,1368.3086848187263
1,7285,1130.0222829959964
1,7286,1279.9608308325928
1,7287,1932.201332936969
1,7288,2596.5032549689536
1,7289,3453.5389412668924
1,7290,3456.874779004449
1,7291,3642.4556879434035
1,7292,1083.0493830366058
1,7293,5.92276918991085e-08
1,7294,4.500336782583132e-08
1,7295,3.636340740273972e-08
1,7296,3.055838689615048e-08
1,7297,2.63892118665793e-08
1,7298,2.3249466624694973e-08
1,7299,2.079935882390077e-08
1,7300,1.883344402517839e-08
1,7301,1.7219126703090442e-08
1,7302,1.7219178122821816e-08
1,7303,1.7220723509524537e-08
1,7304,4748.402839449417
1,7305,6458.916559224548
1,7306,5028.81062111048
1,7307,4.460565031596533
1,7308,2.321837481999311e-08
1,7309,2.7457555565679552e-08
1,7310,3.057313007046966e-08
1,7311,3.322214820531934e-08
1,7312,3.5706299393817396e-08
1,7313,3.827763750467684e-08
1,7314,4.1246483998483156e-08
1,7315,4.514726160882867e-08
1,7316,5.1171237487158494e-08
1,7317,6.320139912344846e-08
1,7318,1.1149282473208626e-07
1,7319,13215.118985374602
1,7320,21041.147181832916
1,7321,20818.858527103243
1,7322,21379.201266453067
1,7323,23937.183942817384
1,7324,21515.000743270022
1,7325,20243.2746114822
1,7326,16812.707087417813
1,7327,15747.429881722297
1,7328,28232.751009925854
1,7329,22662.464064466945
1,7330,10020.851035205676
1,7331,4.919132257831678e-07
1,7332,2.6569117375906e-08
1,7333,2.6568868441027214e-08
1,7334,1492.2969296541721
1,7335,2.683413770162733e-07
1,7336,1491.948501123709
1,7337,6722.96226079917
1,7338,7.228255964482593e-08
1,7339,6.044678493405094e-08
1,7340,5.207994176226091e-08
1,7341,4.582555376373435e-08
1,7342,4.09544246644431e-08
1,7343,2.695487547995154e-08
1,7344,2.69446056847817e-08
1,7345,2.6944586604510753e-08
1,7346,2.6944486933317145e-08
1,7347,2.694448519487689e-08
1,7348,2.694449582906722e-08
1,7349,2.6944547807047518e-08
1,7350,3.137861804282621e-07
1,7351,1.5395850152817147e-07
1,7352,1.139878954339315e-07
1,7353,9.397084862749767e-08
1,7354,8.143820799014591e-08
1,7355,7.264808429146858e-08
1,7356,6.604074967874634e-08
1,7357,6.08370557493427e-08
1,7358,697.1131832122161
1,7359,12303.231839985134
1,7360,9892.198979801371
1,7361,1.6812203231680346e-07
1,7362,8.447108056251957e-08
1,7363,5.659127571857979e-08
1,7364,5.6585903377085324e-08
1,7365,3.429462787080654e-08
1,7366,2.8719772704793644e-08
1,7367,2.4738284127078994e-08
1,7368,2.175250954839956e-08
1,7369,1.9430408992339286e-08
1,7370,1.7572277981466148e-08
1,7371,1.6644341196383523e-08
1,7372,1.664435442265053e-08
1,7373,1.664550794913344e-08
1,7374,4.5889914616475133e-08
1,7375,3.913161637706232e-08
1,7376,3.432356506636214e-08
1,7377,3.064105201872072e-08
1,7378,2.7667997621465978e-08
1,7379,2.516292759965536e-08
1,7380,2.2966940475362054e-08
1,7381,2.0954125542760733e-08
1,7382,1.8980087608370006e-08
1,7383,8.601237761805369e-08
1,7384,1951.3093495860696
1,7385,7554.216010101492
1,7386,2.854396692990099e-08
1,7387,2.432941587569612e-08
1,7388,2.1226379920192856e-08
1,7389,1.5436988235160716e-08
1,7390,1.543685921050619e-08
1,7391,1.5436759998570457e-08
1,7392,1.543662255943473e-08
1,7393,1.543648600216533e-08
1,7394,1.5436458982366578e-08
1,7395,1.543646589936468e-08
1,7396,1.54364715029806e-08
1,7397,1.5436476806738385e-08
1,7398,1.543648739953083e-08
1,7399,1.5436542944392278e-08
1,7400,1.54365091608474e-08
1,7401,1.5436353516403738e-08
1,7402,1.543626915572198e-08
1,7403,1.543616944955269e-08
1,7404,1.543602257480027e-08
1,7405,1.5436031559805597e-08
1,7406,1.5436062367554324e-08
1,7407,1.543608146488282e-08
1,7408,3.459056284885398e-08
1,7409,2.8544495768999153e-08
1,7410,2.432681956341149e-08
1,7411,2.122453977732391e-08
1,7412,1.8845087144840416e-08
1,7413,1.5435982279632014e-08
1,7414,1.5435624798663494e-08
1,7415,1.5435522711957232e-08
1,7416,1.5435423549871083e-08
1,7417,1.543533734183249e-08
1,7418,1.54352670216451e-08
1,7419,1.543520339677374e-08
1,7420,1.5435145122180905e-08
1,7421,1.543508219754829e-08
1,7422,1.5435068530056742e-08
1,7423,2.8534807481852875e-08
1,7424,2.4323199495305804e-08
1,7425,2.1221465300120867e-08
1,7426,1.884259347921012e-08
1,7427,1.543611145790274e-08
1,7428,1.543434780187854e-08
1,7429,1.5434207222095415e-08
1,7430,1.5434106884644325e-08
1,7431,17223.891659756762
1,7432,19440.76606455805
1,7433,24028.99833673375
1,7434,14259.685494452233
1,7435,978.9817795282177
1,7436,3.456945320506297e-08
1,7437,2.8527948774640402e-08
1,7438,2.4319388196325666e-08
1,7439,1.5433947566378213e-08
1,7440,1.5433965527413704e-08
1,7441,1.5433993034995013e-08
1,7442,1.5433994624382882e-08
1,7443,1.5433998784258247e-08
1,7444,1.543402085134016e-08
1,7445,1.543404516921223e-08
1,7446,1.54340792260489e-08
1,7447,1.543411130768944e-08
1,7448,1.5434115426402392e-08
1,7449,1.5434092881910688e-08
1,7450,1.5434032202086485e-08
1,7451,1.5433933512229675e-08
1,7452,1.5433926439209798e-08
1,7453,1.5433986781631978e-08
1,7454,1.543411343076397e-08
1,7455,1.5434244906169416e-08
1,7456,3733.1749709256123
1,7457,6514.573856902014
1,7458,3056.5384047166444
1,7459,5.2479202957431484e-08
1,7460,3.955385325428586e-08
1,7461,3.1799719946349036e-08
1,7462,2.6630742413603448e-08
1,7463,2.2938862124963585e-08
1,7464,1.5434473815622318e-08
1,7465,1.543424613568856e-08
1,7466,1.5434217750997858e-08
1,7467,1.5434148828321657e-08
1,7468,1.5434146103824936e-08
1,7469,1.5434148055214357e-08
1,7470,1.5434158676079168e-08
1,7471,1.5434174260079323e-08
1,7472,1.543415831065899e-08
1,7473,1.5434117731463645e-08
1,7474,1.5434079201413794e-08
1,7475,1.5434067187347498e-08
1,7476,1.543406423345562e-08
1,7477,1.5434083644481073e-08
1,7478,1.543412264050916e-08
1,7479,1.5434343754450186e-08
1,7480,6.069621432258502e-08
1,7481,4.4001694316306164e-08
1,7482,3.458154346199985e-08
1,7483,2.85337408413534e-08
1,7484,2.4322344672589557e-08
1,7485,2.1221231933724592e-08
1,7486,1.8842424661552512e-08
1,7487,1.543416178599621e-08
1,7488,1.5434033906099935e-08
1,7489,1.5433997457758912e-08
1,7490,1.543397939814234e-08
1,7491,1.5433958881015523e-08
1,7492,1.5433934842332288e-08
1,7493,1.543390629544494e-08
1,7494,1.5434368343183064e-08
1,7495,12562.617948804054
1,7496,16875.392904087537
1,7497,9975.510739308456
1,7498,2599.0359330316546
1,7499,1.3217839664242045e-07
1,7500,6.641939709224598e-08
1,7501,4.450012745464948e-08
1,7502,3.3541093861405894e-08
1,7503,2204.7906065819116
1,7504,9396.751975638092
1,7505,13807.779576574927
1,7506,7650.1506291495125
1,7507,1591.4656784334968
1,7508,1.9363556217436446e-08
1,7509,2.277700381195618e-08
1,7510,2.6546507259385117e-08
1,7511,1.4230002026710333e-08
1,7512,1.4229842567333614e-08
1,7513,1.4229836380696447e-08
1,7514,1.422983539515159e-08
1,7515,1.42298379288084e-08
1,7516,1.4229846514502066e-08
1,7517,1.4229829701391036e-08
1,7518,1.4230747539907746e-08
1,7519,8558.491438173949
1,7520,18150.654141300223
1,7521,14507.469723458773
1,7522,12729.997554017003
1,7523,2049.637639279421
1,7524,1.1160327919276824e-07
1,7525,5.6081954552940306e-08
1,7526,3.7574396319489125e-08
1,7527,346.37742131531877
1,7528,6028.154569897998
1,7529,11153.687405870269
1,7530,3139.026098300884
1,7531,1.7810659850018613e-08
1,7532,1.8951900853685284e-08
1,7533,1.9947263653097595e-08
1,7534,2.0866233396146187e-08
1,7535,1.1778674221077265e-08
1,7536,1.1778656451213722e-08
1,7537,1.1778651733863622e-08
1,7538,1.1778652624544177e-08
1,7539,1.177865403641088e-08
1,7540,1.1778643860473843e-08
1,7541,1.1778643730494943e-08
1,7542,1.1778685026185294e-08
1,7543,3247.659670755738
1,7544,8987.963288039518
1,7545,8247.390308959722
1,7546,7284.537088745548
1,7547,5639.534895224603
1,7548,115.48110229121467
1,7549,1.9645299227492603e-08
1,7550,1630.841769357089
1,7551,6658.332169290687
1,7552,12235.857294335217
1,7553,15606.565839257939
1,7554,7009.332565573514
1,7555,1.659131242207632e-08
1,7556,2.1345009143377495e-08
1,7557,2.8461979062928682e-08
1,7558,5.101125527840351e-08
1,7559,1.5434048102307756e-08
1,7560,1.54338703054182e-08
1,7561,1.5433859209417034e-08
1,7562,1.5433857409802364e-08
1,7563,1.5433854631087063e-08
1,7564,1.5433854202922073e-08
1,7565,1.5433859037598094e-08
1,7566,1.543448621914928e-08
1,7567,18742.896493751217
1,7568,26280.289229394493
1,7569,21485.55209571348
1,7570,9064.792344374217
1,7571,1.5047016943537089e-07
1,7572,7.560929347837065e-08
1,7573,5.0657022052528274e-08
1,7574,3.818147444139251e-08
1,7575,3.069662444469485e-08
1,7576,2.5709011531127135e-08
1,7577,1089.9658281791549
1,7578,2.2505804008300586e-08
1,7579,2.2508951057639918e-08
1,7580,2.221304339585615e-08
1,7581,1.543592817530764e-08
1,7582,1.543708728158621e-08
1,7583,1.5438316252348443e-08
1,7584,1.5439294134559142e-08
1,7585,1.5440077684872195e-08
1,7586,1.5440829506381364e-08
1,7587,1.5441523946502412e-08
1,7588,1.5442167673763104e-08
1,7589,1.5442778230044676e-08
1,7590,1.544338598488844e-08
1,7591,2.856813803405863e-08
1,7592,2.434889128549958e-08
1,7593,2.1242338009894147e-08
1,7594,1.8859991276751252e-08
1,7595,1.6975064013991474e-08
1,7596,1.54466189499536e-08
1,7597,1.5447037134429364e-08
1,7598,1.544838021601166e-08
1,7599,4.412274509573246e-08
1,7600,272.6621223586277
1,7601,616.954158546568
1,7602,2.673438927311753e-08
1,7603,2.509101759235545e-08
1,7604,1.8480935578144768e-08
1,7605,1.945607599699377e-08
1,7606,2.0392911547457786e-08
1,7607,2.132486723587052e-08
1,7608,2.2272622256239096e-08
1,7609,2.325133637382182e-08
1,7610,2.4274246749965395e-08
1,7611,2.5354253405053453e-08
1,7612,2.6505032007834335e-08
1,7613,2.774209014720053e-08
1,7614,2.908343184185842e-08
1,7615,3.055158191874507e-08
1,7616,3.217390812675265e-08
1,7617,3.398594605030493e-08
1,7618,3.603433273643308e-08
1,7619,3.838272182757303e-08
1,7620,4.109664166560559e-08
1,7621,4.437393308520828e-08
1,7622,4.836920770912755e-08
1,7623,5.340246935249673e-08
1,7624,6.006316517421834e-08
1,7625,6.950170628901016e-08
1,7626,8.444971340825782e-08
1,7627,1.1384299627019184e-07
1,7628,2.24376049913651e-07
1,7629,2.3617140012747843e-08
1,7630,2.959749778915966e-08
1,7631,3.60899235607421e-08
1,7632,4.609341385570403e-08
1,7633,7.430953929773066e-08
1,7634,2.177518682359124e-08
1,7635,2.1775238166384916e-08
1,7636,2.177524001949988e-08
1,7637,1130.9505892933319
1,7638,534.5991359530227
1,7639,3.2223591872224903e-07
1,7640,1.9837539915560916e-07
1,7641,2.074134233999317e-07
1,7642,2.405130522345849e-08
1,7643,2.4050771626430573e-08
1,7644,2.4050753096490485e-08
1,7645,2.4050809262947062e-08
1,7646,3649.9427827676063
1,7647,16937.263926167332
1,7648,153.91530414990726
1,7649,2.848735520007812e-07
1,7650,1.461548034900086e-07
1,7651,9.940868943179783e-08
1,7652,7.583489067195242e-08
1,7653,6.156851649862638e-08
1,7654,5.199626288470631e-08
1,7655,2.4393092156127722e-08
1,7656,2.4392704812182555e-08
1,7657,2.4392678590671698e-08
1,7658,2.4392675849188578e-08
1,7659,2.4392683661678382e-08
1,7660,2.4392656143028046e-08
1,7661,2.4392622763685597e-08
1,7662,2.4392698067045743e-08
1,7663,4349.424616250907
1,7664,3993.184943419044
1,7665,2472.986341706396
1,7666,1687.8981716705641
1,7667,900.2012696451
1,7668,861.6558716348736
1,7669,1377.9825988371012
1,7670,1642.4319136807258
1,7671,1771.7559594514848
1,7672,2137.2316618092864
1,7673,3144.4866568861075
1,7674,1807.1434539099403
1,7675,1441.7695386719938
1,7676,1249.9586859690992
1,7677,18.08322360532587
1,7678,8.70254766215865e-08
1,7679,5.83061295327935e-08
1,7680,4.394685872429285e-08
1,7681,3.53317612825988e-08
1,7682,2.9588953704001855e-08
1,7683,2.5487339705029496e-08
1,7684,2.2411646844220046e-08
1,7685,607.5818709445975
1,7686,1028.3016382315145
1,7687,1170.5305225714246
1,7688,1207.5795414890729
1,7689,1121.6835162605057
1,7690,1043.2978611516894
1,7691,1004.8287980665651
1,7692,986.934932139128
1,7693,984.0795772470852
1,7694,1055.910840221905
1,7695,1141.2893957563194
1,7696,1294.738284315443
1,7697,1641.0694543480124
1,7698,1250.4799757244007
1,7699,1130.9626458827604
1,7700,1063.8637323516448
1,7701,1008.3479471532635
1,7702,708.6652108793348
1,7703,1.7313599418692662e-07
1,7704,8.701597234516518e-08
1,7705,5.830291674048375e-08
1,7706,4.394585070930518e-08
1,7707,3.5332129300220114e-08
1,7708,324.20467659096636
1,7709,991.8357873601519
1,7710,1316.158931706419
1,7711,1847.0689744515646
1,7712,3198.4884378613992
1,7713,1675.5866502953072
1,7714,1553.9963900523999
1,7715,717.4677399486918
1,7716,1.7310631321873992e-07
1,7717,8.700962294290579e-08
1,7718,1338.6275770141974
1,7719,2318.1575356160156
1,7720,3157.476182377433
1,7721,3870.9595287916186
1,7722,4359.0818336035945
1,7723,1688.045094326719
1,7724,3.34493530946417e-08
1,7725,6.507294916613751e-08
1,7726,4.7754551115702774e-08
1,7727,22080.506748397536
1,7728,24688.42209274354
1,7729,24651.808033783786
1,7730,24649.08287003959
1,7731,25019.036721006392
1,7732,25085.396293258258
1,7733,23171.537957400647
1,7734,1346.5548562442998
1,7735,714.9505656355346
1,7736,3561.363218325505
1,7737,1741.7782145609626
1,7738,961.4414841696781
1,7739,776.3584199934827
1,7740,1.7335589940913228e-07
1,7741,8.707343671344417e-08
1,7742,675.3763277111667
1,7743,941.4467120139442
1,7744,929.277421743317
1,7745,894.289679604787
1,7746,834.9174492647492
1,7747,718.9687429917075
1,7748,556.538432012048
1,7749,8.702082766375919e-08
1,7750,5.830068120090369e-08
1,7751,4.3943460088224635e-08
1,7752,3.532829180678674e-08
1,7753,2.9586369198821185e-08
1,7754,2.5485789552675468e-08
1,7755,2.2410257161854688e-08
1,7756,120.56283822820518
1,7757,485.30800952474675
1,7758,524.1068902141167
1,7759,1319.6688400036137
1,7760,8723.078278591687
1,7761,513.4335368239069
1,7762,489.2842586972674
1,7763,483.8247582227961
1,7764,477.8704964247011
1,7765,480.50872747966014
1,7766,508.21246253711405
1,7767,4910.923553461522
1,7768,14857.045244736704
1,7769,18380.998187934438
1,7770,7514.419856520823
1,7771,617.2993769434964
1,7772,681.2256516666696
1,7773,872.332269705503
1,7774,1396.6860861948903
1,7775,2.2827479226575662e-08
1,7776,2.6688955943906362e-08
1,7777,2.9576939696689673e-08
1,7778,3.204131312259967e-08
1,7779,3.434999262930642e-08
1,7780,3.672899541983383e-08
1,7781,3.945673279018302e-08
1,7782,4.2994620743409286e-08
1,7783,4.83399741118816e-08
1,7784,5.853294619257403e-08
1,7785,9.269386837378057e-08
1,7786,2.334854719603167e-08
1,7787,2.334519446513765e-08
1,7788,2.334507495909888e-08
1,7789,2.3345062780208442e-08
1,7790,2.334537663253595e-08
1,7791,14027.258500060401
1,7792,7744.876335468021
1,7793,3.162625204002089e-07
1,7794,1.7275157790063432e-07
1,7795,1.2670025217611472e-07
1,7796,1.0615548282889799e-07
1,7797,9.760697384771175e-08
1,7798,9.912173295497468e-08
1,7799,1.2284462515145913e-07
1,7800,2.5383106432069942e-08
1,7801,2.5383010729794898e-08
1,7802,2.538298741411866e-08
1,7803,2.5382994720906076e-08
1,7804,2.5382991055652212e-08
1,7805,2.538303952932168e-08
1,7806,2.5383073930131654e-08
1,7807,3.999794410126765e-08
1,7808,3.4898986974611146e-08
1,7809,3.098739476165119e-08
1,7810,2.789231068019756e-08
1,7811,2.5382972552790074e-08
1,7812,2.5382933533112827e-08
1,7813,2.5382963725947822e-08
1,7814,5.247247441122821e-07
1,7815,2.5971679432497093e-07
1,7816,1.9340488765782799e-07
1,7817,1.6024538351916656e-07
1,7818,1.3949011902605933e-07
1,7819,1.2494957525260408e-07
1,7820,1.140411178569145e-07
1,7821,1.0545861352383883e-07
1,7822,4.620664657091402e-08
1,7823,3.576124801467969e-08
1,7824,2.92183288371456e-08
1,7825,2.4731493471726783e-08
1,7826,2.1459931182984683e-08
1,7827,1.8964408588980768e-08
1,7828,1.69877877747504e-08
1,7829,5.745693749884803e-08
1,7830,4.944461906753486e-08
1,7831,4.376222832697769e-08
1,7832,3.9453672881811146e-08
1,7833,3.602659033262841e-08
1,7834,3.320367218900242e-08
1,7835,3.081402117171192e-08
1,7836,2.874478183386239e-08
1,7837,2.6917645906560794e-08
1,7838,2.5275331474041118e-08
1,7839,2139.5963207368063
1,7840,1446.4682417612773
1,7841,2345.6772883803565
1,7842,5.4380597928976274e-08
1,7843,4.09880306170653e-08
1,7844,3.2948517339422044e-08
1,7845,2.377124588950262e-08
1,7846,2.3770998165962263e-08
1,7847,2.3770650551243678e-08
1,7848,2.0902527064913684e-08
1,7849,1.8671495809788026e-08
1,7850,1.688694268160663e-08
1,7851,1.5994879116556064e-08
1,7852,1.599499834944704e-08
1,7853,2.2990516639989655e-08
1,7854,2.2236824096114668e-08
1,7855,2.1501077127891933e-08
1,7856,2.1028562896943035e-08
1,7857,2.2718444614297305e-08
1,7858,1.93617532312466e-08
1,7859,1.8632570850127484e-08
1,7860,1.785284286380431e-08
1,7861,1.6938373829155436e-08
1,7862,5886.924050174783
1,7863,2.6466127702617524e-07
1,7864,5566.966041234649
1,7865,9679.159315630568
1,7866,1636.14785639794
1,7867,3.4582523260327824e-08
1,7868,2.853447950156807e-08
1,7869,2.4322798623726085e-08
1,7870,1.5434327393456544e-08
1,7871,1.543413886451555e-08
1,7872,1.543409069230172e-08
1,7873,1.5434064146377244e-08
1,7874,1.5433995433416237e-08
1,7875,1.543398010906048e-08
1,7876,1.543396592259862e-08
1,7877,1.5433946874797834e-08
1,7878,1.543392795457715e-08
1,7879,6642.79457042413
1,7880,16120.988409655996
1,7881,14508.606606660367
1,7882,8817.578294139268
1,7883,5825.2252075975275
1,7884,1258.2754060327982
1,7885,977.2120687376337
1,7886,1.521803362465135e-07
1,7887,6078.460179032233
1,7888,8740.140037165305
1,7889,7694.215211936699
1,7890,3.431040558185338e-08
1,7891,3.101957165899772e-08
1,7892,2.838858909725084e-08
1,7893,2.6200666030696835e-08
1,7894,1.5433975940755442e-08
1,7895,1.5433893869808724e-08
1,7896,1.543389065070236e-08
1,7897,1.5433895986674502e-08
1,7898,1.5433873434420587e-08
1,7899,1.5433872991268196e-08
1,7900,1.543387421564077e-08
1,7901,1.5433874992912082e-08
1,7902,1.5433890512139627e-08
1,7903,2.6462694669951464e-08
1,7904,7811.193423111716
1,7905,9909.195313845781
1,7906,10519.728735517665
1,7907,9866.076925392892
1,7908,3573.7996173177776
1,7909,2745.132720370832
1,7910,1.1386583276746566e-07
1,7911,1941.9749110781897
1,7912,8045.766591447907
1,7913,14515.790940539466
1,7914,7734.836813004344
1,7915,2.275723636045604e-08
1,7916,2.2411618073621132e-08
1,7917,2.215336282365864e-08
1,7918,2.195008439700492e-08
1,7919,1.1778683370471357e-08
1,7920,1.1778649836560642e-08
1,7921,1.177864682881102e-08
1,7922,1.1778647153163653e-08
1,7923,1.1778649106589342e-08
1,7924,1.1778640638721347e-08
1,7925,1.1778639803497733e-08
1,7926,1.17787066733286e-08
1,7927,13654.03370266874
1,7928,12214.358517973174
1,7929,7664.045042685071
1,7930,2156.127755615224
1,7931,2.8937613986905844e-08
1,7932,2.3264310979146134e-08
1,7933,1.948270986722986e-08
1,7934,1.6781918512862612e-08
1,7935,6006.8004703908355
1,7936,12079.896804361231
1,7937,16110.5884787841
1,7938,6777.645219325221
1,7939,1.5973970643628737e-08
1,7940,1.9630105011334182e-08
1,7941,2.382759675678353e-08
1,7942,3.0618914480129585e-08
1,7943,5.2049817556051154e-08
1,7944,1.462494661738146e-08
1,7945,1.46248914346825e-08
1,7946,1.4624881630194821e-08
1,7947,1.462488225597768e-08
1,7948,1.4624884604130887e-08
1,7949,1.4624898559698342e-08
1,7950,53.298291125456274
1,7951,9414.426493142308
1,7952,20185.5590957825
1,7953,17422.291439074033
1,7954,1.4785399657968085e-07
1,7955,7.429067703864528e-08
1,7956,4.977214114186318e-08
1,7957,3.7514023822360365e-08
1,7958,3.0160000870064514e-08
1,7959,2.5257788559793248e-08
1,7960,2.1756439670506626e-08
1,7961,307.9763995404962
1,7962,2.029828430640375e-08
1,7963,2.0760887424748877e-08
1,7964,2.0732042302304838e-08
1,7965,2.0340376966053328e-08
1,7966,1.9683269699070878e-08
1,7967,1.543467926734478e-08
1,7968,1.5433947568519512e-08
1,7969,1.5433891228863332e-08
1,7970,1.5433888503165518e-08
1,7971,1.54339003391821e-08
1,7972,1.5433906656541862e-08
1,7973,1.543391383190873e-08
1,7974,1.5433926597569384e-08
1,7975,1.5433961202458393e-08
1,7976,1.5434062938255846e-08
1,7977,1.543400038809311e-08
1,7978,1.5433954861593466e-08
1,7979,1.5433950086614633e-08
1,7980,1.543392125100933e-08
1,7981,1.5433901972317527e-08
1,7982,1.5433950460074847e-08
1,7983,4816.557537999942
1,7984,16920.892813131588
1,7985,9966.110742592078
1,7986,10545.67016870273
1,7987,4963.451549744956
1,7988,4.399843793589101e-08
1,7989,3.457997864958582e-08
1,7990,2.8532883873472003e-08
1,7991,2.432165910639224e-08
1,7992,1.543451030870701e-08
1,7993,1.5434030335019193e-08
1,7994,1.5433982857521457e-08
1,7995,1.5433898379979647e-08
1,7996,1.543388199909767e-08
1,7997,1.5433909223141478e-08
1,7998,3178.7299183273167
1,7999,7979.908974806755
1,8000,13075.073692324891
1,8001,7.834661983836312e-08
1,8002,5.2474423504508913e-08
1,8003,3.9551392617543214e-08
1,8004,1.543425783798744e-08
1,8005,1.5435237171194377e-08
1,8006,2.2938580745026466e-08
1,8007,4.3997556847489444e-08
1,8008,3.458254245182436e-08
1,8009,2.8533692889601915e-08
1,8010,2.432189467381718e-08
1,8011,2.1220891996925992e-08
1,8012,1.543411725236995e-08
1,8013,1.5433997812828347e-08
1,8014,1.543395293827641e-08
1,8015,1.5433915972005234e-08
1,8016,1.543390806045662e-08
1,8017,1.5433909083933307e-08
1,8018,1.5433911298207874e-08
1,8019,1.543391492228069e-08
1,8020,1.54339139411709e-08
1,8021,1.543390365083698e-08
1,8022,1.543394463498014e-08
1,8023,1.4271463454586854e-08
1,8024,637.968708634347
1,8025,6998.923034809637
1,8026,8770.060096306446
1,8027,10788.449090698217
1,8028,5056.495640486247
1,8029,2619.2287707259393
1,8030,4111.95150952457
1,8031,6290.865174440715
1,8032,10986.335787190019
1,8033,13965.918500847323
1,8034,6437.299678125679
1,8035,1.0717466574236033e-08
1,8036,1.451393289534576e-08
1,8037,1.9824733681502425e-08
1,8038,3.65941201108737e-08
1,8039,1.1778691253222544e-08
1,8040,1.177863492472687e-08
1,8041,1.177863159673442e-08
1,8042,1.1778630640806918e-08
1,8043,1.1778630723336726e-08
1,8044,1.1778633174312956e-08
1,8045,1.1778646030375742e-08
1,8046,6822.874009803529
1,8047,1.0532152763796947e-07
1,8048,8366.68166986575
1,8049,7308.766378675419
1,8050,6291.713386257402
1,8051,5242.141407466636
1,8052,714.9089627270874
1,8053,1.5498100434729062e-08
1,8054,4380.668967842443
1,8055,9091.698323480743
1,8056,12211.442673072419
1,8057,12584.976009260912
1,8058,3647.6242033142403
1,8059,1.5543881674264843e-08
1,8060,2.16316015412927e-08
1,8061,3.576476699631491e-08
1,8062,3.020588673621278e-08
1,8063,1.5434007610495718e-08
1,8064,1.5433862495733768e-08
1,8065,1.5433854243183243e-08
1,8066,1.5433852308978425e-08
1,8067,1.5433850607494216e-08
1,8068,1.543385069099303e-08
1,8069,1.54338580390462e-08
1,8070,1.5436369338592946e-08
1,8071,18625.292550922433
1,8072,29881.785928245616
1,8073,28156.417512066593
1,8074,1.82361949061969e-07
1,8075,9.864486145841952e-08
1,8076,7.126357131785393e-08
1,8077,5.8310273478755974e-08
1,8078,5.1487652236262846e-08
1,8079,4.825774618803016e-08
1,8080,4.807297205099923e-08
1,8081,5.2359102042080384e-08
1,8082,7.234051509468625e-08
1,8083,1.5434189471164752e-08
1,8084,1.543444630415821e-08
1,8085,1.5434643319820458e-08
1,8086,1.5434794632569816e-08
1,8087,1.5434862734964064e-08
1,8088,1.5434142184713603e-08
1,8089,1.5434026208267898e-08
1,8090,1.5434009373161117e-08
1,8091,1.5434006062309226e-08
1,8092,1.5434012643838235e-08
1,8093,1.543410957936445e-08
1,8094,1.54351502662391e-08
1,8095,1.5435220235739602e-08
1,8096,1.5435218303044197e-08
1,8097,1.5435216864355348e-08
1,8098,1.5435235058911047e-08
1,8099,1.543524533720524e-08
1,8100,1.543520651089545e-08
1,8101,1.5435195968921595e-08
1,8102,1.5435251174070316e-08
1,8103,4.4005603430989865e-08
1,8104,3.4586020338748125e-08
1,8105,2.853721175238486e-08
1,8106,2.4324931917250962e-08
1,8107,2.1223237918739597e-08
1,8108,1.8844192179847053e-08
1,8109,1.696163189771543e-08
1,8110,1.543513631621971e-08
1,8111,1.5435094627575527e-08
1,8112,1.543507129214309e-08
1,8113,1.5435036291086608e-08
1,8114,1.5435013708109115e-08
1,8115,1.5435010738691122e-08
1,8116,1.5435009115798018e-08
1,8117,1.543501981662274e-08
1,8118,1.5435035682427367e-08
1,8119,1.5435051354347848e-08
1,8120,1.5435065384864166e-08
1,8121,1.543507884012653e-08
1,8122,1.543509326026784e-08
1,8123,1.5435184013663103e-08
1,8124,1.543533565529333e-08
1,8125,1.5439133380189325e-08
1,8126,539.6129643444723
1,8127,2.663188102623292e-07
1,8128,9.866255423467292e-08
1,8129,6.079326868229864e-08
1,8130,4.40470338509841e-08
1,8131,3.460940914460736e-08
1,8132,2.8552577932857136e-08
1,8133,2.433589050870034e-08
1,8134,2.1231447128693256e-08
1,8135,1.5436298021756097e-08
1,8136,1.543494322787485e-08
1,8137,1.5434894641660113e-08
1,8138,1.5434824613812592e-08
1,8139,1.543480531015873e-08
1,8140,1.5434782388766162e-08
1,8141,1.5434768210080064e-08
1,8142,1.5434769546994516e-08
1,8143,1.5434774419946263e-08
1,8144,1.543477355348746e-08
1,8145,1.5434772564884816e-08
1,8146,1.5434775686763656e-08
1,8147,1.543482647581124e-08
1,8148,1.5434793802531738e-08
1,8149,1.5434752630745366e-08
1,8150,1.543476740698102e-08
1,8151,1.543509002868129e-08
1,8152,3.4583350018890964e-08
1,8153,2.853571275782235e-08
1,8154,2.4323886931738317e-08
1,8155,2.1222440031948373e-08
1,8156,1.8843541333997806e-08
1,8157,1.6961113858883655e-08
1,8158,1.5434594550558514e-08
1,8159,1.543449975947408e-08
1,8160,1.5434462261068008e-08
1,8161,1.5434420982650353e-08
1,8162,1.5434373854057346e-08
1,8163,1.5434342165302875e-08
1,8164,1.5434321062647593e-08
1,8165,1.543431405930973e-08
1,8166,1.543431783170479e-08
1,8167,1.5434399743040008e-08
1,8168,4150.222582816156
1,8169,232.42203907374557
1,8170,1.5571428087896542e-07
1,8171,7.828693073249162e-08
1,8172,5.2460029855875634e-08
1,8173,3.954393351641674e-08
1,8174,246.10254181241262
1,8175,6760.483841238508
1,8176,2.6439795520165213e-07
1,8177,3465.0936731540055
1,8178,6.070678510832752e-08
1,8179,4.400033870024053e-08
1,8180,3.458129488978669e-08
1,8181,2.853371568511861e-08
1,8182,2.4322323402104862e-08
1,8183,2.1220642738690684e-08
1,8184,1.543409704327175e-08
1,8185,1.5434029495565497e-08
1,8186,1.543397643221751e-08
1,8187,1.5433933451297513e-08
1,8188,1.54339160663664e-08
1,8189,1.5433899529266137e-08
1,8190,1.543408002056411e-08
1,8191,8134.993229941941
1,8192,19713.385357885025
1,8193,15951.272506484558
1,8194,8864.545549364722
1,8195,2963.607924867772
1,8196,1303.4289898153265
1,8197,1547.527871194681
1,8198,2131.5234551459966
1,8199,2990.7936496524294
1,8200,5652.490375988687
1,8201,5315.108943623842
1,8202,2094.818137696158
1,8203,3.030102236679751e-08
1,8204,2.7811505096642742e-08
1,8205,2.5809575998511592e-08
1,8206,2.4129371595886235e-08
1,8207,2.2658207008178447e-08
1,8208,1.3539252172744363e-08
1,8209,1.3539236808867742e-08
1,8210,1.3539233794265625e-08
1,8211,1.3539236687077957e-08
1,8212,1.3539228497214646e-08
1,8213,1.3539227403154704e-08
1,8214,1.3539829295159975e-08
1,8215,1.2930093464678163e-08
1,8216,2459.33109408066
1,8217,6491.720708109786
1,8218,8584.987559714797
1,8219,10203.860536860971
1,8220,6298.842094921583
1,8221,2898.8709046401605
1,8222,4673.191495360346
1,8223,7256.978872596271
1,8224,10569.624373191367
1,8225,12175.0046760364
1,8226,5051.083676265188
1,8227,9.776985275480678e-09
1,8228,1.3267690591914932e-08
1,8229,1.8180323978783815e-08
1,8230,3.412460879747615e-08
1,8231,1.1778691840648364e-08
1,8232,1.177863033795537e-08
1,8233,1.1778625902463953e-08
1,8234,1.1778624767702384e-08
1,8235,1.1778626293501796e-08
1,8236,1.1778628189088687e-08
1,8237,1.1778644061119007e-08
1,8238,3.065167256103185e-08
1,8239,1.1504161334745697e-08
1,8240,3978.148532759589
1,8241,8915.456958958797
1,8242,9214.46899419914
1,8243,9409.557584190863
1,8244,6063.3671243991585
1,8245,2966.4260157270896
1,8246,4247.959837485977
1,8247,6918.231374491171
1,8248,10230.63231468467
1,8249,11358.14043076827
1,8250,3361.106824111041
1,8251,2.7518271402411853e-09
1,8252,1.2884280709529915e-08
1,8253,1.9136602526464812e-08
1,8254,3.499809553068992e-08
1,8255,1.7356433924022176e-08
1,8256,1.270248296854851e-08
1,8257,1.2702434942319114e-08
1,8258,1.2702426882478749e-08
1,8259,1.2702423400109462e-08
1,8260,1.2702422901420508e-08
1,8261,1.2702429449215584e-08
1,8262,4.318329069419942e-08
1,8263,9823.74355680818
1,8264,20325.930884133377
1,8265,18777.41346869988
1,8266,15647.945844942064
1,8267,881.3565713960845
1,8268,1.6987157906421546e-07
1,8269,9.197198179992016e-08
1,8270,6.651069588176517e-08
1,8271,5.4494802400309103e-08
1,8272,4.821806075371585e-08
1,8273,4.535075901225934e-08
1,8274,4.548150285714128e-08
1,8275,5.037445487483707e-08
1,8276,7.558754521791086e-08
1,8277,1.5433928128390006e-08
1,8278,1.5433901044880824e-08
1,8279,1.543388698325468e-08
1,8280,1.5433886376089605e-08
1,8281,1.5433886581420555e-08
1,8282,1.5433886928741333e-08
1,8283,1.543388926986925e-08
1,8284,1.543388673521802e-08
1,8285,1.5433885912842203e-08
1,8286,1.543388748573834e-08
1,8287,1.5433965959715603e-08
1,8288,9.929539343617936e-08
1,8289,5.791732430548123e-08
1,8290,4840.21137385015
1,8291,8830.772298873335
1,8292,8515.66428784087
1,8293,8527.007579284098
1,8294,10889.68104446459
1,8295,14758.011140564733
1,8296,7056.717006517141
1,8297,8340.233466765068
1,8298,4905.197789883449
1,8299,5.331061812644948e-08
1,8300,4.059833468954006e-08
1,8301,3.2851817936935496e-08
1,8302,2.7635333618788603e-08
1,8303,2.3882670427752403e-08
1,8304,2.1049580687122608e-08
1,8305,1.543393802213124e-08
1,8306,1.5433916128499654e-08
1,8307,1.5433896946969307e-08
1,8308,1.5433857822602176e-08
1,8309,1.543386176635031e-08
1,8310,1.5433868356478397e-08
1,8311,1.5433897616254084e-08
1,8312,1.5434068272981156e-08
1,8313,2089.3731575599886
1,8314,6611.383731393431
1,8315,12367.681273048353
1,8316,9763.451350919624
1,8317,6486.563021761361
1,8318,7232.510905034785
1,8319,959.1103681602043
1,8320,1.5590291716369923e-07
1,8321,4243.427386595086
1,8322,1777.297371077753
1,8323,3.955280391081242e-08
1,8324,3.1799130668475306e-08
1,8325,2.6630408182161283e-08
1,8326,1.543456936163503e-08
1,8327,1.5434165265748164e-08
1,8328,1.5434166616311705e-08
1,8329,1.543417492923027e-08
1,8330,1.5433927445506962e-08
1,8331,1.543391618302994e-08
1,8332,1.5433915598639887e-08
1,8333,1.5433969674666584e-08
1,8334,1.5434195704398896e-08
1,8335,1.543425729492243e-08
1,8336,1.5434321466321473e-08
1,8337,1.5434292427987304e-08
1,8338,1.5434257629602088e-08
1,8339,1.5434240748491253e-08
1,8340,1.5434220787693983e-08
1,8341,1.5434222195210326e-08
1,8342,1.5434269055326075e-08
1,8343,4.4000545777536106e-08
1,8344,3.4582482753037105e-08
1,8345,2.8534812215960675e-08
1,8346,2.432300392209323e-08
1,8347,2.1221745780237945e-08
1,8348,1.8842983356315735e-08
1,8349,1.6960456842396e-08
1,8350,1.5434200626134658e-08
1,8351,1.5434114292848692e-08
1,8352,1.543406794253158e-08
1,8353,1.5434008866327094e-08
1,8354,1.5433984547706247e-08
1,8355,1.5433975246966e-08
1,8356,1.5433973612058582e-08
1,8357,1.543396326726722e-08
1,8358,1.5433926699187926e-08
1,8359,1.5435711476002384e-08
1,8360,6778.748589083447
1,8361,9866.641036207982
1,8362,9721.05007872314
1,8363,10966.41777280054
1,8364,8935.260886889893
1,8365,9800.551126110508
1,8366,3957.1739698492847
1,8367,2954.7749150481136
1,8368,4728.426735408721
1,8369,6422.638190300405
1,8370,2531.812691248275
1,8371,3.065565112314052e-08
1,8372,2.84503457274662e-08
1,8373,2.6689331846601428e-08
1,8374,2.521860050221252e-08
1,8375,1.3505848093984228e-08
1,8376,1.3505787966398402e-08
1,8377,1.3505785395424708e-08
1,8378,1.3505789426112303e-08
1,8379,1.3505792569383808e-08
1,8380,1.3505771524333543e-08
1,8381,1.350577917997995e-08
1,8382,862.9289809990701
1,8383,12979.710508778255
1,8384,14660.982304547415
1,8385,14046.211423140867
1,8386,6241.504514642409
1,8387,3.461470941502957e-08
1,8388,2.78274396588113e-08
1,8389,2.3304083611392555e-08
1,8390,68.71078410245363
1,8391,7968.792121552867
1,8392,10514.353873914855
1,8393,7745.846476921479
1,8394,2.06540487074968e-08
1,8395,2.739153332393212e-08
1,8396,4.075771252716833e-08
1,8397,1.591587349745526e-08
1,8398,1.6410508902737185e-08
1,8399,1.676741285378501e-08
1,8400,1.7069223752693032e-08
1,8401,1.7340198560877423e-08
1,8402,1.7591182959330074e-08
1,8403,1.7828143203640467e-08
1,8404,1.8054735314820656e-08
1,8405,1.827342183848674e-08
1,8406,1.8485938840939747e-08
1,8407,1.8693854396026305e-08
1,8408,1.8897629299512246e-08
1,8409,1.909784306809072e-08
1,8410,1.9295734727790988e-08
1,8411,1.949164657193863e-08
1,8412,1.9685964514629594e-08
1,8413,1.987915896960074e-08
1,8414,2.0071604541194697e-08
1,8415,5.100440616021386e-08
1,8416,3.969027543878869e-08
1,8417,3.25509925261773e-08
1,8418,2.7634520772768726e-08
1,8419,2.4041486840992794e-08
1,8420,2.130001520950583e-08
1,8421,2.1515178905678466e-08
1,8422,2.1731409114695936e-08
1,8423,2.1948788957554765e-08
1,8424,2.2167337112551165e-08
1,8425,2.2387258381098053e-08
1,8426,2.2609530025662614e-08
1,8427,2.2833574518883113e-08
1,8428,2.3059797961781772e-08
1,8429,2.3288143023933054e-08
1,8430,2.3518747704290316e-08
1,8431,2.3751963827783288e-08
1,8432,3.336807573634426e-08
1,8433,2.8213992703189747e-08
1,8434,2.447370041922057e-08
1,8435,2.472208112517358e-08
1,8436,2.497393581687071e-08
1,8437,2.5229434268913512e-08
1,8438,2.54891159083086e-08
1,8439,1.1005156036070099e-07
1,8440,6.78515025317989e-08
1,8441,4.9209788545705874e-08
1,8442,3.8700101367363687e-08
1,8443,3.195173382498299e-08
1,8444,2.7251774134996206e-08
1,8445,2.757592648173186e-08
1,8446,2.79069431305054e-08
1,8447,2.8243904795703618e-08
1,8448,2.4539106633251698e-08
1,8449,2.171884594647102e-08
1,8450,1.949913689016283e-08
1,8451,1.7705111981294728e-08
1,8452,1.6221770533565466e-08
1,8453,1.6226156722192532e-08
1,8454,2.9993295265496185e-08
1,8455,2.999578312070747e-08
1,8456,2.999759551697935e-08
1,8457,2.9999304816920655e-08
1,8458,3.000096049067075e-08
1,8459,3.000261153105914e-08
1,8460,3.0004249602068675e-08
1,8461,3.000602970343745e-08
1,8462,3.00078996927659e-08
1,8463,3.000971608316404e-08
1,8464,3.0011461767354776e-08
1,8465,3.0013239319554176e-08
1,8466,3.001496982153653e-08
1,8467,3.001668218879759e-08
1,8468,3.00184000557521e-08
1,8469,3.002014680546285e-08
1,8470,3.00218941850544e-08
1,8471,3.0023580158497774e-08
1,8472,3.002518896987562e-08
1,8473,3.0026607387271284e-08
1,8474,3.0027781133084555e-08
1,8475,3.002971983639892e-08
1,8476,3.003181646382585e-08
1,8477,3.0033996337986264e-08
1,8478,3.0036172049657366e-08
1,8479,3.003823876637226e-08
1,8480,3.004019241430227e-08
1,8481,3.004210685013286e-08
1,8482,3.004403065597067e-08
1,8483,3.0046046473340736e-08
1,8484,3.0047933642099944e-08
1,8485,3.0049785749390584e-08
1,8486,3.005182059118502e-08
1,8487,3.005414435102192e-08
1,8488,3.006342404284062e-08
1,8489,6.41319921912295e-08
1,8490,4.6420392788084914e-08
1,8491,3.645432493025425e-08
1,8492,3.006441798450462e-08
1,8493,3.0065086129155285e-08
1,8494,3.006694437669957e-08
1,8495,3.006877832044947e-08
1,8496,3.007040426215049e-08
1,8497,3.0071150401290005e-08
1,8498,3.007187738763561e-08
1,8499,3.0075662681643784e-08
1,8500,3.0078232725068416e-08
1,8501,3.008066205397917e-08
1,8502,3.008295189081399e-08
1,8503,3.008582481702529e-08
1,8504,755.8269412280944
1,8505,2.0423540205208573e-07
1,8506,1.0667457545756123e-07
1,8507,7.386542361105368e-08
1,8508,5.733758220226006e-08
1,8509,4.734311185195395e-08
1,8510,4.5169571173689035e-08
1,8511,5.073124190159916e-08
1,8512,5.8465040443360524e-08
1,8513,7.035291361965116e-08
1,8514,9.234477941331043e-08
1,8515,1.5832082791590444e-07
1,8516,3.333199176764549e-08
1,8517,4.3774322593910845e-08
1,8518,8.18383410903427e-08
1,8519,6172.9940205655985
1,8520,6182.472849218647
1,8521,6059.039518843696
1,8522,6214.804222864282
1,8523,6375.502867313941
1,8524,6012.492789538732
1,8525,5958.602098378412
1,8526,6162.885469194386
1,8527,4.319471945426448e-08
1,8528,1.6693339889207082e-07
1,8529,8.250994807185098e-08
1,8530,6.049070668192892e-08
1,8531,4.929804986686338e-08
1,8532,4.2202813140743134e-08
1,8533,3.716242084061147e-08
1,8534,3.331642710517835e-08
1,8535,3.023140908649821e-08
1,8536,2.766005090325846e-08
1,8537,2.9173183087647216e-07
1,8538,8.897790678158316e-08
1,8539,5.316654254305627e-08
1,8540,3.809698264527813e-08
1,8541,2.9759867669924622e-08
1,8542,2.445040621161702e-08
1,8543,2.076078699916401e-08
1,8544,2.0122979276589772e-08
1,8545,1.9479259081511488e-08
1,8546,1.8817718880999643e-08
1,8547,1.8117764958306337e-08
1,8548,1.7334594939496492e-08
1,8549,1.63157397618212e-08
1,8550,172.303802436936
1,8551,3798.9216135876227
1,8552,13864.055727981928
1,8553,14217.836475780423
1,8554,10755.2766678409
1,8555,9286.8447287136
1,8556,6437.546571460994
1,8557,4065.839513099597
1,8558,3819.9633113745344
1,8559,3955.4019201188257
1,8560,4122.774702319671
1,8561,2166.730957163171
1,8562,2.2307326912905304e-08
1,8563,3.958380996475151e-08
1,8564,1.543425123194699e-08
1,8565,1.5434523899457374e-08
1,8566,1.5434756594495335e-08
1,8567,1.5434926376967515e-08
1,8568,1.54350339414494e-08
1,8569,1.543508202577848e-08
1,8570,1.543510402496562e-08
1,8571,1.543498355298064e-08
1,8572,1.5435374867487614e-08
1,8573,1.5435649263529662e-08
1,8574,1.5435811623115006e-08
1,8575,1.5436158607681736e-08
1,8576,1.884547616554829e-08
1,8577,1.6962908078570487e-08
1,8578,1.5436280702902023e-08
1,8579,1.543629218491643e-08
1,8580,1.5436355850054046e-08
1,8581,1.5436454836565512e-08
1,8582,1.543687915482528e-08
1,8583,2.650634402636743e-07
1,8584,250.10022155303682
1,8585,5124.2198667959
1,8586,4.755003614853972e-08
1,8587,3.92715252023237e-08
1,8588,3.35800168392499e-08
1,8589,2.9403154512882147e-08
1,8590,1.7905110094783386e-08
1,8591,1.8421550108851503e-08
1,8592,1.890851361057333e-08
1,8593,1.9377997738030705e-08
1,8594,1.9837332242846577e-08
1,8595,2.029139081331674e-08
1,8596,2.0743672049935654e-08
1,8597,2.11968829496868e-08
1,8598,2.1653248676057615e-08
1,8599,2.211467281076134e-08
1,8600,2.258285341468611e-08
1,8601,2.3059363360259115e-08
1,8602,2.3545606159251e-08
1,8603,2.404313979866059e-08
1,8604,2.455325919851372e-08
1,8605,2.5077737488088343e-08
1,8606,2.5618170738085736e-08
1,8607,4.291768360512602e-07
1,8608,1.3910534714240666e-07
1,8609,8.508263746637872e-08
1,8610,6.215074248949552e-08
1,8611,4.940773842113019e-08
1,8612,4.1260048075739836e-08
1,8613,3.557231749205201e-08
1,8614,3.827948131482914e-08
1,8615,4.151936134929159e-08
1,8616,4.5509026546706566e-08
1,8617,5.061059051538532e-08
1,8618,5.7486515184187504e-08
1,8619,6.746936973058026e-08
1,8620,1.9572771440080417e-08
1,8621,1.8472562507793825e-08
1,8622,1.7315378307802788e-08
1,8623,1.429572365763403e-07
1,8624,1.6408609367858022e-07
1,8625,1.9772321322345074e-07
1,8626,2.644302387098214e-07
1,8627,5.220206961325038e-07
1,8628,2.05553980599738e-08
1,8629,2.1337107312396913e-08
1,8630,2.0967476627836555e-08
1,8631,2.007880727616484e-08
1,8632,1.8907535634884076e-08
1,8633,9.688957758768783
1,8634,2.716413038906726e-08
1,8635,3.524213293170834e-08
1,8636,4.761915160107056e-08
1,8637,9.119617109194019e-08
1,8638,8844.996248221563
1,8639,23042.7108439866
1,8640,26791.580975878824
1,8641,28626.25160509967
1,8642,30110.602924015
1,8643,31230.75684996779
1,8644,31562.938934894446
1,8645,32208.708994405057
1,8646,32082.71102648025
1,8647,32704.362152258265
1,8648,33652.45216562912
1,8649,32681.91276064592
1,8650,30407.684934425055
1,8651,29810.215498335838
1,8652,27993.93414949517
1,8653,25292.2395412134
1,8654,23238.991641424705
1,8655,15711.411896196334
1,8656,3.6440421165385994
1,8657,6161.501470468885
1,8658,6098.009223389991
1,8659,5565.878496564215
1,8660,3152.574421118802
1,8661,2.7721778589426954e-07
1,8662,2.7375652681011235e-08
1,8663,2.737491853836547e-08
1,8664,2.737480236047839e-08
1,8665,2.7374781322544897e-08
1,8666,2.737519758846054e-08
1,8667,3.643622248667854e-08
1,8668,2.9164391247626454e-08
1,8669,7.071937621920196e-08
1,8670,3.1066572720989236e-08
1,8671,1.9955944957755485e-08
1,8672,8887.568857598199
1,8673,9508.623296900148
1,8674,9672.664660701337
1,8675,10541.548945436069
1,8676,4878.002478363776
1,8677,703.0976646693844
1,8678,3355.33604920959
1,8679,5747.565885808547
1,8680,9121.949256143
1,8681,9897.050932255312
1,8682,4350.087964728107
1,8683,2.5516470270505728e-08
1,8684,2.9453075813516303e-08
1,8685,3.637212530054908e-08
1,8686,5.829277220809352e-08
1,8687,1.5434364818352016e-08
1,8688,1.5433871118468185e-08
1,8689,1.5433857030233347e-08
1,8690,1.543384996438445e-08
1,8691,1.5433848952129257e-08
1,8692,1.5433848754772275e-08
1,8693,1.5433861152015947e-08
1,8694,1.0951142747156147e-07
1,8695,5866.09165729523
1,8696,19347.998716872786
1,8697,18956.42222318726
1,8698,14068.082954012738
1,8699,8660.967241257065
1,8700,2.639784823271936e-07
1,8701,9.837907952270721e-08
1,8702,6.069257675765855e-08
1,8703,4.399992311121602e-08
1,8704,571.3229661511159
1,8705,269.1025171838509
1,8706,2.4323285776507714e-08
1,8707,2.122215401503103e-08
1,8708,1.5436355015848566e-08
1,8709,1.543458503476338e-08
1,8710,1.5434629194614326e-08
1,8711,1.543459128747928e-08
1,8712,1.5434082408007788e-08
1,8713,1.5433983248945546e-08
1,8714,1.5433975875908294e-08
1,8715,1.5433973413087155e-08
1,8716,1.5433980189589596e-08
1,8717,1.5434117394774825e-08
1,8718,1.543479990367787e-08
1,8719,1.543486366461491e-08
1,8720,1.5435155642452083e-08
1,8721,1.5434954006231884e-08
1,8722,1.5434865639245223e-08
1,8723,1.543483864789492e-08
1,8724,1.543482006136456e-08
1,8725,1.5434822832631053e-08
1,8726,1.543491407215716e-08
1,8727,2.8540959956680357e-08
1,8728,2.432802580093428e-08
1,8729,2.1225575333828418e-08
1,8730,1.884596153199503e-08
1,8731,1.6963064469953214e-08
1,8732,1.5434948567601042e-08
1,8733,1.543472568962581e-08
1,8734,1.5434695570945163e-08
1,8735,1.54346206054546e-08
1,8736,1.543407946497826e-08
1,8737,1.5434001200800894e-08
1,8738,1.5434003101317517e-08
1,8739,1.543404716023263e-08
1,8740,1.5434361347936058e-08
1,8741,1.5434504658782104e-08
1,8742,1.5434525134675356e-08
1,8743,1.5435217054136468e-08
1,8744,2.1222995555338927e-08
1,8745,1.884394540860212e-08
1,8746,1.696141612471863e-08
1,8747,1.5434768731457642e-08
1,8748,1.5434240018287866e-08
1,8749,1.5434200992793198e-08
1,8750,6001.519258087936
1,8751,18518.864793048964
1,8752,10486.092154636104
1,8753,11723.273341048789
1,8754,5661.79339521356
1,8755,4.399976511151762e-08
1,8756,3.457983466349866e-08
1,8757,2.853279013886466e-08
1,8758,2.432171197221553e-08
1,8759,2.1220033372061804e-08
