STO,T,value
0,0,420.59476562092306
0,1,489.1401553352254
0,2,552.0967066373265
0,3,611.4095016285144
0,4,667.6520321454059
0,5,721.5405280469677
0,6,773.5870351442201
0,7,824.1593945361536
0,8,873.4953349106099
0,9,922.2199815239137
0,10,970.613752571303
0,11,1018.7958728451179
0,12,1067.0325851170142
0,13,1115.4684137138722
0,14,1164.1794532463157
0,15,1212.5168490545702
0,16,1212.5168490318893
0,17,1212.5168490223377
0,18,1212.5168490240067
0,19,1212.5168490376336
0,20,1212.5168490672586
0,21,1212.5168491250292
0,22,1263.3562303272117
0,23,1321.698514876011
0,24,1382.4850554380596
0,25,1446.39304545123
0,26,1514.551496975357
0,27,1588.8319084187485
0,28,1672.7059354634557
0,29,1773.8031602038118
0,30,1917.3518943261358
0,31,1473.3606819634513
0,32,1158.599353242181
0,33,870.5339528309582
0,34,870.5339525817852
0,35,870.5339524998944
0,36,870.5339524578433
0,37,870.5339524352478
0,38,870.5339524257588
0,39,870.5339524274706
0,40,506.9054663744611
0,41,9.668275326719217e-08
0,42,1.1607237025152556e-07
0,43,1.303854790149061e-07
0,44,1.4173816789521464e-07
0,45,1.392852439621782e-07
0,46,1.2197815663694063e-07
0,47,1.2489969728104588e-07
0,48,1.2355999043161484e-07
0,49,1.1743442375414389e-07
0,50,1.0499026839245801e-07
0,51,8.226688366884123e-08
0,52,540.1421027323089
0,53,540.142102705896
0,54,540.1421026947878
0,55,540.1421026968227
0,56,540.1421027128832
0,57,540.142102747729
0,58,540.1421028156592
0,59,540.1421029766263
0,60,826.1422487015392
0,61,1106.4377059584572
0,62,1389.4918978442558
0,63,1705.579905683903
0,64,1180.497123360812
0,65,647.9305237962757
0,66,2.0281435960721006e-08
0,67,7.735432791930637e-08
0,68,9.529549835186695e-08
0,69,9.488631203886022e-08
0,70,7.485165973962493e-08
0,71,2.1932697734628368e-09
0,72,611.3860934915335
0,73,867.1622647675597
0,74,959.7289018334765
0,75,994.9193722310091
0,76,1011.5477847373902
0,77,1023.7940304130142
0,78,1037.2517395156167
0,79,1048.8773443815162
0,80,1055.7663143746315
0,81,1069.1897951764304
0,82,1090.9930353616087
0,83,1137.0150191416906
0,84,1263.6429515882417
0,85,1599.363715490181
0,86,2047.9999999974427
0,87,2047.9999999375273
0,88,2047.999999994506
0,89,2047.9999998427381
0,90,2047.9999997803723
0,91,2047.9999997418265
0,92,2047.9999997162204
0,93,2047.9999996996048
0,94,2047.9999996901765
0,95,2047.9999996870997
0,96,2047.9999996901263
0,97,2047.9999996995007
0,98,2047.9999997160512
0,99,2047.9999997415714
0,100,2047.999999779981
0,101,2047.9999998420494
0,102,2047.9999999918145
0,103,1693.9541600742077
0,104,1486.9274162339918
0,105,1318.4957083839367
0,106,1169.7940120513695
0,107,1027.6797689471027
0,108,905.1636462121556
0,109,852.3308017273787
0,110,705.7098909414284
0,111,541.919959304327
0,112,342.548760062576
0,113,4.797429919352358e-08
0,114,5.584504866015577e-08
0,115,4.923216634282419e-08
0,116,1.750888308689412e-08
0,117,321.2415402607664
0,118,537.7325111634476
0,119,716.5024333084049
0,120,879.053573026422
0,121,1035.0619341104966
0,122,1191.675615320043
0,123,1356.379085042488
0,124,1541.5961141872785
0,125,1780.400838649297
0,126,2047.9999999765719
0,127,1626.3412107284046
0,128,1364.1561578354049
0,129,1143.124557963305
0,130,935.3963961430214
0,131,935.3963960113941
0,132,935.3963959541774
0,133,935.3963959234225
0,134,935.3963959076951
0,135,724.1058138530153
0,136,450.53928061471635
0,137,8.593203507568806e-08
0,138,9.538394731235724e-08
0,139,9.857776061563371e-08
0,140,9.594519071927669e-08
0,141,290.6592661591225
0,142,484.77136544445887
0,143,640.104416701965
0,144,778.8480699565713
0,145,909.3435866327893
0,146,1036.6030734984138
0,147,1169.2820835750424
0,148,1309.2014526075382
0,149,1456.933422347712
0,150,1622.448591445042
0,151,1840.0074151027193
0,152,1334.6731486410204
0,153,940.8513261175123
0,154,582.0611195080569
0,155,3.9137158535669904e-07
0,156,3.3724731792069383e-07
0,157,2.982772140600596e-07
0,158,2.689181698113316e-07
0,159,2.463035298677955e-07
0,160,2.2871322859295117e-07
0,161,2.1500464899204454e-07
0,162,2.0435698448967136e-07
0,163,2.0785762292819306e-07
0,164,2.0213973270409515e-07
0,165,1.9857525841555598e-07
0,166,1.9693113594926532e-07
0,167,1.9707034869392306e-07
0,168,399.00737448633663
0,169,646.0113533597881
0,170,853.6454660278988
0,171,1048.2963262102332
0,172,1242.9003524706225
0,173,1453.8370908068978
0,174,1453.8370907192743
0,175,1453.8370906296457
0,176,1453.8370905400373
0,177,1453.8370904504498
0,178,1453.837090360883
0,179,1453.8370902713357
0,180,1453.8370901818087
0,181,1453.837090092301
0,182,1453.837090002808
0,183,1307.5672532555593
0,184,1159.5551162314052
0,185,1015.7682426150153
0,186,872.1570066955373
0,187,727.4066013497985
0,188,727.4066011964889
0,189,727.4066011070114
0,190,727.4066010175255
0,191,727.4066009280303
0,192,727.4066008385253
0,193,727.4066007490095
0,194,727.4066006594826
0,195,727.4066005699441
0,196,727.4066004803938
0,197,727.4066003908308
0,198,727.4066003012537
0,199,727.4066002116359
0,200,3.735265599671099e-06
0,201,3.573399841680803e-06
0,202,3.4769027970845724e-06
0,203,3.3764431277396104e-06
0,204,3.2716178181564463e-06
0,205,3.161950122219405e-06
0,206,3.046865942040334e-06
0,207,2.925669205856938e-06
0,208,2.7974971585405933e-06
0,209,2.6612596206948905e-06
0,210,2.5155555033948285e-06
0,211,2.358505445514917e-06
0,212,2.1875170283227816e-06
0,213,1.998809151532036e-06
0,214,1.786649187608333e-06
0,215,1.7715419633960571e-06
0,216,1.7679958274818483e-06
0,217,1.7756902530869766e-06
0,218,1.7964699816801818e-06
0,219,1.8357475524886056e-06
0,220,1.908552824583321e-06
0,221,2.0768061792198964e-06
0,222,977.6284576633448
0,223,1797.687453394641
0,224,1725.6897523398018
0,225,1664.4689299521467
0,226,1609.9098127084576
0,227,1560.0020712568344
0,228,1513.9401589904862
0,229,1470.545072205168
0,230,1428.450157217756
0,231,1387.7592766125667
0,232,1348.2949046020995
0,233,1309.7804932659367
0,234,1272.1082079162973
0,235,1235.1186722145321
0,236,1198.7434990376091
0,237,1162.8971260419407
0,238,1127.404701793947
0,239,1092.2598321892815
0,240,1057.5025954452562
0,241,1022.7409132632079
0,242,988.0196861774015
0,243,953.2590113276647
0,244,918.351200881507
0,245,883.0596387590263
0,246,847.4342237725002
0,247,811.0939864957602
0,248,774.0937668002623
0,249,736.3976447800362
0,250,697.9004107510665
0,251,658.4682331757416
0,252,618.1214763406779
0,253,576.7294218752642
0,254,532.7958185568549
0,255,485.9404427002777
0,256,435.622677185235
0,257,380.97290253230756
0,258,319.6962133234616
0,259,251.06171788101867
0,260,251.06171786241757
0,261,251.06171785709222
0,262,251.0617178642162
0,263,251.06171788589168
0,264,538.7236057727176
0,265,778.2884820693941
0,266,997.5809791073291
0,267,1221.1091932211432
0,268,1464.9999699385896
0,269,1780.1874806423414
0,270,1947.5025910422912
0,271,1832.8345700676211
0,272,1754.319181928327
0,273,1690.2144384004596
0,274,1634.1651864226328
0,275,1583.293002212202
0,276,1536.242067581468
0,277,1492.0002868491329
0,278,1449.7286112425916
0,279,1409.0360815266417
0,280,1369.9748057723712
0,281,1332.0247408915673
0,282,1295.6182552545934
0,283,1295.6182552183102
0,284,1295.6182551997838
0,285,1295.6182551945378
0,286,1295.618255201762
0,287,1295.618255223591
0,288,1295.6182552671767
0,289,1295.618255355489
0,290,1295.618255637288
0,291,2047.9999999458053
0,292,2047.9999999133681
0,293,2047.999999908866
0,294,2047.9999999265467
0,295,1663.215889660685
0,296,1414.3792566940401
0,297,1208.0916916144465
0,298,1016.5757723676285
0,299,868.9292505346664
0,300,868.9292504727031
0,301,868.9292504393966
0,302,868.9292504223591
0,303,649.4059656150247
0,304,385.85681925689516
0,305,9.56863697508623e-08
0,306,1.0652007885605464e-07
0,307,1.1111147849085306e-07
0,308,9.798549154352298e-08
0,309,8.85007264132847e-08
0,310,6.598803636609536e-08
0,311,1.7474324972725303e-09
0,312,602.9536799145818
0,313,884.0808496586661
0,314,992.0786849276896
0,315,1061.0408624160834
0,316,1183.4297035591799
0,317,1520.9300638073394
0,318,2047.9999999980482
0,319,1523.5696790281286
0,320,1194.3973727835223
0,321,1194.3973726060942
0,322,1194.397372528978
0,323,1194.3973724875307
0,324,1194.3973724663394
0,325,1194.3973724602758
0,326,1040.50121589767
0,327,845.36223858292
0,328,635.7511232141862
0,329,384.69649113560246
0,330,4.819247417132283e-08
0,331,7.090745223696081e-08
0,332,6.318063375821819e-08
0,333,2.1659092138191293e-09
0,334,547.8615511387836
0,335,858.2848010756094
0,336,971.7319409407432
0,337,1018.1305264411017
0,338,1056.9075927535418
0,339,1139.4010028508424
0,340,1378.0615476690891
0,341,2047.9999999976926
0,342,2047.999999993323
0,343,1594.1848356416128
0,344,1331.108666586938
0,345,1331.1086664311076
0,346,1331.1086663633725
0,347,1331.1086663269682
0,348,1331.1086663083593
0,349,1331.108666303041
0,350,1238.1601738868414
0,351,1106.624551112168
0,352,979.5608384850774
0,353,850.5981032702379
0,354,717.0896719018667
0,355,643.1122292053598
0,356,643.1122291867465
0,357,643.1122291814204
0,358,643.1122291885536
0,359,643.1122292102573
0,360,1002.8765810023951
0,361,1051.576778035154
0,362,1051.5767783092485
0,363,1640.0174836447288
0,364,2047.999999618368
0,365,2047.999999253696
0,366,2047.9999990179415
0,367,2047.9999988339098
0,368,1626.784230916469
0,369,1376.4245758031905
0,370,1166.9495303068672
0,371,1024.9299274108691
0,372,1024.929927256699
0,373,1024.929927102539
0,374,866.5740660001649
0,375,651.6380769369969
0,376,393.0365460268439
0,377,4.930992518945715e-06
0,378,4.770455633264052e-06
0,379,4.603131203899033e-06
0,380,4.4281237584695154e-06
0,381,4.4074823555917755e-06
0,382,4.399908175397281e-06
0,383,4.4041547234505846e-06
0,384,4.421503144659729e-06
0,385,4.456825628413631e-06
0,386,4.524225479723976e-06
0,387,4.682343166173206e-06
0,388,411.139982654127
0,389,676.746188760572
0,390,891.0285121811248
0,391,891.0285119053678
0,392,891.0285116295692
0,393,891.0285113537658
0,394,891.0285110779711
0,395,891.0285108021544
0,396,891.0285105263183
0,397,891.0285102504456
0,398,891.0285099745277
0,399,891.0285096985606
0,400,891.0285094225281
0,401,891.0285091463172
0,402,891.0285088702194
0,403,891.0285085940749
0,404,891.028508317896
0,405,891.0285083194216
0,406,891.0285083354249
0,407,891.028508370591
0,408,891.0285084395343
0,409,1008.7079033405587
0,410,1129.110455682831
0,411,1253.248385456421
0,412,1388.5899891811641
0,413,1539.7766346277765
0,414,1726.775677850542
0,415,2047.9999998271112
0,416,2047.999999736575
0,417,2047.9999996789795
0,418,2047.9999996374784
0,419,2047.9999996062745
0,420,2047.999999582627
0,421,2047.9999995650237
0,422,2047.9999995525668
0,423,2047.9999995447135
0,424,2047.9999995411547
0,425,2047.9999994476525
0,426,2047.9999994083666
0,427,2047.9999993915771
0,428,2047.9999993902784
0,429,2047.9999994044858
0,430,2047.9999994225343
0,431,2047.9999994449101
0,432,2047.9999994723196
0,433,2047.999999505821
0,434,2047.9999995470894
0,435,2047.9999995990238
0,436,2047.9999996674392
0,437,2047.9999997678074
0,438,2047.9999999916897
0,439,1735.9705366994265
0,440,1544.0457512765522
0,441,1390.0923264214148
0,442,1253.2301479213138
0,443,1124.3963665271413
0,444,1000.758816463719
0,445,884.9199530835228
0,446,764.0103530331191
0,447,641.1307608674472
0,448,496.3670617879357
0,449,311.43339390774617
0,450,2.1058116160964e-07
0,451,2.003038343885346e-07
0,452,1.9336822962019284e-07
0,453,1.8940094583219354e-07
0,454,1.8820121634459028e-07
0,455,266.9695381839085
0,456,574.662272144027
0,457,815.1020699384908
0,458,1035.9761680706877
0,459,1258.2939486499658
0,460,1509.394693931114
0,461,1855.203208106537
0,462,2047.9999999607792
0,463,1630.3576550525083
0,464,1385.2828214631413
0,465,1180.1523708734885
0,466,993.6138960902206
0,467,993.6138960760039
0,468,993.6138960719338
0,469,993.6138960773746
0,470,993.6138960939337
0,471,847.629793978474
0,472,637.4766786628902
0,473,383.1797047653236
0,474,2.506920225554631e-08
0,475,3.7590846393939254e-08
0,476,2.013159141812083e-08
0,477,117.6406934935929
0,478,330.9752559038917
0,479,477.38856586238114
0,480,599.4196301302987
0,481,709.1220080111244
0,482,811.6294987700999
0,483,909.9548711272082
0,484,1006.1057885355166
0,485,1101.4584154133083
0,486,1196.5259804289415
0,487,1196.5259804555046
0,488,1196.5259804851682
0,489,1196.5259805430107
0,490,1196.525980680028
0,491,1305.7255498611014
0,492,1428.2050675620912
0,493,1566.0862630382876
0,494,1732.7895374850486
0,495,1732.7895374030816
0,496,1176.9870494806264
0,497,531.8733768614981
0,498,531.8733768520015
0,499,531.8733768537186
0,500,531.8733768673952
0,501,531.8733768970856
0,502,675.4735710300188
0,503,814.3464473446967
0,504,948.0043544666662
0,505,1081.5558428242173
0,506,1217.4133156620392
0,507,1360.3473540197408
0,508,1518.7421532774333
0,509,1711.959472124656
0,510,2047.9999999928111
0,511,2047.9999999653367
0,512,1741.9098527687963
0,513,1564.1464603901857
0,514,1420.6894569810406
0,515,1292.4126297490534
0,516,1174.5917832434577
0,517,1104.0872897119561
0,518,991.733625551636
0,519,876.4178411071449
0,520,762.4863559912155
0,521,635.869092347742
0,522,496.181992900629
0,523,496.18199288269216
0,524,496.18199287516086
0,525,496.18199287653374
0,526,496.1819928874063
0,527,496.1819929110013
0,528,496.1819929570662
0,529,767.9121974111288
0,530,1018.4903558825285
0,531,1276.8524820167263
0,532,1571.9604373701177
0,533,2047.9999998558785
0,534,2047.9999998770238
0,535,1656.1140649445038
0,536,1428.3400052756463
0,537,1238.6525102486173
0,538,1063.6271245567746
0,539,892.7838898557226
0,540,892.78388984266
0,541,892.7838898389241
0,542,892.7838898439339
0,543,892.783889859168
0,544,677.9429248147046
0,545,420.8126691439229
0,546,4.5214564441935104e-08
0,547,4.774271071693092e-08
0,548,5.970757893430847e-08
0,549,6.026804136411795e-08
0,550,4.923317903960013e-08
0,551,1.1588093840488695e-08
0,552,333.13886674734874
0,553,606.0966891961136
0,554,833.2224795968814
0,555,1046.0074281323175
0,556,1261.5068031177711
0,557,1500.5325596245161
0,558,1807.7403650196773
0,559,1346.2979865443908
0,560,964.3007988021138
0,561,564.8467715238694
0,562,564.8467713834448
0,563,564.8467713224136
0,564,564.8467712896062
0,565,764.3161368090997
0,566,764.3161368042823
0,567,764.3161368106752
0,568,764.3161367287202
0,569,608.5123974297961
0,570,524.1759833140918
0,571,524.1759833045849
0,572,524.1759833062908
0,573,524.1759833199544
0,574,524.1759833496251
0,575,607.0560833847052
0,576,687.0448845499347
0,577,764.2064937375958
0,578,838.5293452125983
0,579,910.9667327532202
0,580,982.283904965054
0,581,1053.1248349888783
0,582,1124.1525098661511
0,583,1195.9010514597999
0,584,1268.7913059963116
0,585,1343.5262841523431
0,586,1421.6814912889108
0,587,1502.479244357664
0,588,1594.357649923162
0,589,1704.358736770368
0,590,1850.4920807073802
0,591,1785.326749968187
0,592,1402.669874220411
0,593,1112.6894655836527
0,594,831.404511187421
0,595,537.8564948975701
0,596,537.8564948807989
0,597,537.8564948759885
0,598,537.85649488239
0,599,537.8564949018971
0,600,750.7956143461948
0,601,953.3605408288139
0,602,1150.654743356445
0,603,1367.8989794240533
0,604,1623.8130249042094
0,605,2047.999999991357
0,606,2044.593424922713
0,607,1702.4406252512606
0,608,1507.348013777757
0,609,1348.542375796222
0,610,1206.1649352294896
0,611,1071.9675618873257
0,612,959.0325966920099
0,613,959.0325966974551
0,614,837.6447719663894
0,615,695.2800782522539
0,616,534.5502221839774
0,617,335.7074366598334
0,618,2.819283901572513e-08
0,619,4.870702420627467e-08
0,620,4.787001360146662e-08
0,621,2.284029117024405e-08
0,622,2.2855681986157987e-07
0,623,3.233833774434424e-07
0,624,3.880406221760165e-07
0,625,4.3691823543135595e-07
0,626,4.754961475003606e-07
0,627,5.065194836656093e-07
0,628,5.315753575827701e-07
0,629,5.516628552378229e-07
0,630,5.674438405306632e-07
0,631,5.793660938861181e-07
0,632,5.614572103181592e-07
0,633,5.526656792810298e-07
0,634,5.521517575557584e-07
0,635,5.500838754752364e-07
0,636,5.44511346032249e-07
0,637,5.352884078053087e-07
0,638,5.221586690373065e-07
0,639,5.047209829882847e-07
0,640,4.823667795259673e-07
0,641,4.5416443952069497e-07
0,642,4.1862703045497836e-07
0,643,3.731772929317645e-07
0,644,3.1269430383532417e-07
0,645,2.2391460912900697e-07
0,646,3.654866161595453e-08
0,647,1.2004301823330898e-07
0,648,1.7907830395072532e-07
0,649,2.378934107720302e-07
0,650,502.5214705252102
0,651,844.5069032447681
0,652,1158.3086117575897
0,653,1507.8444662738555
0,654,2047.999999975359
0,655,1627.450377921549
0,656,1328.1865563104445
0,657,1072.352969037757
0,658,821.8773232130238
0,659,547.103021001974
0,660,182.84082471317686
0,661,1.0597707444581967e-08
0,662,4.057121261576645e-07
0,663,638.8149794318331
0,664,1056.837790971692
0,665,3.4151987982651425e-08
0,666,6.986692972542417e-08
0,667,6.526782230405475e-08
0,668,2.3398173579305845e-09
0,669,456.73222198096374
0,670,737.8614605059829
0,671,908.1290573138907
0,672,985.6824543065853
0,673,1021.8133221718815
0,674,1057.2264839694308
0,675,1137.4658864509138
0,676,1372.6903262428216
0,677,2047.9999999973209
0,678,1691.8828367503083
0,679,1478.0838666735197
0,680,1307.3823667068955
0,681,1153.430428618281
0,682,1008.7508790191919
0,683,864.751987113223
0,684,864.7519871049216
0,685,864.7519871160888
0,686,864.7519871500203
0,687,839.0201578224658
0,688,641.3234308854467
0,689,401.4569008190237
0,690,6.070824534520685e-08
0,691,1.1030537681182056e-07
0,692,1.196241287355947e-07
0,693,9.79971245412836e-08
0,694,3.0380511810048827e-09
0,695,405.7406302230626
0,696,805.3957115352337
0,697,953.2778746445848
0,698,1016.5826473186485
0,699,1075.404588517917
0,700,1212.2842067348324
0,701,1602.8439576261776
0,702,2047.9999999966537
0,703,2047.9999998273577
0,704,1659.5564153716682
0,705,1659.5564153751752
0,706,1659.5564154041344
0,707,1659.556415467145
0,708,1659.5564155900906
0,709,1659.5564158815148
0,710,2047.999999996409
0,711,1516.0929838561406
0,712,1162.373060689524
0,713,835.7983487993088
0,714,472.92226214429485
0,715,3.2820234672307256e-09
0,716,7.057823861630864e-08
0,717,3.783929396678139e-09
0,718,633.1301882100433
0,719,889.5689484594543
0,720,978.4602780724886
0,721,1009.4733374555674
0,722,1023.0765733988138
0,723,1036.1069951760674
0,724,1063.4398327086376
0,725,1146.2116619365336
0,726,1396.542891499256
0,727,2047.9999999952288
0,728,1503.1172759854182
0,729,1132.24353909215
0,730,787.5781968753636
0,731,397.9634520495945
0,732,968.4661456734383
0,733,1626.9154789377214
0,734,1323.894484939342
0,735,958.6733483961149
0,736,568.7966544688214
0,737,1.7376395409745681e-06
0,738,1.1180489762560326e-06
0,739,7.923633294629803e-07
0,740,5.536642177816128e-07
0,741,3.3283550531426273e-07
0,742,4.949227090301021e-09
0,743,589.2964857516994
0,744,866.0049940600907
0,745,967.3356236630361
0,746,1005.5884133978522
0,747,1024.7802328893558
0,748,1041.3846938675647
0,749,1067.3778078825437
0,750,1115.4316472499404
0,751,1128.5047912076723
0,752,1086.5279870172112
0,753,1058.9877521972985
0,754,1046.9350981763694
0,755,1036.4117035330423
0,756,1034.6806101403613
0,757,1038.0568152080716
0,758,1039.4852003016144
0,759,1040.657169044084
0,760,1034.2784512053177
0,761,1017.5904268835212
0,762,980.287462913783
0,763,910.5622680939238
0,764,861.0715099559176
0,765,930.4423147438989
0,766,977.0066071383773
0,767,1001.903454906236
0,768,1017.4821013551103
0,769,1032.052781754194
0,770,1059.944848629894
0,771,1138.455486475692
0,772,1379.3441396447458
0,773,2047.999999993474
0,774,2047.9999999976828
0,775,2047.9999994050636
0,776,2047.9999991204368
0,777,2047.9999989127691
0,778,2047.9999987436488
0,779,1668.3909666310897
0,780,1435.8074739118224
0,781,1239.4130948199224
0,782,1053.0813941326758
0,783,868.0004960372298
0,784,673.8638012294944
0,785,452.9622219684382
0,786,161.95669660369106
0,787,2.188557626964585e-05
0,788,2.1739863680297206e-05
0,789,2.1592928278479223e-05
0,790,2.144475765308157e-05
0,791,2.1378929922377665e-05
0,792,2.1343308913741865e-05
0,793,2.132504291203763e-05
0,794,2.1319809240950838e-05
0,795,2.1326813325915628e-05
0,796,2.1348093138265356e-05
0,797,2.1190574173542837e-05
0,798,2.1031476438969354e-05
0,799,2.087088153027855e-05
0,800,2.0708756879365964e-05
0,801,2.0545069361280893e-05
0,802,2.0379780499159283e-05
0,803,2.0212845785946842e-05
0,804,2.004422392412955e-05
0,805,1.9873869365520658e-05
0,806,1.9701727503200483e-05
0,807,1.952774527371262e-05
0,808,1.9351866990802852e-05
0,809,1.9174036330549954e-05
0,810,1.899419589702911e-05
0,811,1.8812285915256743e-05
0,812,1.86282411689144e-05
0,813,1.8441989286247656e-05
0,814,1.8253456177400734e-05
0,815,1.806260324843656e-05
0,816,1.7986329804656892e-05
0,817,1.7945713147251435e-05
0,818,1.7924174891718186e-05
0,819,1.791624332784722e-05
0,820,1.7920499394367267e-05
0,821,1.7938301715890448e-05
0,822,1.772898519821972e-05
0,823,1.7516621337365645e-05
0,824,1.7301165765065685e-05
0,825,1.708250288780938e-05
0,826,1.6860496612525894e-05
0,827,1.6634994586376545e-05
0,828,1.640586620534068e-05
0,829,1.632200789798005e-05
0,830,1.6085229676528548e-05
0,831,1.5844044398069523e-05
0,832,1.5598430986649495e-05
0,833,1.5348124887419948e-05
0,834,1.5092878739377674e-05
0,835,1.4832567017330003e-05
0,836,1.482252523572411e-05
0,837,1.4824707185048455e-05
0,838,1.483998622045686e-05
0,839,455.76672283797177
0,840,753.0891984357429
0,841,1012.2289743771285
0,842,1271.72652486645
0,843,1569.7726262259696
0,844,2047.9999998925596
0,845,2047.9999998328174
0,846,2047.999999800832
0,847,1586.0104401458357
0,848,1586.0104399953595
0,849,1586.0104399300947
0,850,1586.0104398950332
0,851,1586.0104398771011
0,852,1586.0104398591761
0,853,1586.0104398412577
0,854,1586.010439823345
0,855,1586.0104398054377
0,856,1337.4911574660698
0,857,1109.18426892213
0,858,1109.1842687723301
0,859,1109.1842687072187
0,860,1109.184268672223
0,861,1109.1842686543278
0,862,1109.1842686364334
0,863,1109.184268618541
0,864,1109.184268613421
0,865,1109.1842686202774
0,866,1109.1842686411362
0,867,1109.18426868279
0,868,1109.1842687670483
0,869,1109.1842687491599
0,870,1109.1842687312708
0,871,1109.1842687133794
0,872,981.0808363674018
0,873,981.0808362177771
0,874,981.0808361527077
0,875,981.0808361177299
0,876,981.0808360998403
0,877,981.0808360819506
0,878,981.0808360640603
0,879,981.0808360461689
0,880,806.9289650765799
0,881,613.7777101782774
0,882,379.8784270293209
0,883,1.4641613172666854e-06
0,884,1.2928480076707712e-06
0,885,1.215659318834928e-06
0,886,1.1715052209584995e-06
0,887,1.1454517261776532e-06
0,888,1.1168057812949942e-06
0,889,1.0853095977864883e-06
0,890,1.0506441727863459e-06
0,891,1.0124083651689335e-06
0,892,9.70087190172819e-07
0,893,9.230022907991738e-07
0,894,8.702308482694656e-07
0,895,8.10463788605679e-07
0,896,7.417369939253723e-07
0,897,6.608636539633247e-07
0,898,5.620062207457735e-07
0,899,4.3206306845640753e-07
0,900,2.2539371799914013e-07
0,901,591.2817521903661
0,902,553.6277523120635
0,903,511.48836922660047
0,904,466.5983309785087
0,905,418.21314120555195
0,906,365.3185382217561
0,907,305.90626299347576
0,908,235.61394566602
0,909,142.98126590386582
0,910,1.3008396331147624e-08
0,911,9.906846626604987e-08
0,912,1.4284650992139034e-07
0,913,1.7610398464541787e-07
0,914,2.0582406863090853e-07
0,915,2.3552016536264688e-07
0,916,2.6784821823786506e-07
0,917,3.054761011145107e-07
0,918,3.5175485441107154e-07
0,919,4.117964676838724e-07
0,920,4.951192060576102e-07
0,921,6.246975769794291e-07
0,922,8.908026962205001e-07
0,923,612.4556707884567
0,924,1031.6875031595803
0,925,1449.2281631782646
0,926,2047.9999999920483
0,927,1664.387576774495
0,928,1414.5585395064445
0,929,1205.5258937091633
0,930,1010.1037430332809
0,931,814.6063160847472
0,932,605.3412518588556
0,933,357.1238492159519
0,934,5.389818902057159e-09
0,935,9.488780626345833e-08
0,936,1.229481945735542e-07
0,937,1.2762050398977727e-07
0,938,1.1085228323619756e-07
0,939,5.5843212327000465e-08
0,940,130.78802129477228
0,941,9.941806275568952e-07
0,942,6.088876542331353e-07
0,943,3.979995318728136e-07
0,944,2.283265469833675e-07
0,945,2.9885130583427375e-09
0,946,564.7488478086984
0,947,862.1533853503503
0,948,978.251420247525
0,949,1027.3187223822745
0,950,1050.2526066832909
0,951,1051.8361348222113
0,952,1037.091333782246
0,953,1017.0510923231922
0,954,983.0430750830047
0,955,928.4139171674512
0,956,813.5315792455331
0,957,829.8826090623486
0,958,923.8844308805681
0,959,977.6529696774865
0,960,1005.5507881559982
0,961,1018.8423642211773
0,962,1029.0196658453815
0,963,1043.381879154086
0,964,1074.9856460606975
0,965,1149.1327886766433
0,966,1241.1108816817684
0,967,1099.8071239901342
0,968,1034.453628917269
0,969,996.7478179284409
0,970,968.4659783454027
0,971,977.2171940066858
0,972,1006.1391754120569
0,973,1036.5961234096023
0,974,1079.62210580797
0,975,1130.9437575851166
0,976,1081.3563352742813
0,977,1044.424161603616
0,978,1018.0030959996046
0,979,993.8218258732675
0,980,956.1995300875833
0,981,888.0488875694647
0,982,804.5176800478566
0,983,922.1329068464128
0,984,983.2523069604441
0,985,1008.4330233429906
0,986,1020.5662116694054
0,987,1029.3149126297367
0,988,1041.242379624819
0,989,1060.771724398834
0,990,1075.4517538118062
0,991,1048.0176221428242
0,992,1026.5528772164125
0,993,1015.5546286692672
0,994,1010.6395906387056
0,995,1013.3591484244462
0,996,1024.5872335520353
0,997,1042.6417489822013
0,998,1071.459555428872
0,999,1102.8666723798706
0,1000,1072.6398638568355
0,1001,1036.8515001711694
0,1002,1007.4061324521401
0,1003,976.9484403853762
0,1004,947.9066978056011
0,1005,954.15898632476
0,1006,969.748186519171
0,1007,993.5266276778112
0,1008,1010.6341262920694
0,1009,1019.9995695028849
0,1010,1027.1223564333875
0,1011,1038.2021647376623
0,1012,1062.8577914508865
0,1013,1118.3015985246368
0,1014,1166.3014147728497
0,1015,1078.5630199702114
0,1016,1034.7045640102867
0,1017,1019.3701390183654
0,1018,1016.889260911726
0,1019,1018.0840465855064
0,1020,1028.1418502418273
0,1021,1045.675192396985
0,1022,1059.522147105997
0,1023,1061.578574366826
0,1024,1048.5747320927999
0,1025,1032.469877225214
0,1026,1018.3416960913247
0,1027,1010.6359850644026
0,1028,1009.2610035462232
0,1029,1012.1928768620207
0,1030,1014.3944886991515
0,1031,1022.4584623834286
0,1032,1039.5315419840556
0,1033,1074.8292956782013
0,1034,1161.3125182799972
0,1035,1400.688388278127
0,1036,2047.9999999982851
0,1037,1850.4104146597538
0,1038,1705.8672061295672
0,1039,1595.8042887689553
0,1040,1501.4168170911205
0,1041,1417.013078453012
0,1042,1338.5658392112166
0,1043,1264.2705980262326
0,1044,1192.9292935783228
0,1045,1157.5891920047738
0,1046,1094.3170412433967
0,1047,1028.5622495412772
0,1048,961.235305875642
0,1049,892.6667036775625
0,1050,822.6467747952039
0,1051,750.7216076187874
0,1052,675.9126147951813
0,1053,596.7900521520206
0,1054,511.3038594130587
0,1055,416.19362521595053
0,1056,305.38018313904104
0,1057,181.69847323588266
0,1058,709.3530435492169
0,1059,1221.9514902615244
0,1060,1807.6762682357191
0,1061,1778.976505066729
0,1062,1650.4907355877788
0,1063,1543.3862620270609
0,1064,1448.8919706724616
0,1065,1362.127132679687
0,1066,1280.4366167051644
0,1067,1202.1661195386018
0,1068,1126.2019445299052
0,1069,1051.5707320054166
0,1070,977.0914526158657
0,1071,901.8558734418973
0,1072,824.891478058313
0,1073,743.6327711720074
0,1074,657.8330964722757
0,1075,567.5325107749533
0,1076,469.21292702724975
0,1077,355.15560864527055
0,1078,205.54700438891823
0,1079,7.443312246150014e-09
0,1080,9.712409907323082e-08
0,1081,1.345217937684265e-07
0,1082,1.5604282239478975e-07
0,1083,1.6816928984165536e-07
0,1084,1.7300710665195027e-07
0,1085,1.7097790907898407e-07
0,1086,1.6124280074041064e-07
0,1087,1.411256047133139e-07
0,1088,1.0293334481212941e-07
0,1089,2.603648935762489e-09
0,1090,526.7179504486251
0,1091,833.2532963660211
0,1092,986.4020479455528
0,1093,1111.7307848160103
0,1094,1371.9812969689335
0,1095,2047.9999999970942
0,1096,1309.2715232980042
0,1097,745.8404704516417
0,1098,7.888987199621044e-07
0,1099,3.500991161354194e-07
0,1100,2.9411470954833542e-09
0,1101,452.38721742774766
0,1102,807.0818966394247
0,1103,948.8220738608129
0,1104,999.1043300455486
0,1105,1023.8946678478083
0,1106,1055.4950288745922
0,1107,1133.6773996854317
0,1108,1368.719017442541
0,1109,2047.9999999965926
0,1110,1730.8675598408379
0,1111,1299.1738196083884
0,1112,943.9797011902394
0,1113,570.9551538948224
0,1114,9.498642968504322e-07
0,1115,4.431206822955191e-07
0,1116,7.300016254830342e-08
0,1117,806.3213931101191
0,1118,1401.070008228472
0,1119,717.652334157923
0,1120,1.2409779418878514e-06
0,1121,7.591020831642118e-07
0,1122,4.959596479321249e-07
0,1123,2.8444861722417896e-07
0,1124,3.7199818586110606e-09
0,1125,584.6964644423899
0,1126,868.4312544390074
0,1127,967.5632198739338
0,1128,1005.3905499292968
0,1129,1024.49135801089
0,1130,1048.5277465423524
0,1131,1108.3655672046027
0,1132,1285.7663437020651
0,1133,1815.3925033081237
0,1134,2047.9999999957586
0,1135,1553.5449358709814
0,1136,1252.8298028290078
0,1137,1010.4606449439481
0,1138,1010.4606447765193
0,1139,1010.4606446865239
0,1140,1010.4606446405166
0,1141,1010.4606446273715
0,1142,1010.4606446450457
0,1143,1010.4606446987565
0,1144,771.659679493653
0,1145,478.05471884560694
0,1146,1.1518475069677791e-07
0,1147,1.8128096111348223e-07
0,1148,1.9194857345835974e-07
0,1149,1.5572064429049924e-07
0,1150,4.762938487178161e-09
0,1151,654.9184367892954
0,1152,899.4513934735554
0,1153,984.8935080929098
0,1154,1020.3875250816926
0,1155,1047.7814388962297
0,1156,1094.5538833824758
0,1157,1187.9741397373048
0,1158,1132.944440209647
0,1159,1057.514044318227
0,1160,1020.9180251508927
0,1161,1008.8793870741122
0,1162,1016.5961767352812
0,1163,1044.1452289252434
0,1164,1125.0573513110012
0,1165,1366.1578297739325
0,1166,2047.9999999940512
0,1167,1475.6426743699221
0,1168,1043.4770464054934
0,1169,610.1562956297539
0,1170,1.8667048337027946e-06
0,1171,1.0413587624594298e-06
0,1172,5.52995729672344e-07
0,1173,6.068524623496287e-09
0,1174,83.61957557111268
0,1175,699.3898690717369
0,1176,922.937846270863
0,1177,1004.0462195036426
0,1178,1055.534319306655
0,1179,1147.288410529872
0,1180,1403.8055962181381
0,1181,2047.9999999931622
0,1182,1527.1944136967325
0,1183,1190.4445798087293
0,1184,891.1311316961974
0,1185,586.7322584453898
0,1186,586.7322581753954
0,1187,586.7322580301817
0,1188,586.7322579558619
0,1189,1027.6390135331465
0,1190,1470.2033962528935
0,1191,1470.20339633931
0,1192,1470.2033965120247
0,1193,1093.3524466977506
0,1194,719.0414559103858
0,1195,267.5726301540739
0,1196,1.8553057376440659e-07
0,1197,6.237550535194338e-07
0,1198,1.0134710069436377e-06
0,1199,1.5201257103321982e-06
0,1200,2.4716248700077173e-06
0,1201,498.5501463613472
0,1202,850.7897439778287
0,1203,1168.0471316409137
0,1204,1512.757916888952
0,1205,2047.9999999977574
0,1206,1929.5167196392
0,1207,1464.124581413964
0,1208,1137.7498472373854
0,1209,833.7989169703635
0,1210,499.3287357163865
0,1211,2.1703928136131744e-09
0,1212,1.5958534170699371e-06
0,1213,515.3909921071842
0,1214,976.2593423150092
0,1215,1417.6958651390737
0,1216,1444.2234304651388
0,1217,768.037297669988
0,1218,9.624840025465055e-08
0,1219,2.7319735887058145e-07
0,1220,2.6207098970402933e-07
0,1221,9.624950613809161e-09
0,1222,594.4731153334327
0,1223,875.6377615936225
0,1224,972.3976724989396
0,1225,1005.8840600729787
0,1226,1019.3290191392634
0,1227,1026.6012546009733
0,1228,1032.8570824725318
0,1229,1036.5896695466413
0,1230,1036.9345493717053
0,1231,1027.6878809354746
0,1232,1015.3563718934378
0,1233,1009.674171126219
0,1234,1013.3480325691444
0,1235,1024.6156661059472
0,1236,1051.9129968791553
0,1237,1130.857537135912
0,1238,1371.1195603839071
0,1239,2047.9999999878223
0,1240,1332.5111530871561
0,1241,758.7047326014981
0,1242,4.170279504662859e-06
0,1243,2.5515708265491654e-06
0,1244,1.66731761311518e-06
0,1245,9.562819146943704e-07
0,1246,1.2524357574453124e-08
0,1247,633.1084810175447
0,1248,885.1827248491868
0,1249,972.6394785883456
0,1250,1004.0270479014765
0,1251,1016.5952147170453
0,1252,1021.5376821081319
0,1253,1023.4034392811326
0,1254,1024.0937651586803
0,1255,1021.8642598471453
0,1256,1021.468635532301
0,1257,1022.4243158695327
0,1258,1023.7116941794869
0,1259,1023.8955986975122
0,1260,1024.59263745022
0,1261,1027.3076104029094
0,1262,1031.5358291657171
0,1263,1037.8551498510083
0,1264,1041.5699994416484
0,1265,1035.2054976823358
0,1266,1024.3267610959347
0,1267,1015.7897537066086
0,1268,1013.5094143948031
0,1269,1014.4989598882632
0,1270,1015.8568443279655
0,1271,1021.0881682789997
0,1272,1025.426684866379
0,1273,1036.0438653813612
0,1274,1062.1358339648048
0,1275,1139.638615775335
0,1276,1375.8351294092781
0,1277,2047.9999999835136
0,1278,2047.999999998086
0,1279,1641.8796165770968
0,1280,1402.145496084248
0,1281,1199.2460127477534
0,1282,1008.126670878869
0,1283,815.8546736674775
0,1284,609.2630192508409
0,1285,364.9065423070965
0,1286,9.43377922767917e-08
0,1287,1.0368337664610594e-07
0,1288,1.0388474500032103e-07
0,1289,9.449504746813651e-08
0,1290,7.078750902088924e-08
0,1291,1.891947014529415e-09
0,1292,434.57904959420586
0,1293,812.6219853228351
0,1294,948.2787123959306
0,1295,1001.4794446570587
0,1296,1034.998967325101
0,1297,1081.1850423533863
0,1298,1193.6288656896966
0,1299,1496.434140560669
0,1300,2047.9999999979657
0,1301,2047.999999989082
0,1302,1809.2544849966903
0,1303,1611.38386351427
0,1304,1460.5226917117805
0,1305,1329.4632292001427
0,1306,1208.3655408658785
0,1307,1092.408611742049
0,1308,978.878284202774
0,1309,864.9449217506991
0,1310,747.5464739830632
0,1311,622.9027306427159
0,1312,482.5121310362688
0,1313,306.46154482752723
0,1314,7.054394515814959e-09
0,1315,6.46512123925888e-08
0,1316,6.451165501865803e-08
0,1317,2.4365614844089637e-09
0,1318,636.6610236394333
0,1319,891.1105655277521
0,1320,980.4273426984424
0,1321,1015.3456232197411
0,1322,1041.996163608059
0,1323,1094.8865849353167
0,1324,1249.6940654431883
0,1325,1703.2329990200321
0,1326,2047.9999999972076
0,1327,1222.2358764132046
0,1328,547.7521830026899
0,1329,547.7521827485598
0,1330,547.7521826381028
0,1331,803.0621704225596
0,1332,1059.1850262823166
0,1333,1320.5890033649812
0,1334,1624.6008602697584
0,1335,2047.9999997984175
0,1336,2047.999999995456
0,1337,1869.909011537257
0,1338,1775.395201691749
0,1339,1702.4691631851483
0,1340,1640.2402402384012
0,1341,1584.7352695643976
0,1342,1535.3595162752767
0,1343,1535.3595161201085
0,1344,1535.359516052574
0,1345,1535.3595160162733
0,1346,1535.232515950851
0,1347,1498.318160066694
0,1348,1461.9955939501117
0,1349,1426.584640841149
0,1350,1392.0624987278427
0,1351,1358.1638209755372
0,1352,1324.552744249352
0,1353,1292.2648577001642
0,1354,1260.66077483489
0,1355,1229.5672046021555
0,1356,1198.9149251354388
0,1357,1168.6264965816918
0,1358,1138.5763483894914
0,1359,1108.6742454057958
0,1360,1078.8631479471558
0,1361,1048.3126660217094
0,1362,1017.4538429091077
0,1363,987.6446628713225
0,1364,958.012969617867
0,1365,928.3469412134514
0,1366,898.7539689527969
0,1367,898.7539689342791
0,1368,898.7539689290392
0,1369,898.7539689362669
0,1370,898.7539689580957
0,1371,898.7539690016556
0,1372,898.7539690899243
0,1373,898.7539693706988
0,1374,867.0223110176655
0,1375,834.8224563051572
0,1376,802.1952563149151
0,1377,769.2101253827611
0,1378,735.7171246333286
0,1379,701.5751546728159
0,1380,666.5934490924465
0,1381,630.5921038525511
0,1382,593.2577385438677
0,1383,553.6811526711299
0,1384,510.7509194821403
0,1385,464.98840212077226
0,1386,415.84703696010956
0,1387,362.9358627801424
0,1388,306.85210901121286
0,1389,241.38762220407963
0,1390,156.3376099629249
0,1391,9.229072301239068e-09
0,1392,7.595394685690703e-08
0,1393,9.383016405418597e-08
0,1394,8.96182616467588e-08
0,1395,5.7697526380320354e-08
0,1396,130.2931043151104
0,1397,130.2931041907008
0,1398,130.29310412668607
0,1399,130.29310409227807
0,1400,130.29310407787187
0,1401,130.29310408061235
0,1402,130.29310410166138
0,1403,482.7496480576928
0,1404,791.5456407892993
0,1405,1068.0054125144402
0,1406,1351.8406652091096
0,1407,1701.8251450187156
0,1408,1671.895323063731
0,1409,1145.4187047914281
0,1410,667.4810418333865
0,1411,2.8779140787160186e-08
0,1412,9.231849347711419e-08
0,1413,1.0564208042409379e-07
0,1414,8.825493067265793e-08
0,1415,2.808871300847353e-09
0,1416,665.4302486427268
0,1417,902.0248834868595
0,1418,980.4411800520716
0,1419,1007.5504146868863
0,1420,1017.3327204944587
0,1421,1020.2523337618549
0,1422,1019.9957084828968
0,1423,1015.515277528517
0,1424,1012.6143829177603
0,1425,1013.5144884382496
0,1426,1017.8481558314551
0,1427,1023.3189755478122
0,1428,1031.6666562497494
0,1429,1057.1445095230783
0,1430,1138.064132307379
0,1431,1388.434574338146
0,1432,2047.9999999964543
0,1433,1439.2465259690632
0,1434,1025.3081869994692
0,1435,610.8074738711409
0,1436,9.739902095053533e-07
0,1437,4.427490947219825e-07
0,1438,3.851613306453936e-08
0,1439,404.19667511302987
0,1440,657.3275604966632
0,1441,872.4118937754544
0,1442,1075.794991954411
0,1443,1282.786509779241
0,1444,1512.3315944602193
0,1445,1805.2827854814568
0,1446,1158.2680204942994
0,1447,564.5444294760619
0,1448,564.5444291159805
0,1449,564.5444289594664
0,1450,885.2287982497129
0,1451,1190.8188351021026
0,1452,1528.0387430828603
0,1453,2047.9999998016044
0,1454,2047.9999999969477
0,1455,2047.9999995812736
0,1456,2047.9999993853128
0,1457,2047.999999244408
0,1458,2047.9999991307818
0,1459,2047.9999990350234
0,1460,2047.999998951568
0,1461,2047.9999988774123
0,1462,2047.999998810629
0,1463,2047.9999987498925
0,1464,2047.999998694247
0,1465,2047.9999986429748
0,1466,2047.9999985955196
0,1467,2047.99999855144
0,1468,2047.9999985103834
0,1469,2047.99999847206
0,1470,2047.99999843623
0,1471,2047.9999984026883
0,1472,2047.9999982785682
0,1473,2047.9999982240874
0,1474,2047.9999981962658
0,1475,2047.999998170076
0,1476,2047.999998145432
0,1477,2047.9999981222577
0,1478,2047.9999981004848
0,1479,2047.999998080053
0,1480,2047.9999980609075
0,1481,1553.30561474018
0,1482,1240.1587822880356
0,1483,1240.158782138235
0,1484,1240.1587820731243
0,1485,1240.1587820381299
0,1486,1240.1587820202376
0,1487,1240.1587820023476
0,1488,1240.15878198446
0,1489,1240.1587819665742
0,1490,1240.1587819486904
0,1491,1240.158781930809
0,1492,1240.158781912929
0,1493,1240.1587818950504
0,1494,1240.1587818771732
0,1495,1240.158781859297
0,1496,1240.1587818414223
0,1497,1240.15878182355
0,1498,1240.1587818056798
0,1499,1240.1587817878114
0,1500,1240.158781769945
0,1501,1240.1587817520808
0,1502,1240.1587817342177
0,1503,1240.1587817163559
0,1504,1165.526963222616
0,1505,1082.703309224047
0,1506,1000.6391359420475
0,1507,951.2014986033269
0,1508,951.2014985383151
0,1509,951.2014985033676
0,1510,951.2014984855067
0,1511,951.2014984676471
0,1512,951.2014984497872
0,1513,951.2014984319269
0,1514,951.201498414066
0,1515,951.2014983962047
0,1516,951.2014983783428
0,1517,951.20149836048
0,1518,951.2014983426161
0,1519,951.2014981932145
0,1520,951.2014981282068
0,1521,951.2014980932605
0,1522,951.2014980753949
0,1523,951.2014980575285
0,1524,951.2014980396618
0,1525,951.2014980217944
0,1526,951.201498003926
0,1527,951.2014979860563
0,1528,897.4793414590712
0,1529,797.7065003257018
0,1530,797.7065001761576
0,1531,797.7065001111065
0,1532,797.7065000761363
0,1533,797.7065000582569
0,1534,797.7065000403766
0,1535,797.7065000224947
0,1536,797.706500004611
0,1537,797.7064999867256
0,1538,797.7064999688381
0,1539,797.7064999509486
0,1540,797.7064999330566
0,1541,797.7064999151623
0,1542,797.7064998972656
0,1543,797.7064998793556
0,1544,589.8523206684488
0,1545,364.0915066833561
0,1546,9.972173315185356e-07
0,1547,8.136319623299132e-07
0,1548,7.28550980856721e-07
0,1549,6.778744841744525e-07
0,1550,6.45756919904106e-07
0,1551,6.080626913152788e-07
0,1552,5.63417912088156e-07
0,1553,5.096290671336074e-07
0,1554,4.427977645764247e-07
0,1555,3.546653743701747e-07
0,1556,2.203042695477842e-07
0,1557,2.1932731748085092e-07
0,1558,2.209952629697164e-07
0,1559,2.253805146398629e-07
0,1560,2.3270946551006994e-07
0,1561,2.433881620755385e-07
0,1562,2.5805033383209663e-07
0,1563,2.776539556759855e-07
0,1564,3.036058728113941e-07
0,1565,3.381781710672105e-07
0,1566,3.8528584636035243e-07
0,1567,4.526495977536958e-07
0,1568,5.593631140607576e-07
0,1569,7.81069007492149e-07
0,1570,408.544103194963
0,1571,723.2255438689982
0,1572,994.2439850597326
0,1573,1262.809194034215
0,1574,1567.597516179096
0,1575,2047.9999999758813
0,1576,1674.5581525461585
0,1577,1437.4538553611214
0,1578,1239.996298953783
0,1579,1057.3670750321733
0,1580,877.6152571693817
0,1581,689.2799233142164
0,1582,474.5137532705179
0,1583,183.09362493533507
0,1584,4.781003772905308e-06
0,1585,4.618999486073402e-06
0,1586,4.547859153272542e-06
0,1587,4.508914542257318e-06
0,1588,4.488045835335068e-06
0,1589,4.48038112599216e-06
0,1590,4.484657129003901e-06
0,1591,4.502166623862255e-06
0,1592,4.53782825883195e-06
0,1593,4.605877876511476e-06
0,1594,4.765549031116034e-06
0,1595,514.5813375183501
0,1596,863.6569634671064
0,1597,1182.8835423119413
0,1598,1531.3653288116418
0,1599,2047.9999995834007
0,1600,1696.5895705838836
0,1601,1490.576709518164
0,1602,1321.4916601418452
0,1603,1168.595144564908
0,1604,1024.5339961037048
0,1605,890.2475355435756
0,1606,890.2475354758501
0,1607,890.2475354394454
0,1608,890.2475354208316
0,1609,890.2475354155068
0,1610,890.2475354226434
0,1611,890.2475354443496
0,1612,890.2475354876933
0,1613,890.2475355753738
0,1614,890.2475358495122
0,1615,673.4880382283259
0,1616,413.86916629866545
0,1617,4.473584676793996e-08
0,1618,3.713023816417937e-07
0,1619,515.3573059901993
0,1620,862.4325346499902
0,1621,1178.1488987796572
0,1622,1523.1070703840076
0,1623,2047.9999999600734
0,1624,1627.425382032055
0,1625,1349.0075661623875
0,1626,1111.585719364351
0,1627,883.342232112953
0,1628,644.0510547103015
0,1629,364.3605948215858
0,1630,1.1076681331366272e-08
0,1631,4.024361967496599e-07
0,1632,419.99849437480583
0,1633,735.0144546591832
0,1634,1004.2232815397618
0,1635,1270.7661772344156
0,1636,1572.7744016637287
0,1637,2047.9999999892204
0,1638,1775.30949003552
0,1639,1611.026176523599
0,1640,1480.2862126465322
0,1641,1365.784807090398
0,1642,1260.583685805708
0,1643,1160.6919299490608
0,1644,1064.2406572052446
0,1645,969.5224285172085
0,1646,872.6320735792601
0,1647,772.0928834569587
0,1648,665.6761666651438
0,1649,549.0778573830421
0,1650,415.0012780845642
0,1651,242.71589295895234
0,1652,5.067088983972132e-09
0,1653,5.143571000560163e-08
0,1654,2.729699800285879e-09
0,1655,442.2512057098623
0,1656,823.466860396648
0,1657,960.3502009879255
0,1658,1018.9949510416744
0,1659,1080.2415062301097
0,1660,1228.101840614215
0,1661,1655.4444681512978
0,1662,2047.9999999965928
0,1663,1533.6758900183365
0,1664,1211.6909507199914
0,1665,925.4410691032917
0,1666,632.8406038788436
0,1667,285.76786349854814
0,1668,778.8765195809219
0,1669,1216.5988029136656
0,1670,1669.5505482379313
0,1671,1137.1253280065
0,1672,633.1128532471521
0,1673,115.0524301829595
0,1674,5.110924830834971e-07
0,1675,2.848626782490124e-07
0,1676,3.4721300352301795e-09
0,1677,198.61126475343144
0,1678,686.0027487534924
0,1679,903.5150432527449
0,1680,982.1278579425041
0,1681,1014.5191601674647
0,1682,1033.012253147003
0,1683,1052.397126924256
0,1684,1079.0974230985623
0,1685,1093.4570795525929
0,1686,1058.3264419408526
0,1687,1021.8700919667017
0,1688,985.4042188472007
0,1689,959.5281783102542
0,1690,982.3078405429749
0,1691,1008.0518432066352
0,1692,1048.512888506498
0,1693,1140.3760279480996
0,1694,1400.8050029716032
0,1695,2047.9999999956738
0,1696,1491.4217993385168
0,1697,1130.135451811001
0,1698,793.5235794083271
0,1699,404.2696737701368
0,1700,3.3493735590275e-07
0,1701,2.2287625010321017e-07
0,1702,4.47087249025412e-09
0,1703,635.4857862838935
0,1704,885.045973691428
0,1705,973.8875115745271
0,1706,1004.8879107577039
0,1707,1018.9782206804178
0,1708,1027.539515697183
0,1709,1032.249205791237
0,1710,1029.2046492736167
0,1711,1019.042685061266
0,1712,1011.5459822071948
0,1713,1012.6467764463924
0,1714,1017.7185349312781
0,1715,1023.5239105286691
0,1716,1033.2910405618072
0,1717,1061.1476981373971
0,1718,1148.2735977228554
0,1719,1415.3913042449292
0,1720,2047.9999999943961
0,1721,1306.9440418170668
0,1722,743.4722161753828
0,1723,2.0403442361311645e-06
0,1724,1.3132566915935104e-06
0,1725,9.306425503434511e-07
0,1726,6.50240773567793e-07
0,1727,3.908441642436764e-07
0,1728,5.8130247515094765e-09
0,1729,618.7033164888986
0,1730,862.9770572506376
0,1731,957.0252301859912
0,1732,992.87741512867
0,1733,932.5265735528985
0,1734,734.1464311415359
0,1735,362.5843254907002
0,1736,789.2024255411302
0,1737,947.2938276202719
0,1738,1002.0162223384965
0,1739,1025.0121054866954
0,1740,1052.4132445210694
0,1741,1127.407354569151
0,1742,1361.6866628607786
0,1743,2047.9999999934632
0,1744,2047.9999999976753
0,1745,1676.7406512361788
0,1746,1391.459896940367
0,1747,1156.5040335429032
0,1748,935.6303134381953
0,1749,709.0242487590199
0,1750,450.6995603015685
0,1751,102.60648253424846
0,1752,2.279018390282159e-09
0,1753,2.78552095646584e-07
0,1754,3.7872813323273306e-07
0,1755,4.2226732969058737e-07
0,1756,4.25984869986695e-07
0,1757,3.8899992852516356e-07
0,1758,2.921342987983089e-07
0,1759,7.849940950013997e-09
0,1760,154.91191068939884
0,1761,739.1216400828555
0,1762,938.404793465059
0,1763,1005.9225075536375
0,1764,1046.27666880184
0,1765,1124.7649969792
0,1766,1360.4802861292576
0,1767,2047.9999999910551
0,1768,1484.7611865685133
0,1769,1043.1118845350995
0,1770,610.5430860011094
0,1771,2.0631670155195347e-06
0,1772,1.577703330282688e-06
0,1773,1.2187985718099033e-06
0,1774,9.121427977868812e-07
0,1775,6.010158885109149e-07
0,1776,1.4497987246126463e-07
0,1777,498.9414596184316
0,1778,915.4326766022336
0,1779,1300.0357691465645
0,1780,1083.900681002664
0,1781,3.1357988848701793e-06
0,1782,1.7481384996954202e-06
0,1783,9.280077603464852e-07
0,1784,1.0179690968484915e-08
0,1785,583.8831696021192
0,1786,879.7627299156934
0,1787,1004.8513333789987
0,1788,1114.2275822347935
0,1789,1361.0042516504986
0,1790,2047.9999999895679
0,1791,2047.9999999979568
0,1792,2047.9999995453436
0,1793,2047.99999933105
0,1794,1252.685792111201
0,1795,1252.685791955954
0,1796,1252.6857918013463
0,1797,1252.685791646779
0,1798,1252.6857914922457
0,1799,1252.6857913377467
0,1800,1252.6857911832806
0,1801,1252.6857910288447
0,1802,1252.6857908744394
0,1803,1252.685790720059
0,1804,1252.685790565699
0,1805,1252.685790411359
0,1806,1252.685790257035
0,1807,1252.6857901026785
0,1808,1252.6857899483364
0,1809,1252.6857897940704
0,1810,1252.6857896398276
0,1811,1252.6857894856055
0,1812,1252.6857893314068
0,1813,1252.6857891772338
0,1814,1252.6857890230624
0,1815,1252.685788868897
0,1816,1252.6857887147348
0,1817,1053.764672775506
0,1818,853.4472489282415
0,1819,639.6109396013484
0,1820,384.9951600322737
0,1821,3.657556043358285e-06
0,1822,3.4947843606690163e-06
0,1823,3.322245184273539e-06
0,1824,3.1382162693407295e-06
0,1825,2.940421002033903e-06
0,1826,2.7257131618042135e-06
0,1827,2.489523322328664e-06
0,1828,2.224898878121998e-06
0,1829,1.919563960867338e-06
0,1830,1.549350184495979e-06
0,1831,1.0508531356255655e-06
0,1832,6.018501089796198e-08
0,1833,1.762106803648661e-09
0,1834,651.8310269814613
0,1835,933.706617516934
0,1836,1104.352265716902
0,1837,1381.4929832422563
0,1838,2047.9999999981592
0,1839,2047.9999999762342
0,1840,2047.9999995370488
0,1841,2047.9999993239942
0,1842,1347.309945216683
0,1843,959.0237721308125
0,1844,959.0237719764021
0,1845,959.0237718220039
0,1846,959.0237716676058
0,1847,959.0237715132093
0,1848,959.0237713588311
0,1849,959.0237712917234
0,1850,959.0237712556506
0,1851,959.0237712371994
0,1852,959.0237710830318
0,1853,959.0237709928407
0,1854,959.0237708384428
0,1855,959.0237706839977
0,1856,959.0237705295544
0,1857,959.0237705314357
0,1858,959.0237705464765
0,1859,991.566596635431
0,1860,1317.3987434294952
0,1861,1681.2941054321116
0,1862,2047.9999998016212
0,1863,2047.9999997282314
0,1864,2047.9999996794331
0,1865,1659.191872770179
0,1866,1382.3489983545485
0,1867,1152.6577389665895
0,1868,1152.657738815284
0,1869,1152.6577387495172
0,1870,1152.6577387141688
0,1871,1152.657738678835
0,1872,1152.6577386435029
0,1873,1152.6577386081728
0,1874,1152.657738572844
0,1875,1152.6577385375172
0,1876,1152.6577385021915
0,1877,1152.657738466867
0,1878,1032.8288989095438
0,1879,891.6360697314582
0,1880,891.6360695802938
0,1881,891.6360695145605
0,1882,891.636069479226
0,1883,891.6360694438972
0,1884,891.6360694085672
0,1885,891.6360693732357
0,1886,891.6360693379023
0,1887,891.6360693025667
0,1888,891.6360692671554
0,1889,668.5347124277883
0,1890,401.0362539229808
0,1891,1.4539341110239926e-06
0,1892,1.280487463938343e-06
0,1893,1.2022712085183775e-06
0,1894,1.1574722987440621e-06
0,1895,1.1084624519418565e-06
0,1896,1.0545413387029294e-06
0,1897,9.94775345099794e-07
0,1898,9.278532812275354e-07
0,1899,8.518942994524808e-07
0,1900,8.540183603604349e-07
0,1901,7.504350127862007e-07
0,1902,6.229966108930226e-07
0,1903,4.5132425354626766e-07
0,1904,1.443394342741356e-07
0,1905,1.9881040842439587e-07
0,1906,2.5858125555944136e-07
0,1907,3.3421729203343383e-07
0,1908,4.4585992991879025e-07
0,1909,6.68294303986564e-07
0,1910,685.7334676276096
0,1911,1179.1610369581842
0,1912,1730.4360116358318
0,1913,1306.1630977460147
0,1914,942.8741203288781
0,1915,561.0192435193043
0,1916,2.0504224865162127e-08
0,1917,8.875604627306215e-08
0,1918,1.1946304615170474e-07
0,1919,1.373366100863372e-07
0,1920,1.473792083459414e-07
0,1921,1.5125090313907776e-07
0,1922,1.4924848120776552e-07
0,1923,1.40607330723888e-07
0,1924,1.22978080746599e-07
0,1925,8.965055527983138e-08
0,1926,2.2650324920191625e-09
0,1927,410.22160422415584
0,1928,826.6016053369628
0,1929,964.7635194749264
0,1930,1007.192499549959
0,1931,1020.9560394057843
0,1932,1030.235509163434
0,1933,1051.9352883152458
0,1934,1121.9823299517461
0,1935,1354.3529755693344
0,1936,2047.9999999973954
0,1937,1430.263936043395
0,1938,1003.1069043031476
0,1939,586.4814092853977
0,1940,5.704502528984176e-06
0,1941,5.64758650196083e-06
0,1942,5.617178331888614e-06
0,1943,5.606436280921993e-06
0,1944,5.6136735467841176e-06
0,1945,5.64098412301605e-06
0,1946,5.695956559026438e-06
0,1947,5.80040911455585e-06
0,1948,6.0449994015920536e-06
0,1949,1013.5753216514502
0,1950,490.92060442528754
0,1951,2.9317548562659846e-08
0,1952,2.8713613044661904e-09
0,1953,688.3524111115961
0,1954,924.6667873894094
0,1955,1003.0072629417378
0,1956,1046.871229860368
0,1957,1126.910697743759
0,1958,1366.0789778604587
0,1959,2047.9999999969275
0,1960,2047.9999999961187
0,1961,1442.161574786312
0,1962,1020.650532238121
0,1963,601.0722698590619
0,1964,3.3057795016232933e-06
0,1965,3.2863640873678074e-06
0,1966,3.279719531497447e-06
0,1967,3.2848398721380817e-06
0,1968,3.3031654803603906e-06
0,1969,3.3397482017746144e-06
0,1970,3.4090451030708083e-06
0,1971,3.571063718685666e-06
0,1972,822.4717559542604
0,1973,1440.569658925391
0,1974,760.8627268007428
0,1975,1.7715659208198162e-08
0,1976,1.907299038414259e-09
0,1977,672.3317983341022
0,1978,919.407558769976
0,1979,1002.4939814434248
0,1980,1051.4281059715913
0,1981,1143.8665644274024
0,1982,1406.9970507398043
0,1983,2047.9999999979461
0,1984,2047.999999989611
0,1985,1431.1579720935551
0,1986,1009.0573128959936
0,1987,587.945624079381
0,1988,9.959506015455995e-09
0,1989,1.1660918166592378e-07
0,1990,1.77717421523388e-07
0,1991,2.3193731540007844e-07
0,1992,2.892766917143505e-07
0,1993,3.574320181163053e-07
0,1994,4.4731209778613645e-07
0,1995,5.829633900615756e-07
0,1996,8.565599688795675e-07
0,1997,528.8559116228649
0,1998,3.709480796310223e-08
0,1999,5.4577458759320614e-08
0,2000,2.453588690398097e-09
0,2001,651.5282675188301
0,2002,907.2577238541783
0,2003,995.6212586779557
0,2004,1044.0205832234474
0,2005,1127.4023806762364
0,2006,1368.9899022624825
0,2007,2047.9999999972626
0,2008,1520.3974164976373
0,2009,1174.7866590066324
0,2010,852.584048711812
0,2011,497.9584557862443
0,2012,1.4635474149557546e-06
0,2013,1.4512529118936544e-06
0,2014,1.454996917367576e-06
0,2015,1.4758028632946407e-06
0,2016,1.517686681483518e-06
0,2017,1.5904049157726679e-06
0,2018,1.719905043246579e-06
0,2019,2.011630098099895e-06
0,2020,747.2080768659665
0,2021,1452.1390717548816
0,2022,806.4008644390274
0,2023,3.6826335242918606e-08
0,2024,6.66855130989182e-08
0,2025,3.1440015530886605e-09
0,2026,681.7646130532017
0,2027,940.7444034557774
0,2028,1091.0510798677774
0,2029,1343.3644784738485
0,2030,2018.3493889276017
0,2031,2047.9999999965235
0,2032,1533.3551460256094
0,2033,1187.0005913198765
0,2034,867.3776752543766
0,2035,517.857003914028
0,2036,1.1902836608286387e-06
0,2037,1.1719369723724171e-06
0,2038,1.171291229376233e-06
0,2039,1.188729719152782e-06
0,2040,1.2268774798450833e-06
0,2041,1.2918377473713095e-06
0,2042,1.3970652375516757e-06
0,2043,1.5773119665144723e-06
0,2044,1.972338543893915e-06
0,2045,404.0752540597418
0,2046,677.3368449316611
0,2047,5.2882933876035123e-08
0,2048,8.649901365641798e-08
0,2049,3.9934770362774e-09
0,2050,690.0091156852035
0,2051,931.2832421713542
0,2052,1028.8475557885388
0,2053,1131.6544676032304
0,2054,1384.8565949813656
0,2055,2047.9999999958088
0,2056,2047.9999999884549
0,2057,1488.8097736242003
0,2058,1119.3484107761917
0,2059,775.0498047862886
0,2060,382.8031285037123
0,2061,1.0822467887022474e-08
0,2062,1.8821114629901845e-07
0,2063,2.6275162078189494e-07
0,2064,3.070301973826894e-07
0,2065,3.340300721087035e-07
0,2066,3.482869897820408e-07
0,2067,3.5132486983881824e-07
0,2068,3.4282031068414397e-07
0,2069,3.2052015690262753e-07
0,2070,2.788217190314549e-07
0,2071,2.0243174166890087e-07
0,2072,5.071840418256911e-09
0,2073,677.1127037072223
0,2074,916.957937607789
0,2075,995.0817792119343
0,2076,1029.0181469352653
0,2077,1072.9712281009859
0,2078,1195.4059403605647
0,2079,1563.9492246874224
0,2080,2047.9999999943402
0,2081,1546.289594851693
0,2082,1240.5816139314647
0,2083,972.2043504784222
0,2084,708.703244413326
0,2085,419.54283995039503
0,2086,6.353991467995118e-07
0,2087,6.21777408112297e-07
0,2088,6.110721485744122e-07
0,2089,6.022753483545147e-07
0,2090,5.944419889500254e-07
0,2091,5.866294380869495e-07
0,2092,5.778268910244886e-07
0,2093,5.668686398278399e-07
0,2094,5.523124709818326e-07
0,2095,5.322440718095577e-07
0,2096,5.039301997876444e-07
0,2097,4.6310997633204924e-07
0,2098,4.02176256831708e-07
0,2099,3.0373999251697e-07
0,2100,9.459527548126784e-08
0,2101,355.2103099220169
0,2102,824.0227823463197
0,2103,1399.7951756451607
0,2104,981.9026416609538
0,2105,158.7624086339472
0,2106,2.093681205574908e-06
0,2107,1.7278354263975271e-06
0,2108,1.4819333974641462e-06
0,2109,1.3012319445256451e-06
0,2110,1.1619016919625896e-06
0,2111,1.050883649793364e-06
0,2112,9.597799597762646e-07
0,2113,8.823863426722731e-07
0,2114,8.134481254514674e-07
0,2115,7.47870473171027e-07
0,2116,6.799513619178046e-07
0,2117,6.021986474550852e-07
0,2118,5.024459644610959e-07
0,2119,3.5297890769834953e-07
0,2120,8.186411305075142e-09
0,2121,651.681942649615
0,2122,906.5689719297015
0,2123,996.1880591586932
0,2124,1047.782345723894
0,2125,1137.4573473738446
0,2126,1388.8538216579088
0,2127,2047.9999999914498
0,2128,2047.999999997855
0,2129,1789.4746103664077
0,2130,1646.592015736975
0,2131,1533.1431334152476
0,2132,1434.6401762154255
0,2133,1344.7747106755974
0,2134,1260.2461654754125
0,2135,1179.2486520014172
0,2136,1100.399621056226
0,2137,1022.5259710447981
0,2138,944.8436562005178
0,2139,866.3054195476396
0,2140,786.4574546965354
0,2141,707.0522547239179
0,2142,618.5099296695887
0,2143,522.0705639083303
0,2144,444.2456159457241
0,2145,444.2456159404046
0,2146,444.2456159475424
0,2147,444.2456159692433
0,2148,444.24561601257716
0,2149,1130.7254680948622
0,2150,1130.725468368737
0,2151,1842.157090614031
0,2152,1666.7790724824188
0,2153,1532.75864378149
0,2154,1410.0408549787246
0,2155,1299.2071636229605
0,2156,1198.8737689235047
0,2157,1104.1214643582061
0,2158,1011.2770962106307
0,2159,918.8009377030226
0,2160,825.2287059173007
0,2161,729.218497867939
0,2162,628.0762102484604
0,2163,628.0762100927953
0,2164,628.0762100250734
0,2165,490.57314809949577
0,2166,313.4032956413294
0,2167,2.1861522510593034e-07
0,2168,2.1583062879555986e-07
0,2169,2.1542544503404433e-07
0,2170,514.2645779516192
0,2171,842.8849684372389
0,2172,1140.5964323608823
0,2173,1456.6866904240972
0,2174,1880.8874355840887
0,2175,2047.9999999277431
0,2176,1752.739990598103
0,2177,1584.0818693495032
0,2178,1446.6441265204146
0,2179,1325.225928137384
0,2180,1212.6753654175297
0,2181,1105.5284047317814
0,2182,1000.980946925572
0,2183,896.7136895575003
0,2184,790.5869221408112
0,2185,683.534384854897
0,2186,683.5343846992317
0,2187,683.5343846315227
0,2188,683.5343845951193
0,2189,535.9994373468865
0,2190,339.9897053569629
0,2191,6.972180364104295e-08
0,2192,5.7695150305695755e-08
0,2193,1.8133604969786883e-09
0,2194,690.3371852499068
0,2195,928.1674503462864
0,2196,1026.387822362519
0,2197,1130.1109950988
0,2198,1386.1619653572593
0,2199,2047.9999999980935
0,2200,2047.9999999829379
0,2201,1664.1246078532065
0,2202,1439.8578228321674
0,2203,1254.3163395024121
0,2204,1083.771628445418
0,2205,920.2879392364888
0,2206,770.7903620966996
0,2207,770.7903620289618
0,2208,770.790361992549
0,2209,770.7903619739286
0,2210,770.7903619685974
0,2211,770.790361975726
0,2212,770.7903619974205
0,2213,770.7903620407423
0,2214,499.0156940153447
0,2215,5.8023179226853665e-08
0,2216,1.0221187169204542e-07
0,2217,1.2926655941874186e-07
0,2218,1.492780516938264e-07
0,2219,439.58600190859653
0,2220,726.2886957305844
0,2221,973.2701485016656
0,2222,1198.780047053612
0,2223,1467.8281610946497
0,2224,1819.2623306197677
0,2225,1417.6163854845377
0,2226,1112.156154370984
0,2227,824.1537084556132
0,2228,503.1927516929161
0,2229,2.1375958744922013e-08
0,2230,9.329707533223014e-08
0,2231,1.2619355108757025e-07
0,2232,1.4601083897917738e-07
0,2233,1.5810884421773122e-07
0,2234,1.644186830969342e-07
0,2235,1.6557576143722084e-07
0,2236,1.613880713272032e-07
0,2237,1.5077486813225424e-07
0,2238,1.3109045438777062e-07
0,2239,9.514447262931299e-08
0,2240,2.3809013912934724e-09
0,2241,688.4988465889008
0,2242,922.769737089428
0,2243,1000.5385715835855
0,2244,1043.5268674410636
0,2245,1121.6705953409573
0,2246,1356.722267639705
0,2247,2047.9999999975037
0,2248,2047.9999999945217
0,2249,1665.5561987005917
0,2250,1427.3343958541989
0,2251,1229.4559138044303
0,2252,1046.1704404080872
0,2253,865.1360588436357
0,2254,675.4540008555501
0,2255,460.1291469556713
0,2256,176.9519746639645
0,2257,4.7999667800652774e-09
0,2258,1.0398654997442627e-07
0,2259,1.3761374574521403e-07
0,2260,1.4801187818064862e-07
0,2261,1.3971587170243192e-07
0,2262,1.070878935808048e-07
0,2263,2.9880806500340204e-09
0,2264,662.5146258183424
0,2265,909.8601602337573
0,2266,990.4747846716479
0,2267,1016.892051797225
0,2268,1033.0808151640138
0,2269,1065.6263798706034
0,2270,1166.1609860268463
0,2271,1475.9805703551503
0,2272,2047.9999999982851
0,2273,1875.6492864387458
0,2274,1357.493237570051
0,2275,967.8366961204983
0,2276,568.6217764982081
0,2277,3.630831895741984e-09
0,2278,1.4121600497719444e-07
0,2279,1.9817076036296281e-07
0,2280,2.319272954989099e-07
0,2281,2.525086289379417e-07
0,2282,2.633980876118867e-07
0,2283,2.657655138590064e-07
0,2284,2.593781707470083e-07
0,2285,2.4253754519077547e-07
0,2286,2.1100817344275945e-07
0,2287,1.5322178331959781e-07
0,2288,3.838491210096615e-09
0,2289,682.3925855624829
0,2290,921.1269270543719
0,2291,998.6483422292116
0,2292,1035.59387468582
0,2293,1090.7935735558242
0,2294,1246.1911958158712
0,2295,1707.9896691493195
0,2296,2047.9999999956738
0,2297,1419.5962208065878
0,2298,1002.7788388408992
0,2299,587.5167657341149
0,2300,9.498384649689849e-07
0,2301,8.267838475738663e-07
0,2302,7.346813630240093e-07
0,2303,6.62498569876371e-07
0,2304,6.04356926322343e-07
0,2305,5.562055617005547e-07
0,2306,5.148694630842821e-07
0,2307,4.775286624078253e-07
0,2308,4.41344818261297e-07
0,2309,4.030585911881106e-07
0,2310,3.5829440784120384e-07
0,2311,2.998449412615887e-07
0,2312,2.1117733157001656e-07
0,2313,4.927898382700421e-09
0,2314,678.0706891835046
0,2315,930.3776124136156
0,2316,1059.7637501760844
0,2317,1250.8696138401083
0,2318,1751.204217701042
0,2319,2047.9999999982851
0,2320,1779.9895188132598
0,2321,1623.4069119980197
0,2322,1498.091287638711
0,2323,1388.4362456113843
0,2324,1287.9630665891357
0,2325,1193.2511804885328
0,2326,1101.9651099654009
0,2327,1012.4318400996566
0,2328,923.0994907342265
0,2329,832.4342359323
0,2330,738.754462509291
0,2331,647.4222496898261
0,2332,553.9710900222883
0,2333,432.3360926191604
0,2334,277.2831305895433
0,2335,1.045023528653446e-07
0,2336,7.444693876152613e-08
0,2337,1.7853171640223427e-09
0,2338,665.05104553198
0,2339,933.6501145870111
0,2340,1101.7478045983098
0,2341,1374.0481213582802
0,2342,2047.9999999981426
0,2343,2047.999999977644
0,2344,1739.225887023022
0,2345,1562.6046239348484
0,2346,1418.7800357286624
0,2347,1291.24782942635
0,2348,1172.8743544178199
0,2349,1059.3802896512989
0,2350,947.5507802690687
0,2351,834.9972013961305
0,2352,719.8199825454388
0,2353,601.4994412492096
0,2354,601.4994410934648
0,2355,601.4994410257226
0,2356,601.4994409893026
0,2357,601.4994409706732
0,2358,372.31925712444473
0,2359,3.5242713310499425e-07
0,2360,3.6655309286232497e-07
0,2361,3.890682992473875e-07
0,2362,472.4291281604011
0,2363,776.3312419897283
0,2364,1044.5059204596175
0,2365,1315.156462144547
0,2366,1633.3355796669714
0,2367,2047.9999998771123
0,2368,1766.5196861720608
0,2369,1606.611313915101
0,2370,1474.7453999218237
0,2371,1358.6102500035934
0,2372,1251.3630500145127
0,2373,1149.9825424595954
0,2374,1053.2210860889866
0,2375,958.5452980959388
0,2376,863.5207279928651
0,2377,766.2266023568257
0,2378,664.2888124876191
0,2379,554.2187914142334
0,2380,428.1592528743694
0,2381,267.65434176022586
0,2382,5.8169487144762685e-08
0,2383,5.257971175495784e-08
0,2384,1.8283929782027762e-09
0,2385,685.7008753230322
0,2386,922.597286131457
0,2387,1000.4988749584002
0,2388,1043.207639562335
0,2389,1120.7909579994762
0,2390,1355.1849792683424
0,2391,2047.9999999980587
0,2392,2047.9999999853019
0,2393,1752.5926694579416
0,2394,1584.4978471734494
0,2395,1449.7454551872843
0,2396,1330.6162875496295
0,2397,1220.1424765239765
0,2398,1114.5921957583878
0,2399,1011.3700301712096
0,2400,909.3145155335495
0,2401,807.4107520017385
0,2402,702.1468014533065
0,2403,587.6101010732709
0,2404,456.5081308799875
0,2405,290.24167798578
0,2406,6.972168896638862e-08
0,2407,5.769587220565256e-08
0,2408,1.813357464735627e-09
0,2409,668.5725820301286
0,2410,912.6763211100924
0,2411,997.1613800715628
0,2412,1044.318860171926
0,2413,1127.404889409742
0,2414,1368.389068477545
0,2415,2047.9999999980762
0,2416,2047.9999999842057
0,2417,1737.27398073147
0,2418,1560.5909952390161
0,2419,1417.8443020332113
0,2420,1291.07114690552
0,2421,1173.173811202376
0,2422,1059.8863146339042
0,2423,948.7669265475364
0,2424,838.1073248343191
0,2425,724.1040790999741
0,2426,604.3524459640117
0,2427,468.91339996275525
0,2428,299.2937251310192
0,2429,8.982363930167784e-08
0,2430,8.516719947126517e-08
0,2431,6.544888573799484e-08
0,2432,1.8349124561259067e-09
0,2433,683.0458496485546
0,2434,922.0259726839839
0,2435,1005.2605344549115
0,2436,1061.8810304940746
0,2437,1173.0379444822381
0,2438,1483.0623510055618
0,2439,2047.9999999980587
0,2440,2047.9999999853012
0,2441,1636.0552402497087
0,2442,1385.8771046878594
0,2443,1175.504006192906
0,2444,978.0041445066034
0,2445,779.1554760183222
0,2446,564.4957184982555
0,2447,314.4410316293827
0,2448,1.077708837466625e-08
0,2449,8.699371471377183e-08
0,2450,1.1765260695293322e-07
0,2451,1.331297653167716e-07
0,2452,1.3857657982921444e-07
0,2453,1.3493336789837393e-07
0,2454,1.2063207961886192e-07
0,2455,8.932384577279488e-08
0,2456,2.332464024140849e-09
0,2457,594.9310626252552
0,2458,873.1074885941081
0,2459,974.1964195614801
0,2460,1029.755308653524
0,2461,1109.8989158282934
0,2462,1328.6038911882779
0,2463,1956.9314841191317
0,2464,2047.9999999975282
0,2465,2047.9999999944
0,2466,1503.4026890683049
0,2467,1154.1639645140165
0,2468,832.3095254602734
0,2469,476.427438952518
0,2470,5.2981368915282125e-09
0,2471,1.0812037678790336e-07
0,2472,1.4946250842678174e-07
0,2473,1.7204804148013416e-07
0,2474,1.8310477565810146e-07
0,2475,1.8465612126441285e-07
0,2476,1.764273660702191e-07
0,2477,1.5579589260578206e-07
0,2478,1.1436777445213381e-07
0,2479,2.933120503763398e-09
0,2480,575.6937272379042
0,2481,873.5228128414461
0,2482,974.1165436786553
0,2483,1010.2815108768865
0,2484,1035.3574427805934
0,2485,1072.9981904705385
0,2486,1155.7480422502028
0,2487,1382.9144864535788
0,2488,2047.9999999966265
0,2489,1610.7934946836915
0,2490,1342.3839600525873
0,2491,1115.4653970644736
0,2492,901.9413721158808
0,2493,683.117296241579
0,2494,683.1172961699522
0,2495,683.117296133319
0,2496,683.1172961228207
0,2497,683.1172961368243
0,2498,683.1172961794651
0,2499,683.1172962646099
0,2500,683.117296436749
0,2501,683.1172969735668
0,2502,6.127447246707121e-08
0,2503,8.448627746635419e-08
0,2504,3.727641077632118e-09
0,2505,681.010942368465
0,2506,919.7360723244993
0,2507,999.9806072675389
0,2508,1044.4868909642644
0,2509,1124.1699236530642
0,2510,1361.30271258865
0,2511,2047.9999999960626
0,2512,2047.999999996962
0,2513,1617.6351540174169
0,2514,1356.7599952306352
0,2515,1134.7546373583514
0,2516,922.9713283756821
0,2517,705.2148854320418
0,2518,466.94533332392604
0,2519,277.4228196829656
0,2520,277.42281964651306
0,2521,277.4228196278549
0,2522,277.4228196224827
0,2523,277.42281962955974
0,2524,277.4228196511764
0,2525,277.42281969433725
0,2526,4.174050697931846e-08
0,2527,4.6201916331479824e-08
0,2528,1.8604711961317555e-09
0,2529,678.4946604148627
0,2530,920.64465143835
0,2531,1011.3258964722213
0,2532,1086.4160460361302
0,2533,1261.297188877495
0,2534,1765.7285462007048
0,2535,2047.9999999980223
0,2536,2047.9999999870947
0,2537,1760.5858850052225
0,2538,1599.8978485904038
0,2539,1471.6906266764772
0,2540,1358.9043766508457
0,2541,1254.8084418148608
0,2542,1156.0018723896353
0,2543,1060.3885667253921
0,2544,967.175306075689
0,2545,875.1750402354652
0,2546,781.7601864485798
0,2547,681.2061205048934
0,2548,570.7555127027806
0,2549,443.31648690377233
0,2550,282.88259865944804
0,2551,7.140348238415781e-09
0,2552,4.5305026939115205e-08
0,2553,2.3752041032850985e-09
0,2554,683.4112670634623
0,2555,943.7214191126749
0,2556,1095.4723037423994
0,2557,1356.7494935981429
0,2558,2047.999999997468
0,2559,2047.9999999380582
0,2560,2047.999999994188
0,2561,1746.2830168442417
0,2562,1576.6739161809355
0,2563,1440.8396199313422
0,2564,1320.6499986882316
0,2565,1209.1470394320493
0,2566,1102.5781563966543
0,2567,999.3159341346073
0,2568,897.8577413567576
0,2569,797.7782110249515
0,2570,691.1979351105657
0,2571,574.7008488861043
0,2572,440.87533675173967
0,2573,270.35424020187475
0,2574,4.419719247572877e-09
0,2575,1.1448229497142213e-07
0,2576,1.5554454837782652e-07
0,2577,1.7427895880226755e-07
0,2578,446.759265686439
0,2579,720.7363251323701
0,2580,957.0472059516967
0,2581,1186.4079541224432
0,2582,1426.5942232234447
0,2583,1717.9586845906367
0,2584,2047.9999999959539
0,2585,1607.3647367808537
0,2586,1338.713968075323
0,2587,1109.4451165319704
0,2588,890.0631480204096
0,2589,660.8066806763026
0,2590,393.0977715304688
0,2591,3.550248654126489e-09
0,2592,1.37810071895321e-07
0,2593,1.8944159558870362e-07
0,2594,2.1542442951976576e-07
0,2595,2.2475854867534607e-07
0,2596,2.191376513056701e-07
0,2597,1.960738111357477e-07
0,2598,1.4526879300004393e-07
0,2599,3.798007960730965e-09
0,2600,533.0425220269268
0,2601,856.6177356472368
0,2602,970.1062308124533
0,2603,1008.625711353774
0,2604,1027.4514485232226
0,2605,1055.4576850660803
0,2606,1134.9631216941527
0,2607,1381.4351617424434
0,2608,2047.9999999956738
0,2609,1474.48549147814
0,2610,1098.7351642392134
0,2611,751.3583509581407
0,2612,351.98520803181407
0,2613,7.154193360413503e-07
0,2614,6.428396469685153e-07
0,2615,5.837143107645815e-07
0,2616,5.338621707146399e-07
0,2617,4.898779409015118e-07
0,2618,4.485576376835401e-07
0,2619,4.063988033067801e-07
0,2620,3.588712902756583e-07
0,2621,2.986986363010761e-07
0,2622,2.094151931537403e-07
0,2623,4.831664912780517e-09
0,2624,506.50991326043317
0,2625,861.0476469372751
0,2626,975.6861107366578
0,2627,1011.6224099829341
0,2628,1028.3108104244686
0,2629,1053.075311099943
0,2630,1125.3780289151007
0,2631,1358.8492543116872
0,2632,2047.9999999943966
0,2633,1368.6465097811745
0,2634,846.5765541969354
0,2635,225.5673946717121
0,2636,1.7723563353914604e-06
0,2637,1.0012965458003256e-06
0,2638,5.49322110864536e-07
0,2639,7.40458496641122e-08
0,2640,56.569056787751585
0,2641,558.9230548862034
0,2642,927.7258760087554
0,2643,1288.9952890127731
0,2644,1594.7723807768368
0,2645,868.9800360578341
0,2646,1.2249531046834745e-06
0,2647,6.221559201718358e-09
0,2648,680.5772790325518
0,2649,919.67805710572
0,2650,993.2555639771539
0,2651,1015.3798875288056
0,2652,1023.7152426256729
0,2653,1032.0756843155373
0,2654,1053.4705124172237
0,2655,1122.198070368307
0,2656,1339.533872471108
0,2657,1895.0710327170343
0,2658,1295.4345546845652
0,2659,1075.8480806236373
0,2660,944.4308688555385
0,2661,723.2676421733978
0,2662,188.52739406994607
0,2663,585.6315562745121
0,2664,854.1196477243295
0,2665,954.2544889763418
0,2666,990.398201662645
0,2667,1004.8310838911278
0,2668,1007.352309449222
0,2669,995.3750708683481
0,2670,966.3923813666105
0,2671,945.8593923820619
0,2672,986.5098965734825
0,2673,1010.4252347265453
0,2674,1019.7290049070062
0,2675,1023.2739999820895
0,2676,1026.7695735575203
0,2677,1035.271999416189
0,2678,1061.541981814161
0,2679,1148.18474332362
0,2680,1418.2010925172333
0,2681,2047.999999990876
0,2682,1349.1561214821925
0,2683,842.3164955617133
0,2684,244.96404649040298
0,2685,2.934588956986922e-06
0,2686,1.6941900620544206e-06
0,2687,9.801476709811636e-07
0,2688,2.98625590619485e-07
0,2689,170.42265340437484
0,2690,3.4598507284220974e-06
0,2691,2.2344247008906047e-06
0,2692,1.5858057621654514e-06
0,2693,1.1091186349664398e-06
0,2694,6.672665667345999e-07
0,2695,9.947925917084898e-09
0,2696,511.2240699935635
0,2697,859.8375577878174
0,2698,975.5585070295951
0,2699,1014.460048113672
0,2700,1039.256560663209
0,2701,1090.180121713337
0,2702,1246.3324599621246
0,2703,1717.6652121414993
0,2704,2047.9999999982851
0,2705,1734.1671893869948
0,2706,1551.145238573436
0,2707,1403.7658486291593
0,2708,1272.6332628457542
0,2709,1149.8779074203587
0,2710,1031.3271068478314
0,2711,914.188760171658
0,2712,795.7925705586331
0,2713,702.6730183508363
0,2714,702.6730181952493
0,2715,702.673018127562
0,2716,702.6730180911717
0,2717,551.2001420052206
0,2718,347.80458341708623
0,2719,6.971566735604069e-08
0,2720,5.7693164019959986e-08
0,2721,1.8133732507571632e-09
0,2722,678.5189322314586
0,2723,930.8114278668762
0,2724,1055.75180192809
0,2725,1229.8361678894937
0,2726,1678.7339698447813
0,2727,2047.9999999982851
0,2728,1729.9246234866887
0,2729,1474.547776441114
0,2730,1269.536920609788
0,2731,1082.5990842066067
0,2732,900.6128381732693
0,2733,713.3491757454312
0,2734,505.51488343038255
0,2735,251.80710817003978
0,2736,2.0521039103220786e-07
0,2737,1.8869243954120385e-07
0,2738,1.7308918703897954e-07
0,2739,1.5706406309649434e-07
0,2740,1.388762423893883e-07
0,2741,1.1571506110129488e-07
0,2742,8.12007507227687e-08
0,2743,1.8773668443859578e-09
0,2744,438.4356083456881
0,2745,824.3731937856535
0,2746,959.3843772233549
0,2747,1005.1079854684466
0,2748,1025.710690214638
0,2749,1052.6775724187753
0,2750,1127.6484892911378
0,2751,1364.9194822130853
0,2752,2047.9999999979848
0,2753,2047.9999999884933
0,2754,1523.1103392360726
0,2755,1190.8551689808749
0,2756,890.8828790675663
0,2757,581.8732217360139
0,2758,197.61564314288768
0,2759,2.6754751128660933e-07
0,2760,2.3806836631733424e-07
0,2761,2.1317411986329572e-07
0,2762,1.9100202703134636e-07
0,2763,1.6979787922834916e-07
0,2764,1.475058237340645e-07
0,2765,1.2102668805022865e-07
0,2766,8.38661208929888e-08
0,2767,1.878238226715755e-09
0,2768,655.0410397813571
0,2769,903.9469978710888
0,2770,987.4605912022488
0,2771,1015.6522602495073
0,2772,1035.8421836619234
0,2773,1079.6469091981699
0,2774,1213.0675462706151
0,2775,1619.9865548790037
0,2776,2047.9999999982851
0,2777,1776.4383408408287
0,2778,1623.148704561419
0,2779,1500.4425782637206
0,2780,1392.8270220083157
0,2781,1294.2263687546708
0,2782,1201.270125204038
0,2783,1111.5672712209885
0,2784,1023.4336213754217
0,2785,935.4002724979002
0,2786,846.102409035618
0,2787,753.8612237792962
0,2788,657.9125951993963
0,2789,553.4094794503292
0,2790,435.10201971973726
0,2791,290.8573719360467
0,2792,290.8573719255087
0,2793,290.85737192742397
0,2794,602.2251856363222
0,2795,851.0724836117763
0,2796,1082.9653389935013
0,2797,1319.9083091959753
0,2798,1586.811540355379
0,2799,1978.094928964924
0,2800,1900.4333066035058
0,2801,1847.564676871131
0,2802,1795.816505738493
0,2803,1751.5781207101852
0,2804,1712.19329909389
0,2805,1676.4013900704547
0,2806,1646.8465054849096
0,2807,1619.0578745911962
0,2808,1592.5745051660492
0,2809,1567.1663265573377
0,2810,1542.6611901620045
0,2811,1518.9231985282638
0,2812,1495.848535055672
0,2813,1473.34844988535
0,2814,1451.3732008056697
0,2815,1429.8670282756984
0,2816,1408.787176655262
0,2817,1388.1236770795008
0,2818,1367.8398571266214
0,2819,1347.8478356722137
0,2820,1328.1667336544167
0,2821,1308.6774221062738
0,2822,1289.3584437845643
0,2823,1270.2167129132217
0,2824,1251.224864690436
0,2825,1232.1054293722655
0,2826,1211.8874553821122
0,2827,1191.8061872131939
0,2828,1171.916920316827
0,2829,1153.4126019812636
0,2830,1135.1477404236205
0,2831,1116.9814906374456
0,2832,1098.8845297605155
0,2833,1080.8400758629884
0,2834,1062.8280470505133
0,2835,1044.8355840410807
0,2836,1026.8515451970814
0,2837,1008.8568541124939
0,2838,990.8301719841813
0,2839,972.7271416719298
0,2840,954.5735173418168
0,2841,936.4343765940574
0,2842,918.2668718263445
0,2843,900.0412247676679
0,2844,881.7545705038424
0,2845,863.4029052998397
0,2846,844.9452167696601
0,2847,826.3530220050807
0,2848,807.606282110695
0,2849,788.6795031884419
0,2850,769.5158468528214
0,2851,750.0534584100313
0,2852,730.2770067006611
0,2853,710.4712056799767
0,2854,690.4666736557481
0,2855,670.1992934971763
0,2856,649.6372081206322
0,2857,628.7464416572307
0,2858,607.4671545291978
0,2859,585.7568432230024
0,2860,563.5492132625008
0,2861,540.764692789524
0,2862,517.3167782189033
0,2863,493.18187347201905
0,2864,468.2161750877656
0,2865,442.75734037268217
0,2866,442.75734033645455
0,2867,442.7573403179599
0,2868,442.7573403127346
0,2869,442.75734031997314
0,2870,442.75734034180937
0,2871,442.757340385369
0,2872,406.30449669332546
0,2873,366.54435108460734
0,2874,322.95769283864803
0,2875,273.9601695167194
0,2876,216.28529473736307
0,2877,141.19765945192447
0,2878,2.32856741647807e-08
0,2879,8.083882410091757e-08
0,2880,1.045373033162439e-07
0,2881,1.1473678928677347e-07
0,2882,1.1488345115711165e-07
0,2883,1.0445963384024992e-07
0,2884,7.82322924845996e-08
0,2885,2.090056047946173e-09
0,2886,50.21549083316672
0,2887,411.44257784148925
0,2888,788.4668255014811
0,2889,937.37341934857
0,2890,999.1815085795104
0,2891,1038.5412998668196
0,2892,1105.4420566818355
0,2893,1295.9023501647841
0,2894,1854.1877144050366
0,2895,2047.9999999982851
0,2896,1824.7376408914206
0,2897,1460.9059548015282
0,2898,1186.3177527966454
0,2899,935.0854170371593
0,2900,675.5766142716374
0,2901,370.32962199630106
0,2902,2.982837148980135e-07
0,2903,2.8544992113126383e-07
0,2904,2.776572123338412e-07
0,2905,2.744984654089004e-07
0,2906,2.7584706672372297e-07
0,2907,2.818355629539298e-07
0,2908,2.928807657674379e-07
0,2909,3.09764789854154e-07
0,2910,3.3381037464589886e-07
0,2911,3.6725860730319306e-07
0,2912,4.141532708698049e-07
0,2913,407.85152095589854
0,2914,656.2389136647421
0,2915,879.8564928805462
0,2916,1102.49437833135
0,2917,1334.262227167087
0,2918,1605.0222488943637
0,2919,2047.999999972254
0,2920,1685.4598590307123
0,2921,1441.0218972928649
0,2922,1198.5237745466818
0,2923,970.9839619532219
0,2924,738.3301361390553
0,2925,473.76289126349684
0,2926,85.93774649615267
0,2927,1.3851901747757357e-07
0,2928,1.4244894251512095e-07
0,2929,1.4346137541671453e-07
0,2930,1.4143399170468587e-07
0,2931,1.3584928209829932e-07
0,2932,1.256009142617669e-07
0,2933,1.083805016729143e-07
0,2934,7.82140704081233e-08
0,2935,1.9323377546517474e-09
0,2936,638.3678512210245
0,2937,896.9069076671433
0,2938,986.4076959531958
0,2939,1019.7364927315243
0,2940,1052.3949715924846
0,2941,1131.8976104326334
0,2942,1370.218475854847
0,2943,2047.9999999979461
0,2944,2047.999999989612
0,2945,1884.0692437474302
0,2946,1794.9932705022877
0,2947,1726.1787446756114
0,2948,1667.4954721659224
0,2949,1615.1252378645709
0,2950,1567.1414531086289
0,2951,1522.3582577114782
0,2952,1480.0024448111062
0,2953,1439.5280102911859
0,2954,1400.5462193694996
0,2955,1362.7763266205195
0,2956,1325.9756506031054
0,2957,1289.9611807355368
0,2958,1254.58894407899
0,2959,1219.746237128098
0,2960,1185.360641631612
0,2961,1151.399027119488
0,2962,1117.7464689578137
0,2963,1084.2615706490412
0,2964,1050.9413770343078
0,2965,1017.7144655640103
0,2966,984.4699702210089
0,2967,951.1018237627786
0,2968,917.5310492554274
0,2969,883.5425281437615
0,2970,848.4508830324942
0,2971,812.8552285745881
0,2972,776.8339610235485
0,2973,740.6679083758489
0,2974,704.144505886259
0,2975,666.8383274577327
0,2976,628.4991541228748
0,2977,588.8661500504057
0,2978,547.6099977455506
0,2979,504.2704391723534
0,2980,458.2612487509289
0,2981,409.6445639989097
0,2982,356.1496579525498
0,2983,295.38605599198655
0,2984,295.386055966932
0,2985,295.3860559564207
0,2986,295.38605595835935
0,2987,295.3860559735843
0,2988,295.3860560066084
0,2989,709.7433714843119
0,2990,1044.9780622952999
0,2991,1374.9697387563979
0,2992,1811.3313657600443
0,2993,1500.82987398416
0,2994,1262.039373716167
0,2995,1045.2125671433896
0,2996,830.9480160825518
0,2997,598.884414316195
0,2998,319.73027067026374
0,2999,4.64890871190607e-07
0,3000,3.7630939586560117e-07
0,3001,3.150941798572447e-07
0,3002,2.6847708395707527e-07
0,3003,2.3043827931487518e-07
0,3004,1.9722164928441467e-07
0,3005,1.6568295820707348e-07
0,3006,1.3206046331105275e-07
0,3007,8.91473339593692e-08
0,3008,1.8615113111924602e-09
0,3009,604.7826475602245
0,3010,885.7834556033318
0,3011,986.4547955625097
0,3012,1044.1933877336721
0,3013,1137.6727859537655
0,3014,1385.0126610979225
0,3015,2047.9999999980407
0,3016,2047.9999999862569
0,3017,1760.8526733539086
0,3018,1598.361900385499
0,3019,1468.4453949319618
0,3020,1354.1480560523946
0,3021,1248.4914076380378
0,3022,1148.0089692143938
0,3023,1050.4403544813797
0,3024,954.0217633747213
0,3025,856.3809046802451
0,3026,756.258577281457
0,3027,669.8307666141633
0,3028,560.8969086356663
0,3029,432.96317212290865
0,3030,271.94945105986193
0,3031,8.460792220145127e-08
0,3032,6.47161041848594e-08
0,3033,1.7990026555699465e-09
0,3034,517.5948091203286
0,3035,859.859625817616
0,3036,1004.076253059098
0,3037,1128.4596538458902
0,3038,1401.8589178980492
0,3039,2047.9999999981103
0,3040,2047.9999999814568
0,3041,1769.4475644675422
0,3042,1614.7446611633877
0,3043,1491.1958668341026
0,3044,1382.8793485212775
0,3045,1283.1880908089092
0,3046,1188.829558961821
0,3047,1097.6634029077197
0,3048,1007.967030953936
0,3049,918.2676458794695
0,3050,827.0441825432715
0,3051,732.814382218959
0,3052,636.734033763025
0,3053,530.269882154183
0,3054,410.0533906330592
0,3055,283.5048662059578
0,3056,283.5048662006218
0,3057,283.50486620773773
0,3058,604.5350683472483
0,3059,858.8010593845839
0,3060,1095.47633418233
0,3061,1339.0093313571856
0,3062,1627.3801956597117
0,3063,1916.8687875820824
0,3064,1735.8349679898015
0,3065,1610.1475969985524
0,3066,1499.4940402544312
0,3067,1399.5957839407995
0,3068,1307.3939133063893
0,3069,1220.3748760279987
0,3070,1139.7247862967224
0,3071,1061.6786771750333
0,3072,984.2932611237962
0,3073,906.640021561824
0,3074,827.6877413241349
0,3075,746.3975610946678
0,3076,662.1759021995232
0,3077,572.5492901486449
0,3078,482.8169680621813
0,3079,482.8169680435753
0,3080,482.8169680382532
0,3081,482.8169680453884
0,3082,482.8169680670878
0,3083,482.8169681104139
0,3084,722.1175878895366
0,3085,1199.4655432547136
0,3086,1872.6197050245862
0,3087,1779.4152120048607
0,3088,1673.2398223513949
0,3089,1585.046878847308
0,3090,1506.252116469298
0,3091,1431.184364236748
0,3092,1362.906748305795
0,3093,1298.7168225319679
0,3094,1237.072102714118
0,3095,1177.2066649000878
0,3096,1118.5601602236109
0,3097,1060.631093210424
0,3098,1003.0093611510074
0,3099,945.3152061427185
0,3100,887.3557739292703
0,3101,887.3557737739111
0,3102,887.3557737063039
0,3103,887.3557736699585
0,3104,887.3557736513845
0,3105,887.355773646094
0,3106,887.3557736532666
0,3107,887.3557736750209
0,3108,887.3557737184675
0,3109,1465.8437618344353
0,3110,1465.8437621109083
0,3111,1417.2290906288574
0,3112,1361.15573979069
0,3113,1306.8606146942532
0,3114,1253.8773507184367
0,3115,1201.8025364737848
0,3116,1150.8273928414626
0,3117,1100.6535854977158
0,3118,1050.9827996669808
0,3119,1001.5615940850361
0,3120,952.165906344434
0,3121,902.5672966988845
0,3122,852.4950822832533
0,3123,801.5491243856104
0,3124,749.3535708402184
0,3125,695.3235843414855
0,3126,638.9536903300685
0,3127,579.3788161148169
0,3128,514.9514961351313
0,3129,445.9315785866361
0,3130,368.3907881480118
0,3131,275.98656163418724
0,3132,150.39199583137844
0,3133,150.3919958127491
0,3134,150.391995807396
0,3135,150.39199581448077
0,3136,150.39199583609218
0,3137,150.3919958792361
0,3138,150.39199596635564
0,3139,5.6119382000312116e-08
0,3140,9.715892327428945e-08
0,3141,1.2036838621952472e-07
0,3142,1.3534214120323844e-07
0,3143,1.4503575172987058e-07
0,3144,1.506919096613509e-07
0,3145,1.5279704102699092e-07
0,3146,1.513435320763944e-07
0,3147,1.458486773162277e-07
0,3148,1.351668186758549e-07
0,3149,1.168364030993107e-07
0,3150,8.442032980638292e-08
0,3151,2.0923675741344936e-09
0,3152,670.9551273954552
0,3153,908.6202745267243
0,3154,984.9402913783765
0,3155,1011.9587410599706
0,3156,1034.1064899382034
0,3157,1076.7170585228323
0,3158,1191.9342710127435
0,3159,1525.2808191551167
0,3160,2047.9999999977592
0,3161,2047.9999999926936
0,3162,1923.0512509573186
0,3163,1857.8170514272508
0,3164,1807.875523737923
0,3165,1765.5610963855236
0,3166,1728.0180984322512
0,3167,1693.8353724714173
0,3168,1662.1430945002649
0,3169,1632.3572067033422
0,3170,1604.076304512054
0,3171,1577.0129004557466
0,3172,1550.9484862374813
0,3173,1525.7512075618222
0,3174,1501.305159044573
0,3175,1477.548959574187
0,3176,1454.5625141358012
0,3177,1454.5625139811766
0,3178,1433.905470291776
0,3179,1412.3885320065542
0,3180,1391.1896349399192
0,3181,1370.340294187491
0,3182,1349.7390619665898
0,3183,1329.3871016153837
0,3184,1309.2769741960096
0,3185,1289.3659460280883
0,3186,1269.5563470047734
0,3187,1249.8360779280135
0,3188,1230.3361379453922
0,3189,1211.1066094475816
0,3190,1192.0644907719995
0,3191,1173.1702935342976
0,3192,1154.3942552122369
0,3193,1135.7184315689349
0,3194,1117.122803064695
0,3195,1098.5865219876177
0,3196,1080.0929003702618
0,3197,1061.628150799254
0,3198,1043.1773664801667
0,3199,1024.7359000804965
0,3200,1006.3088980845802
0,3201,987.8931918951943
0,3202,969.4672879536295
0,3203,950.9974693099359
0,3204,932.5052763692403
0,3205,914.0228779356717
0,3206,895.4638960307346
0,3207,876.7296744545015
0,3208,857.8657048688711
0,3209,838.852153850827
0,3210,819.6457840700189
0,3211,800.2672498799484
0,3212,780.7606263041998
0,3213,761.0990480716931
0,3214,741.2540550670026
0,3215,721.2111487988998
0,3216,700.9616219870206
0,3217,680.5168604458677
0,3218,659.7647096831512
0,3219,638.6109533218494
0,3220,617.0014461404784
0,3221,594.9239523933718
0,3222,572.3398611489919
0,3223,549.2031259499835
0,3224,525.5446275579609
0,3225,501.8864119468576
0,3226,477.78525707963985
0,3227,477.78525692493275
0,3228,477.78525685754033
0,3229,477.7852568213044
0,3230,477.78525680280194
0,3231,447.42555508827405
0,3232,414.82440644416187
0,3233,380.03838919605664
0,3234,342.64908414033886
0,3235,301.62533200662654
0,3236,255.43207346308722
0,3237,200.86700018029455
0,3238,129.526630367375
0,3239,1.6531473970141965e-07
0,3240,1.5935501921734876e-07
0,3241,1.5207142315613442e-07
0,3242,1.425535598444333e-07
0,3243,1.2941068878340786e-07
0,3244,1.1013265265674645e-07
0,3245,7.86266620140776e-08
0,3246,1.895001138119424e-09
0,3247,300.5796683957604
0,3248,777.0634510555042
0,3249,942.7489583814285
0,3250,996.615457213638
0,3251,1015.8727441372221
0,3252,1029.670161374308
0,3253,1057.5634082658646
0,3254,1139.641980801112
0,3255,1391.3484039143127
0,3256,2047.9999999979461
0,3257,2047.9999999896115
0,3258,1597.1270916986412
0,3259,1290.1561260868257
0,3260,1023.5615785314434
0,3261,757.7204695853972
0,3262,454.8637211645331
0,3263,8.928679077027893e-09
0,3264,8.745502218791184e-08
0,3265,1.171241469287524e-07
0,3266,1.299959848895314e-07
0,3267,1.3086066234397893e-07
0,3268,1.193544750859927e-07
0,3269,8.956724886386661e-08
0,3270,2.402166878270454e-09
0,3271,642.4773743970059
0,3272,899.2467235014382
0,3273,985.1927007501877
0,3274,1012.871592497401
0,3275,1022.5959677769935
0,3276,1032.0940029957274
0,3277,1057.1917650554858
0,3278,1135.7948340347061
0,3279,1381.10446478212
0,3280,2047.9999999974032
0,3281,2047.9999999949505
0,3282,1551.3235209587722
0,3283,1240.9989662716807
0,3284,965.9111296464836
0,3285,687.4330664619426
0,3286,364.4542142031195
0,3287,3.593817577810009e-07
0,3288,3.1039908590955794e-07
0,3289,2.72677303279705e-07
0,3290,2.4225992153271763e-07
0,3291,2.1662857219547282e-07
0,3292,1.9385298672202982e-07
0,3293,1.7213338519405513e-07
0,3294,1.4938989140137891e-07
0,3295,1.2251806495262787e-07
0,3296,8.478304932864735e-08
0,3297,1.897151176929379e-09
0,3298,678.1362214885196
0,3299,919.8445884736799
0,3300,1022.1567317976384
0,3301,1126.3560336077253
0,3302,1375.5994975141218
0,3303,2047.9999999980223
0,3304,2047.9999999870945
0,3305,1645.86529266579
0,3306,1397.9100048510231
0,3307,1188.6151596888117
0,3308,991.9283697558257
0,3309,793.0117259803554
0,3310,575.2325181870601
0,3311,299.4074984812706
0,3312,4.649626045727536e-07
0,3313,3.763503470871274e-07
0,3314,3.1512072635548e-07
0,3315,2.684944093216883e-07
0,3316,2.3044884588235295e-07
0,3317,1.9722720117536577e-07
0,3318,1.6568521009281733e-07
0,3319,1.3206427524207532e-07
0,3320,8.914925465311647e-08
0,3321,1.8615090389185825e-09
0,3322,668.9441368422829
0,3323,920.9240551235323
0,3324,1032.9530144310324
0,3325,1160.2431695205796
0,3326,1466.687812846641
0,3327,2047.9999999980587
0,3328,2047.999999985302
0,3329,1865.779664976503
0,3330,1768.4521843701168
0,3331,1692.77952507352
0,3332,1627.9698546069947
0,3333,1569.876982147227
0,3334,1516.4413216977416
0,3335,1466.3926883541253
0,3336,1418.9189187053514
0,3337,1373.4028759811888
0,3338,1329.4206141632467
0,3339,1286.6233741702588
0,3340,1244.7339521923063
0,3341,1203.5629773950704
0,3342,1162.9358554503904
0,3343,1122.6981884443373
0,3344,1082.778819851025
0,3345,1043.1988966870933
0,3346,1003.965265412193
0,3347,966.4833434471574
0,3348,966.4833432921445
0,3349,966.4833432246401
0,3350,927.4810423333428
0,3351,887.2115608818206
0,3352,846.3117878448699
0,3353,804.6445954758411
0,3354,761.951422100834
0,3355,717.8885078554662
0,3356,672.6261688631386
0,3357,626.0549091974035
0,3358,577.9195021133077
0,3359,527.4509335361956
0,3360,473.7826315370315
0,3361,415.6913560614462
0,3362,350.93230783585176
0,3363,275.112944844144
0,3364,176.81379616231752
0,3365,5.816417063743716e-08
0,3366,5.257847089898166e-08
0,3367,1.828389889716092e-09
0,3368,625.4473336226707
0,3369,892.3224673802164
0,3370,982.6733110277106
0,3371,1018.3767217569638
0,3372,1052.1205370288615
0,3373,1132.9072130598445
0,3374,1372.040336088569
0,3375,2047.9999999980407
0,3376,2047.9999999862573
0,3377,1874.228692892311
0,3378,1781.3353673255078
0,3379,1708.8941027097205
0,3380,1646.9651936142575
0,3381,1591.853994290079
0,3382,1541.3019376777668
0,3383,1494.049155701351
0,3384,1449.2871409583302
0,3385,1406.4403903708794
0,3386,1365.1000648579927
0,3387,1324.9500141686165
0,3388,1285.7510325561097
0,3389,1247.3608484730973
0,3390,1209.6053900949573
0,3391,1172.3507271230358
0,3392,1135.5248534681273
0,3393,1099.0255908397196
0,3394,1062.7127478849993
0,3395,1026.439535540085
0,3396,990.1758864153697
0,3397,953.7943856265232
0,3398,917.1845868334342
0,3399,880.2356461559642
0,3400,842.7546431617425
0,3401,804.454771287267
0,3402,765.5187707054163
0,3403,726.0561610013968
0,3404,685.7629983681493
0,3405,644.3829928058432
0,3406,601.6513357396352
0,3407,557.3348470381691
0,3408,511.07641975244456
0,3409,462.170854362466
0,3410,450.7876999040429
0,3411,450.7876997529351
0,3412,450.7876996867877
0,3413,450.78769965123104
0,3414,450.78769963321736
0,3415,450.7876996284224
0,3416,352.15783902497435
0,3417,222.72180337311812
0,3418,1.10926084231802e-06
0,3419,1.188895254350961e-06
0,3420,1.3683498413547424e-06
0,3421,486.83183484919147
0,3422,851.5419473425118
0,3423,1179.304293991493
0,3424,1534.5013131503733
0,3425,2047.999999597306
0,3426,1568.174734493756
0,3427,1264.9109966997548
0,3428,998.6611134239882
0,3429,730.4800677885706
0,3430,422.4920453554026
0,3431,1.3594825661345045e-08
0,3432,8.232838856207423e-08
0,3433,1.0904937530521752e-07
0,3434,1.2062095620284444e-07
0,3435,1.2122677944532805e-07
0,3436,1.1046523470504643e-07
0,3437,8.284659438597482e-08
0,3438,2.219300128295294e-09
0,3439,549.3459496679918
0,3440,864.6796361219081
0,3441,973.6943632500856
0,3442,1009.0846058357632
0,3443,1022.050075040759
0,3444,1033.5262110462083
0,3445,1058.0221748175345
0,3446,1132.6002575491902
0,3447,1367.2899159761512
0,3448,2047.9999999973943
0,3449,1987.2310482040762
0,3450,1287.778411387523
0,3451,738.905353913107
0,3452,1.1603158738039427e-06
0,3453,8.456927588895019e-07
0,3454,6.921407185537251e-07
0,3455,5.937516309078086e-07
0,3456,5.238679762284296e-07
0,3457,4.717512972281408e-07
0,3458,4.319754878322852e-07
0,3459,4.013833814162115e-07
0,3460,3.7794898471239964e-07
0,3461,3.6027274008093016e-07
0,3462,3.473420234273634e-07
0,3463,3.3840893049028216e-07
0,3464,3.329272774079306e-07
0,3465,3.3052212450930974e-07
0,3466,3.310150115397618e-07
0,3467,254.45802873310888
0,3468,254.45802875862466
0,3469,565.9062185431195
0,3470,833.5948944000152
0,3471,1087.5170208399816
0,3472,1374.3644026996508
0,3473,1747.0905568886205
0,3474,1431.7877043817498
0,3475,1016.4249705526042
0,3476,601.6804867626311
0,3477,3.723539357378033e-08
0,3478,1.5065837294316216e-07
0,3479,2.0666095283967804e-07
0,3480,2.446057978835027e-07
0,3481,2.733776590690181e-07
0,3482,2.9687607828760443e-07
0,3483,3.173811586315708e-07
0,3484,3.364945176030057e-07
0,3485,3.555146101979936e-07
0,3486,3.756301438811896e-07
0,3487,3.9804699700858506e-07
0,3488,4.240974065405239e-07
0,3489,399.6520085021983
0,3490,642.481513486304
0,3491,840.0981352967246
0,3492,1030.1131066657717
0,3493,1222.743186613504
0,3494,1432.517395375246
0,3495,1686.2405320478106
0,3496,2047.9999999966617
0,3497,1786.8330614174868
0,3498,1641.7137324213224
0,3499,1526.1485915394983
0,3500,1424.6855288494817
0,3501,1331.8702075520607
0,3502,1244.7233689553436
0,3503,1161.1904059113836
0,3504,1079.7824050277718
0,3505,999.192591193924
0,3506,918.303831453091
0,3507,836.0326688248668
0,3508,752.3405633785218
0,3509,665.0558706898557
0,3510,576.5233345709647
0,3511,576.5233345523131
0,3512,576.5233345469546
0,3513,576.5233345540536
0,3514,576.5233345757088
0,3515,576.5233346189632
0,3516,580.2395279976419
0,3517,580.239528270758
0,3518,1825.9658605031266
0,3519,1685.1264570149444
0,3520,1563.193508557676
0,3521,1457.8460176947756
0,3522,1360.9042898730302
0,3523,1269.3040879810944
0,3524,1181.7978247963601
0,3525,1097.4628261507642
0,3526,1014.8593351421518
0,3527,932.6103295116221
0,3528,849.4892182382807
0,3529,764.1512577659264
0,3530,674.8950671639207
0,3531,579.1602405953333
0,3532,476.72883908414195
0,3533,359.04117201723164
0,3534,209.91030835658017
0,3535,1.6906116004525122e-06
0,3536,1.670443370477108e-06
0,3537,1.6625303615918144e-06
0,3538,1.6657433842455233e-06
0,3539,432.1091392559519
0,3540,737.1436310280485
0,3541,1001.8168781668783
0,3542,1264.2078018532482
0,3543,1564.840990184978
0,3544,2047.9999995811804
0,3545,1615.9580331708562
0,3546,1310.9566419448715
0,3547,1044.735759489706
0,3548,780.1327437803304
0,3549,478.46028124197727
0,3550,8.304082011417833e-07
0,3551,6.28197594685102e-07
0,3552,5.31481577355046e-07
0,3553,4.711781740047278e-07
0,3554,4.3011870121437926e-07
0,3555,4.0154228518732077e-07
0,3556,3.8221295398885866e-07
0,3557,3.7046162832445875e-07
0,3558,3.654738121067376e-07
0,3559,3.670080707071123e-07
0,3560,3.753152133609966e-07
0,3561,413.5476767851155
0,3562,679.3584313286339
0,3563,904.7807864436872
0,3564,1120.835060989475
0,3565,1347.1745871299606
0,3566,1613.3502066108724
0,3567,2047.9999999600607
0,3568,1911.1539638675029
0,3569,1578.555847788324
0,3570,1347.372861670215
0,3571,1145.6999344023227
0,3572,954.0769265531699
0,3573,760.0330389117179
0,3574,548.8754844672243
0,3575,301.7409438208334
0,3576,2.0520241461954598e-07
0,3577,1.8868482513223614e-07
0,3578,1.7308322814460443e-07
0,3579,1.570597562366397e-07
0,3580,1.3887261256895862e-07
0,3581,1.1571281901890708e-07
0,3582,8.119958065548399e-08
0,3583,1.8773646175066933e-09
0,3584,635.7618350736773
0,3585,901.0607869825195
0,3586,997.6510458034517
0,3587,1048.7013093455614
0,3588,1126.4985121150587
0,3589,1342.3666859981145
0,3590,1955.512205307641
0,3591,2047.9999999979075
0,3592,1692.1887109075074
0,3593,1692.1887107174275
0,3594,1397.5719951664637
0,3595,1150.8980855622492
0,3596,917.3329203273418
0,3597,673.9524271084875
0,3598,388.27209149708165
0,3599,1.2944594600040784e-07
0,3600,1.4432190629308874e-07
0,3601,1.5121322249003082e-07
0,3602,1.5111296452870117e-07
0,3603,1.435517153936417e-07
0,3604,1.2627419268018984e-07
0,3605,9.243883538071135e-08
0,3606,2.3566686652420074e-09
0,3607,508.8265995131952
0,3608,854.7040077976535
0,3609,971.2629987334117
0,3610,1008.0081312395548
0,3611,1020.340012476105
0,3612,1029.9719059968331
0,3613,1052.6510940577161
0,3614,1124.45788391131
0,3615,1357.5171524826326
0,3616,2047.9999999972626
0,3617,1631.2528651178384
0,3618,1309.4808013475765
0,3619,1039.2709249757852
0,3620,772.0624787201448
0,3621,467.79383677422004
0,3622,4.268427053764402e-07
0,3623,3.798237016771288e-07
0,3624,3.401071088879348e-07
0,3625,3.0473296121105546e-07
0,3626,2.7089846198278655e-07
0,3627,2.353491655796827e-07
0,3628,1.9320707318574992e-07
0,3629,1.3387784160543044e-07
0,3630,2.998166082843771e-09
0,3631,674.5963562667885
0,3632,916.1751687817438
0,3633,991.9856075830805
0,3634,1015.2585430089459
0,3635,1022.8888226630944
0,3636,1029.01509226864
0,3637,1044.0036819733307
0,3638,1092.9017906522843
0,3639,1255.2676153033744
0,3640,1755.869808400781
0,3641,2047.9999999982851
0,3642,1511.5348320920064
0,3643,1164.570056285618
0,3644,849.3613398045525
0,3645,507.0055187984099
0,3646,2.764621069614292e-07
0,3647,2.4739856621942944e-07
0,3648,2.2335114366605225e-07
0,3649,2.0258542233068445e-07
0,3650,1.8360359836723278e-07
0,3651,1.6487027126331814e-07
0,3652,1.4448773319182366e-07
0,3653,1.1949877210136917e-07
0,3654,8.333152211140464e-08
0,3655,1.8965872782686843e-09
0,3656,623.8825433101043
0,3657,893.149846209329
0,3658,985.6575292067223
0,3659,1021.0641083137307
0,3660,1051.475181009964
0,3661,1126.7777258211897
0,3662,1361.1738780023622
0,3663,2047.9999999979848
0,3664,2047.9999999884942
0,3665,1743.3991151184332
0,3666,1566.1750821461592
0,3667,1423.4417581525622
0,3668,1296.7766641000583
0,3669,1178.8444531217847
0,3670,1065.2105083139854
0,3671,953.0785317695751
0,3672,839.8785961751107
0,3673,722.4641750253821
0,3674,597.1061761926426
0,3675,495.79540870436216
0,3676,400.09950519851407
0,3677,400.09950516208767
0,3678,400.09950514345314
0,3679,400.09950513810514
0,3680,400.09950514521177
0,3681,655.6194549116095
0,3682,883.2226954482281
0,3683,1100.0374591946686
0,3684,1323.399348886816
0,3685,1581.8009993478902
0,3686,1960.5909903915688
0,3687,1850.0848964754025
0,3688,1771.0099964749402
0,3689,1706.7547711754396
0,3690,1650.5155640442586
0,3691,1599.3651140858635
0,3692,1552.155027259391
0,3693,1508.0057484613942
0,3694,1466.1693450081784
0,3695,1426.1842102993
0,3696,1387.6713288065512
0,3697,1350.3406175907728
0,3698,1313.939407787174
0,3699,1278.300490640139
0,3700,1243.3098634832131
0,3701,1208.8728400976395
0,3702,1174.827485458049
0,3703,1141.066565324002
0,3704,1107.52400455408
0,3705,1074.1642407874444
0,3706,1040.927136769866
0,3707,1007.7243021396054
0,3708,974.5221113503474
0,3709,941.2592426427335
0,3710,907.8189302396123
0,3711,874.0660113067747
0,3712,839.9508578432029
0,3713,805.3250376769785
0,3714,770.111092055672
0,3715,734.2787148546154
0,3716,697.6802845074928
0,3717,660.2018546180522
0,3718,621.6699782340579
0,3719,582.0651907307308
0,3720,541.4783690346147
0,3721,499.68454350524445
0,3722,460.13941758819186
0,3723,414.7135507284226
0,3724,365.35421005267966
0,3725,310.2926511561228
0,3726,240.252437731841
0,3727,148.10491805975255
0,3728,8.713996676955305e-08
0,3729,1.7674488704330226e-07
0,3730,2.672862848916561e-07
0,3731,3.8921502293294335e-07
0,3732,6.216865731838508e-07
0,3733,673.3259014182943
0,3734,1170.7528960936038
0,3735,1719.8061218620285
0,3736,1408.0926949868876
0,3737,1095.391061275545
0,3738,795.2696674270239
0,3739,460.42267521550855
0,3740,1.8802374476412906e-08
0,3741,8.985134257000031e-08
0,3742,1.2146673534887736e-07
0,3743,1.398372861036157e-07
0,3744,1.5016451506455236e-07
0,3745,1.5416904447401497e-07
0,3746,1.5216511970464692e-07
0,3747,1.4337806059498454e-07
0,3748,1.2541479418400243e-07
0,3749,9.143420844682267e-08
0,3750,2.3105590990641445e-09
0,3751,382.1486630350204
0,3752,769.972559168089
0,3753,922.0968150422802
0,3754,979.5883068122689
0,3755,1003.1769249351908
0,3756,1019.6834338657429
0,3757,1048.5089785456819
0,3758,1125.3469410459156
0,3759,1359.6473401092526
0,3760,2047.9999999972897
0,3761,1552.5253045487266
0,3762,1092.6919149924584
0,3763,648.1068723251997
0,3764,1.1149501561826588e-06
0,3765,7.789606198742261e-07
0,3766,6.111187477808935e-07
0,3767,4.99586090915217e-07
0,3768,4.1554358873931727e-07
0,3769,3.4644172560170704e-07
0,3770,2.8444048681317523e-07
0,3771,2.2212761687176734e-07
0,3772,1.4716588235869532e-07
0,3773,2.915380922746574e-09
0,3774,42.062371637553696
0,3775,681.8071993120295
0,3776,916.1485484583293
0,3777,998.1449776119917
0,3778,1038.6610463040645
0,3779,1081.9473865054056
0,3780,1186.5820860693411
0,3781,1471.82756882344
0,3782,2047.9999999968172
0,3783,2047.9999999229126
0,3784,2047.9999999960933
0,3785,1670.0337421323932
0,3786,1444.5730806009021
0,3787,1256.5380834570235
0,3788,1083.132131134647
0,3789,913.6948312364958
0,3790,739.2978407768755
0,3791,548.6923923368145
0,3792,317.2801323319284
0,3793,317.28013217593184
0,3794,317.28013210810553
0,3795,317.28013207163474
0,3796,317.28013205296645
0,3797,317.28013204758787
0,3798,317.2801320546606
0,3799,317.28013207627475
0,3800,317.2801321194937
0,3801,588.4938728035412
0,3802,805.1601293861421
0,3803,1005.9455631741928
0,3804,1205.1866716101526
0,3805,1418.4307116763541
0,3806,1673.4741581789592
0,3807,2012.434024178163
0,3808,1917.4549087293112
0,3809,1860.0540665070605
0,3810,1814.8424867804904
0,3811,1775.911527451918
0,3812,1740.9631565851912
0,3813,1709.1190763816069
0,3814,1679.611543421721
0,3815,1651.9289617966654
0,3816,1625.672525818032
0,3817,1600.5794176631982
0,3818,1576.4577961343202
0,3819,1553.1648059201202
0,3820,1530.5919846612169
0,3821,1508.6567679229001
0,3822,1487.2756600536325
0,3823,1466.3819384640608
0,3824,1445.932621210924
0,3825,1425.891695687382
0,3826,1406.2085908414058
0,3827,1386.8364117180506
0,3828,1367.756150199467
0,3829,1348.9433854712158
0,3830,1330.365255362806
0,3831,1311.998144067868
0,3832,1293.8200224150605
0,3833,1275.792220026277
0,3834,1257.8848016251623
0,3835,1240.1033295373227
0,3836,1222.486078789681
0,3837,1205.0227475282459
0,3838,1187.6812188250979
0,3839,1170.4529111784493
0,3840,1153.3177897570774
0,3841,1136.2643329836003
0,3842,1119.2761421389391
0,3843,1102.3388682046568
0,3844,1085.4412088030383
0,3845,1068.5717880247055
0,3846,1051.7146789652707
0,3847,1034.8560602918712
0,3848,1018.0016674820088
0,3849,1001.1533246651264
0,3850,984.3037989853982
0,3851,967.4408866728379
0,3852,950.5578390504286
0,3853,933.6325912206673
0,3854,916.6438485071898
0,3855,899.5849486832157
0,3856,882.4418299138583
0,3857,865.1920197543596
0,3858,847.8072919141485
0,3859,830.3040386509261
0,3860,812.7172511694796
0,3861,795.0263129577614
0,3862,777.1966987957276
0,3863,759.2285195911662
0,3864,741.0920869933838
0,3865,722.7724303750571
0,3866,704.2439543671766
0,3867,685.4838918028903
0,3868,666.4670200243391
0,3869,647.1798841955812
0,3870,627.5874837583218
0,3871,607.6566113274228
0,3872,587.3366325977369
0,3873,569.3021740529065
0,3874,569.3021738984963
0,3875,569.3021738312635
0,3876,569.3021737951253
0,3877,569.3021737766994
0,3878,569.3021737715391
0,3879,569.3021737788528
0,3880,545.765796623476
0,3881,520.4145352898812
0,3882,494.1594663514976
0,3883,466.8734086548848
0,3884,438.40305116741115
0,3885,408.5696830446028
0,3886,377.04011226258353
0,3887,343.406897554054
0,3888,307.67878500251265
0,3889,269.21553337772696
0,3890,225.0903971549803
0,3891,171.79346035918786
0,3892,101.63520774080403
0,3893,8.982063186665145e-08
0,3894,8.517174692921573e-08
0,3895,6.545439353006612e-08
0,3896,1.8349057659098646e-09
0,3897,613.1768685864375
0,3898,889.6414860852799
0,3899,988.050847849189
0,3900,1040.5022511414904
0,3901,1122.490096371947
0,3902,1353.123307014095
0,3903,2022.0567930033908
0,3904,2047.999999998285
0,3905,1701.1534872309458
0,3906,1493.1098276550601
0,3907,1323.3413376658164
0,3908,1171.258905185758
0,3909,1027.6731984049143
0,3910,887.3020491714186
0,3911,750.2402002067075
0,3912,640.232073274406
0,3913,522.8230633976386
0,3914,334.6400926260001
0,3915,56.48700766429543
0,3916,6.098638621855005e-08
0,3917,7.004996411424415e-08
0,3918,5.8594893813428356e-08
0,3919,1.8678707558994603e-09
0,3920,663.1626446950726
0,3921,905.9614022913398
0,3922,987.0196435212674
0,3923,1015.0473540398677
0,3924,1031.4311404321481
0,3925,1060.0071534663123
0,3926,1138.8866847147797
0,3927,1378.3240117564815
0,3928,2047.9999999979848
0,3929,2047.9999999884953
0,3930,1955.2319176069157
0,3931,1907.3972360815999
0,3932,1871.0966436591757
0,3933,1840.573765678321
0,3934,1813.6393422850056
0,3935,1789.3426774209588
0,3936,1767.4819095966013
0,3937,1747.1712473868943
0,3938,1727.3745809756358
0,3939,1708.342255189949
0,3940,1690.0960551874841
0,3941,1672.6296604815818
0,3942,1655.7571161338656
0,3943,1639.3242809441283
0,3944,1623.3555343739338
0,3945,1607.810200042075
0,3946,1592.6641773666756
0,3947,1577.8651770693248
0,3948,1563.6339312572643
0,3949,1563.6339311028828
0,3950,1563.6339310357575
0,3951,1563.6339309996995
0,3952,1550.5165056832495
0,3953,1537.37758426322
0,3954,1524.4233421215258
0,3955,1511.6646792248482
0,3956,1499.0962113079438
0,3957,1486.708607267643
0,3958,1474.4879285058387
0,3959,1462.4339784101164
0,3960,1450.5334287618016
0,3961,1438.781811832417
0,3962,1427.1600176220866
0,3963,1415.6537006043168
0,3964,1404.2494826167274
0,3965,1392.9471176668926
0,3966,1381.7375166653624
0,3967,1370.6177927645188
0,3968,1359.589056984606
0,3969,1348.651387796399
0,3970,1337.7999508615974
0,3971,1327.0261320058623
0,3972,1316.3365754514386
0,3973,1305.7298907925042
0,3974,1295.168623452558
0,3975,1284.6517408693528
0,3976,1274.185236825866
0,3977,1263.7654532354707
0,3978,1253.3907553552265
0,3979,1243.0608478416982
0,3980,1232.7747199880225
0,3981,1222.5373669639464
0,3982,1212.3441987789574
0,3983,1202.1944871804628
0,3984,1192.0847047961893
0,3985,1182.0088901922893
0,3986,1171.9621448828952
0,3987,1161.943617614117
0,3988,1151.9492801903493
0,3989,1141.9779208612028
0,3990,1132.024906249738
0,3991,1122.0867713351079
0,3992,1112.1661081538325
0,3993,1102.266456939279
0,3994,1092.385746400173
0,3995,1082.5434399751723
0,3996,1082.5434398205884
0,3997,1082.5434397536067
0,3998,1082.5434397176332
0,3999,1072.7261097795758
0,4000,1062.8902333774051
0,4001,1053.0510676827394
0,4002,1043.2016567690682
0,4003,1033.2625212631658
0,4004,1023.2932435369978
0,4005,1013.4011579979797
0,4006,1003.5366249237995
0,4007,993.6844086003392
0,4008,983.8290527521992
0,4009,973.965013147875
0,4010,964.0872650513073
0,4011,954.1923155945544
0,4012,944.278130294622
0,4013,934.3416965992533
0,4014,924.4048002640103
0,4015,914.5390647931471
0,4016,914.5390647261637
0,4017,914.5390646902162
0,4018,914.5390646719518
0,4019,914.5390646669555
0,4020,914.5390646744743
0,4021,914.5390646967437
0,4022,914.539064741347
0,4023,904.3817598609896
0,4024,894.1852167340485
0,4025,883.9704394787185
0,4026,873.7161168641127
0,4027,863.3908753365323
0,4028,853.0915294132802
0,4029,842.7861491619304
0,4030,832.4617105048685
0,4031,822.1139652123957
0,4032,811.7336236671407
0,4033,801.3154265064899
0,4034,790.8549467630291
0,4035,780.3471358010081
0,4036,769.7883932318671
0,4037,759.175323418744
0,4038,748.5020588968864
0,4039,737.7641053899051
0,4040,726.9626610055982
0,4041,716.1023623953113
0,4042,705.1773232722938
0,4043,694.183348354364
0,4044,683.2078622761661
0,4045,683.2078621217262
0,4046,672.2117604548155
0,4047,660.8722669503912
0,4048,649.4035552182593
0,4049,637.8152923094223
0,4050,626.1033233045692
0,4051,614.2625180307
0,4052,602.2969592232126
0,4053,590.2015196795095
0,4054,577.9637439188946
0,4055,565.580733830101
0,4056,553.0386838121157
0,4057,540.3214281994718
0,4058,527.4088357910256
0,4059,514.2865743705559
0,4060,500.9369373092667
0,4061,487.34514702586915
0,4062,473.48592544074876
0,4063,459.3419997981699
0,4064,444.9007946732174
0,4065,430.17858983805854
0,4066,415.0887445033399
0,4067,399.58646360607486
0,4068,383.7718095997454
0,4069,368.0825531755359
0,4070,351.0202256628485
0,4071,333.1415560294116
0,4072,314.397313815774
0,4073,294.6649677314372
0,4074,273.7224485420967
0,4075,251.25590091755203
0,4076,226.89496206237143
0,4077,200.24531064884988
0,4078,170.0552322200144
0,4079,134.19210106437131
0,4080,86.93752031229924
0,4081,2.050746352206406e-07
0,4082,1.8858550026351248e-07
0,4083,1.7301010542491958e-07
0,4084,1.5700740048458172e-07
0,4085,1.3883776666350064e-07
0,4086,1.156910954628476e-07
0,4087,8.118812208820754e-08
0,4088,1.877361281199768e-09
0,4089,625.1077629656976
0,4090,888.2013787218716
0,4091,985.727545089767
0,4092,1042.2253199801335
0,4093,1132.5733068120885
0,4094,1378.297190963982
0,4095,2047.9999999980223
0,4096,2047.9999999870952
0,4097,1740.4195731935597
0,4098,1461.6065008473065
0,4099,1241.4419118358496
0,4100,1038.7154561275108
0,4101,837.3274304288497
0,4102,621.6872279952879
0,4103,364.3961915486717
0,4104,1.260066786819725e-07
0,4105,1.2837938465462865e-07
0,4106,1.2609359505490224e-07
0,4107,1.184221373127099e-07
0,4108,1.033471597172963e-07
0,4109,7.521800746851121e-08
0,4110,1.893699475012527e-09
0,4111,602.2225531347483
0,4112,885.8602591577013
0,4113,981.2467888296252
0,4114,1011.6032676639192
0,4115,1022.3500808618705
0,4116,1032.7171004070085
0,4117,1059.0671855992096
0,4118,1140.1199238289998
0,4119,1387.1918887729146
0,4120,2047.9999999979461
0,4121,2047.999999989611
0,4122,1722.1415488650907
0,4123,1535.9405900917156
0,4124,1384.8474834372068
0,4125,1249.6923933234636
0,4126,1122.440432972455
0,4127,998.6739453458823
0,4128,874.5503519563729
0,4129,746.2375514358016
0,4130,609.316844483795
0,4131,458.08321762035104
0,4132,266.5693157351606
0,4133,6.405343288503652e-07
0,4134,6.177037331825787e-07
0,4135,6.052845997219208e-07
0,4136,6.01945545118253e-07
0,4137,6.07543263548096e-07
0,4138,424.6002679434513
0,4139,678.4440223363939
0,4140,907.36707613199
0,4141,1130.3510719048625
0,4142,1365.9682287470919
0,4143,1646.1390710700264
0,4144,2047.9999998771057
0,4145,1696.4860280814323
0,4146,1491.0331436990239
0,4147,1322.4681129004596
0,4148,1169.5822379066028
0,4149,1023.396165945621
0,4150,879.5679080352011
0,4151,732.884535989005
0,4152,578.8696971712802
0,4153,403.95165510502835
0,4154,203.6367863034324
0,4155,1.293479460724652e-07
0,4156,1.1954776034886906e-07
0,4157,1.0314538038762831e-07
0,4158,7.443058303618542e-08
0,4159,1.8385543177241935e-09
0,4160,536.0474661714487
0,4161,857.8237059901345
0,4162,968.8875804723858
0,4163,1008.6922113561882
0,4164,1032.395482157176
0,4165,1073.166706366019
0,4166,1190.4824041900201
0,4167,1539.2312912854375
0,4168,2047.9999999982851
0,4169,1746.6337282973452
0,4170,1567.803453597502
0,4171,1424.101370746377
0,4172,1296.354396877483
0,4173,1177.3061937846385
0,4174,1062.6429361368764
0,4175,950.1805280828652
0,4176,838.4808132909349
0,4177,723.7442587413665
0,4178,600.0957028144004
0,4179,459.9606156287127
0,4180,284.5433191833584
0,4181,8.968627208453509e-08
0,4182,8.499847001582235e-08
0,4183,6.51549694694742e-08
0,4184,1.8353267295297385e-09
0,4185,683.9426166346744
0,4186,920.7891519116716
0,4187,1004.5091647049043
0,4188,1061.3817205691014
0,4189,1170.5641016135917
0,4190,1469.5571259413223
0,4191,2047.9999999980587
0,4192,2047.9999999853014
0,4193,1739.6519059703096
0,4194,1565.3637842176693
0,4195,1424.583613181319
0,4196,1299.460559139009
0,4197,1182.9659766654152
0,4198,1070.881016054562
0,4199,960.6122915955483
0,4200,849.6655221081506
0,4201,734.9052236847998
0,4202,617.6588383900231
0,4203,504.23982223462787
0,4204,360.9600303359886
0,4205,187.50198532495472
0,4206,3.0354859972494706e-07
0,4207,2.90851100177977e-07
0,4208,2.8333429382738527e-07
0,4209,2.8060687712745365e-07
0,4210,269.02901768956485
0,4211,591.2977674115953
0,4212,848.2006213354446
0,4213,1086.306983428254
0,4214,1328.7180211062805
0,4215,1607.9974535555784
0,4216,2047.9999999276993
0,4217,1604.4010882217217
0,4218,1326.0672276191026
0,4219,1085.9135616033757
0,4220,852.336659749256
0,4221,606.7689105590016
0,4222,309.47301489790067
0,4223,3.3983755526957636e-07
0,4224,2.9000542717033586e-07
0,4225,2.506901722421171e-07
0,4226,2.1777723869639202e-07
0,4227,1.8835681344275736e-07
0,4228,1.5972111879093828e-07
0,4229,1.2837435344724435e-07
0,4230,8.731109988177794e-08
0,4231,1.8609737878182774e-09
0,4232,489.861279303345
0,4233,849.3558121133527
0,4234,971.3874465702933
0,4235,1016.5235917356525
0,4236,1053.4714011175515
0,4237,1135.6199361908623
0,4238,1377.1238440977672
0,4239,2047.9999999980223
0,4240,2047.9999999870947
0,4241,1671.0907194560214
0,4242,1446.7090918769695
0,4243,1260.9888674286462
0,4244,1090.4641582082986
0,4245,925.8587664084366
0,4246,757.9900016214433
0,4247,581.0171195910899
0,4248,385.72934168612005
0,4249,230.461379658957
0,4250,160.44528102605844
0,4251,8.556982032773301e-08
0,4252,9.234133391427027e-08
0,4253,8.730396022127885e-08
0,4254,6.697771373409328e-08
0,4255,1.871880424923812e-09
0,4256,646.8377210882892
0,4257,902.5110373029386
0,4258,988.6192096804318
0,4259,1020.8950889940993
0,4260,1045.2076367481066
0,4261,1100.434585888194
0,4262,1266.5754276979085
0,4263,1752.923571300637
0,4264,2047.9999999982851
0,4265,1663.975679875766
0,4266,1413.17179170608
0,4267,1205.7913293967883
0,4268,1012.6800957543818
0,4269,819.4532701874439
0,4270,611.7089298532244
0,4271,367.7841206667598
0,4272,64.09564269172385
0,4273,54.11259226278037
0,4274,54.11259228431473
0,4275,7.60738329547416e-08
0,4276,9.323310948822889e-08
0,4277,9.778230836826867e-08
0,4278,9.11734250133464e-08
0,4279,6.937203122694003e-08
0,4280,1.909986229728197e-09
0,4281,253.7492393648333
0,4282,709.599574001069
0,4283,913.7305055203989
0,4284,1013.5386775642462
0,4285,1115.3603984861686
0,4286,1363.1520360416423
0,4287,2047.999999997944
0,4288,2047.9999999476763
0,4289,2047.9999999871202
0,4290,1702.6631970541223
0,4291,1501.7420410479347
0,4292,1337.9248747587212
0,4293,1190.321667786528
0,4294,1050.280998363465
0,4295,914.00748662908
0,4296,781.6028176323886
0,4297,651.5748553160365
0,4298,619.8187942182449
0,4299,507.15126469195167
0,4300,345.3762358863712
0,4301,399.87425388682726
0,4302,244.5957382437809
0,4303,6.845084452755356e-09
0,4304,6.523285735813135e-08
0,4305,6.512954478206726e-08
0,4306,2.4609189466489767e-09
0,4307,682.4012782570705
0,4308,945.2697488166413
0,4309,1096.8478883884616
0,4310,1353.8772859685018
0,4311,2047.9999999973913
0,4312,2047.9999999363124
0,4313,2047.9999999945683
0,4314,1590.0999900202312
0,4315,1309.2446094647976
0,4316,1066.3470113020023
0,4317,828.927703976231
0,4318,571.8230255155574
0,4319,247.98495947589547
0,4320,4.715972508999944e-09
0,4321,1.0499308272160425e-07
0,4322,1.3897282437078736e-07
0,4323,1.4948245475782693e-07
0,4324,1.4110848586042918e-07
0,4325,1.0815753790171623e-07
0,4326,3.017982754108796e-09
0,4327,628.4429931258753
0,4328,894.4750188441989
0,4329,982.2190148231172
0,4330,1011.1924209601137
0,4331,1021.7320966093911
0,4332,1032.0284251946493
0,4333,1057.568402313367
0,4334,1134.0965967442198
0,4335,1370.0750083166636
0,4336,2047.9999999964896
0,4337,1532.3364346366334
0,4338,1180.609888689013
0,4339,861.0604274941253
0,4340,518.7161641106715
0,4341,6.954694933587876e-07
0,4342,5.934862349194197e-07
0,4343,5.130328507858394e-07
0,4344,4.456814590397102e-07
0,4345,3.8547793064502844e-07
0,4346,3.2688478286132605e-07
0,4347,2.6273821219005827e-07
0,4348,1.7868983180507913e-07
0,4349,3.8096180249877066e-09
0,4350,588.497221569964
0,4351,859.3641403976566
0,4352,959.7492345153028
0,4353,999.7657986284646
0,4354,1015.6250056241532
0,4355,1023.9990734406638
0,4356,1035.5556871627616
0,4357,1066.337788453898
0,4358,1157.9006289475815
0,4359,1428.2283868823458
0,4360,2047.9999999955867
0,4361,1568.417205621562
0,4362,1273.0611387692586
0,4363,1018.5748113206042
0,4364,761.948536266262
0,4365,469.01496624547707
0,4366,6.532026095893524e-07
0,4367,6.166257803389471e-07
0,4368,5.892692958240882e-07
0,4369,5.695600508826915e-07
0,4370,5.563551130058136e-07
0,4371,5.488401003533872e-07
0,4372,5.464830837797162e-07
0,4373,5.490202159632055e-07
0,4374,5.564615907886761e-07
0,4375,5.690935809514333e-07
0,4376,5.875122233945859e-07
0,4377,6.126720503489514e-07
0,4378,6.459664912413865e-07
0,4379,333.7633401654388
0,4380,614.9305228694953
0,4381,843.4574760367211
0,4382,1049.9567976694975
0,4383,1269.6988958006484
0,4384,1516.70973232389
0,4385,1845.1149728793832
0,4386,1488.4507518812838
0,4387,1219.4732159425735
0,4388,973.4724227519908
0,4389,723.0428200193484
0,4390,434.1082848592286
0,4391,4.720092804461675e-08
0,4392,2.5186218032951244e-07
0,4393,3.453261036245295e-07
0,4394,4.035282209872981e-07
0,4395,4.4191630723180997e-07
0,4396,4.6642251370204984e-07
0,4397,4.796609848744257e-07
0,4398,4.824744686204798e-07
0,4399,4.7435889311328973e-07
0,4400,4.5333048609457654e-07
0,4401,297.54157091926305
0,4402,556.3968589198752
0,4403,764.9671127561082
0,4404,965.4446878059285
0,4405,1164.532661570007
0,4406,1373.6878557011275
0,4407,1624.4411377414922
0,4408,2047.9999999976317
0,4409,1721.407911853568
0,4410,1470.4573622922467
0,4411,1267.335969264514
0,4412,1082.0186512925527
0,4413,900.8157534365217
0,4414,713.3850174845456
0,4415,507.58050252530415
0,4416,251.15230781174535
0,4417,2.263232788601643e-09
0,4418,2.5716874952339593e-07
0,4419,3.3046474721948717e-07
0,4420,3.3339785052914454e-07
0,4421,2.6470143815672705e-07
0,4422,7.837261237910074e-09
0,4423,420.5919968961525
0,4424,820.6756949004299
0,4425,958.3492501419753
0,4426,1003.1292146168506
0,4427,1019.1657098922705
0,4428,1030.5953127719217
0,4429,1055.1823515430804
0,4430,1130.2609532994313
0,4431,1366.975988423209
0,4432,2047.9999999908753
0,4433,1552.1394116524536
0,4434,1231.2393590173317
0,4435,946.1789007591697
0,4436,661.7534914918235
0,4437,317.9007361339064
0,4438,1.0686613137324101e-06
0,4439,8.890264506094007e-07
0,4440,7.024492448932333e-07
0,4441,4.7035199896082285e-07
0,4442,9.617837302548408e-09
0,4443,265.68765564592314
0,4444,321.83668851641744
0,4445,751.8732970402315
0,4446,923.5794457678455
0,4447,987.0670499200178
0,4448,1011.0196088907461
0,4449,1019.678192210517
0,4450,1022.6170683432264
0,4451,1023.207652581722
0,4452,1024.2771836349295
0,4453,1028.481300204508
0,4454,1041.2076929663058
0,4455,1081.7674749240769
0,4456,1212.3490539969025
0,4457,1606.6330296332717
0,4458,2047.9999999880627
0,4459,1429.2459234457067
0,4460,1008.6623150640162
0,4461,584.3772492682558
0,4462,4.083460751548671e-06
0,4463,2.499806200198171e-06
0,4464,1.6336689653275935e-06
0,4465,9.371741432362976e-07
0,4466,1.2277663973848862e-08
0,4467,381.2044771481981
0,4468,690.0078670950196
0,4469,884.2025916836577
0,4470,967.4339816041529
0,4471,1001.4622110702585
0,4472,1015.4326485987582
0,4473,1020.6370248527318
0,4474,1023.1941414455753
0,4475,1024.2074252363852
0,4476,1026.9559064746413
0,4477,1034.818720512644
0,4478,1058.4070789600862
0,4479,1133.8193576122383
0,4480,1375.7580488013523
0,4481,2047.999999984993
0,4482,1480.4318150875022
0,4483,1051.7318400202744
0,4484,625.5431341924719
0,4485,5.208339999786607e-06
0,4486,3.2319746965979793e-06
0,4487,2.1620302004450066e-06
0,4488,1.3252153466362937e-06
0,4489,3.6093929307786385e-07
0,4490,659.0029877797172
0,4491,792.3746455954896
0,4492,1.6091556741330872e-08
0,4493,253.89377154520625
0,4494,750.0113236967426
0,4495,934.702495403327
0,4496,994.9829654584589
0,4497,1014.795285726871
0,4498,1021.7561792504191
0,4499,1025.8470793380643
0,4500,1033.581383700187
0,4501,1056.8758079681577
0,4502,1131.738207450605
0,4503,1368.4497323668033
0,4504,2047.9999999826732
0,4505,2047.9999999980969
0,4506,1807.9513343840333
0,4507,1668.0045288379988
0,4508,1558.2560574586362
0,4509,1463.0066487235956
0,4510,1376.392424378354
0,4511,1295.9609563220263
0,4512,1220.5908580117716
0,4513,1147.8896369949432
0,4514,1075.73090711203
0,4515,1003.2000283753013
0,4516,930.0391222829808
0,4517,930.039122127362
0,4518,868.6384752822512
0,4519,868.6384752458226
0,4520,868.63847522722
0,4521,868.638475221905
0,4522,868.6384752290514
0,4523,868.6384752507713
0,4524,1019.2223283553967
0,4525,1019.2223284442476
0,4526,1019.2223287190388
0,4527,1576.137806887378
0,4528,1499.0796609551344
0,4529,1427.5718613647127
0,4530,1360.0373465579164
0,4531,1295.3870404655481
0,4532,1232.8323827497002
0,4533,1171.9630645153886
0,4534,1112.246740249864
0,4535,1053.3284865330866
0,4536,994.7105221908193
0,4537,935.9739381317962
0,4538,876.6801189734532
0,4539,816.3573224355877
0,4540,754.4772483833341
0,4541,690.4239021462552
0,4542,623.3418096007073
0,4543,553.2456903667684
0,4544,477.75733397975273
0,4545,477.75733394336703
0,4546,477.75733392476167
0,4547,477.75733391943965
0,4548,477.7573339265749
0,4549,477.7573339482835
0,4550,1585.0981506206074
0,4551,1585.098150708273
0,4552,1546.14863391907
0,4553,1429.5188266479875
0,4554,1322.8215298682878
0,4555,1221.7897131136533
0,4556,1124.1070769100988
0,4557,1028.379990884179
0,4558,933.0554370439805
0,4559,836.714292809051
0,4560,737.3189036115933
0,4561,633.5805102037301
0,4562,520.7210767600488
0,4563,391.06776017343833
0,4564,223.56565312471727
0,4565,1.7581795820116207e-07
0,4566,1.7061107867661273e-07
0,4567,1.6503311033892938e-07
0,4568,1.584852746189312e-07
0,4569,1.5019600382184628e-07
0,4570,421.9979374931942
0,4571,690.7842142571526
0,4572,921.1744114454712
0,4573,1141.6657412550333
0,4574,1369.8193516743604
0,4575,1626.9599315700389
0,4576,2047.999999967292
0,4577,1700.497501577402
0,4578,1485.4488716655076
0,4579,1310.5138464209008
0,4580,1151.3411147577915
0,4581,998.1282994775189
0,4582,844.2860312298585
0,4583,684.2171289683783
0,4584,508.11510179488755
0,4585,297.17126338031807
0,4586,9.433861942888635e-08
0,4587,1.0368158963281957e-07
0,4588,1.0388223612879254e-07
0,4589,9.449176540906375e-08
0,4590,7.078202425949472e-08
0,4591,1.8919481809672637e-09
0,4592,664.4193955188497
0,4593,901.4852153715294
0,4594,982.3324369340916
0,4595,1011.3222969956879
0,4596,1028.1752148010091
0,4597,1057.2101802860193
0,4598,1138.6152628144848
0,4599,1382.8997281334373
0,4600,2047.9999999979657
0,4601,2047.999999989082
0,4602,1622.5613346749114
0,4603,1363.5013082120238
0,4604,1146.059414282689
0,4605,940.090503898663
0,4606,730.3959800768806
0,4607,503.3230583892086
0,4608,288.54390295165933
0,4609,1.4460114301331523e-07
0,4610,1.364522023465859e-07
0,4611,1.246411096914046e-07
0,4612,1.0658626700171716e-07
0,4613,7.638532029349853e-08
0,4614,1.8573773708907458e-09
0,4615,669.2225070140224
0,4616,912.8650976291093
0,4617,990.9245647144342
0,4618,1015.3362363400372
0,4619,1023.8619653402064
0,4620,1033.1816177626283
0,4621,1058.4623432247824
0,4622,1137.1804909671841
0,4623,1381.8947196057281
0,4624,2047.9999999979848
0,4625,2047.9999999884938
0,4626,1720.7078704210605
0,4627,1534.5506453598719
0,4628,1383.7099194208902
0,4629,1248.8746848257736
0,4630,1122.3784992616388
0,4631,1000.9814915764565
0,4632,880.4662434414588
0,4633,757.4744324250653
0,4634,627.2456123413708
0,4635,482.44863002584384
0,4636,299.858203028882
0,4637,5.817356282822474e-08
0,4638,5.258257508847019e-08
0,4639,1.8283910875058063e-09
0,4640,610.0579804914121
0,4641,886.245649334015
0,4642,980.0835265288401
0,4643,1017.1802296547867
0,4644,1051.2167838904238
0,4645,1130.977790327723
0,4646,1370.389407789245
0,4647,2047.9999999980407
0,4648,2047.9999999862566
0,4649,1752.9533362129885
0,4650,1585.6990202517372
0,4651,1450.9850100360948
0,4652,1331.6999142608217
0,4653,1221.1826241672727
0,4654,1115.5965936545044
0,4655,1012.508143928324
0,4656,909.632446762534
0,4657,804.7566423234449
0,4658,695.4983664313808
0,4659,582.9239357702447
0,4660,455.323779319118
0,4661,308.76154936361036
0,4662,308.76154934498106
0,4663,308.76154933963517
0,4664,308.76154934674116
0,4665,607.6529329015583
0,4666,850.2914352801116
0,4667,1075.5022582630234
0,4668,1306.8839000169328
0,4669,1575.8750384101436
0,4670,1987.2717702560014
0,4671,1906.9007530153692
0,4672,1852.9135486201212
0,4673,1809.443786663641
0,4674,1771.6377728837926
0,4675,1737.4693632251144
0,4676,1706.287355054139
0,4677,1677.3644673393865
0,4678,1650.1427578912019
0,4679,1624.3042956979953
0,4680,1599.6006225873014
0,4681,1575.8523903275154
0,4682,1552.910783523634
0,4683,1530.6650658743679
0,4684,1509.0234679660482
0,4685,1487.9131852124817
0,4686,1467.278024306898
0,4687,1447.0534058055132
0,4688,1427.2042087490665
0,4689,1407.7154515965262
0,4690,1388.5511534995887
0,4691,1369.6886879082604
0,4692,1351.1208892198383
0,4693,1332.8614182839215
0,4694,1314.8256146280348
0,4695,1296.929085753099
0,4696,1279.1683349874172
0,4697,1261.5443090232438
0,4698,1244.024998635408
0,4699,1226.4683477016388
0,4700,1209.0100254131048
0,4701,1191.7745841245032
0,4702,1174.6996396039442
0,4703,1157.7495474749555
0,4704,1140.885358197957
0,4705,1124.0921638701004
0,4706,1107.35096214311
0,4707,1090.6523213649336
0,4708,1073.9852401991604
0,4709,1057.3427490488873
0,4710,1040.7125406151968
0,4711,1024.0817418518095
0,4712,1007.44925666738
0,4713,990.8120399476961
0,4714,974.1602063356206
0,4715,957.4874495415421
0,4716,940.7904139211367
0,4717,924.0528696998863
0,4718,907.2571487823966
0,4719,890.3840752278173
0,4720,873.4261055990374
0,4721,856.3603955183717
0,4722,839.1417751653577
0,4723,821.6996888576311
0,4724,804.0965259640968
0,4725,786.4725331902486
0,4726,768.7649287803183
0,4727,750.9317794041322
0,4728,732.9315645075701
0,4729,714.7414700386776
0,4730,696.3335404329675
0,4731,677.6818874234381
0,4732,658.7578462812346
0,4733,639.5477940363572
0,4734,620.1428543277672
0,4735,600.8005301519794
0,4736,600.800530115811
0,4737,600.800530097363
0,4738,600.8005300921827
0,4739,600.8005300994746
0,4740,600.8005301213897
0,4741,600.8005301651017
0,4742,600.8005302527746
0,4743,577.300800035282
0,4744,553.1642327634921
0,4745,528.3208234934895
0,4746,502.6273528440822
0,4747,475.5985805387332
0,4748,447.4579882115777
0,4749,418.33001726303604
0,4750,387.8621309422355
0,4751,355.67160442906606
0,4752,321.1098356973354
0,4753,283.3103610836307
0,4754,240.7992627578299
0,4755,190.66126379239046
0,4756,125.08643722664009
0,4757,6.970459410303551e-08
0,4758,5.768764131863839e-08
0,4759,1.8133565504059122e-09
0,4760,669.3467737666844
0,4761,916.1865838598372
0,4762,1004.9249399538796
0,4763,1059.1949603819896
0,4764,1153.9173194863542
0,4765,1408.3247463124965
0,4766,2047.9999999980762
0,4767,2047.9999999842057
0,4768,1772.638946372639
0,4769,1600.8133643294318
0,4770,1463.9220998222982
0,4771,1342.8024573829612
0,4772,1230.473553197234
0,4773,1123.1824645618656
0,4774,1019.0464966306909
0,4775,915.4490784948823
0,4776,810.1450300490418
0,4777,700.5273321280541
0,4778,582.648920006677
0,4779,449.4731261738268
0,4780,282.0756104010431
0,4781,5.8170977330578954e-08
0,4782,5.258147674578738e-08
0,4783,1.8283902907766634e-09
0,4784,667.8987757717744
0,4785,912.0915822087684
0,4786,993.6539564988556
0,4787,1026.6875758806036
0,4788,1063.0896351181154
0,4789,1155.1411654208155
0,4790,1421.1032005479349
0,4791,2047.9999999980407
0,4792,2047.9999999862566
0,4793,1750.1505768698275
0,4794,1581.0225720385693
0,4795,1444.8024507477937
0,4796,1323.81712598486
0,4797,1211.3613098206952
0,4798,1103.6704242659328
0,4799,998.3650262962724
0,4800,892.8790618573993
0,4801,784.8534914938613
0,4802,672.2394397131164
0,4803,552.3506556421163
0,4804,413.71947318587485
0,4805,239.7768563416531
0,4806,3.034833487530037e-07
0,4807,2.9079204281020265e-07
0,4808,2.832797505007158e-07
0,4809,2.8055525305882697e-07
0,4810,240.84851721568785
0,4811,575.8996955948461
0,4812,838.0237200632366
0,4813,1080.4175700408061
0,4814,1328.3442659362206
0,4815,1613.8881948542685
0,4816,2047.9999999277052
0,4817,1736.2184295073223
0,4818,1558.4197025054739
0,4819,1414.6218576057865
0,4820,1286.5022174333924
0,4821,1166.8070955055425
0,4822,1051.5383908372276
0,4823,938.9548061900323
0,4824,826.1681386872898
0,4825,710.8628781841101
0,4826,588.4347567910685
0,4827,449.90859497076656
0,4828,274.6248841076109
0,4829,5.8175324621687866e-08
0,4830,5.258328913902011e-08
0,4831,1.8285112562794621e-09
0,4832,45.62985347838241
0,4833,691.3316052024546
0,4834,916.8127511326588
0,4835,996.1577439287347
0,4836,1045.5933439198454
0,4837,1130.9397004995344
0,4838,1370.4195586142162
0,4839,2047.9999999980407
0,4840,2047.9999999862564
0,4841,1740.9125583312104
0,4842,1562.117822191731
0,4843,1417.816073926793
0,4844,1289.4717712142544
0,4845,1169.580170740411
0,4846,1053.917067882525
0,4847,940.5075532492976
0,4848,828.6475216543304
0,4849,714.509841925507
0,4850,594.683028715664
0,4851,459.6623046462248
0,4852,289.195606761733
0,4853,8.982267258582117e-08
0,4854,8.517286267631819e-08
0,4855,6.545435233184724e-08
0,4856,1.8349093369486777e-09
0,4857,671.3800581386816
0,4858,910.3436753064374
0,4859,994.9073444313997
0,4860,1046.0055110476644
0,4861,1135.270616650945
0,4862,1381.9196400087963
0,4863,2047.9999999980587
0,4864,2047.9999999853017
0,4865,1751.905222197456
0,4866,1584.6077689709512
0,4867,1449.9603150448754
0,4868,1330.6783694880608
0,4869,1220.0407273049611
0,4870,1114.1826299154452
0,4871,1010.6616376252167
0,4872,907.2254887853638
0,4873,802.6282739486
0,4874,695.2348651819541
0,4875,579.4498404200143
0,4876,447.5970500269679
0,4877,283.28981971080356
0,4878,8.460643941163532e-08
0,4879,6.471507676024049e-08
0,4880,1.7989966949823678e-09
0,4881,595.7188470318433
0,4882,888.0529574654981
0,4883,1007.8265738806226
0,4884,1114.9706719792189
0,4885,1362.9001778301922
0,4886,2047.9999999981103
0,4887,2047.9999999814593
0,4888,1808.9272536657436
0,4889,1656.070210727782
0,4890,1536.3827715562934
0,4891,1431.8250866053618
0,4892,1336.3081336252035
0,4893,1246.6365492252141
0,4894,1160.8016706727315
0,4895,1077.307540861459
0,4896,994.8174728278285
0,4897,912.2084063559128
0,4898,828.2496885678077
0,4899,741.4854674076599
0,4900,651.6039066726894
0,4901,558.0521725603861
0,4902,456.49523308455935
0,4903,346.7919273636091
0,4904,346.7919273449907
0,4905,346.7919273396557
0,4906,346.7919273467746
0,4907,638.8101291532881
0,4908,914.5554515764694
0,4909,1178.794886976179
0,4910,1462.7949930728003
0,4911,1854.8505871338334
0,4912,1666.103462396533
0,4913,1475.1950554650452
0,4914,1313.6625369863843
0,4915,1165.298991523455
0,4916,1022.6161898838648
0,4917,880.5224973373221
0,4918,734.7297606853275
0,4919,578.1718875940301
0,4920,396.686288553644
0,4921,162.95673669086335
0,4922,1.4446043708981303e-07
0,4923,1.365074449090906e-07
0,4924,1.2468206392437012e-07
0,4925,1.0661173208495207e-07
0,4926,7.639809731053244e-08
0,4927,1.857376839942119e-09
0,4928,560.2960198311346
0,4929,867.739280849553
0,4930,975.6571062075607
0,4931,1012.551376667874
0,4932,1036.8992832633157
0,4933,1083.5091439455118
0,4934,1215.7386364162778
0,4935,1605.882070236989
0,4936,2047.9999999982851
0,4937,1730.3721401787295
0,4938,1528.1044716092474
0,4939,1364.5619928062108
0,4940,1217.9189244501135
0,4941,1079.0408586908127
0,4942,942.313863811639
0,4943,803.5621972620095
0,4944,659.5655074599184
0,4945,500.83570896543506
0,4946,309.176483401502
0,4947,1.9355660893394136e-07
0,4948,1.7628644845263776e-07
0,4949,1.5899469164959803e-07
0,4950,1.3986145768621143e-07
0,4951,1.1603692217793127e-07
0,4952,8.113290512101919e-08
0,4953,1.859018268989e-09
0,4954,674.392620543249
0,4955,917.5323859385594
0,4956,1012.0234975348251
0,4957,1092.0939400414768
0,4958,1270.4078444413967
0,4959,1767.2426895562749
0,4960,2047.9999999982851
0,4961,1651.830392848151
0,4962,1392.148996856194
0,4963,1175.4970159616835
0,4964,971.4780024813176
0,4965,764.1179024877495
0,4966,535.4112061555162
0,4967,248.01925355089946
0,4968,1.7265279630545314e-07
0,4969,1.672133606641247e-07
0,4970,1.611298684882378e-07
0,4971,1.537226467430064e-07
0,4972,1.4406993815259048e-07
0,4973,1.3076497860085076e-07
0,4974,1.1127065403379805e-07
0,4975,7.943072586997992e-08
0,4976,1.91391728795829e-09
0,4977,670.4213755844273
0,4978,919.9508781172935
0,4979,1019.349705941674
0,4980,1111.9141048917656
0,4981,1327.0709999842206
0,4982,1902.621387758364
0,4983,2047.9999999979439
0,4984,2047.9999999476775
0,4985,2047.99999998712
0,4986,1585.529673666014
0,4987,1299.695838814331
0,4988,1051.7234492606433
0,4989,807.8140555928672
0,4990,540.9003409518629
0,4991,195.52152212239446
0,4992,8.945925600361361e-09
0,4993,8.988356997260451e-08
0,4994,1.220725554685741e-07
0,4995,1.3830977799367998e-07
0,4996,1.4405605204616018e-07
0,4997,1.403173807264723e-07
0,4998,1.254727728342849e-07
0,4999,9.292209687995637e-08
0,5000,2.4271621267752404e-09
0,5001,620.6719178480014
0,5002,895.5807794967996
0,5003,1007.4600534828592
0,5004,1109.3641102341471
0,5005,1349.5059461499065
0,5006,2016.6790956533828
0,5007,2047.9999999972893
0,5008,1519.3089733355096
0,5009,1184.0987154649943
0,5010,882.4329080880107
0,5011,556.0315042797388
0,5012,99.29830878852658
0,5013,3.505071756051514e-07
0,5014,3.2576794480379794e-07
0,5015,3.04210598342763e-07
0,5016,2.8432136963806726e-07
0,5017,2.645146004808625e-07
0,5018,2.4290949756603387e-07
0,5019,2.1692182127993915e-07
0,5020,1.8221921159691941e-07
0,5021,1.287320388366624e-07
0,5022,3.0260278170372694e-09
0,5023,299.42205703212977
0,5024,790.6213321370868
0,5025,952.7896895132612
0,5026,1002.6251388136275
0,5027,1019.2265496755555
0,5028,1030.16653021558
0,5029,1052.9697260970977
0,5030,1124.1647319171493
0,5031,1357.0307551264639
0,5032,2047.9999999964896
0,5033,1630.0316714314602
0,5034,1309.695235881438
0,5035,1039.943759744291
0,5036,774.6590431451162
0,5037,473.65151575573987
0,5038,5.473366769360522e-07
0,5039,4.870402370681505e-07
0,5040,4.361220432138398e-07
0,5041,3.907644110073805e-07
0,5042,3.473810770190499e-07
0,5043,3.0179847548930964e-07
0,5044,2.4776163035694003e-07
0,5045,1.716818494351582e-07
0,5046,3.844966442972107e-09
0,5047,506.71432513658857
0,5048,855.2745634354676
0,5049,972.5835083349657
0,5050,1009.2314884902715
0,5051,1021.9043340526974
0,5052,1032.733878527781
0,5053,1058.1861657650347
0,5054,1137.14791678853
0,5055,1384.474349532335
0,5056,2047.9999999982851
0,5057,1749.2558422755728
0,5058,1520.7619431990206
0,5059,1339.6532170215119
0,5060,1177.4063693007024
0,5061,1022.8011575164905
0,5062,868.6873367652357
0,5063,712.4340106812868
0,5064,561.4893631696083
0,5065,450.34496114967146
0,5066,450.34496111322693
0,5067,450.3449610945831
0,5068,315.3938464368515
0,5069,6.974496359148151e-08
0,5070,5.7706896278888055e-08
0,5071,1.813375056940362e-09
0,5072,331.59146192989476
0,5073,794.4374383431866
0,5074,953.8069330008916
0,5075,1010.8369050204622
0,5076,1051.1763401407354
0,5077,1135.0146600361286
0,5078,1380.4610964894748
0,5079,2047.9999999980587
0,5080,2047.9999999853019
0,5081,1737.3878897478444
0,5082,1560.9281705633937
0,5083,1418.1633621741908
0,5084,1291.27593049451
0,5085,1173.0831496156793
0,5086,1059.2924735962956
0,5087,948.3417109916828
0,5088,836.9717572477755
0,5089,722.8996673966677
0,5090,601.7605998059573
0,5091,465.38535930775055
0,5092,295.66952825687787
0,5093,5.817633099061947e-08
0,5094,5.258372709445781e-08
0,5095,1.8283840147976373e-09
0,5096,660.5333157752364
0,5097,907.1491069357705
0,5098,996.1521657083546
0,5099,1046.9995496656902
0,5100,1132.09625409864
0,5101,1371.2567958551708
0,5102,2047.9999999980587
0,5103,2047.999999985301
0,5104,1750.830051271324
0,5105,1559.1515706513862
0,5106,1405.5038056839487
0,5107,1268.4148388270023
0,5108,1140.2691574627906
0,5109,1016.3923110970953
0,5110,893.1636013317237
0,5111,767.7923055892107
0,5112,636.235989318601
0,5113,636.2359890422207
0,5114,636.2359889512919
0,5115,636.2359889045879
0,5116,636.2359888794905
0,5117,636.2359888689514
0,5118,636.23598887087
0,5119,636.2359888860793
0,5120,636.2359889190877
0,5121,636.2359889834405
0,5122,636.2359891359264
0,5123,862.5497222901112
0,5124,1102.9840082697756
0,5125,1352.671127943738
0,5126,1647.608309418707
0,5127,1958.6271735634018
0,5128,1869.178327809768
0,5129,1806.5295222413251
0,5130,1755.1180016266517
0,5131,1710.0056792497255
0,5132,1669.1841323055505
0,5133,1631.6054376166244
0,5134,1596.5038508702883
0,5135,1563.3155701909102
0,5136,1531.6591336446886
0,5137,1501.2468600595987
0,5138,1471.8818069047197
0,5139,1443.4028038405334
0,5140,1415.673603525126
0,5141,1388.585299464232
0,5142,1362.0566977362269
0,5143,1336.0197980057849
0,5144,1310.4266778506728
0,5145,1285.2716743723543
0,5146,1260.8250080056794
0,5147,1260.8250078510264
0,5148,1260.8250077836806
0,5149,1260.8250077474797
0,5150,1237.6422763813193
0,5151,1214.2201521413342
0,5152,1190.9618305961772
0,5153,1167.8415544797006
0,5154,1144.8366910325801
0,5155,1121.9055727562263
0,5156,1099.068335187679
0,5157,1076.3207549306962
0,5158,1053.659485751192
0,5159,1031.053299891452
0,5160,1008.4753454444667
0,5161,985.8885834271307
0,5162,963.2668133538007
0,5163,940.5815647713289
0,5164,917.804993109638
0,5165,894.9111290889473
0,5166,871.8804781488162
0,5167,848.6920106072431
0,5168,825.3407526934043
0,5169,801.852755523766
0,5170,778.3562782425723
0,5171,754.6464317378435
0,5172,731.2136134228907
0,5173,707.5598597912928
0,5174,682.5215764234231
0,5175,656.897119402329
0,5176,630.67368051062
0,5177,603.7700855829428
0,5178,576.0415889210282
0,5179,547.2130393514578
0,5180,517.5085184895244
0,5181,486.7843602314127
0,5182,454.80501670899406
0,5183,421.2005638443223
0,5184,385.58183129746595
0,5185,347.64279464586826
0,5186,306.3068426707345
0,5187,259.7489934714776
0,5188,204.5584157220023
0,5189,132.1728329560842
0,5190,6.970948150801005e-08
0,5191,5.7690177192255875e-08
0,5192,1.813352108035953e-09
0,5193,659.2663212213198
0,5194,909.0809880194661
0,5195,997.2155412072603
0,5196,1046.626548346338
0,5197,1134.9025918047384
0,5198,1380.54793542532
0,5199,2047.9999999980762
0,5200,2047.9999999842053
0,5201,1633.9200841401992
0,5202,1385.6738883653097
0,5203,1177.5437107277069
0,5204,982.0627838396485
0,5205,784.6339688150056
0,5206,570.4512590017905
0,5207,310.25699291646134
0,5208,1.6543110325852885e-07
0,5209,1.5944051988848063e-07
0,5210,1.5213263882812443e-07
0,5211,1.4259592464937543e-07
0,5212,1.294384768262707e-07
0,5213,1.1014928823437325e-07
0,5214,7.863437674066737e-08
0,5215,1.8949625871040254e-09
0,5216,656.8330235467832
0,5217,907.9546828243323
0,5218,991.2463258613185
0,5219,1022.664542098129
0,5220,1053.168274819936
0,5221,1131.1554487982044
0,5222,1370.9876929338886
0,5223,2047.9999999979848
0,5224,2047.9999999884935
0,5225,1698.0006055902702
0,5226,1495.2143492068922
0,5227,1328.8456252514034
0,5228,1178.4628120651994
0,5229,1035.1165788876701
0,5230,893.3026824411575
0,5231,747.5204996465642
0,5232,598.1368339772504
0,5233,598.1368338211721
0,5234,598.1368337534209
0,5235,598.136833716997
0,5236,404.7036269439364
0,5237,1.098904855266746e-07
0,5238,9.691426728412032e-08
0,5239,7.107928124838877e-08
0,5240,1.8193474872441747e-09
0,5241,640.2220315443308
0,5242,901.7613594120178
0,5243,997.7997954649342
0,5244,1062.4595997043536
0,5245,1186.012596790073
0,5246,1523.9401018043727
0,5247,2047.9999999982851
0,5248,1789.7033586166947
0,5249,1609.8287777154324
0,5250,1468.8115007210008
0,5251,1345.1944592143495
0,5252,1231.338492006724
0,5253,1123.0163776580825
0,5254,1017.6178387862403
0,5255,914.3376704644373
0,5256,810.3145510773069
0,5257,702.9840913685894
0,5258,588.3848076400266
0,5259,457.97422417864834
0,5260,292.6649400971178
0,5261,5.817186342933626e-08
0,5262,5.258166999571733e-08
0,5263,1.8283903751170045e-09
0,5264,606.7130505411551
0,5265,884.6159901842334
0,5266,981.3909809839024
0,5267,1018.7948569904053
0,5268,1051.7342095179677
0,5269,1130.4497097224498
0,5270,1369.5167584112728
0,5271,2047.9999999980407
0,5272,2047.9999999862566
0,5273,1738.9397980886083
0,5274,1562.9979243887735
0,5275,1421.1874144896667
0,5276,1295.3120990373307
0,5277,1177.8383983925867
0,5278,1064.7902133071063
0,5279,955.0317255667453
0,5280,844.8504872136685
0,5281,730.8903900839107
0,5282,609.1925241443895
0,5283,471.42883295457926
0,5284,298.86241829961597
0,5285,5.8173051638704665e-08
0,5286,5.258213486849329e-08
0,5287,1.8283898945079692e-09
0,5288,583.7217776698424
0,5289,878.8695612376747
0,5290,980.6422101007972
0,5291,1020.4735233153136
0,5292,1055.2471300556656
0,5293,1136.8878727425167
0,5294,1378.9506325762975
0,5295,2047.9999999980407
0,5296,2047.9999999862566
0,5297,1776.7271741151435
0,5298,1625.3233049725904
0,5299,1504.724654412698
0,5300,1399.1147089915557
0,5301,1302.1120630362534
0,5302,1210.4893675278945
0,5303,1122.0500697001728
0,5304,1035.180280365857
0,5305,948.6369559704839
0,5306,861.0686569430557
0,5307,770.9731717039377
0,5308,679.0500866326768
0,5309,579.7650268509459
0,5310,470.3867596432268
0,5311,346.05563303930404
0,5312,346.05563302877397
0,5313,346.0556330306969
0,5314,346.05563304590885
0,5315,667.5704695743372
0,5316,937.3767610863426
0,5317,1196.9319334239676
0,5318,1478.120101479974
0,5319,1867.1886555277977
0,5320,1635.1482444333517
0,5321,1450.133696848176
0,5322,1291.0933652349981
0,5323,1144.0470801802476
0,5324,1002.1182866115603
0,5325,859.7568814573004
0,5326,711.6122060763176
0,5327,549.3806274794634
0,5328,358.1748781696944
0,5329,250.01262969864678
0,5330,250.0126296308213
0,5331,250.01262959434615
0,5332,250.0126295756695
0,5333,1.0997182671482707e-07
0,5334,9.696544073292668e-08
0,5335,7.110485823423054e-08
0,5336,1.8193562698564837e-09
0,5337,594.1839734928551
0,5338,887.8247761947806
0,5339,1007.6993527135528
0,5340,1114.7303118646596
0,5341,1361.6698012155382
0,5342,2047.9999999980935
0,5343,2047.9999999829377
0,5344,1670.2527970763458
0,5345,1382.798317753375
0,5346,1141.7850493039386
0,5347,912.7031226392207
0,5348,673.4367966213408
0,5349,395.78729601191657
0,5350,4.7488777038117054e-07
0,5351,3.869161794386902e-07
0,5352,3.265631526447256e-07
0,5353,2.811183911314587e-07
0,5354,2.447121912089946e-07
0,5355,2.1386246625536157e-07
0,5356,1.8595382001603791e-07
0,5357,1.5842886354232918e-07
0,5358,1.2786802213234246e-07
0,5359,8.7290793916061e-08
0,5360,1.8793325198087935e-09
0,5361,595.980369449314
0,5362,883.7540097559117
0,5363,989.9551972270237
0,5364,1051.47586635954
0,5365,1155.0287301546582
0,5366,1436.6707252818808
0,5367,2047.9999999980223
0,5368,2047.9999999870965
0,5369,1896.0766781347418
0,5370,1815.9279255518534
0,5371,1754.3171811638163
0,5372,1702.0418388249482
0,5373,1655.445135435495
0,5374,1612.8883522079357
0,5375,1573.4759261142042
0,5376,1536.9337497356562
0,5377,1502.653964762641
0,5378,1469.278874302793
0,5379,1436.5535510908658
0,5380,1404.4741798181417
0,5381,1373.1691005977102
0,5382,1342.5340938889844
0,5383,1312.6565437665959
0,5384,1312.6565436117908
0,5385,1312.6565435443829
0,5386,1312.6565435081507
0,5387,1312.6565434896606
0,5388,1312.6565434844472
0,5389,1312.6565434917072
0,5390,1286.5058592599669
0,5391,1260.211957268732
0,5392,1234.2005738577386
0,5393,1208.4367641679614
0,5394,1182.8763012901861
0,5395,1157.5096977703904
0,5396,1132.3401636062238
0,5397,1107.311184634176
0,5398,1082.3995268670224
0,5399,1057.5868421947773
0,5400,1032.846567513881
0,5401,1008.146662094584
0,5402,983.475255257224
0,5403,958.7367872350345
0,5404,933.8689980905727
0,5405,908.8516212936177
0,5406,883.6565446436389
0,5407,858.2583674490097
0,5408,832.6514756398778
0,5409,806.8220566606669
0,5410,780.7516048243613
0,5411,754.5553253361969
0,5412,754.5553251814734
0,5413,754.5553251140835
0,5414,730.8787649710807
0,5415,702.9786107732217
0,5416,674.3150451951287
0,5417,644.944784526043
0,5418,614.7210541226613
0,5419,583.5057357518423
0,5420,551.3882326552321
0,5421,518.1054185254251
0,5422,483.4233100398101
0,5423,446.9936804828396
0,5424,408.3136328861818
0,5425,366.7165031821411
0,5426,321.39862992794775
0,5427,270.69933006125507
0,5428,210.54290758657731
0,5429,131.33766082556505
0,5430,3.032577108739087e-07
0,5431,2.9057778049061895e-07
0,5432,2.830698089339805e-07
0,5433,2.803439593060419e-07
0,5434,468.62577476013735
0,5435,764.7909021994756
0,5436,1024.644740924585
0,5437,1283.7604816097178
0,5438,1575.8622593096497
0,5439,2047.999999927702
0,5440,1770.0587571378028
0,5441,1598.5454717021944
0,5442,1461.6238198519022
0,5443,1340.5480944761714
0,5444,1228.3487295533196
0,5445,1121.229190146946
0,5446,1016.8127857434702
0,5447,913.9917022223981
0,5448,809.2340129269163
0,5449,700.3169253042282
0,5450,583.5621500145617
0,5451,451.42560204079473
0,5452,286.617710002013
0,5453,5.8173677409203994e-08
0,5454,5.258223034421074e-08
0,5455,1.828390015480156e-09
0,5456,518.2391717127048
0,5457,860.1180024398566
0,5458,976.1233791617327
0,5459,1017.719312517153
0,5460,1050.3073404668457
0,5461,1126.917150050816
0,5462,1362.7931170033064
0,5463,2047.9999999980407
0,5464,2047.9999999862575
0,5465,1902.2903278751521
0,5466,1825.352689133007
0,5467,1765.9645420384277
0,5468,1715.6035686980217
0,5469,1670.8448747216191
0,5470,1629.9368598144622
0,5471,1591.8623021344674
0,5472,1555.9558561783003
0,5473,1521.7745407364066
0,5474,1488.969760618026
0,5475,1457.3282695291175
0,5476,1426.6575116219876
0,5477,1396.785463657441
0,5478,1367.6189608339366
0,5479,1339.06214650453
0,5480,1311.0353594230828
0,5481,1283.509256809264
0,5482,1256.4217639474448
0,5483,1256.4217637926852
0,5484,1256.4217637252914
0,5485,1256.4217636890644
0,5486,1230.832279373122
0,5487,1205.3146727495657
0,5488,1179.9554167140054
0,5489,1154.7323140502697
0,5490,1129.6044553823433
0,5491,1104.588057618912
0,5492,1079.7138877385191
0,5493,1054.9291756985244
0,5494,1030.2198626183383
0,5495,1005.5557672329024
0,5496,980.9050905215794
0,5497,956.2046998703456
0,5498,931.4233901104977
0,5499,906.5255433505913
0,5500,881.4672303805905
0,5501,856.2078911304753
0,5502,830.7225561160628
0,5503,805.0670649782436
0,5504,779.6226346202518
0,5505,779.6226345528776
0,5506,779.6226345166585
0,5507,779.622634498174
0,5508,779.6226344929617
0,5509,779.6226345002191
0,5510,779.6226345220866
0,5511,751.9759671006666
0,5512,722.9584757159387
0,5513,693.2947529137875
0,5514,662.34919480719
0,5515,630.4868383839214
0,5516,597.8452663651772
0,5517,564.5273966015031
0,5518,530.3139962923673
0,5519,494.7092603583192
0,5520,457.3170085838616
0,5521,417.67352306023247
0,5522,375.42510415357646
0,5523,329.2796036792431
0,5524,277.11505316632895
0,5525,214.80962895070147
0,5526,131.61815375305147
0,5527,4.266239260500385e-08
0,5528,1.7866804800399271e-09
0,5529,580.9964996310429
0,5530,887.7682894572981
0,5531,1010.3500376909069
0,5532,1119.028752062027
0,5533,1368.687396449264
0,5534,2047.9999999981103
0,5535,2047.9999999814593
0,5536,1795.3999846271047
0,5537,1653.0499742414765
0,5538,1538.2335979068084
0,5539,1437.5675048700195
0,5540,1345.7191639851658
0,5541,1259.5933428081676
0,5542,1177.9606597448326
0,5543,1098.7656759930283
0,5544,1020.7415856440416
0,5545,942.8549858106659
0,5546,864.1073893553913
0,5547,783.3712372535368
0,5548,699.7626118278055
0,5549,611.7905836276
0,5550,515.679283472297
0,5551,406.1459332859193
0,5552,276.4817118337775
0,5553,276.48171182844595
0,5554,330.46242270930287
0,5555,672.6764621899582
0,5556,949.480677272245
0,5557,1216.1507936318255
0,5558,1487.1267472495163
0,5559,1875.4721972734098
0,5560,1655.3880296742707
0,5561,1496.4253431045968
0,5562,1358.894296582978
0,5563,1233.2513047039256
0,5564,1114.639412015431
0,5565,999.5150852068589
0,5566,884.9177949798202
0,5567,767.9233963350327
0,5568,645.5427553360273
0,5569,513.369136588834
0,5570,362.6438062635389
0,5571,362.643806107614
0,5572,362.6438060398102
0,5573,362.64380600335176
0,5574,362.64380598469353
0,5575,362.64380597932484
0,5576,362.64380598640923
0,5577,362.64380600804225
0,5578,661.5671771967293
0,5579,919.7728422926278
0,5580,1171.7893739960798
0,5581,1447.3564634564013
0,5582,1808.952905589446
0,5583,1947.342876173617
0,5584,1650.5070827534644
0,5585,1389.6412506494
0,5586,1169.372342235698
0,5587,961.3879781000247
0,5588,749.1257554353141
0,5589,511.0554012089227
0,5590,187.7117795995835
0,5591,1.2432155279604163e-07
0,5592,1.3999720221313143e-07
0,5593,1.5210887058434938e-07
0,5594,1.6195956420024765e-07
0,5595,1.703716980379561e-07
0,5596,1.7793280413254246e-07
0,5597,1.8510945894639535e-07
0,5598,1.9231095264252845e-07
0,5599,1.999312762827226e-07
0,5600,2.0838184477207835e-07
0,5601,2.1812196457547347e-07
0,5602,2.2969259367671942e-07
0,5603,2.437491392264055e-07
0,5604,465.66344785385417
0,5605,767.9368983308152
0,5606,1032.2983488820093
0,5607,1294.9456206681484
0,5608,1598.0020578834494
0,5609,2047.999999986276
0,5610,1605.2121675501492
0,5611,1336.8605726884873
0,5612,1107.724468882115
0,5613,887.6867286408178
0,5614,658.0857897566125
0,5615,391.32060526235733
0,5616,7.932099145935342e-09
0,5617,8.627125468016114e-08
0,5618,1.1334377790850141e-07
0,5619,1.2164150330725625e-07
0,5620,1.1470544031338882e-07
0,5621,8.786560749173217e-08
0,5622,2.4489980603378e-09
0,5623,280.70399132630166
0,5624,779.3658198171881
0,5625,948.9690353422021
0,5626,1002.1595314311471
0,5627,1019.3064110432603
0,5628,1030.1476518927113
0,5629,1053.1231729279682
0,5630,1125.0948591306485
0,5631,1358.3104749463312
0,5632,2047.9999999971515
0,5633,1790.6485469585675
0,5634,1316.2011062812312
0,5635,940.7988058823868
0,5636,560.501803039707
0,5637,6.084144705601185e-07
0,5638,5.275191728169914e-07
0,5639,4.6571610982188913e-07
0,5640,4.164811123429893e-07
0,5641,3.757787277669988e-07
0,5642,3.4066385172395845e-07
0,5643,3.086020569991691e-07
0,5644,2.7700408228520726e-07
0,5645,2.4267563066294995e-07
0,5646,2.006469506703136e-07
0,5647,1.398849200683679e-07
0,5648,3.1819857020323484e-09
0,5649,652.7445563600061
0,5650,909.2078704182226
0,5651,998.785738370196
0,5652,1054.5932118994215
0,5653,1154.8310709707212
0,5654,1415.4527281430828
0,5655,2047.9999999966738
0,5656,2047.99999999646
0,5657,1694.5454089475563
0,5658,1469.9080039329683
0,5659,1284.7116832142574
0,5660,1115.9145798131365
0,5661,952.4901248894622
0,5662,788.3348787670033
0,5663,621.4022664703854
0,5664,563.9959490602475
0,5665,563.9959491035808
0,5666,563.995949191222
0,5667,563.9959494650875
0,5668,1134.472761785391
0,5669,639.3392934223185
0,5670,3.300998616433874e-08
0,5671,1.0335688737968393e-07
0,5672,1.4589259281108484e-07
0,5673,425.40930637931456
0,5674,691.5378071488658
0,5675,915.9372668105146
0,5676,1132.9670138565818
0,5677,1365.8978309513564
0,5678,1639.2940328856114
0,5679,2047.9999999786444
0,5680,1636.8993887477138
0,5681,1363.35479786367
0,5682,1130.826093298089
0,5683,908.7895193665206
0,5684,677.6140195975752
0,5685,408.297796773049
0,5686,8.97100288370004e-09
0,5687,9.389564233514567e-08
0,5688,1.302363361008771e-07
0,5689,1.5188588974536965e-07
0,5690,1.6509146457533005e-07
0,5691,1.720494152870455e-07
0,5692,1.7349484829188677e-07
0,5693,1.69257559187036e-07
0,5694,1.5822036905264406e-07
0,5695,1.376268067481768e-07
0,5696,9.99235370834783e-08
0,5697,2.502359899458103e-09
0,5698,429.9539963621585
0,5699,808.5285989084663
0,5700,954.6466777621556
0,5701,1008.8042609955655
0,5702,1030.679198244199
0,5703,1040.689076164637
0,5704,1041.515996948327
0,5705,1029.9121585221044
0,5706,1016.1474520528259
0,5707,1002.6226018253441
0,5708,988.7685157545562
0,5709,971.0332435595058
0,5710,975.1131154774638
0,5711,992.4447949795286
0,5712,1006.3801329036615
0,5713,1015.0130496416663
0,5714,1018.7257076588751
0,5715,1021.5369651338293
0,5716,1022.3011066095141
0,5717,1021.9602351325881
0,5718,1020.7711830683492
0,5719,1021.0139769826548
0,5720,1022.1538059008368
0,5721,1023.9584359267806
0,5722,1025.2846902982778
0,5723,1027.026287780416
0,5724,1033.9721939521335
0,5725,1056.100558685351
0,5726,1127.144856740653
0,5727,1358.6433017137667
0,5728,2047.9999999964189
0,5729,1571.309267894483
0,5730,1182.0150758753518
0,5731,833.8175769458023
0,5732,833.8175766203718
0,5733,833.8175764788696
0,5734,833.8175764028014
0,5735,833.8175763638942
0,5736,833.8175763527423
0,5737,833.8175763676078
0,5738,833.8175764128797
0,5739,833.817576503268
0,5740,833.8175766860154
0,5741,833.8175772559474
0,5742,833.817577287655
0,5743,833.8175773564993
0,5744,833.8175774907177
0,5745,833.8175778085737
0,5746,1061.162483127117
0,5747,1311.701691725093
0,5748,1601.395324617733
0,5749,2047.9999999967094
0,5750,1738.6142848113695
0,5751,1560.1847124435608
0,5752,1414.8733041409432
0,5753,1283.510517257773
0,5754,1160.026670167808
0,5755,1040.6276805500806
0,5756,922.524953983216
0,5757,802.9098061700467
0,5758,677.9888287951964
0,5759,542.3693193617347
0,5760,390.34092260495675
0,5761,390.3409224491145
0,5762,390.3409223813386
0,5763,390.3409223448964
0,5764,390.34092232624954
0,5765,390.3409223208905
0,5766,390.34092232798497
0,5767,390.34092234962884
0,5768,390.3409223928567
0,5769,390.3409224802337
0,5770,707.1117386956228
0,5771,982.581915275356
0,5772,1251.5988008318577
0,5773,1552.1960992503698
0,5774,2004.3813415989637
0,5775,1910.5486924069226
0,5776,1851.060727102929
0,5777,1803.934945332102
0,5778,1763.3064704754242
0,5779,1726.9580426548282
0,5780,1693.702052282729
0,5781,1662.740480919312
0,5782,1633.643650573057
0,5783,1606.0105991059165
0,5784,1579.5878027189378
0,5785,1554.1738093768527
0,5786,1529.6221257929412
0,5787,1505.7965532467297
0,5788,1482.5935071404856
0,5789,1459.9439537481799
0,5790,1442.1385176569372
0,5791,1442.13851750261
0,5792,1442.138517435433
0,5793,1442.138517399338
0,5794,1442.1385173809526
0,5795,1442.1385173758376
0,5796,1442.138517383213
0,5797,1442.138517405261
0,5798,1424.5491441379374
0,5799,1405.8845749799598
0,5800,1387.4692565243527
0,5801,1369.3027726542227
0,5802,1351.3585498423993
0,5803,1333.6172420138919
0,5804,1316.1003943934265
0,5805,1298.7828422979128
0,5806,1281.6622358467464
0,5807,1264.7157221951572
0,5808,1247.9158106859315
0,5809,1231.2525023388446
0,5810,1214.7068049964291
0,5811,1198.2642695663365
0,5812,1181.9114200495183
0,5813,1165.634242952594
0,5814,1149.4163234146918
0,5815,1133.2475782338352
0,5816,1117.1402849488463
0,5817,1101.1004057910113
0,5818,1085.1114840077967
0,5819,1069.1775004004821
0,5820,1053.3166800337774
0,5821,1037.4802988441174
0,5822,1021.5936558018287
0,5823,1005.6856336182175
0,5824,989.7557905094709
0,5825,973.7869256298096
0,5826,957.7604995710011
0,5827,941.7289665933486
0,5828,925.6791967584375
0,5829,909.5919276160374
0,5830,893.4619867969824
0,5831,877.2792399481791
0,5832,861.0494623491004
0,5833,844.7323880755679
0,5834,828.3169959990676
0,5835,811.7880979472067
0,5836,795.1351887203446
0,5837,778.3405972927745
0,5838,761.3902847102826
0,5839,744.2795640647552
0,5840,727.0114895718576
0,5841,709.584762126237
0,5842,691.9909079930434
0,5843,674.2387631570981
0,5844,657.2713587478745
0,5845,657.2713585944783
0,5846,638.7473082488052
0,5847,619.8349733283748
0,5848,600.5636877808394
0,5849,580.7577293113435
0,5850,559.2065042444464
0,5851,537.1197265925745
0,5852,514.4870993286517
0,5853,492.59013153318125
0,5854,470.2856299519753
0,5855,447.2549965531645
0,5856,423.3655391520888
0,5857,398.4444838775737
0,5858,372.2915401005053
0,5859,344.63230974770926
0,5860,315.0758935306736
0,5861,283.14227086489115
0,5862,247.83750579641475
0,5863,207.60192263506954
0,5864,159.33027723228795
0,5865,159.3302772137114
0,5866,159.33027720839968
0,5867,679.7078032569634
0,5868,1209.610467384197
0,5869,1842.2617445143512
0,5870,1842.2617446021015
0,5871,1761.8058615925288
0,5872,1693.0044470779371
0,5873,1632.7458011601225
0,5874,1570.0800671119946
0,5875,1512.228276981246
0,5876,1462.2878396818983
0,5877,1416.8986273254206
0,5878,1373.3973408482836
0,5879,1331.3567218645005
0,5880,1290.491449851991
0,5881,1250.5418780081584
0,5882,1211.3259057394912
0,5883,1172.6727321086432
0,5884,1134.4287226931356
0,5885,1096.4315951901783
0,5886,1058.605847266278
0,5887,1021.1903721464756
0,5888,1021.190372078972
0,5889,1021.1903720426855
0,5890,1021.1903720241544
0,5891,1021.1903720189019
0,5892,1021.1903720261165
0,5893,1021.190372047927
0,5894,983.8550915048514
0,5895,946.0882979293674
0,5896,907.9561210357444
0,5897,868.8989785071134
0,5898,827.3906552389121
0,5899,786.3071641225864
0,5900,745.6295535907756
0,5901,704.3287570508081
0,5902,661.9522335949877
0,5903,618.1825043767263
0,5904,572.6933962869695
0,5905,524.9538327456032
0,5906,474.32906199444494
0,5907,420.0180240151808
0,5908,420.01802385983325
0,5909,368.1855330863113
0,5910,289.869042971264
0,5911,188.03215492416297
0,5912,8.494003687097072e-08
0,5913,6.518586034895532e-08
0,5914,3.4514610538048566e-09
0,5915,527.0021468296743
0,5916,873.558570051477
0,5917,1191.9175678530523
0,5918,1540.7894716439441
0,5919,2047.9999999962706
0,5920,2047.9999999794848
0,5921,1735.8823584761324
0,5922,1558.8095288718405
0,5923,1416.3080705921168
0,5924,1289.7390697767523
0,5925,1171.7844571736548
0,5926,1058.4316607894955
0,5927,947.7616571915161
0,5928,836.0352197230817
0,5929,719.5642281806871
0,5930,594.7430403513681
0,5931,594.7430400750828
0,5932,594.7430399841678
0,5933,594.7430399374686
0,5934,594.7430399123731
0,5935,594.7430399018355
0,5936,594.7430399037552
0,5937,594.7430399189656
0,5938,594.743039951975
0,5939,594.7430400163329
0,5940,886.4136175302104
0,5941,1165.107542332446
0,5942,1465.9035673440108
0,5943,1863.0085718818825
0,5944,1608.0514562027374
0,5945,1417.9587542704448
0,5946,1253.1367755678154
0,5947,1099.3332015410786
0,5948,949.0085878885802
0,5949,797.0404531317284
0,5950,637.6151245217368
0,5951,459.8733108876944
0,5952,250.35893086656557
0,5953,1.935631094113438e-07
0,5954,1.7630254000084345e-07
0,5955,1.590058433964146e-07
0,5956,1.3986868282605007e-07
0,5957,1.160416738077121e-07
0,5958,8.113581384325958e-08
0,5959,1.85901983124958e-09
0,5960,681.9444301978513
0,5961,920.1766541472225
0,5962,999.1470509261006
0,5963,1033.6084509008467
0,5964,1078.178735787799
0,5965,1196.1053003005645
0,5966,1539.305046315771
0,5967,2047.9999999980223
0,5968,2047.999999987094
0,5969,1766.3638029428748
0,5970,1608.8190872972355
0,5971,1483.0185394738207
0,5972,1372.3579764542674
0,5973,1270.6531654851651
0,5974,1174.3714782913996
0,5975,1081.224206301519
0,5976,989.4316535432473
0,5977,897.5918464831162
0,5978,803.7163501679325
0,5979,705.59482232288
0,5980,687.7333285080775
0,5981,578.5839585915205
0,5982,451.280795159841
0,5983,295.1796038208925
0,5984,295.1796038103576
0,5985,295.1796038122749
0,5986,605.0385121733991
0,5987,851.2305316307296
0,5988,1079.9965599331251
0,5989,1313.7328347628309
0,5990,1582.0625730858505
0,5991,1901.6994960444497
0,5992,1696.937818048437
0,5993,1552.6573310659942
0,5994,1428.9855266213049
0,5995,1317.407654550237
0,5996,1213.154413773076
0,5997,1114.3440838964934
0,5998,1018.2642163901512
0,5999,922.6077707180247
0,6000,825.7257149778771
0,6001,725.6227894464743
0,6002,621.0430567727201
0,6003,621.0430566170475
0,6004,621.0430565493324
0,6005,492.0585289230139
0,6006,312.8156486023191
0,6007,8.460723302319037e-08
0,6008,6.471536155705092e-08
0,6009,1.7989963368720843e-09
0,6010,664.8767777931276
0,6011,936.0419607973124
0,6012,1090.9328630637588
0,6013,1352.857449208343
0,6014,2047.9999999981267
0,6015,2047.9999999797164
0,6016,1618.5766518132648
0,6017,1345.394189852047
0,6018,1112.5612770321957
0,6019,889.7064824198562
0,6020,655.871797934397
0,6021,379.08812726375146
0,6022,2.2733334253374803e-07
0,6023,2.1199712599363264e-07
0,6024,1.9898955888519236e-07
0,6025,1.8744408354068234e-07
0,6026,1.7650930821434276e-07
0,6027,1.6525882627388584e-07
0,6028,1.5256077442934177e-07
0,6029,1.3682303232355453e-07
0,6030,1.1533033148218748e-07
0,6031,8.170615573806553e-08
0,6032,1.933576607899843e-09
0,6033,642.3935231927541
0,6034,909.3040762727941
0,6035,1018.7890018822756
0,6036,1123.9611866477828
0,6037,1372.230154717704
0,6038,2047.9999999979848
0,6039,2047.9999999884935
0,6040,1734.8352444572783
0,6041,1548.2169076099021
0,6042,1397.4048138172632
0,6043,1262.8025343908785
0,6044,1136.5854864321755
0,6045,1014.4665454781262
0,6046,893.0123371351895
0,6047,769.2879815089296
0,6048,665.1582917083971
0,6049,665.1582915527539
0,6050,665.1582914850501
0,6051,665.1582914486517
0,6052,665.1582914300394
0,6053,665.1582914247128
0,6054,407.5087073228661
0,6055,1.0943572141432071e-07
0,6056,1.223260018693898e-07
0,6057,1.2928974170187493e-07
0,6058,243.31964214154686
0,6059,633.6772079091021
0,6060,940.4037504273485
0,6061,1234.6691985228517
0,6062,1562.8532004345823
0,6063,2047.9999999600861
0,6064,1806.7680219756965
0,6065,1660.5082505643038
0,6066,1545.8004931231778
0,6067,1446.2098761501038
0,6068,1355.440691012379
0,6069,1270.6170584954143
0,6070,1189.5465420147034
0,6071,1110.8648198205974
0,6072,1033.680907663757
0,6073,956.7330624512838
0,6074,878.9840789795769
0,6075,799.3682662891816
0,6076,717.4531186551103
0,6077,632.2398723424333
0,6078,537.5954758010973
0,6079,430.8050650357827
0,6080,305.0256686619447
0,6081,305.02566865661635
0,6082,305.02566866374303
0,6083,763.6754716379124
0,6084,1144.1683937576265
0,6085,1553.95529510085
0,6086,1859.1850439275563
0,6087,1705.8901408141567
0,6088,1574.6229269014639
0,6089,1458.3393720473716
0,6090,1351.992646153898
0,6091,1252.8368110570589
0,6092,1158.2869154872149
0,6093,1068.0308750887698
0,6094,980.8273700518683
0,6095,893.5739111168797
0,6096,805.0618244208592
0,6097,714.2404488917736
0,6098,618.9152892570904
0,6099,516.6547531764456
0,6100,399.50214711827493
0,6101,247.57667309697726
0,6102,6.972324210645147e-08
0,6103,5.7696835187232346e-08
0,6104,1.8133571274322844e-09
0,6105,658.3374132099243
0,6106,908.6705622393015
0,6107,996.2913926477977
0,6108,1046.934152644547
0,6109,1134.522913637338
0,6110,1382.852812501088
0,6111,2047.9999999980764
0,6112,2047.9999999842018
0,6113,1662.365128034625
0,6114,1437.1210104130253
0,6115,1250.026395883476
0,6116,1077.856121185022
0,6117,911.2732216264196
0,6118,740.3093948508534
0,6119,555.2449010693755
0,6120,338.57031204247704
0,6121,49.84932690348397
0,6122,1.1705195633753321e-07
0,6123,1.1802723463705928e-07
0,6124,1.1276177241234986e-07
0,6125,9.957208492524948e-08
0,6126,7.309291396193573e-08
0,6127,1.8744150106016537e-09
0,6128,669.698075241421
0,6129,912.9348030918159
0,6130,992.3109370449853
0,6131,1021.1461915598188
0,6132,1046.577701248027
0,6133,1112.5171904953124
0,6134,1326.417081081471
0,6135,1975.2602049667776
0,6136,2047.9999999982851
0,6137,1691.8452507448392
0,6138,1482.5436966014367
0,6139,1310.9688525274858
0,6140,1155.1981303552132
0,6141,1005.9961418622235
0,6142,857.031994156168
0,6143,702.2434168885884
0,6144,544.0101448519771
0,6145,531.0196254651157
0,6146,531.0196253973542
0,6147,531.0196253609256
0,6148,531.0196253422915
0,6149,531.0196253369437
0,6150,6.973779453874941e-08
0,6151,5.770359003425316e-08
0,6152,1.8133642292713987e-09
0,6153,669.1332388658516
0,6154,919.9867010647074
0,6155,1019.266880233459
0,6156,1114.3430775486643
0,6157,1354.656305925912
0,6158,2047.9999999980935
0,6159,2047.9999999829388
0,6160,1785.9276482834118
0,6161,1638.206702212946
0,6162,1519.735683032827
0,6163,1416.1975549616118
0,6164,1321.8458890091244
0,6165,1233.6029433066567
0,6166,1148.851273021692
0,6167,1066.0737157698172
0,6168,984.1289973462283
0,6169,901.805552103238
0,6170,817.8157744222202
0,6171,730.8843637368345
0,6172,642.8876402677705
0,6173,544.6107207739166
0,6174,432.31257808630676
0,6175,296.2148397765378
0,6176,296.2148397660015
0,6177,296.2148397679177
0,6178,643.8137076085841
0,6179,931.0638593699508
0,6180,1207.206803314934
0,6181,1511.0950014183134
0,6182,1935.225441131051
0,6183,1842.7838713385981
0,6184,1758.86637797237
0,6185,1687.559611288715
0,6186,1624.3729301290357
0,6187,1567.4334670522358
0,6188,1515.3468605570354
0,6189,1468.2393287551054
0,6190,1423.5628147512812
0,6191,1380.6976114150941
0,6192,1339.280220518689
0,6193,1298.992140967545
0,6194,1259.593913548028
0,6195,1220.9046586476766
0,6196,1182.7592882021595
0,6197,1144.9891085328586
0,6198,1107.45825528
0,6199,1070.1964352598695
0,6200,1033.3134620775318
0,6201,1033.3134619225564
0,6202,1033.3134618550769
0,6203,1033.3134618188014
0,6204,1033.3134618002784
0,6205,1033.3134617950325
0,6206,997.4389154803864
0,6207,960.5646246917
0,6208,923.3553216073043
0,6209,884.3746057275007
0,6210,844.7472255116194
0,6211,804.7051289485318
0,6212,764.7121530303936
0,6213,724.7255848023663
0,6214,683.8377034957091
0,6215,641.7682547032193
0,6216,598.2195775982739
0,6217,552.7570858614499
0,6218,504.8498909958419
0,6219,453.66175022906623
0,6220,398.2488040399632
0,6221,336.7018467134796
0,6222,263.6900528717776
0,6223,168.33332894311695
0,6224,1.2563730873724546e-06
0,6225,1.2493306364438298e-06
0,6226,1.2529735397210414e-06
0,6227,513.9902339272047
0,6228,858.8989961854851
0,6229,1174.371838779722
0,6230,1516.6480932713596
0,6231,2047.9999995810017
0,6232,1662.2784841004109
0,6233,1414.6981658706966
0,6234,1208.5585727252867
0,6235,1016.6690170125717
0,6236,825.0889025615008
0,6237,625.3981286801416
0,6238,530.9627513330771
0,6239,530.9627512653036
0,6240,530.9627512288681
0,6241,530.9627512102292
0,6242,530.9627512048797
0,6243,530.962751211987
0,6244,530.9627512336505
0,6245,530.962751276915
0,6246,4.1712871242493416e-08
0,6247,4.6190459919800584e-08
0,6248,1.8604692325516239e-09
0,6249,506.81924732526784
0,6250,861.0938586124497
0,6251,999.7652479251709
0,6252,1112.584693692117
0,6253,1361.486284157422
0,6254,2047.9999999980407
0,6255,2047.9999999862564
0,6256,1605.2286983444694
0,6257,1330.0486364139276
0,6258,1094.0252196088616
0,6259,866.4461061303655
0,6260,627.3519246591902
0,6261,348.93427387939613
0,6262,3.5938877217690096e-07
0,6263,3.10408387964832e-07
0,6264,2.7268870641909693e-07
0,6265,2.422738428137293e-07
0,6266,2.1664565505016202e-07
0,6267,1.9387434990598387e-07
0,6268,1.7216091498177652e-07
0,6269,1.4942642650254945e-07
0,6270,1.2256977881779227e-07
0,6271,8.487138761055437e-08
0,6272,1.897075204275774e-09
0,6273,662.4484536539826
0,6274,909.1467937037604
0,6275,997.9984429897012
0,6276,1051.5713765229261
0,6277,1149.955983616805
0,6278,1426.7514488976328
0,6279,2047.9999999982851
0,6280,1601.3984797585101
0,6281,1279.4887099335642
0,6282,1000.5202692618742
0,6283,725.9881473561544
0,6284,415.07707884919773
0,6285,2.8363913533310196e-07
0,6286,2.5486608541821446e-07
0,6287,2.3142679590539852e-07
0,6288,2.1166235909551097e-07
0,6289,1.942233325059905e-07
0,6290,1.7783977575541298e-07
0,6291,1.6112347674715173e-07
0,6292,1.4227864440834138e-07
0,6293,1.1842080961508737e-07
0,6294,8.302328661134674e-08
0,6295,1.9151549401670293e-09
0,6296,649.9389250886726
0,6297,901.0767332676929
0,6298,987.2242742951146
0,6299,1020.8725123767522
0,6300,1052.916333279068
0,6301,1132.811785544548
0,6302,1377.2965334526139
0,6303,2047.9999999982851
0,6304,1837.441515655356
0,6305,1670.946295545636
0,6306,1545.8109631011034
0,6307,1438.8312638232383
0,6308,1341.870814930644
0,6309,1251.0626913728258
0,6310,1164.2370120769247
0,6311,1079.7676286173237
0,6312,996.2787766267421
0,6313,912.3378136083888
0,6314,826.6799223679843
0,6315,737.980887983869
0,6316,649.8436247127524
0,6317,549.2763860354355
0,6318,434.1083653122957
0,6319,293.53021111666163
0,6320,293.5302111061166
0,6321,293.53021110802666
0,6322,651.4652819885627
0,6323,941.7958983121301
0,6324,1221.3264947759167
0,6325,1529.582050905
0,6326,1906.6146849670538
0,6327,1752.9189460136959
0,6328,1634.2390304300372
0,6329,1529.6903289538495
0,6330,1435.2520761431497
0,6331,1351.697822387806
0,6332,1274.6791271222996
0,6333,1201.1236854745773
0,6334,1129.6332038307455
0,6335,1059.3319012271377
0,6336,989.4895447339236
0,6337,919.3376599444496
0,6338,848.1224601479962
0,6339,775.0320576143968
0,6340,699.0719287738317
0,6341,619.2852595444297
0,6342,532.776499673781
0,6343,436.44072917544656
0,6344,327.7185078277116
0,6345,327.7185078223842
0,6346,327.7185078295134
0,6347,885.596288308694
0,6348,1384.9822891177391
0,6349,2047.9999993688846
0,6350,2047.9999998938754
0,6351,2047.99999982163
0,6352,2047.999999782194
0,6353,1593.943754201898
0,6354,1317.7157609601675
0,6355,1081.9213054210666
0,6356,1081.921305270658
0,6357,1081.9213052052778
0,6358,1081.921305170137
0,6359,1081.921305145931
0,6360,1081.9213051217262
0,6361,1081.9213050975218
0,6362,1081.9213050733183
0,6363,1081.9213050491153
0,6364,1081.9213050249125
0,6365,1081.9213050007104
0,6366,1081.9213049765083
0,6367,1081.921304952305
0,6368,1081.9213049281036
0,6369,1081.9213049039035
0,6370,1081.9213048797044
0,6371,1081.9213048555062
0,6372,1081.9213048313106
0,6373,1081.9213048071156
0,6374,1081.9213047829187
0,6375,1081.9213047587216
0,6376,1081.9213047345238
0,6377,932.6828405442355
0,6378,779.0503427400517
0,6379,643.457094453859
0,6380,643.4570943035732
0,6381,643.4570942382154
0,6382,643.4570942030834
0,6383,643.4570941788684
0,6384,643.4570941546496
0,6385,643.4570941304269
0,6386,643.4570941062005
0,6387,643.4570940819706
0,6388,643.4570940577366
0,6389,643.4570940334976
0,6390,643.4570940092545
0,6391,643.4570939850073
0,6392,643.457093960758
0,6393,643.4570939754124
0,6394,643.4570940072323
0,6395,765.1284727697781
0,6396,890.3204390189102
0,6397,1012.6396112685486
0,6398,1134.5344590859543
0,6399,1134.5344590616855
0,6400,1134.5344590374161
0,6401,1134.534458949446
0,6402,1134.5344589042866
0,6403,1134.534458880017
0,6404,1134.5344588557502
0,6405,1134.5344588314852
0,6406,1134.5344588072228
0,6407,1134.534458821869
0,6408,1134.5344588536832
0,6409,1134.53445891572
0,6410,1242.9828291961107
0,6411,1427.821748187776
0,6412,1657.1211269176806
0,6413,2047.9999910346753
0,6414,2047.9999910107344
0,6415,2047.9999909870862
0,6416,2047.9999909637359
0,6417,2047.9999909406808
0,6418,2047.999990917919
0,6419,2047.9999908954464
0,6420,2047.9999908732611
0,6421,2047.9999908513587
0,6422,2047.999990829737
0,6423,2047.999990808394
0,6424,2047.999990787327
0,6425,2047.9999907665265
0,6426,2047.9999907459908
0,6427,2047.9999907257386
0,6428,2047.999990705754
0,6429,2047.9999906860348
0,6430,2047.999990666579
0,6431,2047.999990647384
0,6432,2047.9999906284486
0,6433,2047.9999906097703
0,6434,2047.999990591351
0,6435,2047.9999905732047
0,6436,2047.999990555288
0,6437,2047.999990537617
0,6438,2047.9999905201928
0,6439,2047.999990503014
0,6440,2047.999990486079
0,6441,2047.9999904693861
0,6442,2047.999990452934
0,6443,2047.9999904367207
0,6444,2047.999990420745
0,6445,2047.9999904050053
0,6446,2047.9999903895002
0,6447,2047.9999903742273
0,6448,2047.9999903591859
0,6449,2047.999990344374
0,6450,2047.9999903297908
0,6451,2047.9999903154348
0,6452,2047.9999903013052
0,6453,2047.9999902874001
0,6454,2047.9999902737188
0,6455,2047.9999902602594
0,6456,2047.9999902470213
0,6457,2047.9999902340032
0,6458,2047.999990221204
0,6459,2047.999990208622
0,6460,2047.9999901962567
0,6461,2047.9999901841068
0,6462,2047.9999901721712
0,6463,2047.999990160449
0,6464,2047.9999901489396
0,6465,2047.9999901376418
0,6466,2047.999990126556
0,6467,2047.999990115679
0,6468,2047.9999901050116
0,6469,2047.9999900945684
0,6470,2047.9999900843156
0,6471,2047.9999900742669
0,6472,2047.9999900644227
0,6473,2047.9999900547825
0,6474,2047.999990045346
0,6475,2047.9999900361124
0,6476,2047.9999900270811
0,6477,2047.9999900182515
0,6478,2047.9999900214616
0,6479,2047.9999900378739
0,6480,2047.999990072646
0,6481,2047.9999901418075
0,6482,2047.9999901339845
0,6483,2047.9999901263582
0,6484,2047.9999901189312
0,6485,2047.9999901117033
0,6486,2047.9999901046735
0,6487,2047.9999900978416
0,6488,2047.9999900912076
0,6489,2047.9999900847708
0,6490,2047.999990078531
0,6491,2047.9999900724877
0,6492,2047.99999006664
0,6493,2047.9999900609873
0,6494,2047.9999900555288
0,6495,2047.9999900502642
0,6496,1750.7114531690843
0,6497,1420.8881458788255
0,6498,1154.3418511426626
0,6499,1154.3418509944202
0,6500,1154.341850929971
0,6501,1154.3418508953303
0,6502,1154.34185087762
0,6503,1154.341850872555
0,6504,1154.341850867491
0,6505,1154.3418508624281
0,6506,1154.3418508573657
0,6507,1154.341850852304
0,6508,1154.341850847243
0,6509,1154.3418508421826
0,6510,1154.3418508371221
0,6511,1154.3418508320615
0,6512,1154.3418508270022
0,6513,1154.3418508219443
0,6514,1154.341850816887
0,6515,1154.3418508118305
0,6516,1154.3418508067748
0,6517,1154.3418508017194
0,6518,1154.3418507966646
0,6519,1154.3418507916097
0,6520,1043.1038911898522
0,6521,931.0825979870998
0,6522,817.2159194105827
0,6523,817.2159192624629
0,6524,817.2159191980408
0,6525,817.2159191634096
0,6526,817.2159191457033
0,6527,817.21591914064
0,6528,817.2159191355772
0,6529,817.215919130513
0,6530,817.2159191254474
0,6531,817.2159191203802
0,6532,817.2159191153115
0,6533,817.2159191102412
0,6534,817.2159191051683
0,6535,817.2159190705307
0,6536,817.2159190528182
0,6537,817.2159190477419
0,6538,817.2159190426644
0,6539,817.2159190375855
0,6540,817.2159190325054
0,6541,817.215919027424
0,6542,817.2159190223406
0,6543,817.2159190172554
0,6544,817.2159190121666
0,6545,1.1864782992825843e-06
0,6546,1.0111817435805607e-06
0,6547,9.31272534353397e-07
0,6548,8.847568777701348e-07
0,6549,8.564076503486239e-07
0,6550,8.405126843483157e-07
0,6551,8.218316531044805e-07
0,6552,8.001117562150871e-07
0,6553,7.750252102044263e-07
0,6554,7.46140772718497e-07
0,6555,7.128785301110073e-07
0,6556,6.744349696444912e-07
0,6557,6.296503791371937e-07
0,6558,5.767515301628246e-07
0,6559,5.127886844603349e-07
0,6560,4.321621658631746e-07
0,6561,4.029197630906552e-07
0,6562,3.831460525998234e-07
0,6563,3.710399376971249e-07
0,6564,913.9728825772751
0,6565,1629.9047210615004
0,6566,1629.9047210832234
0,6567,1536.8916351286528
0,6568,1453.6086718932202
0,6569,1376.2526442583182
0,6570,1303.292189367219
0,6571,1233.3912232028367
0,6572,1165.6927275293192
0,6573,1099.3431423819145
0,6574,1033.7976295340297
0,6575,968.8248144108704
0,6576,904.2674644198405
0,6577,838.412405947383
0,6578,770.8978901701804
0,6579,700.5327475300945
0,6580,626.2264636398002
0,6581,546.2005378736443
0,6582,457.26189650382895
0,6583,353.8096060783828
0,6584,220.45830366784574
0,6585,1.6886772605017507e-08
0,6586,4.5748606852699355e-08
0,6587,2.3358138913144756e-08
0,6588,650.0010842450956
0,6589,1111.908121834153
0,6590,1601.5662415337051
0,6591,883.7992980837117
0,6592,7.935952569364246e-07
0,6593,5.106482515857187e-07
0,6594,3.6184383258919045e-07
0,6595,2.5281579769194287e-07
0,6596,1.5197030460976403e-07
0,6597,2.258676006239228e-09
0,6598,430.88738895881767
0,6599,801.6623336516377
0,6600,933.6341048155476
0,6601,983.7456484936448
0,6602,1006.0005488176129
0,6603,1016.0877779591277
0,6604,1021.6082144214857
0,6605,1024.8931497416463
0,6606,1024.1133507763368
0,6607,1022.8394777381784
0,6608,1022.8133974423145
0,6609,1028.6108887926785
0,6610,1045.553639145994
0,6611,1086.368477839701
0,6612,1204.7068787745422
0,6613,1541.4704766903772
0,6614,2047.9999999973388
0,6615,2047.9999999351073
0,6616,2047.9999999947897
0,6617,1561.8064137856934
0,6618,1261.3267036578152
0,6619,997.9340558499348
0,6620,734.2541192914452
0,6621,433.4640607605622
0,6622,4.643737503316795e-09
0,6623,1.1340325206763303e-07
0,6624,1.5551229959258708e-07
0,6625,1.7671342842924109e-07
0,6626,1.843074940370928e-07
0,6627,1.7966298092252065e-07
0,6628,1.6073324724129767e-07
0,6629,1.1907345813055945e-07
0,6630,3.1126612058579085e-09
0,6631,613.6687901457518
0,6632,879.957319857065
0,6633,976.8264800958602
0,6634,1011.6621723229465
0,6635,1027.9964969767418
0,6636,1052.8270633103343
0,6637,1127.5119555582467
0,6638,1362.7392320931976
0,6639,2047.9999999982851
0,6640,1909.6148636473267
0,6641,1708.9859044671948
0,6642,1572.0294538178466
0,6643,1458.2880801138497
0,6644,1356.95527085393
0,6645,1356.955270698266
0,6646,1356.955270630596
0,6647,1356.9552705942249
0,6648,1356.955270575638
0,6649,1356.9552705703395
0,6650,1356.9552705775075
0,6651,1356.95527059926
0,6652,1356.9552706426914
0,6653,1301.4004726093995
0,6654,1242.2524578457155
0,6655,1184.1748094735917
0,6656,1127.137234364296
0,6657,1070.9309682684636
0,6658,1015.3666992821315
0,6659,960.449857329754
0,6660,905.652330667412
0,6661,850.5351027197006
0,6662,792.7576896729418
0,6663,732.6576169510522
0,6664,669.9851419640135
0,6665,603.8365258365434
0,6666,533.9651477176152
0,6667,457.92914072539753
0,6668,373.05625997592773
0,6669,298.3581915078737
0,6670,298.35819149734965
0,6671,298.3581914992763
0,6672,298.358191514488
0,6673,580.5899498824037
0,6674,821.8054280721836
0,6675,1040.7783317695034
0,6676,1269.7108222209838
0,6677,1529.7844787198865
0,6678,1855.9257642123773
0,6679,1591.5129957123288
0,6680,1591.5129955564987
0,6681,1591.5129954887736
0,6682,1591.5129954523793
0,6683,1591.5129954337792
0,6684,1591.512995428469
0,6685,1519.5715231642594
0,6686,1449.3341581696418
0,6687,1383.0273677559358
0,6688,1319.6850477775056
0,6689,1258.6082818244045
0,6690,1199.2533674044585
0,6691,1141.1346563461361
0,6692,1084.0174151693468
0,6693,1084.0174150140283
0,6694,1084.0174149464383
0,6695,1084.0174149101051
0,6696,1084.0174148915416
0,6697,1084.0174148862613
0,6698,1084.0174148934461
0,6699,1084.0174149152176
0,6700,1084.0174149586699
0,6701,1031.4131673138675
0,6702,977.5658826207531
0,6703,923.1702520588225
0,6704,868.1446326736097
0,6705,812.3058804259537
0,6706,755.245732833203
0,6707,696.8816281519041
0,6708,696.8816279965656
0,6709,696.8816279289529
0,6710,668.36534157838
0,6711,598.1172037067417
0,6712,521.8623667668642
0,6713,437.7725932764617
0,6714,340.04949007921164
0,6715,214.4569433698578
0,6716,5.878474601132876e-07
0,6717,5.788014705759891e-07
0,6718,5.784900217538531e-07
0,6719,5.871042476552398e-07
0,6720,6.059419258573921e-07
0,6721,6.380188628541663e-07
0,6722,6.899835831850661e-07
0,6723,7.790178995364678e-07
0,6724,9.743083407817753e-07
0,6725,855.0739514559036
0,6726,1434.6823034903991
0,6727,752.7594756485706
0,6728,2.632759176508155e-08
0,6729,6.40664993215232e-08
0,6730,6.713969863026575e-08
0,6731,4.020084487831233e-08
0,6732,412.20568735843455
0,6733,688.6750798994835
0,6734,917.4384894948134
0,6735,917.4384894375144
0,6736,917.4384894067217
0,6737,917.4384893937787
0,6738,917.4384893961035
0,6739,917.4384894147106
0,6740,917.4384894551175
0,6741,917.438489533912
0,6742,917.438489720572
0,6743,1092.7038142158597
0,6744,1273.4667601351473
0,6745,1471.1015539746934
0,6746,1712.1130541587108
0,6747,2047.9999999906706
0,6748,1844.477669995962
0,6749,1731.184518512672
0,6750,1642.589272863123
0,6751,1565.0549403600676
0,6752,1494.670539228375
0,6753,1430.5897823884266
0,6754,1370.404669722525
0,6755,1312.8881521148758
0,6756,1257.3472950861394
0,6757,1203.2400566037604
0,6758,1150.0274803817717
0,6759,1097.2109485242597
0,6760,1043.4682425002957
0,6761,989.1761407559768
0,6762,934.7129162052596
0,6763,880.5296551449414
0,6764,826.7957148260073
0,6765,772.2051768131234
0,6766,716.1937701311839
0,6767,658.3059483780037
0,6768,597.9348219143095
0,6769,533.9195657918956
0,6770,465.13115644017057
0,6771,465.1311561645005
0,6772,465.13115607368564
0,6773,465.1311560270246
0,6774,465.13115600194965
0,6775,465.13115599142526
0,6776,465.1311559933558
0,6777,465.13115600857645
0,6778,465.1311560415976
0,6779,465.1311561059695
0,6780,793.2967158058859
0,6781,1115.1282836447938
0,6782,1458.353753325593
0,6783,1849.7248688595473
0,6784,1617.8529206774951
0,6785,1447.7775343050394
0,6786,1300.8401382418867
0,6787,1165.1891942365228
0,6788,1035.665920304298
0,6789,907.2065345485917
0,6790,775.549074657021
0,6791,635.0412024674188
0,6792,635.0412021908847
0,6793,635.0412020999363
0,6794,635.041202053225
0,6795,635.0412020281234
0,6796,635.0412020175811
0,6797,635.0412020194968
0,6798,635.0412020347026
0,6799,635.0412020677055
0,6800,635.0412021320482
0,6801,673.237778549445
0,6802,906.8796381559554
0,6803,1134.4272911296282
0,6804,1370.7109596626783
0,6805,1648.745071913522
0,6806,2047.999999791886
0,6807,2047.9999996004292
0,6808,2047.9999994809575
0,6809,2047.9999993906347
0,6810,2047.9999993171878
0,6811,2047.9999992551723
0,6812,2047.9999992016233
0,6813,2047.999999154696
0,6814,2047.999999113171
0,6815,2047.9999990761896
0,6816,2047.9999990431224
0,6817,2047.9999990134934
0,6818,2047.9999989869332
0,6819,2047.9999989631494
0,6820,2047.9999989419082
0,6821,2047.9999989230193
0,6822,2047.999998906327
0,6823,2047.9999982253116
0,6824,2047.9999981174435
0,6825,2047.9999980677871
0,6826,2047.9999980423695
0,6827,2047.9999980322698
0,6828,2047.9999980232067
0,6829,2047.9999980151608
0,6830,2047.9999980081163
0,6831,2047.999998002058
0,6832,1623.0022683163825
0,6833,1361.097987251969
0,6834,1139.2981029328282
0,6835,936.0498573521878
0,6836,936.0498572039467
0,6837,936.0498571394944
0,6838,936.0498571048499
0,6839,936.0498570997705
0,6840,936.0498570946942
0,6841,936.0498570896173
0,6842,936.0498570845398
0,6843,936.0498570794617
0,6844,936.0498570743831
0,6845,936.0498570693036
0,6846,936.0498570642199
0,6847,936.0498569158074
0,6848,936.0498568513069
0,6849,936.0498568166383
0,6850,936.0498567989084
0,6851,936.0498567938251
0,6852,936.0498567887416
0,6853,936.0498567836572
0,6854,936.0498567785721
0,6855,936.0498567734859
0,6856,607.4641465932222
0,6857,607.4641464447176
0,6858,607.4641463801833
0,6859,607.4641463454931
0,6860,607.4641463277466
0,6861,607.4641463226435
0,6862,607.4641463175402
0,6863,607.4641463320015
0,6864,607.4641463633935
0,6865,607.4641464245937
0,6866,607.464146569575
0,6867,741.3387623366524
0,6868,866.1903981368752
0,6869,986.0297275458843
0,6870,986.0297275407614
0,6871,986.0297275356352
0,6872,986.0297275305085
0,6873,986.0297275253819
0,6874,986.0297275321094
0,6875,986.0297275526827
0,6876,986.0297275937934
0,6877,986.0297276769099
0,6878,986.029727671787
0,6879,986.0297276666589
0,6880,986.02972766153
0,6881,986.0297276564008
0,6882,986.0297276512713
0,6883,986.0297276461415
0,6884,986.0297276410134
0,6885,986.0297276477409
0,6886,986.0297276683146
0,6887,986.0297277094269
0,6888,986.0297277925506
0,6889,986.0297280516369
0,6890,1086.3868981149922
0,6891,1187.4744329492873
0,6892,1291.1345522793088
0,6893,1291.1345522741888
0,6894,1291.1345522690635
0,6895,1291.1345522639397
0,6896,1291.1345522588176
0,6897,1291.1345522536976
0,6898,1291.13455224858
0,6899,1291.134552243464
0,6900,1291.1345522383504
0,6901,1291.1345522332383
0,6902,1291.1345522281283
0,6903,1291.13455222302
0,6904,1291.1345522179117
0,6905,1291.1345521533487
0,6906,1291.1345521186508
0,6907,1291.1345521009023
0,6908,1291.1345520958037
0,6909,1291.1345520907073
0,6910,1291.134552085613
0,6911,1291.134552080521
0,6912,1291.134552075431
0,6913,1291.1345520703433
0,6914,1291.1345520652576
0,6915,1291.1345520601735
0,6916,1291.134552055091
0,6917,1291.1345520500101
0,6918,1291.1345520449308
0,6919,1291.1345520398074
0,6920,1291.1345518917292
0,6921,1291.1345518273276
0,6922,1291.1345517927118
0,6923,1291.134551775019
0,6924,1291.13455176995
0,6925,1291.1345517648829
0,6926,1291.134551759816
0,6927,1177.6512436278754
0,6928,1065.880250309567
0,6929,954.5646612041454
0,6930,841.7318405859409
0,6931,841.7318404376338
0,6932,841.7318403731873
0,6933,841.7318403385443
0,6934,841.7318403208301
0,6935,841.7318403157606
0,6936,841.7318403106908
0,6937,841.7318403056199
0,6938,841.7318403005478
0,6939,841.7318402954744
0,6940,841.7318402903996
0,6941,841.7318402853236
0,6942,841.7318402802462
0,6943,841.7318402751672
0,6944,841.7318402700866
0,6945,841.731840265005
0,6946,841.7318402599224
0,6947,841.7318402548386
0,6948,841.7318402497536
0,6949,841.7318402446674
0,6950,841.7318402395797
0,6951,841.7318402344902
0,6952,543.1871301271112
0,6953,7.793598504956612e-07
0,6954,5.862021602877614e-07
0,6955,4.934700499729678e-07
0,6956,4.35432118561709e-07
0,6957,3.956744994668441e-07
0,6958,3.6771848254025944e-07
0,6959,3.3054776959746783e-07
0,6960,3.179770730727359e-07
0,6961,3.112800492084504e-07
0,6962,3.1010045177407106e-07
0,6963,3.144583838702599e-07
0,6964,3.247502719835979e-07
0,6965,3.4184367700982113e-07
0,6966,3.6732248066964146e-07
0,6967,4.040597993960307e-07
0,6968,4.576862338524974e-07
0,6969,5.412493244209794e-07
0,6970,489.32839105518883
0,6971,850.2863167336263
0,6972,1175.2375198974073
0,6973,1528.1554345903126
0,6974,2047.9999999277336
0,6975,1917.0522692269528
0,6976,1848.3054572941874
0,6977,1795.3864033006705
0,6978,1749.9329163750383
0,6979,1708.7651814640233
0,6980,1672.2509247623923
0,6981,1638.4114941618043
0,6982,1606.5781515253364
0,6983,1576.361104992326
0,6984,1547.4580006480007
0,6985,1519.661364622947
0,6986,1492.7793891378271
0,6987,1466.6717409514329
0,6988,1441.2275225880412
0,6989,1416.3463560515129
0,6990,1391.8897843762288
0,6991,1346.916209490161
0,6992,1303.0559062002685
0,6993,1278.8745932539496
0,6994,1255.8876020088856
0,6995,1233.1931706377595
0,6996,1210.724802325149
0,6997,1188.4246139005515
0,6998,1166.2398286180821
0,6999,1143.6100102602834
0,7000,1104.528414976747
0,7001,1065.6232932077612
0,7002,1026.881784980263
0,7003,988.3237649046303
0,7004,966.353652160207
0,7005,944.4455939550201
0,7006,923.0006517721603
0,7007,923.0006517048485
0,7008,923.0006516686677
0,7009,923.0006516502128
0,7010,923.0006516450286
0,7011,923.0006516523191
0,7012,923.0006516742359
0,7013,923.0006517179567
0,7014,900.1309720919528
0,7015,877.1177781045767
0,7016,854.0111524673923
0,7017,830.7772752163108
0,7018,807.4685819200894
0,7019,784.2838460879905
0,7020,760.7709892644383
0,7021,736.7604982637274
0,7022,712.2430506605556
0,7023,687.2926042941765
0,7024,661.8584654879393
0,7025,635.8837819825661
0,7026,609.31311790268
0,7027,582.1174274054016
0,7028,554.19826076618
0,7029,525.4260814559898
0,7030,495.6532445173555
0,7031,465.4288429901464
0,7032,465.4288428352777
0,7033,465.4288427678201
0,7034,465.428842731547
0,7035,465.42884271301824
0,7036,465.42884270776204
0,7037,465.42884271496547
0,7038,419.32449669146644
0,7039,368.75421897516344
0,7040,312.0576673415673
0,7041,245.60838213328262
0,7042,159.52488356777735
0,7043,3.651305412967536e-08
0,7044,8.723825293159907e-08
0,7045,1.1180562745459889e-07
0,7046,1.2553897117765491e-07
0,7047,1.3200501442015835e-07
0,7048,1.321956951719726e-07
0,7049,1.2575028462071696e-07
0,7050,1.1071492680732721e-07
0,7051,8.109619764365655e-08
0,7052,2.0706804020381497e-09
0,7053,626.7996261336124
0,7054,883.2752197826628
0,7055,976.854658717472
0,7056,1014.9156763609534
0,7057,1040.6234889027453
0,7058,1081.8093974142287
0,7059,1185.4576997386166
0,7060,1462.2016697647553
0,7061,2047.9999999976656
0,7062,1016.1219475200355
0,7063,1016.1219473074883
0,7064,1016.1219472151773
0,7065,1016.121947165566
0,7066,1016.1219471401939
0,7067,1365.6882951350312
0,7068,1685.4956256276746
0,7069,2047.9999998300852
0,7070,2047.9999999932838
0,7071,1789.0763755954997
0,7072,1645.8311767560726
0,7073,1532.8243814515367
0,7074,1434.6625087708271
0,7075,1346.7812335048627
0,7076,1346.7812333493514
0,7077,1346.7812332817048
0,7078,1346.7812332453448
0,7079,1346.7812332267656
0,7080,1346.7812332214737
0,7081,1346.7812332286483
0,7082,1346.7812332504093
0,7083,1346.7812332938522
0,7084,1291.6342064147293
0,7085,1236.157227762551
0,7086,1181.4309181953697
0,7087,1126.4810995477487
0,7088,1071.320181385791
0,7089,1016.5052217828313
0,7090,962.2915704434107
0,7091,908.2877169681473
0,7092,853.595986764802
0,7093,797.3808298457245
0,7094,739.0943667856009
0,7095,679.2786614799988
0,7096,617.172266794039
0,7097,551.5668824154176
0,7098,481.1620031683907
0,7099,403.2302679149473
0,7100,312.71615392770667
0,7101,195.76313478189834
0,7102,1.2692039442082595e-07
0,7103,1.4301644833027562e-07
0,7104,1.5591246463003239e-07
0,7105,1.6693949320795935e-07
0,7106,1.769941039562507e-07
0,7107,1.8677587867757767e-07
0,7108,1.9690284324124516e-07
0,7109,2.079824652772167e-07
0,7110,2.2066623944267836e-07
0,7111,2.3570371412905632e-07
0,7112,2.5401022643641176e-07
0,7113,2.7676851918677445e-07
0,7114,3.0560878875365285e-07
0,7115,438.86408866452604
0,7116,775.4524636966466
0,7117,1068.4386834969985
0,7118,1384.6041615008521
0,7119,1789.6096338445698
0,7120,1370.7006957212047
0,7121,1038.144468763514
0,7122,709.9661704650155
0,7123,307.6330664407009
0,7124,2.06712212855028e-08
0,7125,6.456063546494381e-08
0,7126,6.232737582207608e-08
0,7127,2.2963694910874927e-09
0,7128,190.01542701401593
0,7129,680.5520112380545
0,7130,882.1163331961942
0,7131,953.3213850007962
0,7132,985.4212962262507
0,7133,1001.6443943490486
0,7134,1011.7658510664766
0,7135,1015.1012183530621
0,7136,1022.0929442209916
0,7137,1035.204473897057
0,7138,1064.8203405011336
0,7139,1147.2543294955212
0,7140,1388.4069007156218
0,7141,2047.9999999974034
0,7142,2047.9999999949505
0,7143,1887.442196597822
0,7144,1801.7443647622376
0,7145,1735.6428987698566
0,7146,1679.2262737980063
0,7147,1628.7934591431758
0,7148,1582.589472691689
0,7149,1539.4782016713784
0,7150,1498.7482138888258
0,7151,1459.9341277540689
0,7152,1422.648302685362
0,7153,1386.6355958622685
0,7154,1351.5857936545788
0,7155,1317.3449550322125
0,7156,1283.774345494821
0,7157,1250.6977230323548
0,7158,1218.010779179892
0,7159,1184.2923077654618
0,7160,1150.3030757203753
0,7161,1116.5676228826346
0,7162,1083.043773600417
0,7163,1049.7383950746666
0,7164,1017.5404706581412
0,7165,985.9402307933846
0,7166,953.9002140505772
0,7167,920.8840599680136
0,7168,887.4110869641149
0,7169,853.5737280541124
0,7170,820.0049289109505
0,7171,787.2610416150147
0,7172,754.2059918695701
0,7173,722.5010360779219
0,7174,722.5010360416485
0,7175,722.5010360231244
0,7176,722.5010360178762
0,7177,722.5010360250939
0,7178,722.5010360469073
0,7179,722.5010360904336
0,7180,722.5010361785924
0,7181,722.5010364570766
0,7182,680.6435556302251
0,7183,637.2128139461938
0,7184,592.1125269699115
0,7185,545.0596738335063
0,7186,545.05967367821
0,7187,545.0596736106073
0,7188,545.0596735742587
0,7189,545.0596735556791
0,7190,545.0596735503793
0,7191,476.1536277619089
0,7192,398.00819619284994
0,7193,306.10561543380607
0,7194,185.90824881641564
0,7195,3.583126755658171e-08
0,7196,4.428636767468539e-08
0,7197,1.877411063106118e-09
0,7198,514.8663459107714
0,7199,847.3506892547604
0,7200,973.6312404698294
0,7201,1039.919123481176
0,7202,1130.200656878765
0,7203,1372.470918418957
0,7204,2047.9999999980037
0,7205,2047.9999999878348
0,7206,1703.055251157697
0,7207,1474.0046470773564
0,7208,1289.5103586723437
0,7209,1122.6591573908377
0,7210,975.7644180527461
0,7211,975.7644180163409
0,7212,975.7644179977278
0,7213,975.7644179924046
0,7214,975.7644179995431
0,7215,975.7644180212455
0,7216,798.3220936244053
0,7217,605.8974906869862
0,7218,376.66131750774656
0,7219,3.591692492825317e-08
0,7220,6.019991047249675e-08
0,7221,5.4842252187993295e-08
0,7222,1.9215389396487214e-09
0,7223,82.08668790634263
0,7224,694.1648621481817
0,7225,924.2851637427913
0,7226,1029.905712991076
0,7227,1144.9207660433894
0,7228,1399.3824408164805
0,7229,2047.9999999978654
0,7230,982.7225911307535
0,7231,982.7225909364573
0,7232,982.7225908520287
0,7233,982.7225908066587
0,7234,982.7225907834538
0,7235,1394.8118631267585
0,7236,2047.9999998896747
0,7237,2047.9999999905292
0,7238,1729.9478577211205
0,7239,1521.7714635748353
0,7240,1353.7659840781218
0,7241,1202.6717257008693
0,7242,1058.9665974896407
0,7243,919.0839896385698
0,7244,777.7856553796408
0,7245,640.6345732919531
0,7246,640.634573266863
0,7247,640.6345732563303
0,7248,640.6345732582558
0,7249,640.6345732734741
0,7250,640.6345733064982
0,7251,924.2440867511722
0,7252,988.5829571069766
0,7253,1832.037663637392
0,7254,1881.439065206895
0,7255,1787.9235464804458
0,7256,1716.0608901155636
0,7257,1654.956728740521
0,7258,1600.3502881906595
0,7259,1550.2405292077997
0,7260,1503.6328140458472
0,7261,1459.665336752412
0,7262,1417.2379431047914
0,7263,1376.163213868664
0,7264,1336.2229284884577
0,7265,1297.2332398906944
0,7266,1259.039333328396
0,7267,1221.5079018805534
0,7268,1184.565017346315
0,7269,1148.0879091935662
0,7270,1112.0015253755437
0,7271,1076.333727671014
0,7272,1040.8325581528186
0,7273,1005.4484133450537
0,7274,969.884142064005
0,7275,934.0613861000529
0,7276,897.9448375668492
0,7277,861.4312018409591
0,7278,824.4133647847449
0,7279,786.7893866055769
0,7280,748.4737729981804
0,7281,709.3670731311832
0,7282,669.293852271013
0,7283,627.981946349472
0,7284,585.2681885705869
0,7285,540.9803708103549
0,7286,494.1029108491694
0,7287,443.4168605469759
0,7288,387.91450131784484
0,7289,325.47925470443687
0,7290,252.11233326666343
0,7291,156.16244759943734
0,7292,3.741232545831797e-06
0,7293,3.703806886892671e-06
0,7294,3.6838130772548147e-06
0,7295,3.676759375463752e-06
0,7296,3.681539883485744e-06
0,7297,3.6995358980132682e-06
0,7298,3.735745381734136e-06
0,7299,3.8045349552711e-06
0,7300,3.96558477007208e-06
0,7301,755.1583900769357
0,7302,1319.458993506307
0,7303,1551.383861393121
0,7304,1076.365029966759
0,7305,624.1042585279538
0,7306,4.3802027090274
0,7307,2.023990199986314e-08
0,7308,8.71273891085673e-08
0,7309,1.1776754846578382e-07
0,7310,1.3623111304775335e-07
0,7311,1.4750265009481596e-07
0,7312,1.5337904212984685e-07
0,7313,1.5444958451974453e-07
0,7314,1.5053923778639853e-07
0,7315,1.4063734069644945e-07
0,7316,1.2227586758971397e-07
0,7317,8.874713203823334e-08
0,7318,2.2207266908749747e-09
0,7319,575.4234349425157
0,7320,869.1343487523569
0,7321,977.5169077396434
0,7322,1022.9875594317858
0,7323,1059.2171176942861
0,7324,1150.6505060312033
0,7325,1420.7944989695388
0,7326,2047.9999999974468
0,7327,1435.1548942677389
0,7328,1018.5729131597768
0,7329,602.8626553226318
0,7330,5.415495873752367e-07
0,7331,7.441646568153413e-08
0,7332,736.5278444481373
0,7333,1499.843594176275
0,7334,1052.5414444458938
0,7335,1052.5414442042977
0,7336,662.3734262093403
0,7337,1.1759671868602928e-06
0,7338,1.1416374361915803e-06
0,7339,1.1242084879791846e-06
0,7340,1.1216416691125705e-06
0,7341,1.1339992247317698e-06
0,7342,1.1634373760717638e-06
0,7343,85.04805819197175
0,7344,493.39713655950476
0,7345,773.7335355205611
0,7346,1029.532549376533
0,7347,1286.5238453623558
0,7348,1580.3302109486199
0,7349,2047.999999995353
0,7350,2047.9999996979618
0,7351,2047.9999995612222
0,7352,2047.999999465127
0,7353,2047.9999993896533
0,7354,2047.9999993272806
0,7355,2047.9999992742476
0,7356,2047.9999992283615
0,7357,2047.9999991882157
0,7358,1690.0030433168888
0,7359,1247.9217349590274
0,7360,870.221980758797
0,7361,870.2219806074086
0,7362,870.2219805416171
0,7363,870.221980506256
0,7364,870.2219804708992
0,7365,870.221980465712
0,7366,870.2219804726195
0,7367,870.2219804936626
0,7368,870.2219805356913
0,7369,870.2219806207023
0,7370,870.2219808865351
0,7371,1298.7374500214146
0,7372,1812.0993251598998
0,7373,2047.9999997570064
0,7374,2047.9999997343707
0,7375,2047.9999997207235
0,7376,2047.9999997144425
0,7377,2047.9999997148973
0,7378,2047.9999997221307
0,7379,2047.9999997368814
0,7380,2047.9999997609639
0,7381,2047.9999997985867
0,7382,2047.9999998621995
0,7383,2047.9999997932773
0,7384,1283.4254229371845
0,7385,355.7791074161684
0,7386,355.7791074178623
0,7387,355.7791074315095
0,7388,355.7791074611523
0,7389,413.2949040120457
0,7390,466.0502647624997
0,7391,515.2879749760523
0,7392,562.1530723812783
0,7393,607.2286312501847
0,7394,650.3808593997345
0,7395,691.8320246688302
0,7396,731.8942007700153
0,7397,770.8071850937654
0,7398,808.7348509603104
0,7399,845.6681537463633
0,7400,882.0796395043546
0,7401,918.5021695042632
0,7402,954.7714333752857
0,7403,991.0315529446588
0,7404,1027.5386118854422
0,7405,1063.8321154028445
0,7406,1099.9269441309798
0,7407,1135.9672816805141
0,7408,1135.9672816709362
0,7409,1135.9672816725713
0,7410,1135.96728168617
0,7411,1135.9672817157543
0,7412,1135.9672817734445
0,7413,1172.8205584272043
0,7414,1211.1994962098865
0,7415,1250.291805459218
0,7416,1290.2395760577658
0,7417,1331.1643215448744
0,7418,1373.1888951620322
0,7419,1416.5226024260323
0,7420,1461.4431904660023
0,7421,1508.3841394945707
0,7422,1557.556125543127
0,7423,1557.5561255448004
0,7424,1557.5561255584341
0,7425,1557.5561255880757
0,7426,1557.5561256458873
0,7427,1614.2872359953149
0,7428,1701.4980740192775
0,7429,1810.3517370014508
0,7430,1978.0473552062444
0,7431,1488.6894189341472
0,7432,1160.8799416887425
0,7433,857.2552091101805
0,7434,529.4822158504077
0,7435,234.15787408739888
0,7436,234.15787407792254
0,7437,234.15787407965027
0,7438,234.15787409333242
0,7439,375.4537736758713
0,7440,487.61292260773865
0,7441,585.1696904348898
0,7442,674.6409708958614
0,7443,758.9004779227932
0,7444,839.486240696634
0,7445,917.6743700990755
0,7446,994.3215329616075
0,7447,1070.3197770251677
0,7448,1146.923778357266
0,7449,1225.4571190186955
0,7450,1307.732649146406
0,7451,1396.2846531159514
0,7452,1491.9498157621729
0,7453,1597.2818574365724
0,7454,1718.4320827427102
0,7455,1880.2588039628204
0,7456,1313.6726921314867
0,7457,858.1153335824098
0,7458,371.7914879705323
0,7459,371.7914879377275
0,7460,371.7914879209423
0,7461,371.7914879161174
0,7462,371.79148792250123
0,7463,371.79148794198045
0,7464,445.2769475973459
0,7465,513.7245184695292
0,7466,576.9512241027146
0,7467,636.9088410729848
0,7468,693.9648073349521
0,7469,748.8176830531615
0,7470,801.9289812109708
0,7471,853.6880810245631
0,7472,904.664530936315
0,7473,955.3016160864711
0,7474,1005.8302108758974
0,7475,1056.3061662618265
0,7476,1106.9110344564324
0,7477,1157.7404546677724
0,7478,1208.9253223901674
0,7479,1259.431613484314
0,7480,1259.4316134421197
0,7481,1259.4316134194419
0,7482,1259.431613409895
0,7483,1259.4316134115688
0,7484,1259.4316134252017
0,7485,1259.4316134548355
0,7486,1259.4316135126248
0,7487,1323.0564985211604
0,7488,1390.7330652809944
0,7489,1462.6461979423168
0,7490,1540.3166924268087
0,7491,1626.8376076949066
0,7492,1728.670048228516
0,7493,1864.6866919624233
0,7494,2047.9999999913923
0,7495,1655.134750251707
0,7496,1424.9870077911
0,7497,1235.0277384317565
0,7498,1067.3069902231116
0,7499,1067.3069901041724
0,7500,1067.306990052467
0,7501,1067.306990024675
0,7502,1067.3069900104638
0,7503,912.5999296179241
0,7504,743.5673481142707
0,7505,556.1185186023354
0,7506,327.4792154894493
0,7507,4.824414116998485e-08
0,7508,6.853894546041703e-08
0,7509,7.682266868214984e-08
0,7510,7.681738042640887e-08
0,7511,359.22844631313365
0,7512,630.5191505969929
0,7513,855.4480722335649
0,7514,1066.212615604967
0,7515,1280.1153981144664
0,7516,1517.4861328888148
0,7517,1848.5060276043125
0,7518,2047.9999999950537
0,7519,1667.947691942909
0,7520,1442.9095970785268
0,7521,1257.3272343967847
0,7522,1086.8479847889323
0,7523,930.9320472904674
0,7524,930.9320471900237
0,7525,930.9320471463595
0,7526,930.9320471228892
0,7527,809.1838271619278
0,7528,613.6361270443033
0,7529,373.9092091000798
0,7530,7.635032648612686e-08
0,7531,8.578315718414653e-08
0,7532,9.236146769180933e-08
0,7533,9.686796348527176e-08
0,7534,9.969756147734459e-08
0,7535,388.31974687296736
0,7536,629.1484708726282
0,7537,832.1802668184328
0,7538,1021.7566300876821
0,7539,1211.2451448616832
0,7540,1416.4886279246027
0,7541,1663.3101579233014
0,7542,2047.9999999658944
0,7543,1717.8578221692517
0,7544,1514.8942927461644
0,7545,1350.405515906274
0,7546,1202.3828195361316
0,7547,1062.1522039492502
0,7548,998.4450513979771
0,7549,998.4450514027142
0,7550,865.4874248273668
0,7551,717.2623291081089
0,7552,551.6974110881523
0,7553,347.9718865922204
0,7554,2.591598693035241e-08
0,7555,4.7299067722113015e-08
0,7556,5.1661643009976094e-08
0,7557,4.3294647786190394e-08
0,7558,7.799779598354552e-09
0,7559,356.33633763529446
0,7560,622.07319897233
0,7561,843.1497210630479
0,7562,1049.820121064105
0,7563,1259.0979659588318
0,7564,1489.9565455748354
0,7565,1790.5148172623444
0,7566,2047.999999957369
0,7567,1512.4277034314402
0,7568,1172.3001769381908
0,7569,862.9741706318321
0,7570,536.8430390187924
0,7571,536.8430388833043
0,7572,536.843038824413
0,7573,536.8430387927544
0,7574,536.8430387765577
0,7575,536.8430387719053
0,7576,536.8430387780672
0,7577,1.443064890900114e-07
0,7578,1.626863932700784e-07
0,7579,1.8222310265892543e-07
0,7580,2.0442037800599204e-07
0,7581,139.76329586090336
0,7582,228.35040129213095
0,7583,295.09304018368806
0,7584,351.46690641512737
0,7585,401.9301544130302
0,7586,448.01821110860584
0,7587,490.87011044119856
0,7588,531.2476321026327
0,7589,569.6505016217318
0,7590,606.3540139565855
0,7591,606.3540139582283
0,7592,606.3540139718198
0,7593,606.354014001389
0,7594,606.3540140590413
0,7595,606.3540141954276
0,7596,636.536744389073
0,7597,666.1923689188014
0,7598,693.416931167669
0,7599,693.4169311449153
0,7600,453.54700355884177
0,7601,2.7432016917337734e-07
0,7602,2.80902145348514e-07
0,7603,2.929854098192709e-07
0,7604,3.6812814913002746e-07
0,7605,4.2332620193318753e-07
0,7606,4.663969659068337e-07
0,7607,5.009365038461636e-07
0,7608,5.289249436081066e-07
0,7609,5.515745247641366e-07
0,7610,5.696761263425908e-07
0,7611,5.83764956065577e-07
0,7612,5.942078156092592e-07
0,7613,6.012517960087699e-07
0,7614,6.050532597441476e-07
0,7615,6.056924439149089e-07
0,7616,6.031829731653268e-07
0,7617,5.974723612574978e-07
0,7618,5.884374855275563e-07
0,7619,5.758718916302379e-07
0,7620,5.594965431959028e-07
0,7621,5.387932204070156e-07
0,7622,5.130975370568817e-07
0,7623,4.814117582826192e-07
0,7624,4.4213157646176907e-07
0,7625,3.924849161151753e-07
0,7626,3.26942201838939e-07
0,7627,2.3098797441496884e-07
0,7628,2.3273396039097247e-08
0,7629,7.3907428984368e-08
0,7630,9.088547052872164e-08
0,7631,9.18313347964499e-08
0,7632,7.653427180155442e-08
0,7633,2.7120739731934803e-08
0,7634,344.9999896739611
0,7635,666.3679806150978
0,7636,1014.0293496947149
0,7637,401.85300226649264
0,7638,6.90855916881338e-07
0,7639,3.898363985876496e-07
0,7640,2.1374727594727742e-07
0,7641,2.875087875746043e-08
0,7642,432.4941432410228
0,7643,838.0663287760347
0,7644,1213.4577672572248
0,7645,1644.0761897617508
0,7646,955.9123633989752
0,7647,134.66797840197998
0,7648,1.601704175671929e-06
0,7649,1.3406293015300053e-06
0,7650,1.2205177098132975e-06
0,7651,1.1498734814260631e-06
0,7652,1.1060845710026117e-06
0,7653,1.080598708602101e-06
0,7654,1.0697694508086508e-06
0,7655,347.7850363763367
0,7656,598.6760961499657
0,7657,806.865096965218
0,7658,999.7107080164859
0,7659,1191.1521810175911
0,7660,1396.54481313804
0,7661,1643.5997881858418
0,7662,2047.9999999942258
0,7663,1886.8986968252968
0,7664,1801.2126983112487
0,7665,1735.4932916381515
0,7666,1679.7810085555234
0,7667,1631.0485070214463
0,7668,1586.188913962705
0,7669,1543.3196514594724
0,7670,1502.476135244568
0,7671,1463.3482333858499
0,7672,1425.5262467851433
0,7673,1388.6943274205694
0,7674,1353.171205386858
0,7675,1318.638884694155
0,7676,1284.9025865923447
0,7677,1273.3008182065178
0,7678,1273.3008181390674
0,7679,1273.3008181028113
0,7680,1273.3008180843037
0,7681,1273.3008180790744
0,7682,1273.3008180863167
0,7683,1273.3008181081689
0,7684,1273.300818151776
0,7685,1244.5711518021014
0,7686,1215.6484528399978
0,7687,1186.9713148138849
0,7688,1158.554100135619
0,7689,1130.4137697581302
0,7690,1102.5000165619158
0,7691,1074.7412860847937
0,7692,1047.0798998211112
0,7693,1019.4635968879223
0,7694,991.793972042181
0,7695,964.0300818312429
0,7696,936.1022421262951
0,7697,907.9192800886999
0,7698,879.7270515698408
0,7699,851.3919460517525
0,7700,822.8391693063104
0,7701,794.0131629272041
0,7702,765.1720847814795
0,7703,765.1720846266859
0,7704,765.1720845592687
0,7705,765.1720845230242
0,7706,765.1720845045203
0,7707,765.1720844992885
0,7708,735.1596785824162
0,7709,702.5303919462912
0,7710,668.9067969201413
0,7711,634.1583545337888
0,7712,598.066356187509
0,7713,561.0927087348097
0,7714,522.6598935800195
0,7715,483.5091116621209
0,7716,483.5091115070693
0,7717,483.50911143954437
0,7718,435.3203210763607
0,7719,382.14056734431335
0,7720,322.379159483205
0,7721,252.13405428521028
0,7722,160.78583547928707
0,7723,4.984320947278443e-08
0,7724,5.0477158984404036e-08
0,7725,8.513025383700978e-09
0,7726,2.3485181170726475e-09
0,7727,665.739356003341
0,7728,908.1889315949887
0,7729,995.9836547219888
0,7730,1045.8712217345187
0,7731,1124.539464023504
0,7732,1341.996701635411
0,7733,1970.475870548407
0,7734,2047.9999999982851
0,7735,1868.0797995074993
0,7736,1743.2548402097052
0,7737,1650.5858916644586
0,7738,1573.7574754207053
0,7739,1505.3024428097785
0,7740,1505.3024426542675
0,7741,1505.3024425866195
0,7742,1449.7392318285902
0,7743,1395.548282047514
0,7744,1343.467209186859
0,7745,1293.0704969958986
0,7746,1244.0619422893226
0,7747,1196.3887720543773
0,7748,1150.2212352821737
0,7749,1150.221235214622
0,7750,1150.2212351783128
0,7751,1150.221235159767
0,7752,1150.221235154505
0,7753,1150.22123516171
0,7754,1150.2212351835078
0,7755,1150.2212352270146
0,7756,1116.5068162326907
0,7757,1074.0266757590273
0,7758,1031.3580319451464
0,7759,986.4026962283657
0,7760,939.862962976089
0,7761,896.6136111904452
0,7762,853.0357883217467
0,7763,808.8065423614252
0,7764,763.730442594953
0,7765,717.4922007414381
0,7766,669.5499358196238
0,7767,614.9173099139858
0,7768,556.8923849990803
0,7769,494.80953696873
0,7770,427.62445654211626
0,7771,360.60522952431194
0,7772,283.1639077174149
0,7773,183.72725734823118
0,7774,3.1221074714243396e-08
0,7775,8.800583605581718e-08
0,7776,1.1583864737758518e-07
0,7777,1.3288763154307407e-07
0,7778,1.4339866685915675e-07
0,7779,1.4895905275165607e-07
0,7780,1.5010152695278276e-07
0,7781,1.4667326084659058e-07
0,7782,1.3779094917138173e-07
0,7783,1.2133333033606498e-07
0,7784,9.182768864136252e-08
0,7785,2.3992152229723398e-08
0,7786,165.49644109912566
0,7787,593.1664372338084
0,7788,943.3510033633505
0,7789,1287.268274341904
0,7790,1655.9827527954958
0,7791,863.0955760087124
0,7792,9.282477269992621e-07
0,7793,6.349096530016947e-07
0,7794,4.866864804299641e-07
0,7795,3.8612971794076785e-07
0,7796,3.075351774261474e-07
0,7797,2.3848867208151243e-07
0,7798,1.6816471594570588e-07
0,7799,7.29221974087236e-08
0,7800,326.32283330876635
0,7801,522.1152826114925
0,7802,682.441767573721
0,7803,826.726326431325
0,7804,963.8195432872359
0,7805,1098.0595193678898
0,7806,1234.2129115864086
0,7807,1234.2129116088695
0,7808,1234.2129116576627
0,7809,1234.2129117528145
0,7810,1234.2129119782455
0,7811,1425.8312608998424
0,7812,1657.5456381909064
0,7813,2047.9999999947665
0,7814,2047.999999486439
0,7815,2047.999999243335
0,7816,2047.9999990668334
0,7817,2047.9999989237629
0,7818,2047.9999988016991
0,7819,2047.9999986944142
0,7820,2047.9999985982663
0,7821,2047.9999985109218
0,7822,2047.9999984886028
0,7823,2047.9999984814788
0,7824,2047.9999984879269
0,7825,2047.9999985103354
0,7826,2047.99999855813
0,7827,2047.9999986689736
0,7828,2047.9999996827526
0,7829,2047.9999996464026
0,7830,2047.9999996193997
0,7831,2047.9999995994838
0,7832,2047.9999995853843
0,7833,2047.9999995763617
0,7834,2047.9999995719995
0,7835,2047.9999995721098
0,7836,2047.9999995766966
0,7837,2047.9999995859578
0,7838,2047.9999996003228
0,7839,1566.6662240848289
0,7840,1256.9391797280323
0,7841,942.0105556273385
0,7842,942.0105555933644
0,7843,942.0105555759911
0,7844,942.0105555710234
0,7845,942.0105555912589
0,7846,942.0105556114942
0,7847,942.0105556317297
0,7848,942.0105556721348
0,7849,942.0105557538628
0,7850,942.0105560092969
0,7851,1478.3969330064676
0,7852,2047.9999992983996
0,7853,2047.9999993223607
0,7854,2047.9999993505664
0,7855,2047.9999993837523
0,7856,2047.9999994215912
0,7857,2047.9999994455413
0,7858,2047.9999995022335
0,7859,2047.999999573479
0,7860,2047.9999996694978
0,7861,2047.9999998262558
0,7862,1434.0485681839925
0,7863,1434.0485679343526
0,7864,1108.2765062074106
0,7865,784.0768217817003
0,7866,459.4934969605307
0,7867,459.493496951036
0,7868,459.4934969527526
0,7869,459.4934969664277
0,7870,620.5648737545963
0,7871,771.209294191558
0,7872,913.0429918969043
0,7873,1051.3862118419825
0,7874,1193.458952812309
0,7875,1342.1182197102003
0,7876,1505.967231583253
0,7877,1705.7732045262696
0,7878,2047.9999999364697
0,7879,1696.672588773195
0,7880,1489.582441544732
0,7881,1320.616629142056
0,7882,1168.506739686981
0,7883,1024.0372544136992
0,7884,891.6703361536634
0,7885,759.4830444619851
0,7886,759.4830443250881
0,7887,583.3552555850583
0,7888,368.3438997531306
0,7889,3.261198427370626e-07
0,7890,3.161951033385296e-07
0,7891,3.1203828948159077e-07
0,7892,3.134521877691033e-07
0,7893,3.206583241112046e-07
0,7894,347.08511498136426
0,7895,571.8041305157693
0,7896,757.324193061865
0,7897,926.9743851197054
0,7898,1093.8170779086406
0,7899,1264.5044739354582
0,7900,1449.74739724209
0,7901,1673.0584607424744
0,7902,2047.9999999935048
0,7903,2047.9999999882648
0,7904,1695.8344775083287
0,7905,1491.6260358315212
0,7906,1324.0304328818856
0,7907,1172.0165779036943
0,7908,1029.9992724792874
0,7909,889.8465270619226
0,7910,889.8465269594597
0,7911,742.4435380574646
0,7912,570.9870314040544
0,7913,359.9682080088605
0,7914,1.3389235114803213e-07
0,7915,1.3158246303513594e-07
0,7916,1.303071012149961e-07
0,7917,1.2994763373528782e-07
0,7918,1.3043532497998946e-07
0,7919,382.96556175697464
0,7920,627.739612311603
0,7921,833.0806954894208
0,7922,1024.7763855949993
0,7923,1216.407212829498
0,7924,1424.17017700733
0,7925,1676.003723440066
0,7926,2047.9999999727254
0,7927,1639.4331024060732
0,7928,1400.2702846275952
0,7929,1201.5385012667214
0,7930,1026.1844448350969
0,7931,1026.1844448228328
0,7932,1026.1844448193212
0,7933,1026.1844448240151
0,7934,1026.1844448383015
0,7935,841.4473873957977
0,7936,640.5126107420941
0,7937,398.83475040230246
0,7938,2.6967518101567753e-08
0,7939,5.1432287240187166e-08
0,7940,5.995236139046074e-08
0,7941,5.903892907984287e-08
0,7942,4.761359659623661e-08
0,7943,1.1019214670338496e-08
0,7944,413.44941807169033
0,7945,688.3091134842502
0,7946,925.3517936513452
0,7947,1154.0208238581035
0,7948,1396.6132114370573
0,7949,1693.426458145578
0,7950,1640.80071890547
0,7951,1181.8204660575675
0,7952,765.8482955198157
0,7953,253.941227222814
0,7954,253.94122708963548
0,7955,253.94122703175006
0,7956,253.9412270006248
0,7957,253.94122698468829
0,7958,253.9412269800868
0,7959,253.94122698610224
0,7960,253.94122700451314
0,7961,1.0797559883022809e-07
0,7962,1.3717670931166857e-07
0,7963,1.649253502921397e-07
0,7964,1.9452629596768156e-07
0,7965,2.289344363046045e-07
0,7966,2.7192022310278076e-07
0,7967,181.28598977118781
0,7968,356.80575682384733
0,7969,491.1350136986432
0,7970,605.5107513577417
0,7971,708.7036008864296
0,7972,805.3442542426975
0,7973,897.992540199111
0,7974,988.3246308603256
0,7975,1077.3156212767342
0,7976,1164.8903059219676
0,7977,1255.8462968658746
0,7978,1351.7388163460516
0,7979,1454.3126823411662
0,7980,1569.08672823961
0,7981,1706.7280471371291
0,7982,1900.7082137367847
0,7983,1527.1494170141173
0,7984,1256.1954140399728
0,7985,1016.7639145997623
0,7986,776.2792968515275
0,7987,512.3167453962544
0,7988,512.3167453736602
0,7989,512.3167453641697
0,7990,512.3167453658912
0,7991,512.3167453795729
0,7992,687.0199596095714
0,7993,881.8756464279365
0,7994,1072.1818639894736
0,7995,1275.458051622353
0,7996,1504.4073083374185
0,7997,1807.5232752849254
0,7998,1322.8911450050405
0,7999,915.4758846563119
0,8000,463.29377367033226
0,8001,463.29377360928936
0,8002,463.29377357648735
0,8003,463.29377355970576
0,8004,624.7962621042537
0,8005,728.0681223241601
0,8006,728.0681223436535
0,8007,728.0681223210258
0,8008,728.0681223115073
0,8009,728.0681223132062
0,8010,728.0681223268654
0,8011,728.0681223565325
0,8012,820.6455934978089
0,8013,912.7433555569719
0,8014,1004.2329891148684
0,8015,1096.3566370202261
0,8016,1189.8957673950226
0,8017,1286.2911766103464
0,8018,1387.6575433554196
0,8019,1497.3285049467079
0,8020,1621.9031215707057
0,8021,1778.6897278965514
0,8022,2047.9999999984072
0,8023,2047.9999999997938
0,8024,1800.7428745014877
0,8025,1579.0636134690221
0,8026,1408.0427191002473
0,8027,1257.1189358995837
0,8028,1117.835802298036
0,8029,985.0920777370817
0,8030,848.4298486562357
0,8031,703.3503493088633
0,8032,541.0869537878109
0,8033,341.19943147346663
0,8034,2.0148672209043157e-10
0,8035,2.8571575524686876e-08
0,8036,3.454563370684994e-08
0,8037,2.9849465728243655e-08
0,8038,4.6117988830468264e-09
0,8039,398.4587516542108
0,8040,670.9772339467273
0,8041,901.6084023846221
0,8042,1121.5382385492228
0,8043,1350.3705169701639
0,8044,1617.572607233017
0,8045,2047.9999999909132
0,8046,1643.7588654526962
0,8047,1643.7588653578657
0,8048,1471.2411797437326
0,8049,1324.5092305272258
0,8050,1190.0569406786449
0,8051,1061.5388818631088
0,8052,951.052989206881
0,8053,951.052989220076
0,8054,819.4568421730002
0,8055,678.131979633711
0,8056,519.88979313723
0,8057,323.82643150290386
0,8058,1.9217163718964386e-08
0,8059,3.780726064695313e-08
0,8060,3.7693030776781724e-08
0,8061,1.7597188104268924e-08
0,8062,6.698959531919336e-09
0,8063,375.61346876338445
0,8064,647.2960760500602
0,8065,875.2559537235452
0,8066,1090.7469014349313
0,8067,1312.5066071050496
0,8068,1565.8174608178308
0,8069,1939.9412587808133
0,8070,2047.9999999882568
0,8071,1309.876544119948
0,8072,750.472133095945
0,8073,5.636810098735758e-07
0,8074,3.946966777433505e-07
0,8075,3.1042078682313925e-07
0,8076,2.5454928827186446e-07
0,8077,2.1260817003026372e-07
0,8078,1.7834603259871736e-07
0,8079,1.479481063691951e-07
0,8080,1.1800589506792301e-07
0,8081,8.347025295832398e-08
0,8082,2.7622205739328827e-08
0,8083,169.40117078762933
0,8084,260.5085934022381
0,8085,331.02390376939223
0,8086,391.41404254005687
0,8087,446.0594334881986
0,8088,502.7136629928418
0,8089,556.8129759781995
0,8090,608.1216662919826
0,8091,657.1391114250674
0,8092,704.2870023646162
0,8093,749.4436425013047
0,8094,788.634493750801
0,8095,826.8244484911683
0,8096,864.4126655462147
0,8097,901.5455119565952
0,8098,938.2728949170568
0,8099,974.7227993553332
0,8100,1011.168473483544
0,8101,1047.6067716513194
0,8102,1083.898603815155
0,8103,1083.898603792443
0,8104,1083.8986037828668
0,8105,1083.8986037845123
0,8106,1083.8986037981115
0,8107,1083.8986038276953
0,8108,1083.8986038853836
0,8109,1083.898604021896
0,8110,1121.6586556557609
0,8111,1159.8239016103862
0,8112,1198.4434988510134
0,8113,1237.697337738668
0,8114,1277.692546247698
0,8115,1318.508306066617
0,8116,1360.3400395528693
0,8117,1403.3734352678666
0,8118,1447.8877105639965
0,8119,1494.2757397156124
0,8120,1543.0895481466287
0,8121,1595.1237126801286
0,8122,1651.6041274566662
0,8123,1713.8583492058433
0,8124,1784.8313629241336
0,8125,1833.4566090232277
0,8126,494.61959041724174
0,8127,494.6195901650457
0,8128,494.61959008275574
0,8129,494.6195900405329
0,8130,494.61959001783623
0,8131,494.6195900082686
0,8132,494.61959000991766
0,8133,494.61959002351534
0,8134,494.61959005308984
0,8135,539.9744162658952
0,8136,590.8940513328242
0,8137,639.5716586644935
0,8138,686.6621870423453
0,8139,732.2630005103022
0,8140,776.7011998787447
0,8141,820.1891557520277
0,8142,862.8535422459978
0,8143,904.8680810359338
0,8144,946.419745232754
0,8145,987.6525263529431
0,8146,1028.6819604356992
0,8147,1069.4115896488374
0,8148,1110.3597983700604
0,8149,1151.712700275624
0,8150,1193.3478652590254
0,8151,1233.9775874398306
0,8152,1233.9775874302677
0,8153,1233.9775874319257
0,8154,1233.9775874455393
0,8155,1233.977587475145
0,8156,1233.9775875328767
0,8157,1233.9775876695282
0,8158,1282.3109331225974
0,8159,1332.409620316
0,8160,1384.3142844489594
0,8161,1438.5784030441037
0,8162,1496.005838003739
0,8163,1557.5350289661703
0,8164,1624.7713412980224
0,8165,1700.602301437068
0,8166,1791.5303747556716
0,8167,1916.8018493479924
0,8168,1380.9471466348616
0,8169,1229.1849932984064
0,8170,1229.1849931582117
0,8171,1229.1849930972571
0,8172,1229.1849930644946
0,8173,1229.1849930477454
0,8174,1104.2900468965777
0,8175,866.348452566541
0,8176,866.3484523173416
0,8177,594.171151790974
0,8178,594.1711517489093
0,8179,594.1711517263091
0,8180,594.1711517168146
0,8181,594.171151718533
0,8182,594.1711517322119
0,8183,594.1711517619098
0,8184,774.7002829836133
0,8185,944.5304454894865
0,8186,1113.1774664868638
0,8187,1288.8626504266995
0,8188,1481.9221657959642
0,8189,1720.5530580127463
0,8190,2047.9999999913923
0,8191,1720.798624253423
0,8192,1532.081810403087
0,8193,1379.8899582479946
0,8194,1244.6669251477526
0,8195,1120.8722835382257
0,8196,1006.1149712279259
0,8197,889.7478246951063
0,8198,767.6747878551914
0,8199,635.8250157914091
0,8200,484.9652505478716
0,8201,297.9102199484736
0,8202,2.448766587851629e-07
0,8203,2.3551084653240708e-07
0,8204,2.304175147352849e-07
0,8205,2.2933570996452098e-07
0,8206,2.3226193272780698e-07
0,8207,2.3945919049145315e-07
0,8208,446.15512085156917
0,8209,726.3075313587173
0,8210,968.9646016034011
0,8211,1205.6117833063388
0,8212,1464.808548978401
0,8213,1808.9893164661366
0,8214,2047.9999999984836
0,8215,2047.9999999999545
0,8216,1733.299487873996
0,8217,1536.3985619868179
0,8218,1375.882154006634
0,8219,1231.39195990273
0,8220,1095.7390402504698
0,8221,965.6396228005193
0,8222,831.3202260889591
0,8223,688.4604336372439
0,8224,528.8980889635988
0,8225,332.1554408981451
0,8226,4.528193540188788e-11
0,8227,2.5987370592253032e-08
0,8228,3.1387340791839914e-08
0,8229,2.6969837279247784e-08
0,8230,3.1452035151918963e-09
0,8231,396.91362328564225
0,8232,670.2463702209841
0,8233,901.4052441653646
0,8234,1121.725063273658
0,8235,1350.6801705338264
0,8236,1618.4714213017792
0,8237,2047.9999999957313
0,8238,2047.9999999770218
0,8239,2047.9999999999748
0,8240,1720.5057294889593
0,8241,1524.4930057876375
0,8242,1365.2762226030195
0,8243,1222.0426589141287
0,8244,1087.37526234501
0,8245,957.8520566297593
0,8246,824.4425137756289
0,8247,681.9492638308388
0,8248,522.1855438388418
0,8249,324.2035654969915
0,8250,2.943310068863833e-11
0,8251,1.739201961898107e-10
0,8252,2.9062610645749082e-08
0,8253,3.0633775150840884e-08
0,8254,9.725272429688244e-09
0,8255,2.9018248302231707e-08
0,8256,413.6680173596131
0,8257,691.0529483774466
0,8258,929.9809780872956
0,8259,1161.2223135525207
0,8260,1407.2860138247413
0,8261,1711.0066600428208
0,8262,1711.0066600158343
0,8263,1340.8771905292047
0,8264,1034.1720711559053
0,8265,729.6935062416924
0,8266,365.6024974160966
0,8267,5.234170377704144e-07
0,8268,3.6601829012875963e-07
0,8269,2.8742866486929954e-07
0,8270,2.3524628072016949e-07
0,8271,1.9598041651539542e-07
0,8272,1.6377348005500755e-07
0,8273,1.3499878825278325e-07
0,8274,1.063018979393347e-07
0,8275,7.234634487221069e-08
0,8276,1.1748232295129865e-08
0,8277,324.9709939269693
0,8278,519.0680004711384
0,8279,678.5324497571579
0,8280,822.2068411581195
0,8281,958.5286778313216
0,8282,1092.7239272364486
0,8283,1229.0755731468155
0,8284,1373.125996788874
0,8285,1533.499865233653
0,8286,1731.323025735861
0,8287,2047.9999989412695
0,8288,2047.9999988583882
0,8289,2047.9999988193435
0,8290,1680.7468534504567
0,8291,1458.7253711260523
0,8292,1275.2347595719584
0,8293,1106.5572692450257
0,8294,941.2689926368324
0,8295,770.970078467679
0,8296,588.0535241776414
0,8297,366.06317478694535
0,8298,2.656944252604678e-06
0,8299,2.6231007163334853e-06
0,8300,2.604811944955515e-06
0,8301,2.5980450000678314e-06
0,8302,2.601744589374611e-06
0,8303,2.6169929479842417e-06
0,8304,2.647884838206764e-06
0,8305,369.521049656466
0,8306,601.9506377799129
0,8307,799.8183105409294
0,8308,987.2192995817232
0,8309,1172.2752484586147
0,8310,1366.7199638816958
0,8311,1587.858977323905
0,8312,1873.4346227873843
0,8313,1620.1671460424
0,8314,1431.0805835395465
0,8315,1267.4108256338159
0,8316,1116.339846760481
0,8317,970.6501841688663
0,8318,823.0303522089672
0,8319,686.5748428625596
0,8320,686.5748427223033
0,8321,494.49119323106635
0,8322,259.92601627591745
0,8323,259.9260162591448
0,8324,259.9260162543269
0,8325,259.9260162607145
0,8326,343.65840845709545
0,8327,420.311483181643
0,8328,488.326119024226
0,8329,550.6845128640408
0,8330,611.5165062607438
0,8331,669.2965794605717
0,8332,724.6757844334793
0,8333,777.7944001664374
0,8334,827.9518757376408
0,8335,876.7250928100302
0,8336,924.3915831784581
0,8337,971.762896303983
0,8338,1019.0769045788433
0,8339,1066.4219801300076
0,8340,1114.0217569020776
0,8341,1161.9664390986047
0,8342,1210.2113754035709
0,8343,1210.2113753808865
0,8344,1210.2113753713318
0,8345,1210.2113753729975
0,8346,1210.2113753866206
0,8347,1210.2113754162401
0,8348,1210.211375473998
0,8349,1210.2113756107465
0,8350,1266.4441803324542
0,8351,1324.9702534115365
0,8352,1386.1013141010096
0,8353,1450.8633429488468
0,8354,1520.167011466993
0,8355,1595.7854209090938
0,8356,1681.135312792485
0,8357,1784.4702716672573
0,8358,1936.6400634918875
0,8359,2047.9999999913919
0,8360,1710.9838043951652
0,8361,1515.8379281413531
0,8362,1356.8491427352315
0,8363,1213.2217753895975
0,8364,1077.1882714469791
0,8365,942.9954787443338
0,8366,809.2056618425956
0,8367,669.8520434581545
0,8368,512.2089215371219
0,8369,315.84106406127995
0,8370,2.2393242592497848e-07
0,8371,2.1404566187679464e-07
0,8372,2.07903833212734e-07
0,8373,2.05184517636551e-07
0,8374,2.0577060939408823e-07
0,8375,392.8555927373189
0,8376,653.7352282370742
0,8377,873.7376757946403
0,8378,1081.2471014528496
0,8379,1293.356426401918
0,8380,1536.8501731683016
0,8381,1878.6001728193833
0,8382,1642.9874443788965
0,8383,1426.0085254670767
0,8384,1242.4390531033814
0,8385,1072.1284283131426
0,8386,907.1495799217166
0,8387,907.149579907049
0,8388,907.1495799028509
0,8389,907.1495799084672
0,8390,856.4393866110489
0,8391,652.121284372693
0,8392,407.8143004413837
0,8393,3.527289395514329e-08
0,8394,5.4107771562917305e-08
0,8395,5.411166055831201e-08
0,8396,3.429556983475452e-08
0,8397,5.271234457778547e-07
0,8398,7.696582799659839e-07
0,8399,9.466782462359087e-07
0,8400,1.090489140978838e-06
0,8401,1.2133608399882232e-06
0,8402,1.321469594748161e-06
0,8403,1.4184324500744402e-06
0,8404,1.5065820494035431e-06
0,8405,1.5875253445197818e-06
0,8406,1.6624249642356072e-06
0,8407,1.732147597385868e-06
0,8408,1.7973750428806456e-06
0,8409,1.8586506214494924e-06
0,8410,1.9164025017138434e-06
0,8411,1.9709854776276802e-06
0,8412,2.0226959527216287e-06
0,8413,2.0717826375814524e-06
0,8414,2.1184569963515233e-06
0,8415,2.0880457353455485e-06
0,8416,2.072015848029367e-06
0,8417,2.0671982779967967e-06
0,8418,2.072981220809997e-06
0,8419,2.0908534772040056e-06
0,8420,2.1255596614026817e-06
0,8421,2.1586159234701467e-06
0,8422,2.1901128509048406e-06
0,8423,2.2201320420208066e-06
0,8424,2.248747655176752e-06
0,8425,2.2760261309410015e-06
0,8426,2.3020225880308713e-06
0,8427,2.326791264165712e-06
0,8428,2.3503800278485212e-06
0,8429,2.372833549067494e-06
0,8430,2.39419261167809e-06
0,8431,2.414493516984719e-06
0,8432,2.408794412896327e-06
0,8433,2.4139050375780215e-06
0,8434,2.43120108349296e-06
0,8435,2.4475451072415028e-06
0,8436,2.4629611947864748e-06
0,8437,2.4774714344772547e-06
0,8438,2.4910947867520968e-06
0,8439,2.397943333036154e-06
0,8440,2.3490554498465516e-06
0,8441,2.32137178928166e-06
0,8442,2.307506290691666e-06
0,8443,2.3048366566223027e-06
0,8444,2.313168081568076e-06
0,8445,2.3206378132354863e-06
0,8446,2.3272564282127498e-06
0,8447,2.3330364209510866e-06
0,8448,2.351226295872061e-06
0,8449,2.3867289311234156e-06
0,8450,2.453396912169715e-06
0,8451,2.6085275557263983e-06
0,8452,446.77236467712464
0,8453,524.1833044055353
0,8454,524.183304407334
0,8455,524.1833044091277
0,8456,524.1833044109176
0,8457,524.1833044127038
0,8458,524.1833044144869
0,8459,524.1833044162665
0,8460,524.1833044180429
0,8461,524.1833044198158
0,8462,524.1833044215849
0,8463,524.1833044233505
0,8464,524.1833044251125
0,8465,524.1833044268711
0,8466,524.1833044286263
0,8467,524.1833044303783
0,8468,524.1833044321268
0,8469,524.183304433872
0,8470,524.1833044356138
0,8471,524.1833044373524
0,8472,524.183304439088
0,8473,524.183304440821
0,8474,524.1833044425518
0,8475,524.1833044442791
0,8476,524.1833044460022
0,8477,524.1833044477213
0,8478,524.1833044494362
0,8479,524.1833044511473
0,8480,524.1833044528548
0,8481,524.1833044545588
0,8482,524.1833044562591
0,8483,524.1833044579558
0,8484,524.1833044596491
0,8485,524.183304461339
0,8486,524.1833044630254
0,8487,524.1833044647075
0,8488,524.183304466372
0,8489,524.1833044217956
0,8490,524.183304397829
0,8491,524.1833043876937
0,8492,524.1833043893574
0,8493,524.18330439102
0,8494,524.1833043926794
0,8495,524.1833043943354
0,8496,524.1833043959888
0,8497,524.1833043976409
0,8498,524.1833043992918
0,8499,524.183304400936
0,8500,524.1833044025757
0,8501,524.1833044042111
0,8502,524.1833044058425
0,8503,524.1833044074689
0,8504,8.274675976044192e-07
0,8505,6.39178303643421e-07
0,8506,5.498323334330495e-07
0,8507,4.948667757394254e-07
0,8508,4.5820699077575794e-07
0,8509,4.335744388128562e-07
0,8510,4.11863472858339e-07
0,8511,3.833293486612036e-07
0,8512,3.458507142588144e-07
0,8513,2.952906581042843e-07
0,8514,2.2150940898408092e-07
0,8515,8.036731406432275e-08
0,8516,7.953044943486212e-08
0,8517,6.25441776096582e-08
0,8518,1.8233490045801433e-09
0,8519,565.5167870368695
0,8520,868.2664717507453
0,8521,977.7493417739505
0,8522,1023.5059915373703
0,8523,1065.4519039319944
0,8524,1174.9071371326636
0,8525,1490.3068820232156
0,8526,2047.9999999980523
0,8527,2047.9999999867853
0,8528,2047.9999998368962
0,8529,2047.9999997733867
0,8530,2047.9999997336258
0,8531,2047.999999706802
0,8532,2047.9999996889364
0,8533,2047.9999996781742
0,8534,2047.9999996736146
0,8535,2047.9999996749166
0,8536,2047.9999996821753
0,8537,2047.9999994058887
0,8538,2047.9999993345111
0,8539,2047.999999301918
0,8540,2047.9999992885093
0,8541,2047.9999992895252
0,8542,2047.9999993058202
0,8543,2047.9999993452032
0,8544,2047.9999993913034
0,8545,2047.999999446127
0,8546,2047.9999995131184
0,8547,2047.9999995991598
0,8548,2047.9999997225364
0,8549,2047.9999999916433
0,8550,1921.9695046500617
0,8551,1665.7877476157137
0,8552,1482.8083220355327
0,8553,1329.1805150333528
0,8554,1189.455950524234
0,8555,1056.099629087758
0,8556,925.0152876188716
0,8557,792.8873983478792
0,8558,653.5816174827607
0,8559,498.4367783279571
0,8560,307.2511990812292
0,8561,2.816880254717663e-08
0,8562,3.796884004981225e-08
0,8563,1.8401994454748206e-08
0,8564,232.67961450588234
0,8565,364.3631526244047
0,8566,467.8871044167739
0,8567,558.1910408880266
0,8568,641.3393488569842
0,8569,720.6351141537845
0,8570,797.8173420506251
0,8571,876.079051091668
0,8572,948.3834213313534
0,8573,1017.620642552107
0,8574,1085.8997700445657
0,8575,1151.5881514606297
0,8576,1151.5881515184308
0,8577,1151.5881516552968
0,8578,1222.2027122432123
0,8579,1295.7675927697744
0,8580,1372.6625036310345
0,8581,1453.82802179116
0,8582,1535.4195729226014
0,8583,1535.4195726719734
0,8584,1238.5147272322338
0,8585,5.94249970136307e-07
0,8586,5.673440784723484e-07
0,8587,5.511569554234865e-07
0,8588,5.436711036629687e-07
0,8589,5.441916901635256e-07
0,8590,6.38068208980852e-07
0,8591,7.147749188754536e-07
0,8592,7.798269830458591e-07
0,8593,8.36253937262321e-07
0,8594,8.859254264852829e-07
0,8595,9.300894001521096e-07
0,8596,9.696266590294338e-07
0,8597,1.0051849634221772e-06
0,8598,1.037255862602329e-06
0,8599,1.0662217318896643e-06
0,8600,1.0923859146982646e-06
0,8601,1.1159928187251186e-06
0,8602,1.1372422692476451e-06
0,8603,1.15629833911772e-06
0,8604,1.1732977468277735e-06
0,8605,1.188353188174944e-06
0,8606,1.2015584710304249e-06
0,8607,7.877580335907903e-07
0,8608,6.651135887094642e-07
0,8609,5.9801212628878e-07
0,8610,5.556090316766096e-07
0,8611,5.280161533314587e-07
0,8612,5.110308151183292e-07
0,8613,5.027248047262639e-07
0,8614,4.903104234913998e-07
0,8615,4.733616572017113e-07
0,8616,4.512124577322877e-07
0,8617,4.228137269794924e-07
0,8618,3.864325300799009e-07
0,8619,3.389822246498229e-07
0,8620,4.2644148926825184e-07
0,8621,5.833528870431183e-07
0,8622,1.2365452605809894e-06
0,8623,1.1109152007436618e-06
0,8624,9.63909213849267e-07
0,8625,7.829994020743967e-07
0,8626,5.350897443593718e-07
0,8627,2.93252962428157e-08
0,8628,1.4917265097653823e-07
0,8629,2.4861742600686175e-07
0,8630,3.746858605581057e-07
0,8631,6.047289828837923e-07
0,8632,9.554853690938037
0,8633,3.958986205083667e-08
0,8634,7.619863290128236e-08
0,8635,8.322180824342268e-08
0,8636,6.835520954739049e-08
0,8637,2.1266690630112245e-09
0,8638,457.67752892377445
0,8639,807.8999110748606
0,8640,942.1593087130874
0,8641,990.9151167352197
0,8642,1009.68089836018
0,8643,1018.1419972785409
0,8644,1023.4655946879896
0,8645,1026.936027963989
0,8646,1030.1682784515424
0,8647,1031.9993008950223
0,8648,1031.748093489448
0,8649,1032.8437399894606
0,8650,1038.8422001504794
0,8651,1050.3676557565361
0,8652,1083.123289479375
0,8653,1180.036635945411
0,8654,1437.112600207066
0,8655,2047.99999999726
0,8656,2044.3926511751993
0,8657,1500.3014414621111
0,8658,1140.356094737668
0,8659,800.8389908822714
0,8660,417.97792915468887
0,8661,417.9779289048774
0,8662,711.6854945806549
0,8663,1000.0192431094529
0,8664,1288.548032824064
0,8665,1618.5317827546087
0,8666,2047.9999996523989
0,8667,2047.999999711967
0,8668,2047.9999999955678
0,8669,2047.9999999445993
0,8670,2047.999999944206
0,8671,2047.999999992358
0,8672,1707.4419292725079
0,8673,1512.7266146037312
0,8674,1353.8043193405906
0,8675,1210.2134329376704
0,8676,1075.759515727032
0,8677,961.48621844541
0,8678,828.5573444190543
0,8679,686.2804884416666
0,8680,526.8070515896219
0,8681,330.1942731985965
0,8682,8.183255191341135e-08
0,8683,8.132118423861696e-08
0,8684,7.436750848642472e-08
0,8685,5.7944906773264805e-08
0,8686,1.6405793083984705e-08
0,8687,279.88461135547203
0,8688,572.0016553939604
0,8689,804.4581672731283
0,8690,1018.4414199099758
0,8691,1232.5176887342677
0,8692,1466.2378479188085
0,8693,1764.2025864755096
0,8694,1764.2025863821818
0,8695,1491.728034217923
0,8696,1273.5405068987573
0,8697,1076.306072302921
0,8698,884.0676326024579
0,8699,685.4084254182968
0,8700,685.4084251695449
0,8701,685.4084250877066
0,8702,685.4084250456648
0,8703,685.4084250230715
0,8704,443.01124268352527
0,8705,230.82175287456764
0,8706,230.82175288824044
0,8707,230.82175291791123
0,8708,288.77791161368305
0,8709,355.0310226284346
0,8710,413.2364553413495
0,8711,466.81227089194346
0,8712,520.5015965582867
0,8713,571.8008575439798
0,8714,620.6066001007591
0,8715,667.4059810085062
0,8716,712.5407791308415
0,8717,755.6752162012344
0,8718,794.7852345081321
0,8719,832.9261061974876
0,8720,869.4289722660349
0,8721,906.2171499376964
0,8722,942.9926727215095
0,8723,979.6287918539098
0,8724,1016.1931519366562
0,8725,1052.7085705237505
0,8726,1088.9390788511778
0,8727,1088.9390788528115
0,8728,1088.939078866396
0,8729,1088.9390788959593
0,8730,1088.9390789536096
0,8731,1088.939079090009
0,8732,1125.8972794503475
0,8733,1163.909897755141
0,8734,1202.4073490163696
0,8735,1241.7104694287707
0,8736,1284.0932748990397
0,8737,1327.8017358323389
0,8738,1372.6559679829224
0,8739,1418.6762535878756
0,8740,1464.576781153478
0,8741,1511.639204191927
0,8742,1561.0908645384739
0,8743,1609.1851390737766
0,8744,1609.185139103398
0,8745,1609.1851391611704
0,8746,1609.18513929799
0,8747,1683.130922397962
0,8748,1781.4768331889582
0,8749,1923.0121161886827
0,8750,1510.9928305181534
0,8751,1215.7680382777248
0,8752,951.447106312252
0,8753,676.4098417459337
0,8754,344.61656209538694
0,8755,344.6165620727838
0,8756,344.61656206328496
0,8757,344.61656206499543
0,8758,344.6165620786605
0,8759,344.61656210833286
1,0,20894.05402733345
1,1,22054.257609680324
1,2,23327.506109665603
1,3,24881.372677792086
1,4,26423.015532821875
1,5,27912.785453626468
1,6,29317.951189013827
1,7,30607.90180962871
1,8,31743.735132975642
1,9,32924.09662293978
1,10,34182.964529917444
1,11,35462.51546698185
1,12,36801.864720273414
1,13,38147.76511780133
1,14,39391.3268226623
1,15,40213.68735210166
1,16,40213.687352079054
1,17,40213.68735206956
1,18,40213.68735207128
1,19,40213.68735208497
1,20,40213.687352114684
1,21,40213.68735217262
1,22,40567.89824711846
1,23,41879.82481173553
1,24,43317.56641518641
1,25,44809.43395087026
1,26,46321.905817538674
1,27,47842.50229437988
1,28,49372.02285220589
1,29,50854.01761885602
1,30,52099.04234190916
1,31,43825.754877860476
1,32,21800.646911965618
1,33,5786.6058388618885
1,34,5786.60583861233
1,35,5786.605838530387
1,36,5786.605838488315
1,37,5786.605838465709
1,38,5786.605838456212
1,39,5786.605838457918
1,40,2480.168144520204
1,41,9.669917309135137e-08
1,42,1.1608825330307272e-07
1,43,1.304013884853431e-07
1,44,1.4175416166280425e-07
1,45,1.3930054652144678e-07
1,46,1.219916780429407e-07
1,47,1.249128695891388e-07
1,48,1.2357260144550545e-07
1,49,1.174461677950914e-07
1,50,1.0500074315504906e-07
1,51,8.22753793216851e-08
1,52,1102.7593966896152
1,53,1102.7593966632037
1,54,1102.7593966520985
1,55,1102.7593966541385
1,56,1102.7593966702075
1,57,1102.759396705069
1,58,1102.7593967730372
1,59,1102.759396934168
1,60,4438.378589694141
1,61,9906.931562320166
1,62,12499.346101224442
1,63,13658.006093666809
1,64,11748.114411556387
1,65,3489.884541141716
1,66,2.0282124652585095e-08
1,67,7.73599643750318e-08
1,68,9.530264032503704e-08
1,69,9.489349883864018e-08
1,70,7.485734895104244e-08
1,71,2.193265634923384e-09
1,72,2169.6417299227583
1,73,7311.583672061863
1,74,13135.535153840607
1,75,19648.260887251403
1,76,27840.68324232611
1,77,38827.531873933454
1,78,51645.69448517534
1,79,59893.16431788452
1,80,62561.969234302574
1,81,65693.6654474531
1,82,68046.30439775946
1,83,69930.16971121149
1,84,72771.25838241322
1,85,75955.63964507534
1,86,76663.49599177083
1,87,76663.49599171091
1,88,76663.4959917679
1,89,76663.49599161609
1,90,76663.49599155372
1,91,76663.49599151517
1,92,76663.49599148956
1,93,76663.49599147293
1,94,76663.49599146351
1,95,76663.49599146043
1,96,76663.49599146347
1,97,76663.49599147284
1,98,76663.4959914894
1,99,76663.49599151491
1,100,76663.49599155334
1,101,76663.4959916154
1,102,76663.4959917652
1,103,67978.28343563166
1,104,43237.96132260899
1,105,24662.96449756929
1,106,19960.33110531762
1,107,15239.17357741085
1,108,14464.091660281541
1,109,14381.67248393398
1,110,11869.051010075149
1,111,8288.699352870408
1,112,4349.074745238451
1,113,4.7981025315434536e-08
1,114,5.584998106525997e-08
1,115,4.92357036223904e-08
1,116,1.7510180949624222e-08
1,117,1688.018693428478
1,118,6762.573951027163
1,119,14796.038614036239
1,120,25099.32480604705
1,121,35445.186245082055
1,122,45748.62527714898
1,123,55987.69914478185
1,124,66531.37164493464
1,125,75952.74724991617
1,126,76663.49599174995
1,127,70213.31463931357
1,128,47057.74761903902
1,129,27175.098606866275
1,130,17003.097451259488
1,131,17003.097451127695
1,132,17003.097451070436
1,133,17003.097451039663
1,134,17003.097451023925
1,135,15480.518625299259
1,136,8120.516292442851
1,137,8.595215423751776e-08
1,138,9.540343569491752e-08
1,139,9.859850981702235e-08
1,140,9.596910315112577e-08
1,141,1413.9836235408688
1,142,4935.982518774027
1,143,7786.920340321616
1,144,10354.747891876006
1,145,12658.257766975705
1,146,14776.196671486208
1,147,19271.33486990403
1,148,26238.896995682942
1,149,28939.65161245018
1,150,30470.21216409599
1,151,31546.78030640993
1,152,23955.37647742826
1,153,9112.304254031556
1,154,6597.143597440987
1,155,3.914735610836611e-07
1,156,3.3733359493877575e-07
1,157,2.9835395448131463e-07
1,158,2.689878228091108e-07
1,159,2.4636772156584087e-07
1,160,2.2877322402811186e-07
1,161,2.150615572646267e-07
1,162,2.0441188388272704e-07
1,163,2.0791228223850122e-07
1,164,2.021945210026405e-07
1,165,1.9863132241914748e-07
1,166,1.9698981549827813e-07
1,167,1.9713322427453313e-07
1,168,5051.047623096569
1,169,16183.436007741222
1,170,28658.674599569447
1,171,40880.106186340214
1,172,49254.71119948622
1,173,57109.085344132094
1,174,57109.08534404446
1,175,57109.08534395485
1,176,57109.08534386525
1,177,57109.085343775645
1,178,57109.08534368604
1,179,57109.08534359644
1,180,57109.085343506835
1,181,57109.08534341723
1,182,57109.08534332762
1,183,55747.671362603025
1,184,45558.13812232565
1,185,26604.231071288814
1,186,11165.403568734297
1,187,5990.472862065418
1,188,5990.47286191177
1,189,5990.472861822162
1,190,5990.472861732552
1,191,5990.47286164294
1,192,5990.472861553326
1,193,5990.472861463709
1,194,5990.47286137409
1,195,5990.472861284468
1,196,5990.472861194843
1,197,5990.472861105215
1,198,5990.472861015583
1,199,5990.47286092592
1,200,3.742045166308782e-06
1,201,3.5800672026037143e-06
1,202,3.483519472825304e-06
1,203,3.3830005121836433e-06
1,204,3.278106627353436e-06
1,205,3.1683603251022284e-06
1,206,3.053186530927246e-06
1,207,2.931888148547182e-06
1,208,2.8036011490073162e-06
1,209,2.6672337783612866e-06
1,210,2.5213838226478304e-06
1,211,2.3641698361138476e-06
1,212,2.192997904926046e-06
1,213,2.0040848320035127e-06
1,214,1.7917125437925344e-06
1,215,1.7765951662914586e-06
1,216,1.773041969221987e-06
1,217,1.7807309944670516e-06
1,218,1.8015063529338172e-06
1,219,1.8407805515480071e-06
1,220,1.9135849112657775e-06
1,221,2.081853553089017e-06
1,222,5903.726024077268
1,223,7553.809873906319
1,224,7447.378371024155
1,225,7338.476223151856
1,226,7227.961095893317
1,227,7116.597109440454
1,228,7007.104671024712
1,229,6897.633747994112
1,230,6782.148566340828
1,231,6663.576533252789
1,232,6542.6610650775565
1,233,6418.755429902306
1,234,6292.525361694671
1,235,6163.790118693464
1,236,6033.309834632388
1,237,5901.416939407098
1,238,5767.034436143388
1,239,5631.287983670678
1,240,5496.10660109128
1,241,5356.471858240013
1,242,5214.149337578173
1,243,5068.885275371068
1,244,4919.942037246438
1,245,4764.031945134521
1,246,4603.391618741204
1,247,4431.427933247169
1,248,4250.645655032823
1,249,4062.4627246164678
1,250,3867.309283243436
1,251,3665.501725997171
1,252,3462.3479297978865
1,253,3260.077230383134
1,254,3026.938706700339
1,255,2760.8032693213195
1,256,2462.834393728328
1,257,2136.975109122761
1,258,1761.0612702802694
1,259,1416.5117125385716
1,260,1416.5117125199329
1,261,1416.5117125145864
1,262,1416.5117125216998
1,263,1416.5117125433756
1,264,3930.1955335655894
1,265,10180.850021087996
1,266,17425.902847260946
1,267,40420.565677814775
1,268,61776.21029600549
1,269,76220.52074771708
1,270,76482.79193233693
1,271,76310.68110644667
1,272,76193.29503126383
1,273,76099.52446581415
1,274,76019.3357260006
1,275,75948.02029133517
1,276,75883.49868641667
1,277,75824.05322855046
1,278,75768.21616053785
1,279,75715.40723395848
1,280,75665.81024288526
1,281,75618.63012769472
1,282,75574.58440309917
1,283,75574.58440306287
1,284,75574.58440304433
1,285,75574.58440303907
1,286,75574.58440304628
1,287,75574.58440306809
1,288,75574.58440311166
1,289,75574.58440319994
1,290,75574.58440348298
1,291,76663.49599171919
1,292,76663.49599168675
1,293,76663.49599168224
1,294,76663.49599169992
1,295,73265.48795775016
1,296,53107.34623141566
1,297,31217.785334791304
1,298,12185.64538932868
1,299,11546.869822146899
1,300,11546.86982208488
1,301,11546.869822051547
1,302,11546.869822034492
1,303,7566.348111688783
1,304,2119.54664040926
1,305,9.570383529952295e-08
1,306,1.0653492056712603e-07
1,307,1.1112439196084257e-07
1,308,9.799570547389179e-08
1,309,8.850897701510592e-08
1,310,6.599366998562923e-08
1,311,1.7474305457238665e-09
1,312,1887.325743231643
1,313,11929.927525163484
1,314,27719.808732024187
1,315,46033.535987392424
1,316,63068.87611494261
1,317,75615.66532939723
1,318,76663.49599177144
1,319,57857.73323649238
1,320,36366.33986351958
1,321,36366.339863341935
1,322,36366.33986326475
1,323,36366.339863223264
1,324,36366.339863202054
1,325,36366.33986319597
1,326,35710.952619704214
1,327,26244.285737274196
1,328,13942.495155956722
1,329,2973.944648942886
1,330,4.8199458643927325e-08
1,331,7.091357790870801e-08
1,332,6.318528599259256e-08
1,333,2.1659059205770532e-09
1,334,1253.6621884597605
1,335,9192.62740656901
1,336,22291.397453265887
1,337,35913.995828141866
1,338,48703.65771248766
1,339,60856.25594165289
1,340,71082.31997338656
1,341,76663.49599177108
1,342,76663.49599176671
1,343,72977.36943613237
1,344,71377.79011825788
1,345,71377.79011810187
1,346,71377.79011803409
1,347,71377.79011799765
1,348,71377.79011797902
1,349,71377.79011797368
1,350,71169.39205440436
1,351,70443.64333533708
1,352,69829.80785132901
1,353,69251.5670290053
1,354,68732.53049741624
1,355,68616.97859199633
1,356,68616.9785919777
1,357,68616.97859197238
1,358,68616.9785919795
1,359,68616.97859200121
1,360,69219.1797570447
1,361,69272.1993805872
1,362,69272.19938086151
1,363,75963.79589182005
1,364,76663.4959913912
1,365,76663.49599102617
1,366,76663.49599079018
1,367,76663.495990606
1,368,63718.23266975982
1,369,51747.66305803208
1,370,44322.490717856235
1,371,43829.90648445499
1,372,43829.90648430057
1,373,43829.90648414616
1,374,43138.54229789837
1,375,26378.059110390794
1,376,3817.503832191732
1,377,4.960353530013457e-06
1,378,4.799651002776635e-06
1,379,4.632173651846448e-06
1,380,4.457027541808489e-06
1,381,4.43637893452354e-06
1,382,4.428801397173346e-06
1,383,4.4330471971922025e-06
1,384,4.450397805805251e-06
1,385,4.485728062155088e-06
1,386,4.553152482224786e-06
1,387,4.7113930754837455e-06
1,388,3557.103470223377
1,389,10771.655851814858
1,390,13503.792720687705
1,391,13503.792720412355
1,392,13503.79272013696
1,393,13503.792719861556
1,394,13503.792719586161
1,395,13503.792719310752
1,396,13503.792719035335
1,397,13503.792718759898
1,398,13503.79271848444
1,399,13503.79271820896
1,400,13503.792717933453
1,401,13503.792717657821
1,402,13503.792717382325
1,403,13503.792717106826
1,404,13503.792716831345
1,405,13503.792716832904
1,406,13503.792716848933
1,407,13503.792716884129
1,408,13503.792716953134
1,409,16095.974865239521
1,410,20442.966609577557
1,411,24824.55506897136
1,412,43551.66006498529
1,413,58005.83725629514
1,414,70803.58196906846
1,415,76663.49599160037
1,416,76663.49599150984
1,417,76663.49599145223
1,418,76663.49599141073
1,419,76663.49599137952
1,420,76663.49599135587
1,421,76663.49599133826
1,422,76663.49599132579
1,423,76663.49599131795
1,424,76663.49599131438
1,425,76663.49599122086
1,426,76663.49599118157
1,427,76663.49599116479
1,428,76663.49599116348
1,429,76663.4959911777
1,430,76663.49599119574
1,431,76663.49599121814
1,432,76663.49599124554
1,433,76663.49599127905
1,434,76663.49599132033
1,435,76663.49599137227
1,436,76663.49599144071
1,437,76663.49599154112
1,438,76663.49599176508
1,439,73618.45558120412
1,440,58712.83280390285
1,441,43555.29242936541
1,442,32412.15916538259
1,443,20214.204074905243
1,444,14821.645192534621
1,445,13455.470051265353
1,446,11723.896689757614
1,447,10623.37958923368
1,448,8363.139825825368
1,449,3284.32220705414
1,450,2.1066808096183534e-07
1,451,2.0038612935915022e-07
1,452,1.9344784494702946e-07
1,453,1.8947973122584853e-07
1,454,1.8828106105304478e-07
1,455,522.212293941323
1,456,8529.761525315274
1,457,18453.114781861124
1,458,28838.617304302024
1,459,38794.34621717577
1,460,60425.54688299826
1,461,76369.05713859257
1,462,76663.49599173416
1,463,58535.00431481508
1,464,40648.03968436245
1,465,27316.117151706123
1,466,23157.021065726458
1,467,23157.02106571223
1,468,23157.02106570815
1,469,23157.02106571358
1,470,23157.021065730125
1,471,22631.321688449047
1,472,14131.414574466433
1,473,2689.377283287481
1,474,2.5071250606177944e-08
1,475,3.7592900466081936e-08
1,476,2.013317996948363e-08
1,477,167.16574378063768
1,478,4216.613151896659
1,479,9240.110370949202
1,480,14043.758457882037
1,481,18752.144887251892
1,482,23111.96927432186
1,483,27142.148819801612
1,484,30762.11181062054
1,485,33671.77837441468
1,486,35555.00088369478
1,487,35555.0008837214
1,488,35555.000883751105
1,489,35555.000883809036
1,490,35555.000883946384
1,491,36705.56213030039
1,492,38932.24818223453
1,493,41173.247685546
1,494,42802.77621850887
1,495,42802.77621842693
1,496,41478.8885636865
1,497,35478.67696544133
1,498,35478.67696543184
1,499,35478.67696543356
1,500,35478.676965447245
1,501,35478.67696547697
1,502,36492.638826714836
1,503,38585.98385685316
1,504,41489.169996009274
1,505,46462.64063122233
1,506,52247.5442425126
1,507,58269.51804566694
1,508,64571.83003490428
1,509,70358.54748940175
1,510,76663.4959917662
1,511,76663.49599173872
1,512,72145.27232993481
1,513,64939.940424353445
1,514,57655.67297646013
1,515,48827.91218585342
1,516,45192.13966072166
1,517,45015.597047599265
1,518,41165.615299746045
1,519,30374.835635328825
1,520,28271.599332614533
1,521,19022.406789842462
1,522,13790.637102866192
1,523,13790.637102848243
1,524,13790.637102840703
1,525,13790.637102842073
1,526,13790.637102852943
1,527,13790.63710287654
1,528,13790.63710292262
1,529,16950.845811308667
1,530,23417.451446102754
1,531,44714.04009852474
1,532,63816.440830135834
1,533,76663.4959916292
1,534,76663.49599165036
1,535,64078.77862689121
1,536,52973.19722325715
1,537,41847.17174426905
1,538,32729.81133880645
1,539,26699.7615986487
1,540,26699.76159863563
1,541,26699.761598631885
1,542,26699.761598636887
1,543,26699.761598652112
1,544,19542.8201440823
1,545,6910.251728400247
1,546,4.5219519190162476e-08
1,547,4.7746358616709665e-08
1,548,5.97111417856706e-08
1,549,6.027133245763058e-08
1,550,4.923573350155893e-08
1,551,1.1588521351725556e-08
1,552,1050.5185180402848
1,553,6600.530904462195
1,554,14888.447890885303
1,555,25095.8717203103
1,556,35115.59645116901
1,557,43689.59160955663
1,558,46884.66252327074
1,559,42970.200820315586
1,560,28190.90748745111
1,561,9720.813995569275
1,562,9720.813995428789
1,563,9720.813995367755
1,564,9720.813995334951
1,565,10167.776696005725
1,566,10167.776696000914
1,567,10167.776696007315
1,568,10167.77669592541
1,569,10065.870068375087
1,570,10003.521791347464
1,571,10003.521791337977
1,572,10003.521791339703
1,573,10003.521791353396
1,574,10003.521791383117
1,575,11223.727062098766
1,576,13840.52420653178
1,577,19442.348960900395
1,578,24869.103785950563
1,579,29984.688806580605
1,580,34748.6341469374
1,581,39066.50926172713
1,582,43051.68542184246
1,583,46420.818690026346
1,584,48910.15417317088
1,585,50768.827425919575
1,586,52426.66943271898
1,587,53375.38800619851
1,588,54812.50595705579
1,589,57057.72421585771
1,590,59152.460199730136
1,591,59089.94865011152
1,592,51307.46996982193
1,593,45705.91413760366
1,594,37897.7710633146
1,595,35080.59399530333
1,596,35080.59399528655
1,597,35080.59399528174
1,598,35080.593995288145
1,599,35080.59399530767
1,600,36664.688296741784
1,601,39811.820790690384
1,602,42989.85540722545
1,603,55207.72496374575
1,604,67343.09750534857
1,605,76663.49599176475
1,606,76660.0293892662
1,607,63825.175746384535
1,608,51798.17503848345
1,609,41630.2454057842
1,610,34744.48664678764
1,611,30029.164067418264
1,612,29371.03000300151
1,613,29371.03000300694
1,614,28478.469134983916
1,615,24514.992323866256
1,616,16389.69883186007
1,617,4965.538939504683
1,618,2.8195956251761216e-08
1,619,4.8709883644885586e-08
1,620,4.787242571093278e-08
1,621,2.2841180210136914e-08
1,622,2.2863736649189918e-07
1,623,3.2349470620838833e-07
1,624,3.881710639007667e-07
1,625,4.3706209976320746e-07
1,626,4.7564993310293983e-07
1,627,5.066807652676151e-07
1,628,5.317423099267552e-07
1,629,5.518340269408282e-07
1,630,5.676180295432695e-07
1,631,5.795422564912377e-07
1,632,5.616330315607069e-07
1,633,5.528410158887843e-07
1,634,5.52326530635556e-07
1,635,5.502574672381624e-07
1,636,5.446830032333977e-07
1,637,5.3545731234627e-07
1,638,5.223238975422297e-07
1,639,5.048814507216241e-07
1,640,4.825211507914124e-07
1,641,4.543109944438401e-07
1,642,4.187634944996326e-07
1,643,3.7330032746278694e-07
1,644,3.127983785080864e-07
1,645,2.2398811922396365e-07
1,646,3.6552140620331594e-08
1,647,1.2006433887766922e-07
1,648,1.7911514358642387e-07
1,649,2.3794848293278337e-07
1,650,4409.010462211538
1,651,13696.408847784494
1,652,25749.73956217318
1,653,59445.11150118442
1,654,76663.49599174874
1,655,74256.4491029265
1,656,59548.047960529795
1,657,41358.36540292209
1,658,22108.759323756523
1,659,6513.086227691155
1,660,257.50954964952035
1,661,1.0598019658746062e-08
1,662,4.0590717511040236e-07
1,663,2214.663336598844
1,664,3231.9886432573967
1,665,3.41522964993185e-08
1,666,6.98709412004278e-08
1,667,6.527194221899455e-08
1,668,2.3398145748162185e-09
1,669,754.6394544825393
1,670,2268.9086671532455
1,671,8905.400012249458
1,672,21715.9165597082
1,673,34765.439304240004
1,674,47239.82905021507
1,675,59059.0590856287
1,676,69482.5753643257
1,677,76663.49599177072
1,678,71086.66365053113
1,679,48222.117985346114
1,680,42184.48623608736
1,681,37723.91121790375
1,682,35148.43040225975
1,683,32896.09745584329
1,684,32896.09745583494
1,685,32896.09745584606
1,686,32896.097455879935
1,687,32866.02987149374
1,688,24908.285341627165
1,689,8592.025859783631
1,690,6.072070428612248e-08
1,691,1.1031882362820772e-07
1,692,1.1963732533649767e-07
1,693,9.80075724806858e-08
1,694,3.0380482420881235e-09
1,695,559.2021118627434
1,696,6815.263694107119
1,697,17810.17795062446
1,698,32424.7774713175
1,699,48135.857605747566
1,700,64583.4512646556
1,701,75989.75343460152
1,702,76663.49599177005
1,703,76663.49599160072
1,704,76155.46626793782
1,705,76155.46626794133
1,706,76155.46626797029
1,707,76155.46626803331
1,708,76155.46626815629
1,709,76155.46626844781
1,710,76663.4959917698
1,711,69016.23842125702
1,712,47475.203034059676
1,713,20332.507200145767
1,714,2329.0906379333755
1,715,3.2820490274468668e-09
1,716,7.05844096809716e-08
1,717,3.783916129781927e-09
1,718,2777.903504024562
1,719,11659.012300518436
1,720,22427.820691062097
1,721,31026.884423796546
1,722,37602.91564095528
1,723,43971.31147929365
1,724,50674.72042619519
1,725,61435.34846882837
1,726,72928.47618214822
1,727,76663.49599176862
1,728,70490.2170620629
1,729,56494.27733193078
1,730,47144.855404106944
1,731,43077.25545018802
1,732,44325.92262680216
1,733,46860.60568091365
1,734,46080.81449418352
1,735,35182.65322319931
1,736,8531.343942944266
1,737,1.7400092663061133e-06
1,738,1.1190661509648606e-06
1,739,7.929754146196281e-07
1,740,5.540411899926552e-07
1,741,3.3303338646490993e-07
1,742,4.949226171271967e-09
1,743,1711.8959284703733
1,744,8205.935887603273
1,745,17883.9409713979
1,746,28950.022351288197
1,747,41023.56714757337
1,748,52446.189680801595
1,749,63072.26801637256
1,750,72073.59437924168
1,751,72852.76553343852
1,752,68004.69858601752
1,753,62213.59277077736
1,754,58427.505697663364
1,755,53305.940624132156
1,756,52557.12151812433
1,757,54410.98897034955
1,758,54870.7925244274
1,759,54315.02594826886
1,760,48554.254253597195
1,761,36474.40259254685
1,762,17854.15629418629
1,763,4410.306030172319
1,764,2250.2912152825093
1,765,6034.302120644879
1,766,12469.312327731099
1,767,20619.377651653293
1,768,30309.015649865785
1,769,39492.83423210308
1,770,48735.595877086074
1,771,59336.94236758781
1,772,71297.72505535455
1,773,76663.49599176686
1,774,76663.49599177107
1,775,76663.49599117767
1,776,76663.49599089271
1,777,76663.49599068482
1,778,76663.49599051554
1,779,72984.15532256963
1,780,69010.2023373793
1,781,64604.228292950414
1,782,56242.114733969436
1,783,45716.26484647424
1,784,34305.803883017485
1,785,18737.82781187065
1,786,2949.11888091638
1,787,2.2080075681225886e-05
1,788,2.1933801997654073e-05
1,789,2.1786293357257958e-05
1,790,2.1637539385194193e-05
1,791,2.1571535687485432e-05
1,792,2.1535824551749405e-05
1,793,2.151749734539271e-05
1,794,2.1512211936070696e-05
1,795,2.1519162131850705e-05
1,796,2.1540371977470107e-05
1,797,2.13821902243852e-05
1,798,2.1222395251482146e-05
1,799,2.106108617628416e-05
1,800,2.089823116855835e-05
1,801,2.0733798089034305e-05
1,802,2.0567748922600132e-05
1,803,2.0400038965130013e-05
1,804,2.02306276321923e-05
1,805,2.0059469777570366e-05
1,806,1.988651004794853e-05
1,807,1.9711695353277076e-05
1,808,1.9534970023177972e-05
1,809,1.9356278198795485e-05
1,810,1.917556338451934e-05
1,811,1.899276696451166e-05
1,812,1.8807824632718906e-05
1,813,1.8620664416955923e-05
1,814,1.8431213205064023e-05
1,815,1.823944101888436e-05
1,816,1.816297174054779e-05
1,817,1.812226896397498e-05
1,818,1.810067853250108e-05
1,819,1.8092707394716523e-05
1,820,1.8096926678288355e-05
1,821,1.8114686857431672e-05
1,822,1.7904417020528363e-05
1,823,1.7691079911046764e-05
1,824,1.747464849304048e-05
1,825,1.7255013500857425e-05
1,826,1.7032043974806593e-05
1,827,1.6805592757636323e-05
1,828,1.6575541673630872e-05
1,829,1.649155336916168e-05
1,830,1.6253944759443348e-05
1,831,1.6011942900682682e-05
1,832,1.576557557277959e-05
1,833,1.551459894485671e-05
1,834,1.525880439003785e-05
1,835,1.4998108377132363e-05
1,836,1.4988067269881139e-05
1,837,1.499025426847378e-05
1,838,1.5005544437245513e-05
1,839,4416.871371266315
1,840,15988.20273699836
1,841,28311.407726173667
1,842,43327.02277710984
1,843,64370.23666932306
1,844,76663.49599166591
1,845,76663.49599160616
1,846,76663.49599157418
1,847,75849.0158564614
1,848,75849.01585631084
1,849,75849.01585624556
1,850,75849.01585621049
1,851,75849.01585619255
1,852,75849.01585617462
1,853,75849.0158561567
1,854,75849.01585613877
1,855,75849.01585612085
1,856,70836.4633226541
1,857,53630.32920112655
1,858,53630.32920097653
1,859,53630.32920091135
1,860,53630.329200876324
1,861,53630.32920085841
1,862,53630.3292008405
1,863,53630.32920082258
1,864,53630.32920081745
1,865,53630.329200824286
1,866,53630.329200845124
1,867,53630.32920088674
1,868,53630.3292009709
1,869,53630.32920095298
1,870,53630.32920093507
1,871,53630.32920091716
1,872,52904.090620809395
1,873,52904.090620659474
1,874,52904.090620594325
1,875,52904.09062055931
1,876,52904.0906205414
1,877,52904.090620523486
1,878,52904.090620505565
1,879,52904.09062048765
1,880,47211.70245925871
1,881,28367.424023346262
1,882,6677.6804892452255
1,883,1.4653195382521682e-06
1,884,1.2938285360601567e-06
1,885,1.2165899350977984e-06
1,886,1.172410936304321e-06
1,887,1.1463413078485665e-06
1,888,1.117677501623511e-06
1,889,1.0861615028544616e-06
1,890,1.0514740293012317e-06
1,891,1.013213589415589e-06
1,892,9.708647466527423e-07
1,893,9.237485407776521e-07
1,894,8.709413190552927e-07
1,895,8.111327854278113e-07
1,896,7.423568815186684e-07
1,897,6.614234019259322e-07
1,898,5.624874033903927e-07
1,899,4.324260465043083e-07
1,900,2.2547984857417013e-07
1,901,702.8016575147058
1,902,662.8979658886526
1,903,617.131904062978
1,904,567.2633582954033
1,905,512.2068974980526
1,906,450.69216839774305
1,907,380.0502239890858
1,908,294.2824944619498
1,909,177.6462742900183
1,910,1.300883674752097e-08
1,911,9.908337072999762e-08
1,912,1.4287126577855816e-07
1,913,1.761382658521432e-07
1,914,2.0586846099376823e-07
1,915,2.3557579329497465e-07
1,916,2.679167610869417e-07
1,917,3.0556000815408447e-07
1,918,3.5185788129193495e-07
1,919,4.119249176658601e-07
1,920,4.952855458716034e-07
1,921,6.249340609432424e-07
1,922,8.912626206794777e-07
1,923,16185.470512143615
1,924,44310.34608494535
1,925,66836.88310753509
1,926,76663.49599176543
1,927,73625.78935882215
1,928,62373.992573360505
1,929,47291.82307812763
1,930,30643.685848286244
1,931,16930.67139028362
1,932,7360.685990449897
1,933,1774.9063185959628
1,934,5.38991929680071e-09
1,935,9.489697984381071e-08
1,936,1.229600748791314e-07
1,937,1.2763262586894773e-07
1,938,1.1086213943129484e-07
1,939,5.5844926200259e-08
1,940,141.67374047471122
1,941,9.946153239242302e-07
1,942,6.091159288542378e-07
1,943,3.981360632183961e-07
1,944,2.283975142401511e-07
1,945,2.988509865665495e-09
1,946,1410.2413061231757
1,947,9807.670037875658
1,948,28953.35777801415
1,949,48698.07095905336
1,950,58657.7290200842
1,951,58282.374762635154
1,952,49213.75400971275
1,953,35128.70937058728
1,954,18272.28050483447
1,955,8326.716117449652
1,956,1878.0944764828355
1,957,2174.4786836953203
1,958,6277.738569170549
1,959,13694.283862505865
1,960,24830.694160828163
1,961,33742.97518592417
1,962,42275.146412224305
1,963,51237.5868711542
1,964,61879.97794366217
1,965,72167.34432654963
1,966,75039.48820326556
1,967,60825.30719742984
1,968,36481.1076328856
1,969,16945.527128552854
1,970,7503.665724551524
1,971,9407.708303787093
1,972,23100.48487346597
1,973,45120.977417805654
1,974,66018.82798599584
1,975,73232.29297296864
1,976,65843.37650332859
1,977,51530.720248235215
1,978,33868.30827990893
1,979,19919.283304055327
1,980,10028.746981487067
1,981,4045.201236950026
1,982,1572.770006533744
1,983,7000.011265494939
1,984,17717.856962760277
1,985,27405.984136834333
1,986,35933.59600323181
1,987,44092.03939675278
1,988,54003.86122592544
1,989,64811.10743939409
1,990,69531.28410200185
1,991,56876.13933842425
1,992,38446.12471527225
1,993,27132.44786771894
1,994,22219.820231516245
1,995,24900.225965235073
1,996,36787.20483624873
1,997,52565.08124649396
1,998,66274.11049628745
1,999,72059.3385337159
1,1000,66201.66564716937
1,1001,47403.5982422855
1,1002,25191.942314426025
1,1003,10723.145666615776
1,1004,5296.268382352226
1,1005,6392.165863492309
1,1006,8219.500888292594
1,1007,15553.964901919466
1,1008,25988.379957682206
1,1009,33992.09642621755
1,1010,40480.93983456927
1,1011,48524.57613087097
1,1012,59605.660651052975
1,1013,71457.14042190292
1,1014,74177.68449914221
1,1015,60937.3216126749
1,1016,41384.53945264318
1,1017,31908.224316137013
1,1018,30486.267950227553
1,1019,32714.769049838964
1,1020,43014.4412647054
1,1021,57593.684571098485
1,1022,64786.107939049514
1,1023,65235.37002687369
1,1024,58555.708788968455
1,1025,46441.87582179573
1,1026,33306.7879859186
1,1027,25551.0617953892
1,1028,23402.43052258471
1,1029,25224.498638058976
1,1030,27746.8069502979
1,1031,34877.04887686917
1,1032,46419.65870577517
1,1033,58398.83533496984
1,1034,67193.49718947243
1,1035,73085.35170326248
1,1036,76663.49599177168
1,1037,75951.910505258
1,1038,70870.80210438979
1,1039,65683.71899757616
1,1040,60598.45821362207
1,1041,57621.24559371281
1,1042,55099.33420443621
1,1043,53012.31538711499
1,1044,51281.494577029705
1,1045,51213.335721712945
1,1046,50668.617775890285
1,1047,49767.06732783025
1,1048,48451.658542930665
1,1049,46855.77851196654
1,1050,45156.87948536026
1,1051,43530.43754978154
1,1052,41975.721177552245
1,1053,40475.06929078828
1,1054,39067.34038312958
1,1055,37857.80833412331
1,1056,36962.96796804391
1,1057,36613.98810366443
1,1058,37751.61239158903
1,1059,41299.94475334794
1,1060,43911.59362649332
1,1061,43879.54155073176
1,1062,42936.47842570008
1,1063,41550.96118439606
1,1064,39998.80830629206
1,1065,38374.24833128912
1,1066,36742.2679819441
1,1067,35150.00704378417
1,1068,33642.86291831758
1,1069,32204.66162534851
1,1070,30693.73588750676
1,1071,29038.928928779864
1,1072,27134.696593569744
1,1073,22544.166019507236
1,1074,13857.384724332307
1,1075,10195.238050540282
1,1076,7474.457232528959
1,1077,4513.799915516594
1,1078,730.2648235119758
1,1079,7.443630806675432e-09
1,1080,9.713475745800942e-08
1,1081,1.3453725723980444e-07
1,1082,1.560613625175688e-07
1,1083,1.6818971383845906e-07
1,1084,1.730283480673965e-07
1,1085,1.7099890072463453e-07
1,1086,1.6126239185017808e-07
1,1087,1.411424153741959e-07
1,1088,1.0294527182581382e-07
1,1089,2.6036454651669604e-09
1,1090,1041.3567126186567
1,1091,5058.87270421842
1,1092,21538.826303414302
1,1093,47519.51968227964
1,1094,70468.42579567221
1,1095,76663.49599177048
1,1096,58846.019534545325
1,1097,22792.989121377643
1,1098,7.894607160360226e-07
1,1099,3.502714590181686e-07
1,1100,2.9411482497787736e-09
1,1101,728.0126271866649
1,1102,5233.373467677899
1,1103,16063.72076529246
1,1104,25356.63046454631
1,1105,34532.455427204375
1,1106,45857.40496799952
1,1107,57920.26000927247
1,1108,69252.59540027188
1,1109,76663.49599176999
1,1110,76078.42796246304
1,1111,56246.82494295286
1,1112,33914.81987528995
1,1113,15325.673444183174
1,1114,9.509473321997692e-07
1,1115,4.4342540502493623e-07
1,1116,7.30109342239149e-08
1,1117,5811.644652123973
1,1118,7815.149194053436
1,1119,2627.054348823664
1,1120,1.2418332761849477e-06
1,1121,7.59501082638731e-07
1,1122,4.96188852047556e-07
1,1123,2.845659007057709e-07
1,1124,3.7199782521404358e-09
1,1125,1656.930644589958
1,1126,9243.693682825931
1,1127,17553.761192867492
1,1128,27445.245109938543
1,1129,36012.43682643883
1,1130,45399.31552824477
1,1131,56612.027282279116
1,1132,67051.39114258048
1,1133,76406.55012829372
1,1134,76663.49599176914
1,1135,48820.70841103571
1,1136,24554.940001523788
1,1137,21866.380565771986
1,1138,21866.38056560426
1,1139,21866.38056551412
1,1140,21866.380565468015
1,1141,21866.380565454794
1,1142,21866.380565472395
1,1143,21866.380565526015
1,1144,19472.504884329344
1,1145,9955.521684652083
1,1146,1.1522026569994769e-07
1,1147,1.813169568580888e-07
1,1148,1.9198277355055374e-07
1,1149,1.5574703914181037e-07
1,1150,4.762916517815898e-09
1,1151,3965.2664293565463
1,1152,13194.038065380513
1,1153,25686.238056019643
1,1154,39525.950343982986
1,1155,53244.67917804021
1,1156,66221.4769085753
1,1157,74479.09665160545
1,1158,71816.14606308137
1,1159,51572.612025209695
1,1160,30682.203881398167
1,1161,22234.832375143327
1,1162,24442.084512957426
1,1163,33581.9129429441
1,1164,50330.05492953382
1,1165,68293.57423516593
1,1166,76663.49599176744
1,1167,72598.00992032747
1,1168,49328.42376475879
1,1169,9207.809529892702
1,1170,1.86974582191057e-06
1,1171,1.0425344167317146e-06
1,1172,5.535052430697459e-07
1,1173,6.068566525239559e-09
1,1174,89.54781121570622
1,1175,5865.274999665443
1,1176,19202.956429627215
1,1177,34062.850162459225
1,1178,48790.908526296145
1,1179,62028.24132674795
1,1180,73462.8174282136
1,1181,76663.49599176655
1,1182,65870.29589205892
1,1183,32969.840139010645
1,1184,19282.060983744253
1,1185,15110.471790362377
1,1186,15110.471790091948
1,1187,15110.47178994663
1,1188,15110.47178987232
1,1189,20929.41122912077
1,1190,25925.869606365293
1,1191,25925.869606451757
1,1192,25925.869606624434
1,1193,21330.211305135523
1,1194,8319.034850430908
1,1195,409.43205348813933
1,1196,1.8564555002187105e-07
1,1197,6.243808114305251e-07
1,1198,1.0146960794353305e-06
1,1199,1.5223830803626822e-06
1,1200,2.477029362199165e-06
1,1201,4092.580074630757
1,1202,26134.299970957672
1,1203,45904.460829475574
1,1204,63496.94729613473
1,1205,76663.49599177115
1,1206,76521.62806398874
1,1207,59968.94190785206
1,1208,36604.09147191434
1,1209,17855.482578796695
1,1210,5032.9450437388605
1,1211,2.17040861839162e-09
1,1212,1.599508460869677e-06
1,1213,1693.256970402673
1,1214,9022.668444049461
1,1215,13104.433915837868
1,1216,13131.779653878526
1,1217,4720.934050113074
1,1218,9.626163589984216e-08
1,1219,2.7326619501765034e-07
1,1220,2.6214167985443146e-07
1,1221,9.624864943007992e-09
1,1222,1743.115366824969
1,1223,10608.205179436673
1,1224,20424.5758325728
1,1225,28919.49206845038
1,1226,36292.030658961885
1,1227,42787.06062173239
1,1228,49725.82540024935
1,1229,53715.06139726698
1,1230,53895.0660251837
1,1231,42719.80379283422
1,1232,27134.252654264474
1,1233,20603.13910539262
1,1234,22924.57744125825
1,1235,29606.192125671154
1,1236,39935.73235643992
1,1237,54582.74147726111
1,1238,69850.17499984498
1,1239,76663.49599176121
1,1240,69040.24775581674
1,1241,34332.88081706171
1,1242,4.1830019034344926e-06
1,1243,2.557018271520401e-06
1,1244,1.6703254818656917e-06
1,1245,9.577606170724706e-07
1,1246,1.2524327031319184e-08
1,1247,2769.3692182276936
1,1248,10106.672425709903
1,1249,18271.767291817006
1,1250,26035.863240270697
1,1251,32428.572296186318
1,1252,35971.08595660431
1,1253,37617.439275866884
1,1254,38315.65046137575
1,1255,35063.053879924875
1,1256,34475.26143973165
1,1257,35780.223303726074
1,1258,37476.88352970536
1,1259,38346.892168131904
1,1260,39730.8674272866
1,1261,43036.04642537598
1,1262,47772.336252354624
1,1263,54266.79281898688
1,1264,57691.82361118425
1,1265,51369.76744825155
1,1266,38444.85668781387
1,1267,28005.503274742812
1,1268,25306.64303547818
1,1269,26443.390198059584
1,1270,27771.86488109866
1,1271,33770.73412618693
1,1272,37347.33848515424
1,1273,43754.49860796228
1,1274,51042.10618009745
1,1275,60749.0535758175
1,1276,70687.00610094627
1,1277,76663.4959917569
1,1278,76663.49599177147
1,1279,67483.55162735876
1,1280,59151.99254700572
1,1281,48494.96856154166
1,1282,34801.019484530516
1,1283,20031.38175810656
1,1284,8243.313618187176
1,1285,2155.281337451363
1,1286,9.435621662546765e-08
1,1287,1.0369834883039203e-07
1,1288,1.0389717030642568e-07
1,1289,9.450494943244903e-08
1,1290,7.079420614199128e-08
1,1291,1.891946262481472e-09
1,1292,685.356552564203
1,1293,6756.343177516546
1,1294,14697.936000105556
1,1295,26626.81098584618
1,1296,42935.55615677111
1,1297,57597.80083073893
1,1298,68722.21551259008
1,1299,75402.25851718932
1,1300,76663.49599177136
1,1301,76663.49599176247
1,1302,75959.96196824612
1,1303,66228.65462547127
1,1304,56357.232388796554
1,1305,48209.96608331541
1,1306,40509.15872899767
1,1307,33289.38966875383
1,1308,27897.63960465518
1,1309,23441.849348306274
1,1310,19444.560641144457
1,1311,15938.165550109015
1,1312,11723.95038898906
1,1313,5049.696326358896
1,1314,7.054636721310053e-09
1,1315,6.465554169762393e-08
1,1316,6.451600398628909e-08
1,1317,2.436555794709933e-09
1,1318,2937.3905992798573
1,1319,11748.782722024733
1,1320,22952.35969619446
1,1321,33126.93851968461
1,1322,43245.52890478022
1,1323,54121.34187668718
1,1324,66769.9566056238
1,1325,76210.38607982428
1,1326,76663.4959917706
1,1327,55758.88253195474
1,1328,35747.97526288348
1,1329,35747.97526262934
1,1330,35747.97526251892
1,1331,37586.560807846945
1,1332,48174.10374011018
1,1333,62383.76075109918
1,1334,74344.77388765954
1,1335,76663.49599157172
1,1336,76663.49599176884
1,1337,72371.19973917928
1,1338,69482.42232429104
1,1339,67444.6046992795
1,1340,65852.95072334935
1,1341,64606.369762264985
1,1342,63978.80972402417
1,1343,63978.80972386817
1,1344,63978.80972380038
1,1345,63978.809723763945
1,1346,63978.67729593267
1,1347,63529.00911958374
1,1348,62894.24797151546
1,1349,62136.645796123164
1,1350,61296.61614607931
1,1351,60263.101232471156
1,1352,58427.91815347313
1,1353,57573.09857816947
1,1354,56815.68992609811
1,1355,56097.92938981017
1,1356,55419.338446536065
1,1357,54771.637853706634
1,1358,54124.485002867186
1,1359,53460.908301897696
1,1360,52776.7262154332
1,1361,51020.53094378554
1,1362,46198.97936405067
1,1363,45464.80738434709
1,1364,44854.20013050925
1,1365,44278.62921196483
1,1366,43783.92146671482
1,1367,43783.92146669618
1,1368,43783.92146669082
1,1369,43783.92146669794
1,1370,43783.92146671962
1,1371,43783.92146676292
1,1372,43783.92146685051
1,1373,43783.92146712416
1,1374,43251.3057063637
1,1375,42639.96218403701
1,1376,41996.93415524365
1,1377,41387.89122697728
1,1378,40797.39578247081
1,1379,40216.969940843956
1,1380,39630.98063595401
1,1381,39034.29327487448
1,1382,38395.512264968056
1,1383,37453.54121320791
1,1384,32917.28078183512
1,1385,20951.79037484463
1,1386,7781.94756804287
1,1387,4539.591838735892
1,1388,3703.5865616459496
1,1389,2773.8188887741803
1,1390,1529.698828029023
1,1391,9.229865546457453e-09
1,1392,7.59599992159062e-08
1,1393,9.383752410323893e-08
1,1394,8.962479067158393e-08
1,1395,5.769841217655137e-08
1,1396,144.9259981453159
1,1397,144.92599802090092
1,1398,144.92599795688642
1,1399,144.92599792248157
1,1400,144.92599790808094
1,1401,144.92599791082992
1,1402,144.92599793189257
1,1403,1864.787628137361
1,1404,14094.422236730816
1,1405,31214.399021412108
1,1406,49900.83237839913
1,1407,74658.27320614754
1,1408,74627.95896717603
1,1409,47532.247498748206
1,1410,15046.25378883193
1,1411,2.8780750291282234e-08
1,1412,9.23264336294069e-08
1,1413,1.0565133803758198e-07
1,1414,8.826277022211566e-08
1,1415,2.8088631756410314e-09
1,1416,5094.00948641192
1,1417,13372.072480971701
1,1418,21433.51623989384
1,1419,28246.389638231107
1,1420,32655.086318602524
1,1421,34147.087364662184
1,1422,33277.73058037536
1,1423,27453.27819576047
1,1424,24027.812491379686
1,1425,24832.071218297213
1,1426,29349.178937820954
1,1427,34212.62080710002
1,1428,38225.30207151406
1,1429,44749.201561816204
1,1430,56990.43529105977
1,1431,72258.9184758755
1,1432,76663.49599176984
1,1433,62902.71280602033
1,1434,39360.0070185857
1,1435,14930.392096948755
1,1436,9.750153056692313e-07
1,1437,4.43052976551242e-07
1,1438,3.8522418108537465e-08
1,1439,4484.1867277132915
1,1440,13785.545519485386
1,1441,27387.648062765216
1,1442,42434.79879941089
1,1443,56334.69291825838
1,1444,68110.7361976715
1,1445,72613.21726341633
1,1446,60148.25741650865
1,1447,32587.035379533158
1,1448,32587.035379172943
1,1449,32587.035379016477
1,1450,38134.17898557655
1,1451,51681.419960045496
1,1452,67384.7494339798
1,1453,76663.4959915749
1,1454,76663.49599177034
1,1455,76663.4959913542
1,1456,76663.49599115802
1,1457,76663.49599101699
1,1458,76663.49599090319
1,1459,76663.49599080734
1,1460,76663.49599072381
1,1461,76663.4959906496
1,1462,76663.49599058274
1,1463,76663.49599052194
1,1464,76663.49599046625
1,1465,76663.49599041493
1,1466,76663.49599036743
1,1467,76663.49599032332
1,1468,76663.49599028223
1,1469,76663.49599024389
1,1470,76663.49599020803
1,1471,76663.49599017447
1,1472,76663.49599005021
1,1473,76663.4959899957
1,1474,76663.49598996785
1,1475,76663.49598994164
1,1476,76663.49598991699
1,1477,76663.49598989381
1,1478,76663.49598987203
1,1479,76663.49598985158
1,1480,76663.49598983243
1,1481,66264.20360778493
1,1482,56066.35629179818
1,1483,56066.3562916482
1,1484,56066.35629158303
1,1485,56066.356291548014
1,1486,56066.3562915301
1,1487,56066.35629151219
1,1488,56066.356291494274
1,1489,56066.35629147636
1,1490,56066.35629145845
1,1491,56066.356291440534
1,1492,56066.35629142263
1,1493,56066.356291404714
1,1494,56066.35629138681
1,1495,56066.35629136889
1,1496,56066.356291350974
1,1497,56066.35629133307
1,1498,56066.356291315155
1,1499,56066.35629129725
1,1500,56066.356291279335
1,1501,56066.35629126142
1,1502,56066.35629124351
1,1503,56066.3562912256
1,1504,55451.26044142183
1,1505,37012.66331753555
1,1506,17001.374356158227
1,1507,16876.714638180147
1,1508,16876.71463811498
1,1509,16876.714638079953
1,1510,16876.71463806204
1,1511,16876.714638044126
1,1512,16876.714638026217
1,1513,16876.714638008303
1,1514,16876.71463799039
1,1515,16876.71463797248
1,1516,16876.71463795457
1,1517,16876.71463793666
1,1518,16876.714637918747
1,1519,16876.714637768822
1,1520,16876.714637703673
1,1521,16876.714637668654
1,1522,16876.71463765074
1,1523,16876.714637632827
1,1524,16876.714637614914
1,1525,16876.714637597
1,1526,16876.714637579087
1,1527,16876.714637561174
1,1528,16759.610440511613
1,1529,8717.275872365066
1,1530,8717.275872215047
1,1531,8717.275872149872
1,1532,8717.275872114842
1,1533,8717.275872096925
1,1534,8717.27587207901
1,1535,8717.275872061095
1,1536,8717.27587204318
1,1537,8717.275872025262
1,1538,8717.275872007345
1,1539,8717.275871989428
1,1540,8717.275871971511
1,1541,8717.275871953592
1,1542,8717.275871935673
1,1543,8717.275871917742
1,1544,3746.581090203841
1,1545,2037.6406808230602
1,1546,9.978424352176992e-07
1,1547,8.14062580363332e-07
1,1548,7.289279935941565e-07
1,1549,6.782251363560057e-07
1,1550,6.460910037903124e-07
1,1551,6.083774358010699e-07
1,1552,5.637095464027268e-07
1,1553,5.098922469170208e-07
1,1554,4.430242014693696e-07
1,1555,3.548401334487481e-07
1,1556,2.2038951355356738e-07
1,1557,2.1940791975998803e-07
1,1558,2.2107317312512146e-07
1,1559,2.2545757184114028e-07
1,1560,2.3278745383401218e-07
1,1561,2.434688742706311e-07
1,1562,2.581356730483404e-07
1,1563,2.7774622515775414e-07
1,1564,3.0370755402849697e-07
1,1565,3.3829276414822e-07
1,1566,3.854190480404528e-07
1,1567,4.528123786711304e-07
1,1568,5.595835995000171e-07
1,1569,7.814820338900626e-07
1,1570,1717.4715724569412
1,1571,11947.81179797888
1,1572,28287.228241849058
1,1573,48742.829073977555
1,1574,67675.76394859124
1,1575,76663.49599174927
1,1576,73304.14864548015
1,1577,62650.184375984834
1,1578,48400.3603398906
1,1579,34761.96903895462
1,1580,24427.25186541566
1,1581,15107.031328976143
1,1582,6190.513332238172
1,1583,328.1806319965141
1,1584,4.8070694850287435e-06
1,1585,4.644883399559062e-06
1,1586,4.5736992897822334e-06
1,1587,4.534736792630861e-06
1,1588,4.513859074013575e-06
1,1589,4.506189494163891e-06
1,1590,4.510463251279455e-06
1,1591,4.527973145708811e-06
1,1592,4.563639871319088e-06
1,1593,4.631708431496358e-06
1,1594,4.79148086375298e-06
1,1595,6284.967289831987
1,1596,25921.18308173797
1,1597,50793.478992513395
1,1598,70445.19465796983
1,1599,76663.49599135605
1,1600,69928.90034156448
1,1601,57730.47012144848
1,1602,42223.68016148936
1,1603,29417.638602564475
1,1604,23926.794845645156
1,1605,22419.710267181938
1,1606,22419.71026711413
1,1607,22419.710267077684
1,1608,22419.710267059043
1,1609,22419.710267053702
1,1610,22419.710267060822
1,1611,22419.710267082504
1,1612,22419.710267125814
1,1613,22419.710267213413
1,1614,22419.710267487026
1,1615,15674.117372071421
1,1616,4707.883695223904
1,1617,4.474451741025553e-08
1,1618,3.7152466471319185e-07
1,1619,6289.906833401184
1,1620,27194.11369151382
1,1621,48295.791332893896
1,1622,67821.90161841805
1,1623,76663.49599173345
1,1624,73198.08703117781
1,1625,58384.867044615254
1,1626,38219.628743797206
1,1627,19136.662686276573
1,1628,7035.839336684764
1,1629,1363.3612664638722
1,1630,1.107720721472772e-08
1,1631,4.0275422682594644e-07
1,1632,2011.209514914712
1,1633,18534.966318275274
1,1634,36759.10451598032
1,1635,54692.97826370855
1,1636,69037.51279454361
1,1637,76663.49599176261
1,1638,74115.88954830471
1,1639,66259.62815158123
1,1640,57361.86415552438
1,1641,50749.25719135585
1,1642,46053.17217077014
1,1643,42151.43847100128
1,1644,39329.89734329375
1,1645,37188.17908869099
1,1646,34192.336716617756
1,1647,30125.87636516263
1,1648,24913.199072147025
1,1649,16935.948532919178
1,1650,8159.005777089603
1,1651,1003.2647892737114
1,1652,5.06721713795048e-09
1,1653,5.143897919797287e-08
1,1654,2.7296965205137445e-09
1,1655,661.3411714459082
1,1656,8253.371058112041
1,1657,19005.86692592717
1,1658,31777.708985453213
1,1659,47490.015306939255
1,1660,64294.515834913094
1,1661,76073.1934320224
1,1662,76663.49599176999
1,1663,59893.80486716536
1,1664,36896.99450471326
1,1665,21916.103464979253
1,1666,15219.813574407823
1,1667,12833.006579017958
1,1668,15942.234405739528
1,1669,22278.76135562136
1,1670,24363.521344445973
1,1671,19071.843590573877
1,1672,2326.7803746813174
1,1673,130.92350418467362
1,1674,5.113603082867557e-07
1,1675,2.8498943430599766e-07
1,1676,3.472138678331927e-09
1,1677,216.21553982482632
1,1678,2591.7620463215194
1,1679,11002.218865110639
1,1680,22117.394907197115
1,1681,35554.0945772725
1,1682,48594.61854825494
1,1683,59947.385598916255
1,1684,68826.03154109493
1,1685,71273.82447681265
1,1686,61277.22210834556
1,1687,36065.409738610724
1,1688,12266.525063039695
1,1689,5612.952961313799
1,1690,10478.879972122724
1,1691,18271.894493699667
1,1692,35298.89364383203
1,1693,56348.38547068761
1,1694,73290.67928662787
1,1695,76663.49599176906
1,1696,61865.61271844826
1,1697,38538.06349155148
1,1698,18380.910885095967
1,1699,1085.7279439481515
1,1700,3.3508295361361256e-07
1,1701,2.2296209352873136e-07
1,1702,4.470865595150125e-09
1,1703,2899.4003270767103
1,1704,9910.546912007767
1,1705,19134.293545524662
1,1706,26603.342384327203
1,1707,35350.005299144665
1,1708,43873.68880342292
1,1709,48979.150380702
1,1710,44948.69479765578
1,1711,31689.855735794237
1,1712,22845.53048630455
1,1713,24099.308890228924
1,1714,29530.4256398276
1,1715,34625.35676478425
1,1716,39154.93642456609
1,1717,46539.09592318809
1,1718,59111.94496619094
1,1719,73955.73683546769
1,1720,76663.49599176779
1,1721,57927.9885854042
1,1722,22991.951671403003
1,1723,2.042920486940202e-06
1,1724,1.3144717534378358e-06
1,1725,9.313899719755239e-07
1,1726,6.507073153316735e-07
1,1727,3.9109000624142293e-07
1,1728,5.81301929278786e-09
1,1729,2517.963444339092
1,1730,6272.9292284373705
1,1731,10004.895375152873
1,1732,12612.355325827242
1,1733,9999.172299311438
1,1734,2843.7689490702337
1,1735,343.58438962735636
1,1736,6402.111312081107
1,1737,18968.784814359995
1,1738,30111.217300348042
1,1739,36655.17394277169
1,1740,43277.18907944179
1,1741,53651.8380692621
1,1742,66997.58895270788
1,1743,76663.49599176686
1,1744,76663.49599177107
1,1745,75135.79228529849
1,1746,57117.79089148693
1,1747,37295.512023598385
1,1748,22033.478090847442
1,1749,10943.55310653793
1,1750,2935.400674359788
1,1751,124.62361997647312
1,1752,2.2790297804667615e-09
1,1753,2.786351596890989e-07
1,1754,3.788436408547007e-07
1,1755,4.223985757171667e-07
1,1756,4.2611831220344416e-07
1,1757,3.891215271094469e-07
1,1758,2.922251696101607e-07
1,1759,7.849953297590199e-09
1,1760,159.40434898238917
1,1761,10174.201916743983
1,1762,23908.54950246039
1,1763,33449.86728705657
1,1764,41808.13986062509
1,1765,52481.963696258485
1,1766,66576.20873305893
1,1767,76663.49599176444
1,1768,73238.44992542555
1,1769,36802.41735954852
1,1770,8874.233633213988
1,1771,2.066103449680683e-06
1,1772,1.5796864754080188e-06
1,1773,1.2201780849715928e-06
1,1774,9.13051291401637e-07
1,1775,6.014938217542435e-07
1,1776,1.450358498491101e-07
1,1777,1512.126592488641
1,1778,4102.145488736497
1,1779,5720.739346143991
1,1780,5506.391592392685
1,1781,3.140729432173084e-06
1,1782,1.7503053038913415e-06
1,1783,9.290223724977252e-07
1,1784,1.0179644228612268e-08
1,1785,1587.9482819983464
1,1786,10756.750094629106
1,1787,28113.923174579755
1,1788,49355.732516399316
1,1789,67632.32443945867
1,1790,76663.49599176296
1,1791,76663.49599177134
1,1792,76663.49599131844
1,1793,76663.49599110405
1,1794,73230.75104524888
1,1795,73230.75104509354
1,1796,73230.75104493882
1,1797,73230.75104478415
1,1798,73230.75104462948
1,1799,73230.75104447482
1,1800,73230.75104432019
1,1801,73230.75104416558
1,1802,73230.75104401098
1,1803,73230.75104385639
1,1804,73230.75104370182
1,1805,73230.75104354725
1,1806,73230.75104339268
1,1807,73230.75104323808
1,1808,73230.75104308347
1,1809,73230.75104292895
1,1810,73230.75104277444
1,1811,73230.75104261996
1,1812,73230.75104246549
1,1813,73230.75104231104
1,1814,73230.7510421566
1,1815,73230.75104200214
1,1816,73230.75104184772
1,1817,60065.03389161575
1,1818,35096.847862197166
1,1819,13744.423533166659
1,1820,1801.4919779009772
1,1821,3.665130553208787e-06
1,1822,3.5021627229551815e-06
1,1823,3.329398377220367e-06
1,1824,3.145109396869572e-06
1,1825,2.94701243729132e-06
1,1826,2.731952083983441e-06
1,1827,2.4953454021300024e-06
1,1828,2.2302384910604343e-06
1,1829,1.924298180049598e-06
1,1830,1.5532682941961622e-06
1,1831,1.0535639331811768e-06
1,1832,6.0193682760005e-08
1,1833,1.7621065793683127e-09
1,1834,4581.160400512847
1,1835,23536.88373191919
1,1836,49184.291353194276
1,1837,70333.18120049412
1,1838,76663.49599177155
1,1839,76663.49599174962
1,1840,76663.49599131015
1,1841,76663.49599109699
1,1842,67594.91538829329
1,1843,66313.17377198815
1,1844,66313.17377183365
1,1845,66313.17377167917
1,1846,66313.17377152469
1,1847,66313.17377137022
1,1848,66313.17377121579
1,1849,66313.17377114866
1,1850,66313.17377111258
1,1851,66313.17377109412
1,1852,66313.17377093993
1,1853,66313.17377084975
1,1854,66313.17377069534
1,1855,66313.17377054092
1,1856,66313.17377038651
1,1857,66313.17377038838
1,1858,66313.17377040345
1,1859,66349.29490594272
1,1860,71932.52486048033
1,1861,75809.3431792185
1,1862,76663.49599157488
1,1863,76663.49599150148
1,1864,76663.49599145267
1,1865,74601.6568053692
1,1866,58645.55451347441
1,1867,44789.35574518673
1,1868,44789.355745035195
1,1869,44789.35574496937
1,1870,44789.355744933986
1,1871,44789.35574489862
1,1872,44789.35574486325
1,1873,44789.35574482788
1,1874,44789.35574479251
1,1875,44789.35574475715
1,1876,44789.35574472178
1,1877,44789.355744686414
1,1878,44092.6068004779
1,1879,36987.066540849875
1,1880,36987.06654069838
1,1881,36987.06654063256
1,1882,36987.06654059718
1,1883,36987.06654056182
1,1884,36987.06654052645
1,1885,36987.066540491076
1,1886,36987.066540455715
1,1887,36987.06654042035
1,1888,36987.06654038491
1,1889,23134.498046427376
1,1890,3535.378629821962
1,1891,1.4550499796814505e-06
1,1892,1.2814397394075427e-06
1,1893,1.2031772943124457e-06
1,1894,1.1583553420394486e-06
1,1895,1.1093190334294546e-06
1,1896,1.0553673233507956e-06
1,1897,9.955659001786594e-07
1,1898,9.286024760796338e-07
1,1899,8.525973389238465e-07
1,1900,8.547120305175569e-07
1,1901,7.510569060474809e-07
1,1902,6.235167957338627e-07
1,1903,4.5169119193555485e-07
1,1904,1.4440620241129728e-07
1,1905,1.9888174370512302e-07
1,1906,2.5866473044969013e-07
1,1907,3.3432185214514205e-07
1,1908,4.4600510885618424e-07
1,1909,6.685687672999688e-07
1,1910,20367.6380337442
1,1911,43856.49560355234
1,1912,56037.00063325889
1,1913,50670.40551491816
1,1914,28816.198929623995
1,1915,7714.393458191448
1,1916,2.0505291884820656e-08
1,1917,8.87643801635382e-08
1,1918,1.1947493094627195e-07
1,1919,1.3735077837175144e-07
1,1920,1.4739476857095202e-07
1,1921,1.5126705463688731e-07
1,1922,1.4926442109674132e-07
1,1923,1.4062219456817426e-07
1,1924,1.2299083303555635e-07
1,1925,8.965960422438132e-08
1,1926,2.2650312391312256e-09
1,1927,567.4843249457467
1,1928,13623.810251787534
1,1929,27612.583545290356
1,1930,34445.46347107586
1,1931,36910.72075779104
1,1932,38964.41223973051
1,1933,41956.43743523127
1,1934,48505.260273258
1,1935,62795.37639450414
1,1936,76663.49599177079
1,1937,62243.46400113061
1,1938,19272.93896084728
1,1939,6274.423815383621
1,1940,5.739540349614276e-06
1,1941,5.6825966935711986e-06
1,1942,5.652173291205258e-06
1,1943,5.641421685463263e-06
1,1944,5.648652566654817e-06
1,1945,5.675959096036222e-06
1,1946,5.7309303990457985e-06
1,1947,5.835389191508923e-06
1,1948,6.0800286651972735e-06
1,1949,3110.2972762873146
1,1950,994.66449623371
1,1951,2.931881968365856e-08
1,1952,2.871352651122544e-09
1,1953,10556.290649432021
1,1954,25646.90728221911
1,1955,35435.34331486413
1,1956,43393.52920485848
1,1957,53681.36608668334
1,1958,68586.04506247122
1,1959,76663.49599177032
1,1960,76663.49599176951
1,1961,66371.75636537248
1,1962,34059.95740405753
1,1963,9231.662187852415
1,1964,3.3182267608461956e-06
1,1965,3.2988055265366356e-06
1,1966,3.29215755329312e-06
1,1967,3.29727597291659e-06
1,1968,3.3156010604833315e-06
1,1969,3.352185550142394e-06
1,1970,3.421490694182315e-06
1,1971,3.583555316090132e-06
1,1972,8340.598015559557
1,1973,10897.081590333795
1,1974,4056.3000618759597
1,1975,1.771611820316178e-08
1,1976,1.9072953667233677e-09
1,1977,5974.579124203363
1,1978,23590.129953366933
1,1979,34875.64148012316
1,1980,44963.71481640154
1,1981,59087.34136250211
1,1982,73542.08912665054
1,1983,76663.49599177134
1,1984,76663.495991763
1,1985,61429.785697289175
1,1986,28295.928288769253
1,1987,6132.175976429152
1,1988,9.959762553336397e-09
1,1989,1.166293838149459e-07
1,1990,1.7775221036831564e-07
1,1991,2.3198686863315022e-07
1,1992,2.893428468630924e-07
1,1993,3.5751838948247343e-07
1,1994,4.4742586587863094e-07
1,1995,5.831219544699239e-07
1,1996,8.568369204689421e-07
1,1997,838.3474787169014
1,1998,3.7095915320058744e-08
1,1999,5.458044743540647e-08
1,2000,2.453582445667175e-09
1,2001,3730.9330729106946
1,2002,17865.855361100686
1,2003,30018.719048545787
1,2004,40610.108089586654
1,2005,53733.65508351471
1,2006,69418.92903028581
1,2007,76663.49599177066
1,2008,68670.59957754507
1,2009,55017.21049671346
1,2010,24165.550154743316
1,2011,3670.073279102611
1,2012,1.4663586000909085e-06
1,2013,1.454053251072297e-06
1,2014,1.457791052426969e-06
1,2015,1.4785949293270092e-06
1,2016,1.5204819235137626e-06
1,2017,1.5932128539892457e-06
1,2018,1.7227506319975397e-06
1,2019,2.014637349351516e-06
1,2020,3455.053114946847
1,2021,11752.671241665774
1,2022,7291.791513042464
1,2023,3.682805867246384e-08
1,2024,6.669033135434555e-08
1,2025,3.1439906363332187e-09
1,2026,6795.81360313767
1,2027,21971.67957940333
1,2028,45317.52406440125
1,2029,65773.44815618554
1,2030,76632.56704628801
1,2031,76663.49599176992
1,2032,71014.92296011052
1,2033,56151.54749349659
1,2034,27480.025506219885
1,2035,5972.126772846176
1,2036,1.1921381928934466e-06
1,2037,1.1737745380681602e-06
1,2038,1.1731198604546071e-06
1,2039,1.1905566863837109e-06
1,2040,1.2287110867125525e-06
1,2041,1.2936899731713462e-06
1,2042,1.3989578985719887e-06
1,2043,1.5792987567678392e-06
1,2044,1.9746599834310433e-06
1,2045,622.7112995022354
1,2046,1014.8245910423242
1,2047,5.288383642989143e-08
1,2048,8.65064211825079e-08
1,2049,3.993458843926105e-09
1,2050,10661.318283318662
1,2051,26645.755713036193
1,2052,41887.02165398227
1,2053,58087.0389367651
1,2054,72111.11792699079
1,2055,76663.4959917692
1,2056,76663.49599176184
1,2057,64657.32145887203
1,2058,33580.21137175779
1,2059,11005.338879853272
1,2060,918.3402746624525
1,2061,1.0822727351122188e-08
1,2062,1.8825162585299916e-07
1,2063,2.628113657992051e-07
1,2064,3.071028115500811e-07
1,2065,3.341112794663821e-07
1,2066,3.483730608186235e-07
1,2067,3.51412142521768e-07
1,2068,3.429049602756795e-07
1,2069,3.205979336089811e-07
1,2070,2.788873618681073e-07
1,2071,2.0247694348750735e-07
1,2072,5.071815762814259e-09
1,2073,6977.914130505131
1,2074,21203.021632248914
1,2075,31490.745269450486
1,2076,38833.081360875425
1,2077,47562.67712784598
1,2078,61372.522870642446
1,2079,75832.04637945903
1,2080,76663.49599176773
1,2081,48595.454032593574
1,2082,27576.335941992096
1,2083,11564.273767956323
1,2084,5294.830899643364
1,2085,2052.1352534020684
1,2086,6.359063820736942e-07
1,2087,6.222350401711724e-07
1,2088,6.114886119699741e-07
1,2089,6.026573333545691e-07
1,2090,5.947946602399834e-07
1,2091,5.869565392713043e-07
1,2092,5.781308621580173e-07
1,2093,5.671506994582663e-07
1,2094,5.525726654014452e-07
1,2095,5.324813150619449e-07
1,2096,5.041421645138517e-07
1,2097,4.63292842636505e-07
1,2098,4.0232387807685125e-07
1,2099,3.038404931868222e-07
1,2100,9.461109453158827e-08
1,2101,559.5094859481696
1,2102,2205.396505432683
1,2103,7405.461425859991
1,2104,6782.528610121102
1,2105,180.02099103768433
1,2106,2.096122188214016e-06
1,2107,1.7296628744790585e-06
1,2108,1.483452818309798e-06
1,2109,1.3025324931018132e-06
1,2110,1.1630295533671207e-06
1,2111,1.0518673163016374e-06
1,2112,9.606384552304607e-07
1,2113,8.831333856880452e-07
1,2114,8.140938912285824e-07
1,2115,7.484224670233465e-07
1,2116,6.804143860763157e-07
1,2117,6.02574370639204e-07
1,2118,5.027312337723073e-07
1,2119,3.5315971289902196e-07
1,2120,8.186369671030704e-09
1,2121,3683.4018078640547
1,2122,17141.678889426083
1,2123,30184.65415653831
1,2124,43151.00685303531
1,2125,58262.68542353932
1,2126,72452.2665769208
1,2127,76663.49599176484
1,2128,76663.49599177124
1,2129,71443.24660118404
1,2130,66936.05750281847
1,2131,62885.79980549663
1,2132,60066.3542285187
1,2133,57816.571657995904
1,2134,55848.65356117659
1,2135,54123.365506007336
1,2136,52562.50955652478
1,2137,51075.29075465724
1,2138,49697.23662360478
1,2139,48367.019028690615
1,2140,47206.14454039963
1,2141,46502.861643600845
1,2142,45243.14350062602
1,2143,43980.63714940917
1,2144,43760.18158093827
1,2145,43760.18158093293
1,2146,43760.18158094005
1,2147,43760.18158096173
1,2148,43760.18158100506
1,2149,48306.63127212465
1,2150,48306.63127239864
1,2151,50215.02332093472
1,2152,49086.51364808677
1,2153,47551.145035754285
1,2154,33262.11758067439
1,2155,21206.5298727895
1,2156,18924.858808647015
1,2157,17391.325945052184
1,2158,15918.040170707456
1,2159,14491.819329886142
1,2160,13113.39278474066
1,2161,11837.50275764991
1,2162,10589.324824292857
1,2163,10589.324824136787
1,2164,10589.324824068965
1,2165,8918.350232931325
1,2166,5068.845639338378
1,2167,2.1874474206339195e-07
1,2168,2.1595508778622652e-07
1,2169,2.1554944118189353e-07
1,2170,11462.166973729998
1,2171,28364.258746840034
1,2172,49170.27521927994
1,2173,67516.29155043144
1,2174,76439.33109690264
1,2175,76663.4959917011
1,2176,71801.5268478118
1,2177,65650.00513422974
1,2178,51571.006454804476
1,2179,39780.00369082441
1,2180,30788.61082528116
1,2181,25197.642485229615
1,2182,20977.13110593822
1,2183,17365.321244794817
1,2184,14173.65080459224
1,2185,12641.764713469236
1,2186,12641.764713313181
1,2187,12641.764713245375
1,2188,12641.764713208928
1,2189,11283.852027598234
1,2190,5750.12559988064
1,2191,6.973483374371524e-08
1,2192,5.7702774035244615e-08
1,2193,1.813359027216012e-09
1,2194,10807.42832935512
1,2195,23098.480658801043
1,2196,38854.758080004394
1,2197,56432.79837078762
1,2198,72274.8936756253
1,2199,76663.49599177149
1,2200,76663.49599175632
1,2201,64888.67459802033
1,2202,47167.39069744428
1,2203,30354.18274679643
1,2204,14462.127604784477
1,2205,7729.3718733874875
1,2206,6494.14059876833
1,2207,6494.140598700519
1,2208,6494.140598664073
1,2209,6494.140598645432
1,2210,6494.140598640086
1,2211,6494.140598647202
1,2212,6494.140598668882
1,2213,6494.140598712185
1,2214,5179.717625710874
1,2215,5.803444667754412e-08
1,2216,1.0222919240551243e-07
1,2217,1.2929033351806246e-07
1,2218,1.493089809769953e-07
1,2219,4156.0626878059775
1,2220,14502.334929810244
1,2221,24135.981577775
1,2222,26521.008681410072
1,2223,47512.15577096343
1,2224,53602.031109120464
1,2225,45348.73665495507
1,2226,30679.10251553427
1,2227,19674.133780821143
1,2228,8176.6524416070415
1,2229,2.1377305533440665e-08
1,2230,9.330644361824362e-08
1,2231,1.262070305440671e-07
1,2232,1.4602709071494724e-07
1,2233,1.5812694558953243e-07
1,2234,1.6443782259467372e-07
1,2235,1.6559514206491164e-07
1,2236,1.614068628950601e-07
1,2237,1.5079215040937188e-07
1,2238,1.311050910185452e-07
1,2239,9.515469362727049e-08
1,2240,2.38089594007318e-09
1,2241,10585.90727944253
1,2242,23465.882682771113
1,2243,32477.464561565946
1,2244,39965.26639979288
1,2245,50064.307900025626
1,2246,64736.31649804157
1,2247,76663.49599177089
1,2248,76663.49599176791
1,2249,72373.52592975105
1,2250,58774.00176369622
1,2251,44275.84629161528
1,2252,30830.757573411887
1,2253,19601.311035253588
1,2254,10537.72689852904
1,2255,3675.13361571385
1,2256,267.72584682097255
1,2257,4.800033903867962e-09
1,2258,1.0399791299615588e-07
1,2259,1.3762900643769045e-07
1,2260,1.4802841861980584e-07
1,2261,1.3973150255719674e-07
1,2262,1.0709983684231586e-07
1,2263,2.9880719955663614e-09
1,2264,4663.170094323911
1,2265,18730.536537517357
1,2266,30471.878840948975
1,2267,35970.950305798586
1,2268,40178.25778432738
1,2269,46665.11377059404
1,2270,59228.1902577863
1,2271,75202.09949255243
1,2272,76663.49599177168
1,2273,76443.01157165025
1,2274,51552.1278378938
1,2275,24391.87157879877
1,2276,6016.298774381529
1,2277,3.6308621373309244e-09
1,2278,1.412391949714715e-07
1,2279,1.9820493454687197e-07
1,2280,2.3196882903349673e-07
1,2281,2.5255510703763094e-07
1,2282,2.6344738454799456e-07
1,2283,2.6581553317950616e-07
1,2284,2.594267440518376e-07
1,2285,2.4258227692547634e-07
1,2286,2.1104613233462145e-07
1,2287,1.5324841471650108e-07
1,2288,3.838477395503818e-09
1,2289,8285.708468101473
1,2290,23841.19762096251
1,2291,33895.924231258075
1,2292,41783.32543626334
1,2293,51896.469033691465
1,2294,64885.428341552855
1,2295,76247.38691067725
1,2296,76663.49599176906
1,2297,43516.916266281354
1,2298,21324.286745483365
1,2299,6336.437066154543
1,2300,9.504567515201739e-07
1,2301,8.272740254138076e-07
1,2302,7.351077183121064e-07
1,2303,6.628723188183226e-07
1,2304,6.046855031890128e-07
1,2305,5.564942778356471e-07
1,2306,5.151222809381194e-07
1,2307,4.777485648192097e-07
1,2308,4.4153393546913925e-07
1,2309,4.032181935805564e-07
1,2310,3.584246091819067e-07
1,2311,2.99943887527754e-07
1,2312,2.1123995744181724e-07
1,2313,4.927880406244695e-09
1,2314,6355.831494284224
1,2315,19568.53589437894
1,2316,40208.407683738515
1,2317,63232.29460594445
1,2318,76317.94927724592
1,2319,76663.49599177168
1,2320,73469.76426106908
1,2321,66236.93094130998
1,2322,53861.49071844545
1,2323,43726.902811766144
1,2324,36969.64290646858
1,2325,32334.42718963458
1,2326,28698.797893344956
1,2327,25637.819492800474
1,2328,22824.115748963122
1,2329,20013.64362575282
1,2330,17113.79525394363
1,2331,16266.172357115282
1,2332,15681.727042717423
1,2333,12407.922653710812
1,2334,5959.072326592647
1,2335,1.0453118528209115e-07
1,2336,7.446314079153239e-08
1,2337,1.785319142860714e-09
1,2338,7355.240224878057
1,2339,23116.99290047553
1,2340,45946.38933807372
1,2341,67177.93584136732
1,2342,76663.49599177153
1,2343,76663.49599175103
1,2344,70699.30846346612
1,2345,62421.25467441438
1,2346,44971.26582433362
1,2347,31690.687701223895
1,2348,23981.316374700054
1,2349,18520.539037385326
1,2350,13813.039045714531
1,2351,9714.303485758008
1,2352,6659.519288981034
1,2353,5009.0339085874175
1,2354,5009.033908431288
1,2355,5009.033908363457
1,2356,5009.033908326999
1,2357,5009.033908308349
1,2358,2553.395973566566
1,2359,3.528088264687047e-07
1,2360,3.669329311823018e-07
1,2361,3.8945176981242243e-07
1,2362,6427.553197134704
1,2363,20380.44894511518
1,2364,38803.57752929804
1,2365,56615.64556633766
1,2366,74818.21535240673
1,2367,76663.49599165039
1,2368,72847.8845796401
1,2369,69034.05660391548
1,2370,55596.716024285524
1,2371,41246.94660119418
1,2372,28228.285720468542
1,2373,21415.645537450942
1,2374,18543.864583850653
1,2375,16484.265989363652
1,2376,14587.751712072832
1,2377,12740.751636517003
1,2378,10851.918065301094
1,2379,8874.42665429208
1,2380,6265.097223337773
1,2381,2207.9961543244412
1,2382,5.8181143679075233e-08
1,2383,5.2586376343055814e-08
1,2384,1.8283915279739503e-09
1,2385,9356.699930216104
1,2386,23817.23970004569
1,2387,32669.297636262407
1,2388,39795.60256258864
1,2389,49389.99999366284
1,2390,63803.87828000332
1,2391,76663.49599177144
1,2392,76663.4959917587
1,2393,70477.563861667
1,2394,60426.199986568216
1,2395,50319.857567520696
1,2396,41524.42791773355
1,2397,34231.52420175662
1,2398,28288.212537805935
1,2399,23127.71261893398
1,2400,19860.282095627514
1,2401,17902.662588698007
1,2402,16196.019872005063
1,2403,13965.203306432639
1,2404,10627.214929308775
1,2405,4472.88751823191
1,2406,6.973655438065383e-08
1,2407,5.770440784420459e-08
1,2408,1.8133567313107621e-09
1,2409,5331.064250603568
1,2410,18341.844973569532
1,2411,30143.14697421481
1,2412,40630.56871480363
1,2413,53894.31638752891
1,2414,69325.03510741198
1,2415,76663.49599177147
1,2416,76663.49599175759
1,2417,69170.4348504453
1,2418,58333.00867388307
1,2419,44829.176085782405
1,2420,33559.12290508733
1,2421,26039.032355272175
1,2422,20195.108588464478
1,2423,16111.249849020061
1,2424,13487.847652765007
1,2425,11127.203479302103
1,2426,9304.265503944087
1,2427,7056.807918275993
1,2428,3914.5303321524784
1,2429,8.984383348338608e-08
1,2430,8.518116716336684e-08
1,2431,6.54572324258919e-08
1,2432,1.834910513002256e-09
1,2433,8298.761334346074
1,2434,22870.50346058356
1,2435,34791.445889228235
1,2436,48604.95780641553
1,2437,63510.10347464746
1,2438,75230.63690645671
1,2439,76663.49599177144
1,2440,76663.4959917587
1,2441,69043.04332043836
1,2442,52079.135060201435
1,2443,35310.20882347037
1,2444,21556.565830655592
1,2445,11148.967579792063
1,2446,4009.681243198844
1,2447,956.9534702378918
1,2448,1.077748212832657e-08
1,2449,8.700175325438949e-08
1,2450,1.1766391015617965e-07
1,2451,1.3314285073691597e-07
1,2452,1.3859035288179135e-07
1,2453,1.3494678179580815e-07
1,2454,1.2064396247525512e-07
1,2455,8.933250253604871e-08
1,2456,2.3324599605151076e-09
1,2457,1824.1287251250242
1,2458,9248.265361273374
1,2459,17284.296765228446
1,2460,30514.296529083054
1,2461,47588.43271861346
1,2462,66182.36169763008
1,2463,76562.44776310559
1,2464,76663.49599177092
1,2465,76663.49599176779
1,2466,60966.080781166645
1,2467,38709.830470088906
1,2468,16751.41270996381
1,2469,2555.260652473213
1,2470,5.298208469431627e-09
1,2471,1.0813340762567828e-07
1,2472,1.494812487558945e-07
1,2473,1.7207021132281024e-07
1,2474,1.831287721118513e-07
1,2475,1.8468048990958968e-07
1,2476,1.7645053243121986e-07
1,2477,1.5581605662098787e-07
1,2478,1.1438225662051445e-07
1,2479,2.9331148935050464e-09
1,2480,1479.4491497406684
1,2481,11709.439310833084
1,2482,22066.18312352993
1,2483,31881.366220082626
1,2484,45041.80879330511
1,2485,58568.45307841257
1,2486,67001.97850647036
1,2487,71532.50013663823
1,2488,76663.49599177002
1,2489,67342.36079630275
1,2490,38164.780535058555
1,2491,18316.199748766972
1,2492,9602.491527765118
1,2493,2799.737823223591
1,2494,2799.737823151867
1,2495,2799.737823115178
1,2496,2799.737823104641
1,2497,2799.737823118614
1,2498,2799.737823161227
1,2499,2799.737823246342
1,2500,2799.737823418446
1,2501,2799.737823955243
1,2502,6.127844731788131e-08
1,2503,8.449324696861357e-08
1,2504,3.727624929770177e-09
1,2505,7885.13985178891
1,2506,22036.540077809394
1,2507,32358.90357793718
1,2508,40946.00786543543
1,2509,51893.01291726976
1,2510,66960.16050736535
1,2511,76663.49599176945
1,2512,76663.49599177035
1,2513,67206.6807896588
1,2514,51201.827495757156
1,2515,33789.478942346446
1,2516,17362.77136067442
1,2517,5811.968029571972
1,2518,941.198275831614
1,2519,375.1537596059249
1,2520,375.15375956945195
1,2521,375.15375955078247
1,2522,375.1537595454029
1,2523,375.15375955247475
1,2524,375.1537595740874
1,2525,375.1537596172459
1,2526,4.174228834494828e-08
1,2527,4.620451095564812e-08
1,2528,1.8604682360345138e-09
1,2529,6933.541761303716
1,2530,20761.26253816497
1,2531,33759.38461818894
1,2532,47386.07230156751
1,2533,64069.88010576329
1,2534,76322.90354213848
1,2535,76663.49599177141
1,2536,76663.49599176049
1,2537,68430.48493916374
1,2538,58111.01407876135
1,2539,49126.56084505208
1,2540,42142.0379911693
1,2541,36500.61396592297
1,2542,32133.069770993978
1,2543,28845.351895583324
1,2544,26807.517462217034
1,2545,25418.22840210042
1,2546,24203.4612332996
1,2547,22308.553432199653
1,2548,19373.081700337854
1,2549,13518.19917934571
1,2550,5363.976644117712
1,2551,7.1406227563441764e-09
1,2552,4.530753126596635e-08
1,2553,2.3751979512428744e-09
1,2554,7133.517110140765
1,2555,23646.509878729925
1,2556,46105.81890326765
1,2557,67173.53110144881
1,2558,76663.49599177086
1,2559,76663.49599171145
1,2560,76663.49599176757
1,2561,67360.57652529853
1,2562,54484.808706030475
1,2563,43442.276301515565
1,2564,34188.74420914409
1,2565,26867.733318154093
1,2566,21094.17000206495
1,2567,17697.869821037693
1,2568,15584.041119355525
1,2569,14338.619025940581
1,2570,12640.729064307341
1,2571,10326.879922102582
1,2572,6935.130096074028
1,2573,1757.4343979450837
1,2574,4.419825045937703e-09
1,2575,1.1450426959453883e-07
1,2576,1.555803048475246e-07
1,2577,1.7432866417324447e-07
1,2578,9491.830107496364
1,2579,23669.77576562723
1,2580,41764.65935476155
1,2581,60858.138816964885
1,2582,69275.221078444
1,2583,75733.0505260234
1,2584,76663.49599176935
1,2585,66799.66251161354
1,2586,48479.024499885265
1,2587,30937.844508660066
1,2588,18443.195256502393
1,2589,8722.990200291704
1,2590,2310.480164572504
1,2591,3.550289627170979e-09
1,2592,1.3783094579894657e-07
1,2593,1.8947130297125364e-07
1,2594,2.1545892719135795e-07
1,2595,2.2479490669648629e-07
1,2596,2.1917309443505854e-07
1,2597,1.9610522858563395e-07
1,2598,1.4529169881810113e-07
1,2599,3.79799963230111e-09
1,2600,1105.1730539680998
1,2601,10259.604644430092
1,2602,22779.11526356571
1,2603,31353.96593523217
1,2604,37376.05739442558
1,2605,44670.982593389344
1,2606,56175.040883671405
1,2607,71467.24594383429
1,2608,76663.49599176906
1,2609,57467.051548396244
1,2610,21177.625346396868
1,2611,8048.994523961834
1,2612,723.7255085164128
1,2613,7.15816684987631e-07
1,2614,6.431863488006893e-07
1,2615,5.840171945478484e-07
1,2616,5.341260064169488e-07
1,2617,4.901062056562118e-07
1,2618,4.4875283210753236e-07
1,2619,4.065625264814462e-07
1,2620,3.5900408815208633e-07
1,2621,2.9879940354387907e-07
1,2622,2.094789678818061e-07
1,2623,4.8316594225933206e-09
1,2624,916.4501140950506
1,2625,16732.02127421566
1,2626,29435.491693044678
1,2627,35220.90847918952
1,2628,38938.038207741694
1,2629,43663.441436667876
1,2630,51776.702256569195
1,2631,65573.08264387265
1,2632,76663.49599176779
1,2633,68867.37529679932
1,2634,36311.53816086666
1,2635,303.67371910972093
1,2636,1.7744551396416466e-06
1,2637,1.0022061583360095e-06
1,2638,5.497383744403365e-07
1,2639,7.406004186569822e-08
1,2640,60.464050474084004
1,2641,3405.637594451754
1,2642,7453.96679586948
1,2643,11616.790332980769
1,2644,12344.09836482626
1,2645,8240.13475441392
1,2646,1.226821474716814e-06
1,2647,6.221534212753095e-09
1,2648,7692.631591987727
1,2649,23841.81515341124
1,2650,32832.999941399255
1,2651,36449.33920229415
1,2652,38493.65675255573
1,2653,40928.760777910975
1,2654,45597.2839725093
1,2655,55814.002962263694
1,2656,72286.94768894432
1,2657,76520.71807446223
1,2658,63266.5477572901
1,2659,40519.37731752403
1,2660,20802.57476213024
1,2661,5808.441147983324
1,2662,183.18909013955812
1,2663,1157.91031637765
1,2664,6400.816459707001
1,2665,12168.018006183567
1,2666,16984.608378736055
1,2667,21538.90143162902
1,2668,22774.19494088043
1,2669,17326.359546550222
1,2670,7871.665784323457
1,2671,4630.783352786818
1,2672,14826.966092123981
1,2673,27772.74570475637
1,2674,34594.13320493392
1,2675,37243.55116838124
1,2676,39116.22226238447
1,2677,41784.69955026669
1,2678,46904.46037190346
1,2679,58438.10639625054
1,2680,74086.58349840053
1,2681,76663.49599176427
1,2682,57466.12708948426
1,2683,28316.14309816117
1,2684,349.2554059261535
1,2685,2.940431416141847e-06
1,2686,1.69679801955043e-06
1,2687,9.813901829030733e-07
1,2688,2.9864878958653796e-07
1,2689,199.21536340468415
1,2690,3.4649459925845116e-06
1,2691,2.2371407210489483e-06
1,2692,1.587579726233324e-06
1,2693,1.1102731232082077e-06
1,2694,6.679005336402647e-07
1,2695,9.947920057685358e-09
1,2696,940.4575238103887
1,2697,14775.898807173982
1,2698,28321.77149496537
1,2699,35484.21633854077
1,2700,41105.998764778895
1,2701,49521.02841263333
1,2702,63273.66856323974
1,2703,76273.60815889678
1,2704,76663.49599177168
1,2705,71395.59401024973
1,2706,58415.22463889082
1,2707,45400.10508778952
1,2708,34593.375796926404
1,2709,25284.287360635575
1,2710,17859.498219513607
1,2711,12367.736490401852
1,2712,8194.360059651592
1,2713,7850.937264877403
1,2714,7850.937264721479
1,2715,7850.937264653704
1,2716,7850.937264617274
1,2717,6854.545339114577
1,2718,3726.477449327473
1,2719,6.972790854926144e-08
1,2720,5.770041229848224e-08
1,2721,1.8133715249506148e-09
1,2722,6547.454988429373
1,2723,21611.194055164953
1,2724,42989.116111214964
1,2725,64204.70201429514
1,2726,76168.2947762142
1,2727,76663.49599177168
1,2728,75582.22361497616
1,2729,63905.964065382075
1,2730,47560.62050053505
1,2731,29895.76809120147
1,2732,17650.521561440753
1,2733,9749.228260109143
1,2734,3499.291273257182
1,2735,527.2496278060383
1,2736,2.0525742855850696e-07
1,2737,1.887322510990357e-07
1,2738,1.73122548504371e-07
1,2739,1.57091531317958e-07
1,2740,1.3889815129997356e-07
1,2741,1.1573143760550575e-07
1,2742,8.121098503086641e-08
1,2743,1.877366792551565e-09
1,2744,666.4940262390953
1,2745,9154.342638978711
1,2746,21296.264998925893
1,2747,30465.422617454293
1,2748,36546.66453678226
1,2749,43063.00217800807
1,2750,53030.07791621757
1,2751,68066.93472680543
1,2752,76663.49599177137
1,2753,76663.49599176188
1,2754,60069.281986794624
1,2755,34276.499595467474
1,2756,11481.108640982447
1,2757,3911.5854883874313
1,2758,274.2256457268977
1,2759,2.6760240122051604e-07
1,2760,2.3811549690523235e-07
1,2761,2.132144632094996e-07
1,2762,1.9103626906278432e-07
1,2763,1.6982649243374144e-07
1,2764,1.4752876595336938e-07
1,2765,1.210422733224643e-07
1,2766,8.387594056696629e-08
1,2767,1.878235701376385e-09
1,2768,4094.4697812501768
1,2769,15898.18973062784
1,2770,27769.71127742038
1,2771,33373.63656632847
1,2772,38981.55515164012
1,2773,47874.02608310877
1,2774,61496.533611988365
1,2775,76037.64783681168
1,2776,76663.49599177168
1,2777,71683.4014712248
1,2778,64847.783886789075
1,2779,55873.36687586315
1,2780,48132.620213391325
1,2781,42832.20767804714
1,2782,38991.73547663212
1,2783,35709.20709574885
1,2784,32713.10967399844
1,2785,29744.573287505602
1,2786,26745.19406560925
1,2787,23476.665940678515
1,2788,21061.921016100932
1,2789,18016.171380332453
1,2790,14734.077259061885
1,2791,12257.510045784747
1,2792,12257.510045774197
1,2793,12257.510045776111
1,2794,17878.652224908034
1,2795,30098.543793255976
1,2796,47744.16528976433
1,2797,63911.16582469429
1,2798,71785.73344551877
1,2799,76198.46421625231
1,2800,75780.202857744
1,2801,75476.11774295253
1,2802,67282.95120318916
1,2803,54951.04629452142
1,2804,43805.38163979541
1,2805,38749.65472833747
1,2806,38502.71359898887
1,2807,38270.484748459814
1,2808,38041.96065670145
1,2809,37815.17320671905
1,2810,37589.32906650953
1,2811,37363.26250708072
1,2812,37136.30053456
1,2813,36907.91593185302
1,2814,36679.63223892981
1,2815,36451.92465700298
1,2816,36225.57374913247
1,2817,36004.16497847274
1,2818,35787.86955518702
1,2819,35570.61839713004
1,2820,35357.69214294268
1,2821,35138.2984001366
1,2822,34912.016770235714
1,2823,34681.44193716283
1,2824,34444.83072999537
1,2825,34155.2929308042
1,2826,29760.744358341595
1,2827,23819.952249848437
1,2828,19408.53574471733
1,2829,19143.665723281272
1,2830,18900.78584499255
1,2831,18660.86302750295
1,2832,18421.51763813295
1,2833,18181.084729460526
1,2834,17938.467953319665
1,2835,17693.050319679693
1,2836,17444.28846436107
1,2837,17190.803830441997
1,2838,16929.99410058744
1,2839,16654.899047163148
1,2840,16372.323010383021
1,2841,16099.385787207731
1,2842,15829.16709273064
1,2843,15557.937032871707
1,2844,15287.416388747508
1,2845,15019.077596158148
1,2846,14747.211334813672
1,2847,14468.476470844389
1,2848,14181.202594211169
1,2849,13882.606944521718
1,2850,13562.25388244808
1,2851,13203.832374564272
1,2852,12799.95059828352
1,2853,12459.179015472295
1,2854,12128.402631717692
1,2855,11797.087179376053
1,2856,11464.746511974638
1,2857,11129.893394439869
1,2858,10788.021420788704
1,2859,10438.950794250388
1,2860,10078.132029370601
1,2861,9700.806769227127
1,2862,9301.689427681618
1,2863,8898.979107272127
1,2864,8483.70869257414
1,2865,8152.717653363487
1,2866,8152.7176533270585
1,2867,8152.717653308429
1,2868,8152.717653303093
1,2869,8152.71765331022
1,2870,8152.717653331914
1,2871,8152.717653375241
1,2872,7626.967317456843
1,2873,6883.209007508158
1,2874,6004.240968019871
1,2875,4977.116157821786
1,2876,3741.579035725841
1,2877,2125.279747358622
1,2878,2.3291354682113125e-08
1,2879,8.084673239251998e-08
1,2880,1.0454676270767107e-07
1,2881,1.1474694915397014e-07
1,2882,1.1489349369114962e-07
1,2883,1.044686381899111e-07
1,2884,7.823892612971665e-08
1,2885,2.090058064728656e-09
1,2886,56.88202692476547
1,2887,600.647877088585
1,2888,4661.4136434423135
1,2889,12041.167783111496
1,2890,24166.268834900642
1,2891,37731.04874612744
1,2892,52012.93084508442
1,2893,66441.71429467582
1,2894,76445.7691098585
1,2895,76663.49599177168
1,2896,76311.61720547458
1,2897,62555.45769543585
1,2898,36590.01555321935
1,2899,21031.35937021626
1,2900,8419.026620610539
1,2901,1204.1752251470382
1,2902,2.9840259944778754e-07
1,2903,2.855637627619933e-07
1,2904,2.7776779265884866e-07
1,2905,2.7460744071988036e-07
1,2906,2.759560714993064e-07
1,2907,2.819462936648259e-07
1,2908,2.92995071976413e-07
1,2909,3.098848135955879e-07
1,2910,3.339388095312387e-07
1,2911,3.6739924854598547e-07
1,2912,4.1431233917569536e-07
1,2913,3120.753307892756
1,2914,5476.600158413777
1,2915,9702.707197657892
1,2916,25916.65238234751
1,2917,46143.62814598136
1,2918,65778.0336563907
1,2919,76663.49599174564
1,2920,75265.0462603047
1,2921,73733.54736375435
1,2922,59464.4095657955
1,2923,38292.33802680676
1,2924,18919.115561225375
1,2925,6203.421057693395
1,2926,98.85325522703633
1,2927,1.385457186341588e-07
1,2928,1.4247258346827547e-07
1,2929,1.434825464444818e-07
1,2930,1.4145296965459406e-07
1,2931,1.358660880478892e-07
1,2932,1.2561535073746341e-07
1,2933,1.0839211642012356e-07
1,2934,7.822188874939391e-08
1,2935,1.9323350577111254e-09
1,2936,2967.058604227064
1,2937,14008.673861009767
1,2938,26890.045524209872
1,2939,34526.82398788267
1,2940,44021.09185608282
1,2941,56682.326924830646
1,2942,69718.6081965641
1,2943,76663.49599177134
1,2944,76663.495991763
1,2945,73889.52284647216
1,2946,70370.67171198086
1,2947,67394.77788257849
1,2948,64945.93156632053
1,2949,62965.471993381
1,2950,61350.4348451637
1,2951,59957.53620457846
1,2952,58708.249929603524
1,2953,57533.09507504059
1,2954,56407.945417864015
1,2955,55317.81220065062
1,2956,54230.30931951813
1,2957,53136.06455563419
1,2958,52024.40801987287
1,2959,50902.37834912586
1,2960,49799.5085475211
1,2961,48769.55192057824
1,2962,47779.810468705815
1,2963,46775.548036690394
1,2964,45812.38082054752
1,2965,44885.55227058002
1,2966,43961.61606225305
1,2967,43010.35604315237
1,2968,42020.75396000843
1,2969,40855.911702620906
1,2970,36200.85223752593
1,2971,29408.581120917544
1,2972,24800.644502638017
1,2973,23089.696154039615
1,2974,21943.58338681359
1,2975,20881.771279342
1,2976,19844.814372670895
1,2977,18802.523416032545
1,2978,17740.945549157932
1,2979,16622.68894696675
1,2980,15433.102322759078
1,2981,14585.838060919103
1,2982,13656.762618823559
1,2983,12656.458923307448
1,2984,12656.458923282333
1,2985,12656.458923271784
1,2986,12656.4589232737
1,2987,12656.45892328891
1,2988,12656.458923321929
1,2989,19377.327864812873
1,2990,27494.99704025533
1,2991,31957.60416488599
1,2992,36950.68421275103
1,2993,34278.1699476887
1,2994,29293.87359860697
1,2995,22280.931256584197
1,2996,14943.218991058293
1,2997,5876.999573160974
1,2998,870.5109198750927
1,2999,4.6504425221989294e-07
1,3000,3.7642039146085736e-07
1,3001,3.1518017761639726e-07
1,3002,2.68545458203661e-07
1,3003,2.3049289169587176e-07
1,3004,1.9726476918464323e-07
1,3005,1.6571595161087244e-07
1,3006,1.3208398607527424e-07
1,3007,8.916128036897525e-08
1,3008,1.8615103381688678e-09
1,3009,1949.8547523319928
1,3010,12654.618333666902
1,3011,24726.823401795198
1,3012,40721.23052309854
1,3013,59501.438587170924
1,3014,72074.34057000809
1,3015,76663.49599177143
1,3016,76663.49599175964
1,3017,70347.08473407973
1,3018,60011.98913180205
1,3019,49229.84097098422
1,3020,40984.35978507476
1,3021,33950.30360410744
1,3022,28316.645842563597
1,3023,23797.13007929152
1,3024,20105.56042825517
1,3025,15911.14138416072
1,3026,12171.745521475857
1,3027,11745.507017450958
1,3028,10172.756887422423
1,3029,6762.548104747277
1,3030,2505.8570472194224
1,3031,8.462807643696375e-08
1,3032,6.472762274461992e-08
1,3033,1.7990039812764588e-09
1,3034,976.0524370846749
1,3035,10826.422140762592
1,3036,30730.12898813122
1,3037,54482.96598398138
1,3038,73419.7890713101
1,3039,76663.4959917715
1,3040,76663.49599175484
1,3041,68454.73476093654
1,3042,59506.74042256583
1,3043,49715.086194210686
1,3044,42414.99070674489
1,3045,36368.43902748056
1,3046,31493.20575711564
1,3047,27410.996395880495
1,3048,23686.7408428235
1,3049,20006.5372266776
1,3050,16086.048670394433
1,3051,12063.068542883999
1,3052,10335.88397946292
1,3053,7385.218789763197
1,3054,4634.573217317992
1,3055,3997.0524424951004
1,3056,3997.0524424897526
1,3057,3997.0524424968676
1,3058,12329.896174649963
1,3059,26516.626395324718
1,3060,42107.85425499868
1,3061,55738.745353501225
1,3062,74861.21403022978
1,3063,75661.64456365028
1,3064,73486.3131311197
1,3065,71762.56769151933
1,3066,66552.62091872167
1,3067,56161.84381093913
1,3068,48893.52749582525
1,3069,44268.40404425732
1,3070,42936.11020977884
1,3071,41879.83996294668
1,3072,40869.57432742803
1,3073,39888.99169397961
1,3074,38922.31292209614
1,3075,37975.05588119182
1,3076,37137.02143809715
1,3077,36341.209041926675
1,3078,35907.563250620646
1,3079,35907.563250602005
1,3080,35907.56325059667
1,3081,35907.56325060379
1,3082,35907.56325062547
1,3083,35907.5632506688
1,3084,36210.89931175954
1,3085,38263.15785183875
1,3086,48736.68686836264
1,3087,48557.78825235441
1,3088,47693.74870963226
1,3089,46716.77323451546
1,3090,45554.433297816424
1,3091,42394.61801704972
1,3092,41020.183931816944
1,3093,39954.583489510456
1,3094,38972.211194665404
1,3095,38039.612167020736
1,3096,37143.95069758845
1,3097,36263.020044699115
1,3098,35391.932264899435
1,3099,34524.85444555872
1,3100,33696.882285853746
1,3101,33696.8822856977
1,3102,33696.8822856299
1,3103,33696.882285593456
1,3104,33696.88228557482
1,3105,33696.882285569474
1,3106,33696.8822855766
1,3107,33696.882285598294
1,3108,33696.88228564163
1,3109,33769.57968387581
1,3110,33769.579684149736
1,3111,33556.499282333774
1,3112,32660.42367947568
1,3113,31632.946476239245
1,3114,30449.437938355513
1,3115,29045.039169169933
1,3116,27752.404871329145
1,3117,26556.37461354321
1,3118,25424.60175176
1,3119,24339.39171514186
1,3120,23300.18492567371
1,3121,22294.421632758356
1,3122,21312.304202389947
1,3123,20299.745227877505
1,3124,19229.480243053156
1,3125,18005.381769293264
1,3126,16592.11800850482
1,3127,14820.450674825035
1,3128,11390.086415802001
1,3129,9300.113894257498
1,3130,6869.372351732928
1,3131,3797.25644779413
1,3132,192.2880882486272
1,3133,192.28808822996967
1,3134,192.28808822459706
1,3135,192.28808823166614
1,3136,192.2880882532632
1,3137,192.2880882963925
1,3138,192.28808838349624
1,3139,5.612598604698768e-08
1,3140,9.716950238330296e-08
1,3141,1.2038130472357333e-07
1,3142,1.3535676589250187e-07
1,3143,1.4505157752058104e-07
1,3144,1.5070845835890318e-07
1,3145,1.528138267493256e-07
1,3146,1.5136003419025166e-07
1,3147,1.4586431826106583e-07
1,3148,1.351809215508371e-07
1,3149,1.1684807601914358e-07
1,3150,8.442800557169328e-08
1,3151,2.0923631339424678e-09
1,3152,5758.496533287923
1,3153,16143.786558252388
1,3154,23739.085547155053
1,3155,29035.25121026118
1,3156,38980.44981362914
1,3157,52425.36019627808
1,3158,65584.97956764259
1,3159,75628.04818550343
1,3160,76663.49599177115
1,3161,76663.49599176609
1,3162,72796.66550826798
1,3163,69944.4012811531
1,3164,67740.6805881269
1,3165,65913.53058621504
1,3166,64390.61116804355
1,3167,63133.14571997864
1,3168,62051.160065136486
1,3169,61056.03890652203
1,3170,60106.662864281694
1,3171,59168.38770038897
1,3172,58209.576279557885
1,3173,57251.387287369886
1,3174,56295.56686722077
1,3175,55395.38155398808
1,3176,54714.17978067169
1,3177,54714.17978051563
1,3178,54491.4745453847
1,3179,53869.166999556815
1,3180,53189.023647647315
1,3181,52511.65457740419
1,3182,51763.19319700734
1,3183,50969.42828435648
1,3184,50152.249806073036
1,3185,49282.16697836547
1,3186,48167.4009656268
1,3187,46622.14245165057
1,3188,45331.665383178806
1,3189,44412.273320436965
1,3190,43602.781393896235
1,3191,42846.61061387189
1,3192,42120.505416922104
1,3193,41411.118817382696
1,3194,40713.652288197096
1,3195,40016.04563567951
1,3196,39312.16520327847
1,3197,38599.771401880054
1,3198,37871.866488974745
1,3199,37140.75102904905
1,3200,36429.668295126685
1,3201,35748.3653503836
1,3202,35083.27326883698
1,3203,34407.33414076782
1,3204,33759.3746922572
1,3205,33181.508547218975
1,3206,32596.282993810135
1,3207,31910.223911427674
1,3208,31178.708688047427
1,3209,30388.250396084994
1,3210,29478.56467627022
1,3211,28505.952193454257
1,3212,27608.742438233417
1,3213,26763.010736567267
1,3214,25951.921556343787
1,3215,25180.275070239586
1,3216,24464.176822893973
1,3217,23827.892775593886
1,3218,23187.364059082043
1,3219,22482.415586017432
1,3220,21686.965877228067
1,3221,20833.887822934066
1,3222,19937.866135315482
1,3223,19025.571522887392
1,3224,18223.26553320524
1,3225,17819.570263087153
1,3226,17487.783787964298
1,3227,17487.78378780827
1,3228,17487.783787740467
1,3229,17487.783787704022
1,3230,17487.78378768538
1,3231,16812.310075852285
1,3232,15548.983986202918
1,3233,13917.393056957111
1,3234,12214.261507253876
1,3235,10157.815457154476
1,3236,7795.96137680973
1,3237,4966.467152742446
1,3238,1652.3514770945537
1,3239,1.65407131205291e-07
1,3240,1.594272553807972e-07
1,3241,1.5212753324780502e-07
1,3242,1.4259656259615634e-07
1,3243,1.2944275979781756e-07
1,3244,1.101551656131571e-07
1,3245,7.863990230086069e-08
1,3246,1.895003368351457e-09
1,3247,357.80475762476857
1,3248,7840.314588669049
1,3249,18723.7889388012
1,3250,26696.696760320676
1,3251,31894.99595710845
1,3252,37349.520805933884
1,3253,45424.61487007907
1,3254,57776.42021106506
1,3255,72498.18510895633
1,3256,76663.49599177134
1,3257,76663.495991763
1,3258,73133.03081027739
1,3259,55526.65871451018
1,3260,34821.98571548619
1,3261,16350.961025199551
1,3262,3973.1289674533045
1,3263,8.928918010250059e-09
1,3264,8.746303967787695e-08
1,3265,1.1713522149825006e-07
1,3266,1.3000847447027148e-07
1,3267,1.3087330472553245e-07
1,3268,1.1936596716423712e-07
1,3269,8.957579106378657e-08
1,3270,2.402161723749286e-09
1,3271,3233.4337610968205
1,3272,15242.179534109919
1,3273,27438.27025197492
1,3274,34286.83752492384
1,3275,36972.56792575769
1,3276,39863.56718431535
1,3277,45838.36381870728
1,3278,56809.58993174533
1,3279,71436.16865730111
1,3280,76663.49599177079
1,3281,76663.49599176834
1,3282,63188.911469732666
1,3283,41677.65560496517
1,3284,19513.58729405205
1,3285,6996.66183751698
1,3286,1013.514080108202
1,3287,3.594737154268175e-07
1,3288,3.1047511271533983e-07
1,3289,2.7274117785520144e-07
1,3290,2.4231382955857447e-07
1,3291,2.166738958832282e-07
1,3292,1.9389063178444437e-07
1,3293,1.721638983972389e-07
1,3294,1.494134216161293e-07
1,3295,1.2253396024884265e-07
1,3296,8.478729778751829e-08
1,3297,1.8971428192762526e-09
1,3298,6810.82850715428
1,3299,18315.31315295071
1,3300,36079.444126413684
1,3301,55714.098988482045
1,3302,70962.59468345891
1,3303,76663.49599177141
1,3304,76663.49599176049
1,3305,71425.2821446591
1,3306,60532.8931798099
1,3307,47110.685629547355
1,3308,34522.49251122868
1,3309,22545.29213140235
1,3310,11078.425052789527
1,3311,771.4440668912259
1,3312,4.651217904965278e-07
1,3313,3.764645602179965e-07
1,3314,3.1520877181133444e-07
1,3315,2.6856414618039136e-07
1,3316,2.3050436541189202e-07
1,3317,1.972709083151883e-07
1,3318,1.6571856579678554e-07
1,3319,1.3208807134792175e-07
1,3320,8.916334466271174e-08
1,3321,1.8615076605602904e-09
1,3322,5538.477930810378
1,3323,20318.88322623024
1,3324,40152.107227515655
1,3325,61004.884430089056
1,3326,75111.07666688942
1,3327,76663.49599177144
1,3328,76663.4959917587
1,3329,71669.86600678157
1,3330,67418.94225897918
1,3331,63521.49724585685
1,3332,60278.66563265203
1,3333,57594.90659370729
1,3334,55401.5184997191
1,3335,53527.968578613676
1,3336,51874.02040205395
1,3337,50338.448555757044
1,3338,48877.6231151256
1,3339,47434.622742485146
1,3340,45963.13358136882
1,3341,44468.04214812735
1,3342,42929.51660597567
1,3343,41340.66636261847
1,3344,39792.654815265996
1,3345,38459.638391023844
1,3346,37389.25506845574
1,3347,36936.85897102836
1,3348,36936.858970872374
1,3349,36936.85897080458
1,3350,36244.25617459218
1,3351,35031.151638465686
1,3352,33597.59412462799
1,3353,31889.886506074112
1,3354,29596.163288936074
1,3355,25181.647498892165
1,3356,21034.09657697309
1,3357,18145.139221735797
1,3358,16163.892910467082
1,3359,14330.654438594662
1,3360,12505.740946180567
1,3361,10632.515002612357
1,3362,8525.43368298663
1,3363,5891.069744282546
1,3364,2283.43752453845
1,3365,5.8182115845087476e-08
1,3366,5.258798743954559e-08
1,3367,1.8283906800708884e-09
1,3368,2519.671882857719
1,3369,13690.854482018136
1,3370,24406.325009830744
1,3371,33231.68016368632
1,3372,43388.8780805721
1,3373,57046.472636277096
1,3374,70067.85502724454
1,3375,76663.49599177143
1,3376,76663.49599175964
1,3377,72266.22985906154
1,3378,68199.50048088729
1,3379,63197.416481719214
1,3380,58995.268725378824
1,3381,56433.64533651298
1,3382,54419.10161413517
1,3383,52708.048455262564
1,3384,51168.28582315698
1,3385,49725.225074847265
1,3386,48331.04975288223
1,3387,46945.013248990756
1,3388,45545.280870963914
1,3389,44178.01990173199
1,3390,42810.24598968922
1,3391,41442.656350483405
1,3392,40127.23980146957
1,3393,38862.02350180985
1,3394,37593.819221463214
1,3395,36251.627488192935
1,3396,34904.06931411001
1,3397,33497.034735572684
1,3398,31994.30695500203
1,3399,30353.45648414896
1,3400,28331.71601323678
1,3401,24594.79449760735
1,3402,20658.054557918436
1,3403,18175.385922791687
1,3404,16006.630031201
1,3405,13954.334522098996
1,3406,11978.946869238738
1,3407,10213.30243116913
1,3408,8693.425936650336
1,3409,7232.559666111196
1,3410,7216.676562598638
1,3411,7216.676562447564
1,3412,7216.67656238133
1,3413,7216.676562345714
1,3414,7216.676562327657
1,3415,7216.676562322824
1,3416,5567.295592338245
1,3417,2042.2807497132053
1,3418,1.1048942492818646e-06
1,3419,1.1845086532555772e-06
1,3420,1.36405359961911e-06
1,3421,2828.132943544801
1,3422,28561.363615814837
1,3423,54958.624392105965
1,3424,71848.82838927161
1,3425,76663.49599137132
1,3426,68121.27273147223
1,3427,49086.41458765255
1,3428,29484.435096312107
1,3429,12009.099031085781
1,3430,2134.9372592521595
1,3431,1.3595412638321537e-08
1,3432,8.233530030760995e-08
1,3433,1.0905895473368164e-07
1,3434,1.2063177179594872e-07
1,3435,1.2123773092809068e-07
1,3436,1.1047519119533633e-07
1,3437,8.285399742738442e-08
1,3438,2.2192969143113614e-09
1,3439,1239.7028319749702
1,3440,11455.049734680004
1,3441,24706.019299093256
1,3442,32855.96652510643
1,3443,37380.33557468678
1,3444,42439.57212242582
1,3445,48178.23563705462
1,3446,57083.7291556649
1,3447,68757.72028234573
1,3448,76663.49599177079
1,3449,76598.49441890197
1,3450,58425.354662779995
1,3451,26710.07092988093
1,3452,1.1609894273916302e-06
1,3453,8.46094082088784e-07
1,3454,6.924545369320183e-07
1,3455,5.940176682643411e-07
1,3456,5.241021025855115e-07
1,3457,4.7196188094619307e-07
1,3458,4.321677854409486e-07
1,3459,4.015611657289279e-07
1,3460,3.7811532695289146e-07
1,3461,3.604303706977144e-07
1,3462,3.4749355690171695e-07
1,3463,3.3855700345134703e-07
1,3464,3.3307463660487823e-07
1,3465,3.3067169637077077e-07
1,3466,3.31170114146735e-07
1,3467,375.6029671703433
1,3468,375.6029671958816
1,3469,2392.021741225434
1,3470,5309.697408672854
1,3471,8222.301889234604
1,3472,17850.57238309112
1,3473,34427.23805674078
1,3474,33874.03464399343
1,3475,21919.249333836484
1,3476,8610.886423069373
1,3477,3.7238886232918037e-08
1,3478,1.506871793707017e-07
1,3479,2.067062352544859e-07
1,3480,2.446654182987156e-07
1,3481,2.7345115684242367e-07
1,3482,2.969638020466339e-07
1,3483,3.1748406727715155e-07
1,3484,3.3661416422970476e-07
1,3485,3.556531940842765e-07
1,3486,3.7579060554483994e-07
1,3487,3.9823315501090126e-07
1,3488,4.2431421592216976e-07
1,3489,6067.809386674357
1,3490,16065.197629490842
1,3491,20011.016954109313
1,3492,27908.51335118766
1,3493,40214.379677080186
1,3494,61915.19862126607
1,3495,74697.0029112398
1,3496,76663.49599177005
1,3497,71672.305271926
1,3498,66926.68052583293
1,3499,62245.96774842499
1,3500,57534.57799115322
1,3501,53778.79062437796
1,3502,50911.36029308026
1,3503,48556.65572460869
1,3504,46486.4862114736
1,3505,44532.71532653764
1,3506,42606.875842867616
1,3507,40670.78628915201
1,3508,39202.23299270738
1,3509,37854.46538172802
1,3510,37115.71926145177
1,3511,37115.71926143308
1,3512,37115.719261427694
1,3513,37115.719261434766
1,3514,37115.719261456405
1,3515,37115.71926149963
1,3516,37119.39632576604
1,3517,37119.396326039045
1,3518,44951.749181633335
1,3519,44336.124452026714
1,3520,42638.9764023609
1,3521,40513.87357824976
1,3522,37111.28063189957
1,3523,31487.10805049178
1,3524,26157.693820055967
1,3525,22775.464464732566
1,3526,20153.34230374485
1,3527,17784.208449815505
1,3528,15458.260080387263
1,3529,13034.94101620658
1,3530,10298.430262935706
1,3531,6668.352041603644
1,3532,4692.0813409836155
1,3533,2670.8563146905162
1,3534,733.4332844090717
1,3535,1.6991436887618151e-06
1,3536,1.6789618738355383e-06
1,3537,1.6710435671793422e-06
1,3538,1.6742573866364296e-06
1,3539,2618.7362817446015
1,3540,13999.01352988969
1,3541,28904.25175196619
1,3542,43051.13403952257
1,3543,63120.905738700065
1,3544,76663.49599135366
1,3545,74108.62002277229
1,3546,63283.14660754903
1,3547,44742.93284032886
1,3548,25950.578561141105
1,3549,8776.534001304912
1,3550,8.309140425124184e-07
1,3551,6.285145449780446e-07
1,3552,5.317512284757058e-07
1,3553,4.714250754436376e-07
1,3554,4.3035248489006576e-07
1,3555,4.0176807203259586e-07
1,3556,3.824340842841943e-07
1,3557,3.706806766293983e-07
1,3558,3.6569307721031567e-07
1,3559,3.6722988225903986e-07
1,3560,3.755422199215727e-07
1,3561,3921.08071251987
1,3562,13889.657743485188
1,3563,23648.400230752257
1,3564,34759.353512844995
1,3565,49759.406930508405
1,3566,67449.94601017694
1,3567,76663.49599173343
1,3568,76484.23645017108
1,3569,67703.4928171205
1,3570,52944.07859111264
1,3571,33294.63431246648
1,3572,19593.61188111761
1,3573,10460.748974256701
1,3574,3713.9004662175785
1,3575,848.4199542055535
1,3576,2.052498118914985e-07
1,3577,1.887248963387616e-07
1,3578,1.7311678087036063e-07
1,3579,1.5708736284214498e-07
1,3580,1.3889461010472312e-07
1,3581,1.157292507699949e-07
1,3582,8.120984096051363e-08
1,3583,1.87736285162024e-09
1,3584,2825.747092632405
1,3585,16552.689967463662
1,3586,34450.46343075093
1,3587,48804.228788575136
1,3588,60118.939410426894
1,3589,70190.46495393624
1,3590,76558.97493755243
1,3591,76663.4959917713
1,3592,75896.79769952099
1,3593,75896.79769933074
1,3594,66844.80606662515
1,3595,47223.953439861805
1,3596,26931.063209362455
1,3597,10545.876000364084
1,3598,1761.5876325297065
1,3599,1.294762235886244e-07
1,3600,1.443483328738746e-07
1,3601,1.5123703361744414e-07
1,3602,1.5113437613317846e-07
1,3603,1.4357044372884922e-07
1,3604,1.2628953636681112e-07
1,3605,9.244935434190172e-08
1,3606,2.3566662787224434e-09
1,3607,942.6555396778232
1,3608,12453.054254508068
1,3609,25472.689115609868
1,3610,32605.027156391534
1,3611,35505.51458507904
1,3612,38146.77536756591
1,3613,42542.323946026045
1,3614,50863.874528167406
1,3615,64860.89280168713
1,3616,76663.49599177066
1,3617,74786.2485570551
1,3618,46835.6527785399
1,3619,31467.00051535097
1,3620,17513.762313032243
1,3621,5054.010900116759
1,3622,4.2700175884469865e-07
1,3623,3.799582270191666e-07
1,3624,3.4022047985468335e-07
1,3625,3.0482763772789884e-07
1,3626,2.7097606003061983e-07
1,3627,2.3541065295804974e-07
1,3628,1.9325260095450652e-07
1,3629,1.339059254984161e-07
1,3630,2.9981606389477724e-09
1,3631,6392.196617256155
1,3632,21664.28700135463
1,3633,31542.350342301426
1,3634,36204.23319500932
1,3635,37990.53847240304
1,3636,39599.790833259736
1,3637,42211.17847603222
1,3638,48185.63188024118
1,3639,61050.674090317836
1,3640,76333.96702819974
1,3641,76663.49599177168
1,3642,63383.61515061981
1,3643,33847.644668596884
1,3644,15591.229500508965
1,3645,4737.045923031096
1,3646,2.765236694258111e-07
1,3647,2.4745161917753356e-07
1,3648,2.2339684583721217e-07
1,3649,2.0262457192234758e-07
1,3650,1.836367602933188e-07
1,3651,1.6489782308357266e-07
1,3652,1.4450986228795948e-07
1,3653,1.1951539790971098e-07
1,3654,8.334194017348823e-08
1,3655,1.8965854039910246e-09
1,3656,2497.658785415812
1,3657,14563.19708056595
1,3658,27994.079145651354
1,3659,37009.23708821452
1,3660,43561.240714117186
1,3661,53350.472332765676
1,3662,66797.826865688
1,3663,76663.49599177137
1,3664,76663.49599176188
1,3665,71921.04112546286
1,3666,61983.79051748289
1,3667,50633.66788165372
1,3668,40828.642970771456
1,3669,33357.66530998376
1,3670,26626.811087278656
1,3671,20751.993620444595
1,3672,15524.926344856387
1,3673,10059.078711058242
1,3674,4763.736151972095
1,3675,4417.34642824385
1,3676,4200.783976344325
1,3677,4200.783976307873
1,3678,4200.783976289228
1,3679,4200.783976283879
1,3680,4200.783976290991
1,3681,7784.269182929253
1,3682,20498.22270659057
1,3683,37081.26495372762
1,3684,51390.129993670045
1,3685,69521.3507809055
1,3686,75904.25999238293
1,3687,74531.85062129259
1,3688,70972.3714043052
1,3689,67775.90171877302
1,3690,64263.24782403338
1,3691,59521.314509041425
1,3692,55988.938280084265
1,3693,53568.83405514677
1,3694,51591.49250302125
1,3695,49918.89725166159
1,3696,48425.07415064378
1,3697,47018.51392616156
1,3698,45630.83156739419
1,3699,44245.5273867571
1,3700,42886.233883599954
1,3701,41577.23377033054
1,3702,40222.749417201216
1,3703,38790.94209725332
1,3704,37293.723161576745
1,3705,35799.03647182075
1,3706,34327.79826500495
1,3707,32842.100682207005
1,3708,31402.303131717938
1,3709,30015.360910400206
1,3710,28600.642172362815
1,3711,27039.77462885771
1,3712,25370.005181120727
1,3713,23408.613773876634
1,3714,21124.91305544547
1,3715,18796.6605666201
1,3716,16341.855266373032
1,3717,13908.351635649487
1,3718,11530.941832080647
1,3719,9720.234495871422
1,3720,8593.120488917804
1,3721,7795.648888577793
1,3722,7538.263888451574
1,3723,7040.797068275654
1,3724,6520.121696482747
1,3725,5970.506258999532
1,3726,3639.2625232421074
1,3727,809.2269426723743
1,3728,8.720636811782652e-08
1,3729,1.7681409995807997e-07
1,3730,2.6737589844017147e-07
1,3731,3.8934631624938567e-07
1,3732,6.21949183795276e-07
1,3733,8729.867632943926
1,3734,20147.136211753466
1,3735,25689.315642426267
1,3736,24719.66760360225
1,3737,18259.84359123112
1,3738,9858.692025729357
1,3739,2424.4865712659744
1,3740,1.8803353939420865e-08
1,3741,8.98599568608131e-08
1,3742,1.21479060121414e-07
1,3743,1.3985199692382417e-07
1,3744,1.501806804228025e-07
1,3745,1.5418582974748994e-07
1,3746,1.5218168825380544e-07
1,3747,1.4339350951471591e-07
1,3748,1.2542804117217138e-07
1,3749,9.144360364543103e-08
1,3750,2.3105581121678464e-09
1,3751,519.9392183081962
1,3752,4062.7148095521943
1,3753,9335.298369949314
1,3754,15298.930080560625
1,3755,20559.96960600032
1,3756,26921.376547336702
1,3757,37511.99554830772
1,3758,51592.93798016116
1,3759,66107.58253984965
1,3760,76663.49599177067
1,3761,75049.24962162226
1,3762,54523.80482317934
1,3763,24610.602171582676
1,3764,1.1156678595600732e-06
1,3765,7.793318030429545e-07
1,3766,6.113777570272358e-07
1,3767,4.997824859874597e-07
1,3768,4.1569650457371756e-07
1,3769,3.465606013720998e-07
1,3770,2.8453050131944067e-07
1,3771,2.2219140826093054e-07
1,3772,1.4720334946062607e-07
1,3773,2.915389751313385e-09
1,3774,47.77681789532419
1,3775,5285.766844218584
1,3776,18651.87943353281
1,3777,34506.92511307142
1,3778,50387.6354929318
1,3779,60174.39131473551
1,3780,68779.95660079486
1,3781,75164.16815808447
1,3782,76663.4959917702
1,3783,76663.4959916963
1,3784,76663.49599176948
1,3785,70344.30374155212
1,3786,60122.12156784435
1,3787,46391.41442066488
1,3788,32595.77019809303
1,3789,21578.262511936304
1,3790,12472.324248508177
1,3791,5540.32779633635
1,3792,558.5230671473425
1,3793,558.5230669911595
1,3794,558.5230669232942
1,3795,558.5230668868099
1,3796,558.5230668681369
1,3797,558.5230668627579
1,3798,558.5230668698338
1,3799,558.5230668914564
1,3800,558.5230669346963
1,3801,10919.702840601645
1,3802,20669.718210545663
1,3803,36072.075329619525
1,3804,50555.15152124335
1,3805,64734.13990844955
1,3806,74926.57297572702
1,3807,76599.38711444066
1,3808,73751.79823920314
1,3809,71434.26976627093
1,3810,69503.61020966257
1,3811,67399.78813382809
1,3812,64820.26446774581
1,3813,63059.80157065781
1,3814,61729.87820317715
1,3815,60642.711700413114
1,3816,59659.70742392849
1,3817,58728.70712926212
1,3818,57834.5355693969
1,3819,56966.55709971599
1,3820,56123.70293701613
1,3821,55312.34803094255
1,3822,54516.19051264146
1,3823,53730.42917636193
1,3824,52965.15890449406
1,3825,52229.903890295005
1,3826,51509.33064428479
1,3827,50786.407850455784
1,3828,50073.624648690304
1,3829,49373.276276824196
1,3830,48673.7474485473
1,3831,47970.945999106254
1,3832,47260.11167766186
1,3833,46510.6274039867
1,3834,45691.087989063395
1,3835,44829.55162980028
1,3836,44035.60873095103
1,3837,43306.7408528005
1,3838,42606.99191355868
1,3839,41937.19018580872
1,3840,41286.10888649341
1,3841,40646.7486566606
1,3842,40014.91247871168
1,3843,39383.61327534864
1,3844,38749.860902925284
1,3845,38110.59478278056
1,3846,37454.70349204338
1,3847,36776.8358508366
1,3848,36096.9064135645
1,3849,35430.51669779793
1,3850,34779.87483835634
1,3851,34139.60518681104
1,3852,33511.43264936794
1,3853,32878.4664082815
1,3854,32224.847541821968
1,3855,31552.370643119248
1,3856,30853.483319732306
1,3857,30107.862363270462
1,3858,29275.0085263953
1,3859,28401.69633829686
1,3860,27591.90072509511
1,3861,26823.15853760256
1,3862,26057.61926363484
1,3863,25315.93326189516
1,3864,24579.117303459978
1,3865,23844.479186974026
1,3866,23106.25629609645
1,3867,22361.12165307395
1,3868,21603.99968420931
1,3869,20851.308117818113
1,3870,20095.230079836558
1,3871,19338.55954985029
1,3872,18556.196768402908
1,3873,18441.58640122622
1,3874,18441.58640107063
1,3875,18441.586401002947
1,3876,18441.586400966567
1,3877,18441.58640094797
1,3878,18441.586400942662
1,3879,18441.58640094982
1,3880,18082.286948314108
1,3881,16991.778343307116
1,3882,15665.842501640669
1,3883,14085.508756764566
1,3884,12282.295565678944
1,3885,10421.676839932752
1,3886,8369.326426416297
1,3887,6115.9209775225345
1,3888,4968.495988067088
1,3889,4230.636188224815
1,3890,3174.0048000010916
1,3891,1604.5649550982284
1,3892,351.52264128100313
1,3893,8.986322103400591e-08
1,3894,8.519894226761775e-08
1,3895,6.546945240958383e-08
1,3896,1.8349077355248942e-09
1,3897,2194.0026070568338
1,3898,13590.0900426559
1,3899,26274.20758812118
1,3900,39185.297413855464
1,3901,53296.77405796479
1,3902,67240.12526676896
1,3903,76634.15492154019
1,3904,76663.49599177168
1,3905,71539.44742831106
1,3906,53064.29663070785
1,3907,28507.133741299003
1,3908,17277.017126792478
1,3909,10737.55171606867
1,3910,6374.838971986201
1,3911,4467.654622963624
1,3912,4094.387148604176
1,3913,3726.733026465834
1,3914,1734.2044783192334
1,3915,63.297835899502374
1,3916,6.099377203950201e-08
1,3917,7.005628447975332e-08
1,3918,5.859959610798524e-08
1,3919,1.8678683150814844e-09
1,3920,4807.590827205029
1,3921,15760.28444071991
1,3922,27067.62686810163
1,3923,34585.495463114195
1,3924,41005.47753615945
1,3925,49570.81306689874
1,3926,59958.385552019645
1,3927,70999.51631255427
1,3928,76663.49599177137
1,3929,76663.49599176188
1,3930,73224.73993984789
1,3931,70875.63490896819
1,3932,69287.88381585432
1,3933,68101.70806081191
1,3934,67133.65535228091
1,3935,66437.22971908297
1,3936,66080.89308638274
1,3937,65785.04789518999
1,3938,65283.514560898955
1,3939,64651.271883105175
1,3940,64012.845672816286
1,3941,63478.278499079315
1,3942,62947.89832853007
1,3943,62329.07622875533
1,3944,61709.17209540305
1,3945,61101.40456531004
1,3946,60529.79780106349
1,3947,59969.21330235687
1,3948,59642.87305157202
1,3949,59642.87305141611
1,3950,59642.87305134834
1,3951,59642.8730513119
1,3952,59353.81741121865
1,3953,58878.86143006929
1,3954,58363.50830491951
1,3955,57839.05216429546
1,3956,57320.279196649026
1,3957,56814.41247552432
1,3958,56319.080303644456
1,3959,55847.698370952596
1,3960,55396.07927257401
1,3961,54965.1702867902
1,3962,54543.16248626453
1,3963,54120.9542805139
1,3964,53690.07156690945
1,3965,53257.4620248521
1,3966,52817.96372236337
1,3967,52375.92567761649
1,3968,51939.8508775484
1,3969,51516.32406360731
1,3970,51104.85762863894
1,3971,50699.63716707458
1,3972,50312.71678418238
1,3973,49945.54386466672
1,3974,49559.80319240662
1,3975,49156.75269834283
1,3976,48746.29387550888
1,3977,48327.42141064881
1,3978,47901.760331254874
1,3979,47473.3552742053
1,3980,47045.440938554035
1,3981,46629.80797357238
1,3982,46223.64628372492
1,3983,45828.112340503016
1,3984,45442.281084721944
1,3985,45059.28972870077
1,3986,44677.76136811887
1,3987,44298.7738149068
1,3988,43919.939761764195
1,3989,43542.36008581762
1,3990,43162.36331252409
1,3991,42779.413460717915
1,3992,42399.450551299255
1,3993,42029.40252023528
1,3994,41668.74010669977
1,3995,41337.32696597419
1,3996,41337.326965818254
1,3997,41337.32696575048
1,3998,41337.326965714
1,3999,40997.41608482316
1,4000,40626.082184009996
1,4001,40239.034359355566
1,4002,39829.262854806635
1,4003,39211.22575033164
1,4004,38456.589925325265
1,4005,37971.734718058215
1,4006,37546.59338245758
1,4007,37150.101297762674
1,4008,36763.04640179697
1,4009,36378.65491745609
1,4010,35995.2401309295
1,4011,35611.25642613894
1,4012,35227.80621314791
1,4013,34845.621576381825
1,4014,34493.88174209649
1,4015,34228.48601017419
1,4016,34228.48601010641
1,4017,34228.48601006999
1,4018,34228.48601005136
1,4019,34228.48601004603
1,4020,34228.48601005316
1,4021,34228.48601007486
1,4022,34228.48601011818
1,4023,33890.53636584575
1,4024,33505.33164194265
1,4025,33098.07428295956
1,4026,32646.34352382455
1,4027,32078.186906925344
1,4028,31610.00710795955
1,4029,31173.275815729503
1,4030,30751.87419803663
1,4031,30343.12253802568
1,4032,29939.655856323174
1,4033,29536.437296143842
1,4034,29133.783376462674
1,4035,28728.961510446727
1,4036,28321.406757062887
1,4037,27911.143570779866
1,4038,27494.404070639408
1,4039,27071.395840195444
1,4040,26649.03210431944
1,4041,26238.455963081604
1,4042,25837.2898953679
1,4043,25444.129255908538
1,4044,25142.687858946054
1,4045,25142.68785879005
1,4046,24919.821444464113
1,4047,24523.05458418803
1,4048,24086.67264880864
1,4049,23625.5954498086
1,4050,23142.058336492097
1,4051,22639.2842010276
1,4052,22136.74048248375
1,4053,21640.44898385125
1,4054,21145.73065589125
1,4055,20660.88012406543
1,4056,20182.30821423364
1,4057,19700.927344175532
1,4058,19210.193289166957
1,4059,18709.441782663147
1,4060,18196.302926395474
1,4061,17675.051532243328
1,4062,17138.27468715293
1,4063,16595.394901330827
1,4064,16063.339729582038
1,4065,15590.988992765755
1,4066,15117.75270303155
1,4067,14638.270218029993
1,4068,14259.651354780659
1,4069,14063.416433676532
1,4070,13566.431008644544
1,4071,12919.438150774628
1,4072,12158.866701970417
1,4073,11301.808971356952
1,4074,10280.994836604688
1,4075,8931.21499595022
1,4076,7256.329059726398
1,4077,6018.623706327417
1,4078,4612.465874319521
1,4079,2995.369538800562
1,4080,1062.2909660751895
1,4081,2.05240467508294e-07
1,4082,1.887138413118319e-07
1,4083,1.731081602292673e-07
1,4084,1.5708071844072594e-07
1,4085,1.388906691557291e-07
1,4086,1.1572670731541221e-07
1,4087,8.120796723806365e-08
1,4088,1.8773627381540356e-09
1,4089,2470.7887607623857
1,4090,11123.091149350596
1,4091,23069.561551016828
1,4092,39021.68866248585
1,4093,56878.88616852938
1,4094,71260.44116168043
1,4095,76663.49599177141
1,4096,76663.49599176049
1,4097,75828.74433006492
1,4098,62512.97143446837
1,4099,50749.07682869005
1,4100,35926.95771716356
1,4101,21787.91006610454
1,4102,9336.73618619978
1,4103,1788.7607482336648
1,4104,1.26032702383016e-07
1,4105,1.2840119890382038e-07
1,4106,1.261119597050891e-07
1,4107,1.1843732185700567e-07
1,4108,1.033590295631008e-07
1,4109,7.522582130756455e-08
1,4110,1.8936974224765716e-09
1,4111,1955.1216157889546
1,4112,14254.986031604582
1,4113,26983.535192601576
1,4114,33817.44996752294
1,4115,36827.028246822774
1,4116,40440.42666738912
1,4117,47280.90232156686
1,4118,59058.5774645662
1,4119,72114.00611622815
1,4120,76663.49599177134
1,4121,76663.495991763
1,4122,68932.18148432155
1,4123,59093.2786996747
1,4124,48870.22588521758
1,4125,40106.64668028933
1,4126,32332.57973843292
1,4127,25870.022535910488
1,4128,19778.141560048636
1,4129,13376.05739971201
1,4130,7822.721818965016
1,4131,4693.32262026059
1,4132,1020.2052264376464
1,4133,6.41389213426255e-07
1,4134,6.185485673800787e-07
1,4135,6.061248456436978e-07
1,4136,6.027852273171336e-07
1,4137,6.083863055640669e-07
1,4138,4855.4446578724055
1,4139,7940.30330449774
1,4140,15727.421087536164
1,4141,30351.564894469968
1,4142,54697.646851872196
1,4143,74173.05438794165
1,4144,76663.49599165039
1,4145,69631.34602018821
1,4146,57857.537235486125
1,4147,44036.48987734773
1,4148,30171.960566777358
1,4149,17643.410403595968
1,4150,11170.604222566382
1,4151,6740.953115507066
1,4152,4020.68353953205
1,4153,1512.9008406638034
1,4154,387.0541646922556
1,4155,1.2937497971833556e-07
1,4156,1.1956859479452864e-07
1,4157,1.0316066226754292e-07
1,4158,7.444004279962945e-08
1,4159,1.8385536600139097e-09
1,4160,1151.9773415794125
1,4161,10423.401441484819
1,4162,21108.699780002866
1,4163,29984.07902686085
1,4164,38242.27093737795
1,4165,48490.22768721916
1,4166,62810.57765567744
1,4167,75703.12842957531
1,4168,76663.49599177168
1,4169,72987.71048283672
1,4170,63156.72760874858
1,4171,52140.69817972542
1,4172,40535.733591296455
1,4173,31075.07893116005
1,4174,22718.810032074533
1,4175,17555.996659520955
1,4176,14735.553750155814
1,4177,12413.148540069495
1,4178,9636.205125706663
1,4179,6182.183635571516
1,4180,2035.3594205841923
1,4181,8.970339039225585e-08
1,4182,8.500863163246055e-08
1,4183,6.51563660435334e-08
1,4184,1.8353115096036145e-09
1,4185,8576.057268802399
1,4186,21589.767118097876
1,4187,34180.4109366075
1,4188,48970.20719234712
1,4189,64281.78525085755
1,4190,75118.07743196486
1,4191,76663.49599177144
1,4192,76663.4959917587
1,4193,68801.11742268252
1,4194,59355.589139538686
1,4195,48094.409703787576
1,4196,37646.40724991162
1,4197,29632.907010520976
1,4198,22619.67301941711
1,4199,16962.619848255603
1,4200,11924.858961193257
1,4201,6125.876187062701
1,4202,3874.2904128440855
1,4203,3166.8500167426955
1,4204,1492.6891858871238
1,4205,380.50887879072803
1,4206,3.0376090548982085e-07
1,4207,2.9105634375662e-07
1,4208,2.835365522712652e-07
1,4209,2.808100482549992e-07
1,4210,507.6479532929161
1,4211,7992.981796604336
1,4212,25489.876523713683
1,4213,47250.407363737155
1,4214,61240.180474045854
1,4215,71362.5154358601
1,4216,76663.49599170106
1,4217,70212.5214042579
1,4218,54984.84039978603
1,4219,34686.04446404596
1,4220,14145.322278025302
1,4221,5820.514049472038
1,4222,731.9271699693966
1,4223,3.39926066522916e-07
1,4224,2.900766975358674e-07
1,4225,2.50748273455736e-07
1,4226,2.1782450399028433e-07
1,4227,1.8839468413002925e-07
1,4228,1.597504698021431e-07
1,4229,1.2839560440411693e-07
1,4230,8.732389336772088e-08
1,4231,1.860973702456838e-09
1,4232,855.6381918611077
1,4233,12410.521148838827
1,4234,25432.948499669998
1,4235,35136.10688133962
1,4236,45522.45444123689
1,4237,58338.441517023624
1,4238,70975.0513211692
1,4239,76663.49599177141
1,4240,76663.49599176049
1,4241,69486.25015565583
1,4242,54212.55234202417
1,4243,37329.54997855546
1,4244,22124.547102359546
1,4245,14115.765756026558
1,4246,7047.455122176525
1,4247,3024.091931060151
1,4248,739.1158333008282
1,4249,324.8677493511668
1,4250,233.0982892204152
1,4251,8.558365214138427e-08
1,4252,9.235258404450576e-08
1,4253,8.731296942803024e-08
1,4254,6.698389654662888e-08
1,4255,1.8718780803800246e-09
1,4256,3441.4138031580646
1,4257,16321.828898825866
1,4258,29424.588492322328
1,4259,38878.01134882608
1,4260,45627.94552918154
1,4261,55058.97114257583
1,4262,67251.90214020848
1,4263,76316.12210480514
1,4264,76663.49599177168
1,4265,73520.86704041818
1,4266,56320.23045543792
1,4267,42042.630986659635
1,4268,29424.92707774869
1,4269,17930.610502771302
1,4270,6990.411898048902
1,4271,1373.9704798556234
1,4272,68.35480046068628
1,4273,58.016756270543326
1,4274,58.01675629207376
1,4275,7.607934845605953e-08
1,4276,9.324073607881787e-08
1,4277,9.779037363255897e-08
1,4278,9.11808808590881e-08
1,4279,6.937772100058413e-08
1,4280,1.9099873138890767e-09
1,4281,329.3387198661898
1,4282,2827.3523925911795
1,4283,9731.813646564888
1,4284,26594.40976893793
1,4285,47270.19475337266
1,4286,68200.60093640717
1,4287,76663.49599177133
1,4288,76663.49599172107
1,4289,76663.49599176052
1,4290,69028.88283918393
1,4291,53712.48500255392
1,4292,37353.91920280616
1,4293,23392.75360457253
1,4294,11940.956355723525
1,4295,5873.066731021842
1,4296,3542.5830426419907
1,4297,2267.3335060590516
1,4298,2227.1108852730763
1,4299,1873.3155859305616
1,4300,790.5929112076783
1,4301,837.4071725126813
1,4302,493.352333318704
1,4303,6.845229751940942e-09
1,4304,6.523725693391425e-08
1,4305,6.513396703519898e-08
1,4306,2.460912311343963e-09
1,4307,6837.058249586775
1,4308,25557.36537359946
1,4309,48319.1383867632
1,4310,66045.81479783537
1,4311,76663.49599177077
1,4312,76663.4959917097
1,4313,76663.49599176795
1,4314,66313.78252873971
1,4315,50303.22872063927
1,4316,33138.89953084638
1,4317,17969.916095243803
1,4318,6033.743981536519
1,4319,438.9781150701768
1,4320,4.716031024947192e-09
1,4321,1.0500467446784389e-07
1,4322,1.3898839699695662e-07
1,4323,1.4949933839261665e-07
1,4324,1.4112445337238267e-07
1,4325,1.0816975819233224e-07
1,4326,3.0179748199202623e-09
1,4327,2608.38507646099
1,4328,14792.013743861422
1,4329,25587.353682868645
1,4330,32838.842805965876
1,4331,36076.26690295588
1,4332,39895.453672299765
1,4333,47013.40002881127
1,4334,57717.369579571314
1,4335,69448.21035269654
1,4336,76663.49599176987
1,4337,71112.413263503
1,4338,43686.63093531234
1,4339,16522.36160917659
1,4340,6125.2823625722895
1,4341,6.9581842285693e-07
1,4342,5.937692817889993e-07
1,4343,5.132650393275076e-07
1,4344,4.458712911338189e-07
1,4345,3.856306854055835e-07
1,4346,3.2700376239593824e-07
1,4347,2.6282472382640034e-07
1,4348,1.7874174521796508e-07
1,4349,3.8096135221495475e-09
1,4350,1720.7685770331298
1,4351,7121.089521703816
1,4352,14151.033949752553
1,4353,24116.633933234112
1,4354,31459.50836482522
1,4355,36407.39833593475
1,4356,41762.36029796766
1,4357,50564.49109811619
1,4358,62942.87220535745
1,4359,74332.58595825783
1,4360,76663.49599176897
1,4361,62906.915949202245
1,4362,42565.61216124781
1,4363,32851.105087768345
1,4364,19544.14637005716
1,4365,7886.981852557297
1,4366,6.536974357612517e-07
1,4367,6.17079958225436e-07
1,4368,5.896914522410084e-07
1,4369,5.69957809446733e-07
1,4370,5.567356430385365e-07
1,4371,5.49210383753683e-07
1,4372,5.468500957856804e-07
1,4373,5.493910889769289e-07
1,4374,5.568438286081973e-07
1,4375,5.694952064354969e-07
1,4376,5.879420205884061e-07
1,4377,6.13139899867084e-07
1,4378,6.464838782234937e-07
1,4379,1018.5455658744734
1,4380,9423.465508637715
1,4381,17922.24322783999
1,4382,21591.270370176368
1,4383,39417.6559692164
1,4384,62570.3044567664
1,4385,68435.30520780076
1,4386,63074.73856336256
1,4387,48811.86270953018
1,4388,29839.980386863866
1,4389,14086.036065257822
1,4390,3425.4026503573505
1,4391,4.720831993808343e-08
1,4392,2.519394655632807e-07
1,4393,3.45442997245289e-07
1,4394,4.0367702814562544e-07
1,4395,4.4209347736204763e-07
1,4396,4.666265931913601e-07
1,4397,4.798924031818486e-07
1,4398,4.827359058526943e-07
1,4399,4.7465647172592e-07
1,4400,4.5367648133994324e-07
1,4401,776.7703049132498
1,4402,4334.767834197668
1,4403,7501.216157313081
1,4404,17251.218256174638
1,4405,31926.498999577856
1,4406,41471.83780613164
1,4407,59954.611163793394
1,4408,76663.49599177102
1,4409,75425.07919829192
1,4410,64829.306391279555
1,4411,49260.13835253574
1,4412,34159.64377003042
1,4413,20425.570580654214
1,4414,9764.505906390981
1,4415,4038.2338863954405
1,4416,535.0942503439861
1,4417,2.263249161848887e-09
1,4418,2.572377960963798e-07
1,4419,3.3055373874441105e-07
1,4420,3.334879723350501e-07
1,4421,2.64773403803873e-07
1,4422,7.83723840126993e-09
1,4423,585.841855566878
1,4424,9565.04842753124
1,4425,21597.744112864217
1,4426,29963.369076255065
1,4427,34932.93051052059
1,4428,38959.56689316927
1,4429,44928.53401513794
1,4430,55003.990843009204
1,4431,68712.07426914459
1,4432,76663.49599176427
1,4433,68903.65140229375
1,4434,42958.09018633748
1,4435,14260.770195768187
1,4436,6754.464307248342
1,4437,666.5904933053863
1,4438,1.069867407770854e-06
1,4439,8.899415993518858e-07
1,4440,7.030962617389329e-07
1,4441,4.707258657235666e-07
1,4442,9.617888676351962e-09
1,4443,338.7090186410671
1,4444,338.25756790182834
1,4445,3923.3590409047274
1,4446,11326.12324621424
1,4447,21286.06270417133
1,4448,29965.179527999328
1,4449,34862.99897139852
1,4450,36960.14488151535
1,4451,37187.6065479046
1,4452,37606.819422549765
1,4453,39376.711128469076
1,4454,42875.41136784844
1,4455,50084.75382305589
1,4456,63285.334080492255
1,4457,76023.09950369544
1,4458,76663.49599176145
1,4459,60118.12532492127
1,4460,33134.80889221048
1,4461,5836.919940500562
1,4462,4.0971692504992475e-06
1,4463,2.5057133776628e-06
1,4464,1.636863494665266e-06
1,4465,9.387339301829278e-07
1,4466,1.2277754268814648e-08
1,4467,517.2547323650508
1,4468,1700.864902084321
1,4469,6258.07475174224
1,4470,14180.271179416342
1,4471,23590.131651587024
1,4472,31135.754356293437
1,4473,34944.94767271953
1,4474,37466.63914272462
1,4475,38082.88717111264
1,4476,39575.94909139094
1,4477,42466.4131649045
1,4478,47465.823487033325
1,4479,56230.327975746746
1,4480,70762.56196371435
1,4481,76663.49599175838
1,4482,72740.91321635108
1,4483,51653.16540557764
1,4484,22003.515013214033
1,4485,5.231114079506764e-06
1,4486,3.2417211771594047e-06
1,4487,2.167361118233374e-06
1,4488,1.3278689557942244e-06
1,4489,3.6123496383315846e-07
1,4490,1547.688253991267
1,4491,1697.4634474271877
1,4492,1.6091547584415127e-08
1,4493,273.1087361590749
1,4494,5476.927688750365
1,4495,18172.25363376762
1,4496,27913.47667937983
1,4497,33851.043206935516
1,4498,36898.9946198166
1,4499,38763.727116898546
1,4500,41284.7589618887
1,4501,46297.19879058397
1,4502,55987.296250247266
1,4503,69180.46534280932
1,4504,76663.49599175606
1,4505,76663.49599177149
1,4506,74177.74233926175
1,4507,68986.8208229425
1,4508,64933.34127623185
1,4509,61658.42921181424
1,4510,59013.563013010666
1,4511,57168.531212243
1,4512,55998.95742028583
1,4513,54976.46392314109
1,4514,53820.25224455599
1,4515,52420.877676425334
1,4516,50886.44981806854
1,4517,50886.449817912195
1,4518,50613.525516573834
1,4519,50613.525516537324
1,4520,50613.52551651867
1,4521,50613.52551651331
1,4522,50613.52551652042
1,4523,50613.52551654209
1,4524,50676.342881995886
1,4525,50676.342882084406
1,4526,50676.342882358054
1,4527,50766.77801579277
1,4528,49652.24260344679
1,4529,48318.66408070893
1,4530,46838.84715568821
1,4531,45264.894002310335
1,4532,43635.421308701734
1,4533,42107.84329046599
1,4534,40668.10285569964
1,4535,39348.46757318462
1,4536,38090.25937664574
1,4537,36861.54886700569
1,4538,35646.39714521072
1,4539,34424.92991438383
1,4540,33187.363246729925
1,4541,31940.877358225523
1,4542,30681.323780384264
1,4543,29723.4910682849
1,4544,28851.85934341704
1,4545,28851.859343380584
1,4546,28851.859343361943
1,4547,28851.859343356595
1,4548,28851.859343363707
1,4549,28851.859343385397
1,4550,29255.16232569088
1,4551,29255.162325778463
1,4552,29202.836928882603
1,4553,27743.217427885746
1,4554,25941.71455643069
1,4555,23693.051622205836
1,4556,21025.821176414396
1,4557,18300.752827620876
1,4558,15591.891399370834
1,4559,13007.007271262893
1,4560,10360.948091032877
1,4561,8218.909341197776
1,4562,5999.924666355844
1,4563,3576.9350904018174
1,4564,720.8439209019965
1,4565,1.7588718164281104e-07
1,4566,1.7067315275190345e-07
1,4567,1.6509077276519548e-07
1,4568,1.5854131857931083e-07
1,4569,1.5025364260152748e-07
1,4570,4657.284326064817
1,4571,16910.950938194896
1,4572,36867.38565153413
1,4573,56248.88908129485
1,4574,67522.81474379364
1,4575,71855.40877191914
1,4576,76663.49599174068
1,4577,73083.05817731562
1,4578,59818.28581680426
1,4579,49130.304533817754
1,4580,37850.748904462656
1,4581,26561.525345287748
1,4582,15907.276529739376
1,4583,8998.576376755329
1,4584,4086.512147218586
1,4585,1148.28978038397
1,4586,9.435847253502457e-08
1,4587,1.0369745293539376e-07
1,4588,1.0389520878957993e-07
1,4589,9.450195631347208e-08
1,4590,7.078877710025363e-08
1,4591,1.8919452582773263e-09
1,4592,4936.126326056679
1,4593,12952.883544735732
1,4594,22643.38609980186
1,4595,30198.834079207638
1,4596,36779.56289752243
1,4597,45993.587123352925
1,4598,58916.48996755461
1,4599,71723.3383296914
1,4600,76663.49599177136
1,4601,76663.49599176247
1,4602,67364.66847508743
1,4603,42824.61655981628
1,4604,28356.73146540647
1,4605,15730.404032423212
1,4606,6399.295620111337
1,4607,1551.9091320629702
1,4608,698.6039807975965
1,4609,1.4463009749153457e-07
1,4610,1.36474682261976e-07
1,4611,1.2465909325062646e-07
1,4612,1.0659985697755508e-07
1,4613,7.63939422803307e-08
1,4614,1.8573748564704773e-09
1,4615,5567.427657329842
1,4616,19914.869113283992
1,4617,30939.20483325976
1,4618,36397.07881208613
1,4619,38291.72697600459
1,4620,41116.113806160356
1,4621,47166.89545466353
1,4622,57808.7569107767
1,4623,71547.07737691181
1,4624,76663.49599177137
1,4625,76663.49599176188
1,4626,67055.49137281088
1,4627,54390.04421869355
1,4628,41347.0305840892
1,4629,30222.416800084644
1,4630,21907.54587200689
1,4631,17692.76555835827
1,4632,14398.764459708285
1,4633,11607.687371902977
1,4634,8963.213581429129
1,4635,6423.060461710748
1,4636,2366.8370608041473
1,4637,5.818407071632957e-08
1,4638,5.2588759397001505e-08
1,4639,1.8283901284097648e-09
1,4640,2080.4125763711168
1,4641,12939.421461508879
1,4642,23472.564841309322
1,4643,32397.506655190795
1,4644,42491.14042094579
1,4645,55530.12569977259
1,4646,69718.54113417477
1,4647,76663.49599177143
1,4648,76663.49599175964
1,4649,70554.0244659828
1,4650,62384.13272849366
1,4651,52089.77284387333
1,4652,41960.5322284258
1,4653,34136.44205940191
1,4654,27772.65084986277
1,4655,22659.645218734844
1,4656,17963.93050051797
1,4657,13079.868633437505
1,4658,8080.277846740662
1,4659,6149.56717344071
1,4660,3297.379611258151
1,4661,1654.6850494177434
1,4662,1654.685049399097
1,4663,1654.685049393745
1,4664,1654.6850494008534
1,4665,8925.394230850112
1,4666,21098.558097266534
1,4667,31588.256216834117
1,4668,43626.928042258434
1,4669,65895.45591822303
1,4670,76316.12080222079
1,4671,74354.35297665437
1,4672,72147.22917200022
1,4673,70336.71036520337
1,4674,68356.00583948483
1,4675,65699.77283778686
1,4676,64073.39304376261
1,4677,62892.83714868305
1,4678,61860.770921576004
1,4679,60938.092326546626
1,4680,60086.41808219743
1,4681,59281.06096630934
1,4682,58505.425573230146
1,4683,57749.591762354044
1,4684,57004.28061711901
1,4685,56265.004645598536
1,4686,55531.29087797989
1,4687,54788.66458945458
1,4688,54044.9284811918
1,4689,53328.15841389244
1,4690,52634.9483787405
1,4691,51972.40573797089
1,4692,51357.762168998255
1,4693,50818.44600336509
1,4694,50293.29506054882
1,4695,49724.863246858666
1,4696,49118.805221664006
1,4697,48486.48992849063
1,4698,47803.036636643454
1,4699,46748.996946605956
1,4700,45609.952403620664
1,4701,44813.82047725291
1,4702,44135.77222506628
1,4703,43516.5289301025
1,4704,42918.79262527474
1,4705,42331.410338878195
1,4706,41747.03805923396
1,4707,41164.24533131021
1,4708,40580.36313297203
1,4709,39996.930785707555
1,4710,39408.229280612235
1,4711,38811.72963134855
1,4712,38215.28059752308
1,4713,37624.93667802791
1,4714,37039.53174590645
1,4715,36461.40899909785
1,4716,35895.51500251166
1,4717,35333.66458924775
1,4718,34766.83883299436
1,4719,34183.97418019684
1,4720,33585.603447817586
1,4721,32956.14422888621
1,4722,32244.70197565112
1,4723,31280.777355106144
1,4724,30177.03045299024
1,4725,29382.677156995447
1,4726,28693.236061127405
1,4727,28049.65515758163
1,4728,27420.06403541567
1,4729,26793.44811268097
1,4730,26164.374731998007
1,4731,25528.11038570268
1,4732,24881.01299581751
1,4733,24238.52046960628
1,4734,23707.55885025064
1,4735,23368.43552492051
1,4736,23368.43552488407
1,4737,23368.43552486544
1,4738,23368.435524860095
1,4739,23368.43552486722
1,4740,23368.435524888908
1,4741,23368.435524932225
1,4742,23368.4355250192
1,4743,22696.927394029797
1,4744,21929.89081408423
1,4745,21077.81721810942
1,4746,20082.183780691026
1,4747,17424.862896587067
1,4748,14151.762778045926
1,4749,12536.479375465005
1,4750,11275.992786630122
1,4751,10183.423540832007
1,4752,9083.460922262364
1,4753,7910.996562731582
1,4754,6600.795213514912
1,4755,5042.070823409246
1,4756,2898.7042855319046
1,4757,6.973660913448985e-08
1,4758,5.770432315993084e-08
1,4759,1.8133600306487226e-09
1,4760,5528.9412224445205
1,4761,20682.291081674713
1,4762,37048.41770932607
1,4763,51929.39371671218
1,4764,64697.83659670027
1,4765,73620.8271755632
1,4766,76663.49599177147
1,4767,76663.49599175759
1,4768,74661.8846655952
1,4769,67914.225479842
1,4770,60306.816310686154
1,4771,50696.57339168246
1,4772,40689.26464320224
1,4773,31850.16153029015
1,4774,26805.871387189334
1,4775,22645.13345371307
1,4776,18907.718733285266
1,4777,15334.25280538725
1,4778,11680.340169648698
1,4779,7799.924767430828
1,4780,2756.8932909660307
1,4781,5.818233976177074e-08
1,4782,5.258803859208212e-08
1,4783,1.8283889901721842e-09
1,4784,5255.216836360187
1,4785,18948.34921462648
1,4786,31655.478009499868
1,4787,40378.67242400329
1,4788,50236.53292729139
1,4789,63011.352736700166
1,4790,74133.49177207178
1,4791,76663.49599177143
1,4792,76663.49599175964
1,4793,70653.53117769341
1,4794,62865.23393855681
1,4795,54105.865830406
1,4796,44571.518231154834
1,4797,36226.55280751266
1,4798,29311.75959091078
1,4799,24065.29362491961
1,4800,19145.42372443775
1,4801,14041.589357959827
1,4802,9994.928634781705
1,4803,7383.698688657675
1,4804,3707.6602428144342
1,4805,841.4868577311817
1,4806,3.0369941427503154e-07
1,4807,2.910003993774452e-07
1,4808,2.8348464362271597e-07
1,4809,2.8076072608338104e-07
1,4810,403.22606680056356
1,4811,7375.736486963555
1,4812,21937.903818896713
1,4813,42768.03022829521
1,4814,61601.432875260834
1,4815,72771.60967994963
1,4816,76663.49599170106
1,4817,69788.79278291782
1,4818,60061.802257485746
1,4819,48286.46090054815
1,4820,36404.91867725377
1,4821,26238.18175145696
1,4822,18255.55456527969
1,4823,14133.610393167815
1,4824,11153.616585039399
1,4825,8955.179984433955
1,4826,6990.866805549119
1,4827,4714.000985821167
1,4828,1526.0688957736816
1,4829,5.818613458623788e-08
1,4830,5.258961049509704e-08
1,4831,1.8285146125282957e-09
1,4832,51.05793530625609
1,4833,6671.2114150278585
1,4834,16580.54106300011
1,4835,26937.61707028984
1,4836,41220.278740229776
1,4837,56630.90815928366
1,4838,69806.1457561774
1,4839,76663.49599177143
1,4840,76663.49599175964
1,4841,71891.89316666442
1,4842,62055.390729198814
1,4843,49934.0397064956
1,4844,38245.70200678705
1,4845,27806.281093841117
1,4846,18200.644993642578
1,4847,12702.789211061041
1,4848,10224.444289889869
1,4849,8322.142767326062
1,4850,6788.604688130946
1,4851,5026.798538893974
1,4852,2384.5882556561833
1,4853,8.984269727946217e-08
1,4854,8.518680996622864e-08
1,4855,6.546282505775895e-08
1,4856,1.8349077647081439e-09
1,4857,5773.440537651763
1,4858,16021.40764490724
1,4859,27215.551545610997
1,4860,41148.74415807591
1,4861,57879.46285743088
1,4862,71704.93074918636
1,4863,76663.49599177144
1,4864,76663.4959917587
1,4865,70126.26925650466
1,4866,62028.79012913762
1,4867,52695.00054912971
1,4868,43608.44094731528
1,4869,36160.64930756971
1,4870,29690.210256590344
1,4871,24220.276566429773
1,4872,19081.25087006559
1,4873,15452.557374437894
1,4874,13074.696763805598
1,4875,10443.962220251522
1,4876,6953.7259534024815
1,4877,3099.906047581616
1,4878,8.462616575641985e-08
1,4879,6.472637782534537e-08
1,4880,1.798997208609171e-09
1,4881,1741.2296593364886
1,4882,12850.961015494695
1,4883,29264.974224041453
1,4884,49246.01839817348
1,4885,68246.91428939477
1,4886,76663.4959917715
1,4887,76663.49599175485
1,4888,75239.56388279465
1,4889,69015.76854903913
1,4890,62325.69279861597
1,4891,53490.251107008924
1,4892,45346.29883113503
1,4893,39183.05663621748
1,4894,34621.918769059244
1,4895,30996.840279560034
1,4896,27783.1980124234
1,4897,24750.74720066421
1,4898,21707.769291306176
1,4899,18367.66345942726
1,4900,16121.150628570762
1,4901,14838.256541721325
1,4902,13837.941768159315
1,4903,13273.011951540495
1,4904,13273.011951521856
1,4905,13273.011951516513
1,4906,13273.011951523633
1,4907,14736.443299789822
1,4908,25984.57553081081
1,4909,42593.97421122222
1,4910,54643.789262141574
1,4911,70284.22873267655
1,4912,69803.0788355553
1,4913,63020.99765804955
1,4914,53004.20476923846
1,4915,40315.5480753122
1,4916,27724.31517341216
1,4917,17529.56708271283
1,4918,11243.316686503307
1,4919,6493.013763333754
1,4920,2302.408428412203
1,4921,251.60930098621242
1,4922,1.4449094776845914e-07
1,4923,1.3653224309036704e-07
1,4924,1.247017069988635e-07
1,4925,1.0662642732604268e-07
1,4926,7.640735226459468e-08
1,4927,1.8573757837617021e-09
1,4928,1349.2218796531108
1,4929,11195.910249375962
1,4930,24901.62612162225
1,4931,32847.88481038596
1,4932,41290.54548634183
1,4933,52666.74160897994
1,4934,65359.045747063814
1,4935,75983.04752492098
1,4936,76663.49599177168
1,4937,74296.69229008009
1,4938,64723.117667568054
1,4939,53034.8686230189
1,4940,41842.76347469656
1,4941,31433.54691165143
1,4942,21141.350078730607
1,4943,12701.029030745003
1,4944,8448.008124466518
1,4945,4857.126104315053
1,4946,1987.7172212377643
1,4947,1.9360772000764806e-07
1,4948,1.763279586613738e-07
1,4949,1.5902794910565904e-07
1,4950,1.3988727750615347e-07
1,4951,1.1605569901858217e-07
1,4952,8.114428266575886e-08
1,4953,1.859016506641662e-09
1,4954,6135.125640111774
1,4955,18884.219148693897
1,4956,34699.08438402653
1,4957,51998.73295370547
1,4958,67652.93044282253
1,4959,76314.70983453467
1,4960,76663.49599177168
1,4961,73378.67323421685
1,4962,57099.29238031452
1,4963,42451.60836995778
1,4964,28046.480740436502
1,4965,14986.10701258028
1,4966,5105.546194339387
1,4967,469.25264359620235
1,4968,1.7268979509357384e-07
1,4969,1.6724563010612602e-07
1,4970,1.6115798752972975e-07
1,4971,1.5374700096802327e-07
1,4972,1.4409072554913416e-07
1,4973,1.3078219780244702e-07
1,4974,1.1128403630538016e-07
1,4975,7.943943318981144e-08
1,4976,1.9139145682257054e-09
1,4977,5387.335717081686
1,4978,20786.28018054043
1,4979,38050.0855109288
1,4980,55911.093815386725
1,4981,70754.71862550343
1,4982,76493.73664856415
1,4983,76663.49599177133
1,4984,76663.49599172107
1,4985,76663.49599176052
1,4986,66965.90726981082
1,4987,50166.114036180275
1,4988,32376.150229380353
1,4989,16423.720330331635
1,4990,5066.428962035536
1,4991,288.2699672217083
1,4992,8.946126652709891e-09
1,4993,8.989222805145635e-08
1,4994,1.2208477036768312e-07
1,4995,1.3832393071588705e-07
1,4996,1.440709539958431e-07
1,4997,1.4033190024714923e-07
1,4998,1.2548564078720395e-07
1,4999,9.293147752373332e-08
1,5000,2.4271573443979976e-09
1,5001,2306.711840389878
1,5002,13074.679711019915
1,5003,27524.280117238395
1,5004,46403.23236643326
1,5005,67140.5018120134
1,5006,76627.1625763733
1,5007,76663.49599177067
1,5008,60417.79767073517
1,5009,36714.51452726998
1,5010,22371.202793235367
1,5011,6920.553471864166
1,5012,113.88501884041476
1,5013,3.5061806527233747e-07
1,5014,3.2586637842534896e-07
1,5015,3.0429764406636516e-07
1,5016,2.843978185489084e-07
1,5017,2.6458099218490015e-07
1,5018,2.4296608380823623e-07
1,5019,2.1696848270756348e-07
1,5020,1.8225523035558734e-07
1,5021,1.2875527698053414e-07
1,5022,3.026029697820142e-09
1,5023,348.3433819236365
1,5024,12958.896427031008
1,5025,25937.823726459264
1,5026,32734.869338148805
1,5027,36059.134359974305
1,5028,38796.08789122715
1,5029,42926.181307459694
1,5030,50552.01621798266
1,5031,64542.72512865088
1,5032,76663.49599176987
1,5033,74742.84651391245
1,5034,47321.49561241107
1,5035,29818.340906238693
1,5036,17351.836929566343
1,5037,6418.519463792157
1,5038,5.476003563482327e-07
1,5039,4.872628888247742e-07
1,5040,4.3630966644703315e-07
1,5041,3.909209843510806e-07
1,5042,3.4750932949415047e-07
1,5043,3.0190005780223773e-07
1,5044,2.4783686126741695e-07
1,5045,1.7172826575584214e-07
1,5046,3.844964171169603e-09
1,5047,946.0318380810969
1,5048,13251.137083723674
1,5049,27138.88961730916
1,5050,34274.71987082004
1,5051,37366.25263396125
1,5052,40811.15806292346
1,5053,46623.96021158186
1,5054,57166.11540307178
1,5055,71850.43429051028
1,5056,76663.49599177168
1,5057,75550.69389133295
1,5058,64027.88726351725
1,5059,49715.90981775161
1,5060,35420.63359969111
1,5061,22067.206941611414
1,5062,8306.336097183936
1,5063,2782.3520784790558
1,5064,1392.7067623570856
1,5065,1107.4838064643689
1,5066,1107.4838064278924
1,5067,1107.4838064092314
1,5068,857.9435194244043
1,5069,6.975508587642263e-08
1,5070,5.771323906770393e-08
1,5071,1.8133761524851527e-09
1,5072,409.8594701571931
1,5073,9844.009822143687
1,5074,23038.63250290281
1,5075,33497.137080477696
1,5076,44006.149199160274
1,5077,57353.98130761907
1,5078,71484.98600120742
1,5079,76663.49599177144
1,5080,76663.4959917587
1,5081,69304.9341926388
1,5082,59454.68842977964
1,5083,46543.30078035535
1,5084,35239.544284078904
1,5085,26935.00132513348
1,5086,19928.76370463259
1,5087,16211.065704420154
1,5088,13235.095698554422
1,5089,10899.696806182854
1,5090,8752.98094746043
1,5091,6306.275180000882
1,5092,3284.4334669899063
1,5093,5.818740567769886e-08
1,5094,5.2590177574012606e-08
1,5095,1.8283827678440133e-09
1,5096,4383.29891327605
1,5097,15686.792007005864
1,5098,29764.929470241354
1,5099,43707.54138448769
1,5100,57767.02574722391
1,5101,70001.87956092876
1,5102,76663.49599177144
1,5103,76663.4959917587
1,5104,74791.9633808469
1,5105,68480.86554795444
1,5106,62377.947682426035
1,5107,56306.703272304585
1,5108,51655.666812149924
1,5109,48118.17060153656
1,5110,45298.544454519346
1,5111,43201.938743209954
1,5112,41612.190857278656
1,5113,41612.19085700144
1,5114,41612.190856910405
1,5115,41612.190856863665
1,5116,41612.19085683855
1,5117,41612.190856828
1,5118,41612.19085682991
1,5119,41612.19085684512
1,5120,41612.19085687813
1,5121,41612.1908569425
1,5122,41612.19085709513
1,5123,42972.14007650896
1,5124,49958.91969858809
1,5125,58537.05818929019
1,5126,65583.85206611932
1,5127,66149.9798499265
1,5128,65022.609676616215
1,5129,63565.44328236244
1,5130,62019.57438006752
1,5131,60271.06616844891
1,5132,58529.8380355656
1,5133,57074.60731929595
1,5134,55839.94459976405
1,5135,54726.78089690635
1,5136,53683.46145992794
1,5137,52680.12472894618
1,5138,51710.89016510444
1,5139,50764.681594433416
1,5140,49826.38217478421
1,5141,48886.64702710241
1,5142,47944.753848362176
1,5143,47009.61983646448
1,5144,46099.76386420692
1,5145,45265.33135991163
1,5146,44719.99347727299
1,5147,44719.993477117
1,5148,44719.99347704921
1,5149,44719.99347701277
1,5150,44257.79126189954
1,5151,43506.053979492135
1,5152,42705.84725624141
1,5153,41855.97357998857
1,5154,40957.241391608535
1,5155,39980.61645809078
1,5156,38995.873378697615
1,5157,38037.81924581486
1,5158,37134.675148600116
1,5159,36271.54800433558
1,5160,35433.576690996524
1,5161,34604.75765693911
1,5162,33777.48446848388
1,5163,32942.48576378504
1,5164,32092.85652089001
1,5165,31225.576264413365
1,5166,30344.20134287446
1,5167,29460.263745849228
1,5168,28603.572795988133
1,5169,27831.131044217615
1,5170,27245.36992564112
1,5171,26690.42433483673
1,5172,26339.584641672165
1,5173,26010.291217204525
1,5174,25261.557621606647
1,5175,24380.438678511106
1,5176,23398.20053729729
1,5177,22291.916850140977
1,5178,20930.78510430109
1,5179,18326.897184874153
1,5180,16236.134570049331
1,5181,14541.739072810538
1,5182,13046.089186872603
1,5183,11545.180760010138
1,5184,10038.656985849157
1,5185,8869.820486298415
1,5186,7729.097074542582
1,5187,6372.401521626917
1,5188,4475.194047985454
1,5189,1720.830613761368
1,5190,6.973954341763671e-08
1,5191,5.770595240161462e-08
1,5192,1.813355253660515e-09
1,5193,4230.290023164707
1,5194,17424.46115216372
1,5195,30873.345798770042
1,5196,42282.13120487438
1,5197,57975.661502933166
1,5198,71558.72078291382
1,5199,76663.49599177147
1,5200,76663.49599175759
1,5201,66794.53157669738
1,5202,49350.25482802509
1,5203,35864.96781932072
1,5204,24382.47197537148
1,5205,13958.628560778718
1,5206,5821.587581844395
1,5207,898.7316336050271
1,5208,1.6546720284503795e-07
1,5209,1.594713657118805e-07
1,5210,1.5215887789622588e-07
1,5211,1.4261796154246484e-07
1,5212,1.2945647191518305e-07
1,5213,1.1016309711542739e-07
1,5214,7.86432579600357e-08
1,5215,1.8949601715994174e-09
1,5216,4232.20447192818
1,5217,18327.084046636737
1,5218,30618.379596573282
1,5219,37523.378942917974
1,5220,44398.19463784106
1,5221,55398.401485889364
1,5222,69717.66449213037
1,5223,76663.49599177137
1,5224,76663.49599176188
1,5225,68604.29057540851
1,5226,57069.03311903486
1,5227,42914.95699443603
1,5228,30992.748575789363
1,5229,21225.834044493447
1,5230,13471.697205339731
1,5231,5928.20397024139
1,5232,3327.1285847890717
1,5233,3327.1285846326678
1,5234,3327.12858456485
1,5235,3327.1285845283983
1,5236,2713.3282380375663
1,5237,1.0990998085581307e-07
1,5238,9.692849496399983e-08
1,5239,7.108810401172303e-08
1,5240,1.8193459640438839e-09
1,5241,3024.15812227487
1,5242,15393.74751723694
1,5243,29343.69289877123
1,5244,46101.18189146214
1,5245,64002.17615145465
1,5246,75614.63738870985
1,5247,76663.49599177168
1,5248,75495.21515490026
1,5249,67089.84853694493
1,5250,55815.02590109941
1,5251,42726.93845827646
1,5252,32759.04470643643
1,5253,25195.304998707117
1,5254,19639.17348525416
1,5255,16818.850752896746
1,5256,14624.620360700861
1,5257,12733.451986935726
1,5258,10916.203921684111
1,5259,8559.18588543702
1,5260,4536.9352973498335
1,5261,5.8183269747019435e-08
1,5262,5.2588252950479687e-08
1,5263,1.8283896534828382e-09
1,5264,2037.5246362960443
1,5265,12572.559763014035
1,5266,25210.92190949254
1,5267,34574.20673843865
1,5268,43422.19612555673
1,5269,55345.274496797574
1,5270,69460.46098303319
1,5271,76663.49599177143
1,5272,76663.49599175964
1,5273,69512.09181432231
1,5274,58857.98603566285
1,5275,47519.24379000774
1,5276,38224.15554012149
1,5277,30078.55119322529
1,5278,23246.697307859886
1,5279,20030.924318843725
1,5280,17377.271320960193
1,5281,14766.968257728377
1,5282,12128.65728440888
1,5283,8738.505561573074
1,5284,3932.9027026013705
1,5285,5.818412578245647e-08
1,5286,5.2588571771173816e-08
1,5287,1.8283893100778937e-09
1,5288,1604.3494689804038
1,5289,13022.801035145767
1,5290,26242.164913123877
1,5291,37015.19048688298
1,5292,46773.35873146417
1,5293,58928.61050947658
1,5294,71241.05521152516
1,5295,76663.49599177143
1,5296,76663.49599175964
1,5297,70289.62974186045
1,5298,62589.603051792146
1,5299,54853.308454718695
1,5300,48695.94592522091
1,5301,43582.40058157703
1,5302,39397.1386602067
1,5303,35646.0808260086
1,5304,32091.512345999876
1,5305,28652.463037070174
1,5306,25142.27844744875
1,5307,21290.37300005419
1,5308,19382.58435383103
1,5309,17004.061178754047
1,5310,14942.849134788858
1,5311,13724.742250139792
1,5312,13724.742250129244
1,5313,13724.74225013116
1,5314,13724.742250146372
1,5315,18884.705321964684
1,5316,32306.6704569636
1,5317,47337.3772327248
1,5318,58997.876815673335
1,5319,70099.83740905051
1,5320,68703.9838652429
1,5321,61274.051637703866
1,5322,50549.620400093656
1,5323,38765.00486297355
1,5324,29111.45290252517
1,5325,20391.89279847763
1,5326,12842.896410129344
1,5327,5654.047154343905
1,5328,587.4474405480803
1,5329,376.86973907787274
1,5330,376.8697390099941
1,5331,376.86973897349895
1,5332,376.8697389548134
1,5333,1.0998689570574976e-07
1,5334,9.697706340896063e-08
1,5335,7.11124639273241e-08
1,5336,1.8193549052277486e-09
1,5337,1762.5115734622477
1,5338,12999.62814035317
1,5339,29337.301237318625
1,5340,49281.79868103122
1,5341,67797.72559878379
1,5342,76663.49599177149
1,5343,76663.49599175632
1,5344,75082.41573064537
1,5345,63140.71616549226
1,5346,43515.02584128363
1,5347,24854.267188849222
1,5348,9093.18223794109
1,5349,2064.4173430965566
1,5350,4.750418043902426e-07
1,5351,3.8702984750057807e-07
1,5352,3.266528099039358e-07
1,5353,2.8119103734195773e-07
1,5354,2.4477154114427996e-07
1,5355,2.1391075225564112e-07
1,5356,1.8599247325178786e-07
1,5357,1.5845879413155912e-07
1,5358,1.2788967222770098e-07
1,5359,8.730379960110446e-08
1,5360,1.8793314910087168e-09
1,5361,1787.4132449960928
1,5362,12835.201339187997
1,5363,28017.838293061686
1,5364,44223.134496854385
1,5365,61312.937145669224
1,5366,74601.00576702208
1,5367,76663.49599177141
1,5368,76663.49599176049
1,5369,71590.91002704596
1,5370,67217.1250288899
1,5371,64001.95525750433
1,5372,61706.467786543595
1,5373,59769.47636411941
1,5374,58240.659259341206
1,5375,57113.13908188778
1,5376,56422.88799613312
1,5377,55917.81596195803
1,5378,55303.83939530764
1,5379,54473.300976157865
1,5380,53379.16881992915
1,5381,52229.979398735224
1,5382,51032.97260298673
1,5383,50041.43613856799
1,5384,50041.436138411955
1,5385,50041.43613834416
1,5386,50041.43613830771
1,5387,50041.43613828908
1,5388,50041.436138283745
1,5389,50041.43613829086
1,5390,49458.92542826568
1,5391,48467.958151321174
1,5392,47401.31756916658
1,5393,46278.05823556388
1,5394,45092.90255359432
1,5395,43904.09820475728
1,5396,42790.588031117644
1,5397,41706.992311554175
1,5398,40664.96501826395
1,5399,39675.570992092216
1,5400,38741.398791314015
1,5401,37843.96825695677
1,5402,37004.57223343804
1,5403,36141.94791885517
1,5404,35212.26534913454
1,5405,34220.441827322895
1,5406,33159.17392542123
1,5407,32041.277504772435
1,5408,30920.17379574235
1,5409,29839.64490658111
1,5410,28828.7887071528
1,5411,28044.840646616532
1,5412,28044.84064646051
1,5413,28044.84064639271
1,5414,27902.801318340134
1,5415,27026.60583596827
1,5416,25853.26656462068
1,5417,24499.501006618466
1,5418,22804.065099047355
1,5419,20524.713008622322
1,5420,18643.48493900599
1,5421,16816.764424345987
1,5422,15050.086118616624
1,5423,13257.384389440202
1,5424,11317.053925041006
1,5425,9150.67708422754
1,5426,7250.618237391422
1,5427,5567.655780484526
1,5428,3394.2927025211666
1,5429,812.597602261875
1,5430,3.036198357698962e-07
1,5431,2.9092085252109285e-07
1,5432,2.8340239094284264e-07
1,5433,2.8067396789724234e-07
1,5434,7740.52830537775
1,5435,22353.672680657808
1,5436,41075.918473363796
1,5437,57525.34066223003
1,5438,67157.50516470162
1,5439,76663.49599170106
1,5440,74472.2355005633
1,5441,67318.51349258694
1,5442,58725.82533674261
1,5443,48280.130855791416
1,5444,38295.2690992538
1,5445,29908.25422641837
1,5446,23775.26827357242
1,5447,20469.72782127336
1,5448,17185.126426696235
1,5449,14077.632245868352
1,5450,11070.917277633971
1,5451,7575.071824803706
1,5452,3529.1747818014114
1,5453,5.818514378947169e-08
1,5454,5.258884468423397e-08
1,5455,1.828390082835157e-09
1,5456,1033.5848489174869
1,5457,13588.382264135602
1,5458,27580.641965955678
1,5459,36042.754690854614
1,5460,43051.92567045208
1,5461,53477.12612178743
1,5462,67421.74760600146
1,5463,76663.49599177143
1,5464,76663.49599175964
1,5465,72769.73544879058
1,5466,69523.99417907879
1,5467,66480.85944716826
1,5468,64254.155625248095
1,5469,62513.345499297
1,5470,61047.16854639364
1,5471,59751.84281888639
1,5472,58565.59825663305
1,5473,57448.48902245294
1,5474,56362.293888727734
1,5475,55320.156076332794
1,5476,54305.745191500515
1,5477,53287.199524929616
1,5478,52283.61735431192
1,5479,51301.07520048521
1,5480,50342.75369226726
1,5481,49450.34469993184
1,5482,48615.39049043099
1,5483,48615.3904902749
1,5484,48615.390490207086
1,5485,48615.390490170634
1,5486,47970.68310748067
1,5487,47185.311073680976
1,5488,46330.59055049282
1,5489,45410.615156496424
1,5490,44405.62437611473
1,5491,43380.402211910514
1,5492,42429.99043913749
1,5493,41518.23696074386
1,5494,40659.677231392576
1,5495,39844.299772337756
1,5496,39066.72369294407
1,5497,38286.29783640183
1,5498,37505.06605587611
1,5499,36716.16368370671
1,5500,35907.28640679303
1,5501,35071.35890657548
1,5502,34216.4701246066
1,5503,33445.23523496175
1,5504,32958.43618560206
1,5505,32958.43618553427
1,5506,32958.43618549784
1,5507,32958.43618547921
1,5508,32958.43618547387
1,5509,32958.43618548099
1,5510,32958.43618550268
1,5511,32522.695625049837
1,5512,31653.86552634386
1,5513,30653.09190499823
1,5514,27369.998690303037
1,5515,20475.431702282058
1,5516,16361.743075008337
1,5517,14580.194879649038
1,5518,13361.218699990553
1,5519,12177.354928597611
1,5520,10951.15720483354
1,5521,9655.637344764398
1,5522,8555.640341448441
1,5523,7406.7962972152945
1,5524,5985.106129273818
1,5525,3885.5031573121905
1,5526,679.7619004543523
1,5527,4.267669790105342e-08
1,5528,1.7866867323153715e-09
1,5529,1578.3625112194209
1,5530,16022.3546220859
1,5531,33021.096389543716
1,5532,51535.67782913061
1,5533,68811.23966830697
1,5534,76663.4959917715
1,5535,76663.49599175484
1,5536,73144.48609044885
1,5537,69168.9445887663
1,5538,61775.12788995338
1,5539,52111.16909832671
1,5540,44971.95427498575
1,5541,39875.41043590823
1,5542,37150.488673631764
1,5543,34892.74134284257
1,5544,32836.93787622797
1,5545,30852.320120620214
1,5546,28883.948858842257
1,5547,26849.800557122646
1,5548,24969.487435105017
1,5549,23307.812854384392
1,5550,21475.14839145407
1,5551,19566.690675870916
1,5552,18477.4907563077
1,5553,18477.49075630236
1,5554,18533.01135041125
1,5555,27524.890711065156
1,5556,39274.15481342025
1,5557,51589.261099057694
1,5558,54247.379129337016
1,5559,57673.05012161213
1,5560,55112.17779725006
1,5561,50964.19352550918
1,5562,41333.33224599926
1,5563,29759.133546055957
1,5564,22256.926279729352
1,5565,17028.928340377228
1,5566,12825.835116405631
1,5567,9055.006805032861
1,5568,5849.094879420067
1,5569,3199.7044016824652
1,5570,864.104146644927
1,5571,864.1041464887238
1,5572,864.1041464208604
1,5573,864.1041463843803
1,5574,864.1041463657133
1,5575,864.1041463603418
1,5576,864.104146367428
1,5577,864.1041463890693
1,5578,5726.86735333242
1,5579,14135.725534363515
1,5580,28224.448677801294
1,5581,59098.17264184218
1,5582,76312.43473683836
1,5583,76499.7184187725
1,5584,75265.63097671706
1,5585,63281.09857568242
1,5586,47359.437612653455
1,5587,31888.930033075616
1,5588,18888.824582201236
1,5589,7487.136506365494
1,5590,278.8764663919841
1,5591,1.2435069763023848e-07
1,5592,1.400249788398604e-07
1,5593,1.5213672916307452e-07
1,5594,1.6198832937375902e-07
1,5595,1.7040195251220207e-07
1,5596,1.7796504016393227e-07
1,5597,1.8514415698307556e-07
1,5598,1.9234863032465614e-07
1,5599,1.9997252261546076e-07
1,5600,2.084273522698593e-07
1,5601,2.1817255779871497e-07
1,5602,2.2974927339587865e-07
1,5603,2.438131085583529e-07
1,5604,5758.9697292232
1,5605,23543.734709072814
1,5606,44678.94299860978
1,5607,58110.385559658294
1,5608,72845.67631476533
1,5609,76663.49599175967
1,5610,65440.89752462992
1,5611,47766.468931420495
1,5612,31382.527978778588
1,5613,17630.78085525881
1,5614,8003.976989540667
1,5615,2230.5550693689843
1,5616,7.932304729320605e-09
1,5617,8.627887105820263e-08
1,5618,1.1335404831356547e-07
1,5619,1.216526494252475e-07
1,5620,1.1471598268270738e-07
1,5621,8.787367719139869e-08
1,5622,2.4489978511647078e-09
1,5623,318.7309212472102
1,5624,10352.483003966943
1,5625,24503.838870816548
1,5626,33004.6406700685
1,5627,36456.575685959615
1,5628,39013.41365914101
1,5629,43249.095123290565
1,5630,51451.59581221015
1,5631,65280.259966560836
1,5632,76663.49599177054
1,5633,76273.75841738691
1,5634,45827.54963794923
1,5635,15455.791053476509
1,5636,6199.333701518542
1,5637,6.086591284837047e-07
1,5638,5.277250330544851e-07
1,5639,4.6589221707306686e-07
1,5640,4.1663265876949306e-07
1,5641,3.759090899931126e-07
1,5642,3.4077536751388757e-07
1,5643,3.0869638303177667e-07
1,5644,2.770823453621617e-07
1,5645,2.4273840685255137e-07
1,5646,2.0069404252069808e-07
1,5647,1.39914378924946e-07
1,5648,3.1819799401512876e-09
1,5649,4018.951389526169
1,5650,18653.745279937495
1,5651,32374.26745574348
1,5652,47426.172139410926
1,5653,63494.49489533071
1,5654,73824.1342834195
1,5655,76663.49599177006
1,5656,76663.49599176984
1,5657,73720.38445655849
1,5658,62907.90402570325
1,5659,45750.62208256999
1,5660,30116.003532530744
1,5661,15699.043682151801
1,5662,7829.130319539556
1,5663,5199.778797833542
1,5664,5119.480686429312
1,5665,5119.4806864726215
1,5666,5119.480686560222
1,5667,5119.480686833946
1,5668,5727.921802479829
1,5669,2872.636540201228
1,5670,3.301289989574225e-08
1,5671,1.033757977391954e-07
1,5672,1.459247923796985e-07
1,5673,5385.791966981475
1,5674,15353.131543032037
1,5675,21892.038029914365
1,5676,29877.179384035877
1,5677,59108.939986463316
1,5678,73547.81737893511
1,5679,76663.49599175203
1,5680,73520.90265373065
1,5681,60488.71267807221
1,5682,41707.591523569135
1,5683,24318.609843865466
1,5684,11186.220673399519
1,5685,3034.4927300537033
1,5686,8.971274022163487e-09
1,5687,9.390556557475741e-08
1,5688,1.302509506039798e-07
1,5689,1.5190363065935926e-07
1,5690,1.6511129169926794e-07
1,5691,1.7207042354768767e-07
1,5692,1.7351615261594145e-07
1,5693,1.6927823294875656e-07
1,5694,1.5823937718825861e-07
1,5695,1.3764293873614773e-07
1,5696,9.993487990145279e-08
1,5697,2.502358117384638e-09
1,5698,635.5156098213153
1,5699,6244.83122732931
1,5700,21026.800270381846
1,5701,38600.01694730541
1,5702,51082.99172202537
1,5703,57496.57192953095
1,5704,57170.60814549035
1,5705,45568.04382359701
1,5706,30755.705928864696
1,5707,19372.165625970498
1,5708,12999.022144232233
1,5709,7628.4382695791055
1,5710,8602.794386353646
1,5711,14314.513076703563
1,5712,22087.312344462796
1,5713,28547.57846791961
1,5714,31696.72722447004
1,5715,34773.381900765075
1,5716,35581.726553756205
1,5717,35222.28688308544
1,5718,33399.828221321695
1,5719,33774.71003518795
1,5720,35478.7967886051
1,5721,37977.99254911069
1,5722,39399.55621855782
1,5723,39804.716790116334
1,5724,41923.325469610936
1,5725,46211.731487217374
1,5726,53420.46722903041
1,5727,65476.59708768717
1,5728,76663.49599176981
1,5729,74658.43455668224
1,5730,51342.6827443812
1,5731,37159.82320897526
1,5732,37159.823208649315
1,5733,37159.8232085077
1,5734,37159.82320843159
1,5735,37159.82320839266
1,5736,37159.82320838152
1,5737,37159.82320839638
1,5738,37159.823208441674
1,5739,37159.82320853212
1,5740,37159.82320871506
1,5741,37159.82320928647
1,5742,37159.82320931823
1,5743,37159.823209387156
1,5744,37159.82320952157
1,5745,37159.82320984022
1,5746,39648.61108405642
1,5747,56849.01343989502
1,5748,71724.940301624
1,5749,76663.4959917701
1,5750,72330.93342601153
1,5751,67458.99436557031
1,5752,61806.72762190856
1,5753,51018.719278827455
1,5754,37453.20278727231
1,5755,26135.928831162415
1,5756,18561.1499730969
1,5757,13153.53217528207
1,5758,8417.274875134945
1,5759,3780.3551057280897
1,5760,870.0161491551212
1,5761,870.0161489989978
1,5762,870.0161489311573
1,5763,870.0161488946895
1,5764,870.0161488760299
1,5765,870.0161488706641
1,5766,870.0161488777555
1,5767,870.0161488994006
1,5768,870.016148942638
1,5769,870.0161490300534
1,5770,9111.809749520406
1,5771,34473.322690632776
1,5772,54889.38958929626
1,5773,69166.77278982115
1,5774,76575.14034910966
1,5775,74871.6453053194
1,5776,73051.25633506851
1,5777,71600.15235924142
1,5778,70232.99457608262
1,5779,69036.26710247983
1,5780,68023.39344815725
1,5781,67115.29555274086
1,5782,66336.03639012686
1,5783,65624.60794739382
1,5784,64967.16612975199
1,5785,64350.98091353008
1,5786,63767.962977372474
1,5787,63207.63300454996
1,5788,62663.967154054364
1,5789,62138.998125077684
1,5790,62063.5410273866
1,5791,62063.54102723128
1,5792,62063.54102716368
1,5793,62063.541027127336
1,5794,62063.54102710877
1,5795,62063.541027103485
1,5796,62063.54102711067
1,5797,62063.54102713243
1,5798,61911.12488322001
1,5799,61532.683927920276
1,5800,61130.87102568661
1,5801,60717.857244473846
1,5802,60294.45206954005
1,5803,59863.04054981251
1,5804,59446.66683178787
1,5805,59042.12136668755
1,5806,58656.355152361146
1,5807,58284.49598083616
1,5808,57921.068306545814
1,5809,57565.12442066695
1,5810,57214.74056998912
1,5811,56868.062964225115
1,5812,56523.60497675429
1,5813,56179.5776149875
1,5814,55832.245851999876
1,5815,55481.86247839922
1,5816,55137.27355491804
1,5817,54804.21448027438
1,5818,54479.127904980654
1,5819,54165.67407573062
1,5820,53871.38829692051
1,5821,53581.711520423065
1,5822,53275.08240277199
1,5823,52962.59750196572
1,5824,52646.28074061099
1,5825,52322.87807843687
1,5826,51987.91345099251
1,5827,51664.97282748757
1,5828,51351.8376939812
1,5829,51044.454390368664
1,5830,50743.54064074293
1,5831,50448.52522403194
1,5832,50162.49209634571
1,5833,49876.978781595695
1,5834,49591.41432699584
1,5835,49304.34859004913
1,5836,49015.92689152614
1,5837,48724.8268600028
1,5838,48430.23377116454
1,5839,48135.25348166629
1,5840,47845.15463401874
1,5841,47563.44374288262
1,5842,47291.287091949576
1,5843,47032.88754367939
1,5844,46895.406114522884
1,5845,46895.40611436734
1,5846,46638.73327975597
1,5847,46364.855674550105
1,5848,46083.83887484214
1,5849,45766.21698787829
1,5850,37912.950476314574
1,5851,27235.672511554494
1,5852,20438.75414437561
1,5853,20105.46958978823
1,5854,19812.91782546723
1,5855,19523.99367329363
1,5856,19235.893532420756
1,5857,18945.978008355974
1,5858,18653.681488307586
1,5859,18358.1583227598
1,5860,18058.097995209504
1,5861,17761.0567458732
1,5862,17457.216761493582
1,5863,17150.239878486085
1,5864,16852.115135560096
1,5865,16852.115135541473
1,5866,16852.11513553614
1,5867,17960.114584790976
1,5868,24239.000092913924
1,5869,29792.32900719269
1,5870,29792.329007280372
1,5871,29529.88460572681
1,5872,29195.94625987058
1,5873,28840.35919462935
1,5874,26109.43603662266
1,5875,21518.86258768657
1,5876,20941.838210471695
1,5877,20570.492721379494
1,5878,20205.978058542976
1,5879,19843.738324169233
1,5880,19482.066986004622
1,5881,19118.16736189167
1,5882,18751.236674677988
1,5883,18379.180909502276
1,5884,17999.603387160194
1,5885,17607.80248789794
1,5886,17206.019669870206
1,5887,16832.211243045327
1,5888,16832.21124297753
1,5889,16832.211242941095
1,5890,16832.21124292246
1,5891,16832.211242917125
1,5892,16832.211242924248
1,5893,16832.211242945934
1,5894,16427.19333437056
1,5895,15970.434723794782
1,5896,15478.682804432965
1,5897,14851.729447587726
1,5898,11791.561656003762
1,5899,10687.950504366012
1,5900,10046.817091851337
1,5901,9452.414263823017
1,5902,8848.799922562848
1,5903,8224.328925721053
1,5904,7577.924030704468
1,5905,6894.801547402408
1,5906,6173.288774104528
1,5907,5443.350900074859
1,5908,5443.350899918826
1,5909,5260.223038742032
1,5910,4103.588958267439
1,5911,2343.6871692580876
1,5912,8.496957858607353e-08
1,5913,6.520229989015773e-08
1,5914,3.4514809537665264e-09
1,5915,9011.554471931959
1,5916,29063.65867156857
1,5917,53693.62243601453
1,5918,71869.69235382616
1,5919,76663.49599176965
1,5920,76663.49599175288
1,5921,68827.25273118704
1,5922,58437.95597607972
1,5923,49427.053649602334
1,5924,42280.50734450762
1,5925,36842.40926027201
1,5926,32702.357040034236
1,5927,30093.87106281059
1,5928,27788.205769730856
1,5929,25398.80964621772
1,5930,23221.725599452064
1,5931,23221.725599174886
1,5932,23221.725599083853
1,5933,23221.725599037112
1,5934,23221.725599011996
1,5935,23221.72559900145
1,5936,23221.725599003366
1,5937,23221.725599018577
1,5938,23221.72559905159
1,5939,23221.72559911598
1,5940,29739.207016810746
1,5941,45573.713483640844
1,5942,64202.15613406231
1,5943,70074.3998776649
1,5944,66906.16876398127
1,5945,58065.45475326785
1,5946,46166.61313887868
1,5947,32909.52508659887
1,5948,19963.425491807924
1,5949,11494.58378264306
1,5950,6316.271077055551
1,5951,2442.852106250522
1,5952,623.2159474153686
1,5953,1.9361026398057425e-07
1,5954,1.7634126597647608e-07
1,5955,1.590371211199356e-07
1,5956,1.3989316012096974e-07
1,5957,1.1605962946683419e-07
1,5958,8.114681571323398e-08
1,5959,1.8590179012113177e-09
1,5960,8063.741915487045
1,5961,23056.146218460675
1,5962,35893.40029220875
1,5963,44585.70883971897
1,5964,54316.817468528774
1,5965,65714.92832027706
1,5966,75718.79585876656
1,5967,76663.49599177141
1,5968,76663.49599176049
1,5969,69339.28861216735
1,5970,60051.36538249171
1,5971,50623.36279976597
1,5972,42414.5888922594
1,5973,36737.591206495694
1,5974,32415.247251858687
1,5975,28884.42900265217
1,5976,25734.405164991746
1,5977,22954.724333000944
1,5978,20028.310768579777
1,5979,16533.091050288163
1,5980,16511.308534461437
1,5981,14711.54911985102
1,5982,10498.114273751731
1,5983,7033.8796926224195
1,5984,7033.879692611873
1,5985,7033.879692613788
1,5986,15177.34851006415
1,5987,28673.910344258824
1,5988,43902.27150300376
1,5989,58229.340666062155
1,5990,72958.39212089185
1,5991,74386.52519258342
1,5992,70520.14017577824
1,5993,65811.60027742303
1,5994,52931.47505953239
1,5995,38088.479405339924
1,5996,27117.25666872131
1,5997,22822.765861616856
1,5998,19739.798026399865
1,5999,16889.855898130223
1,6000,14180.166078291992
1,6001,11502.73130548496
1,6002,9502.709866043268
1,6003,9502.709865887193
1,6004,9502.709865819379
1,6005,8624.48659192221
1,6006,4428.002890408206
1,6007,8.462577521049363e-08
1,6008,6.472606467481176e-08
1,6009,1.7989958255024121e-09
1,6010,4324.42765866335
1,6011,21043.09821530089
1,6012,43162.6543078131
1,6013,65458.77118921264
1,6014,76663.49599177152
1,6015,76663.49599175311
1,6016,71489.24884942925
1,6017,53889.00730158896
1,6018,34405.37291359873
1,6019,20481.82670240159
1,6020,9365.388537194549
1,6021,1703.1682104966335
1,6022,2.2738775111867172e-07
1,6023,2.120448131267378e-07
1,6024,1.9903135309553752e-07
1,6025,1.874806332528053e-07
1,6026,1.765411109414612e-07
1,6027,1.6528623679351357e-07
1,6028,1.5258399745397356e-07
1,6029,1.3684209413042923e-07
1,6030,1.153449899444841e-07
1,6031,8.171558379512834e-08
1,6032,1.9335742027345425e-09
1,6033,3082.6499051286028
1,6034,17585.391566060207
1,6035,35758.73420650279
1,6036,55131.963649752935
1,6037,70466.09087353578
1,6038,76663.49599177137
1,6039,76663.49599176188
1,6040,72813.00055546076
1,6041,62606.81917746973
1,6042,50103.30472847102
1,6043,37577.17910603065
1,6044,26954.009764243892
1,6045,19089.28809868252
1,6046,12612.055267147593
1,6047,7424.158030143394
1,6048,6951.1869381927
1,6049,6951.186938036731
1,6050,6951.186937968946
1,6051,6951.186937932512
1,6052,6951.186937913879
1,6053,6951.186937908537
1,6054,3105.3243788794575
1,6055,1.0946821517699259e-07
1,6056,1.2235732231413558e-07
1,6057,1.2932261009053622e-07
1,6058,379.9495080309064
1,6059,10394.063969317394
1,6060,31229.507849192047
1,6061,55624.33974078732
1,6062,72006.8205759646
1,6063,76663.49599173346
1,6064,74710.10086861343
1,6065,67914.467146923
1,6066,61481.025139830155
1,6067,56171.66470369769
1,6068,51819.50854479331
1,6069,48702.11549452363
1,6070,46107.61109282733
1,6071,43884.34555380817
1,6072,42017.23351215198
1,6073,40240.580739727266
1,6074,38452.42021586801
1,6075,36590.320412838824
1,6076,35001.49199531491
1,6077,33741.31144655224
1,6078,31682.07788600474
1,6079,29543.53453262648
1,6080,28186.092367889214
1,6081,28186.092367883874
1,6082,28186.092367890993
1,6083,37735.48143110057
1,6084,53543.74986040377
1,6085,67937.24734628174
1,6086,68385.59370587496
1,6087,67813.83009683076
1,6088,66213.38284584506
1,6089,61568.877175807036
1,6090,46017.363864204606
1,6091,30318.583828494655
1,6092,18791.494066226624
1,6093,15416.872585045421
1,6094,13618.15146775056
1,6095,11874.060302889451
1,6096,10196.560045519507
1,6097,8679.286883435769
1,6098,7221.648209156264
1,6099,5909.878347314855
1,6100,4348.7190684253865
1,6101,1558.2381333072417
1,6102,6.97389102868683e-08
1,6103,5.7705767500942646e-08
1,6104,1.8133567134334965e-09
1,6105,4222.636314398266
1,6106,17334.497035772194
1,6107,29848.726072776866
1,6108,42750.047622972386
1,6109,57192.58682924081
1,6110,71768.30656329452
1,6111,76663.49599177147
1,6112,76663.49599175759
1,6113,65324.11982750239
1,6114,50917.696067780824
1,6115,35455.43826401598
1,6116,22408.643582011937
1,6117,15502.082569607952
1,6118,9275.791235562852
1,6119,4389.73109661938
1,6120,1329.4501285003093
1,6121,54.59737759912642
1,6122,1.1707151850745101e-07
1,6123,1.1804371590044837e-07
1,6124,1.127755785221968e-07
1,6125,9.95830980721733e-08
1,6126,7.310035594735882e-08
1,6127,1.8744127685848516e-09
1,6128,5739.191967069025
1,6129,19609.417178797517
1,6130,30680.972751280362
1,6131,36338.04126101209
1,6132,40327.9835022248
1,6133,47104.84570094834
1,6134,60425.58382256924
1,6135,76587.03297337952
1,6136,76663.49599177168
1,6137,69651.68886481093
1,6138,56211.83832474445
1,6139,42627.91949411227
1,6140,30508.271143866066
1,6141,20778.42989085454
1,6142,12296.84645924293
1,6143,4365.811947808934
1,6144,2158.471581525079
1,6145,2144.196968520211
1,6146,2144.19696845239
1,6147,2144.1969684159385
1,6148,2144.1969683972925
1,6149,2144.1969683919388
1,6150,6.974506204159242e-08
1,6151,5.770855470150062e-08
1,6152,1.8133617918233434e-09
1,6153,5270.452097424629
1,6154,20571.2074504246
1,6155,34818.149124083444
1,6156,48096.87124660212
1,6157,64251.16241433171
1,6158,76663.49599177149
1,6159,76663.49599175632
1,6160,72234.78274801475
1,6161,66351.8830407918
1,6162,56406.127421365934
1,6163,47996.1681058774
1,6164,43025.28047793324
1,6165,39945.36844233636
1,6166,37307.50912488266
1,6167,34926.42379496856
1,6168,32731.61885483625
1,6169,30595.061238942504
1,6170,28376.5172905044
1,6171,26097.44893018791
1,6172,24974.927122070305
1,6173,23045.707483806556
1,6174,20469.691757125634
1,6175,18414.752164549678
1,6176,18414.752164539128
1,6177,18414.75216454104
1,6178,22162.07390391982
1,6179,33974.80826600228
1,6180,51001.09494492611
1,6181,67945.8930683372
1,6182,73855.994877952
1,6183,73591.62394896684
1,6184,72476.86905027313
1,6185,69546.26993267478
1,6186,58185.57016310048
1,6187,49495.75129522782
1,6188,46417.639181107574
1,6189,45552.46586181032
1,6190,44769.83782727475
1,6191,44022.11787303755
1,6192,43299.51009889002
1,6193,42587.56774003405
1,6194,41875.87962309131
1,6195,41160.67317687307
1,6196,40435.063931220255
1,6197,39684.03760498401
1,6198,38894.01660919405
1,6199,38124.03103986392
1,6200,37453.43800626015
1,6201,37453.43800610415
1,6202,37453.43800603636
1,6203,37453.43800599993
1,6204,37453.4380059813
1,6205,37453.438005975964
1,6206,36980.983191824795
1,6207,36278.28148448135
1,6208,35499.35962326421
1,6209,31762.360952633757
1,6210,22701.255949696006
1,6211,16973.52101644009
1,6212,15330.505866163754
1,6213,14421.034913648182
1,6214,13531.444225585301
1,6215,12635.086843530578
1,6216,11719.287184853134
1,6217,10758.996733513897
1,6218,9741.46279112254
1,6219,8616.513056499785
1,6220,7472.758390614022
1,6221,6314.705749213672
1,6222,4508.590715265248
1,6223,1743.4253516892643
1,6224,1.2635490737060353e-06
1,6225,1.2564917600567643e-06
1,6226,1.2601300592709683e-06
1,6227,6271.885885486461
1,6228,23721.693513348666
1,6229,47224.70428640742
1,6230,64043.897751306475
1,6231,76663.4959913534
1,6232,73150.82008535946
1,6233,58099.112469146654
1,6234,40499.226912532344
1,6235,24215.63956746805
1,6236,8489.016629099297
1,6237,1452.8908655729565
1,6238,1285.5111767291778
1,6239,1285.5111766613477
1,6240,1285.5111766248879
1,6241,1285.5111766062355
1,6242,1285.511176600877
1,6243,1285.5111766079776
1,6244,1285.511176629636
1,6245,1285.5111766728965
1,6246,4.171531632870049e-08
1,6247,4.619296229858437e-08
1,6248,1.860467287863715e-09
1,6249,974.7101914459638
1,6250,12750.167956707231
1,6251,29020.170235760666
1,6252,49193.747715032936
1,6253,67904.25376135194
1,6254,76663.49599177143
1,6255,76663.49599175964
1,6256,69093.87804742885
1,6257,50487.33153333699
1,6258,30017.52107455843
1,6259,14560.725523072362
1,6260,5423.734402107798
1,6261,1121.760201901697
1,6262,3.5948728428292567e-07
1,6263,3.1048914905427126e-07
1,6264,2.727561339769917e-07
1,6265,2.42330490450777e-07
1,6266,2.1669315231073543e-07
1,6267,1.9391380649290738e-07
1,6268,1.721930981506668e-07
1,6269,1.4945181069350093e-07
1,6270,1.2258849316428456e-07
1,6271,8.488287826717935e-08
1,6272,1.897073202359778e-09
1,6273,4627.604530904941
1,6274,16639.378968593952
1,6275,30313.255190249783
1,6276,43629.6488261392
1,6277,59534.51426266392
1,6278,74299.38796437543
1,6279,76663.49599177168
1,6280,73963.55002914155
1,6281,48782.46114620632
1,6282,18082.29742260458
1,6283,7677.258064435757
1,6284,1751.3635626951534
1,6285,2.8370631999317247e-07
1,6286,2.549241152814642e-07
1,6287,2.3147706486263534e-07
1,6288,2.1170582047914575e-07
1,6289,1.9426068348916384e-07
1,6290,1.7787152478625332e-07
1,6291,1.61149966152683e-07
1,6292,1.4230003040184916e-07
1,6293,1.184369682497526e-07
1,6294,8.303347667411602e-08
1,6295,1.91515271332694e-09
1,6296,3719.903587283785
1,6297,14779.862262647503
1,6298,26957.545748707547
1,6299,35443.55184124056
1,6300,43759.98380228224
1,6301,55636.947854615224
1,6302,70928.88080621648
1,6303,76663.49599177168
1,6304,75997.21260630143
1,6305,65780.88287253621
1,6306,57071.395630925384
1,6307,51012.28079442125
1,6308,46213.80962217064
1,6309,42243.90184026097
1,6310,39015.26500408417
1,6311,36260.122550839806
1,6312,33703.80533769241
1,6313,31030.152219274056
1,6314,28079.630595482067
1,6315,24856.231338089696
1,6316,23809.883275517597
1,6317,20923.027413531254
1,6318,16008.222677046931
1,6319,12226.340434445618
1,6320,12226.340434435058
1,6321,12226.340434436966
1,6322,18467.251598067465
1,6323,34896.314873456555
1,6324,55963.87723026656
1,6325,72256.45784833998
1,6326,74260.00888196689
1,6327,73506.35481959107
1,6328,72176.0213138765
1,6329,68808.67210793178
1,6330,62572.87765419845
1,6331,61072.05262749709
1,6332,60110.45339037167
1,6333,59270.30972655097
1,6334,58487.78329362208
1,6335,57747.6961579017
1,6336,57038.62554508832
1,6337,56347.30929262734
1,6338,55664.80780454759
1,6339,54987.75240502655
1,6340,54315.88359666465
1,6341,53678.47044449873
1,6342,53023.5251736288
1,6343,52392.16113547441
1,6344,51912.85221823466
1,6345,51912.852218229316
1,6346,51912.85221823644
1,6347,58586.990711314276
1,6348,69795.86243751795
1,6349,76663.49599114178
1,6350,76663.49599166724
1,6351,76663.49599159497
1,6352,76663.49599155552
1,6353,65082.661818526125
1,6354,48582.86419192188
1,6355,37806.92607705414
1,6356,37806.92607690352
1,6357,37806.926076838085
1,6358,37806.92607680291
1,6359,37806.92607677868
1,6360,37806.926076754455
1,6361,37806.926076730226
1,6362,37806.926076706
1,6363,37806.92607668177
1,6364,37806.92607665754
1,6365,37806.92607663331
1,6366,37806.92607660909
1,6367,37806.92607658485
1,6368,37806.92607656062
1,6369,37806.926076536394
1,6370,37806.926076512165
1,6371,37806.92607648794
1,6372,37806.92607646371
1,6373,37806.926076439486
1,6374,37806.926076415264
1,6375,37806.92607639103
1,6376,37806.9260763668
1,6377,27476.914471702137
1,6378,12075.410384650455
1,6379,11349.194665647507
1,6380,11349.194665496969
1,6381,11349.19466543155
1,6382,11349.194665396395
1,6383,11349.194665372166
1,6384,11349.194665347937
1,6385,11349.194665323708
1,6386,11349.194665299477
1,6387,11349.194665275249
1,6388,11349.194665251018
1,6389,11349.194665226787
1,6390,11349.194665202556
1,6391,11349.194665178326
1,6392,11349.194665154097
1,6393,11349.194665168774
1,6394,11349.194665200632
1,6395,12603.109936103781
1,6396,21806.3465087479
1,6397,36005.77457326149
1,6398,46878.34133231412
1,6399,46878.34133228989
1,6400,46878.341332265656
1,6401,46878.341332177835
1,6402,46878.341332132724
1,6403,46878.34133210849
1,6404,46878.34133208425
1,6405,46878.34133206002
1,6406,46878.341332035794
1,6407,46878.34133205047
1,6408,46878.341332082324
1,6409,46878.341332144446
1,6410,47155.13322569486
1,6411,52090.06818964835
1,6412,66950.95773387655
1,6413,76663.49598271986
1,6414,76663.49598269594
1,6415,76663.4959826723
1,6416,76663.49598264898
1,6417,76663.49598262593
1,6418,76663.49598260318
1,6419,76663.49598258073
1,6420,76663.49598255855
1,6421,76663.49598253665
1,6422,76663.49598251506
1,6423,76663.49598249373
1,6424,76663.49598247265
1,6425,76663.49598245187
1,6426,76663.49598243134
1,6427,76663.49598241108
1,6428,76663.4959823911
1,6429,76663.4959823714
1,6430,76663.49598235195
1,6431,76663.49598233277
1,6432,76663.49598231383
1,6433,76663.49598229516
1,6434,76663.49598227674
1,6435,76663.4959822586
1,6436,76663.49598224067
1,6437,76663.495982223
1,6438,76663.49598220558
1,6439,76663.4959821884
1,6440,76663.49598217146
1,6441,76663.49598215477
1,6442,76663.49598213831
1,6443,76663.4959821221
1,6444,76663.49598210612
1,6445,76663.49598209038
1,6446,76663.49598207486
1,6447,76663.49598205957
1,6448,76663.49598204452
1,6449,76663.49598202971
1,6450,76663.49598201511
1,6451,76663.49598200075
1,6452,76663.49598198662
1,6453,76663.4959819727
1,6454,76663.495981959
1,6455,76663.49598194553
1,6456,76663.49598193227
1,6457,76663.49598191924
1,6458,76663.49598190644
1,6459,76663.49598189384
1,6460,76663.49598188147
1,6461,76663.4959818693
1,6462,76663.49598185736
1,6463,76663.49598184563
1,6464,76663.4959818341
1,6465,76663.4959818228
1,6466,76663.49598181169
1,6467,76663.4959818008
1,6468,76663.49598179013
1,6469,76663.49598177966
1,6470,76663.4959817694
1,6471,76663.49598175933
1,6472,76663.49598174948
1,6473,76663.49598173982
1,6474,76663.49598173038
1,6475,76663.49598172112
1,6476,76663.49598171207
1,6477,76663.49598170324
1,6478,76663.49598170642
1,6479,76663.49598172281
1,6480,76663.49598175756
1,6481,76663.49598182667
1,6482,76663.49598181882
1,6483,76663.49598181118
1,6484,76663.49598180375
1,6485,76663.4959817965
1,6486,76663.49598178944
1,6487,76663.4959817826
1,6488,76663.49598177595
1,6489,76663.49598176949
1,6490,76663.49598176323
1,6491,76663.49598175717
1,6492,76663.49598175132
1,6493,76663.49598174564
1,6494,76663.49598174015
1,6495,76663.49598173489
1,6496,76024.87021750878
1,6497,63200.612456695286
1,6498,49517.11772754883
1,6499,49517.117727400306
1,6500,49517.11772733578
1,6501,49517.1177273011
1,6502,49517.11772728337
1,6503,49517.11772727828
1,6504,49517.117727273195
1,6505,49517.11772726811
1,6506,49517.11772726302
1,6507,49517.11772725794
1,6508,49517.11772725285
1,6509,49517.117727247765
1,6510,49517.11772724268
1,6511,49517.11772723759
1,6512,49517.11772723251
1,6513,49517.11772722742
1,6514,49517.117727222336
1,6515,49517.11772721725
1,6516,49517.117727212164
1,6517,49517.11772720708
1,6518,49517.117727202
1,6519,49517.11772719691
1,6520,43096.7911285732
1,6521,26882.14403941461
1,6522,12401.121045232887
1,6523,12401.121045084348
1,6524,12401.121045019818
1,6525,12401.121044985137
1,6526,12401.121044967398
1,6527,12401.121044962309
1,6528,12401.121044957223
1,6529,12401.121044952137
1,6530,12401.12104494705
1,6531,12401.121044941963
1,6532,12401.121044936875
1,6533,12401.121044931786
1,6534,12401.121044926696
1,6535,12401.121044892032
1,6536,12401.121044874302
1,6537,12401.121044869215
1,6538,12401.121044864125
1,6539,12401.121044859037
1,6540,12401.12104485395
1,6541,12401.12104484886
1,6542,12401.12104484377
1,6543,12401.121044838681
1,6544,12401.121044833588
1,6545,1.1870581050233298e-06
1,6546,1.0116774902538738e-06
1,6547,9.317429825106069e-07
1,6548,8.852140734721134e-07
1,6549,8.568560821009671e-07
1,6550,8.409543669613256e-07
1,6551,8.222655110462409e-07
1,6552,8.005365724381933e-07
1,6553,7.754395876911771e-07
1,6554,7.465430826060493e-07
1,6555,7.132668309089898e-07
1,6556,6.748068806702303e-07
1,6557,6.300028911433242e-07
1,6558,5.770807081885909e-07
1,6559,5.130891560758055e-07
1,6560,4.324259062048609e-07
1,6561,4.031736732713507e-07
1,6562,3.8339399348373895e-07
1,6563,3.712847014134186e-07
1,6564,4314.667424697607
1,6565,5682.068784306872
1,6566,5682.068784328585
1,6567,5519.22195603872
1,6568,5349.873905659788
1,6569,5172.841433122275
1,6570,4991.04979668746
1,6571,4804.283840445666
1,6572,4612.887033797547
1,6573,4415.1484219601025
1,6574,4210.80756667904
1,6575,4002.1820533445975
1,6576,3792.06216048323
1,6577,3566.836827785145
1,6578,3326.696173008315
1,6579,3062.808553323743
1,6580,2769.052843675165
1,6581,2433.9017473870035
1,6582,2032.2563026110927
1,6583,1529.2904787684424
1,6584,824.3652006460854
1,6585,1.6888273144605382e-08
1,6586,4.5751042252251193e-08
1,6587,2.3359167141296386e-08
1,6588,9960.330369148984
1,6589,19709.51751388172
1,6590,25714.233377866003
1,6591,19796.764542860215
1,6592,7.939084493636039e-07
1,6593,5.108038350589068e-07
1,6594,3.619426860557813e-07
1,6595,2.528791678988926e-07
1,6596,1.5200481256791407e-07
1,6597,2.2586766119448653e-09
1,6598,663.7679821532305
1,6599,5600.943353620244
1,6600,10286.861116440929
1,6601,16154.720510809624
1,6602,24063.068300256036
1,6603,30643.0082117247
1,6604,35780.17847286531
1,6605,39101.295006501285
1,6606,38185.033437170605
1,6607,36032.09898854375
1,6608,34980.9022597455
1,6609,39162.62888521969
1,6610,48713.470479436466
1,6611,58070.17104224086
1,6612,68095.49955889863
1,6613,75710.29027986985
1,6614,76663.49599177073
1,6615,76663.49599170849
1,6616,76663.49599176818
1,6617,62532.427392108344
1,6618,42043.1984205292
1,6619,24025.657254124435
1,6620,10983.26794349289
1,6621,2650.3640100396506
1,6622,4.6438005798461325e-09
1,6623,1.1341738482729285e-07
1,6624,1.5553228609557247e-07
1,6625,1.7673660295883784e-07
1,6626,1.8433189822450393e-07
1,6627,1.7968674823591472e-07
1,6628,1.607542847340091e-07
1,6629,1.1908875867962232e-07
1,6630,3.112653413906959e-09
1,6631,2217.312930272475
1,6632,10170.295644060927
1,6633,22710.77357743972
1,6634,32645.07176423198
1,6635,37710.44371569563
1,6636,42987.44937293213
1,6637,53364.22886314598
1,6638,67309.87920399268
1,6639,76663.49599177168
1,6640,76439.224747246
1,6641,66207.97997606985
1,6642,59054.42592589206
1,6643,54122.40058712765
1,6644,50664.444153137825
1,6645,50664.444152981654
1,6646,50664.444152913835
1,6647,50664.44415287739
1,6648,50664.444152858756
1,6649,50664.44415285341
1,6650,50664.444152860524
1,6651,50664.444152882206
1,6652,50664.44415292551
1,6653,50196.3354928966
1,6654,48242.93088368707
1,6655,45753.70813247248
1,6656,43343.666221827836
1,6657,41287.79748484568
1,6658,39650.69526697917
1,6659,38469.50448345473
1,6660,37481.28722565965
1,6661,36600.34711952058
1,6662,35028.129387164954
1,6663,32697.25203033186
1,6664,29747.291547635286
1,6665,25765.54496383358
1,6666,23190.6568949314
1,6667,20767.12306977412
1,6668,18992.520830824797
1,6669,18755.087559129115
1,6670,18755.087559118565
1,6671,18755.08755912048
1,6672,18755.08755913569
1,6673,20404.785982957128
1,6674,25092.25104790751
1,6675,28933.355262827452
1,6676,38735.06900503209
1,6677,54739.376652452396
1,6678,56739.21703262646
1,6679,54778.294500708216
1,6680,54778.29450055213
1,6681,54778.29450048432
1,6682,54778.294500447875
1,6683,54778.29450042924
1,6684,54778.294500423886
1,6685,54086.76426591676
1,6686,52364.643922172596
1,6687,50210.55780670862
1,6688,47736.26213189176
1,6689,45140.93948454791
1,6690,42606.47366202083
1,6691,40174.69861416303
1,6692,38107.80734546023
1,6693,38107.807345304136
1,6694,38107.807345236324
1,6695,38107.80734519988
1,6696,38107.80734518124
1,6697,38107.8073451759
1,6698,38107.80734518301
1,6699,38107.807345204696
1,6700,38107.807345248
1,6701,37033.953043699184
1,6702,34964.7368579407
1,6703,32342.562277102144
1,6704,29569.137252708468
1,6705,27024.77612683824
1,6706,24647.880902887875
1,6707,22876.524734150764
1,6708,22876.524733994702
1,6709,22876.524733926894
1,6710,22827.783569814408
1,6711,20493.281821006112
1,6712,16667.6363176012
1,6713,12834.043549467211
1,6714,7906.442107856085
1,6715,2102.1485283159136
1,6716,5.885448662926434e-07
1,6717,5.794852134415919e-07
1,6718,5.791638008143928e-07
1,6719,5.87770738752361e-07
1,6720,6.066034693770093e-07
1,6721,6.386781476830448e-07
1,6722,6.906449258114533e-07
1,6723,7.796915514813501e-07
1,6724,9.750420619684475e-07
1,6725,11447.53545583479
1,6726,13135.312592139073
1,6727,4014.236096365208
1,6728,2.6328536420209056e-08
1,6729,6.407057025590868e-08
1,6730,6.714453742145802e-08
1,6731,4.0205448977274764e-08
1,6732,2951.949525712223
1,6733,12886.440960065513
1,6734,17608.030427751182
1,6735,17608.030427693924
1,6736,17608.03042766316
1,6737,17608.030427650243
1,6738,17608.03042765259
1,6739,17608.03042767123
1,6740,17608.030427711685
1,6741,17608.03042779058
1,6742,17608.030427977646
1,6743,30109.01332064418
1,6744,49536.434366504465
1,6745,65890.50354121008
1,6746,75112.7074823169
1,6747,76663.49599176407
1,6748,74153.7443419192
1,6749,71335.2593623659
1,6750,68920.45703183874
1,6751,65425.147245142
1,6752,61303.617740086884
1,6753,59506.317944591035
1,6754,58060.36245493952
1,6755,56740.4207770045
1,6756,55510.94737609634
1,6757,54337.080080823944
1,6758,53143.11101152025
1,6759,51828.00847687352
1,6760,48674.4369320134
1,6761,39311.13030718715
1,6762,30634.388509278313
1,6763,27925.947871135206
1,6764,26658.498185178887
1,6765,25507.311753021913
1,6766,24390.26187806605
1,6767,23321.56468606802
1,6768,22319.889583003795
1,6769,21322.710680937314
1,6770,20411.479664369348
1,6771,20411.47966409222
1,6772,20411.479664001195
1,6773,20411.479663954462
1,6774,20411.47966392935
1,6775,20411.479663918803
1,6776,20411.479663920716
1,6777,20411.479663935927
1,6778,20411.479663968945
1,6779,20411.479664033326
1,6780,22590.30889735322
1,6781,35204.94996506525
1,6782,53658.50511323852
1,6783,55194.57963390523
1,6784,53303.9429857806
1,6785,50989.627816912245
1,6786,48556.20725806979
1,6787,46222.86473973017
1,6788,44292.443302449195
1,6789,42539.55642425681
1,6790,40907.19028086428
1,6791,39337.347488761865
1,6792,39337.347488484535
1,6793,39337.34748839348
1,6794,39337.34748834674
1,6795,39337.347488321626
1,6796,39337.347488311076
1,6797,39337.34748831298
1,6798,39337.34748832819
1,6799,39337.3474883612
1,6800,39337.34748842557
1,6801,39382.166011558635
1,6802,44257.975401162796
1,6803,55894.69271772353
1,6804,65841.17125526122
1,6805,74390.191379103
1,6806,76663.49599156505
1,6807,76663.49599137348
1,6808,76663.49599125393
1,6809,76663.49599116355
1,6810,76663.49599109007
1,6811,76663.49599102802
1,6812,76663.49599097442
1,6813,76663.49599092748
1,6814,76663.49599088593
1,6815,76663.49599084891
1,6816,76663.49599081583
1,6817,76663.49599078619
1,6818,76663.4959907596
1,6819,76663.4959907358
1,6820,76663.49599071455
1,6821,76663.49599069565
1,6822,76663.49599067894
1,6823,76663.49598999573
1,6824,76663.4959898878
1,6825,76663.49598983812
1,6826,76663.49598981268
1,6827,76663.49598980257
1,6828,76663.4959897935
1,6829,76663.49598978546
1,6830,76663.49598977841
1,6831,76663.49598977235
1,6832,65589.6720856312
1,6833,42021.552556706236
1,6834,16347.493112088474
1,6835,10862.401156605378
1,6836,10862.401156456914
1,6837,10862.401156392403
1,6838,10862.401156357731
1,6839,10862.401156352636
1,6840,10862.401156347547
1,6841,10862.401156342456
1,6842,10862.401156337366
1,6843,10862.401156332273
1,6844,10862.401156327183
1,6845,10862.40115632209
1,6846,10862.401156316995
1,6847,10862.40115616839
1,6848,10862.40115610384
1,6849,10862.40115606915
1,6850,10862.401156051406
1,6851,10862.401156046311
1,6852,10862.401156041218
1,6853,10862.401156036125
1,6854,10862.40115603103
1,6855,10862.401156025935
1,6856,6607.60252988891
1,6857,6607.602529740302
1,6858,6607.602529675752
1,6859,6607.60252964106
1,6860,6607.602529623316
1,6861,6607.602529618219
1,6862,6607.602529613124
1,6863,6607.602529627599
1,6864,6607.60252965902
1,6865,6607.602529720288
1,6866,6607.602529865563
1,6867,18677.36052793947
1,6868,32058.511173206272
1,6869,41529.12933470888
1,6870,41529.129334703786
1,6871,41529.129334698686
1,6872,41529.129334693585
1,6873,41529.129334688485
1,6874,41529.129334695244
1,6875,41529.12933471586
1,6876,41529.12933475703
1,6877,41529.1293348403
1,6878,41529.1293348352
1,6879,41529.1293348301
1,6880,41529.129334825
1,6881,41529.1293348199
1,6882,41529.1293348148
1,6883,41529.1293348097
1,6884,41529.1293348046
1,6885,41529.12933481136
1,6886,41529.129334831974
1,6887,41529.129334873156
1,6888,41529.129334956444
1,6889,41529.1293352165
1,6890,50769.58167855143
1,6891,58230.442512007685
1,6892,64121.182215881156
1,6893,64121.18221587606
1,6894,64121.18221587096
1,6895,64121.18221586586
1,6896,64121.18221586076
1,6897,64121.18221585567
1,6898,64121.18221585057
1,6899,64121.18221584547
1,6900,64121.18221584037
1,6901,64121.18221583527
1,6902,64121.18221583018
1,6903,64121.18221582508
1,6904,64121.18221581998
1,6905,64121.18221575544
1,6906,64121.18221572075
1,6907,64121.182215703004
1,6908,64121.1822156979
1,6909,64121.18221569281
1,6910,64121.18221568772
1,6911,64121.182215682624
1,6912,64121.18221567752
1,6913,64121.18221567243
1,6914,64121.18221566734
1,6915,64121.182215662244
1,6916,64121.18221565715
1,6917,64121.18221565206
1,6918,64121.182215646964
1,6919,64121.18221564183
1,6920,64121.1822154935
1,6921,64121.18221542903
1,6922,64121.18221539437
1,6923,64121.18221537665
1,6924,64121.18221537156
1,6925,64121.18221536646
1,6926,64121.18221536137
1,6927,59295.780637812364
1,6928,47279.59662108573
1,6929,29054.861557475415
1,6930,10268.81312033611
1,6931,10268.81312018737
1,6932,10268.813120122815
1,6933,10268.813120088122
1,6934,10268.813120070376
1,6935,10268.813120065282
1,6936,10268.81312006019
1,6937,10268.813120055094
1,6938,10268.81312005
1,6939,10268.813120044906
1,6940,10268.813120039811
1,6941,10268.813120034718
1,6942,10268.813120029623
1,6943,10268.813120024526
1,6944,10268.81312001943
1,6945,10268.81312001433
1,6946,10268.813120009234
1,6947,10268.813120004139
1,6948,10268.81311999904
1,6949,10268.813119993943
1,6950,10268.813119988845
1,6951,10268.813119983746
1,6952,8714.332517166773
1,6953,7.797511364185947e-07
1,6954,5.864404265945112e-07
1,6955,4.936653918925283e-07
1,6956,4.3560627628955314e-07
1,6957,3.9583573945299643e-07
1,6958,3.67871012415112e-07
1,6959,3.3069010231285157e-07
1,6960,3.1811530473203637e-07
1,6961,3.114158538952282e-07
1,6962,3.1023536500163337e-07
1,6963,3.145939427922034e-07
1,6964,3.248881406994991e-07
1,6965,3.4198581306789854e-07
1,6966,3.674714287397736e-07
1,6967,4.0421932819744094e-07
1,6968,4.5786296241012107e-07
1,6969,5.41458223737119e-07
1,6970,2970.5460279914346
1,6971,25685.251986854964
1,6972,51146.767013641416
1,6973,70655.4423749225
1,6974,76663.49599170107
1,6975,76315.33111514495
1,6976,76133.37094079908
1,6977,75994.83362625417
1,6978,75874.80892169474
1,6979,75763.84821432292
1,6980,75672.7508632979
1,6981,75590.16738539115
1,6982,75513.70411554941
1,6983,75442.22238340271
1,6984,75374.79463364041
1,6985,75310.80405443313
1,6986,75249.65358440466
1,6987,75190.91297159699
1,6988,75134.23752665005
1,6989,75079.30440159507
1,6990,75025.49359432817
1,6991,68843.74376869516
1,6992,59825.94098956372
1,6993,59769.01775155282
1,6994,59717.70687793001
1,6995,59666.87699285945
1,6996,59616.282110402324
1,6997,59565.700083087
1,6998,59514.928263969305
1,6999,59460.27702430826
1,7000,47014.68688093173
1,7001,27508.507857915272
1,7002,10655.06157188177
1,7003,3265.44858511447
1,7004,3213.0992751098865
1,7005,3161.1435907744876
1,7006,3111.78254014647
1,7007,3111.7825400788947
1,7008,3111.782540042567
1,7009,3111.782540024006
1,7010,3111.782540018727
1,7011,3111.782540025913
1,7012,3111.782540047685
1,7013,3111.7825400911393
1,7014,3051.920598828139
1,7015,2990.1971983380486
1,7016,2927.301067301216
1,7017,2863.2300908138977
1,7018,2798.6747351169133
1,7019,2735.499872882168
1,7020,2670.18756468095
1,7021,2601.400727249109
1,7022,2529.144355719756
1,7023,2454.2879818529527
1,7024,2376.6591174996893
1,7025,2296.1203057294124
1,7026,2212.6389814948534
1,7027,2126.661360257465
1,7028,2037.961481254251
1,7029,1946.08099666255
1,7030,1850.5704701667726
1,7031,1759.6041070113772
1,7032,1759.6041068557822
1,7033,1759.6041067880942
1,7034,1759.604106751705
1,7035,1759.6041067331
1,7036,1759.604106727782
1,7037,1759.6041067349238
1,7038,1596.4674601943811
1,7039,1409.1108878110995
1,7040,1192.836436433374
1,7041,934.0237176182026
1,7042,591.7564516609569
1,7043,3.652256746348098e-08
1,7044,8.724847050300337e-08
1,7045,1.1181728914857537e-07
1,7046,1.2555162493636525e-07
1,7047,1.3201810426466073e-07
1,7048,1.322086050069575e-07
1,7049,1.257623096456679e-07
1,7050,1.107251836793391e-07
1,7051,8.1103251488212e-08
1,7052,2.0706766205857646e-09
1,7053,2572.901902850258
1,7054,9937.47395885836
1,7055,21776.993586384557
1,7056,35628.71175743439
1,7057,48038.84704480411
1,7058,59388.861710424455
1,7059,68990.65265818386
1,7060,74978.9779071819
1,7061,76663.49599177105
1,7062,73057.28955124332
1,7063,73057.28955103079
1,7064,73057.28955093848
1,7065,73057.28955088888
1,7066,73057.28955086351
1,7067,74933.77133333025
1,7068,75946.04453229751
1,7069,76663.49599160343
1,7070,76663.49599176667
1,7071,71042.01538372772
1,7072,65561.86534609915
1,7073,61483.55368016359
1,7074,58534.28701861788
1,7075,56944.00190526166
1,7076,56944.00190510562
1,7077,56944.00190503782
1,7078,56944.00190500138
1,7079,56944.001904982746
1,7080,56944.001904977406
1,7081,56944.00190498452
1,7082,56944.001905006204
1,7083,56944.00190504952
1,7084,56264.99654319023
1,7085,55099.51479963694
1,7086,53692.28411808396
1,7087,50933.343777612565
1,7088,42526.57733186107
1,7089,35923.282254547696
1,7090,33217.64307431242
1,7091,31421.249633710984
1,7092,29571.008258651276
1,7093,26837.998747872738
1,7094,20854.504542552906
1,7095,17436.001665229753
1,7096,14820.581179280369
1,7097,12262.443395536466
1,7098,9918.87241520904
1,7099,7459.955207090564
1,7100,4778.198220898203
1,7101,1414.0481148123088
1,7102,1.2697962429833898e-07
1,7103,1.4306657425471004e-07
1,7104,1.5595781136242362e-07
1,7105,1.6698262702424804e-07
1,7106,1.7703677967188672e-07
1,7107,1.8681944231137065e-07
1,7108,1.969484343341578e-07
1,7109,2.0803113472226418e-07
1,7110,2.2071902709591457e-07
1,7111,2.357617164253274e-07
1,7112,2.540746708691393e-07
1,7113,2.7684086991727015e-07
1,7114,3.0569093583803506e-07
1,7115,1870.119320070486
1,7116,9415.98877180525
1,7117,15095.76988565947
1,7118,34859.92240957373
1,7119,44706.40463333902
1,7120,38889.163663021616
1,7121,26015.448424899645
1,7122,12533.85016797817
1,7123,565.7075425781493
1,7124,2.067216302033853e-08
1,7125,6.456471728064658e-08
1,7126,6.233139530650806e-08
1,7127,2.296369947498491e-09
1,7128,218.21505433998522
1,7129,2658.807663756189
1,7130,6787.411407665906
1,7131,9409.973484486007
1,7132,13858.057752764409
1,7133,18715.40005735833
1,7134,25094.547927217416
1,7135,26592.815317846715
1,7136,32617.635651945275
1,7137,41720.986626036116
1,7138,52194.47530984859
1,7139,63428.119402788914
1,7140,72301.10998457074
1,7141,76663.49599177079
1,7142,76663.49599176834
1,7143,74250.03651788141
1,7144,72500.31738863251
1,7145,71163.74991279271
1,7146,70035.83021218664
1,7147,69046.41700286647
1,7148,68193.37448450539
1,7149,67432.86914749864
1,7150,66744.02933663571
1,7151,66118.0258678689
1,7152,65537.35302160324
1,7153,64995.338177281235
1,7154,64466.50970915757
1,7155,63950.09799672377
1,7156,63441.90727999479
1,7157,62925.94462287135
1,7158,62395.24638062812
1,7159,60817.36191612363
1,7160,52432.91594383592
1,7161,43000.86126037726
1,7162,34230.69544208964
1,7163,28771.824377005254
1,7164,27907.559772423923
1,7165,27331.119032779894
1,7166,26592.37394387495
1,7167,24714.985865653605
1,7168,21235.272841988957
1,7169,16115.602338029075
1,7170,14704.726436101588
1,7171,14154.83796446844
1,7172,13642.621358665849
1,7173,13375.54625753288
1,7174,13375.546257496444
1,7175,13375.54625747781
1,7176,13375.546257472473
1,7177,13375.546257479598
1,7178,13375.54625750129
1,7179,13375.54625754461
1,7180,13375.546257632242
1,7181,13375.546257905979
1,7182,12647.902008233736
1,7183,11782.802748665454
1,7184,10859.014890337201
1,7185,9933.328272201843
1,7186,9933.328272045715
1,7187,9933.328271977889
1,7188,9933.328271941435
1,7189,9933.328271922788
1,7190,9933.328271917437
1,7191,8773.253869224702
1,7192,6848.917824460101
1,7193,4255.366957253122
1,7194,914.3259153515666
1,7195,3.583859789918633e-08
1,7196,4.429055528721562e-08
1,7197,1.8774103247633797e-09
1,7198,991.0755336701161
1,7199,8531.202071191237
1,7200,22554.3141908179
1,7201,40360.6053266213
1,7202,56580.72047073637
1,7203,70289.34111930078
1,7204,76663.4959917714
1,7205,76663.49599176123
1,7206,74342.11946913014
1,7207,56028.400686796536
1,7208,44220.35747422652
1,7209,36202.51916580055
1,7210,34866.535297752314
1,7211,34866.53529771587
1,7212,34866.53529769723
1,7213,34866.53529769189
1,7214,34866.535297699
1,7215,34866.53529772068
1,7216,24083.086309108097
1,7217,12061.344384048562
1,7218,4452.811369616719
1,7219,3.5921354410899185e-08
1,7220,6.020420438274907e-08
1,7221,5.484576995398716e-08
1,7222,1.9215402992445985e-09
1,7223,85.0926242005238
1,7224,8791.85845634046
1,7225,23667.487821759154
1,7226,39834.767781771836
1,7227,57211.07730993241
1,7228,70894.8139459025
1,7229,76663.49599177125
1,7230,69136.86428782847
1,7231,69136.86428763416
1,7232,69136.86428754973
1,7233,69136.86428750436
1,7234,69136.86428748116
1,7235,70943.17435072889
1,7236,76663.49599166305
1,7237,76663.49599176392
1,7238,74742.18182137492
1,7239,68743.71915923418
1,7240,63581.37599323785
1,7241,59094.494312316805
1,7242,55139.344776966354
1,7243,52667.05831495595
1,7244,50864.01875133795
1,7245,50084.90515919664
1,7246,50084.905159171525
1,7247,50084.90515916098
1,7248,50084.905159162896
1,7249,50084.90515917811
1,7250,50084.90515921113
1,7251,50399.7882569995
1,7252,50467.443933655864
1,7253,56115.13334407321
1,7254,56157.766284134304
1,7255,54764.728838026094
1,7256,53298.770427422976
1,7257,51923.811566953
1,7258,50606.74472632951
1,7259,49381.85864430493
1,7260,48352.8755442707
1,7261,47449.462784255506
1,7262,46381.89145802009
1,7263,45206.85932727422
1,7264,43950.01221295183
1,7265,42638.01309063664
1,7266,41297.53912121253
1,7267,39952.97040448438
1,7268,38676.25193766149
1,7269,37456.87833199097
1,7270,36320.52397442125
1,7271,35353.31403787755
1,7272,34412.26976118803
1,7273,33521.19883035843
1,7274,32527.277960443203
1,7275,31422.10063475931
1,7276,30235.608325742327
1,7277,28943.30224777689
1,7278,27536.513999888895
1,7279,26011.307011960213
1,7280,24441.779838481354
1,7281,22912.789512781095
1,7282,21433.2512924312
1,7283,19942.915181443812
1,7284,18574.606496640517
1,7285,17444.584213659957
1,7286,16164.6233828428
1,7287,14232.422049921264
1,7288,11635.918794967743
1,7289,8182.379853716285
1,7290,4725.50507472727
1,7291,1083.0493867993005
1,7292,3.7781290156044776e-06
1,7293,3.740638966655968e-06
1,7294,3.720608173479918e-06
1,7295,3.71352920633828e-06
1,7296,3.7182898029257914e-06
1,7297,3.7362680927045637e-06
1,7298,3.7724603398577895e-06
1,7299,3.841233712443149e-06
1,7300,4.002291755314264e-06
1,7301,10928.014374282697
1,7302,15959.528270233943
1,7303,16240.590584774049
1,7304,11492.187745340127
1,7305,5033.271186131076
1,7306,4.460565036094346
1,7307,2.023961206087493e-08
1,7308,8.713645682830048e-08
1,7309,1.1777986847235744e-07
1,7310,1.3624562983323213e-07
1,7311,1.4751864785552218e-07
1,7312,1.5339586281916525e-07
1,7313,1.5446655890892394e-07
1,7314,1.505556648603466e-07
1,7315,1.4065243446022627e-07
1,7316,1.2228866251427122e-07
1,7317,8.875611891098918e-08
1,7318,2.220723490308044e-09
1,7319,1500.6027031805293
1,7320,10072.502387224406
1,7321,24677.458003545285
1,7322,39154.04141978856
1,7323,47085.60487006232
1,7324,60299.78309494392
1,7325,74116.54135107194
1,7326,76663.49599177083
1,7327,60916.06611007152
1,7328,32683.315100168646
1,7329,10020.85103572468
1,7330,5.419824223694284e-07
1,7331,7.442707614739564e-08
1,7332,2461.1340852528597
1,7333,9707.207692925353
1,7334,8214.910763295095
1,7335,8214.91076305329
1,7336,6722.962261953496
1,7337,1.1782381018549722e-06
1,7338,1.1439003132578639e-06
1,7339,1.1264698211296484e-06
1,7340,1.1239066886241465e-06
1,7341,1.1362737882397982e-06
1,7342,1.1657301569141174e-06
1,7343,96.59151820239339
1,7344,5680.39093235791
1,7345,12616.584474119118
1,7346,31723.008233682718
1,7347,51537.2282672645
1,7348,67981.6794928161
1,7349,76663.49599176874
1,7350,76663.49599147118
1,7351,76663.49599133438
1,7352,76663.49599123823
1,7353,76663.49599116274
1,7354,76663.49599110034
1,7355,76663.4959910473
1,7356,76663.4959910014
1,7357,76663.49599096124
1,7358,75966.382807764
1,7359,63663.150967793845
1,7360,53770.95198800746
1,7361,53770.95198785596
1,7362,53770.95198779015
1,7363,53770.95198775478
1,7364,53770.95198771942
1,7365,53770.95198771422
1,7366,53770.95198772113
1,7367,53770.95198774218
1,7368,53770.95198778422
1,7369,53770.95198786925
1,7370,53770.95198813536
1,7371,67468.78178188537
1,7372,76340.93999636933
1,7373,76663.49599153033
1,7374,76663.49599150769
1,7375,76663.49599149406
1,7376,76663.49599148777
1,7377,76663.49599148823
1,7378,76663.49599149547
1,7379,76663.49599151022
1,7380,76663.4959915343
1,7381,76663.49599157192
1,7382,76663.49599163556
1,7383,76663.49599156663
1,7384,74712.18664199446
1,7385,67157.97063190685
1,7386,67157.97063190855
1,7387,67157.97063192222
1,7388,67157.9706319519
1,7389,67289.35755724602
1,7390,67426.8429381138
1,7391,67569.4495911895
1,7392,67719.80326558315
1,7393,67878.65234968535
1,7394,68039.19558310857
1,7395,68198.95153277408
1,7396,68357.79126392344
1,7397,68515.62435676879
1,7398,68672.04956772545
1,7399,68824.39646323251
1,7400,68978.5895849215
1,7401,69143.10830860901
1,7402,69313.86080551342
1,7403,69492.66685496629
1,7404,69684.58492869351
1,7405,69875.0977685308
1,7406,70061.51852720928
1,7407,70245.07742102121
1,7408,70245.0774210117
1,7409,70245.0774210134
1,7410,70245.07742102708
1,7411,70245.07742105676
1,7412,70245.07742111466
1,7413,70434.86534644765
1,7414,70665.65572399415
1,7415,70911.20710815399
1,7416,71173.05267341287
1,7417,71450.56647037236
1,7418,71741.71421631177
1,7419,72045.919828856
1,7420,72362.64257187585
1,7421,72693.929851678
1,7422,73025.51583673795
1,7423,73025.51583673967
1,7424,73025.51583675334
1,7425,73025.51583678306
1,7426,73025.515836841
1,7427,73192.31979268191
1,7428,73995.22519635026
1,7429,75098.65591346328
1,7430,76531.32592047742
1,7431,59307.434260734546
1,7432,39866.66819619039
1,7433,15837.669859470529
1,7434,1577.9843650321857
1,7435,599.0025855178587
1,7436,599.0025855083826
1,7437,599.0025855101171
1,7438,599.0025855238148
1,7439,3949.9867660946234
1,7440,7070.806579167395
1,7441,9700.716879843232
1,7442,12376.363319693392
1,7443,15018.458134052475
1,7444,17331.709884105596
1,7445,19359.924215928957
1,7446,21081.92073095617
1,7447,22589.564618019667
1,7448,24078.828300120138
1,7449,25721.78257870208
1,7450,27973.656021726747
1,7451,33614.151788777555
1,7452,39956.12854232967
1,7453,43081.58521048873
1,7454,44595.985251345526
1,7455,45586.36004341871
1,7456,41853.18507250699
1,7457,35338.61121561887
1,7458,32282.072810916114
1,7459,32282.072810883314
1,7460,32282.072810866535
1,7461,32282.072810861726
1,7462,32282.072810868132
1,7463,32282.072810887646
1,7464,32899.29883520396
1,7465,33888.46116393805
1,7466,34957.645066538564
1,7467,36291.95866601269
1,7468,37639.64784253953
1,7469,38977.94357775143
1,7470,40266.57800689985
1,7471,41489.09015661928
1,7472,42778.09290278446
1,7473,44276.325683495175
1,7474,46045.98073615235
1,7475,47918.27157277252
1,7476,49813.31726369894
1,7477,51533.15165318935
1,7478,52986.17932052374
1,7479,53770.18505634831
1,7480,53770.18505630623
1,7481,53770.18505628363
1,7482,53770.18505627414
1,7483,53770.18505627586
1,7484,53770.185056289556
1,7485,53770.185056319264
1,7486,53770.1850563772
1,7487,54991.04882733418
1,7488,57086.91940649014
1,7489,59687.82897153684
1,7490,62621.10848412148
1,7491,66045.89958185004
1,7492,70283.42401244186
1,7493,76023.29974973561
1,7494,76663.49599176478
1,7495,64100.87804297251
1,7496,47225.48513889675
1,7497,37249.97439960007
1,7498,34650.9384665802
1,7499,34650.93846646109
1,7500,34650.93846640934
1,7501,34650.93846638153
1,7502,34650.9384663673
1,7503,32446.147859797165
1,7504,23049.39588417085
1,7505,9241.616307607705
1,7506,1591.4656784699707
1,7507,4.825243316881341e-08
1,7508,6.854753095210961e-08
1,7509,7.683251455199681e-08
1,7510,7.682921648303912e-08
1,7511,1471.3144226731054
1,7512,11115.03858976603
1,7513,24125.997807074462
1,7514,38098.68111672202
1,7515,50737.85135448292
1,7516,60047.5058363324
1,7517,76353.42386391119
1,7518,76663.49599176845
1,7519,68105.00455360445
1,7520,49954.35041231417
1,7521,35446.880688865334
1,7522,22716.883134858275
1,7523,20667.245495588802
1,7524,20667.245495488238
1,7525,20667.24549544454
1,7526,20667.245495421055
1,7527,20320.868074115682
1,7528,14292.713504227628
1,7529,3139.0260983673047
1,7530,7.636613361506164e-08
1,7531,8.579810494139834e-08
1,7532,9.237672191556967e-08
1,7533,9.688440239061669e-08
1,7534,9.971605207264353e-08
1,7535,4227.697603303204
1,7536,12007.140383088972
1,7537,22028.249364501
1,7538,31934.28363523037
1,7539,41330.30430940742
1,7540,57565.97472281191
1,7541,73071.7049881559
1,7542,76663.49599173927
1,7543,73415.83632099378
1,7544,64427.87303296451
1,7545,56180.48272401503
1,7546,48895.945635279735
1,7547,43256.410740065374
1,7548,43140.92963778441
1,7549,43140.92963778913
1,7550,41510.08786844229
1,7551,34851.75569916185
1,7552,22615.898404836877
1,7553,7009.332565589186
1,7554,2.5918618247330682e-08
1,7555,4.73016668493253e-08
1,7556,5.166414662199242e-08
1,7557,4.3296634569527526e-08
1,7558,7.799979483411213e-09
1,7559,1500.0711687184325
1,7560,9773.650776565386
1,7561,21917.62273550262
1,7562,35276.80408375343
1,7563,50108.534978946955
1,7564,64769.233346278044
1,7565,76157.27607240496
1,7566,76663.49599173074
1,7567,57920.599497992946
1,7568,31640.310268611855
1,7569,10154.758172911781
1,7570,1089.9658285509697
1,7571,1089.9658284153777
1,7572,1089.9658283564622
1,7573,1089.9658283247938
1,7574,1089.965828308592
1,7575,1089.9658283039366
1,7576,1089.9658283100973
1,7577,1.4434794146095256e-07
1,7578,1.6273044375970697e-07
1,7579,1.8227177848748424e-07
1,7580,2.0447560303244816e-07
1,7581,189.69153410489477
1,7582,314.4979581859128
1,7583,405.3497022796577
1,7584,480.2734633533364
1,7585,546.0081750229914
1,7586,604.8095199566923
1,7587,658.4532745517249
1,7588,708.0642264635537
1,7589,754.2856080261757
1,7590,797.363764886929
1,7591,797.363764888581
1,7592,797.3637649021828
1,7593,797.3637649317656
1,7594,797.3637649894409
1,7595,797.363765125886
1,7596,829.7554152386995
1,7597,861.194369293788
1,7598,889.616281174628
1,7599,889.6162811518752
1,7600,616.9541588071406
1,7601,2.744649334878455e-07
1,7602,2.810492985366947e-07
1,7603,2.9313614829191894e-07
1,7604,3.6829333221192117e-07
1,7605,4.2350127593752647e-07
1,7606,4.6657956726811134e-07
1,7607,5.01125191503405e-07
1,7608,5.291186104780824e-07
1,7609,5.517722468258417e-07
1,7610,5.698770809264017e-07
1,7611,5.839683849451129e-07
1,7612,5.944130051866109e-07
1,7613,6.014580591198531e-07
1,7614,6.052599218565923e-07
1,7615,6.058988261892434e-07
1,7616,6.033883757209681e-07
1,7617,5.976760429773171e-07
1,7618,5.886386439241369e-07
1,7619,5.760696409609287e-07
1,7620,5.596902263215386e-07
1,7621,5.389814461787901e-07
1,7622,5.132785738154368e-07
1,7623,4.815836581219799e-07
1,7624,4.4229172132170726e-07
1,7625,3.9262950032360484e-07
1,7626,3.270650653422729e-07
1,7627,2.3107645973958644e-07
1,7628,2.327430713307854e-08
1,7629,7.391245365711673e-08
1,7630,9.08918274301364e-08
1,7631,9.183778154771803e-08
1,7632,7.653952819221407e-08
1,7633,2.7121671344028858e-08
1,7634,516.4100196667777
1,7635,1074.225726405908
1,7636,1665.549725898249
1,7637,534.5991366245147
1,7638,6.910902207494206e-07
1,7639,3.899425195805564e-07
1,7640,2.1379822398687426e-07
1,7641,2.8752975638993855e-08
1,7642,1184.187053620784
1,7643,7412.468565213579
1,7644,15286.12025596046
1,7645,20741.122014623415
1,7646,17091.179231877453
1,7647,153.915305731765
1,7648,1.6035142179143206e-06
1,7649,1.34232299748324e-06
1,7650,1.2221813048107332e-06
1,7651,1.15152741173301e-06
1,7652,1.1077375877495323e-06
1,7653,1.0822561916270634e-06
1,7654,1.0714360051231227e-06
1,7655,1553.587038020514
1,7656,8259.678878613733
1,7657,17371.443862998178
1,7658,27127.53617928571
1,7659,36302.0447013723
1,7660,48922.370914968495
1,7661,69458.93604424546
1,7662,76663.49599176762
1,7663,72314.07137553215
1,7664,68320.88643212854
1,7665,65847.90009043757
1,7666,64160.00191878244
1,7667,63259.80064915277
1,7668,62398.144777533336
1,7669,61020.16217871167
1,7670,59377.730265046375
1,7671,57605.974305610325
1,7672,55468.74264381647
1,7673,52324.2559869458
1,7674,50517.112533051295
1,7675,49075.342994394734
1,7676,47825.38430844107
1,7677,47807.3010848512
1,7678,47807.301084783394
1,7679,47807.30108474695
1,7680,47807.301084728315
1,7681,47807.30108472297
1,7682,47807.30108473009
1,7683,47807.30108475178
1,7684,47807.30108479509
1,7685,47199.71921386593
1,7686,46171.417575649844
1,7687,45000.88705309386
1,7688,43793.307511620216
1,7689,42671.62399537514
1,7690,41628.326134238894
1,7691,40623.497336187764
1,7692,39636.56240406407
1,7693,38652.48282683241
1,7694,37596.571986625946
1,7695,36455.282590885065
1,7696,35160.544306585056
1,7697,33519.474852252475
1,7698,32268.994876543507
1,7699,31138.03223067618
1,7700,30074.16849833997
1,7701,29065.820551202138
1,7702,28357.15534033824
1,7703,28357.15534018223
1,7704,28357.155340114437
1,7705,28357.155340077996
1,7706,28357.155340059362
1,7707,28357.15534005402
1,7708,28032.95066347849
1,7709,27041.11487613377
1,7710,25724.95594444279
1,7711,23877.88697000666
1,7712,20679.398532160696
1,7713,19003.81188188082
1,7714,17449.815491843852
1,7715,16732.347751910598
1,7716,16732.34775175462
1,7717,16732.347751686833
1,7718,15393.72017468807
1,7719,13075.562639087488
1,7720,9918.086456725488
1,7721,6047.126927949304
1,7722,1688.0450943611438
1,7723,4.985882844314168e-08
1,7724,5.048523046903325e-08
1,7725,8.513178214269003e-09
1,7726,2.3485133899723513e-09
1,7727,4981.094712739575
1,7728,15899.739978749829
1,7729,29954.554629061702
1,7730,44773.65257831971
1,7731,58188.9429053366
1,7732,69021.8595091064
1,7733,76575.77721015226
1,7734,76663.49599177168
1,7735,75948.54542615158
1,7736,72387.18220784151
1,7737,70645.40399329597
1,7738,69683.96250914173
1,7739,68907.60408916368
1,7740,68907.60408900745
1,7741,68907.6040889396
1,7742,68232.22776124386
1,7743,67290.78104924536
1,7744,66361.50362751746
1,7745,65467.21394792811
1,7746,64632.2964986788
1,7747,63913.32775570253
1,7748,63356.78932370591
1,7749,63356.78932363811
1,7750,63356.789323601675
1,7751,63356.78932358304
1,7752,63356.78932357771
1,7753,63356.78932358483
1,7754,63356.78932360652
1,7755,63356.78932364985
1,7756,63236.22648543707
1,7757,62750.91847592776
1,7758,62226.81158572908
1,7759,60907.1427457409
1,7760,52184.064467164644
1,7761,51670.63093035617
1,7762,51181.34667167434
1,7763,50697.521913466975
1,7764,50219.65141705771
1,7765,49739.142689593486
1,7766,49230.9302270718
1,7767,44320.006673625714
1,7768,29462.961428904444
1,7769,11081.96324098544
1,7770,3567.5433844800505
1,7771,2950.2440075519885
1,7772,2269.0183559007532
1,7773,1396.6860862106846
1,7774,3.122845308555752e-08
1,7775,8.801580522272085e-08
1,7776,1.1585101868281868e-07
1,7777,1.329017975937037e-07
1,7778,1.4341406347751742e-07
1,7779,1.4897511860324027e-07
1,7780,1.5011767738826393e-07
1,7781,1.4668886777347424e-07
1,7782,1.3780530645112398e-07
1,7783,1.2134556742171804e-07
1,7784,9.183646893930306e-08
1,7785,2.3993309901910813e-08
1,7786,210.59031633526084
1,7787,3483.6895684490255
1,7788,10848.026569123096
1,7789,19672.405071626556
1,7790,21772.134836415033
1,7791,7744.876336375643
1,7792,9.286324470764553e-07
1,7793,6.351166808482751e-07
1,7794,4.86833618578797e-07
1,7795,3.862410805237143e-07
1,7796,3.0762018245444585e-07
1,7797,2.3855196136868067e-07
1,7798,1.682086449369014e-07
1,7799,7.294841437079655e-08
1,7800,3563.134962759298
1,7801,9955.134593400979
1,7802,18005.65002741171
1,7803,25870.028016041942
1,7804,34099.81698866428
1,7805,40035.64563123121
1,7806,44968.4398149816
1,7807,44968.43981500412
1,7808,44968.439815053
1,7809,44968.439815148326
1,7810,44968.439815374346
1,7811,54234.243779494274
1,7812,67813.21099707585
1,7813,76663.49599176816
1,7814,76663.49599125933
1,7815,76663.49599101603
1,7816,76663.4959908394
1,7817,76663.49599069622
1,7818,76663.4959905741
1,7819,76663.49599046675
1,7820,76663.49599037056
1,7821,76663.49599028318
1,7822,76663.49599026085
1,7823,76663.49599025371
1,7824,76663.49599026017
1,7825,76663.49599028258
1,7826,76663.49599033038
1,7827,76663.49599044124
1,7828,76663.495991456
1,7829,76663.49599141965
1,7830,76663.49599139264
1,7831,76663.49599137272
1,7832,76663.49599135862
1,7833,76663.4959913496
1,7834,76663.49599134523
1,7835,76663.49599134533
1,7836,76663.49599134993
1,7837,76663.49599135919
1,7838,76663.49599137355
1,7839,74523.89967065115
1,7840,73077.43142890427
1,7841,70731.75414053831
1,7842,70731.75414050432
1,7843,70731.75414048693
1,7844,70731.75414048196
1,7845,70731.75414050219
1,7846,70731.75414052242
1,7847,70731.75414054266
1,7848,70731.75414058307
1,7849,70731.75414066481
1,7850,70731.7541409204
1,7851,75009.10337449462
1,7852,76663.49599107151
1,7853,76663.4959910955
1,7854,76663.4959911237
1,7855,76663.4959911569
1,7856,76663.49599119474
1,7857,76663.4959912187
1,7858,76663.4959912754
1,7859,76663.49599134667
1,7860,76663.49599144273
1,7861,76663.49599159954
1,7862,70776.57194143864
1,7863,70776.57194118874
1,7864,65209.60589996798
1,7865,55530.4465843513
1,7866,53894.29872796725
1,7867,53894.29872795776
1,7868,53894.298727959474
1,7869,53894.29872797316
1,7870,54699.86178121929
1,7871,56050.78468402018
1,7872,57678.72149551941
1,7873,59506.54070539274
1,7874,62231.696852109606
1,7875,65247.41008939818
1,7876,68566.00412265534
1,7877,72385.15766484712
1,7878,76663.49599170983
1,7879,70020.70142129925
1,7880,53899.713011656815
1,7881,39391.10640501001
1,7882,30573.528110884305
1,7883,24748.30290330034
1,7884,23490.027497281102
1,7885,22512.81542855703
1,7886,22512.8154284199
1,7887,16434.35524940123
1,7888,7694.215212249483
1,7889,3.2634529695599584e-07
1,7890,3.164160030304057e-07
1,7891,3.1225749347758283e-07
1,7892,3.1367241005471466e-07
1,7893,3.208825081219696e-07
1,7894,2383.334468086575
1,7895,8823.269940640746
1,7896,16164.03747616877
1,7897,23028.062598452158
1,7898,35108.03744632712
1,7899,47356.07500157606
1,7900,58950.06918015679
1,7901,69789.93253478658
1,7902,76663.49599176689
1,7903,76663.49599176165
1,7904,68852.30256866009
1,7905,58943.10725482445
1,7906,48423.378519316924
1,7907,38557.30159393418
1,7908,34983.50197662655
1,7909,32238.369256265858
1,7910,32238.369256163252
1,7911,30296.39434509521
1,7912,22250.62775365745
1,7913,7734.8368131281295
1,7914,1.3393100668895853e-07
1,7915,1.316188994841545e-07
1,7916,1.3034254475836004e-07
1,7917,1.2998332604556052e-07
1,7918,1.3047258198950582e-07
1,7919,3314.9356563864253
1,7920,11969.680176873246
1,7921,22550.00637071027
1,7922,33274.00599284285
1,7923,43138.986778885046
1,7924,58747.5334508162
1,7925,74226.27678841373
1,7926,76663.49599174611
1,7927,63009.46228908753
1,7928,50795.103771124515
1,7929,43131.0587284496
1,7930,40974.93097284454
1,7931,40974.93097283227
1,7932,40974.93097282875
1,7933,40974.930972833434
1,7934,40974.93097284772
1,7935,34968.13050246704
1,7936,22888.233698115968
1,7937,6777.645219342029
1,7938,2.6969986887394158e-08
1,7939,5.1435185612857235e-08
1,7940,5.995544268673302e-08
1,7941,5.9041851859686e-08
1,7942,4.7615902547307437e-08
1,7943,1.1019598975952764e-08
1,7944,2977.7250643800508
1,7945,10309.879874950962
1,7946,20435.952702751507
1,7947,30723.088094706527
1,7948,40444.79643915281
1,7949,47383.55171892537
1,7950,47330.253427813084
1,7951,37915.826934683944
1,7952,17730.267838914602
1,7953,307.9763998537326
1,7954,307.97639972048603
1,7955,307.9763996625844
1,7956,307.9763996314524
1,7957,307.9763996155124
1,7958,307.9763996109089
1,7959,307.9763996169233
1,7960,307.97639963533396
1,7961,1.0800207733115206e-07
1,7962,1.3721114181715365e-07
1,7963,1.649695406399454e-07
1,7964,1.945824394309324e-07
1,7965,2.2900596905375673e-07
1,7966,2.72013073830213e-07
1,7967,388.93606671405104
1,7968,3479.1318392561525
1,7969,10587.570415247632
1,7970,18595.15991923282
1,7971,25133.531741535062
1,7972,31081.33545636422
1,7973,36434.4422640301
1,7974,40988.38791230191
1,7975,44183.410929322505
1,7976,45883.887278312686
1,7977,48262.31050228038
1,7978,51599.02537641848
1,7979,55057.118280872535
1,7980,59710.16487808705
1,7981,65660.42845335677
1,7982,68938.81478435705
1,7983,64122.25724637099
1,7984,47201.36443325329
1,7985,37235.253690675105
1,7986,26689.583521986264
1,7987,21726.131972255196
1,7988,21726.131972232593
1,7989,21726.1319722231
1,7990,21726.131972224823
1,7991,21726.131972238512
1,7992,22278.21516277752
1,7993,24191.37889517402
1,7994,26734.20185584084
1,7995,32898.532616140765
1,7996,41336.536432191235
1,7997,46560.12704616869
1,7998,43381.39712785526
1,7999,35401.4881530624
1,8000,22326.41446075139
1,8001,22326.414460690346
1,8002,22326.414460657546
1,8003,22326.414460640775
1,8004,23225.26470718735
1,8005,23493.977997278576
1,8006,23493.977997298094
1,8007,23493.97799727549
1,8008,23493.977997265993
1,8009,23493.977997267717
1,8010,23493.977997281407
1,8011,23493.977997311118
1,8012,24884.08174798335
1,8013,27405.30471535164
1,8014,31062.994487729226
1,8015,36820.4837791162
1,8016,43382.25417583175
1,8017,49791.79906860973
1,8018,55892.36177687708
1,8019,61538.12769250564
1,8020,67090.75718764671
1,8021,73288.37900222908
1,8022,76663.4959917718
1,8023,76663.49599177319
1,8024,76025.5272831403
1,8025,69026.60424833212
1,8026,60256.544152027156
1,8027,49468.0950613304
1,8028,44411.59942084563
1,8029,41792.37065012116
1,8030,37680.41914059806
1,8031,31389.553966158815
1,8032,20403.218178970266
1,8033,6437.299678124412
1,8034,2.014869862885311e-10
1,8035,2.8574406203876323e-08
1,8036,3.454679156109184e-08
1,8037,2.985038082922611e-08
1,8038,4.611864786140356e-09
1,8039,2526.6682601592024
1,8040,13368.173598395699
1,8041,27429.015305108896
1,8042,42746.52747459106
1,8043,57832.698639483315
1,8044,70203.95159534679
1,8045,76663.4959917643
1,8046,69840.62198197017
1,8047,69840.62198187524
1,8048,61473.94031201889
1,8049,54165.173933352846
1,8050,47873.460547104834
1,8051,42631.319139647574
1,8052,41916.41017692987
1,8053,41916.41017694306
1,8054,37535.74120911
1,8055,28444.04288563864
1,8056,16232.600212575604
1,8057,3647.6242033240746
1,8058,1.92186970025624e-08
1,8059,3.780885992106525e-08
1,8060,3.769441302550123e-08
1,8061,1.7597530972336846e-08
1,8062,6.699100045987104e-09
1,8063,1796.872676527016
1,8064,10937.81582064308
1,8065,23492.61176193595
1,8066,37339.16700802598
1,8067,52085.26923229665
1,8068,66313.07224664484
1,8069,76530.76115007927
1,8070,76663.49599176165
1,8071,58038.203440851496
1,8072,28156.417512618154
1,8073,5.638401395009112e-07
1,8074,3.9478227852404605e-07
1,8075,3.104820335042601e-07
1,8076,2.5459671763294867e-07
1,8077,2.12645857834015e-07
1,8078,1.7837602172429364e-07
1,8079,1.4797155848102965e-07
1,8080,1.1802348690366667e-07
1,8081,8.348228871781155e-08
1,8082,2.762876317090478e-08
1,8083,1142.5823541467144
1,8084,1819.1257116561778
1,8085,2333.1919668672517
1,8086,2767.696550976305
1,8087,3177.484433455362
1,8088,5257.719978549693
1,8089,11939.911842821673
1,8090,22167.22516813625
1,8091,33752.999005203295
1,8092,43484.67401090064
1,8093,46240.53912647041
1,8094,46559.60199989525
1,8095,46859.88093134524
1,8096,47160.48725692928
1,8097,47460.67158081171
1,8098,47756.30185335691
1,8099,48049.41653225828
1,8100,48351.53853965026
1,8101,48656.16153170219
1,8102,48947.84381532189
1,8103,48947.843815299275
1,8104,48947.84381528977
1,8105,48947.84381529149
1,8106,48947.84381530517
1,8107,48947.843815334876
1,8108,48947.843815392785
1,8109,48947.843815530054
1,8110,49266.666105771066
1,8111,49596.96757698758
1,8112,49934.4957176597
1,8113,50283.40800163763
1,8114,50639.671868566336
1,8115,50996.49583001986
1,8116,51353.47297764745
1,8117,51706.28307057313
1,8118,52052.98863031241
1,8119,52393.91574658689
1,8120,52730.14090907492
1,8121,53061.95942542314
1,8122,53389.167406793655
1,8123,53692.37590407453
1,8124,53963.12387769015
1,8125,54037.847300609465
1,8126,53498.23433627888
1,8127,53498.23433602731
1,8128,53498.23433594512
1,8129,53498.23433590295
1,8130,53498.23433588028
1,8131,53498.234335870744
1,8132,53498.23433587243
1,8133,53498.23433588607
1,8134,53498.23433591571
1,8135,53656.583659360804
1,8136,54028.18812171336
1,8137,54418.01073896346
1,8138,54838.22148287173
1,8139,55267.560740209294
1,8140,55708.0906983319
1,8141,56155.32445142999
1,8142,56600.69371275382
1,8143,57042.37008504793
1,8144,57483.536330102565
1,8145,57924.2975990536
1,8146,58362.55043607206
1,8147,58775.5200030528
1,8148,59203.10985787131
1,8149,59650.94627500599
1,8150,60090.45572544614
1,8151,60410.502658005535
1,8152,60410.50265799603
1,8153,60410.50265799776
1,8154,60410.502658011435
1,8155,60410.50265804114
1,8156,60410.50265809906
1,8157,60410.50265823637
1,8158,60951.28832830982
1,8159,61574.08206883149
1,8160,62236.52877344694
1,8161,62948.90233131928
1,8162,63728.32176709286
1,8163,64558.32403824948
1,8164,65423.63550323515
1,8165,66296.70165088204
1,8166,67154.72499162561
1,8167,67872.72162909948
1,8168,63722.49904629722
1,8169,63490.07700723736
1,8170,63490.07700709707
1,8171,63490.07700703608
1,8172,63490.0770070033
1,8173,63490.07700698655
1,8174,63243.974465188025
1,8175,56483.49062396341
1,8176,56483.49062371376
1,8177,53018.396950573646
1,8178,53018.39695053156
1,8179,53018.396950508955
1,8180,53018.39695049946
1,8181,53018.396950501185
1,8182,53018.39695051487
1,8183,53018.396950544586
1,8184,54526.24512766116
1,8185,56591.042751362365
1,8186,59501.76400719265
1,8187,63802.283843477446
1,8188,68997.42119364667
1,8189,75249.18866779996
1,8190,76663.49599176478
1,8191,68528.50276183462
1,8192,48815.11740396137
1,8193,32863.84489748859
1,8194,23999.29934813565
1,8195,21035.69142327966
1,8196,19732.26243347611
1,8197,18184.734562293208
1,8198,16053.21110715899
1,8199,13062.417457518339
1,8200,7409.927081541431
1,8201,2094.8181379293674
1,8202,2.449885272696095e-07
1,8203,2.3561812370249155e-07
1,8204,2.3052205273965004e-07
1,8205,2.2943919413825225e-07
1,8206,2.3236603855341102e-07
1,8207,2.3956575831893235e-07
1,8208,6278.429103309276
1,8209,17305.67859541141
1,8210,30418.344692631264
1,8211,42219.51738666749
1,8212,59328.326225893936
1,8213,76237.01807717403
1,8214,76663.49599177188
1,8215,76663.49599177335
1,8216,74204.16489769306
1,8217,67712.44418958366
1,8218,59127.45662986926
1,8219,48923.596093008666
1,8220,42624.75399808747
1,8221,39725.883093447694
1,8222,35052.69159808773
1,8223,27795.712725491845
1,8224,17226.088352300863
1,8225,5051.083676264849
1,8226,4.528199693413973e-11
1,8227,2.6007503077772078e-08
1,8228,3.1390805058877075e-08
1,8229,2.6971103242750974e-08
1,8230,3.1452355045452317e-09
1,8231,2438.5594890009943
1,8232,13391.858015286261
1,8233,28146.4170569554
1,8234,43730.41618195018
1,8235,58030.71526541805
1,8236,70616.62792037174
1,8237,76663.49599176912
1,8238,76663.4959917503
1,8239,76663.49599177336
1,8240,72685.347459014
1,8241,63769.89050005542
1,8242,54555.4215058565
1,8243,45145.863921665856
1,8244,39082.49679726692
1,8245,36116.07078154005
1,8246,31868.110944054293
1,8247,24949.879569563345
1,8248,14719.247254878897
1,8249,3361.1068241108496
1,8250,2.943309551968925e-11
1,8251,1.7392021782753203e-10
1,8252,2.9063507629811493e-08
1,8253,3.0634682397205507e-08
1,8254,9.725398930409898e-09
1,8255,2.9020436305255505e-08
1,8256,2888.83866307676
1,8257,11219.708671623832
1,8258,23560.868562461535
1,8259,38816.47451059759
1,8260,54492.745762945684
1,8261,65456.390326473
1,8262,65456.39032644602
1,8263,55632.64676964927
1,8264,35306.71588552732
1,8265,16529.302416838873
1,8266,881.3565719082407
1,8267,5.235885825337263e-07
1,8268,3.6610563347550754e-07
1,8269,2.8748913404681633e-07
1,8270,2.3529188622576106e-07
1,8271,1.9601579247816112e-07
1,8272,1.6380090721074183e-07
1,8273,1.350195120414894e-07
1,8274,1.0631657363208396e-07
1,8275,7.235502495813047e-08
1,8276,1.1748923909740431e-08
1,8277,3662.8660755037395
1,8278,9432.850173329882
1,8279,17341.23498961774
1,8280,25637.5946996438
1,8281,34044.08354332476
1,8282,42433.12421435171
1,8283,50372.40648730404
1,8284,58623.59255222865
1,8285,66745.55002073487
1,8286,74074.90452751126
1,8287,76663.4959907106
1,8288,76663.49599062772
1,8289,76663.49599058866
1,8290,71823.28461675235
1,8291,62992.51231789285
1,8292,54476.84803006581
1,8293,45949.84045079555
1,8294,35060.15940634479
1,8295,20302.148265793894
1,8296,13245.431259290588
1,8297,4905.197792539351
1,8298,2.669735519116815e-06
1,8299,2.635878852204083e-06
1,8300,2.6175844658462774e-06
1,8301,2.610815646199565e-06
1,8302,2.614516168200371e-06
1,8303,2.6297689670658903e-06
1,8304,2.660672459083458e-06
1,8305,2943.0866777978363
1,8306,7032.28981432596
1,8307,12948.685475767765
1,8308,27658.451550001642
1,8309,40746.56416989712
1,8310,51415.34710916201
1,8311,57175.2233005128
1,8312,58756.785340652736
1,8313,56667.41218310664
1,8314,50056.0284517271
1,8315,37688.34717869263
1,8316,27924.8958277869
1,8317,21438.33280603943
1,8318,14205.821901018535
1,8319,13246.711532872221
1,8320,13246.711532731735
1,8321,9003.28414615054
1,8322,7225.986775086677
1,8323,7225.986775069903
1,8324,7225.986775065095
1,8325,7225.986775071502
1,8326,7752.7150462203335
1,8327,8994.62691588804
1,8328,10249.132400239076
1,8329,11485.290970118293
1,8330,18894.240625015143
1,8331,28752.632962904252
1,8332,38915.86581917232
1,8333,43029.06765149888
1,8334,44204.703160866025
1,8335,45187.813587566976
1,8336,46028.10357405461
1,8337,46926.65340475768
1,8338,47906.034319510814
1,8339,48929.15457749318
1,8340,50009.57109858542
1,8341,51083.83758863279
1,8342,52031.71735857528
1,8343,52031.717358552676
1,8344,52031.71735854318
1,8345,52031.717358544905
1,8346,52031.717358558584
1,8347,52031.7173585883
1,8348,52031.71735864622
1,8349,52031.717358783586
1,8350,53153.50309501617
1,8351,54658.879341164036
1,8352,56499.21257772478
1,8353,59072.34152454363
1,8354,62121.53309093344
1,8355,65358.78892403773
1,8356,68555.91241454045
1,8357,71920.69415761798
1,8358,76480.90590827946
1,8359,76663.49599176478
1,8360,69884.74740269312
1,8361,60018.106366496904
1,8362,50297.05628778554
1,8363,39330.63851499678
1,8364,30395.377628118666
1,8365,20594.826502019936
1,8366,16637.65253218243
1,8367,13682.877617146096
1,8368,8954.450881749155
1,8369,2531.812691460528
1,8370,2.2403200245125652e-07
1,8371,2.141410485847399e-07
1,8372,2.0799704423521198e-07
1,8373,2.0527747778212725e-07
1,8374,2.0586529876721123e-07
1,8375,2780.9519259959243
1,8376,11774.261874170703
1,8377,22311.626878664007
1,8378,31761.956056921023
1,8379,40406.190758367964
1,8380,61920.894585532085
1,8381,75089.04098853882
1,8382,74226.11200755191
1,8383,61246.40149878581
1,8384,46585.41919425056
1,8385,32539.207771121844
1,8386,26297.703256491593
1,8387,26297.70325647691
1,8388,26297.7032564727
1,8389,26297.703256478304
1,8390,26228.99247238801
1,8391,18260.200350847303
1,8392,7745.846476944601
1,8393,3.52769030804843e-08
1,8394,5.4111689775812285e-08
1,8395,5.4115531822278144e-08
1,8396,3.4299369054292665e-08
1,8397,5.279706567914381e-07
1,8398,7.708864478394835e-07
1,8399,9.481731076057967e-07
1,8400,1.0921938831342203e-06
1,8401,1.2152398608156114e-06
1,8402,1.3234980328104273e-06
1,8403,1.4205915620521883e-06
1,8404,1.508857112158266e-06
1,8405,1.5899043629935376e-06
1,8406,1.6648979276800892e-06
1,8407,1.7347052554479887e-06
1,8408,1.8000100585990712e-06
1,8409,1.8613573918963792e-06
1,8410,1.9191756542042554e-06
1,8411,1.9738201586323636e-06
1,8412,2.0255878096996863e-06
1,8413,2.074727635842117e-06
1,8414,2.121451345705929e-06
1,8415,2.0910691053191953e-06
1,8416,2.0750595551401532e-06
1,8417,2.0702593942533223e-06
1,8418,2.0760602886973727e-06
1,8419,2.093954829794978e-06
1,8420,2.1286948599062716e-06
1,8421,2.161783107008583e-06
1,8422,2.1933102395000487e-06
1,8423,2.223357965079869e-06
1,8424,2.2520005833067368e-06
1,8425,2.2793046425577043e-06
1,8426,2.305325169008228e-06
1,8427,2.3301164995322837e-06
1,8428,2.3537265448759885e-06
1,8429,2.37620005385554e-06
1,8430,2.397577879580462e-06
1,8431,2.417896361166065e-06
1,8432,2.4122090727485106e-06
1,8433,2.4173315902663133e-06
1,8434,2.434642039894283e-06
1,8435,2.4509994973474954e-06
1,8436,2.4664280729837576e-06
1,8437,2.4809498810132724e-06
1,8438,2.4945838922041386e-06
1,8439,2.40147829677715e-06
1,8440,2.352607354346673e-06
1,8441,2.324933124866601e-06
1,8442,2.3110744691401224e-06
1,8443,2.308410996257771e-06
1,8444,2.3167491412026675e-06
1,8445,2.324225066317742e-06
1,8446,2.3308493528194536e-06
1,8447,2.3366345118067296e-06
1,8448,2.354830905626406e-06
1,8449,2.3903434783162196e-06
1,8450,2.4570311382473425e-06
1,8451,2.6122303979319965e-06
1,8452,672.4988672894248
1,8453,755.8269420392346
1,8454,755.8269420410361
1,8455,755.8269420428322
1,8456,755.8269420446246
1,8457,755.8269420464134
1,8458,755.8269420481987
1,8459,755.8269420499807
1,8460,755.8269420517594
1,8461,755.8269420535344
1,8462,755.8269420553056
1,8463,755.8269420570731
1,8464,755.8269420588371
1,8465,755.8269420605975
1,8466,755.8269420623545
1,8467,755.8269420641082
1,8468,755.8269420658584
1,8469,755.8269420676052
1,8470,755.8269420693484
1,8471,755.8269420710885
1,8472,755.8269420728254
1,8473,755.8269420745597
1,8474,755.8269420762916
1,8475,755.8269420780199
1,8476,755.8269420797441
1,8477,755.8269420814642
1,8478,755.82694208318
1,8479,755.8269420848918
1,8480,755.8269420866001
1,8481,755.8269420883046
1,8482,755.8269420900056
1,8483,755.8269420917028
1,8484,755.8269420933964
1,8485,755.8269420950867
1,8486,755.8269420967731
1,8487,755.8269420984553
1,8488,755.8269421001199
1,8489,755.8269420555392
1,8490,755.8269420315708
1,8491,755.8269420214347
1,8492,755.8269420230982
1,8493,755.8269420247606
1,8494,755.8269420264198
1,8495,755.8269420280756
1,8496,755.8269420297286
1,8497,755.8269420313803
1,8498,755.826942033031
1,8499,755.8269420346747
1,8500,755.8269420363139
1,8501,755.8269420379489
1,8502,755.8269420395799
1,8503,755.8269420412057
1,8504,8.277131989040251e-07
1,8505,6.393729707466047e-07
1,8506,5.500105923798241e-07
1,8507,4.950366073873023e-07
1,8508,4.5837165042446684e-07
1,8509,4.337355853599174e-07
1,8510,4.120169202204149e-07
1,8511,3.8347273963277185e-07
1,8512,3.4598060026267644e-07
1,8513,2.9540134121306717e-07
1,8514,2.215892254585556e-07
1,8515,8.037052517664769e-08
1,8516,7.953405950817554e-08
1,8517,6.254733054483975e-08
1,8518,1.8233452635903103e-09
1,8519,1411.2439348291362
1,8520,11385.451589210377
1,8521,24804.169402303993
1,8522,37189.43641077392
1,8523,48088.8438376561
1,8524,62367.91647943265
1,8525,75336.65689663266
1,8526,76663.49599177144
1,8527,76663.49599176018
1,8528,76663.49599161024
1,8529,76663.49599154672
1,8530,76663.49599150695
1,8531,76663.49599148013
1,8532,76663.49599146226
1,8533,76663.49599145149
1,8534,76663.49599144692
1,8535,76663.49599144823
1,8536,76663.4959914555
1,8537,76663.49599117905
1,8538,76663.49599110766
1,8539,76663.49599107506
1,8540,76663.49599106166
1,8541,76663.49599106266
1,8542,76663.49599107898
1,8543,76663.49599111835
1,8544,76663.49599116445
1,8545,76663.4959912193
1,8546,76663.49599128631
1,8547,76663.49599137239
1,8548,76663.4959914958
1,8549,76663.49599176503
1,8550,76491.19218933987
1,8551,72692.27057576404
1,8552,58828.21484779388
1,8553,44610.37837202524
1,8554,33855.10170419612
1,8555,24568.256975494292
1,8556,18130.71040404508
1,8557,14064.87089095726
1,8558,10244.907579594505
1,8559,6289.505659487457
1,8560,2166.730957179564
1,8561,2.817190581044202e-08
1,8562,3.7971304797219344e-08
1,8563,1.8403768302479505e-08
1,8564,943.0068517148213
1,8565,1530.0675787544978
1,8566,1970.7117649355434
1,8567,2344.1996231798366
1,8568,2686.265416743609
1,8569,3017.8383196639456
1,8570,3346.3597019483286
1,8571,3717.5402910026182
1,8572,3986.8641182805864
1,8573,4212.791328818447
1,8574,4419.104929764917
1,8575,4592.915506845548
1,8576,4592.91550690344
1,8577,4592.915507040608
1,8578,4758.855855425406
1,8579,4924.436884857615
1,8580,5085.958741383203
1,8581,5241.324783237211
1,8582,5374.320089166115
1,8583,5374.3200889158015
1,8584,5124.219867376656
1,8585,5.946472089338271e-07
1,8586,5.677429722128697e-07
1,8587,5.515582476514494e-07
1,8588,5.440756288298048e-07
1,8589,5.4460054128879e-07
1,8590,6.385182952924973e-07
1,8591,7.152581580956857e-07
1,8592,7.803374489063044e-07
1,8593,8.367871694355813e-07
1,8594,8.864778497665558e-07
1,8595,9.306580494069638e-07
1,8596,9.702090284919836e-07
1,8597,1.0057788978872634e-06
1,8598,1.0378594759361242e-06
1,8599,1.0668333493015457e-06
1,8600,1.09300402943149e-06
1,8601,1.1166160584846156e-06
1,8602,1.137869375387665e-06
1,8603,1.156928136819774e-06
1,8604,1.173929134527926e-06
1,8605,1.1889851164585165e-06
1,8606,1.2021899344831326e-06
1,8607,7.880623300803805e-07
1,8608,6.653749282653628e-07
1,8609,5.982551836695342e-07
1,8610,5.558414965637932e-07
1,8611,5.282414865669278e-07
1,8612,5.112508657957701e-07
1,8613,5.029406430403366e-07
1,8614,4.905216440435163e-07
1,8615,4.7356775970363836e-07
1,8616,4.514128475280278e-07
1,8617,4.230077377646315e-07
1,8618,3.8661952622909756e-07
1,8619,3.391625692785935e-07
1,8620,4.2663134942552434e-07
1,8621,5.835762135260759e-07
1,8622,1.237169613111386e-06
1,8623,1.1115141915767242e-06
1,8624,9.644643728124467e-07
1,8625,7.834817469968636e-07
1,8626,5.354420309406803e-07
1,8627,2.9325459956330694e-08
1,8628,1.4918941656212148e-07
1,8629,2.4865097140967254e-07
1,8630,3.7473225527749794e-07
1,8631,6.04688288840605e-07
1,8632,9.688957781494027
1,8633,3.958115227006273e-08
1,8634,7.620276964219962e-08
1,8635,8.322963155619394e-08
1,8636,6.836227918199532e-08
1,8637,2.1266715700445187e-09
1,8638,729.5719812098906
1,8639,5283.829068470998
1,8640,12665.35057310083
1,8641,20353.40798597837
1,8642,27062.663232323965
1,8643,32628.442778279335
1,8644,38054.84598192345
1,8645,42235.6171049622
1,8646,46310.79190466692
1,8647,48413.25738425962
1,8648,47689.134973970344
1,8649,47956.13059844989
1,8650,51814.68917493913
1,8651,55499.47185970289
1,8652,61022.39702466232
1,8653,69310.60414191375
1,8654,74508.19382534137
1,8655,76663.49599177064
1,8656,76659.85194967901
1,8657,70498.35047923477
1,8658,64400.34125586941
1,8659,58834.462759329836
1,8660,55681.88833823567
1,8661,55681.88833798579
1,8662,56842.78858510232
1,8663,60994.700946267294
1,8664,67763.52222173277
1,8665,74869.39625523883
1,8666,76663.49599142563
1,8667,76663.49599148522
1,8668,76663.49599176896
1,8669,76663.49599171798
1,8670,76663.49599171759
1,8671,76663.49599176575
1,8672,67775.92713417932
1,8673,58267.30383729095
1,8674,48594.6391766014
1,8675,38053.09023117711
1,8676,33175.087752825115
1,8677,32471.99008816751
1,8678,29116.654038969697
1,8679,23369.08815317293
1,8680,14247.138897041708
1,8681,4350.087964798175
1,8682,8.184660589663538e-08
1,8683,8.133193224528186e-08
1,8684,7.437550867202172e-08
1,8685,5.795012328722605e-08
1,8686,1.6406733981982376e-08
1,8687,609.9355579101416
1,8688,7608.616590989721
1,8689,18345.761750361784
1,8690,32420.410916091198
1,8691,47205.52151778534
1,8692,61810.402710319824
1,8693,71253.40247776291
1,8694,71253.40247766956
1,8695,65387.310820388215
1,8696,46039.31210352932
1,8697,27082.889880355953
1,8698,13014.806926357103
1,8699,4353.839685113927
1,8700,4353.839684864702
1,8701,4353.839684782798
1,8702,4353.839684740732
1,8703,4353.839684718128
1,8704,3782.516718580903
1,8705,3513.4142014109443
1,8706,3513.414201424628
1,8707,3513.4142014543345
1,8708,3664.810658255438
1,8709,4214.002299777941
1,8710,4737.532481509867
1,8711,5297.378523056382
1,8712,7777.746590185834
1,8713,15704.799195501646
1,8714,25540.391020198258
1,8715,36274.00034364745
1,8716,45318.651309404784
1,8717,47406.633083062385
1,8718,47840.18041009808
1,8719,48243.12538757674
1,8720,48550.03645965763
1,8721,48917.04325817522
1,8722,49318.32302331442
1,8723,49731.39506124277
1,8724,50152.95025938007
1,8725,50572.74860211123
1,8726,50953.65695513824
1,8727,50953.65695513995
1,8728,50953.656955153616
1,8729,50953.656955183294
1,8730,50953.656955241175
1,8731,50953.65695537832
1,8732,51321.52157568195
1,8733,51789.16346575819
1,8734,52274.752243775016
1,8735,52812.06436925722
1,8736,55220.772143906775
1,8737,60024.154952242556
1,8738,64609.03374603012
1,8739,67515.63776069583
1,8740,68350.41813070331
1,8741,68979.01200879841
1,8742,69580.80708954831
1,8743,69866.56265489494
1,8744,69866.56265492464
1,8745,69866.56265498255
1,8746,69866.56265511984
1,8747,70294.18764817993
1,8748,71310.99054963342
1,8749,72424.81594139988
1,8750,66423.29668332584
1,8751,47904.43189029077
1,8752,37418.33973566855
1,8753,25695.066394633657
1,8754,20033.272999433986
1,8755,20033.272999411383
1,8756,20033.27299940189
1,8757,20033.272999403616
1,8758,20033.272999417302
1,8759,20033.272999447025
