STO,T,value
0,0,84.42022614225445
0,1,76.16154414415757
0,2,69.95172368615673
0,3,65.90310556292039
0,4,62.49170059148037
0,5,59.87610657444767
0,6,57.82945234743747
0,7,56.19151045263915
0,8,54.81771154433129
0,9,54.13849625416191
0,10,53.770856736479224
0,11,53.535689210285334
0,12,53.596346985931476
0,13,53.81758734700038
0,14,54.1233772754282
0,15,53.70821758188534
0,16,2.3756608825606216e-08
0,17,2.7852571058783435e-08
0,18,3.3586501713085736e-08
0,19,4.21854890665611e-08
0,20,5.65103807076276e-08
0,21,8.513690013945536e-08
0,22,56.488201352915695
0,23,64.82476062693299
0,24,67.54060064165421
0,25,71.00887780956691
0,26,75.73161282174075
0,27,82.53379050981172
0,28,93.19336340016194
0,29,112.33024972865938
0,30,159.4985934864002
0,31,1.543429374299579e-08
0,32,1.543465995303016e-08
0,33,1.5434784061632516e-08
0,34,1.639195725760295e-08
0,35,1.8305484607857405e-08
0,36,2.0697747251144475e-08
0,37,2.3773847873031974e-08
0,38,2.7875611893302886e-08
0,39,3.36103292757165e-08
0,40,1.5434550113444884e-08
0,41,1.543425544066736e-08
0,42,4.754799028584036e-08
0,43,4.3678516553231623e-08
0,44,4.172662844728717e-08
0,45,3.29878420117315e-08
0,46,2.719317733082614e-08
0,47,3.7033174333729374e-08
0,48,3.496029177041854e-08
0,49,3.2961330818086926e-08
0,50,3.0761628649648775e-08
0,51,2.8063893342975487e-08
0,52,600.157891853488
0,53,2.7896216044609007e-08
0,54,3.269343689431351e-08
0,55,3.9427356303974417e-08
0,56,4.9529102919422096e-08
0,57,6.63640419888375e-08
0,58,1.0002691577622375e-07
0,59,2.009501349411341e-07
0,60,317.7779397144574
0,61,311.43939697224084
0,62,314.5046576709973
0,63,351.20889761971745
0,64,1.8097812852437852e-08
0,65,1.8097779337739538e-08
0,66,1.8097605953012417e-08
0,67,9.160690429438096e-08
0,68,5.5687400138477376e-08
0,69,4.375644431069283e-08
0,70,3.592480836984692e-08
0,71,2.8248216080160225e-08
0,72,1358.0178465168283
0,73,1178.968502591048
0,74,1098.7557785750287
0,75,1071.462537169534
0,76,1063.1004165920633
0,77,1061.427101979117
0,78,1062.102531726386
0,79,1060.4678763257803
0,80,1056.6356527791174
0,81,1058.4353816954256
0,82,1060.5254151547028
0,83,1069.9410384824898
0,84,1107.3518875558163
0,85,1209.8413487423911
0,86,1238.5618129287564
0,87,3.544368964454982e-08
0,88,9.954885532752005e-08
0,89,1.8874424749749854e-08
0,90,2.1159663318629873e-08
0,91,2.3168189021167946e-08
0,92,2.5203339694681925e-08
0,93,2.739236341708779e-08
0,94,2.984068403811638e-08
0,95,3.2672220047620345e-08
0,96,3.606025216230653e-08
0,97,4.027776952417829e-08
0,98,4.580094665026157e-08
0,99,5.357633977357533e-08
0,100,6.586194233808122e-08
0,101,9.014204045011524e-08
0,102,1.853027317220545e-07
0,103,1.3087827342552749e-08
0,104,1.3088372136067046e-08
0,105,1.3088672879829554e-08
0,106,1.308889250070391e-08
0,107,1.308897853744703e-08
0,108,1.308931752181976e-08
0,109,1.3092462127416523e-08
0,110,1.3088930719535222e-08
0,111,1.3088735026767337e-08
0,112,1.3088442005377104e-08
0,113,1.308787572651804e-08
0,114,3.365187542366069e-08
0,115,2.5698198346188348e-08
0,116,1.9863244565332324e-08
0,117,356.93504473188017
0,118,240.5455232423517
0,119,198.63324684488109
0,120,180.6123774816144
0,121,173.34262344390095
0,122,174.01520136109153
0,123,183.0038552643121
0,124,205.79669906691785
0,125,265.33858275272615
0,126,297.3324014918998
0,127,1.4480440237139383e-08
0,128,1.4480926030097706e-08
0,129,1.448116740509563e-08
0,130,1.4481271568321798e-08
0,131,1.607257241373385e-08
0,132,1.8034964428954284e-08
0,133,2.0514844507571906e-08
0,134,2.3747848568475376e-08
0,135,1.4481269189761802e-08
0,136,1.4480888193859319e-08
0,137,1.4480398590025227e-08
0,138,3.74657145064825e-08
0,139,3.354579517381791e-08
0,140,3.0593277072297055e-08
0,141,322.9547400873468
0,142,215.68011033419094
0,143,172.59227919215792
0,144,154.15961474449182
0,145,144.99501854628286
0,146,141.39942986784587
0,147,147.42112232451694
0,148,155.46596560881338
0,149,164.14663306178872
0,150,183.905743458629
0,151,241.7320263034584
0,152,1.5434178229523047e-08
0,153,1.543440437406051e-08
0,154,1.5434522570640557e-08
0,155,1.5434099330818054e-08
0,156,1.9750987947810792e-08
0,157,2.1261901016731316e-08
0,158,2.2800376745424258e-08
0,159,2.43449539988287e-08
0,160,2.5865603379593465e-08
0,161,2.733165226049628e-08
0,162,2.8715772018760374e-08
0,163,3.6351016603463075e-08
0,164,3.141163162288831e-08
0,165,3.2771992421380225e-08
0,166,3.409624288714752e-08
0,167,3.541318692018683e-08
0,168,443.3415270068296
0,169,274.4488654337029
0,170,230.7045696499914
0,171,216.2787335546845
0,172,216.2266958636342
0,173,234.37415372572988
0,174,2.0161944061943785e-08
0,175,2.0018348443112455e-08
0,176,2.001894891250048e-08
0,177,2.001958731726871e-08
0,178,2.0020222330235807e-08
0,179,2.0020825387414518e-08
0,180,2.002147624589472e-08
0,181,2.0022102033883586e-08
0,182,2.0022563759068175e-08
0,183,1.6882611479719146e-08
0,184,1.6882545294089307e-08
0,185,1.6882645401548928e-08
0,186,1.6882673939908348e-08
0,187,1.6882674278182814e-08
0,188,1.873769310213922e-08
0,189,2.0023087687028653e-08
0,190,2.0022816987773812e-08
0,191,2.0022509924506855e-08
0,192,2.002218855296623e-08
0,193,2.0021843502616174e-08
0,194,2.0021487191179926e-08
0,195,2.002112221258069e-08
0,196,2.002074721518766e-08
0,197,2.0020350432164828e-08
0,198,2.001990361688447e-08
0,199,2.001858206981212e-08
0,200,1.6880210709079865e-08
0,201,1.8649761955149614e-08
0,202,1.9824097744547745e-08
0,203,1.9723310339429882e-08
0,204,1.96205410558242e-08
0,205,1.9515568672641697e-08
0,206,1.9408057851730677e-08
0,207,1.9297718127902347e-08
0,208,1.9184101122602504e-08
0,209,1.90666636337376e-08
0,210,1.8944865692880947e-08
0,211,1.8817650727641117e-08
0,212,1.868390974449569e-08
0,213,1.8541808660249424e-08
0,214,1.838998755034261e-08
0,215,2.9031622141580495e-08
0,216,3.403544593312172e-08
0,217,4.1028543986552826e-08
0,218,5.1499083117481366e-08
0,219,6.891659693133046e-08
0,220,1.0367664365177622e-07
0,221,2.076972011677905e-07
0,222,1086.2538395596519
0,223,911.1766619427159
0,224,1.7154460353734508e-08
0,225,1.7155608252405157e-08
0,226,1.7156551576877783e-08
0,227,1.7157365056403765e-08
0,228,1.715817601890697e-08
0,229,1.715881985559585e-08
0,230,1.715914235881315e-08
0,231,1.7159531256809665e-08
0,232,1.7159896272447958e-08
0,233,1.7160195046108393e-08
0,234,1.7160474327497667e-08
0,235,1.7160710632325776e-08
0,236,1.7160933320509722e-08
0,237,1.7161132408529555e-08
0,238,1.7161269929658073e-08
0,239,1.7161409740431844e-08
0,240,1.716157454413245e-08
0,241,1.7161570929104253e-08
0,242,1.7161590321222237e-08
0,243,1.7161576776541994e-08
0,244,1.7161519325664985e-08
0,245,1.7161364290405723e-08
0,246,1.7161236672935502e-08
0,247,1.7160963522594317e-08
0,248,1.7160725137483783e-08
0,249,1.7160486106673257e-08
0,250,1.716022461724831e-08
0,251,1.7159935214577644e-08
0,252,1.7159674109556576e-08
0,253,1.7159394706983992e-08
0,254,1.7158708549527184e-08
0,255,1.715802526450479e-08
0,256,1.7157331141824585e-08
0,257,1.71565991067662e-08
0,258,1.7155676305471594e-08
0,259,1.7154909242161887e-08
0,260,2.81315439113604e-08
0,261,3.332861876583003e-08
0,262,4.0789337613642614e-08
0,263,5.2404885110463636e-08
0,264,319.62431989330645
0,265,266.18319590425216
0,266,243.65833006120621
0,267,248.36468236773845
0,268,270.9897519273296
0,269,350.2083452454463
0,270,185.9056782412232
0,271,1.715204673595678e-08
0,272,1.715382645680447e-08
0,273,1.7155103464756708e-08
0,274,1.7156105792521224e-08
0,275,1.7156916167251326e-08
0,276,1.7157632862112743e-08
0,277,1.7158236192994905e-08
0,278,1.7158697298801898e-08
0,279,1.715909834514823e-08
0,280,1.7159565865637377e-08
0,281,1.7159899268457703e-08
0,282,1.7160433057575753e-08
0,283,2.431726204280742e-08
0,284,2.8154644157929513e-08
0,285,3.336822556916782e-08
0,286,4.085981606979618e-08
0,287,5.2540479134997474e-08
0,288,7.330203182959768e-08
0,289,1.2034683985504642e-07
0,290,3.3320986713830094e-07
0,291,835.979715917405
0,292,2.400387252525759e-08
0,293,3.197683997426261e-08
0,294,4.673312103700781e-08
0,295,1.568040736556363e-08
0,296,1.568094767345402e-08
0,297,1.5681272523111826e-08
0,298,1.568142185081406e-08
0,299,1.5682085421961147e-08
0,300,1.9528879676897724e-08
0,301,2.221404002153039e-08
0,302,2.57134155828388e-08
0,303,1.5681186737551245e-08
0,304,1.5680888368884368e-08
0,305,1.5680442279739944e-08
0,306,4.1010896316735095e-08
0,307,3.703594353304828e-08
0,308,2.8490399306487256e-08
0,309,3.049289495500913e-08
0,310,2.680747239278559e-08
0,311,2.2057020970340314e-08
0,312,1356.780054519772
0,313,1198.4400791427786
0,314,1112.1900393260373
0,315,1092.9911770908245
0,316,1119.5359571838346
0,317,1227.8252178786297
0,318,1307.0994413304384
0,319,1.9517275674121832e-08
0,320,1.9518008459912294e-08
0,321,2.1662956162926813e-08
0,322,2.4308251396296533e-08
0,323,2.765131007633498e-08
0,324,3.2010072139359766e-08
0,325,3.792965074595129e-08
0,326,1.95202010350031e-08
0,327,1.951927159602967e-08
0,328,1.951905252474417e-08
0,329,1.9518575636910885e-08
0,330,1.9517759587747827e-08
0,331,5.955914780757769e-08
0,332,4.0104911071894855e-08
0,333,2.884019443346694e-08
0,334,1330.4224084784444
0,335,1225.3122699446503
0,336,1128.5959688365344
0,337,1095.822723959969
0,338,1092.0889234286396
0,339,1113.4595041484215
0,340,1190.49488972064
0,341,1408.7744469578383
0,342,4.627736697082781e-08
0,343,1.7149234209784536e-08
0,344,1.7150023507431282e-08
0,345,1.9035416407973298e-08
0,346,2.1360291511332162e-08
0,347,2.4298417123726527e-08
0,348,2.8129460235687263e-08
0,349,3.33322325771405e-08
0,350,1.7153439602454512e-08
0,351,1.715174472379462e-08
0,352,1.7151868091670053e-08
0,353,1.7151808881051602e-08
0,354,1.7151685173685366e-08
0,355,1.7154820393887717e-08
0,356,2.812817602890365e-08
0,357,3.332836294489864e-08
0,358,4.07957475016303e-08
0,359,5.2429488121200193e-08
0,360,399.7381686769858
0,361,54.11133005546171
0,362,3.246655174516462e-07
0,363,653.8230059473657
0,364,453.31390665643147
0,365,1.7872884266403476e-08
0,366,1.8266214720470073e-08
0,367,1.8576411966733316e-08
0,368,1.6979521532520025e-08
0,369,1.6980256876885313e-08
0,370,1.6980625356475008e-08
0,371,1.698211895054857e-08
0,372,1.88482937524544e-08
0,373,1.8848431486486345e-08
0,374,1.698146675292283e-08
0,375,1.6980682424672696e-08
0,376,1.6980384186096527e-08
0,377,1.698004241606452e-08
0,378,1.8781800507953567e-08
0,379,1.8716836433076096e-08
0,380,1.864908826280923e-08
0,381,2.726331732498744e-08
0,382,3.197035991428103e-08
0,383,3.8558650637619796e-08
0,384,4.8438256191357556e-08
0,385,6.489920069685789e-08
0,386,9.78091306279191e-08
0,387,1.964207466892214e-07
0,388,456.8221977653702
0,389,295.1180068038832
0,390,238.09147048622563
0,391,1.8105041352422304e-08
0,392,1.810489284824785e-08
0,393,1.8104881592640267e-08
0,394,1.8104919883950494e-08
0,395,1.8104849001170597e-08
0,396,1.8104789066430456e-08
0,397,1.8104670046591983e-08
0,398,1.8104522605457432e-08
0,399,1.8104364532839666e-08
0,400,1.8104153400173953e-08
0,401,1.8103570354900786e-08
0,402,1.810396228131114e-08
0,403,1.8103822103124968e-08
0,404,1.810372526336938e-08
0,405,3.823811609149618e-08
0,406,4.840220709203722e-08
0,407,6.554344189390942e-08
0,408,9.997769217462925e-08
0,409,130.75488324230696
0,410,133.78061373258228
0,411,137.93103310071328
0,412,150.37955971310495
0,413,167.98516162629303
0,414,207.7767147109066
0,415,356.91591332624284
0,416,1.9991555151921062e-08
0,417,2.1453738568617695e-08
0,418,2.282624095235929e-08
0,419,2.4196886535055094e-08
0,420,2.5612977684284224e-08
0,421,2.710965478877042e-08
0,422,2.8719846557074543e-08
0,423,3.047983648108685e-08
0,424,3.243294023611335e-08
0,425,1.9030530433505264e-08
0,426,2.2266198300050595e-08
0,427,2.6707714806391378e-08
0,428,3.32508360671114e-08
0,429,4.391879280884965e-08
0,430,4.7039649042785196e-08
0,431,5.0759327116694836e-08
0,432,5.530924299173369e-08
0,433,6.106758301246067e-08
0,434,6.870575312552338e-08
0,435,7.956434992614943e-08
0,436,9.685477990258756e-08
0,437,1.3124583783294917e-07
0,438,2.6708310139130376e-07
0,439,1.3087917195424935e-08
0,440,1.308844722586308e-08
0,441,1.3088794439581022e-08
0,442,1.3089015225086718e-08
0,443,1.3089139419623954e-08
0,444,1.308923271813469e-08
0,445,1.308940060650398e-08
0,446,1.3089300435325458e-08
0,447,1.3089277381097796e-08
0,448,1.3088933795000045e-08
0,449,1.308852639192047e-08
0,450,1.3087950523635393e-08
0,451,2.2937577836952902e-08
0,452,2.445567055540105e-08
0,453,2.603018354611195e-08
0,454,2.7691944247184718e-08
0,455,296.6328200102747
0,456,341.880815526287
0,457,267.1553308977821
0,458,245.41566460637452
0,459,247.01975621424273
0,460,279.0008281052091
0,461,384.23168243218095
0,462,214.2186576308694
0,463,1.3087723725830545e-08
0,464,1.3088189178036335e-08
0,465,1.3088405637268736e-08
0,466,1.308854262973011e-08
0,467,2.1463325859631265e-08
0,468,2.5432811371703802e-08
0,469,3.113207512454603e-08
0,470,4.000870555426211e-08
0,471,1.3088995299841114e-08
0,472,1.308837838791728e-08
0,473,1.3088154866891576e-08
0,474,1.3087809141529107e-08
0,475,3.800855566815918e-08
0,476,2.2968911332345255e-08
0,477,130.7118816543308
0,478,237.03840269526012
0,479,162.68145552658413
0,480,135.59007142594933
0,481,121.89153099584766
0,482,113.89721197156987
0,483,109.25041374727324
0,484,106.83435269305119
0,485,105.94736321469934
0,486,105.6306278123012
0,487,5.3598419532501754e-08
0,488,5.654618762511725e-08
0,489,8.521145931430238e-08
0,490,1.7109105518209365e-07
0,491,121.33285466278949
0,492,136.0883530182517
0,493,153.2013283240365
0,494,185.2258605135523
0,495,1.8303152612979848e-08
0,496,1.5434113503796844e-08
0,497,1.5433980176877325e-08
0,498,2.787267532611135e-08
0,499,3.361380762723445e-08
0,500,4.222378539383176e-08
0,501,5.657143441302676e-08
0,502,159.55577127596598
0,503,154.30319592234918
0,504,148.50878570822897
0,505,148.39054263665267
0,506,150.95274761473166
0,507,158.81559819237577
0,508,175.9942214145874
0,509,214.6859098473979
0,510,373.37836431509953
0,511,1.7929516356889914e-08
0,512,1.2257404033876168e-08
0,513,1.2257958955817425e-08
0,514,1.2258276168753234e-08
0,515,1.225847047494682e-08
0,516,1.2258639053819062e-08
0,517,1.22600982889769e-08
0,518,1.225873559468891e-08
0,519,1.2258675518033482e-08
0,520,1.2258710665357308e-08
0,521,1.225849203760706e-08
0,522,1.2258318952483962e-08
0,523,1.888183006103496e-08
0,524,2.2139463941637074e-08
0,525,2.670018961297132e-08
0,526,3.3541213006401955e-08
0,527,4.494194188722273e-08
0,528,6.78066242726632e-08
0,529,301.9224494070223
0,530,278.4201760929528
0,531,287.069029051617
0,532,327.8977281840542
0,533,528.93284722002
0,534,4.242070390634732e-08
0,535,1.2035022727421984e-08
0,536,1.2035447171882885e-08
0,537,1.2035647628284445e-08
0,538,1.2035748437853064e-08
0,539,1.2035781759666729e-08
0,540,1.9740201257262995e-08
0,541,2.3390577328156315e-08
0,542,2.8632766226701262e-08
0,543,3.6796786132167845e-08
0,544,1.203550688598619e-08
0,545,1.2035330855790521e-08
0,546,1.2034982194357747e-08
0,547,2.7653847905873512e-08
0,548,3.531021610114093e-08
0,549,2.77077061629204e-08
0,550,2.2833802359622688e-08
0,551,1.820932195484534e-08
0,552,370.15429639021676
0,553,303.2864694046664
0,554,252.3619893513366
0,555,236.4277206120792
0,556,239.4437500009876
0,557,265.5841739135332
0,558,341.34200601177326
0,559,1.5434185535517642e-08
0,560,1.5434362046070778e-08
0,561,1.5434325222196004e-08
0,562,1.7129766152460842e-08
0,563,1.9220437966682366e-08
0,564,2.1862361122918774e-08
0,565,221.63262837214324
0,566,2.99843730030888e-08
0,567,3.669775549581541e-08
0,568,1.830356561196734e-08
0,569,1.5436154605439202e-08
0,570,1.543830221006853e-08
0,571,2.7868899947982467e-08
0,572,3.36074585700224e-08
0,573,4.221365102669749e-08
0,574,5.6553043308266247e-08
0,575,92.08900005613158
0,576,88.87644575629781
0,577,85.73512133677764
0,578,82.58094610049058
0,579,80.485986173401
0,580,79.24130247474785
0,581,78.71214448807073
0,582,78.91963876968023
0,583,79.72060178787541
0,584,80.98917172438964
0,585,83.0388646349672
0,586,86.83911905778487
0,587,89.77528120465736
0,588,102.0871173121511
0,589,122.22342984738147
0,590,162.37038216938714
0,591,1.5440026843174738e-08
0,592,1.5434400051336284e-08
0,593,1.543472483343813e-08
0,594,1.5434763305637326e-08
0,595,1.5434716053658724e-08
0,596,2.5309889920440397e-08
0,597,2.998760865933857e-08
0,598,3.670381948541043e-08
0,599,4.716384234121205e-08
0,600,236.59902162192557
0,601,225.07214055339395
0,602,219.21578060340715
0,603,241.3824845367152
0,604,284.34893943954586
0,605,471.31886122509087
0,606,1.3179997694497036e-08
0,607,1.3087844714786839e-08
0,608,1.308844543686851e-08
0,609,1.3088762450897266e-08
0,610,1.3088960465197806e-08
0,611,1.3089078701078487e-08
0,612,1.3089498157342033e-08
0,613,3.113513256531103e-08
0,614,1.3089319864911098e-08
0,615,1.3088965339538687e-08
0,616,1.3088744931572517e-08
0,617,1.3088422607062227e-08
0,618,1.3087872375452413e-08
0,619,4.478101760323319e-08
0,620,2.9330791731987525e-08
0,621,2.1623388906784834e-08
0,622,2.4700152854065347e-07
0,623,1.252318229963493e-07
0,624,9.287298571179412e-08
0,625,7.641816820824863e-08
0,626,6.602860700842712e-08
0,627,5.869631415841034e-08
0,628,5.315501680717841e-08
0,629,4.8767752868946726e-08
0,630,4.517492337644663e-08
0,631,4.2154639981630384e-08
0,632,2.6344455392214447e-08
0,633,2.9707467027654768e-08
0,634,3.3957919913182345e-08
0,635,3.31861187355471e-08
0,636,3.1477873591382444e-08
0,637,2.992179103957876e-08
0,638,2.848912170368072e-08
0,639,2.7156135299122216e-08
0,640,2.590219235376029e-08
0,641,2.4708425075029667e-08
0,642,2.3555756961684036e-08
0,643,2.2420832918698035e-08
0,644,2.1271068260816467e-08
0,645,2.0044300550715405e-08
0,646,1.8551536476834316e-08
0,647,1.1618234005482224e-07
0,648,9.072543846034122e-08
0,649,9.079710797244955e-08
0,650,558.3571892286095
0,651,379.9838141533225
0,652,348.6685650347268
0,653,388.3731717052201
0,654,600.1728152443721
0,655,1.7149333223138476e-08
0,656,1.714975744009141e-08
0,657,1.7150022129925317e-08
0,658,1.715006094980443e-08
0,659,1.7149896666954548e-08
0,660,1.7149483902246203e-08
0,661,1.7151143056746054e-08
0,662,4.6279946618006185e-07
0,663,709.7944211629826
0,664,464.469790622692
0,665,2.0562868256808367e-08
0,666,7.41672980746717e-08
0,667,4.513145851116763e-08
0,668,3.146487391203636e-08
0,669,1214.8408685239478
0,670,1144.695985058177
0,671,1096.743418459142
0,672,1051.4406642757924
0,673,1030.8781640999755
0,674,1030.5886866689896
0,675,1053.228954361793
0,676,1133.5353943711052
0,677,1375.7711588781076
0,678,2.6792988330286816e-08
0,679,2.6795099583960195e-08
0,680,2.6796459257137466e-08
0,681,2.6797190855818028e-08
0,682,2.67976841713776e-08
0,683,2.6797726999829973e-08
0,684,5.2076408166773025e-08
0,685,6.374920234823419e-08
0,686,8.19292293899825e-08
0,687,2.683472677280266e-08
0,688,2.6795553124177323e-08
0,689,2.679453931676501e-08
0,690,2.6792625575809752e-08
0,691,9.861268337760872e-08
0,692,6.65919594022412e-08
0,693,5.183419753367855e-08
0,694,3.9587774352983535e-08
0,695,1221.8383874380515
0,696,1260.23509493459
0,697,1134.5647074543747
0,698,1093.0947767690293
0,699,1091.0761507562634
0,700,1129.956797507942
0,701,1257.862462328454
0,702,1252.3496418895156
0,703,3.997903761609843e-08
0,704,3.2829511580358107e-08
0,705,7.140529859407695e-08
0,706,8.970007330036118e-08
0,707,1.2018730096406433e-07
0,708,1.8114865835513376e-07
0,709,3.6389143661102064e-07
0,710,431.603982386357
0,711,1.7149064732660958e-08
0,712,1.7149521783141862e-08
0,713,1.7149632948802956e-08
0,714,1.714948909006212e-08
0,715,1.714921503078343e-08
0,716,1.2991817720391682e-07
0,717,5.58975910064705e-08
0,718,1386.4563681989139
0,719,1200.0581014532008
0,720,1117.899151165698
0,721,1089.6845454394222
0,722,1081.2436210012816
0,723,1080.9733418125613
0,724,1087.869712091131
0,725,1115.0430048619492
0,726,1197.8212078975735
0,727,1398.3135206647357
0,728,4.7714461634272066e-08
0,729,4.7717684830477446e-08
0,730,4.771845466158928e-08
0,731,4.771726439715631e-08
0,732,633.891881857286
0,733,731.6103703466621
0,734,4.772055497185109e-08
0,735,4.771809501186744e-08
0,736,4.771756973625044e-08
0,737,4.7714910720867885e-08
0,738,5.154139495227623e-08
0,739,5.5098830617726624e-08
0,740,5.797129959434638e-08
0,741,5.9310279960132306e-08
0,742,5.691743735402661e-08
0,743,1355.984952239242
0,744,1206.3111297487458
0,745,1120.7740106448846
0,746,1090.3335077295376
0,747,1081.2210254900099
0,748,1079.80761256618
0,749,1083.8600445222758
0,750,1093.2796881517947
0,751,1070.0109453288367
0,752,1035.3634152717823
0,753,1039.6921527813402
0,754,1046.053878362994
0,755,1045.666896485514
0,756,1049.6691473835633
0,757,1051.8336402235257
0,758,1050.0646390521965
0,759,1049.1213398974128
0,760,1044.246010218928
0,761,1038.2103835484886
0,762,1027.6411223257337
0,763,1012.7975002762048
0,764,1029.5242318772691
0,765,1101.149008619823
0,766,1093.9657926993355
0,767,1084.991773884174
0,768,1081.2044756864125
0,769,1080.9863876352679
0,770,1087.5748989758051
0,771,1112.4122329404147
0,772,1192.7177561764402
0,773,1408.6959794397017
0,774,1.4025777584302478e-07
0,775,1.759365622213557e-08
0,776,1.8073277758893483e-08
0,777,1.841262224662799e-08
0,778,1.8696247918865543e-08
0,779,1.6970820399356165e-08
0,780,1.6971778218087178e-08
0,781,1.6972316281594366e-08
0,782,1.6972613148024594e-08
0,783,1.6972824102034118e-08
0,784,1.6972950345081573e-08
0,785,1.6973013306599083e-08
0,786,1.697318212235256e-08
0,787,1.6976705911628205e-08
0,788,1.8940905695335683e-08
0,789,1.892640022142287e-08
0,790,1.8912048813885603e-08
0,791,2.1211613562442997e-08
0,792,2.4114325731802255e-08
0,793,2.789316980130786e-08
0,794,3.3015154851573955e-08
0,795,4.035073454448874e-08
0,796,5.1728927240450074e-08
0,797,1.881023269055334e-08
0,798,1.8793599616047808e-08
0,799,1.8778559971587846e-08
0,800,1.8763488078781096e-08
0,801,1.874838929485345e-08
0,802,1.8733211019441746e-08
0,803,1.871789866139789e-08
0,804,1.8702510391678545e-08
0,805,1.868701578368456e-08
0,806,1.8671336368114295e-08
0,807,1.8655515684578823e-08
0,808,1.863955126060591e-08
0,809,1.8623461797561563e-08
0,810,1.8607260685095275e-08
0,811,1.8590948717869642e-08
0,812,1.8574500739233134e-08
0,813,1.8557881825004285e-08
0,814,1.8541108040782468e-08
0,815,1.85244871402783e-08
0,816,2.0721818906149726e-08
0,817,2.3478674671297543e-08
0,818,2.7040032281639586e-08
0,819,3.181806634067194e-08
0,820,3.856433738114244e-08
0,821,4.880934971085736e-08
0,822,1.840502469986025e-08
0,823,1.8387325049571947e-08
0,824,1.8369875392394572e-08
0,825,1.8352295774731872e-08
0,826,1.8334517582002327e-08
0,827,1.83165065402815e-08
0,828,1.829839304858739e-08
0,829,2.0435410834523292e-08
0,830,1.8261954043568993e-08
0,831,1.8242373142225688e-08
0,832,1.8223261681283513e-08
0,833,1.8203821849045797e-08
0,834,1.818416161302456e-08
0,835,1.8164595307563266e-08
0,836,3.0966308324923076e-08
0,837,3.730328836749002e-08
0,838,4.678086837701836e-08
0,839,506.4074533500419
0,840,330.35830623869276
0,841,287.9330843982645
0,842,288.33061167374876
0,843,331.16233486285716
0,844,531.363748537379
0,845,2.1317204950042586e-08
0,846,2.4073631628706042e-08
0,847,1.6480636486215788e-08
0,848,1.8285198032621977e-08
0,849,2.051794466375104e-08
0,850,2.333957037774326e-08
0,851,2.7018114051113542e-08
0,852,2.7020017018148523e-08
0,853,2.7021791298605238e-08
0,854,2.70233766089862e-08
0,855,2.7024902444708213e-08
0,856,1.6481003606402307e-08
0,857,1.6481145124879203e-08
0,858,1.82920343762639e-08
0,859,2.0525722187093463e-08
0,860,2.334858813596988e-08
0,861,2.7028193202402765e-08
0,862,2.7028474268571775e-08
0,863,2.7029129803978277e-08
0,864,3.2027168040965213e-08
0,865,3.9204994581697856e-08
0,866,5.038520729842643e-08
0,867,7.02075263638957e-08
0,868,1.1499308076052129e-07
0,869,2.7030244174482788e-08
0,870,2.702997861785635e-08
0,871,2.7029322677188627e-08
0,872,1.6482682979300782e-08
0,873,1.8294265595189882e-08
0,874,2.0528133341889116e-08
0,875,2.335122921338673e-08
0,876,2.7029866630014253e-08
0,877,2.7029811812671097e-08
0,878,2.70296480748056e-08
0,879,2.7029296570325374e-08
0,880,1.6481724969062396e-08
0,881,1.6481474772487377e-08
0,882,1.6481096199734397e-08
0,883,1.6480433640896715e-08
0,884,1.8088401119028082e-08
0,885,1.998766603152462e-08
0,886,2.228124536309616e-08
0,887,2.5114362499729307e-08
0,888,2.462902473992392e-08
0,889,2.4150238063368895e-08
0,890,2.3676528126247577e-08
0,891,2.320627901304564e-08
0,892,2.273760648019828e-08
0,893,2.2268236749900457e-08
0,894,2.179533624128196e-08
0,895,2.131518325339989e-08
0,896,2.0822593169432827e-08
0,897,2.03098529286812e-08
0,898,1.9763585680617808e-08
0,899,1.915761973912038e-08
0,900,1.8422958493111413e-08
0,901,656.9797244245777
0,902,1.716040286294505e-08
0,903,1.7158990413089622e-08
0,904,1.715830920244414e-08
0,905,1.7157563090812867e-08
0,906,1.715675583080926e-08
0,907,1.7155811078998026e-08
0,908,1.7154628582450107e-08
0,909,1.7153085210903143e-08
0,910,1.7151526383559542e-08
0,911,1.2181584598727876e-07
0,912,7.873839226427864e-08
0,913,6.919046261548933e-08
0,914,6.639837122178883e-08
0,915,6.677782423555813e-08
0,916,6.953024947142197e-08
0,917,7.478353287176259e-08
0,918,8.339578434922901e-08
0,919,9.741438039362826e-08
0,920,1.2181716085178293e-07
0,921,1.716258806778873e-07
0,922,3.2166762391222124e-07
0,923,680.5062999105755
0,924,465.81314710332026
0,925,463.93406671172096
0,926,665.3020409284975
0,927,1.7149429017692677e-08
0,928,1.7150064020773204e-08
0,929,1.715042621744858e-08
0,930,1.7150581198216517e-08
0,931,1.7150581521034326e-08
0,932,1.715042748971917e-08
0,933,1.7150086383937177e-08
0,934,1.7149551231163845e-08
0,935,1.3385166641331683e-07
0,936,7.497426863651007e-08
0,937,5.8561969163219184e-08
0,938,4.8587471552582085e-08
0,939,3.970099303993879e-08
0,940,145.3200236311033
0,941,2.907190244491782e-08
0,942,3.135182494636024e-08
0,943,3.333300659117208e-08
0,944,3.457731594192566e-08
0,945,3.383637923047887e-08
0,946,1318.6470469989135
0,947,1189.8366952225779
0,948,1098.6598765072297
0,949,1064.9537321513144
0,950,1050.8092209994447
0,951,1038.0571845353447
0,952,1027.9138004965882
0,953,1024.415946470034
0,954,1017.35942402047
0,955,1008.5807370765218
0,956,981.8843268184402
0,957,1062.751088444648
0,958,1114.4147065736183
0,959,1098.3454239393911
0,960,1087.065595381042
0,961,1080.3057068464282
0,962,1078.9198904084824
0,963,1080.8452864953979
0,964,1088.881869477223
0,965,1108.7745849354699
0,966,1111.6524702491315
0,967,976.4968243842177
0,968,1012.480265600763
0,969,1026.5496428631866
0,970,1032.9678229506208
0,971,1055.5156382906534
0,972,1068.6661546038372
0,973,1070.4082950507752
0,974,1076.4360502999602
0,975,1077.968698394276
0,976,1018.7533947981785
0,977,1022.441437354521
0,978,1026.946455841268
0,979,1028.4513687497697
0,980,1022.9132354047593
0,981,1010.3397452580234
0,982,1009.5435048753691
0,983,1128.0083212790985
0,984,1103.3413192935946
0,985,1086.472933902764
0,986,1080.3921471509893
0,987,1078.7680805259502
0,988,1080.118883743129
0,989,1083.2980830919
0,990,1078.7645055398577
0,991,1053.8402476998892
0,992,1055.7580296708763
0,993,1061.1489122237413
0,994,1064.8019703614639
0,995,1069.529394362323
0,996,1074.576246847947
0,997,1078.1498939128971
0,998,1082.866081238462
0,999,1081.7660310169513
0,1000,1045.04325518163
0,1001,1039.5511452815865
0,1002,1042.2296646885748
0,1003,1042.5673581874198
0,1004,1045.7949172098654
0,1005,1068.4443480483417
0,1006,1077.0793186885448
0,1007,1084.2658908319083
0,1008,1082.3043366772897
0,1009,1078.901522625734
0,1010,1077.9153730390503
0,1011,1079.8185926611823
0,1012,1086.188130635378
0,1013,1100.485939260799
0,1014,1091.5782975372729
0,1015,1012.286387654764
0,1016,1032.5845772586576
0,1017,1047.1089187078526
0,1018,1054.1581372786754
0,1019,1056.4759018772743
0,1020,1061.4814899973571
0,1021,1065.2296964593156
0,1022,1062.1459436047935
0,1023,1054.0392894992337
0,1024,1044.0905821570864
0,1025,1041.1629866964388
0,1026,1041.7684391963244
0,1027,1045.4732246779458
0,1028,1049.5385767174444
0,1029,1052.592956159989
0,1030,1052.867934599675
0,1031,1056.5134930469044
0,1032,1061.3463155416011
0,1033,1070.2084221909597
0,1034,1094.8724802777538
0,1035,1170.3980653928336
0,1036,1380.8366379227143
0,1037,1.7150675619106894e-08
0,1038,1.7151400999965925e-08
0,1039,1.7152397757489314e-08
0,1040,1.7153096768295013e-08
0,1041,1.7153687919039905e-08
0,1042,1.7154112174251623e-08
0,1043,1.7154451075518563e-08
0,1044,1.715471853300891e-08
0,1045,1.7161020478600797e-08
0,1046,1.7155630629701028e-08
0,1047,1.7155305190098326e-08
0,1048,1.7155116511500163e-08
0,1049,1.715498145269981e-08
0,1050,1.7154835335965647e-08
0,1051,1.715465648996988e-08
0,1052,1.7154404656297015e-08
0,1053,1.7154063226494426e-08
0,1054,1.715362439182636e-08
0,1055,1.7153077491414168e-08
0,1056,1.715239921723879e-08
0,1057,1.7152056769858252e-08
0,1058,586.2828559227589
0,1059,569.5538296993963
0,1060,650.8053088792708
0,1061,1.7166018239899843e-08
0,1062,1.715181976911465e-08
0,1063,1.7152523728690015e-08
0,1064,1.7153100098676096e-08
0,1065,1.7153539337006184e-08
0,1066,1.7153875069478823e-08
0,1067,1.715412756337999e-08
0,1068,1.715431201578519e-08
0,1069,1.715442413844105e-08
0,1070,1.7154435674623215e-08
0,1071,1.7154369279061342e-08
0,1072,1.7154224549604516e-08
0,1073,1.7153888068415738e-08
0,1074,1.715357838602804e-08
0,1075,1.7153317262046986e-08
0,1076,1.7152904783754362e-08
0,1077,1.7152256709044553e-08
0,1078,1.7151298340175805e-08
0,1079,1.7150581332349267e-08
0,1080,1.2954505135449879e-07
0,1081,7.746291363187148e-08
0,1082,6.425179676811278e-08
0,1083,5.768554821278482e-08
0,1084,5.3388512764265155e-08
0,1085,4.996147172087591e-08
0,1086,4.672719958772313e-08
0,1087,4.3210693974941275e-08
0,1088,3.888385497780874e-08
0,1089,3.2576938703702586e-08
0,1090,1302.4052181047539
0,1091,1206.7158093532419
0,1092,1133.2615947837885
0,1093,1120.3005124112447
0,1094,1188.4486353882094
0,1095,1401.856085050544
0,1096,2.9059049256674132e-08
0,1097,2.905973913430981e-08
0,1098,2.9059099074046175e-08
0,1099,3.1108446417912444e-08
0,1100,3.19061823076926e-08
0,1101,1263.5554313758826
0,1102,1244.94306968086
0,1103,1141.7952279419221
0,1104,1097.2285683015077
0,1105,1085.0389442116323
0,1106,1088.6202817093822
0,1107,1111.5681456322193
0,1108,1189.211828218251
0,1109,1414.8145891262395
0,1110,3.4078685961595734e-08
0,1111,3.40764960299965e-08
0,1112,3.4077473224125067e-08
0,1113,3.407726152456392e-08
0,1114,3.407554664061212e-08
0,1115,3.650822181993854e-08
0,1116,3.767382344499817e-08
0,1117,895.9126589703203
0,1118,660.8317946161376
0,1119,3.617051678287439e-08
0,1120,3.617061630882556e-08
0,1121,3.9010627311758604e-08
0,1122,4.14789438469456e-08
0,1123,4.303113306850084e-08
0,1124,4.2113579451268036e-08
0,1125,1354.286865576501
0,1126,1211.686829445795
0,1127,1121.2765751377883
0,1128,1091.7670408524968
0,1129,1082.837569234966
0,1130,1085.4017266845417
0,1131,1103.0021140079186
0,1132,1160.8867879542413
0,1133,1338.0146980346597
0,1134,1082.7335550573687
0,1135,4.2414746160521774e-08
0,1136,4.241867329303283e-08
0,1137,4.242114606085938e-08
0,1138,5.2830810073344905e-08
0,1139,6.009748190184629e-08
0,1140,6.95710415000311e-08
0,1141,8.243724093710456e-08
0,1142,1.009145245772444e-07
0,1143,1.2969350869727198e-07
0,1144,4.242131496800432e-08
0,1145,4.2418964206010674e-08
0,1146,4.2415107550347446e-08
0,1147,1.4392541123776762e-07
0,1148,1.0186778608148252e-07
0,1149,8.043266456830237e-08
0,1150,6.188745510598258e-08
0,1151,1398.7147143074355
0,1152,1192.2261098149927
0,1153,1113.9423352544482
0,1154,1089.5559337188636
0,1155,1085.44916854691
0,1156,1094.3994620235542
0,1157,1115.5039289078425
0,1158,1028.1363319522538
0,1159,1011.573740316199
0,1160,1030.355558937371
0,1161,1043.5247530856313
0,1162,1054.7958187524018
0,1163,1065.7175158066427
0,1164,1093.1170056875653
0,1165,1174.298772974785
0,1166,1404.2355631620933
0,1167,5.948956444176142e-08
0,1168,5.9492964776713454e-08
0,1169,5.949312460466809e-08
0,1170,5.948972201517185e-08
0,1171,6.399522155742314e-08
0,1172,6.737904654198165e-08
0,1173,6.740181211335142e-08
0,1174,803.5430135016078
0,1175,1378.048294630881
0,1176,1179.537527096099
0,1177,1108.8324709050883
0,1178,1094.1681181037063
0,1179,1113.8487846799326
0,1180,1195.4374603101262
0,1181,1389.97273453155
0,1182,6.838355054757789e-08
0,1183,6.839175149058146e-08
0,1184,6.839473311578211e-08
0,1185,6.839461643757638e-08
0,1186,8.516719845505602e-08
0,1187,9.686823862748546e-08
0,1188,1.1211738779402629e-07
0,1189,489.89639516185684
0,1190,491.7382030979265
0,1191,2.0893624127241118e-07
0,1192,2.9118207718750256e-07
0,1193,6.838953705980784e-08
0,1194,6.838965730568923e-08
0,1195,6.83863313000264e-08
0,1196,6.840158949203445e-08
0,1197,5.768601615393967e-07
0,1198,5.25430274992203e-07
0,1199,6.533040903370941e-07
0,1200,1.1434370869498577e-06
0,1201,553.9446044029063
0,1202,391.37733076597993
0,1203,352.50820859554176
0,1204,383.01198368993136
0,1205,594.7134257574381
0,1206,1.7152901530951333e-08
0,1207,1.7149240960948834e-08
0,1208,1.7149682478349816e-08
0,1209,1.7149790971178117e-08
0,1210,1.7149651125767474e-08
0,1211,1.7149183563993942e-08
0,1212,1.865691058555415e-06
0,1213,572.6566562149635
0,1214,512.075944766627
0,1215,490.48502545133846
0,1216,29.4750726763176
0,1217,8.212970066721567e-08
0,1218,8.212766292947996e-08
0,1219,3.3315401889614593e-07
0,1220,1.8965238868481654e-07
0,1221,1.3011517759796897e-07
0,1222,1361.481210835918
0,1223,1211.680104897292
0,1224,1121.0861186639843
0,1225,1090.320266976403
0,1226,1080.6819147325366
0,1227,1077.6589458418232
0,1228,1076.9732148326204
0,1229,1075.1419371313075
0,1230,1072.7523288350624
0,1231,1066.9982083281036
0,1232,1065.1641926471698
0,1233,1069.1115247837045
0,1234,1074.7893175482777
0,1235,1079.347659358611
0,1236,1087.7660135244942
0,1237,1113.5726911139575
0,1238,1193.6767780651965
0,1239,1414.4524804016946
0,1240,1.2178015346600676e-07
0,1241,1.217914392698141e-07
0,1242,1.2178345459725284e-07
0,1243,1.3133866479987395e-07
0,1244,1.3965805450717305e-07
0,1245,1.4488138940261532e-07
0,1246,1.4178690415454624e-07
0,1247,1385.718083266565
0,1248,1196.6677936913964
0,1249,1116.2185040689158
0,1250,1089.2614242336947
0,1251,1080.3698555221447
0,1252,1076.7294151991662
0,1253,1075.2386867945452
0,1254,1074.6708803700444
0,1255,1073.145205929569
0,1256,1074.1970966459635
0,1257,1075.029591231235
0,1258,1075.2790596276964
0,1259,1074.7024878601867
0,1260,1074.9706393418655
0,1261,1076.019263269664
0,1262,1076.642413049471
0,1263,1077.3513187491433
0,1264,1075.2564718092947
0,1265,1068.9947745846735
0,1266,1066.0441945457117
0,1267,1067.259107272494
0,1268,1071.006555882097
0,1269,1073.2914123790256
0,1270,1073.9996144364463
0,1271,1076.4897544242851
0,1272,1076.1448388352705
0,1273,1079.3511536778756
0,1274,1086.865865637171
0,1275,1112.0041200931792
0,1276,1190.2740196478335
0,1277,1410.8394897149008
0,1278,3.5664882955965425e-07
0,1279,1.7149336179056457e-08
0,1280,1.7150145812334575e-08
0,1281,1.71504970669062e-08
0,1282,1.7150637740115366e-08
0,1283,1.7150623769384327e-08
0,1284,1.7150458898331048e-08
0,1285,1.715012009482865e-08
0,1286,1.7149524094979378e-08
0,1287,4.304225761847183e-08
0,1288,3.762166221497811e-08
0,1289,3.337319471377723e-08
0,1290,2.918781788927176e-08
0,1291,2.3923998364285063e-08
0,1292,1250.5875312811888
0,1293,1257.0043308242891
0,1294,1137.5982429069604
0,1295,1097.8595558183067
0,1296,1088.6004100038067
0,1297,1094.6985586116755
0,1298,1126.7913237433818
0,1299,1219.8438944732322
0,1300,1331.7149002169253
0,1301,3.8316803660414845e-08
0,1302,1.715027938039421e-08
0,1303,1.7150543469502186e-08
0,1304,1.715127149397815e-08
0,1305,1.7151737301793782e-08
0,1306,1.715202999253454e-08
0,1307,1.7152201577120136e-08
0,1308,1.71522905542043e-08
0,1309,1.7152278737810083e-08
0,1310,1.7152160136277137e-08
0,1311,1.715193203824961e-08
0,1312,1.7151512397049973e-08
0,1313,1.715084043735614e-08
0,1314,1.7149722631008168e-08
0,1315,9.685473788015818e-08
0,1316,4.948288101090572e-08
0,1317,3.3152763608882666e-08
0,1318,1388.4737719874554
0,1319,1198.7997811683204
0,1320,1117.7939956063735
0,1321,1091.3061363389722
0,1322,1087.382758608342
0,1323,1100.2710330336718
0,1324,1150.4858442772359
0,1325,1299.6125256202868
0,1326,1185.9811962737513
0,1327,2.7923832338836292e-08
0,1328,2.7924285956922853e-08
0,1329,3.099112123673605e-08
0,1330,3.4772523284823755e-08
0,1331,283.6777642359827
0,1332,284.5809509863164
0,1333,290.4488634562136
0,1334,337.7909521474491
0,1335,470.4434883962051
0,1336,2.532667973486171e-07
0,1337,1.7150791729217787e-08
0,1338,1.715307961798525e-08
0,1339,1.7154534677836476e-08
0,1340,1.7155637765147233e-08
0,1341,1.715655659002873e-08
0,1342,1.715767345992079e-08
0,1343,1.9044874483270508e-08
0,1344,2.1372438366797124e-08
0,1345,2.4314299049417822e-08
0,1346,4.3310492133281925e-09
0,1347,1.7160837378961424e-08
0,1348,1.7160978763749416e-08
0,1349,1.716127606975925e-08
0,1350,1.716159194468963e-08
0,1351,1.7161813131219686e-08
0,1352,1.7161885930509882e-08
0,1353,1.7162487071445957e-08
0,1354,1.7162797384117647e-08
0,1355,1.716303306294775e-08
0,1356,1.7163241700921862e-08
0,1357,1.7163415110497542e-08
0,1358,1.7163522373654232e-08
0,1359,1.7163580190994964e-08
0,1360,1.7163606680232606e-08
0,1361,1.7163147694616843e-08
0,1362,1.7162949905616902e-08
0,1363,1.7163545436752023e-08
0,1364,1.7163641638471574e-08
0,1365,1.7163613583120834e-08
0,1366,1.7163657434697527e-08
0,1367,2.815711332625567e-08
0,1368,3.337117307197822e-08
0,1369,4.086220130485171e-08
0,1370,5.253986900167503e-08
0,1371,7.327543921304758e-08
0,1372,1.2029923109831999e-07
0,1373,3.3207237925766703e-07
0,1374,1.7162519837204515e-08
0,1375,1.71622588948917e-08
0,1376,1.7162053439416882e-08
0,1377,1.7161901857981897e-08
0,1378,1.71616971814894e-08
0,1379,1.7161444147177824e-08
0,1380,1.7161126688861652e-08
0,1381,1.7160758170460907e-08
0,1382,1.716030015763199e-08
0,1383,1.715957462403259e-08
0,1384,1.715861094460269e-08
0,1385,1.7157946318208404e-08
0,1386,1.7157265876817916e-08
0,1387,1.7156632775865068e-08
0,1388,1.715622408743163e-08
0,1389,1.7155073605981344e-08
0,1390,1.7153487848644812e-08
0,1391,1.7151106523801687e-08
0,1392,1.0351733127738065e-07
0,1393,5.820040378670346e-08
0,1394,4.4465696985783963e-08
0,1395,3.534891306816517e-08
0,1396,144.7701158678762
0,1397,2.813606448171034e-08
0,1398,3.180792907357468e-08
0,1399,3.65287603030232e-08
0,1400,4.282112652757576e-08
0,1401,5.162612689388633e-08
0,1402,6.482428138576007e-08
0,1403,391.6183821996756
0,1404,343.1066586169817
0,1405,307.17752416535353
0,1406,315.37250302038524
0,1407,388.87164425920304
0,1408,2.3705172435811158e-08
0,1409,2.367552707817705e-08
0,1410,2.3675710585808476e-08
0,1411,2.3675123040909946e-08
0,1412,1.0823036817977948e-07
0,1413,6.476084516852986e-08
0,1414,4.890146884568055e-08
0,1415,3.6805840490247656e-08
0,1416,1404.8905838471721
0,1417,1187.7098529592558
0,1418,1109.8103325924712
0,1419,1084.9428084934846
0,1420,1076.6545036824796
0,1421,1073.388667795921
0,1422,1071.9199886885838
0,1423,1069.9282616090093
0,1424,1071.173332904145
0,1425,1073.7647229754195
0,1426,1076.1133435638083
0,1427,1077.0310359256237
0,1428,1078.5731012671376
0,1429,1087.2148982497376
0,1430,1114.7502346197823
0,1431,1198.8283249728668
0,1432,1403.9059521168986
0,1433,3.545680337242686e-08
0,1434,3.545850305829688e-08
0,1435,3.545854084201753e-08
0,1436,3.5456985046790996e-08
0,1437,3.797286033975901e-08
0,1438,3.906009376136504e-08
0,1439,449.107416793416
0,1440,281.2565393591092
0,1441,238.98259257595342
0,1442,225.98122024280462
0,1443,229.99057540488596
0,1444,255.05009413393816
0,1445,325.5013234008898
0,1446,3.955795650701017e-08
0,1447,3.955837563508741e-08
0,1448,4.390008834157368e-08
0,1449,4.925544193592666e-08
0,1450,356.31596592200987
0,1451,339.5444854355028
0,1452,374.68878668924407
0,1453,577.7347297314478
0,1454,2.6744697855836256e-07
0,1455,1.7784184970424764e-08
0,1456,1.8490718968659585e-08
0,1457,1.9004662093008792e-08
0,1458,1.943527469811188e-08
0,1459,1.98439628949456e-08
0,1460,2.0218105141951882e-08
0,1461,2.0574939547732268e-08
0,1462,2.0919726063429073e-08
0,1463,2.1255950421141174e-08
0,1464,2.1586150437633846e-08
0,1465,2.1912026233833563e-08
0,1466,2.2234871574419994e-08
0,1467,2.25555863889347e-08
0,1468,2.2875593199891416e-08
0,1469,2.319552411098367e-08
0,1470,2.3516251684708024e-08
0,1471,2.3837901503578706e-08
0,1472,1.883006688758226e-08
0,1473,2.1415480851199242e-08
0,1474,2.4777838424209803e-08
0,1475,2.5087580414255258e-08
0,1476,2.5400522925037684e-08
0,1477,2.571699844799706e-08
0,1478,2.60373838692066e-08
0,1479,2.636198163795506e-08
0,1480,2.6690909073160828e-08
0,1481,1.648017340578526e-08
0,1482,1.648069908097481e-08
0,1483,1.829202652046022e-08
0,1484,2.052575513486246e-08
0,1485,2.334872996517234e-08
0,1486,2.702906621240039e-08
0,1487,2.7029763791164757e-08
0,1488,2.703038500353924e-08
0,1489,2.7030978615968552e-08
0,1490,2.7031541327351846e-08
0,1491,2.7032181283538848e-08
0,1492,2.7032619694917446e-08
0,1493,2.7033020985917387e-08
0,1494,2.7033405815113213e-08
0,1495,2.7033663290191527e-08
0,1496,2.7034121446619633e-08
0,1497,2.7034873372701795e-08
0,1498,2.7035446073893414e-08
0,1499,2.7036030513450575e-08
0,1500,2.703661301472869e-08
0,1501,2.703713455956536e-08
0,1502,2.7037563055725355e-08
0,1503,2.7037941102396335e-08
0,1504,1.6485356158321045e-08
0,1505,1.648471208499149e-08
0,1506,1.648476821263363e-08
0,1507,1.648813905448797e-08
0,1508,2.053128385392963e-08
0,1509,2.3355476726369205e-08
0,1510,2.703818924812163e-08
0,1511,2.7038538098752765e-08
0,1512,2.7038483151833897e-08
0,1513,2.703838851490946e-08
0,1514,2.7038232331246317e-08
0,1515,2.7038083009044714e-08
0,1516,2.7037869749296312e-08
0,1517,2.7037636614407693e-08
0,1518,2.7037305229988954e-08
0,1519,1.8297176212137944e-08
0,1520,2.0531628994780072e-08
0,1521,2.3355816654497576e-08
0,1522,2.703674160650703e-08
0,1523,2.7036600444807187e-08
0,1524,2.7036465506478637e-08
0,1525,2.7036250450041216e-08
0,1526,2.7035978897549758e-08
0,1527,2.7035598957136724e-08
0,1528,1.6487949698124537e-08
0,1529,1.6483900971777407e-08
0,1530,1.8295160145604663e-08
0,1531,2.0529028954080025e-08
0,1532,2.3352151941978804e-08
0,1533,2.703277783039522e-08
0,1534,2.703251888374624e-08
0,1535,2.7032039063091867e-08
0,1536,2.7031570316654667e-08
0,1537,2.70310415536946e-08
0,1538,2.7030464525895956e-08
0,1539,2.7029857729713916e-08
0,1540,2.7029223565233276e-08
0,1541,2.7028536103383e-08
0,1542,2.7027819879519335e-08
0,1543,2.7023872188776648e-08
0,1544,1.6481453651236334e-08
0,1545,1.6481304389563705e-08
0,1546,1.6480588533769738e-08
0,1547,1.7993048589570358e-08
0,1548,1.9710630675484018e-08
0,1549,2.1701774402582073e-08
0,1550,2.4052557374114195e-08
0,1551,2.3273542652744983e-08
0,1552,2.24991184137347e-08
0,1553,2.1719002325378646e-08
0,1554,2.0917072410744247e-08
0,1555,2.0064396917780574e-08
0,1556,1.9092736608639196e-08
0,1557,3.5511265616853876e-08
0,1558,3.735652074999483e-08
0,1559,3.9367336843937133e-08
0,1560,4.165086575855519e-08
0,1561,4.4358021988413787e-08
0,1562,4.770741410589223e-08
0,1563,5.203729535776635e-08
0,1564,5.784995080813617e-08
0,1565,6.610529854865759e-08
0,1566,7.864596944340372e-08
0,1567,9.972297433404585e-08
0,1568,1.4199524705631487e-07
0,1569,2.683115756090004e-07
0,1570,453.9378915915066
0,1571,349.64604521388617
0,1572,301.1316013435523
0,1573,298.405787769939
0,1574,338.653691292604
0,1575,533.7805375724969
0,1576,1.714947737829341e-08
0,1577,1.7150200055982316e-08
0,1578,1.7150607899249666e-08
0,1579,1.7150815619294173e-08
0,1580,1.7150877042338965e-08
0,1581,1.7150785564373083e-08
0,1582,1.715052408964585e-08
0,1583,1.715005403671454e-08
0,1584,1.715446113425843e-08
0,1585,1.8972246478165833e-08
0,1586,2.1192246939364556e-08
0,1587,2.3966312001183184e-08
0,1588,2.7532052567694995e-08
0,1589,3.228513017629439e-08
0,1590,3.893738557818484e-08
0,1591,4.8913726519553594e-08
0,1592,6.553572635995496e-08
0,1593,9.876257034192621e-08
0,1594,1.9835526078479339e-07
0,1595,571.7570364111347
0,1596,387.86180662886323
0,1597,354.6961987356174
0,1598,387.20198501880105
0,1599,574.0385230988655
0,1600,1.7149564972653887e-08
0,1601,1.7150473186404675e-08
0,1602,1.7150956007764743e-08
0,1603,1.7151242842702462e-08
0,1604,1.7151430860686077e-08
0,1605,1.7151688724742248e-08
0,1606,2.1360718010845765e-08
0,1607,2.4298251779100515e-08
0,1608,2.8127948364252062e-08
0,1609,3.332896711342185e-08
0,1610,4.079797648611725e-08
0,1611,5.2431452706568494e-08
0,1612,7.305696392992194e-08
0,1613,1.1966342636296208e-07
0,1614,3.2471398091514026e-07
0,1615,1.7150309924873238e-08
0,1616,1.7149968507884563e-08
0,1617,1.7149320324144672e-08
0,1618,3.836305568016103e-07
0,1619,572.6192284853504
0,1620,385.6391429752334
0,1621,350.79596016398483
0,1622,383.2868573580772
0,1623,583.214366215538
0,1624,1.7149320363094635e-08
0,1625,1.7149874436269915e-08
0,1626,1.7150162775822752e-08
0,1627,1.7150242072340156e-08
0,1628,1.71501503161104e-08
0,1629,1.714987748594428e-08
0,1630,1.7149546296441374e-08
0,1631,4.5843144282038195e-07
0,1632,466.66499332529236
0,1633,350.01773367196836
0,1634,299.1209187788591
0,1635,296.1587730167203
0,1636,335.5646938330082
0,1637,528.0284426065389
0,1638,1.714993357678792e-08
0,1639,1.7151027585802836e-08
0,1640,1.7151748214759598e-08
0,1641,1.7152253767265246e-08
0,1642,1.7152616695367124e-08
0,1643,1.715285516843356e-08
0,1644,1.7153027122027365e-08
0,1645,1.7153120914107587e-08
0,1646,1.7153003729199976e-08
0,1647,1.7152823511576654e-08
0,1648,1.715256365800272e-08
0,1649,1.7152178182303914e-08
0,1650,1.7151659450839746e-08
0,1651,1.7150898499123475e-08
0,1652,1.715020807411478e-08
0,1653,9.167364792597146e-08
0,1654,4.022689740663818e-08
0,1655,1253.3490520088837
0,1656,1255.7847508228358
0,1657,1134.0984703391139
0,1658,1095.7975741665914
0,1659,1097.436777272308
0,1660,1140.6199350304562
0,1661,1281.3315884814112
0,1662,1218.0448182758103
0,1663,3.407389646842572e-08
0,1664,3.4076124408107694e-08
0,1665,3.407685726608908e-08
0,1666,3.407673898821081e-08
0,1667,3.4075797242885425e-08
0,1668,547.8985067960533
0,1669,486.35809262979814
0,1670,503.2797170648225
0,1671,3.407387695198024e-08
0,1672,3.407410548921468e-08
0,1673,3.407426295162991e-08
0,1674,3.408763630653684e-08
0,1675,3.9473107318055965e-08
0,1676,3.8996041608467286e-08
0,1677,1037.0966035508845
0,1678,1308.8468907148285
0,1679,1179.540019956024
0,1680,1111.975411403574
0,1681,1089.6962105167136
0,1682,1082.851060925019
0,1683,1082.8542996825915
0,1684,1085.291858318287
0,1685,1075.948978170514
0,1686,1046.1848481528411
0,1687,1043.66348987647
0,1688,1043.7705835795225
0,1689,1051.3869749177643
0,1690,1080.4592039645886
0,1691,1084.193821664482
0,1692,1092.7885914483022
0,1693,1118.6761512153344
0,1694,1202.3488650826143
0,1695,1395.1466093031036
0,1696,4.326513853905985e-08
0,1697,4.326820220240332e-08
0,1698,4.326884562557071e-08
0,1699,4.3267667394826406e-08
0,1700,4.326800862928626e-08
0,1701,5.9587378845310914e-08
0,1702,5.370595901160025e-08
0,1703,1386.6828795974593
0,1704,1194.691109898772
0,1705,1116.2276195647187
0,1706,1088.3029222982311
0,1707,1080.398882520244
0,1708,1077.7454487012735
0,1709,1075.5085705815773
0,1710,1071.034192293684
0,1711,1067.0145009336513
0,1712,1068.6800859211357
0,1713,1073.8633689388175
0,1714,1076.548999148764
0,1715,1077.2623404148032
0,1716,1079.3748009052244
0,1717,1088.4255780675953
0,1718,1117.7782620141454
0,1719,1207.0132784136704
0,1720,1387.0526308278004
0,1721,5.60376725095829e-08
0,1722,5.604039644438268e-08
0,1723,5.6038299171709766e-08
0,1724,6.053791312809879e-08
0,1725,6.470953664299315e-08
0,1726,6.808320661760782e-08
0,1727,6.965618897619133e-08
0,1728,6.684930535562632e-08
0,1729,1310.561133446533
0,1730,1100.108939981836
0,1731,1022.2762029103716
0,1732,993.4866550464856
0,1733,943.1871966601509
0,1734,876.1527005195991
0,1735,805.2357291219791
0,1736,1284.548503933291
0,1737,1152.2487590766277
0,1738,1101.5156464814304
0,1739,1085.923845682951
0,1740,1088.193305485032
0,1741,1111.8294861416791
0,1742,1190.9859992642464
0,1743,1420.4096931693207
0,1744,1.4048397579792342e-07
0,1745,1.7149518317201626e-08
0,1746,1.7149843603986032e-08
0,1747,1.7150194612552185e-08
0,1748,1.7150322586409825e-08
0,1749,1.715027148135119e-08
0,1750,1.7150022934122114e-08
0,1751,1.714957790054168e-08
0,1752,1.7153560348762972e-08
0,1753,4.00062217974543e-07
0,1754,2.2634828264093488e-07
0,1755,1.8197194324488537e-07
0,1756,1.5770875316304376e-07
0,1757,1.3926656607923457e-07
0,1758,1.2145243248327703e-07
0,1759,9.934643628406556e-08
0,1760,982.9174625133314
0,1761,1367.4551676845679
0,1762,1173.465921246599
0,1763,1108.0757485125948
0,1764,1094.6595253744147
0,1765,1113.652711142183
0,1766,1191.861779878128
0,1767,1421.2037328005024
0,1768,8.945782304440035e-08
0,1769,8.946433698772932e-08
0,1770,8.946557507563571e-08
0,1771,8.945788995882412e-08
0,1772,1.0624803307879185e-07
0,1773,1.1241059323293127e-07
0,1774,1.1683247232373805e-07
0,1775,1.1790490768335768e-07
0,1776,1.121620887891019e-07
0,1777,554.3793995258432
0,1778,462.76801898179747
0,1779,427.3367696046109
0,1780,9.986977883814582e-08
0,1781,9.97913207090328e-08
0,1782,1.0733687211522246e-07
0,1783,1.130162385231168e-07
0,1784,1.1306326508272449e-07
0,1785,1352.2694695420446
0,1786,1216.1856581803966
0,1787,1132.1844472989076
0,1788,1124.8252149763284
0,1789,1193.4272105222149
0,1790,1418.0292163289698
0,1791,2.2519528427631763e-07
0,1792,1.7732316540016298e-08
0,1793,1.8376970557412692e-08
0,1794,1.697924082283669e-08
0,1795,1.8837015302681983e-08
0,1796,1.884336302703009e-08
0,1797,1.884378437349001e-08
0,1798,1.8844143837820057e-08
0,1799,1.8844508287599684e-08
0,1800,1.8844862394666568e-08
0,1801,1.8845195260122415e-08
0,1802,1.884552984428604e-08
0,1803,1.8845802537263316e-08
0,1804,1.8846030674423764e-08
0,1805,1.8846245806518168e-08
0,1806,1.8846421667864595e-08
0,1807,1.884598768977174e-08
0,1808,1.8846139302231848e-08
0,1809,1.8847084593044027e-08
0,1810,1.8847361000013443e-08
0,1811,1.8847614275695527e-08
0,1812,1.884790392262e-08
0,1813,1.8848230352790465e-08
0,1814,1.884824008523291e-08
0,1815,1.8848306654243414e-08
0,1816,1.8848341999803443e-08
0,1817,1.6980995891014068e-08
0,1818,1.698092490375435e-08
0,1819,1.6980744382866128e-08
0,1820,1.6980394917516078e-08
0,1821,1.6980499870315865e-08
0,1822,1.875988818312419e-08
0,1823,1.867017226321309e-08
0,1824,1.8576532038952628e-08
0,1825,1.847838543423796e-08
0,1826,1.83747513055647e-08
0,1827,1.8264215039772217e-08
0,1828,1.814534962120968e-08
0,1829,1.8013122756416975e-08
0,1830,1.7862080579844825e-08
0,1831,1.7678811793982597e-08
0,1832,1.7415471937632374e-08
0,1833,2.2691300419991974e-08
0,1834,1303.2594796910112
0,1835,1081.0677931879684
0,1836,1018.7145976984434
0,1837,1078.6138283054509
0,1838,1314.2689021534159
0,1839,2.963137621905034e-08
0,1840,1.7750129507819017e-08
0,1841,1.8383979271998496e-08
0,1842,1.6979032865446775e-08
0,1843,1.69796986154201e-08
0,1844,1.884544418787596e-08
0,1845,1.8845596778798037e-08
0,1846,1.884560058003796e-08
0,1847,1.8845625177664683e-08
0,1848,1.8845861737656384e-08
0,1849,2.1146382438609336e-08
0,1850,2.4053610080389753e-08
0,1851,2.7843285169065415e-08
0,1852,1.8848675655219158e-08
0,1853,2.0134593062846927e-08
0,1854,1.884566036437554e-08
0,1855,1.8845082512661173e-08
0,1856,1.8845118002755516e-08
0,1857,3.697384000092644e-08
0,1858,4.6446287280682975e-08
0,1859,36.1586956732728
0,1860,362.0357186789377
0,1861,404.32818002177316
0,1862,407.4509937627658
0,1863,2.0607718878122978e-08
0,1864,2.211649971874726e-08
0,1865,1.664506271091662e-08
0,1866,1.6645499352673984e-08
0,1867,1.6645843675568427e-08
0,1868,1.8474737320098896e-08
0,1869,2.0730581347270317e-08
0,1870,2.3581462026530726e-08
0,1871,2.358367495389202e-08
0,1872,2.358395780923856e-08
0,1873,2.3584206529485974e-08
0,1874,2.3584440106102274e-08
0,1875,2.3584664998994398e-08
0,1876,2.358486601522036e-08
0,1877,2.3585032111079893e-08
0,1878,1.6647740247907844e-08
0,1879,1.6647125178578825e-08
0,1880,1.8476470670534466e-08
0,1881,2.0732461562912244e-08
0,1882,2.3583472146896105e-08
0,1883,2.3584413900810405e-08
0,1884,2.3584238392791913e-08
0,1885,2.3584012034265128e-08
0,1886,2.3583742022587588e-08
0,1887,2.3583419064933722e-08
0,1888,2.3572097914577024e-08
0,1889,1.6645949760600543e-08
0,1890,1.6645618398418113e-08
0,1891,1.6645121961718313e-08
0,1892,1.8265732071094963e-08
0,1893,2.0177687701974624e-08
0,1894,2.2483948954265626e-08
0,1895,2.2098393012901754e-08
0,1896,2.1709308049211375e-08
0,1897,2.1315129559164824e-08
0,1898,2.091257028833822e-08
0,1899,2.0500075723194625e-08
0,1900,3.690783408648784e-08
0,1901,1.9649362611497552e-08
0,1902,1.919550553756169e-08
0,1903,1.8677702523157335e-08
0,1904,1.8008474195726137e-08
0,1905,8.461845495290722e-08
0,1906,9.037722990433081e-08
0,1907,1.0732210724932463e-07
0,1908,1.4631067112421065e-07
0,1909,2.6819716681796566e-07
0,1910,761.9260744189513
0,1911,548.252854831462
0,1912,612.5277496615431
0,1913,1.7741390903740385e-08
0,1914,1.7741588944014344e-08
0,1915,1.774152129048996e-08
0,1916,1.7741085867663828e-08
0,1917,1.024601163038155e-07
0,1918,6.572821278717008e-08
0,1919,5.5222654106684785e-08
0,1920,4.982976624862335e-08
0,1921,4.623845045609591e-08
0,1922,4.333776269761173e-08
0,1923,4.057386793377023e-08
0,1924,3.7547427201279856e-08
0,1925,3.380530009371716e-08
0,1926,2.8334191455484608e-08
0,1927,1238.0267104638774
0,1928,1282.439079170897
0,1929,1143.5896947171316
0,1930,1096.0631944462364
0,1931,1081.8236958330342
0,1932,1079.5922074117843
0,1933,1085.8422469314796
0,1934,1109.8908698938965
0,1935,1190.8685964564024
0,1936,1425.3608318956772
0,1937,2.6045832652915515e-08
0,1938,2.604678987842531e-08
0,1939,2.6047003356772586e-08
0,1940,2.604656433668562e-08
0,1941,3.668434494049537e-08
0,1942,4.214385140004765e-08
0,1943,4.942046636413123e-08
0,1944,5.960425230800066e-08
0,1945,7.487410114231073e-08
0,1946,1.0031221044521635e-07
0,1947,1.5115629535333375e-07
0,1948,3.035478710999959e-07
0,1949,1126.1947951473362
0,1950,2.6152697917599787e-08
0,1951,2.6153181357910547e-08
0,1952,4.85925190433752e-08
0,1953,1421.7481239956685
0,1954,1192.2479133959082
0,1955,1113.571390404562
0,1956,1096.4630246269433
0,1957,1114.3717131315473
0,1958,1193.497789238813
0,1959,1417.7402704291208
0,1960,6.438828613518967e-08
0,1961,1.7148995093305098e-08
0,1962,1.7149380090708115e-08
0,1963,1.7149419605123754e-08
0,1964,1.714915052868917e-08
0,1965,2.7909453629861817e-08
0,1966,3.272880121284275e-08
0,1967,3.9472087481314054e-08
0,1968,4.958212586926309e-08
0,1969,6.642226428687332e-08
0,1970,1.0007670223926191e-07
0,1971,2.0093463102543725e-07
0,1972,913.8575026671288
0,1973,686.7754477648332
0,1974,1.7219212408391263e-08
0,1975,1.7219149763633582e-08
0,1976,3.288580561920586e-08
0,1977,1411.823858688542
0,1978,1197.4305752498756
0,1979,1115.7747869334207
0,1980,1098.8586294548309
0,1981,1120.4103074797654
0,1982,1204.945816494287
0,1983,1392.21156066116
0,1984,3.897719808516794e-08
0,1985,1.7148913927724792e-08
0,1986,1.7149291364562544e-08
0,1987,1.7149295820843537e-08
0,1988,1.7148967499926128e-08
0,1989,1.453418078624022e-07
0,1990,9.777505185732478e-08
0,1991,9.120319684590155e-08
0,1992,9.469262264810794e-08
0,1993,1.060466531077435e-07
0,1994,1.2906793921849894e-07
0,1995,1.7852021139813917e-07
0,1996,3.302172290244195e-07
0,1997,587.6176786537644
0,1998,2.2083127928674705e-08
0,1999,6.158705966069516e-08
0,2000,3.475948893903139e-08
0,2001,1398.608608305814
0,2002,1201.0324667863956
0,2003,1118.1247175264941
0,2004,1098.4910699276063
0,2005,1115.9221478533584
0,2006,1194.5596931399648
0,2007,1415.8514985294075
0,2008,2.7374813945940933e-08
0,2009,2.737607377502823e-08
0,2010,2.7376349659676474e-08
0,2011,2.7376056035790012e-08
0,2012,2.7375237227464562e-08
0,2013,5.150728738803693e-08
0,2014,6.026758404417893e-08
0,2015,7.244749299027665e-08
0,2016,9.059237994115527e-08
0,2017,1.2061832713022565e-07
0,2018,1.802209768210581e-07
0,2019,3.5752981071080284e-07
0,2020,830.2311943134418
0,2021,783.2566610185294
0,2022,2.77614810361195e-08
0,2023,2.7761021522771718e-08
0,2024,8.481443701981314e-08
0,2025,4.5043902296258037e-08
0,2026,1413.0492266100246
0,2027,1196.8994734039925
0,2028,1142.9266789346643
0,2029,1194.1149830547402
0,2030,1410.8308299453195
0,2031,462.7539678992523
0,2032,3.4758994051873335e-08
0,2033,3.476087361851862e-08
0,2034,3.4761370495282526e-08
0,2035,3.476091031541468e-08
0,2036,3.475925871477837e-08
0,2037,6.425932616012608e-08
0,2038,7.343020424455354e-08
0,2039,8.545195635704733e-08
0,2040,1.0202047619953236e-07
0,2041,1.2651523691543443e-07
0,2042,1.6679039617923655e-07
0,2043,2.46295192626823e-07
0,2044,4.815491345069476e-07
0,2045,448.9725023588989
0,2046,303.62398989725216
0,2047,3.560307366676544e-08
0,2048,1.0425747831127965e-07
0,2049,5.692955291811244e-08
0,2050,1422.2712673902438
0,2051,1194.1798112521838
0,2052,1122.6252025032688
0,2053,1125.148531238744
0,2054,1199.5659330391802
0,2055,1405.5351281795602
0,2056,8.436273659704718e-08
0,2057,3.075000512574839e-08
0,2058,3.0751429493560675e-08
0,2059,3.075173398212191e-08
0,2060,3.07512157778646e-08
0,2061,3.0751634856627586e-08
0,2062,2.5450949513381436e-07
0,2063,1.5160002116889194e-07
0,2064,1.26130671557171e-07
0,2065,1.138043032229447e-07
0,2066,1.0605215506473355e-07
0,2067,1.0018382748063805e-07
0,2068,9.495099411062488e-08
0,2069,8.956271194732917e-08
0,2070,8.332424994936542e-08
0,2071,7.532055083995614e-08
0,2072,6.334244542197023e-08
0,2073,1414.7263479060914
0,2074,1193.652920777245
0,2075,1113.359989584156
0,2076,1091.5413730171683
0,2077,1096.5627193592986
0,2078,1135.488780502741
0,2079,1258.125688042087
0,2080,1290.236052117763
0,2081,5.660126545708804e-08
0,2082,5.6608083372826855e-08
0,2083,5.6610498223501695e-08
0,2084,5.661101239783035e-08
0,2085,5.6609570321405173e-08
0,2086,5.660463609429245e-08
0,2087,1.1305295740464644e-07
0,2088,1.156908559374071e-07
0,2089,1.1786828467899167e-07
0,2090,1.1958725444547434e-07
0,2091,1.208342674509854e-07
0,2092,1.2157301423814455e-07
0,2093,1.217388449618092e-07
0,2094,1.2123100461195846e-07
0,2095,1.198995038312865e-07
0,2096,1.1752780525817067e-07
0,2097,1.1380511676926431e-07
0,2098,1.0825410400916219e-07
0,2099,1.0002584677399652e-07
0,2100,8.699155798051088e-08
0,2101,394.6781221103284
0,2102,520.9027472179694
0,2103,639.7471037452304
0,2104,7.18755943471017e-08
0,2105,7.186365173722324e-08
0,2106,7.190577089437073e-08
0,2107,8.61211668453819e-08
0,2108,9.280256692303338e-08
0,2109,9.955855213499107e-08
0,2110,1.0625713531042845e-07
0,2111,1.1268956316192998e-07
0,2112,1.1860095886833614e-07
0,2113,1.2370911350341593e-07
0,2114,1.2770880551545526e-07
0,2115,1.302735039933117e-07
0,2116,1.3103424394231983e-07
0,2117,1.2953977023993674e-07
0,2118,1.251434652357067e-07
0,2119,1.1667600915080806e-07
0,2120,1.007959808014831e-07
0,2121,1398.2022532004726
0,2122,1199.8681243685526
0,2123,1118.0555790749136
0,2124,1099.4069683669177
0,2125,1118.2914897992032
0,2126,1198.395285939022
0,2127,1402.9837015792523
0,2128,1.842886774858026e-07
0,2129,1.7149985936383664e-08
0,2130,1.7151431641779203e-08
0,2131,1.7152270123478233e-08
0,2132,1.715289500206542e-08
0,2133,1.7153352917180617e-08
0,2134,1.7153683257509276e-08
0,2135,1.7153926622926206e-08
0,2136,1.715408633728356e-08
0,2137,1.7154159354003726e-08
0,2138,1.715417540626741e-08
0,2139,1.715410886644905e-08
0,2140,1.7154014093003232e-08
0,2141,1.715407498955606e-08
0,2142,1.7153429906505634e-08
0,2143,1.715299600091541e-08
0,2144,1.7154348574069394e-08
0,2145,3.333149478698113e-08
0,2146,4.07988114948084e-08
0,2147,5.2426896894962164e-08
0,2148,7.304722178239e-08
0,2149,762.7553912215933
0,2150,3.2442217951964784e-07
0,2151,790.4795802916028
0,2152,1.7150850129605177e-08
0,2153,1.715165942810877e-08
0,2154,1.715195108159331e-08
0,2155,1.715236277776959e-08
0,2156,1.715282832741297e-08
0,2157,1.71531210586419e-08
0,2158,1.71532307651871e-08
0,2159,1.7153258903479307e-08
0,2160,1.7153209127161257e-08
0,2161,1.7153093271932742e-08
0,2162,1.7152864022668856e-08
0,2163,1.9037388776761233e-08
0,2164,2.1360841109249523e-08
0,2165,1.715164619673585e-08
0,2166,1.715087123725287e-08
0,2167,1.7149735098133753e-08
0,2168,3.492490126774276e-08
0,2169,3.6546795542239166e-08
0,2170,571.4050863930665
0,2171,365.1337672257626
0,2172,330.79051549023364
0,2173,351.2113978675351
0,2174,471.33416130839777
0,2175,185.68062706802502
0,2176,1.714978820368092e-08
0,2177,1.7150961166557922e-08
0,2178,1.7151580391566105e-08
0,2179,1.7152029719322368e-08
0,2180,1.7152337145935967e-08
0,2181,1.7152554017720847e-08
0,2182,1.7152670928098304e-08
0,2183,1.7152690712101163e-08
0,2184,1.7152621306038506e-08
0,2185,1.715261807816535e-08
0,2186,1.903742074199573e-08
0,2187,2.1361669850262783e-08
0,2188,2.429840573459267e-08
0,2189,1.7151428508963473e-08
0,2190,1.715061443601976e-08
0,2191,1.7149600139737298e-08
0,2192,3.1265395800788296e-08
0,2193,2.369866247349978e-08
0,2194,1421.7522908920484
0,2195,1191.2899486866709
0,2196,1122.0159039037965
0,2197,1124.8036685323925
0,2198,1200.3820242324314
0,2199,1404.2554384757436
0,2200,3.310449952112862e-08
0,2201,1.7149400464340774e-08
0,2202,1.7150273726727113e-08
0,2203,1.7150709171284722e-08
0,2204,1.715093261889808e-08
0,2205,1.7151060090536333e-08
0,2206,1.7151369280181248e-08
0,2207,2.1360070373984227e-08
0,2208,2.429711669638395e-08
0,2209,2.8126114063853856e-08
0,2210,3.332591163415137e-08
0,2211,4.079263063107199e-08
0,2212,5.242139881257864e-08
0,2213,7.303506586329642e-08
0,2214,1.7150006795427187e-08
0,2215,1.7149183000168155e-08
0,2216,7.48047089536738e-08
0,2217,5.8833818801837636e-08
0,2218,5.309447058941298e-08
0,2219,488.4288908641999
0,2220,318.5585487116113
0,2221,274.4238364328266
0,2222,250.5665539671214
0,2223,298.9423489550001
0,2224,390.4824106039774
0,2225,1.8461607702310672e-08
0,2226,1.8462039389162464e-08
0,2227,1.8462150430472346e-08
0,2228,1.8461956533771757e-08
0,2229,1.846132862544936e-08
0,2230,1.0755547400700548e-07
0,2231,6.925036597692181e-08
0,2232,5.843195921736955e-08
0,2233,5.3011980045334056e-08
0,2234,4.954053687710494e-08
0,2235,4.6877554815184536e-08
0,2236,4.4477181135874544e-08
0,2237,4.19847450180001e-08
0,2238,3.908161987057506e-08
0,2239,3.5342621075881264e-08
0,2240,2.9730095184700103e-08
0,2241,1421.6724789627165
0,2242,1190.9030791743728
0,2243,1113.0945266475082
0,2244,1095.9521554208109
0,2245,1113.49400141626
0,2246,1191.6833079246353
0,2247,1423.5624910061426
0,2248,5.100441671311275e-08
0,2249,1.7149418108413148e-08
0,2250,1.715014933723508e-08
0,2251,1.7150547300930362e-08
0,2252,1.715073480809551e-08
0,2253,1.715076782744557e-08
0,2254,1.7150652957641634e-08
0,2255,1.7150365522970707e-08
0,2256,1.71498640135295e-08
0,2257,1.715121396599065e-08
0,2258,1.464551392749234e-07
0,2259,8.281732941159273e-08
0,2260,6.561515688009961e-08
0,2261,5.561732052446341e-08
0,2262,4.7362817383729506e-08
0,2263,3.810619718887568e-08
0,2264,1405.829744908092
0,2265,1197.4077013523315
0,2266,1114.7942119097233
0,2267,1087.9347658750642
0,2268,1082.9166362495007
0,2269,1091.0656297128876
0,2270,1124.7972897310335
0,2271,1228.873376717555
0,2272,1348.9004816373767
0,2273,1.715142257191981e-08
0,2274,1.714913454404582e-08
0,2275,1.71494489896657e-08
0,2276,1.714942109106349e-08
0,2277,1.714905918828483e-08
0,2278,1.96148453711722e-07
0,2279,1.1523525459321228e-07
0,2280,9.565979096530313e-08
0,2281,8.623822168583894e-08
0,2282,8.032938190459017e-08
0,2283,7.586315654843536e-08
0,2284,7.188828399810811e-08
0,2285,6.780108202796725e-08
0,2286,6.307354657790162e-08
0,2287,5.701208848464881e-08
0,2288,4.7939367260844826e-08
0,2289,1417.9329923106984
0,2290,1193.1406845560002
0,2291,1112.9053519404836
0,2292,1092.8048158257122
0,2293,1101.833067463394
0,2294,1151.3850142299818
0,2295,1304.6671401022907
0,2296,1183.302584138541
0,2297,4.3263860532062744e-08
0,2298,4.3266548743227645e-08
0,2299,4.326666274872594e-08
0,2300,4.326464255520419e-08
0,2301,5.7831335833462164e-08
0,2302,6.200018303463849e-08
0,2303,6.598980236904796e-08
0,2304,6.976409808505878e-08
0,2305,7.317178175715133e-08
0,2306,7.605014261518879e-08
0,2307,7.822849374971338e-08
0,2308,7.952524892123128e-08
0,2309,7.973585133033267e-08
0,2310,7.860012767709412e-08
0,2311,7.573857696417012e-08
0,2312,7.04599133346883e-08
0,2313,6.074640899217279e-08
0,2314,1413.1976131496654
0,2315,1197.1580363139772
0,2316,1136.4284390554985
0,2317,1167.395368966838
0,2318,1323.0011961878217
0,2319,1144.6599584201917
0,2320,1.714994254457984e-08
0,2321,1.7151154719600303e-08
0,2322,1.7151886943360688e-08
0,2323,1.715241709920545e-08
0,2324,1.7152808969752285e-08
0,2325,1.715309633524095e-08
0,2326,1.7153286391219716e-08
0,2327,1.7153390546985217e-08
0,2328,1.7153405644785072e-08
0,2329,1.7153328814841162e-08
0,2330,1.7153164117267007e-08
0,2331,1.7153351413022898e-08
0,2332,1.715325585962914e-08
0,2333,1.7152028961258374e-08
0,2334,1.7151204816940452e-08
0,2335,1.714990259919384e-08
0,2336,2.5894515683856016e-08
0,2337,2.211771305314915e-08
0,2338,1303.2437068942797
0,2339,1049.3675905792295
0,2340,991.1518888683007
0,2341,1052.2679793738482
0,2342,1310.4820658381107
0,2343,3.036413687905427e-08
0,2344,1.714970598047156e-08
0,2345,1.7150832820927357e-08
0,2346,1.7151431314458567e-08
0,2347,1.715184969305734e-08
0,2348,1.7152140738480644e-08
0,2349,1.7152319116077355e-08
0,2350,1.7152389446889926e-08
0,2351,1.715237262333498e-08
0,2352,1.7152295211557363e-08
0,2353,1.715223410598052e-08
0,2354,1.903617640885104e-08
0,2355,2.135967192971972e-08
0,2356,2.4295929445026745e-08
0,2357,2.81234023409212e-08
0,2358,1.715035586390842e-08
0,2359,1.714958460225958e-08
0,2360,4.622296266557535e-08
0,2361,5.3466502321284075e-08
0,2362,524.9212530985827
0,2363,337.66901538524394
0,2364,297.9718649858689
0,2365,300.722824113691
0,2366,353.53235282201837
0,2367,460.73824469725866
0,2368,1.7149870977210976e-08
0,2369,1.7151103505301524e-08
0,2370,1.7151701177969716e-08
0,2371,1.7152175619961486e-08
0,2372,1.715250794086324e-08
0,2373,1.7152763796289197e-08
0,2374,1.7152996519695986e-08
0,2375,1.715311280921862e-08
0,2376,1.715309844545752e-08
0,2377,1.7152986886315738e-08
0,2378,1.7152769114002698e-08
0,2379,1.7152433274316017e-08
0,2380,1.7151894733641288e-08
0,2381,1.715110608335133e-08
0,2382,1.714998380462874e-08
0,2383,3.429054717465094e-08
0,2384,2.442270825387264e-08
0,2385,1420.06438928152
0,2386,1192.3824814019913
0,2387,1113.256773159398
0,2388,1095.9042918326234
0,2389,1113.3135536596608
0,2390,1191.4871204817928
0,2391,1424.5824021022142
0,2392,3.473136961235361e-08
0,2393,1.7149770924737345e-08
0,2394,1.7150956161148857e-08
0,2395,1.7151637825336437e-08
0,2396,1.715209107599027e-08
0,2397,1.715239929398675e-08
0,2398,1.7152599056397276e-08
0,2399,1.715270115896169e-08
0,2400,1.7152761435266172e-08
0,2401,1.7152781329779726e-08
0,2402,1.7152639993381032e-08
0,2403,1.7152276284338494e-08
0,2404,1.7151757460801844e-08
0,2405,1.7151006862250703e-08
0,2406,1.714982926777383e-08
0,2407,3.126568297503725e-08
0,2408,2.369855151838397e-08
0,2409,1409.0243062679644
0,2410,1195.0354716039694
0,2411,1116.0000958509313
0,2412,1097.6791459503054
0,2413,1115.5951566092447
0,2414,1194.0789220596407
0,2415,1416.107283979042
0,2416,3.393534069716538e-08
0,2417,1.7149685585303936e-08
0,2418,1.7150818004969245e-08
0,2419,1.715144088371842e-08
0,2420,1.7151852371981996e-08
0,2421,1.715213271193545e-08
0,2422,1.7152297441446135e-08
0,2423,1.7152384298142558e-08
0,2424,1.7152411636574776e-08
0,2425,1.7152294060947807e-08
0,2426,1.715210775931383e-08
0,2427,1.7151657343357398e-08
0,2428,1.7150966781742617e-08
0,2429,1.7149792040333596e-08
0,2430,3.436431313804739e-08
0,2431,2.9173957354827127e-08
0,2432,2.342293389308669e-08
0,2433,1418.0306824640388
0,2434,1192.8180770729034
0,2435,1115.3850095256687
0,2436,1102.3036401317038
0,2437,1129.166695272963
0,2438,1227.520045306871
0,2439,1343.2507131502703
0,2440,3.473103568243485e-08
0,2441,1.7149318488424376e-08
0,2442,1.7150055795283687e-08
0,2443,1.7150409045759704e-08
0,2444,1.7150554823145363e-08
0,2445,1.715054126655245e-08
0,2446,1.7150373962081933e-08
0,2447,1.7150086211762484e-08
0,2448,1.7149788648925483e-08
0,2449,1.1236815019847915e-07
0,2450,6.76326645510897e-08
0,2451,5.54902178301678e-08
0,2452,4.8993487863648836e-08
0,2453,4.429039491604859e-08
0,2454,4.005807285142502e-08
0,2455,3.5483105546204046e-08
0,2456,2.9361687393911532e-08
0,2457,1360.7179723806398
0,2458,1208.6991454676734
0,2459,1122.0113010963187
0,2460,1100.5115163540288
0,2461,1113.1991710916911
0,2462,1182.3001504563626
0,2463,1389.6779644809235
0,2464,833.8640011452235
0,2465,5.040833053824022e-08
0,2466,1.714903803492785e-08
0,2467,1.7149542111122832e-08
0,2468,1.7149658582056208e-08
0,2469,1.7149520111695135e-08
0,2470,1.7149207168071348e-08
0,2471,1.4823164339408147e-07
0,2472,8.704590265048323e-08
0,2473,7.161687119636953e-08
0,2474,6.376552751869769e-08
0,2475,5.8412765638717664e-08
0,2476,5.389892124294454e-08
0,2477,4.939107338184078e-08
0,2478,4.4151910333496117e-08
0,2479,3.679528330289406e-08
0,2480,1335.4822135353213
0,2481,1202.1544583794202
0,2482,1102.9134995636282
0,2483,1071.0985293163203
0,2484,1065.915144766698
0,2485,1072.0078125723192
0,2486,1093.5340280735602
0,2487,1164.6910131259267
0,2488,1392.7704153189995
0,2489,3.373707390904625e-08
0,2490,3.373968891063852e-08
0,2491,3.3740918997871494e-08
0,2492,3.3741429278911464e-08
0,2493,3.3741229841338074e-08
0,2494,4.779623710459883e-08
0,2495,5.5326989693065746e-08
0,2496,6.55517117244763e-08
0,2497,8.023179632276299e-08
0,2498,1.0308989095512142e-07
0,2499,1.435955812979046e-07
0,2500,2.3502877274234057e-07
0,2501,6.360460485076028e-07
0,2502,3.373598396861179e-08
0,2503,9.104301931822005e-08
0,2504,5.2574662664925864e-08
0,2505,1417.0233082381112
0,2506,1193.007058787021
0,2507,1114.2788404689666
0,2508,1096.6580299281618
0,2509,1114.163607295868
0,2510,1192.5317993271879
0,2511,1420.6625928131361
0,2512,8.364650058572418e-08
0,2513,1.714926011804228e-08
0,2514,1.714997479127661e-08
0,2515,1.715028903188741e-08
0,2516,1.7150392747388902e-08
0,2517,1.715033762468698e-08
0,2518,1.715016988534636e-08
0,2519,1.7150813105605317e-08
0,2520,2.4291538997274075e-08
0,2521,2.8115620179599052e-08
0,2522,3.33069810814422e-08
0,2523,4.0758247443253555e-08
0,2524,5.2355091429071693e-08
0,2525,7.287629162939656e-08
0,2526,1.7151011351118747e-08
0,2527,4.0524703312712926e-08
0,2528,2.5688308752507422e-08
0,2529,1414.94130298737
0,2530,1193.844285046903
0,2531,1118.6864332500809
0,2532,1111.0994903100423
0,2533,1160.7455061200826
0,2534,1326.3278781265826
0,2535,1132.8155085728333
0,2536,3.6233883489545184e-08
0,2537,1.7149809976178327e-08
0,2538,1.7151080807813646e-08
0,2539,1.7151811800618317e-08
0,2540,1.7152309408866327e-08
0,2541,1.715265654580412e-08
0,2542,1.715290041816688e-08
0,2543,1.7153063248595817e-08
0,2544,1.715320006403747e-08
0,2545,1.7153277882055477e-08
0,2546,1.7153207058825384e-08
0,2547,1.7152836926732007e-08
0,2548,1.7152411227657762e-08
0,2549,1.715184225836456e-08
0,2550,1.715109274986012e-08
0,2551,1.714984892812682e-08
0,2552,7.773804919512968e-08
0,2553,3.4901536679307653e-08
0,2554,1412.5953845047263
0,2555,1196.0479770473553
0,2556,1141.9583722591055
0,2557,1196.9689613445905
0,2558,1417.534595444728
0,2559,3.508220006103011e-08
0,2560,9.828408281864129e-08
0,2561,1.714973388273634e-08
0,2562,1.7150932252661363e-08
0,2563,1.715161275707449e-08
0,2564,1.7152059838245268e-08
0,2565,1.715236435180414e-08
0,2566,1.715256194048079e-08
0,2567,1.7152710439376532e-08
0,2568,1.71528019810935e-08
0,2569,1.715288502187939e-08
0,2570,1.7152590566843544e-08
0,2571,1.7152212417932298e-08
0,2572,1.7151691702611935e-08
0,2573,1.7150945553785752e-08
0,2574,1.7149983029153136e-08
0,2575,1.6003223075162186e-07
0,2576,9.201978425048957e-08
0,2577,7.440600292749858e-08
0,2578,496.3991839354723
0,2579,304.4189549729983
0,2580,262.5676453878833
0,2581,254.84527577834982
0,2582,266.87363236752213
0,2583,323.73829044106543
0,2584,366.71257270564814
0,2585,1.7149239967660402e-08
0,2586,1.71499290167996e-08
0,2587,1.715022870093236e-08
0,2588,1.7150322453384994e-08
0,2589,1.715023367376115e-08
0,2590,1.7149947331163026e-08
0,2591,1.714941395788733e-08
0,2592,1.9364992206449285e-07
0,2593,1.1165702490499466e-07
0,2594,9.094538914952721e-08
0,2595,8.006965567146167e-08
0,2596,7.227675330593643e-08
0,2597,6.53110653479525e-08
0,2598,5.781688472576615e-08
0,2599,4.782006055739185e-08
0,2600,1322.2363438037846
0,2601,1233.907161373577
0,2602,1130.426589356149
0,2603,1093.6101607173116
0,2604,1084.031074696954
0,2605,1088.6906537576845
0,2606,1114.2318124479566
0,2607,1197.1197091286583
0,2608,1408.3707211676362
0,2609,4.326481247534633e-08
0,2610,4.326775930990872e-08
0,2611,4.3268507577513284e-08
0,2612,4.3267508449778256e-08
0,2613,4.32694809789739e-08
0,2614,6.512929618989122e-08
0,2615,6.871016463482144e-08
0,2616,7.18525224355736e-08
0,2617,7.436885069388426e-08
0,2618,7.605540200919688e-08
0,2619,7.668402516168463e-08
0,2620,7.597734359937689e-08
0,2621,7.354486562177536e-08
0,2622,6.868978142052641e-08
0,2623,5.943908300689931e-08
0,2624,1305.6853640985441
0,2625,1251.2678469201821
0,2626,1131.6561470031786
0,2627,1092.5964033115138
0,2628,1083.0937328776652
0,2629,1087.1257284395806
0,2630,1110.6934921636569
0,2631,1190.9237233269296
0,2632,1422.3400113574887
0,2633,5.603454743011659e-08
0,2634,5.6037081987627834e-08
0,2635,5.603554888850004e-08
0,2636,5.605892605487975e-08
0,2637,6.031918362706177e-08
0,2638,6.358421365983266e-08
0,2639,6.396841333321707e-08
0,2640,62.8545075285487
0,2641,558.1711090670639
0,2642,409.7809124271813
0,2643,401.4104589621435
0,2644,339.75232425108675
0,2645,6.190210870562568e-08
0,2646,6.19004741797438e-08
0,2647,6.539264021245092e-08
0,2648,1417.1211684824973
0,2649,1193.756523435497
0,2650,1111.351704739004
0,2651,1085.8056442770392
0,2652,1078.9880748296914
0,2653,1079.0158965678456
0,2654,1085.463867967461
0,2655,1108.8994639777156
0,2656,1182.5937152097374
0,2657,1349.9288314758583
0,2658,609.4865889115766
0,2659,762.9636743922654
0,2660,804.3283670539015
0,2661,763.5225974220816
0,2662,638.5720823513116
0,2663,1237.999037763629
0,2664,1191.0469131307311
0,2665,1109.0271224831768
0,2666,1078.644799604343
0,2667,1068.9165937588045
0,2668,1063.5952367835982
0,2669,1056.8163758222956
0,2670,1049.3865362246424
0,2671,1056.856760207362
0,2672,1093.235630216856
0,2673,1086.357899973527
0,2674,1079.364061456834
0,2675,1076.5519713984704
0,2676,1076.5638139153823
0,2677,1079.057119105259
0,2678,1087.833824406326
0,2679,1117.744011804091
0,2680,1208.7659737150984
0,2681,1385.4919838142728
0,2682,9.124161246364788e-08
0,2683,9.125024919146897e-08
0,2684,9.124671605651629e-08
0,2685,9.130574261213224e-08
0,2686,9.829770180375846e-08
0,2687,1.0385109340268572e-07
0,2688,1.055417929526106e-07
0,2689,189.35850355743173
0,2690,9.606816621150641e-08
0,2691,1.0376322458217609e-07
0,2692,1.1088995952600637e-07
0,2693,1.1664127858452547e-07
0,2694,1.1929628720141474e-07
0,2695,1.1443166517638795e-07
0,2696,1308.6065468193701
0,2697,1247.8612289974023
0,2698,1132.0370919040156
0,2699,1093.9711135283583
0,2700,1087.03003574361
0,2701,1100.0151696270464
0,2702,1152.2390789631527
0,2703,1310.1890064206511
0,2704,1176.051145035462
0,2705,1.7149686663685298e-08
0,2706,1.7150742489481556e-08
0,2707,1.7151358284697482e-08
0,2708,1.7151753344607967e-08
0,2709,1.715200042000549e-08
0,2710,1.7152141356875682e-08
0,2711,1.7152196310442065e-08
0,2712,1.71521660120566e-08
0,2713,1.7153513812823672e-08
0,2714,1.9038627351267726e-08
0,2715,2.136312395806253e-08
0,2716,2.4300570538122654e-08
0,2717,1.7151380808079432e-08
0,2718,1.7150559826711284e-08
0,2719,1.7149604689723852e-08
0,2720,3.12671997916202e-08
0,2721,2.3698986339837038e-08
0,2722,1409.4642832433385
0,2723,1191.3577499660032
0,2724,1127.914761370757
0,2725,1152.4739392814788
0,2726,1290.8734761061244
0,2727,1198.3528339013465
0,2728,1.714974356557315e-08
0,2729,1.7150018687607136e-08
0,2730,1.7150465434582758e-08
0,2731,1.715068619168405e-08
0,2732,1.7150758626760244e-08
0,2733,1.7150693001872992e-08
0,2734,1.7150455959279187e-08
0,2735,1.715007859124084e-08
0,2736,1.7150293056828733e-08
0,2737,2.9070967182880867e-08
0,2738,2.9696482306516294e-08
0,2739,2.9909675297866726e-08
0,2740,2.9604865641337633e-08
0,2741,2.86317994502343e-08
0,2742,2.6720868717389462e-08
0,2743,2.3105401651270338e-08
0,2744,1256.9688692931154
0,2745,1265.1290570455874
0,2746,1140.9996753951914
0,2747,1097.1416387496463
0,2748,1084.876700041514
0,2749,1088.1418939484872
0,2750,1111.9793089111622
0,2751,1192.7180182683878
0,2752,1418.588826266451
0,2753,3.764123603413325e-08
0,2754,1.7149065523217136e-08
0,2755,1.7149605671543458e-08
0,2756,1.714976338297621e-08
0,2757,1.714972975055726e-08
0,2758,1.7149455167168463e-08
0,2759,1.715100475517493e-08
0,2760,2.5687910035139164e-08
0,2761,2.691062758893885e-08
0,2762,2.786451733220136e-08
0,2763,2.8440485794913972e-08
0,2764,2.8504078458770402e-08
0,2765,2.7878581006942596e-08
0,2766,2.631571498551278e-08
0,2767,2.298650009133999e-08
0,2768,1400.7445596760824
0,2769,1197.3930109641672
0,2770,1115.7295562538197
0,2771,1088.419677435092
0,2772,1084.6428224015942
0,2773,1096.4784950799667
0,2774,1140.954984117526
0,2775,1277.617186560287
0,2776,1250.883787120031
0,2777,1.7149905736390424e-08
0,2778,1.7151215856059968e-08
0,2779,1.715196533539937e-08
0,2780,1.7152496830037304e-08
0,2781,1.7152896095964427e-08
0,2782,1.715318811757965e-08
0,2783,1.7153373188769522e-08
0,2784,1.7153468797979362e-08
0,2785,1.715347407568919e-08
0,2786,1.7153399444395478e-08
0,2787,1.7153231423972057e-08
0,2788,1.715304204624984e-08
0,2789,1.7152640922088284e-08
0,2790,1.7152121040729456e-08
0,2791,1.715142331044445e-08
0,2792,3.0974793936052445e-08
0,2793,3.7352892229286375e-08
0,2794,345.96423747338656
0,2795,276.49699776956027
0,2796,257.6587282209728
0,2797,263.2699669106936
0,2798,296.5591457517262
0,2799,434.7593206963271
0,2800,1.715399806150202e-08
0,2801,1.7156741950588773e-08
0,2802,1.715668126385278e-08
0,2803,1.7158181752669502e-08
0,2804,1.7159470316661745e-08
0,2805,1.7160639132190997e-08
0,2806,1.716371562458029e-08
0,2807,1.716472704584997e-08
0,2808,1.7165577392230872e-08
0,2809,1.7166342658787186e-08
0,2810,1.7167043081410462e-08
0,2811,1.716768049391009e-08
0,2812,1.7168265171761335e-08
0,2813,1.7168803567695073e-08
0,2814,1.7169319356268628e-08
0,2815,1.7169805185069997e-08
0,2816,1.7170267258137794e-08
0,2817,1.717073957682464e-08
0,2818,1.717118930624054e-08
0,2819,1.717154135648781e-08
0,2820,1.717193233355719e-08
0,2821,1.7172168709976522e-08
0,2822,1.717238247004018e-08
0,2823,1.7172606919788383e-08
0,2824,1.717279575439985e-08
0,2825,1.7172587244198965e-08
0,2826,1.717099559305472e-08
0,2827,1.7171150657767012e-08
0,2828,1.7171356901683814e-08
0,2829,1.7173506744704432e-08
0,2830,1.7173837308144958e-08
0,2831,1.7173989133972665e-08
0,2832,1.7174102363900486e-08
0,2833,1.7174182630294333e-08
0,2834,1.7174236352284974e-08
0,2835,1.7174268001582957e-08
0,2836,1.7174278702915898e-08
0,2837,1.7174262244357613e-08
0,2838,1.717420957728552e-08
0,2839,1.717409083896353e-08
0,2840,1.7174011819266657e-08
0,2841,1.7174039857937624e-08
0,2842,1.717400063156401e-08
0,2843,1.7173916907991637e-08
0,2844,1.7173829115212e-08
0,2845,1.7173735888529657e-08
0,2846,1.7173581176579484e-08
0,2847,1.7173384637230967e-08
0,2848,1.7173160843499618e-08
0,2849,1.7172904617157933e-08
0,2850,1.7172576119122546e-08
0,2851,1.7172166469377865e-08
0,2852,1.717174591130572e-08
0,2853,1.717173930221934e-08
0,2854,1.717149967335612e-08
0,2855,1.7171184175802636e-08
0,2856,1.717084204399608e-08
0,2857,1.7170466179007533e-08
0,2858,1.7170041337699838e-08
0,2859,1.7169587304939827e-08
0,2860,1.716908311115973e-08
0,2861,1.716852928755085e-08
0,2862,1.7167925033941488e-08
0,2863,1.7167348212764673e-08
0,2864,1.7166694513159783e-08
0,2865,1.7166367826978692e-08
0,2866,2.4327098864153774e-08
0,2867,2.8165225300706394e-08
0,2868,3.3379283214432206e-08
0,2869,4.08704952524998e-08
0,2870,5.254686079574094e-08
0,2871,7.327547268544507e-08
0,2872,1.7160723567413347e-08
0,2873,1.71596266764908e-08
0,2874,1.715859997663733e-08
0,2875,1.7157434156460523e-08
0,2876,1.7156031168698342e-08
0,2877,1.7154207858633943e-08
0,2878,1.715141813978942e-08
0,2879,8.98525787281217e-08
0,2880,5.767739396872018e-08
0,2881,4.745816260778217e-08
0,2882,4.15153744414215e-08
0,2883,3.684363176154e-08
0,2884,3.223197345589529e-08
0,2885,2.6424637413057926e-08
0,2886,615.786311564633
0,2887,1203.005798989008
0,2888,1254.1922946589416
0,2889,1143.3975664066863
0,2890,1101.6676759717643
0,2891,1091.0817093175542
0,2892,1104.8898252384865
0,2893,1166.2613502217691
0,2894,1352.0209832651533
0,2895,1035.63790556979
0,2896,1.7150588332368456e-08
0,2897,1.7149476349758244e-08
0,2898,1.7149899451771874e-08
0,2899,1.7150063174509362e-08
0,2900,1.7150009438895043e-08
0,2901,1.7149751529959678e-08
0,2902,1.714957382988768e-08
0,2903,3.027493977950514e-08
0,2904,3.258467955750472e-08
0,2905,3.509897948524113e-08
0,2906,3.790230538650144e-08
0,2907,4.1129089940737955e-08
0,2908,4.4989759559855116e-08
0,2909,4.9819016415768964e-08
0,2910,5.6172666457196345e-08
0,2911,6.504634626853189e-08
0,2912,7.843311953174392e-08
0,2913,453.1683561778048
0,2914,275.9859919190262
0,2915,248.4639769267603
0,2916,247.37542829898223
0,2917,257.519832060019
0,2918,300.84446860617396
0,2919,492.19750121796585
0,2920,1.7149572508567105e-08
0,2921,1.7150172907502318e-08
0,2922,1.7150135520372658e-08
0,2923,1.715026006568826e-08
0,2924,1.7150216432707053e-08
0,2925,1.7149978255180578e-08
0,2926,1.7149423565199294e-08
0,2927,1.715472685497209e-08
0,2928,3.908325383093032e-08
0,2929,3.77094160692237e-08
0,2930,3.641724511468399e-08
0,2931,3.50346372250565e-08
0,2932,3.3399343840328913e-08
0,2933,3.1318006465453404e-08
0,2934,2.8481884728342197e-08
0,2935,2.4071452783663556e-08
0,2936,1384.7651790962882
0,2937,1194.3732426191762
0,2938,1110.498234380487
0,2939,1082.6645747602386
0,2940,1082.5412898490258
0,2941,1105.884297754911
0,2942,1185.1124632234319
0,2943,1409.9326517954387
0,2944,3.8977818351762375e-08
0,2945,1.7151013512536764e-08
0,2946,1.7153339755030618e-08
0,2947,1.7154858546060924e-08
0,2948,1.7156021872745527e-08
0,2949,1.7156982645066875e-08
0,2950,1.715780525863363e-08
0,2951,1.715850946085683e-08
0,2952,1.7159117907899308e-08
0,2953,1.71596371887626e-08
0,2954,1.7160088396244214e-08
0,2955,1.7160481067799615e-08
0,2956,1.716081191112693e-08
0,2957,1.7161095400474244e-08
0,2958,1.7161334475364364e-08
0,2959,1.7161539773924634e-08
0,2960,1.716172305263016e-08
0,2961,1.716189929088592e-08
0,2962,1.7162030493744963e-08
0,2963,1.7162101839343662e-08
0,2964,1.7162173606886743e-08
0,2965,1.716221468485744e-08
0,2966,1.716220607052559e-08
0,2967,1.7162149221140228e-08
0,2968,1.7162057111450398e-08
0,2969,1.7161874011180833e-08
0,2970,1.7161396077878497e-08
0,2971,1.7161196991529013e-08
0,2972,1.7161041162240737e-08
0,2973,1.7161010630284244e-08
0,2974,1.7160900501117038e-08
0,2975,1.71606309347586e-08
0,2976,1.71602909157707e-08
0,2977,1.7159885597542446e-08
0,2978,1.715941648040297e-08
0,2979,1.7158864893872478e-08
0,2980,1.7158231369226974e-08
0,2981,1.7157707603913762e-08
0,2982,1.7156825235818208e-08
0,2983,1.7155783375657238e-08
0,2984,2.642661245751791e-08
0,2985,3.098537252413391e-08
0,2986,3.736677075313194e-08
0,2987,4.693777723577464e-08
0,2988,6.28899318881444e-08
0,2989,460.39701721650323
0,2990,372.4829898090416
0,2991,366.65741830916437
0,2992,484.84625224532823
0,2993,1.714969830105063e-08
0,2994,1.7150148461365743e-08
0,2995,1.7150348419047855e-08
0,2996,1.7150379710040737e-08
0,2997,1.7150219858525032e-08
0,2998,1.714990450271743e-08
0,2999,1.714983165473978e-08
0,3000,2.0509542795397974e-08
0,3001,2.1983435841871243e-08
0,3002,2.3397008770062862e-08
0,3003,2.466475434186567e-08
0,3004,2.567049691858705e-08
0,3005,2.6260976025826847e-08
0,3006,2.622844045522483e-08
0,3007,2.52475691163411e-08
0,3008,2.2510701328727514e-08
0,3009,1364.0836367043007
0,3010,1206.5977167876754
0,3011,1117.178889993193
0,3012,1096.351811354451
0,3013,1114.250218564746
0,3014,1190.5539669295736
0,3015,1401.3717177086658
0,3016,3.5496253662182175e-08
0,3017,1.7149818653631072e-08
0,3018,1.7151052524153645e-08
0,3019,1.7151766632200158e-08
0,3020,1.7152257358501983e-08
0,3021,1.7152592727563606e-08
0,3022,1.7152823511190407e-08
0,3023,1.7152965721981212e-08
0,3024,1.7153027252240046e-08
0,3025,1.715296489586998e-08
0,3026,1.7152851942640716e-08
0,3027,1.7153703624629945e-08
0,3028,1.7152502580215334e-08
0,3029,1.715185462252482e-08
0,3030,1.7151114505423642e-08
0,3031,1.714997323710329e-08
0,3032,2.8447223263271715e-08
0,3033,2.2925475594205052e-08
0,3034,1291.2001856811064
0,3035,1219.3821067537742
0,3036,1119.1403738046324
0,3037,1109.448326293639
0,3038,1185.2629333722023
0,3039,1377.4847492857873
0,3040,3.223338594919334e-08
0,3041,1.7149861211026126e-08
0,3042,1.7151190803586715e-08
0,3043,1.7151944542278727e-08
0,3044,1.715247550089727e-08
0,3045,1.7152849739321673e-08
0,3046,1.715311747749502e-08
0,3047,1.715329346835956e-08
0,3048,1.7153379919981112e-08
0,3049,1.715337941882221e-08
0,3050,1.715329249681277e-08
0,3051,1.7153131264406357e-08
0,3052,1.7153055994317666e-08
0,3053,1.7152573120404285e-08
0,3054,1.715207932604748e-08
0,3055,1.715196071959497e-08
0,3056,3.3323638580213914e-08
0,3057,4.0784051480539105e-08
0,3058,356.7002246185115
0,3059,282.51776783831764
0,3060,262.97252757210737
0,3061,270.59221910222857
0,3062,320.4120714663067
0,3063,321.6539910439117
0,3064,1.7150756308868136e-08
0,3065,1.7151874568175447e-08
0,3066,1.7152345166348643e-08
0,3067,1.7152788105192883e-08
0,3068,1.7153178428285063e-08
0,3069,1.7153483655015184e-08
0,3070,1.715393854904507e-08
0,3071,1.7154142148921423e-08
0,3072,1.71541954555576e-08
0,3073,1.7154173539809983e-08
0,3074,1.7154073869517618e-08
0,3075,1.7153902803041746e-08
0,3076,1.7153707934906175e-08
0,3077,1.7153374092306343e-08
0,3078,1.715342385778576e-08
0,3079,2.813018423579111e-08
0,3080,3.333020539331334e-08
0,3081,4.0797029785500044e-08
0,3082,5.242553759931764e-08
0,3083,7.303938304254669e-08
0,3084,265.8895775514142
0,3085,530.3866170914735
0,3086,747.9490686522458
0,3087,1.7153412672414148e-08
0,3088,1.7152530820798627e-08
0,3089,1.7153410154642593e-08
0,3090,1.7154026521300827e-08
0,3091,1.715428445646372e-08
0,3092,1.7154923426463813e-08
0,3093,1.7155368809746883e-08
0,3094,1.7155670454001976e-08
0,3095,1.715589415096828e-08
0,3096,1.7156054208922856e-08
0,3097,1.7156146275573248e-08
0,3098,1.715618299590502e-08
0,3099,1.7156164179417074e-08
0,3100,1.7156119813193326e-08
0,3101,1.904169660237574e-08
0,3102,2.136768888568816e-08
0,3103,2.430707824350797e-08
0,3104,2.8139712775528808e-08
0,3105,3.3345561409488505e-08
0,3106,4.0823054428965944e-08
0,3107,5.247344615078579e-08
0,3108,7.316057889462046e-08
0,3109,642.7644312590178
0,3110,3.273010044760631e-07
0,3111,1.7157728005617092e-08
0,3112,1.715625347869902e-08
0,3113,1.7156537036083406e-08
0,3114,1.7156762128566985e-08
0,3115,1.7156925807363792e-08
0,3116,1.7157139391671503e-08
0,3117,1.7157304428624655e-08
0,3118,1.715741514313906e-08
0,3119,1.715747618037051e-08
0,3120,1.7157494944467774e-08
0,3121,1.7157464884589847e-08
0,3122,1.7157385564579137e-08
0,3123,1.7157230383260902e-08
0,3124,1.7157013212575035e-08
0,3125,1.7156707710965782e-08
0,3126,1.7156345747519234e-08
0,3127,1.715589576087637e-08
0,3128,1.7155293825775757e-08
0,3129,1.715483019570216e-08
0,3130,1.715409206222001e-08
0,3131,1.7153133246859865e-08
0,3132,1.7151821066982578e-08
0,3133,2.8123676335696637e-08
0,3134,3.331604103931781e-08
0,3135,4.0763605713504665e-08
0,3136,5.2351040554798087e-08
0,3137,7.286024830532444e-08
0,3138,1.1906485851276966e-07
0,3139,1.715340373689418e-08
0,3140,7.169568891696241e-08
0,3141,5.544777718866507e-08
0,3142,4.905061760072677e-08
0,3143,4.553093374914485e-08
0,3144,4.320614664061009e-08
0,3145,4.1419027445718716e-08
0,3146,3.982620611588301e-08
0,3147,3.819704047007636e-08
0,3148,3.6332868928456725e-08
0,3149,3.401134246953225e-08
0,3150,3.089035294053918e-08
0,3151,2.6080509871951782e-08
0,3152,1409.4155196151805
0,3153,1190.069571065821
0,3154,1110.2624702633277
0,3155,1086.2509991156692
0,3156,1084.3078319925264
0,3157,1094.5771496181626
0,3158,1130.2297315456224
0,3159,1238.1222934388088
0,3160,1314.6819230720102
0,3161,4.45076058838142e-08
0,3162,1.7151835076612758e-08
0,3163,1.7155165374442257e-08
0,3164,1.7157328594176485e-08
0,3165,1.7159009721893446e-08
0,3166,1.7160422900583454e-08
0,3167,1.7161665037791838e-08
0,3168,1.716276461322607e-08
0,3169,1.716373048383195e-08
0,3170,1.716459135960827e-08
0,3171,1.716535924362514e-08
0,3172,1.7166044938547747e-08
0,3173,1.7166688654835974e-08
0,3174,1.7167285082023533e-08
0,3175,1.716787185472956e-08
0,3176,1.716858293396921e-08
0,3177,1.9057485675908782e-08
0,3178,1.7171204993724404e-08
0,3179,1.7170034922763574e-08
0,3180,1.7170363396489116e-08
0,3181,1.717074331029515e-08
0,3182,1.717101511510756e-08
0,3183,1.7171297789338126e-08
0,3184,1.717157916373226e-08
0,3185,1.7171816166424038e-08
0,3186,1.717193068142959e-08
0,3187,1.7172026267488324e-08
0,3188,1.7172313416516025e-08
0,3189,1.7172685675160155e-08
0,3190,1.717294604937136e-08
0,3191,1.717315315065491e-08
0,3192,1.7173324137384325e-08
0,3193,1.7173464635284776e-08
0,3194,1.717358296369364e-08
0,3195,1.7173670203801222e-08
0,3196,1.7173733211011077e-08
0,3197,1.717377682831201e-08
0,3198,1.7173796609926237e-08
0,3199,1.7173812739422386e-08
0,3200,1.717383702605927e-08
0,3201,1.7173857664260975e-08
0,3202,1.7173847217535974e-08
0,3203,1.7173786196367658e-08
0,3204,1.717375785925649e-08
0,3205,1.7173781944042034e-08
0,3206,1.717367074076929e-08
0,3207,1.7173412515206232e-08
0,3208,1.717322719573745e-08
0,3209,1.7173017952358397e-08
0,3210,1.7172754368702085e-08
0,3211,1.7172524576862774e-08
0,3212,1.7172364092203494e-08
0,3213,1.7172172481719368e-08
0,3214,1.717195007271748e-08
0,3215,1.7171713225351217e-08
0,3216,1.7171475389206125e-08
0,3217,1.7171255553757994e-08
0,3218,1.7170907350456542e-08
0,3219,1.717045921109428e-08
0,3220,1.7169973264114874e-08
0,3221,1.7169500865739167e-08
0,3222,1.716901336866914e-08
0,3223,1.7168512101279455e-08
0,3224,1.7168068716987364e-08
0,3225,1.716817804328931e-08
0,3226,1.71679224533167e-08
0,3227,1.905453998999083e-08
0,3228,2.1382647608533632e-08
0,3229,2.432533461725294e-08
0,3230,2.8162301360323095e-08
0,3231,1.7163640779187142e-08
0,3232,1.716251340306771e-08
0,3233,1.71615820081529e-08
0,3234,1.716063075548577e-08
0,3235,1.7159508325777863e-08
0,3236,1.7158230057542245e-08
0,3237,1.7156689159646582e-08
0,3238,1.715471920119932e-08
0,3239,1.7151954262002126e-08
0,3240,3.339478624578599e-08
0,3241,3.3164661196344336e-08
0,3242,3.258921346305688e-08
0,3243,3.157968008363161e-08
0,3244,2.999321261960722e-08
0,3245,2.7559339843754454e-08
0,3246,2.3498400647737938e-08
0,3247,1148.0113751801748
0,3248,1310.4098223727315
0,3249,1155.512398121682
0,3250,1100.5147649399023
0,3251,1083.6815336370305
0,3252,1081.226263413679
0,3253,1088.360847966057
0,3254,1115.2142620287125
0,3255,1199.3237324862123
0,3256,1402.0100068532165
0,3257,3.897792713329e-08
0,3258,1.7149255251695697e-08
0,3259,1.7149731851053278e-08
0,3260,1.7149963041093264e-08
0,3261,1.71499685540648e-08
0,3262,1.7149754899727792e-08
0,3263,1.7149242869053178e-08
0,3264,1.1610939559895386e-07
0,3265,6.840435004932014e-08
0,3266,5.536738152613248e-08
0,3267,4.811254344150903e-08
0,3268,4.254621239615174e-08
0,3269,3.713716588168005e-08
0,3270,3.039610977318769e-08
0,3271,1392.9787495008343
0,3272,1201.4223025931262
0,3273,1117.1621350423104
0,3274,1088.423510330335
0,3275,1079.5324044228632
0,3276,1079.4940307385634
0,3277,1087.2934867767185
0,3278,1113.8000562486814
0,3279,1196.49836578801
0,3280,1408.5758533360474
0,3281,5.341674626611209e-08
0,3282,1.7149109920828537e-08
0,3283,1.7149695588427618e-08
0,3284,1.7149893511038536e-08
0,3285,1.7149881082602027e-08
0,3286,1.7149665099429248e-08
0,3287,1.7149613436165737e-08
0,3288,2.2900254639973726e-08
0,3289,2.4412584419034023e-08
0,3290,2.5830454736770823e-08
0,3291,2.7074657474018268e-08
0,3292,2.8050638218201274e-08
0,3293,2.8647772473993814e-08
0,3294,2.8733382593779843e-08
0,3295,2.8131499206652123e-08
0,3296,2.6549378553726458e-08
0,3297,2.3214811828928137e-08
0,3298,1407.6341942539023
0,3299,1183.7946694998686
0,3300,1114.5468633210642
0,3301,1115.6549950856986
0,3302,1188.111638662337
0,3303,1404.682476418184
0,3304,3.623391012654942e-08
0,3305,1.714935342487088e-08
0,3306,1.7150076597857218e-08
0,3307,1.7150424895142057e-08
0,3308,1.7150571415788964e-08
0,3309,1.7150550115603905e-08
0,3310,1.7150354875790277e-08
0,3311,1.714991990865093e-08
0,3312,1.7149953810521228e-08
0,3313,2.0508419423464168e-08
0,3314,2.1982395424915502e-08
0,3315,2.3395951852854486e-08
0,3316,2.4663692095861216e-08
0,3317,2.5669529463782226e-08
0,3318,2.6260259760051992e-08
0,3319,2.6228633263532128e-08
0,3320,2.5247218753464775e-08
0,3321,2.2510524142967147e-08
0,3322,1385.8135907781777
0,3323,1164.2376122236221
0,3324,1092.7128229054076
0,3325,1100.5424578811012
0,3326,1192.5103109227477
0,3327,1327.8945792287175
0,3328,3.4731160502226395e-08
0,3329,1.7150737040955676e-08
0,3330,1.7152936083376816e-08
0,3331,1.715429657878252e-08
0,3332,1.715533093411977e-08
0,3333,1.7156170315245817e-08
0,3334,1.7156881186003556e-08
0,3335,1.715748493895207e-08
0,3336,1.7158001890762748e-08
0,3337,1.715843683991789e-08
0,3338,1.7158805248892144e-08
0,3339,1.7159107943532466e-08
0,3340,1.7159351680769754e-08
0,3341,1.715955347024532e-08
0,3342,1.7159710635982178e-08
0,3343,1.7159828654651424e-08
0,3344,1.7159929925083893e-08
0,3345,1.7160042573906455e-08
0,3346,1.7160163378968508e-08
0,3347,1.716085620897818e-08
0,3348,1.904777181122708e-08
0,3349,2.1374468364555827e-08
0,3350,1.7160269475357642e-08
0,3351,1.7159845561225763e-08
0,3352,1.715964921773498e-08
0,3353,1.7159422687941522e-08
0,3354,1.71591356297598e-08
0,3355,1.7158773710172618e-08
0,3356,1.715848527558946e-08
0,3357,1.715819416186481e-08
0,3358,1.7157873023780016e-08
0,3359,1.715742005800708e-08
0,3360,1.7156864310749107e-08
0,3361,1.7156195777025718e-08
0,3362,1.7155365087823126e-08
0,3363,1.7154314424245448e-08
0,3364,1.715291942309933e-08
0,3365,1.7150877647726965e-08
0,3366,3.4292439917144436e-08
0,3367,2.4422752914985828e-08
0,3368,1381.4623334046294
0,3369,1205.2508730898526
0,3370,1118.1073731561378
0,3371,1091.3771113761077
0,3372,1090.644377747971
0,3373,1114.0202928096564
0,3374,1192.484878452143
0,3375,1413.5155416209714
0,3376,3.5496488186950216e-08
0,3377,1.7150848075855212e-08
0,3378,1.7153137930328647e-08
0,3379,1.7154533934036516e-08
0,3380,1.7155622382293686e-08
0,3381,1.715656309196544e-08
0,3382,1.7157336099305137e-08
0,3383,1.7157992231270168e-08
0,3384,1.7158550926294277e-08
0,3385,1.715902763391961e-08
0,3386,1.7159433700243975e-08
0,3387,1.7159776057154618e-08
0,3388,1.7160064950121512e-08
0,3389,1.7160323480192914e-08
0,3390,1.7160532970078883e-08
0,3391,1.7160705091927314e-08
0,3392,1.716085725272267e-08
0,3393,1.716097601032313e-08
0,3394,1.7161044537714466e-08
0,3395,1.7161058352239077e-08
0,3396,1.7161061891369736e-08
0,3397,1.7161018233607733e-08
0,3398,1.7160934891742287e-08
0,3399,1.7160812983426597e-08
0,3400,1.71606259156276e-08
0,3401,1.7160344365541892e-08
0,3402,1.7160142194339072e-08
0,3403,1.7159990513835113e-08
0,3404,1.7159750331191916e-08
0,3405,1.715944886581663e-08
0,3406,1.7159095246169773e-08
0,3407,1.715870954148408e-08
0,3408,1.715827830395616e-08
0,3409,1.7157739561856998e-08
0,3410,1.723265307160244e-08
0,3411,1.913509535769216e-08
0,3412,2.1483452760831496e-08
0,3413,2.4455197524647486e-08
0,3414,2.8336393183244136e-08
0,3415,3.361916465915727e-08
0,3416,1.7153072165274383e-08
0,3417,1.7151971651751163e-08
0,3418,1.7150608544478708e-08
0,3419,1.1106835347794719e-07
0,3420,2.2013086122964318e-07
0,3421,540.9242594422982
0,3422,405.2334583450528
0,3423,364.1803851846763
0,3424,394.6633546401193
0,3425,570.5540960712882
0,3426,1.71492850329811e-08
0,3427,1.714985390313079e-08
0,3428,1.7150066462701428e-08
0,3429,1.7150052782163877e-08
0,3430,1.7149828976445317e-08
0,3431,1.7149444748619166e-08
0,3432,1.0328902199869866e-07
0,3433,6.259415035431663e-08
0,3434,5.09227382358647e-08
0,3435,4.434003027472443e-08
0,3436,3.925250225239428e-08
0,3437,3.428536441765637e-08
0,3438,2.8075755248703303e-08
0,3439,1332.9330600952023
0,3440,1229.8698670424417
0,3441,1128.1127882527219
0,3442,1091.8282983663266
0,3443,1080.7717556285324
0,3444,1080.0985896236948
0,3445,1086.4651078451034
0,3446,1111.1273908373228
0,3447,1190.4906664455361
0,3448,1416.6063608628738
0,3449,2.607684927518643e-08
0,3450,2.6056349271344888e-08
0,3451,2.6056874785598176e-08
0,3452,2.605633030049027e-08
0,3453,2.8285478245142616e-08
0,3454,3.062343398920484e-08
0,3455,3.308070852147462e-08
0,3456,3.564315986818642e-08
0,3457,3.828277362281083e-08
0,3458,4.096187111088379e-08
0,3459,4.363736287584191e-08
0,3460,4.626755021863287e-08
0,3461,4.8816436601068316e-08
0,3462,5.1261080130689664e-08
0,3463,5.359519154287594e-08
0,3464,5.5830943639510375e-08
0,3465,5.799990871979102e-08
0,3466,6.017623462209302e-08
0,3467,282.7311427007899
0,3468,7.841162544086719e-08
0,3469,346.05354423679097
0,3470,297.43186209501505
0,3471,282.1356960762051
0,3472,318.71931320920737
0,3473,414.14017135287327
0,3474,2.8617006647390768e-08
0,3475,2.861573682321305e-08
0,3476,2.8615744882785752e-08
0,3477,2.8614692323731297e-08
0,3478,1.6824065570469004e-07
0,3479,1.113469173526189e-07
0,3480,9.587355644815709e-08
0,3481,8.902257998531803e-08
0,3482,8.563807495226019e-08
0,3483,8.411391470056998e-08
0,3484,8.380619371384365e-08
0,3485,8.444161126332629e-08
0,3486,8.593292574828775e-08
0,3487,8.831616397036003e-08
0,3488,9.173933401087936e-08
0,3489,444.0577867926308
0,3490,269.8105611326401
0,3491,219.57402427299223
0,3492,211.1277460048
0,3493,214.03342220333883
0,3494,233.08245421890433
0,3495,281.9145963420381
0,3496,401.95496442679797
0,3497,1.7149969925021506e-08
0,3498,1.7151380797681255e-08
0,3499,1.7152191887530782e-08
0,3500,1.7152747121998397e-08
0,3501,1.7153175318135934e-08
0,3502,1.7153504623082012e-08
0,3503,1.7153738826312958e-08
0,3504,1.715388445064993e-08
0,3505,1.715394172720078e-08
0,3506,1.715391724150438e-08
0,3507,1.7153815743762148e-08
0,3508,1.715372391239718e-08
0,3509,1.7153492172971625e-08
0,3510,1.715344336686544e-08
0,3511,2.8116589765681075e-08
0,3512,3.3312309913700194e-08
0,3513,4.0771868220441715e-08
0,3514,5.238694040183092e-08
0,3515,7.296776987420265e-08
0,3516,4.129103773132085
0,3517,3.2358403329366776e-07
0,3518,1384.1403691661294
0,3519,1.7151548250528227e-08
0,3520,1.7152017171915e-08
0,3521,1.7152621072708034e-08
0,3522,1.715300366526254e-08
0,3523,1.7153286335108866e-08
0,3524,1.7153534423683153e-08
0,3525,1.7153750976987034e-08
0,3526,1.7153882049175998e-08
0,3527,1.7153919939578755e-08
0,3528,1.715387178434963e-08
0,3529,1.7153739146935257e-08
0,3530,1.7153513311149774e-08
0,3531,1.715317738329374e-08
0,3532,1.7152917524403827e-08
0,3533,1.7152372897495828e-08
0,3534,1.7151649224729558e-08
0,3535,1.7151136571634805e-08
0,3536,2.771061340149788e-08
0,3537,3.2178309548681124e-08
0,3538,3.827880722261128e-08
0,3539,480.1212640082537
0,3540,338.927213099241
0,3541,294.0813857289448
0,3542,291.54547078176716
0,3543,334.03687594327806
0,3544,536.8433437926911
0,3545,1.714933838272109e-08
0,3546,1.714975334296255e-08
0,3547,1.7149974362362842e-08
0,3548,1.714998975801675e-08
0,3549,1.7149782434614056e-08
0,3550,1.714922858372055e-08
0,3551,1.8646807602712418e-08
0,3552,2.0268788190991007e-08
0,3553,2.204117353871393e-08
0,3554,2.3995090238866553e-08
0,3555,2.6165263877465727e-08
0,3556,2.8599283613375598e-08
0,3557,3.1366620414799515e-08
0,3558,3.457270863738398e-08
0,3559,3.83812037911576e-08
0,3560,4.305375556252106e-08
0,3561,459.49741825302135
0,3562,295.34528284604227
0,3563,250.46928348108165
0,3564,240.06030507078674
0,3565,251.48836239822856
0,3566,295.75068833203494
0,3567,482.9442148523411
0,3568,1.7152225745721285e-08
0,3569,1.7149595169415726e-08
0,3570,1.7150211069484167e-08
0,3571,1.7150506511194813e-08
0,3572,1.7150631737928093e-08
0,3573,1.7150606943705022e-08
0,3574,1.7150420938783298e-08
0,3575,1.7150126938292434e-08
0,3576,1.7149903773110354e-08
0,3577,2.9071024451500103e-08
0,3578,2.9696999590800955e-08
0,3579,2.9910198578090945e-08
0,3580,2.960505175876566e-08
0,3581,2.8632151271897874e-08
0,3582,2.6721054488038814e-08
0,3583,2.3105468253281245e-08
0,3584,1376.682280329383
0,3585,1188.4992308335304
0,3586,1103.7202417300962
0,3587,1080.788064761402
0,3588,1093.7769477513175
0,3589,1162.8127785381732
0,3590,1368.6173599089298
0,3591,830.3349418331212
0,3592,2.092588358115191e-08
0,3593,2.322732631917585e-08
0,3594,2.0925962932906027e-08
0,3595,2.0926411636222825e-08
0,3596,2.092656933590215e-08
0,3597,2.0926451787054974e-08
0,3598,2.0926038099629594e-08
0,3599,2.0925465635017665e-08
0,3600,5.503978556833212e-08
0,3601,4.991486779205032e-08
0,3602,4.6170337354809344e-08
0,3603,4.2862457298040104e-08
0,3604,3.943544194978156e-08
0,3605,3.535428859037e-08
0,3606,2.9530923955582695e-08
0,3607,1306.4942962459238
0,3608,1245.897171585024
0,3609,1132.2620717731907
0,3610,1092.8332121364808
0,3611,1080.7835573295013
0,3612,1079.5638828524598
0,3613,1086.1283350304395
0,3614,1110.55497998491
0,3615,1190.8608609908947
0,3616,1423.2485264372967
0,3617,2.737538981985031e-08
0,3618,2.7376143880956943e-08
0,3619,2.737687001115553e-08
0,3620,2.7376931169123054e-08
0,3621,2.7376404979625264e-08
0,3622,2.737507749114195e-08
0,3623,4.1010442687948814e-08
0,3624,4.295994985033355e-08
0,3625,4.448260995556759e-08
0,3626,4.5400879708013594e-08
0,3627,4.550842170101101e-08
0,3628,4.452926340700792e-08
0,3629,4.2004094563810124e-08
0,3630,3.669142908608919e-08
0,3631,1413.3881571561271
0,3632,1194.8089905546465
0,3633,1112.5422997743326
0,3634,1086.4821865908186
0,3635,1078.694478530891
0,3636,1077.9591214888746
0,3637,1082.3661657460214
0,3638,1099.2031093185024
0,3639,1155.6395141403846
0,3640,1325.7209835859844
0,3641,1143.5895058826861
0,3642,1.7149165343197163e-08
0,3643,1.7149665123667942e-08
0,3644,1.7149808110015666e-08
0,3645,1.7149696811231485e-08
0,3646,1.7149258819517055e-08
0,3647,2.5763477459632477e-08
0,3648,2.7098021896102882e-08
0,3649,2.8217927025529912e-08
0,3650,2.903485011426565e-08
0,3651,2.9448579249066037e-08
0,3652,2.9339428234697755e-08
0,3653,2.854466003725974e-08
0,3654,2.678331796405716e-08
0,3655,2.3276924604771353e-08
0,3656,1381.1908202937277
0,3657,1207.4255651944425
0,3658,1120.1767542524221
0,3659,1092.0165074032664
0,3660,1089.5348929800166
0,3661,1111.7982027145658
0,3662,1190.8977947095802
0,3663,1420.6243784094688
0,3664,3.7642140592408324e-08
0,3665,1.7149731374271985e-08
0,3666,1.7150818525684444e-08
0,3667,1.7151449107873014e-08
0,3668,1.7151863186251533e-08
0,3669,1.7152138118556917e-08
0,3670,1.7152289980095533e-08
0,3671,1.7152347280041436e-08
0,3672,1.7152311275449116e-08
0,3673,1.7152163924289793e-08
0,3674,1.7151919767791524e-08
0,3675,1.7152948971806424e-08
0,3676,1.715331819666314e-08
0,3677,2.4295116210750682e-08
0,3678,2.812210362729568e-08
0,3679,3.3318054063579793e-08
0,3680,4.077775736042034e-08
0,3681,283.91105531505326
0,3682,252.89248950418786
0,3683,240.9052930706568
0,3684,248.17987745477524
0,3685,287.11294497580496
0,3686,420.87776784536464
0,3687,1.7152387223313243e-08
0,3688,1.715399148521953e-08
0,3689,1.7155333862461746e-08
0,3690,1.715635896898187e-08
0,3691,1.7157178410813424e-08
0,3692,1.715794682469006e-08
0,3693,1.7158645547114923e-08
0,3694,1.7159242751848235e-08
0,3695,1.715977141408592e-08
0,3696,1.7160230465607622e-08
0,3697,1.7160621826877592e-08
0,3698,1.7160949964368323e-08
0,3699,1.716123151772358e-08
0,3700,1.716148105386701e-08
0,3701,1.716170216158912e-08
0,3702,1.7161860194274365e-08
0,3703,1.7161977838450016e-08
0,3704,1.7162069277642118e-08
0,3705,1.7162147385450425e-08
0,3706,1.716220090331629e-08
0,3707,1.7162215792613904e-08
0,3708,1.716221660513873e-08
0,3709,1.716219084743262e-08
0,3710,1.716211355617085e-08
0,3711,1.7161978043299852e-08
0,3712,1.7161824791299055e-08
0,3713,1.7161614300311622e-08
0,3714,1.7161379964167654e-08
0,3715,1.7161145326059828e-08
0,3716,1.7160866828562276e-08
0,3717,1.7160563116106836e-08
0,3718,1.7160221303902753e-08
0,3719,1.715989900092743e-08
0,3720,1.715963430123067e-08
0,3721,1.7159324603183027e-08
0,3722,1.716014143440144e-08
0,3723,1.7158483916914733e-08
0,3724,1.7157660959151057e-08
0,3725,1.7156681387441665e-08
0,3726,1.7154805811151657e-08
0,3727,1.715324585975129e-08
0,3728,1.715151597054984e-08
0,3729,1.2224249341956015e-07
0,3730,1.2350835672905226e-07
0,3731,1.5774801355111583e-07
0,3732,2.795086694227741e-07
0,3733,748.1398897939179
0,3734,552.6966607702536
0,3735,610.0591397626036
0,3736,1.7919320533202224e-08
0,3737,1.7919268578600036e-08
0,3738,1.7919338866966093e-08
0,3739,1.7919165614569234e-08
0,3740,1.7918771925669666e-08
0,3741,1.0600464568016421e-07
0,3742,6.731237258948979e-08
0,3743,5.644122889561119e-08
0,3744,5.088875659894302e-08
0,3745,4.720136034629249e-08
0,3746,4.422926654840852e-08
0,3747,4.1401551805785356e-08
0,3748,3.830887830078006e-08
0,3749,3.448822018488134e-08
0,3750,2.890468847077489e-08
0,3751,1209.4169902404453
0,3752,1258.9267721598967
0,3753,1144.8904946165774
0,3754,1099.9817267572844
0,3755,1084.388844514691
0,3756,1081.737365563155
0,3757,1088.4561439636086
0,3758,1112.5210598538524
0,3759,1190.8350839871543
0,3760,1421.5259671604003
0,3761,2.7103951045987705e-08
0,3762,2.7104031981615507e-08
0,3763,2.7104147671367664e-08
0,3764,2.7103306607383662e-08
0,3765,2.9369052129611347e-08
0,3766,3.165856028206586e-08
0,3767,3.3923885876119145e-08
0,3768,3.6058517896424855e-08
0,3769,3.789724465808769e-08
0,3770,3.9202746527870075e-08
0,3771,3.963468792240083e-08
0,3772,3.864869959400947e-08
0,3773,3.494640266889329e-08
0,3774,574.4249713513792
0,3775,1387.8259487064863
0,3776,1181.3390169060972
0,3777,1105.5503679346452
0,3778,1084.8801202093455
0,3779,1085.5885377588659
0,3780,1115.1797355575538
0,3781,1203.9307462888873
0,3782,1342.4277664019314
0,3783,4.4197782953373844e-08
0,3784,1.2613110598821303e-07
0,3785,1.7149427944745878e-08
0,3786,1.7150269440276226e-08
0,3787,1.7150683030892517e-08
0,3788,1.715089709258122e-08
0,3789,1.715096790936031e-08
0,3790,1.7150900209886083e-08
0,3791,1.7150689367142807e-08
0,3792,1.7150293716237106e-08
0,3793,1.9033431791238024e-08
0,3794,2.135535099890632e-08
0,3795,2.4289080891645444e-08
0,3796,2.811290681608555e-08
0,3797,3.3304110743360396e-08
0,3798,4.0755412969082066e-08
0,3799,5.235300214544413e-08
0,3800,7.293374016188639e-08
0,3801,301.34860077910935
0,3802,240.74028511083586
0,3803,223.0949264502246
0,3804,221.37900939234595
0,3805,236.93782231483652
0,3806,283.3816072441735
0,3807,376.6220733515048
0,3808,1.7152941515165325e-08
0,3809,1.7156046920587204e-08
0,3810,1.7158194283478412e-08
0,3811,1.715983547404592e-08
0,3812,1.7161189723918563e-08
0,3813,1.7162507617548076e-08
0,3814,1.7163692057148918e-08
0,3815,1.7164760553107947e-08
0,3816,1.7165702901707138e-08
0,3817,1.7166549167364515e-08
0,3818,1.716732524767876e-08
0,3819,1.716804017123843e-08
0,3820,1.7168706314953325e-08
0,3821,1.716933485933309e-08
0,3822,1.7169911266568292e-08
0,3823,1.717044716235215e-08
0,3824,1.7170959168540735e-08
0,3825,1.7171450749170155e-08
0,3826,1.7171899041987682e-08
0,3827,1.7172302066921665e-08
0,3828,1.717269278940343e-08
0,3829,1.71730620285479e-08
0,3830,1.7173395071633333e-08
0,3831,1.717370126759615e-08
0,3832,1.717398090817483e-08
0,3833,1.7174208302995602e-08
0,3834,1.7174391986135644e-08
0,3835,1.717458740272166e-08
0,3836,1.7174854350528564e-08
0,3837,1.717511077761028e-08
0,3838,1.7175318206312724e-08
0,3839,1.7175512102826965e-08
0,3840,1.7175677636158365e-08
0,3841,1.717581816003901e-08
0,3842,1.7175937159782473e-08
0,3843,1.7176030292505144e-08
0,3844,1.717610326503052e-08
0,3845,1.7176156229251933e-08
0,3846,1.717617914072405e-08
0,3847,1.717618095589194e-08
0,3848,1.7176192575849052e-08
0,3849,1.7176207999400838e-08
0,3850,1.717621168184947e-08
0,3851,1.7176193571620985e-08
0,3852,1.717616292525067e-08
0,3853,1.717609280071095e-08
0,3854,1.7175985501602793e-08
0,3855,1.7175866334526277e-08
0,3856,1.7175723683051335e-08
0,3857,1.717554569628918e-08
0,3858,1.7175321986329388e-08
0,3859,1.7175129728634164e-08
0,3860,1.7175003127667854e-08
0,3861,1.7174845004133243e-08
0,3862,1.7174634687549894e-08
0,3863,1.7174426171677275e-08
0,3864,1.7174180071726283e-08
0,3865,1.717391133847557e-08
0,3866,1.7173616225159597e-08
0,3867,1.7173296446396666e-08
0,3868,1.7172949575210378e-08
0,3869,1.7172595613196192e-08
0,3870,1.7172209423695946e-08
0,3871,1.7171800250515717e-08
0,3872,1.717134121196717e-08
0,3873,1.717578529620759e-08
0,3874,1.9065973236708097e-08
0,3875,2.1397459774103106e-08
0,3876,2.434516657399491e-08
0,3877,2.8190289052951238e-08
0,3878,3.3415981916987516e-08
0,3879,4.092777086399271e-08
0,3880,1.7168173302601757e-08
0,3881,1.7166591653839194e-08
0,3882,1.7165911813798052e-08
0,3883,1.716520588678199e-08
0,3884,1.7164467541080816e-08
0,3885,1.716369891028243e-08
0,3886,1.716283885643978e-08
0,3887,1.7161897436324223e-08
0,3888,1.7161107242608098e-08
0,3889,1.7160207757233677e-08
0,3890,1.715863630330207e-08
0,3891,1.7156828743337596e-08
0,3892,1.7154811425672278e-08
0,3893,1.7153145268561316e-08
0,3894,3.436810524298312e-08
0,3895,2.9174173465061626e-08
0,3896,2.3422408244771803e-08
0,3897,1373.9235521479238
0,3898,1210.324502344375
0,3899,1122.4605732066116
0,3900,1100.037580485619
0,3901,1114.7801185521264
0,3902,1188.593295362423
0,3903,1410.9093535619356
0,3904,422.5404597370661
0,3905,1.7149547263034716e-08
0,3906,1.7150436114577946e-08
0,3907,1.715093899156401e-08
0,3908,1.7151262045196874e-08
0,3909,1.7151449083908758e-08
0,3910,1.7151531978127455e-08
0,3911,1.7151635012946495e-08
0,3912,1.7152598105223322e-08
0,3913,1.715234375829867e-08
0,3914,1.7150748141234358e-08
0,3915,1.7149983454512754e-08
0,3916,1.715813517793948e-08
0,3917,4.320926752765633e-08
0,3918,3.256121303841901e-08
0,3919,2.4484368724360958e-08
0,3920,1405.652240371053
0,3921,1194.1604508612693
0,3922,1114.3521316529075
0,3923,1088.2822746767747
0,3924,1082.6096792291214
0,3925,1088.6495626652757
0,3926,1113.328928486068
0,3927,1192.6446045291539
0,3928,1409.7496304342553
0,3929,3.7642178742236943e-08
0,3930,1.7152969472233138e-08
0,3931,1.7157471896291315e-08
0,3932,1.7160487186148986e-08
0,3933,1.7162890336103816e-08
0,3934,1.7164926049610354e-08
0,3935,1.7166840565509278e-08
0,3936,1.7169115936444375e-08
0,3937,1.7170823948505968e-08
0,3938,1.7171330043844538e-08
0,3939,1.717228210416436e-08
0,3940,1.7173378216982113e-08
0,3941,1.7174587263831973e-08
0,3942,1.7175573229105294e-08
0,3943,1.7176343844810195e-08
0,3944,1.7177218444363403e-08
0,3945,1.717807001890142e-08
0,3946,1.717892329001255e-08
0,3947,1.717970230178924e-08
0,3948,1.7181195701800777e-08
0,3949,1.9074279260410045e-08
0,3950,2.1409890559277646e-08
0,3951,2.4363045831209335e-08
0,3952,1.7184133855210583e-08
0,3953,1.718398086374018e-08
0,3954,1.7184506301614813e-08
0,3955,1.7185086465857876e-08
0,3956,1.7185675089994966e-08
0,3957,1.718625807510169e-08
0,3958,1.7186816825968986e-08
0,3959,1.7187390976091776e-08
0,3960,1.718794201200342e-08
0,3961,1.7188483331539138e-08
0,3962,1.7188973607856403e-08
0,3963,1.7189417316907702e-08
0,3964,1.718981711304018e-08
0,3965,1.7190224173398367e-08
0,3966,1.719060064770176e-08
0,3967,1.719097605472331e-08
0,3968,1.7191362709407273e-08
0,3969,1.7191757233091693e-08
0,3970,1.719213947065469e-08
0,3971,1.7192489695542573e-08
0,3972,1.7192875003600006e-08
0,3973,1.719326156176965e-08
0,3974,1.7193471942812205e-08
0,3975,1.7193682639513448e-08
0,3976,1.719392209788249e-08
0,3977,1.719414808024194e-08
0,3978,1.7194368802082947e-08
0,3979,1.719459142895526e-08
0,3980,1.7194813399295725e-08
0,3981,1.719506333664817e-08
0,3982,1.7195294707973534e-08
0,3983,1.7195521455122423e-08
0,3984,1.7195737001581956e-08
0,3985,1.7195915372653124e-08
0,3986,1.719607813355082e-08
0,3987,1.719623519765389e-08
0,3988,1.719637217982551e-08
0,3989,1.7196503745133337e-08
0,3990,1.7196610340882275e-08
0,3991,1.7196704756693843e-08
0,3992,1.719681367161899e-08
0,3993,1.7196942974030867e-08
0,3994,1.719706340569708e-08
0,3995,1.719728766215914e-08
0,3996,1.909342548467874e-08
0,3997,2.1433365716676408e-08
0,3998,2.4384627700452585e-08
0,3999,1.719744301967378e-08
0,4000,1.719732850992661e-08
0,4001,1.7197292738749465e-08
0,4002,1.719722727570988e-08
0,4003,1.7196729063442676e-08
0,4004,1.7196550773256378e-08
0,4005,1.7196995402087202e-08
0,4006,1.719715718583075e-08
0,4007,1.7197232898961718e-08
0,4008,1.7197232311642625e-08
0,4009,1.7197196265589736e-08
0,4010,1.719714450246104e-08
0,4011,1.7197077060732163e-08
0,4012,1.7197004333311018e-08
0,4013,1.719692480629223e-08
0,4014,1.7196971653783802e-08
0,4015,1.7197431449745822e-08
0,4016,2.143322962348281e-08
0,4017,2.4393626309181948e-08
0,4018,2.825866453565621e-08
0,4019,3.3518031410449776e-08
0,4020,4.1094568903104946e-08
0,4021,5.295979897272017e-08
0,4022,7.4380790418511e-08
0,4023,1.71960121450391e-08
0,4024,1.7195674330891514e-08
0,4025,1.7195466112523972e-08
0,4026,1.7195184956488155e-08
0,4027,1.7194759358820695e-08
0,4028,1.7194833486041712e-08
0,4029,1.7194759920586498e-08
0,4030,1.7194631509930908e-08
0,4031,1.719448574781556e-08
0,4032,1.719430508518823e-08
0,4033,1.7194095247286917e-08
0,4034,1.719387568751074e-08
0,4035,1.7193634858794857e-08
0,4036,1.7193380562509223e-08
0,4037,1.7193114748029014e-08
0,4038,1.7192824636984695e-08
0,4039,1.7192523553499295e-08
0,4040,1.7192232845774475e-08
0,4041,1.7191967526219005e-08
0,4042,1.719168349576333e-08
0,4043,1.7191383400267323e-08
0,4044,1.719151341992637e-08
0,4045,1.9084435977904544e-08
0,4046,1.719148298643915e-08
0,4047,1.7189918070842955e-08
0,4048,1.7189385374312703e-08
0,4049,1.7188902322644377e-08
0,4050,1.7188416906754628e-08
0,4051,1.7187926986546954e-08
0,4052,1.718746662835157e-08
0,4053,1.718700213025216e-08
0,4054,1.718650843411391e-08
0,4055,1.718601549203827e-08
0,4056,1.7185495108798868e-08
0,4057,1.7184930659673272e-08
0,4058,1.7184328424780593e-08
0,4059,1.718370237982565e-08
0,4060,1.7183047651136713e-08
0,4061,1.7182377443286586e-08
0,4062,1.7181665548042497e-08
0,4063,1.718094389145181e-08
0,4064,1.7180224746618744e-08
0,4065,1.7179587456298538e-08
0,4066,1.7178774016711853e-08
0,4067,1.7177907483287383e-08
0,4068,1.7177330363531455e-08
0,4069,1.7177781199080903e-08
0,4070,1.717503369929937e-08
0,4071,1.7173715345114327e-08
0,4072,1.7172464599740493e-08
0,4073,1.717118314113495e-08
0,4074,1.7169787703522917e-08
0,4075,1.716825303829897e-08
0,4076,1.7166636104911926e-08
0,4077,1.716503939149899e-08
0,4078,1.7163035825769324e-08
0,4079,1.7160685053953484e-08
0,4080,1.7157737908899307e-08
0,4081,1.7153773350108727e-08
0,4082,2.9079699429919632e-08
0,4083,2.9705465338038706e-08
0,4084,2.991683362551847e-08
0,4085,2.9610258026179507e-08
0,4086,2.8635392438571304e-08
0,4087,2.6722739591918164e-08
0,4088,2.3106021564153978e-08
0,4089,1377.2964520023056
0,4090,1197.7574817095485
0,4091,1116.2353114477348
0,4092,1096.4660917874294
0,4093,1113.4511588937114
0,4094,1190.7313644122087
0,4095,1406.0597613207788
0,4096,3.6234822033580697e-08
0,4097,1.714984896118482e-08
0,4098,1.7149885711532052e-08
0,4099,1.7150333883278078e-08
0,4100,1.715051570371813e-08
0,4101,1.715053257312805e-08
0,4102,1.715038258713722e-08
0,4103,1.715004042463419e-08
0,4104,1.7149556807310486e-08
0,4105,3.813567809587623e-08
0,4106,3.591152812899406e-08
0,4107,3.372565487867247e-08
0,4108,3.1278368043598806e-08
0,4109,2.8207285160638168e-08
0,4110,2.3673599362899334e-08
0,4111,1367.5506173129024
0,4112,1214.6471305700986
0,4113,1121.7275861617743
0,4114,1089.6057840793321
0,4115,1079.914677805782
0,4116,1079.7995199727573
0,4117,1087.768111935353
0,4118,1114.8129551254333
0,4119,1196.9623863030547
0,4120,1404.5888002344288
0,4121,3.8976981085518355e-08
0,4122,1.7149622195387654e-08
0,4123,1.7150696841700347e-08
0,4124,1.7151278312108872e-08
0,4125,1.7151645168905414e-08
0,4126,1.7151863797907577e-08
0,4127,1.7151972481406383e-08
0,4128,1.7151968125732575e-08
0,4129,1.7151850307708493e-08
0,4130,1.7151634884576957e-08
0,4131,1.715133699469376e-08
0,4132,1.7150719315290312e-08
0,4133,1.7150189841744142e-08
0,4134,2.705379045968775e-08
0,4135,3.0421873085583145e-08
0,4136,3.464559854496075e-08
0,4137,4.014197971590692e-08
0,4138,471.7780748369999
0,4139,282.0486160114836
0,4140,254.35894868109887
0,4141,247.7599953225174
0,4142,261.7968409551359
0,4143,311.30093593369685
0,4144,446.51214313830116
0,4145,1.714953318682097e-08
0,4146,1.7150467162014974e-08
0,4147,1.715095916602873e-08
0,4148,1.7151241805205686e-08
0,4149,1.7151382696495342e-08
0,4150,1.7151441675389295e-08
0,4151,1.715138665576112e-08
0,4152,1.7151250082181254e-08
0,4153,1.715090465926884e-08
0,4154,1.715063221120267e-08
0,4155,1.715082793255114e-08
0,4156,3.175813958549388e-08
0,4157,2.979244855763635e-08
0,4158,2.7097103669047076e-08
0,4159,2.2902493405004427e-08
0,4160,1323.8275619745198
0,4161,1232.5873894642382
0,4162,1128.6876227890139
0,4163,1093.8890713018438
0,4164,1086.1936109079047
0,4165,1094.7568491726108
0,4166,1132.646732301059
0,4167,1247.6226274830858
0,4168,1306.6329421949272
0,4169,1.7149751161808666e-08
0,4170,1.7150792834280687e-08
0,4171,1.7151424802906338e-08
0,4172,1.7151828564138956e-08
0,4173,1.715209687145068e-08
0,4174,1.7152248645832996e-08
0,4175,1.7152335136123295e-08
0,4176,1.7152373651273836e-08
0,4177,1.715227048117686e-08
0,4178,1.7151977543027942e-08
0,4179,1.7151535961940247e-08
0,4180,1.715087564914256e-08
0,4181,1.7149901996099605e-08
0,4182,3.434981436803783e-08
0,4183,2.9141771605522123e-08
0,4184,2.3453654663771104e-08
0,4185,1418.0764151439607
0,4186,1190.9524027340285
0,4187,1114.9360763358059
0,4188,1101.7602547327265
0,4189,1127.4801170513747
0,4190,1221.1446771972217
0,4191,1351.3857578324546
0,4192,3.47309277307759e-08
0,4193,1.7149702316447587e-08
0,4194,1.7150861495903027e-08
0,4195,1.715149439202298e-08
0,4196,1.7151909329028633e-08
0,4197,1.7152188653477674e-08
0,4198,1.715234961001562e-08
0,4199,1.715242347219664e-08
0,4200,1.7152401634904602e-08
0,4201,1.715226611493208e-08
0,4202,1.7152211056543676e-08
0,4203,1.7152409584268155e-08
0,4204,1.7151534863972095e-08
0,4205,1.7151038371083518e-08
0,4206,1.715111211419881e-08
0,4207,3.032310292966662e-08
0,4208,3.270328280905322e-08
0,4209,3.531758719440577e-08
0,4210,298.9211304739159
0,4211,358.07638859955176
0,4212,285.4476154904622
0,4213,264.56262456708464
0,4214,269.3455974395482
0,4215,310.3104805187383
0,4216,488.89171821076275
0,4217,1.7149244602865247e-08
0,4218,1.7149873957455743e-08
0,4219,1.7150141753850747e-08
0,4220,1.7150199753496686e-08
0,4221,1.7150113124059203e-08
0,4222,1.7149799111517106e-08
0,4223,1.7149893665767738e-08
0,4224,2.2825194118458123e-08
0,4225,2.4207223716859403e-08
0,4226,2.5412301704910397e-08
0,4227,2.632290478989479e-08
0,4228,2.6789129086189157e-08
0,4229,2.66117831924001e-08
0,4230,2.547439512033499e-08
0,4231,2.258195799676729e-08
0,4232,1293.1831460838378
0,4233,1252.2906519556568
0,4234,1134.343557688963
0,4235,1096.4228664998027
0,4236,1092.4912880875197
0,4237,1114.825102186033
0,4238,1193.689785046476
0,4239,1410.428463945617
0,4240,3.623402293723659e-08
0,4241,1.7149428105956577e-08
0,4242,1.715027023392577e-08
0,4243,1.715070205509327e-08
0,4244,1.7150927312822812e-08
0,4245,1.7151031192760505e-08
0,4246,1.7150981006268444e-08
0,4247,1.715085114267691e-08
0,4248,1.7150633146791218e-08
0,4249,1.7151423012444706e-08
0,4250,1.7155624149821054e-08
0,4251,1.7151799268898e-08
0,4252,4.127721651154805e-08
0,4253,3.4918557427894526e-08
0,4254,2.9702725995533433e-08
0,4255,2.3879802455962172e-08
0,4256,1395.6473619491787
0,4257,1200.809479427582
0,4258,1116.9761643504078
0,4259,1090.395102192719
0,4260,1086.3577018198748
0,4261,1101.5628574979032
0,4262,1156.316688279611
0,4263,1316.4126361680114
0,4264,1144.0844325269923
0,4265,1.7149429819439854e-08
0,4266,1.715005832107495e-08
0,4267,1.7150448561035927e-08
0,4268,1.7150616268619588e-08
0,4269,1.7150616888197083e-08
0,4270,1.7150451379785393e-08
0,4271,1.7150129855456964e-08
0,4272,1.714982320901492e-08
0,4273,1.719959294945429e-08
0,4274,5.2287628797982036e-08
0,4275,1.7160146073231586e-08
0,4276,4.932908138690224e-08
0,4277,4.058068175471461e-08
0,4278,3.494127889360144e-08
0,4279,3.0016460547824193e-08
0,4280,2.429320848494569e-08
0,4281,1089.7424224645529
0,4282,1288.8194903362548
0,4283,1167.8708417253008
0,4284,1117.9133138677553
0,4285,1119.5139074722586
0,4286,1192.6694289507263
0,4287,1415.7811017639451
0,4288,2.822821288108479e-08
0,4289,7.384837363407708e-08
0,4290,1.7149548459234972e-08
0,4291,1.7150516529829363e-08
0,4292,1.7151039492199386e-08
0,4293,1.7151351786582583e-08
0,4294,1.7151523497674245e-08
0,4295,1.7151622581284485e-08
0,4296,1.7151742033641698e-08
0,4297,1.7151837818844655e-08
0,4298,1.7164321784549107e-08
0,4299,1.7152539965149485e-08
0,4300,1.715121113185229e-08
0,4301,60.55335335290275
0,4302,1.7151554520316925e-08
0,4303,1.7150518082725358e-08
0,4304,9.803772815416276e-08
0,4305,4.999873541640279e-08
0,4306,3.348731514321254e-08
0,4307,1414.9186715156527
0,4308,1201.7177268489602
0,4309,1146.3099095380337
0,4310,1198.8830821803965
0,4311,1422.1843076312496
0,4312,3.616103008910877e-08
0,4313,1.0167920033900138e-07
0,4314,1.714920085970877e-08
0,4315,1.714985693079246e-08
0,4316,1.715011764164844e-08
0,4317,1.7150163089641682e-08
0,4318,1.715001461078335e-08
0,4319,1.7149648756030174e-08
0,4320,1.7150312094873393e-08
0,4321,1.4802327553682486e-07
0,4322,8.36597673296017e-08
0,4323,6.62766817363013e-08
0,4324,5.6176261404540984e-08
0,4325,4.78377112921407e-08
0,4326,3.848760653209156e-08
0,4327,1383.9165415813663
0,4328,1205.6178607030074
0,4329,1117.501904645763
0,4330,1088.6453822561873
0,4331,1079.5934690390288
0,4332,1079.5833334361766
0,4333,1087.1997343332696
0,4334,1112.3618140657634
0,4335,1191.2980464477637
0,4336,1415.016404641398
0,4337,3.510665651428399e-08
0,4338,3.510847810905246e-08
0,4339,3.5109073850045076e-08
0,4340,3.510871952812659e-08
0,4341,3.5106829382243086e-08
0,4342,4.672609190671214e-08
0,4343,4.9556415940705785e-08
0,4344,5.202359021195635e-08
0,4345,5.3887964179800095e-08
0,4346,5.484342753185958e-08
0,4347,5.447924907432764e-08
0,4348,5.214819375801117e-08
0,4349,4.6227847487756706e-08
0,4350,1356.470782965479
0,4351,1204.4958966797249
0,4352,1122.0988427104548
0,4353,1093.5239645489917
0,4354,1082.0453996493507
0,4355,1078.5362962861668
0,4356,1080.2135262025472
0,4357,1089.7462628068236
0,4358,1119.6371904301773
0,4359,1207.8024927508707
0,4360,1378.5384877448369
0,4361,4.413566604950201e-08
0,4362,4.4139839197399674e-08
0,4363,4.414158670524557e-08
0,4364,4.4141515123195926e-08
0,4365,4.4140081579367306e-08
0,4366,4.413621533724268e-08
0,4367,7.669656768943779e-08
0,4368,8.089448084990251e-08
0,4369,8.492652515917464e-08
0,4370,8.879550791181213e-08
0,4371,9.253259044235472e-08
0,4372,9.62006041270669e-08
0,4373,9.989691447065906e-08
0,4374,1.0375753583022991e-07
0,4375,1.0795210193927172e-07
0,4376,1.1270521931176845e-07
0,4377,1.1831555388433393e-07
0,4378,1.2519352957607538e-07
0,4379,370.84815507603315
0,4380,312.4079808366855
0,4381,253.91883690687726
0,4382,229.44369075749105
0,4383,244.1578868667949
0,4384,274.4564850802265
0,4385,364.8947117827235
0,4386,4.8956298691639195e-08
0,4387,4.895976413206432e-08
0,4388,4.8961085773076014e-08
0,4389,4.896082164364588e-08
0,4390,4.8958813223096056e-08
0,4391,4.8954493168202814e-08
0,4392,3.014972392027435e-07
0,4393,1.9140144135064625e-07
0,4394,1.6176072690284472e-07
0,4395,1.474930736405217e-07
0,4396,1.388809992187317e-07
0,4397,1.3281043812586124e-07
0,4398,1.2785719197836234e-07
0,4399,1.231880868201923e-07
0,4400,1.1818142473012582e-07
0,4401,330.60174503122215
0,4402,287.6169867364268
0,4403,231.74472655379034
0,4404,222.75286123555574
0,4405,221.2088598069536
0,4406,232.3946602147767
0,4407,278.61475789170794
0,4408,470.62095813144526
0,4409,1.7149697630020966e-08
0,4410,1.715005896597873e-08
0,4411,1.7150492486450177e-08
0,4412,1.7150712614300858e-08
0,4413,1.7150770558184924e-08
0,4414,1.7150687668326752e-08
0,4415,1.7150473590642678e-08
0,4416,1.715004258046518e-08
0,4417,1.7150251242572953e-08
0,4418,3.7986412579327743e-07
0,4419,2.0634736662148768e-07
0,4420,1.588186638406782e-07
0,4421,1.2927815479726206e-07
0,4422,1.0114140365549945e-07
0,4423,1244.3934229223548
0,4424,1272.4914899159055
0,4425,1142.2959638075856
0,4426,1096.5838071523838
0,4427,1082.5134346115715
0,4428,1080.336905193196
0,4429,1086.9274461343728
0,4430,1111.9466518314573
0,4431,1192.2082725305886
0,4432,1417.2062646541294
0,4433,9.125915141367652e-08
0,4434,9.127434847791885e-08
0,4435,9.127989719080233e-08
0,4436,9.128059379912782e-08
0,4437,9.127332154849573e-08
0,4438,9.128118363400364e-08
0,4439,1.328830906759614e-07
0,4440,1.3343815668785956e-07
0,4441,1.2916637428683644e-07
0,4442,1.1587154549451439e-07
0,4443,1054.5960959552556
0,4444,1013.1407633736654
0,4445,1282.7927455128593
0,4446,1157.4141275768957
0,4447,1105.2709725846614
0,4448,1086.371925661409
0,4449,1079.0732643783667
0,4450,1076.2805506431666
0,4451,1075.100829689618
0,4452,1075.408351678485
0,4453,1077.0447210013654
0,4454,1081.3014050928862
0,4455,1095.0781080070765
0,4456,1139.6468315384002
0,4457,1271.0106291077204
0,4458,1260.5809933370128
0,4459,1.1938062963271498e-07
0,4460,1.194010554229788e-07
0,4461,1.1940261179264953e-07
0,4462,1.1939322611746977e-07
0,4463,1.2876921926682446e-07
0,4464,1.3691641339807462e-07
0,4465,1.4203934684036074e-07
0,4466,1.3899387413124635e-07
0,4467,1203.029120646652
0,4468,1209.5504891288901
0,4469,1165.5159547140486
0,4470,1113.7634440877825
0,4471,1090.7214401155834
0,4472,1081.3344940189056
0,4473,1077.162043726313
0,4474,1075.9433447854044
0,4475,1075.1716284016827
0,4476,1076.0749922563657
0,4477,1078.6152386153099
0,4478,1086.339421579639
0,4479,1111.8961542992565
0,4480,1194.5982603398595
0,4481,1411.6958406786116
0,4482,1.500930764928058e-07
0,4483,1.5011709800366048e-07
0,4484,1.5012148215498696e-07
0,4485,1.5010204512213893e-07
0,4486,1.619518358427158e-07
0,4487,1.7244548077818616e-07
0,4488,1.7961238581599287e-07
0,4489,1.7842173718058936e-07
0,4490,732.2255417551962
0,4491,148.19073108546348
0,4492,1.608958286620631e-07
0,4493,1104.4966958461707
0,4494,1319.6190990267594
0,4495,1165.4391630723314
0,4496,1104.1759136600672
0,4497,1084.3380334359647
0,4498,1078.04543475733
0,4499,1076.649777607394
0,4500,1078.4731883850418
0,4501,1086.1745133941922
0,4502,1111.6747434220135
0,4503,1191.9845777855207
0,4504,1416.1730829931469
0,4505,3.7489018471395345e-07
0,4506,1.715015848449973e-08
0,4507,1.7151511304916184e-08
0,4508,1.7152420010701634e-08
0,4509,1.715306477541675e-08
0,4510,1.7153554335957294e-08
0,4511,1.7153975193126938e-08
0,4512,1.715438241513289e-08
0,4513,1.7154613741067454e-08
0,4514,1.715465283983725e-08
0,4515,1.7154607835160723e-08
0,4516,1.7154546577070515e-08
0,4517,1.9037354796875813e-08
0,4518,1.7155921823887034e-08
0,4519,2.4294148858379245e-08
0,4520,2.8130649125135036e-08
0,4521,3.333301216726451e-08
0,4522,4.0804242350097805e-08
0,4523,5.24428571116445e-08
0,4524,167.3153923575289
0,4525,1.2093908542535389e-07
0,4526,3.2543648107781096e-07
0,4527,618.7949757616527
0,4528,1.715417670373215e-08
0,4529,1.7154634380526156e-08
0,4530,1.7155017890529154e-08
0,4531,1.7155329463762052e-08
0,4532,1.715557611595481e-08
0,4533,1.715579065110105e-08
0,4534,1.715594586352572e-08
0,4535,1.715605848544313e-08
0,4536,1.7156104842729628e-08
0,4537,1.7156089887875053e-08
0,4538,1.7156017333512904e-08
0,4539,1.7155883306740883e-08
0,4540,1.7155687720680514e-08
0,4541,1.7155430513237507e-08
0,4542,1.7155099145867847e-08
0,4543,1.7154814856521633e-08
0,4544,1.7154345768001706e-08
0,4545,2.4300829448938753e-08
0,4546,2.813021693769016e-08
0,4547,3.333010327340847e-08
0,4548,4.079688788468603e-08
0,4549,5.243354227259684e-08
0,4550,1230.3786852105245
0,4551,1.1964687364079713e-07
0,4552,1.7161454905160328e-08
0,4553,1.715215224702582e-08
0,4554,1.7152523004009283e-08
0,4555,1.715276809696685e-08
0,4556,1.715292850365844e-08
0,4557,1.7153031356490758e-08
0,4558,1.715305757189959e-08
0,4559,1.715301184185454e-08
0,4560,1.715286899779141e-08
0,4561,1.7152683084908286e-08
0,4562,1.715232822198308e-08
0,4563,1.7151804894074296e-08
0,4564,1.7151015029972573e-08
0,4565,1.7150475609820147e-08
0,4566,3.374197748429311e-08
0,4567,3.393081199261236e-08
0,4568,3.385331960176479e-08
0,4569,3.346139437601837e-08
0,4570,468.88659706788474
0,4571,298.6514186467303
0,4572,255.98910800713077
0,4573,244.99036647517934
0,4574,253.5040115971405
0,4575,285.7117554597527
0,4576,467.8222982392792
0,4577,1.714955711332655e-08
0,4578,1.715036598605717e-08
0,4579,1.715086311189959e-08
0,4580,1.7151126169463737e-08
0,4581,1.715124071328535e-08
0,4582,1.7151229951762248e-08
0,4583,1.715111719807362e-08
0,4584,1.7150861397925032e-08
0,4585,1.7150444162048243e-08
0,4586,1.714987912393998e-08
0,4587,4.304038365270655e-08
0,4588,3.762128783516358e-08
0,4589,3.337292416000199e-08
0,4590,2.9187331406588062e-08
0,4591,2.3924495214818056e-08
0,4592,1405.7153984749311
0,4593,1190.0846206785034
0,4594,1113.3893830616348
0,4595,1088.1720102661814
0,4596,1082.4317732981076
0,4597,1088.63641768015
0,4598,1114.5545219240848
0,4599,1195.1376557394924
0,4600,1406.9400004993017
0,4601,3.831695061617241e-08
0,4602,1.7149290398721368e-08
0,4603,1.7150004042482017e-08
0,4604,1.7150352852862146e-08
0,4605,1.7150474938753212e-08
0,4606,1.7150440014100795e-08
0,4607,1.715028373653219e-08
0,4608,1.715048979158775e-08
0,4609,1.7150027489512738e-08
0,4610,3.244952949232042e-08
0,4611,3.1344352359415534e-08
0,4612,2.964369420744938e-08
0,4613,2.714107694678765e-08
0,4614,2.3069667858311208e-08
0,4615,1409.916022559233
0,4616,1195.5638520960413
0,4617,1113.5147590176484
0,4618,1086.923373033891
0,4619,1078.9873816350114
0,4620,1079.4270715871442
0,4621,1087.3603329909472
0,4622,1113.766142675513
0,4623,1196.027986868605
0,4624,1407.998587762611
0,4625,3.7641633198876566e-08
0,4626,1.7149610570002755e-08
0,4627,1.7150689676286116e-08
0,4628,1.715127349115648e-08
0,4629,1.71516408217121e-08
0,4630,1.7151871839946698e-08
0,4631,1.7152034541199722e-08
0,4632,1.715206923821034e-08
0,4633,1.7151995920820583e-08
0,4634,1.7151790278961248e-08
0,4635,1.715143649498661e-08
0,4636,1.715077198643494e-08
0,4637,1.714980595963957e-08
0,4638,3.428994545866081e-08
0,4639,2.4422350736539304e-08
0,4640,1371.8790682399044
0,4641,1209.998596247889
0,4642,1120.0352958328153
0,4643,1092.3418686386547
0,4644,1091.0817606894896
0,4645,1113.8045518159522
0,4646,1193.0317454057883
0,4647,1414.7696863617577
0,4648,3.5496149494280386e-08
0,4649,1.7149771492879612e-08
0,4650,1.7150968838494467e-08
0,4651,1.7151635696776522e-08
0,4652,1.7152082045162156e-08
0,4653,1.715239409802238e-08
0,4654,1.7152593882814902e-08
0,4655,1.7152703912296494e-08
0,4656,1.7152716106870594e-08
0,4657,1.7152629218430764e-08
0,4658,1.7152454782877957e-08
0,4659,1.715235155694118e-08
0,4660,1.7151863151767128e-08
0,4661,1.7151421545197294e-08
0,4662,2.8123521432632114e-08
0,4663,3.33190007351065e-08
0,4664,4.0777321669359205e-08
0,4665,332.10153730218565
0,4666,269.5983359952264
0,4667,250.23424777784695
0,4668,257.0907130789554
0,4669,298.879042678179
0,4670,457.1074798477858
0,4671,1.7153778497588934e-08
0,4672,1.7156506556012763e-08
0,4673,1.71585520857062e-08
0,4674,1.716013179373671e-08
0,4675,1.7161426694829664e-08
0,4676,1.7162750583145126e-08
0,4677,1.7163942456452803e-08
0,4678,1.7164970949363215e-08
0,4679,1.7165910485460656e-08
0,4680,1.7166765061276963e-08
0,4681,1.716754524564202e-08
0,4682,1.716826043013527e-08
0,4683,1.7168919860683767e-08
0,4684,1.7169527667914826e-08
0,4685,1.7170091908256965e-08
0,4686,1.7170619962467295e-08
0,4687,1.717109996418682e-08
0,4688,1.717155714484991e-08
0,4689,1.717201464376022e-08
0,4690,1.7172443407365787e-08
0,4691,1.7172857381173007e-08
0,4692,1.717327590246634e-08
0,4693,1.717373377803526e-08
0,4694,1.717406988263658e-08
0,4695,1.717427444756806e-08
0,4696,1.7174478885437824e-08
0,4697,1.7174687122053844e-08
0,4698,1.7174848061024328e-08
0,4699,1.717476449067344e-08
0,4700,1.717491558540668e-08
0,4701,1.7175304109173876e-08
0,4702,1.717558595471823e-08
0,4703,1.717580533396119e-08
0,4704,1.7175961759784277e-08
0,4705,1.7176085752936042e-08
0,4706,1.7176182280936072e-08
0,4707,1.717626059969624e-08
0,4708,1.717631878954851e-08
0,4709,1.717636389968064e-08
0,4710,1.7176384397020765e-08
0,4711,1.7176385359717755e-08
0,4712,1.7176383511349562e-08
0,4713,1.71763759169538e-08
0,4714,1.7176351210232622e-08
0,4715,1.7176315057409536e-08
0,4716,1.7176272317133293e-08
0,4717,1.7176200003253962e-08
0,4718,1.7176095747819788e-08
0,4719,1.7175956901328653e-08
0,4720,1.7175804174742392e-08
0,4721,1.7175613418450337e-08
0,4722,1.7175348220901493e-08
0,4723,1.717496014404921e-08
0,4724,1.7174690317451756e-08
0,4725,1.7174676888435556e-08
0,4726,1.7174553927996525e-08
0,4727,1.717436080279726e-08
0,4728,1.7174108945783556e-08
0,4729,1.7173821323792986e-08
0,4730,1.7173504856102175e-08
0,4731,1.7173159591015716e-08
0,4732,1.7172786343270884e-08
0,4733,1.7172410036242947e-08
0,4734,1.717218439647444e-08
0,4735,1.7172342490383226e-08
0,4736,2.4338497624920704e-08
0,4737,2.818160598223304e-08
0,4738,3.3404055014813296e-08
0,4739,4.091036565708508e-08
0,4740,5.2619060120743947e-08
0,4741,7.343216796947189e-08
0,4742,1.196525658655784e-07
0,4743,1.7167830387455744e-08
0,4744,1.7167244664518307e-08
0,4745,1.7166651726042618e-08
0,4746,1.7165994500700354e-08
0,4747,1.716503893982714e-08
0,4748,1.7164336457900752e-08
0,4749,1.7163783756437732e-08
0,4750,1.716308528671668e-08
0,4751,1.7162273615782222e-08
0,4752,1.716128702399929e-08
0,4753,1.7160140070315865e-08
0,4754,1.7158794489052944e-08
0,4755,1.7157165151579897e-08
0,4756,1.715504926495817e-08
0,4757,1.7151847325742555e-08
0,4758,3.126891631430971e-08
0,4759,2.3699167483202997e-08
0,4760,1393.2839182775124
0,4761,1172.8532746026237
0,4762,1092.8119419125255
0,4763,1075.3638770094226
0,4764,1095.1816201766455
0,4765,1175.0407931465256
0,4766,1373.128958854873
0,4767,3.393523912920073e-08
0,4768,1.7149924521860023e-08
0,4769,1.715090125175355e-08
0,4770,1.715158530332043e-08
0,4771,1.715202450062363e-08
0,4772,1.7152325068310012e-08
0,4773,1.7152521142681487e-08
0,4774,1.715265926964185e-08
0,4775,1.7152685664730086e-08
0,4776,1.715261600855893e-08
0,4777,1.7152442965978908e-08
0,4778,1.7152147405273684e-08
0,4779,1.7151697096483862e-08
0,4780,1.715098744711714e-08
0,4781,1.7149886998097172e-08
0,4782,3.429066459666679e-08
0,4783,2.4422472781210358e-08
0,4784,1408.6691244125038
0,4785,1195.2505339001132
0,4786,1114.6632518685367
0,4787,1090.606071249192
0,4788,1092.2574993581497
0,4789,1119.6160425457767
0,4790,1205.350610775131
0,4791,1382.8272018295274
0,4792,3.549615979057572e-08
0,4793,1.714975848507257e-08
0,4794,1.715094228704056e-08
0,4795,1.7151603618862927e-08
0,4796,1.7152033488090435e-08
0,4797,1.7152327823332107e-08
0,4798,1.7152514877073744e-08
0,4799,1.7152617662939635e-08
0,4800,1.7152614385762386e-08
0,4801,1.715251198208115e-08
0,4802,1.7152345502058293e-08
0,4803,1.7152109216766152e-08
0,4804,1.715159059174692e-08
0,4805,1.7150939814063496e-08
0,4806,1.7150351867437568e-08
0,4807,3.032523106657689e-08
0,4808,3.270517838813809e-08
0,4809,3.531902199420807e-08
0,4810,267.6094632807768
0,4811,372.27908710747164
0,4812,291.24891609550804
0,4813,269.3264999945959
0,4814,275.474106569979
0,4815,317.2710321506826
0,4816,482.346450101114
0,4817,1.7149697238149643e-08
0,4818,1.7150812317688494e-08
0,4819,1.715142598830862e-08
0,4820,1.7151821065749298e-08
0,4821,1.7152078053275446e-08
0,4822,1.715223039945921e-08
0,4823,1.715233494940674e-08
0,4824,1.7152335648473196e-08
0,4825,1.7152254065339528e-08
0,4826,1.715202669377828e-08
0,4827,1.715158749813865e-08
0,4828,1.7150888038998413e-08
0,4829,1.714998228717938e-08
0,4830,3.4289427558796646e-08
0,4831,2.4422274580176322e-08
0,4832,607.5172398794905
0,4833,1396.8208850818462
0,4834,1184.2078129794268
0,4835,1112.095049424175
0,4836,1097.733072819558
0,4837,1115.586937263744
0,4838,1191.9801490210696
0,4839,1414.0524711512319
0,4840,3.549606391448274e-08
0,4841,1.714971901617987e-08
0,4842,1.7150795348176218e-08
0,4843,1.7151413221519718e-08
0,4844,1.7151814097307496e-08
0,4845,1.715207141023321e-08
0,4846,1.7152215487708448e-08
0,4847,1.7152302542674955e-08
0,4848,1.7152375433634445e-08
0,4849,1.7152302472777796e-08
0,4850,1.7152121579218794e-08
0,4851,1.7151687173564035e-08
0,4852,1.7150972449545e-08
0,4853,1.7149880307553328e-08
0,4854,3.4367731614480036e-08
0,4855,2.917391253531539e-08
0,4856,2.3422483976761113e-08
0,4857,1410.0463078541277
0,4858,1191.3386045986258
0,4859,1115.1451556719403
0,4860,1098.9709394966462
0,4861,1117.9928316121282
0,4862,1195.892804298389
0,4863,1407.1657525056337
0,4864,3.4731211040697914e-08
0,4865,1.714976623269659e-08
0,4866,1.7150969917224807e-08
0,4867,1.71516399694411e-08
0,4868,1.715208495392412e-08
0,4869,1.7152392163781986e-08
0,4870,1.715258478096138e-08
0,4871,1.715268677145656e-08
0,4872,1.7152692897951e-08
0,4873,1.7152648779257383e-08
0,4874,1.7152543148129894e-08
0,4875,1.7152229754369082e-08
0,4876,1.7151739757616735e-08
0,4877,1.7151050967154622e-08
0,4878,1.7149887049501908e-08
0,4879,2.844735120616183e-08
0,4880,2.292555730999763e-08
0,4881,1360.3231359141048
0,4882,1214.9709655473441
0,4883,1129.6220774923138
0,4884,1123.7483487620082
0,4885,1194.1485100896978
0,4886,1417.211587388137
0,4887,3.223497402900612e-08
0,4888,1.7150201161783828e-08
0,4889,1.715123129606452e-08
0,4890,1.7152064896346558e-08
0,4891,1.71526223817839e-08
0,4892,1.7153044246173975e-08
0,4893,1.715336543563301e-08
0,4894,1.7153602333309643e-08
0,4895,1.715375852545667e-08
0,4896,1.7153830044514164e-08
0,4897,1.7153821956199938e-08
0,4898,1.7153731816071775e-08
0,4899,1.7153550606654187e-08
0,4900,1.7153374598455963e-08
0,4901,1.7153190365557658e-08
0,4902,1.7152811245414718e-08
0,4903,1.71525160138089e-08
0,4904,2.8126648041789103e-08
0,4905,3.332415037321447e-08
0,4906,4.0786090664851236e-08
0,4907,324.4646686929594
0,4908,306.38369160036797
0,4909,293.59937268539966
0,4910,315.55567345974583
0,4911,435.61732675353625
0,4912,1.7150773491094102e-08
0,4913,1.7150634898922915e-08
0,4914,1.7151074304623326e-08
0,4915,1.7151329346535123e-08
0,4916,1.7151455879484687e-08
0,4917,1.715147316188077e-08
0,4918,1.7151396791665685e-08
0,4919,1.715118497962195e-08
0,4920,1.715078870700762e-08
0,4921,1.715025669462249e-08
0,4922,1.7151529981345538e-08
0,4923,3.251650850877655e-08
0,4924,3.1339076330832327e-08
0,4925,2.963896506555304e-08
0,4926,2.7138544307965274e-08
0,4927,2.3068899754445242e-08
0,4928,1339.1961647303528
0,4929,1224.740931989664
0,4930,1126.312709718401
0,4931,1091.2801187327848
0,4932,1085.2559749983222
0,4933,1096.3304771001337
0,4934,1138.5370167558488
0,4935,1266.9062289758392
0,4936,1259.00129999328
0,4937,1.7149689338469656e-08
0,4938,1.715049613081621e-08
0,4939,1.7151037335883895e-08
0,4940,1.715136559411748e-08
0,4941,1.7151544815979033e-08
0,4942,1.7151599729172437e-08
0,4943,1.715155422832095e-08
0,4944,1.7151443774218354e-08
0,4945,1.7151153223021834e-08
0,4946,1.7150668483267666e-08
0,4947,1.7149790866190077e-08
0,4948,2.8845631876389075e-08
0,4949,2.91791489213201e-08
0,4950,2.8992440175010302e-08
0,4951,2.813660797422438e-08
0,4952,2.6340528374205305e-08
0,4953,2.2843105157043295e-08
0,4954,1412.5900800086206
0,4955,1194.5412317442222
0,4956,1121.0602847719294
0,4957,1114.0555323322883
0,4958,1162.5954820829584
0,4959,1321.796253059693
0,4960,1130.7514554137715
0,4961,1.714938507629322e-08
0,4962,1.7149991334768582e-08
0,4963,1.715035008774342e-08
0,4964,1.7150484648315603e-08
0,4965,1.7150450620149305e-08
0,4966,1.7150246475092055e-08
0,4967,1.7149847021750422e-08
0,4968,1.71503338492138e-08
0,4969,3.363359194104976e-08
0,4970,3.369877490821434e-08
0,4971,3.34735114853769e-08
0,4972,3.2898485958325076e-08
0,4973,3.1884029711772845e-08
0,4974,3.028595696690826e-08
0,4975,2.7831018134031574e-08
0,4976,2.3732107867249064e-08
0,4977,1407.5196833639604
0,4978,1193.9090162778257
0,4979,1119.1809373728445
0,4980,1115.794356550322
0,4981,1176.5376945301903
0,4982,1357.8305508912545
0,4983,956.8500663038063
0,4984,2.8228327841738093e-08
0,4985,7.384688955446711e-08
0,4986,1.714919121934897e-08
0,4987,1.7149827686109207e-08
0,4988,1.7150078291611404e-08
0,4989,1.7150110741409732e-08
0,4990,1.714994829469011e-08
0,4991,1.7149560264702465e-08
0,4992,1.7150938991391217e-08
0,4993,1.1863619856293495e-07
0,4994,7.063341263190636e-08
0,4995,5.784255389265858e-08
0,4996,5.103208363510238e-08
0,4997,4.611540597039668e-08
0,4998,4.169867436784017e-08
0,4999,3.693036014639655e-08
0,5000,3.055551872245131e-08
0,5001,1377.8432387725056
0,5002,1208.5332736358214
0,5003,1128.2304527706422
0,5004,1123.7949780833894
0,5005,1192.879159044094
0,5006,1409.5730557774984
0,5007,482.01204909078916
0,5008,2.710364582124303e-08
0,5009,2.710498541021541e-08
0,5010,2.7105394230718226e-08
0,5011,2.7105114360796907e-08
0,5012,2.7104123260078024e-08
0,5013,2.7115031741380114e-08
0,5014,4.6366970406135706e-08
0,5015,4.7954934642524896e-08
0,5016,4.9093654430658806e-08
0,5017,4.9685584168434975e-08
0,5018,4.961630243342292e-08
0,5019,4.873582451381145e-08
0,5020,4.681681716034295e-08
0,5021,4.343336419501979e-08
0,5022,3.7352063260123096e-08
0,5023,1149.4164028277016
0,5024,1320.1926224868598
0,5025,1155.1153069975408
0,5026,1099.3835544384924
0,5027,1082.9705548043376
0,5028,1080.2358331424275
0,5029,1086.1664713110783
0,5030,1110.188060613244
0,5031,1190.7368345176012
0,5032,1423.5140947737136
0,5033,3.5107659063340945e-08
0,5034,3.510894582958707e-08
0,5035,3.51101255132165e-08
0,5036,3.511027647169941e-08
0,5037,3.5109435592161915e-08
0,5038,3.51071227744186e-08
0,5039,5.2592617686001754e-08
0,5040,5.50960186530017e-08
0,5041,5.704690655847439e-08
0,5042,5.8224549772546285e-08
0,5043,5.8362357035075503e-08
0,5044,5.710654548423706e-08
0,5045,5.386741589968164e-08
0,5046,4.705382107029614e-08
0,5047,1305.3612491562087
0,5048,1247.5867604491525
0,5049,1132.8426212226555
0,5050,1092.904275377554
0,5051,1081.034145204763
0,5052,1080.1721472998602
0,5053,1087.4237750822303
0,5054,1113.8817900242118
0,5055,1197.4066860673047
0,5056,1406.4355458693212
0,5057,1.7149837088384985e-08
0,5058,1.7150234646033e-08
0,5059,1.7150765500351296e-08
0,5060,1.715106503620247e-08
0,5061,1.7151208972988923e-08
0,5062,1.715122150592219e-08
0,5063,1.7151193833471e-08
0,5064,1.7151346859669756e-08
0,5065,1.7152628002660658e-08
0,5066,2.4292426103468648e-08
0,5067,2.8119345729378346e-08
0,5068,1.7152049897110845e-08
0,5069,1.7149987541351856e-08
0,5070,3.1261224491456956e-08
0,5071,2.3697705312893038e-08
0,5072,1175.3760356562202
0,5073,1304.4631010577311
0,5074,1152.9608487891142
0,5075,1102.429325087091
0,5076,1094.3050181472038
0,5077,1115.8604578542406
0,5078,1195.9541806291832
0,5079,1408.5383502155607
0,5080,3.473122743222879e-08
0,5081,1.7149688964999277e-08
0,5082,1.7150824114892332e-08
0,5083,1.7151442575551537e-08
0,5084,1.7151851109831754e-08
0,5085,1.715212392402622e-08
0,5086,1.7152279441203183e-08
0,5087,1.7152393056402246e-08
0,5088,1.7152384036561843e-08
0,5089,1.715229170951997e-08
0,5090,1.715205946297918e-08
0,5091,1.7151632329193752e-08
0,5092,1.715096680596437e-08
0,5093,1.7149813730702688e-08
0,5094,3.428905985238201e-08
0,5095,2.4422135446798516e-08
0,5096,1403.3763606070927
0,5097,1195.1665043070154
0,5098,1117.3870808041866
0,5099,1098.66935965973
0,5100,1115.5716476927769
0,5101,1191.857323985831
0,5102,1413.5684026079998
0,5103,3.473077707519197e-08
0,5104,1.7149811013217705e-08
0,5105,1.715063931425156e-08
0,5106,1.7151240669622495e-08
0,5107,1.7151609554778342e-08
0,5108,1.7151853797846766e-08
0,5109,1.715198811076007e-08
0,5110,1.715201794518493e-08
0,5111,1.7151966991958646e-08
0,5112,1.715181287147125e-08
0,5113,1.8215132421224757e-08
0,5114,2.0341263565854336e-08
0,5115,2.299928304500421e-08
0,5116,2.6417061883146436e-08
0,5117,3.097436171316432e-08
0,5118,3.735485242500468e-08
0,5119,4.6925416436561845e-08
0,5120,6.287493745757471e-08
0,5121,9.476628644765545e-08
0,5122,1.9036888904079736e-07
0,5123,251.45970352370566
0,5124,267.1492066631275
0,5125,277.4301329901251
0,5126,327.70797943568755
0,5127,345.5765157353829
0,5128,1.7153319740113024e-08
0,5129,1.7155508696272505e-08
0,5130,1.71571259063886e-08
0,5131,1.715839176562542e-08
0,5132,1.715948848969603e-08
0,5133,1.7160495682529804e-08
0,5134,1.7161395388451276e-08
0,5135,1.7162186451389223e-08
0,5136,1.7162887647197725e-08
0,5137,1.7163513592900737e-08
0,5138,1.7164082664437592e-08
0,5139,1.7164597576430302e-08
0,5140,1.71650599723464e-08
0,5141,1.716547698834699e-08
0,5142,1.716585741759629e-08
0,5143,1.7166209576687294e-08
0,5144,1.7166542384250134e-08
0,5145,1.7166884287117236e-08
0,5146,1.7167500290872674e-08
0,5147,1.9056545228739316e-08
0,5148,2.1386669400042804e-08
0,5149,2.4331967863098987e-08
0,5150,1.7168579367581033e-08
0,5151,1.7168313391642792e-08
0,5152,1.7168441569631983e-08
0,5153,1.7168551782845186e-08
0,5154,1.716864525488248e-08
0,5155,1.7168703313654707e-08
0,5156,1.7168784485269275e-08
0,5157,1.716886524091274e-08
0,5158,1.7168944868952064e-08
0,5159,1.7168997343429193e-08
0,5160,1.716902041648809e-08
0,5161,1.7169011425379046e-08
0,5162,1.7168976053869316e-08
0,5163,1.7168912781033316e-08
0,5164,1.7168823624178267e-08
0,5165,1.716871170850338e-08
0,5166,1.7168581711402513e-08
0,5167,1.7168438032605355e-08
0,5168,1.716829358432281e-08
0,5169,1.7168176817988388e-08
0,5170,1.7168193540017965e-08
0,5171,1.7168010199905938e-08
0,5172,1.7168325097546643e-08
0,5173,1.71681384250647e-08
0,5174,1.7166887378834928e-08
0,5175,1.7166430359460462e-08
0,5176,1.716598739885764e-08
0,5177,1.7165511334093044e-08
0,5178,1.716496731642535e-08
0,5179,1.7164283650299118e-08
0,5180,1.7163796967824063e-08
0,5181,1.7163269166497113e-08
0,5182,1.7162664648904852e-08
0,5183,1.7161948093163514e-08
0,5184,1.716115087719528e-08
0,5185,1.7160357489958268e-08
0,5186,1.715934533868849e-08
0,5187,1.7158074552386373e-08
0,5188,1.7156511803778282e-08
0,5189,1.7154538293112008e-08
0,5190,1.715176196491987e-08
0,5191,3.126804541881464e-08
0,5192,2.3698962962012297e-08
0,5193,1402.8142398160346
0,5194,1197.1505339635307
0,5195,1117.1182624949774
0,5196,1098.0463346483482
0,5197,1117.4060639106638
0,5198,1195.325477739597
0,5199,1408.0249580452573
0,5200,3.393504425454639e-08
0,5201,1.714930629981e-08
0,5202,1.715006778248718e-08
0,5203,1.715043250226703e-08
0,5204,1.7150579818027152e-08
0,5205,1.7150559377123137e-08
0,5206,1.715038033315883e-08
0,5207,1.7150009604601792e-08
0,5208,1.7149834607835447e-08
0,5209,3.337998615494562e-08
0,5210,3.315341951048523e-08
0,5211,3.258100018591189e-08
0,5212,3.1573936309699116e-08
0,5213,2.998951552566601e-08
0,5214,2.75572263847732e-08
0,5215,2.3497628388091164e-08
0,5216,1402.1411982627246
0,5217,1199.046091925903
0,5218,1115.9132843006562
0,5219,1090.2355325832723
0,5220,1089.8229801857324
0,5221,1113.3648309654707
0,5222,1193.7126188150917
0,5223,1414.7179424835515
0,5224,3.764142035052868e-08
0,5225,1.7149521007198696e-08
0,5226,1.7150492876532566e-08
0,5227,1.7150996873953485e-08
0,5228,1.7151298933671462e-08
0,5229,1.7151456973705565e-08
0,5230,1.7151499624365723e-08
0,5231,1.715141939129754e-08
0,5232,1.7151376656923423e-08
0,5233,1.903225588517564e-08
0,5234,2.1359329635868985e-08
0,5235,2.429552063328564e-08
0,5236,1.7150782358756566e-08
0,5237,1.7149451864712363e-08
0,5238,3.057282949668803e-08
0,5239,2.735667280723034e-08
0,5240,2.2815426907516043e-08
0,5241,1390.788131512595
0,5242,1202.7168677181635
0,5243,1120.9463754782246
0,5244,1105.7126955806255
0,5245,1134.8756877909057
0,5246,1241.090824015333
0,5247,1315.968056328868
0,5248,1.7150070847970567e-08
0,5249,1.7150776544021072e-08
0,5250,1.7151481881637728e-08
0,5251,1.7151944315460245e-08
0,5252,1.7152269295628888e-08
0,5253,1.7152481747392562e-08
0,5254,1.7152606055867588e-08
0,5255,1.7152708234482008e-08
0,5256,1.7152684834404017e-08
0,5257,1.7152552161627714e-08
0,5258,1.7152281064545215e-08
0,5259,1.715178576273404e-08
0,5260,1.7151030428540274e-08
0,5261,1.714981713901419e-08
0,5262,3.429030125648338e-08
0,5263,2.4422431031227438e-08
0,5264,1370.0458898582704
0,5265,1211.2203012279874
0,5266,1122.0010121327985
0,5267,1092.855931615062
0,5268,1090.7712429439896
0,5269,1113.4909556989248
0,5270,1193.0989730530337
0,5271,1415.4619331999036
0,5272,3.549612590893935e-08
0,5273,1.714969966540387e-08
0,5274,1.715083447584e-08
0,5275,1.7151468255167983e-08
0,5276,1.71518846858417e-08
0,5277,1.715215099096405e-08
0,5278,1.7152309043693483e-08
0,5279,1.715244313616138e-08
0,5280,1.7152432931440468e-08
0,5281,1.7152293903989214e-08
0,5282,1.7152036336340364e-08
0,5283,1.7151589540379133e-08
0,5284,1.7150910269933767e-08
0,5285,1.714978625991649e-08
0,5286,3.428993568919286e-08
0,5287,2.4422366782660306e-08
0,5288,1355.3878763513296
0,5289,1220.0434824740175
0,5290,1124.523238947631
0,5291,1094.0368123058765
0,5292,1091.5692352454118
0,5293,1114.687997531696
0,5294,1194.048974030687
0,5295,1409.3748669194551
0,5296,3.549607919941589e-08
0,5297,1.714990923281368e-08
0,5298,1.7151257120022158e-08
0,5299,1.7152037317790664e-08
0,5300,1.715258553288608e-08
0,5301,1.7152978841918477e-08
0,5302,1.7153264164363673e-08
0,5303,1.7153449223007293e-08
0,5304,1.715354684624803e-08
0,5305,1.7153566299047454e-08
0,5306,1.7153503212541762e-08
0,5307,1.7153352261309454e-08
0,5308,1.715326488899697e-08
0,5309,1.7152883778905975e-08
0,5310,1.7152454725208565e-08
0,5311,1.7151963857509837e-08
0,5312,3.097797312344471e-08
0,5313,3.735741889624404e-08
0,5314,4.6927623566582314e-08
0,5315,357.2387072728644
0,5316,299.7847683657283
0,5317,288.3946359497501
0,5318,312.43129785906274
0,5319,432.2983934055257
0,5320,1.7150236735585355e-08
0,5321,1.715071407467714e-08
0,5322,1.7151122694429756e-08
0,5323,1.7151362804902358e-08
0,5324,1.7151481212000585e-08
0,5325,1.7151476187851763e-08
0,5326,1.7151355070664845e-08
0,5327,1.7151090517657252e-08
0,5328,1.7150680705150108e-08
0,5329,1.7152847142376255e-08
0,5330,2.1355374932526975e-08
0,5331,2.4288513139213326e-08
0,5332,2.8110655986839122e-08
0,5333,1.7150840093487868e-08
0,5334,3.0562445548161824e-08
0,5335,2.735121215965088e-08
0,5336,2.2814008181603875e-08
0,5337,1361.3901770264372
0,5338,1218.4851631977463
0,5339,1132.8057280020753
0,5340,1126.8401166197232
0,5341,1196.5482208580406
0,5342,1419.6291485505596
0,5343,3.310451028233662e-08
0,5344,1.7149483847260212e-08
0,5345,1.7149822556952017e-08
0,5346,1.715013589251489e-08
0,5347,1.7150240561548475e-08
0,5348,1.715016057827031e-08
0,5349,1.7149908489376252e-08
0,5350,1.7149464920546175e-08
0,5351,2.0529588237243156e-08
0,5352,2.2038400576285136e-08
0,5353,2.3514593761255365e-08
0,5354,2.4888441960718602e-08
0,5355,2.606677324740574e-08
0,5356,2.6931141280517725e-08
0,5357,2.7332899889080247e-08
0,5358,2.707518725401757e-08
0,5359,2.584453301677581e-08
0,5360,2.2843725962188053e-08
0,5361,1362.8319743584623
0,5362,1215.757585202549
0,5363,1126.2330012704024
0,5364,1104.3736295313724
0,5365,1125.1680204629897
0,5366,1213.2415455132564
0,5367,1372.90904773399
0,5368,3.62351896138213e-08
0,5369,1.7151239942851286e-08
0,5370,1.715395248921855e-08
0,5371,1.7155701066819622e-08
0,5372,1.7157066286758267e-08
0,5373,1.715817199066222e-08
0,5374,1.715914768921859e-08
0,5375,1.7160055389071102e-08
0,5376,1.716104642739076e-08
0,5377,1.7161946708176554e-08
0,5378,1.716230935147885e-08
0,5379,1.716257502047268e-08
0,5380,1.716286272807795e-08
0,5381,1.7163238979415167e-08
0,5382,1.716358042302778e-08
0,5383,1.716400033647736e-08
0,5384,1.9052232069761526e-08
0,5385,2.13815660271624e-08
0,5386,2.432608423071493e-08
0,5387,2.8166662903625318e-08
0,5388,3.338563306352519e-08
0,5389,4.088627451437587e-08
0,5390,1.716632915567932e-08
0,5391,1.7166184317880204e-08
0,5392,1.716636386141099e-08
0,5393,1.7166531098921858e-08
0,5394,1.7166673780364826e-08
0,5395,1.7166815987594705e-08
0,5396,1.7166966946789122e-08
0,5397,1.7167077416517783e-08
0,5398,1.7167171923944435e-08
0,5399,1.7167252021470404e-08
0,5400,1.7167315036445858e-08
0,5401,1.7167347250447154e-08
0,5402,1.716737583420754e-08
0,5403,1.716732228809143e-08
0,5404,1.7167218122652813e-08
0,5405,1.7167100496139493e-08
0,5406,1.7166961259823467e-08
0,5407,1.7166808917664804e-08
0,5408,1.7166657397246684e-08
0,5409,1.716650098440353e-08
0,5410,1.7166336181936203e-08
0,5411,1.7166269360442118e-08
0,5412,1.9054358740362893e-08
0,5413,2.138296156117356e-08
0,5414,1.7168661852045848e-08
0,5415,1.716511936024207e-08
0,5416,1.7164636642890872e-08
0,5417,1.7164215729617154e-08
0,5418,1.7163738312117225e-08
0,5419,1.716321915852233e-08
0,5420,1.716278774545869e-08
0,5421,1.7162264266805144e-08
0,5422,1.7161684932295228e-08
0,5423,1.7161024650051715e-08
0,5424,1.7160267182459783e-08
0,5425,1.715940776803214e-08
0,5426,1.7158490986244934e-08
0,5427,1.7157409646528814e-08
0,5428,1.7155979269773325e-08
0,5429,1.7154174888889522e-08
0,5430,1.715212417573053e-08
0,5431,3.03293365881196e-08
0,5432,3.270708047772825e-08
0,5433,3.5318364636074755e-08
0,5434,520.6953049970656
0,5435,329.07236384100514
0,5436,288.72648749186226
0,5437,287.9063785585548
0,5438,324.5575307972204
0,5439,524.597489595131
0,5440,1.7149917333935045e-08
0,5441,1.7150912284909952e-08
0,5442,1.7151589211632093e-08
0,5443,1.71520304066625e-08
0,5444,1.7152334437612492e-08
0,5445,1.715253278185947e-08
0,5446,1.7152648882859677e-08
0,5447,1.7152726672024353e-08
0,5448,1.715264512145402e-08
0,5449,1.715247659938042e-08
0,5450,1.7152192545529692e-08
0,5451,1.715173006618085e-08
0,5452,1.7151037502698564e-08
0,5453,1.7149855809110774e-08
0,5454,3.428964927059216e-08
0,5455,2.4422333979489996e-08
0,5456,1312.9835252637283
0,5457,1244.2558925288367
0,5458,1132.163417975607
0,5459,1095.3218845350448
0,5460,1090.9136441055962
0,5461,1112.7770794013684
0,5462,1191.9506971824576
0,5463,1419.8405198345151
0,5464,3.549646462191764e-08
0,5465,1.7151354050586455e-08
0,5466,1.715416235723358e-08
0,5467,1.715593879225412e-08
0,5468,1.7157353372333035e-08
0,5469,1.7158528422051884e-08
0,5470,1.7159529396843897e-08
0,5471,1.716039890034874e-08
0,5472,1.7161162488424565e-08
0,5473,1.7161837436291394e-08
0,5474,1.7162431945267812e-08
0,5475,1.7162976579236677e-08
0,5476,1.7163464132549693e-08
0,5477,1.7163890466231186e-08
0,5478,1.716428640779116e-08
0,5479,1.716464863050433e-08
0,5480,1.716497888084082e-08
0,5481,1.716530501446505e-08
0,5482,1.716560273713378e-08
0,5483,1.90532292192816e-08
0,5484,2.138250043619313e-08
0,5485,2.4326880214307824e-08
0,5486,1.7166665854809676e-08
0,5487,1.7166698709117058e-08
0,5488,1.716680335831652e-08
0,5489,1.716689548282265e-08
0,5490,1.716695879129502e-08
0,5491,1.7167038638831074e-08
0,5492,1.7167148997171514e-08
0,5493,1.7167219171797986e-08
0,5494,1.716727983995685e-08
0,5495,1.7167315116358334e-08
0,5496,1.7167327521806368e-08
0,5497,1.7167282388021692e-08
0,5498,1.7167216854021075e-08
0,5499,1.7167122609130592e-08
0,5500,1.7166995105840412e-08
0,5501,1.716683952304889e-08
0,5502,1.7166667673870528e-08
0,5503,1.7166555214041346e-08
0,5504,1.716676009802981e-08
0,5505,2.1384305656676317e-08
0,5506,2.432860626951967e-08
0,5507,2.8168612129457195e-08
0,5508,3.338624445938074e-08
0,5509,4.0884468461354164e-08
0,5510,5.2575321113651366e-08
0,5511,1.7165219300416072e-08
0,5512,1.7164323087743178e-08
0,5513,1.716393994033127e-08
0,5514,1.7163227569122426e-08
0,5515,1.7162769322549685e-08
0,5516,1.7162414582142714e-08
0,5517,1.7162136711208986e-08
0,5518,1.7161778533003602e-08
0,5519,1.7161236167192458e-08
0,5520,1.7160599112852243e-08
0,5521,1.71598763703992e-08
0,5522,1.715915350851451e-08
0,5523,1.7158213842705832e-08
0,5524,1.7157038268168757e-08
0,5525,1.71555815591105e-08
0,5526,1.715372580596644e-08
0,5527,1.715185740604449e-08
0,5528,2.4894604644912124e-08
0,5529,1317.1623703625457
0,5530,1179.0495064041954
0,5531,1082.808109489561
0,5532,1075.8668188690226
0,5533,1149.348491797794
0,5534,1383.6454732575737
0,5535,3.223486245244596e-08
0,5536,1.7150042767039432e-08
0,5537,1.7151448489386497e-08
0,5538,1.715221683177694e-08
0,5539,1.7152781664588133e-08
0,5540,1.7153227563300916e-08
0,5541,1.715356883009032e-08
0,5542,1.7153877940917126e-08
0,5543,1.7154058600661154e-08
0,5544,1.715415068640028e-08
0,5545,1.715416075249239e-08
0,5546,1.7154095587283144e-08
0,5547,1.7153948080025813e-08
0,5548,1.7153751225313377e-08
0,5549,1.715347779817199e-08
0,5550,1.715302454141952e-08
0,5551,1.7152430437982147e-08
0,5552,1.71517940484476e-08
0,5553,3.332573966381003e-08
0,5554,59.97856766445911
0,5555,380.2378216642278
0,5556,307.56023899937423
0,5557,296.30012930747836
0,5558,301.08439292760096
0,5559,431.4949444900479
0,5560,1.7150314970299527e-08
0,5561,1.7151122282781908e-08
0,5562,1.7151573209180722e-08
0,5563,1.7151895758456287e-08
0,5564,1.715212251417715e-08
0,5565,1.715225015544222e-08
0,5566,1.7152277735451622e-08
0,5567,1.7152202903932874e-08
0,5568,1.7152040690164252e-08
0,5569,1.715177703897231e-08
0,5570,1.715138129881644e-08
0,5571,1.903418745658779e-08
0,5572,2.13564405709221e-08
0,5573,2.429064609982715e-08
0,5574,2.811551478828692e-08
0,5575,3.33084763123019e-08
0,5576,4.0762931843189105e-08
0,5577,5.2368881876940624e-08
0,5578,332.137079117597
0,5579,286.8951834589435
0,5580,280.01836857844734
0,5581,306.18565497496877
0,5582,401.77382461132726
0,5583,153.76663400147
0,5584,1.7149842202742816e-08
0,5585,1.7149983490999545e-08
0,5586,1.715031148426428e-08
0,5587,1.7150437173450446e-08
0,5588,1.7150394004060535e-08
0,5589,1.715015881299605e-08
0,5590,1.7149648975577726e-08
0,5591,1.7151071591359955e-08
0,5592,4.778827206262243e-08
0,5593,4.540945361042521e-08
0,5594,4.413265147238868e-08
0,5595,4.3500135900826156e-08
0,5596,4.3298764270890706e-08
0,5597,4.3423423728634924e-08
0,5598,4.382637694685861e-08
0,5599,4.449651138107663e-08
0,5600,4.5451576234952884e-08
0,5601,4.673787522478071e-08
0,5602,4.843615646906536e-08
0,5603,5.0666722464761456e-08
0,5604,517.4038306996699
0,5605,335.8593894406221
0,5606,293.734945078659
0,5607,291.83030200637603
0,5608,336.72937470544423
0,5609,499.99771346936035
0,5610,1.7149246006297196e-08
0,5611,1.7149943282298105e-08
0,5612,1.7150242416123725e-08
0,5613,1.7150328099737114e-08
0,5614,1.7150242940640407e-08
0,5615,1.7149966773018785e-08
0,5616,1.7149434266762627e-08
0,5617,1.169463735990311e-07
0,5618,6.74595994515527e-08
0,5619,5.3628318586606974e-08
0,5620,4.5518164964349615e-08
0,5621,3.8790711420901925e-08
0,5622,3.122445995337763e-08
0,5623,1132.113806103909
0,5624,1323.5417821932558
0,5625,1158.9154986320984
0,5626,1101.20421081538
0,5627,1083.3196670053233
0,5628,1080.255573141941
0,5629,1086.329744782826
0,5630,1110.6623515266272
0,5631,1190.9349533197324
0,5632,1422.7703826318698
0,5633,2.84902207828519e-08
0,5634,2.848714671431176e-08
0,5635,2.8487913868287875e-08
0,5636,2.8487908923783867e-08
0,5637,2.8486829105860693e-08
0,5638,3.808125315389252e-08
0,5639,4.0665779095577445e-08
0,5640,4.313645625061562e-08
0,5641,4.5381610251452335e-08
0,5642,4.7269481197767895e-08
0,5643,4.8650940261454054e-08
0,5644,4.93572659991662e-08
0,5645,4.9186470317945396e-08
0,5646,4.7864858731283566e-08
0,5647,4.4920731303748674e-08
0,5648,3.9047496357233914e-08
0,5649,1373.706172873544
0,5650,1164.2749951434657
0,5651,1078.6302081590384
0,5652,1061.7154118884687
0,5653,1084.1192329984303
0,5654,1165.5139043166225
0,5655,1359.956755455841
0,5656,7.008898715738247e-08
0,5657,1.714955196880757e-08
0,5658,1.7150286658294416e-08
0,5659,1.7150721500669197e-08
0,5660,1.7150962985774628e-08
0,5661,1.7151051294648053e-08
0,5662,1.7151039528486277e-08
0,5663,1.7151004419688898e-08
0,5664,1.7156939914453583e-08
0,5665,7.304656977356113e-08
0,5666,1.1962115557961222e-07
0,5667,3.2441190346332903e-07
0,5668,633.8631248193917
0,5669,1.7149200129481666e-08
0,5670,1.7148981070573012e-08
0,5671,1.0256420280588751e-07
0,5672,7.443890764717836e-08
0,5673,472.6770069467427
0,5674,295.69833420910965
0,5675,249.33273297810743
0,5676,241.1441634052389
0,5677,258.8120190149137
0,5678,303.7735577254471
0,5679,454.11774123519933
0,5680,1.714934802073969e-08
0,5681,1.7149903951349803e-08
0,5682,1.7150203063321973e-08
0,5683,1.715029812142846e-08
0,5684,1.7150216802992588e-08
0,5685,1.7149935235647736e-08
0,5686,1.7149358162356647e-08
0,5687,1.2283099724521478e-07
0,5688,7.439703294962125e-08
0,5689,6.207339319746471e-08
0,5690,5.606773491358542e-08
0,5691,5.2277237103288705e-08
0,5692,4.940034322989997e-08
0,5693,4.682841171596726e-08
0,5694,4.417594555906104e-08
0,5695,4.110626248641499e-08
0,5696,3.71610733490758e-08
0,5697,3.125076197011491e-08
0,5698,1242.621233502797
0,5699,1252.2429691217435
0,5700,1137.5650608022836
0,5701,1092.2446963503007
0,5702,1075.9423885707777
0,5703,1069.3198140704058
0,5704,1063.5938918395946
0,5705,1056.1076277759921
0,5706,1054.6573013410537
0,5707,1055.2021067508554
0,5708,1056.1443116081007
0,5709,1055.9615861246546
0,5710,1070.280022747792
0,5711,1079.694141688425
0,5712,1079.5796679752411
0,5713,1077.6161855953455
0,5714,1075.5498400747651
0,5715,1075.3697990946794
0,5716,1074.419937030029
0,5717,1073.9340635556393
0,5718,1073.580490442213
0,5719,1074.5095008107792
0,5720,1075.1537159370193
0,5721,1075.6007524308702
0,5722,1075.351696310391
0,5723,1075.5028640844425
0,5724,1078.0871318180368
0,5725,1085.5688440830202
0,5726,1109.70809719258
0,5727,1189.4863292061377
0,5728,1422.212449295833
0,5729,3.5812865833788864e-08
0,5730,3.581367453463956e-08
0,5731,3.5814318621006647e-08
0,5732,3.9749021395543704e-08
0,5733,4.460083494246288e-08
0,5734,5.0732365757049866e-08
0,5735,5.872563718280633e-08
0,5736,6.958174602300605e-08
0,5737,8.516884188528029e-08
0,5738,1.0943959427400882e-07
0,5739,1.524355816164653e-07
0,5740,2.4950776625733487e-07
0,5741,6.752743977639537e-07
0,5742,9.794785018355043e-08
0,5743,1.3121589852066223e-07
0,5744,1.977200802028066e-07
0,5745,3.969082452612814e-07
0,5746,252.60545039373565
0,5747,278.37689848199284
0,5748,321.8818143649513
0,5749,496.227417127544
0,5750,1.7149706659625965e-08
0,5751,1.7150808676060072e-08
0,5752,1.7151399784124668e-08
0,5753,1.7151736466748045e-08
0,5754,1.7151964474471695e-08
0,5755,1.7152098577486846e-08
0,5756,1.715214940470851e-08
0,5757,1.715210964459233e-08
0,5758,1.7151955143217935e-08
0,5759,1.7151674812290464e-08
0,5760,1.7151343767315096e-08
0,5761,1.9035231901510456e-08
0,5762,2.1358009712690932e-08
0,5763,2.4292986579535383e-08
0,5764,2.8118717155704794e-08
0,5765,3.3312988237416835e-08
0,5766,4.076968750019703e-08
0,5767,5.237804971451127e-08
0,5768,7.294206425400727e-08
0,5769,1.193380550819779e-07
0,5770,351.96757359171033
0,5771,306.0779739965376
0,5772,298.9076506373915
0,5773,333.9969982618473
0,5774,502.4280470730486
0,5775,1.7153027651792263e-08
0,5776,1.7155800692568218e-08
0,5777,1.7157827062349283e-08
0,5778,1.7159398665961777e-08
0,5779,1.7160756844088627e-08
0,5780,1.7161969165977825e-08
0,5781,1.716303208387592e-08
0,5782,1.7164030034546858e-08
0,5783,1.7164912099973823e-08
0,5784,1.7165720059098097e-08
0,5785,1.7166460298748002e-08
0,5786,1.716714217763133e-08
0,5787,1.7167764601740652e-08
0,5788,1.7168336474086815e-08
0,5789,1.716887674516854e-08
0,5790,1.7177258189043253e-08
0,5791,1.9069200530658976e-08
0,5792,2.1403178624809414e-08
0,5793,2.4354685303729052e-08
0,5794,2.8206125672042807e-08
0,5795,3.344282427934542e-08
0,5796,4.0976425682210966e-08
0,5797,5.2745052475117605e-08
0,5798,1.7175444729450258e-08
0,5799,1.717361573081084e-08
0,5800,1.717391216664001e-08
0,5801,1.7174235378454583e-08
0,5802,1.717454067671833e-08
0,5803,1.7174831736226098e-08
0,5804,1.7175173703823458e-08
0,5805,1.7175488023614898e-08
0,5806,1.7175810819187315e-08
0,5807,1.7176101833910756e-08
0,5808,1.7176356162539497e-08
0,5809,1.7176590195977607e-08
0,5810,1.7176800008711877e-08
0,5811,1.7176985234590295e-08
0,5812,1.7177147417337182e-08
0,5813,1.7177285248415385e-08
0,5814,1.7177390601902414e-08
0,5815,1.717748148140225e-08
0,5816,1.717759735665801e-08
0,5817,1.7177726672093865e-08
0,5818,1.717782643429947e-08
0,5819,1.717793459186874e-08
0,5820,1.717808249572045e-08
0,5821,1.7178127740896735e-08
0,5822,1.7178017922732922e-08
0,5823,1.7177968526752995e-08
0,5824,1.7177917802249323e-08
0,5825,1.7177835581645435e-08
0,5826,1.7177716152585017e-08
0,5827,1.7177704955405765e-08
0,5828,1.7177669723321046e-08
0,5829,1.717759798018268e-08
0,5830,1.7177516623498188e-08
0,5831,1.7177418234434635e-08
0,5832,1.71773269970295e-08
0,5833,1.7177163363941978e-08
0,5834,1.7176979403022563e-08
0,5835,1.717676881862095e-08
0,5836,1.717654238180799e-08
0,5837,1.717629023940178e-08
0,5838,1.7176016319727673e-08
0,5839,1.717574294500746e-08
0,5840,1.71754830543572e-08
0,5841,1.7175228130847055e-08
0,5842,1.7174966574655582e-08
0,5843,1.7174725669174797e-08
0,5844,1.717638178731903e-08
0,5845,1.9069420697307154e-08
0,5846,1.717356084807674e-08
0,5847,1.717299138034192e-08
0,5848,1.717248292629103e-08
0,5849,1.717177121180377e-08
0,5850,1.7169570704991414e-08
0,5851,1.7169007892106467e-08
0,5852,1.7168463634088094e-08
0,5853,1.7169435493081387e-08
0,5854,1.716900578732785e-08
0,5855,1.7168322265512313e-08
0,5856,1.716756654059919e-08
0,5857,1.7166732969841334e-08
0,5858,1.7165825141585405e-08
0,5859,1.716482867529905e-08
0,5860,1.7163723747683852e-08
0,5861,1.7162539232771617e-08
0,5862,1.7161132694186335e-08
0,5863,1.71595188560813e-08
0,5864,1.715762319908973e-08
0,5865,2.813896524620494e-08
0,5866,3.3335277870500974e-08
0,5867,578.1972511841251
0,5868,588.7807379382025
0,5869,702.9458634970034
0,5870,1.1973858830073873e-07
0,5871,1.7153950005213117e-08
0,5872,1.7154893286375255e-08
0,5873,1.7155852617846125e-08
0,5874,1.715541821853395e-08
0,5875,1.7156034274720726e-08
0,5876,1.715741276423009e-08
0,5877,1.7158427228103102e-08
0,5878,1.7158887083184633e-08
0,5879,1.715927240996827e-08
0,5880,1.715960022606082e-08
0,5881,1.7159871125994706e-08
0,5882,1.7160096723032095e-08
0,5883,1.7160275069691774e-08
0,5884,1.716040787120692e-08
0,5885,1.7160489859801707e-08
0,5886,1.7160548193107477e-08
0,5887,1.716070456527272e-08
0,5888,2.1374437361886185e-08
0,5889,2.4316535962421148e-08
0,5890,2.8153016804526113e-08
0,5891,3.336481408474821e-08
0,5892,4.0852815466716364e-08
0,5893,5.252349216973017e-08
0,5894,1.7160733076767643e-08
0,5895,1.716056900485607e-08
0,5896,1.716043989120379e-08
0,5897,1.716012476558586e-08
0,5898,1.7159334136488026e-08
0,5899,1.715949264585631e-08
0,5900,1.7159657151204807e-08
0,5901,1.7159496259183665e-08
0,5902,1.7159211681595527e-08
0,5903,1.715886285496253e-08
0,5904,1.715845953992654e-08
0,5905,1.7157977707894177e-08
0,5906,1.715742376744896e-08
0,5907,1.715681231824389e-08
0,5908,1.9041880863852938e-08
0,5909,1.7157474135558436e-08
0,5910,1.7154168353352708e-08
0,5911,1.7152790602415418e-08
0,5912,1.715073260691438e-08
0,5913,2.848420274803332e-08
0,5914,2.30025042443633e-08
0,5915,585.5579409597927
0,5916,385.0626925104392
0,5917,353.7322198212982
0,5918,387.63544869831617
0,5919,563.5672537665745
0,5920,3.1824369952455564e-08
0,5921,1.714969623715321e-08
0,5922,1.7150838271509834e-08
0,5923,1.7151480561269217e-08
0,5924,1.7151898733273267e-08
0,5925,1.7152176210800848e-08
0,5926,1.715234654635166e-08
0,5927,1.7152461046584958e-08
0,5928,1.715243308297805e-08
0,5929,1.715227101448913e-08
0,5930,1.7152021367601225e-08
0,5931,1.8215586778906606e-08
0,5932,2.0341757762887215e-08
0,5933,2.2999804092073498e-08
0,5934,2.641754132155517e-08
0,5935,3.097501832527506e-08
0,5936,3.735555331528501e-08
0,5937,4.6926299070080256e-08
0,5938,6.287607009979962e-08
0,5939,9.477173096356019e-08
0,5940,324.0784194789194
0,5941,309.65991646598377
0,5942,334.21780558746076
0,5943,441.2277828389125
0,5944,1.7150032108884843e-08
0,5945,1.715064342189718e-08
0,5946,1.7151017093666705e-08
0,5947,1.7151219985491275e-08
0,5948,1.7151292188995437e-08
0,5949,1.7151264694455047e-08
0,5950,1.7151130708601493e-08
0,5951,1.7150843369706276e-08
0,5952,1.7150489219830347e-08
0,5953,1.7150283945159794e-08
0,5954,2.8848808530576846e-08
0,5955,2.9177689726094783e-08
0,5956,2.8991357324963286e-08
0,5957,2.8136057758525233e-08
0,5958,2.6340268060136827e-08
0,5959,2.2842983245620688e-08
0,5960,1417.5648234541768
0,5961,1192.7825778143676
0,5962,1113.6184773080643
0,5963,1091.403117941722
0,5964,1096.2499529466606
0,5965,1132.214358628984
0,5966,1243.702363666894
0,5967,1305.7791949553207
0,5968,3.623316772668767e-08
0,5969,1.714984545947269e-08
0,5970,1.715114110972224e-08
0,5971,1.715188389124687e-08
0,5972,1.715239132291544e-08
0,5973,1.7152766733023576e-08
0,5974,1.715302991172699e-08
0,5975,1.7153198770262406e-08
0,5976,1.71532759524636e-08
0,5977,1.7153278617483363e-08
0,5978,1.7153169860397723e-08
0,5979,1.715295508985764e-08
0,5980,1.717122648245222e-08
0,5981,1.7152493858591515e-08
0,5982,1.715186766660859e-08
0,5983,1.7151198509299546e-08
0,5984,3.097615786266326e-08
0,5985,3.735413625528675e-08
0,5986,344.28767597586
0,5987,273.54668830497866
0,5988,254.18447591060655
0,5989,259.7069720520624
0,5990,298.1441537112998
0,5991,355.1521366397209
0,5992,1.715047024273479e-08
0,5993,1.7151414560919365e-08
0,5994,1.7151943347616682e-08
0,5995,1.7152352868900347e-08
0,5996,1.7152651421065054e-08
0,5997,1.7152910392789598e-08
0,5998,1.7153054818456364e-08
0,5999,1.715308394296597e-08
0,6000,1.7153028380786087e-08
0,6001,1.7152881154001694e-08
0,6002,1.7152703443270635e-08
0,6003,1.9037304026645914e-08
0,6004,2.136129103852454e-08
0,6005,1.7151905201884314e-08
0,6006,1.7150842521883894e-08
0,6007,1.7149732445372252e-08
0,6008,2.8447207877717827e-08
0,6009,2.2925524930784253e-08
0,6010,1399.1846507661455
0,6011,1198.3602861688419
0,6012,1140.1221720817848
0,6013,1194.3388769512055
0,6014,1418.1868413225718
0,6015,3.1322217775939395e-08
0,6016,1.714927658990576e-08
0,6017,1.7149899240071235e-08
0,6018,1.7150197060670526e-08
0,6019,1.7150290180247246e-08
0,6020,1.7150196661684127e-08
0,6021,1.714989611444512e-08
0,6022,1.714949941741646e-08
0,6023,2.9438195688386053e-08
0,6024,3.0561866020982405e-08
0,6025,3.1443005035721355e-08
0,6026,3.203166948682231e-08
0,6027,3.2273280376764646e-08
0,6028,3.210105172337776e-08
0,6029,3.1423351052805654e-08
0,6030,3.0097156698045984e-08
0,6031,2.7851467740371596e-08
0,6032,2.389721770956147e-08
0,6033,1391.8726052846562
0,6034,1205.29030785972
0,6035,1127.348688718652
0,6036,1125.3324744164638
0,6037,1196.3134164655023
0,6038,1412.702872259282
0,6039,3.764142609453692e-08
0,6040,1.714969882149139e-08
0,6041,1.7150696650247184e-08
0,6042,1.7151288242926434e-08
0,6043,1.715166269080853e-08
0,6044,1.7151897499735798e-08
0,6045,1.71520281611375e-08
0,6046,1.71520563545004e-08
0,6047,1.7151996702320286e-08
0,6048,1.7152891350835035e-08
0,6049,1.9037829664650716e-08
0,6050,2.1362106133027256e-08
0,6051,2.429933577982146e-08
0,6052,2.8128614822433022e-08
0,6053,3.332828221929774e-08
0,6054,1.7150084312518105e-08
0,6055,1.7149418717812696e-08
0,6056,4.563263889878418e-08
0,6057,4.1773335031701595e-08
0,6058,270.3551578113076
0,6059,433.730628650527
0,6060,340.8072694846289
0,6061,326.96160901491413
0,6062,364.64889103294433
0,6063,539.051999492692
0,6064,1.715016728142139e-08
0,6065,1.7151366657509746e-08
0,6066,1.715223244045286e-08
0,6067,1.7152846618005262e-08
0,6068,1.7153302718636972e-08
0,6069,1.7153667842793738e-08
0,6070,1.71539263314249e-08
0,6071,1.7154105437869744e-08
0,6072,1.715422412788714e-08
0,6073,1.715424430269406e-08
0,6074,1.715418076879912e-08
0,6075,1.715403719731087e-08
0,6076,1.715387608753111e-08
0,6077,1.7153664471223137e-08
0,6078,1.715310026848926e-08
0,6079,1.7152539451457884e-08
0,6080,1.7151897482215768e-08
0,6081,3.332730722271145e-08
0,6082,4.079133747961368e-08
0,6083,509.6108922125762
0,6084,422.76991348540395
0,6085,455.3187792893032
0,6086,339.14416538206206
0,6087,1.7151279538897183e-08
0,6088,1.7151723971826227e-08
0,6089,1.7152155153964967e-08
0,6090,1.7152519097740664e-08
0,6091,1.7152837265867058e-08
0,6092,1.7153069530087122e-08
0,6093,1.715331910099956e-08
0,6094,1.7153518857972134e-08
0,6095,1.715351961182468e-08
0,6096,1.7153449844583787e-08
0,6097,1.7153321720337142e-08
0,6098,1.715308574009206e-08
0,6099,1.715276465936156e-08
0,6100,1.715218796194981e-08
0,6101,1.7151279079334375e-08
0,6102,1.7150154395837813e-08
0,6103,3.126545740814407e-08
0,6104,2.3698457278104734e-08
0,6105,1402.622403286858
0,6106,1198.013415034888
0,6107,1117.5078707300113
0,6108,1099.413231010373
0,6109,1117.7347879646645
0,6110,1197.4115439976495
0,6111,1407.041362089793
0,6112,3.3932701663032553e-08
0,6113,1.714938966346452e-08
0,6114,1.7150258135134155e-08
0,6115,1.7150680034604945e-08
0,6116,1.7150898133249287e-08
0,6117,1.7150994948922035e-08
0,6118,1.715092759509146e-08
0,6119,1.7150727973074952e-08
0,6120,1.7150380490500283e-08
0,6121,1.7149910838717e-08
0,6122,1.7159549616418203e-08
0,6123,3.73206731389282e-08
0,6124,3.444199428101897e-08
0,6125,3.156253252092767e-08
0,6126,2.8215196958414883e-08
0,6127,2.3514416233083623e-08
0,6128,1410.2849152589351
0,6129,1195.5138016390777
0,6130,1114.2890774394864
0,6131,1089.2564244033474
0,6132,1087.6214941232831
0,6133,1107.8135607602867
0,6134,1181.618169979801
0,6135,1402.3452562074654
0,6136,767.3684854056086
0,6137,1.7149499310358272e-08
0,6138,1.715042020158003e-08
0,6139,1.715091085737822e-08
0,6140,1.7151189180932474e-08
0,6141,1.7151325459121457e-08
0,6142,1.7151335593552187e-08
0,6143,1.7151225706744824e-08
0,6144,1.7151200283623507e-08
0,6145,1.7180358189259904e-08
0,6146,2.1358781821311732e-08
0,6147,2.4294915324188523e-08
0,6148,2.81223250580931e-08
0,6149,3.331813846238989e-08
0,6150,1.714922085433823e-08
0,6151,3.1262675957279625e-08
0,6152,2.3697994618588594e-08
0,6153,1409.4380337130006
0,6154,1198.7583846155253
0,6155,1123.5694482263227
0,6156,1121.5900083244142
0,6157,1194.0458770632747
0,6158,1424.4997099781335
0,6159,3.310488949324761e-08
0,6160,1.714997143618927e-08
0,6161,1.715132860643839e-08
0,6162,1.7152095584133396e-08
0,6163,1.715266132004434e-08
0,6164,1.7153104265088862e-08
0,6165,1.7153454110451773e-08
0,6166,1.7153675842108518e-08
0,6167,1.715381071135645e-08
0,6168,1.7153869319385496e-08
0,6169,1.715384437646071e-08
0,6170,1.7153730827042224e-08
0,6171,1.7153541305632726e-08
0,6172,1.7153501336167272e-08
0,6173,1.715292690614075e-08
0,6174,1.715232896854098e-08
0,6175,1.7151612753273007e-08
0,6176,3.0975436195857355e-08
0,6177,3.735333447586075e-08
0,6178,386.2209642864622
0,6179,319.16683530946295
0,6180,306.82549329125914
0,6181,337.65355346725465
0,6182,471.2560441443188
0,6183,1.71533822860965e-08
0,6184,1.715371629928199e-08
0,6185,1.715466114536799e-08
0,6186,1.7155488438673196e-08
0,6187,1.7156308254822163e-08
0,6188,1.7157095489069544e-08
0,6189,1.7158111083721378e-08
0,6190,1.715867128663354e-08
0,6191,1.7159131404603605e-08
0,6192,1.7159526849402473e-08
0,6193,1.715985765861469e-08
0,6194,1.7160131590150646e-08
0,6195,1.7160359245915166e-08
0,6196,1.716054052313266e-08
0,6197,1.7160670651913268e-08
0,6198,1.7160755559769838e-08
0,6199,1.7160858383362577e-08
0,6200,1.716101411319902e-08
0,6201,1.9048438968623574e-08
0,6202,2.1376210808347483e-08
0,6203,2.431852330775109e-08
0,6204,2.8155648246041946e-08
0,6205,3.33683272995053e-08
0,6206,1.7161411393640258e-08
0,6207,1.716101025792856e-08
0,6208,1.7160877388833738e-08
0,6209,1.7160240525526557e-08
0,6210,1.7160031221703234e-08
0,6211,1.7159911504607567e-08
0,6212,1.715995733138039e-08
0,6213,1.7159997004635036e-08
0,6214,1.7159743813744338e-08
0,6215,1.7159427163433223e-08
0,6216,1.71590515756955e-08
0,6217,1.7158604061782366e-08
0,6218,1.7158085276534993e-08
0,6219,1.7157467800707444e-08
0,6220,1.7156795707616086e-08
0,6221,1.7155988273316814e-08
0,6222,1.715484025858571e-08
0,6223,1.7153455284862955e-08
0,6224,1.7151723625525277e-08
0,6225,3.255326534822424e-08
0,6226,3.8542388873366096e-08
0,6227,571.1002585460562
0,6228,383.2319580838894
0,6229,350.5253806793969
0,6230,380.30694945428604
0,6231,590.3910070298462
0,6232,1.714946552240713e-08
0,6233,1.7150104890722772e-08
0,6234,1.715047754728943e-08
0,6235,1.7150644685832967e-08
0,6236,1.7150650604482462e-08
0,6237,1.715056488643549e-08
0,6238,1.715345368368608e-08
0,6239,2.1358133612374306e-08
0,6240,2.4293903997424002e-08
0,6241,2.8120906752627758e-08
0,6242,3.3317377717773176e-08
0,6243,4.0778163663910544e-08
0,6244,5.2394751350123435e-08
0,6245,7.297820136789774e-08
0,6246,1.714942921600003e-08
0,6247,4.0534718343096434e-08
0,6248,2.568965958009252e-08
0,6249,1303.8229103718568
0,6250,1248.892541349839
0,6251,1141.8445024960076
0,6252,1129.3850940118748
0,6253,1197.2137114574518
0,6254,1419.499434801147
0,6255,3.549602955276842e-08
0,6256,1.714923478322923e-08
0,6257,1.7149886002935103e-08
0,6258,1.715017036496691e-08
0,6259,1.7150248663252597e-08
0,6260,1.7150159900945495e-08
0,6261,1.7149905359704708e-08
0,6262,1.714966643504774e-08
0,6263,2.2900451654565325e-08
0,6264,2.4412855329616808e-08
0,6265,2.5830895117565398e-08
0,6266,2.7075336857007207e-08
0,6267,2.805168348142553e-08
0,6268,2.8649360370020774e-08
0,6269,2.873561826417567e-08
0,6270,2.8134720660924083e-08
0,6271,2.655458460230426e-08
0,6272,2.3209158980689264e-08
0,6273,1405.146868719315
0,6274,1196.1435590717053
0,6275,1118.2031486876833
0,6276,1100.9158860714897
0,6277,1123.1580296815453
0,6278,1211.5668101582123
0,6279,1379.6750443455603
0,6280,1.7149260084977502e-08
0,6281,1.71496466567776e-08
0,6282,1.7149874381704053e-08
0,6283,1.714991028356144e-08
0,6284,1.7149723884569496e-08
0,6285,1.714940128556632e-08
0,6286,2.5816548244395396e-08
0,6287,2.7236021681103047e-08
0,6288,2.84812849968825e-08
0,6289,2.9478481156754106e-08
0,6290,3.014681533657535e-08
0,6291,3.039590575379286e-08
0,6292,3.0115773423682783e-08
0,6293,2.9151677726509914e-08
0,6294,2.722757170680801e-08
0,6295,2.3561008398779814e-08
0,6296,1397.5045799406198
0,6297,1198.4420035543162
0,6298,1117.1248830883162
0,6299,1091.3120899974504
0,6300,1090.6369390197424
0,6301,1114.387559907743
0,6302,1196.1220469184575
0,6303,1410.9018798964466
0,6304,1.7150546123629104e-08
0,6305,1.715097744741547e-08
0,6306,1.715189568131869e-08
0,6307,1.715252782929171e-08
0,6308,1.7152980247352813e-08
0,6309,1.7153309435587915e-08
0,6310,1.715354910618953e-08
0,6311,1.715370362023215e-08
0,6312,1.715376974091489e-08
0,6313,1.71537395427402e-08
0,6314,1.7153626197283862e-08
0,6315,1.7153437201603998e-08
0,6316,1.715350619093661e-08
0,6317,1.715282024131797e-08
0,6318,1.7152226662048303e-08
0,6319,1.71515037289688e-08
0,6320,3.09718495353037e-08
0,6321,3.734962720832878e-08
0,6322,397.70563433076165
0,6323,322.5895737119083
0,6324,310.589551645485
0,6325,342.5061734958144
0,6326,418.92514897689273
0,6327,1.7151250365771272e-08
0,6328,1.7152093022299188e-08
0,6329,1.7152586834809602e-08
0,6330,1.7153050141679142e-08
0,6331,1.7153717186477852e-08
0,6332,1.7154211803561146e-08
0,6333,1.7154504792437172e-08
0,6334,1.7154692080972953e-08
0,6335,1.715480585573947e-08
0,6336,1.7154849704924144e-08
0,6337,1.7154820290427725e-08
0,6338,1.7154719144146568e-08
0,6339,1.7154548105802355e-08
0,6340,1.7154303421297628e-08
0,6341,1.7154010665406484e-08
0,6342,1.7153550457830498e-08
0,6343,1.715300172937213e-08
0,6344,1.7152476978027863e-08
0,6345,3.332758188469813e-08
0,6346,4.079294851415486e-08
0,6347,619.8642005514773
0,6348,554.8733342513267
0,6349,736.6863447425492
0,6350,6.028799322329182e-07
0,6351,2.065811423260114e-08
0,6352,2.306135733653566e-08
0,6353,1.6547612333989425e-08
0,6354,1.6548257504426546e-08
0,6355,1.6548547511333246e-08
0,6356,1.8367028184322777e-08
0,6357,2.0609686208714897e-08
0,6358,2.3443919148991645e-08
0,6359,2.5492940785928225e-08
0,6360,2.5493124018639862e-08
0,6361,2.5493273304574903e-08
0,6362,2.5493415421714357e-08
0,6363,2.5493542251115288e-08
0,6364,2.5493646586861738e-08
0,6365,2.5493719854537437e-08
0,6366,2.549373250993134e-08
0,6367,2.549346644233736e-08
0,6368,2.5493847917408075e-08
0,6369,2.549418284565681e-08
0,6370,2.5494379246078372e-08
0,6371,2.5494630625877104e-08
0,6372,2.5495300235752464e-08
0,6373,2.5495318750906745e-08
0,6374,2.5494913590833095e-08
0,6375,2.5494861138524512e-08
0,6376,2.549468471927814e-08
0,6377,1.6549675996181538e-08
0,6378,1.6549588630465747e-08
0,6379,1.6550016691620114e-08
0,6380,1.8368609377198656e-08
0,6381,2.061103672206771e-08
0,6382,2.3445382862951388e-08
0,6383,2.549090689391183e-08
0,6384,2.5490084168143702e-08
0,6385,2.54892686451609e-08
0,6386,2.548847600886264e-08
0,6387,2.5487732907115512e-08
0,6388,2.5486884618001457e-08
0,6389,2.5485802549118718e-08
0,6390,2.5484939106425994e-08
0,6391,2.5484074477500896e-08
0,6392,2.548367323759737e-08
0,6393,4.526266868490228e-08
0,6394,6.064065152253047e-08
0,6395,135.19042086566273
0,6396,139.10218473964736
0,6397,135.91019140687683
0,6398,135.43871981550697
0,6399,2.5479686973973765e-08
0,6400,2.547954316439472e-08
0,6401,1.962087888276876e-08
0,6402,2.2183694215069193e-08
0,6403,2.547942691082355e-08
0,6404,2.548005215790734e-08
0,6405,2.548033275075434e-08
0,6406,2.5480990252351317e-08
0,6407,4.525642991820366e-08
0,6408,6.063507271660603e-08
0,6409,9.138093154335814e-08
0,6410,120.4981892188245
0,6411,205.3765766757945
0,6412,254.77708749606035
0,6413,434.30984903727096
0,6414,2.5549655073948762e-08
0,6415,2.56128758245235e-08
0,6416,2.5678078890732983e-08
0,6417,2.5743572584910665e-08
0,6418,2.5809376090089528e-08
0,6419,2.5875176771697614e-08
0,6420,2.5941166298694814e-08
0,6421,2.600698923725233e-08
0,6422,2.6073116546223538e-08
0,6423,2.6139478997141486e-08
0,6424,2.6205978581040186e-08
0,6425,2.6270761115869228e-08
0,6426,2.633593099380318e-08
0,6427,2.640679064681102e-08
0,6428,2.647435323265381e-08
0,6429,2.654204867663082e-08
0,6430,2.6609921073647585e-08
0,6431,2.667800113849097e-08
0,6432,2.674631573169382e-08
0,6433,2.6814970488483255e-08
0,6434,2.6884812318969816e-08
0,6435,2.6959715848620707e-08
0,6436,2.7022272831136914e-08
0,6437,2.709067083910425e-08
0,6438,2.715999895637334e-08
0,6439,2.7229625104092437e-08
0,6440,2.729953869346879e-08
0,6441,2.7369718460990477e-08
0,6442,2.7440160852263307e-08
0,6443,2.751083569127436e-08
0,6444,2.7581786804741604e-08
0,6445,2.765306537401424e-08
0,6446,2.7724420968993653e-08
0,6447,2.779597203892304e-08
0,6448,2.786779149117739e-08
0,6449,2.793986107354178e-08
0,6450,2.801226566455866e-08
0,6451,2.808494263463563e-08
0,6452,2.8157915243815803e-08
0,6453,2.8231173633347183e-08
0,6454,2.830469901654722e-08
0,6455,2.8378486641063023e-08
0,6456,2.8452576582933733e-08
0,6457,2.8526941925661347e-08
0,6458,2.8601588373829807e-08
0,6459,2.8676495730988805e-08
0,6460,2.8751699657022134e-08
0,6461,2.882719010366603e-08
0,6462,2.890299766912513e-08
0,6463,2.8979147194521025e-08
0,6464,2.9055681945635973e-08
0,6465,2.9132621985292364e-08
0,6466,2.9210143011847156e-08
0,6467,2.9287426790528014e-08
0,6468,2.9365332119139537e-08
0,6469,2.9450308181774165e-08
0,6470,2.9521925023195267e-08
0,6471,2.9599727288395306e-08
0,6472,2.967853202053415e-08
0,6473,2.9757768227505664e-08
0,6474,2.983746061463512e-08
0,6475,2.991757537560769e-08
0,6476,2.999808584366797e-08
0,6477,3.0079037774021264e-08
0,6478,3.65140786541551e-08
0,6479,4.633714384581284e-08
0,6480,6.316427507187391e-08
0,6481,9.86320075032146e-08
0,6482,3.0492761061156904e-08
0,6483,3.057540607934254e-08
0,6484,3.0659888516827054e-08
0,6485,3.074486573008818e-08
0,6486,3.083023242161421e-08
0,6487,3.0916039154870915e-08
0,6488,3.100253758739913e-08
0,6489,3.1089524878253857e-08
0,6490,3.117686890107636e-08
0,6491,3.126466107925989e-08
0,6492,3.135294209692175e-08
0,6493,3.1441311617563106e-08
0,6494,3.153013640000589e-08
0,6495,3.161940307379099e-08
0,6496,1.6318817929438374e-08
0,6497,1.631830139909774e-08
0,6498,1.631850486464144e-08
0,6499,1.8111750062585084e-08
0,6500,2.0323405322402474e-08
0,6501,2.311848707404389e-08
0,6502,2.676278242390038e-08
0,6503,3.171199552245632e-08
0,6504,3.1712656238468796e-08
0,6505,3.1712997190870063e-08
0,6506,3.171332065670643e-08
0,6507,3.1713619431688234e-08
0,6508,3.171390539606582e-08
0,6509,3.1714123119999725e-08
0,6510,3.171412712230833e-08
0,6511,3.17140708976572e-08
0,6512,3.1714825065557746e-08
0,6513,3.171535186783305e-08
0,6514,3.171573727292319e-08
0,6515,3.171606682028332e-08
0,6516,3.171643332503942e-08
0,6517,3.171673035921266e-08
0,6518,3.171690903954911e-08
0,6519,3.1716844479727865e-08
0,6520,1.6320179877417492e-08
0,6521,1.632013057538707e-08
0,6522,1.632006103918966e-08
0,6523,1.811322485589502e-08
0,6524,2.0324859962769104e-08
0,6525,2.3119864160300874e-08
0,6526,2.676390003340806e-08
0,6527,3.1712796513897737e-08
0,6528,3.171307218179025e-08
0,6529,3.171240469458623e-08
0,6530,3.1711717292939667e-08
0,6531,3.1711016862676154e-08
0,6532,3.171030507972153e-08
0,6533,3.1709512960245506e-08
0,6534,3.170823394465239e-08
0,6535,2.3119200613439916e-08
0,6536,2.6762401619544234e-08
0,6537,3.170665549454373e-08
0,6538,3.170610837450606e-08
0,6539,3.170547906938907e-08
0,6540,3.170492698758147e-08
0,6541,3.17042899457604e-08
0,6542,3.170341623008946e-08
0,6543,3.1702544059925e-08
0,6544,3.170087792733395e-08
0,6545,1.6316520869272597e-08
0,6546,1.786355380133266e-08
0,6547,1.96614122081018e-08
0,6548,2.179688948797948e-08
0,6549,2.4387446590068266e-08
0,6550,2.7606071466374708e-08
0,6551,2.6814182966129475e-08
0,6552,2.6049876253696875e-08
0,6553,2.530887822621943e-08
0,6554,2.458684977034236e-08
0,6555,2.3879170856788576e-08
0,6556,2.3180715200568587e-08
0,6557,2.248545182679569e-08
0,6558,2.1785560520599657e-08
0,6559,2.1069676998554653e-08
0,6560,2.031872545525871e-08
0,6561,2.5120385157125164e-08
0,6562,2.7487219653909078e-08
0,6563,3.018899021760808e-08
0,6564,1015.5254246926481
0,6565,795.4798205570818
0,6566,5.244592225959956e-08
0,6567,1.7153156595085887e-08
0,6568,1.7153742294441927e-08
0,6569,1.7154170765858396e-08
0,6570,1.7154538563081737e-08
0,6571,1.715482374467213e-08
0,6572,1.715504708303179e-08
0,6573,1.715519213199622e-08
0,6574,1.7155283420768822e-08
0,6575,1.7155354285198598e-08
0,6576,1.7155409762075488e-08
0,6577,1.7155264536294624e-08
0,6578,1.7155088000760793e-08
0,6579,1.7154801249892788e-08
0,6580,1.715444329887858e-08
0,6581,1.7153989201798277e-08
0,6582,1.7153399622001346e-08
0,6583,1.715266530278987e-08
0,6584,1.7151665627329458e-08
0,6585,1.715034938240553e-08
0,6586,6.258142634064722e-08
0,6587,3.2442311237395975e-08
0,6588,722.2234269372357
0,6589,513.2300417898139
0,6590,544.0645774681411
0,6591,2.1774548220264932e-08
0,6592,2.1774294678377333e-08
0,6593,2.3522218456475995e-08
0,6594,2.514315064628531e-08
0,6595,2.64542422696863e-08
0,6596,2.7065953428839838e-08
0,6597,2.5975091092306056e-08
0,6598,1244.9318825689718
0,6599,1249.7319554680225
0,6600,1132.4614340649623
0,6601,1093.641701945919
0,6602,1081.0462263344957
0,6603,1075.5988050393714
0,6604,1073.5876714672186
0,6605,1072.503681486213
0,6606,1070.3413629701697
0,6607,1070.0727748692743
0,6608,1070.9104974418856
0,6609,1074.0338595653689
0,6610,1079.666607518948
0,6611,1091.1389383251449
0,6612,1128.9612828580703
0,6613,1236.725537730497
0,6614,1301.3005318785254
0,6615,3.6896919861296095e-08
0,6616,1.0397418324615225e-07
0,6617,1.7149404766875122e-08
0,6618,1.7150017151065653e-08
0,6619,1.7150239175477312e-08
0,6620,1.71502394208221e-08
0,6621,1.7150023934576445e-08
0,6622,1.7149565287889057e-08
0,6623,1.5736324619804588e-07
0,6624,9.13244018403475e-08
0,6625,7.446434143814306e-08
0,6626,6.558650438556518e-08
0,6627,5.921574509205982e-08
0,6628,5.351585408151137e-08
0,6629,4.737938659898119e-08
0,6630,3.9190524433466904e-08
0,6631,1374.2306603352647
0,6632,1205.0033472727023
0,6633,1122.2804875860388
0,6634,1091.9655219398755
0,6635,1082.844092992845
0,6636,1087.1234422175648
0,6637,1111.9271705778215
0,6638,1191.7315132221672
0,6639,1419.957490478351
0,6640,1.7152040607981727e-08
0,6641,1.7150530693494178e-08
0,6642,1.7151618215056647e-08
0,6643,1.7152321047786813e-08
0,6644,1.7152833301698655e-08
0,6645,1.9037283147758103e-08
0,6646,2.13638629219995e-08
0,6647,2.4303138385129867e-08
0,6648,2.8135734185661174e-08
0,6649,3.334164883114478e-08
0,6650,4.0819669592257065e-08
0,6651,5.247204469568229e-08
0,6652,7.314497298656158e-08
0,6653,1.715667014989621e-08
0,6654,1.7156063819897388e-08
0,6655,1.715620078746616e-08
0,6656,1.715634766726181e-08
0,6657,1.7156473516645622e-08
0,6658,1.715657783594608e-08
0,6659,1.715669224968715e-08
0,6660,1.7156720913099124e-08
0,6661,1.7156677515782812e-08
0,6662,1.7156254067027775e-08
0,6663,1.7155927812985953e-08
0,6664,1.7155599953891235e-08
0,6665,1.7155200260026126e-08
0,6666,1.7154830326219773e-08
0,6667,1.7154289033667136e-08
0,6668,1.7153658984468966e-08
0,6669,1.7154604493802093e-08
0,6670,3.098032768125727e-08
0,6671,3.7359643959801925e-08
0,6672,4.692732949815602e-08
0,6673,313.590842650073
0,6674,268.01719800770013
0,6675,243.3032263494115
0,6676,254.36943385403399
0,6677,288.9707294622808
0,6678,362.37920612182285
0,6679,1.715003508722548e-08
0,6680,1.903534102173606e-08
0,6681,2.136072958007238e-08
0,6682,2.4299744092924435e-08
0,6683,2.8131898451386482e-08
0,6684,3.33357481970036e-08
0,6685,1.7154827326994692e-08
0,6686,1.7154935200425068e-08
0,6687,1.7155324318040286e-08
0,6688,1.7155653931130173e-08
0,6689,1.715593118135477e-08
0,6690,1.715615915001326e-08
0,6691,1.715633375973637e-08
0,6692,1.7156486089558846e-08
0,6693,1.904226449954885e-08
0,6694,2.136874255946169e-08
0,6695,2.4308936964458967e-08
0,6696,2.8142834586413558e-08
0,6697,3.335063934798544e-08
0,6698,4.083156460673757e-08
0,6699,5.248869039665386e-08
0,6700,7.316600680293316e-08
0,6701,1.7157195583745744e-08
0,6702,1.7156964357063114e-08
0,6703,1.7156871712841284e-08
0,6704,1.7156775186928343e-08
0,6705,1.7156658088323225e-08
0,6706,1.715648687590019e-08
0,6707,1.7156321623654978e-08
0,6708,1.9042006699843464e-08
0,6709,2.136731670660414e-08
0,6710,1.7166186935662633e-08
0,6711,1.7154954632655144e-08
0,6712,1.715442043736108e-08
0,6713,1.715385191550795e-08
0,6714,1.7153084338184768e-08
0,6715,1.7152054013823106e-08
0,6716,1.7150648584864537e-08
0,6717,3.170786081073523e-08
0,6718,3.623412420648999e-08
0,6719,4.216871210182882e-08
0,6720,5.034951548572121e-08
0,6721,6.244629318819011e-08
0,6722,8.234046429938917e-08
0,6723,1.216297083378497e-07
0,6724,2.3801965428268414e-07
0,6725,950.0821672212892
0,6726,644.0092800578451
0,6727,1.756521776203571e-08
0,6728,1.7565155612443326e-08
0,6729,7.046397002711602e-08
0,6730,4.280165359538433e-08
0,6731,3.1307931926299236e-08
0,6732,458.00631926582787
0,6733,307.1882139578458
0,6734,254.1815662403809
0,6735,2.8170933929090445e-08
0,6736,3.235657010297179e-08
0,6737,3.793776440689882e-08
0,6738,4.57514361742339e-08
0,6739,5.747108877254066e-08
0,6740,7.70010912432451e-08
0,6741,1.1605461837905736e-07
0,6742,2.3305764355402913e-07
0,6743,194.73924946255755
0,6744,200.84771771144622
0,6745,219.59421540062183
0,6746,267.7905557833669
0,6747,373.20771761441307
0,6748,1.7150494600369975e-08
0,6749,1.71522863386704e-08
0,6750,1.715342430116685e-08
0,6751,1.7154164849943123e-08
0,6752,1.7154774623984686e-08
0,6753,1.715544885744021e-08
0,6754,1.715593308248295e-08
0,6755,1.7156302334549753e-08
0,6756,1.7156599514426218e-08
0,6757,1.7156828938141622e-08
0,6758,1.7156977170835238e-08
0,6759,1.715704241293475e-08
0,6760,1.715686755518345e-08
0,6761,1.715677044506172e-08
0,6762,1.7156747676406135e-08
0,6763,1.715681164141713e-08
0,6764,1.715691563042895e-08
0,6765,1.7156789642836466e-08
0,6766,1.7156581278216827e-08
0,6767,1.71563201821201e-08
0,6768,1.715600230333677e-08
0,6769,1.715557311197279e-08
0,6770,1.7155091949828293e-08
0,6771,1.8218619430059783e-08
0,6772,2.0345152806224524e-08
0,6773,2.300366759810891e-08
0,6774,2.6422027103753743e-08
0,6775,3.09801723493298e-08
0,6776,3.736187458472064e-08
0,6777,4.6934360871544014e-08
0,6778,6.288704386377071e-08
0,6779,9.47863853827856e-08
0,6780,364.62839968562895
0,6781,357.59063095117506
0,6782,381.361632997721
0,6783,434.8567950567818
0,6784,1.715021283297627e-08
0,6785,1.7150943907363766e-08
0,6786,1.71513796072476e-08
0,6787,1.7151650192169933e-08
0,6788,1.7151823596175524e-08
0,6789,1.7151863535981273e-08
0,6790,1.7151786287294767e-08
0,6791,1.715157618001326e-08
0,6792,1.8214424138854015e-08
0,6793,2.034057552473178e-08
0,6794,2.299850769983325e-08
0,6795,2.641609532618637e-08
0,6796,3.097312650003354e-08
0,6797,3.7353057980027415e-08
0,6798,4.6922506496816624e-08
0,6799,6.286977251562104e-08
0,6800,9.475561714505584e-08
0,6801,42.44064048283941
0,6802,259.60206624851185
0,6803,252.83072554535926
0,6804,262.5374095002225
0,6805,308.926791408882
0,6806,443.61658655057016
0,6807,1.852179367470714e-08
0,6808,1.9327773691819053e-08
0,6809,1.9997543608403333e-08
0,6810,2.0605143410384056e-08
0,6811,2.117988736876966e-08
0,6812,2.173676796882041e-08
0,6813,2.22824968669304e-08
0,6814,2.2823612295515093e-08
0,6815,2.336440605535224e-08
0,6816,2.3908193106459617e-08
0,6817,2.4457733870926295e-08
0,6818,2.5015422212193623e-08
0,6819,2.5583447110287083e-08
0,6820,2.6163899425606395e-08
0,6821,2.6758786178464442e-08
0,6822,2.7369897540974013e-08
0,6823,1.6837972554049e-08
0,6824,1.891240258942718e-08
0,6825,2.152876235429066e-08
0,6826,2.494084683208166e-08
0,6827,2.9580222770484186e-08
0,6828,2.9985305484303034e-08
0,6829,3.039965573513976e-08
0,6830,3.082374862544484e-08
0,6831,3.1257923723635453e-08
0,6832,1.6317183573261233e-08
0,6833,1.631776207338271e-08
0,6834,1.6318043430781976e-08
0,6835,1.631823038765015e-08
0,6836,1.8111934860603443e-08
0,6837,2.0323411151923775e-08
0,6838,2.3118175702960486e-08
0,6839,3.170511458874695e-08
0,6840,3.17066526212589e-08
0,6841,3.170641999969596e-08
0,6842,3.170616310588215e-08
0,6843,3.170588267591959e-08
0,6844,3.170558532350929e-08
0,6845,3.170522226530315e-08
0,6846,3.170308511691439e-08
0,6847,1.810982886330144e-08
0,6848,2.032067876010988e-08
0,6849,2.3114636123482986e-08
0,6850,2.6757345006351966e-08
0,6851,3.170341314757055e-08
0,6852,3.170329199069167e-08
0,6853,3.170295498382408e-08
0,6854,3.17025570545556e-08
0,6855,3.17020114444287e-08
0,6856,1.6317442066601898e-08
0,6857,1.8108882841316867e-08
0,6858,2.0318999900828468e-08
0,6859,2.3111768988581636e-08
0,6860,2.6752850754318587e-08
0,6861,3.169438686544471e-08
0,6862,3.16943140624174e-08
0,6863,4.464072824354135e-08
0,6864,5.981033208523316e-08
0,6865,9.013671707052003e-08
0,6866,1.8101592867312503e-07
0,6867,148.74957309266338
0,6868,138.72403979615854
0,6869,133.15481047258785
0,6870,3.16856100387841e-08
0,6871,3.168398644183291e-08
0,6872,3.1683790676255766e-08
0,6873,3.1683844243862795e-08
0,6874,3.877623870975934e-08
0,6875,4.98190502344674e-08
0,6876,6.938304993569903e-08
0,6877,1.1352521567412424e-07
0,6878,3.168561020294925e-08
0,6879,3.168317189829802e-08
0,6880,3.168288331337668e-08
0,6881,3.168268518904317e-08
0,6882,3.168255002877505e-08
0,6883,3.168247228268369e-08
0,6884,3.168320371011791e-08
0,6885,3.877625987697039e-08
0,6886,4.9819521694869316e-08
0,6887,6.938467406566095e-08
0,6888,1.1353292169183295e-07
0,6889,3.070224185873949e-07
0,6890,111.5079667551957
0,6891,112.31948316735082
0,6892,115.17791038482454
0,6893,3.168689257646896e-08
0,6894,3.1684397330271796e-08
0,6895,3.168508477877961e-08
0,6896,3.1685841657988576e-08
0,6897,3.168679432639674e-08
0,6898,3.168772047363073e-08
0,6899,3.1688606083389137e-08
0,6900,3.1689520473199344e-08
0,6901,3.169040355310412e-08
0,6902,3.1691193865513275e-08
0,6903,3.16919223845074e-08
0,6904,3.169201598178021e-08
0,6905,2.0317638490783033e-08
0,6906,2.3110777030692516e-08
0,6907,2.6752307965814285e-08
0,6908,3.1696353303219853e-08
0,6909,3.169741731059205e-08
0,6910,3.169837761800412e-08
0,6911,3.1699374071978006e-08
0,6912,3.170039368374119e-08
0,6913,3.1701405338520913e-08
0,6914,3.17022987841574e-08
0,6915,3.170308359419987e-08
0,6916,3.170381416727261e-08
0,6917,3.1704547143286346e-08
0,6918,3.1705222372164826e-08
0,6919,3.168384638446413e-08
0,6920,1.8114172050515392e-08
0,6921,2.032650796634109e-08
0,6922,2.31226331309175e-08
0,6923,2.6768381875873437e-08
0,6924,3.171011712859592e-08
0,6925,3.171099154803943e-08
0,6926,3.171120208025026e-08
0,6927,1.6319937482727425e-08
0,6928,1.631998035486637e-08
0,6929,1.6319993004307326e-08
0,6930,1.6319945779594714e-08
0,6931,1.8110857461769097e-08
0,6932,2.032353425266873e-08
0,6933,2.3118180698933604e-08
0,6934,2.676169570158465e-08
0,6935,3.170982037905285e-08
0,6936,3.1709773845674976e-08
0,6937,3.170921428373636e-08
0,6938,3.170864486277131e-08
0,6939,3.170805674141604e-08
0,6940,3.170744826800373e-08
0,6941,3.1706817012156304e-08
0,6942,3.1706140180010474e-08
0,6943,3.1705393648877664e-08
0,6944,3.170466839304747e-08
0,6945,3.170416169573953e-08
0,6946,3.1703760033813694e-08
0,6947,3.170321409373358e-08
0,6948,3.170266105937983e-08
0,6949,3.17020788530928e-08
0,6950,3.1701411936321426e-08
0,6951,3.170052151139078e-08
0,6952,1.6317621748432835e-08
0,6953,1.63169386636287e-08
0,6954,1.773711568163697e-08
0,6955,1.926580767845065e-08
0,6956,2.0929403051952046e-08
0,6957,2.2750003756891727e-08
0,6958,2.4753202425646366e-08
0,6959,2.334004291050244e-08
0,6960,2.9344639893954036e-08
0,6961,3.2002603324544156e-08
0,6962,3.504572278454238e-08
0,6963,3.8628867964669454e-08
0,6964,4.300093620868378e-08
0,6965,4.8574443348686606e-08
0,6966,5.607282851574088e-08
0,6967,6.688244749467032e-08
0,6968,8.403913680483466e-08
0,6969,1.1576721920570916e-07
0,6970,543.6982117016723
0,6971,401.06436188444826
0,6972,361.0568924237189
0,6973,392.13101634496826
0,6974,577.6050726166517
0,6975,1.715173901468075e-08
0,6976,1.715484815017484e-08
0,6977,1.7156838845774197e-08
0,6978,1.7158260570965657e-08
0,6979,1.7159297109171185e-08
0,6980,1.7160805964156042e-08
0,6981,1.716183985431635e-08
0,6982,1.7162732643631048e-08
0,6983,1.716354188092465e-08
0,6984,1.716427179874287e-08
0,6985,1.716493823040831e-08
0,6986,1.7165536204501647e-08
0,6987,1.7166075861260868e-08
0,6988,1.71665625231022e-08
0,6989,1.716699643804028e-08
0,6990,1.716733340098074e-08
0,6991,1.715745924672161e-08
0,6992,1.715769449352764e-08
0,6993,1.7167368645892926e-08
0,6994,1.7168645871691872e-08
0,6995,1.716892436007196e-08
0,6996,1.716914809397568e-08
0,6997,1.7169313773162764e-08
0,6998,1.7169424964804053e-08
0,6999,1.71689388300781e-08
0,7000,1.7159008107472365e-08
0,7001,1.7159060290451576e-08
0,7002,1.7159113124487414e-08
0,7003,1.7159200997531894e-08
0,7004,1.716971957960048e-08
0,7005,1.716979737022883e-08
0,7006,1.7170368978951234e-08
0,7007,2.1389623614572872e-08
0,7008,2.4335904500715622e-08
0,7009,2.8178975665627784e-08
0,7010,3.3401667981100243e-08
0,7011,4.0909251058098516e-08
0,7012,5.262062412182239e-08
0,7013,7.344107712401393e-08
0,7014,1.7169038166351492e-08
0,7015,1.716883723862692e-08
0,7016,1.7168705802837205e-08
0,7017,1.716855929101977e-08
0,7018,1.7168473564593947e-08
0,7019,1.7168596169631506e-08
0,7020,1.7168280591328678e-08
0,7021,1.7167823133553675e-08
0,7022,1.7167388283650465e-08
0,7023,1.716703447615203e-08
0,7024,1.7166658025968747e-08
0,7025,1.716625871601285e-08
0,7026,1.7165841892857948e-08
0,7027,1.716543108838713e-08
0,7028,1.7164982037298933e-08
0,7029,1.7164483608194682e-08
0,7030,1.7163937405432708e-08
0,7031,1.716377736639746e-08
0,7032,1.90507914296264e-08
0,7033,2.1377833220604514e-08
0,7034,2.4318930941611566e-08
0,7035,2.8153853834183667e-08
0,7036,3.336295935888232e-08
0,7037,4.0844805472064485e-08
0,7038,1.715828231350859e-08
0,7039,1.7157366048936644e-08
0,7040,1.7156360976046766e-08
0,7041,1.7155155473216638e-08
0,7042,1.71535692208605e-08
0,7043,1.7151130525123993e-08
0,7044,8.197562487060662e-08
0,7045,5.733534986388178e-08
0,7046,4.8858523605204264e-08
0,7047,4.4125742444825835e-08
0,7048,4.072347992177728e-08
0,7049,3.775285343662161e-08
0,7050,3.4701247544183765e-08
0,7051,3.108822782862456e-08
0,7052,2.5955073005589805e-08
0,7053,1381.8263284879488
0,7054,1199.0153296501344
0,7055,1119.446718200865
0,7056,1092.5748119358414
0,7057,1086.4514909029729
0,7058,1093.7983355840788
0,7059,1123.8472002626754
0,7060,1207.826882333243
0,7061,1354.9386832955433
0,7062,2.3344564572538932e-08
0,7063,2.590831134003906e-08
0,7064,2.9072407845049015e-08
0,7065,3.30700316001118e-08
0,7066,3.82817229486283e-08
0,7067,388.40705335353726
0,7068,355.3414783511
0,7069,402.7826380286185
0,7070,2.1006802056536267e-07
0,7071,1.7150006746306052e-08
0,7072,1.715146369638584e-08
0,7073,1.7152339988764885e-08
0,7074,1.7152972541548502e-08
0,7075,1.7153549928218065e-08
0,7076,1.9039485353843913e-08
0,7077,2.1365295718138585e-08
0,7078,2.430490362405197e-08
0,7079,2.81380746744496e-08
0,7080,3.334491070399262e-08
0,7081,4.0824452452386606e-08
0,7082,5.247950161823325e-08
0,7083,7.315669100868983e-08
0,7084,1.7156681420940124e-08
0,7085,1.7156593492902877e-08
0,7086,1.715669734859171e-08
0,7087,1.715664288375656e-08
0,7088,1.7156595787596446e-08
0,7089,1.715665125014154e-08
0,7090,1.7156759940460654e-08
0,7091,1.715680586526907e-08
0,7092,1.7156696035399262e-08
0,7093,1.7156452740828168e-08
0,7094,1.7156142715978273e-08
0,7095,1.7155948269560078e-08
0,7096,1.7155666552646148e-08
0,7097,1.7155266403632967e-08
0,7098,1.7154785047155394e-08
0,7099,1.7154148866760057e-08
0,7100,1.7153325849283946e-08
0,7101,1.7152181017299472e-08
0,7102,1.715067541838719e-08
0,7103,4.812126802387879e-08
0,7104,4.599571306646591e-08
0,7105,4.4976616163734304e-08
0,7106,4.4648010888236707e-08
0,7107,4.482989890651479e-08
0,7108,4.545325361336321e-08
0,7109,4.651678741015994e-08
0,7110,4.8073733639931613e-08
0,7111,5.023564341559563e-08
0,7112,5.319175706741306e-08
0,7113,5.7250568052021067e-08
0,7114,6.292892784972849e-08
0,7115,487.6267648648008
0,7116,373.98708339058294
0,7117,325.5402442441733
0,7118,351.2949755813975
0,7119,450.00608040346833
0,7120,1.9403550594407636e-08
0,7121,1.9403927939152577e-08
0,7122,1.940395411328041e-08
0,7123,1.9403613655980066e-08
0,7124,1.9404302867790247e-08
0,7125,8.109271250127895e-08
0,7126,4.5480448482420883e-08
0,7127,3.107009274210329e-08
0,7128,1016.7133172930875
0,7129,1303.0877798772206
0,7130,1162.1884795358155
0,7131,1099.9202376739458
0,7132,1082.8960985768733
0,7133,1076.4904363855883
0,7134,1074.4686816246651
0,7135,1071.5496454157321
0,7136,1074.039548103902
0,7137,1077.3583295539727
0,7138,1085.480992980383
0,7139,1111.2892473026404
0,7140,1189.477722295839
0,7141,1400.9014089170525
0,7142,5.341643156842876e-08
0,7143,1.715104725590687e-08
0,7144,1.715351620967619e-08
0,7145,1.7155102255779806e-08
0,7146,1.715630140557145e-08
0,7147,1.7157278389994988e-08
0,7148,1.715812825916769e-08
0,7149,1.7158858613516197e-08
0,7150,1.7159499337016793e-08
0,7151,1.716007361253434e-08
0,7152,1.716057631038649e-08
0,7153,1.7161024957267177e-08
0,7154,1.7161385364341505e-08
0,7155,1.716170284436205e-08
0,7156,1.7161973601316776e-08
0,7157,1.716217553669207e-08
0,7158,1.716233091764242e-08
0,7159,1.7161805906289532e-08
0,7160,1.7161651144435565e-08
0,7161,1.7161745062615276e-08
0,7162,1.7161827002620865e-08
0,7163,1.716191721180593e-08
0,7164,1.7162466838752805e-08
0,7165,1.716278119382825e-08
0,7166,1.716253979640428e-08
0,7167,1.7162037059592004e-08
0,7168,1.716181612129681e-08
0,7169,1.7161648851209057e-08
0,7170,1.716178268644321e-08
0,7171,1.7162207219776504e-08
0,7172,1.7162070995587565e-08
0,7173,1.7162786609262247e-08
0,7174,2.4318884673405828e-08
0,7175,2.815537188074655e-08
0,7176,3.336718751438707e-08
0,7177,4.0855100665073405e-08
0,7178,5.2526308092768804e-08
0,7179,7.324124555164969e-08
0,7180,1.201802255749074e-07
0,7181,3.295311081580798e-07
0,7182,1.7159047717009803e-08
0,7183,1.7158644616510317e-08
0,7184,1.7158265585431198e-08
0,7185,1.7157866208346247e-08
0,7186,1.9042521136189905e-08
0,7187,2.1367790144157135e-08
0,7188,2.4306412997908883e-08
0,7189,2.813775436817488e-08
0,7190,3.33408102708106e-08
0,7191,1.7154837965247395e-08
0,7192,1.7154039899217223e-08
0,7193,1.7153166509382918e-08
0,7194,1.715200820045373e-08
0,7195,1.7150781164816193e-08
0,7196,4.3528632268330066e-08
0,7197,2.6233204545609093e-08
0,7198,1306.2910986165048
0,7199,1233.5427455210754
0,7200,1131.9684121162363
0,7201,1102.6738920835155
0,7202,1114.6052396869302
0,7203,1190.1876579291713
0,7204,1410.7250777306747
0,7205,3.694757653446108e-08
0,7206,1.7149593553903667e-08
0,7207,1.7150246883128155e-08
0,7208,1.7150739765626886e-08
0,7209,1.7151008430769374e-08
0,7210,1.7151420968374633e-08
0,7211,2.429819973571911e-08
0,7212,2.812824817570404e-08
0,7213,3.3329747488047444e-08
0,7214,4.079939692385251e-08
0,7215,5.24282293021963e-08
0,7216,1.7150837392594567e-08
0,7217,1.715063458406044e-08
0,7218,1.7150252533139457e-08
0,7219,1.7149462602664232e-08
0,7220,5.637994828337371e-08
0,7221,3.628171727769767e-08
0,7222,2.5707684778603643e-08
0,7223,659.0311346127735
0,7224,1239.7395955981165
0,7225,991.8033846931233
0,7226,919.428516502792
0,7227,924.9811787750276
0,7228,1006.9850022153695
0,7229,1265.1529380260513
0,7230,2.134493348976245e-08
0,7231,2.3689716290007827e-08
0,7232,2.6580897152841525e-08
0,7233,3.0236288848945196e-08
0,7234,3.500100197925671e-08
0,7235,457.8769692940565
0,7236,725.7645964269576
0,7237,1.3943789009201817e-07
0,7238,1.7149695111124552e-08
0,7239,1.7150429914943906e-08
0,7240,1.7150960024642312e-08
0,7241,1.715126823310459e-08
0,7242,1.715142573986369e-08
0,7243,1.715151999020229e-08
0,7244,1.715149192444321e-08
0,7245,1.7151627328192647e-08
0,7246,2.6418646134583748e-08
0,7247,3.0976982647124636e-08
0,7248,3.735891589394671e-08
0,7249,4.693243869750163e-08
0,7250,6.28898777028369e-08
0,7251,315.12168162424865
0,7252,71.48763374773206
0,7253,937.17189616396
0,7254,54.890446207401006
0,7255,1.7153170513405916e-08
0,7256,1.7154669222531875e-08
0,7257,1.715582226006671e-08
0,7258,1.7156745497661212e-08
0,7259,1.7157531061098836e-08
0,7260,1.7158256816952904e-08
0,7261,1.715888385612463e-08
0,7262,1.7159275707450593e-08
0,7263,1.715965014124145e-08
0,7264,1.715998638083949e-08
0,7265,1.7160285943334933e-08
0,7266,1.7160550836710858e-08
0,7267,1.7160782761314755e-08
0,7268,1.7160999273076752e-08
0,7269,1.7161178847409044e-08
0,7270,1.7161337100793806e-08
0,7271,1.7161513282952268e-08
0,7272,1.7161590503486787e-08
0,7273,1.7161653174963275e-08
0,7274,1.7161590183237182e-08
0,7275,1.7161504081812933e-08
0,7276,1.716140783464837e-08
0,7277,1.7161276038266566e-08
0,7278,1.716111496301187e-08
0,7279,1.7160924171205416e-08
0,7280,1.716071746208118e-08
0,7281,1.7160491946240368e-08
0,7282,1.7160228693038714e-08
0,7283,1.7159907204749843e-08
0,7284,1.7159571678421307e-08
0,7285,1.715923148233237e-08
0,7286,1.7158691171429932e-08
0,7287,1.7157992117733872e-08
0,7288,1.7157273510665083e-08
0,7289,1.7156463040044075e-08
0,7290,1.7155562122252236e-08
0,7291,1.7154461872247742e-08
0,7292,1.715376267909279e-08
0,7293,2.4160815057327578e-08
0,7294,2.775620930869506e-08
0,7295,3.254842395805028e-08
0,7296,3.9255020828467344e-08
0,7297,4.931083358616407e-08
0,7298,6.606208446274277e-08
0,7299,9.954155532456495e-08
0,7300,1.9986970283488478e-07
0,7301,839.0648734761891
0,7302,627.0006704962118
0,7303,257.6942976711495
0,7304,1.7219517906561562e-08
0,7305,1.7219575616695028e-08
0,7306,1.721927202073711e-08
0,7307,1.749048471409625e-08
0,7308,1.0011712315574021e-07
0,7309,6.45525134396408e-08
0,7310,5.448462718795862e-08
0,7311,4.943666129320957e-08
0,7312,4.6201961457112656e-08
0,7313,4.371881778852168e-08
0,7314,4.148277216810991e-08
0,7315,3.9159097350464694e-08
0,7316,3.645200760597718e-08
0,7317,3.296476595142248e-08
0,7318,2.7729799424463413e-08
0,7319,1344.8994530881591
0,7320,1212.5278124670776
0,7321,1121.096032749166
0,7322,1090.1899679675275
0,7323,1085.3795643012586
0,7324,1112.7958315779863
0,7325,1201.7752227057283
0,7326,1378.7176026830732
0,7327,2.553251034308264e-08
0,7328,2.553338145205034e-08
0,7329,2.5533402493680286e-08
0,7330,2.5532613411454347e-08
0,7331,2.706435368178179e-08
0,7332,818.364271555877
0,7333,848.1286108385626
0,7334,2.6570160149625886e-08
0,7335,2.9489334837335215e-08
0,7336,2.6570509137933756e-08
0,7337,2.6569234909943652e-08
0,7338,4.216060159584862e-08
0,7339,4.7794088864726975e-08
0,7340,5.501421259114492e-08
0,7341,6.464935459916937e-08
0,7342,7.821647030512263e-08
0,7343,94.49784117276748
0,7344,453.72119821608817
0,7345,311.48488776444896
0,7346,284.221126536578
0,7347,285.54588445863413
0,7348,326.4515173480126
0,7349,519.6330989707542
0,7350,1.8035828821201435e-08
0,7351,1.905970515001483e-08
0,7352,1.983478036195641e-08
0,7353,2.051935085999271e-08
0,7354,2.1159274655786645e-08
0,7355,2.1775327096431647e-08
0,7356,2.2379246284401778e-08
0,7357,2.297855599473671e-08
0,7358,1.6645256866541628e-08
0,7359,1.6644865164066458e-08
0,7360,1.6645033744839443e-08
0,7361,1.8473843322447652e-08
0,7362,2.0729340956122098e-08
0,7363,2.357982535819081e-08
0,7364,2.3580465948283715e-08
0,7365,3.233973894025701e-08
0,7366,3.958495010576588e-08
0,7367,5.086802981277023e-08
0,7368,7.08681013472537e-08
0,7369,1.1604643861397811e-07
0,7370,3.1489502477088796e-07
0,7371,476.1282990572492
0,7372,570.4020835057001
0,7373,262.1118606819469
0,7374,2.583792878312619e-08
0,7375,2.831605723752786e-08
0,7376,3.1158449607615016e-08
0,7377,3.455091756604268e-08
0,7378,3.877962632029106e-08
0,7379,4.434881574846318e-08
0,7380,5.227744790327376e-08
0,7381,6.508562148716153e-08
0,7382,9.177000877489132e-08
0,7383,1.8981804009015615e-08
0,7384,1.5434206512974678e-08
0,7385,1.5434039936173226e-08
0,7386,3.360039593548758e-08
0,7387,4.220096028644736e-08
0,7388,5.6526902220721304e-08
0,7389,63.9064406292601
0,7390,58.61706751766136
0,7391,54.708566921104904
0,7392,52.07233046740931
0,7393,50.083954315943316
0,7394,47.94692018332548
0,7395,46.05685031615455
0,7396,44.51352901847664
0,7397,43.236649265771405
0,7398,42.141850979988206
0,7399,41.03700311277516
0,7400,40.45720641492913
0,7401,40.46947779483713
0,7402,40.299182096075064
0,7403,40.289021760908895
0,7404,40.563398840253704
0,7405,40.32611503649696
0,7406,40.10536527064504
0,7407,40.04481951664364
0,7408,2.7843613386485563e-08
0,7409,3.356774983043003e-08
0,7410,4.216429816118706e-08
0,7411,5.6472895362057293e-08
0,7412,8.505384803471111e-08
0,7413,40.948085188005265
0,7414,42.64326422014049
0,7415,43.435899183084054
0,7416,44.3864117933241
0,7417,45.47193944728007
0,7418,46.69397070289043
0,7419,48.148563643825604
0,7420,49.911764506014386
0,7421,52.15661004890085
0,7422,54.63554007110917
0,7423,3.358896818600059e-08
0,7424,4.2190869792096096e-08
0,7425,5.652600081157243e-08
0,7426,8.517938385572087e-08
0,7427,63.034567072075816
0,7428,96.90093115488975
0,7429,120.94851444178934
0,7430,186.32846468914386
0,7431,1.5433866186334247e-08
0,7432,1.5434261558103628e-08
0,7433,1.5434355249048116e-08
0,7434,1.5434266411431315e-08
0,7435,1.5434459875924872e-08
0,7436,2.7880574036581897e-08
0,7437,3.3620070686329775e-08
0,7438,4.2228170445445846e-08
0,7439,156.99544399775013
0,7440,124.62127660811609
0,7441,108.39640871398754
0,7442,99.41253386267738
0,7443,93.62167449152241
0,7444,89.53973643253269
0,7445,86.87569935320028
0,7446,85.16351430885645
0,7447,84.44249342111003
0,7448,85.11555705281893
0,7449,87.25926741874248
0,7450,91.41725571460981
0,7451,98.39111553887082
0,7452,106.29462517962145
0,7453,117.03560187759642
0,7454,134.6113614684163
0,7455,179.80746803949557
0,7456,1.543409261089572e-08
0,7457,1.5434267024722132e-08
0,7458,1.5434220524066837e-08
0,7459,2.186285180640139e-08
0,7460,2.5306159046303476e-08
0,7461,2.9981026611504554e-08
0,7462,3.669212557452225e-08
0,7463,4.7140202240626683e-08
0,7464,81.65051074533821
0,7465,76.05285654180308
0,7466,70.25189516513923
0,7467,66.61957442856729
0,7468,63.39551808600884
0,7469,60.947639704056066
0,7470,59.01255352583395
0,7471,57.5101109211485
0,7472,56.64049991910398
0,7473,56.26342796177516
0,7474,56.14288311651994
0,7475,56.084394890411915
0,7476,56.22763134449732
0,7477,56.477133585312856
0,7478,56.87207526426284
0,7479,56.118101232875915
0,7480,2.0684924442625132e-08
0,7481,2.3757089537017377e-08
0,7482,2.7854206346134388e-08
0,7483,3.3589291327511424e-08
0,7484,4.218990381245336e-08
0,7485,5.6518597418440866e-08
0,7486,8.515628623026472e-08
0,7487,70.69431669330596
0,7488,75.19618530585954
0,7489,79.90348075195739
0,7490,86.30054944436718
0,7491,96.13435031504017
0,7492,113.1471561656074
0,7493,151.12960416593762
0,7494,203.6814533826717
0,7495,1.3087743009070914e-08
0,7496,1.3088241322712716e-08
0,7497,1.3088495945497364e-08
0,7498,1.3088697702731466e-08
0,7499,1.4527120223153947e-08
0,7500,1.630089740280348e-08
0,7501,1.8542493261869338e-08
0,7502,2.1464881478129458e-08
0,7503,1.3088834538134298e-08
0,7504,1.3088673122204643e-08
0,7505,1.3088512896896687e-08
0,7506,1.3088254296753638e-08
0,7507,1.3087923598456997e-08
0,7508,4.4064317332975615e-08
0,7509,3.451176082400523e-08
0,7510,2.949067077241075e-08
0,7511,399.14271805616283
0,7512,301.43411588676673
0,7513,249.9210240564477
0,7514,234.182825984037
0,7515,237.6697583597005
0,7516,263.74526087619904
0,7517,367.79988303303116
0,7518,221.65996933885805
0,7519,1.1050973691187056e-08
0,7520,1.1051328177714536e-08
0,7521,1.1051512711980388e-08
0,7522,1.105160703512147e-08
0,7523,1.1051726511126147e-08
0,7524,1.2266272952794665e-08
0,7525,1.3763896378005483e-08
0,7526,1.565649401389945e-08
0,7527,1.1052117327999572e-08
0,7528,1.1051467873064822e-08
0,7529,1.1051283290003096e-08
0,7530,1.1050999915335574e-08
0,7531,3.02698280044001e-08
0,7532,2.83665743738292e-08
0,7533,2.7170908203064565e-08
0,7534,2.6329218196770803e-08
0,7535,431.46638531672085
0,7536,267.5874711238225
0,7537,225.59088439731573
0,7538,210.64040364558775
0,7539,210.54279420642328
0,7540,228.04831452744335
0,7541,274.2461444560866
0,7542,427.43315783819116
0,7543,1.1385914546074464e-08
0,7544,1.1386296713249025e-08
0,7545,1.138653091008826e-08
0,7546,1.138666856732142e-08
0,7547,1.1386745671978444e-08
0,7548,1.1388631907054928e-08
0,7549,2.7086408791100774e-08
0,7550,1.1386834394698614e-08
0,7551,1.1386665281921176e-08
0,7552,1.13865196001757e-08
0,7553,1.1386288445805966e-08
0,7554,1.138587213591576e-08
0,7555,4.2193316506510556e-08
0,7556,2.8563413606486792e-08
0,7557,2.232685215603213e-08
0,7558,1.7238182382955702e-08
0,7559,395.92926404769906
0,7560,295.26317928052276
0,7561,245.64058011794788
0,7562,229.6337777961029
0,7563,232.53093878906878
0,7564,256.5095329238212
0,7565,333.9536352254929
0,7566,286.094647456066
0,7567,1.489487691431373e-08
0,7568,1.4895276632739406e-08
0,7569,1.4895387589362934e-08
0,7570,1.489534195390436e-08
0,7571,1.6531740980621175e-08
0,7572,1.8549455257370378e-08
0,7573,2.109903674625381e-08
0,7574,2.4422578473300502e-08
0,7575,2.8935312174793753e-08
0,7576,3.541076546055436e-08
0,7577,1.4895155423115783e-08
0,7578,4.542844140294433e-08
0,7579,4.671775411264071e-08
0,7580,4.93454919633319e-08
0,7581,155.292550746577
0,7582,98.43011716296184
0,7583,74.15848767444074
0,7584,62.637629163199925
0,7585,56.07027557038268
0,7586,51.20895190113112
0,7587,47.61322149781746
0,7588,44.863912974308654
0,7589,42.669855038381485
0,7590,40.781680389220455
0,7591,3.357211825058608e-08
0,7592,4.2159027223041476e-08
0,7593,5.645926543906138e-08
0,7594,8.501493325773846e-08
0,7595,1.7040242833340742e-07
0,7596,33.53636689899172
0,7597,32.95069393908429
0,7598,30.24951362701794
0,7599,2.374347839563198e-08
0,7600,1.54365484624782e-08
0,7601,1.543578812968382e-08
0,7602,3.701832759572072e-08
0,7603,4.1305294313147094e-08
0,7604,1.040266958764641e-07
0,7605,8.294947815872444e-08
0,7606,7.051567080265339e-08
0,7607,6.207203379161104e-08
0,7608,5.584605960879801e-08
0,7609,5.100138101240718e-08
0,7610,4.708452545139786e-08
0,7611,4.38257426546183e-08
0,7612,4.105310558002778e-08
0,7613,3.865082852948546e-08
0,7614,3.653809894807415e-08
0,7615,3.465535312616386e-08
0,7616,3.295897210288081e-08
0,7617,3.1414968137428035e-08
0,7618,2.999665891252731e-08
0,7619,2.8682161542053884e-08
0,7620,2.7464070730677358e-08
0,7621,2.6295148139058927e-08
0,7622,2.5185384714355096e-08
0,7623,2.412010623367288e-08
0,7624,2.3079743974959208e-08
0,7625,2.204443281865839e-08
0,7626,2.0984113488423507e-08
0,7627,1.983852130472993e-08
0,7628,1.8415448982279367e-08
0,7629,8.250073904960721e-08
0,7630,5.1749816634072074e-08
0,7631,4.114962843850678e-08
0,7632,3.4215979964578327e-08
0,7633,2.765680782014588e-08
0,7634,383.33332185401713
0,7635,357.07554551434674
0,7636,386.29041011265826
0,7637,2.17744284658185e-08
0,7638,2.1775506734603118e-08
0,7639,2.3431159100355313e-08
0,7640,2.4701082233234185e-08
0,7641,2.4853197429314326e-08
0,7642,480.5490480403595
0,7643,450.6357617322929
0,7644,417.101598339158
0,7645,478.4649139206422
0,7646,2.4050865626653895e-08
0,7647,2.4050581216984956e-08
0,7648,2.406281979494066e-08
0,7649,2.631379359700536e-08
0,7650,2.8903378850770082e-08
0,7651,3.194920940844496e-08
0,7652,3.560411238772744e-08
0,7653,4.009360908391709e-08
0,7654,4.5745253971731425e-08
0,7655,386.427817034402
0,7656,278.76784422002737
0,7657,231.3211120440542
0,7658,214.27290119518327
0,7659,212.71274780611344
0,7660,228.21403571649464
0,7661,274.5055278579974
0,7662,449.3335687030865
0,7663,1.715106094213987e-08
0,7664,1.7153568956613326e-08
0,7665,1.715521860883669e-08
0,7666,1.7156504572613966e-08
0,7667,1.715774279349098e-08
0,7668,1.715858313705652e-08
0,7669,1.715905201155155e-08
0,7670,1.7159599870354415e-08
0,7671,1.7160112804979203e-08
0,7672,1.7160535219591715e-08
0,7673,1.7160875110792836e-08
0,7674,1.7161374808095144e-08
0,7675,1.7161780218165486e-08
0,7676,1.7162128393890933e-08
0,7677,1.7187289315939448e-08
0,7678,2.1378305503922654e-08
0,7679,2.432179405587452e-08
0,7680,2.816078643854268e-08
0,7681,3.337702260562458e-08
0,7682,4.087300369338997e-08
0,7683,5.2561349525557274e-08
0,7684,7.332375883167179e-08
0,7685,1.7164729352036083e-08
0,7686,1.716456936324683e-08
0,7687,1.7164686414492642e-08
0,7688,1.7164825909878777e-08
0,7689,1.716498728597925e-08
0,7690,1.7165124915131572e-08
0,7691,1.7165221024775253e-08
0,7692,1.71652821923854e-08
0,7693,1.7165310547355412e-08
0,7694,1.716527522017261e-08
0,7695,1.7165214639353006e-08
0,7696,1.7165111544875742e-08
0,7697,1.7164951370836996e-08
0,7698,1.7164959334786456e-08
0,7699,1.7164883466058923e-08
0,7700,1.7164765587668497e-08
0,7701,1.716461884850742e-08
0,7702,1.7164648745182426e-08
0,7703,1.905249981807894e-08
0,7704,2.1380835309535017e-08
0,7705,2.432390951144457e-08
0,7706,2.816194647347768e-08
0,7707,3.33757516377762e-08
0,7708,1.716409361173196e-08
0,7709,1.71626827703921e-08
0,7710,1.716223038688994e-08
0,7711,1.71617553359052e-08
0,7712,1.716123096204286e-08
0,7713,1.716093392506763e-08
0,7714,1.7160453989291315e-08
0,7715,1.7160293059312933e-08
0,7716,1.9046991728035028e-08
0,7717,2.137311367671294e-08
0,7718,1.7157967509126213e-08
0,7719,1.7157021428286403e-08
0,7720,1.7156031691168593e-08
0,7721,1.7154852108397072e-08
0,7722,1.7153316345123657e-08
0,7723,1.7151171310116157e-08
0,7724,3.7865125226902027e-08
0,7725,2.5667707859777707e-08
0,7726,4.620925160364001e-08
0,7727,1405.5509659519878
0,7728,1191.4880744761085
0,7729,1115.046467779726
0,7730,1096.4974997550742
0,7731,1110.600225297257
0,7732,1179.1980002335624
0,7733,1387.4901542073947
0,7734,782.867406476516
0,7735,1.7150927647695594e-08
0,7736,1.7151954060770814e-08
0,7737,1.7153261552347844e-08
0,7738,1.7154328473943675e-08
0,7739,1.7155101671825128e-08
0,7740,1.9039048386951257e-08
0,7741,2.136476493888774e-08
0,7742,1.7156672345432716e-08
0,7743,1.715685093713225e-08
0,7744,1.7157190719164377e-08
0,7745,1.7157484892263615e-08
0,7746,1.7157745038080856e-08
0,7747,1.715801855309683e-08
0,7748,1.715835914292734e-08
0,7749,2.1371224669278986e-08
0,7750,2.431285822427376e-08
0,7751,2.8148381501320527e-08
0,7752,3.335995769458298e-08
0,7753,4.084624530930047e-08
0,7754,5.2512230571840864e-08
0,7755,7.322154534280536e-08
0,7756,1.7162523447279265e-08
0,7757,1.7159184569798833e-08
0,7758,1.7159116573039758e-08
0,7759,1.7158480705257176e-08
0,7760,1.7158079752795975e-08
0,7761,1.715896433981292e-08
0,7762,1.7158885461668804e-08
0,7763,1.715872669392498e-08
0,7764,1.7158525624434197e-08
0,7765,1.715825811578645e-08
0,7766,1.7157886068134838e-08
0,7767,1.7156579998116263e-08
0,7768,1.715606612343398e-08
0,7769,1.7155537636084884e-08
0,7770,1.7154974964427434e-08
0,7771,1.7155090460866344e-08
0,7772,1.715416344677206e-08
0,7773,1.7152844932995844e-08
0,7774,1.7150735760770408e-08
0,7775,8.845733212783241e-08
0,7776,6.057914838680274e-08
0,7777,5.180595018972083e-08
0,7778,4.7279615568845957e-08
0,7779,4.4343869202021955e-08
0,7780,4.20781096946264e-08
0,7781,4.0029929733136744e-08
0,7782,3.790033355642646e-08
0,7783,3.542183174079787e-08
0,7784,3.224817655637162e-08
0,7785,2.7611348648772644e-08
0,7786,183.8849345538691
0,7787,475.188884620032
0,7788,389.0939623920985
0,7789,382.13030111322223
0,7790,409.6827538632644
0,7791,2.3344962095902443e-08
0,7792,2.3344889464023226e-08
0,7793,2.527415337222539e-08
0,7794,2.7187450775196435e-08
0,7795,2.9008987269237626e-08
0,7796,3.059452462020622e-08
0,7797,3.171024212946956e-08
0,7798,3.1976264714228504e-08
0,7799,3.064889797044988e-08
0,7800,362.58092584581016
0,7801,217.54716592012605
0,7802,178.14053887513015
0,7803,160.31617653665955
0,7804,152.32579653477876
0,7805,149.15552900671565
0,7806,151.2815469376762
0,7807,6.941680482230731e-08
0,7808,9.300386028551853e-08
0,7809,1.401638366324478e-07
0,7810,2.81477530779384e-07
0,7811,212.90927660776032
0,7812,257.4604192405007
0,7813,433.8381798102717
0,7814,1.766848645487796e-08
0,7815,1.8232618942746445e-08
0,7816,1.8636478523425382e-08
0,7817,1.897706318710753e-08
0,7818,1.9282865166580002e-08
0,7819,1.9566114703456093e-08
0,7820,1.983341114504886e-08
0,7821,2.008923901895539e-08
0,7822,2.6535184564690844e-08
0,7823,3.181578575866479e-08
0,7824,3.962716288688804e-08
0,7825,5.237672431269362e-08
0,7826,7.694884251091333e-08
0,7827,1.442305037033275e-07
0,7828,1.1452963288964557e-06
0,7829,2.344718346352376e-08
0,7830,2.493067525481034e-08
0,7831,2.649177476249281e-08
0,7832,2.8167727651697336e-08
0,7833,3.000157898366289e-08
0,7834,3.204346505375301e-08
0,7835,3.4357754684329674e-08
0,7836,3.70330482920352e-08
0,7837,4.019685803715456e-08
0,7838,4.4043232726963526e-08
0,7839,1.5995295500983477e-08
0,7840,1.5995759818388734e-08
0,7841,1.5995709928658054e-08
0,7842,2.2660781437397378e-08
0,7843,2.6232133851311574e-08
0,7844,3.1086198139470455e-08
0,7845,4.889499297952511e-08
0,7846,4.889476312022132e-08
0,7847,4.8894972532786735e-08
0,7848,6.811929510439389e-08
0,7849,1.1155503645033933e-07
0,7850,3.025790055871669e-07
0,7851,595.9848633479622
0,7852,632.8922958976965
0,7853,5.216883071156264e-08
0,7854,5.6047492434180496e-08
0,7855,6.076369750498435e-08
0,7856,6.540892612394021e-08
0,7857,5.1854696469391215e-08
0,7858,8.450486015238975e-08
0,7859,9.986503154487552e-08
0,7860,1.2652410725029386e-07
0,7861,1.929959954536883e-07
0,7862,1.5434065679550924e-08
0,7863,1.6390178492005136e-08
0,7864,1.543463056934541e-08
0,7865,1.543462560265761e-08
0,7866,1.5434641104072053e-08
0,7867,2.7873401185435576e-08
0,7868,3.361348764063674e-08
0,7869,4.222256505134693e-08
0,7870,178.96819644844956
0,7871,167.38268939155319
0,7872,157.59299746753615
0,7873,153.71468884501624
0,7874,157.85860109529236
0,7875,165.17696323703032
0,7876,182.0544576538765
0,7877,222.00663662050235
0,7878,380.2519949173717
0,7879,1.5068600942159504e-08
0,7880,1.5069312271377214e-08
0,7881,1.506970515740644e-08
0,7882,1.5069944715681322e-08
0,7883,1.507007476101055e-08
0,7884,1.50703328233097e-08
0,7885,1.507037641959744e-08
0,7886,1.6726073407141858e-08
0,7887,1.5069642621939725e-08
0,7888,1.5069273954908415e-08
0,7889,1.5068585166260647e-08
0,7890,2.70910623059789e-08
0,7891,2.9845636395247667e-08
0,7892,3.311359423213586e-08
0,7893,3.7119515108489454e-08
0,7894,385.6501274179339
0,7895,249.68779505537813
0,7896,206.13340284614608
0,7897,188.50021341475136
0,7898,185.3807697826345
0,7899,189.6526622691707
0,7900,205.82547035785265
0,7901,248.1234039064662
0,7902,416.6017102960719
0,7903,2.3582913663176223e-08
0,7904,1.127316131470805e-08
0,7905,1.127357799928667e-08
0,7906,1.1273793187900193e-08
0,7907,1.1273916971070796e-08
0,7908,1.1274015186900864e-08
0,7909,1.127403950503382e-08
0,7910,1.2512807775129871e-08
0,7911,1.127397179915433e-08
0,7912,1.1273771195921304e-08
0,7913,1.1273550301963203e-08
0,7914,1.1273157207013302e-08
0,7915,2.271746023966038e-08
0,7916,2.3483687524423168e-08
0,7917,2.421511245826038e-08
0,7918,2.4931235341794184e-08
0,7919,425.5172907092425
0,7920,271.9711672960085
0,7921,228.15675909955274
0,7922,212.99521124150894
0,7923,212.9231413847538
0,7924,230.84773798845748
0,7925,279.81505160501706
0,7926,413.3291961604871
0,7927,1.1291362968264546e-08
0,7928,1.1291718468344874e-08
0,7929,1.1291891116077098e-08
0,7930,1.1292033730267345e-08
0,7931,1.8517932354643535e-08
0,7932,2.1942091032787863e-08
0,7933,2.6859167214115013e-08
0,7934,3.4517453826247546e-08
0,7935,1.129196728407323e-08
0,7936,1.1291877579252239e-08
0,7937,1.1291708395562896e-08
0,7938,1.1291378557839871e-08
0,7939,4.493156333710516e-08
0,7940,3.127754236234299e-08
0,7941,2.545956446914897e-08
0,7942,2.1325203313559907e-08
0,7943,1.717031004739626e-08
0,7944,459.3882423058849
0,7945,305.3996615857619
0,7946,263.3807557574678
0,7947,254.07670024598266
0,7948,269.5470973261996
0,7949,329.7924963590513
0,7950,1.463158193702674e-08
0,7951,1.4625203116794708e-08
0,7952,1.4625286385945764e-08
0,7953,1.4625133866298122e-08
0,7954,1.6230735539234038e-08
0,7955,1.8210376919043072e-08
0,7956,2.0711544652513546e-08
0,7957,2.3971346201798964e-08
0,7958,2.8396269453303586e-08
0,7959,3.4746774557129476e-08
0,7960,4.462958709899553e-08
0,7961,1.4626857513061567e-08
0,7962,5.499973542146485e-08
0,7963,5.3900377988889384e-08
0,7964,5.5926762498867736e-08
0,7965,6.083308989675334e-08
0,7966,6.963374945252276e-08
0,7967,201.42887723855904
0,7968,195.02196340899476
0,7969,149.254729878036
0,7970,127.08415297170612
0,7971,114.6587217156949
0,7972,107.37850374633956
0,7973,102.9425399687237
0,7974,100.36898964072505
0,7975,98.87887825760737
0,7976,97.30520517852402
0,7977,101.0622121770497
0,7978,106.54724388401637
0,7979,113.97096223394671
0,7980,127.52671768208968
0,7981,152.93479879217296
0,7982,215.53351846121237
0,7983,1.5434422481725875e-08
0,7984,1.5434804484992784e-08
0,7985,1.543499137800992e-08
0,7986,1.5434984788486613e-08
0,7987,1.5434849908239112e-08
0,7988,2.3774034317424885e-08
0,7989,2.7875114166388948e-08
0,7990,3.361631454710417e-08
0,7991,4.2227775067881065e-08
0,7992,194.11468249492685
0,7993,216.506318704223
0,7994,211.45135286330316
0,7995,225.8624307203495
0,7996,254.3880630338897
0,7997,336.7955188477129
0,7998,1.5434189315059968e-08
0,7999,1.5434340120692395e-08
0,8000,1.5434244530903327e-08
0,8001,1.9219830249612882e-08
0,8002,2.1863258426600598e-08
0,8003,2.53071583977128e-08
0,8004,179.4472095110933
0,8005,114.74651137260399
0,8006,4.7152205556360357e-08
0,8007,2.3767072799670756e-08
0,8008,2.7864418513393947e-08
0,8009,3.3603279089537013e-08
0,8010,4.221022649109258e-08
0,8011,5.654962328998969e-08
0,8012,102.86385684079352
0,8013,102.33084674955657
0,8014,101.65514841481608
0,8015,102.3596088008843
0,8016,103.93236710026035
0,8017,107.10601025640136
0,8018,112.62929640056764
0,8019,121.85662400747289
0,8020,138.4162407104828
0,8021,174.20734037920195
0,8022,299.23363568587854
0,8023,1.7394128712390196e-08
0,8024,1.6323001898736325e-09
0,8025,1.632300872159942e-09
0,8026,1.6323064307306492e-09
0,8027,1.6323096705194406e-09
0,8028,1.632312036961571e-09
0,8029,1.6323136019002572e-09
0,8030,1.63231262664918e-09
0,8031,1.632310801066809e-09
0,8032,1.6323077024644339e-09
0,8033,1.6323028209690896e-09
0,8034,1.6322941074077535e-09
0,8035,4.343084505109584e-08
0,8036,2.2764166773235888e-08
0,8037,1.6809108466300104e-08
0,8038,1.2617188758285686e-08
0,8039,442.73194629041996
0,8040,302.79831367143976
0,8041,256.2568538329712
0,8042,244.3664846404224
0,8043,254.25808714746705
0,8044,296.8912114162583
0,8045,478.25265863297204
0,8046,1.0427339208875046e-08
0,8047,1.1573463225555562e-08
0,8048,1.0427915888570254e-08
0,8049,1.0428088050376617e-08
0,8050,1.0428193575973965e-08
0,8051,1.0428252001240407e-08
0,8052,1.0428491340177802e-08
0,8053,3.187785184380901e-08
0,8054,1.0428219507088046e-08
0,8055,1.042812748126803e-08
0,8056,1.0427997471112692e-08
0,8057,1.0427789023871765e-08
0,8058,1.042744891847634e-08
0,8059,3.792626756969126e-08
0,8060,2.390761903367771e-08
0,8061,1.7408543084314722e-08
0,8062,2.1452286744002034e-08
0,8063,417.34829863568876
0,8064,301.8695636690118
0,8065,253.2887529876891
0,8066,239.43438636313482
0,8067,246.39967298394862
0,8068,281.4565041424623
0,8069,415.69310886490797
0,8070,120.06526802542221
0,8071,1.3640853019000675e-08
0,8072,1.3641007651238272e-08
0,8073,1.3640856546171228e-08
0,8074,1.4782414967581193e-08
0,8075,1.593864280447242e-08
0,8076,1.7087214361214456e-08
0,8077,1.817745804155656e-08
0,8078,1.913127449623182e-08
0,8079,1.983733509507756e-08
0,8080,2.013905094825594e-08
0,8081,1.9797774456682026e-08
0,8082,1.831868224325188e-08
0,8083,188.22352308382546
0,8084,101.23046958894084
0,8085,78.35034486954815
0,8086,67.10015420678323
0,8087,60.71710107064742
0,8088,62.94914391120455
0,8089,60.11034777866541
0,8090,57.009655921360945
0,8091,54.463827942807555
0,8092,52.38654550554581
0,8093,50.1740446134791
0,8094,43.54539029437819
0,8095,42.433283062012876
0,8096,41.764685633879004
0,8097,41.258718250916765
0,8098,40.80820330656275
0,8099,40.499893837468115
0,8100,40.49519349295074
0,8101,40.486997981355984
0,8102,40.32425797697838
0,8103,2.3750885949599444e-08
0,8104,2.784410797619614e-08
0,8105,3.3573667435906306e-08
0,8106,4.216462667515006e-08
0,8107,5.64727998245471e-08
0,8108,8.505182952349844e-08
0,8109,1.7053957992069517e-07
0,8110,41.95561294367722
0,8111,42.405828855633075
0,8112,42.91066361785728
0,8113,43.61537655899831
0,8114,44.43912058274886
0,8115,45.35084426040295
0,8116,46.47970389077308
0,8117,47.81488414493373
0,8118,49.46030590174746
0,8119,51.54225463006468
0,8120,54.23756494050906
0,8121,57.81573838771245
0,8122,62.75601643553149
0,8123,69.17135751624103
0,8124,78.85890414858855
0,8125,54.02805123837287
0,8126,1.5433612284252663e-08
0,8127,1.638307852452027e-08
0,8128,1.8293856990385702e-08
0,8129,2.0681665717124724e-08
0,8130,2.3752601723240772e-08
0,8131,2.7845912125114888e-08
0,8132,3.3574384824904446e-08
0,8133,4.216236953649412e-08
0,8134,5.646296719007105e-08
0,8135,50.39425136471969
0,8136,56.57737231374519
0,8137,54.086230385679
0,8138,52.32280932588225
0,8139,50.66757053711054
0,8140,49.375777093205876
0,8141,48.31995098747337
0,8142,47.404873899348225
0,8143,46.68282089486595
0,8144,46.168515791404154
0,8145,45.81420126181407
0,8146,45.588260109110735
0,8147,45.255143587313384
0,8148,45.49800970740723
0,8149,45.947668801119
0,8150,46.26129444316109
0,8151,45.14413577360978
0,8152,2.7848707083484993e-08
0,8153,3.358028592281311e-08
0,8154,4.2175399445453367e-08
0,8155,5.64926381963778e-08
0,8156,8.50965877429138e-08
0,8157,1.7069105312061787e-07
0,8158,53.703717187234915
0,8159,55.66520800982696
0,8160,57.67184905377883
0,8161,60.293465122872455
0,8162,63.80826108341767
0,8163,68.36576775319054
0,8164,74.7070137192131
0,8165,84.25662239387155
0,8166,101.03119259337936
0,8167,139.19052734195301
0,8168,1.543416079219617e-08
0,8169,1.543613271053537e-08
0,8170,1.7132760335585614e-08
0,8171,1.9224934287471746e-08
0,8172,2.18690755988992e-08
0,8173,2.5316486388075215e-08
0,8174,1.5436682610294616e-08
0,8175,1.5435076287092993e-08
0,8176,1.6391809833541196e-08
0,8177,1.54348763228108e-08
0,8178,2.0696309493797892e-08
0,8179,2.3772760755954843e-08
0,8180,2.7873559201586738e-08
0,8181,3.361456322888395e-08
0,8182,4.2225495331016285e-08
0,8183,5.6578556854260836e-08
0,8184,200.58792359682133
0,8185,188.70018057923224
0,8186,187.38557890312563
0,8187,195.2057599503017
0,8188,214.510572649667
0,8189,265.14543581357464
0,8190,363.8299355489786
0,8191,1.308787066702084e-08
0,8192,1.3088478471244932e-08
0,8193,1.3088823287786788e-08
0,8194,1.308904908157299e-08
0,8195,1.3089242919172702e-08
0,8196,1.308943013470949e-08
0,8197,1.3089395478718983e-08
0,8198,1.3089283197435876e-08
0,8199,1.3089117670563949e-08
0,8200,1.3088858082575502e-08
0,8201,1.3088518912455222e-08
0,8202,1.3088011835034465e-08
0,8203,2.3257319722390488e-08
0,8204,2.5239990991113883e-08
0,8205,2.7474073667083787e-08
0,8206,3.0061449957442164e-08
0,8207,3.317308977470232e-08
0,8208,495.7279118062773
0,8209,311.28045613409785
0,8210,269.6189669535823
0,8211,262.94131301830873
0,8212,287.9964063173357
0,8213,382.42307500141726
0,8214,265.56742616209664
0,8215,1.600374036236403e-08
0,8216,4.2811558492596283e-10
0,8217,4.2811612198799713e-10
0,8218,4.2811645171388894e-10
0,8219,4.2811665054984405e-10
0,8220,4.2811678315396367e-10
0,8221,4.281168800739087e-10
0,8222,4.281168058128891e-10
0,8223,4.281166739616759e-10
0,8224,4.2811646002312333e-10
0,8225,4.281161168686888e-10
0,8226,4.2811551922431703e-10
0,8227,3.969188998874021e-08
0,8228,2.0740988036164597e-08
0,8229,1.5291285227416623e-08
0,8230,1.1442955770227044e-08
0,8231,441.01513699364
0,8232,303.70305216346776
0,8233,256.8431932846221
0,8234,244.79979902230318
0,8235,254.39456363549772
0,8236,297.54583419970226
0,8237,477.253976339701
0,8238,1.3218083683789995e-08
0,8239,3.833462638825973e-08
0,8240,2.4559967680856295e-10
0,8241,2.455998702694058e-10
0,8242,2.455999816899196e-10
0,8243,2.456000477207436e-10
0,8244,2.4560008997826443e-10
0,8245,2.4560011943807034e-10
0,8246,2.456000971558893e-10
0,8247,2.456000512358774e-10
0,8248,2.455999791934753e-10
0,8249,2.455998648168165e-10
0,8250,2.455996806250287e-10
0,8251,3.218118714369483e-09
0,8252,4.6414207851671794e-08
0,8253,2.3008263091880672e-08
0,8254,1.5654018195886932e-08
0,8255,4.0721511112160806e-08
0,8256,459.6311303814417
0,8257,308.20547892281843
0,8258,265.4755885806136
0,8259,256.93481719769824
0,8260,273.4041114276931
0,8261,337.46738470086973
0,8262,1.799553191862382e-08
0,8263,1.270280886856783e-08
0,8264,1.27029533891836e-08
0,8265,1.2702960963174338e-08
0,8266,1.2702823257275747e-08
0,8267,1.2702930029192291e-08
0,8268,1.3765374303539919e-08
0,8269,1.4839733859982682e-08
0,8270,1.590421370720566e-08
0,8271,1.6910114854805163e-08
0,8272,1.7781768709534935e-08
0,8273,1.8410843201367e-08
0,8274,1.864320248785533e-08
0,8275,1.8236745091896174e-08
0,8276,1.6645934250038145e-08
0,8277,361.07888214517294
0,8278,215.66334062178282
0,8279,177.18272144606172
0,8280,159.6382126848864
0,8281,151.46870743182083
0,8282,149.10583268951495
0,8283,151.50182880644803
0,8284,160.0560262861055
0,8285,178.19318717801673
0,8286,219.80351168627033
0,8287,351.86330357871503
0,8288,1.8242244184258065e-08
0,8289,2.096102412765756e-08
0,8290,1.5371511325300025e-08
0,8291,1.53721313912764e-08
0,8292,1.53724769107133e-08
0,8293,1.5372656284078556e-08
0,8294,1.537270568806972e-08
0,8295,1.5372648683074244e-08
0,8296,1.5372524886368054e-08
0,8297,1.5372199264348336e-08
0,8298,1.537165778687316e-08
0,8299,2.161657316132739e-08
0,8300,2.4782875113276245e-08
0,8301,2.8981107481383466e-08
0,8302,3.481620301975586e-08
0,8303,4.347945774304526e-08
0,8304,5.771378152181995e-08
0,8305,410.5789411377954
0,8306,258.25509793209136
0,8307,219.85296975161344
0,8308,208.22332117358835
0,8309,205.61772099147464
0,8310,216.04968382057416
0,8311,245.7100149529383
0,8312,317.30627275434904
0,8313,1.5434916752282907e-08
0,8314,1.5435412018996426e-08
0,8315,1.5435722004162827e-08
0,8316,1.543591784917472e-08
0,8317,1.543601467625192e-08
0,8318,1.5435984032573474e-08
0,8319,1.5436233528831817e-08
0,8320,1.7131733719402058e-08
0,8321,1.5435412470334543e-08
0,8322,1.5435071285673454e-08
0,8323,2.5309591729552182e-08
0,8324,2.998425716031167e-08
0,8325,3.6694582681068744e-08
0,8326,93.03599134646576
0,8327,85.17008304442925
0,8328,75.571817620025
0,8329,69.28710428361663
0,8330,67.59110379127026
0,8331,64.20008135029845
0,8332,61.53244998705382
0,8333,59.02068416488825
0,8334,55.730528429605634
0,8335,54.192463430923915
0,8336,52.9627670931888
0,8337,52.63479237885236
0,8338,52.57112032255843
0,8339,52.60563951845178
0,8340,52.888640875013714
0,8341,53.27186912441048
0,8342,53.60548480045346
0,8343,2.3755902162067902e-08
0,8344,2.7851453729745305e-08
0,8345,3.358459130403961e-08
0,8346,4.218264826458593e-08
0,8347,5.65053219269695e-08
0,8348,8.512374764174191e-08
0,8349,1.707968956255986e-07
0,8350,62.48089415238708
0,8351,65.02897010502558
0,8352,67.92340078323687
0,8353,71.95780984808574
0,8354,77.00407614842851
0,8355,84.02045495282195
0,8356,94.83321322092166
0,8357,114.81662098912209
0,8358,169.0775464889626
0,8359,123.73326279437877
0,8360,1.308785593375686e-08
0,8361,1.3088440542608802e-08
0,8362,1.308875584504994e-08
0,8363,1.3088938095543866e-08
0,8364,1.3089044956573359e-08
0,8365,1.3089073091164031e-08
0,8366,1.3089086424785686e-08
0,8367,1.3089010357949005e-08
0,8368,1.3088784372098083e-08
0,8369,1.3088450001003902e-08
0,8370,1.3087953231360862e-08
0,8371,2.307278026927493e-08
0,8372,2.478514840923473e-08
0,8373,2.6632581671624507e-08
0,8374,2.8672190317229464e-08
0,8375,436.50621393894943
0,8376,289.86626168140214
0,8377,244.44716396785878
0,8378,230.56602852412922
0,8379,235.67702773619482
0,8380,270.5486075332112
0,8381,379.7222218495423
0,8382,1.3506681403937251e-08
0,8383,1.3506739627348966e-08
0,8384,1.3506980765216629e-08
0,8385,1.350710329753641e-08
0,8386,1.3507161469656891e-08
0,8387,2.2150383939737828e-08
0,8388,2.6246751561772295e-08
0,8389,3.212842173724281e-08
0,8390,1.3511465632551857e-08
0,8391,1.3506826363607468e-08
0,8392,1.3506594592089529e-08
0,8393,1.3506116407191302e-08
0,8394,4.387591055566778e-08
0,8395,3.043860517956497e-08
0,8396,2.326773283679878e-08
0,8397,5.652714078304604e-07
0,8398,2.8771847831174976e-07
0,8399,2.1532128620399158e-07
0,8400,1.7875807412662216e-07
0,8401,1.557937140819819e-07
0,8402,1.3966958753761733e-07
0,8403,1.2754877447140195e-07
0,8404,1.1800823295724525e-07
0,8405,1.1024438161375179e-07
0,8406,1.0376546130603018e-07
0,8407,9.824440291084427e-08
0,8408,9.347627118729766e-08
0,8409,8.930784229136367e-08
0,8410,8.561256365647977e-08
0,8411,8.230928535805666e-08
0,8412,7.933355801174771e-08
0,8413,7.663291617594802e-08
0,8414,7.416639346218652e-08
0,8415,2.290851532558665e-08
0,8416,2.630544911332521e-08
0,8417,3.082552910134786e-08
0,8418,3.7138013873516033e-08
0,8419,4.657639333145323e-08
0,8420,6.223340031785848e-08
0,8421,6.063922702226256e-08
0,8422,5.914688195343904e-08
0,8423,5.7746466682150456e-08
0,8424,5.642973163984738e-08
0,8425,5.518833040172119e-08
0,8426,5.401078807442327e-08
0,8427,5.289546646611992e-08
0,8428,5.183574560437118e-08
0,8429,5.082800327903345e-08
0,8430,4.986807406969065e-08
0,8431,4.895137267756799e-08
0,8432,3.0750322366471965e-08
0,8433,3.703210026415803e-08
0,8434,4.641420238381662e-08
0,8435,4.563223738363899e-08
0,8436,4.488088544581906e-08
0,8437,4.415811576400692e-08
0,8438,4.346105698578188e-08
0,8439,1.882721520087119e-08
0,8440,2.1087568775115937e-08
0,8441,2.3926022187244732e-08
0,8442,2.759859788895372e-08
0,8443,3.253853246087626e-08
0,8444,3.9538793330532384e-08
0,8445,3.8941384643898294e-08
0,8446,3.8363345154380905e-08
0,8447,3.780577599222135e-08
0,8448,4.747758385708603e-08
0,8449,6.358003261183487e-08
0,8450,9.574162412162969e-08
0,8451,1.9203994197227012e-07
0,8452,496.41373564979875
0,8453,86.01215527181888
0,8454,3.5325001747975684e-08
0,8455,3.5321919285433905e-08
0,8456,3.5319770273664315e-08
0,8457,3.5317777053764474e-08
0,8458,3.531587153701802e-08
0,8459,3.5313988381467036e-08
0,8460,3.531213798759191e-08
0,8461,3.5310121817890016e-08
0,8462,3.530801006541249e-08
0,8463,3.53059854854798e-08
0,8464,3.530406748966121e-08
0,8465,3.53021269843554e-08
0,8466,3.530026147452681e-08
0,8467,3.529843422600315e-08
0,8468,3.5296615993345615e-08
0,8469,3.529477870966349e-08
0,8470,3.52929565871054e-08
0,8471,3.529122269145166e-08
0,8472,3.528959370996962e-08
0,8473,3.528819949133287e-08
0,8474,3.528709876045083e-08
0,8475,3.5285123797987024e-08
0,8476,3.528298731298769e-08
0,8477,3.528077822116438e-08
0,8478,3.5278596580282974e-08
0,8479,3.527655807354299e-08
0,8480,3.527466367310108e-08
0,8481,3.5272829525080716e-08
0,8482,3.527100185861067e-08
0,8483,3.5269092143311634e-08
0,8484,3.5267337172034826e-08
0,8485,3.5265634728970916e-08
0,8486,3.526375588533263e-08
0,8487,3.5261595358400844e-08
0,8488,3.5252408362720315e-08
0,8489,2.1723264396228295e-08
0,8490,2.494615443466162e-08
0,8491,2.9241823994445755e-08
0,8492,3.5252405439751915e-08
0,8493,3.5251977893115854e-08
0,8494,3.525037789468214e-08
0,8495,3.524881498578831e-08
0,8496,3.524746630026145e-08
0,8497,3.524697554369683e-08
0,8498,3.524650503307635e-08
0,8499,3.524311826592517e-08
0,8500,3.524092373445592e-08
0,8501,3.523888445009903e-08
0,8502,3.52369950889204e-08
0,8503,3.523459367265567e-08
0,8504,1.6224080015720137e-08
0,8505,1.7661205373182008e-08
0,8506,1.923576141434923e-08
0,8507,2.099056401623885e-08
0,8508,2.2969762149019178e-08
0,8509,2.5230358132021516e-08
0,8510,2.605625397611322e-08
0,8511,2.4652036776590325e-08
0,8512,2.3303026247726666e-08
0,8513,2.1970584177646505e-08
0,8514,2.0591730687801477e-08
0,8515,1.9002193552093493e-08
0,8516,3.610490593600684e-08
0,8517,2.9762928772053912e-08
0,8518,2.3459595429415144e-08
0,8519,1311.1556044489444
0,8520,1182.2060081014038
0,8521,1082.9689820654455
0,8522,1050.791465285592
0,8523,1048.7588629013085
0,8524,1083.226996716136
0,8525,1189.8560302949213
0,8526,1306.3049036094349
0,8527,3.546975515092475e-08
0,8528,1.889561413057639e-08
0,8529,2.109474116753293e-08
0,8530,2.3023221250212568e-08
0,8531,2.4964807199686853e-08
0,8532,2.7036434076457155e-08
0,8533,2.932991947612366e-08
0,8534,3.194950653530394e-08
0,8535,3.503503754642733e-08
0,8536,3.879666149902609e-08
0,8537,1.7002344890286724e-08
0,8538,1.9541581461420714e-08
0,8539,2.2855388143940312e-08
0,8540,2.742964306887903e-08
0,8541,3.4194750800847036e-08
0,8542,4.527246533313613e-08
0,8543,6.682641029160784e-08
0,8544,7.358159595102982e-08
0,8545,8.255917953274572e-08
0,8546,9.534388421476956e-08
0,8547,1.1573273644799548e-07
0,8548,1.5634589236682172e-07
0,8549,3.171361292027492e-07
0,8550,1.3089584547882344e-08
0,8551,1.308812833525824e-08
0,8552,1.3088542098547279e-08
0,8553,1.3088824410257909e-08
0,8554,1.3089000906870576e-08
0,8555,1.3089094661649162e-08
0,8556,1.3089132217619594e-08
0,8557,1.3089119726531447e-08
0,8558,1.3089016035907312e-08
0,8559,1.3088819515428996e-08
0,8560,1.3088494471954804e-08
0,8561,1.3087976690151788e-08
0,8562,3.567396725457283e-08
0,8563,2.2239842246582172e-08
0,8564,258.5329050032394
0,8565,146.31504237106543
0,8566,115.02661311978515
0,8567,100.337707207434
0,8568,92.38700887155115
0,8569,88.10640590248768
0,8570,85.75803101364382
0,8571,86.95745450720176
0,8572,80.33818917236052
0,8573,76.93024581799237
0,8574,75.865697230998
0,8575,72.98709047944874
0,8576,8.516840343843473e-08
0,8577,1.709253375853576e-07
0,8578,78.46062289261644
0,8579,81.73875615777894
0,8580,85.43878986299886
0,8581,90.1839090839596
0,8582,90.6572790520889
0,8583,1.6387373587099926e-08
0,8584,1.5435112528956182e-08
0,8585,1.543381047887127e-08
0,8586,2.2938820280672017e-08
0,8587,2.565058868569809e-08
0,8588,2.8995000614683898e-08
0,8589,3.325020268223988e-08
0,8590,1.2420257413137971e-07
0,8591,1.0569896951524217e-07
0,8592,9.329052183549831e-08
0,8593,8.422876178350422e-08
0,8594,7.72330728168578e-08
0,8595,7.16181014064765e-08
0,8596,6.697979391091726e-08
0,8597,6.30622254076227e-08
0,8598,5.96943013141891e-08
0,8599,5.675683254660575e-08
0,8600,5.416389222952998e-08
0,8601,5.185174304994048e-08
0,8602,4.977240654155813e-08
0,8603,4.788788859705161e-08
0,8604,4.616923289429894e-08
0,8605,4.459171805213508e-08
0,8606,4.313612847650541e-08
0,8607,1.6721398056709805e-08
0,8608,1.824230716453905e-08
0,8609,1.9959037329335915e-08
0,8610,2.193045601605646e-08
0,8611,2.4231337004926534e-08
0,8612,2.696670069014871e-08
0,8613,3.0292048484193156e-08
0,8614,2.8734598693822233e-08
0,8615,2.72955963889273e-08
0,8616,2.594951710353113e-08
0,8617,2.4673114945656847e-08
0,8618,2.3442741671080057e-08
0,8619,2.223597178416332e-08
0,8620,1.1892412183008591e-07
0,8621,1.9487082884403115e-07
0,8622,7.450083389950969e-07
0,8623,1.922409022720356e-08
0,8624,1.892917293429882e-08
0,8625,1.8600709802625603e-08
0,8626,1.8211752773720927e-08
0,8627,1.767115263489886e-08
0,8628,1.5600178216563197e-07
0,8629,1.342015524442451e-07
0,8630,1.633728584524109e-07
0,8631,2.7791290289512147e-07
0,8632,10.61650345013006
0,8633,1.87280542224688e-08
0,8634,7.0857091161286e-08
0,8635,4.6959417179212896e-08
0,8636,3.638892948744306e-08
0,8637,2.7734103773095764e-08
0,8638,1267.003536243598
0,8639,1242.3281322108912
0,8640,1137.54685525052
0,8641,1096.4826548141618
0,8642,1082.3605599373288
0,8643,1077.6606616652964
0,8644,1076.3056044014247
0,8645,1075.3572566270982
0,8646,1075.1059084743222
0,8647,1074.061337560744
0,8648,1072.521168140961
0,8649,1072.8117549646367
0,8650,1074.9273273723002
0,8651,1077.0595580259499
0,8652,1086.8861148346077
0,8653,1117.7696684543369
0,8654,1195.2375510972047
0,8655,1369.0374626863556
0,8656,2.766784010389196e-08
0,8657,2.7375477737052312e-08
0,8658,2.7376653534172705e-08
0,8659,2.7376858903185787e-08
0,8660,2.737646922491946e-08
0,8661,3.0373900293225375e-08
0,8662,326.3417396701721
0,8663,320.37083172908416
0,8664,320.5875441577655
0,8665,366.64861106435745
0,8666,477.1869076946292
0,8667,1.0667230196014443e-07
0,8668,3.475168307216542e-07
0,8669,2.1936032251672973e-08
0,8670,3.407942664402025e-08
0,8671,7.56748843115776e-08
0,8672,1.3087850786525681e-08
0,8673,1.3088449032111713e-08
0,8674,1.3088761679683932e-08
0,8675,1.3088943436870951e-08
0,8676,1.3089076030903683e-08
0,8677,1.308946688418936e-08
0,8678,1.3089102960256257e-08
0,8679,1.3088965777458109e-08
0,8680,1.3088759502612746e-08
0,8681,1.3088440717256832e-08
0,8682,1.3087892258968091e-08
0,8683,2.7780955468308024e-08
0,8684,2.4996789225252184e-08
0,8685,2.2163170097060228e-08
0,8686,1.8610284200008782e-08
0,8687,310.98290150500105
0,8688,324.57449339324785
0,8689,258.2850132162257
0,8690,237.75916961364752
0,8691,237.86252093303025
0,8692,259.68906577775084
0,8693,331.0719317468177
0,8694,1.7965652165577152e-08
0,8695,1.5434796256398044e-08
0,8696,1.5435138347091315e-08
0,8697,1.5435327304083796e-08
0,8698,1.5435385033885367e-08
0,8699,1.54353355254093e-08
0,8700,1.6393731052452288e-08
0,8701,1.8307223112244513e-08
0,8702,2.069863711148023e-08
0,8703,2.3774249862617257e-08
0,8704,1.5435094118767918e-08
0,8705,1.543537919934963e-08
0,8706,4.2220718180200516e-08
0,8707,5.655297912377546e-08
0,8708,64.39573190134685
0,8709,73.61456781132348
0,8710,64.67270303150609
0,8711,59.52868396226123
0,8712,59.65480631309381
0,8713,56.999178890149715
0,8714,54.2286028580237
0,8715,51.99931213687727
0,8716,50.14977570864224
0,8717,47.92715231759567
0,8718,43.45557591371324
0,8719,42.378746338666495
0,8720,40.55874009332462
0,8721,40.875752985673714
0,8722,40.8616919991756
0,8723,40.70679905316116
0,8724,40.62706677576826
0,8725,40.57268733615469
0,8726,40.256120380969186
0,8727,3.356701557283173e-08
0,8728,4.215340913071928e-08
0,8729,5.645354261076289e-08
0,8730,8.501257189222724e-08
0,8731,1.7041609728750537e-07
0,8732,41.06466708420364
0,8733,42.23624257804249
0,8734,42.77494586297
0,8735,43.67013380871686
0,8736,47.09200609523611
0,8737,48.56495660971352
0,8738,49.83803574002927
0,8739,51.13365068932875
0,8740,51.00058620116087
0,8741,52.291581170990696
0,8742,54.94628929109846
0,8743,53.438082834160866
0,8744,5.650683481510512e-08
0,8745,8.513853018605761e-08
0,8746,1.7087420276396415e-07
0,8747,82.1619812393457
0,8748,109.27323422937091
0,8749,157.261425572401
0,8750,1.5434345556292553e-08
0,8751,1.5434711427339255e-08
0,8752,1.5434865415565844e-08
0,8753,1.5434810127729767e-08
0,8754,1.5434577928812555e-08
0,8755,2.3772151824646688e-08
0,8756,2.787195147344206e-08
0,8757,3.360999099734065e-08
0,8758,4.221480713372726e-08
0,8759,5.6554627430131235e-08
1,0,956.4233643354033
1,1,1289.1150915136734
1,2,1414.720555556347
1,3,1726.5184090465707
1,4,1712.936505605806
1,5,1655.2999120222498
1,6,1561.2952615586617
1,7,1433.2784673670167
1,8,1262.0370259581848
1,9,1311.5127666439712
1,10,1398.7421188812257
1,11,1421.7232634220454
1,12,1488.1658370077703
1,13,1495.4448861592805
1,14,1381.7352276404436
1,15,913.7339216164374
1,16,2.377288234327215e-08
1,17,2.7874416117162155e-08
1,18,3.361749502628727e-08
1,19,4.223308664102961e-08
1,20,5.659307540833763e-08
1,21,8.531675595960676e-08
1,22,393.56766106807794
1,23,1457.6961829250072
1,24,1597.4906705181272
1,25,1657.6305952214225
1,26,1680.5242963153876
1,27,1689.5516409518239
1,28,1699.4672864904906
1,29,1646.6608518506282
1,30,1383.360803409526
1,31,1.5433913952385615e-08
1,32,1.543388088390087e-08
1,33,1.5433889837217e-08
1,34,1.639099559446383e-08
1,35,1.8304358306619393e-08
1,36,2.069640697956857e-08
1,37,2.3772215694278385e-08
1,38,2.7873558937685153e-08
1,39,3.360766699773922e-08
1,40,1.5434035616051085e-08
1,41,1.54340930080322e-08
1,42,4.754834756691927e-08
1,43,4.367939432284968e-08
1,44,4.172757724489368e-08
1,45,3.2988406938620947e-08
1,46,2.719353892333663e-08
1,47,3.703394120160825e-08
1,48,3.49609964534007e-08
1,49,3.2961957380860216e-08
1,50,3.0762197007248664e-08
1,51,2.8064500424445e-08
1,52,1225.2882184727077
1,53,2.7897557800149366e-08
1,54,3.2695754096739816e-08
1,55,3.9431490280853766e-08
1,56,4.9536829748933605e-08
1,57,6.63800279841341e-08
1,58,1.0006779814924506e-07
1,59,2.0113056183518113e-07
1,60,3706.243547531189
1,61,6076.16996960458
1,62,2880.460598802639
1,63,1287.399991622737
1,64,1.809770857345955e-08
1,65,1.8097482205788198e-08
1,66,1.8097592553229018e-08
1,67,9.161307008782914e-08
1,68,5.569000391773691e-08
1,69,4.375798734223738e-08
1,70,3.5925819361694615e-08
1,71,2.8249011810974772e-08
1,72,13806.57540022549
1,73,20134.458078122152
1,74,22230.67476109958
1,75,23626.408052216713
1,76,25417.521231667746
1,77,27890.185881217305
1,78,29406.42149785273
1,79,25369.904645925333
1,80,20696.605366198706
1,81,20190.7402184915
1,82,18643.3306854178
1,83,17111.595536916528
1,84,16362.218852632213
1,85,14599.519469201561
1,86,7180.027233224214
1,87,3.544529278962284e-08
1,88,9.955787194501013e-08
1,89,1.8874588631065463e-08
1,90,2.115963497619934e-08
1,91,2.3168062170096524e-08
1,92,2.520322581223719e-08
1,93,2.7392362306261677e-08
1,94,2.984081128868242e-08
1,95,3.267256038999187e-08
1,96,3.6060937421122366e-08
1,97,4.027903505744295e-08
1,98,4.580304413034236e-08
1,99,5.357984403409641e-08
1,100,6.586756447167215e-08
1,101,9.01528318841729e-08
1,102,1.8533680186193875e-07
1,103,1.3087399322567571e-08
1,104,1.3087372710023955e-08
1,105,1.3087377104635867e-08
1,106,1.308742583876119e-08
1,107,1.3087426593545474e-08
1,108,1.3087747624463658e-08
1,109,1.3090914458219202e-08
1,110,1.3087486624942238e-08
1,111,1.3087453396127708e-08
1,112,1.3087448961523983e-08
1,113,1.3087448246523143e-08
1,114,3.365122439506578e-08
1,115,2.569825985746009e-08
1,116,1.986350697077936e-08
1,117,1875.5763260293354
1,118,5638.394730682355
1,119,8926.07184780501
1,120,11448.09576891805
1,121,11495.401598944934
1,122,11448.265591202624
1,123,11376.748741831449
1,124,11715.191666853585
1,125,10468.195116663299
1,126,789.7208242769187
1,127,1.4480079966918473e-08
1,128,1.4480032456359347e-08
1,129,1.4480034979656945e-08
1,130,1.4480054126472493e-08
1,131,1.6071118929685777e-08
1,132,1.803319856806605e-08
1,133,2.051264754556194e-08
1,134,2.3745026169707227e-08
1,135,1.4480264728702457e-08
1,136,1.4480077259430174e-08
1,137,1.4480076507017583e-08
1,138,3.746601391341187e-08
1,139,3.3547353372334414e-08
1,140,3.0595669943205527e-08
1,141,1571.0929149559267
1,142,3913.3321058317683
1,143,3167.708690625582
1,144,2853.141723966471
1,145,2559.4554167945917
1,146,2353.265449473264
1,147,4994.597998259173
1,148,7741.735695327052
1,149,3000.838463091857
1,150,1700.6228351791574
1,151,1196.1868248104229
1,152,1.5433921940814327e-08
1,153,1.543389553889223e-08
1,154,1.5434035722775542e-08
1,155,1.5433940431740077e-08
1,156,1.975069143949254e-08
1,157,2.126149916565625e-08
1,158,2.2799927218449234e-08
1,159,2.4344514657560393e-08
1,160,2.586524877500992e-08
1,161,2.733147619229763e-08
1,162,2.871588113036996e-08
1,163,3.63518213105602e-08
1,164,3.141260295136454e-08
1,165,3.2773561453847925e-08
1,166,3.4098582971985936e-08
1,167,3.5416510006540446e-08
1,168,5612.275136573684
1,169,12369.320427401704
1,170,13861.37621316123
1,171,13579.36842976405
1,172,9305.116681292102
1,173,8727.082382958615
1,174,2.0164902333080656e-08
1,175,2.0019722560773068e-08
1,176,2.0019673357750634e-08
1,177,2.001967232636266e-08
1,178,2.0019677736019892e-08
1,179,2.001966094009855e-08
1,180,2.0019701255282195e-08
1,181,2.0019725891072835e-08
1,182,2.001959717259192e-08
1,183,1.6880088499891295e-08
1,184,1.6879776391381007e-08
1,185,1.6879752348764152e-08
1,186,1.687975958282532e-08
1,187,1.687982724225522e-08
1,188,1.8734386336596002e-08
1,189,2.001954442095206e-08
1,190,2.001951987707127e-08
1,191,2.001946641599388e-08
1,192,2.0019405857851042e-08
1,193,2.0019328924907926e-08
1,194,2.0019247941910654e-08
1,195,2.001916551694821e-08
1,196,2.0019080344912228e-08
1,197,2.0018980747088614e-08
1,198,2.0018838576060924e-08
1,199,2.001783092795033e-08
1,200,1.68799013789359e-08
1,201,1.8649241542304716e-08
1,202,1.982335794501616e-08
1,203,1.972243780804314e-08
1,204,1.9619549086550956e-08
1,205,1.9514471777263756e-08
1,206,1.9406872143681056e-08
1,207,1.9296460507751614e-08
1,208,1.918279002096089e-08
1,209,1.906531916125436e-08
1,210,1.8943508871412888e-08
1,211,1.8816307020919705e-08
1,212,1.8682608577703512e-08
1,213,1.8540587124952465e-08
1,214,1.8388886249034704e-08
1,215,2.902940701303807e-08
1,216,3.403300703273528e-08
1,217,4.1025900927319436e-08
1,218,5.1496345144831656e-08
1,219,6.891418143222818e-08
1,220,1.0367645263733563e-07
1,221,2.0771469048662156e-07
1,222,6559.695580013959
1,223,1833.4264998291094
1,224,1.715290421817691e-08
1,225,1.715280343603183e-08
1,226,1.7152741905918686e-08
1,227,1.715271164375574e-08
1,228,1.7152794434240005e-08
1,229,1.7152802338527852e-08
1,230,1.7152569122422327e-08
1,231,1.7152463281112083e-08
1,232,1.7152388289653185e-08
1,233,1.7152296749149167e-08
1,234,1.7152229367603674e-08
1,235,1.7152159655762123e-08
1,236,1.7152113135652174e-08
1,237,1.7152077802065803e-08
1,238,1.715201517658998e-08
1,239,1.715198554970852e-08
1,240,1.7152009681033442e-08
1,241,1.7151900308886686e-08
1,242,1.7151841604258613e-08
1,243,1.7151779451769376e-08
1,244,1.7151703348467927e-08
1,245,1.715156193155367e-08
1,246,1.7151476246707e-08
1,247,1.715128060022269e-08
1,248,1.715115001277374e-08
1,249,1.715105210859928e-08
1,250,1.715096806727097e-08
1,251,1.715089546624408e-08
1,252,1.715089234004537e-08
1,253,1.7150918592269643e-08
1,254,1.715060425937291e-08
1,255,1.7150354760942773e-08
1,256,1.7150170120882506e-08
1,257,1.7150043966255126e-08
1,258,1.7149859613454225e-08
1,259,1.7150015963356054e-08
1,260,2.8121781998534867e-08
1,261,3.3319701904975464e-08
1,262,4.0783110760360755e-08
1,263,5.24061827991183e-08
1,264,2792.98202337707
1,265,6945.171652821729
1,266,8050.058695766776
1,267,25549.625367301087
1,268,23728.494020230955
1,269,16049.233835254145
1,270,291.4124273744411
1,271,1.7151238109716134e-08
1,272,1.7152441163787563e-08
1,273,1.7153394424441164e-08
1,274,1.7154199871736666e-08
1,275,1.715489562153667e-08
1,276,1.715555787014684e-08
1,277,1.7156154833147114e-08
1,278,1.715665020684428e-08
1,279,1.715712046621785e-08
1,280,1.7157687721068934e-08
1,281,1.7158150180258394e-08
1,282,1.715883835863417e-08
1,283,2.43143755961749e-08
1,284,2.81512410604439e-08
1,285,3.336410210515997e-08
1,286,4.08546158775974e-08
1,287,5.2533485611154756e-08
1,288,7.32913626014421e-08
1,289,1.2032642055202498e-07
1,290,3.345838990911334e-07
1,291,1209.9017647259504
1,292,2.400370525496316e-08
1,293,3.197629889675131e-08
1,294,4.673158894430424e-08
1,295,1.567994368147813e-08
1,296,1.5679825411851658e-08
1,297,1.5679822489864123e-08
1,298,1.5679826302196788e-08
1,299,1.5680463062555584e-08
1,300,1.952651147838527e-08
1,301,2.2211155300446285e-08
1,302,2.5709807126501113e-08
1,303,1.567992738544853e-08
1,304,1.5679903484552143e-08
1,305,1.5680045538230195e-08
1,306,4.100983819259286e-08
1,307,3.7035624260661976e-08
1,308,2.8490364005193168e-08
1,309,3.049304564198071e-08
1,310,2.6807741332268497e-08
1,311,2.2057413327507578e-08
1,312,16017.823204949149
1,313,27817.242657349074
1,314,33581.39740311198
1,315,35995.78428401245
1,316,34721.3401163116
1,317,30071.665857175463
1,318,12165.594484466485
1,319,1.9516854016397633e-08
1,320,1.9516846692855904e-08
1,321,2.1661259322996014e-08
1,322,2.4305797409917873e-08
1,323,2.7647734095843576e-08
1,324,3.200474782992228e-08
1,325,3.7921431387739934e-08
1,326,1.951782662212162e-08
1,327,1.951688919389955e-08
1,328,1.951687387349266e-08
1,329,1.9516884304262948e-08
1,330,1.9517068679191738e-08
1,331,5.9559846829344e-08
1,332,4.0105802300365e-08
1,333,2.884103187740831e-08
1,334,16009.756786290893
1,335,36995.95000092853
1,336,43234.448997948726
1,337,44388.474269390084
1,338,44005.35737379856
1,339,43138.029137825804
1,340,40442.0650134575
1,341,32259.247745472243
1,342,4.627785363165609e-08
1,343,1.714885954989348e-08
1,344,1.71490279960526e-08
1,345,1.9033907008146356e-08
1,346,2.135804880021213e-08
1,347,2.429507934065332e-08
1,348,2.81244024762358e-08
1,349,3.3324311994812196e-08
1,350,1.7151132819244968e-08
1,351,1.7149338270465507e-08
1,352,1.7149458462655177e-08
1,353,1.714950290092416e-08
1,354,1.7149595967046324e-08
1,355,1.7153062006323744e-08
1,356,2.8124693308437194e-08
1,357,3.3325164237377994e-08
1,358,4.07934946127826e-08
1,359,5.242997029839848e-08
1,360,669.1124056229238
1,361,58.91069284406709
1,362,3.249035019415626e-07
1,363,7435.107234417427
1,364,777.4445550981031
1,365,1.7872531112380794e-08
1,366,1.8265578399111513e-08
1,367,1.8575633154720877e-08
1,368,1.6978839631485093e-08
1,369,1.697883993005743e-08
1,370,1.697886482823516e-08
1,371,1.6980208142095915e-08
1,372,1.884590372032603e-08
1,373,1.8846012051269395e-08
1,374,1.697949173158007e-08
1,375,1.697882451710711e-08
1,376,1.6978816873021007e-08
1,377,1.6978960924448288e-08
1,378,1.8780643588283774e-08
1,379,1.8715881469577952e-08
1,380,1.864837389920271e-08
1,381,2.726238794671239e-08
1,382,3.196990517558343e-08
1,383,3.855919458181585e-08
1,384,4.844101854520013e-08
1,385,6.49075619667456e-08
1,386,9.783579113848318e-08
1,387,1.965564574886718e-07
1,388,3952.3371839211472
1,389,8016.169312898366
1,390,3035.7076320998844
1,391,1.810697685527689e-08
1,392,1.810679410243991e-08
1,393,1.8106765889297098e-08
1,394,1.8106803787357032e-08
1,395,1.8106747771170877e-08
1,396,1.810671891918565e-08
1,397,1.8106646652191286e-08
1,398,1.8106561947907226e-08
1,399,1.810648285944483e-08
1,400,1.8106366702818277e-08
1,401,1.8105891562481723e-08
1,402,1.810641836321204e-08
1,403,1.8106424923634682e-08
1,404,1.8106492845986995e-08
1,405,3.824339198630917e-08
1,406,4.841168024631999e-08
1,407,6.556373655914975e-08
1,408,1.0003847752474413e-07
1,409,2880.2023870038165
1,410,4829.990827061206
1,411,4868.431621567613
1,412,20807.894440034423
1,413,16060.196879252111
1,414,14219.716347544863
1,415,6511.015580609955
1,416,1.999203975781353e-08
1,417,2.145387217267284e-08
1,418,2.2826160956077474e-08
1,419,2.4196668072752403e-08
1,420,2.561267937652918e-08
1,421,2.71093140144663e-08
1,422,2.8719497956555297e-08
1,423,3.047948252192208e-08
1,424,3.2432626961397936e-08
1,425,1.9030449617400588e-08
1,426,2.2266208964825593e-08
1,427,2.670795002952792e-08
1,428,3.3251570994631443e-08
1,429,4.392069468691197e-08
1,430,4.704254872429735e-08
1,431,5.076343371995622e-08
1,432,5.531493444026008e-08
1,433,6.107530639228481e-08
1,434,6.871631434698998e-08
1,435,7.95791015475284e-08
1,436,9.687619026661559e-08
1,437,1.312804375527398e-07
1,438,2.671723163060022e-07
1,439,1.3087442006417868e-08
1,440,1.3087353411498029e-08
1,441,1.308735190634081e-08
1,442,1.3087359049408618e-08
1,443,1.3087356912654506e-08
1,444,1.3087389039701094e-08
1,445,1.3087553207645876e-08
1,446,1.3087510089249043e-08
1,447,1.3087609467938457e-08
1,448,1.3087473016236469e-08
1,449,1.3087403188346322e-08
1,450,1.3087444059093795e-08
1,451,2.293656140557143e-08
1,452,2.445516860089824e-08
1,453,2.6030404799879482e-08
1,454,2.7693137330848266e-08
1,455,580.2358819628683
1,456,8897.276923763879
1,457,11025.948062843761
1,458,11539.447247171602
1,459,11061.921014319203
1,460,24034.667406484474
1,461,17715.011395119836
1,462,327.15428128347565
1,463,1.3087397223233681e-08
1,464,1.3087396323129038e-08
1,465,1.3087402278023073e-08
1,466,1.308745255802757e-08
1,467,2.1460425476260833e-08
1,468,2.5428761929800178e-08
1,469,3.1126056252574294e-08
1,470,3.9998844146090396e-08
1,471,1.3087948205758531e-08
1,472,1.3087420203764395e-08
1,473,1.3087412633985105e-08
1,474,1.3087508342338457e-08
1,475,3.8009208648697476e-08
1,476,2.296943884423427e-08
1,477,185.73971530660037
1,478,4499.38600903495
1,479,5581.663576742197
1,480,5337.386763275856
1,481,5231.540477094764
1,482,4844.249318983779
1,483,4477.9772727724285
1,484,4022.181100927069
1,485,3232.9628486773054
1,486,2092.469454772813
1,487,5.364061742956774e-08
1,488,5.659146208129162e-08
1,489,8.53091949393832e-08
1,490,1.714548140641862e-07
1,491,1278.4013848549346
1,492,2474.095613277298
1,493,2489.999448141004
1,494,1810.5872588647871
1,495,1.830456424889421e-08
1,496,1.54341638e-08
1,497,1.5433921470245173e-08
1,498,2.787395488243336e-08
1,499,3.3617806773375374e-08
1,500,4.2233437694444464e-08
1,501,5.6594672604840565e-08
1,502,1126.6242902814467
1,503,2325.9389223930725
1,504,3225.7623768572735
1,505,5526.07848358721
1,506,6427.670679228569
1,507,6691.0820035219685
1,508,7002.568876947524
1,509,6429.686060569899
1,510,7005.4983359776525
1,511,1.792951547563006e-08
1,512,1.2256944176002816e-08
1,513,1.2256917038485119e-08
1,514,1.2256914818598112e-08
1,515,1.2256907556815248e-08
1,516,1.2256949573379765e-08
1,517,1.2258328211223231e-08
1,518,1.2256945081877448e-08
1,519,1.2256901095193917e-08
1,520,1.2257000773234939e-08
1,521,1.2256905854695764e-08
1,522,1.2256928618736715e-08
1,523,1.8879265867318117e-08
1,524,2.2136952194170835e-08
1,525,2.669801304663042e-08
1,526,3.354010349094122e-08
1,527,4.4944098374830575e-08
1,528,6.782179054525212e-08
1,529,3511.343009331452
1,530,7185.117372007046
1,531,23662.8762804825
1,532,21224.889701803724
1,533,14274.50573500626
1,534,4.242199782458051e-08
1,535,1.2034710050728772e-08
1,536,1.2034711265526484e-08
1,537,1.2034710543710418e-08
1,538,1.2034715513101947e-08
1,539,1.2034729966225026e-08
1,540,1.973749471256123e-08
1,541,2.3386976279037047e-08
1,542,2.862766842870034e-08
1,543,3.67888689978735e-08
1,544,1.2034725554818144e-08
1,545,1.2034710882147514e-08
1,546,1.2034730931461421e-08
1,547,2.76535341618578e-08
1,548,3.531069541834941e-08
1,549,2.770814874882295e-08
1,550,2.2834139475073125e-08
1,551,1.8209606617790682e-08
1,552,1167.2427978268115
1,553,6166.680429374827
1,554,9208.79665159838
1,555,11341.58203271159
1,556,11133.02747874904
1,557,9526.6612871145
1,558,3550.0787930328265
1,559,1.5433895048460152e-08
1,560,1.543381616900483e-08
1,561,1.5433810652601117e-08
1,562,1.712956897764788e-08
1,563,1.9220754182543506e-08
1,564,2.1863508135349014e-08
1,565,496.6252229846763
1,566,2.9988521350488576e-08
1,567,3.670481649211397e-08
1,568,1.830556600614138e-08
1,569,1.543776228826423e-08
1,570,1.544025649177739e-08
1,571,2.7876515949822744e-08
1,572,3.362057594087295e-08
1,573,4.2237507238869216e-08
1,574,5.660135325452636e-08
1,575,1355.7836341456482
1,576,2907.552382720499
1,577,6224.249727093388
1,578,6029.727583406225
1,579,5683.98335627275
1,580,5293.272600413593
1,581,4797.639016450181
1,582,4427.973511256402
1,583,3743.4814091103553
1,584,2765.928314622178
1,585,2065.192503071256
1,586,1842.0466742387089
1,587,1054.1317483277353
1,588,1596.7977231919124
1,589,2494.6869542414897
1,590,2327.484426542078
1,591,1.5440728389488862e-08
1,592,1.5433890531629856e-08
1,593,1.543391054690998e-08
1,594,1.5433889169280698e-08
1,595,1.5433983164935125e-08
1,596,2.530911289569797e-08
1,597,2.998819181040615e-08
1,598,3.670719304200537e-08
1,599,4.71735302777409e-08
1,600,1760.1047793883943
1,601,3496.8138821822536
1,602,3531.1495739449947
1,603,13575.410618373044
1,604,13483.74726846472
1,605,10355.998318257349
1,606,1.3179807771675236e-08
1,607,1.3087378855757901e-08
1,608,1.3087378742850103e-08
1,609,1.3087382781047492e-08
1,610,1.3087396818943161e-08
1,611,1.308741699054491e-08
1,612,1.308780521859935e-08
1,613,3.112571610321786e-08
1,614,1.3087687981882122e-08
1,615,1.3087430563053573e-08
1,616,1.3087392486457728e-08
1,617,1.3087383014870937e-08
1,618,1.3087422894088419e-08
1,619,4.4781401520537065e-08
1,620,2.933124590755729e-08
1,621,2.1623734382880753e-08
1,622,2.4709004843771363e-07
1,623,1.2526574878174803e-07
1,624,9.289380380741389e-08
1,625,7.643259892298269e-08
1,626,6.603913937771537e-08
1,627,5.8704193210184694e-08
1,628,5.316095460842059e-08
1,629,4.877220971850221e-08
1,630,4.517822474678639e-08
1,631,4.215701204443589e-08
1,632,2.6345181030520672e-08
1,633,2.970815575667311e-08
1,634,3.395853249890912e-08
1,635,3.318642564839456e-08
1,636,3.147789943295498e-08
1,637,2.992159378818385e-08
1,638,2.848875251717088e-08
1,639,2.7155639899519393e-08
1,640,2.590161385707438e-08
1,641,2.4707802225181256e-08
1,642,2.3555124295381063e-08
1,643,2.242023732209743e-08
1,644,2.1270563556956518e-08
1,645,2.0043958943259514e-08
1,646,1.8551494597929594e-08
1,647,1.1620220781313967e-07
1,648,9.074234969658722e-08
1,649,9.081684170837582e-08
1,650,4898.900513324467
1,651,10319.331539545987
1,652,13392.589682674576
1,653,37439.30215447741
1,654,19131.538322869725
1,655,1.7148951287302165e-08
1,656,1.7148751354658347e-08
1,657,1.7148742089547695e-08
1,658,1.714874017167198e-08
1,659,1.7148748295202446e-08
1,660,1.7148805472863896e-08
1,661,1.7150924793679065e-08
1,662,4.6301615400123116e-07
1,663,2460.7370402372226
1,664,1130.361451865685
1,665,2.0563458883144997e-08
1,666,7.417221487141846e-08
1,667,4.513327860214769e-08
1,668,3.1465897955509805e-08
1,669,5402.059809411951
1,670,8096.096937380215
1,671,13440.613879329996
1,672,19805.280639508943
1,673,20122.778224536392
1,674,19544.96740381213
1,675,18842.201067468668
1,676,17325.9524343314
1,677,13828.518711822495
1,678,2.679129678474562e-08
1,679,2.6791101013052897e-08
1,680,2.6791255929761428e-08
1,681,2.6791328612659133e-08
1,682,2.679153289852714e-08
1,683,2.6791602849357343e-08
1,684,5.205451911752474e-08
1,685,6.371826940800392e-08
1,686,8.18812693875173e-08
1,687,2.6829500821108838e-08
1,688,2.6791210844613383e-08
1,689,2.679113075664872e-08
1,690,2.679121436203967e-08
1,691,9.86161026424664e-08
1,692,6.659469692669529e-08
1,693,5.183610949663033e-08
1,694,3.958928299306597e-08
1,695,7909.607112096549
1,696,25452.357431804907
1,697,31596.896551570633
1,698,35241.74696769265
1,699,36283.83786111515
1,700,36582.371256434824
1,701,31218.665231748782
1,702,9254.306318010389
1,703,3.9980316858523584e-08
1,704,3.283040167451561e-08
1,705,7.140928099625353e-08
1,706,8.970659365614968e-08
1,707,1.201993033422003e-07
1,708,1.8117598678290322e-07
1,709,3.6399578807815806e-07
1,710,564.4774703942414
1,711,1.714880170340804e-08
1,712,1.7148750827817406e-08
1,713,1.714874421765699e-08
1,714,1.7148756974735504e-08
1,715,1.7148971370287326e-08
1,716,1.299280415820842e-07
1,717,5.590069325429924e-08
1,718,26053.341007053437
1,719,40239.39928208323
1,720,43756.64151129994
1,721,43467.85043393058
1,722,42743.21810560822
1,723,42667.92221027458
1,724,42562.29427796435
1,725,44125.23771486524
1,726,42863.339029879826
1,727,29880.630280224093
1,728,4.771274050797882e-08
1,729,4.771231720120345e-08
1,730,4.771244927704514e-08
1,731,4.771299751058216e-08
1,732,1387.4079740687248
1,733,2816.3145046213426
1,734,4.771709352141871e-08
1,735,4.7712367747460894e-08
1,736,4.7712136246783434e-08
1,737,4.7712517106461e-08
1,738,5.1538409892885537e-08
1,739,5.509529669924136e-08
1,740,5.7967832104853685e-08
1,741,5.930801610968216e-08
1,742,5.691842934726411e-08
1,743,18362.26321899035
1,744,33596.67462390803
1,745,38984.92429426697
1,746,41107.39874843129
1,747,42162.422335364456
1,748,41647.87407318077
1,749,40436.5219382462
1,750,37558.35866883119
1,751,26422.84391431443
1,752,18008.02179945588
1,753,15954.26271840716
1,754,16059.901187743108
1,755,14955.398856204138
1,756,16763.520034057226
1,757,18030.69784054277
1,758,16839.216352270276
1,759,15920.472972803138
1,760,13174.510464573323
1,761,11134.015741235084
1,762,9966.168406325412
1,763,11238.504025656404
1,764,17992.015171349194
1,765,31266.065413358952
1,766,37828.72646082233
1,767,41087.21612388791
1,768,43031.72780954164
1,769,43145.52945505192
1,770,43123.620062183196
1,771,43361.778198773754
1,772,42784.648145317566
1,773,33122.70158282616
1,774,1.4027529544161674e-07
1,775,1.7593490678890496e-08
1,776,1.8072611750585274e-08
1,777,1.841164659434333e-08
1,778,1.8695053703006936e-08
1,779,1.696974817111586e-08
1,780,1.6969728096465504e-08
1,781,1.696971086485074e-08
1,782,1.6969655031732122e-08
1,783,1.6969641200050012e-08
1,784,1.696963694128016e-08
1,785,1.69696251522756e-08
1,786,1.696962633505208e-08
1,787,1.6970714454108202e-08
1,788,1.8933301401093323e-08
1,789,1.891875939108857e-08
1,790,1.8904376948928188e-08
1,791,2.120190431567989e-08
1,792,2.4101704770146653e-08
1,793,2.7876182821620665e-08
1,794,3.2991198020371974e-08
1,795,4.0314659907890764e-08
1,796,5.1669021174007707e-08
1,797,1.880245878957442e-08
1,798,1.8785851903748747e-08
1,799,1.8770822992354968e-08
1,800,1.8755770579822003e-08
1,801,1.8740700071510934e-08
1,802,1.872555981573211e-08
1,803,1.871029621997573e-08
1,804,1.8694966756389495e-08
1,805,1.8679541658565293e-08
1,806,1.866394383863429e-08
1,807,1.8648216394141065e-08
1,808,1.8632357115349452e-08
1,809,1.8616384675490408e-08
1,810,1.860031254696855e-08
1,811,1.8584141821189216e-08
1,812,1.8567848023630064e-08
1,813,1.855139704198732e-08
1,814,1.8534805073719667e-08
1,815,1.851837641557265e-08
1,816,2.0714421732906456e-08
1,817,2.3469514277733655e-08
1,818,2.702834152565098e-08
1,819,3.180253135244218e-08
1,820,3.854250270304068e-08
1,821,4.877603403025978e-08
1,822,1.8400430677103504e-08
1,823,1.8382967279479632e-08
1,824,1.8365766915594565e-08
1,825,1.8348453896164884e-08
1,826,1.833096088785821e-08
1,827,1.8313254570773477e-08
1,828,1.82954653092105e-08
1,829,2.0432200075238302e-08
1,830,1.8259723257459907e-08
1,831,1.824052178701899e-08
1,832,1.8221810508727368e-08
1,833,1.8202796579187228e-08
1,834,1.8183590197893228e-08
1,835,1.8164508123573312e-08
1,836,3.0967557054649875e-08
1,837,3.730730982080604e-08
1,838,4.6790662448178185e-08
1,839,4907.63484030869
1,840,12857.03485083233
1,841,13692.449987991511
1,842,16684.016723281362
1,843,23381.34876914474
1,844,13659.177024844344
1,845,2.1317663085125462e-08
1,846,2.407389353932998e-08
1,847,1.6480674011438924e-08
1,848,1.8285038051279838e-08
1,849,2.0517507928935247e-08
1,850,2.333871231291693e-08
1,851,2.701657991281185e-08
1,852,2.7018095361111332e-08
1,853,2.7019483783948862e-08
1,854,2.7020685631482845e-08
1,855,2.702182994331794e-08
1,856,1.6479716473899133e-08
1,857,1.6479641580936615e-08
1,858,1.8290096179397308e-08
1,859,2.052317880872002e-08
1,860,2.334516965631851e-08
1,861,2.7023453776150866e-08
1,862,2.7023573003813955e-08
1,863,2.7024064221496533e-08
1,864,3.201983291526041e-08
1,865,3.919366455842031e-08
1,866,5.0365922652463786e-08
1,867,7.016894411987441e-08
1,868,1.1488681048724613e-07
1,869,2.7024206596896333e-08
1,870,2.7023773207999596e-08
1,871,2.702295800319286e-08
1,872,1.6480245190658634e-08
1,873,1.829130645232736e-08
1,874,2.052447282095354e-08
1,875,2.3346583031289768e-08
1,876,2.7023795501964366e-08
1,877,2.702387275609221e-08
1,878,2.7023844844696414e-08
1,879,2.7023633906421375e-08
1,880,1.6479671658856343e-08
1,881,1.6479611811130203e-08
1,882,1.6479608790502293e-08
1,883,1.6479667293177382e-08
1,884,1.8087375756761608e-08
1,885,1.9986305473262294e-08
1,886,2.2279438685763735e-08
1,887,2.511193965287371e-08
1,888,2.4626579993454988e-08
1,889,2.414778966935925e-08
1,890,2.3674094516025734e-08
1,891,2.3203878582198707e-08
1,892,2.273525801487687e-08
1,893,2.2265960249917875e-08
1,894,2.179315363978049e-08
1,895,2.1313118405791943e-08
1,896,2.0820671858554285e-08
1,897,2.0308102431822054e-08
1,898,1.976203891932969e-08
1,899,1.9156316933803953e-08
1,900,1.8421942544169414e-08
1,901,780.8907303404155
1,902,1.7160215773312932e-08
1,903,1.715862970993662e-08
1,904,1.7157801815905486e-08
1,905,1.7156940650013607e-08
1,906,1.7156056178548897e-08
1,907,1.715508233742397e-08
1,908,1.7153937672979223e-08
1,909,1.7152540982778256e-08
1,910,1.715137904866325e-08
1,911,1.2183223266980345e-07
1,912,7.874915593583534e-08
1,913,6.92004565608172e-08
1,914,6.640868314938375e-08
1,915,6.67891290816419e-08
1,916,6.954325091269485e-08
1,917,7.479918147338554e-08
1,918,8.341562870092258e-08
1,919,9.744133985410339e-08
1,920,1.2185815929006982e-07
1,921,1.717029543778757e-07
1,922,3.2191528180879883e-07
1,923,17983.856123638016
1,924,31249.861747581774
1,925,25029.485580679568
1,926,10918.458760280231
1,927,1.7148899197073062e-08
1,928,1.7148758471740878e-08
1,929,1.714874369445829e-08
1,930,1.7148739639833544e-08
1,931,1.714874715895857e-08
1,932,1.714876595382007e-08
1,933,1.7148810742953816e-08
1,934,1.714903654534926e-08
1,935,1.3386286329880375e-07
1,936,7.497876121110312e-08
1,937,5.8564586225900116e-08
1,938,4.8589085011860106e-08
1,939,3.97020172344687e-08
1,940,157.41526716436798
1,941,2.9072202821876097e-08
1,942,3.1351817969197385e-08
1,943,3.333276911174983e-08
1,944,3.4577124520434916e-08
1,945,3.3837156982392304e-08
1,946,9580.465838437969
1,947,18558.20855421632
1,948,29480.095364868106
1,949,30163.224990537372
1,950,20514.937928968313
1,951,12303.169342792818
1,952,8776.840757119116
1,953,7806.465025798355
1,954,7494.968491457915
1,955,8743.907599516582
1,956,10374.348023502105
1,957,19511.070171797048
1,958,32522.12376699204
1,959,39386.031383031375
1,960,43516.04511846397
1,961,42984.76868711952
1,962,42996.51119929696
1,963,43044.88061138812
1,964,43305.77816214296
1,965,41351.00784949957
1,966,29910.767215392952
1,967,10901.762103033043
1,968,9054.093536667528
1,969,9645.119414332856
1,970,12017.637067002803
1,971,18635.68471794891
1,972,29030.014830702898
1,973,36925.67474477939
1,974,35765.460281993066
1,975,22793.941463423977
1,976,11355.395627416347
1,977,9154.208558226133
1,978,8544.080860359452
1,979,9113.603969009502
1,980,10167.08239945453
1,981,12070.985282902611
1,982,16282.708349648676
1,983,35339.4611497446
1,984,42886.84184930688
1,985,43666.79602447473
1,986,43599.27367597482
1,987,43515.2278481652
1,988,44187.47967748275
1,989,43802.36828014297
1,990,37896.098919747106
1,991,24633.110756029604
1,992,21401.934415277407
1,993,24202.078933991146
1,994,27691.769812476785
1,995,32697.664926492762
1,996,39105.60080297646
1,997,41767.71045514264
1,998,39727.56735210823
1,999,32107.331565894852
1,1000,20336.714808103134
1,1001,14522.712455264544
1,1002,13583.032557082171
1,1003,15760.250854108897
1,1004,20639.70926735923
1,1005,28551.25958530299
1,1006,33483.776027000764
1,1007,40427.93805948247
1,1008,43862.70507594812
1,1009,43180.99099181871
1,1010,42575.297840427964
1,1011,43310.92392445162
1,1012,44457.161939509286
1,1013,43482.70645557128
1,1014,32023.626855516257
1,1015,15124.677349179763
1,1016,12925.075025813469
1,1017,15477.863096566716
1,1018,19125.28263016025
1,1019,21459.35592368638
1,1020,27453.336420939188
1,1021,30934.337544017948
1,1022,24364.950325187416
1,1023,18717.44288654307
1,1024,14262.469494200452
1,1025,12136.980673799575
1,1026,11768.618481346275
1,1027,13346.040545241325
1,1028,15948.343442970327
1,1029,18541.7488294806
1,1030,19265.5791340416
1,1031,22790.05529829173
1,1032,26468.345007546097
1,1033,26702.43393395444
1,1034,23550.51678131598
1,1035,20176.369663070345
1,1036,15872.671733634155
1,1037,1.7149503755898888e-08
1,1038,1.7148804226651426e-08
1,1039,1.7148793544203932e-08
1,1040,1.714879163328405e-08
1,1041,1.7148860638093648e-08
1,1042,1.7148889949841582e-08
1,1043,1.714893086694378e-08
1,1044,1.7148980437720816e-08
1,1045,1.7154985464291894e-08
1,1046,1.7149619874361525e-08
1,1047,1.7149249867103863e-08
1,1048,1.7149070287990917e-08
1,1049,1.7149000877733753e-08
1,1050,1.714898087200816e-08
1,1051,1.714899375265862e-08
1,1052,1.7149007871068158e-08
1,1053,1.714901948486226e-08
1,1054,1.714904181244746e-08
1,1055,1.714910162292448e-08
1,1056,1.7149251279348343e-08
1,1057,1.7150148256732747e-08
1,1058,1264.0269866019369
1,1059,3942.5915130845156
1,1060,2901.8320812916945
1,1061,1.7164797207198354e-08
1,1062,1.714922116960728e-08
1,1063,1.714904653034305e-08
1,1064,1.7149006604570943e-08
1,1065,1.71489918275899e-08
1,1066,1.7148990359617427e-08
1,1067,1.714899822707967e-08
1,1068,1.7149016602978345e-08
1,1069,1.7149033312912292e-08
1,1070,1.714901657741489e-08
1,1071,1.7148987609020232e-08
1,1072,1.7148947811214475e-08
1,1073,1.7148790946455527e-08
1,1074,1.7148739598830373e-08
1,1075,1.7148823401325888e-08
1,1076,1.714887624029146e-08
1,1077,1.7148867152674867e-08
1,1078,1.7148840411316174e-08
1,1079,1.71494769729441e-08
1,1080,1.295572958848125e-07
1,1081,7.746896943444583e-08
1,1082,6.425607669635836e-08
1,1083,5.768879931006575e-08
1,1084,5.3391018273174495e-08
1,1085,4.9963387794024576e-08
1,1086,4.672864779531159e-08
1,1087,4.321180020503226e-08
1,1088,3.888477345764628e-08
1,1089,3.25778852893266e-08
1,1090,10527.882395322336
1,1091,20230.399444899962
1,1092,33114.68383835842
1,1093,41983.912961310714
1,1094,39060.63280097181
1,1095,22585.628354552486
1,1096,2.9059004975251935e-08
1,1097,2.905894628636851e-08
1,1098,2.905898270398087e-08
1,1099,3.1108363691196206e-08
1,1100,3.190665044542482e-08
1,1101,10506.47929571281
1,1102,31055.134554572927
1,1103,40623.07263546263
1,1104,41233.956595939446
1,1105,41852.207954240024
1,1106,43268.511551310934
1,1107,43345.846436783024
1,1108,41723.12467834891
1,1109,35346.64789063806
1,1110,3.4078116606641655e-08
1,1111,3.407437851587889e-08
1,1112,3.407435916336478e-08
1,1113,3.407438107058447e-08
1,1114,3.4074416228631734e-08
1,1115,3.650733962470208e-08
1,1116,3.7673733203734275e-08
1,1117,6457.38294676348
1,1118,2226.1161577395937
1,1119,3.61703870080824e-08
1,1120,3.617092352108223e-08
1,1121,3.901055906365775e-08
1,1122,4.147862231423493e-08
1,1123,4.3030963796779364e-08
1,1124,4.211449338919972e-08
1,1125,18937.770250573787
1,1126,36664.40722678834
1,1127,40261.75415860123
1,1128,42563.71897329862
1,1129,42373.238563617575
1,1130,42943.03543599128
1,1131,43636.448316545495
1,1132,42103.33258966656
1,1133,38478.912216768185
1,1134,4734.481093958653
1,1135,4.24123732071526e-08
1,1136,4.241238952673311e-08
1,1137,4.241343553693539e-08
1,1138,5.281877661000102e-08
1,1139,6.008186236182889e-08
1,1140,6.95501276948789e-08
1,1141,8.240794784270585e-08
1,1142,1.0087075094704313e-07
1,1143,1.2962139965018568e-07
1,1144,4.2413648627365294e-08
1,1145,4.2412679446846035e-08
1,1146,4.2412691298090576e-08
1,1147,1.4393219054884823e-07
1,1148,1.018738196118473e-07
1,1149,8.043705319104124e-08
1,1150,6.189122310651547e-08
1,1151,27807.848612202484
1,1152,38107.76067719016
1,1153,42068.75694465449
1,1154,43505.67948735491
1,1155,43381.00381128835
1,1156,42170.891342257746
1,1157,36625.46569381756
1,1158,18627.688689149843
1,1159,10731.113913193101
1,1160,10441.874365056668
1,1161,13242.566698147026
1,1162,18704.345032392604
1,1163,24134.97473246975
1,1164,30908.031211690435
1,1165,31846.47057543342
1,1166,22142.808138129618
1,1167,5.948774161509534e-08
1,1168,5.948631794477064e-08
1,1169,5.948614368481793e-08
1,1170,5.948679958242927e-08
1,1171,6.399197142771811e-08
1,1172,6.737656049700174e-08
1,1173,6.740317191153043e-08
1,1174,1686.2412476304332
1,1175,28961.8189385401
1,1176,38333.60732180263
1,1177,40346.79504249167
1,1178,40418.72694361559
1,1179,38963.08897224883
1,1180,36261.85455984931
1,1181,23531.088514189018
1,1182,6.837875103164997e-08
1,1183,6.837811820329266e-08
1,1184,6.837852954143827e-08
1,1185,6.837990547021457e-08
1,1186,8.515495158186272e-08
1,1187,9.686663231093812e-08
1,1188,1.1213476233444487e-07
1,1189,6465.488265907589
1,1190,5551.620419236558
1,1191,2.0899339795294987e-07
1,1192,2.911546394474343e-07
1,1193,6.837997760921887e-08
1,1194,6.837884301194705e-08
1,1195,6.837934067454069e-08
1,1196,6.839979749694752e-08
1,1197,5.774258597742886e-07
1,1198,5.260878558920913e-07
1,1199,6.54440351973741e-07
1,1200,1.1469232150079604e-06
1,1201,4547.311191362903
1,1202,24490.799884888664
1,1203,21966.8453984342
1,1204,19547.20718525782
1,1205,14629.498550788112
1,1206,1.7152808832322883e-08
1,1207,1.7148808276072e-08
1,1208,1.7148795990157257e-08
1,1209,1.7148802253891363e-08
1,1210,1.714881764417847e-08
1,1211,1.714888949123084e-08
1,1212,1.869754880696843e-06
1,1213,1881.3966320947745
1,1214,8143.790526365463
1,1215,4535.29496874504
1,1216,30.38415347031216
1,1217,8.212854152138405e-08
1,1218,8.212987124143665e-08
1,1219,3.332291270531987e-07
1,1220,1.8967985681545116e-07
1,1221,1.3013464830291099e-07
1,1222,20525.431217981895
1,1223,39039.652056229366
1,1224,42294.81129351439
1,1225,42636.915455063034
1,1226,42504.627553508166
1,1227,42126.545088921295
1,1228,42147.06820638921
1,1229,39906.40824192204
1,1230,36895.83523388957
1,1231,30091.986492332522
1,1232,27778.088384577903
1,1233,32804.54694314295
1,1234,38658.98002490483
1,1235,41970.24742580901
1,1236,44414.02302430488
1,1237,46721.17621957527
1,1238,46218.84232072786
1,1239,36767.52775829818
1,1240,1.2177840598083425e-07
1,1241,1.2177522269317571e-07
1,1242,1.2177525839832495e-07
1,1243,1.313262650663716e-07
1,1244,1.39643500797048e-07
1,1245,1.4487098195066972e-07
1,1246,1.4179381807507283e-07
1,1247,25048.452595960574
1,1248,37718.96346847658
1,1249,41106.100622523925
1,1250,42215.341061109495
1,1251,42136.11308131063
1,1252,40900.69710972
1,1253,40008.36057046102
1,1254,39540.719503137756
1,1255,37450.24394721197
1,1256,39031.67420054784
1,1257,40238.26357411839
1,1258,40578.72900936954
1,1259,40187.79431884726
1,1260,40459.390083958024
1,1261,41402.833481730486
1,1262,41922.671951181466
1,1263,42366.35787810843
1,1264,39726.76679309355
1,1265,33201.19313928373
1,1266,29185.289828257286
1,1267,30385.145593689795
1,1268,34899.99990489345
1,1269,37714.175276142494
1,1270,38492.56492943091
1,1271,41613.18777546136
1,1272,40529.349705550616
1,1273,42113.93508889916
1,1274,42322.43171713403
1,1275,42980.520494124205
1,1276,41517.016272229186
1,1277,34024.78358464005
1,1278,3.567412695079826e-07
1,1279,1.714877451633722e-08
1,1280,1.714877486387484e-08
1,1281,1.714875919701792e-08
1,1282,1.714874746076996e-08
1,1283,1.7148744859772337e-08
1,1284,1.7148755626929902e-08
1,1285,1.7148802336206025e-08
1,1286,1.7148979323144042e-08
1,1287,4.304087207291035e-08
1,1288,3.7621335631267676e-08
1,1289,3.3373265915800454e-08
1,1290,2.918809122507928e-08
1,1291,2.3924452388469713e-08
1,1292,9837.107085588841
1,1293,32193.89238728008
1,1294,37562.83448197826
1,1295,41722.85093251434
1,1296,44969.01698439204
1,1297,43759.65614408708
1,1298,40455.02095083529
1,1299,34107.07981394178
1,1300,15646.941665028262
1,1301,3.831644720965184e-08
1,1302,1.714950898719131e-08
1,1303,1.714875852626947e-08
1,1304,1.714875349876301e-08
1,1305,1.7148763003892306e-08
1,1306,1.7148765937306316e-08
1,1307,1.714877024802639e-08
1,1308,1.714879482870568e-08
1,1309,1.714881567899766e-08
1,1310,1.714883015195486e-08
1,1311,1.7148849902706595e-08
1,1312,1.714882768321635e-08
1,1313,1.7148786298934823e-08
1,1314,1.714882065363571e-08
1,1315,9.686034123604511e-08
1,1316,4.948481717121034e-08
1,1317,3.315387482160769e-08
1,1318,26365.53609012848
1,1319,40093.01726738924
1,1320,43888.03985909086
1,1321,44156.83327042204
1,1322,44367.778478542066
1,1323,44556.857654808315
1,1324,44691.853551750035
1,1325,39869.577029249616
1,1326,7547.921389326274
1,1327,2.792402519812142e-08
1,1328,2.7924024340947795e-08
1,1329,3.099245414860531e-08
1,1330,3.477638189015354e-08
1,1331,2042.8728281732722
1,1332,11763.936591434624
1,1333,15788.507790018804
1,1334,13290.014596209205
1,1335,2576.3578932667824
1,1336,2.533667041012199e-07
1,1337,1.7148822232254402e-08
1,1338,1.7148868485532032e-08
1,1339,1.714893593428112e-08
1,1340,1.714900159395432e-08
1,1341,1.7149087543393753e-08
1,1342,1.714950150198826e-08
1,1343,1.9034064225589495e-08
1,1344,2.135789718278502e-08
1,1345,2.4294283297690192e-08
1,1346,4.329686611155883e-09
1,1347,1.7149800792748757e-08
1,1348,1.7149461750430502e-08
1,1349,1.7149326648112985e-08
1,1350,1.7149257258157507e-08
1,1351,1.714914053100344e-08
1,1352,1.714892164426948e-08
1,1353,1.714924015210352e-08
1,1354,1.7149315278406675e-08
1,1355,1.714935080498781e-08
1,1356,1.7149390365200825e-08
1,1357,1.7149424929630458e-08
1,1358,1.71494242258545e-08
1,1359,1.7149403361484833e-08
1,1360,1.7149378971486213e-08
1,1361,1.7148920829657566e-08
1,1362,1.714873531773951e-08
1,1363,1.7149324228793764e-08
1,1364,1.7149466478964825e-08
1,1365,1.714951723494424e-08
1,1366,1.7149662754964022e-08
1,1367,2.8119543524253308e-08
1,1368,3.331849752090984e-08
1,1369,4.078324291415658e-08
1,1370,5.240867454406751e-08
1,1371,7.301597456277516e-08
1,1372,1.1956315216169334e-07
1,1373,3.241701941057761e-07
1,1374,1.7149585607870648e-08
1,1375,1.714946211064651e-08
1,1376,1.7149421657931818e-08
1,1377,1.714946424505773e-08
1,1378,1.7149489658607574e-08
1,1379,1.7149504474325128e-08
1,1380,1.714949596798659e-08
1,1381,1.7149480278307218e-08
1,1382,1.7149424939811794e-08
1,1383,1.7149164671662666e-08
1,1384,1.7148735299958595e-08
1,1385,1.7148665144244674e-08
1,1386,1.7148662615207582e-08
1,1387,1.714878784994363e-08
1,1388,1.7149252757437777e-08
1,1389,1.7149203473093403e-08
1,1390,1.7149082228163753e-08
1,1391,1.7149039589456924e-08
1,1392,1.0352395924897615e-07
1,1393,5.820312160019264e-08
1,1394,4.44672899092835e-08
1,1395,3.5349914236517766e-08
1,1396,161.02888679032623
1,1397,2.8137115547449096e-08
1,1398,3.180958904652181e-08
1,1399,3.653143214623185e-08
1,1400,4.2825489707545535e-08
1,1401,5.163343879602126e-08
1,1402,6.483714107009255e-08
1,1403,1910.9573669212712
1,1404,13588.482898463475
1,1405,19022.196427449962
1,1406,20762.703730011883
1,1407,27508.267586413418
1,1408,2.370600305472018e-08
1,1409,2.3674915808393886e-08
1,1410,2.367490616982302e-08
1,1411,2.367495197133732e-08
1,1412,1.0823863394541491e-07
1,1413,6.476421426632303e-08
1,1414,4.890341206964364e-08
1,1415,3.6807203878362355e-08
1,1416,29397.230077231507
1,1417,36823.431682605806
1,1418,38636.63215740217
1,1419,38877.67897273798
1,1420,38018.31881428917
1,1421,36678.17422452685
1,1422,35608.81758499638
1,1423,33264.36445157153
1,1424,35128.738828315436
1,1425,38252.86696494189
1,1426,41055.43316069233
1,1427,41724.441294990014
1,1428,41483.819080043824
1,1429,42830.362106476845
1,1430,45615.2971697676
1,1431,46227.20930860921
1,1432,32526.71807874815
1,1433,3.545607235921547e-08
1,1434,3.545598770951421e-08
1,1435,3.5455983366586557e-08
1,1436,3.54560579926761e-08
1,1437,3.797211259364214e-08
1,1438,3.906034011757738e-08
1,1439,4982.429697460362
1,1440,10334.843102012946
1,1441,15113.447270354876
1,1442,16719.056374094704
1,1443,15444.326798763379
1,1444,13084.492532725202
1,1445,5002.756739760415
1,1446,3.955733296982501e-08
1,1447,3.9557188501484727e-08
1,1448,4.3901700812099974e-08
1,1449,4.926159769235968e-08
1,1450,6163.492896221811
1,1451,15052.489971676114
1,1452,17448.143859970947
1,1453,10309.718397371857
1,1454,2.6754279323871685e-07
1,1455,1.7783867602697072e-08
1,1456,1.848966461241128e-08
1,1457,1.900316666222221e-08
1,1458,1.943357661476043e-08
1,1459,1.9841886759227722e-08
1,1460,2.021582013311338e-08
1,1461,2.0572487850924323e-08
1,1462,2.0917139097719335e-08
1,1463,2.125325279952832e-08
1,1464,2.1583361269065973e-08
1,1465,2.1909165801575075e-08
1,1466,2.2231960749481298e-08
1,1467,2.2552647908106e-08
1,1468,2.2872642536895957e-08
1,1469,2.3192580205356176e-08
1,1470,2.351332849132308e-08
1,1471,2.383502212282727e-08
1,1472,1.8828344623351073e-08
1,1473,2.141337211779786e-08
1,1474,2.4775193806693288e-08
1,1475,2.5085055802293174e-08
1,1476,2.5398133711502282e-08
1,1477,2.5714760575230866e-08
1,1478,2.6035314397205336e-08
1,1479,2.636009816387564e-08
1,1480,2.668923132261166e-08
1,1481,1.647963138512649e-08
1,1482,1.6479630460318977e-08
1,1483,1.829046577921857e-08
1,1484,2.0523493288783647e-08
1,1485,2.3345425262466058e-08
1,1486,2.7024137239561787e-08
1,1487,2.7024333812754352e-08
1,1488,2.7024456570688135e-08
1,1489,2.7024553816413062e-08
1,1490,2.7024622390248908e-08
1,1491,2.7024768637693808e-08
1,1492,2.7024718707768027e-08
1,1493,2.7024634448010246e-08
1,1494,2.7024536200980566e-08
1,1495,2.7024315577734196e-08
1,1496,2.7024293398383148e-08
1,1497,2.7024559782950412e-08
1,1498,2.7024652816932758e-08
1,1499,2.7024758966400365e-08
1,1500,2.702486488623395e-08
1,1501,2.702491326209822e-08
1,1502,2.7024873159577442e-08
1,1503,2.7024786150896203e-08
1,1504,1.6480312272229103e-08
1,1505,1.6479573721196977e-08
1,1506,1.6479571698546674e-08
1,1507,1.6482857291681447e-08
1,1508,2.0523232641756682e-08
1,1509,2.3345101935980166e-08
1,1510,2.7024331692173488e-08
1,1511,2.702475446877061e-08
1,1512,2.702478862169131e-08
1,1513,2.7024786462787287e-08
1,1514,2.7024726802167337e-08
1,1515,2.7024675852491814e-08
1,1516,2.7024565032630226e-08
1,1517,2.7024436994506503e-08
1,1518,2.702421575730016e-08
1,1519,1.829123907086318e-08
1,1520,2.05242178124555e-08
1,1521,2.334630814712296e-08
1,1522,2.7024149403632536e-08
1,1523,2.702414607067986e-08
1,1524,2.7024150886495847e-08
1,1525,2.7024079990736017e-08
1,1526,2.7023956263484835e-08
1,1527,2.702372921203089e-08
1,1528,1.648353790787243e-08
1,1529,1.647965433208251e-08
1,1530,1.8290124329913894e-08
1,1531,2.0522937249956605e-08
1,1532,2.3344597880649298e-08
1,1533,2.702310109529773e-08
1,1534,2.7023293561041187e-08
1,1535,2.7023272183345837e-08
1,1536,2.7023263677485027e-08
1,1537,2.7023198323492464e-08
1,1538,2.7023087483207217e-08
1,1539,2.7022949202252876e-08
1,1540,2.7022785757084696e-08
1,1541,2.7022571509387558e-08
1,1542,2.702233050628453e-08
1,1543,2.7018898421007204e-08
1,1544,1.6479759155198166e-08
1,1545,1.647994829921044e-08
1,1546,1.647992306186039e-08
1,1547,1.7992192415518075e-08
1,1548,1.9709531026923738e-08
1,1549,2.1700380876631922e-08
1,1550,2.4050803889156592e-08
1,1551,2.3271869816762292e-08
1,1552,2.2497553802013266e-08
1,1553,2.1717574625050758e-08
1,1554,2.0915816869707034e-08
1,1555,2.0063359771273253e-08
1,1556,1.9091986809182326e-08
1,1557,3.5509787344102e-08
1,1558,3.7355989516314194e-08
1,1559,3.9367855228514205e-08
1,1560,4.1652555900139276e-08
1,1561,4.436105550969003e-08
1,1562,4.7712066465898533e-08
1,1563,5.204417617638089e-08
1,1564,5.7859352214364394e-08
1,1565,6.611848730523587e-08
1,1566,7.866549515466532e-08
1,1567,9.975477860104309e-08
1,1568,1.4205844690854037e-07
1,1569,2.685247687213613e-07
1,1570,1908.3017463265785
1,1571,11367.04469504489
1,1572,18154.907159876264
1,1573,22728.445369052173
1,1574,21036.594305146813
1,1575,9986.36893686278
1,1576,1.7148877790412574e-08
1,1577,1.71487577190674e-08
1,1578,1.714874233039643e-08
1,1579,1.7148743264924494e-08
1,1580,1.714875590406553e-08
1,1581,1.7148762546342048e-08
1,1582,1.7148767678047114e-08
1,1583,1.7148805148701e-08
1,1584,1.7153075581459904e-08
1,1585,1.8970767142380832e-08
1,1586,2.119071895681721e-08
1,1587,2.396479317217531e-08
1,1588,2.7530643519157967e-08
1,1589,3.228402715097967e-08
1,1590,3.8937004659208197e-08
1,1591,4.891505452382915e-08
1,1592,6.554153682496557e-08
1,1593,9.878332549582871e-08
1,1594,1.984672297019772e-07
1,1595,6983.296983397472
1,1596,21818.01754658134
1,1597,27635.884345325154
1,1598,21835.23962830406
1,1599,6909.223703781587
1,1600,1.7148787288672493e-08
1,1601,1.7148745709851215e-08
1,1602,1.7148734519875132e-08
1,1603,1.7148741558576622e-08
1,1604,1.7148796043350926e-08
1,1605,1.7149043217732718e-08
1,1606,2.1356788584498337e-08
1,1607,2.4293392507413906e-08
1,1608,2.8121745346822928e-08
1,1609,3.332069418155565e-08
1,1610,4.078623379000733e-08
1,1611,5.241312756179502e-08
1,1612,7.302342005850607e-08
1,1613,1.1957862249318434e-07
1,1614,3.241331430947538e-07
1,1615,1.7148793287834164e-08
1,1616,1.714876609627746e-08
1,1617,1.714883900116556e-08
1,1618,3.838679245691959e-07
1,1619,6988.785370052863
1,1620,23226.89650903394
1,1621,23446.308490442218
1,1622,21695.678095046736
1,1623,9823.993748148141
1,1624,1.714887803051931e-08
1,1625,1.7148749560019148e-08
1,1626,1.7148737708706845e-08
1,1627,1.7148739322382536e-08
1,1628,1.714875751116147e-08
1,1629,1.714881267479541e-08
1,1630,1.7149136036605965e-08
1,1631,4.587841395590044e-07
1,1632,2234.6772383692787
1,1633,18359.729781534395
1,1634,20249.04244191715
1,1635,19926.526386387362
1,1636,15938.371700950518
1,1637,8473.31466359931
1,1638,1.7148932674522255e-08
1,1639,1.714877643396899e-08
1,1640,1.714876446761945e-08
1,1641,1.7148782758387925e-08
1,1642,1.714881353918237e-08
1,1643,1.714883524576706e-08
1,1644,1.7148885369870062e-08
1,1645,1.7148943083073175e-08
1,1646,1.714887481395235e-08
1,1647,1.7148829981521668e-08
1,1648,1.7148802801637077e-08
1,1649,1.7148769605213087e-08
1,1650,1.7148765892582976e-08
1,1651,1.7148784875008064e-08
1,1652,1.7149275840112194e-08
1,1653,9.167870425663758e-08
1,1654,4.0228497937767524e-08
1,1655,9615.830475672099
1,1656,30565.630630063843
1,1657,35548.5969471767
1,1658,37931.30669808568
1,1659,40254.85374497447
1,1660,40703.006913070414
1,1661,35380.959490392896
1,1662,8370.701699713962
1,1663,3.4072603414694684e-08
1,1664,3.407255831677677e-08
1,1665,3.407261047563587e-08
1,1666,3.4072786289982135e-08
1,1667,3.40733415567793e-08
1,1668,3454.697585284047
1,1669,7040.585499906562
1,1670,2316.399987620764
1,1671,3.407290842320201e-08
1,1672,3.407264953010923e-08
1,1673,3.407354826461944e-08
1,1674,3.40874058581318e-08
1,1675,3.947298393883029e-08
1,1676,3.899670531808732e-08
1,1677,3847.0122128869625
1,1678,24518.449755009573
1,1679,38944.90683053777
1,1680,43112.694481497194
1,1681,45327.975424211705
1,1682,45227.533258503194
1,1683,43773.44060137645
1,1684,40873.566538617335
1,1685,33211.69597180849
1,1686,21720.530194751052
1,1687,15803.359920420082
1,1688,16217.540615211286
1,1689,23724.282643889444
1,1690,35067.29174739834
1,1691,39544.01519782847
1,1692,46274.36497173527
1,1693,48809.48255801533
1,1694,45416.79193192696
1,1695,28278.042357865623
1,1696,4.326355142520344e-08
1,1697,4.326344601885817e-08
1,1698,4.326347053714162e-08
1,1699,4.326351207749405e-08
1,1700,4.3266561256187876e-08
1,1701,5.958613278315853e-08
1,1702,5.3707297067825857e-08
1,1703,24919.136301097
1,1704,36729.08974357367
1,1705,40969.369744973104
1,1706,41179.92736052771
1,1707,42523.32871747945
1,1708,42543.307991800255
1,1709,40369.44270135955
1,1710,34848.75951083862
1,1711,29836.864716655058
1,1712,32371.51774802428
1,1713,38628.000588033006
1,1714,41731.518450921
1,1715,42016.09744148786
1,1716,41901.23085965013
1,1717,43387.36736119975
1,1718,45796.223122514886
1,1719,45772.107379294095
1,1720,27284.760459795194
1,1721,5.603739100592815e-08
1,1722,5.603719991802608e-08
1,1723,5.6037324967695595e-08
1,1724,6.053592854552266e-08
1,1725,6.47066893413276e-08
1,1726,6.808016745485498e-08
1,1727,6.96543225513842e-08
1,1728,6.685125635389497e-08
1,1729,6427.6780960629685
1,1730,7913.131398683407
1,1731,8048.76381331699
1,1732,7157.928870145572
1,1733,4204.683917863035
1,1734,3465.916231975738
1,1735,4850.706941976229
1,1736,35836.01860713882
1,1737,44547.90997140554
1,1738,44945.156364414695
1,1739,42865.97278660877
1,1740,42990.05252186173
1,1741,44772.356761426534
1,1742,45579.14224569072
1,1743,40452.356967871565
1,1744,1.4049780535095894e-07
1,1745,1.7149096875880793e-08
1,1746,1.7148754854737398e-08
1,1747,1.7148750277622073e-08
1,1748,1.71487587067417e-08
1,1749,1.7148773190842466e-08
1,1750,1.7148795150046263e-08
1,1751,1.7148930863796207e-08
1,1752,1.715335988629327e-08
1,1753,4.001631872608603e-07
1,1754,2.26393354965822e-07
1,1755,1.8200163007920213e-07
1,1756,1.5772915683485143e-07
1,1757,1.3928072782186818e-07
1,1758,1.214628060222867e-07
1,1759,9.935598543809492e-08
1,1760,3150.5815471664773
1,1761,40862.091000002416
1,1762,45829.73719989165
1,1763,44289.44260888691
1,1764,43891.25865450082
1,1765,44971.73987811048
1,1766,46113.97316164924
1,1767,40951.255684633434
1,1768,8.945392514178336e-08
1,1769,8.944969060433936e-08
1,1770,8.944987364745453e-08
1,1771,8.945112636623556e-08
1,1772,1.0623667538445225e-07
1,1773,1.123973378784485e-07
1,1774,1.1681979205831747e-07
1,1775,1.1789664380855729e-07
1,1776,1.1216442068464282e-07
1,1777,1680.1406582704562
1,1778,2877.7987737196204
1,1779,1798.4376194525544
1,1780,9.98854479138968e-08
1,1781,9.98002793884664e-08
1,1782,1.0734282644942969e-07
1,1783,1.1302098537063093e-07
1,1784,1.1307207782346347e-07
1,1785,17807.222578800265
1,1786,35686.22709864066
1,1787,43427.63768305784
1,1788,46443.856417436546
1,1789,44008.74075821489
1,1790,35021.965457729355
1,1791,2.25233131770174e-07
1,1792,1.773243500796537e-08
1,1793,1.8376965721101897e-08
1,1794,1.6979243817951968e-08
1,1795,1.883678702519189e-08
1,1796,1.8842911008317917e-08
1,1797,1.8843122790844247e-08
1,1798,1.8843284020882356e-08
1,1799,1.8843461273944574e-08
1,1800,1.884363907632121e-08
1,1801,1.884380641476791e-08
1,1802,1.884398601984411e-08
1,1803,1.8844114445431198e-08
1,1804,1.8844208886148922e-08
1,1805,1.8844300647271142e-08
1,1806,1.8844363529635117e-08
1,1807,1.8843830647347152e-08
1,1808,1.8843889791148255e-08
1,1809,1.8844746856126732e-08
1,1810,1.884494939236687e-08
1,1811,1.8845138642478493e-08
1,1812,1.884537358099841e-08
1,1813,1.8845654524042712e-08
1,1814,1.8845630887879698e-08
1,1815,1.8845673135806183e-08
1,1816,1.8845693907994948e-08
1,1817,1.6978848320620116e-08
1,1818,1.6978826549908255e-08
1,1819,1.6978830819703087e-08
1,1820,1.6978853448838794e-08
1,1821,1.6979406380898064e-08
1,1822,1.875844547606943e-08
1,1823,1.866865026077256e-08
1,1824,1.857495133416085e-08
1,1825,1.8476768707510017e-08
1,1826,1.8373124550542645e-08
1,1827,1.826260954131641e-08
1,1828,1.8143800228451082e-08
1,1829,1.8011686477003972e-08
1,1830,1.7860831066294065e-08
1,1831,1.7677867486443532e-08
1,1832,1.7415114010016605e-08
1,1833,2.2691484073228364e-08
1,1834,7725.51835585414
1,1835,23653.75300361184
1,1836,31011.791419409918
1,1837,26061.473666286445
1,1838,9634.11548827831
1,1839,2.9633133800574372e-08
1,1840,1.77502033999003e-08
1,1841,1.8383877996477053e-08
1,1842,1.6978938365721347e-08
1,1843,1.697931756997466e-08
1,1844,1.8845033687598392e-08
1,1845,1.8845254133293104e-08
1,1846,1.8845335398921554e-08
1,1847,1.884544688415124e-08
1,1848,1.8845779797942175e-08
1,1849,2.1146412448393734e-08
1,1850,2.4053827730719884e-08
1,1851,2.784382008893518e-08
1,1852,1.8849039990320688e-08
1,1853,2.0135136071542525e-08
1,1854,1.8846271031874233e-08
1,1855,1.8845829510353283e-08
1,1856,1.8846012612228823e-08
1,1857,3.6977814897442435e-08
1,1858,4.6453474949315456e-08
1,1859,40.13459506252736
1,1860,6203.588838393984
1,1861,4307.575909727924
1,1862,949.0586804148506
1,1863,2.060767651166609e-08
1,1864,2.2115950144926293e-08
1,1865,1.664457684839995e-08
1,1866,1.6644352385983524e-08
1,1867,1.6644355410362096e-08
1,1868,1.8472750054020746e-08
1,1869,2.0727892048298273e-08
1,1870,2.3577746334629292e-08
1,1871,2.357970548351991e-08
1,1872,2.357975768730225e-08
1,1873,2.3579779470123293e-08
1,1874,2.3579789633387024e-08
1,1875,2.3579794568377157e-08
1,1876,2.3579779302078732e-08
1,1877,2.357973298609017e-08
1,1878,1.6645000747474972e-08
1,1879,1.664438468721566e-08
1,1880,1.847321903795582e-08
1,1881,2.072853170217244e-08
1,1882,2.3578606432578643e-08
1,1883,2.3579759757830243e-08
1,1884,2.3579814068884865e-08
1,1885,2.3579821540532e-08
1,1886,2.357978920350425e-08
1,1887,2.3579707785406482e-08
1,1888,2.3568735686800422e-08
1,1889,1.664435119430981e-08
1,1890,1.664434143211957e-08
1,1891,1.6644475521527982e-08
1,1892,1.8264848649249764e-08
1,1893,2.017650431959965e-08
1,1894,2.2482373574556536e-08
1,1895,2.2096783580218465e-08
1,1896,2.1707690639666456e-08
1,1897,2.1313527259799993e-08
1,1898,2.0911011817182138e-08
1,1899,2.0498572408377837e-08
1,1900,3.690330874456753e-08
1,1901,1.9648093816386936e-08
1,1902,1.9194410587144192e-08
1,1903,1.8676851391536233e-08
1,1904,1.800802121806086e-08
1,1905,8.462398081689399e-08
1,1906,9.039064952365554e-08
1,1907,1.0734526419707883e-07
1,1908,1.4635551260646328e-07
1,1909,2.6834060514282273e-07
1,1910,22630.708925659295
1,1911,26098.73063313988
1,1912,13533.894477471433
1,1913,1.774088262975176e-08
1,1914,1.7740802330496423e-08
1,1915,1.7740804113412686e-08
1,1916,1.7740857324185063e-08
1,1917,1.0246872149865995e-07
1,1918,6.573268291021296e-08
1,1919,5.5225838434438794e-08
1,1920,4.983219216516023e-08
1,1921,4.6240323344868964e-08
1,1922,4.333919698745276e-08
1,1923,4.057495377608988e-08
1,1924,3.7548257699500235e-08
1,1925,3.380599212473082e-08
1,1926,2.8334903068897118e-08
1,1927,9910.15216816137
1,1928,44399.24801241979
1,1929,46828.28637624274
1,1930,43556.376249725894
1,1931,41460.20359817318
1,1932,41330.41034068936
1,1933,41782.523048178315
1,1934,43464.236746421106
1,1935,47071.35049874708
1,1936,44999.433133747494
1,1937,2.604536651373043e-08
1,1938,2.604529106124844e-08
1,1939,2.604537307316035e-08
1,1940,2.604548271604594e-08
1,1941,3.668256229895611e-08
1,1942,4.214199383250142e-08
1,1943,4.94186108067026e-08
1,1944,5.960257907374985e-08
1,1945,7.487307713879691e-08
1,1946,1.0031321374671638e-07
1,1947,1.511647066898753e-07
1,1948,3.036035005099286e-07
1,1949,3455.8858558149313
1,1950,2.6152702018337006e-08
1,1951,2.6153466043512326e-08
1,1952,4.859475387259955e-08
1,1953,41600.6235334715
1,1954,46899.39867871333
1,1955,44637.16429778085
1,1956,43790.59357285583
1,1957,44803.62849130556
1,1958,46525.78136377449
1,1959,38816.67591454555
1,1960,6.439001889636136e-08
1,1961,1.7148810387477805e-08
1,1962,1.7148766273964643e-08
1,1963,1.7148772945795835e-08
1,1964,1.7148813936112173e-08
1,1965,2.7908816277325346e-08
1,1966,3.2728287178830184e-08
1,1967,3.9471885656463005e-08
1,1968,4.958268954734815e-08
1,1969,6.642487852973414e-08
1,1970,1.0008619361365028e-07
1,1971,2.0098588142194204e-07
1,1972,9267.331124436912
1,1973,2840.537305323843
1,1974,1.721920051890149e-08
1,1975,1.7219266230629948e-08
1,1976,3.288684093817861e-08
1,1977,35883.765607888694
1,1978,47986.054985281444
1,1979,45222.236830286725
1,1980,44733.295555206205
1,1981,46624.19318713915
1,1982,45523.56254308635
1,1983,28614.828035792005
1,1984,3.8976981580388884e-08
1,1985,1.714875620018825e-08
1,1986,1.7148732169504393e-08
1,1987,1.71487428971394e-08
1,1988,1.7148812914756457e-08
1,1989,1.453643392210441e-07
1,1990,9.779111884734837e-08
1,1991,9.12192023991618e-08
1,1992,9.471058752120022e-08
1,1993,1.0606868983709127e-07
1,1994,1.290981120787894e-07
1,1995,1.7856993604904964e-07
1,1996,3.303489659380607e-07
1,1997,931.497197646831
1,1998,2.2083537819305392e-08
1,1999,6.159043578685602e-08
1,2000,3.4760746400797125e-08
1,2001,30414.244755944743
1,2002,45176.15477733883
1,2003,45345.27978027447
1,2004,44892.520201194515
1,2005,46167.92368509788
1,2006,46793.44982465051
1,2007,37625.306621242155
1,2008,2.7374094773457324e-08
1,2009,2.737400660606212e-08
1,2010,2.737394215951628e-08
1,2011,2.737397153280963e-08
1,2012,2.7374295201673015e-08
1,2013,5.1505212504240525e-08
1,2014,6.026653597930511e-08
1,2015,7.244853023683211e-08
1,2016,9.059769491577129e-08
1,2017,1.2063328424464365e-07
1,2018,1.8026315087057553e-07
1,2019,3.5770958393906193e-07
1,2020,3838.947903288856
1,2021,9219.575696385209
1,2022,2.776139933873803e-08
1,2023,2.7761298185270645e-08
1,2024,8.482001577893392e-08
1,2025,4.504597807913587e-08
1,2026,30374.06621695408
1,2027,39835.577942853015
1,2028,46368.28634649826
1,2029,44052.409487855046
1,2030,35164.27282265674
1,2031,622.2721029075569
1,2032,3.475785043978571e-08
1,2033,3.4757568695045055e-08
1,2034,3.475748461186654e-08
1,2035,3.475751792957548e-08
1,2036,3.475780872051282e-08
1,2037,6.42565504952285e-08
1,2038,7.342956723099966e-08
1,2039,8.545508396425646e-08
1,2040,1.0203009659116033e-07
1,2041,1.2653652253907517e-07
1,2042,1.668350631161609e-07
1,2043,2.463992355105878e-07
1,2044,4.819205601822116e-07
1,2045,691.9014417368679
1,2046,435.68143508410697
1,2047,3.560468066337181e-08
1,2048,1.0426775516378232e-07
1,2049,5.693290802730557e-08
1,2050,41310.11624831548
1,2051,46974.98581037007
1,2052,47077.69607007354
1,2053,47469.61304687978
1,2054,45109.968173205925
1,2055,32476.43330522972
1,2056,8.436859572477824e-08
1,2057,3.0749254630474285e-08
1,2058,3.07491506674596e-08
1,2059,3.074917687336811e-08
1,2060,3.0749283259930404e-08
1,2061,3.0751056752849766e-08
1,2062,2.545569728457889e-07
1,2063,1.516239131604401e-07
1,2064,1.2614783077997125e-07
1,2065,1.1381761449016719e-07
1,2066,1.0606268547484136e-07
1,2067,1.0019211885666022e-07
1,2068,9.495741981246019e-08
1,2069,8.956762648469347e-08
1,2070,8.332806471567154e-08
1,2071,7.532380677055615e-08
1,2072,6.33461353264923e-08
1,2073,37204.32972706818
1,2074,45938.208096558636
1,2075,44734.910704921946
1,2076,43483.25297838557
1,2077,44202.36368166064
1,2078,46510.47774118871
1,2079,45286.113780676176
1,2080,13241.08623678006
1,2081,5.6597274067553076e-08
1,2082,5.659734447121048e-08
1,2083,5.659744420602643e-08
1,2084,5.659803371935499e-08
1,2085,5.6598954179277734e-08
1,2086,5.660017534317446e-08
1,2087,1.1304030511391874e-07
1,2088,1.1568180197095467e-07
1,2089,1.1786244419984969e-07
1,2090,1.1958412749849012e-07
1,2091,1.2083328566058502e-07
1,2092,1.215736236946267e-07
1,2093,1.2174052672340497e-07
1,2094,1.212332876649369e-07
1,2095,1.1990202058771596e-07
1,2096,1.1753030856583111e-07
1,2097,1.138075206797768e-07
1,2098,1.0825654915563735e-07
1,2099,1.0002879630158158e-07
1,2100,8.699586681792319e-08
1,2101,621.6772065838152
1,2102,1828.7633550626451
1,2103,5777.849911665746
1,2104,7.187738860491857e-08
1,2105,7.18642374566167e-08
1,2106,7.190507758775256e-08
1,2107,8.611789549352387e-08
1,2108,9.279650438813274e-08
1,2109,9.954981160149336e-08
1,2110,1.0624603009313745e-07
1,2111,1.126766199279752e-07
1,2112,1.185869614688781e-07
1,2113,1.236949667637687e-07
1,2114,1.2769541045997757e-07
1,2115,1.3026165957685928e-07
1,2116,1.3102466713026594e-07
1,2117,1.2953306714517888e-07
1,2118,1.251402561139092e-07
1,2119,1.1667710998130795e-07
1,2120,1.008028348294755e-07
1,2121,29624.232331455732
1,2122,43927.90046108543
1,2123,45030.903394571185
1,2124,45363.850359358
1,2125,46362.32711374082
1,2126,44660.49939201883
1,2127,31327.806873778904
1,2128,1.8431724219887037e-07
1,2129,1.7148802346055324e-08
1,2130,1.7148808115874354e-08
1,2131,1.7148816412409606e-08
1,2132,1.714886870459847e-08
1,2133,1.7148912480074335e-08
1,2134,1.714894322220342e-08
1,2135,1.7148978299880808e-08
1,2136,1.7149008340802137e-08
1,2137,1.7149023445378256e-08
1,2138,1.714904978234648e-08
1,2139,1.714906232564743e-08
1,2140,1.7149117738410704e-08
1,2141,1.7149403469545908e-08
1,2142,1.714908215365196e-08
1,2143,1.7149080813578073e-08
1,2144,1.715099888675449e-08
1,2145,3.332175668277791e-08
1,2146,4.078851486781336e-08
1,2147,5.241698915589072e-08
1,2148,7.304162278613422e-08
1,2149,5051.610767929716
1,2150,3.245530435121418e-07
1,2151,2120.4356095035846
1,2152,1.7149124087288562e-08
1,2153,1.7149002586761637e-08
1,2154,1.7148703775787707e-08
1,2155,1.7148711026769207e-08
1,2156,1.714889451951657e-08
1,2157,1.7149006075293935e-08
1,2158,1.714902172017543e-08
1,2159,1.7149035600910913e-08
1,2160,1.714905091809569e-08
1,2161,1.7149084160920144e-08
1,2162,1.7149100250192392e-08
1,2163,1.903320469084929e-08
1,2164,2.1356163101349853e-08
1,2165,1.71490048971016e-08
1,2166,1.714883635703024e-08
1,2167,1.714881375911617e-08
1,2168,3.4923400951080406e-08
1,2169,3.654762372730066e-08
1,2170,12735.74108170224
1,2171,18780.10197014178
1,2172,23117.796080508288
1,2173,20384.46259018786
1,2174,9914.488384987508
1,2175,249.07210535114893
1,2176,1.7148813527425552e-08
1,2177,1.7148781031846788e-08
1,2178,1.7148729571058032e-08
1,2179,1.7148735842652604e-08
1,2180,1.7148749530051122e-08
1,2181,1.7148784958661038e-08
1,2182,1.7148815901079533e-08
1,2183,1.7148837986352325e-08
1,2184,1.7148859013714848e-08
1,2185,1.7149039521551987e-08
1,2186,1.9033381641009138e-08
1,2187,2.1357062427163596e-08
1,2188,2.429307962116813e-08
1,2189,1.714909105502972e-08
1,2190,1.7148810219118148e-08
1,2191,1.7148814856006895e-08
1,2192,3.12644633049475e-08
1,2193,2.369890199425449e-08
1,2194,39965.50518772554
1,2195,43370.03842035651
1,2196,46171.05662051543
1,2197,47216.67900371124
1,2198,45252.42077687227
1,2199,31303.63593063806
1,2200,3.310310991717479e-08
1,2201,1.7148753655318416e-08
1,2202,1.7148734680899483e-08
1,2203,1.7148735718660533e-08
1,2204,1.7148738220368955e-08
1,2205,1.7148785801648556e-08
1,2206,1.714912873262392e-08
1,2207,2.1356860639673477e-08
1,2208,2.4293310373481818e-08
1,2209,2.812148527685918e-08
1,2210,3.332008049023404e-08
1,2211,4.0784897758976515e-08
1,2212,5.241028517994755e-08
1,2213,7.301670150265931e-08
1,2214,1.7149162416671225e-08
1,2215,1.714888075682021e-08
1,2216,7.481164345188329e-08
1,2217,5.884067169913593e-08
1,2218,5.310158081187831e-08
1,2219,4617.847430750143
1,2220,11495.858046691917
1,2221,10704.051831092464
1,2222,2650.030115170594
1,2223,23323.49676619091
1,2224,6766.528153528327
1,2225,1.8460945815024427e-08
1,2226,1.8460912991027272e-08
1,2227,1.8460927591256257e-08
1,2228,1.846092718999981e-08
1,2229,1.8460954894468845e-08
1,2230,1.0756496082264897e-07
1,2231,6.925546561959448e-08
1,2232,5.8435669096581924e-08
1,2233,5.3014872154080283e-08
1,2234,4.9542831166226144e-08
1,2235,4.6879366183277e-08
1,2236,4.447859047092555e-08
1,2237,4.198582760013737e-08
1,2238,3.9082465909329254e-08
1,2239,3.5343342675263345e-08
1,2240,2.973088266037559e-08
1,2241,41246.296356597086
1,2242,45278.73577291422
1,2243,43960.99136112381
1,2244,43426.943765857846
1,2245,44754.8615721971
1,2246,46676.92531436684
1,2247,42845.54273236954
1,2248,5.100843044652983e-08
1,2249,1.7148839506234365e-08
1,2250,1.7148745273615695e-08
1,2251,1.7148740815356033e-08
1,2252,1.7148743275265072e-08
1,2253,1.7148751592623783e-08
1,2254,1.7148764455205334e-08
1,2255,1.7148786925668053e-08
1,2256,1.714887626957847e-08
1,2257,1.7150841948534068e-08
1,2258,1.464689160444706e-07
1,2259,8.282314483972853e-08
1,2260,6.56187325672093e-08
1,2261,5.561968848172055e-08
1,2262,4.736448386171349e-08
1,2263,3.810758682648043e-08
1,2264,33311.58565527026
1,2265,45687.05213725435
1,2266,45587.996149515675
1,2267,42633.18223024679
1,2268,42069.66270056154
1,2269,43186.268125504575
1,2270,46032.57718297634
1,2271,46630.24484763885
1,2272,19829.794964384913
1,2273,1.7151379035127665e-08
1,2274,1.7148800747585568e-08
1,2275,1.714879753879776e-08
1,2276,1.714880919461147e-08
1,2277,1.7148875504782257e-08
1,2278,1.9617580986381494e-07
1,2279,1.1524889391035923e-07
1,2280,9.566961262198824e-08
1,2281,8.624587226061984e-08
1,2282,8.033544340812994e-08
1,2283,7.586792297693888e-08
1,2284,7.189198616879889e-08
1,2285,6.780392225721262e-08
1,2286,6.307575913841294e-08
1,2287,5.701397639378935e-08
1,2288,4.794139133044355e-08
1,2289,38886.41634999947
1,2290,46738.44684770966
1,2291,44447.28975768922
1,2292,43487.76302668671
1,2293,44526.59916067294
1,2294,45399.365114228975
1,2295,42129.9929260614
1,2296,7478.271625754223
1,2297,4.326280679667604e-08
1,2298,4.326286861785681e-08
1,2299,4.326295369565529e-08
1,2300,4.3263298372917826e-08
1,2301,5.782882309340545e-08
1,2302,6.19962931043498e-08
1,2303,6.598523216651449e-08
1,2304,6.975909799601155e-08
1,2305,7.316664859879441e-08
1,2306,7.604517131886497e-08
1,2307,7.822395481566543e-08
1,2308,7.952137039895851e-08
1,2309,7.973280269748043e-08
1,2310,7.85980883760744e-08
1,2311,7.573775218733204e-08
1,2312,7.046046170656951e-08
1,2313,6.074905574818322e-08
1,2314,33141.9749528007
1,2315,41975.500451337066
1,2316,47637.35039296868
1,2317,49079.28274048196
1,2318,41041.111769228286
1,2319,6168.918490956103
1,2320,1.7148877708345246e-08
1,2321,1.7148771222937596e-08
1,2322,1.7148737152575505e-08
1,2323,1.7148745237179725e-08
1,2324,1.7148770364303686e-08
1,2325,1.7148805262996237e-08
1,2326,1.7148836163862684e-08
1,2327,1.714886340458457e-08
1,2328,1.714887919635513e-08
1,2329,1.7148880800957404e-08
1,2330,1.7148877045555517e-08
1,2331,1.7149311974514007e-08
1,2332,1.7149577075169058e-08
1,2333,1.7148863286891035e-08
1,2334,1.7148789443033032e-08
1,2335,1.71488039059512e-08
1,2336,2.589313604325937e-08
1,2337,2.21176676526338e-08
1,2338,9736.012756322421
1,2339,19005.001766282257
1,2340,26831.165943349566
1,2341,25059.588461612788
1,2342,12073.696544211161
1,2343,3.036530081537898e-08
1,2344,1.714879248470463e-08
1,2345,1.714876007899267e-08
1,2346,1.7148723788235352e-08
1,2347,1.714873305302752e-08
1,2348,1.7148761937765816e-08
1,2349,1.7148790653870018e-08
1,2350,1.714880767186307e-08
1,2351,1.7148826882953174e-08
1,2352,1.7148874051100925e-08
1,2353,1.7149032968078403e-08
1,2354,1.9032699791294238e-08
1,2355,2.1355855171971378e-08
1,2356,2.4291724951980298e-08
1,2357,2.8118762512137162e-08
1,2358,1.7148968914728648e-08
1,2359,1.714897933480938e-08
1,2360,4.622255993803464e-08
1,2361,5.34706237475746e-08
1,2362,7141.7257741807125
1,2363,15503.217497775404
1,2364,20470.142871333606
1,2365,19791.186707841134
1,2366,20225.077540096052
1,2367,2050.3118214011693
1,2368,1.7148837072441045e-08
1,2369,1.7148823730787823e-08
1,2370,1.7148720929919284e-08
1,2371,1.714871689469498e-08
1,2372,1.71487205015815e-08
1,2373,1.7148757678087947e-08
1,2374,1.7148862448460554e-08
1,2375,1.7148934869845307e-08
1,2376,1.7148958222228567e-08
1,2377,1.7148968256329938e-08
1,2378,1.714896538123923e-08
1,2379,1.7148957199937726e-08
1,2380,1.714889946826252e-08
1,2381,1.714883684702525e-08
1,2382,1.7148965156379086e-08
1,2383,3.4289328769472756e-08
1,2384,2.4422961423970375e-08
1,2385,40137.50866883742
1,2386,46227.42752017949
1,2387,43911.63390338997
1,2388,43260.96976946334
1,2389,44517.88602029144
1,2390,46604.17828724566
1,2391,43677.07188961581
1,2392,3.473269519151963e-08
1,2393,1.7148793979182455e-08
1,2394,1.7148753747099518e-08
1,2395,1.7148751135903618e-08
1,2396,1.7148757889866512e-08
1,2397,1.7148769812471885e-08
1,2398,1.7148786206570962e-08
1,2399,1.714880019554709e-08
1,2400,1.714885920488002e-08
1,2401,1.714896506614636e-08
1,2402,1.7149005769576028e-08
1,2403,1.7148937757373848e-08
1,2404,1.714886445464115e-08
1,2405,1.7148798110500952e-08
1,2406,1.7148840259250043e-08
1,2407,3.1264400081466414e-08
1,2408,2.369870356725917e-08
1,2409,33900.79770413011
1,2410,44340.706272894706
1,2411,44897.94249867754
1,2412,44572.431269360735
1,2413,45990.924655365634
1,2414,46395.41813630078
1,2415,37538.699799153736
1,2416,3.393437463475058e-08
1,2417,1.7148773038884755e-08
1,2418,1.714874522344085e-08
1,2419,1.71487337008722e-08
1,2420,1.7148740989255285e-08
1,2421,1.7148764357122307e-08
1,2422,1.7148785039881333e-08
1,2423,1.7148824536966677e-08
1,2424,1.7148896445296798e-08
1,2425,1.714892129655568e-08
1,2426,1.7148989160272984e-08
1,2427,1.7148940946744274e-08
1,2428,1.7148882584005804e-08
1,2429,1.7148862703935856e-08
1,2430,3.4362480943549276e-08
1,2431,2.9173447695461907e-08
1,2432,2.342324852247545e-08
1,2433,38732.18803777657
1,2434,45988.60438691991
1,2435,45288.42252392764
1,2436,46475.2056405981
1,2437,46633.79930852196
1,2438,42860.92387688544
1,2439,18428.74084711826
1,2440,3.472985903169837e-08
1,2441,1.714878207085806e-08
1,2442,1.7148737914884828e-08
1,2443,1.7148737189167328e-08
1,2444,1.7148744485522688e-08
1,2445,1.7148758291058585e-08
1,2446,1.7148784973551877e-08
1,2447,1.7148893473312296e-08
1,2448,1.7149314528043904e-08
1,2449,1.1237730252319702e-07
1,2450,6.763698849769953e-08
1,2451,5.549311356485879e-08
1,2452,4.899555374364087e-08
1,2453,4.429188428241808e-08
1,2454,4.0059157729482365e-08
1,2455,3.548394786356303e-08
1,2456,2.936248275584323e-08
1,2457,19722.532159800296
1,2458,36435.57991537142
1,2459,39951.850578365316
1,2460,44369.80357858291
1,2461,46955.8272874461
1,2462,47471.45014294037
1,2463,39969.96612328556
1,2464,1869.268044531656
1,2465,5.040767099921391e-08
1,2466,1.7148765714621354e-08
1,2467,1.7148752707535982e-08
1,2468,1.714875304283228e-08
1,2469,1.714876910745248e-08
1,2470,1.714895397672664e-08
1,2471,1.4824705162405768e-07
1,2472,8.70532447981928e-08
1,2473,7.162192528799554e-08
1,2474,6.3769272582317e-08
1,2475,5.841559704194071e-08
1,2476,5.3900987825574115e-08
1,2477,4.939261819371984e-08
1,2478,4.415315002244386e-08
1,2479,3.679649771721891e-08
1,2480,12473.683780094552
1,2481,25319.324279928125
1,2482,26368.89443378623
1,2483,26323.397454116068
1,2484,29226.0165407343
1,2485,29407.88932729556
1,2486,24666.124567874434
1,2487,20500.900427955796
1,2488,18809.634817345108
1,2489,3.3735252650028084e-08
1,2490,3.3735077727661724e-08
1,2491,3.373511593923566e-08
1,2492,3.373525605606276e-08
1,2493,3.373533837432277e-08
1,2494,4.778589608781219e-08
1,2495,5.531510941937087e-08
1,2496,6.553786627782297e-08
1,2497,8.021531675253177e-08
1,2498,1.0306967746126527e-07
1,2499,1.4356970353540666e-07
1,2500,2.3499398930007368e-07
1,2501,6.36025504039241e-07
1,2502,3.3736387778545416e-08
1,2503,9.105044819870175e-08
1,2504,5.257771336565658e-08
1,2505,38277.79202935775
1,2506,45826.07427895484
1,2507,44606.64906342838
1,2508,43955.38794404141
1,2509,45107.89758499156
1,2510,46688.1120527552
1,2511,40615.56030538691
1,2512,8.365364478472067e-08
1,2513,1.7148764314486056e-08
1,2514,1.7148736508142674e-08
1,2515,1.7148732717619413e-08
1,2516,1.7148734952404036e-08
1,2517,1.7148750778506536e-08
1,2518,1.7148820071856213e-08
1,2519,1.71496695580345e-08
1,2520,2.4289608519794813e-08
1,2521,2.811351542736094e-08
1,2522,3.330471041148236e-08
1,2523,4.075586426292377e-08
1,2524,5.2352794267641434e-08
1,2525,7.287483699502354e-08
1,2526,1.7151084132163854e-08
1,2527,4.052667187446046e-08
1,2528,2.568880195773587e-08
1,2529,36127.17214665541
1,2530,44571.17574300287
1,2531,45082.02486591947
1,2532,45652.791292115144
1,2533,46971.52742859767
1,2534,42336.04888593421
1,2535,5960.501907154993
1,2536,3.623446603228048e-08
1,2537,1.714877070676927e-08
1,2538,1.7148752330145534e-08
1,2539,1.7148757940298854e-08
1,2540,1.714877361963765e-08
1,2541,1.7148790903663422e-08
1,2542,1.7148817630077066e-08
1,2543,1.7148856692627732e-08
1,2544,1.714895315851653e-08
1,2545,1.7149071602457302e-08
1,2546,1.7149125689661446e-08
1,2547,1.7148975209582744e-08
1,2548,1.7148880536262996e-08
1,2549,1.7148795043516623e-08
1,2550,1.7148773208233747e-08
1,2551,1.7148815022601335e-08
1,2552,7.774173092200943e-08
1,2553,3.490275547900668e-08
1,2554,30634.541539498303
1,2555,40317.83210915554
1,2556,45327.957683786604
1,2557,44033.53478152039
1,2558,33380.731907935646
1,2559,3.508295691201932e-08
1,2560,9.82908308790986e-08
1,2561,1.71487663360115e-08
1,2562,1.7148745857529715e-08
1,2563,1.7148751282518245e-08
1,2564,1.7148760065745076e-08
1,2565,1.7148775133129672e-08
1,2566,1.714879489428297e-08
1,2567,1.7148858663260048e-08
1,2568,1.7148952266157156e-08
1,2569,1.7149124087515567e-08
1,2570,1.7149017018414125e-08
1,2571,1.7148939801267738e-08
1,2572,1.7148873555783163e-08
1,2573,1.7148828039827385e-08
1,2574,1.71490496245273e-08
1,2575,1.60057383393554e-07
1,2576,9.203466668694573e-08
1,2577,7.441921597073407e-08
1,2578,10546.477897057553
1,2579,15753.272953511812
1,2580,20105.42621018232
1,2581,21214.977180258997
1,2582,9352.313623898743
1,2583,7175.366052899086
1,2584,1033.8282953063294
1,2585,1.71487677869044e-08
1,2586,1.714873833080511e-08
1,2587,1.7148738925462897e-08
1,2588,1.714875187480434e-08
1,2589,1.7148765766598683e-08
1,2590,1.7148798398732712e-08
1,2591,1.714896260346244e-08
1,2592,1.9367487942882015e-07
1,2593,1.116687079133152e-07
1,2594,9.09531452451519e-08
1,2595,8.007516667320506e-08
1,2596,7.22807210911026e-08
1,2597,6.531395122528062e-08
1,2598,5.7819120514428105e-08
1,2599,4.782216021636664e-08
1,2600,15807.35126220389
1,2601,40270.66225939728
1,2602,45049.72093028811
1,2603,43749.33913071779
1,2604,42728.323340108225
1,2605,43455.890551986005
1,2606,45417.80602311969
1,2607,46505.259166473596
1,2608,34380.77994647131
1,2609,4.326333026936647e-08
1,2610,4.32632155594688e-08
1,2611,4.3263411128127726e-08
1,2612,4.326364566802039e-08
1,2613,4.326794629997381e-08
1,2614,6.512558715598385e-08
1,2615,6.870599286306093e-08
1,2616,7.184816818220623e-08
1,2617,7.436461985876029e-08
1,2618,7.605157835157913e-08
1,2619,7.66808653101267e-08
1,2620,7.597508375403056e-08
1,2621,7.354375500721823e-08
1,2622,6.869015038745482e-08
1,2623,5.944146744041095e-08
1,2624,14634.534643009494
1,2625,46446.21070184058
1,2626,46103.418507143695
1,2627,42839.66831424703
1,2628,41902.28218013334
1,2629,42405.645836734635
1,2630,43935.66175118224
1,2631,46297.955372303106
1,2632,42209.14354919323
1,2633,5.603400363306032e-08
1,2634,5.6033367853050684e-08
1,2635,5.603334294976026e-08
1,2636,5.6057333250852514e-08
1,2637,6.031700607476775e-08
1,2638,6.358234718671077e-08
1,2639,6.396911803473231e-08
1,2640,67.18227829112467
1,2641,3716.859493377303
1,2642,4498.143557199587
1,2643,4625.359485747989
1,2644,808.1200354526668
1,2645,6.190266748777899e-08
1,2646,6.190191958201335e-08
1,2647,6.539529025147975e-08
1,2648,38816.8445610731
1,2649,47559.96871451362
1,2650,44416.64083702604
1,2651,41839.540085400455
1,2652,41107.91815441232
1,2653,41302.843602606445
1,2654,42346.82640555652
1,2655,44941.28865140652
1,2656,47411.718833763116
1,2657,33051.33141197255
1,2658,1439.039616768988
1,2659,1368.0723490571338
1,2660,1380.8039269609694
1,2661,1416.5927091266083
1,2662,1642.149615185918
1,2663,11636.422029415413
1,2664,22777.504546160522
1,2665,25637.054366541568
1,2666,26353.287306933173
1,2667,27121.713874103763
1,2668,25720.44355756672
1,2669,22798.653093818128
1,2670,22068.41810150106
1,2671,28287.03478274361
1,2672,42867.83905654512
1,2673,46130.794056921826
1,2674,43368.74625510201
1,2675,41347.40927152563
1,2676,40992.11571655155
1,2677,41367.22558137641
1,2678,42487.4477500531
1,2679,45495.86273371053
1,2680,46568.62550853592
1,2681,27086.391401704605
1,2682,9.123965327116894e-08
1,2683,9.123929561180512e-08
1,2684,9.123934530133279e-08
1,2685,9.129834847957123e-08
1,2686,9.828906148817685e-08
1,2687,1.0384355493020818e-07
1,2688,1.0554136053455253e-07
1,2689,221.3504035577644
1,2690,9.606662839157262e-08
1,2691,1.0376055101708498e-07
1,2692,1.1088429155864951e-07
1,2693,1.1663434320961655e-07
1,2694,1.192921969228025e-07
1,2695,1.144384849012265e-07
1,2696,14792.734414846305
1,2697,44806.555194270986
1,2698,46317.71653296786
1,2699,43358.97095583394
1,2700,42676.15222191003
1,2701,44031.750854299455
1,2702,46367.8847905798
1,2703,44020.651942191544
1,2704,7260.89067998464
1,2705,1.7148813792641733e-08
1,2706,1.7148745729946225e-08
1,2707,1.7148743651595035e-08
1,2708,1.7148751427333773e-08
1,2709,1.7148759476142382e-08
1,2710,1.7148774695759127e-08
1,2711,1.7148801189594465e-08
1,2712,1.7148834187155447e-08
1,2713,1.715032072304576e-08
1,2714,1.903500443483757e-08
1,2715,2.1358968599123916e-08
1,2716,2.429573021419038e-08
1,2717,1.714925307709107e-08
1,2718,1.7148910211913225e-08
1,2719,1.7148896852553627e-08
1,2720,3.1266408158551155e-08
1,2721,2.3699284351398213e-08
1,2722,29474.41672766483
1,2723,38690.44508789239
1,2724,44089.5766157465
1,2725,43828.914963764924
1,2726,35402.43838482397
1,2727,7645.70876184074
1,2728,1.714923376958829e-08
1,2729,1.71487526125802e-08
1,2730,1.7148736218355762e-08
1,2731,1.7148733018322886e-08
1,2732,1.7148747243604266e-08
1,2733,1.7148772465595916e-08
1,2734,1.714879426988755e-08
1,2735,1.714889877074444e-08
1,2736,1.7149791957002495e-08
1,2737,2.906975101652935e-08
1,2738,2.9695437196832007e-08
1,2739,2.9908842930729136e-08
1,2740,2.9604274658298488e-08
1,2741,2.8631473942472552e-08
1,2742,2.67208385785579e-08
1,2743,2.31057310909963e-08
1,2744,10733.661937565415
1,2745,39305.15467903604
1,2746,44726.06787866707
1,2747,44082.74925509815
1,2748,42818.39540332516
1,2749,43136.59940372184
1,2750,44759.02311464556
1,2751,46764.44149716083
1,2752,39547.27599366744
1,2753,3.764101134520666e-08
1,2754,1.7148754953636965e-08
1,2755,1.7148740212014464e-08
1,2756,1.7148743751741434e-08
1,2757,1.7148794164313365e-08
1,2758,1.714887947666205e-08
1,2759,1.715079499080624e-08
1,2760,2.5687423907060726e-08
1,2761,2.6910101968860654e-08
1,2762,2.7863996613618225e-08
1,2763,2.8440026442038275e-08
1,2764,2.850380691238097e-08
1,2765,2.7878672382427655e-08
1,2766,2.631572542910037e-08
1,2767,2.2986902276057945e-08
1,2768,30919.15261832791
1,2769,43425.29362204403
1,2770,45045.35657240189
1,2771,42177.91561645205
1,2772,42431.26931634944
1,2773,44161.84280021048
1,2774,46270.3230683575
1,2775,45187.24918745103
1,2776,10580.61466272897
1,2777,1.7148811813678e-08
1,2778,1.7148773429021355e-08
1,2779,1.7148751868393993e-08
1,2780,1.714875951403186e-08
1,2781,1.714878936639688e-08
1,2782,1.714882584994906e-08
1,2783,1.7148848522198745e-08
1,2784,1.7148863686605883e-08
1,2785,1.7148865674839544e-08
1,2786,1.7148864558643243e-08
1,2787,1.7148851509765265e-08
1,2788,1.7148907684336418e-08
1,2789,1.7148865376124904e-08
1,2790,1.71488552324378e-08
1,2791,1.7148908677147123e-08
1,2792,3.097080381410906e-08
1,2793,3.7353178880055414e-08
1,2794,6245.713532387856
1,2795,13577.657298183436
1,2796,19606.246107250558
1,2797,17963.33392771901
1,2798,8749.519578712927
1,2799,4903.034189722987
1,2800,1.7149810908524433e-08
1,2801,1.7150219133285258e-08
1,2802,1.7148554799426268e-08
1,2803,1.7148528742829338e-08
1,2804,1.7148531867327204e-08
1,2805,1.714858733265734e-08
1,2806,1.7150581192378766e-08
1,2807,1.7150694088047057e-08
1,2808,1.715072781797983e-08
1,2809,1.7150743827336215e-08
1,2810,1.715075312136457e-08
1,2811,1.71507511459516e-08
1,2812,1.715074257685131e-08
1,2813,1.715072942575001e-08
1,2814,1.715073043628742e-08
1,2815,1.7150735901560836e-08
1,2816,1.7150749200035706e-08
1,2817,1.7150799790430346e-08
1,2818,1.715085537254261e-08
1,2819,1.715084503575232e-08
1,2820,1.7150893852246516e-08
1,2821,1.7150822076727773e-08
1,2822,1.7150750734771315e-08
1,2823,1.7150709649424656e-08
1,2824,1.715065544486918e-08
1,2825,1.7150255337570677e-08
1,2826,1.7148605154261045e-08
1,2827,1.7148575444936174e-08
1,2828,1.7148606540027275e-08
1,2829,1.7150431030140708e-08
1,2830,1.715060446299963e-08
1,2831,1.7150630245008807e-08
1,2832,1.7150636479852313e-08
1,2833,1.7150628133359057e-08
1,2834,1.7150610926460716e-08
1,2835,1.7150588828851736e-08
1,2836,1.7150562784350436e-08
1,2837,1.7150527068393064e-08
1,2838,1.7150473399267442e-08
1,2839,1.715037451455409e-08
1,2840,1.715032713822597e-08
1,2841,1.7150392919126526e-08
1,2842,1.7150412659300512e-08
1,2843,1.7150407297890276e-08
1,2844,1.7150413986353807e-08
1,2845,1.7150431721661794e-08
1,2846,1.715040947681477e-08
1,2847,1.7150365531102223e-08
1,2848,1.7150313591929588e-08
1,2849,1.7150249339137455e-08
1,2850,1.7150136686194925e-08
1,2851,1.714996794396052e-08
1,2852,1.7149808221132837e-08
1,2853,1.715004936519231e-08
1,2854,1.715009726276079e-08
1,2855,1.715009725795303e-08
1,2856,1.7150095786816043e-08
1,2857,1.715008757408962e-08
1,2858,1.715005997446632e-08
1,2859,1.715003300874554e-08
1,2860,1.714998924437936e-08
1,2861,1.7149931520639157e-08
1,2862,1.7149861918556135e-08
1,2863,1.7149856683628246e-08
1,2864,1.714982276818848e-08
1,2865,1.715014478573742e-08
1,2866,2.4295588813091922e-08
1,2867,2.8124715049208135e-08
1,2868,3.332476186177608e-08
1,2869,4.079215415527958e-08
1,2870,5.2422451333604706e-08
1,2871,7.304099498249832e-08
1,2872,1.7149607798782002e-08
1,2873,1.7149327185203025e-08
1,2874,1.7149228858030476e-08
1,2875,1.7149152716680306e-08
1,2876,1.7149078135402196e-08
1,2877,1.7148993534801745e-08
1,2878,1.71489428335e-08
1,2879,8.985583704624331e-08
1,2880,5.767991268290027e-08
1,2881,4.745995075960957e-08
1,2882,4.1516655464635165e-08
1,2883,3.6844556473378406e-08
1,2884,3.2232680128046234e-08
1,2885,2.642528472845691e-08
1,2886,973.9808798670031
1,2887,8530.479503538887
1,2888,28174.223760299457
1,2889,36222.191019873586
1,2890,41383.81984880383
1,2891,42983.202874078146
1,2892,43450.547854499055
1,2893,42884.61061465088
1,2894,37472.97618589818
1,2895,3884.351901217137
1,2896,1.7150351075803964e-08
1,2897,1.7148756732826283e-08
1,2898,1.7148734598801662e-08
1,2899,1.71487494460695e-08
1,2900,1.7148758999333983e-08
1,2901,1.714879518556066e-08
1,2902,1.7149190624433686e-08
1,2903,3.027416281129369e-08
1,2904,3.25843158855419e-08
1,2905,3.509922849592598e-08
1,2906,3.790339682461889e-08
1,2907,4.113129987015488e-08
1,2908,4.4993439983171486e-08
1,2909,4.9824660149987534e-08
1,2910,5.6181040961614725e-08
1,2911,6.505881227286204e-08
1,2912,7.845248785010798e-08
1,2913,3467.503674996357
1,2914,2617.6076117103316
1,2915,4695.674488069328
1,2916,18015.49464967544
1,2917,22474.41751516904
1,2918,21816.006122697356
1,2919,12094.958150414686
1,2920,1.7149148613734025e-08
1,2921,1.714908300555365e-08
1,2922,1.7148760853617854e-08
1,2923,1.7148746070402648e-08
1,2924,1.714874859849784e-08
1,2925,1.714876513092756e-08
1,2926,1.7148816860256254e-08
1,2927,1.715449022130885e-08
1,2928,3.90822753852462e-08
1,2929,3.7708993804725754e-08
1,2930,3.641715621566916e-08
1,2931,3.503472653200917e-08
1,2932,3.339952502546715e-08
1,2933,3.1318247359716085e-08
1,2934,2.8482200954943715e-08
1,2935,2.407191116126213e-08
1,2936,21795.52361717051
1,2937,34262.53859283006
1,2938,36988.96396251496
1,2939,33846.42879429789
1,2940,35223.73405622978
1,2941,37201.07129816992
1,2942,36635.08315039737
1,2943,29146.68785236834
1,2944,3.8980825543629316e-08
1,2945,1.7148898277039428e-08
1,2946,1.7148840140489247e-08
1,2947,1.714885914824401e-08
1,2948,1.7148891430051987e-08
1,2949,1.714893737525018e-08
1,2950,1.7148992992490594e-08
1,2951,1.7149041088447743e-08
1,2952,1.714908127934794e-08
1,2953,1.7149105201631906e-08
1,2954,1.7149122850627235e-08
1,2955,1.7149135878857937e-08
1,2956,1.7149135533708952e-08
1,2957,1.714913137798913e-08
1,2958,1.7149122880368256e-08
1,2959,1.7149117567093208e-08
1,2960,1.7149124565523364e-08
1,2961,1.714915650090842e-08
1,2962,1.714917594143264e-08
1,2963,1.714916787762816e-08
1,2964,1.714918901740212e-08
1,2965,1.7149209356418237e-08
1,2966,1.7149210653100318e-08
1,2967,1.714919435613559e-08
1,2968,1.7149173106071166e-08
1,2969,1.7149094407877506e-08
1,2970,1.7148764924244746e-08
1,2971,1.7148730451853713e-08
1,2972,1.7148766872617037e-08
1,2973,1.7148955342770556e-08
1,2974,1.7149104696535995e-08
1,2975,1.714914162366578e-08
1,2976,1.7149154755082035e-08
1,2977,1.714915385981903e-08
1,2978,1.7149146809757135e-08
1,2979,1.7149124379738545e-08
1,2980,1.7149099301440952e-08
1,2981,1.7149275105924364e-08
1,2982,1.714922549785755e-08
1,2983,1.71491893255832e-08
1,2984,2.6413954408849972e-08
1,2985,3.097211207092615e-08
1,2986,3.7353540348011405e-08
1,2987,4.6926417591084085e-08
1,2988,6.28864250402697e-08
1,2989,7467.632157231214
1,2990,9019.63241717734
1,2991,4958.452360719784
1,2992,5547.866719869102
1,2993,1.7148891159231836e-08
1,2994,1.7148802219173176e-08
1,2995,1.714877310786712e-08
1,2996,1.7148771257266147e-08
1,2997,1.714876053942284e-08
1,2998,1.714881540750327e-08
1,2999,1.7149354955425534e-08
1,3000,2.0508810422929097e-08
1,3001,2.198256860138094e-08
1,3002,2.33960396121255e-08
1,3003,2.4663739066884072e-08
1,3004,2.5669513736979092e-08
1,3005,2.6260122571895514e-08
1,3006,2.6227828633447237e-08
1,3007,2.5247308235231498e-08
1,3008,2.2510943759392765e-08
1,3009,19423.944336937366
1,3010,35578.36488928738
1,3011,38223.49730613002
1,3012,41512.36536807884
1,3013,43406.296309249585
1,3014,37927.993775664974
1,3015,27408.921453783387
1,3016,3.549639696434105e-08
1,3017,1.714879456533603e-08
1,3018,1.7148755019180374e-08
1,3019,1.7148750664458632e-08
1,3020,1.714876468707552e-08
1,3021,1.7148775293103702e-08
1,3022,1.7148793823524905e-08
1,3023,1.714881706280216e-08
1,3024,1.7148843754036833e-08
1,3025,1.714882891314207e-08
1,3026,1.714884666070493e-08
1,3027,1.7149905964899585e-08
1,3028,1.7149041228757057e-08
1,3029,1.7148870356187355e-08
1,3030,1.7148847366591695e-08
1,3031,1.7148951093290963e-08
1,3032,2.844587713790532e-08
1,3033,2.292552044160789e-08
1,3034,9143.873124324231
1,3035,23426.476774579052
1,3036,32863.74689736643
1,3037,36618.047639245735
1,3038,31790.43096531299
1,3039,16550.43403185958
1,3040,3.2234086252520497e-08
1,3041,1.7148769284990587e-08
1,3042,1.714875837159109e-08
1,3043,1.7148751233966316e-08
1,3044,1.7148768427522194e-08
1,3045,1.7148782762819602e-08
1,3046,1.7148803344988384e-08
1,3047,1.714882431187953e-08
1,3048,1.7148837272825323e-08
1,3049,1.7148840155563046e-08
1,3050,1.714883332461841e-08
1,3051,1.7148832563545753e-08
1,3052,1.714900437232403e-08
1,3053,1.7148885996684607e-08
1,3054,1.7148904859830516e-08
1,3055,1.714953227989263e-08
1,3056,3.331923182718204e-08
1,3057,4.0784502173339785e-08
1,3058,9258.715257966936
1,3059,15763.033578546563
1,3060,17323.586510767902
1,3061,15145.434553910769
1,3062,21247.187418606325
1,3063,889.3672593751697
1,3064,1.7148924922490274e-08
1,3065,1.7148970635594664e-08
1,3066,1.7148762501899924e-08
1,3067,1.7148708935251736e-08
1,3068,1.714872877822164e-08
1,3069,1.714876829318277e-08
1,3070,1.714904087472439e-08
1,3071,1.7149141391260267e-08
1,3072,1.7149163219397573e-08
1,3073,1.7149178358637668e-08
1,3074,1.7149185810819986e-08
1,3075,1.714919675683364e-08
1,3076,1.7149267422407184e-08
1,3077,1.714930028396517e-08
1,3078,1.7149839151174486e-08
1,3079,2.8122328305946068e-08
1,3080,3.332168353858267e-08
1,3081,4.078802168918852e-08
1,3082,5.241685734145695e-08
1,3083,7.303449349162433e-08
1,3084,337.04006789766134
1,3085,2280.2872667737256
1,3086,11637.254462823374
1,3087,1.7151560630284058e-08
1,3088,1.7149248615206108e-08
1,3089,1.7149179263075732e-08
1,3090,1.7149095149813994e-08
1,3091,1.7148816203737958e-08
1,3092,1.714902581617943e-08
1,3093,1.7149134092780548e-08
1,3094,1.7149174639349878e-08
1,3095,1.714920233309209e-08
1,3096,1.7149225048814892e-08
1,3097,1.714923470925615e-08
1,3098,1.71492415021995e-08
1,3099,1.7149244500123538e-08
1,3100,1.71492734638358e-08
1,3101,1.903342032632521e-08
1,3102,2.1357450674222068e-08
1,3103,2.4294082005666914e-08
1,3104,2.812263037060394e-08
1,3105,3.332202424092287e-08
1,3106,4.0788407367263826e-08
1,3107,5.241708964058155e-08
1,3108,7.305032693909251e-08
1,3109,80.77488694593099
1,3110,3.244808499738307e-07
1,3111,1.7151091670387778e-08
1,3112,1.7149229594735688e-08
1,3113,1.7149156600970115e-08
1,3114,1.7149091449730134e-08
1,3115,1.714902374210745e-08
1,3116,1.714905603500817e-08
1,3117,1.7149088866391454e-08
1,3118,1.7149114032871953e-08
1,3119,1.714913446589856e-08
1,3120,1.714915664390452e-08
1,3121,1.7149174339120744e-08
1,3122,1.7149188064357918e-08
1,3123,1.71491738774844e-08
1,3124,1.714914815458118e-08
1,3125,1.7149089680535806e-08
1,3126,1.7149035702399012e-08
1,3127,1.714896471261175e-08
1,3128,1.7148827941473307e-08
1,3129,1.7148926969812954e-08
1,3130,1.7148897247406506e-08
1,3131,1.7148860081582837e-08
1,3132,1.7148848525901973e-08
1,3133,2.811686303600956e-08
1,3134,3.3308162208002415e-08
1,3135,4.075441300097516e-08
1,3136,5.234011007517283e-08
1,3137,7.284698531750272e-08
1,3138,1.1904900458457337e-07
1,3139,1.7153269100332976e-08
1,3140,7.170065638636427e-08
1,3141,5.545089775025415e-08
1,3142,4.9053095088214124e-08
1,3143,4.553298305309513e-08
1,3144,4.3207857903468936e-08
1,3145,4.1420449947049854e-08
1,3146,3.982736849778029e-08
1,3147,3.819797011318473e-08
1,3148,3.633360138756691e-08
1,3149,3.40119299723163e-08
1,3150,3.0890874589008634e-08
1,3151,2.6081190970179052e-08
1,3152,32676.65816320351
1,3153,40724.27622331707
1,3154,40641.565273290274
1,3155,40179.16316835815
1,3156,43257.59900634714
1,3157,45207.91570037147
1,3158,44327.940508512365
1,3159,39985.08754359155
1,3160,14829.244664780652
1,3161,4.450693398918605e-08
1,3162,1.7148838192794583e-08
1,3163,1.7148871950950495e-08
1,3164,1.7148917803642527e-08
1,3165,1.7148960701903967e-08
1,3166,1.7149012673606056e-08
1,3167,1.7149080234197373e-08
1,3168,1.7149143533992737e-08
1,3169,1.714918230617712e-08
1,3170,1.714920477749365e-08
1,3171,1.7149208937760344e-08
1,3172,1.7149195181172787e-08
1,3173,1.7149193718401097e-08
1,3174,1.7149193631410813e-08
1,3175,1.7149225267054625e-08
1,3176,1.7149409161698793e-08
1,3177,1.903324052602147e-08
1,3178,1.7150962839332796e-08
1,3179,1.7149475090596334e-08
1,3180,1.7149403075594272e-08
1,3181,1.714940465545641e-08
1,3182,1.714933115540908e-08
1,3183,1.7149290966806036e-08
1,3184,1.7149271659537037e-08
1,3185,1.7149232661797944e-08
1,3186,1.7149101556886403e-08
1,3187,1.7148972587632913e-08
1,3188,1.714903747870503e-08
1,3189,1.7149198015771933e-08
1,3190,1.7149273641594133e-08
1,3191,1.7149317651444016e-08
1,3192,1.714934539427348e-08
1,3193,1.7149361704970305e-08
1,3194,1.7149373910765897e-08
1,3195,1.7149373651594144e-08
1,3196,1.7149366995809144e-08
1,3197,1.71493582082184e-08
1,3198,1.7149343122493845e-08
1,3199,1.7149340051914708e-08
1,3200,1.7149359710834518e-08
1,3201,1.7149391339519107e-08
1,3202,1.7149409972177186e-08
1,3203,1.714939790857471e-08
1,3204,1.7149431137213056e-08
1,3205,1.7149527834562077e-08
1,3206,1.7149516997324395e-08
1,3207,1.7149388017401678e-08
1,3208,1.7149341819428524e-08
1,3209,1.7149290362038065e-08
1,3210,1.7149206176683658e-08
1,3211,1.7149170211308963e-08
1,3212,1.7149215541317292e-08
1,3213,1.7149250901985e-08
1,3214,1.714927721736405e-08
1,3215,1.7149310214430364e-08
1,3216,1.714936311004211e-08
1,3217,1.7149454399881974e-08
1,3218,1.714945043604222e-08
1,3219,1.714937831993153e-08
1,3220,1.7149296601750316e-08
1,3221,1.7149254409714454e-08
1,3222,1.714922729100936e-08
1,3223,1.714921882303125e-08
1,3224,1.7149298506436035e-08
1,3225,1.7149931710364372e-08
1,3226,1.7150268731482444e-08
1,3227,1.9033642839034424e-08
1,3228,2.135729073560766e-08
1,3229,2.4293758909119974e-08
1,3230,2.812166318225874e-08
1,3231,1.7149434310401764e-08
1,3232,1.7149080702853926e-08
1,3233,1.714899164547104e-08
1,3234,1.7148981386546795e-08
1,3235,1.7148932995435934e-08
1,3236,1.714890498668217e-08
1,3237,1.7148874972791356e-08
1,3238,1.714885843819323e-08
1,3239,1.7149044598609875e-08
1,3240,3.3386442368432353e-08
1,3241,3.315857060411429e-08
1,3242,3.2584915115876575e-08
1,3243,3.157681936682765e-08
1,3244,2.999152504107368e-08
1,3245,2.7558639072858336e-08
1,3246,2.3498584131970927e-08
1,3247,6298.298056385979
1,3248,37027.901086766535
1,3249,42942.32938062177
1,3250,42566.86244987815
1,3251,41688.938105946836
1,3252,42160.199984504616
1,3253,43618.970125355816
1,3254,45600.54879551483
1,3255,45765.63363297487
1,3256,31758.134281432176
1,3257,3.898102099019352e-08
1,3258,1.7148891979529036e-08
1,3259,1.714876078133545e-08
1,3260,1.714875446646427e-08
1,3261,1.7148758042705137e-08
1,3262,1.7148774753306546e-08
1,3263,1.7148875216733457e-08
1,3264,1.161187739187299e-07
1,3265,6.840857955395187e-08
1,3266,5.53701015153918e-08
1,3267,4.81144095065711e-08
1,3268,4.25475230900012e-08
1,3269,3.71381399063333e-08
1,3270,3.039697607980384e-08
1,3271,28679.629202080327
1,3272,43676.82368042348
1,3273,45447.45119189077
1,3274,43106.25708419491
1,3275,41091.04037371354
1,3276,41268.75681915563
1,3277,42830.930685841966
1,3278,45144.03744232943
1,3279,46088.7789505115
1,3280,34442.24656049726
1,3281,5.34171454507105e-08
1,3282,1.7148751208972068e-08
1,3283,1.7148732828529907e-08
1,3284,1.7148731793187983e-08
1,3285,1.714875287694596e-08
1,3286,1.7148804341468436e-08
1,3287,1.714927229203009e-08
1,3288,2.2899586200562374e-08
1,3289,2.4411797391710015e-08
1,3290,2.5829588597565652e-08
1,3291,2.70737658493942e-08
1,3292,2.804978396172994e-08
1,3293,2.8647021931336682e-08
1,3294,2.873279845758245e-08
1,3295,2.813113024677103e-08
1,3296,2.654924812118967e-08
1,3297,2.321612757260846e-08
1,3298,27866.141096530562
1,3299,34015.10822167883
1,3300,39601.720166710234
1,3301,41140.04561713324
1,3302,37067.624207775865
1,3303,26752.79238474801
1,3304,3.6233025577652345e-08
1,3305,1.7148814918484045e-08
1,3306,1.714875427471634e-08
1,3307,1.714874276402648e-08
1,3308,1.7148744738036762e-08
1,3309,1.7148747150864323e-08
1,3310,1.714875047909394e-08
1,3311,1.714875978376103e-08
1,3312,1.7149434931893555e-08
1,3313,2.0507641386256482e-08
1,3314,2.1981484497677728e-08
1,3315,2.339494243891059e-08
1,3316,2.4662641400516414e-08
1,3317,2.566851635058795e-08
1,3318,2.6259382590160366e-08
1,3319,2.622799950710114e-08
1,3320,2.5246946694305314e-08
1,3321,2.251075670887663e-08
1,3322,15531.147641400006
1,3323,24897.983356679615
1,3324,30143.64368486494
1,3325,31174.319334373995
1,3326,24132.88405028128
1,3327,10499.238334502574
1,3328,3.4733035260157215e-08
1,3329,1.7148808206588194e-08
1,3330,1.7148816124838533e-08
1,3331,1.7148822237956628e-08
1,3332,1.7148845694606255e-08
1,3333,1.714887634061743e-08
1,3334,1.7148917272979773e-08
1,3335,1.7148955713608356e-08
1,3336,1.7148990816551044e-08
1,3337,1.714901369507358e-08
1,3338,1.714902988697234e-08
1,3339,1.714903343123602e-08
1,3340,1.7149025854600844e-08
1,3341,1.714901976259081e-08
1,3342,1.7149009751799785e-08
1,3343,1.714899896342235e-08
1,3344,1.714900732537904e-08
1,3345,1.714906072407076e-08
1,3346,1.7149155421181968e-08
1,3347,1.7149831821828887e-08
1,3348,1.9034226395254805e-08
1,3349,2.1357477222792674e-08
1,3350,1.714941813822193e-08
1,3351,1.7149099334424415e-08
1,3352,1.714903411823395e-08
1,3353,1.7148976883123336e-08
1,3354,1.7148900604777446e-08
1,3355,1.714879416263285e-08
1,3356,1.7148802781985912e-08
1,3357,1.714885809769276e-08
1,3358,1.7148941337914253e-08
1,3359,1.7148964248522397e-08
1,3360,1.7148968357604585e-08
1,3361,1.714896446409567e-08
1,3362,1.714893817828146e-08
1,3363,1.7148894785102057e-08
1,3364,1.7148850382848915e-08
1,3365,1.7148954717345144e-08
1,3366,3.428960339863521e-08
1,3367,2.44227310222504e-08
1,3368,24822.355333025043
1,3369,41802.53615212661
1,3370,43453.158102542824
1,3371,43133.59624914996
1,3372,44106.02992722579
1,3373,45826.29129141557
1,3374,44399.48592016403
1,3375,35913.70126759541
1,3376,3.5498352942533236e-08
1,3377,1.7148820984879803e-08
1,3378,1.714881885762432e-08
1,3379,1.714879002713001e-08
1,3380,1.7148806542073585e-08
1,3381,1.7148882588806786e-08
1,3382,1.7148935358895026e-08
1,3383,1.7148979158518107e-08
1,3384,1.7149011358062245e-08
1,3385,1.7149032731671507e-08
1,3386,1.7149044363060176e-08
1,3387,1.7149045791537196e-08
1,3388,1.7149041541817046e-08
1,3389,1.7149049692134083e-08
1,3390,1.714904922572386e-08
1,3391,1.714904891962987e-08
1,3392,1.7149063564582195e-08
1,3393,1.7149078923620563e-08
1,3394,1.7149077942146547e-08
1,3395,1.7149055705386994e-08
1,3396,1.7149054297001595e-08
1,3397,1.7149038422841834e-08
1,3398,1.7149015492399567e-08
1,3399,1.7148987101979534e-08
1,3400,1.7148928673677325e-08
1,3401,1.714881321045227e-08
1,3402,1.7148807395520266e-08
1,3403,1.7148885173815816e-08
1,3404,1.7148917172935018e-08
1,3405,1.7148932942428612e-08
1,3406,1.7148945570117762e-08
1,3407,1.7148980025754484e-08
1,3408,1.7149031468596305e-08
1,3409,1.714905163396728e-08
1,3410,1.7223276163227236e-08
1,3411,1.912431413580591e-08
1,3412,2.14708614196775e-08
1,3413,2.4440174358176744e-08
1,3414,2.8317937851898687e-08
1,3415,3.359556200447549e-08
1,3416,1.7149054420034825e-08
1,3417,1.7148897260481306e-08
1,3418,1.714902515121452e-08
1,3419,1.1104733027804262e-07
1,3420,2.2023121789484126e-07
1,3421,3142.3699357755268
1,3422,28592.47852476362
1,3423,29330.28975145372
1,3424,18766.89333020319
1,3425,5349.630669018826
1,3426,1.714889080040835e-08
1,3427,1.7148851294659554e-08
1,3428,1.7148849621437446e-08
1,3429,1.7148853767551915e-08
1,3430,1.714888073250359e-08
1,3431,1.714909262165104e-08
1,3432,1.0329665366315053e-07
1,3433,6.259781718565444e-08
1,3434,5.0925094689973965e-08
1,3435,4.4341644244227994e-08
1,3436,3.925363479037315e-08
1,3437,3.428620755932749e-08
1,3438,2.807650605894492e-08
1,3439,17045.678028882507
1,3440,41136.91000023741
1,3441,45325.87093466248
1,3442,43226.506254832406
1,3443,41543.2637840861
1,3444,41878.93390135978
1,3445,42036.29826519644
1,3446,43246.16643418971
1,3447,43643.24444694655
1,3448,37566.23056135863
1,3449,2.60770872463418e-08
1,3450,2.605619696269146e-08
1,3451,2.6056158191889434e-08
1,3452,2.6056170131489676e-08
1,3453,2.8285013733568608e-08
1,3454,3.062262479711908e-08
1,3455,3.307955573867647e-08
1,3456,3.564170332451982e-08
1,3457,3.8281095655699055e-08
1,3458,4.096010130852086e-08
1,3459,4.3635678680462996e-08
1,3460,4.626616011396738e-08
1,3461,4.881558059860458e-08
1,3462,5.126101372183615e-08
1,3463,5.35961780998221e-08
1,3464,5.5833259364230104e-08
1,3465,5.8003853996642276e-08
1,3466,6.018229321197498e-08
1,3467,417.3366298530998
1,3468,7.843299884963378e-08
1,3469,2240.4653045090745
1,3470,3241.8618527511494
1,3471,3236.2272006559615
1,3472,10698.078326539033
1,3473,18418.51741519808
1,3474,2.8616659781405263e-08
1,3475,2.8614183761981862e-08
1,3476,2.8614174964870467e-08
1,3477,2.861425024237239e-08
1,3478,1.6826985247710407e-07
1,3479,1.1136545510287898e-07
1,3480,9.58891373803992e-08
1,3481,8.903712402835772e-08
1,3482,8.565246862313994e-08
1,3483,8.412876785851239e-08
1,3484,8.382206223920944e-08
1,3485,8.445909032568611e-08
1,3486,8.595271592829411e-08
1,3487,8.833914803245554e-08
1,3488,9.176674054976394e-08
1,3489,6742.010429205896
1,3490,11108.209158724165
1,3491,4384.243694059706
1,3492,8774.995996792899
1,3493,13673.184806586438
1,3494,24112.021049134604
1,3495,14202.004766676653
1,3496,2184.9923117394683
1,3497,1.714880963755549e-08
1,3498,1.7148804826015327e-08
1,3499,1.7148801776242708e-08
1,3500,1.7148798345122303e-08
1,3501,1.714882420984594e-08
1,3502,1.714886521232906e-08
1,3503,1.7148903179808428e-08
1,3504,1.71489323442099e-08
1,3505,1.7148946540756533e-08
1,3506,1.714894994381643e-08
1,3507,1.7148948468837303e-08
1,3508,1.7149032285461327e-08
1,3509,1.7149063784207674e-08
1,3510,1.7149377709888236e-08
1,3511,2.810747453724886e-08
1,3512,3.330137975045191e-08
1,3513,4.0758303751489895e-08
1,3514,5.2369191943400166e-08
1,3515,7.29424305968005e-08
1,3516,4.085626981722692
1,3517,3.23461763108426e-07
1,3518,8702.614284012707
1,3519,1.714952045229386e-08
1,3520,1.714898522004173e-08
1,3521,1.7148923883489168e-08
1,3522,1.7148833109458488e-08
1,3523,1.7148773796199973e-08
1,3524,1.714877932939188e-08
1,3525,1.7148835563780498e-08
1,3526,1.7148880853680123e-08
1,3527,1.7148903412996598e-08
1,3528,1.7148909496000978e-08
1,3529,1.7148903177636635e-08
1,3530,1.714888215533937e-08
1,3531,1.7148840630406328e-08
1,3532,1.7148974052430706e-08
1,3533,1.7148969924070048e-08
1,3534,1.714900010517533e-08
1,3535,1.7149493625838848e-08
1,3536,2.770799092532435e-08
1,3537,3.21770638010524e-08
1,3538,3.828033048879786e-08
1,3539,2909.70697787507
1,3540,12644.752497958118
1,3541,16561.37580232635
1,3542,15718.758097304002
1,3543,22299.746332438568
1,3544,15047.322502967569
1,3545,1.7148935940386532e-08
1,3546,1.7148762477163173e-08
1,3547,1.714873882298885e-08
1,3548,1.7148737956677434e-08
1,3549,1.7148741715684293e-08
1,3550,1.714877709848328e-08
1,3551,1.8646239826858145e-08
1,3552,2.0268091086087366e-08
1,3553,2.2040399887737614e-08
1,3554,2.3994322086926385e-08
1,3555,2.6164628542765025e-08
1,3556,2.8598965303682893e-08
1,3557,3.136687526779247e-08
1,3558,3.4573886397259285e-08
1,3559,3.838378634544521e-08
1,3560,4.305843384790195e-08
1,3561,4356.75634684694
1,3562,11076.196701092482
1,3563,10843.047208094431
1,3564,12345.503646789613
1,3565,16666.726019645914
1,3566,19656.154532984954
1,3567,10237.277757304906
1,3568,1.7151925567385456e-08
1,3569,1.714877256876453e-08
1,3570,1.7148743271873552e-08
1,3571,1.7148732789481688e-08
1,3572,1.714874534777851e-08
1,3573,1.7148766021891026e-08
1,3574,1.7148790195984335e-08
1,3575,1.7148906289899958e-08
1,3576,1.714938956169182e-08
1,3577,2.9069778742468977e-08
1,3578,2.9695927551177947e-08
1,3579,2.990934151403743e-08
1,3580,2.9604439713195186e-08
1,3581,2.8631807462830558e-08
1,3582,2.672101421521698e-08
1,3583,2.3105796636462353e-08
1,3584,17384.796975062643
1,3585,31124.06805628661
1,3586,35288.64530399154
1,3587,32631.73693514633
1,3588,30107.15172053038
1,3589,28265.15544348276
1,3590,22837.38739219107
1,3591,1849.5067328482144
1,3592,2.092560797337841e-08
1,3593,2.3226190194791717e-08
1,3594,2.092445149554472e-08
1,3595,2.092439766217941e-08
1,3596,2.092439525103575e-08
1,3597,2.092440633936788e-08
1,3598,2.0924453881480677e-08
1,3599,2.0924840221996733e-08
1,3600,5.503849738380725e-08
1,3601,4.9914824532661464e-08
1,3602,4.617068641624665e-08
1,3603,4.2862919430840664e-08
1,3604,3.9435937126218305e-08
1,3605,3.535484610538912e-08
1,3606,2.9531658390949492e-08
1,3607,14462.736263324976
1,3608,42611.55987387501
1,3609,45640.25579273796
1,3610,43101.26379960887
1,3611,41131.045916942116
1,3612,41137.82489499694
1,3613,42077.91253854256
1,3614,43963.75588009823
1,3615,46405.25074568932
1,3616,42841.93074792749
1,3617,2.7374538881467917e-08
1,3618,2.7373812608188526e-08
1,3619,2.737385486545609e-08
1,3620,2.737386473882449e-08
1,3621,2.7373881619178076e-08
1,3622,2.7374059345921446e-08
1,3623,4.100820641685077e-08
1,3624,4.2957659475405805e-08
1,3625,4.448040492766606e-08
1,3626,4.539893791068438e-08
1,3627,4.55069035839987e-08
1,3628,4.452832769160167e-08
1,3629,4.20039078780196e-08
1,3630,3.6692239661173076e-08
1,3631,36881.61520072741
1,3632,46890.018699477565
1,3633,44869.95581537366
1,3634,42447.97788942611
1,3635,41045.87381830994
1,3636,40968.11413367227
1,3637,41431.1814829087
1,3638,43000.942915734224
1,3639,46191.888399462354
1,3640,46017.27923200937
1,3641,6286.969334915442
1,3642,1.7148883903886423e-08
1,3643,1.7148856945090984e-08
1,3644,1.7148869951685077e-08
1,3645,1.714889241057055e-08
1,3646,1.714896345000411e-08
1,3647,2.5762791554361094e-08
1,3648,2.7097281985352483e-08
1,3649,2.8217185073291197e-08
1,3650,2.90341589214182e-08
1,3651,2.944799060947229e-08
1,3652,2.9338989221475143e-08
1,3653,2.8544416246557733e-08
1,3654,2.6783327331858698e-08
1,3655,2.3277276338909316e-08
1,3656,25495.60543182186
1,3657,43421.69340634357
1,3658,45957.02654360666
1,3659,44053.52984473693
1,3660,42789.54828930511
1,3661,44283.41540883241
1,3662,45494.353768013425
1,3663,40493.34015305254
1,3664,3.764546369503175e-08
1,3665,1.7148825204364265e-08
1,3666,1.7148757559974284e-08
1,3667,1.7148748259989592e-08
1,3668,1.714875456650225e-08
1,3669,1.7148770903582458e-08
1,3670,1.714877887379996e-08
1,3671,1.7148790944612383e-08
1,3672,1.714880339445172e-08
1,3673,1.7148801645962264e-08
1,3674,1.7148809463934066e-08
1,3675,1.7150187967321216e-08
1,3676,1.7151085846673736e-08
1,3677,2.4292215744730163e-08
1,3678,2.8120277768543025e-08
1,3679,3.3318383518467643e-08
1,3680,4.078255093557088e-08
1,3681,3981.6502296171225
1,3682,14126.615026309411
1,3683,18425.60249683799
1,3684,15898.738933288416
1,3685,20145.800874725115
1,3686,7092.121346105089
1,3687,1.714909838604567e-08
1,3688,1.7148844207992282e-08
1,3689,1.714885204524933e-08
1,3690,1.7148832537623157e-08
1,3691,1.7148791478182153e-08
1,3692,1.714882629418735e-08
1,3693,1.7148891384010664e-08
1,3694,1.7148937646693747e-08
1,3695,1.714898386138733e-08
1,3696,1.7149019726740987e-08
1,3697,1.7149040272683864e-08
1,3698,1.7149044642188026e-08
1,3699,1.7149044769171817e-08
1,3700,1.7149051424638332e-08
1,3701,1.714906554981397e-08
1,3702,1.7149052222224884e-08
1,3703,1.714903155324539e-08
1,3704,1.714901585725054e-08
1,3705,1.7149016476844975e-08
1,3706,1.7149022088052004e-08
1,3707,1.7149018982453136e-08
1,3708,1.7149030342781098e-08
1,3709,1.714904438425294e-08
1,3710,1.714903769065639e-08
1,3711,1.714900441191435e-08
1,3712,1.714898376789861e-08
1,3713,1.714893917750251e-08
1,3714,1.714890359587101e-08
1,3715,1.7148900903434487e-08
1,3716,1.7148891568009937e-08
1,3717,1.714889563215872e-08
1,3718,1.7148903652334228e-08
1,3719,1.7148974230202593e-08
1,3720,1.714915028719669e-08
1,3721,1.7149343245784573e-08
1,3722,1.7150694478735922e-08
1,3723,1.714974236770932e-08
1,3724,1.714970318278272e-08
1,3725,1.714965852964181e-08
1,3726,1.7148954579499002e-08
1,3727,1.7148929220742025e-08
1,3728,1.7149443581319674e-08
1,3729,1.2224629107256168e-07
1,3730,1.2353104514229352e-07
1,3731,1.5779415570661487e-07
1,3732,2.796544170160218e-07
1,3733,9699.852924822108
1,3734,12685.853976474951
1,3735,6157.977145211914
1,3736,1.7918783176801528e-08
1,3737,1.7918291617629147e-08
1,3738,1.7918273518269788e-08
1,3739,1.7918287104437704e-08
1,3740,1.791846540794275e-08
1,3741,1.0601369092003599e-07
1,3742,6.731704418566175e-08
1,3743,5.6444553809116517e-08
1,3744,5.089128682244417e-08
1,3745,4.7203312431182436e-08
1,3746,4.42307608591736e-08
1,3747,4.1402682922802084e-08
1,3748,3.8309743844602384e-08
1,3749,3.448894095792518e-08
1,3750,2.8905432716585703e-08
1,3751,7902.9186182737285
1,3752,27041.526904036018
1,3753,34899.43105001177
1,3754,38499.972241661606
1,3755,39881.14263107674
1,3756,41620.85396547399
1,3757,44541.60689769068
1,3758,46495.848902219805
1,3759,46095.41034230716
1,3760,41139.17722895988
1,3761,2.710367121835366e-08
1,3762,2.710285922756262e-08
1,3763,2.710283175088785e-08
1,3764,2.7102846573689987e-08
1,3765,2.9368285535913646e-08
1,3766,3.1657444787989086e-08
1,3767,3.392244049830513e-08
1,3768,3.6056817839351114e-08
1,3769,3.789543161208394e-08
1,3770,3.920103517451423e-08
1,3771,3.9633358013832574e-08
1,3772,3.864809312253921e-08
1,3773,3.494695709398366e-08
1,3774,868.5350296356734
1,3775,25655.66229787909
1,3776,35484.57444033877
1,3777,38217.438533493114
1,3778,38358.76473505956
1,3779,33444.90067913422
1,3780,31501.48176504014
1,3781,27354.99462232973
1,3782,14780.097157370687
1,3783,4.420016342365898e-08
1,3784,1.2614615343958932e-07
1,3785,1.7148795272422195e-08
1,3786,1.7148756256075482e-08
1,3787,1.714874078144422e-08
1,3788,1.7148740013388626e-08
1,3789,1.7148750108079958e-08
1,3790,1.7148761536228154e-08
1,3791,1.7148782657059068e-08
1,3792,1.71488214250049e-08
1,3793,1.9032003652936504e-08
1,3794,2.135407403512177e-08
1,3795,2.4288121240063882e-08
1,3796,2.811255538570038e-08
1,3797,3.330491796715504e-08
1,3798,4.075851766793955e-08
1,3799,5.236107247818308e-08
1,3800,7.295528093510697e-08
1,3801,11512.42197076011
1,3802,10833.350411067966
1,3803,17113.730132323344
1,3804,16092.306879601085
1,3805,15754.431541359276
1,3806,11324.925630327356
1,3807,1858.6823763675425
1,3808,1.714888472364491e-08
1,3809,1.7148908076285667e-08
1,3810,1.7148943124184766e-08
1,3811,1.7148914749960003e-08
1,3812,1.7148865241826136e-08
1,3813,1.7148953774790598e-08
1,3814,1.7149045201710886e-08
1,3815,1.714912875951891e-08
1,3816,1.7149176383898936e-08
1,3817,1.7149203299353393e-08
1,3818,1.7149224035478884e-08
1,3819,1.7149239543283343e-08
1,3820,1.7149255469362835e-08
1,3821,1.7149277456234116e-08
1,3822,1.7149288198607497e-08
1,3823,1.714929532038598e-08
1,3824,1.7149311490678623e-08
1,3825,1.7149337602458055e-08
1,3826,1.7149350720287903e-08
1,3827,1.7149347448572322e-08
1,3828,1.714935659109359e-08
1,3829,1.7149368468447073e-08
1,3830,1.7149368560787217e-08
1,3831,1.714936447760052e-08
1,3832,1.7149355656636677e-08
1,3833,1.714931800072991e-08
1,3834,1.714925868107799e-08
1,3835,1.7149227493775494e-08
1,3836,1.7149278090295876e-08
1,3837,1.7149335452837513e-08
1,3838,1.714936431699291e-08
1,3839,1.714939650327251e-08
1,3840,1.714941827514989e-08
1,3841,1.7149432412156884e-08
1,3842,1.7149441844099145e-08
1,3843,1.7149442450154607e-08
1,3844,1.7149439228261504e-08
1,3845,1.7149432180622122e-08
1,3846,1.7149412125849934e-08
1,3847,1.7149387078770588e-08
1,3848,1.714938489522807e-08
1,3849,1.7149400125930782e-08
1,3850,1.714941873385211e-08
1,3851,1.714943167047112e-08
1,3852,1.7149447356352396e-08
1,3853,1.7149441528650523e-08
1,3854,1.7149416366523773e-08
1,3855,1.714939487826352e-08
1,3856,1.7149366726306977e-08
1,3857,1.7149321373774348e-08
1,3858,1.7149249612197768e-08
1,3859,1.7149221584585663e-08
1,3860,1.7149268688423285e-08
1,3861,1.714930326726942e-08
1,3862,1.7149306948261155e-08
1,3863,1.7149329207263793e-08
1,3864,1.7149334791711357e-08
1,3865,1.7149337866915294e-08
1,3866,1.7149335681285687e-08
1,3867,1.7149330538277814e-08
1,3868,1.7149321063472298e-08
1,3869,1.7149326514454574e-08
1,3870,1.714932502363593e-08
1,3871,1.7149326313243592e-08
1,3872,1.7149307134459326e-08
1,3873,1.715384812066482e-08
1,3874,1.9039403712546186e-08
1,3875,2.136456118193421e-08
1,3876,2.430325460488748e-08
1,3877,2.8134885682024166e-08
1,3878,3.3338994183538444e-08
1,3879,4.0812961395426744e-08
1,3880,1.7150101897061003e-08
1,3881,1.7149137158846693e-08
1,3882,1.7149055723449124e-08
1,3883,1.7148996368862178e-08
1,3884,1.7148959134239105e-08
1,3885,1.714895356421482e-08
1,3886,1.714893183940198e-08
1,3887,1.714891554710271e-08
1,3888,1.7149141083977042e-08
1,3889,1.7149398386253858e-08
1,3890,1.714920134868395e-08
1,3891,1.7149058885155454e-08
1,3892,1.7149172657726462e-08
1,3893,1.7150365318185245e-08
1,3894,3.436185385015389e-08
1,3895,2.9171877742496398e-08
1,3896,2.3422227881147106e-08
1,3897,23461.981801985068
1,3898,42518.541807468646
1,3899,45167.20177181444
1,3900,45863.056510492905
1,3901,46490.624949214885
1,3902,45661.12697655187
1,3903,39939.56092337742
1,3904,552.6720677846915
1,3905,1.7148824162337557e-08
1,3906,1.7148740809545387e-08
1,3907,1.7148731761207407e-08
1,3908,1.71487592200335e-08
1,3909,1.7148794199475396e-08
1,3910,1.7148837364159192e-08
1,3911,1.7148995661481247e-08
1,3912,1.715011096108942e-08
1,3913,1.715014438272253e-08
1,3914,1.7149020018242294e-08
1,3915,1.714909816823623e-08
1,3916,1.715776793494335e-08
1,3917,4.3209883996907195e-08
1,3918,3.25618490112269e-08
1,3919,2.4484767956566006e-08
1,3920,32545.322708050993
1,3921,42854.18931867225
1,3922,44666.783859506555
1,3923,43182.793847451845
1,3924,42777.72971707932
1,3925,43802.47855518337
1,3926,44211.568485738935
1,3927,43090.4784976217
1,3928,34270.99166271413
1,3929,3.764166483845061e-08
1,3930,1.714885419799034e-08
1,3931,1.7148907836903992e-08
1,3932,1.7149003677662146e-08
1,3933,1.714910630144659e-08
1,3934,1.7149198693754044e-08
1,3935,1.7149401809195313e-08
1,3936,1.7150102055940667e-08
1,3937,1.7150394440570494e-08
1,3938,1.7149677281328346e-08
1,3939,1.7149460239272902e-08
1,3940,1.714944862323586e-08
1,3941,1.714960196904725e-08
1,3942,1.714960637834163e-08
1,3943,1.7149464418350505e-08
1,3944,1.7149460138160885e-08
1,3945,1.7149474170220498e-08
1,3946,1.7149525106445137e-08
1,3947,1.714954198718497e-08
1,3948,1.7150225711705657e-08
1,3949,1.9034990009273556e-08
1,3950,2.1358910746621153e-08
1,3951,2.4295052861935827e-08
1,3952,1.7150400968863483e-08
1,3953,1.714969327570241e-08
1,3954,1.714960631392308e-08
1,3955,1.7149588432064842e-08
1,3956,1.7149597697226315e-08
1,3957,1.714962070610722e-08
1,3958,1.7149640347296938e-08
1,3959,1.7149690316165905e-08
1,3960,1.7149736354168417e-08
1,3961,1.7149789454460593e-08
1,3962,1.714981328764347e-08
1,3963,1.7149811331332787e-08
1,3964,1.7149785506728017e-08
1,3965,1.7149779509833006e-08
1,3966,1.7149760311363694e-08
1,3967,1.714975291718958e-08
1,3968,1.714976747800104e-08
1,3969,1.7149800692185617e-08
1,3970,1.71498349594456e-08
1,3971,1.7149853151575395e-08
1,3972,1.7149912301055008e-08
1,3973,1.714998320515303e-08
1,3974,1.7149914562565214e-08
1,3975,1.714985668266263e-08
1,3976,1.7149833498716953e-08
1,3977,1.7149808872945018e-08
1,3978,1.7149789603348656e-08
1,3979,1.7149781588641594e-08
1,3980,1.7149782483796177e-08
1,3981,1.7149816354349972e-08
1,3982,1.714984364883812e-08
1,3983,1.714987604761796e-08
1,3984,1.714990787650387e-08
1,3985,1.714991710550381e-08
1,3986,1.714992187951025e-08
1,3987,1.7149930474590736e-08
1,3988,1.7149930678983174e-08
1,3989,1.7149934785249825e-08
1,3990,1.7149926250376442e-08
1,3991,1.71499157982101e-08
1,3992,1.7149925825508104e-08
1,3993,1.7149961218559576e-08
1,3994,1.7149997298219344e-08
1,3995,1.715012893034113e-08
1,3996,1.9034697141557123e-08
1,3997,2.135844938698549e-08
1,3998,2.4288122872577586e-08
1,3999,1.7150083868269653e-08
1,4000,1.7149955037746607e-08
1,4001,1.7149900396711665e-08
1,4002,1.7149828790355567e-08
1,4003,1.7149401434376457e-08
1,4004,1.71492508459453e-08
1,4005,1.7149631694137097e-08
1,4006,1.7149782747199707e-08
1,4007,1.7149869441479256e-08
1,4008,1.7149900002373783e-08
1,4009,1.71499087662205e-08
1,4010,1.7149912353313552e-08
1,4011,1.7149910819116656e-08
1,4012,1.714991293835582e-08
1,4013,1.7149917478567615e-08
1,4014,1.715003669183792e-08
1,4015,1.715051186430074e-08
1,4016,2.13590455963094e-08
1,4017,2.429627901967115e-08
1,4018,2.812569521120801e-08
1,4019,3.332621149608651e-08
1,4020,4.079474741776448e-08
1,4021,5.242663394481196e-08
1,4022,7.3036200755024e-08
1,4023,1.7150096618639667e-08
1,4024,1.714990930147756e-08
1,4025,1.714984002317119e-08
1,4026,1.7149717612432823e-08
1,4027,1.7149481494870147e-08
1,4028,1.7149677250503123e-08
1,4029,1.7149756919437198e-08
1,4030,1.7149799177999027e-08
1,4031,1.714983589071428e-08
1,4032,1.714985226788625e-08
1,4033,1.7149853258135528e-08
1,4034,1.7149855509904856e-08
1,4035,1.7149849344531604e-08
1,4036,1.714984154221297e-08
1,4037,1.7149833928108447e-08
1,4038,1.7149815779638118e-08
1,4039,1.7149798641979638e-08
1,4040,1.7149800972262143e-08
1,4041,1.7149835901671497e-08
1,4042,1.714986599899167e-08
1,4043,1.7149893776983164e-08
1,4044,1.7150302974774782e-08
1,4045,1.9033884853881036e-08
1,4046,1.7150904133363023e-08
1,4047,1.7149885883184973e-08
1,4048,1.7149768964736987e-08
1,4049,1.7149708045304104e-08
1,4050,1.7149658768308588e-08
1,4051,1.7149619795211378e-08
1,4052,1.7149621269031765e-08
1,4053,1.7149634629011392e-08
1,4054,1.7149638716833053e-08
1,4055,1.7149660311721203e-08
1,4056,1.7149675596468005e-08
1,4057,1.714967078991856e-08
1,4058,1.714965220267161e-08
1,4059,1.714963305958809e-08
1,4060,1.7149610188062046e-08
1,4061,1.7149596505386584e-08
1,4062,1.714957028098904e-08
1,4063,1.7149561415552578e-08
1,4064,1.7149582836392397e-08
1,4065,1.7149707824984058e-08
1,4066,1.714970858201806e-08
1,4067,1.714969751028439e-08
1,4068,1.7149986755322222e-08
1,4069,1.715125140506037e-08
1,4070,1.714966767344379e-08
1,4071,1.7149429567149397e-08
1,4072,1.7149314209339287e-08
1,4073,1.714924244235186e-08
1,4074,1.7149150713416893e-08
1,4075,1.7149032545043044e-08
1,4076,1.7148964520646978e-08
1,4077,1.714907873628398e-08
1,4078,1.7149036529547014e-08
1,4079,1.7148999677762505e-08
1,4080,1.7148965355418276e-08
1,4081,1.7149231238233715e-08
1,4082,2.9069165129020188e-08
1,4083,2.9696709339169496e-08
1,4084,2.990997969111643e-08
1,4085,2.9605273397712955e-08
1,4086,2.8632175318516113e-08
1,4087,2.6721146758231222e-08
1,4088,2.310591980913057e-08
1,4089,21180.381516680463
1,4090,33927.63886474236
1,4091,38231.40380568196
1,4092,41661.05626772552
1,4093,42968.48175214534
1,4094,39655.94357300889
1,4095,29011.42916779122
1,4096,3.62352149395711e-08
1,4097,1.7149412634682955e-08
1,4098,1.7148770047164386e-08
1,4099,1.7148772317354986e-08
1,4100,1.714876203495099e-08
1,4101,1.7148763954297154e-08
1,4102,1.7148770469505178e-08
1,4103,1.7148802348250833e-08
1,4104,1.7149048472752228e-08
1,4105,3.8134239552242515e-08
1,4106,3.591082834734433e-08
1,4107,3.3725374666302506e-08
1,4108,3.1278351304039035e-08
1,4109,2.8207475029134663e-08
1,4110,2.367401758726696e-08
1,4111,22642.87591245694
1,4112,43555.00982680567
1,4113,45624.01867555342
1,4114,43002.15791611594
1,4115,41188.298814924514
1,4116,41584.461589921666
1,4117,43199.22591038392
1,4118,45419.51446882865
1,4119,44798.48286359055
1,4120,32654.94261886046
1,4121,3.897507055929708e-08
1,4122,1.7148775562307714e-08
1,4123,1.7148754982222633e-08
1,4124,1.7148750921068957e-08
1,4125,1.7148758610044417e-08
1,4126,1.714876602413397e-08
1,4127,1.7148779954752916e-08
1,4128,1.7148785828289436e-08
1,4129,1.714878349773588e-08
1,4130,1.7148799377563986e-08
1,4131,1.7148875898327317e-08
1,4132,1.7148862001338966e-08
1,4133,1.7149271479966052e-08
1,4134,2.705235172989991e-08
1,4135,3.0421221166993776e-08
1,4136,3.464635359994196e-08
1,4137,4.0145242598004676e-08
1,4138,5394.938508090455
1,4139,3427.620718491918
1,4140,8652.353092284238
1,4141,16249.048674390218
1,4142,27051.20217491069
1,4143,21639.34170676317
1,4144,2767.1573374734667
1,4145,1.7148785004627822e-08
1,4146,1.7148748526801583e-08
1,4147,1.7148739997616873e-08
1,4148,1.714873949058295e-08
1,4149,1.7148744208268476e-08
1,4150,1.714878507907863e-08
1,4151,1.714882532523248e-08
1,4152,1.7148904953790187e-08
1,4153,1.7148932998702093e-08
1,4154,1.7149216491874606e-08
1,4155,1.7150213524554954e-08
1,4156,3.175683624899632e-08
1,4157,2.9791748008510397e-08
1,4158,2.7096926042690663e-08
1,4159,2.2902788606818402e-08
1,4160,15898.195720698171
1,4161,39933.87425347617
1,4162,43565.41671490728
1,4163,43588.70607627472
1,4164,43676.184094234835
1,4165,44756.13172699953
1,4166,46494.18479377407
1,4167,43834.80981865772
1,4168,14543.494238329202
1,4169,1.7148858846110745e-08
1,4170,1.7148756947711765e-08
1,4171,1.7148748167839184e-08
1,4172,1.714874464977254e-08
1,4173,1.714875473141279e-08
1,4174,1.7148762559061095e-08
1,4175,1.7148802128113746e-08
1,4176,1.7148886287816608e-08
1,4177,1.7148927989948942e-08
1,4178,1.714889532776896e-08
1,4179,1.7148863746545322e-08
1,4180,1.714884651549299e-08
1,4181,1.714899905361442e-08
1,4182,3.434774340834178e-08
1,4183,2.9140917330666786e-08
1,4184,2.3456610761329953e-08
1,4185,37852.173401384054
1,4186,43899.459011258514
1,4187,44560.58887138107
1,4188,45996.46465613028
1,4189,45818.372103361595
1,4190,41059.40176066637
1,4191,19195.145032478842
1,4192,3.47341254762704e-08
1,4193,1.7148774273587742e-08
1,4194,1.7148757174686102e-08
1,4195,1.7148746149315625e-08
1,4196,1.7148749053781437e-08
1,4197,1.714876421447857e-08
1,4198,1.7148774082846087e-08
1,4199,1.714879305158651e-08
1,4200,1.7148806475584887e-08
1,4201,1.7148796606444877e-08
1,4202,1.714894588911037e-08
1,4203,1.714944803142749e-08
1,4204,1.7149049353846064e-08
1,4205,1.714923697579773e-08
1,4206,1.715024755747819e-08
1,4207,3.032161447810288e-08
1,4208,3.270302434369853e-08
1,4209,3.531911201949889e-08
1,4210,564.05328114408
1,4211,8317.037603698873
1,4212,19440.994141252126
1,4213,24178.367600045596
1,4214,15544.192344806967
1,4215,11247.03884647979
1,4216,5889.978395398367
1,4217,1.7148797352647022e-08
1,4218,1.7148743329356596e-08
1,4219,1.7148732793896424e-08
1,4220,1.714873275391647e-08
1,4221,1.7148773863640736e-08
1,4222,1.7148820833094887e-08
1,4223,1.7149486631389747e-08
1,4224,2.2824441092507067e-08
1,4225,2.4206381106477843e-08
1,4226,2.5411424773695714e-08
1,4227,2.6322066911865978e-08
1,4228,2.6788417477005035e-08
1,4229,2.6611288300058204e-08
1,4230,2.5474216594311002e-08
1,4231,2.2582222578750185e-08
1,4232,13214.430460445736
1,4233,42141.17243504426
1,4234,45160.568185150274
1,4235,43977.20175771226
1,4236,44499.33904011501
1,4237,45503.00261708707
1,4238,44168.27668659786
1,4239,34522.56334122749
1,4240,3.623406076227212e-08
1,4241,1.71487867144282e-08
1,4242,1.714874138382695e-08
1,4243,1.714873663832825e-08
1,4244,1.7148740348644267e-08
1,4245,1.7148772494818553e-08
1,4246,1.7148783930014062e-08
1,4247,1.7148845482133123e-08
1,4248,1.71489586307119e-08
1,4249,1.7150038614833102e-08
1,4250,1.715454488356705e-08
1,4251,1.7151370148176567e-08
1,4252,4.1276731498314046e-08
1,4253,3.491869286352967e-08
1,4254,2.9703049186856584e-08
1,4255,2.388020484599414e-08
1,4256,29349.738350180538
1,4257,44158.16135606366
1,4258,45765.531621037604
1,4259,44199.14920091784
1,4260,42709.08876355625
1,4261,43800.482064481715
1,4262,44377.73621144828
1,4263,39419.619490478064
1,4264,6223.848850840323
1,4265,1.7148897248439886e-08
1,4266,1.7148746130369192e-08
1,4267,1.7148750799252067e-08
1,4268,1.7148755595372843e-08
1,4269,1.7148760351927016e-08
1,4270,1.7148764645879227e-08
1,4271,1.7148816060630047e-08
1,4272,1.7149153721596807e-08
1,4273,1.7198959650620993e-08
1,4274,5.228547128938101e-08
1,4275,1.7160095307701027e-08
1,4276,4.933259917985208e-08
1,4277,4.058252703071502e-08
1,4278,3.494242393785915e-08
1,4279,3.001722551835266e-08
1,4280,2.4293579859497488e-08
1,4281,4659.3891581754015
1,4282,22698.414004871043
1,4283,33525.813063182366
1,4284,42670.57638360421
1,4285,45768.74925774306
1,4286,45636.561439352256
1,4287,34228.42354022963
1,4288,2.8229130465018973e-08
1,4289,7.385636324688685e-08
1,4290,1.7148786987542116e-08
1,4291,1.7148746511428986e-08
1,4292,1.7148742963692473e-08
1,4293,1.7148748707307692e-08
1,4294,1.714875825403647e-08
1,4295,1.714880193454639e-08
1,4296,1.714894564661839e-08
1,4297,1.7149141554415753e-08
1,4298,1.716168073199098e-08
1,4299,1.715023440873164e-08
1,4300,1.7149283691856893e-08
1,4301,52.01584591351282
1,4302,1.7150426870117958e-08
1,4303,1.7150079432910373e-08
1,4304,9.804353024773669e-08
1,4305,5.000071451683938e-08
1,4306,3.34884546430704e-08
1,4307,33473.750612862634
1,4308,44978.56314875937
1,4309,48166.21450135689
1,4310,44454.333269843024
1,4311,37542.955463513594
1,4312,3.616202079732275e-08
1,4313,1.0168814311107492e-07
1,4314,1.7148768289022143e-08
1,4315,1.7148745946851034e-08
1,4316,1.714874272234907e-08
1,4317,1.714874726276415e-08
1,4318,1.7148758759762573e-08
1,4319,1.7148815809650797e-08
1,4320,1.7150017807644936e-08
1,4321,1.4803734159796623e-07
1,4322,8.366570507688448e-08
1,4323,6.62803337557027e-08
1,4324,5.617868020247745e-08
1,4325,4.7839415210356535e-08
1,4326,3.848901772867704e-08
1,4327,25954.473930060332
1,4328,43238.77334377178
1,4329,44190.8024659932
1,4330,42935.19087345795
1,4331,41058.786800284564
1,4332,41483.51019618712
1,4333,43170.812451923826
1,4334,44677.93242512049
1,4335,44036.772826780245
1,4336,37051.38800635461
1,4337,3.510551588210571e-08
1,4338,3.5105159042513924e-08
1,4339,3.510515864762039e-08
1,4340,3.5105305050129915e-08
1,4341,3.510548043047005e-08
1,4342,4.672345101807183e-08
1,4343,4.955334607754193e-08
1,4344,5.202031366005464e-08
1,4345,5.3884775858367056e-08
1,4346,5.484067014655642e-08
1,4347,5.4477325479031734e-08
1,4348,5.21475442715651e-08
1,4349,4.6229032229894e-08
1,4350,19111.986860556397
1,4351,34548.61045824889
1,4352,39900.14177254351
1,4353,43514.008799863885
1,4354,42868.78442891407
1,4355,41930.29467322536
1,4356,42244.66667058884
1,4357,43930.03685725283
1,4358,45254.08526214305
1,4359,42767.426595223864
1,4360,24737.30451768056
1,4361,4.41330527568563e-08
1,4362,4.41329481835781e-08
1,4363,4.4133135448108966e-08
1,4364,4.41330418839958e-08
1,4365,4.4133090451530074e-08
1,4366,4.413326824001198e-08
1,4367,7.668951144993396e-08
1,4368,8.088883471124879e-08
1,4369,8.492291722800077e-08
1,4370,8.879448870730239e-08
1,4371,9.253467264567453e-08
1,4372,9.620628573937915e-08
1,4373,9.990671749457089e-08
1,4374,1.037721041502503e-07
1,4375,1.0797222543988878e-07
1,4376,1.1273195533595675e-07
1,4377,1.1835037369303206e-07
1,4378,1.252385466062858e-07
1,4379,1131.7172947521583
1,4380,9338.799936457992
1,4381,9443.08635472358
1,4382,4076.6968248725916
1,4383,19807.095110098868
1,4384,25725.164986221054
1,4385,6516.667501203671
1,4386,4.8950680576528426e-08
1,4387,4.895016445325827e-08
1,4388,4.895008024520677e-08
1,4389,4.8950133861789245e-08
1,4390,4.8950288054521774e-08
1,4391,4.8951232614320803e-08
1,4392,3.0157859577905873e-07
1,4393,1.9144768001504641e-07
1,4394,1.6179756775317497e-07
1,4395,1.475253558006482e-07
1,4396,1.3891093659441672e-07
1,4397,1.328395569152993e-07
1,4398,1.2788678340366043e-07
1,4399,1.2321959041147257e-07
1,4400,1.1821669343638913e-07
1,4401,863.0781161352593
1,4402,3953.3305881628594
1,4403,3518.275914641741
1,4404,10833.335665470788
1,4405,16305.867492739306
1,4406,10605.932007351037
1,4407,20536.414841915448
1,4408,18565.42758671087
1,4409,1.7149173492782364e-08
1,4410,1.714876414915539e-08
1,4411,1.714874457906562e-08
1,4412,1.714874482362097e-08
1,4413,1.7148748657302255e-08
1,4414,1.7148761333394256e-08
1,4415,1.714880765356377e-08
1,4416,1.7148876735981916e-08
1,4417,1.7149791283479164e-08
1,4418,3.799500367364047e-07
1,4419,2.063814845852858e-07
1,4420,1.588386391644821e-07
1,4421,1.2929124610213056e-07
1,4422,1.011514221505662e-07
1,4423,10011.816319394457
1,4424,39738.850244270005
1,4425,44581.89568505082
1,4426,43527.517515521555
1,4427,42131.42628697283
1,4428,41800.35353224199
1,4429,42803.61849214012
1,4430,44683.557700898076
1,4431,45745.59227167293
1,4432,38561.52552284957
1,4433,9.124970787670035e-08
1,4434,9.124815712101492e-08
1,4435,9.124808025894136e-08
1,4436,9.124965094901188e-08
1,4437,9.125029127239105e-08
1,4438,9.127015216845412e-08
1,4439,1.3286344692853085e-07
1,4440,1.334233366272349e-07
1,4441,1.2916005675940264e-07
1,4442,1.158780594531035e-07
1,4443,3408.863534154077
1,4444,5809.522720762921
1,4445,29488.66117744318
1,4446,39510.00723772179
1,4447,43535.782660289515
1,4448,43850.53554394213
1,4449,42254.63808618394
1,4450,40944.141659152854
1,4451,40025.53436255427
1,4452,40185.208646215004
1,4453,40935.3561625592
1,4454,41796.499140329914
1,4455,43538.89841990254
1,4456,46166.11582755219
1,4457,43947.763187329576
1,4458,11093.697993541102
1,4459,1.1937182452807966e-07
1,4460,1.1937105202401645e-07
1,4461,1.193710570143551e-07
1,4462,1.1937507358436355e-07
1,4463,1.2874743447207184e-07
1,4464,1.3689364959469977e-07
1,4465,1.4202271276481473e-07
1,4466,1.3899789238160554e-07
1,4467,7206.914364893389
1,4468,18734.545511361997
1,4469,33711.905898949575
1,4470,40676.55456761247
1,4471,43442.17371338081
1,4472,43263.35638914064
1,4473,41635.9320279809
1,4474,41126.39597866042
1,4475,40162.46674982488
1,4476,40638.6015868636
1,4477,41314.965872109075
1,4478,42224.26314220592
1,4479,43771.47259835306
1,4480,45922.855542334335
1,4481,35594.79018291847
1,4482,1.5007969462384218e-07
1,4483,1.5007046789232144e-07
1,4484,1.5006972499577312e-07
1,4485,1.500704284227816e-07
1,4486,1.6191362354529447e-07
1,4487,1.7240410284298253e-07
1,4488,1.795776100581715e-07
1,4489,1.7841086506211693e-07
1,4490,1719.6536153232767
1,4491,166.416881774531
1,4492,1.6092248012687096e-07
1,4493,5160.566854817567
1,4494,34330.67284836579
1,4495,44450.8946052145
1,4496,44082.71268432289
1,4497,42570.84984096497
1,4498,41258.60463204077
1,4499,40703.7634545816
1,4500,41028.45497099456
1,4501,42201.7867632747
1,4502,44310.93983888886
1,4503,45219.701069213035
1,4504,37816.6321684061
1,4505,3.74995705297327e-07
1,4506,1.7148933247899186e-08
1,4507,1.7148804409546168e-08
1,4508,1.7148825937949008e-08
1,4509,1.7148852320033594e-08
1,4510,1.7148886879120144e-08
1,4511,1.7148968734934046e-08
1,4512,1.7149127403127783e-08
1,4513,1.71491891289733e-08
1,4514,1.7149129828606627e-08
1,4515,1.7149051513969815e-08
1,4516,1.7149019411966603e-08
1,4517,1.903082230770965e-08
1,4518,1.715055631502788e-08
1,4519,2.428421078843693e-08
1,4520,2.8117537287449288e-08
1,4521,3.3315239748799225e-08
1,4522,4.0778605544736094e-08
1,4523,5.2402208183661395e-08
1,4524,69.79707274550951
1,4525,1.2057213003531585e-07
1,4526,3.241771065082299e-07
1,4527,100.48348161319232
1,4528,1.7149132514087317e-08
1,4529,1.7149055530281567e-08
1,4530,1.7149016918067826e-08
1,4531,1.7148995564336732e-08
1,4532,1.7148983880713235e-08
1,4533,1.7149004493659806e-08
1,4534,1.714902470215492e-08
1,4535,1.7149056912842624e-08
1,4536,1.7149075868162658e-08
1,4537,1.7149085638701257e-08
1,4538,1.7149090430932458e-08
1,4539,1.7149088467967484e-08
1,4540,1.7149083320097642e-08
1,4541,1.7149080754827868e-08
1,4542,1.7149077460940353e-08
1,4543,1.7149205881967014e-08
1,4544,1.714925993246075e-08
1,4545,2.4291989211565514e-08
1,4546,2.8120163658744483e-08
1,4547,3.3318524025255163e-08
1,4548,4.078333469203989e-08
1,4549,5.241724310115235e-08
1,4550,448.11442480292226
1,4551,1.1956064589319873e-07
1,4552,1.715887271703151e-08
1,4553,1.714902881428304e-08
1,4554,1.7148962760692084e-08
1,4555,1.7148907214168757e-08
1,4556,1.714887266463674e-08
1,4557,1.7148870134115645e-08
1,4558,1.7148873229970245e-08
1,4559,1.7148884801040004e-08
1,4560,1.7148883718972355e-08
1,4561,1.7148932993125228e-08
1,4562,1.714893037974737e-08
1,4563,1.714891892824817e-08
1,4564,1.7148900641596274e-08
1,4565,1.7149500805459516e-08
1,4566,3.3739671740311674e-08
1,4567,3.392982342569089e-08
1,4568,3.3853664977734636e-08
1,4569,3.3463156048769136e-08
1,4570,5174.7603621474
1,4571,13615.185124609083
1,4572,22173.816348174812
1,4573,21535.003810865353
1,4574,12526.58406946321
1,4575,4813.993364604002
1,4576,5342.319133155131
1,4577,1.714887040895073e-08
1,4578,1.714875104799854e-08
1,4579,1.7148758467139795e-08
1,4580,1.714875489760743e-08
1,4581,1.7148754915012263e-08
1,4582,1.7148758599270158e-08
1,4583,1.714878736687735e-08
1,4584,1.7148822600788273e-08
1,4585,1.714890463100287e-08
1,4586,1.714922001325823e-08
1,4587,4.303865466466684e-08
1,4588,3.76207893112594e-08
1,4589,3.337290819838438e-08
1,4590,2.918756587534012e-08
1,4591,2.3924968458525868e-08
1,4592,31600.92446431779
1,4593,39644.894603854846
1,4594,42753.85504939455
1,4595,42468.67409336372
1,4596,42355.4493614033
1,4597,43864.77678116101
1,4598,45539.61812250213
1,4599,44176.528989752944
1,4600,33120.91093177052
1,4601,3.831592512306645e-08
1,4602,1.7148781090993404e-08
1,4603,1.7148739928011093e-08
1,4604,1.7148755755302828e-08
1,4605,1.7148761725146994e-08
1,4606,1.714877878134462e-08
1,4607,1.7148837057550206e-08
1,4608,1.7149364041605557e-08
1,4609,1.7149568427542037e-08
1,4610,3.2449161245315806e-08
1,4611,3.134370582893149e-08
1,4612,2.9643361513056917e-08
1,4613,2.7141075115956427e-08
1,4614,2.3070059335255385e-08
1,4615,35039.242194961225
1,4616,45924.47062842855
1,4617,45166.53435495227
1,4618,42545.392002071916
1,4619,40751.27447342966
1,4620,41246.070792672246
1,4621,42821.37686269523
1,4622,44845.82063852472
1,4623,45373.86953174337
1,4624,34063.28381968229
1,4625,3.764207148844505e-08
1,4626,1.7148761850792473e-08
1,4627,1.7148743900870055e-08
1,4628,1.714874132413823e-08
1,4629,1.7148748119910672e-08
1,4630,1.7148764624642417e-08
1,4631,1.7148825904802914e-08
1,4632,1.7148862017829004e-08
1,4633,1.714889286800561e-08
1,4634,1.7148906717214527e-08
1,4635,1.7148919656754104e-08
1,4636,1.7148851511855742e-08
1,4637,1.714896261621198e-08
1,4638,3.428902143527045e-08
1,4639,2.4422629845387967e-08
1,4640,22893.555243994702
1,4641,41579.10037372837
1,4642,43489.085752804625
1,4643,43421.90403188833
1,4644,44349.06298190809
1,4645,45776.53053979892
1,4646,45474.86238143736
1,4647,36800.69904057249
1,4648,3.549959231498881e-08
1,4649,1.714879361350478e-08
1,4650,1.7148764151611785e-08
1,4651,1.714874824111431e-08
1,4652,1.7148747972547268e-08
1,4653,1.714876281398752e-08
1,4654,1.7148778256096103e-08
1,4655,1.7148798856818294e-08
1,4656,1.714880913922568e-08
1,4657,1.7148806938972896e-08
1,4658,1.71488077896718e-08
1,4659,1.714897561359713e-08
1,4660,1.714889776767447e-08
1,4661,1.7149044765695594e-08
1,4662,2.811970351415048e-08
1,4663,3.331722644907292e-08
1,4664,4.077998428634618e-08
1,4665,8078.565757184896
1,4666,13525.737629370633
1,4667,11655.220132871924
1,4668,13376.30202826829
1,4669,24742.808751090834
1,4670,11578.516537794332
1,4671,1.7148971633731513e-08
1,4672,1.714891983688752e-08
1,4673,1.7148959871547405e-08
1,4674,1.7148928101970743e-08
1,4675,1.7148857216036495e-08
1,4676,1.7148974967283887e-08
1,4677,1.7149090945606617e-08
1,4678,1.714915055963298e-08
1,4679,1.7149206719096452e-08
1,4680,1.714925065493937e-08
1,4681,1.7149282983059723e-08
1,4682,1.7149305354365377e-08
1,4683,1.7149320771479712e-08
1,4684,1.71493285693294e-08
1,4685,1.714933253098042e-08
1,4686,1.7149336410035565e-08
1,4687,1.7149326715289474e-08
1,4688,1.7149324505610908e-08
1,4689,1.7149349092127948e-08
1,4690,1.714937214628107e-08
1,4691,1.7149405036343408e-08
1,4692,1.7149464168258945e-08
1,4693,1.71495801242505e-08
1,4694,1.7149604992548295e-08
1,4695,1.7149529373268577e-08
1,4696,1.7149472321665958e-08
1,4697,1.714943670035266e-08
1,4698,1.7149375506487878e-08
1,4699,1.7149109448705925e-08
1,4700,1.7149072603884027e-08
1,4701,1.714926655823029e-08
1,4702,1.7149379240697e-08
1,4703,1.7149450515863216e-08
1,4704,1.7149479751717e-08
1,4705,1.7149494360789008e-08
1,4706,1.7149498653623135e-08
1,4707,1.714950083515649e-08
1,4708,1.7149499038830002e-08
1,4709,1.7149499525823125e-08
1,4710,1.7149491804711235e-08
1,4711,1.7149480412768616e-08
1,4712,1.714948042282459e-08
1,4713,1.7149489188694023e-08
1,4714,1.7149496479570774e-08
1,4715,1.714950746930827e-08
1,4716,1.7149526633672646e-08
1,4717,1.7149533322298807e-08
1,4718,1.7149525526143186e-08
1,4719,1.714950100639606e-08
1,4720,1.7149478683672827e-08
1,4721,1.7149436940798208e-08
1,4722,1.7149343041426016e-08
1,4723,1.714915328849192e-08
1,4724,1.7149086467275663e-08
1,4725,1.714926858317097e-08
1,4726,1.71493683833948e-08
1,4727,1.7149422013052075e-08
1,4728,1.7149440352223403e-08
1,4729,1.7149444890493797e-08
1,4730,1.7149442649990008e-08
1,4731,1.7149434502932353e-08
1,4732,1.7149422139060085e-08
1,4733,1.714942947158714e-08
1,4734,1.7149598840412474e-08
1,4735,1.7150146507281062e-08
1,4736,2.4294250632633687e-08
1,4737,2.8123029094965303e-08
1,4738,3.332260303833597e-08
1,4739,4.07889775142547e-08
1,4740,5.241775013237085e-08
1,4741,7.303149670693273e-08
1,4742,1.1890955326826133e-07
1,4743,1.714940667876401e-08
1,4744,1.7149312122307703e-08
1,4745,1.714924713589356e-08
1,4746,1.7149162163770904e-08
1,4747,1.7148841886241092e-08
1,4748,1.7148807965871595e-08
1,4749,1.714897043610824e-08
1,4750,1.7149063046120104e-08
1,4751,1.7149129788745257e-08
1,4752,1.7149130503834188e-08
1,4753,1.7149106504724332e-08
1,4754,1.7149066315365737e-08
1,4755,1.7149011059442473e-08
1,4756,1.7148931030824328e-08
1,4757,1.7148886416382657e-08
1,4758,3.126430366061944e-08
1,4759,2.3698683804194965e-08
1,4760,18547.355412845885
1,4761,28360.002357416768
1,4762,29778.886376009064
1,4763,28414.15112110428
1,4764,26286.33777028446
1,4765,22284.38453186134
1,4766,15085.44643428977
1,4767,3.3934858463757983e-08
1,4768,1.7148987979241393e-08
1,4769,1.7148781556478666e-08
1,4770,1.7148767636054608e-08
1,4771,1.7148751139203658e-08
1,4772,1.7148748055000843e-08
1,4773,1.7148754802570333e-08
1,4774,1.7148799195519665e-08
1,4775,1.7148821494597125e-08
1,4776,1.7148836835099025e-08
1,4777,1.7148844998904214e-08
1,4778,1.714884437739887e-08
1,4779,1.714883980966867e-08
1,4780,1.7148815167725184e-08
1,4781,1.7148917448403685e-08
1,4782,3.4289518373759346e-08
1,4783,2.442272229613392e-08
1,4784,33878.640994209854
1,4785,44910.01600346355
1,4786,45506.079715234766
1,4787,43632.869133463
1,4788,44156.062549728165
1,4789,45173.49352210829
1,4790,42297.49807309381
1,4791,25423.54555816396
1,4792,3.549505917027553e-08
1,4793,1.7148795663497307e-08
1,4794,1.7148767850699533e-08
1,4795,1.7148757545991464e-08
1,4796,1.7148751416234254e-08
1,4797,1.7148758734680233e-08
1,4798,1.7148771697509828e-08
1,4799,1.7148796061104737e-08
1,4800,1.7148803776053615e-08
1,4801,1.714880188178979e-08
1,4802,1.714883138180943e-08
1,4803,1.714890461448573e-08
1,4804,1.7148854169458884e-08
1,4805,1.7148906659656944e-08
1,4806,1.714939435580682e-08
1,4807,3.0323494005710105e-08
1,4808,3.270470511366265e-08
1,4809,3.53203769087949e-08
1,4810,448.0289628192989
1,4811,7747.233800200618
1,4812,16180.185924389692
1,4813,23144.584899351175
1,4814,20926.002941092436
1,4815,12411.307560784848
1,4816,4324.318124187766
1,4817,1.7148784850325524e-08
1,4818,1.714875580366502e-08
1,4819,1.7148744188678298e-08
1,4820,1.7148743050343944e-08
1,4821,1.714875067271212e-08
1,4822,1.7148765696704913e-08
1,4823,1.7148827692035657e-08
1,4824,1.7148878209202604e-08
1,4825,1.7148943165645335e-08
1,4826,1.714897590986215e-08
1,4827,1.7148946749672128e-08
1,4828,1.7148892624148214e-08
1,4829,1.71491002242969e-08
1,4830,3.428842271511388e-08
1,4831,2.4422540853223228e-08
1,4832,955.3945615671568
1,4833,34195.66417673242
1,4834,40676.84198958413
1,4835,42420.86549684225
1,4836,45256.671201895275
1,4837,45790.672450615464
1,4838,43449.961501504666
1,4839,35242.23695241425
1,4840,3.54952778619378e-08
1,4841,1.714882435087015e-08
1,4842,1.7148758148570703e-08
1,4843,1.7148745366782543e-08
1,4844,1.714874608428721e-08
1,4845,1.7148751492728105e-08
1,4846,1.7148756680432213e-08
1,4847,1.7148798928253665e-08
1,4848,1.714891518183161e-08
1,4849,1.7148982118539115e-08
1,4850,1.7149052275957266e-08
1,4851,1.7149015948442106e-08
1,4852,1.7148928650881975e-08
1,4853,1.7148970205993106e-08
1,4854,3.436590752123542e-08
1,4855,2.917344060346849e-08
1,4856,2.34227488420562e-08
1,4857,33592.3447822347
1,4858,41700.53820452464
1,4859,43813.434194222
1,4860,45892.263494488434
1,4861,47354.342591811546
1,4862,44568.51349626899
1,4863,32887.29404494135
1,4864,3.4733369094977896e-08
1,4865,1.7148788528044325e-08
1,4866,1.7148765827317393e-08
1,4867,1.7148754631452737e-08
1,4868,1.714875498180928e-08
1,4869,1.714876715198883e-08
1,4870,1.7148777792145664e-08
1,4871,1.714879303042424e-08
1,4872,1.714880032084698e-08
1,4873,1.7148843866187383e-08
1,4874,1.714892006690101e-08
1,4875,1.714890263558976e-08
1,4876,1.7148858858260585e-08
1,4877,1.7148851649803528e-08
1,4878,1.7148899811978324e-08
1,4879,2.8446061279469758e-08
1,4880,2.2925617629446584e-08
1,4881,18953.380974946962
1,4882,37788.704144166084
1,4883,43293.92660202525
1,4884,45991.364668631104
1,4885,44887.52771452249
1,4886,34559.9182540349
1,4887,3.2233651146271235e-08
1,4888,1.7149101692411675e-08
1,4889,1.7148786619824785e-08
1,4890,1.7148774664588315e-08
1,4891,1.7148753180820723e-08
1,4892,1.7148756908626277e-08
1,4893,1.7148776740835475e-08
1,4894,1.7148805958318807e-08
1,4895,1.7148835285018567e-08
1,4896,1.7148853980424847e-08
1,4897,1.7148864347450824e-08
1,4898,1.7148864906875428e-08
1,4899,1.7148851508698004e-08
1,4900,1.7148928303564585e-08
1,4901,1.7149100716795738e-08
1,4902,1.714921650677561e-08
1,4903,1.7149614005466745e-08
1,4904,2.812162586411822e-08
1,4905,3.332098978783463e-08
1,4906,4.078716612300774e-08
1,4907,1626.0348314259295
1,4908,12497.924701153484
1,4909,18454.887422698404
1,4910,13388.683389929445
1,4911,17378.266078391243
1,4912,1.7149787873277085e-08
1,4913,1.7148783083302988e-08
1,4914,1.714875542044021e-08
1,4915,1.7148743169724767e-08
1,4916,1.7148743368784286e-08
1,4917,1.7148754095202954e-08
1,4918,1.7148787489317658e-08
1,4919,1.7148817746947284e-08
1,4920,1.7148839392318598e-08
1,4921,1.7148988483124352e-08
1,4922,1.7150976209642836e-08
1,4923,3.251515251997576e-08
1,4924,3.1338267325798546e-08
1,4925,2.9638568988437302e-08
1,4926,2.7138506564790396e-08
1,4927,2.306922137056155e-08
1,4928,17323.821976823605
1,4929,39710.158827471656
1,4930,44467.58664301291
1,4931,41854.375273909274
1,4932,42397.71999412252
1,4933,43913.698491410876
1,4934,43929.77687227882
1,4935,40280.90949340771
1,4936,10719.187594217281
1,4937,1.7148945944475832e-08
1,4938,1.7148760145911662e-08
1,4939,1.7148746632744433e-08
1,4940,1.7148747429372144e-08
1,4941,1.714875073025615e-08
1,4942,1.7148751836616705e-08
1,4943,1.7148764606326176e-08
1,4944,1.7148827495737465e-08
1,4945,1.7148855165783082e-08
1,4946,1.7148900929004718e-08
1,4947,1.714900480610993e-08
1,4948,2.8843851053866616e-08
1,4949,2.9177679065128044e-08
1,4950,2.899136134381275e-08
1,4951,2.8135949208911844e-08
1,4952,2.6340311059530613e-08
1,4953,2.2843374545240212e-08
1,4954,35308.07051284534
1,4955,44273.79093587785
1,4956,47142.26982992509
1,4957,48120.58022443118
1,4958,46557.827756084305
1,4959,39275.302942857976
1,4960,5889.158545932364
1,4961,1.7148884093452397e-08
1,4962,1.7148742588121452e-08
1,4963,1.7148744536924035e-08
1,4964,1.7148744802082617e-08
1,4965,1.714874940388726e-08
1,4966,1.7148764947138353e-08
1,4967,1.7148833308351988e-08
1,4968,1.7149922089364358e-08
1,4969,3.363243803337153e-08
1,4970,3.369794508826406e-08
1,4971,3.3472947770063054e-08
1,4972,3.2898136869674295e-08
1,4973,3.188385821877523e-08
1,4974,3.028594818273614e-08
1,4975,2.7831189233575612e-08
1,4976,2.373252094637604e-08
1,4977,30302.0895703545
1,4978,41797.58824763299
1,4979,43880.77612587668
1,4980,44288.582564219105
1,4981,41432.34722499032
1,4982,30981.88106487856
1,4983,2848.439633594235
1,4984,2.822975321275248e-08
1,4985,7.385238558039694e-08
1,4986,1.714877177467114e-08
1,4987,1.7148744084642323e-08
1,4988,1.7148741329769306e-08
1,4989,1.7148745318193345e-08
1,4990,1.7148761121537763e-08
1,4991,1.7148833297055957e-08
1,4992,1.7150696824115943e-08
1,4993,1.1864630132257402e-07
1,4994,7.063811889513108e-08
1,4995,5.784569812200839e-08
1,4996,5.103432503957922e-08
1,4997,4.611702264144745e-08
1,4998,4.169985230408806e-08
1,4999,3.693127406168196e-08
1,5000,3.0556376395348724e-08
1,5001,23369.97740475196
1,5002,40402.555013699784
1,5003,44581.98874044605
1,5004,47697.12523666307
1,5005,48502.44013746205
1,5006,38796.23606194331
1,5007,664.0551668917233
1,5008,2.710288952189249e-08
1,5009,2.7102856177441023e-08
1,5010,2.7102894898139356e-08
1,5011,2.7102891541750973e-08
1,5012,2.710301495751087e-08
1,5013,2.7114533936576415e-08
1,5014,4.636571773995881e-08
1,5015,4.795375894856295e-08
1,5016,4.909262181083447e-08
1,5017,4.9684745752821456e-08
1,5018,4.9615695967875106e-08
1,5019,4.873548494538409e-08
1,5020,4.6816794829396724e-08
1,5021,4.343374849731708e-08
1,5022,3.735304405546306e-08
1,5023,6431.3015738670865
1,5024,43563.75348213046
1,5025,45843.99037085978
1,5026,43155.50542641927
1,5027,41599.392381608865
1,5028,41407.869140366136
1,5029,42120.92349938153
1,5030,43742.965210487586
1,5031,46542.501353177315
1,5032,43220.48163210004
1,5033,3.510624811704354e-08
1,5034,3.510508337866672e-08
1,5035,3.51051325494172e-08
1,5036,3.510518646078747e-08
1,5037,3.5105220016919245e-08
1,5038,3.510538854350245e-08
1,5039,5.258883587111365e-08
1,5040,5.509213409818738e-08
1,5041,5.7043194184248545e-08
1,5042,5.8221278979662245e-08
1,5043,5.8359795607409125e-08
1,5044,5.7104956213340104e-08
1,5045,5.3867084248030784e-08
1,5046,4.705514176856694e-08
1,5047,14484.936187540126
1,5048,43603.5984929367
1,5049,46516.19159379551
1,5050,43449.88791189549
1,5051,41510.2880943525
1,5052,41748.81955017396
1,5053,42875.45185200696
1,5054,44980.006286119686
1,5055,46132.68598287499
1,5056,33659.95673342815
1,5057,1.7149220402391943e-08
1,5058,1.7148753942499855e-08
1,5059,1.714874163233625e-08
1,5060,1.7148740784388508e-08
1,5061,1.7148743640620876e-08
1,5062,1.7148743898220536e-08
1,5063,1.7148805812669798e-08
1,5064,1.714909772628832e-08
1,5065,1.715055135310549e-08
1,5066,2.4288969359469804e-08
1,5067,2.811558389164033e-08
1,5068,1.7150948891288687e-08
1,5069,1.7149555997286102e-08
1,5070,3.1260892376516346e-08
1,5071,2.3697985921826886e-08
1,5072,7187.866281054145
1,5073,39933.305389211695
1,5074,45056.69223295282
1,5075,44359.73805923488
1,5076,44617.16568709863
1,5077,45914.08771038179
1,5078,45244.14625879478
1,5079,33899.60099538378
1,5080,3.4733845132095336e-08
1,5081,1.7148777360460405e-08
1,5082,1.714875288584658e-08
1,5083,1.714873813733262e-08
1,5084,1.714874335815233e-08
1,5085,1.7148760257045773e-08
1,5086,1.7148772794871504e-08
1,5087,1.71488389871082e-08
1,5088,1.7148875742178487e-08
1,5089,1.7148926088692012e-08
1,5090,1.714894933469471e-08
1,5091,1.714892521729501e-08
1,5092,1.714889277386637e-08
1,5093,1.7148894091192338e-08
1,5094,3.4288001556576693e-08
1,5095,2.4422383753910693e-08
1,5096,30707.152627260653
1,5097,41869.373944906365
1,5098,45046.90706642965
1,5099,45355.036512049606
1,5100,45187.684811699684
1,5101,42971.38146247127
1,5102,35078.9042456782
1,5103,3.472965025274748e-08
1,5104,1.7149007432657457e-08
1,5105,1.7148786261428204e-08
1,5106,1.71487832862182e-08
1,5107,1.7148780906241966e-08
1,5108,1.7148805041507285e-08
1,5109,1.7148838618079662e-08
1,5110,1.7148874737732937e-08
1,5111,1.7148936961474586e-08
1,5112,1.7149015320529806e-08
1,5113,1.8212411729056835e-08
1,5114,2.0338437735379635e-08
1,5115,2.2996407230698552e-08
1,5116,2.641424788495629e-08
1,5117,3.097184570314369e-08
1,5118,3.735316062741697e-08
1,5119,4.692584190665259e-08
1,5120,6.288121131457151e-08
1,5121,9.479280415301827e-08
1,5122,1.9052190154328678e-07
1,5123,1511.0546882566373
1,5124,7763.088468995874
1,5125,9531.264989688054
1,5126,7829.770974273624
1,5127,629.0308709159339
1,5128,1.7149133030015085e-08
1,5129,1.7149025425412638e-08
1,5130,1.7149002277116885e-08
1,5131,1.714896122842981e-08
1,5132,1.7148960207165575e-08
1,5133,1.7149016218300026e-08
1,5134,1.7149077544183363e-08
1,5135,1.7149121343166087e-08
1,5136,1.714915077397636e-08
1,5137,1.714916916751365e-08
1,5138,1.7149186046745766e-08
1,5139,1.7149197908297004e-08
1,5140,1.7149201555844492e-08
1,5141,1.7149199915585518e-08
1,5142,1.7149198153668896e-08
1,5143,1.714920150312855e-08
1,5144,1.7149216160684724e-08
1,5145,1.7149266893170834e-08
1,5146,1.7149599697697908e-08
1,5147,1.903412352488552e-08
1,5148,2.1357943158723734e-08
1,5149,2.429415484400533e-08
1,5150,1.714976268999484e-08
1,5151,1.714933187912758e-08
1,5152,1.7149289721155996e-08
1,5153,1.7149251976629254e-08
1,5154,1.7149219211429737e-08
1,5155,1.7149173620494603e-08
1,5156,1.7149169122343078e-08
1,5157,1.7149183555252562e-08
1,5158,1.714921603020438e-08
1,5159,1.7149242267764818e-08
1,5160,1.7149260111720026e-08
1,5161,1.7149267085277907e-08
1,5162,1.71492685138769e-08
1,5163,1.7149263108231214e-08
1,5164,1.7149252928684122e-08
1,5165,1.7149241137314646e-08
1,5166,1.714923241878419e-08
1,5167,1.7149231294361506e-08
1,5168,1.7149250303569776e-08
1,5169,1.7149316584924503e-08
1,5170,1.714952949974076e-08
1,5171,1.7149579417801304e-08
1,5172,1.7150118226900773e-08
1,5173,1.71502146598366e-08
1,5174,1.7149342421021816e-08
1,5175,1.714923978186203e-08
1,5176,1.7149180637955895e-08
1,5177,1.714912327285622e-08
1,5178,1.7149037776609906e-08
1,5179,1.7148859852897494e-08
1,5180,1.7148909817873498e-08
1,5181,1.714896947073124e-08
1,5182,1.714901240571325e-08
1,5183,1.714901426264664e-08
1,5184,1.714901701279999e-08
1,5185,1.7149119116736597e-08
1,5186,1.7149135241079398e-08
1,5187,1.71490697834676e-08
1,5188,1.7148969567675853e-08
1,5189,1.7148896492161437e-08
1,5190,1.7149037659858272e-08
1,5191,3.12638261329273e-08
1,5192,2.3698532173398287e-08
1,5193,30864.33579870518
1,5194,43451.71547280494
1,5195,44907.71291747134
1,5196,44204.346951344945
1,5197,46371.907236819425
1,5198,43982.01043818727
1,5199,32908.347736504744
1,5200,3.3936490194227855e-08
1,5201,1.7148761683489914e-08
1,5202,1.7148733581836965e-08
1,5203,1.7148741892338096e-08
1,5204,1.7148748810567784e-08
1,5205,1.714875458628894e-08
1,5206,1.7148771503193693e-08
1,5207,1.7148820980417633e-08
1,5208,1.7149342574328003e-08
1,5209,3.3378630578649875e-08
1,5210,3.3152465434474324e-08
1,5211,3.258037147843085e-08
1,5212,3.157357522306042e-08
1,5213,2.998938857300145e-08
1,5214,2.7557332212354733e-08
1,5215,2.349801603252974e-08
1,5216,31936.25110377439
1,5217,45538.576654189914
1,5218,45771.25210437053
1,5219,43239.736588138025
1,5220,43261.9537518593
1,5221,45188.846021474936
1,5222,46064.01634560161
1,5223,37243.76253665415
1,5224,3.764355755707133e-08
1,5225,1.7148771085284578e-08
1,5226,1.7148745684836638e-08
1,5227,1.714873546594656e-08
1,5228,1.714874217413918e-08
1,5229,1.7148752428353922e-08
1,5230,1.7148767755869113e-08
1,5231,1.714877270958545e-08
1,5232,1.7148912624181744e-08
1,5233,1.9029644695570444e-08
1,5234,2.135648927741721e-08
1,5235,2.42925038319756e-08
1,5236,1.7149602778451605e-08
1,5237,1.714897776170318e-08
1,5238,3.057199878909805e-08
1,5239,2.735646688764584e-08
1,5240,2.2815715008259798e-08
1,5241,26927.2322026417
1,5242,42485.98251273662
1,5243,44999.43685135497
1,5244,47019.91690696946
1,5245,47361.08133328365
1,5246,41607.072085536216
1,5247,15065.33191980548
1,5248,1.7149190675543654e-08
1,5249,1.7148766044361116e-08
1,5250,1.714874551305158e-08
1,5251,1.7148737498371623e-08
1,5252,1.7148749783940778e-08
1,5253,1.7148766760215764e-08
1,5254,1.7148792549746594e-08
1,5255,1.714888336074857e-08
1,5256,1.7148937465106824e-08
1,5257,1.7148977665951186e-08
1,5258,1.7148991983328765e-08
1,5259,1.7148931407909843e-08
1,5260,1.7148846627579165e-08
1,5261,1.7148842728859304e-08
1,5262,3.428914723877218e-08
1,5263,2.4422677181238077e-08
1,5264,22766.152437390978
1,5265,41782.070415704686
1,5266,45169.52243936563
1,5267,44053.28126545702
1,5268,43955.283677170446
1,5269,45387.87306839925
1,5270,45660.7743617315
1,5271,37316.13896775279
1,5272,3.549632737004057e-08
1,5273,1.7148782490051276e-08
1,5274,1.714875182210195e-08
1,5275,1.7148746812379792e-08
1,5276,1.714875627593671e-08
1,5277,1.714876420343326e-08
1,5278,1.71487771494069e-08
1,5279,1.7148862445116468e-08
1,5280,1.714889796640534e-08
1,5281,1.7148903388361492e-08
1,5282,1.714890400756968e-08
1,5283,1.7148864386478714e-08
1,5284,1.7148824937857207e-08
1,5285,1.714886097469099e-08
1,5286,3.4288869068110764e-08
1,5287,2.4422624416936767e-08
1,5288,20185.16359040907
1,5289,42389.330492246205
1,5290,45467.880564723935
1,5291,44719.138290991956
1,5292,44226.41430479654
1,5293,45137.25049129348
1,5294,43910.95159243399
1,5295,34011.44315660402
1,5296,3.549843999056424e-08
1,5297,1.7148790223387545e-08
1,5298,1.7148768578412643e-08
1,5299,1.7148765411143e-08
1,5300,1.714878107632957e-08
1,5301,1.7148797337590164e-08
1,5302,1.714881922864169e-08
1,5303,1.7148833352922862e-08
1,5304,1.714884114585298e-08
1,5305,1.7148846465931398e-08
1,5306,1.714884421572061e-08
1,5307,1.714883253417404e-08
1,5308,1.7148968689868505e-08
1,5309,1.714891773491766e-08
1,5310,1.714895321125619e-08
1,5311,1.7149127911686364e-08
1,5312,3.0972097084697474e-08
1,5313,3.7353788600256175e-08
1,5314,4.692961174990228e-08
1,5315,5733.292302039402
1,5316,14913.294594462292
1,5317,16700.78530642038
1,5318,12956.11064773965
1,5319,12335.511770438135
1,5320,1.714908000157502e-08
1,5321,1.7148774392748337e-08
1,5322,1.7148750387323004e-08
1,5323,1.714874504654649e-08
1,5324,1.7148754841686314e-08
1,5325,1.7148761318506805e-08
1,5326,1.714877219796061e-08
1,5327,1.714877888836554e-08
1,5328,1.714881786976706e-08
1,5329,1.7151197647165696e-08
1,5330,2.1353406379951117e-08
1,5331,2.428670797291653e-08
1,5332,2.8109244793485922e-08
1,5333,1.71506781263583e-08
1,5334,3.056234317294428e-08
1,5335,2.7351352896065644e-08
1,5336,2.281431894882055e-08
1,5337,20684.86586561729
1,5338,41537.34107935079
1,5339,46504.12877044967
1,5340,48964.53553942751
1,5341,47690.72329163968
1,5342,38759.754166075014
1,5343,3.3107166065590526e-08
1,5344,1.714907216332525e-08
1,5345,1.7148756105347663e-08
1,5346,1.7148735331803646e-08
1,5347,1.7148736465828296e-08
1,5348,1.7148743072431175e-08
1,5349,1.714878968687349e-08
1,5350,1.714898739163092e-08
1,5351,2.0528832627143655e-08
1,5352,2.2037490705409255e-08
1,5353,2.351355979276484e-08
1,5354,2.488733285787811e-08
1,5355,2.6065656633483646e-08
1,5356,2.6930100645623794e-08
1,5357,2.733202866535991e-08
1,5358,2.7074583333624194e-08
1,5359,2.584430016992244e-08
1,5360,2.2843996488648173e-08
1,5361,21122.511899256246
1,5362,41778.19428538233
1,5363,46254.467312254565
1,5364,47285.653597217926
1,5365,47546.492190673605
1,5366,43804.4080000911
1,5367,23228.879605674418
1,5368,3.623758247748595e-08
1,5369,1.7148808090466754e-08
1,5370,1.7148814408295772e-08
1,5371,1.714885192626153e-08
1,5372,1.7148912425339065e-08
1,5373,1.7148951074480055e-08
1,5374,1.7149019592814914e-08
1,5375,1.714913729544939e-08
1,5376,1.7149423874461187e-08
1,5377,1.714969510138706e-08
1,5378,1.71495139551954e-08
1,5379,1.714929445989876e-08
1,5380,1.714914387062396e-08
1,5381,1.7149119985927926e-08
1,5382,1.7149101615189375e-08
1,5383,1.7149192629367448e-08
1,5384,1.9033584060240146e-08
1,5385,2.135753395653432e-08
1,5386,2.4294247512123652e-08
1,5387,2.8122919255537575e-08
1,5388,3.332248316160509e-08
1,5389,4.0788598111324726e-08
1,5390,1.7149549763909657e-08
1,5391,1.7149181994052256e-08
1,5392,1.714914422082126e-08
1,5393,1.7149119489031294e-08
1,5394,1.714909537339681e-08
1,5395,1.714909358681459e-08
1,5396,1.7149122075741166e-08
1,5397,1.714913433146088e-08
1,5398,1.7149152869281762e-08
1,5399,1.7149178838637687e-08
1,5400,1.7149209542568973e-08
1,5401,1.71492320686411e-08
1,5402,1.7149271745490552e-08
1,5403,1.7149255373431272e-08
1,5404,1.7149212486479415e-08
1,5405,1.7149177991757205e-08
1,5406,1.7149144605167543e-08
1,5407,1.714912069558907e-08
1,5408,1.7149119832804698e-08
1,5409,1.7149137380234e-08
1,5410,1.7149170923636567e-08
1,5411,1.714932122875553e-08
1,5412,1.9033731676693577e-08
1,5413,2.135730377856657e-08
1,5414,1.715230773799897e-08
1,5415,1.7149253085974752e-08
1,5416,1.7149104935341688e-08
1,5417,1.7149047564143374e-08
1,5418,1.7148972230266325e-08
1,5419,1.7148895987387398e-08
1,5420,1.7148945201492412e-08
1,5421,1.7148955210812987e-08
1,5422,1.714896694576668e-08
1,5423,1.7148965330325772e-08
1,5424,1.7148946695109653e-08
1,5425,1.7148923046373283e-08
1,5426,1.7148961832903016e-08
1,5427,1.7149002033245935e-08
1,5428,1.7148942164167788e-08
1,5429,1.7148919505992403e-08
1,5430,1.7149411536548784e-08
1,5431,3.032354699122593e-08
1,5432,3.2703563358311906e-08
1,5433,3.531810829516678e-08
1,5434,8600.587005682935
1,5435,16236.827083664022
1,5436,20802.49532524839
1,5437,18277.135765426454
1,5438,10702.405002765723
1,5439,10562.212030018885
1,5440,1.71489636405357e-08
1,5441,1.714877764487374e-08
1,5442,1.714876068893771e-08
1,5443,1.714874796461565e-08
1,5444,1.714874954182827e-08
1,5445,1.7148759507672336e-08
1,5446,1.7148782886696476e-08
1,5447,1.7148855305536742e-08
1,5448,1.7148857998630564e-08
1,5449,1.7148869083618608e-08
1,5450,1.714887747186381e-08
1,5451,1.714885748485087e-08
1,5452,1.7148843578789104e-08
1,5453,1.714887594748911e-08
1,5454,3.4288483497154634e-08
1,5455,2.4422574158426577e-08
1,5456,15170.083047826085
1,5457,43655.51970124788
1,5458,46387.25423735748
1,5459,43908.86444989775
1,5460,43240.344959494454
1,5461,44851.76301654941
1,5462,45975.60353528496
1,5463,40062.80642532096
1,5464,3.549626701366437e-08
1,5465,1.7148834387339826e-08
1,5466,1.7148847333601456e-08
1,5467,1.7148851361121147e-08
1,5468,1.714890879955355e-08
1,5469,1.714896973293198e-08
1,5470,1.714902205434348e-08
1,5471,1.714906570639648e-08
1,5472,1.7149100015506668e-08
1,5473,1.7149124789844793e-08
1,5474,1.7149136134665276e-08
1,5475,1.7149154495354628e-08
1,5476,1.714916647731668e-08
1,5477,1.714916312921228e-08
1,5478,1.7149169590464306e-08
1,5479,1.7149179445665543e-08
1,5480,1.7149191686155604e-08
1,5481,1.7149230322980734e-08
1,5482,1.7149270666102915e-08
1,5483,1.9032835221626958e-08
1,5484,2.1356375557382573e-08
1,5485,2.429247812900815e-08
1,5486,1.714944884825863e-08
1,5487,1.7149304223244355e-08
1,5488,1.714925036027355e-08
1,5489,1.7149207546495176e-08
1,5490,1.7149159932076258e-08
1,5491,1.714914937288561e-08
1,5492,1.7149188490666212e-08
1,5493,1.7149210995240642e-08
1,5494,1.7149245347515627e-08
1,5495,1.7149276627175208e-08
1,5496,1.714930718073104e-08
1,5497,1.714930472310899e-08
1,5498,1.7149304087722472e-08
1,5499,1.714929777574137e-08
1,5500,1.7149281894026074e-08
1,5501,1.7149261741828157e-08
1,5502,1.714924895038382e-08
1,5503,1.7149315082901306e-08
1,5504,1.7149702760726533e-08
1,5505,2.1358012178193778e-08
1,5506,2.4294867511025182e-08
1,5507,2.8123719710021087e-08
1,5508,3.332351087169443e-08
1,5509,4.079052982918548e-08
1,5510,5.2419238842398225e-08
1,5511,1.7149833828019646e-08
1,5512,1.71492421543776e-08
1,5513,1.7149164915154146e-08
1,5514,1.7148809332250936e-08
1,5515,1.71487285995519e-08
1,5516,1.7148780378692906e-08
1,5517,1.7148944912257765e-08
1,5518,1.7149080820544072e-08
1,5519,1.7149096131586166e-08
1,5520,1.714908447819158e-08
1,5521,1.7149066256297047e-08
1,5522,1.714914077614833e-08
1,5523,1.7149126382771566e-08
1,5524,1.7149046967930435e-08
1,5525,1.7148938444954537e-08
1,5526,1.71488671348804e-08
1,5527,1.7149536348608614e-08
1,5528,2.4893696158569193e-08
1,5529,9348.456095579633
1,5530,22828.964141919685
1,5531,25610.107171736967
1,5532,27207.70152724137
1,5533,25850.58352091485
1,5534,16093.647948053791
1,5535,3.223556998842482e-08
1,5536,1.714885499973413e-08
1,5537,1.714882366089744e-08
1,5538,1.7148757821233127e-08
1,5539,1.7148738798496046e-08
1,5540,1.714875662753331e-08
1,5541,1.7148784966941632e-08
1,5542,1.7148872347002772e-08
1,5543,1.714891140450851e-08
1,5544,1.7148934010103478e-08
1,5545,1.7148943339659784e-08
1,5546,1.7148946042165836e-08
1,5547,1.7148938354081454e-08
1,5548,1.7148959827623664e-08
1,5549,1.714899653616135e-08
1,5550,1.7148969205823378e-08
1,5551,1.7148959558141826e-08
1,5552,1.7149163649171926e-08
1,5553,3.3321056527810266e-08
1,5554,61.68954902894261
1,5555,9990.977067412283
1,5556,13054.737891524715
1,5557,13683.451428505097
1,5558,2953.464478107193
1,5559,3806.3011025469577
1,5560,1.714889527655396e-08
1,5561,1.714881688340736e-08
1,5562,1.7148745351600324e-08
1,5563,1.7148736037480346e-08
1,5564,1.7148761021171135e-08
1,5565,1.714879221446046e-08
1,5566,1.714881831718003e-08
1,5567,1.7148835544166603e-08
1,5568,1.7148864402040403e-08
1,5569,1.71489057620358e-08
1,5570,1.714895320683129e-08
1,5571,1.9031755225440617e-08
1,5572,2.1354106647496213e-08
1,5573,2.4288586771906015e-08
1,5574,2.8114047285348904e-08
1,5575,3.330822040959456e-08
1,5576,4.076520342358739e-08
1,5577,5.237686763493734e-08
1,5578,5403.070229956111
1,5579,9343.17575672027
1,5580,15654.13682606103
1,5581,34304.13773784226
1,5582,19126.957883348132
1,5583,208.09297994588553
1,5584,1.7149164756159285e-08
1,5585,1.7148753058478673e-08
1,5586,1.7148738998792233e-08
1,5587,1.7148739337798536e-08
1,5588,1.7148746408694054e-08
1,5589,1.7148753938471366e-08
1,5590,1.714878660722771e-08
1,5591,1.7150737507240537e-08
1,5592,4.778825176366758e-08
1,5593,4.541061995797489e-08
1,5594,4.413442306481683e-08
1,5595,4.350230666177264e-08
1,5596,4.330126405202773e-08
1,5597,4.342624911573531e-08
1,5598,4.3829566059725355e-08
1,5599,4.4500132802239526e-08
1,5600,4.545572912053496e-08
1,5601,4.6742694588784446e-08
1,5602,4.8441838659921436e-08
1,5603,5.0673500316946395e-08
1,5604,6398.855254443317
1,5605,19760.849977632457
1,5606,23483.564766173957
1,5607,14923.825067853444
1,5608,16372.545283474023
1,5609,4242.021863348813
1,5610,1.7148772427780977e-08
1,5611,1.7148751184170943e-08
1,5612,1.714875294506435e-08
1,5613,1.7148759761091042e-08
1,5614,1.714877819511312e-08
1,5615,1.7148819666669532e-08
1,5616,1.714898344900426e-08
1,5617,1.1695544302879504e-07
1,5618,6.746353713703041e-08
1,5619,5.363073428941051e-08
1,5620,4.5519759749566586e-08
1,5621,3.879183531825027e-08
1,5622,3.1225392332012784e-08
1,5623,5928.747925587222
1,5624,41253.42099241199
1,5625,46361.51855101283
1,5626,44013.01216688023
1,5627,41590.69033575045
1,5628,41214.03540076189
1,5629,42068.70406070561
1,5630,43932.25614399567
1,5631,46298.61820649021
1,5632,42470.71691186459
1,5633,2.848996571292364e-08
1,5634,2.8485954145085203e-08
1,5635,2.8485952918693303e-08
1,5636,2.848607464358909e-08
1,5637,2.8486170411641326e-08
1,5638,3.807982792693133e-08
1,5639,4.066398746612414e-08
1,5640,4.3134390484952706e-08
1,5641,4.5379395332726747e-08
1,5642,4.726726161308339e-08
1,5643,4.8648869915179265e-08
1,5644,4.9355492979501084e-08
1,5645,4.91851372916386e-08
1,5646,4.786410666396374e-08
1,5647,4.4920725847040455e-08
1,5648,3.904849372946944e-08
1,5649,12939.46843643493
1,5650,23835.788044404402
1,5651,23088.25603233561
1,5652,24455.427425427682
1,5653,25420.13579349096
1,5654,19474.25482901583
1,5655,11465.578209500993
1,5656,7.009190039482347e-08
1,5657,1.7148922184127624e-08
1,5658,1.7148779394149242e-08
1,5659,1.714875822514587e-08
1,5660,1.7148760806414402e-08
1,5661,1.714876432461996e-08
1,5662,1.7148796984252064e-08
1,5663,1.714893267817466e-08
1,5664,1.7155171325038447e-08
1,5665,7.30230196180153e-08
1,5666,1.195790111006926e-07
1,5667,3.2425488114397414e-07
1,5668,676.0456840700364
1,5669,1.714897190562909e-08
1,5670,1.7148987873619772e-08
1,5671,1.0258190182389282e-07
1,5672,7.445294367196221e-08
1,5673,5984.213296504661
1,5674,11074.82175118801
1,5675,7265.451652112193
1,5676,8872.379282377955
1,5677,32479.734002717872
1,5678,16043.197102767164
1,5679,3461.8651253728503
1,5680,1.714889486166367e-08
1,5681,1.714875447595443e-08
1,5682,1.7148739376897577e-08
1,5683,1.7148741524888428e-08
1,5684,1.7148752741007336e-08
1,5685,1.7148780878066262e-08
1,5686,1.7148903649776188e-08
1,5687,1.2284238711283372e-07
1,5688,7.440284723328678e-08
1,5689,6.207756719204974e-08
1,5690,5.6070974332843434e-08
1,5691,5.2279801741481004e-08
1,5692,4.9402364547597064e-08
1,5693,4.6829979133061815e-08
1,5694,4.417715070639144e-08
1,5695,4.110719482403681e-08
1,5696,3.7161874651507056e-08
1,5697,3.1251625133422284e-08
1,5698,8888.482221200133
1,5699,26502.14978256109
1,5700,36497.47741332542
1,5701,39315.41027453222
1,5702,35477.59519301314
1,5703,30729.525522817592
1,5704,25661.465850006487
1,5705,19590.785492001047
1,5706,18253.22148362812
1,5707,19686.14377892946
1,5708,22603.097149859503
1,5709,24729.32096696112
1,5710,31713.02651273941
1,5711,37963.74162804683
1,5712,41068.578846317716
1,5713,41301.42383110887
1,5714,40019.12257118269
1,5715,40333.37252809336
1,5716,39305.503922789416
1,5717,38830.929122514164
1,5718,38222.676053176794
1,5719,39652.75748746392
1,5720,40600.110575935665
1,5721,41170.62565526732
1,5722,40619.21241666294
1,5723,40025.19223138742
1,5724,40854.34192248965
1,5725,41820.24000777754
1,5726,42972.758324869734
1,5727,44784.30860529522
1,5728,41774.24392334434
1,5729,3.581199359936171e-08
1,5730,3.581085281109897e-08
1,5731,3.5810915424621466e-08
1,5732,3.974575668325847e-08
1,5733,4.45980104810272e-08
1,5734,5.073044251140916e-08
1,5735,5.87254303267151e-08
1,5736,6.958482113872963e-08
1,5737,8.517851049267991e-08
1,5738,1.0946385016748585e-07
1,5739,1.524979382752829e-07
1,5740,2.497126232090495e-07
1,5741,6.769170083311586e-07
1,5742,9.799073093210364e-08
1,5743,1.3130083715507594e-07
1,5744,1.9792915943240338e-07
1,5745,3.977824655315666e-07
1,5746,2765.319860280017
1,5747,19111.55817319378
1,5748,16528.8076241831
1,5749,5487.284100202128
1,5750,1.714883090045077e-08
1,5751,1.7148806096503762e-08
1,5752,1.714878653495547e-08
1,5753,1.714874042218028e-08
1,5754,1.7148729423447295e-08
1,5755,1.7148737228384953e-08
1,5756,1.71487608893186e-08
1,5757,1.7148790052930635e-08
1,5758,1.7148806630886684e-08
1,5759,1.7148814195429616e-08
1,5760,1.7148895365465315e-08
1,5761,1.903265588578865e-08
1,5762,2.135535184656946e-08
1,5763,2.429032257341099e-08
1,5764,2.8116195304660153e-08
1,5765,3.331091789925323e-08
1,5766,4.0768763685644345e-08
1,5767,5.2380024579911874e-08
1,5768,7.295228757320097e-08
1,5769,1.1937989451682159e-07
1,5770,9157.548445008333
1,5771,28179.458823477242
1,5772,22684.518776311812
1,5773,15863.759111713378
1,5774,8231.519510339624
1,5775,1.714901425170975e-08
1,5776,1.7148964824823285e-08
1,5777,1.7149022482759193e-08
1,5778,1.7149034730279628e-08
1,5779,1.7149080716816418e-08
1,5780,1.7149152442942975e-08
1,5781,1.714920552546101e-08
1,5782,1.714929411597628e-08
1,5783,1.7149352457393235e-08
1,5784,1.714940757149269e-08
1,5785,1.7149456196543887e-08
1,5786,1.7149500033531286e-08
1,5787,1.7149532530241686e-08
1,5788,1.71495575900062e-08
1,5789,1.7149589232588904e-08
1,5790,1.7156963037453545e-08
1,5791,1.9043432129269244e-08
1,5792,2.136971432915738e-08
1,5793,2.430992738191703e-08
1,5794,2.8143893277579975e-08
1,5795,3.335163181226135e-08
1,5796,4.083226197535984e-08
1,5797,5.248807682788775e-08
1,5798,1.7151993027959123e-08
1,5799,1.714994128514688e-08
1,5800,1.714985900127641e-08
1,5801,1.7149823105971668e-08
1,5802,1.714979168720556e-08
1,5803,1.714976715087014e-08
1,5804,1.714980783741336e-08
1,5805,1.714984153046293e-08
1,5806,1.7149900362525416e-08
1,5807,1.7149947230826892e-08
1,5808,1.7149977220465458e-08
1,5809,1.715000474191439e-08
1,5810,1.7150025852045585e-08
1,5811,1.715003987452695e-08
1,5812,1.715004789888341e-08
1,5813,1.7150048474936965e-08
1,5814,1.71500340406519e-08
1,5815,1.7150020633821186e-08
1,5816,1.7150043636871118e-08
1,5817,1.7150092446507735e-08
1,5818,1.7150128186429363e-08
1,5819,1.715018493090461e-08
1,5820,1.715029081214399e-08
1,5821,1.7150317533926057e-08
1,5822,1.7150217894326778e-08
1,5823,1.7150185911172453e-08
1,5824,1.715016600668085e-08
1,5825,1.715013105423559e-08
1,5826,1.715007596270448e-08
1,5827,1.7150131860234872e-08
1,5828,1.7150179717504913e-08
1,5829,1.71502084034954e-08
1,5830,1.7150242313107578e-08
1,5831,1.7150274937177852e-08
1,5832,1.715032831802428e-08
1,5833,1.715033085338024e-08
1,5834,1.7150329802493566e-08
1,5835,1.7150319775863026e-08
1,5836,1.7150310862860583e-08
1,5837,1.7150294536209045e-08
1,5838,1.7150274789421425e-08
1,5839,1.715027238873354e-08
1,5840,1.7150299708307417e-08
1,5841,1.7150349710200505e-08
1,5842,1.715041258599828e-08
1,5843,1.715051403022497e-08
1,5844,1.715237143920325e-08
1,5845,1.9041361138500638e-08
1,5846,1.7150524879036512e-08
1,5847,1.7150397716006243e-08
1,5848,1.715035100015037e-08
1,5849,1.7150143387682434e-08
1,5850,1.714858990031236e-08
1,5851,1.7148572434838577e-08
1,5852,1.7148600972442444e-08
1,5853,1.7150070593118682e-08
1,5854,1.7150283299818944e-08
1,5855,1.7150305356841494e-08
1,5856,1.715031072486875e-08
1,5857,1.7150300930298133e-08
1,5858,1.7150288235866175e-08
1,5859,1.7150271007222804e-08
1,5860,1.715024690094634e-08
1,5861,1.715026725094339e-08
1,5862,1.7150232413193166e-08
1,5863,1.7150217223995068e-08
1,5864,1.7150268036390267e-08
1,5865,2.812602114762603e-08
1,5866,3.3326953072395065e-08
1,5867,1231.1104991910959
1,5868,6976.539453488996
1,5869,6170.365460328794
1,5870,1.1966581225198803e-07
1,5871,1.7150515451380238e-08
1,5872,1.715009136923768e-08
1,5873,1.7150001663318934e-08
1,5874,1.714874789744255e-08
1,5875,1.7148673087269032e-08
1,5876,1.7149445921607332e-08
1,5877,1.7149944447334325e-08
1,5878,1.7149970157488004e-08
1,5879,1.7149979644375598e-08
1,5880,1.714998294093296e-08
1,5881,1.7149975841943053e-08
1,5882,1.7149965923275333e-08
1,5883,1.7149948554529324e-08
1,5884,1.714992329678272e-08
1,5885,1.7149883556463394e-08
1,5886,1.7149854326897984e-08
1,5887,1.7149951612640136e-08
1,5888,2.1357678377183264e-08
1,5889,2.429470962499522e-08
1,5890,2.8123564189018924e-08
1,5891,3.3323114416947683e-08
1,5892,4.0789625270903635e-08
1,5893,5.241747075861771e-08
1,5894,1.7149860914344366e-08
1,5895,1.71497183227411e-08
1,5896,1.7149641463540672e-08
1,5897,1.7149419088755528e-08
1,5898,1.7148774434845874e-08
1,5899,1.7149071545235144e-08
1,5900,1.7149411274236233e-08
1,5901,1.7149478178519318e-08
1,5902,1.7149469168575648e-08
1,5903,1.7149445777733704e-08
1,5904,1.714942335805908e-08
1,5905,1.7149386860496974e-08
1,5906,1.7149353982150796e-08
1,5907,1.7149356052936288e-08
1,5908,1.903359832438001e-08
1,5909,1.7151459034699356e-08
1,5910,1.7149121860306806e-08
1,5911,1.7148982156916484e-08
1,5912,1.714893173990949e-08
1,5913,2.8481574081590548e-08
1,5914,2.3002086261688054e-08
1,5915,10012.838302184553
1,5916,22280.115777415773
1,5917,27366.626404981722
1,5918,20195.633242054693
1,5919,5326.448486645663
1,5920,3.182317888998881e-08
1,5921,1.71487783482499e-08
1,5922,1.7148756092364342e-08
1,5923,1.7148761814735975e-08
1,5924,1.7148775938488598e-08
1,5925,1.714879824908232e-08
1,5926,1.714882792933702e-08
1,5927,1.7148900859236308e-08
1,5928,1.7148927378238688e-08
1,5929,1.7148920685207956e-08
1,5930,1.7148943294858517e-08
1,5931,1.8212595130897235e-08
1,5932,2.033865721819101e-08
1,5933,2.2996659247926846e-08
1,5934,2.641448204842751e-08
1,5935,3.0972314323349264e-08
1,5936,3.735380697914318e-08
1,5937,4.6926982770036985e-08
1,5938,6.288342359266172e-08
1,5939,9.480217566804332e-08
1,5940,7241.6460196799035
1,5941,17593.89607427472
1,5942,20698.269611598455
1,5943,6524.71527068859
1,5944,1.7148871220628523e-08
1,5945,1.7148762399507193e-08
1,5946,1.7148745341822176e-08
1,5947,1.714874023072034e-08
1,5948,1.7148741606559344e-08
1,5949,1.714876478295965e-08
1,5950,1.7148806868520083e-08
1,5951,1.714884769730724e-08
1,5952,1.7149017168742144e-08
1,5953,1.714963641877507e-08
1,5954,2.8847320099643437e-08
1,5955,2.917648209209249e-08
1,5956,2.899047740169281e-08
1,5957,2.813553256306804e-08
1,5958,2.6340122960055652e-08
1,5959,2.2843264025343483e-08
1,5960,38436.69371579041
1,5961,46192.703363849236
1,5962,45783.88685208717
1,5963,43629.355058759545
1,5964,43890.378063730335
1,5965,43916.19284954547
1,5966,40521.88401608917
1,5967,14150.462052376803
1,5968,3.6231511535187e-08
1,5969,1.71487785128284e-08
1,5970,1.7148757002948478e-08
1,5971,1.7148753924187002e-08
1,5972,1.7148761144353443e-08
1,5973,1.7148788861233205e-08
1,5974,1.7148817329173694e-08
1,5975,1.714884438739386e-08
1,5976,1.7148862699859933e-08
1,5977,1.71488854002345e-08
1,5978,1.7148877525375965e-08
1,5979,1.7148851075538907e-08
1,5980,1.716712006369833e-08
1,5981,1.7148992769144947e-08
1,5982,1.7148832552385247e-08
1,5983,1.714886297135771e-08
1,5984,3.097257463155966e-08
1,5985,3.735480223844486e-08
1,5986,9048.298686075012
1,5987,14996.179815790916
1,5988,16920.401287513425
1,5989,15918.965736750604
1,5990,16365.612727607597
1,5991,1586.8145241208117
1,5992,1.7148833382907828e-08
1,5993,1.7148801674076982e-08
1,5994,1.714872818964555e-08
1,5995,1.7148721516902952e-08
1,5996,1.714873414125818e-08
1,5997,1.71488079591902e-08
1,5998,1.714885624362912e-08
1,5999,1.7148871616098042e-08
1,6000,1.714888316919715e-08
1,6001,1.7148888446954412e-08
1,6002,1.7148958945049214e-08
1,6003,1.903314932552664e-08
1,6004,2.1356651484341806e-08
1,6005,1.7149296801213023e-08
1,6006,1.714884162788249e-08
1,6007,1.714884599886049e-08
1,6008,2.844607745932032e-08
1,6009,2.2925639502402098e-08
1,6010,26129.374818955537
1,6011,39642.75420675434
1,6012,44501.170979077906
1,6013,44514.79718906449
1,6014,34326.48344081419
1,6015,3.132434487570525e-08
1,6016,1.7148816710876912e-08
1,6017,1.7148735886450984e-08
1,6018,1.71487315473282e-08
1,6019,1.7148742947944437e-08
1,6020,1.714875416251158e-08
1,6021,1.7148779992205324e-08
1,6022,1.7149043240209585e-08
1,6023,2.943702422989039e-08
1,6024,3.056079685196083e-08
1,6025,3.144207463249578e-08
1,6026,3.20308988405734e-08
1,6027,3.2272677200831916e-08
1,6028,3.210061670227564e-08
1,6029,3.142308542865375e-08
1,6030,3.0097072234549674e-08
1,6031,2.785159343249866e-08
1,6032,2.389762522582328e-08
1,6033,27027.14862665775
1,6034,43614.02398894952
1,6035,47037.54776566258
1,6036,47855.55251594398
1,6037,44587.18276174665
1,6038,34212.361422477275
1,6039,3.7639967048091246e-08
1,6040,1.714885232508191e-08
1,6041,1.7148755789692365e-08
1,6042,1.7148743443540026e-08
1,6043,1.7148742464305564e-08
1,6044,1.7148750060700323e-08
1,6045,1.7148768134387808e-08
1,6046,1.7148784072722173e-08
1,6047,1.7148807110178583e-08
1,6048,1.7149866465398502e-08
1,6049,1.9034459625058548e-08
1,6050,2.1358327723397947e-08
1,6051,2.429505841042176e-08
1,6052,2.8123710039357837e-08
1,6053,3.3322568498107765e-08
1,6054,1.7148887255971878e-08
1,6055,1.7148934510852415e-08
1,6056,4.563279861178628e-08
1,6057,4.17754691671264e-08
1,6058,422.16611991055913
1,6059,11126.793845893784
1,6060,23150.493199880635
1,6061,27105.3687684591
1,6062,18202.75648355021
1,6063,5174.083795318651
1,6064,1.7148991553584905e-08
1,6065,1.714877762773318e-08
1,6066,1.7148776679571276e-08
1,6067,1.7148791037464135e-08
1,6068,1.7148810705230357e-08
1,6069,1.7148856254189926e-08
1,6070,1.7148888616225476e-08
1,6071,1.714892107920025e-08
1,6072,1.714896468351786e-08
1,6073,1.714897843937697e-08
1,6074,1.7148976465410732e-08
1,6075,1.7148965086634393e-08
1,6076,1.7149012056268115e-08
1,6077,1.7149096229343932e-08
1,6078,1.7148939177261954e-08
1,6079,1.71489303790257e-08
1,6080,1.714906925628107e-08
1,6081,3.3321294569147396e-08
1,6082,4.0789334008189276e-08
1,6083,10610.432292474137
1,6084,17564.742699244824
1,6085,15992.774984327918
1,6086,498.16262178928196
1,6087,1.7149583274630304e-08
1,6088,1.7148996888442352e-08
1,6089,1.7148783205035175e-08
1,6090,1.7148702503550997e-08
1,6091,1.714870161778154e-08
1,6092,1.714871449552159e-08
1,6093,1.714882393880895e-08
1,6094,1.7148959302198963e-08
1,6095,1.7148971267803116e-08
1,6096,1.7148986776349576e-08
1,6097,1.714902284387983e-08
1,6098,1.7149041939736184e-08
1,6099,1.7149087461990498e-08
1,6100,1.7149033098704436e-08
1,6101,1.7148899723985154e-08
1,6102,1.7149077031369288e-08
1,6103,3.126402622609403e-08
1,6104,2.3698571641294876e-08
1,6105,31537.2464283321
1,6106,44552.11684468299
1,6107,45544.237245994336
1,6108,46129.58649430169
1,6109,46793.22108020389
1,6110,45822.235671855575
1,6111,33437.18728386956
1,6112,3.393114445345073e-08
1,6113,1.714875294845587e-08
1,6114,1.7148739088140657e-08
1,6115,1.7148735539363987e-08
1,6116,1.7148742252025555e-08
1,6117,1.714877889175706e-08
1,6118,1.7148789570592805e-08
1,6119,1.7148817017679022e-08
1,6120,1.714889062592634e-08
1,6121,1.7149162509024922e-08
1,6122,1.7159205781353752e-08
1,6123,3.732022571485477e-08
1,6124,3.4442090022921605e-08
1,6125,3.15628553545793e-08
1,6126,2.8215570354675083e-08
1,6127,2.351475040070355e-08
1,6128,35356.15924259879
1,6129,45827.36521093367
1,6130,45447.814919053504
1,6131,42954.17305411977
1,6132,42175.968606499286
1,6133,43549.70738393706
1,6134,46605.60229037326
1,6135,46709.552545550265
1,6136,1519.2906123483986
1,6137,1.714878508787422e-08
1,6138,1.7148742633674884e-08
1,6139,1.714874059666229e-08
1,6140,1.7148745020244423e-08
1,6141,1.7148756249536388e-08
1,6142,1.7148765741716244e-08
1,6143,1.7148773403346092e-08
1,6144,1.7148955936279766e-08
1,6145,1.7178207386296847e-08
1,6146,2.135635461123357e-08
1,6147,2.429249279226994e-08
1,6148,2.8120050606073553e-08
1,6149,3.3316317104770316e-08
1,6150,1.7149096291414507e-08
1,6151,3.126289188808883e-08
1,6152,2.36983984534216e-08
1,6153,34237.34698618213
1,6154,46233.091566163865
1,6155,46598.54719575208
1,6156,46214.579301241494
1,6157,47374.0127665091
1,6158,43127.94267610415
1,6159,3.310538735462295e-08
1,6160,1.7148823324096812e-08
1,6161,1.7148782976031347e-08
1,6162,1.7148742966358933e-08
1,6163,1.7148750882928758e-08
1,6164,1.7148792444890692e-08
1,6165,1.7148855398652768e-08
1,6166,1.71488832047251e-08
1,6167,1.7148904280903825e-08
1,6168,1.7148922818402835e-08
1,6169,1.714892961443955e-08
1,6170,1.7148921341448426e-08
1,6171,1.714891613943285e-08
1,6172,1.714914705084304e-08
1,6173,1.7148958439384097e-08
1,6174,1.7148893025177657e-08
1,6175,1.7148945080248116e-08
1,6176,3.097089475008905e-08
1,6177,3.735274686834277e-08
1,6178,4163.690821551029
1,6179,13125.260402332893
1,6180,18918.09630993442
1,6181,18827.553470475825
1,6182,6566.779788479949
1,6183,1.7150638329707895e-08
1,6184,1.7149122500538354e-08
1,6185,1.7148826566078148e-08
1,6186,1.714869035307682e-08
1,6187,1.7148702577923878e-08
1,6188,1.714880917536688e-08
1,6189,1.7149234658349468e-08
1,6190,1.714929663678021e-08
1,6191,1.7149326619527317e-08
1,6192,1.7149349986953882e-08
1,6193,1.7149360355565505e-08
1,6194,1.714936040319586e-08
1,6195,1.7149356671873427e-08
1,6196,1.7149346271579384e-08
1,6197,1.7149322511393806e-08
1,6198,1.714928948609419e-08
1,6199,1.714930644041747e-08
1,6200,1.714940594635156e-08
1,6201,1.9034074574275514e-08
1,6202,2.1358040020776618e-08
1,6203,2.42948900424099e-08
1,6204,2.8123776248043913e-08
1,6205,3.3323234844859846e-08
1,6206,1.7149728933549935e-08
1,6207,1.7149369953038332e-08
1,6208,1.714929879130338e-08
1,6209,1.7148777428033305e-08
1,6210,1.7148697199556042e-08
1,6211,1.7148731613169765e-08
1,6212,1.7148955376218193e-08
1,6213,1.7149210631561964e-08
1,6214,1.7149225678465303e-08
1,6215,1.7149224089939714e-08
1,6216,1.7149215101307393e-08
1,6217,1.7149192766041297e-08
1,6218,1.7149166703806515e-08
1,6219,1.714912319448873e-08
1,6220,1.7149124030374724e-08
1,6221,1.714912173293338e-08
1,6222,1.7148970717099563e-08
1,6223,1.714888349288232e-08
1,6224,1.7149021087760303e-08
1,6225,3.254772328320092e-08
1,6226,3.8540576774616234e-08
1,6227,6968.762093603944
1,6228,19388.675142088243
1,6229,26114.456414528853
1,6230,18687.99273879587
1,6231,14021.775822293484
1,6232,1.714887065215422e-08
1,6233,1.7148743709969157e-08
1,6234,1.7148736575309e-08
1,6235,1.7148738954577113e-08
1,6236,1.7148741321139734e-08
1,6237,1.714878817280887e-08
1,6238,1.715175575938709e-08
1,6239,2.135585697342411e-08
1,6240,2.4291387936191758e-08
1,6241,2.8118119593747195e-08
1,6242,3.3314290112223524e-08
1,6243,4.07747728323497e-08
1,6244,5.239117359453219e-08
1,6245,7.297509522274166e-08
1,6246,1.714945962464208e-08
1,6247,4.0535937839354696e-08
1,6248,2.5690280165215388e-08
1,6249,13824.394634377208
1,6250,41171.05974240951
1,6251,45864.18382886571
1,6252,48573.13914762039
1,6253,47257.41960816801
1,6254,38024.508913835896
1,6255,3.54986863754605e-08
1,6256,1.714878061677015e-08
1,6257,1.714873297673018e-08
1,6258,1.714872924638014e-08
1,6259,1.7148738720643554e-08
1,6260,1.7148765265348302e-08
1,6261,1.7148836850152494e-08
1,6262,1.714921757696447e-08
1,6263,2.289961431974213e-08
1,6264,2.4411901777932852e-08
1,6265,2.582987012637728e-08
1,6266,2.7074298587642518e-08
1,6267,2.8050698821219916e-08
1,6268,2.8648499127994186e-08
1,6269,2.873494905373733e-08
1,6270,2.813430556653293e-08
1,6271,2.6554487476698768e-08
1,6272,2.320947506168243e-08
1,6273,32377.726015211814
1,6274,43820.92734911193
1,6275,46184.46896443158
1,6276,46334.531821317316
1,6277,47539.38809726374
1,6278,45619.74336670751
1,6279,25200.0169032583
1,6280,1.7148927688615277e-08
1,6281,1.714873641257364e-08
1,6282,1.714873089489599e-08
1,6283,1.714876840855882e-08
1,6284,1.714881178798241e-08
1,6285,1.7149045686332316e-08
1,6286,2.581574751080775e-08
1,6287,2.723516545798723e-08
1,6288,2.8480425229584317e-08
1,6289,2.9477669795020556e-08
1,6290,3.0146099083892233e-08
1,6291,3.0395324791980186e-08
1,6292,3.011536324823896e-08
1,6293,2.9151473406675886e-08
1,6294,2.722761513528158e-08
1,6295,2.3561375324287668e-08
1,6296,29860.406659975753
1,6297,42906.41019013547
1,6298,45301.422344499035
1,6299,43872.29300734682
1,6300,43919.681028551546
1,6301,45585.64566311618
1,6302,46519.805994375056
1,6303,35369.79658200196
1,6304,1.7149560421176555e-08
1,6305,1.7148756008548738e-08
1,6306,1.7148760743933864e-08
1,6307,1.7148784911518572e-08
1,6308,1.714880619672809e-08
1,6309,1.7148827953081047e-08
1,6310,1.714885732581874e-08
1,6311,1.7148884586998167e-08
1,6312,1.7148899254254562e-08
1,6313,1.7148890830247628e-08
1,6314,1.7148873423385137e-08
1,6315,1.7148859721986858e-08
1,6316,1.714918870819105e-08
1,6317,1.7148879954703727e-08
1,6318,1.7148808244504777e-08
1,6319,1.7148841896683315e-08
1,6320,3.0967362731779905e-08
1,6321,3.7349078358084016e-08
1,6322,6934.345737386276
1,6323,18254.514750451377
1,6324,23408.402618696833
1,6325,18102.867353433972
1,6326,2226.1678151600595
1,6327,1.7149366688610623e-08
1,6328,1.7149052396439233e-08
1,6329,1.7148810872414332e-08
1,6330,1.7148735901416362e-08
1,6331,1.7148989116196777e-08
1,6332,1.7149177829692698e-08
1,6333,1.7149252329496403e-08
1,6334,1.714929499566404e-08
1,6335,1.714933056398357e-08
1,6336,1.714935893658203e-08
1,6337,1.714937572400594e-08
1,6338,1.714938360893739e-08
1,6339,1.714938807053775e-08
1,6340,1.714939225946465e-08
1,6341,1.7149432757725998e-08
1,6342,1.714941088439779e-08
1,6343,1.7149438613400287e-08
1,6344,1.7149696137260922e-08
1,6345,3.332142728914748e-08
1,6346,4.079021649444593e-08
1,6347,7415.7094367722
1,6348,12454.301918023133
1,6349,7630.70394848999
1,6350,6.033893804132827e-07
1,6351,2.065790587439862e-08
1,6352,2.3060734914730267e-08
1,6353,1.654715117546649e-08
1,6354,1.65471350147792e-08
1,6355,1.6547150198407208e-08
1,6356,1.8365220830488855e-08
1,6357,2.060731088169852e-08
1,6358,2.344072227263426e-08
1,6359,2.5489002388122916e-08
1,6360,2.548904673140901e-08
1,6361,2.5489060114993752e-08
1,6362,2.5489069051814762e-08
1,6363,2.5489065518687873e-08
1,6364,2.5489042405259384e-08
1,6365,2.5488991258113377e-08
1,6366,2.5488882922670574e-08
1,6367,2.5488502093150772e-08
1,6368,2.548876332018524e-08
1,6369,2.5488981099654017e-08
1,6370,2.5489064732061927e-08
1,6371,2.548920517379393e-08
1,6372,2.5489760512771857e-08
1,6373,2.548967641717245e-08
1,6374,2.548917751862221e-08
1,6375,2.548902897987526e-08
1,6376,2.5488761062842437e-08
1,6377,1.654715313818413e-08
1,6378,1.654713816576209e-08
1,6379,1.6547741760647482e-08
1,6380,1.8366200858481343e-08
1,6381,2.0608516003119874e-08
1,6382,2.3442788802195528e-08
1,6383,2.548864797033724e-08
1,6384,2.548862922814425e-08
1,6385,2.5488620117573065e-08
1,6386,2.5488636407114396e-08
1,6387,2.5488704993814978e-08
1,6388,2.548867074016851e-08
1,6389,2.5488403497912624e-08
1,6390,2.548835833093781e-08
1,6391,2.548831449462465e-08
1,6392,2.5488742783522458e-08
1,6393,4.5281138845253534e-08
1,6394,6.067823805132951e-08
1,6395,1393.2391899107747
1,6396,10225.818414067408
1,6397,15777.142293922374
1,6398,12080.629732299083
1,6399,2.5487909057550896e-08
1,6400,2.548762031136126e-08
1,6401,1.9625610224951762e-08
1,6402,2.2189625875701974e-08
1,6403,2.548711216236759e-08
1,6404,2.5487630157475526e-08
1,6405,2.548779932060738e-08
1,6406,2.5488355290997547e-08
1,6407,4.527909549987511e-08
1,6408,6.067495030982441e-08
1,6409,9.146931617217042e-08
1,6410,307.5465484077375
1,6411,5483.261071077823
1,6412,16512.09949360528
1,6413,10791.70916539983
1,6414,2.5554571961704134e-08
1,6415,2.561760322148792e-08
1,6416,2.568262564907499e-08
1,6417,2.5747933946226165e-08
1,6418,2.5813549722171556e-08
1,6419,2.587915915985072e-08
1,6420,2.5944956679877835e-08
1,6421,2.6010584746318725e-08
1,6422,2.6076518312217404e-08
1,6423,2.6142687679295013e-08
1,6424,2.6208994556842078e-08
1,6425,2.6273573362835695e-08
1,6426,2.6338541318337015e-08
1,6427,2.6409229465391022e-08
1,6428,2.6476600801287567e-08
1,6429,2.6544105743211152e-08
1,6430,2.6611788857746087e-08
1,6431,2.667968100686645e-08
1,6432,2.6747809139596315e-08
1,6433,2.6816279474494066e-08
1,6434,2.688594065936511e-08
1,6435,2.6960675190086566e-08
1,6436,2.7023039556585508e-08
1,6437,2.7091260447330995e-08
1,6438,2.716041427352399e-08
1,6439,2.722986781121569e-08
1,6440,2.7299610191048918e-08
1,6441,2.7369620160174206e-08
1,6442,2.7439894303385204e-08
1,6443,2.7510402624429713e-08
1,6444,2.7581188978153973e-08
1,6445,2.7652304533401587e-08
1,6446,2.7723499565056076e-08
1,6447,2.7794892291063044e-08
1,6448,2.7866555275725418e-08
1,6449,2.7938470148836586e-08
1,6450,2.80107213019967e-08
1,6451,2.8083246440774128e-08
1,6452,2.8156068646613397e-08
1,6453,2.822917825865651e-08
1,6454,2.830255657186134e-08
1,6455,2.8376198897246615e-08
1,6456,2.8450145016229697e-08
1,6457,2.8524368462693557e-08
1,6458,2.8598874670869546e-08
1,6459,2.867364377901412e-08
1,6460,2.8748711225759293e-08
1,6461,2.8824066861065208e-08
1,6462,2.889974070105207e-08
1,6463,2.8975757878637546e-08
1,6464,2.9052160899296957e-08
1,6465,2.9128969936471807e-08
1,6466,2.9206359673766808e-08
1,6467,2.9283518184907727e-08
1,6468,2.9361298059482984e-08
1,6469,2.9446097152103313e-08
1,6470,2.951764946654094e-08
1,6471,2.9595343717208467e-08
1,6472,2.9674036251169995e-08
1,6473,2.97531603221398e-08
1,6474,2.983274019761859e-08
1,6475,2.9912742621720676e-08
1,6476,2.9993141356987255e-08
1,6477,3.007398188864375e-08
1,6478,3.65065629613344e-08
1,6479,4.632487037543263e-08
1,6480,6.314118221559272e-08
1,6481,9.857530462232568e-08
1,6482,3.0487134768295395e-08
1,6483,3.056968744340652e-08
1,6484,3.065406460236981e-08
1,6485,3.0738937000951725e-08
1,6486,3.082420092391844e-08
1,6487,3.090990598830854e-08
1,6488,3.0996301130691494e-08
1,6489,3.108318618434084e-08
1,6490,3.117043125419608e-08
1,6491,3.125812720391075e-08
1,6492,3.134631466722405e-08
1,6493,3.1434598309949434e-08
1,6494,3.152334118906993e-08
1,6495,3.161253115404361e-08
1,6496,1.6316972896394114e-08
1,6497,1.6316460539245897e-08
1,6498,1.6316457561874265e-08
1,6499,1.8109124528727647e-08
1,6500,2.0319972944746314e-08
1,6501,2.3113887238770877e-08
1,6502,2.6756407757853347e-08
1,6503,3.170275389598656e-08
1,6504,3.1703121983196714e-08
1,6505,3.170317652919456e-08
1,6506,3.170321446795612e-08
1,6507,3.1703228773753066e-08
1,6508,3.170323111836737e-08
1,6509,3.1703167304368796e-08
1,6510,3.1702895241926234e-08
1,6511,3.1702565276697645e-08
1,6512,3.170302752312937e-08
1,6513,3.1703267935769117e-08
1,6514,3.1703370758602914e-08
1,6515,3.1703419604773756e-08
1,6516,3.1703504963411097e-08
1,6517,3.170352318257141e-08
1,6518,3.170342683991235e-08
1,6519,3.17030947477366e-08
1,6520,1.6316479019651498e-08
1,6521,1.631643425786675e-08
1,6522,1.6316439824997573e-08
1,6523,1.8108949616796734e-08
1,6524,2.031970731877837e-08
1,6525,2.311350122306824e-08
1,6526,2.675578540798138e-08
1,6527,3.170198573703974e-08
1,6528,3.170283697580712e-08
1,6529,3.1702764962654976e-08
1,6530,3.170267341307754e-08
1,6531,3.1702569029026497e-08
1,6532,3.170245341937655e-08
1,6533,3.1702258586416564e-08
1,6534,3.17015831956091e-08
1,6535,2.3115956394490037e-08
1,6536,2.6758485267963498e-08
1,6537,3.170179868520901e-08
1,6538,3.1701854141502996e-08
1,6539,3.1701828401574416e-08
1,6540,3.170187959587305e-08
1,6541,3.170184663076021e-08
1,6542,3.170157803430532e-08
1,6543,3.170131057552748e-08
1,6544,3.170024966138408e-08
1,6545,1.6316514284367314e-08
1,6546,1.786341634060437e-08
1,6547,1.9661114957210093e-08
1,6548,2.179638801310738e-08
1,6549,2.438666959684224e-08
1,6550,2.7604905180505964e-08
1,6551,2.681292783804793e-08
1,6552,2.6048557343739633e-08
1,6553,2.530751938197232e-08
1,6554,2.4585474914231648e-08
1,6555,2.3877804977177284e-08
1,6556,2.3179385011219076e-08
1,6557,2.248418596983908e-08
1,6558,2.1784390363983468e-08
1,6559,2.106863913868296e-08
1,6560,2.031786790713264e-08
1,6561,2.51193809433537e-08
1,6562,2.7486478586003253e-08
1,6563,3.0188764421219794e-08
1,6564,4794.07491593719
1,6565,1519.3348440293473
1,6566,5.243889850946743e-08
1,6567,1.715151951499309e-08
1,6568,1.7151419119704897e-08
1,6569,1.71513036688533e-08
1,6570,1.7151232284511313e-08
1,6571,1.7151161975257424e-08
1,6572,1.7151100234720967e-08
1,6573,1.7151022567061473e-08
1,6574,1.7150948000545452e-08
1,6575,1.7150906323647923e-08
1,6576,1.7150901101286616e-08
1,6577,1.7150750380559078e-08
1,6578,1.7150623141814228e-08
1,6579,1.715044634243641e-08
1,6580,1.7150266058693696e-08
1,6581,1.7150070367018483e-08
1,6582,1.714984203605012e-08
1,6583,1.714961244089186e-08
1,6584,1.7149353853879515e-08
1,6585,1.71493181635127e-08
1,6586,6.258344535407589e-08
1,6587,3.244318503692995e-08
1,6588,11067.03374349711
1,6589,10832.430160838347
1,6590,6671.906515562285
1,6591,2.1774560285812197e-08
1,6592,2.1774462655815526e-08
1,6593,2.352223414002285e-08
1,6594,2.5143023451565844e-08
1,6595,2.6454048099458445e-08
1,6596,2.7065862447611346e-08
1,6597,2.597543870583202e-08
1,6598,9186.104234414668
1,6599,27551.339256135165
1,6600,31808.97328864034
1,6601,35110.56690623585
1,6602,37855.42897952935
1,6603,37815.93929816851
1,6604,37346.914175826554
1,6605,36426.246909948095
1,6606,34036.266252827394
1,6607,33379.226686103866
1,6608,34085.59141864312
1,6609,37164.7221636026
1,6610,40280.474877289016
1,6611,39653.95592229032
1,6612,38875.80165438024
1,6613,34165.27362983366
1,6614,12912.78578857614
1,6615,3.6898822311810385e-08
1,6616,1.0398065287424885e-07
1,6617,1.7149023184173624e-08
1,6618,1.714900823459776e-08
1,6619,1.714901177888854e-08
1,6620,1.7149024436840485e-08
1,6621,1.714905101082208e-08
1,6622,1.7149201655089648e-08
1,6623,1.57380083203062e-07
1,6624,9.133216707923886e-08
1,6625,7.446952212797743e-08
1,6626,6.559019415216995e-08
1,6627,5.9218403934756074e-08
1,6628,5.351778953570222e-08
1,6629,4.738088808229929e-08
1,6630,3.919195814241274e-08
1,6631,23432.076695593452
1,6632,39668.603989357856
1,6633,45229.42899190687
1,6634,44667.02774530517
1,6635,42337.59466753986
1,6636,42480.92629854739
1,6637,44985.02659529779
1,6638,46137.62905673835
1,6639,40330.51671613198
1,6640,1.7151275094644058e-08
1,6641,1.7148756023937633e-08
1,6642,1.7148773552146064e-08
1,6643,1.714880389015573e-08
1,6644,1.714884797082773e-08
1,6645,1.903198685467735e-08
1,6646,2.13566617473623e-08
1,6647,2.429316480802719e-08
1,6648,2.812148366254991e-08
1,6649,3.3320372218152445e-08
1,6650,4.078581517937235e-08
1,6651,5.2412628150681425e-08
1,6652,7.302191196423811e-08
1,6653,1.7149792402900967e-08
1,6654,1.7148951541777967e-08
1,6655,1.714889409356403e-08
1,6656,1.7148900299899795e-08
1,6657,1.7148936489707727e-08
1,6658,1.714900010156697e-08
1,6659,1.7149120901306268e-08
1,6660,1.714920573344487e-08
1,6661,1.7149268874672277e-08
1,6662,1.714901307641088e-08
1,6663,1.714890705486219e-08
1,6664,1.714886140049445e-08
1,6665,1.714881725422483e-08
1,6666,1.7148888176090216e-08
1,6667,1.7148901849797294e-08
1,6668,1.7148980802836062e-08
1,6669,1.715084977508462e-08
1,6670,3.097227536755524e-08
1,6671,3.735394752895998e-08
1,6672,4.692776542005735e-08
1,6673,1832.9982487095406
1,6674,5208.294516630591
1,6675,4267.893572152321
1,6676,10890.7930469131
1,6677,17782.564052708272
1,6678,2222.044866879127
1,6679,1.7148969158640255e-08
1,6680,1.9033116490558714e-08
1,6681,2.1356806487854272e-08
1,6682,2.4293225915270994e-08
1,6683,2.8121231958601832e-08
1,6684,3.331808942234676e-08
1,6685,1.714943794991599e-08
1,6686,1.7148989606262935e-08
1,6687,1.7148928447800743e-08
1,6688,1.7148896791926397e-08
1,6689,1.7148886536444495e-08
1,6690,1.7148890838064048e-08
1,6691,1.7148899197757465e-08
1,6692,1.7148937492794637e-08
1,6693,1.9032891753358023e-08
1,6694,2.1356820692257985e-08
1,6695,2.429336425171277e-08
1,6696,2.812175778841555e-08
1,6697,3.332072248922734e-08
1,6698,4.078616876617466e-08
1,6699,5.241252385317682e-08
1,6700,7.301549433581941e-08
1,6701,1.714916759203237e-08
1,6702,1.714893627642483e-08
1,6703,1.7148884241930496e-08
1,6704,1.7148874049376366e-08
1,6705,1.7148891273855723e-08
1,6706,1.7148906447698808e-08
1,6707,1.7148982557441096e-08
1,6708,1.90333362298991e-08
1,6709,2.13568789039366e-08
1,6710,1.7159529560975166e-08
1,6711,1.714891717091908e-08
1,6712,1.714883362204217e-08
1,6713,1.7148834483898194e-08
1,6714,1.7148808069206227e-08
1,6715,1.7148798164721225e-08
1,6716,1.7148976986749347e-08
1,6717,3.170329557362748e-08
1,6718,3.6229671353825486e-08
1,6719,4.216468407080052e-08
1,6720,5.034643087342336e-08
1,6721,6.244512925022554e-08
1,6722,8.23434375977816e-08
1,6723,1.2164370655842825e-07
1,6724,2.3808656825918687e-07
1,6725,12719.48383875257
1,6726,1875.3079292464975
1,6727,1.7565171029367926e-08
1,6728,1.756525930672156e-08
1,6729,7.046805133853603e-08
1,6730,4.280343292991046e-08
1,6731,3.1309102706165656e-08
1,6732,3279.943917436698
1,6733,11038.323815971444
1,6734,5246.21051967409
1,6735,2.8176183699327027e-08
1,6736,3.23637710079408e-08
1,6737,3.794804832640066e-08
1,6738,4.576694860005721e-08
1,6739,5.749641636926359e-08
1,6740,7.704800165783058e-08
1,6741,1.1616444870688673e-07
1,6742,2.335013739192791e-07
1,6743,13889.980991875047
1,6744,21586.023384312557
1,6745,18171.18797191847
1,6746,10246.893267919806
1,6747,1723.0983438535395
1,6748,1.7148919244635305e-08
1,6749,1.714887620472624e-08
1,6750,1.714889738312829e-08
1,6751,1.7148825917620217e-08
1,6752,1.7148800029179656e-08
1,6753,1.714895794690559e-08
1,6754,1.714902521949893e-08
1,6755,1.714905723366821e-08
1,6756,1.7149084182390735e-08
1,6757,1.7149102453460613e-08
1,6758,1.714909369091155e-08
1,6759,1.714905261311365e-08
1,6760,1.7148824728314808e-08
1,6761,1.7148716422142076e-08
1,6762,1.7148720744754493e-08
1,6763,1.7148851019272202e-08
1,6764,1.7149066643865442e-08
1,6765,1.7149108318547133e-08
1,6766,1.7149122888062703e-08
1,6767,1.7149144770362685e-08
1,6768,1.7149178231806343e-08
1,6769,1.7149182145898158e-08
1,6770,1.7149233141994474e-08
1,6771,1.8212759777805267e-08
1,6772,2.03388189972115e-08
1,6773,2.299683428004157e-08
1,6774,2.64146938659363e-08
1,6775,3.097241072518204e-08
1,6776,3.735396115302415e-08
1,6777,4.692718776424138e-08
1,6778,6.288365159236227e-08
1,6779,9.479994233881268e-08
1,6780,2420.9213703744913
1,6781,14016.267853032421
1,6782,20503.950164656017
1,6783,1706.7494674265124
1,6784,1.714895345318574e-08
1,6785,1.7148902396618048e-08
1,6786,1.7148890621149074e-08
1,6787,1.7148898818195225e-08
1,6788,1.714894386456949e-08
1,6789,1.714897032372052e-08
1,6790,1.7148991714849814e-08
1,6791,1.7149004576845218e-08
1,6792,1.8211960736657214e-08
1,6793,2.0338067367580705e-08
1,6794,2.299603537963651e-08
1,6795,2.641381070943942e-08
1,6796,3.097133374388412e-08
1,6797,3.735241101149181e-08
1,6798,4.692456537825653e-08
1,6799,6.28789370450198e-08
1,6800,9.478854809703429e-08
1,6801,49.798359055798706
1,6802,5417.565988468122
1,6803,12929.68590730875
1,6804,11051.64281950538
1,6805,9498.911248732144
1,6806,2525.8940138657877
1,6807,1.8521418244459947e-08
1,6808,1.9326890014366416e-08
1,6809,1.9996327210821985e-08
1,6810,2.0603679007806855e-08
1,6811,2.1178225273242666e-08
1,6812,2.1734938861920017e-08
1,6813,2.2280539795737064e-08
1,6814,2.2821554643353778e-08
1,6815,2.3362274883251873e-08
1,6816,2.390600502601362e-08
1,6817,2.4455508153628383e-08
1,6818,2.5013177252580587e-08
1,6819,2.558119652892315e-08
1,6820,2.616165794485254e-08
1,6821,2.675657502754469e-08
1,6822,2.736773416152664e-08
1,6823,1.6837210507230938e-08
1,6824,1.8911399408361672e-08
1,6825,2.152745012749791e-08
1,6826,2.4939093554504827e-08
1,6827,2.957779016881092e-08
1,6828,2.998283884537989e-08
1,6829,3.0397160872933126e-08
1,6830,3.0821231519285644e-08
1,6831,3.125539256009375e-08
1,6832,1.6316506879036083e-08
1,6833,1.6316479921633166e-08
1,6834,1.6316477742288544e-08
1,6835,1.6316550712388016e-08
1,6836,1.8109894361631804e-08
1,6837,2.0320890907670142e-08
1,6838,2.3114983926012493e-08
1,6839,3.169931641692201e-08
1,6840,3.170097429483479e-08
1,6841,3.170088355951013e-08
1,6842,3.170076957390017e-08
1,6843,3.170063305150142e-08
1,6844,3.170048051755078e-08
1,6845,3.170026367149876e-08
1,6846,3.1698290867349446e-08
1,6847,1.810830326854336e-08
1,6848,2.0318829532653334e-08
1,6849,2.3112341989412854e-08
1,6850,2.675440626396627e-08
1,6851,3.1699487779801816e-08
1,6852,3.169955898790674e-08
1,6853,3.1699416803827966e-08
1,6854,3.169921483824409e-08
1,6855,3.169886683328048e-08
1,6856,1.6316651958480147e-08
1,6857,1.8108328588330045e-08
1,6858,2.0318839324012003e-08
1,6859,2.3112263903552865e-08
1,6860,2.6754459761754067e-08
1,6861,3.1697951426475085e-08
1,6862,3.169921085234421e-08
1,6863,4.465324698820855e-08
1,6864,5.98374711606304e-08
1,6865,9.020845105617422e-08
1,6866,1.8133933225522396e-07
1,6867,13410.842220100247
1,6868,14867.94516142569
1,6869,10522.909068354356
1,6870,3.169835961717502e-08
1,6871,3.169682556068316e-08
1,6872,3.169676044603839e-08
1,6873,3.1696952878141086e-08
1,6874,3.879590601398253e-08
1,6875,4.985147298752806e-08
1,6876,6.944528314849056e-08
1,6877,1.1368560029127825e-07
1,6878,3.1699423325375184e-08
1,6879,3.169702559296177e-08
1,6880,3.1696843710952587e-08
1,6881,3.169675606467238e-08
1,6882,3.169673436609723e-08
1,6883,3.1696772940601066e-08
1,6884,3.16976475524227e-08
1,6885,3.8797922800913945e-08
1,6886,4.985519985643242e-08
1,6887,6.945314616175027e-08
1,6888,1.1371002391095334e-07
1,6889,3.080970247479071e-07
1,6890,10267.169270390275
1,6891,8289.845370525074
1,6892,6545.266337655319
1,6893,3.1700543520450934e-08
1,6894,3.169716212157096e-08
1,6895,3.1697059537071906e-08
1,6896,3.169702843863672e-08
1,6897,3.169719773960455e-08
1,6898,3.1697339334887004e-08
1,6899,3.169743906239814e-08
1,6900,3.16975676880849e-08
1,6901,3.169766398868708e-08
1,6902,3.169766576762906e-08
1,6903,3.169760486617022e-08
1,6904,3.16969021130747e-08
1,6905,2.0319346178688505e-08
1,6906,2.311256418430514e-08
1,6907,2.675414426839848e-08
1,6908,3.169814801456188e-08
1,6909,3.169844474197367e-08
1,6910,3.169863656826824e-08
1,6911,3.16988637670822e-08
1,6912,3.169911319262007e-08
1,6913,3.1699353728543766e-08
1,6914,3.169947575882204e-08
1,6915,3.1699489361798475e-08
1,6916,3.169944898529981e-08
1,6917,3.169941093998828e-08
1,6918,3.169931577740875e-08
1,6919,3.167746248499564e-08
1,6920,1.811170453470647e-08
1,6921,2.0323088335992074e-08
1,6922,2.3117806614326997e-08
1,6923,2.676137517205237e-08
1,6924,3.169973757651291e-08
1,6925,3.169988537128033e-08
1,6926,3.169938486427212e-08
1,6927,1.6316597596193583e-08
1,6928,1.631653766682363e-08
1,6929,1.6316523220331127e-08
1,6930,1.631652318124564e-08
1,6931,1.810681888517044e-08
1,6932,2.031860395950905e-08
1,6933,2.311203937326877e-08
1,6934,2.6753790149866157e-08
1,6935,3.169918039363912e-08
1,6936,3.1699584165964485e-08
1,6937,3.169948639689517e-08
1,6938,3.169937923689015e-08
1,6939,3.169925398387852e-08
1,6940,3.169910896746387e-08
1,6941,3.169894174499292e-08
1,6942,3.169872981508625e-08
1,6943,3.169844927985443e-08
1,6944,3.169818969121207e-08
1,6945,3.1698145923318846e-08
1,6946,3.169820640235558e-08
1,6947,3.1698124773028126e-08
1,6948,3.1698036482189726e-08
1,6949,3.169791962942406e-08
1,6950,3.169771902688899e-08
1,6951,3.169729657428536e-08
1,6952,1.6316879027084816e-08
1,6953,1.631664061040367e-08
1,6954,1.773670864663556e-08
1,6955,1.9265276022950996e-08
1,6956,2.0928756187205084e-08
1,6957,2.27492694619325e-08
1,6958,2.4752431665078502e-08
1,6959,2.3339492938000004e-08
1,6960,2.9344132534208728e-08
1,6961,3.2002497759359876e-08
1,6962,3.504623857158111e-08
1,6963,3.8630281982077934e-08
1,6964,4.300361137308151e-08
1,6965,4.8578893477903013e-08
1,6966,5.607986614044886e-08
1,6967,6.689356594672237e-08
1,6968,8.40576094343886e-08
1,6969,1.158024038442235e-07
1,6970,3300.6066971861574
1,6971,25238.56217653455
1,6972,28290.572252004466
1,6973,21676.305956998498
1,6974,6675.615129773492
1,6975,1.7150029946219993e-08
1,6976,1.7151227048838036e-08
1,6977,1.715202614181773e-08
1,6978,1.7152557111420596e-08
1,6979,1.715288172278093e-08
1,6980,1.7153782316897762e-08
1,6981,1.7154305242042382e-08
1,6982,1.7154758326931867e-08
1,6983,1.7155185567135125e-08
1,6984,1.7155582641005356e-08
1,6985,1.7155958690741953e-08
1,6986,1.7156304223707664e-08
1,6987,1.7156625401924878e-08
1,6988,1.715692447221625e-08
1,6989,1.715719934504298e-08
1,6990,1.7157405553116736e-08
1,6991,1.7147803589649376e-08
1,6992,1.714777165390518e-08
1,6993,1.715682677129243e-08
1,6994,1.7157829431361523e-08
1,6995,1.7157896437390205e-08
1,6996,1.7157933764305988e-08
1,6997,1.7157937516282473e-08
1,6998,1.715791051703274e-08
1,6999,1.7157332751221066e-08
1,7000,1.7147738595828775e-08
1,7001,1.7147722189041144e-08
1,7002,1.7147727498755265e-08
1,7003,1.714777132584593e-08
1,7004,1.715772268574874e-08
1,7005,1.715770621274685e-08
1,7006,1.7158178545711284e-08
1,7007,2.137041064002862e-08
1,7008,2.4310697390634732e-08
1,7009,2.8144637447720253e-08
1,7010,3.3352447706603726e-08
1,7011,4.083339551802143e-08
1,7012,5.249001506728556e-08
1,7013,7.316911146690644e-08
1,7014,1.7156480600070452e-08
1,7015,1.7156250455970467e-08
1,7016,1.7156104601165996e-08
1,7017,1.715596268979795e-08
1,7018,1.715589744013613e-08
1,7019,1.7156050017000846e-08
1,7020,1.7155804282663155e-08
1,7021,1.7155443404113347e-08
1,7022,1.715512517405868e-08
1,7023,1.7154906480932735e-08
1,7024,1.7154689572891456e-08
1,7025,1.7154475648428866e-08
1,7026,1.7154271506925766e-08
1,7027,1.71541017268761e-08
1,7028,1.715392639696831e-08
1,7029,1.7153737815965282e-08
1,7030,1.7153541231059946e-08
1,7031,1.715375926169093e-08
1,7032,1.9038958838329918e-08
1,7033,2.136359584139477e-08
1,7034,2.430137428549757e-08
1,7035,2.813148876834324e-08
1,7036,3.333316735755113e-08
1,7037,4.080255854452345e-08
1,7038,1.715152753581234e-08
1,7039,1.7151169268654945e-08
1,7040,1.715084152810757e-08
1,7041,1.7150489121808306e-08
1,7042,1.7150055771620974e-08
1,7043,1.714949610057774e-08
1,7044,8.197727613103384e-08
1,7045,5.73377175758043e-08
1,7046,4.8860472521377837e-08
1,7047,4.412728604626093e-08
1,7048,4.0724677282753927e-08
1,7049,3.7753766006269824e-08
1,7050,3.470194680519283e-08
1,7051,3.1088808518221176e-08
1,7052,2.5955737947954484e-08
1,7053,24333.125413443584
1,7054,38107.87254380555
1,7055,43691.95415936899
1,7056,45747.80748121781
1,7057,45055.510378056155
1,7058,43991.55812046773
1,7059,41580.16710835296
1,7060,35436.65174333483
1,7061,19000.825136012703
1,7062,2.3345230601321622e-08
1,7063,2.5909391829052886e-08
1,7064,2.9074135386868057e-08
1,7065,3.307275685040118e-08
1,7066,3.8286045885039535e-08
1,7067,2084.9797583223167
1,7068,1124.7479988784512
1,7069,797.1682881436251
1,7070,2.1012290591331103e-07
1,7071,1.7148798126269318e-08
1,7072,1.7148791847007404e-08
1,7073,1.714882019928046e-08
1,7074,1.714886606224531e-08
1,7075,1.7149014452503994e-08
1,7076,1.9033507327728742e-08
1,7077,2.135728559609634e-08
1,7078,2.4293914382268164e-08
1,7079,2.8122499203770904e-08
1,7080,3.332181721778319e-08
1,7081,4.0787927681460486e-08
1,7082,5.241573471518658e-08
1,7083,7.302536080672738e-08
1,7084,1.714943308864144e-08
1,7085,1.7149113665639124e-08
1,7086,1.714903612607134e-08
1,7087,1.7148855851601943e-08
1,7088,1.7148730285476113e-08
1,7089,1.7148746724566193e-08
1,7090,1.7148858312791696e-08
1,7091,1.7148954620983288e-08
1,7092,1.714894669745424e-08
1,7093,1.714885830357259e-08
1,7094,1.7148757535820293e-08
1,7095,1.7148824243845844e-08
1,7096,1.7148870506678005e-08
1,7097,1.714887777449852e-08
1,7098,1.7148899752547105e-08
1,7099,1.7148894008423666e-08
1,7100,1.714888298118294e-08
1,7101,1.7148854455237636e-08
1,7102,1.7149099867015016e-08
1,7103,4.811505110845503e-08
1,7104,4.599318581914038e-08
1,7105,4.497611176388803e-08
1,7106,4.4648810932227724e-08
1,7107,4.48316723758392e-08
1,7108,4.5455857779804886e-08
1,7109,4.652019079855733e-08
1,7110,4.8077982974017986e-08
1,7111,5.0240860015181743e-08
1,7112,5.319815315402886e-08
1,7113,5.725848021568891e-08
1,7114,6.293890727559028e-08
1,7115,2077.9103553157756
1,7116,8384.299390837963
1,7117,6310.867904304026
1,7118,21960.1694710374
1,7119,10940.535804205216
1,7120,1.9402913031908638e-08
1,7121,1.94028503639863e-08
1,7122,1.9402849198164033e-08
1,7123,1.9402859767085395e-08
1,7124,1.9404080401545874e-08
1,7125,8.109714438537857e-08
1,7126,4.548212340703097e-08
1,7127,3.107106445315042e-08
1,7128,3484.482419678637
1,7129,18577.0963125556
1,7130,26048.266282169046
1,7131,28402.341350171835
1,7132,32173.27656275625
1,7133,34192.48424259072
1,7134,36302.57320061289
1,7135,34141.820699318865
1,7136,37370.11866262076
1,7137,39484.19222326839
1,7138,40169.73214299761
1,7139,39950.031977334154
1,7140,36572.774178263535
1,7141,27623.941130346615
1,7142,5.341671633755815e-08
1,7143,1.7148913952451378e-08
1,7144,1.714897234621836e-08
1,7145,1.7149051195377007e-08
1,7146,1.7149113729129326e-08
1,7147,1.714917062192343e-08
1,7148,1.7149247439016157e-08
1,7149,1.714931522210609e-08
1,7150,1.7149380584958616e-08
1,7151,1.7149451059224688e-08
1,7152,1.7149511364677268e-08
1,7153,1.7149570777292748e-08
1,7154,1.7149590963697243e-08
1,7155,1.7149610981504913e-08
1,7156,1.7149623821016675e-08
1,7157,1.71496057770736e-08
1,7158,1.7149576015832384e-08
1,7159,1.7148929876724996e-08
1,7160,1.7148665132616606e-08
1,7161,1.714865712632905e-08
1,7162,1.7148660951401092e-08
1,7163,1.7148696844449337e-08
1,7164,1.7149194688968717e-08
1,7165,1.7149496556921823e-08
1,7166,1.7149297747128596e-08
1,7167,1.7148878306421657e-08
1,7168,1.71487545862144e-08
1,7169,1.7148708975824614e-08
1,7170,1.714897427953718e-08
1,7171,1.7149546718243453e-08
1,7172,1.7149617668897794e-08
1,7173,1.715053533826033e-08
1,7174,2.4294715618674895e-08
1,7175,2.8123581595424017e-08
1,7176,3.3323332107376355e-08
1,7177,4.079038069749514e-08
1,7178,5.242049897924986e-08
1,7179,7.303611478958242e-08
1,7180,1.1961203068003225e-07
1,7181,3.242702517620554e-07
1,7182,1.714935077865186e-08
1,7183,1.714924192686116e-08
1,7184,1.7149207323024167e-08
1,7185,1.7149211333718396e-08
1,7186,1.903247708806021e-08
1,7187,2.1355881389833217e-08
1,7188,2.4291971271756668e-08
1,7189,2.811970632596444e-08
1,7190,3.331732375498462e-08
1,7191,1.7149124736193726e-08
1,7192,1.714895415391577e-08
1,7193,1.7148892270786397e-08
1,7194,1.7148859693933127e-08
1,7195,1.7149323885372726e-08
1,7196,4.3527606907232497e-08
1,7197,2.623362857534064e-08
1,7198,13104.734680537145
1,7199,33801.93789393585
1,7200,41099.27780132285
1,7201,44328.82740482752
1,7202,43206.903239576626
1,7203,40626.65925597707
1,7204,31641.96202191619
1,7205,3.694710128285489e-08
1,7206,1.7148968712318266e-08
1,7207,1.7148751822705036e-08
1,7208,1.714876662415178e-08
1,7209,1.714878681177939e-08
1,7210,1.7149106070680933e-08
1,7211,2.429362791353667e-08
1,7212,2.8122223771614438e-08
1,7213,3.332143558356515e-08
1,7214,4.07871636477674e-08
1,7215,5.2408523884038354e-08
1,7216,1.7148771872184962e-08
1,7217,1.7148768002606422e-08
1,7218,1.7148796577411975e-08
1,7219,1.7148855270042674e-08
1,7220,5.638089731300626e-08
1,7221,3.6282539415607995e-08
1,7222,2.570830679256945e-08
1,7223,1087.8555933901216
1,7224,11139.540432823314
1,7225,17946.632594545386
1,7226,19377.990315213257
1,7227,20714.437719841702
1,7228,16628.603928600176
1,7229,7930.651371057469
1,7230,2.13454341574833e-08
1,7231,2.3690483234810848e-08
1,7232,2.6582074888074946e-08
1,7233,3.023810682442659e-08
1,7234,3.500383899544861e-08
1,7235,2007.011181410085
1,7236,6355.9129343950035
1,7237,1.3946159333703273e-07
1,7238,1.7148997929103643e-08
1,7239,1.7148788850896015e-08
1,7240,1.7148796831748864e-08
1,7241,1.714880861495972e-08
1,7242,1.7148821989484595e-08
1,7243,1.71488979799206e-08
1,7244,1.7148973851829587e-08
1,7245,1.714934633292151e-08
1,7246,2.641419561822585e-08
1,7247,3.0972177512454484e-08
1,7248,3.735384422308023e-08
1,7249,4.6927456920134425e-08
1,7250,6.288633671849088e-08
1,7251,349.87010867279906
1,7252,75.17297408168086
1,7253,6275.210456038328
1,7254,47.36993342028023
1,7255,1.7149046167081112e-08
1,7256,1.714902612075215e-08
1,7257,1.7149048027639802e-08
1,7258,1.714906341556877e-08
1,7259,1.7149091866761724e-08
1,7260,1.714917087256048e-08
1,7261,1.7149239513481336e-08
1,7262,1.714915155506271e-08
1,7263,1.714910691840167e-08
1,7264,1.714907799418825e-08
1,7265,1.7149060515023027e-08
1,7266,1.7149052020973244e-08
1,7267,1.7149050745707544e-08
1,7268,1.7149070818423277e-08
1,7269,1.7149089612725736e-08
1,7270,1.7149120468587628e-08
1,7271,1.7149199630203178e-08
1,7272,1.714921473290566e-08
1,7273,1.714924576691891e-08
1,7274,1.714918652338137e-08
1,7275,1.7149134837546125e-08
1,7276,1.7149103371600282e-08
1,7277,1.714906845664131e-08
1,7278,1.7149036917589748e-08
1,7279,1.714900950980925e-08
1,7280,1.714900098113276e-08
1,7281,1.7149010649993523e-08
1,7282,1.7149023099436448e-08
1,7283,1.714902211970732e-08
1,7284,1.7149054545768396e-08
1,7285,1.714913543211921e-08
1,7286,1.7149084493522877e-08
1,7287,1.7148951786756836e-08
1,7288,1.714888677437605e-08
1,7289,1.714884178969289e-08
1,7290,1.7148850110324535e-08
1,7291,1.71488507744458e-08
1,7292,1.7149228123168408e-08
1,7293,2.4152936611588358e-08
1,7294,2.7747305165454054e-08
1,7295,3.25382669577552e-08
1,7296,3.924331498191593e-08
1,7297,4.929722404992305e-08
1,7298,6.604634864285552e-08
1,7299,9.952525712119103e-08
1,7300,1.9987942988418318e-07
1,7301,12142.23818921958
1,7302,5590.570995520518
1,7303,312.2914606192502
1,7304,1.7219202040535194e-08
1,7305,1.7219175996616653e-08
1,7306,1.7219209426299964e-08
1,7307,1.7490887984222554e-08
1,7308,1.0012802176380604e-07
1,7309,6.455663023302024e-08
1,7310,5.448765714593666e-08
1,7311,4.9439073586251484e-08
1,7312,4.620390484155122e-08
1,7313,4.3720370660508764e-08
1,7314,4.148398883323847e-08
1,7315,3.916003467631775e-08
1,7316,3.645273949022304e-08
1,7317,3.296539502241618e-08
1,7318,2.7730477012670853e-08
1,7319,16350.8018761699
1,7320,32903.38540652977
1,7321,39359.79349269347
1,7322,39839.7607585515
1,7323,35409.71932565682
1,7324,38587.976631279584
1,7325,37844.480964011345
1,7326,21510.73525346302
1,7327,2.553214126103229e-08
1,7328,2.553209935071281e-08
1,7329,2.5532112517372412e-08
1,7330,2.553218912746045e-08
1,7331,2.7064310623515825e-08
1,7332,2734.5934280055576
1,7333,8051.192897443401
1,7334,2.656964372276896e-08
1,7335,2.9488418988510756e-08
1,7336,2.6569564562288435e-08
1,7337,2.656895005708336e-08
1,7338,4.2160856719773536e-08
1,7339,4.7795880895240214e-08
1,7340,5.501867695204628e-08
1,7341,6.465850375511666e-08
1,7342,7.823421482095383e-08
1,7343,107.32390784846456
1,7344,6204.221571313846
1,7345,7706.881713097948
1,7346,21229.359732878384
1,7347,22015.80003734303
1,7348,18271.612472865043
1,7349,9646.462776643993
1,7350,1.8035835173138776e-08
1,7351,1.9059348007537618e-08
1,7352,1.9834239006831755e-08
1,7353,2.0518716183314634e-08
1,7354,2.1158603045107655e-08
1,7355,2.177466341299171e-08
1,7356,2.237863533273031e-08
1,7357,2.297803384534891e-08
1,7358,1.6645059419929345e-08
1,7359,1.664436508321408e-08
1,7360,1.6644372358762922e-08
1,7361,1.847319671111262e-08
1,7362,2.0728749122658486e-08
1,7363,2.357935415454491e-08
1,7364,2.3580293360384204e-08
1,7365,3.23399835303074e-08
1,7366,3.958616786568114e-08
1,7367,5.087144039903676e-08
1,7368,7.08774098021395e-08
1,7369,1.1607853540486078e-07
1,7370,3.1519837942982614e-07
1,7371,15219.810881962952
1,7372,9857.953571667333
1,7373,358.39555019739225
1,7374,2.5838976637854524e-08
1,7375,2.831726544215592e-08
1,7376,3.115999725512999e-08
1,7377,3.455294526372746e-08
1,7378,3.878241137900086e-08
1,7379,4.435273651779846e-08
1,7380,5.228308155172872e-08
1,7381,6.50939652726087e-08
1,7382,9.178394337052906e-08
1,7383,1.8982222580202576e-08
1,7384,1.5434384549322142e-08
1,7385,1.543420767591534e-08
1,7386,3.3605087171067105e-08
1,7387,4.221439757325985e-08
1,7388,5.656131826925069e-08
1,7389,145.98547256618775
1,7390,152.76153431467017
1,7391,158.45183676792405
1,7392,167.05963823231534
1,7393,176.49898235292918
1,7394,178.3813704873953
1,7395,177.5066107566124
1,7396,176.48859018311924
1,7397,175.37010317865438
1,7398,173.80578996898822
1,7399,169.2743283583197
1,7400,171.32569078270308
1,7401,182.79858189215273
1,7402,189.72499657761324
1,7403,198.673388298118
1,7404,213.24230415850894
1,7405,211.68093316968003
1,7406,207.1341763265692
1,7407,203.9543264748524
1,7408,2.7869086664472853e-08
1,7409,3.3603905334984657e-08
1,7410,4.222111280881199e-08
1,7411,5.6572376149271954e-08
1,7412,8.526952924208854e-08
1,7413,210.8754726093567
1,7414,256.43375284659265
1,7415,272.8348713058664
1,7416,290.93951697145366
1,7417,308.34866330547806
1,7418,323.4974955053769
1,7419,338.0062361774112
1,7420,351.9141589281088
1,7421,368.096977575094
1,7422,368.4288723059845
1,7423,3.3616459939238915e-08
1,7424,4.223100906679229e-08
1,7425,5.659230822826274e-08
1,7426,8.531592598464267e-08
1,7427,185.33772872927617
1,7428,892.1171152041989
1,7429,1226.0341301427325
1,7430,1591.8555633661917
1,7431,1.543355711140131e-08
1,7432,1.543355236527411e-08
1,7433,1.5433547605626574e-08
1,7434,1.5433562531122987e-08
1,7435,1.543397965484245e-08
1,7436,2.788144644727322e-08
1,7437,3.362490067964155e-08
1,7438,4.2241325620691425e-08
1,7439,3723.315756206936
1,7440,3467.5775700980066
1,7441,2922.1225563236326
1,7442,2972.9404887395485
1,7443,2935.660904860575
1,7444,2570.279722298395
1,7445,2253.5714798208855
1,7446,1913.3294611584963
1,7447,1675.1598745321437
1,7448,1654.7374245732244
1,7449,1825.5047539970851
1,7450,2502.081603377893
1,7451,6267.2175189624895
1,7452,7046.640837297282
1,7453,3472.7296313049865
1,7454,1682.6667120802535
1,7455,1100.4164356540132
1,7456,1.5433977272565674e-08
1,7457,1.543392987471275e-08
1,7458,1.5434001820734144e-08
1,7459,2.1863942089006663e-08
1,7460,2.530967312267942e-08
1,7461,2.998882651756386e-08
1,7462,3.6708047743521364e-08
1,7463,4.71733136712569e-08
1,7464,685.8066937019418
1,7465,1099.0692541661326
1,7466,1187.982114017718
1,7467,1482.5706660995074
1,7468,1497.4324183803074
1,7469,1486.9952613636972
1,7470,1431.8160324042863
1,7471,1358.3468330387389
1,7472,1432.225273534023
1,7473,1664.7030896957199
1,7474,1966.2833918584472
1,7475,2080.3231518173407
1,7476,2105.606323268724
1,7477,1910.9270994509397
1,7478,1614.4751859442586
1,7479,871.1174842666676
1,7480,2.0696609466101427e-08
1,7481,2.3772062172914334e-08
1,7482,2.7874227785257966e-08
1,7483,3.361754790596463e-08
1,7484,4.22330376098024e-08
1,7485,5.659312968762513e-08
1,7486,8.531778302250871e-08
1,7487,1356.5153010804588
1,7488,2328.745087968214
1,7489,2889.899516735706
1,7490,3259.19945844453
1,7491,3805.323441937776
1,7492,4708.360478452508
1,7493,6377.639708121307
1,7494,711.3291578273374
1,7495,1.3087379291637667e-08
1,7496,1.3087370909775704e-08
1,7497,1.3087383249964931e-08
1,7498,1.3087467971013467e-08
1,7499,1.4525571865738968e-08
1,7500,1.6298910342594993e-08
1,7501,1.853987681722769e-08
1,7502,2.1461317655996413e-08
1,7503,1.3087489077998781e-08
1,7504,1.3087386058705856e-08
1,7505,1.3087376395489719e-08
1,7506,1.3087396855626464e-08
1,7507,1.308756324876068e-08
1,7508,4.40651711119101e-08
1,7509,3.451331934648135e-08
1,7510,2.9492454656035742e-08
1,7511,1634.7938029005625
1,7512,10715.249074563508
1,7513,14456.621352580732
1,7514,15525.20367740199
1,7515,14043.522486416816
1,7516,10344.060535404125
1,7517,18117.686697325582
1,7518,344.5245865238705
1,7519,1.1050705398054663e-08
1,7520,1.1050689614064947e-08
1,7521,1.1050692389559828e-08
1,7522,1.1050694607812062e-08
1,7523,1.1050784012090517e-08
1,7524,1.2265144070665898e-08
1,7525,1.3762518788568577e-08
1,7526,1.5654770165045802e-08
1,7527,1.1051286272572121e-08
1,7528,1.1050717206988214e-08
1,7529,1.1050701969133155e-08
1,7530,1.1050757169114975e-08
1,7531,3.0269590195922493e-08
1,7532,2.8367242030964966e-08
1,7533,2.717216014238216e-08
1,7534,2.6330981197970774e-08
1,7535,4697.441781350296
1,7536,8643.825310886165
1,7537,11134.565534915342
1,7538,11006.704745267945
1,7539,10440.022971320916
1,7540,18039.63379268475
1,7541,17228.589183728633
1,7542,3990.8788928835024
1,7543,1.138558562493765e-08
1,7544,1.1385533602262813e-08
1,7545,1.1385534399546127e-08
1,7546,1.138553735234872e-08
1,7547,1.1385546079761163e-08
1,7548,1.1387405267125771e-08
1,7549,2.7079573861021314e-08
1,7550,1.1385643632195027e-08
1,7551,1.138553938744702e-08
1,7552,1.1385523819257582e-08
1,7553,1.1385520233685802e-08
1,7554,1.13855412500928e-08
1,7555,4.2193734471191434e-08
1,7556,2.8563876573381024e-08
1,7557,2.232718556718726e-08
1,7558,1.7238444658085024e-08
1,7559,1666.745743028963
1,7560,9192.866230958207
1,7561,13493.302176614077
1,7562,14843.534831406936
1,7563,16479.700994676623
1,7564,16289.664852607244
1,7565,12653.38080682483
1,7566,562.4665770458103
1,7567,1.489465040828971e-08
1,7568,1.489464213154284e-08
1,7569,1.4894646431222688e-08
1,7570,1.4894675611685598e-08
1,7571,1.6531036641944356e-08
1,7572,1.8548727324838146e-08
1,7573,2.109830747948883e-08
1,7574,2.44218905495225e-08
1,7575,2.893475419755214e-08
1,7576,3.541053772098779e-08
1,7577,1.4895222341923788e-08
1,7578,4.5431451452287086e-08
1,7579,4.672253976160251e-08
1,7580,4.935207548978051e-08
1,7581,210.76837101761672
1,7582,138.6738045516168
1,7583,100.94638234353691
1,7584,83.24862343235333
1,7585,73.03856853899445
1,7586,65.33482772126857
1,7587,59.60417178941578
1,7588,55.12327991919
1,7589,51.357090642294175
1,7590,47.8646187513296
1,7591,3.357802487331796e-08
1,7592,4.216736416139957e-08
1,7593,5.6472320405620124e-08
1,7594,8.503931868869595e-08
1,7595,1.7046669706626688e-07
1,7596,35.9907223647336
1,7597,34.93217118948392
1,7598,31.579902106987088
1,7599,2.3744299883603757e-08
1,7600,1.5436770766912174e-08
1,7601,1.5435990135081635e-08
1,7602,3.702083813553143e-08
1,7603,4.130874149732881e-08
1,7604,1.0404235499788389e-07
1,7605,8.296002191410061e-08
1,7606,7.052355875333555e-08
1,7607,6.207832385684078e-08
1,7608,5.585115692321427e-08
1,7609,5.10055252463473e-08
1,7610,4.7087867611652734e-08
1,7611,4.3828397137514e-08
1,7612,4.1055169165848016e-08
1,7613,3.865238231169415e-08
1,7614,3.653921619847035e-08
1,7615,3.465609583473185e-08
1,7616,3.295939739825915e-08
1,7617,3.1415125896494533e-08
1,7618,2.9996592981264855e-08
1,7619,2.8681909849296807e-08
1,7620,2.7463585584510005e-08
1,7621,2.629461438067462e-08
1,7622,2.5184817050881767e-08
1,7623,2.411950406559416e-08
1,7624,2.307914263769106e-08
1,7625,2.2043872545381507e-08
1,7626,2.0983642696608415e-08
1,7627,1.983821185274197e-08
1,7628,1.8415441452342813e-08
1,7629,8.250587392977205e-08
1,7630,5.175207951352431e-08
1,7631,4.1150975198117894e-08
1,7632,3.421684500024187e-08
1,7633,2.765742494391943e-08
1,7634,573.7889107349237
1,7635,619.7952297343395
1,7636,657.0266661267958
1,7637,2.1774765823293356e-08
1,7638,2.1775828092299838e-08
1,7639,2.343135283703105e-08
1,7640,2.470122617990043e-08
1,7641,2.4853527835569253e-08
1,7642,1315.763392906758
1,7643,6920.312790685383
1,7644,8748.50187863437
1,7645,6061.113065207784
1,7646,2.4050921946931655e-08
1,7647,2.4050707946229324e-08
1,7648,2.4062781314366003e-08
1,7649,2.631370174397329e-08
1,7650,2.890345646399924e-08
1,7651,3.1949773726558275e-08
1,7652,3.560562965406117e-08
1,7653,4.0096800418110796e-08
1,7654,4.575119597860738e-08
1,7655,1726.2078188594123
1,7656,7451.213156241789
1,7657,10124.183316009818
1,7658,10840.102573679918
1,7659,10193.898357901087
1,7660,14022.58468180066
1,7661,22818.40569922373
1,7662,8005.066608385052
1,7663,1.714882893409089e-08
1,7664,1.714882775753841e-08
1,7665,1.7148901125221594e-08
1,7666,1.7148993686939026e-08
1,7667,1.7149256047161278e-08
1,7668,1.714927873678869e-08
1,7669,1.7149052826538846e-08
1,7670,1.714899036341891e-08
1,7671,1.7148965586536298e-08
1,7672,1.7148914278277848e-08
1,7673,1.714883612565472e-08
1,7674,1.7148955667255325e-08
1,7675,1.71490266970632e-08
1,7676,1.714908117878141e-08
1,7677,1.717269480174365e-08
1,7678,2.135717624339746e-08
1,7679,2.4293836372329432e-08
1,7680,2.8122428274092486e-08
1,7681,3.332176165304527e-08
1,7682,4.078774002230036e-08
1,7683,5.2415284494969296e-08
1,7684,7.302512705292872e-08
1,7685,1.7149511444823526e-08
1,7686,1.714916193726413e-08
1,7687,1.7149100970614243e-08
1,7688,1.714908715611335e-08
1,7689,1.714911899563799e-08
1,7690,1.7149152823867244e-08
1,7691,1.7149171397158478e-08
1,7692,1.7149180520109895e-08
1,7693,1.7149181938503835e-08
1,7694,1.7149146498624993e-08
1,7695,1.7149110309121993e-08
1,7696,1.7149057234677875e-08
1,7697,1.7148973760878577e-08
1,7698,1.7149072018055712e-08
1,7699,1.714911565505863e-08
1,7700,1.714914468313862e-08
1,7701,1.7149172321085076e-08
1,7702,1.714939354550461e-08
1,7703,1.9033937615885193e-08
1,7704,2.135774941587482e-08
1,7705,2.4294394556646884e-08
1,7706,2.8122842274039142e-08
1,7707,3.3321436677084685e-08
1,7708,1.7150258406811502e-08
1,7709,1.7149186786574836e-08
1,7710,1.7149059413517666e-08
1,7711,1.7148948679020058e-08
1,7712,1.7148832852045175e-08
1,7713,1.7148979790076037e-08
1,7714,1.7149005699960084e-08
1,7715,1.714939972196383e-08
1,7716,1.903432719975478e-08
1,7717,2.1358164350417303e-08
1,7718,1.714906742850933e-08
1,7719,1.7148908045822974e-08
1,7720,1.7148852343936864e-08
1,7721,1.714882679289663e-08
1,7722,1.714881987519888e-08
1,7723,1.7149035891873506e-08
1,7724,3.786195013393489e-08
1,7725,2.5667663234856544e-08
1,7726,4.6210984768223e-08
1,7727,30068.446067927514
1,7728,39563.4081763931
1,7729,43007.358537884065
1,7730,43853.53424366399
1,7731,42704.80783113697
1,7732,39909.23655225342
1,7733,34139.395176051665
1,7734,1593.63737540413
1,7735,1.7149505507742593e-08
1,7736,1.7148852482416587e-08
1,7737,1.714899036223984e-08
1,7738,1.714922133346411e-08
1,7739,1.7149351614070292e-08
1,7740,1.9031417482745343e-08
1,7741,2.1354395773488647e-08
1,7742,1.7149424063454566e-08
1,7743,1.7149202968824197e-08
1,7744,1.714920650948968e-08
1,7745,1.7149224191770015e-08
1,7746,1.7149260669125304e-08
1,7747,1.714935708822739e-08
1,7748,1.7149561850937677e-08
1,7749,2.135740962507082e-08
1,7750,2.4294723226643512e-08
1,7751,2.8123735076862323e-08
1,7752,3.3324736129165865e-08
1,7753,4.0792473492860316e-08
1,7754,5.2421497383307045e-08
1,7755,7.303917787917287e-08
1,7756,1.7152940922997816e-08
1,7757,1.714966940629363e-08
1,7758,1.7149587749972926e-08
1,7759,1.714899467054079e-08
1,7760,1.714866418497986e-08
1,7761,1.7149602540272716e-08
1,7762,1.7149650436174235e-08
1,7763,1.7149661216813176e-08
1,7764,1.7149673494613345e-08
1,7765,1.7149667175283385e-08
1,7766,1.714960979443906e-08
1,7767,1.714870313276095e-08
1,7768,1.7148632109559932e-08
1,7769,1.714862567902132e-08
1,7770,1.714867099629705e-08
1,7771,1.714944690460601e-08
1,7772,1.7149384248992753e-08
1,7773,1.714924146306319e-08
1,7774,1.7149058012409975e-08
1,7775,8.846092373748099e-08
1,7776,6.058241044889807e-08
1,7777,5.1808576230646074e-08
1,7778,4.728175445157872e-08
1,7779,4.4345608616650997e-08
1,7780,4.2079504672082704e-08
1,7781,4.003102575042273e-08
1,7782,3.790117713454316e-08
1,7783,3.54224834249624e-08
1,7784,3.224871967795638e-08
1,7785,2.761189926265859e-08
1,7786,233.98924037179563
1,7787,3636.7769468190104
1,7788,8182.596667441574
1,7789,9804.865002807563
1,7790,2333.0330720131365
1,7791,2.3345038543637982e-08
1,7792,2.3345106434053764e-08
1,7793,2.5274171302483092e-08
1,7794,2.7187239590079055e-08
1,7795,2.90085712455463e-08
1,7796,3.0593983066201614e-08
1,7797,3.1709725291073203e-08
1,7798,3.197601835913086e-08
1,7799,3.0649327317075e-08
1,7800,3959.0388474574806
1,7801,7102.221811852294
1,7802,8945.017148929017
1,7803,8738.197765172903
1,7804,9144.209969608582
1,7805,6595.3651584358995
1,7806,5480.882426417522
1,7807,6.946685844318266e-08
1,7808,9.308806615373534e-08
1,7809,1.4034194396311665e-07
1,7810,2.821302296806584e-07
1,7811,10295.337737939237
1,7812,15087.741352896617
1,7813,9833.649994130768
1,7814,1.7668417708220288e-08
1,7815,1.823216915833439e-08
1,7816,1.8635858880636832e-08
1,7817,1.8976370372374943e-08
1,7818,1.9282156819821203e-08
1,7819,1.9565435820016692e-08
1,7820,1.9832796803900512e-08
1,7821,2.008871791095394e-08
1,7822,2.653450832945252e-08
1,7823,3.181515268854733e-08
1,7824,3.962671208940086e-08
1,7825,5.2376856263296407e-08
1,7826,7.695101643276315e-08
1,7827,1.4424407136090435e-07
1,7828,1.1463967463684437e-06
1,7829,2.3447366360996696e-08
1,7830,2.4930675244086903e-08
1,7831,2.6491639226091236e-08
1,7832,2.8167496823926566e-08
1,7833,3.000127484955445e-08
1,7834,3.204306385292481e-08
1,7835,3.435723943721007e-08
1,7836,3.703237900979896e-08
1,7837,4.01959751138018e-08
1,7838,4.404195963791425e-08
1,7839,1.5995085829969676e-08
1,7840,1.5995168679170267e-08
1,7841,1.5995042021872878e-08
1,7842,2.265969775846425e-08
1,7843,2.6231032707246864e-08
1,7844,3.1085139147905497e-08
1,7845,4.8893625781551084e-08
1,7846,4.889462596338812e-08
1,7847,4.889605863641266e-08
1,7848,6.812375457941947e-08
1,7849,1.1157330441907427e-07
1,7850,3.027614079562004e-07
1,7851,4752.610259544675
1,7852,1838.2140184365505
1,7853,5.217409348399213e-08
1,7854,5.605427805409802e-08
1,7855,6.077212755071511e-08
1,7856,6.540993311075186e-08
1,7857,5.186122175689014e-08
1,7858,8.452205453357607e-08
1,7859,9.989058003408949e-08
1,7860,1.2656187053409975e-07
1,7861,1.9306190592331598e-07
1,7862,1.5433956317427956e-08
1,7863,1.6389724838919174e-08
1,7864,1.5433947322641094e-08
1,7865,1.5433912560547852e-08
1,7866,1.5434120938972434e-08
1,7867,2.787361376792354e-08
1,7868,3.3616554954305964e-08
1,7869,4.22317181151993e-08
1,7870,895.0700591795115
1,7871,1501.025447573694
1,7872,1808.8186794607357
1,7873,2030.9102332097418
1,7874,3027.951274147008
1,7875,3350.792485893348
1,7876,3687.326703636208
1,7877,4243.503935785808
1,7878,4753.709252086816
1,7879,1.5068029509511532e-08
1,7880,1.5067988319852766e-08
1,7881,1.5067990205322695e-08
1,7882,1.5068008210202306e-08
1,7883,1.506803183785772e-08
1,7884,1.506827778340477e-08
1,7885,1.5068400575175825e-08
1,7886,1.67238621538226e-08
1,7887,1.5068032749146587e-08
1,7888,1.5068014565419358e-08
1,7889,1.50680252412583e-08
1,7890,2.70901240625215e-08
1,7891,2.9845624562451503e-08
1,7892,3.311500630477025e-08
1,7893,3.7123071220017206e-08
1,7894,2648.1494086456955
1,7895,7155.483858410672
1,7896,8156.408372826065
1,7897,7626.694580332024
1,7898,13422.19427543377
1,7899,13608.930616960417
1,7900,12882.215753995735
1,7901,12044.292616272476
1,7902,7637.292729995265
1,7903,2.3585196347908783e-08
1,7904,1.127284181047358e-08
1,7905,1.1272833202067572e-08
1,7906,1.1272831008396234e-08
1,7907,1.1272832104111278e-08
1,7908,1.1272871717736498e-08
1,7909,1.1272891682165845e-08
1,7910,1.2511455121694105e-08
1,7911,1.1272923808233263e-08
1,7912,1.127283795925702e-08
1,7913,1.127282599742894e-08
1,7914,1.1272842173926947e-08
1,7915,2.2716810172952696e-08
1,7916,2.3483625941966775e-08
1,7917,2.421571567873688e-08
1,7918,2.493260037884825e-08
1,7919,3683.2618402974795
1,7920,9616.382800554
1,7921,11755.917993165338
1,7922,11915.555135715957
1,7923,10961.089762282192
1,7924,17342.82963549214
1,7925,17198.603708454782
1,7926,2708.021337049069
1,7927,1.1291112886342212e-08
1,7928,1.1291113559411533e-08
1,7929,1.1291124121727732e-08
1,7930,1.1291197820882014e-08
1,7931,1.8515684090616058e-08
1,7932,2.193893089418741e-08
1,7933,2.6854428665941513e-08
1,7934,3.450962217109622e-08
1,7935,1.1291131622895658e-08
1,7936,1.1291112910267505e-08
1,7937,1.1291108652857989e-08
1,7938,1.1291131003391007e-08
1,7939,4.4932410410100133e-08
1,7940,3.127818009468226e-08
1,7941,2.5460006588593864e-08
1,7942,2.1325516853061208e-08
1,7943,1.7170571094110966e-08
1,7944,3308.5834048707284
1,7945,8146.838678428373
1,7946,11251.192030905742
1,7947,11430.15043552183
1,7948,10801.898160512119
1,7949,7709.7280886524395
1,7950,1.4631890698686237e-08
1,7951,1.4624888706396154e-08
1,7952,1.4624866621331731e-08
1,7953,1.4624871370435403e-08
1,7954,1.6230449914394693e-08
1,7955,1.8210083604852184e-08
1,7956,2.0711261617765427e-08
1,7957,2.397110304315633e-08
1,7958,2.839612162137514e-08
1,7959,3.4746836139284325e-08
1,7960,4.463012245809253e-08
1,7961,1.4626974183716841e-08
1,7962,5.500816532492118e-08
1,7963,5.391031805277775e-08
1,7964,5.593882343701953e-08
1,7965,6.084878509874091e-08
1,7966,6.965597163942263e-08
1,7967,432.1511849527473
1,7968,3433.5508583972614
1,7969,7898.265084452124
1,7970,8897.321671111802
1,7971,7264.857580352971
1,7972,6608.67079427177
1,7973,5947.896452979235
1,7974,5059.939609208043
1,7975,3550.025574484488
1,7976,1889.4181655617942
1,7977,2642.692471092356
1,7978,3707.4609712817114
1,7979,3842.3254494105377
1,7980,5170.051774699945
1,7981,6611.40397253906
1,7982,3642.6514789063426
1,7983,1.5433917700430173e-08
1,7984,1.543385236174519e-08
1,7985,1.543386951239885e-08
1,7986,1.5433867279718256e-08
1,7987,1.5433912509014367e-08
1,7988,2.3772931466697206e-08
1,7989,2.7875143273649577e-08
1,7990,3.3618601700806275e-08
1,7991,4.223490792009196e-08
1,7992,613.4257672827143
1,7993,2125.7374804577053
1,7994,2825.358845202505
1,7995,6849.2564003503985
1,7996,9375.559795628778
1,7997,5803.989571103205
1,7998,1.543396786391682e-08
1,7999,1.543388861511278e-08
1,8000,1.5433868156749722e-08
1,8001,1.9220096645709958e-08
1,8002,2.1864718751479876e-08
1,8003,2.5310612197435283e-08
1,8004,998.722496180011
1,8005,298.5703223407339
1,8006,4.717427483849889e-08
1,8007,2.3773222745735584e-08
1,8008,2.787352875302911e-08
1,8009,3.3617545643255026e-08
1,8010,4.2234299884002765e-08
1,8011,5.6595406038079295e-08
1,8012,1544.5597229862935
1,8013,2801.3588526485846
1,8014,4064.0997471033547
1,8015,6397.210323780443
1,8016,7290.855996367767
1,8017,7121.716547548238
1,8018,6778.403009203088
1,8019,6273.073239604436
1,8020,6169.588327951676
1,8021,6886.246460664226
1,8022,3750.129988397945
1,8023,1.7390056241019377e-08
1,8024,1.6322943967313384e-09
1,8025,1.6322870834446367e-09
1,8026,1.6322868943839182e-09
1,8027,1.6322867731002351e-09
1,8028,1.6322872570408628e-09
1,8029,1.63228810605862e-09
1,8030,1.6322874618299243e-09
1,8031,1.632287070738719e-09
1,8032,1.6322867563179713e-09
1,8033,1.6322866775934587e-09
1,8034,1.6322871381659297e-09
1,8035,4.343376199091107e-08
1,8036,2.2762575836177688e-08
1,8037,1.6809247721813285e-08
1,8038,1.26173378530996e-08
1,8039,2807.4091779626324
1,8040,12046.117042498085
1,8041,15623.15745191664
1,8042,17019.457966104383
1,8043,16762.41240544893
1,8044,13745.836617639183
1,8045,7177.271551588096
1,8046,1.0427133303639286e-08
1,8047,1.1572845005338518e-08
1,8048,1.04271229738709e-08
1,8049,1.0427125345165047e-08
1,8050,1.0427129066650041e-08
1,8051,1.0427134847036654e-08
1,8052,1.0427361771806658e-08
1,8053,3.186752236828335e-08
1,8054,1.0427141658509698e-08
1,8055,1.0427119185592277e-08
1,8056,1.0427114019716209e-08
1,8057,1.0427114394258931e-08
1,8058,1.0427156390738603e-08
1,8059,3.792671621419009e-08
1,8060,2.3907949606350896e-08
1,8061,1.740876104794879e-08
1,8062,2.1452728677624842e-08
1,8063,1996.525196150834
1,8064,10156.60349347944
1,8065,13949.773268120338
1,8066,15385.061384561623
1,8067,16384.558026984556
1,8068,15808.670015959577
1,8069,11352.987670499842
1,8070,147.48315744201156
1,8071,1.3640843065416562e-08
1,8072,1.3640834011810038e-08
1,8073,1.3640835409053565e-08
1,8074,1.4782320094546323e-08
1,8075,1.59384627096045e-08
1,8076,1.708695049617041e-08
1,8077,1.817712631087414e-08
1,8078,1.9130906807283005e-08
1,8079,1.9836981049769543e-08
1,8080,2.013877830400339e-08
1,8081,1.979767095134635e-08
1,8082,1.8318877275339148e-08
1,8083,1269.5359490383553
1,8084,751.7148416943312
1,8085,571.1847280294538
1,8086,482.78287124943097
1,8087,455.3198694383241
1,8088,2311.3728278997396
1,8089,7424.657626986015
1,8090,11363.681472588898
1,8091,12873.082041202753
1,8092,10812.972228569755
1,8093,3062.0723506502154
1,8094,354.51430382253426
1,8095,333.6432571838008
1,8096,334.00702844386217
1,8097,333.53813766429056
1,8098,328.47808062292967
1,8099,325.68297657422823
1,8100,335.69111934157945
1,8101,338.4699911859661
1,8102,324.0914262612606
1,8103,2.377118431647201e-08
1,8104,2.787169678779232e-08
1,8105,3.361328648691361e-08
1,8106,4.222612269325993e-08
1,8107,5.65804791220325e-08
1,8108,8.528535077862007e-08
1,8109,1.7136607910242497e-07
1,8110,354.2469891738273
1,8111,367.0016347021732
1,8112,375.03126743061347
1,8113,387.68031554818054
1,8114,395.84874104904384
1,8115,396.4710682988474
1,8116,396.6412751589121
1,8117,392.01121437902196
1,8118,385.22839972745453
1,8119,378.80790698880134
1,8120,373.58351389274304
1,8121,368.68724040405573
1,8122,363.5644237621704
1,8123,336.89833032923303
1,8124,300.8310818122901
1,8125,83.02602548305327
1,8126,1.543470005248976e-08
1,8127,1.6384796954196034e-08
1,8128,1.829668348914907e-08
1,8129,2.068614639114542e-08
1,8130,2.3759665381919742e-08
1,8131,2.7857159287662027e-08
1,8132,3.359286350974785e-08
1,8133,4.2194567261381324e-08
1,8134,5.652514213502568e-08
1,8135,175.9436927339258
1,8136,412.89384707555536
1,8137,433.1362414061422
1,8138,466.90082658189374
1,8139,477.0436192811019
1,8140,489.47773126448493
1,8141,496.926392348364
1,8142,494.85473482141015
1,8143,490.7515247883812
1,8144,490.18471674451916
1,8145,489.7347432960799
1,8146,486.9475967043287
1,8147,458.855074440203
1,8148,475.0998387043888
1,8149,497.5960190556791
1,8150,488.34383383953497
1,8151,355.6077028609223
1,8152,2.7873242375102934e-08
1,8153,3.3615089598799757e-08
1,8154,4.2228825696960786e-08
1,8155,5.6585321881330185e-08
1,8156,8.529669090292136e-08
1,8157,1.7141001902045393e-07
1,8158,600.8729667654273
1,8159,691.9930450412331
1,8160,736.0518940343163
1,8161,791.5261754308568
1,8162,866.0215953211265
1,8163,922.224745746721
1,8164,961.4571833345685
1,8165,970.0734974025847
1,8166,953.3592675099916
1,8167,797.7740416547884
1,8168,1.543397794816593e-08
1,8169,1.543566928876073e-08
1,8170,1.7132016425809712e-08
1,8171,1.922378888102275e-08
1,8172,2.1867327634377188e-08
1,8173,2.5313789827845467e-08
1,8174,1.5435556000235168e-08
1,8175,1.543392199213097e-08
1,8176,1.6390648256674195e-08
1,8177,1.5433977213713825e-08
1,8178,2.0695381362765305e-08
1,8179,2.3772439253039407e-08
1,8180,2.7874366518178923e-08
1,8181,3.361755079961214e-08
1,8182,4.223305174019576e-08
1,8183,5.659723566073466e-08
1,8184,1675.3868634800074
1,8185,2294.2195819073795
1,8186,3234.1347287174654
1,8187,4778.355373666925
1,8188,5772.374833538518
1,8189,6946.40830463189
1,8190,1571.4525822002913
1,8191,1.3087380853649431e-08
1,8192,1.3087355098885916e-08
1,8193,1.3087358519799574e-08
1,8194,1.308737418290583e-08
1,8195,1.308744216080487e-08
1,8196,1.3087569626136114e-08
1,8197,1.3087535142676055e-08
1,8198,1.3087482778135332e-08
1,8199,1.3087444813825562e-08
1,8200,1.3087400176857897e-08
1,8201,1.3087406892616218e-08
1,8202,1.3087506580189748e-08
1,8203,2.325624311075807e-08
1,8204,2.5239371259749404e-08
1,8205,2.7474130441242458e-08
1,8206,3.006246223451328e-08
1,8207,3.31754741929877e-08
1,8208,6976.032336759166
1,8209,12252.499435684083
1,8210,14569.62899692599
1,8211,13112.414104499738
1,8212,19009.78759915554
1,8213,18787.435390326256
1,8214,473.86434956821137
1,8215,1.600763635062558e-08
1,8216,4.281151060992436e-10
1,8217,4.2811501296325943e-10
1,8218,4.2811499778702305e-10
1,8219,4.2811499051572166e-10
1,8220,4.281150096157852e-10
1,8221,4.2811506885822247e-10
1,8222,4.2811502703792946e-10
1,8223,4.2811500277943524e-10
1,8224,4.281149893020293e-10
1,8225,4.281149865251377e-10
1,8226,4.281150297405469e-10
1,8227,3.971022928480505e-08
1,8228,2.072332508113589e-08
1,8229,1.5289580180732676e-08
1,8230,1.1443045621408553e-08
1,8231,2709.510543344031
1,8232,12170.331695885603
1,8233,16393.954490756576
1,8234,17315.55458334062
1,8235,15889.221203866275
1,8236,13984.347394406077
1,8237,6718.742301565739
1,8238,1.3155156056098672e-08
1,8239,3.8406224361164736e-08
1,8240,2.4559951598014086e-10
1,8241,2.455994988104389e-10
1,8242,2.4559949777446467e-10
1,8243,2.455994972526659e-10
1,8244,2.4559950336784674e-10
1,8245,2.455995214454886e-10
1,8246,2.455995108058813e-10
1,8247,2.45599501331606e-10
1,8248,2.4559949657302785e-10
1,8249,2.4559949607200786e-10
1,8250,2.455995211532887e-10
1,8251,3.2181269583878457e-09
1,8252,4.641540902390368e-08
1,8253,2.3008641437618658e-08
1,8254,1.565423562654754e-08
1,8255,4.072385699874123e-08
1,8256,3209.820736733824
1,8257,9256.522231733083
1,8258,13712.399878722672
1,8259,16950.67327572085
1,8260,17418.07916928977
1,8261,12181.827292822252
1,8262,1.7995933247984188e-08
1,8263,1.270243097166752e-08
1,8264,1.2702414641541454e-08
1,8265,1.2702416027810822e-08
1,8266,1.270242049201835e-08
1,8267,1.2702769660044588e-08
1,8268,1.3765144451009003e-08
1,8269,1.4839424856873056e-08
1,8270,1.5903831178600448e-08
1,8271,1.6909676280769134e-08
1,8272,1.778130609587716e-08
1,8273,1.8410404269991488e-08
1,8274,1.8642849386382574e-08
1,8275,1.8236562445405875e-08
1,8276,1.6646049077273593e-08
1,8277,4069.8511950082498
1,8278,6411.093442046196
1,8279,8787.094240336994
1,8280,9218.177455601657
1,8281,9340.543159662664
1,8282,9321.156301158198
1,8283,8821.424747741967
1,8284,9167.984516600045
1,8285,9024.397187246283
1,8286,8143.727229768689
1,8287,2876.2127369052982
1,8288,1.8242878225431037e-08
1,8289,2.096079460913884e-08
1,8290,1.537085554557534e-08
1,8291,1.5370809825389754e-08
1,8292,1.5370809268775606e-08
1,8293,1.537080812660758e-08
1,8294,1.537079705983752e-08
1,8295,1.5370787002385146e-08
1,8296,1.5370823165841883e-08
1,8297,1.53708125379755e-08
1,8298,1.537085327800546e-08
1,8299,2.1615501348400893e-08
1,8300,2.4782164813516968e-08
1,8301,2.898110921068932e-08
1,8302,3.481761735549965e-08
1,8303,4.348385477037029e-08
1,8304,5.772563633882729e-08
1,8305,3270.096305725108
1,8306,4543.559040603953
1,8307,6573.7729571747095
1,8308,16344.184526943682
1,8309,14542.34735545657
1,8310,11854.203265867029
1,8311,6399.862434851354
1,8312,1757.2911557281925
1,8313,1.5434028984694515e-08
1,8314,1.543389132668378e-08
1,8315,1.5433860981304927e-08
1,8316,1.5433870188961334e-08
1,8317,1.5433892497935527e-08
1,8318,1.5433887054967877e-08
1,8319,1.5434259044494393e-08
1,8320,1.7129606603142776e-08
1,8321,1.5433934645071867e-08
1,8322,1.5434073211793102e-08
1,8323,2.5310047325423406e-08
1,8324,2.998929087503208e-08
1,8325,3.670862045247519e-08
1,8326,585.2536346269628
1,8327,1379.902077425711
1,8328,1393.8949826294095
1,8329,1373.5095221051674
1,8330,8232.16628323587
1,8331,10953.769264338382
1,8332,11292.480951426109
1,8333,4570.224258157776
1,8334,1306.2616770917446
1,8335,1092.3449185737686
1,8336,933.6555405589567
1,8337,998.3887007983503
1,8338,1088.2010164095204
1,8339,1136.8002866642191
1,8340,1200.4628012307476
1,8341,1193.6294334031238
1,8342,1053.1997443976966
1,8343,2.377242076634882e-08
1,8344,2.7873656323116307e-08
1,8345,3.3616121205125456e-08
1,8346,4.22311434107917e-08
1,8347,5.658964648457351e-08
1,8348,8.53067327197596e-08
1,8349,1.7147101217192848e-07
1,8350,1246.428595831119
1,8351,1672.6402735147822
1,8352,2044.8147073068621
1,8353,2859.032163149208
1,8354,3387.9906293391527
1,8355,3596.9509256885935
1,8356,3552.3594339090564
1,8357,3738.6463812143957
1,8358,5066.901945196566
1,8359,202.8778705563949
1,8360,1.308739687007007e-08
1,8361,1.3087378829139043e-08
1,8362,1.3087377990528992e-08
1,8363,1.3087373891723008e-08
1,8364,1.3087380149565152e-08
1,8365,1.3087377492195792e-08
1,8366,1.3087423539605452e-08
1,8367,1.3087450188569791e-08
1,8368,1.3087414171205909e-08
1,8369,1.308740038932256e-08
1,8370,1.3087482930619897e-08
1,8371,2.3071885840646547e-08
1,8372,2.4784823753269642e-08
1,8373,2.6633072659456225e-08
1,8374,2.8673801652565593e-08
1,8375,3089.946584226183
1,8376,9992.566609098092
1,8377,11708.183338340898
1,8378,10500.365753633914
1,8379,9604.705223844936
1,8380,23905.226474641808
1,8381,14631.273781133612
1,8382,1.3506109031619727e-08
1,8383,1.350575003280713e-08
1,8384,1.3505745514231945e-08
1,8385,1.3505746141968063e-08
1,8386,1.3505775136354775e-08
1,8387,2.2146817478727846e-08
1,8388,2.6241955590446868e-08
1,8389,3.212156674300265e-08
1,8390,1.3510290907971687e-08
1,8391,1.35057669223866e-08
1,8392,1.3505758317170519e-08
1,8393,1.350577289684879e-08
1,8394,4.3876483780918684e-08
1,8395,3.043930596710359e-08
1,8396,2.326838862131767e-08
1,8397,5.662079569274158e-07
1,8398,2.8814033327861574e-07
1,8399,2.1561563624464394e-07
1,8400,1.7898888809026728e-07
1,8401,1.5598464026895164e-07
1,8402,1.3983261661570196e-07
1,8403,1.276907471615301e-07
1,8404,1.1813365046753896e-07
1,8405,1.1035630297099783e-07
1,8406,1.0386611503029072e-07
1,8407,9.833464684899391e-08
1,8408,9.35582582784996e-08
1,8409,8.93835292950523e-08
1,8410,8.568221892841371e-08
1,8411,8.237350111072643e-08
1,8412,7.939290620233492e-08
1,8413,7.668776123529602e-08
1,8414,7.421701600625276e-08
1,8415,2.291351752660889e-08
1,8416,2.631191695477521e-08
1,8417,3.08342573769744e-08
1,8418,3.715046135250379e-08
1,8419,4.6595586598945874e-08
1,8420,6.226671702291191e-08
1,8421,6.067047334194894e-08
1,8422,5.9176157340376815e-08
1,8423,5.777390504165729e-08
1,8424,5.645550593218185e-08
1,8425,5.521257514732984e-08
1,8426,5.403339608438338e-08
1,8427,5.291656115900015e-08
1,8428,5.185538145036669e-08
1,8429,5.0846280004212044e-08
1,8430,4.988508158740605e-08
1,8431,4.89671615708863e-08
1,8432,3.075643035385851e-08
1,8433,3.704056691247959e-08
1,8434,4.642683338515046e-08
1,8435,4.56439317539985e-08
1,8436,4.489167939286762e-08
1,8437,4.416804699819345e-08
1,8438,4.3470141221681744e-08
1,8439,1.8828849925517827e-08
1,8440,2.108951122360681e-08
1,8441,2.3928398961643905e-08
1,8442,2.7601606268408288e-08
1,8443,3.254251215796842e-08
1,8444,3.9544354533411336e-08
1,8445,3.894650177458937e-08
1,8446,3.8368032924308187e-08
1,8447,3.7810070870178316e-08
1,8448,4.7483889392173156e-08
1,8449,6.359046515175119e-08
1,8450,9.576310757927493e-08
1,8451,1.9211596851787058e-07
1,8452,747.2209607704623
1,8453,92.58674974004003
1,8454,3.532749648360172e-08
1,8455,3.5324362509198484e-08
1,8456,3.532216594749968e-08
1,8457,3.5320125769550137e-08
1,8458,3.531817359255044e-08
1,8459,3.531624381179982e-08
1,8460,3.531434687803822e-08
1,8461,3.531228350761508e-08
1,8462,3.531012420938251e-08
1,8463,3.53080524457641e-08
1,8464,3.5306087693503206e-08
1,8465,3.5304100394038405e-08
1,8466,3.530218840422551e-08
1,8467,3.5300314863772415e-08
1,8468,3.5298450439331843e-08
1,8469,3.529656698992141e-08
1,8470,3.529469885700119e-08
1,8471,3.529291934093896e-08
1,8472,3.5291245178502675e-08
1,8473,3.528980660205829e-08
1,8474,3.528866247443931e-08
1,8475,3.52866416989856e-08
1,8476,3.528445915263953e-08
1,8477,3.5282204038805686e-08
1,8478,3.527997670889257e-08
1,8479,3.527789315242068e-08
1,8480,3.5275954325656345e-08
1,8481,3.527407615067264e-08
1,8482,3.527220472763251e-08
1,8483,3.527025132835749e-08
1,8484,3.5268453312350305e-08
1,8485,3.526670822121138e-08
1,8486,3.526478663047654e-08
1,8487,3.5262583070828695e-08
1,8488,3.5253338946692554e-08
1,8489,2.1723628748700777e-08
1,8490,2.494661371758256e-08
1,8491,2.9242427685032316e-08
1,8492,3.525323870512051e-08
1,8493,3.525279485009833e-08
1,8494,3.525117653531575e-08
1,8495,3.524959565547953e-08
1,8496,3.524822969397032e-08
1,8497,3.524772358916192e-08
1,8498,3.5247238071048847e-08
1,8499,3.524383121207965e-08
1,8500,3.524161915729443e-08
1,8501,3.523956300826084e-08
1,8502,3.5237657428874606e-08
1,8503,3.5235239235157235e-08
1,8504,1.6224253101885085e-08
1,8505,1.7661304327396107e-08
1,8506,1.9235774545335192e-08
1,8507,2.0990487354010854e-08
1,8508,2.2969583599342642e-08
1,8509,2.5230051986026866e-08
1,8510,2.6056562260222318e-08
1,8511,2.4652290348805092e-08
1,8512,2.3303223414760478e-08
1,8513,2.197072730000739e-08
1,8514,2.0591848509752403e-08
1,8515,1.900236403776226e-08
1,8516,3.610614011018734e-08
1,8517,2.976399292286267e-08
1,8518,2.3460395343454367e-08
1,8519,8426.931061547679
1,8520,17951.867226222097
1,8521,21641.952591041456
1,8522,20666.74581259356
1,8523,19194.34477132903
1,8524,22546.18381257253
1,8525,21030.380572864913
1,8526,8321.9161825924
1,8527,3.546908774509688e-08
1,8528,1.8895720983809792e-08
1,8529,2.1094537765303247e-08
1,8530,2.3022857413518776e-08
1,8531,2.4964359501591487e-08
1,8532,2.7035964356365746e-08
1,8533,2.932948766861372e-08
1,8534,3.194916741782337e-08
1,8535,3.503477186325417e-08
1,8536,3.879644965766485e-08
1,8537,1.700231513426662e-08
1,8538,1.954161440500537e-08
1,8539,2.285558659433407e-08
1,8540,2.7430176883997602e-08
1,8541,3.419598822207074e-08
1,8542,4.5275342780731374e-08
1,8543,6.683386842917674e-08
1,8544,7.359198297678267e-08
1,8545,8.257342734036422e-08
1,8546,9.536380120815776e-08
1,8547,1.1576188809842231e-07
1,8548,1.563935160285091e-07
1,8549,3.172619531134472e-07
1,8550,1.3089312621503767e-08
1,8551,1.3087445819841512e-08
1,8552,1.3087381963130455e-08
1,8553,1.3087380244343057e-08
1,8554,1.3087386972884799e-08
1,8555,1.3087391630532628e-08
1,8556,1.3087406634903055e-08
1,8557,1.3087434863368695e-08
1,8558,1.3087441213993135e-08
1,8559,1.3087440982016222e-08
1,8560,1.3087442208663925e-08
1,8561,1.308752062958982e-08
1,8562,3.5674139888533995e-08
1,8563,2.2240303855564005e-08
1,8564,1047.7853907909464
1,8565,652.2896967279012
1,8566,489.6046513294226
1,8567,414.98650917747585
1,8568,380.0731039768971
1,8569,368.4143365953021
1,8570,365.0237581109089
1,8571,412.4228767441384
1,8572,299.2486969926707
1,8573,251.03023394810762
1,8574,229.2373344021175
1,8575,193.1228634400749
1,8576,8.526268293845385e-08
1,8577,1.712566315602499e-07
1,8578,184.3781648891491
1,8579,183.9789216084954
1,8580,179.4687294900261
1,8581,172.6289354104946
1,8582,147.77256216037873
1,8583,1.6388646940437032e-08
1,8584,1.543572401279643e-08
1,8585,1.5434199393003764e-08
1,8586,2.2939777141662876e-08
1,8587,2.5652000712199672e-08
1,8588,2.8997108908522615e-08
1,8589,3.325340774637688e-08
1,8590,1.2424762677622203e-07
1,8591,1.0573490323554269e-07
1,8592,9.331978268996635e-08
1,8593,8.425302029713198e-08
1,8594,7.725334730421479e-08
1,8595,7.163510050409486e-08
1,8596,6.699405681690482e-08
1,8597,6.307416927203827e-08
1,8598,5.97042519165158e-08
1,8599,5.6765051307116775e-08
1,8600,5.41705928273228e-08
1,8601,5.1857102681759784e-08
1,8602,4.977658118008471e-08
1,8603,4.789100136748934e-08
1,8604,4.617139656277428e-08
1,8605,4.459302157625722e-08
1,8606,4.3136654180951476e-08
1,8607,1.6721368498383803e-08
1,8608,1.8242161474665445e-08
1,8609,1.9958769856365195e-08
1,8610,2.1930061537610377e-08
1,8611,2.4230809360307456e-08
1,8612,2.6966030338496105e-08
1,8613,3.02912163739776e-08
1,8614,2.8733869242166904e-08
1,8615,2.729497445490785e-08
1,8616,2.5949015967946548e-08
1,8617,2.467275639103002e-08
1,8618,2.3442559609703178e-08
1,8619,2.223601420008693e-08
1,8620,1.1893505731894204e-07
1,8621,1.949082517869495e-07
1,8622,7.454541976589964e-07
1,8623,1.9224238935075885e-08
1,8624,1.8929194349216185e-08
1,8625,1.860065267540327e-08
1,8626,1.8211691837384655e-08
1,8627,1.7671250164677982e-08
1,8628,1.560215051841791e-07
1,8629,1.3422073573326272e-07
1,8630,1.633875116618564e-07
1,8631,2.7781648982136203e-07
1,8632,10.765507995236971
1,8633,1.872878799999593e-08
1,8634,7.087305306798203e-08
1,8635,4.696554982856001e-08
1,8636,3.63908880298547e-08
1,8637,2.7733959422222008e-08
1,8638,10638.409143810362
1,8639,30663.29770138634
1,8640,37970.11386723184
1,8641,40349.23224219691
1,8642,40910.95352262288
1,8643,40885.04043991462
1,8644,41099.26904282062
1,8645,40432.75568604866
1,8646,40175.42869576108
1,8647,38674.252924278844
1,8648,36587.03306148871
1,8649,36609.89820569495
1,8650,38073.60390101588
1,8651,37216.66464788844
1,8652,37240.95479383844
1,8653,37311.60739829424
1,8654,31596.201472058143
1,8655,19851.90451402847
1,8656,2.7668598879770326e-08
1,8657,2.7374892260252485e-08
1,8658,2.737487526397397e-08
1,8659,2.737488754008346e-08
1,8660,2.7375057273502267e-08
1,8661,3.037468844552772e-08
1,8662,1289.8891634932265
1,8663,4613.235956880389
1,8664,7520.912528325383
1,8665,7895.415592814921
1,8666,1993.4441513490972
1,8667,1.0669499339635818e-07
1,8668,3.4765897238402685e-07
1,8669,2.1936083413249033e-08
1,8670,3.4079247315490146e-08
1,8671,7.567624104245379e-08
1,8672,1.3087391142958441e-08
1,8673,1.30873859526946e-08
1,8674,1.308738429587105e-08
1,8675,1.3087381257194562e-08
1,8676,1.308741450268717e-08
1,8677,1.308777352824568e-08
1,8678,1.3087442401304628e-08
1,8679,1.308740587336792e-08
1,8680,1.3087387280388252e-08
1,8681,1.3087386288783721e-08
1,8682,1.3087431362656063e-08
1,8683,2.7779774021294913e-08
1,8684,2.499628026696597e-08
1,8685,2.2163044350831477e-08
1,8686,1.8610425447614706e-08
1,8687,677.7061754546324
1,8688,7776.31225899446
1,8689,11930.16128820833
1,8690,15638.499073049827
1,8691,16427.900668566195
1,8692,16227.645769499914
1,8693,10492.221963842787
1,8694,1.796580166105798e-08
1,8695,1.5433878444205424e-08
1,8696,1.5433824905763434e-08
1,8697,1.5433824941616644e-08
1,8698,1.5433833766224423e-08
1,8699,1.5433855218275713e-08
1,8700,1.6392253119411446e-08
1,8701,1.8305648324384448e-08
1,8702,2.069697851269159e-08
1,8703,2.3772529274989533e-08
1,8704,1.543456383876168e-08
1,8705,1.5435369004442444e-08
1,8706,4.223032008038096e-08
1,8707,5.6586969622850506e-08
1,8708,168.21828535171096
1,8709,610.2129350421536
1,8710,581.7002019415114
1,8711,622.0511572910542
1,8712,2755.964519049874
1,8713,8807.836228145828
1,8714,10928.43536079116
1,8715,11926.232581627362
1,8716,10049.612184191965
1,8717,2319.9797485255917
1,8718,481.71925227904165
1,8719,447.7166416601028
1,8720,341.0123023292502
1,8721,407.7853317033574
1,8722,445.86640572737474
1,8723,458.9689310486511
1,8724,468.3946646141469
1,8725,466.44260305176624
1,8726,423.23150338049686
1,8727,3.36080585487073e-08
1,8728,4.22168148601573e-08
1,8729,5.656396445619051e-08
1,8730,8.524965203969255e-08
1,8731,1.712267518085009e-07
1,8732,408.73846702118715
1,8733,519.6021001018601
1,8734,539.5430867025091
1,8735,597.0134727751546
1,8736,2676.341971849992
1,8737,5337.092009279122
1,8738,5094.309770892225
1,8739,3229.5600163123777
1,8740,927.5337444699051
1,8741,698.4376423450492
1,8742,668.6612008503628
1,8743,317.50618373562963
1,8744,5.658122277740714e-08
1,8745,8.528799398668731e-08
1,8746,1.7137749658960636e-07
1,8747,475.1388811950439
1,8748,1129.7810016321412
1,8749,1237.5837686465468
1,8750,1.5433925689338306e-08
1,8751,1.5433874373426066e-08
1,8752,1.543389168730128e-08
1,8753,1.5433887501201774e-08
1,8754,1.5433926548737934e-08
1,8755,2.3772602816145066e-08
1,8756,2.7875317710340797e-08
1,8757,3.3618850391936084e-08
1,8758,4.223493652294447e-08
1,8759,5.660171112061366e-08
